####
#
# OBJ File Generated by Meshlab
#
####
# Object SCX900_upper_part.obj
#
# Vertices: 6160
# Faces: 11930
#
####
vn -1.570794 1.570797 -1.570796
v -2162.406250 1492.800049 345.000458
vn -1.570796 -1.570797 -1.570758
v -2162.406250 1491.800049 345.000458
vn -1.570794 -1.570796 1.570758
v -2162.406250 1491.800049 405.000458
vn -1.570796 1.570796 1.570796
v -2162.406250 1492.800049 405.000458
vn 1.570796 1.570796 -1.570758
v -1277.404541 1492.800049 345.000458
vn 1.570794 -1.570796 -1.570796
v -1277.404541 1491.800049 345.000458
vn 1.570794 1.570797 1.570758
v -1277.404541 1492.800049 405.000458
vn 1.570796 -1.570797 1.570796
v -1277.404541 1491.800049 405.000458
vn -1.570796 1.570796 1.570758
v -3057.403809 1492.800049 785.000610
vn -1.570794 -1.570796 1.570796
v -3057.403809 1491.800049 785.000610
vn 1.570796 -1.570796 1.570758
v -2172.405762 1491.800049 785.000610
vn 1.570794 1.570796 1.570796
v -2172.405762 1492.800049 785.000610
vn -1.570794 1.570796 -1.570796
v -3057.403809 1492.800049 725.000610
vn -1.570796 -1.570796 -1.570758
v -3057.403809 1491.800049 725.000610
vn 1.570796 1.570796 -1.570758
v -2172.405762 1492.800049 725.000610
vn 1.570794 -1.570796 -1.570796
v -2172.405762 1491.800049 725.000610
vn 1.570796 1.570796 -1.570758
v -2172.405762 1492.800049 345.000458
vn 1.570794 -1.570796 -1.570796
v -2172.405762 1491.800049 345.000458
vn -1.570796 -1.570796 -1.570758
v -3057.403809 1491.800049 345.000458
vn -1.570794 1.570796 -1.570796
v -3057.403809 1492.800049 345.000458
vn 1.570794 1.570796 1.570796
v -2172.405762 1492.800049 405.000458
vn 1.570796 -1.570796 1.570758
v -2172.405762 1491.800049 405.000458
vn -1.570796 1.570796 1.570758
v -3057.403809 1492.800049 405.000458
vn -1.570794 -1.570796 1.570796
v -3057.403809 1491.800049 405.000458
vn 1.570795 -1.570796 1.570801
v -3062.404541 1491.800049 695.000610
vn 1.570796 -1.570796 -1.570796
v -3062.404541 1491.800049 435.000458
vn 1.570795 1.570796 -1.570801
v -3062.404541 1492.800049 435.000458
vn 1.570796 1.570796 1.570796
v -3062.404541 1492.800049 695.000610
vn -1.570796 1.570796 1.570801
v -3267.405762 1492.800049 695.000610
vn -1.570795 -1.570796 1.570796
v -3267.405762 1491.800049 695.000610
vn -1.570795 1.570796 -1.570796
v -3267.405762 1492.800049 435.000458
vn -1.570796 -1.570796 -1.570801
v -3267.405762 1491.800049 435.000458
vn 1.570796 1.570796 -1.570801
v -3062.404541 1492.800049 345.000458
vn 1.570794 -1.570796 -1.570796
v -3062.404541 1491.800049 345.000458
vn -1.570796 -1.570796 -1.570801
v -3267.405762 1491.800049 345.000458
vn -1.570794 1.570796 -1.570796
v -3267.405762 1492.800049 345.000458
vn 1.570794 1.570796 1.570796
v -3062.404541 1492.800049 405.000458
vn 1.570796 -1.570796 1.570801
v -3062.404541 1491.800049 405.000458
vn -1.570796 1.570796 1.570801
v -3267.405762 1492.800049 405.000458
vn -1.570794 -1.570796 1.570796
v -3267.405762 1491.800049 405.000458
vn -1.570794 1.570796 -1.570796
v -372.405701 1492.800049 435.000458
vn -1.570796 -1.570797 -1.570758
v -372.405701 1491.800049 435.000458
vn -1.570794 -1.570796 1.570796
v -372.405701 1491.800049 495.000458
vn -1.570796 1.570797 1.570758
v -372.405701 1492.800049 495.000458
vn 1.570796 1.570797 -1.570758
v 512.596130 1492.800049 435.000458
vn 1.570794 -1.570796 -1.570796
v 512.596130 1491.800049 435.000458
vn 1.570794 1.570796 1.570796
v 512.596130 1492.800049 495.000458
vn 1.570796 -1.570797 1.570758
v 512.596130 1491.800049 495.000458
vn -0.785395 2.617995 -2.931144
v -601.186829 1492.800049 435.000458
vn -0.785397 -2.617995 -2.931157
v -601.186829 1491.800049 435.000458
vn -0.785395 -0.523597 0.210449
v -705.110168 1491.800049 495.000458
vn -0.785397 0.523597 0.210454
v -705.110168 1492.800049 495.000458
vn 1.570796 1.570796 -1.570806
v -382.405090 1492.800049 435.000458
vn 1.570794 -1.570796 -1.570796
v -382.405090 1491.800049 435.000458
vn 1.570794 1.570796 1.570796
v -382.405090 1492.800049 495.000458
vn 1.570796 -1.570796 1.570805
v -382.405090 1491.800049 495.000458
vn 0.785398 3.665191 2.931159
v -609.225159 1492.800049 405.000458
vn 0.785423 -3.665192 2.931190
v -609.225159 1491.800049 405.000458
vn 1.570796 -1.570796 1.570809
v -382.405090 1491.800049 405.000458
vn 1.570794 1.570796 1.570796
v -382.405090 1492.800049 405.000458
vn -0.785367 1.047198 1.360394
v -1260.408936 1492.800049 780.961365
vn -0.785399 -1.047198 1.360350
v -1260.408936 1491.800049 780.961365
vn -2.356186 -2.094394 -1.360350
v -1260.408936 1491.800049 607.755981
vn -2.356193 2.094394 -1.360350
v -1260.408936 1492.800049 607.755981
vn -0.785396 5.759588 0.210446
v -909.225159 1492.800049 405.000458
vn -0.785397 -5.759588 0.210459
v -909.225159 1491.800049 405.000458
vn -1.570796 1.570796 1.570809
v -1267.405151 1492.800049 405.000458
vn -1.570794 -1.570796 1.570796
v -1267.405151 1491.800049 405.000458
vn -1.570794 1.570796 -1.570796
v -1267.405151 1492.800049 345.000458
vn -1.570796 -1.570798 -1.570758
v -1267.405151 1491.800049 345.000458
vn 1.570796 1.570796 -1.570758
v -382.405090 1492.800049 345.000458
vn 1.570794 -1.570796 -1.570796
v -382.405090 1491.800049 345.000458
vn -1.570794 1.570797 -1.570796
v 517.594910 1492.800049 345.000458
vn -1.570796 -1.570796 -1.570773
v 517.594910 1491.800049 345.000458
vn -1.570794 -1.570797 1.570796
v 517.594910 1491.800049 405.000458
vn -1.570796 1.570796 1.570773
v 517.594910 1492.800049 405.000458
vn 1.570796 -1.570796 1.570773
v 1517.594849 1491.800049 405.000458
vn 1.570794 1.570797 1.570796
v 1517.594849 1492.800049 405.000458
vn 1.570796 1.570796 -1.570773
v 1517.594849 1492.800049 345.000458
vn 1.570794 -1.570797 -1.570796
v 1517.594849 1491.800049 345.000458
vn -1.570794 -1.570796 1.570758
v -2162.406250 1491.800049 785.000610
vn 1.570804 -1.570796 1.570796
v -1277.404541 1491.800049 785.000610
vn 1.570796 1.570796 1.570758
v -1277.404541 1492.800049 785.000610
vn -1.570796 1.570796 1.570796
v -2162.406250 1492.800049 785.000610
vn -1.570794 1.570796 -1.570796
v -2162.406250 1492.800049 725.000610
vn -1.570796 -1.570796 -1.570830
v -2162.406250 1491.800049 725.000610
vn -0.785397 3.665190 -2.931181
v -1463.483154 1492.800049 725.000610
vn -0.785392 -3.665190 -2.931139
v -1463.483154 1491.800049 725.000610
vn 0.785412 1.047199 -1.360343
v -1277.404541 1492.800049 617.568359
vn 0.785400 -1.047199 -1.360350
v -1277.404541 1491.800049 617.568359
vn 1.570796 1.570796 -1.570758
v 512.596130 1492.800049 345.000458
vn 1.570794 -1.570796 -1.570796
v 512.596130 1491.800049 345.000458
vn -1.570796 4.712389 -1.570758
v -372.405701 1491.800049 345.000458
vn -1.570794 1.570797 -1.570796
v -372.405701 1492.800049 345.000458
vn 1.570794 1.570797 1.570796
v 512.596130 1492.800049 405.000458
vn 1.570796 -1.570797 1.570758
v 512.596130 1491.800049 405.000458
vn -1.570796 1.570796 1.570758
v -372.405701 1492.800049 405.000458
vn -1.570794 -1.570796 1.570796
v -372.405701 1491.800049 405.000458
vn -1.570795 -1.570796 -1.570758
v -2162.406250 1491.800049 435.000458
vn -1.570796 -1.570796 1.570796
v -2162.406250 1491.800049 695.000610
vn -1.570795 1.570796 1.570814
v -2162.406250 1492.800049 695.000610
vn -1.570796 1.570796 -1.570796
v -2162.406250 1492.800049 435.000458
vn 1.570796 1.570796 -1.570758
v -1277.404541 1492.800049 435.000458
vn 1.570802 -1.570796 -1.570796
v -1277.404541 1491.800049 435.000458
vn 2.356197 2.094393 1.360351
v -1277.404541 1492.800049 582.927063
vn 2.356192 -2.094393 1.360352
v -1277.404541 1491.800049 582.927063
vn 0.785395 2.617996 2.931148
v -1471.522583 1492.800049 695.000610
vn 0.785395 -2.617996 2.931165
v -1471.522583 1491.800049 695.000610
vn 1.570794 1.570796 1.570796
v -3062.404541 1492.800049 785.000610
vn 1.570796 -1.570796 1.570801
v -3062.404541 1491.800049 785.000610
vn 1.570794 -1.570796 -1.570796
v -3062.404541 1491.800049 725.000610
vn 1.570796 1.570796 -1.570801
v -3062.404541 1492.800049 725.000610
vn -1.570796 1.570796 1.570801
v -3267.405762 1492.800049 785.000610
vn -1.570794 -1.570796 1.570796
v -3267.405762 1491.800049 785.000610
vn -1.570794 1.570796 -1.570796
v -3267.405762 1492.800049 725.000610
vn -1.570796 -1.570796 -1.570801
v -3267.405762 1491.800049 725.000610
vn -1.570787 1.570796 -1.570791
v -1267.405151 1492.800049 435.000458
vn -1.570796 -1.570796 -1.570796
v -1267.405151 1491.800049 435.000458
vn -0.785392 -1.047200 1.360351
v -1267.405151 1491.800049 577.153931
vn -0.785416 1.047200 1.360325
v -1267.405151 1492.800049 577.153931
vn 0.785380 -0.523596 -0.210466
v -1021.186829 1491.800049 435.000458
vn 0.785395 0.523596 -0.210445
v -1021.186829 1492.800049 435.000458
vn -1.570794 1.570797 -1.570796
v 517.594910 1492.800049 435.000458
vn -1.570796 -1.570797 -1.570773
v 517.594910 1491.800049 435.000458
vn -1.570794 -1.570796 1.570796
v 517.594910 1491.800049 495.000458
vn -1.570796 1.570796 1.570773
v 517.594910 1492.800049 495.000458
vn 1.570796 1.570796 -1.570773
v 1517.594849 1492.800049 435.000458
vn 1.570794 -1.570796 -1.570796
v 1517.594849 1491.800049 435.000458
vn 1.570794 1.570797 1.570796
v 1517.594849 1492.800049 495.000458
vn 1.570796 -1.570797 1.570773
v 1517.594849 1491.800049 495.000458
vn -1.570795 -1.570796 -1.570758
v -3057.403809 1491.800049 435.000458
vn -1.570796 -1.570796 1.570796
v -3057.403809 1491.800049 695.000610
vn -1.570795 1.570796 1.570758
v -3057.403809 1492.800049 695.000610
vn -1.570796 1.570796 -1.570796
v -3057.403809 1492.800049 435.000458
vn 1.570796 1.570796 -1.570758
v -2172.405762 1492.800049 435.000458
vn 1.570795 -1.570796 -1.570796
v -2172.405762 1491.800049 435.000458
vn 1.570795 1.570796 1.570796
v -2172.405762 1492.800049 695.000610
vn 1.570796 -1.570796 1.570758
v -2172.405762 1491.800049 695.000610
vn 1.411132 -2.025583 2.260801
v 1077.595459 806.000000 1620.000000
vn 1.411132 2.025649 2.260801
v 1077.595459 1491.800049 1620.000000
vn -1.570796 1.570235 1.570796
v -3270.000000 1491.800049 1620.000000
vn -1.570796 -1.570796 1.570796
v -3270.000000 806.000000 1620.000000
vn -1.570796 1.570798 -1.570796
v -3270.000000 1491.800049 70.000000
vn -1.570796 -1.570796 -1.570796
v -3270.000000 806.000000 70.000000
vn 1.570796 -4.712389 1.570796
v 1519.999878 806.000000 340.000000
vn 2.981929 -2.686806 0.690005
v 1519.999878 806.000000 715.236328
vn 1.553837 -1.423718 1.340598
v 2465.000000 806.000000 340.000000
vn 1.553837 -1.717875 -1.800995
v 2425.000000 806.000000 70.000000
vn 2.981929 0.000000 0.690005
v 1519.999878 1491.800049 715.236328
vn 1.553837 0.000000 -1.800995
v 2425.000000 1491.800049 70.000000
vn 1.553837 1.423691 1.340598
v 2465.000000 1491.800049 340.000000
vn 1.570796 4.712389 1.570796
v 1519.999878 1491.800049 340.000000
vn 0.000000 6.283618 0.000000
v -3265.000000 1491.800049 335.000000
vn 0.000000 6.283184 0.000000
v 2459.204834 1491.800049 335.000000
vn 0.000000 6.283186 0.000000
v 2420.686279 1491.800049 75.000000
vn 0.000000 6.283153 0.000000
v -3265.000000 1491.800049 75.000000
vn 0.000000 1.717837 0.000000
v 2425.000000 1491.800049 70.000000
vn 0.000000 6.283197 0.000000
v 512.596130 1491.800049 345.000458
vn 0.000000 2.686806 0.000000
v 1519.999878 1491.800049 715.236328
vn 0.000000 6.283161 0.000000
v 512.596130 1491.800049 1619.000000
vn 0.000000 6.283180 0.000000
v -382.405090 1491.800049 345.000458
vn 0.000000 6.282894 0.000000
v -372.405701 1491.800049 1619.000000
vn 0.000000 6.283185 0.000000
v -382.405090 1491.800049 1619.000000
vn 0.000000 6.283179 0.000000
v -1267.405151 1491.800049 345.000458
vn 0.000000 6.283179 0.000000
v -1277.404541 1491.800049 1619.000000
vn 0.000000 6.283185 0.000000
v -1267.405151 1491.800049 1619.000000
vn 0.000000 6.283185 0.000000
v -1277.404541 1491.800049 345.000458
vn 0.000000 6.283179 0.000000
v -2162.406250 1491.800049 345.000458
vn 0.000000 6.283180 0.000000
v -2172.405762 1491.800049 1619.000000
vn 0.000000 6.283185 0.000000
v -2162.406250 1491.800049 1619.000000
vn 0.000000 6.283185 0.000000
v -2172.405762 1491.800049 345.000458
vn 0.000000 6.283185 0.000000
v -3057.403809 1491.800049 345.000458
vn 0.000000 6.283193 0.000000
v -3057.403809 1491.800049 1619.000000
vn 0.785397 1.047197 -1.360363
v -1809.999512 -1495.000000 617.568970
vn 1.570796 1.570796 1.570800
v -1809.999512 -1495.000000 785.000610
vn 1.570804 -1.570796 1.570796
v -1809.999512 -1496.000000 785.000610
vn 0.785397 -1.047197 -1.360349
v -1809.999512 -1496.000000 617.568970
vn -0.785407 -3.665192 -2.931159
v -1996.076294 -1496.000000 725.000610
vn -0.785399 3.665192 -2.931129
v -1996.076294 -1495.000000 725.000610
vn -1.570796 -1.570796 -1.570780
v -3264.999512 -1496.000000 725.000610
vn -1.570794 1.570796 -1.570796
v -3264.999512 -1495.000000 725.000610
vn -1.570794 -1.570796 1.570800
v -3264.999512 -1496.000000 785.000610
vn -1.570796 1.570796 1.570796
v -3264.999512 -1495.000000 785.000610
vn -2.356182 -2.094395 -1.360327
v -1799.999634 -1496.000000 611.795227
vn -2.356188 2.094395 -1.360350
v -1799.999634 -1495.000000 611.795227
vn -0.785385 5.759586 0.210469
v -1441.820679 -1495.000000 405.000488
vn -0.785398 -5.759587 0.210460
v -1441.820679 -1496.000000 405.000488
vn -0.785359 -1.047198 1.360406
v -1799.999634 -1496.000000 785.000610
vn -0.785398 1.047198 1.360349
v -1799.999634 -1495.000000 785.000610
vn 0.785431 3.665192 2.931202
v -1141.820679 -1495.000000 405.000488
vn 0.785399 -3.665192 2.931136
v -1141.820679 -1496.000000 405.000488
vn 1.570794 1.570796 1.570787
v -916.149536 -1495.000000 405.000488
vn 1.570796 -1.570796 1.570796
v -916.149536 -1496.000000 405.000488
vn 1.570794 -1.570798 -1.570796
v -916.149536 -1496.000000 345.000488
vn 1.570796 1.570798 -1.570757
v -916.149536 -1495.000000 345.000488
vn -1.570796 -1.570796 -1.570757
v -1799.999634 -1496.000000 345.000488
vn -1.570794 1.570796 -1.570796
v -1799.999634 -1495.000000 345.000488
vn -1.570794 -1.570796 1.570796
v -1799.999634 -1496.000000 405.000488
vn -1.570796 1.570796 1.570809
v -1799.999634 -1495.000000 405.000488
vn 0.785408 -0.523598 -0.210429
v -1553.782349 -1496.000000 435.000488
vn 0.785397 0.523598 -0.210441
v -1553.782349 -1495.000000 435.000488
vn -0.785396 1.047198 1.360368
v -1799.999634 -1495.000000 577.153931
vn -0.785399 -1.047198 1.360350
v -1799.999634 -1496.000000 577.153931
vn -1.570804 -1.570796 -1.570791
v -1799.999634 -1496.000000 435.000488
vn -1.570796 1.570796 -1.570796
v -1799.999634 -1495.000000 435.000488
vn 1.570794 1.570796 -1.570779
v 420.000366 -1495.000000 345.000488
vn 1.570796 1.570796 1.570796
v 420.000366 -1495.000000 405.000488
vn 1.570794 -1.570796 1.570779
v 420.000366 -1496.000000 405.000488
vn 1.570796 -1.570796 -1.570796
v 420.000366 -1496.000000 345.000488
vn -1.570794 -1.570796 -1.570779
v 5.000000 -1496.000000 345.000488
vn -1.570796 1.570796 -1.570796
v 5.000000 -1495.000000 345.000488
vn -1.570794 1.570796 1.570779
v 5.000000 -1495.000000 405.000488
vn -1.570796 -1.570796 1.570796
v 5.000000 -1496.000000 405.000488
vn 2.356200 -2.094394 1.360362
v -1809.999512 -1496.000000 582.928162
vn 2.356182 2.094394 1.360350
v -1809.999512 -1495.000000 582.928162
vn 0.785404 2.617995 2.931138
v -2004.115112 -1495.000000 695.000610
vn 0.785397 -2.617995 2.931147
v -2004.115112 -1496.000000 695.000610
vn 1.570785 -1.570796 -1.570796
v -1809.999512 -1496.000000 435.000488
vn 1.570796 1.570796 -1.570800
v -1809.999512 -1495.000000 435.000488
vn -1.570796 -1.570797 -1.570800
v -3264.999512 -1496.000000 435.000488
vn -1.570795 1.570797 -1.570796
v -3264.999512 -1495.000000 435.000488
vn -1.570795 -1.570796 1.570775
v -3264.999512 -1496.000000 695.000610
vn -1.570796 1.570796 1.570796
v -3264.999512 -1495.000000 695.000610
vn 1.570794 1.570796 -1.570796
v 715.000000 -1495.000000 435.000488
vn 1.570796 1.570796 1.570809
v 715.000000 -1495.000000 495.000488
vn 1.570794 -1.570796 1.570796
v 715.000000 -1496.000000 495.000488
vn 1.570796 -1.570796 -1.570809
v 715.000000 -1496.000000 435.000488
vn -1.570796 1.570796 -1.570809
v 429.999756 -1495.000000 435.000488
vn -1.570794 -1.570796 -1.570796
v 429.999756 -1496.000000 435.000488
vn -1.570794 1.570796 1.570796
v 429.999756 -1495.000000 495.000488
vn -1.570796 -1.570796 1.570809
v 429.999756 -1496.000000 495.000488
vn -1.570796 1.570796 -1.570809
v 429.999756 -1495.000000 345.000488
vn 1.570794 1.570796 -1.570796
v 715.000000 -1495.000000 345.000488
vn 1.570796 -1.570796 -1.570809
v 715.000000 -1496.000000 345.000488
vn -1.570794 -1.570796 -1.570796
v 429.999756 -1496.000000 345.000488
vn -1.570794 1.570796 1.570796
v 429.999756 -1495.000000 405.000488
vn -1.570796 -1.570796 1.570809
v 429.999756 -1496.000000 405.000488
vn 1.570796 1.570796 1.570809
v 715.000000 -1495.000000 405.000488
vn 1.570794 -1.570796 1.570796
v 715.000000 -1496.000000 405.000488
vn 1.570794 -1.570796 -1.570796
v -5.000000 -1496.000000 345.000488
vn 1.570796 1.570796 -1.570776
v -5.000000 -1495.000000 345.000488
vn 1.570794 1.570797 1.570796
v -5.000000 -1495.000000 405.000488
vn 1.570796 -1.570797 1.570776
v -5.000000 -1496.000000 405.000488
vn -1.570794 -1.570797 -1.570776
v -903.849915 -1496.000000 345.000488
vn -1.570796 1.570797 -1.570796
v -903.849915 -1495.000000 345.000488
vn -1.570794 1.570796 1.570776
v -903.849915 -1495.000000 405.000488
vn -1.570796 -1.570796 1.570796
v -903.849915 -1496.000000 405.000488
vn 1.570794 1.570796 -1.570808
v -916.149536 -1495.000000 435.000488
vn 1.570796 1.570797 1.570796
v -916.149536 -1495.000000 495.000488
vn 1.570794 -1.570797 1.570794
v -916.149536 -1496.000000 495.000488
vn 1.570796 -1.570796 -1.570796
v -916.149536 -1496.000000 435.000488
vn -0.785397 -2.617995 -2.931159
v -1133.781372 -1496.000000 435.000488
vn -0.785395 2.617995 -2.931144
v -1133.781372 -1495.000000 435.000488
vn -0.785395 -0.523597 0.210449
v -1237.704712 -1496.000000 495.000488
vn -0.785397 0.523597 0.210443
v -1237.704712 -1495.000000 495.000488
vn 1.570794 1.570796 -1.570779
v 420.000366 -1495.000000 435.000488
vn 1.570796 1.570796 1.570796
v 420.000366 -1495.000000 495.000488
vn 1.570794 -1.570796 1.570779
v 420.000366 -1496.000000 495.000488
vn 1.570796 -1.570796 -1.570796
v 420.000366 -1496.000000 435.000488
vn -1.570794 -1.570796 -1.570779
v 5.000000 -1496.000000 435.000488
vn -1.570796 1.570796 -1.570796
v 5.000000 -1495.000000 435.000488
vn -1.570794 1.570796 1.570779
v 5.000000 -1495.000000 495.000488
vn -1.570796 -1.570796 1.570796
v 5.000000 -1496.000000 495.000488
vn -1.570794 1.570797 1.570776
v -903.849915 -1495.000000 495.000488
vn -1.570796 1.570796 -1.570796
v -903.849915 -1495.000000 435.000488
vn -1.570794 -1.570797 -1.570776
v -903.849915 -1496.000000 435.000488
vn -1.570796 -1.570796 1.570796
v -903.849915 -1496.000000 495.000488
vn 1.570794 -1.570797 1.570776
v -5.000000 -1496.000000 495.000488
vn 1.570796 1.570796 1.570796
v -5.000000 -1495.000000 495.000488
vn 1.570794 1.570797 -1.570776
v -5.000000 -1495.000000 435.000488
vn 1.570796 -1.570796 -1.570796
v -5.000000 -1496.000000 435.000488
vn 1.570794 1.570795 1.570800
v -1809.999512 -1495.000000 405.000488
vn -1.570794 1.570796 1.570796
v -3264.999512 -1495.000000 405.000488
vn -1.570796 -1.570796 1.570800
v -3264.999512 -1496.000000 405.000488
vn 1.570796 -1.570795 1.570796
v -1809.999512 -1496.000000 405.000488
vn 1.570794 -1.570796 -1.570796
v -1809.999512 -1496.000000 345.000488
vn 1.570796 1.570796 -1.570800
v -1809.999512 -1495.000000 345.000488
vn -1.570794 -1.570795 -1.570800
v -3264.999512 -1496.000000 345.000488
vn -1.570796 1.570795 -1.570796
v -3264.999512 -1495.000000 345.000488
vn 0.000000 -6.283176 0.000000
v 716.800598 -1495.000000 75.000000
vn 0.000000 -6.283535 0.000000
v 716.800598 -1495.000000 340.000305
vn 0.000000 -6.283720 0.000000
v -3265.000244 -1495.000000 340.000305
vn 0.000000 -6.283185 0.000000
v -3265.000244 -1495.000000 75.000000
vn 0.000000 -6.283177 0.000000
v -1799.999634 -1495.000000 1615.000000
vn -1.570796 -1.570813 1.570796
v -3270.000244 -1495.000000 1620.000000
vn -1.570796 -1.570787 -1.570796
v -3270.000244 -1495.000000 70.000000
vn 0.000000 -6.283191 0.000000
v -1799.999634 -1495.000000 343.000488
vn 0.000000 -6.283183 0.000000
v -916.149536 -1495.000000 343.000488
vn 0.000000 -6.283184 0.000000
v -903.849915 -1495.000000 1615.000000
vn 0.000000 -6.283185 0.000000
v -916.149536 -1495.000000 1615.000000
vn 0.000000 -6.283185 0.000000
v -903.849915 -1495.000000 343.000488
vn 0.000000 -6.283185 0.000000
v 715.000000 -1495.000000 1615.000000
vn 0.000000 -3.141452 0.000000
v 720.000000 -1495.000000 1620.000000
vn 0.000000 -6.283190 0.000000
v 428.199158 -1495.000000 1615.000000
vn 0.000000 -6.283182 0.000000
v 5.000000 -1495.000000 343.000488
vn 0.000000 -6.283182 0.000000
v -5.000000 -1495.000000 1615.000000
vn 0.000000 -6.283234 0.000000
v -5.000000 -1495.000000 343.000488
vn 0.000000 -6.283185 0.000000
v 5.000000 -1495.000000 1615.000000
vn 0.000000 -6.283190 0.000000
v 420.000366 -1495.000000 343.000488
vn 0.000000 -6.283185 0.000000
v 420.000366 -1495.000000 1615.000000
vn 0.000000 -6.283185 0.000000
v 428.199158 -1495.000000 343.000488
vn 0.000000 -6.283176 0.000000
v 715.000000 -1495.000000 343.000488
vn 0.000000 -3.141594 0.000000
v 720.000000 -1495.000000 70.000000
vn 1.570796 -1.570794 -1.570796
v 740.000000 -1495.000000 70.000000
vn 1.570796 -1.570796 1.570796
v 740.000000 -1495.000000 1620.000000
vn -1.570796 1.570796 -1.570796
v -3270.000244 -475.000000 70.000000
vn -1.570796 1.570796 1.570796
v -3270.000244 -475.000000 1620.000000
vn 1.570796 1.570796 -1.570796
v 740.000000 -475.000000 70.000000
vn 1.570796 1.570796 1.570796
v 740.000000 -475.000000 1620.000000
vn -1.444302 1.166735 5.329957
v -3200.000000 137.199997 831.000000
vn -1.570796 -1.570796 1.570801
v -3260.000000 -475.000000 831.000000
vn -1.444303 -1.166735 5.329957
v -3200.000000 107.199997 831.000000
vn -1.570796 1.570796 1.570793
v -3260.000000 804.538635 831.000000
vn -1.444303 -1.166735 5.329957
v -3200.000000 506.000000 831.000000
vn -1.444302 1.166735 5.329957
v -3200.000000 536.000000 831.000000
vn 1.444302 -1.166735 5.329957
v -2440.000000 107.199997 831.000000
vn 1.444302 -1.166735 5.329957
v -2440.000000 506.000000 831.000000
vn 1.444303 1.166735 5.329957
v -2440.000000 137.199997 831.000000
vn 1.444303 1.166735 5.329957
v -2440.000000 536.000000 831.000000
vn -1.444303 -1.166735 5.329957
v -1250.000000 -414.500000 831.000000
vn -1.444302 1.166735 5.329956
v -1250.000000 -384.500000 831.000000
vn -1.444302 -1.166735 5.329957
v -1250.000000 715.500000 831.000000
vn -1.444302 1.166735 5.329957
v -130.000000 -384.500000 831.000000
vn 1.444302 1.166735 5.329957
v -490.000000 -384.500000 831.000000
vn 1.444303 -1.166735 5.329957
v -490.000000 -414.500000 831.000000
vn -1.444303 -1.166735 5.329957
v -130.000000 -414.500000 831.000000
vn -1.444303 1.166735 5.329957
v -1250.000000 745.500000 831.000000
vn 1.444302 -1.166735 5.329957
v -490.000000 715.500000 831.000000
vn -1.444303 -1.166735 5.329957
v -130.000000 715.500000 831.000000
vn -1.444302 1.166735 5.329957
v -130.000000 745.500000 831.000000
vn 1.444303 1.166735 5.329957
v -490.000000 745.500000 831.000000
vn 1.570796 -1.570796 1.570801
v 1280.814575 -475.000000 831.000000
vn 1.444303 1.166735 5.329957
v 630.000000 -384.500000 831.000000
vn 1.444302 -1.166735 5.329956
v 630.000000 -414.500000 831.000000
vn 1.444303 -1.166735 5.329957
v 630.000000 715.500000 831.000000
vn 1.570796 1.570796 1.570786
v 1280.814575 804.538635 831.000000
vn 1.444302 1.166735 5.329957
v 630.000000 745.500000 831.000000
vn -1.570796 -1.570796 -1.570796
v -3260.000000 -475.000000 51.000000
vn -1.570796 1.570796 -1.570796
v -3260.000000 804.538635 51.000000
vn 1.570796 -1.570796 -1.570796
v 1280.814575 -475.000000 51.000000
vn 1.570796 1.570796 -1.570796
v 1280.814575 804.538635 51.000000
vn -2.874660 3.119573 1.266782
v 66.105644 745.500000 1289.631226
vn -2.874660 -3.119576 1.266782
v 66.105644 715.500000 1289.631226
vn 2.874660 -3.119570 1.266782
v 433.894348 715.500000 1289.631226
vn 2.874660 3.119577 1.266782
v 433.894348 745.500000 1289.631226
vn 2.830757 3.097569 1.360749
v 430.255310 745.500000 1297.648804
vn 2.830757 -3.097573 1.360749
v 430.255310 715.500000 1297.648804
vn 2.768123 -3.097560 1.484021
v 426.266907 715.500000 1305.498535
vn 2.768123 3.097564 1.484021
v 426.266907 745.500000 1305.498535
vn 2.700127 -3.097580 1.604413
v 421.936890 715.500000 1313.165039
vn 2.700127 3.097571 1.604413
v 421.936890 745.500000 1313.165039
vn 2.626891 3.097556 1.721704
v 417.273621 745.500000 1320.633667
vn 2.626891 -3.097557 1.721704
v 417.273621 715.500000 1320.633667
vn 2.548567 -3.097575 1.835655
v 412.286163 715.500000 1327.889648
vn 2.548567 3.097573 1.835655
v 412.286163 745.500000 1327.889648
vn 2.465304 -3.097555 1.946046
v 406.984192 715.500000 1334.919189
vn 2.465304 3.097560 1.946046
v 406.984192 745.500000 1334.919189
vn 2.377260 -3.097571 2.052671
v 401.377930 715.500000 1341.708496
vn 2.377260 3.097565 2.052671
v 401.377930 745.500000 1341.708496
vn 2.284617 -3.097565 2.155307
v 395.478302 715.500000 1348.244507
vn 2.284617 3.097567 2.155307
v 395.478302 745.500000 1348.244507
vn 2.187547 -3.097570 2.253767
v 389.296722 715.500000 1354.514526
vn 2.187547 3.097570 2.253766
v 389.296722 745.500000 1354.514526
vn 2.086220 -3.097552 2.347872
v 382.845154 715.500000 1360.506470
vn 2.086221 3.097552 2.347872
v 382.845154 745.500000 1360.506470
vn 1.980847 -3.097567 2.437431
v 376.136108 715.500000 1366.208496
vn 1.980847 3.097570 2.437431
v 376.136108 745.500000 1366.208496
vn 1.871668 -3.097580 2.522238
v 369.182587 715.500000 1371.609741
vn 1.871668 3.097579 2.522238
v 369.182587 745.500000 1371.609741
vn 1.758839 -3.097549 2.602173
v 361.998108 715.500000 1376.699829
vn 1.758839 3.097548 2.602173
v 361.998108 745.500000 1376.699829
vn 1.642594 -3.097572 2.677071
v 354.596527 715.500000 1381.468628
vn 1.642594 3.097572 2.677071
v 354.596527 745.500000 1381.468628
vn 1.523186 3.097565 2.746767
v 346.992249 745.500000 1385.907104
vn 1.523186 -3.097563 2.746767
v 346.992249 715.500000 1385.907104
vn 1.400817 3.097566 2.811145
v 339.199982 745.500000 1390.006592
vn 1.400817 -3.097568 2.811145
v 339.199982 715.500000 1390.006592
vn 1.275728 -3.097562 2.870077
v 331.234833 715.500000 1393.759155
vn 1.275728 3.097557 2.870077
v 331.234833 745.500000 1393.759155
vn 1.148157 -3.097560 2.923450
v 323.112244 715.500000 1397.157471
vn 1.148157 3.097559 2.923450
v 323.112244 745.500000 1397.157471
vn 1.018383 -3.097578 2.971148
v 314.847961 715.500000 1400.194946
vn 1.018383 3.097576 2.971148
v 314.847961 745.500000 1400.194946
vn 0.886628 -3.097556 3.013090
v 306.457977 715.500000 1402.865845
vn 0.886628 3.097553 3.013090
v 306.457977 745.500000 1402.865845
vn 0.753155 -3.097576 3.049194
v 297.958588 715.500000 1405.164795
vn 0.753155 3.097574 3.049194
v 297.958588 745.500000 1405.164795
vn 0.618220 3.097555 3.079387
v 289.366241 745.500000 1407.087524
vn 0.618220 -3.097554 3.079387
v 289.366241 715.500000 1407.087524
vn 0.482068 3.097559 3.103616
v 280.697571 745.500000 1408.630127
vn 0.482068 -3.097558 3.103616
v 280.697571 715.500000 1408.630127
vn 0.345000 -3.097569 3.121826
v 271.969452 715.500000 1409.789673
vn 0.345000 3.097569 3.121826
v 271.969452 745.500000 1409.789673
vn 0.207279 -3.097568 3.133985
v 263.198730 715.500000 1410.563965
vn 0.207279 3.097568 3.133985
v 263.198730 745.500000 1410.563965
vn 0.069144 -3.097560 3.140070
v 254.402420 715.500000 1410.951538
vn 0.069144 3.097560 3.140070
v 254.402420 745.500000 1410.951538
vn -0.069144 3.097566 3.140070
v 245.597580 745.500000 1410.951538
vn -0.069144 -3.097564 3.140070
v 245.597580 715.500000 1410.951538
vn -0.207279 -3.097573 3.133985
v 236.801285 715.500000 1410.563965
vn -0.207279 3.097573 3.133985
v 236.801285 745.500000 1410.563965
vn -0.345000 -3.097568 3.121826
v 228.030563 715.500000 1409.789673
vn -0.345000 3.097569 3.121826
v 228.030563 745.500000 1409.789673
vn -0.482068 -3.097562 3.103616
v 219.302414 715.500000 1408.630127
vn -0.482068 3.097559 3.103616
v 219.302414 745.500000 1408.630127
vn -0.618221 3.097556 3.079387
v 210.633774 745.500000 1407.087524
vn -0.618221 -3.097556 3.079387
v 210.633774 715.500000 1407.087524
vn -0.753154 -3.097574 3.049194
v 202.041428 715.500000 1405.164795
vn -0.753154 3.097580 3.049194
v 202.041428 745.500000 1405.164795
vn -0.886628 -3.097554 3.013090
v 193.542023 715.500000 1402.865845
vn -0.886628 3.097555 3.013090
v 193.542023 745.500000 1402.865845
vn -1.018383 3.097576 2.971148
v 185.152039 745.500000 1400.194946
vn -1.018383 -3.097579 2.971148
v 185.152039 715.500000 1400.194946
vn -1.148157 -3.097560 2.923450
v 176.887756 715.500000 1397.157471
vn -1.148157 3.097562 2.923450
v 176.887756 745.500000 1397.157471
vn -1.275728 -3.097567 2.870077
v 168.765167 715.500000 1393.759155
vn -1.275728 3.097559 2.870077
v 168.765167 745.500000 1393.759155
vn -1.400817 -3.097566 2.811145
v 160.800018 715.500000 1390.006592
vn -1.400817 3.097564 2.811145
v 160.800018 745.500000 1390.006592
vn -1.523185 3.097565 2.746768
v 153.007751 745.500000 1385.907104
vn -1.523184 -3.097565 2.746768
v 153.007751 715.500000 1385.907104
vn -1.642594 -3.097574 2.677071
v 145.403458 715.500000 1381.468628
vn -1.642594 3.097572 2.677071
v 145.403458 745.500000 1381.468628
vn -1.758839 -3.097554 2.602173
v 138.001892 715.500000 1376.699829
vn -1.758839 3.097552 2.602173
v 138.001892 745.500000 1376.699829
vn -1.871669 3.097576 2.522238
v 130.817398 745.500000 1371.609741
vn -1.871669 -3.097573 2.522238
v 130.817398 715.500000 1371.609741
vn -1.980850 -3.097569 2.437428
v 123.863899 715.500000 1366.208496
vn -1.980850 3.097568 2.437428
v 123.863899 745.500000 1366.208496
vn -2.086221 3.097552 2.347872
v 117.154861 745.500000 1360.506470
vn -2.086221 -3.097554 2.347872
v 117.154861 715.500000 1360.506470
vn -2.187545 -3.097566 2.253767
v 110.703293 715.500000 1354.514526
vn -2.187545 3.097571 2.253767
v 110.703293 745.500000 1354.514526
vn -2.284615 3.097565 2.155309
v 104.521698 745.500000 1348.244507
vn -2.284615 -3.097568 2.155309
v 104.521698 715.500000 1348.244507
vn -2.377261 -3.097560 2.052670
v 98.622063 715.500000 1341.708496
vn -2.377260 3.097567 2.052670
v 98.622063 745.500000 1341.708496
vn -2.465304 -3.097561 1.946046
v 93.015816 715.500000 1334.919189
vn -2.465304 3.097560 1.946046
v 93.015816 745.500000 1334.919189
vn -2.548566 -3.097575 1.835657
v 87.713829 715.500000 1327.889648
vn -2.548566 3.097572 1.835657
v 87.713829 745.500000 1327.889648
vn -2.626892 -3.097556 1.721703
v 82.726372 715.500000 1320.633667
vn -2.626892 3.097556 1.721703
v 82.726372 745.500000 1320.633667
vn -2.700126 3.097565 1.604414
v 78.063110 745.500000 1313.165039
vn -2.700126 -3.097573 1.604414
v 78.063110 715.500000 1313.165039
vn -2.768122 -3.097554 1.484022
v 73.733078 715.500000 1305.498535
vn -2.768122 3.097561 1.484022
v 73.733078 745.500000 1305.498535
vn -2.830758 -3.097567 1.360748
v 69.744682 715.500000 1297.648804
vn -2.830758 3.097565 1.360748
v 69.744682 745.500000 1297.648804
vn 2.874660 3.119576 1.266782
v -686.105652 745.500000 1289.631226
vn 2.874660 -3.119575 1.266782
v -686.105652 715.500000 1289.631226
vn 2.830757 -3.097569 1.360749
v -689.744690 715.500000 1297.648804
vn 2.830757 3.097573 1.360749
v -689.744690 745.500000 1297.648804
vn 2.768123 -3.097564 1.484021
v -693.733093 715.500000 1305.498535
vn 2.768123 3.097560 1.484021
v -693.733093 745.500000 1305.498535
vn 2.700127 -3.097571 1.604413
v -698.063110 715.500000 1313.165039
vn 2.700127 3.097581 1.604413
v -698.063110 745.500000 1313.165039
vn 2.626894 3.097557 1.721700
v -702.726379 745.500000 1320.633667
vn 2.626894 -3.097558 1.721700
v -702.726379 715.500000 1320.633667
vn 2.548567 -3.097569 1.835655
v -707.713806 715.500000 1327.889648
vn 2.548567 3.097570 1.835655
v -707.713806 745.500000 1327.889648
vn 2.465302 -3.097560 1.946049
v -713.015808 715.500000 1334.919189
vn 2.465302 3.097562 1.946050
v -713.015808 745.500000 1334.919189
vn 2.377257 3.097568 2.052674
v -718.622070 745.500000 1341.708496
vn 2.377257 -3.097568 2.052674
v -718.622070 715.500000 1341.708496
vn 2.284614 -3.097577 2.155310
v -724.521729 715.500000 1348.244507
vn 2.284614 3.097572 2.155310
v -724.521729 745.500000 1348.244507
vn 2.187550 3.097573 2.253764
v -730.703308 745.500000 1354.514526
vn 2.187550 -3.097573 2.253764
v -730.703308 715.500000 1354.514526
vn 2.086223 -3.097550 2.347870
v -737.154846 715.500000 1360.506470
vn 2.086223 3.097552 2.347870
v -737.154846 745.500000 1360.506470
vn 1.980850 -3.097568 2.437428
v -743.863892 715.500000 1366.208496
vn 1.980850 3.097568 2.437428
v -743.863892 745.500000 1366.208496
vn 1.871668 -3.097575 2.522238
v -750.817383 715.500000 1371.609741
vn 1.871668 3.097571 2.522238
v -750.817383 745.500000 1371.609741
vn 1.758839 3.097554 2.602174
v -758.001892 745.500000 1376.699829
vn 1.758839 -3.097553 2.602173
v -758.001892 715.500000 1376.699829
vn 1.642594 3.097569 2.677071
v -765.403442 745.500000 1381.468628
vn 1.642594 -3.097571 2.677071
v -765.403442 715.500000 1381.468628
vn 1.523186 -3.097570 2.746767
v -773.007751 715.500000 1385.907104
vn 1.523186 3.097567 2.746767
v -773.007751 745.500000 1385.907104
vn 1.400819 -3.097567 2.811144
v -780.799988 715.500000 1390.006592
vn 1.400819 3.097567 2.811144
v -780.799988 745.500000 1390.006592
vn 1.275726 3.097562 2.870078
v -788.765137 745.500000 1393.759155
vn 1.275726 -3.097558 2.870078
v -788.765137 715.500000 1393.759155
vn 1.148155 -3.097557 2.923450
v -796.887756 715.500000 1397.157471
vn 1.148156 3.097563 2.923450
v -796.887756 745.500000 1397.157471
vn 1.018385 -3.097576 2.971147
v -805.152039 715.500000 1400.194946
vn 1.018385 3.097576 2.971147
v -805.152039 745.500000 1400.194946
vn 0.886627 -3.097549 3.013090
v -813.541992 715.500000 1402.865845
vn 0.886627 3.097553 3.013090
v -813.541992 745.500000 1402.865845
vn 0.753152 3.097577 3.049195
v -822.041443 745.500000 1405.164795
vn 0.753152 -3.097576 3.049195
v -822.041443 715.500000 1405.164795
vn 0.618221 -3.097555 3.079387
v -830.633789 715.500000 1407.087524
vn 0.618221 3.097555 3.079387
v -830.633789 745.500000 1407.087524
vn 0.482068 3.097561 3.103616
v -839.302429 745.500000 1408.630127
vn 0.482068 -3.097558 3.103616
v -839.302429 715.500000 1408.630127
vn 0.345000 3.097571 3.121826
v -848.030579 745.500000 1409.789673
vn 0.345000 -3.097571 3.121826
v -848.030579 715.500000 1409.789673
vn 0.207279 -3.097565 3.133985
v -856.801270 715.500000 1410.563965
vn 0.207279 3.097566 3.133985
v -856.801270 745.500000 1410.563965
vn 0.069143 -3.097562 3.140070
v -865.597595 715.500000 1410.951538
vn 0.069143 3.097560 3.140070
v -865.597595 745.500000 1410.951538
vn -0.069143 -3.097560 3.140070
v -874.402405 715.500000 1410.951538
vn -0.069143 3.097560 3.140070
v -874.402405 745.500000 1410.951538
vn -0.207279 -3.097573 3.133985
v -883.198730 715.500000 1410.563965
vn -0.207279 3.097587 3.133985
v -883.198730 745.500000 1410.563965
vn -0.345000 3.097569 3.121826
v -891.969421 745.500000 1409.789673
vn -0.345000 -3.097569 3.121826
v -891.969421 715.500000 1409.789673
vn -0.482068 3.097559 3.103616
v -900.697571 745.500000 1408.630127
vn -0.482068 -3.097562 3.103616
v -900.697571 715.500000 1408.630127
vn -0.618221 -3.097556 3.079387
v -909.366211 715.500000 1407.087524
vn -0.618221 3.097556 3.079387
v -909.366211 745.500000 1407.087524
vn -0.753152 3.097580 3.049195
v -917.958557 745.500000 1405.164795
vn -0.753152 -3.097576 3.049194
v -917.958557 715.500000 1405.164795
vn -0.886627 3.097557 3.013090
v -926.458008 745.500000 1402.865845
vn -0.886627 -3.097549 3.013090
v -926.458008 715.500000 1402.865845
vn -1.018385 -3.097578 2.971147
v -934.847961 715.500000 1400.194946
vn -1.018385 3.097578 2.971148
v -934.847961 745.500000 1400.194946
vn -1.148155 3.097562 2.923450
v -943.112244 745.500000 1397.157471
vn -1.148155 -3.097563 2.923450
v -943.112244 715.500000 1397.157471
vn -1.275726 3.097560 2.870078
v -951.234863 745.500000 1393.759155
vn -1.275726 -3.097564 2.870078
v -951.234863 715.500000 1393.759155
vn -1.400819 -3.097567 2.811144
v -959.200012 715.500000 1390.006592
vn -1.400819 3.097567 2.811144
v -959.200012 745.500000 1390.006592
vn -1.523185 -3.097570 2.746767
v -966.992249 715.500000 1385.907104
vn -1.523186 3.097573 2.746767
v -966.992249 745.500000 1385.907104
vn -1.642594 3.097567 2.677071
v -974.596558 745.500000 1381.468628
vn -1.642594 -3.097572 2.677071
v -974.596558 715.500000 1381.468628
vn -1.758839 -3.097552 2.602173
v -981.998108 715.500000 1376.699829
vn -1.758839 3.097554 2.602173
v -981.998108 745.500000 1376.699829
vn -1.871668 3.097575 2.522238
v -989.182617 745.500000 1371.609741
vn -1.871668 -3.097575 2.522238
v -989.182617 715.500000 1371.609741
vn -1.980850 -3.097571 2.437428
v -996.136108 715.500000 1366.208496
vn -1.980850 3.097563 2.437428
v -996.136108 745.500000 1366.208496
vn -2.086223 3.097550 2.347870
v -1002.845154 745.500000 1360.506470
vn -2.086223 -3.097546 2.347870
v -1002.845154 715.500000 1360.506470
vn -2.187550 3.097573 2.253764
v -1009.296692 745.500000 1354.514526
vn -2.187550 -3.097574 2.253764
v -1009.296692 715.500000 1354.514526
vn -2.284614 -3.097568 2.155310
v -1015.478271 715.500000 1348.244507
vn -2.284614 3.097576 2.155310
v -1015.478271 745.500000 1348.244507
vn -2.377263 -3.097561 2.052668
v -1021.377930 715.500000 1341.708496
vn -2.377263 3.097562 2.052668
v -1021.377930 745.500000 1341.708496
vn -2.465307 -3.097565 1.946043
v -1026.984131 715.500000 1334.919189
vn -2.465307 3.097563 1.946043
v -1026.984131 745.500000 1334.919189
vn -2.548557 -3.097579 1.835670
v -1032.286133 715.500000 1327.889648
vn -2.548557 3.097583 1.835670
v -1032.286133 745.500000 1327.889648
vn -2.626889 -3.097542 1.721707
v -1037.273682 715.500000 1320.633667
vn -2.626888 3.097541 1.721707
v -1037.273682 745.500000 1320.633667
vn -2.700127 3.097589 1.604413
v -1041.936890 745.500000 1313.165039
vn -2.700127 -3.097586 1.604413
v -1041.936890 715.500000 1313.165039
vn -2.768118 -3.097556 1.484029
v -1046.266968 715.500000 1305.498535
vn -2.768118 3.097556 1.484029
v -1046.266968 745.500000 1305.498535
vn -2.830757 -3.097570 1.360749
v -1050.255371 715.500000 1297.648804
vn -2.830757 3.097573 1.360749
v -1050.255371 745.500000 1297.648804
vn -2.874660 3.119576 1.266782
v -1053.894409 745.500000 1289.631226
vn -2.874660 -3.119576 1.266782
v -1053.894409 715.500000 1289.631226
vn -2.874660 -3.119576 1.266782
v 66.105644 -414.500000 1289.631226
vn -2.874660 3.119573 1.266782
v 66.105644 -384.500000 1289.631226
vn -2.830758 -3.097579 1.360748
v 69.744682 -414.500000 1297.648804
vn -2.830758 3.097565 1.360748
v 69.744682 -384.500000 1297.648804
vn -2.768122 3.097561 1.484022
v 73.733078 -384.500000 1305.498535
vn -2.768122 -3.097557 1.484022
v 73.733078 -414.500000 1305.498535
vn -2.700126 3.097565 1.604414
v 78.063110 -384.500000 1313.165039
vn -2.700126 -3.097573 1.604414
v 78.063110 -414.500000 1313.165039
vn -2.626892 3.097556 1.721703
v 82.726372 -384.500000 1320.633667
vn -2.626892 -3.097564 1.721703
v 82.726372 -414.500000 1320.633667
vn -2.548566 3.097572 1.835657
v 87.713829 -384.500000 1327.889648
vn -2.548566 -3.097573 1.835657
v 87.713829 -414.500000 1327.889648
vn -2.465304 -3.097560 1.946046
v 93.015816 -414.500000 1334.919189
vn -2.465304 3.097560 1.946046
v 93.015816 -384.500000 1334.919189
vn -2.377260 3.097567 2.052670
v 98.622063 -384.500000 1341.708496
vn -2.377261 -3.097567 2.052670
v 98.622063 -414.500000 1341.708496
vn -2.284615 -3.097567 2.155309
v 104.521698 -414.500000 1348.244507
vn -2.284615 3.097565 2.155309
v 104.521698 -384.500000 1348.244507
vn -2.187545 3.097571 2.253767
v 110.703293 -384.500000 1354.514526
vn -2.187545 -3.097570 2.253767
v 110.703293 -414.500000 1354.514526
vn -2.086221 -3.097554 2.347872
v 117.154861 -414.500000 1360.506470
vn -2.086221 3.097552 2.347872
v 117.154861 -384.500000 1360.506470
vn -1.980850 3.097568 2.437428
v 123.863899 -384.500000 1366.208496
vn -1.980850 -3.097569 2.437428
v 123.863899 -414.500000 1366.208496
vn -1.871669 3.097576 2.522238
v 130.817398 -384.500000 1371.609741
vn -1.871669 -3.097573 2.522238
v 130.817398 -414.500000 1371.609741
vn -1.758839 3.097552 2.602173
v 138.001892 -384.500000 1376.699829
vn -1.758839 -3.097554 2.602174
v 138.001892 -414.500000 1376.699829
vn -1.642594 3.097572 2.677071
v 145.403458 -384.500000 1381.468628
vn -1.642594 -3.097574 2.677071
v 145.403458 -414.500000 1381.468628
vn -1.523184 3.097565 2.746768
v 153.007751 -384.500000 1385.907104
vn -1.523184 -3.097565 2.746768
v 153.007751 -414.500000 1385.907104
vn -1.400817 3.097564 2.811145
v 160.800018 -384.500000 1390.006592
vn -1.400817 -3.097562 2.811145
v 160.800018 -414.500000 1390.006592
vn -1.275728 3.097559 2.870077
v 168.765167 -384.500000 1393.759155
vn -1.275728 -3.097561 2.870077
v 168.765167 -414.500000 1393.759155
vn -1.148157 3.097562 2.923450
v 176.887756 -384.500000 1397.157471
vn -1.148157 -3.097564 2.923450
v 176.887756 -414.500000 1397.157471
vn -1.018383 3.097576 2.971148
v 185.152039 -384.500000 1400.194946
vn -1.018383 -3.097576 2.971148
v 185.152039 -414.500000 1400.194946
vn -0.886628 3.097555 3.013090
v 193.542023 -384.500000 1402.865845
vn -0.886628 -3.097556 3.013090
v 193.542023 -414.500000 1402.865845
vn -0.753154 3.097580 3.049194
v 202.041428 -384.500000 1405.164795
vn -0.753154 -3.097578 3.049194
v 202.041428 -414.500000 1405.164795
vn -0.618221 3.097556 3.079387
v 210.633774 -384.500000 1407.087524
vn -0.618221 -3.097556 3.079387
v 210.633774 -414.500000 1407.087524
vn -0.482068 3.097559 3.103616
v 219.302414 -384.500000 1408.630127
vn -0.482068 -3.097562 3.103616
v 219.302414 -414.500000 1408.630127
vn -0.345000 3.097569 3.121826
v 228.030563 -384.500000 1409.789673
vn -0.345000 -3.097574 3.121826
v 228.030563 -414.500000 1409.789673
vn -0.207279 3.097573 3.133985
v 236.801285 -384.500000 1410.563965
vn -0.207279 -3.097573 3.133985
v 236.801285 -414.500000 1410.563965
vn -0.069144 3.097566 3.140070
v 245.597580 -384.500000 1410.951538
vn -0.069144 -3.097565 3.140070
v 245.597580 -414.500000 1410.951538
vn 0.069144 3.097560 3.140070
v 254.402420 -384.500000 1410.951538
vn 0.069144 -3.097561 3.140070
v 254.402420 -414.500000 1410.951538
vn 0.207279 3.097568 3.133985
v 263.198730 -384.500000 1410.563965
vn 0.207279 -3.097566 3.133985
v 263.198730 -414.500000 1410.563965
vn 0.345000 3.097569 3.121826
v 271.969452 -384.500000 1409.789673
vn 0.345000 -3.097569 3.121826
v 271.969452 -414.500000 1409.789673
vn 0.482068 3.097559 3.103616
v 280.697571 -384.500000 1408.630127
vn 0.482068 -3.097561 3.103616
v 280.697571 -414.500000 1408.630127
vn 0.618220 3.097555 3.079387
v 289.366241 -384.500000 1407.087524
vn 0.618220 -3.097554 3.079387
v 289.366241 -414.500000 1407.087524
vn 0.753155 -3.097567 3.049194
v 297.958588 -414.500000 1405.164795
vn 0.753155 3.097574 3.049194
v 297.958588 -384.500000 1405.164795
vn 0.886628 3.097553 3.013090
v 306.457977 -384.500000 1402.865845
vn 0.886628 -3.097556 3.013090
v 306.457977 -414.500000 1402.865845
vn 1.018383 3.097576 2.971148
v 314.847961 -384.500000 1400.194946
vn 1.018383 -3.097578 2.971148
v 314.847961 -414.500000 1400.194946
vn 1.148157 3.097559 2.923450
v 323.112244 -384.500000 1397.157471
vn 1.148157 -3.097560 2.923450
v 323.112244 -414.500000 1397.157471
vn 1.275728 3.097557 2.870077
v 331.234833 -384.500000 1393.759155
vn 1.275728 -3.097567 2.870077
v 331.234833 -414.500000 1393.759155
vn 1.400817 3.097566 2.811145
v 339.199982 -384.500000 1390.006592
vn 1.400817 -3.097568 2.811145
v 339.199982 -414.500000 1390.006592
vn 1.523186 3.097565 2.746767
v 346.992249 -384.500000 1385.907104
vn 1.523186 -3.097565 2.746767
v 346.992249 -414.500000 1385.907104
vn 1.642594 -3.097572 2.677071
v 354.596527 -414.500000 1381.468628
vn 1.642594 3.097572 2.677071
v 354.596527 -384.500000 1381.468628
vn 1.758839 3.097548 2.602173
v 361.998108 -384.500000 1376.699829
vn 1.758839 -3.097549 2.602173
v 361.998108 -414.500000 1376.699829
vn 1.871668 3.097579 2.522238
v 369.182587 -384.500000 1371.609741
vn 1.871668 -3.097575 2.522238
v 369.182587 -414.500000 1371.609741
vn 1.980847 3.097570 2.437431
v 376.136108 -384.500000 1366.208496
vn 1.980847 -3.097567 2.437431
v 376.136108 -414.500000 1366.208496
vn 2.086221 -3.097553 2.347872
v 382.845154 -414.500000 1360.506470
vn 2.086220 3.097552 2.347872
v 382.845154 -384.500000 1360.506470
vn 2.187547 -3.097568 2.253766
v 389.296722 -414.500000 1354.514526
vn 2.187547 3.097570 2.253766
v 389.296722 -384.500000 1354.514526
vn 2.284617 3.097567 2.155307
v 395.478302 -384.500000 1348.244507
vn 2.284617 -3.097567 2.155307
v 395.478302 -414.500000 1348.244507
vn 2.377260 3.097565 2.052671
v 401.377930 -384.500000 1341.708496
vn 2.377260 -3.097566 2.052671
v 401.377930 -414.500000 1341.708496
vn 2.465304 3.097560 1.946046
v 406.984192 -384.500000 1334.919189
vn 2.465304 -3.097560 1.946046
v 406.984192 -414.500000 1334.919189
vn 2.548567 3.097573 1.835655
v 412.286163 -384.500000 1327.889648
vn 2.548567 -3.097576 1.835655
v 412.286163 -414.500000 1327.889648
vn 2.626891 -3.097554 1.721704
v 417.273621 -414.500000 1320.633667
vn 2.626891 3.097556 1.721704
v 417.273621 -384.500000 1320.633667
vn 2.700127 -3.097574 1.604413
v 421.936890 -414.500000 1313.165039
vn 2.700127 3.097571 1.604413
v 421.936890 -384.500000 1313.165039
vn 2.768123 3.097564 1.484021
v 426.266907 -384.500000 1305.498535
vn 2.768123 -3.097563 1.484021
v 426.266907 -414.500000 1305.498535
vn 2.830757 3.097569 1.360749
v 430.255310 -384.500000 1297.648804
vn 2.830757 -3.097569 1.360749
v 430.255310 -414.500000 1297.648804
vn 2.874660 3.119577 1.266782
v 433.894348 -384.500000 1289.631226
vn 2.874660 -3.119572 1.266782
v 433.894348 -414.500000 1289.631226
vn -2.874660 -3.119578 1.266782
v -1053.894409 -414.500000 1289.631226
vn -2.874660 3.119585 1.266782
v -1053.894409 -384.500000 1289.631226
vn -2.830757 3.097569 1.360749
v -1050.255371 -384.500000 1297.648804
vn -2.830757 -3.097569 1.360749
v -1050.255371 -414.500000 1297.648804
vn -2.768118 3.097558 1.484029
v -1046.266968 -384.500000 1305.498535
vn -2.768118 -3.097556 1.484029
v -1046.266968 -414.500000 1305.498535
vn -2.700127 -3.097583 1.604413
v -1041.936890 -414.500000 1313.165039
vn -2.700127 3.097583 1.604413
v -1041.936890 -384.500000 1313.165039
vn -2.626888 3.097541 1.721707
v -1037.273682 -384.500000 1320.633667
vn -2.626889 -3.097542 1.721707
v -1037.273682 -414.500000 1320.633667
vn -2.548557 3.097583 1.835670
v -1032.286133 -384.500000 1327.889648
vn -2.548557 -3.097583 1.835670
v -1032.286133 -414.500000 1327.889648
vn -2.465307 -3.097563 1.946043
v -1026.984131 -414.500000 1334.919189
vn -2.465307 3.097563 1.946043
v -1026.984131 -384.500000 1334.919189
vn -2.377263 3.097561 2.052668
v -1021.377930 -384.500000 1341.708496
vn -2.377263 -3.097561 2.052668
v -1021.377930 -414.500000 1341.708496
vn -2.284614 -3.097580 2.155310
v -1015.478271 -414.500000 1348.244507
vn -2.284614 3.097569 2.155310
v -1015.478271 -384.500000 1348.244507
vn -2.187550 -3.097572 2.253764
v -1009.296692 -414.500000 1354.514526
vn -2.187550 3.097573 2.253764
v -1009.296692 -384.500000 1354.514526
vn -2.086223 3.097550 2.347870
v -1002.845154 -384.500000 1360.506470
vn -2.086223 -3.097546 2.347870
v -1002.845154 -414.500000 1360.506470
vn -1.980850 -3.097568 2.437428
v -996.136108 -414.500000 1366.208496
vn -1.980850 3.097569 2.437428
v -996.136108 -384.500000 1366.208496
vn -1.871668 3.097575 2.522238
v -989.182617 -384.500000 1371.609741
vn -1.871668 -3.097575 2.522238
v -989.182617 -414.500000 1371.609741
vn -1.758839 3.097552 2.602174
v -981.998108 -384.500000 1376.699829
vn -1.758839 -3.097554 2.602174
v -981.998108 -414.500000 1376.699829
vn -1.642594 3.097571 2.677071
v -974.596558 -384.500000 1381.468628
vn -1.642594 -3.097567 2.677071
v -974.596558 -414.500000 1381.468628
vn -1.523186 -3.097569 2.746767
v -966.992249 -414.500000 1385.907104
vn -1.523186 3.097568 2.746767
v -966.992249 -384.500000 1385.907104
vn -1.400819 3.097564 2.811144
v -959.200012 -384.500000 1390.006592
vn -1.400819 -3.097566 2.811144
v -959.200012 -414.500000 1390.006592
vn -1.275726 -3.097561 2.870078
v -951.234863 -414.500000 1393.759155
vn -1.275726 3.097562 2.870078
v -951.234863 -384.500000 1393.759155
vn -1.148155 3.097563 2.923450
v -943.112244 -384.500000 1397.157471
vn -1.148156 -3.097562 2.923450
v -943.112244 -414.500000 1397.157471
vn -1.018385 3.097577 2.971147
v -934.847961 -384.500000 1400.194946
vn -1.018385 -3.097577 2.971147
v -934.847961 -414.500000 1400.194946
vn -0.886627 3.097545 3.013090
v -926.458008 -384.500000 1402.865845
vn -0.886627 -3.097552 3.013090
v -926.458008 -414.500000 1402.865845
vn -0.753152 3.097576 3.049194
v -917.958557 -384.500000 1405.164795
vn -0.753152 -3.097580 3.049195
v -917.958557 -414.500000 1405.164795
vn -0.618221 -3.097556 3.079387
v -909.366211 -414.500000 1407.087524
vn -0.618221 3.097557 3.079387
v -909.366211 -384.500000 1407.087524
vn -0.482068 3.097561 3.103616
v -900.697571 -384.500000 1408.630127
vn -0.482068 -3.097558 3.103616
v -900.697571 -414.500000 1408.630127
vn -0.345000 3.097567 3.121826
v -891.969421 -384.500000 1409.789673
vn -0.345000 -3.097571 3.121826
v -891.969421 -414.500000 1409.789673
vn -0.207279 -3.097565 3.133985
v -883.198730 -414.500000 1410.563965
vn -0.207279 3.097573 3.133985
v -883.198730 -384.500000 1410.563965
vn -0.069143 3.097567 3.140070
v -874.402405 -384.500000 1410.951538
vn -0.069143 -3.097562 3.140070
v -874.402405 -414.500000 1410.951538
vn 0.069143 3.097569 3.140070
v -865.597595 -384.500000 1410.951538
vn 0.069143 -3.097565 3.140070
v -865.597595 -414.500000 1410.951538
vn 0.207279 3.097573 3.133985
v -856.801270 -384.500000 1410.563965
vn 0.207279 -3.097573 3.133985
v -856.801270 -414.500000 1410.563965
vn 0.345000 3.097568 3.121826
v -848.030579 -384.500000 1409.789673
vn 0.345000 -3.097578 3.121826
v -848.030579 -414.500000 1409.789673
vn 0.482068 3.097563 3.103616
v -839.302429 -384.500000 1408.630127
vn 0.482068 -3.097563 3.103616
v -839.302429 -414.500000 1408.630127
vn 0.618221 -3.097553 3.079387
v -830.633789 -414.500000 1407.087524
vn 0.618221 3.097555 3.079387
v -830.633789 -384.500000 1407.087524
vn 0.753152 3.097573 3.049195
v -822.041443 -384.500000 1405.164795
vn 0.753152 -3.097582 3.049194
v -822.041443 -414.500000 1405.164795
vn 0.886627 3.097553 3.013090
v -813.541992 -384.500000 1402.865845
vn 0.886627 -3.097553 3.013090
v -813.541992 -414.500000 1402.865845
vn 1.018385 3.097577 2.971148
v -805.152039 -384.500000 1400.194946
vn 1.018385 -3.097576 2.971147
v -805.152039 -414.500000 1400.194946
vn 1.148155 3.097563 2.923450
v -796.887756 -384.500000 1397.157471
vn 1.148155 -3.097567 2.923450
v -796.887756 -414.500000 1397.157471
vn 1.275726 3.097561 2.870078
v -788.765137 -384.500000 1393.759155
vn 1.275726 -3.097560 2.870078
v -788.765137 -414.500000 1393.759155
vn 1.400819 3.097566 2.811144
v -780.799988 -384.500000 1390.006592
vn 1.400819 -3.097567 2.811144
v -780.799988 -414.500000 1390.006592
vn 1.523185 -3.097572 2.746767
v -773.007751 -414.500000 1385.907104
vn 1.523186 3.097568 2.746767
v -773.007751 -384.500000 1385.907104
vn 1.642594 3.097569 2.677071
v -765.403442 -384.500000 1381.468628
vn 1.642594 -3.097568 2.677071
v -765.403442 -414.500000 1381.468628
vn 1.758839 -3.097554 2.602173
v -758.001892 -414.500000 1376.699829
vn 1.758839 3.097554 2.602174
v -758.001892 -384.500000 1376.699829
vn 1.871668 -3.097574 2.522238
v -750.817383 -414.500000 1371.609741
vn 1.871668 3.097575 2.522238
v -750.817383 -384.500000 1371.609741
vn 1.980850 -3.097572 2.437428
v -743.863892 -414.500000 1366.208496
vn 1.980850 3.097568 2.437428
v -743.863892 -384.500000 1366.208496
vn 2.086223 3.097549 2.347870
v -737.154846 -384.500000 1360.506470
vn 2.086223 -3.097546 2.347870
v -737.154846 -414.500000 1360.506470
vn 2.187550 3.097575 2.253764
v -730.703308 -384.500000 1354.514526
vn 2.187550 -3.097572 2.253764
v -730.703308 -414.500000 1354.514526
vn 2.284614 3.097568 2.155310
v -724.521729 -384.500000 1348.244507
vn 2.284614 -3.097568 2.155310
v -724.521729 -414.500000 1348.244507
vn 2.377257 3.097568 2.052674
v -718.622070 -384.500000 1341.708496
vn 2.377258 -3.097568 2.052674
v -718.622070 -414.500000 1341.708496
vn 2.465302 3.097561 1.946050
v -713.015808 -384.500000 1334.919189
vn 2.465302 -3.097560 1.946049
v -713.015808 -414.500000 1334.919189
vn 2.548567 3.097570 1.835655
v -707.713806 -384.500000 1327.889648
vn 2.548567 -3.097574 1.835655
v -707.713806 -414.500000 1327.889648
vn 2.626894 3.097557 1.721700
v -702.726379 -384.500000 1320.633667
vn 2.626894 -3.097558 1.721700
v -702.726379 -414.500000 1320.633667
vn 2.700127 3.097573 1.604413
v -698.063110 -384.500000 1313.165039
vn 2.700127 -3.097572 1.604413
v -698.063110 -414.500000 1313.165039
vn 2.768123 3.097563 1.484021
v -693.733093 -384.500000 1305.498535
vn 2.768123 -3.097563 1.484021
v -693.733093 -414.500000 1305.498535
vn 2.830757 -3.097569 1.360749
v -689.744690 -414.500000 1297.648804
vn 2.830757 3.097569 1.360749
v -689.744690 -384.500000 1297.648804
vn 2.874660 3.119574 1.266782
v -686.105652 -384.500000 1289.631226
vn 2.874660 -3.119575 1.266782
v -686.105652 -414.500000 1289.631226
vn 2.874668 3.119590 1.266764
v -2636.105713 137.199997 1289.631226
vn 2.874669 -3.119589 1.266764
v -2636.105713 107.199997 1289.631226
vn -2.874669 3.119584 1.266764
v -3003.894287 137.199997 1289.631226
vn -2.874668 -3.119583 1.266764
v -3003.894287 107.199997 1289.631226
vn -2.830756 -3.097545 1.360748
v -3000.255371 107.199997 1297.648804
vn -2.830757 3.097545 1.360749
v -3000.255371 137.199997 1297.648804
vn -2.768128 -3.097592 1.484013
v -2996.266846 107.199997 1305.498535
vn -2.768128 3.097592 1.484013
v -2996.266846 137.199997 1305.498535
vn -2.700135 -3.097549 1.604396
v -2991.937012 107.199997 1313.165039
vn -2.700136 3.097549 1.604396
v -2991.937012 137.199997 1313.165039
vn -2.626879 -3.097554 1.721723
v -2987.273682 107.199997 1320.633667
vn -2.626879 3.097554 1.721723
v -2987.273682 137.199997 1320.633667
vn -2.548557 -3.097579 1.835670
v -2982.286133 107.199997 1327.889648
vn -2.548557 3.097579 1.835670
v -2982.286133 137.199997 1327.889648
vn -2.465307 -3.097566 1.946043
v -2976.984131 107.199997 1334.919189
vn -2.465307 3.097566 1.946043
v -2976.984131 137.199997 1334.919189
vn -2.377263 -3.097563 2.052668
v -2971.377930 107.199997 1341.708496
vn -2.377263 3.097561 2.052668
v -2971.377930 137.199997 1341.708496
vn -2.284608 -3.097563 2.155316
v -2965.478271 107.199997 1348.244507
vn -2.284609 3.097563 2.155316
v -2965.478271 137.199997 1348.244507
vn -2.187555 -3.097588 2.253759
v -2959.296631 107.199997 1354.514526
vn -2.187555 3.097587 2.253759
v -2959.296631 137.199997 1354.514526
vn -2.086218 -3.097526 2.347873
v -2952.845215 107.199997 1360.506470
vn -2.086218 3.097526 2.347873
v -2952.845215 137.199997 1360.506470
vn -1.980844 -3.097587 2.437434
v -2946.135986 107.199997 1366.208496
vn -1.980844 3.097587 2.437434
v -2946.135986 137.199997 1366.208496
vn -1.871673 -3.097563 2.522233
v -2939.182617 107.199997 1371.609741
vn -1.871673 3.097563 2.522233
v -2939.182617 137.199997 1371.609741
vn -1.758829 -3.097549 2.602180
v -2931.998047 107.199997 1376.699829
vn -1.758829 3.097550 2.602180
v -2931.998047 137.199997 1376.699829
vn -1.642594 -3.097577 2.677072
v -2924.596436 107.199997 1381.468628
vn -1.642594 3.097576 2.677071
v -2924.596436 137.199997 1381.468628
vn -1.523190 -3.097564 2.746764
v -2916.992188 107.199997 1385.907104
vn -1.523190 3.097565 2.746764
v -2916.992188 137.199997 1385.907104
vn -1.400823 -3.097569 2.811142
v -2909.199951 107.199997 1390.006592
vn -1.400823 3.097566 2.811142
v -2909.199951 137.199997 1390.006592
vn -1.275734 -3.097558 2.870074
v -2901.234863 107.199997 1393.759155
vn -1.275734 3.097560 2.870074
v -2901.234863 137.199997 1393.759155
vn -1.148152 -3.097554 2.923451
v -2893.112305 107.199997 1397.157471
vn -1.148152 3.097554 2.923451
v -2893.112305 137.199997 1397.157471
vn -1.018381 -3.097591 2.971149
v -2884.847900 107.199997 1400.194946
vn -1.018381 3.097585 2.971149
v -2884.847900 137.199997 1400.194946
vn -0.886628 -3.097548 3.013090
v -2876.458008 107.199997 1402.865845
vn -0.886628 3.097546 3.013090
v -2876.458008 137.199997 1402.865845
vn -0.753152 -3.097582 3.049195
v -2867.958496 107.199997 1405.164795
vn -0.753152 3.097581 3.049195
v -2867.958496 137.199997 1405.164795
vn -0.618221 3.097553 3.079387
v -2859.366211 137.199997 1407.087524
vn -0.618221 -3.097553 3.079387
v -2859.366211 107.199997 1407.087524
vn -0.482069 -3.097567 3.103616
v -2850.697510 107.199997 1408.630127
vn -0.482069 3.097567 3.103616
v -2850.697510 137.199997 1408.630127
vn -0.345002 3.097566 3.121826
v -2841.969482 137.199997 1409.789673
vn -0.345002 -3.097569 3.121826
v -2841.969482 107.199997 1409.789673
vn -0.207277 -3.097572 3.133985
v -2833.198730 107.199997 1410.563965
vn -0.207277 3.097574 3.133985
v -2833.198730 137.199997 1410.563965
vn -0.069143 -3.097567 3.140070
v -2824.402344 107.199997 1410.951538
vn -0.069143 3.097560 3.140070
v -2824.402344 137.199997 1410.951538
vn 0.069143 -3.097560 3.140070
v -2815.597656 107.199997 1410.951538
vn 0.069143 3.097566 3.140070
v -2815.597656 137.199997 1410.951538
vn 0.207277 -3.097572 3.133985
v -2806.801270 107.199997 1410.563965
vn 0.207277 3.097572 3.133985
v -2806.801270 137.199997 1410.563965
vn 0.345002 3.097571 3.121826
v -2798.030518 137.199997 1409.789673
vn 0.345002 -3.097566 3.121826
v -2798.030518 107.199997 1409.789673
vn 0.482069 -3.097567 3.103616
v -2789.302490 107.199997 1408.630127
vn 0.482069 3.097567 3.103616
v -2789.302490 137.199997 1408.630127
vn 0.618221 -3.097553 3.079387
v -2780.633789 107.199997 1407.087524
vn 0.618221 3.097553 3.079387
v -2780.633789 137.199997 1407.087524
vn 0.753152 3.097583 3.049195
v -2772.041504 137.199997 1405.164795
vn 0.753152 -3.097586 3.049195
v -2772.041504 107.199997 1405.164795
vn 0.886628 3.097549 3.013090
v -2763.541992 137.199997 1402.865845
vn 0.886628 -3.097548 3.013090
v -2763.541992 107.199997 1402.865845
vn 1.018381 3.097585 2.971149
v -2755.152100 137.199997 1400.194946
vn 1.018381 -3.097588 2.971149
v -2755.152100 107.199997 1400.194946
vn 1.148152 -3.097552 2.923451
v -2746.887695 107.199997 1397.157471
vn 1.148152 3.097554 2.923451
v -2746.887695 137.199997 1397.157471
vn 1.275734 -3.097558 2.870074
v -2738.765137 107.199997 1393.759155
vn 1.275734 3.097560 2.870074
v -2738.765137 137.199997 1393.759155
vn 1.400823 -3.097569 2.811142
v -2730.800049 107.199997 1390.006592
vn 1.400823 3.097566 2.811142
v -2730.800049 137.199997 1390.006592
vn 1.523190 3.097566 2.746764
v -2723.007812 137.199997 1385.907104
vn 1.523190 -3.097561 2.746764
v -2723.007812 107.199997 1385.907104
vn 1.642594 3.097579 2.677072
v -2715.403564 137.199997 1381.468628
vn 1.642594 -3.097577 2.677071
v -2715.403564 107.199997 1381.468628
vn 1.758829 -3.097550 2.602180
v -2708.001953 107.199997 1376.699829
vn 1.758829 3.097546 2.602180
v -2708.001953 137.199997 1376.699829
vn 1.871673 -3.097563 2.522233
v -2700.817383 107.199997 1371.609741
vn 1.871674 3.097563 2.522233
v -2700.817383 137.199997 1371.609741
vn 1.980844 -3.097585 2.437434
v -2693.864014 107.199997 1366.208496
vn 1.980844 3.097587 2.437434
v -2693.864014 137.199997 1366.208496
vn 2.086218 3.097525 2.347873
v -2687.154785 137.199997 1360.506470
vn 2.086218 -3.097525 2.347873
v -2687.154785 107.199997 1360.506470
vn 2.187555 3.097582 2.253759
v -2680.703369 137.199997 1354.514526
vn 2.187555 -3.097590 2.253759
v -2680.703369 107.199997 1354.514526
vn 2.284609 3.097564 2.155316
v -2674.521729 137.199997 1348.244507
vn 2.284608 -3.097563 2.155316
v -2674.521729 107.199997 1348.244507
vn 2.377263 3.097561 2.052667
v -2668.622070 137.199997 1341.708496
vn 2.377263 -3.097564 2.052668
v -2668.622070 107.199997 1341.708496
vn 2.465307 -3.097573 1.946043
v -2663.015869 107.199997 1334.919189
vn 2.465307 3.097563 1.946043
v -2663.015869 137.199997 1334.919189
vn 2.548557 -3.097577 1.835670
v -2657.713867 107.199997 1327.889648
vn 2.548557 3.097586 1.835670
v -2657.713867 137.199997 1327.889648
vn 2.626879 -3.097555 1.721723
v -2652.726318 107.199997 1320.633667
vn 2.626879 3.097552 1.721723
v -2652.726318 137.199997 1320.633667
vn 2.700136 3.097562 1.604396
v -2648.062988 137.199997 1313.165039
vn 2.700136 -3.097550 1.604396
v -2648.062988 107.199997 1313.165039
vn 2.768128 -3.097591 1.484013
v -2643.733154 107.199997 1305.498535
vn 2.768128 3.097591 1.484013
v -2643.733154 137.199997 1305.498535
vn 2.830757 -3.097548 1.360748
v -2639.744629 107.199997 1297.648804
vn 2.830756 3.097546 1.360748
v -2639.744629 137.199997 1297.648804
vn 2.874668 3.119592 1.266764
v -2636.105713 536.000000 1289.631226
vn 2.874669 -3.119589 1.266764
v -2636.105713 506.000000 1289.631226
vn 2.830756 -3.097544 1.360748
v -2639.744629 506.000000 1297.648804
vn 2.830757 3.097545 1.360749
v -2639.744629 536.000000 1297.648804
vn 2.768128 -3.097594 1.484013
v -2643.733154 506.000000 1305.498535
vn 2.768128 3.097592 1.484013
v -2643.733154 536.000000 1305.498535
vn 2.700136 3.097549 1.604396
v -2648.062988 536.000000 1313.165039
vn 2.700136 -3.097548 1.604396
v -2648.062988 506.000000 1313.165039
vn 2.626879 -3.097557 1.721723
v -2652.726318 506.000000 1320.633667
vn 2.626879 3.097554 1.721723
v -2652.726318 536.000000 1320.633667
vn 2.548557 -3.097577 1.835670
v -2657.713867 506.000000 1327.889648
vn 2.548557 3.097583 1.835670
v -2657.713867 536.000000 1327.889648
vn 2.465307 -3.097569 1.946043
v -2663.015869 506.000000 1334.919189
vn 2.465307 3.097563 1.946043
v -2663.015869 536.000000 1334.919189
vn 2.377263 -3.097563 2.052668
v -2668.622070 506.000000 1341.708496
vn 2.377263 3.097561 2.052668
v -2668.622070 536.000000 1341.708496
vn 2.284608 -3.097563 2.155316
v -2674.521729 506.000000 1348.244507
vn 2.284609 3.097564 2.155316
v -2674.521729 536.000000 1348.244507
vn 2.187555 -3.097589 2.253759
v -2680.703369 506.000000 1354.514526
vn 2.187555 3.097587 2.253759
v -2680.703369 536.000000 1354.514526
vn 2.086218 -3.097531 2.347873
v -2687.154785 506.000000 1360.506470
vn 2.086218 3.097525 2.347873
v -2687.154785 536.000000 1360.506470
vn 1.980844 3.097586 2.437434
v -2693.864014 536.000000 1366.208496
vn 1.980844 -3.097589 2.437434
v -2693.864014 506.000000 1366.208496
vn 1.871673 -3.097564 2.522233
v -2700.817383 506.000000 1371.609741
vn 1.871673 3.097562 2.522233
v -2700.817383 536.000000 1371.609741
vn 1.758829 -3.097554 2.602180
v -2708.001953 506.000000 1376.699829
vn 1.758829 3.097553 2.602180
v -2708.001953 536.000000 1376.699829
vn 1.642594 3.097577 2.677071
v -2715.403564 536.000000 1381.468628
vn 1.642594 -3.097576 2.677071
v -2715.403564 506.000000 1381.468628
vn 1.523190 -3.097565 2.746764
v -2723.007812 506.000000 1385.907104
vn 1.523190 3.097565 2.746764
v -2723.007812 536.000000 1385.907104
vn 1.400823 3.097563 2.811142
v -2730.800049 536.000000 1390.006592
vn 1.400823 -3.097564 2.811142
v -2730.800049 506.000000 1390.006592
vn 1.275734 -3.097560 2.870074
v -2738.765137 506.000000 1393.759155
vn 1.275734 3.097561 2.870074
v -2738.765137 536.000000 1393.759155
vn 1.148152 -3.097554 2.923451
v -2746.887695 506.000000 1397.157471
vn 1.148152 3.097552 2.923451
v -2746.887695 536.000000 1397.157471
vn 1.018381 -3.097586 2.971149
v -2755.152100 506.000000 1400.194946
vn 1.018381 3.097583 2.971149
v -2755.152100 536.000000 1400.194946
vn 0.886628 -3.097544 3.013090
v -2763.541992 506.000000 1402.865845
vn 0.886628 3.097548 3.013090
v -2763.541992 536.000000 1402.865845
vn 0.753152 -3.097579 3.049195
v -2772.041504 506.000000 1405.164795
vn 0.753152 3.097583 3.049195
v -2772.041504 536.000000 1405.164795
vn 0.618221 -3.097553 3.079387
v -2780.633789 506.000000 1407.087524
vn 0.618221 3.097553 3.079387
v -2780.633789 536.000000 1407.087524
vn 0.482069 -3.097562 3.103616
v -2789.302490 506.000000 1408.630127
vn 0.482069 3.097567 3.103616
v -2789.302490 536.000000 1408.630127
vn 0.345002 -3.097567 3.121826
v -2798.030518 506.000000 1409.789673
vn 0.345002 3.097569 3.121826
v -2798.030518 536.000000 1409.789673
vn 0.207277 -3.097574 3.133985
v -2806.801270 506.000000 1410.563965
vn 0.207277 3.097572 3.133985
v -2806.801270 536.000000 1410.563965
vn 0.069143 -3.097560 3.140070
v -2815.597656 506.000000 1410.951538
vn 0.069143 3.097568 3.140070
v -2815.597656 536.000000 1410.951538
vn -0.069143 -3.097562 3.140070
v -2824.402344 506.000000 1410.951538
vn -0.069143 3.097567 3.140070
v -2824.402344 536.000000 1410.951538
vn -0.207277 3.097572 3.133985
v -2833.198730 536.000000 1410.563965
vn -0.207277 -3.097572 3.133985
v -2833.198730 506.000000 1410.563965
vn -0.345002 -3.097562 3.121826
v -2841.969482 506.000000 1409.789673
vn -0.345002 3.097569 3.121826
v -2841.969482 536.000000 1409.789673
vn -0.482069 -3.097564 3.103616
v -2850.697510 506.000000 1408.630127
vn -0.482069 3.097567 3.103616
v -2850.697510 536.000000 1408.630127
vn -0.618221 -3.097553 3.079387
v -2859.366211 506.000000 1407.087524
vn -0.618221 3.097553 3.079387
v -2859.366211 536.000000 1407.087524
vn -0.753152 -3.097579 3.049195
v -2867.958496 506.000000 1405.164795
vn -0.753152 3.097581 3.049195
v -2867.958496 536.000000 1405.164795
vn -0.886628 -3.097545 3.013090
v -2876.458008 506.000000 1402.865845
vn -0.886628 3.097551 3.013090
v -2876.458008 536.000000 1402.865845
vn -1.018381 -3.097583 2.971149
v -2884.847900 506.000000 1400.194946
vn -1.018381 3.097585 2.971149
v -2884.847900 536.000000 1400.194946
vn -1.148152 -3.097554 2.923451
v -2893.112305 506.000000 1397.157471
vn -1.148152 3.097554 2.923451
v -2893.112305 536.000000 1397.157471
vn -1.275734 -3.097559 2.870074
v -2901.234863 506.000000 1393.759155
vn -1.275734 3.097559 2.870074
v -2901.234863 536.000000 1393.759155
vn -1.400823 -3.097569 2.811142
v -2909.199951 506.000000 1390.006592
vn -1.400823 3.097568 2.811142
v -2909.199951 536.000000 1390.006592
vn -1.523190 -3.097567 2.746764
v -2916.992188 506.000000 1385.907104
vn -1.523190 3.097565 2.746764
v -2916.992188 536.000000 1385.907104
vn -1.642594 -3.097577 2.677071
v -2924.596436 506.000000 1381.468628
vn -1.642594 3.097576 2.677072
v -2924.596436 536.000000 1381.468628
vn -1.758829 -3.097550 2.602180
v -2931.998047 506.000000 1376.699829
vn -1.758829 3.097550 2.602180
v -2931.998047 536.000000 1376.699829
vn -1.871673 -3.097563 2.522233
v -2939.182617 506.000000 1371.609741
vn -1.871674 3.097563 2.522233
v -2939.182617 536.000000 1371.609741
vn -1.980844 -3.097587 2.437434
v -2946.135986 506.000000 1366.208496
vn -1.980844 3.097587 2.437434
v -2946.135986 536.000000 1366.208496
vn -2.086218 -3.097526 2.347873
v -2952.845215 506.000000 1360.506470
vn -2.086218 3.097526 2.347873
v -2952.845215 536.000000 1360.506470
vn -2.187555 3.097587 2.253759
v -2959.296631 536.000000 1354.514526
vn -2.187555 -3.097587 2.253759
v -2959.296631 506.000000 1354.514526
vn -2.284609 -3.097563 2.155316
v -2965.478271 506.000000 1348.244507
vn -2.284608 3.097563 2.155316
v -2965.478271 536.000000 1348.244507
vn -2.377263 -3.097561 2.052668
v -2971.377930 506.000000 1341.708496
vn -2.377263 3.097561 2.052668
v -2971.377930 536.000000 1341.708496
vn -2.465307 -3.097566 1.946043
v -2976.984131 506.000000 1334.919189
vn -2.465307 3.097566 1.946043
v -2976.984131 536.000000 1334.919189
vn -2.548557 3.097579 1.835670
v -2982.286133 536.000000 1327.889648
vn -2.548557 -3.097579 1.835670
v -2982.286133 506.000000 1327.889648
vn -2.626879 -3.097554 1.721723
v -2987.273682 506.000000 1320.633667
vn -2.626879 3.097554 1.721723
v -2987.273682 536.000000 1320.633667
vn -2.700136 -3.097549 1.604396
v -2991.937012 506.000000 1313.165039
vn -2.700135 3.097549 1.604396
v -2991.937012 536.000000 1313.165039
vn -2.768128 -3.097592 1.484013
v -2996.266846 506.000000 1305.498535
vn -2.768128 3.097592 1.484013
v -2996.266846 536.000000 1305.498535
vn -2.830757 -3.097545 1.360749
v -3000.255371 506.000000 1297.648804
vn -2.830756 3.097545 1.360748
v -3000.255371 536.000000 1297.648804
vn -2.874668 -3.119583 1.266764
v -3003.894287 506.000000 1289.631226
vn -2.874669 3.119588 1.266764
v -3003.894287 536.000000 1289.631226
vn 1.570796 -1.570796 1.570796
v 2682.000000 -2095.000000 126.000000
vn 1.570796 -1.570798 -1.570796
v 2682.000000 -2095.000000 67.800003
vn 1.570796 1.570796 -1.570796
v 2682.000000 -1495.000000 67.800003
vn 1.570796 1.570798 1.570796
v 2682.000000 -1495.000000 126.000000
vn -1.570796 -1.570798 1.570796
v 740.000000 -2095.000000 126.000000
vn -1.570796 -1.570796 -1.570796
v 740.000000 -2095.000000 67.800003
vn -1.570796 1.570796 1.570796
v 740.000000 -1495.000000 126.000000
vn -1.570796 1.570798 -1.570796
v 740.000000 -1495.000000 67.800003
vn 1.553152 -1.420769 1.336017
v 2736.475098 -1495.000000 340.000000
vn 1.553152 1.720823 -1.805575
v 2695.661133 -475.000031 70.000000
vn 1.553152 1.420769 1.336018
v 2736.475098 -475.000031 340.000000
vn 1.553152 -1.720823 -1.805575
v 2695.661133 -1495.000000 70.000000
vn -1.570796 -1.570796 -1.570796
v 740.000000 -1495.000000 70.000000
vn -1.570796 1.570796 -1.570796
v 740.000000 -475.000031 70.000000
vn -1.570796 -1.570796 1.570796
v 740.000000 -1495.000000 340.000000
vn -1.570796 1.570796 1.570796
v 740.000000 -475.000031 340.000000
vn -3.086200 -3.166447 -0.586200
v 2412.746826 -1496.000000 1743.650879
vn -3.086172 -3.116749 -0.586195
v 2412.746826 -1495.000000 1743.650879
vn -1.546757 -1.395519 1.296871
v 2491.682129 -1495.000000 1297.931641
vn -1.546728 -4.887669 1.296857
v 2491.682129 -1496.000000 1297.931641
vn -3.061368 3.191559 -0.701048
v 2412.251465 -1495.000000 1746.092896
vn -3.061368 -3.191559 -0.701048
v 2412.251465 -1496.000000 1746.092896
vn -3.022616 -3.191382 -0.852809
v 2411.634766 -1496.000000 1748.507080
vn -3.022615 3.191382 -0.852809
v 2411.634766 -1495.000000 1748.507080
vn -2.976406 -3.191420 -1.002241
v 2410.898682 -1496.000000 1750.887573
vn -2.976406 3.191420 -1.002241
v 2410.898682 -1495.000000 1750.887573
vn -2.922808 -3.191396 -1.149208
v 2410.044922 -1496.000000 1753.228516
vn -2.922808 3.191396 -1.149208
v 2410.044922 -1495.000000 1753.228516
vn -2.861902 -3.191500 -1.293436
v 2409.075684 -1496.000000 1755.524048
vn -2.861902 3.191500 -1.293436
v 2409.075684 -1495.000000 1755.524048
vn -2.793905 -3.191379 -1.434429
v 2407.993164 -1496.000000 1757.768311
vn -2.793905 3.191379 -1.434429
v 2407.993164 -1495.000000 1757.768311
vn -2.718970 -3.191486 -1.571835
v 2406.800293 -1496.000000 1759.955933
vn -2.718970 3.191486 -1.571834
v 2406.800293 -1495.000000 1759.955933
vn -2.637308 -3.191360 -1.705316
v 2405.499756 -1496.000000 1762.081421
vn -2.637308 3.191360 -1.705316
v 2405.499756 -1495.000000 1762.081421
vn -2.549085 -3.191491 -1.834566
v 2404.095215 -1496.000000 1764.139404
vn -2.549084 3.191491 -1.834566
v 2404.095215 -1495.000000 1764.139404
vn -2.454464 -3.191435 -1.959358
v 2402.589600 -1496.000000 1766.125000
vn -2.454464 3.191435 -1.959358
v 2402.589600 -1495.000000 1766.125000
vn -2.353829 -3.191405 -2.079175
v 2400.987061 -1496.000000 1768.032959
vn -2.353829 3.191405 -2.079176
v 2400.987061 -1495.000000 1768.032959
vn -2.247371 -3.191416 -2.193810
v 2399.291504 -1496.000000 1769.858765
vn -2.247371 3.191416 -2.193810
v 2399.291504 -1495.000000 1769.858765
vn -2.135288 -3.191447 -2.303045
v 2397.507080 -1496.000000 1771.597900
vn -2.135288 3.191447 -2.303045
v 2397.507080 -1495.000000 1771.597900
vn -2.017846 -3.191464 -2.406609
v 2395.638184 -1496.000000 1773.245972
vn -2.017846 3.191464 -2.406609
v 2395.638184 -1495.000000 1773.245972
vn -1.895409 -3.191430 -2.504177
v 2393.689453 -1496.000000 1774.798828
vn -1.895409 3.191430 -2.504177
v 2393.689453 -1495.000000 1774.798828
vn -1.768312 -3.191425 -2.595487
v 2391.665771 -1496.000000 1776.252686
vn -1.768312 3.191425 -2.595487
v 2391.665771 -1495.000000 1776.252686
vn -1.636834 -3.191422 -2.680346
v 2389.572266 -1496.000000 1777.603882
vn -1.636834 3.191422 -2.680346
v 2389.572266 -1495.000000 1777.603882
vn -1.501319 -3.191406 -2.758537
v 2387.414062 -1496.000000 1778.849121
vn -1.501319 3.191406 -2.758537
v 2387.414062 -1495.000000 1778.849121
vn -1.362012 -3.191468 -2.829910
v 2385.196533 -1496.000000 1779.985352
vn -1.362012 3.191468 -2.829910
v 2385.196533 -1495.000000 1779.985352
vn -1.219288 -3.191431 -2.894273
v 2382.925049 -1496.000000 1781.009644
vn -1.219288 3.191431 -2.894273
v 2382.925049 -1495.000000 1781.009644
vn -1.073627 -3.191404 -2.951408
v 2380.605225 -1496.000000 1781.919556
vn -1.073627 3.191404 -2.951408
v 2380.605225 -1495.000000 1781.919556
vn -0.925227 -3.191480 -3.001236
v 2378.243164 -1496.000000 1782.712769
vn -0.925227 3.191480 -3.001236
v 2378.243164 -1495.000000 1782.712769
vn -0.774527 -3.191406 -3.043615
v 2375.844482 -1496.000000 1783.387207
vn -0.774527 3.191406 -3.043615
v 2375.844482 -1495.000000 1783.387207
vn -0.622004 3.191414 -3.078407
v 2373.415039 -1495.000000 1783.941406
vn -0.622004 -3.191414 -3.078408
v 2373.415039 -1496.000000 1783.941406
vn -0.467807 -3.191490 -3.105578
v 2370.961182 -1496.000000 1784.373901
vn -0.467807 3.191490 -3.105579
v 2370.961182 -1495.000000 1784.373901
vn -0.312505 3.191378 -3.125032
v 2368.488770 -1495.000000 1784.683472
vn -0.312505 -3.191378 -3.125033
v 2368.488770 -1496.000000 1784.683472
vn -0.156519 -3.191431 -3.136715
v 2366.003906 -1496.000000 1784.869629
vn -0.156519 3.191431 -3.136715
v 2366.003906 -1495.000000 1784.869629
vn -0.039169 -3.116658 -3.141104
v 2363.512939 -1495.000000 1784.931763
vn -0.039169 -3.166531 -3.141128
v 2363.512939 -1496.000000 1784.931763
vn 0.038598 -3.117010 -3.141142
v 1750.882324 -1495.000000 1784.931763
vn 0.038598 -3.166167 -3.141118
v 1750.882324 -1496.000000 1784.931763
vn 0.154160 3.190654 -3.136861
v 1748.428955 -1495.000000 1784.871460
vn 0.154160 -3.190654 -3.136862
v 1748.428955 -1496.000000 1784.871460
vn 0.307847 3.190677 -3.125523
v 1745.981567 -1495.000000 1784.690918
vn 0.307847 -3.190677 -3.125523
v 1745.981567 -1496.000000 1784.690918
vn 0.460817 3.190669 -3.106656
v 1743.545898 -1495.000000 1784.390503
vn 0.460817 -3.190669 -3.106656
v 1743.545898 -1496.000000 1784.390503
vn 0.612718 3.190704 -3.080297
v 1741.127808 -1495.000000 1783.970947
vn 0.612718 -3.190704 -3.080297
v 1741.127808 -1496.000000 1783.970947
vn 0.763133 3.190662 -3.046521
v 1738.733398 -1495.000000 1783.433228
vn 0.763133 -3.190662 -3.046521
v 1738.733398 -1496.000000 1783.433228
vn 0.911643 3.190660 -3.005424
v 1736.368164 -1495.000000 1782.778687
vn 0.911643 -3.190660 -3.005424
v 1736.368164 -1496.000000 1782.778687
vn 1.057992 3.190686 -2.957078
v 1734.037842 -1495.000000 1782.008911
vn 1.057992 -3.190686 -2.957078
v 1734.037842 -1496.000000 1782.008911
vn 1.201858 3.190704 -2.901585
v 1731.748169 -1495.000000 1781.125732
vn 1.201858 -3.190704 -2.901584
v 1731.748169 -1496.000000 1781.125732
vn 1.342791 3.190660 -2.839116
v 1729.504639 -1495.000000 1780.131226
vn 1.342790 -3.190660 -2.839116
v 1729.504639 -1496.000000 1780.131226
vn 1.480525 3.190732 -2.769782
v 1727.312500 -1495.000000 1779.027832
vn 1.480525 -3.190732 -2.769782
v 1727.312500 -1496.000000 1779.027832
vn 1.614633 3.190614 -2.693814
v 1725.177246 -1495.000000 1777.818115
vn 1.614633 -3.190614 -2.693815
v 1725.177246 -1496.000000 1777.818115
vn 1.744854 3.190737 -2.611347
v 1723.103882 -1495.000000 1776.505249
vn 1.744854 -3.190737 -2.611346
v 1723.103882 -1496.000000 1776.505249
vn 1.870888 3.190622 -2.522589
v 1721.097412 -1495.000000 1775.092041
vn 1.870887 -3.190622 -2.522589
v 1721.097412 -1496.000000 1775.092041
vn 1.992397 3.190727 -2.427757
v 1719.162720 -1495.000000 1773.582275
vn 1.992397 -3.190727 -2.427757
v 1719.162720 -1496.000000 1773.582275
vn 2.109143 3.190650 -2.327055
v 1717.304443 -1495.000000 1771.979248
vn 2.109143 -3.190650 -2.327055
v 1717.304443 -1496.000000 1771.979248
vn 2.220770 3.190698 -2.220774
v 1715.527100 -1495.000000 1770.287109
vn 2.220770 -3.190698 -2.220774
v 1715.527100 -1496.000000 1770.287109
vn 2.327053 3.190651 -2.109145
v 1713.834839 -1495.000000 1768.509644
vn 2.327053 -3.190651 -2.109144
v 1713.834839 -1496.000000 1768.509644
vn 2.427757 3.190727 -1.992397
v 1712.231812 -1495.000000 1766.651367
vn 2.427757 -3.190727 -1.992397
v 1712.231812 -1496.000000 1766.651367
vn 2.522626 3.190673 -1.870835
v 1710.722046 -1495.000000 1764.716675
vn 2.522626 -3.190673 -1.870836
v 1710.722046 -1496.000000 1764.716675
vn 2.611348 3.190660 -1.744858
v 1709.308960 -1495.000000 1762.710205
vn 2.611348 -3.190660 -1.744858
v 1709.308960 -1496.000000 1762.710205
vn 2.693812 3.190700 -1.614630
v 1707.995972 -1495.000000 1760.636841
vn 2.693813 -3.190700 -1.614630
v 1707.995972 -1496.000000 1760.636841
vn 2.769784 3.190651 -1.480529
v 1706.786377 -1495.000000 1758.501587
vn 2.769784 -3.190651 -1.480529
v 1706.786377 -1496.000000 1758.501587
vn 2.839085 3.190701 -1.342853
v 1705.682861 -1495.000000 1756.309448
vn 2.839084 -3.190701 -1.342853
v 1705.682861 -1496.000000 1756.309448
vn 2.901584 3.190697 -1.201858
v 1704.688354 -1495.000000 1754.065918
vn 2.901585 -3.190697 -1.201858
v 1704.688354 -1496.000000 1754.065918
vn 2.957078 3.190685 -1.057992
v 1703.805176 -1495.000000 1751.776245
vn 2.957078 -3.190685 -1.057992
v 1703.805176 -1496.000000 1751.776245
vn 3.005424 3.190662 -0.911643
v 1703.035400 -1495.000000 1749.445923
vn 3.005424 -3.190662 -0.911643
v 1703.035400 -1496.000000 1749.445923
vn 3.046521 3.190660 -0.763133
v 1702.380859 -1495.000000 1747.080688
vn 3.046521 -3.190660 -0.763133
v 1702.380859 -1496.000000 1747.080688
vn 3.080297 3.190701 -0.612718
v 1701.843140 -1495.000000 1744.686279
vn 3.080297 -3.190701 -0.612718
v 1701.843140 -1496.000000 1744.686279
vn 3.106656 3.190668 -0.460817
v 1701.423584 -1495.000000 1742.268188
vn 3.106656 -3.190668 -0.460817
v 1701.423584 -1496.000000 1742.268188
vn 3.125523 3.190676 -0.307847
v 1701.123169 -1495.000000 1739.832520
vn 3.125522 -3.190676 -0.307847
v 1701.123169 -1496.000000 1739.832520
vn 3.136861 3.190654 -0.154160
v 1700.942627 -1495.000000 1737.385132
vn 3.136862 -3.190654 -0.154160
v 1700.942627 -1496.000000 1737.385132
vn 3.141118 -3.166167 -0.038598
v 1700.882324 -1496.000000 1734.931763
vn 3.141146 3.166167 -0.038598
v 1700.882324 -1495.000000 1734.931763
vn 1.570824 -4.712398 1.570796
v 1700.882324 -1496.000000 1297.931641
vn 1.570796 -1.570794 1.570777
v 1700.882324 -1495.000000 1297.931641
vn 3.141116 -3.166249 0.038715
v 1700.882324 -1496.000000 1240.281250
vn 3.136833 -3.190811 0.154626
v 1700.942993 -1496.000000 1237.820435
vn 3.141117 -3.116956 0.038715
v 1700.882324 -1495.000000 1240.281250
vn 3.136833 3.190810 0.154626
v 1700.942993 -1495.000000 1237.820435
vn 3.125424 -3.190829 0.308788
v 1701.124634 -1496.000000 1235.365601
vn 3.125424 3.190829 0.308788
v 1701.124634 -1495.000000 1235.365601
vn 3.106452 -3.190764 0.462161
v 1701.426880 -1496.000000 1232.922729
vn 3.106452 3.190764 0.462161
v 1701.426880 -1495.000000 1232.922729
vn 3.079930 -3.190906 0.614522
v 1701.848877 -1496.000000 1230.497559
vn 3.079930 3.190906 0.614522
v 1701.848877 -1495.000000 1230.497559
vn 3.045943 -3.190791 0.765420
v 1702.389893 -1496.000000 1228.096191
vn 3.045943 3.190791 0.765420
v 1702.389893 -1495.000000 1228.096191
vn 3.004590 -3.190841 0.914362
v 1703.048340 -1496.000000 1225.724365
vn 3.004590 3.190841 0.914362
v 1703.048340 -1495.000000 1225.724365
vn 2.955955 -3.190804 1.061112
v 1703.822754 -1496.000000 1223.387817
vn 2.955956 3.190804 1.061112
v 1703.822754 -1495.000000 1223.387817
vn 2.900155 -3.190841 1.205288
v 1704.711182 -1496.000000 1221.092163
vn 2.900156 3.190841 1.205289
v 1704.711182 -1495.000000 1221.092163
vn 2.837304 -3.190842 1.346598
v 1705.711548 -1496.000000 1218.843018
vn 2.837304 3.190842 1.346598
v 1705.711548 -1495.000000 1218.843018
vn 2.767581 -3.190830 1.484627
v 1706.821411 -1496.000000 1216.645874
vn 2.767581 3.190830 1.484627
v 1706.821411 -1495.000000 1216.645874
vn 2.691179 -3.190806 1.619008
v 1708.038086 -1496.000000 1214.505981
vn 2.691179 3.190806 1.619008
v 1708.038086 -1495.000000 1214.505981
vn 2.608235 -3.190851 1.749494
v 1709.358521 -1496.000000 1212.428589
vn 2.608235 3.190851 1.749495
v 1709.358521 -1495.000000 1212.428589
vn 2.518957 -3.190822 1.875762
v 1710.779663 -1496.000000 1210.418701
vn 2.518957 3.190822 1.875762
v 1710.779663 -1495.000000 1210.418701
vn 2.423571 -3.190850 1.997479
v 1712.297974 -1496.000000 1208.481201
vn 2.423571 3.190850 1.997479
v 1712.297974 -1495.000000 1208.481201
vn 2.322323 -3.190811 2.114343
v 1713.909912 -1496.000000 1206.620728
vn 2.322323 3.190811 2.114343
v 1713.909912 -1495.000000 1206.620728
vn 2.215505 -3.190796 2.226021
v 1715.611328 -1496.000000 1204.841919
vn 2.215505 3.190796 2.226021
v 1715.611328 -1495.000000 1204.841919
vn 2.103222 -3.190895 2.332395
v 1717.398193 -1496.000000 1203.148926
vn 2.103222 3.190895 2.332395
v 1717.398193 -1495.000000 1203.148926
vn 1.985884 -3.190763 2.433085
v 1719.266357 -1496.000000 1201.546021
vn 1.985884 3.190763 2.433085
v 1719.266357 -1495.000000 1201.546021
vn 1.863767 -3.190863 2.527843
v 1721.211060 -1496.000000 1200.036865
vn 1.863767 3.190863 2.527843
v 1721.211060 -1495.000000 1200.036865
vn 1.737024 -3.190851 2.616556
v 1723.227661 -1496.000000 1198.625366
vn 1.737024 3.190851 2.616556
v 1723.227661 -1495.000000 1198.625366
vn 1.606203 -3.190763 2.698843
v 1725.311401 -1496.000000 1197.314819
vn 1.606203 3.190763 2.698843
v 1725.311401 -1495.000000 1197.314819
vn 1.471466 -3.190867 2.774600
v 1727.457031 -1496.000000 1196.108276
vn 1.471466 3.190867 2.774600
v 1727.457031 -1495.000000 1196.108276
vn 1.333047 -3.190847 2.843696
v 1729.659424 -1496.000000 1195.008911
vn 1.333047 3.190847 2.843696
v 1729.659424 -1495.000000 1195.008911
vn 1.191503 -3.190793 2.905848
v 1731.913330 -1496.000000 1194.019287
vn 1.191503 3.190793 2.905849
v 1731.913330 -1495.000000 1194.019287
vn 1.047023 -3.190879 2.960972
v 1734.213135 -1496.000000 1193.141724
vn 1.047023 3.190879 2.960972
v 1734.213135 -1495.000000 1193.141724
vn 0.900021 -3.190783 3.008920
v 1736.553345 -1496.000000 1192.378540
vn 0.900021 3.190783 3.008920
v 1736.553345 -1495.000000 1192.378540
vn 0.750916 -3.190826 3.049549
v 1738.928345 -1496.000000 1191.731323
vn 0.750916 3.190826 3.049549
v 1738.928345 -1495.000000 1191.731323
vn 0.637942 -3.166227 3.075896
v 1741.332275 -1496.000000 1191.201782
vn 0.637948 -3.116968 3.075923
v 1741.332275 -1495.000000 1191.201782
vn 0.561648 -3.166452 3.090761
v 2466.555176 -1496.000000 1050.083984
vn 0.561642 -3.116757 3.090734
v 2466.555176 -1495.000000 1050.083984
vn 0.445978 -3.191282 3.108797
v 2469.005127 -1496.000000 1049.670166
vn 0.445978 3.191282 3.108797
v 2469.005127 -1495.000000 1049.670166
vn 0.291011 -3.191285 3.127111
v 2471.472656 -1496.000000 1049.378540
vn 0.291011 3.191285 3.127111
v 2471.472656 -1495.000000 1049.378540
vn 0.135282 -3.191312 3.137707
v 2473.951660 -1496.000000 1049.209839
vn 0.135282 3.191312 3.137707
v 2473.951660 -1495.000000 1049.209839
vn -0.020754 -3.191267 3.140555
v 2476.435791 -1496.000000 1049.164551
vn -0.020754 3.191267 3.140555
v 2476.435791 -1495.000000 1049.164551
vn -0.176806 -3.191354 3.135640
v 2478.919434 -1496.000000 1049.242676
vn -0.176806 3.191354 3.135640
v 2478.919434 -1495.000000 1049.242676
vn -0.332373 -3.191236 3.122988
v 2481.395752 -1496.000000 1049.444214
vn -0.332373 3.191236 3.122988
v 2481.395752 -1495.000000 1049.444214
vn -0.487012 -3.191286 3.102633
v 2483.859375 -1496.000000 1049.768433
vn -0.487012 3.191286 3.102633
v 2483.859375 -1495.000000 1049.768433
vn -0.640547 -3.191298 3.074607
v 2486.303711 -1496.000000 1050.214600
vn -0.640547 3.191298 3.074607
v 2486.303711 -1495.000000 1050.214600
vn -0.792576 -3.191337 3.038968
v 2488.722656 -1496.000000 1050.781616
vn -0.792576 3.191337 3.038967
v 2488.722656 -1495.000000 1050.781616
vn -0.942540 -3.191226 2.995855
v 2491.110596 -1496.000000 1051.468262
vn -0.942540 3.191226 2.995855
v 2491.110596 -1495.000000 1051.468262
vn -1.090140 -3.191313 2.945353
v 2493.461670 -1496.000000 1052.272583
vn -1.090140 3.191313 2.945352
v 2493.461670 -1495.000000 1052.272583
vn -1.235164 -3.191304 2.887538
v 2495.769531 -1496.000000 1053.192627
vn -1.235164 3.191304 2.887539
v 2495.769531 -1495.000000 1053.192627
vn -1.377114 3.191298 2.822599
v 2498.029053 -1495.000000 1054.226318
vn -1.377114 -3.191298 2.822599
v 2498.029053 -1496.000000 1054.226318
vn -1.515645 3.191292 2.750696
v 2500.234375 -1495.000000 1055.370972
vn -1.515645 -3.191292 2.750696
v 2500.234375 -1496.000000 1055.370972
vn -1.650409 3.191280 2.672015
v 2502.380127 -1495.000000 1056.623779
vn -1.650409 -3.191280 2.672015
v 2502.380127 -1496.000000 1056.623779
vn -1.781034 3.191242 2.586782
v 2504.460938 -1495.000000 1057.981567
vn -1.781034 -3.191242 2.586782
v 2504.460938 -1496.000000 1057.981567
vn -1.907359 3.191358 2.495090
v 2506.471924 -1495.000000 1059.441040
vn -1.907359 -3.191358 2.495090
v 2506.471924 -1496.000000 1059.441040
vn -2.028979 3.191242 2.397242
v 2508.407715 -1495.000000 1060.998657
vn -2.028979 -3.191242 2.397242
v 2508.407715 -1496.000000 1060.998657
vn -2.145555 3.191335 2.293489
v 2510.263916 -1495.000000 1062.650513
vn -2.145556 -3.191335 2.293489
v 2510.263916 -1496.000000 1062.650513
vn -2.256921 3.191318 2.183990
v 2512.035645 -1495.000000 1064.392578
vn -2.256921 -3.191318 2.183990
v 2512.035645 -1496.000000 1064.392578
vn -2.362645 3.191277 2.069160
v 2513.718506 -1495.000000 1066.220459
vn -2.362645 -3.191277 2.069160
v 2513.718506 -1496.000000 1066.220459
vn -2.462443 3.191225 1.949334
v 2515.308594 -1495.000000 1068.129761
vn -2.462443 -3.191225 1.949334
v 2515.308594 -1496.000000 1068.129761
vn -2.556213 3.191330 1.824631
v 2516.802002 -1495.000000 1070.115601
vn -2.556213 -3.191330 1.824631
v 2516.802002 -1496.000000 1070.115601
vn -2.643753 3.191313 1.695310
v 2518.194824 -1495.000000 1072.173218
vn -2.643753 -3.191313 1.695310
v 2518.194824 -1496.000000 1072.173218
vn -2.724741 3.191311 1.561823
v 2519.483643 -1495.000000 1074.297485
vn -2.724741 -3.191311 1.561823
v 2519.483643 -1496.000000 1074.297485
vn -2.798940 3.191232 1.424591
v 2520.665283 -1495.000000 1076.483154
vn -2.798940 -3.191232 1.424591
v 2520.665283 -1496.000000 1076.483154
vn -2.866233 3.191321 1.283826
v 2521.737061 -1495.000000 1078.724854
vn -2.866233 -3.191321 1.283826
v 2521.737061 -1496.000000 1078.724854
vn -2.926486 3.191283 1.139821
v 2522.696045 -1495.000000 1081.016968
vn -2.926486 -3.191283 1.139821
v 2522.696045 -1496.000000 1081.016968
vn -2.979496 3.191297 0.993035
v 2523.540039 -1495.000000 1083.354004
vn -2.979495 -3.191297 0.993035
v 2523.540039 -1496.000000 1083.354004
vn -3.025147 3.191281 0.843801
v 2524.266846 -1495.000000 1085.729980
vn -3.025147 -3.191281 0.843801
v 2524.266846 -1496.000000 1085.729980
vn -3.063317 3.191262 0.692536
v 2524.874756 -1495.000000 1088.139160
vn -3.063317 -3.191262 0.692536
v 2524.874756 -1496.000000 1088.139160
vn -3.093948 3.191368 0.539427
v 2525.362305 -1495.000000 1090.575562
vn -3.093948 -3.191368 0.539427
v 2525.362305 -1496.000000 1090.575562
vn -3.116929 3.191200 0.385083
v 2525.728027 -1495.000000 1093.033203
vn -3.116929 -3.191200 0.385083
v 2525.728027 -1496.000000 1093.033203
vn -3.132201 3.191350 0.229814
v 2525.971436 -1495.000000 1095.505981
vn -3.132201 -3.191350 0.229814
v 2525.971436 -1496.000000 1095.505981
vn -3.139755 3.191329 0.073775
v 2526.091553 -1495.000000 1097.987793
vn -3.139755 -3.191329 0.073775
v 2526.091553 -1496.000000 1097.987793
vn -3.139547 3.191235 -0.082265
v 2526.088135 -1495.000000 1100.472412
vn -3.139547 -3.191235 -0.082265
v 2526.088135 -1496.000000 1100.472412
vn -3.131578 3.191358 -0.238147
v 2525.961426 -1495.000000 1102.953857
vn -3.131578 -3.191358 -0.238147
v 2525.961426 -1496.000000 1102.953857
vn -3.115886 3.191225 -0.393424
v 2525.711426 -1495.000000 1105.426025
vn -3.115886 -3.191225 -0.393424
v 2525.711426 -1496.000000 1105.426025
vn -3.099779 3.166455 -0.509299
v 2525.339111 -1495.000000 1107.882568
vn -3.099789 -3.166455 -0.509301
v 2525.339111 -1496.000000 1107.882568
vn -1.546719 -4.537111 -1.844713
v 2495.578369 -1496.000000 1275.931641
vn -1.546729 -1.746075 -1.844702
v 2495.578369 -1495.000000 1275.931641
vn 1.570798 -4.712372 -1.570783
v 1700.882324 -1496.000000 1275.931641
vn 1.570796 -1.570803 -1.570796
v 1700.882324 -1495.000000 1275.931641
vn 0.584110 -3.117001 3.086562
v 1415.114502 -1495.000000 1246.613892
vn 0.659685 -3.117094 3.071309
v 1007.117065 -1495.000000 1329.032349
vn 0.659683 -3.166092 3.071299
v 1007.117065 -1496.000000 1329.032349
vn 0.584112 -3.166179 3.086572
v 1415.114502 -1496.000000 1246.613892
vn 0.469783 -3.190777 3.105309
v 1417.777344 -1496.000000 1246.143799
vn 0.469783 3.190777 3.105308
v 1417.777344 -1495.000000 1246.143799
vn 0.316611 -3.190734 3.124645
v 1420.460205 -1496.000000 1245.805176
vn 0.316611 3.190734 3.124645
v 1420.460205 -1495.000000 1245.805176
vn 0.162669 -3.190780 3.136427
v 1423.156372 -1496.000000 1245.598755
vn 0.162669 3.190780 3.136427
v 1423.156372 -1495.000000 1245.598755
vn 0.008295 -3.190758 3.140632
v 1425.859497 -1496.000000 1245.525146
vn 0.008295 3.190758 3.140632
v 1425.859497 -1495.000000 1245.525146
vn -0.146076 -3.190765 3.137244
v 1428.562866 -1496.000000 1245.584473
vn -0.146076 3.190765 3.137244
v 1428.562866 -1495.000000 1245.584473
vn -0.300090 -3.190757 3.126274
v 1431.260132 -1496.000000 1245.776611
vn -0.300090 3.190757 3.126274
v 1431.260132 -1495.000000 1245.776611
vn -0.453406 -3.190782 3.107742
v 1433.944702 -1496.000000 1246.101074
vn -0.453406 3.190782 3.107742
v 1433.944702 -1495.000000 1246.101074
vn -0.605576 -3.190725 3.081709
v 1436.609985 -1496.000000 1246.557129
vn -0.605576 3.190725 3.081709
v 1436.609985 -1495.000000 1246.557129
vn -0.756262 -3.190769 3.048230
v 1439.249756 -1496.000000 1247.143555
vn -0.756262 3.190769 3.048230
v 1439.249756 -1495.000000 1247.143555
vn -0.905253 -3.190813 3.007348
v 1441.857422 -1496.000000 1247.859009
vn -0.905253 3.190813 3.007349
v 1441.857422 -1495.000000 1247.859009
vn -1.051955 -3.190700 2.959231
v 1444.426758 -1496.000000 1248.701904
vn -1.051955 3.190700 2.959231
v 1444.426758 -1495.000000 1248.701904
vn -1.196102 -3.190807 2.903958
v 1446.951660 -1496.000000 1249.669922
vn -1.196101 3.190807 2.903957
v 1446.951660 -1495.000000 1249.669922
vn -1.337374 -3.190709 2.841669
v 1449.425903 -1496.000000 1250.760986
vn -1.337374 3.190709 2.841669
v 1449.425903 -1495.000000 1250.760986
vn -1.475448 -3.190833 2.772486
v 1451.843506 -1496.000000 1251.972168
vn -1.475448 3.190833 2.772485
v 1451.843506 -1495.000000 1251.972168
vn -1.609964 -3.190713 2.696603
v 1454.198608 -1496.000000 1253.300903
vn -1.609964 3.190713 2.696603
v 1454.198608 -1495.000000 1253.300903
vn -1.740494 -3.190765 2.614254
v 1456.485596 -1496.000000 1254.743652
vn -1.740494 3.190765 2.614253
v 1456.485596 -1495.000000 1254.743652
vn -1.866914 -3.190786 2.525523
v 1458.698975 -1496.000000 1256.297119
vn -1.866914 3.190786 2.525523
v 1458.698975 -1495.000000 1256.297119
vn -1.988832 -3.190776 2.430676
v 1460.833252 -1496.000000 1257.957520
vn -1.988832 3.190776 2.430676
v 1460.833252 -1495.000000 1257.957520
vn -2.105831 -3.190691 2.330050
v 1462.883301 -1496.000000 1259.720825
vn -2.105830 3.190691 2.330050
v 1462.883301 -1495.000000 1259.720825
vn -2.217788 -3.190820 2.223745
v 1464.844360 -1496.000000 1261.582642
vn -2.217788 3.190820 2.223745
v 1464.844360 -1495.000000 1261.582642
vn -2.324453 -3.190749 2.112004
v 1466.711426 -1496.000000 1263.538696
vn -2.324453 3.190749 2.112004
v 1466.711426 -1495.000000 1263.538696
vn -2.425436 -3.190763 1.995220
v 1468.480103 -1496.000000 1265.584106
vn -2.425436 3.190763 1.995220
v 1468.480103 -1495.000000 1265.584106
vn -2.520575 -3.190768 1.873591
v 1470.146118 -1496.000000 1267.713989
vn -2.520575 3.190768 1.873590
v 1470.146118 -1495.000000 1267.713989
vn -2.609622 -3.190765 1.747430
v 1471.705444 -1496.000000 1269.923218
vn -2.609622 3.190765 1.747430
v 1471.705444 -1495.000000 1269.923218
vn -2.692372 -3.190779 1.617026
v 1473.154297 -1496.000000 1272.206421
vn -2.692371 3.190779 1.617026
v 1473.154297 -1495.000000 1272.206421
vn -2.768590 -3.190727 1.482753
v 1474.489136 -1496.000000 1274.558105
vn -2.768590 3.190727 1.482753
v 1474.489136 -1495.000000 1274.558105
vn -2.838105 -3.190774 1.344916
v 1475.706787 -1496.000000 1276.972412
vn -2.838105 3.190774 1.344916
v 1475.706787 -1495.000000 1276.972412
vn -2.900789 -3.190773 1.203770
v 1476.804321 -1496.000000 1279.443726
vn -2.900789 3.190773 1.203770
v 1476.804321 -1495.000000 1279.443726
vn -2.956447 -3.190745 1.059748
v 1477.779053 -1496.000000 1281.966064
vn -2.956447 3.190745 1.059748
v 1477.779053 -1495.000000 1281.966064
vn -3.004953 -3.190765 0.913180
v 1478.628662 -1496.000000 1284.533203
vn -3.004953 3.190765 0.913180
v 1478.628662 -1495.000000 1284.533203
vn -3.046196 -3.190736 0.764419
v 1479.351074 -1496.000000 1287.139038
vn -3.046196 3.190736 0.764419
v 1479.351074 -1495.000000 1287.139038
vn -3.080091 -3.190814 0.613736
v 1479.944580 -1496.000000 1289.777100
vn -3.080090 3.190814 0.613736
v 1479.944580 -1495.000000 1289.777100
vn -3.106544 -3.190750 0.461550
v 1480.407593 -1496.000000 1292.441284
vn -3.106544 3.190750 0.461550
v 1480.407593 -1495.000000 1292.441284
vn -3.125467 -3.190722 0.308390
v 1480.739136 -1496.000000 1295.125000
vn -3.125467 3.190722 0.308390
v 1480.739136 -1495.000000 1295.125000
vn -3.136845 -3.190820 0.154375
v 1480.938477 -1496.000000 1297.821655
vn -3.136845 3.190820 0.154375
v 1480.938477 -1495.000000 1297.821655
vn -3.141119 -3.166153 0.038576
v 1481.004883 -1496.000000 1300.524902
vn -3.141133 -3.117038 0.038576
v 1481.004883 -1495.000000 1300.524902
vn -3.141135 -3.166126 -0.038519
v 1481.004883 -1496.000000 1744.995728
vn -3.141120 -3.117062 -0.038519
v 1481.004883 -1495.000000 1744.995728
vn -3.136865 3.190697 -0.154069
v 1480.938721 -1495.000000 1747.692993
vn -3.136864 -3.190697 -0.154069
v 1480.938721 -1496.000000 1747.692993
vn -3.125521 3.190697 -0.307856
v 1480.740234 -1495.000000 1750.383911
vn -3.125521 -3.190697 -0.307856
v 1480.740234 -1496.000000 1750.383911
vn -3.106649 3.190669 -0.460863
v 1480.409912 -1495.000000 1753.061768
vn -3.106649 -3.190669 -0.460862
v 1480.409912 -1496.000000 1753.061768
vn -3.080295 3.190681 -0.612734
v 1479.948608 -1495.000000 1755.720215
vn -3.080295 -3.190681 -0.612734
v 1479.948608 -1496.000000 1755.720215
vn -3.046529 3.190657 -0.763106
v 1479.357422 -1495.000000 1758.352783
vn -3.046529 -3.190657 -0.763106
v 1479.357422 -1496.000000 1758.352783
vn -3.005421 3.190689 -0.911649
v 1478.637817 -1495.000000 1760.953247
vn -3.005421 -3.190690 -0.911649
v 1478.637817 -1496.000000 1760.953247
vn -2.957065 3.190680 -1.058031
v 1477.791504 -1495.000000 1763.515137
vn -2.957065 -3.190680 -1.058031
v 1477.791504 -1496.000000 1763.515137
vn -2.901587 3.190681 -1.201854
v 1476.820435 -1495.000000 1766.032593
vn -2.901587 -3.190681 -1.201854
v 1476.820435 -1496.000000 1766.032593
vn -2.839109 3.190695 -1.342803
v 1475.727051 -1495.000000 1768.499268
vn -2.839109 -3.190695 -1.342803
v 1475.727051 -1496.000000 1768.499268
vn -2.769791 3.190680 -1.480513
v 1474.513916 -1495.000000 1770.909302
vn -2.769791 -3.190680 -1.480514
v 1474.513916 -1496.000000 1770.909302
vn -2.693822 3.190674 -1.614617
v 1473.183960 -1495.000000 1773.256958
vn -2.693822 -3.190674 -1.614617
v 1473.183960 -1496.000000 1773.256958
vn -2.611359 3.190686 -1.744839
v 1471.740479 -1495.000000 1775.536499
vn -2.611359 -3.190686 -1.744839
v 1471.740479 -1496.000000 1775.536499
vn -2.522578 3.190696 -1.870897
v 1470.186890 -1495.000000 1777.742432
vn -2.522578 -3.190696 -1.870897
v 1470.186890 -1496.000000 1777.742432
vn -2.427754 3.190651 -1.992405
v 1468.526855 -1495.000000 1779.869507
vn -2.427754 -3.190651 -1.992405
v 1468.526855 -1496.000000 1779.869507
vn -2.327076 3.190699 -2.109116
v 1466.764526 -1495.000000 1781.912598
vn -2.327076 -3.190699 -2.109116
v 1466.764526 -1496.000000 1781.912598
vn -2.220737 3.190704 -2.220806
v 1464.904053 -1495.000000 1783.866699
vn -2.220737 -3.190704 -2.220806
v 1464.904053 -1496.000000 1783.866699
vn -2.109121 3.190633 -2.327075
v 1462.949829 -1495.000000 1785.727173
vn -2.109121 -3.190633 -2.327075
v 1462.949829 -1496.000000 1785.727173
vn -1.992402 3.190721 -2.427754
v 1460.906738 -1495.000000 1787.489624
vn -1.992401 -3.190721 -2.427753
v 1460.906738 -1496.000000 1787.489624
vn -1.870900 3.190623 -2.522579
v 1458.779663 -1495.000000 1789.149536
vn -1.870901 -3.190623 -2.522580
v 1458.779663 -1496.000000 1789.149536
vn -1.744887 3.190723 -2.611326
v 1456.573730 -1495.000000 1790.703247
vn -1.744886 -3.190723 -2.611326
v 1456.573730 -1496.000000 1790.703247
vn -1.614563 3.190704 -2.693852
v 1454.294189 -1495.000000 1792.146729
vn -1.614563 -3.190704 -2.693852
v 1454.294189 -1496.000000 1792.146729
vn -1.480460 3.190640 -2.769821
v 1451.946533 -1495.000000 1793.476562
vn -1.480460 -3.190640 -2.769821
v 1451.946533 -1496.000000 1793.476562
vn -1.342803 3.190695 -2.839109
v 1449.536499 -1495.000000 1794.689697
vn -1.342803 -3.190695 -2.839109
v 1449.536499 -1496.000000 1794.689697
vn -1.201878 3.190665 -2.901578
v 1447.069824 -1495.000000 1795.783081
vn -1.201878 -3.190665 -2.901578
v 1447.069824 -1496.000000 1795.783081
vn -1.058097 3.190668 -2.957041
v 1444.552490 -1495.000000 1796.754150
vn -1.058097 -3.190668 -2.957041
v 1444.552490 -1496.000000 1796.754150
vn -0.911692 3.190716 -3.005407
v 1441.990479 -1495.000000 1797.600586
vn -0.911692 -3.190716 -3.005407
v 1441.990479 -1496.000000 1797.600586
vn -0.763106 3.190657 -3.046528
v 1439.390015 -1495.000000 1798.320190
vn -0.763106 -3.190657 -3.046528
v 1439.390015 -1496.000000 1798.320190
vn -0.612734 3.190681 -3.080295
v 1436.757446 -1495.000000 1798.911377
vn -0.612734 -3.190681 -3.080295
v 1436.757446 -1496.000000 1798.911377
vn -0.460792 3.190717 -3.106658
v 1434.098999 -1495.000000 1799.372681
vn -0.460793 -3.190717 -3.106658
v 1434.098999 -1496.000000 1799.372681
vn -0.307791 3.190650 -3.125529
v 1431.421143 -1495.000000 1799.702881
vn -0.307791 -3.190650 -3.125529
v 1431.421143 -1496.000000 1799.702881
vn -0.154144 3.190656 -3.136863
v 1428.730347 -1495.000000 1799.901367
vn -0.154144 -3.190656 -3.136862
v 1428.730347 -1496.000000 1799.901367
vn -0.038588 -3.117015 -3.141109
v 1426.032959 -1495.000000 1799.967651
vn -0.038588 -3.166161 -3.141119
v 1426.032959 -1496.000000 1799.967651
vn 0.037255 -3.165312 -3.141141
v 1099.120483 -1496.000000 1799.967651
vn 0.037255 3.165312 -3.141151
v 1099.120483 -1495.000000 1799.967651
vn 0.151917 -3.190935 -3.136960
v 1096.408813 -1496.000000 1799.903320
vn 0.151917 3.190935 -3.136961
v 1096.408813 -1495.000000 1799.903320
vn 0.306459 -3.190938 -3.125649
v 1093.703613 -1496.000000 1799.705322
vn 0.306459 3.190938 -3.125649
v 1093.703613 -1495.000000 1799.705322
vn 0.460357 -3.191001 -3.106711
v 1091.011597 -1496.000000 1799.374146
vn 0.460357 3.191001 -3.106711
v 1091.011597 -1495.000000 1799.374146
vn 0.613115 -3.190927 -3.080209
v 1088.339111 -1496.000000 1798.910400
vn 0.613115 3.190927 -3.080209
v 1088.339111 -1495.000000 1798.910400
vn 0.764262 -3.190923 -3.046228
v 1085.692749 -1496.000000 1798.315430
vn 0.764261 3.190923 -3.046228
v 1085.692749 -1495.000000 1798.315430
vn 0.913636 -3.190985 -3.004805
v 1083.078979 -1496.000000 1797.590698
vn 0.913636 3.190985 -3.004806
v 1083.078979 -1495.000000 1797.590698
vn 1.060805 -3.190937 -2.956060
v 1080.504150 -1496.000000 1796.737793
vn 1.060805 3.190937 -2.956060
v 1080.504150 -1495.000000 1796.737793
vn 1.205387 -3.190985 -2.900108
v 1077.974487 -1496.000000 1795.758911
vn 1.205387 3.190985 -2.900108
v 1077.974487 -1495.000000 1795.758911
vn 1.347038 -3.190939 -2.837091
v 1075.496338 -1496.000000 1794.656372
vn 1.347038 3.190939 -2.837091
v 1075.496338 -1495.000000 1794.656372
vn 1.485330 -3.190931 -2.767200
v 1073.075439 -1496.000000 1793.432861
vn 1.485330 3.190931 -2.767200
v 1073.075439 -1495.000000 1793.432861
vn 1.620081 -3.190995 -2.690525
v 1070.718018 -1496.000000 1792.091553
vn 1.620081 3.190995 -2.690525
v 1070.718018 -1495.000000 1792.091553
vn 1.750832 -3.190889 -2.607336
v 1068.429565 -1496.000000 1790.635376
vn 1.750831 3.190889 -2.607335
v 1068.429565 -1495.000000 1790.635376
vn 1.877315 -3.190995 -2.517791
v 1066.215698 -1496.000000 1789.068237
vn 1.877315 3.190995 -2.517791
v 1066.215698 -1495.000000 1789.068237
vn 1.999348 -3.190987 -2.422022
v 1064.081909 -1496.000000 1787.393677
vn 1.999349 3.190987 -2.422023
v 1064.081909 -1495.000000 1787.393677
vn 2.116411 -3.190913 -2.320433
v 1062.033447 -1496.000000 1785.615845
vn 2.116411 3.190913 -2.320433
v 1062.033447 -1495.000000 1785.615845
vn 2.228281 -3.190955 -2.213223
v 1060.075073 -1496.000000 1783.739136
vn 2.228281 3.190955 -2.213224
v 1060.075073 -1495.000000 1783.739136
vn 2.334779 -3.190962 -2.100571
v 1058.211670 -1496.000000 1781.768066
vn 2.334779 3.190962 -2.100571
v 1058.211670 -1495.000000 1781.768066
vn 2.435589 -3.190954 -1.982801
v 1056.447876 -1496.000000 1779.707520
vn 2.435589 3.190954 -1.982801
v 1056.447876 -1495.000000 1779.707520
vn 2.530421 -3.190916 -1.860261
v 1054.787842 -1496.000000 1777.562378
vn 2.530421 3.190916 -1.860261
v 1054.787842 -1495.000000 1777.562378
vn 2.619101 -3.190964 -1.733177
v 1053.235596 -1496.000000 1775.338013
vn 2.619101 3.190964 -1.733177
v 1053.235596 -1495.000000 1775.338013
vn 2.701468 -3.190995 -1.601766
v 1051.795044 -1496.000000 1773.039795
vn 2.701468 3.190995 -1.601766
v 1051.795044 -1495.000000 1773.039795
vn 2.777219 -3.190919 -1.466513
v 1050.469727 -1496.000000 1770.673218
vn 2.777218 3.190919 -1.466512
v 1050.469727 -1495.000000 1770.673218
vn 2.830222 -3.166283 -1.363063
v 1049.262695 -1496.000000 1768.244141
vn 2.830213 -3.116902 -1.363059
v 1049.262695 -1495.000000 1768.244141
vn 2.862725 -3.165845 -1.293402
v 968.164062 -1496.000000 1594.395996
vn 2.862735 3.165845 -1.293406
v 968.164062 -1495.000000 1594.395996
vn 2.907233 -3.190081 -1.188192
v 967.095459 -1496.000000 1591.952271
vn 2.907233 3.190081 -1.188192
v 967.095459 -1495.000000 1591.952271
vn 2.961414 -3.190096 -1.045861
v 966.146545 -1496.000000 1589.459595
vn 2.961415 3.190096 -1.045861
v 966.146545 -1495.000000 1589.459595
vn 3.008634 -3.190083 -0.901068
v 965.319641 -1496.000000 1586.923950
vn 3.008635 3.190083 -0.901068
v 965.319641 -1495.000000 1586.923950
vn 3.048781 -3.190106 -0.754143
v 964.616577 -1496.000000 1584.351074
vn 3.048781 3.190106 -0.754143
v 964.616577 -1495.000000 1584.351074
vn 3.081759 -3.190081 -0.605445
v 964.039124 -1496.000000 1581.747192
vn 3.081759 3.190081 -0.605445
v 964.039124 -1495.000000 1581.747192
vn 3.107486 -3.190095 -0.455341
v 963.588562 -1496.000000 1579.118408
vn 3.107486 3.190095 -0.455341
v 963.588562 -1495.000000 1579.118408
vn 3.125907 -3.190095 -0.304146
v 963.265991 -1496.000000 1576.470947
vn 3.125907 3.190095 -0.304146
v 963.265991 -1495.000000 1576.470947
vn 3.136976 -3.190075 -0.152265
v 963.072144 -1496.000000 1573.810791
vn 3.136976 3.190075 -0.152265
v 963.072144 -1495.000000 1573.810791
vn 3.141130 -3.165852 -0.038103
v 963.007446 -1496.000000 1571.144409
vn 3.141132 3.165852 -0.038103
v 963.007446 -1495.000000 1571.144409
vn 3.141123 -3.166089 0.038475
v 963.007446 -1496.000000 1382.943359
vn 3.141122 3.166089 0.038475
v 963.007446 -1495.000000 1382.943359
vn 3.136883 -3.190576 0.153794
v 963.073425 -1496.000000 1380.250488
vn 3.136883 3.190576 0.153794
v 963.073425 -1495.000000 1380.250488
vn 3.125595 -3.190550 0.307164
v 963.271179 -1496.000000 1377.564087
vn 3.125595 3.190550 0.307164
v 963.271179 -1495.000000 1377.564087
vn 3.106809 -3.190583 0.459808
v 963.600159 -1496.000000 1374.890625
vn 3.106809 3.190584 0.459808
v 963.600159 -1495.000000 1374.890625
vn 3.080567 -3.190575 0.611388
v 964.059692 -1496.000000 1372.236328
vn 3.080566 3.190575 0.611388
v 964.059692 -1495.000000 1372.236328
vn 3.046923 -3.190607 0.761536
v 964.648621 -1496.000000 1369.607788
vn 3.046923 3.190607 0.761536
v 964.648621 -1495.000000 1369.607788
vn 3.005995 -3.190520 0.909777
v 965.365601 -1496.000000 1367.011353
vn 3.005995 3.190520 0.909777
v 965.365601 -1495.000000 1367.011353
vn 2.957859 -3.190596 1.055818
v 966.208740 -1496.000000 1364.453003
vn 2.957859 3.190597 1.055818
v 966.208740 -1495.000000 1364.453003
vn 2.902599 -3.190582 1.199417
v 967.176208 -1496.000000 1361.938965
vn 2.902599 3.190582 1.199417
v 967.176208 -1495.000000 1361.938965
vn 2.840400 -3.190555 1.340080
v 968.265564 -1496.000000 1359.475464
vn 2.840401 3.190555 1.340080
v 968.265564 -1495.000000 1359.475464
vn 2.771376 -3.190598 1.477551
v 969.474243 -1496.000000 1357.068115
vn 2.771376 3.190598 1.477551
v 969.474243 -1495.000000 1357.068115
vn 2.695685 -3.190579 1.611511
v 970.799377 -1496.000000 1354.722900
vn 2.695685 3.190579 1.611511
v 970.799377 -1495.000000 1354.722900
vn 2.613587 -3.190527 1.741512
v 972.237732 -1496.000000 1352.445435
vn 2.613587 3.190527 1.741512
v 972.237732 -1495.000000 1352.445435
vn 2.525189 -3.190614 1.867378
v 973.785828 -1496.000000 1350.240967
vn 2.525189 3.190614 1.867378
v 973.785828 -1495.000000 1350.240967
vn 2.430713 -3.190554 1.988801
v 975.440002 -1496.000000 1348.115112
vn 2.430713 3.190554 1.988801
v 975.440002 -1495.000000 1348.115112
vn 2.330410 -3.190604 2.105438
v 977.196350 -1496.000000 1346.072632
vn 2.330410 3.190604 2.105438
v 977.196350 -1495.000000 1346.072632
vn 2.224529 -3.190546 2.217017
v 979.050537 -1496.000000 1344.118774
vn 2.224529 3.190546 2.217017
v 979.050537 -1495.000000 1344.118774
vn 2.113371 -3.190551 2.323220
v 980.998169 -1496.000000 1342.257935
vn 2.113371 3.190551 2.323220
v 980.998169 -1495.000000 1342.257935
vn 1.997067 -3.190613 2.423923
v 983.034546 -1496.000000 1340.494629
vn 1.997067 3.190613 2.423922
v 983.034546 -1495.000000 1340.494629
vn 1.875965 -3.190557 2.518818
v 985.154846 -1496.000000 1338.833252
vn 1.875965 3.190557 2.518819
v 985.154846 -1495.000000 1338.833252
vn 1.750405 -3.190578 2.607637
v 987.354004 -1496.000000 1337.277588
vn 1.750405 3.190578 2.607637
v 987.354004 -1495.000000 1337.277588
vn 1.620601 -3.190592 2.690229
v 989.626587 -1496.000000 1335.831543
vn 1.620601 3.190592 2.690229
v 989.626587 -1495.000000 1335.831543
vn 1.486958 -3.190543 2.766342
v 991.967285 -1496.000000 1334.498535
vn 1.486959 3.190543 2.766342
v 991.967285 -1495.000000 1334.498535
vn 1.349779 -3.190570 2.835804
v 994.370483 -1496.000000 1333.281616
vn 1.349778 3.190570 2.835804
v 994.370483 -1495.000000 1333.281616
vn 1.209274 -3.190605 2.898506
v 996.830322 -1496.000000 1332.183838
vn 1.209274 3.190605 2.898506
v 996.830322 -1495.000000 1332.183838
vn 1.065908 -3.190544 2.954240
v 999.341003 -1496.000000 1331.207886
vn 1.065908 3.190544 2.954240
v 999.341003 -1495.000000 1331.207886
vn 0.919979 -3.190607 3.002885
v 1001.896423 -1496.000000 1330.355957
vn 0.919979 3.190607 3.002885
v 1001.896423 -1495.000000 1330.355957
vn 0.771841 -3.190546 3.044332
v 1004.490540 -1496.000000 1329.630249
vn 0.771841 3.190546 3.044332
v 1004.490540 -1495.000000 1329.630249
vn -1.246126 -5.366960 0.614435
v 2335.554688 -1496.000000 405.195709
vn -2.480078 -3.154218 -1.928319
v 2316.309570 -1496.000000 430.272614
vn -1.246125 5.366960 0.614465
v 2335.554688 -1495.000000 405.195709
vn -2.480083 3.154218 -1.928322
v 2316.309570 -1495.000000 430.272614
vn -2.455523 -3.154210 -1.959499
v 2296.749512 -1496.000000 455.104401
vn -2.455523 3.154209 -1.959498
v 2296.749512 -1495.000000 455.104401
vn -2.430574 -3.154241 -1.990360
v 2276.876953 -1496.000000 479.687134
vn -2.430571 3.154241 -1.990358
v 2276.876953 -1495.000000 479.687134
vn -2.405239 -3.154216 -2.020897
v 2256.695801 -1496.000000 504.016907
vn -2.405242 3.154216 -2.020900
v 2256.695801 -1495.000000 504.016907
vn -2.379517 -3.154230 -2.051128
v 2236.208740 -1496.000000 528.089783
vn -2.379514 3.154230 -2.051125
v 2236.208740 -1495.000000 528.089783
vn -2.353415 -3.154244 -2.081018
v 2215.419189 -1496.000000 551.901978
vn -2.353415 3.154244 -2.081018
v 2215.419189 -1495.000000 551.901978
vn -2.326943 -3.154212 -2.110577
v 2194.330566 -1496.000000 575.449646
vn -2.326943 3.154212 -2.110577
v 2194.330566 -1495.000000 575.449646
vn -2.300097 -3.154226 -2.139802
v 2172.946289 -1496.000000 598.729004
vn -2.300100 3.154226 -2.139804
v 2172.946289 -1495.000000 598.729004
vn -2.272887 -3.154224 -2.168689
v 2151.269531 -1496.000000 621.736450
vn -2.272887 3.154224 -2.168689
v 2151.269531 -1495.000000 621.736450
vn -2.245306 -3.154230 -2.197231
v 2129.303955 -1496.000000 644.468201
vn -2.245304 3.154230 -2.197228
v 2129.303955 -1495.000000 644.468201
vn -2.217372 -3.154218 -2.225413
v 2107.052734 -1496.000000 666.920715
vn -2.217375 3.154218 -2.225415
v 2107.052734 -1495.000000 666.920715
vn -2.189085 -3.154233 -2.253248
v 2084.520020 -1496.000000 689.090332
vn -2.189085 3.154233 -2.253248
v 2084.520020 -1495.000000 689.090332
vn -2.160448 -3.154217 -2.280721
v 2061.708740 -1496.000000 710.973511
vn -2.160445 3.154217 -2.280718
v 2061.708740 -1495.000000 710.973511
vn -2.131469 -3.154228 -2.307822
v 2038.623169 -1496.000000 732.566833
vn -2.131469 3.154228 -2.307822
v 2038.623169 -1495.000000 732.566833
vn -2.102144 -3.154224 -2.334564
v 2015.266479 -1496.000000 753.866882
vn -2.102144 3.154224 -2.334564
v 2015.266479 -1495.000000 753.866882
vn -2.072485 -3.154227 -2.360933
v 1991.642700 -1496.000000 774.870117
vn -2.072485 3.154227 -2.360933
v 1991.642700 -1495.000000 774.870117
vn -2.042497 -3.154223 -2.386924
v 1967.755371 -1496.000000 795.573303
vn -2.042498 3.154223 -2.386926
v 1967.755371 -1495.000000 795.573303
vn -2.012185 -3.154226 -2.412535
v 1943.608521 -1496.000000 815.973083
vn -2.012183 3.154226 -2.412534
v 1943.608521 -1495.000000 815.973083
vn -1.981548 -3.154224 -2.437759
v 1919.205933 -1496.000000 836.066162
vn -1.981547 3.154224 -2.437757
v 1919.205933 -1495.000000 836.066162
vn -1.950593 -3.154227 -2.462595
v 1894.551392 -1496.000000 855.849487
vn -1.950595 3.154227 -2.462596
v 1894.551392 -1495.000000 855.849487
vn -1.919333 -3.154222 -2.487039
v 1869.648926 -1496.000000 875.319702
vn -1.919333 3.154222 -2.487039
v 1869.648926 -1495.000000 875.319702
vn -1.887765 -3.154227 -2.511084
v 1844.502563 -1496.000000 894.473877
vn -1.887768 3.154227 -2.511087
v 1844.502563 -1495.000000 894.473877
vn -1.855898 -3.154223 -2.534733
v 1819.116211 -1496.000000 913.308838
vn -1.855896 3.154223 -2.534731
v 1819.116211 -1495.000000 913.308838
vn -1.823730 -3.154226 -2.557972
v 1793.494019 -1496.000000 931.821655
vn -1.823731 3.154226 -2.557973
v 1793.494019 -1495.000000 931.821655
vn -1.791275 -3.154222 -2.580806
v 1767.640015 -1496.000000 950.009277
vn -1.791273 3.154222 -2.580803
v 1767.640015 -1495.000000 950.009277
vn -1.758529 -3.154228 -2.603224
v 1741.558350 -1496.000000 967.868958
vn -1.758529 3.154228 -2.603224
v 1741.558350 -1495.000000 967.868958
vn -1.725501 -3.154225 -2.625233
v 1715.253052 -1496.000000 985.397705
vn -1.725503 3.154225 -2.625236
v 1715.253052 -1495.000000 985.397705
vn -1.692206 -3.154223 -2.646821
v 1688.728516 -1496.000000 1002.592712
vn -1.692206 3.154223 -2.646821
v 1688.728516 -1495.000000 1002.592712
vn -1.658639 -3.154209 -2.667985
v 1661.988892 -1496.000000 1019.451355
vn -1.658639 3.154209 -2.667985
v 1661.988892 -1495.000000 1019.451355
vn -1.624803 -3.154223 -2.688725
v 1635.038330 -1496.000000 1035.970947
vn -1.624803 3.154223 -2.688725
v 1635.038330 -1495.000000 1035.970947
vn -1.590708 -3.154211 -2.709035
v 1607.881348 -1496.000000 1052.148682
vn -1.590708 3.154211 -2.709035
v 1607.881348 -1495.000000 1052.148682
vn -1.556362 -3.154229 -2.728912
v 1580.522217 -1496.000000 1067.982056
vn -1.556361 3.154229 -2.728910
v 1580.522217 -1495.000000 1067.982056
vn -1.521771 -3.154191 -2.748349
v 1552.965210 -1496.000000 1083.468628
vn -1.521771 3.154191 -2.748349
v 1552.965210 -1495.000000 1083.468628
vn -1.486929 -3.154224 -2.767355
v 1525.214844 -1496.000000 1098.605957
vn -1.486929 3.154224 -2.767355
v 1525.214844 -1495.000000 1098.605957
vn -1.451848 -3.154215 -2.785920
v 1497.275391 -1496.000000 1113.391357
vn -1.451848 3.154215 -2.785920
v 1497.275391 -1495.000000 1113.391357
vn -1.416550 -3.154215 -2.804033
v 1469.151367 -1496.000000 1127.822754
vn -1.416551 3.154215 -2.804034
v 1469.151367 -1495.000000 1127.822754
vn -1.381019 -3.154218 -2.821703
v 1440.847412 -1496.000000 1141.897827
vn -1.381020 3.154217 -2.821705
v 1440.847412 -1495.000000 1141.897827
vn -1.345259 -3.154230 -2.838928
v 1412.367920 -1496.000000 1155.614136
vn -1.345258 3.154230 -2.838925
v 1412.367920 -1495.000000 1155.614136
vn -1.309292 -3.154221 -2.855690
v 1383.717285 -1496.000000 1168.969604
vn -1.309292 3.154221 -2.855690
v 1383.717285 -1495.000000 1168.969604
vn -1.273117 -3.154227 -2.872000
v 1354.900391 -1496.000000 1181.962158
vn -1.273116 3.154227 -2.871997
v 1354.900391 -1495.000000 1181.962158
vn -1.236731 -3.154225 -2.887851
v 1325.921631 -1496.000000 1194.589600
vn -1.236733 3.154225 -2.887856
v 1325.921631 -1495.000000 1194.589600
vn -1.200155 -3.154225 -2.903249
v 1296.785645 -1496.000000 1206.849976
vn -1.200153 3.154225 -2.903245
v 1296.785645 -1495.000000 1206.849976
vn -1.163387 -3.154222 -2.918173
v 1267.497070 -1496.000000 1218.741333
vn -1.163388 3.154222 -2.918175
v 1267.497070 -1495.000000 1218.741333
vn -1.126436 -3.154225 -2.932636
v 1238.060669 -1496.000000 1230.261841
vn -1.126435 3.154225 -2.932632
v 1238.060669 -1495.000000 1230.261841
vn -1.089300 -3.154225 -2.946628
v 1208.481201 -1496.000000 1241.409546
vn -1.089301 3.154225 -2.946631
v 1208.481201 -1495.000000 1241.409546
vn -1.051987 -3.154228 -2.960158
v 1178.763184 -1496.000000 1252.182739
vn -1.051986 3.154228 -2.960156
v 1178.763184 -1495.000000 1252.182739
vn -1.014510 -3.154222 -2.973209
v 1148.911377 -1496.000000 1262.579590
vn -1.014511 3.154222 -2.973211
v 1148.911377 -1495.000000 1262.579590
vn -0.976878 -3.154225 -2.985786
v 1118.930664 -1496.000000 1272.598633
vn -0.976878 3.154225 -2.985785
v 1118.930664 -1495.000000 1272.598633
vn -0.939083 -3.154226 -2.997887
v 1088.825806 -1496.000000 1282.238159
vn -0.939083 3.154226 -2.997887
v 1088.825806 -1495.000000 1282.238159
vn -0.901140 -3.154223 -3.009509
v 1058.601685 -1496.000000 1291.496582
vn -0.901141 3.154223 -3.009511
v 1058.601685 -1495.000000 1291.496582
vn -0.863051 -3.154228 -3.020655
v 1028.262939 -1496.000000 1300.372559
vn -0.863051 3.154228 -3.020653
v 1028.262939 -1495.000000 1300.372559
vn -0.870892 -3.123752 -3.018337
v 997.814453 -1496.000000 1308.864502
vn -0.870893 3.123752 -3.018339
v 997.814453 -1495.000000 1308.864502
vn -0.970055 -3.093236 -2.987111
v 994.247986 -1496.000000 1309.928101
vn -0.970054 3.093236 -2.987111
v 994.247986 -1495.000000 1309.928101
vn -1.113282 -3.093255 -2.936740
v 990.737122 -1496.000000 1311.162842
vn -1.113282 3.093255 -2.936740
v 990.737122 -1495.000000 1311.162842
vn -1.253882 -3.093254 -2.879518
v 987.289978 -1496.000000 1312.565796
vn -1.253882 3.093254 -2.879517
v 987.289978 -1495.000000 1312.565796
vn -1.391554 -3.093254 -2.815567
v 983.914673 -1496.000000 1314.133667
vn -1.391554 3.093254 -2.815567
v 983.914673 -1495.000000 1314.133667
vn -1.525939 -3.093281 -2.745060
v 980.619080 -1496.000000 1315.862793
vn -1.525939 3.093281 -2.745061
v 980.619080 -1495.000000 1315.862793
vn -1.656805 -3.093220 -2.668114
v 977.410889 -1496.000000 1317.749023
vn -1.656805 3.093220 -2.668113
v 977.410889 -1495.000000 1317.749023
vn -1.783831 -3.093259 -2.584915
v 974.297607 -1496.000000 1319.788208
vn -1.783831 3.093259 -2.584915
v 974.297607 -1495.000000 1319.788208
vn -1.906623 -3.093272 -2.495723
v 971.286438 -1496.000000 1321.975464
vn -1.906623 3.093271 -2.495723
v 971.286438 -1495.000000 1321.975464
vn -2.024982 -3.093242 -2.400684
v 968.384521 -1496.000000 1324.305542
vn -2.024982 3.093242 -2.400684
v 968.384521 -1495.000000 1324.305542
vn -2.138630 -3.093257 -2.300023
v 965.598572 -1496.000000 1326.773193
vn -2.138630 3.093257 -2.300022
v 965.598572 -1495.000000 1326.773193
vn -2.247269 -3.093251 -2.193997
v 962.935120 -1496.000000 1329.372559
vn -2.247269 3.093251 -2.193997
v 962.935120 -1495.000000 1329.372559
vn -2.350635 -3.093280 -2.082874
v 960.400330 -1496.000000 1332.097656
vn -2.350635 3.093280 -2.082874
v 960.400330 -1495.000000 1332.097656
vn -2.448533 -3.093225 -1.966855
v 958.000183 -1496.000000 1334.941895
vn -2.448533 3.093225 -1.966855
v 958.000183 -1495.000000 1334.941895
vn -2.540730 -3.093261 -1.846220
v 955.740295 -1496.000000 1337.898926
vn -2.540730 3.093261 -1.846221
v 955.740295 -1495.000000 1337.898926
vn -2.626965 -3.093253 -1.721306
v 953.625916 -1496.000000 1340.961670
vn -2.626965 3.093253 -1.721306
v 953.625916 -1495.000000 1340.961670
vn -2.707056 -3.093273 -1.592387
v 951.662048 -1496.000000 1344.122925
vn -2.707055 3.093274 -1.592387
v 951.662048 -1495.000000 1344.122925
vn -2.780838 -3.093230 -1.459717
v 949.853149 -1496.000000 1347.375366
vn -2.780838 3.093230 -1.459717
v 949.853149 -1495.000000 1347.375366
vn -2.848133 -3.093263 -1.323623
v 948.203552 -1496.000000 1350.711548
vn -2.848133 3.093263 -1.323623
v 948.203552 -1495.000000 1350.711548
vn -2.908761 -3.093248 -1.184460
v 946.717102 -1496.000000 1354.123413
vn -2.908761 3.093248 -1.184460
v 946.717102 -1495.000000 1354.123413
vn -2.962593 -3.093268 -1.042537
v 945.397217 -1496.000000 1357.603271
vn -2.962594 3.093268 -1.042538
v 945.397217 -1495.000000 1357.603271
vn -3.009509 -3.093235 -0.898160
v 944.247009 -1496.000000 1361.142700
vn -3.009509 3.093235 -0.898160
v 944.247009 -1495.000000 1361.142700
vn -3.049391 -3.093284 -0.751708
v 943.269226 -1496.000000 1364.733643
vn -3.049390 3.093284 -0.751708
v 943.269226 -1495.000000 1364.733643
vn -3.082149 -3.093221 -0.603478
v 942.466003 -1496.000000 1368.367554
vn -3.082150 3.093221 -0.603478
v 942.466003 -1495.000000 1368.367554
vn -3.107713 -3.093279 -0.453832
v 941.839417 -1496.000000 1372.036133
vn -3.107714 3.093279 -0.453832
v 941.839417 -1495.000000 1372.036133
vn -3.126009 -3.093242 -0.303158
v 941.390747 -1496.000000 1375.730591
vn -3.126009 3.093242 -0.303158
v 941.390747 -1495.000000 1375.730591
vn -3.137007 -3.093266 -0.151757
v 941.121155 -1496.000000 1379.442505
vn -3.137007 3.093266 -0.151757
v 941.121155 -1495.000000 1379.442505
vn -3.141134 -3.117417 -0.037972
v 941.031189 -1496.000000 1383.163086
vn -3.141129 3.117417 -0.037972
v 941.031189 -1495.000000 1383.163086
vn -3.141127 -3.117350 0.038077
v 941.031189 -1496.000000 1571.139160
vn -3.141131 3.117350 0.038077
v 941.031189 -1495.000000 1571.139160
vn -3.136976 3.093082 0.152258
v 941.121704 -1495.000000 1574.872070
vn -3.136976 -3.093082 0.152258
v 941.121704 -1496.000000 1574.872070
vn -3.125906 3.093105 0.304159
v 941.393127 -1495.000000 1578.596191
vn -3.125906 -3.093105 0.304159
v 941.393127 -1496.000000 1578.596191
vn -3.107486 3.093090 0.455333
v 941.844727 -1495.000000 1582.302734
vn -3.107487 -3.093090 0.455333
v 941.844727 -1496.000000 1582.302734
vn -3.081755 -3.093090 0.605461
v 942.475525 -1496.000000 1585.983154
vn -3.081756 3.093090 0.605461
v 942.475525 -1495.000000 1585.983154
vn -3.048785 -3.093111 0.754134
v 943.283997 -1496.000000 1589.628540
vn -3.048784 3.093111 0.754134
v 943.283997 -1495.000000 1589.628540
vn -3.008642 -3.093084 0.901041
v 944.268188 -1496.000000 1593.230469
vn -3.008642 3.093084 0.901041
v 944.268188 -1495.000000 1593.230469
vn -2.961415 -3.093089 1.045861
v 945.425903 -1496.000000 1596.780518
vn -2.961415 3.093089 1.045861
v 945.425903 -1495.000000 1596.780518
vn -2.907221 -3.093084 1.188220
v 946.754333 -1496.000000 1600.270142
vn -2.907221 3.093084 1.188220
v 946.754333 -1495.000000 1600.270142
vn -2.862722 3.117318 1.293435
v 948.250427 -1495.000000 1603.691284
vn -2.862694 -3.117318 1.293422
v 948.250427 -1496.000000 1603.691284
vn -1.423496 2.007201 2.234850
v 1134.524536 -1495.000000 2003.000000
vn -1.423525 -2.007201 2.234859
v 1134.524536 -1496.000000 2003.000000
vn 0.095897 -3.080469 3.138703
v 1544.938843 -1496.000000 2003.000000
vn 0.095895 3.080469 3.138663
v 1544.938843 -1495.000000 2003.000000
vn 0.230443 3.116929 3.132925
v 2444.317871 -1495.000000 1947.991577
vn 0.230440 -3.116934 3.132890
v 2444.317871 -1496.000000 1947.991577
vn 0.346328 -3.092114 3.121478
v 2444.958252 -1496.000000 1947.936523
vn 0.346328 3.092115 3.121477
v 2444.958252 -1495.000000 1947.936523
vn 0.500254 -3.092138 3.100535
v 2445.595215 -1496.000000 1947.849854
vn 0.500254 3.092134 3.100535
v 2445.595215 -1495.000000 1947.849854
vn 0.652999 -3.092086 3.071995
v 2446.227051 -1496.000000 1947.731812
vn 0.652999 3.092089 3.071995
v 2446.227051 -1495.000000 1947.731812
vn 0.804167 -3.092121 3.035932
v 2446.852295 -1496.000000 1947.582642
vn 0.804167 3.092120 3.035932
v 2446.852295 -1495.000000 1947.582642
vn 0.953074 -3.092283 2.992533
v 2447.469482 -1496.000000 1947.402710
vn 0.953074 3.092281 2.992533
v 2447.469482 -1495.000000 1947.402710
vn 1.099795 -3.092018 2.941767
v 2448.076904 -1496.000000 1947.192627
vn 1.099795 3.092023 2.941767
v 2448.076904 -1495.000000 1947.192627
vn 1.243859 -3.092264 2.883820
v 2448.673340 -1496.000000 1946.952637
vn 1.243859 3.092261 2.883820
v 2448.673340 -1495.000000 1946.952637
vn 1.384686 -3.092159 2.818904
v 2449.257080 -1496.000000 1946.683594
vn 1.384686 3.092159 2.818904
v 2449.257080 -1495.000000 1946.683594
vn 1.522596 -3.091927 2.746857
v 2449.826904 -1496.000000 1946.385986
vn 1.522596 3.091933 2.746857
v 2449.826904 -1495.000000 1946.385986
vn 1.656792 -3.092147 2.668073
v 2450.381104 -1496.000000 1946.060547
vn 1.656793 3.092147 2.668073
v 2450.381104 -1495.000000 1946.060547
vn 1.786399 -3.092334 2.583098
v 2450.918701 -1496.000000 1945.708008
vn 1.786399 3.092336 2.583098
v 2450.918701 -1495.000000 1945.708008
vn 1.911949 -3.091901 2.491579
v 2451.438232 -1496.000000 1945.329468
vn 1.911949 3.091900 2.491579
v 2451.438232 -1495.000000 1945.329468
vn 2.032623 -3.092521 2.394182
v 2451.938232 -1496.000000 1944.925659
vn 2.032623 3.092521 2.394182
v 2451.938232 -1495.000000 1944.925659
vn 2.148477 -3.091751 2.290747
v 2452.417969 -1496.000000 1944.497681
vn 2.148477 3.091751 2.290747
v 2452.417969 -1495.000000 1944.497681
vn 2.259505 -3.092157 2.181333
v 2452.875732 -1496.000000 1944.046387
vn 2.259505 3.092156 2.181333
v 2452.875732 -1495.000000 1944.046387
vn 2.364218 -3.092473 2.067396
v 2453.310547 -1496.000000 1943.573120
vn 2.364218 3.092472 2.067396
v 2453.310547 -1495.000000 1943.573120
vn 2.463494 -3.091816 1.947997
v 2453.721680 -1496.000000 1943.078979
vn 2.463493 3.091816 1.947997
v 2453.721680 -1495.000000 1943.078979
vn 2.556886 -3.092361 1.823721
v 2454.107666 -1496.000000 1942.565063
vn 2.556886 3.092355 1.823721
v 2454.107666 -1495.000000 1942.565063
vn 2.643690 -3.092172 1.695430
v 2454.468018 -1496.000000 1942.032593
vn 2.643690 3.092172 1.695430
v 2454.468018 -1495.000000 1942.032593
vn 2.724360 -3.091982 1.562497
v 2454.801514 -1496.000000 1941.483154
vn 2.724360 3.091982 1.562497
v 2454.801514 -1495.000000 1941.483154
vn 2.798314 -3.092256 1.425846
v 2455.107422 -1496.000000 1940.917725
vn 2.798314 3.092246 1.425846
v 2455.107422 -1495.000000 1940.917725
vn 2.865372 -3.092030 1.285764
v 2455.385010 -1496.000000 1940.338013
vn 2.865372 3.092030 1.285764
v 2455.385010 -1495.000000 1940.338013
vn 2.925453 -3.092213 1.142503
v 2455.633545 -1496.000000 1939.745239
vn 2.925453 3.092213 1.142503
v 2455.633545 -1495.000000 1939.745239
vn 2.978412 -3.091923 0.996284
v 2455.852539 -1496.000000 1939.140869
vn 2.978412 3.091926 0.996284
v 2455.852539 -1495.000000 1939.140869
vn 3.024061 -3.092288 0.847739
v 2456.041260 -1496.000000 1938.526367
vn 3.024061 3.092286 0.847739
v 2456.041260 -1495.000000 1938.526367
vn 3.062210 -3.092149 0.697456
v 2456.199463 -1496.000000 1937.903320
vn 3.062210 3.092149 0.697456
v 2456.199463 -1495.000000 1937.903320
vn 3.086732 -3.116979 0.583648
v 2456.326660 -1496.000000 1937.273315
vn 3.086660 3.116986 0.583635
v 2456.326660 -1495.000000 1937.273315
vn 1.547004 1.396736 -1.298018
v 2737.616455 -1495.000000 342.000000
vn 1.546932 -1.396736 -1.298024
v 2737.616455 -1496.000000 342.000000
vn -1.280553 2.188475 -2.480508
v 2381.883301 -1495.000000 342.000000
vn -1.280553 -2.188475 -2.480514
v 2381.883301 -1496.000000 342.000000
vn -1.280553 4.094710 -2.480514
v 2379.613037 -1495.000000 345.195709
vn -1.280553 -4.094710 -2.480594
v 2379.613037 -1496.000000 345.195709
vn -1.570794 1.570796 -1.570876
v 742.000000 -1495.000000 345.195709
vn -1.570796 -1.570796 -1.570796
v 742.000000 -1496.000000 345.195709
vn -1.570794 -1.570796 1.570796
v 742.000000 -1496.000000 405.195709
vn -1.570796 1.570796 1.570767
v 742.000000 -1495.000000 405.195709
vn 2.434240 3.131310 1.985908
v 2278.237793 -1495.000000 474.862030
vn 2.434238 -3.131310 1.985907
v 2278.237793 -1496.000000 474.862030
vn 2.454529 -3.131310 1.960774
v 2294.384277 -1496.000000 454.861328
vn 1.212015 -2.260253 2.570040
v 2261.886475 -1496.000000 494.695709
vn 1.212014 2.260253 2.570007
v 2261.886475 -1495.000000 494.695709
vn 2.454527 3.131310 1.960772
v 2294.384277 -1495.000000 454.861328
vn 1.232303 -0.901905 -0.596721
v 2310.324219 -1496.000000 434.695709
vn 1.232305 0.901905 -0.596680
v 2310.324219 -1495.000000 434.695709
vn -1.570796 -1.570785 -1.570757
v 742.000000 -1496.000000 434.695709
vn -1.570794 1.570785 -1.570796
v 742.000000 -1495.000000 434.695709
vn -1.570794 -1.570796 1.570796
v 742.000000 -1496.000000 494.695709
vn -1.570796 1.570796 1.570829
v 742.000000 -1495.000000 494.695709
vn 1.570796 1.570796 -4.712395
v 799.923889 -1427.500000 340.000000
vn 1.570796 -1.570796 -4.712389
v 799.923889 -598.367798 340.000000
vn 1.570796 -1.570796 4.712389
v 799.923889 -598.367798 385.500000
vn 1.570796 1.570797 4.712395
v 799.923889 -1427.500000 385.500000
vn -1.110722 2.681517 -3.926992
v 1442.578247 -1427.500000 340.000000
vn -1.110722 2.681516 3.926992
v 1442.578247 -1427.500000 385.500000
vn -1.110722 2.681516 -2.356194
v 1517.512329 -1352.565796 340.000000
vn -1.110722 2.681517 2.356194
v 1517.512329 -1352.565796 385.500000
vn -1.081117 2.710353 -3.900681
v 2412.678467 -1352.565796 340.000000
vn -1.081117 2.710352 3.900681
v 2412.678467 -1352.565796 385.500000
vn -1.081117 2.710352 2.382504
v 2607.678467 -1167.565796 385.500000
vn -1.081117 2.710352 -2.382504
v 2607.678467 -1167.565796 340.000000
vn -1.570796 1.570796 -4.712389
v 2680.160889 -1167.565796 340.000000
vn -1.570796 1.570796 4.712389
v 2680.160889 -1167.565796 385.500000
vn -1.570796 -1.570796 -4.712386
v 2680.160889 -598.367798 340.000000
vn -1.570796 -1.570796 4.712386
v 2680.160889 -598.367798 385.500000
vn -1.570796 1.570796 4.712389
v 795.092346 -600.400024 385.500000
vn -1.570796 1.570797 -1.570793
v 795.092346 -584.432251 340.000000
vn -1.570796 1.570796 -4.712389
v 795.092346 -600.400024 340.000000
vn -1.570796 1.570796 1.570793
v 795.092346 -584.432251 385.500000
vn 1.570796 1.570797 1.570797
v 2698.460205 -584.432251 385.500000
vn 1.570797 1.570796 -1.570797
v 2698.460205 -584.432251 340.000000
vn 1.570797 -1.570796 1.570796
v 2698.460205 -1185.817749 385.500000
vn 1.570796 -1.570796 -1.570796
v 2698.460205 -1185.817749 340.000000
vn 1.081116 -2.710353 -3.900680
v 2614.958984 -1185.817749 340.000000
vn 1.081116 -2.710352 3.900680
v 2614.958984 -1185.817749 385.500000
vn 1.081116 -2.710352 -2.382505
v 2419.958740 -1370.817749 340.000000
vn 1.081116 -2.710353 2.382505
v 2419.958740 -1370.817749 385.500000
vn 1.110722 -2.681516 3.926992
v 1525.072388 -1370.817749 385.500000
vn 1.110721 -2.681516 -3.926992
v 1525.072388 -1370.817749 340.000000
vn 1.111082 -2.681516 2.356420
v 1450.223999 -1445.666260 385.500000
vn 1.111082 -2.681515 -2.356420
v 1450.223999 -1445.666260 340.000000
vn -1.570436 -1.570796 1.570567
v 790.000000 -1445.817749 385.500000
vn -1.570436 -1.570796 -1.570567
v 790.000000 -1445.817749 340.000000
vn -1.570796 -1.570796 4.712389
v 790.000000 -1430.400024 385.500000
vn -1.570796 -1.570796 -4.712389
v 790.000000 -1430.400024 340.000000
vn -1.570797 -1.570796 -1.570796
v 781.624573 -1430.400024 340.000000
vn -1.570796 -1.570796 1.570796
v 781.624573 -1430.400024 385.500000
vn -1.570797 1.570796 1.570794
v 781.624573 -600.400024 385.500000
vn -1.570796 1.570796 -1.570794
v 781.624573 -600.400024 340.000000
vn 0.381358 -0.000125 6.271600
v 1567.131348 -1364.229492 2003.646362
vn 0.383576 -0.000013 6.271472
v 1566.958984 -1360.297241 2003.656982
vn 0.379661 -0.000397 6.271701
v 1567.005249 -1362.265503 2003.654053
vn 0.384380 0.000084 6.271420
v 1567.363647 -1366.402344 2003.632202
vn 0.382419 -0.000207 6.271537
v 1567.691772 -1368.562622 2003.612061
vn 0.384185 0.000133 6.271428
v 1568.114258 -1370.706421 2003.586304
vn 0.383445 -0.000122 6.271475
v 1568.629761 -1372.829712 2003.554688
vn 0.382914 -0.000085 6.271506
v 1569.236938 -1374.928711 2003.517578
vn 0.383417 0.000018 6.271476
v 1569.934448 -1376.999390 2003.474976
vn 0.383623 0.000933 6.271462
v 2373.525146 -580.184570 1954.325195
vn 0.383494 -0.001696 6.271470
v 2371.348145 -580.042969 1954.458374
vn 0.383566 -0.000001 6.271468
v 2369.166260 -580.000000 1954.591797
vn 0.383498 -0.000410 6.271472
v 2375.693359 -580.423462 1954.192627
vn 0.383540 -0.000785 6.271468
v 2377.848633 -580.758179 1954.060791
vn 0.381538 -0.001155 6.271590
v 1574.727295 -1386.790405 2003.181763
vn 0.383364 -0.000136 6.271478
v 1572.554565 -1383.002075 2003.314697
vn 0.381467 -0.001325 6.271595
v 1573.599365 -1384.920166 2003.250732
vn 0.383642 0.000218 6.271461
v 2379.987305 -581.187378 1953.929932
vn 0.383763 0.000207 6.271460
v 1575.936157 -1388.609375 2003.107910
vn 0.383424 -0.000114 6.271474
v 1571.594604 -1381.040039 2003.373413
vn 0.383551 -0.000186 6.271469
v 2382.105225 -581.709717 1953.800415
vn 0.383855 0.000125 6.271452
v 1577.223145 -1390.373779 2003.029175
vn 0.383576 -0.000024 6.271463
v 1570.720703 -1379.037720 2003.426880
vn 0.383650 0.000617 6.271461
v 2384.198486 -582.323730 1953.672363
vn 0.383601 0.000002 6.271465
v 1578.585815 -1392.080200 2002.945801
vn 0.383482 0.000055 6.271477
v 2386.263428 -583.028137 1953.546143
vn 0.383880 0.000382 6.271448
v 1583.101318 -1396.819702 2002.669678
vn 0.383996 0.000461 6.271437
v 1580.021484 -1393.725586 2002.858032
vn 0.381120 -0.002455 6.271615
v 1581.527588 -1395.306519 2002.765869
vn 0.383662 0.000032 6.271459
v 1584.739624 -1398.262573 2002.569458
vn 0.383237 -0.000548 6.271488
v 2396.022949 -587.857056 1952.949219
vn 0.381353 -0.003688 6.271598
v 2394.159424 -586.721741 1953.063232
vn 0.383705 0.000396 6.271468
v 2392.247803 -585.669739 1953.180054
vn 0.383206 -0.000679 6.271491
v 2397.835205 -589.073120 1952.838379
vn 0.384242 0.000941 6.271419
v 2390.291992 -584.702515 1953.299683
vn 0.383910 0.000584 6.271443
v 2399.592773 -590.367432 1952.730835
vn 0.383545 -0.000074 6.271471
v 2388.295898 -583.821533 1953.421875
vn 0.383542 -0.000047 6.271472
v 2401.292236 -591.737366 1952.626953
vn 0.383519 -0.000192 6.271457
v 1593.784180 -1404.330322 2002.016235
vn 0.383852 0.000354 6.271448
v 1590.008911 -1402.142944 2002.247192
vn 0.383572 -0.000162 6.271469
v 1591.872559 -1403.278198 2002.133179
vn 0.384125 0.001018 6.271431
v 1588.196777 -1400.926880 2002.358032
vn 0.383498 -0.000112 6.271471
v 1595.739990 -1405.297485 2001.896606
vn 0.383332 -0.000414 6.271481
v 1586.439209 -1399.632568 2002.465454
vn 0.382651 -0.001040 6.271516
v 2406.010498 -596.274414 1952.338379
vn 0.384240 0.000616 6.271425
v 2402.930420 -593.180237 1952.526733
vn 0.386275 0.002794 6.271299
v 2404.504395 -594.693542 1952.430420
vn 0.383461 -0.000067 6.271475
v 1597.736084 -1406.178467 2001.774536
vn 0.383589 -0.000026 6.271469
v 1599.768433 -1406.971802 2001.650269
vn 0.383508 0.000029 6.271470
v 2407.446045 -597.919800 1952.250488
vn 0.383960 0.000155 6.271444
v 2413.477295 -606.997864 1951.881592
vn 0.383641 0.000002 6.271460
v 2411.304688 -603.209595 1952.014526
vn 0.383721 0.000001 6.271457
v 2410.095703 -601.390625 1952.088501
vn 0.381277 -0.001451 6.271605
v 2412.432617 -605.079773 1951.945557
vn 0.384601 0.000758 6.271401
v 2414.437256 -608.960022 1951.822876
vn 0.382801 -0.000434 6.271512
v 2408.808838 -599.626282 1952.167236
vn 0.383566 -0.000005 6.271452
v 1616.865723 -1410.000000 2000.604492
vn 0.383572 -0.000000 6.271467
v 1566.958984 -877.543152 2003.656982
vn 0.383613 0.000695 6.271459
v 1612.506714 -1409.815430 2000.871094
vn 0.383469 -0.001917 6.271474
v 1614.683716 -1409.957031 2000.737915
vn 0.383507 -0.000292 6.271472
v 1610.338623 -1409.576538 2001.003662
vn 0.383523 -0.000897 6.271469
v 1608.183228 -1409.241821 2001.135498
vn 0.383650 0.000208 6.271461
v 1606.044678 -1408.812622 2001.266357
vn 0.383555 -0.000114 6.271468
v 1603.926758 -1408.290283 2001.395874
vn 0.383565 -0.000362 6.271466
v 1601.833374 -1407.676270 2001.523926
vn 0.383566 0.000002 6.271467
v 2415.311279 -610.962219 1951.769531
vn 0.383751 -0.000034 6.271455
v 2416.097412 -613.000671 1951.721436
vn 0.383579 0.000001 6.271459
v 2419.072998 -630.000000 1951.539429
vn 0.384070 0.000100 6.271436
v 2416.794922 -615.071289 1951.678711
vn 0.383215 0.000002 6.271489
v 2417.402100 -617.170227 1951.641602
vn 0.383248 -0.000081 6.271486
v 2417.917725 -619.293579 1951.610107
vn 0.384052 0.000096 6.271437
v 2418.340088 -621.437317 1951.584229
vn 0.382993 -0.000117 6.271502
v 2418.668213 -623.597595 1951.564209
vn 0.385283 0.000141 6.271359
v 2418.900635 -625.770508 1951.549927
vn 0.382532 0.000005 6.271531
v 2419.032959 -627.882996 1951.541870
vn 0.383579 0.000001 6.271467
v 1856.418091 -580.000000 1985.952881
vn 0.383587 -0.000002 6.271446
v 2369.166260 -1410.000000 1954.591797
vn 0.383577 -0.000007 6.271462
v 2419.072998 -1360.297241 1951.539429
vn 0.383633 -0.001852 6.271461
v 2373.025879 -1409.856567 1954.355713
vn 0.383647 -0.000781 6.271464
v 2371.097900 -1409.967041 1954.473633
vn 0.383084 0.000074 6.271496
v 2418.861572 -1364.666870 1951.552368
vn 0.385609 -0.000135 6.271344
v 2419.016602 -1362.484863 1951.542847
vn 0.383436 0.001347 6.271473
v 2375.198486 -1409.639648 1954.222900
vn 0.383184 -0.000017 6.271492
v 2418.609619 -1366.839478 1951.567749
vn 0.383693 -0.001007 6.271459
v 2377.358887 -1409.326416 1954.090698
vn 0.384557 -0.000122 6.271406
v 2418.261963 -1368.998657 1951.588989
vn 0.383455 0.000604 6.271473
v 2379.503662 -1408.918213 1953.959595
vn 0.382597 0.000177 6.271526
v 2417.820068 -1371.140503 1951.616089
vn 0.383598 0.000240 6.271465
v 2381.628418 -1408.416504 1953.829590
vn 0.383488 -0.000108 6.271471
v 2417.285400 -1373.261108 1951.648682
vn 0.383576 0.000227 6.271466
v 2383.729736 -1407.822388 1953.701050
vn 0.383787 -0.000032 6.271454
v 2416.658936 -1375.356445 1951.687012
vn 0.383590 0.000014 6.271465
v 2385.802979 -1407.137573 1953.574219
vn 0.383624 0.000020 6.271467
v 2415.942627 -1377.422607 1951.730835
vn 0.383509 0.000024 6.271464
v 2387.844971 -1406.363281 1953.449341
vn 0.383549 0.000143 6.271474
v 2415.137207 -1379.455688 1951.780151
vn 0.383311 0.000577 6.271482
v 2395.617676 -1402.399414 1952.973999
vn 0.382947 0.001107 6.271506
v 2391.818115 -1404.551880 1953.206421
vn 0.384370 -0.001313 6.271416
v 2393.741455 -1403.517578 1953.088745
vn 0.384523 -0.000577 6.271407
v 2411.056396 -1387.178223 1952.029663
vn 0.384352 -0.000512 6.271422
v 2413.265869 -1383.406738 1951.894531
vn 0.383867 -0.000223 6.271447
v 2414.244629 -1381.451660 1951.834717
vn 0.381612 0.001178 6.271584
v 2412.202637 -1385.316772 1951.959595
vn 0.383951 -0.000674 6.271444
v 2397.443115 -1401.199829 1952.862305
vn 0.383369 0.000214 6.271485
v 2389.851318 -1405.500977 1953.326660
vn 0.384246 -0.000309 6.271426
v 2409.829834 -1388.987549 1952.104736
vn 0.383424 0.000200 6.271476
v 2399.214355 -1399.921143 1952.754028
vn 0.383369 0.000168 6.271485
v 2408.525391 -1390.741455 1952.184570
vn 0.383516 0.000020 6.271470
v 2400.928467 -1398.566284 1952.649170
vn 0.383525 0.000022 6.271472
v 2407.145752 -1392.436646 1952.268921
vn 0.383000 0.000643 6.271494
v 2402.581787 -1397.137695 1952.548096
vn 0.383036 0.000533 6.271498
v 2405.693359 -1394.069946 1952.357788
vn 0.387287 -0.003827 6.271235
v 2404.171143 -1395.638062 1952.450806
vn 0.095895 0.000000 1.567866
v 1545.000000 -475.000000 2005.000000
vn 0.212823 3.122727 3.134195
v 2444.439941 -475.000000 1949.987915
vn 0.095901 -3.080553 3.138767
v 1545.000000 -1495.000000 2005.000000
vn 0.230569 -3.130437 3.132815
v 2444.439941 -1495.000000 1949.987915
vn -2.794527 0.000028 1.434121
v 869.006042 -475.000000 1896.316040
vn -1.410821 0.000000 0.690641
v 865.680969 -475.000000 1889.523682
vn -1.408814 -0.000034 0.694725
v 865.680969 -1495.000000 1889.523682
vn -2.785971 -0.000091 1.450267
v 869.540344 -1495.000000 1897.349731
vn -2.738309 0.000075 1.538750
v 872.585632 -475.000000 1902.977905
vn -2.720058 -0.000127 1.570413
v 873.737427 -1495.000000 1905.000000
vn -2.678179 0.000101 1.641171
v 876.414490 -475.000000 1909.499756
vn -2.648964 -0.000143 1.687573
v 878.264221 -1495.000000 1912.459961
vn -2.614208 0.000106 1.741265
v 880.487122 -475.000000 1915.872070
vn -2.572826 -0.000138 1.801521
v 883.112122 -1495.000000 1919.715332
vn -2.546499 0.000091 1.838855
v 884.797852 -475.000000 1922.085938
vn -2.491793 -0.000112 1.912034
v 888.271851 -1495.000000 1926.752319
vn -2.480776 -0.000007 1.926878
v 889.340332 -475.000000 1928.132324
vn -2.406035 -0.000116 2.018890
v 893.733582 -1495.000000 1933.557495
vn -2.423584 -0.000022 1.998532
v 892.632324 -475.000000 1932.233154
vn -2.362815 0.000082 2.069769
v 896.031189 -475.000000 1936.245972
vn -2.315674 -0.000132 2.121922
v 899.487061 -1495.000000 1940.118042
vn -2.294753 0.000030 2.145065
v 901.440308 -475.000000 1942.217407
vn -2.220905 -0.000128 2.220902
v 905.521118 -1495.000000 1946.421387
vn -2.236618 -0.000010 2.205882
v 904.547729 -475.000000 1945.439209
vn -2.174081 0.000091 2.267207
v 907.726257 -475.000000 1948.590820
vn -2.121921 -0.000132 2.315678
v 911.824463 -1495.000000 1952.455444
vn -2.083665 0.000145 2.350106
v 914.270203 -475.000000 1954.659058
vn -2.018902 -0.000138 2.406023
v 918.384949 -1495.000000 1958.208862
vn -1.987911 0.000074 2.432016
v 921.078430 -475.000000 1960.429199
vn -1.912029 -0.000139 2.491800
v 925.190186 -1495.000000 1963.670654
vn -1.911871 0.000001 2.492517
v 925.208557 -475.000000 1963.684448
vn -1.836670 0.000062 2.548230
v 929.422974 -475.000000 1966.829834
vn -1.801519 -0.000139 2.572825
v 932.227234 -1495.000000 1968.830444
vn -1.753418 0.000070 2.606293
v 936.036743 -475.000000 1971.431396
vn -1.687593 -0.000141 2.648999
v 939.482605 -1495.000000 1973.678345
vn -1.683076 0.000003 2.652477
v 939.789246 -475.000000 1973.871582
vn -1.608381 0.000072 2.698132
v 943.595276 -475.000000 1976.227539
vn -1.570426 -0.000140 2.720051
v 946.942505 -1495.000000 1978.205078
vn -1.501590 0.000151 2.758611
v 951.336548 -475.000000 1980.668091
vn -1.450286 -0.000140 2.785954
v 954.592773 -1495.000000 1982.402222
vn -1.389894 0.000098 2.816858
v 959.268250 -475.000000 1984.758789
vn -1.327353 -0.000117 2.846586
v 962.418823 -1495.000000 1986.261597
vn -1.302143 -0.000020 2.858727
v 964.024841 -475.000000 1987.001587
vn -1.201942 -0.000103 2.901769
v 970.405823 -1495.000000 1989.775879
vn -1.216381 -0.000002 2.896082
v 968.838745 -475.000000 1989.118286
vn -1.122216 0.000063 2.933903
v 976.318176 -475.000000 1992.114136
vn -1.074234 -0.000108 2.951414
v 978.538452 -1495.000000 1992.938477
vn -1.043218 -0.000030 2.963119
v 980.523438 -475.000000 1993.647705
vn -0.960206 0.000006 2.990794
v 984.761902 -475.000000 1995.087036
vn -0.944475 -0.000102 2.995469
v 986.801331 -1495.000000 1995.743408
vn -0.842556 0.000110 3.025683
v 993.303650 -475.000000 1997.672363
vn -0.812898 -0.000096 3.033834
v 995.178711 -1495.000000 1998.185181
vn -0.711867 0.000091 3.059192
v 1001.952271 -475.000000 1999.874023
vn -0.679810 -0.000112 3.066386
v 1003.654602 -1495.000000 2000.259155
vn -0.590364 0.000090 3.085053
v 1009.351929 -475.000000 2001.435669
vn -0.545410 -0.000138 3.093128
v 1012.212891 -1495.000000 2001.961548
vn -0.473296 0.000106 3.105177
v 1016.805359 -475.000000 2002.716309
vn -0.409954 -0.000143 3.113977
v 1020.837280 -1495.000000 2003.288940
vn -0.355568 0.000101 3.120842
v 1024.301880 -475.000000 2003.714355
vn -0.273750 -0.000127 3.128902
v 1029.511353 -1495.000000 2004.238892
vn -0.237333 0.000075 3.132054
v 1031.830688 -475.000000 2004.428223
vn -0.136995 -0.000091 3.137855
v 1038.218628 -1495.000000 2004.809692
vn -0.118742 0.000028 3.138786
v 1039.381226 -475.000000 2004.857056
vn -0.034237 -3.120999 3.141218
v 1046.942505 -1495.000000 2005.000000
vn -0.029690 3.125144 3.141312
v 1046.942505 -475.000000 2005.000000
vn 0.000000 3.080499 1.570796
v 1545.000000 -475.000000 2005.000000
vn -2.994421 -2.705314 0.663847
v 740.000000 -1495.000000 1620.000000
vn -1.423625 0.000000 0.663847
v 865.680969 -475.000000 1889.523682
vn -1.423625 0.000000 0.663847
v 740.000000 -475.000000 1620.000000
vn -1.423625 0.000000 0.663847
v 865.680969 -1495.000000 1889.523682
vn 0.000000 -6.283196 0.000000
v 1466.201294 -1495.000000 1262.984985
vn 0.000000 -6.283191 0.000000
v 1467.732544 -1495.000000 1264.694824
vn 0.000000 -6.283182 0.000000
v 1464.599854 -1495.000000 1261.340698
vn 0.000000 -6.283177 0.000000
v 1462.931152 -1495.000000 1259.764771
vn 0.000000 -6.283181 0.000000
v 1469.191162 -1495.000000 1266.467163
vn 0.000000 -6.283198 0.000000
v 1457.552002 -1495.000000 1255.472290
vn 0.000000 -6.283191 0.000000
v 1453.686157 -1495.000000 1252.998657
vn 0.000000 -6.283179 0.000000
v 1455.645020 -1495.000000 1254.195068
vn 0.000000 -6.283188 0.000000
v 1459.404053 -1495.000000 1256.828125
vn 0.000000 -6.283203 0.000000
v 1451.678955 -1495.000000 1251.885132
vn 0.000000 -6.283186 0.000000
v 1474.250122 -1495.000000 1274.116699
vn 0.000000 -6.283195 0.000000
v 1475.309082 -1495.000000 1276.152832
vn 0.000000 -6.283186 0.000000
v 1473.106445 -1495.000000 1272.126709
vn 0.000000 -6.283186 0.000000
v 1471.880493 -1495.000000 1270.186401
vn 0.000000 -6.283192 0.000000
v 1476.282227 -1495.000000 1278.231567
vn 0.000000 -6.283185 0.000000
v 1470.574585 -1495.000000 1268.298706
vn 0.000000 -6.283189 0.000000
v 1477.168091 -1495.000000 1280.348877
vn 0.000000 -6.283184 0.000000
v 1461.198120 -1495.000000 1258.259766
vn 0.000000 -6.283202 0.000000
v 1445.403931 -1495.000000 1249.059448
vn 0.000000 -6.283212 0.000000
v 1441.045532 -1495.000000 1247.621948
vn 0.000000 -6.283195 0.000000
v 1443.239746 -1495.000000 1248.294922
vn 0.000000 -6.283173 0.000000
v 1438.825073 -1495.000000 1247.041382
vn 0.000000 -6.283182 0.000000
v 1449.627075 -1495.000000 1250.856323
vn 0.000000 -6.283216 0.000000
v 1447.534180 -1495.000000 1249.913818
vn 0.000000 -6.283152 0.000000
v 1436.582275 -1495.000000 1246.553833
vn 0.000000 -6.283186 0.000000
v 1477.965454 -1495.000000 1282.501221
vn 0.000000 -6.283189 0.000000
v 1434.321045 -1495.000000 1246.159668
vn 0.000000 -6.283188 0.000000
v 1480.961548 -1495.000000 1298.229004
vn 0.000000 -6.283183 0.000000
v 1480.819458 -1495.000000 1295.937744
vn 0.000000 -6.283185 0.000000
v 1480.579956 -1495.000000 1293.655029
vn 0.000000 -6.283185 0.000000
v 1480.244263 -1495.000000 1291.384644
vn 0.000000 -6.283186 0.000000
v 1479.813721 -1495.000000 1289.130249
vn 0.000000 -6.283185 0.000000
v 1479.289551 -1495.000000 1286.895630
vn 0.000000 -6.283185 0.000000
v 1478.673096 -1495.000000 1284.684814
vn 0.000000 -6.283174 0.000000
v 1432.045410 -1495.000000 1245.859497
vn 0.000000 -6.283194 0.000000
v 1429.759399 -1495.000000 1245.653809
vn 0.000000 -6.283186 0.000000
v 1427.466797 -1495.000000 1245.543091
vn 0.000000 -6.283185 0.000000
v 1425.171753 -1495.000000 1245.527954
vn 0.000000 -6.283185 0.000000
v 1422.878052 -1495.000000 1245.608643
vn 0.000000 -6.283184 0.000000
v 1420.589722 -1495.000000 1245.785889
vn 0.000000 -6.283188 0.000000
v 1418.310791 -1495.000000 1246.060181
vn 0.000000 -6.283184 0.000000
v 1416.708618 -1495.000000 1246.312622
vn 0.000000 -6.283185 0.000000
v 1480.975708 -1495.000000 1746.922852
vn 0.000000 -6.283172 0.000000
v 1480.876587 -1495.000000 1748.846924
vn 0.000000 -6.283186 0.000000
v 1480.668701 -1495.000000 1751.129028
vn 0.000000 -6.283181 0.000000
v 1480.364502 -1495.000000 1753.400024
vn 0.000000 -6.283191 0.000000
v 1479.964966 -1495.000000 1755.656128
vn 0.000000 -6.283183 0.000000
v 1479.471680 -1495.000000 1757.893677
vn 0.000000 -6.283187 0.000000
v 1478.885864 -1495.000000 1760.108887
vn 0.000000 -6.283185 0.000000
v 1478.208740 -1495.000000 1762.297974
vn 0.000000 -6.283183 0.000000
v 1477.441772 -1495.000000 1764.457275
vn 0.000000 -6.283186 0.000000
v 1473.501099 -1495.000000 1772.721069
vn 0.000000 -6.283188 0.000000
v 1472.304565 -1495.000000 1774.675049
vn 0.000000 -6.283171 0.000000
v 1474.614502 -1495.000000 1770.718628
vn 0.000000 -6.283183 0.000000
v 1471.027344 -1495.000000 1776.577393
vn 0.000000 -6.283186 0.000000
v 1475.643311 -1495.000000 1768.671387
vn 0.000000 -6.283184 0.000000
v 1469.671997 -1495.000000 1778.425049
vn 0.000000 -6.283187 0.000000
v 1476.586182 -1495.000000 1766.583008
vn 0.000000 -6.283185 0.000000
v 1468.240845 -1495.000000 1780.214600
vn 0.000000 -6.283184 0.000000
v 1465.161377 -1495.000000 1783.607544
vn 0.000000 -6.283186 0.000000
v 1463.518188 -1495.000000 1785.204712
vn 0.000000 -6.283186 0.000000
v 1466.736450 -1495.000000 1781.943237
vn 0.000000 -6.283189 0.000000
v 1461.809692 -1495.000000 1786.731812
vn 0.000000 -6.283183 0.000000
v 1002.641663 -1495.000000 1330.129150
vn 0.000000 -6.283186 0.000000
v 1004.867310 -1495.000000 1329.532715
vn 0.000000 -6.283186 0.000000
v 1000.443604 -1495.000000 1330.819458
vn 0.000000 -6.283184 0.000000
v 998.276672 -1495.000000 1331.602051
vn 0.000000 -6.283185 0.000000
v 996.144470 -1495.000000 1332.474854
vn 0.000000 -6.283185 0.000000
v 994.050476 -1495.000000 1333.435913
vn 0.000000 -6.283187 0.000000
v 1454.386719 -1495.000000 1792.091309
vn 0.000000 -6.283186 0.000000
v 1452.399292 -1495.000000 1793.231445
vn 0.000000 -6.283180 0.000000
v 1456.324585 -1495.000000 1790.868774
vn 0.000000 -6.283186 0.000000
v 991.998352 -1495.000000 1334.483398
vn 0.000000 -6.283188 0.000000
v 1450.365967 -1495.000000 1794.287354
vn 0.000000 -6.283189 0.000000
v 1458.209717 -1495.000000 1789.566406
vn 0.000000 -6.283186 0.000000
v 1448.290283 -1495.000000 1795.257812
vn 0.000000 -6.283185 0.000000
v 1460.039185 -1495.000000 1788.186523
vn 0.000000 -6.283185 0.000000
v 1446.176025 -1495.000000 1796.141357
vn 0.000000 -6.283185 0.000000
v 986.128418 -1495.000000 1338.125244
vn 0.000000 -6.283190 0.000000
v 982.489197 -1495.000000 1340.949829
vn 0.000000 -6.283184 0.000000
v 984.279114 -1495.000000 1339.499146
vn 0.000000 -6.283184 0.000000
v 980.761719 -1495.000000 1342.474365
vn 0.000000 -6.283176 0.000000
v 988.033752 -1495.000000 1336.829956
vn 0.000000 -6.283183 0.000000
v 979.099548 -1495.000000 1344.069824
vn 0.000000 -6.283186 0.000000
v 989.991577 -1495.000000 1335.615356
vn 0.000000 -6.283185 0.000000
v 977.505554 -1495.000000 1345.733521
vn 0.000000 -6.283185 0.000000
v 1428.325195 -1495.000000 1799.924927
vn 0.000000 -6.283185 0.000000
v 1430.612671 -1495.000000 1799.783569
vn 0.000000 -6.283185 0.000000
v 1432.891602 -1495.000000 1799.544922
vn 0.000000 -6.283187 0.000000
v 1435.158325 -1495.000000 1799.210083
vn 0.000000 -6.283186 0.000000
v 1437.408936 -1495.000000 1798.780640
vn 0.000000 -6.283185 0.000000
v 1439.639771 -1495.000000 1798.257568
vn 0.000000 -6.283186 0.000000
v 1441.847046 -1495.000000 1797.642578
vn 0.000000 -6.283185 0.000000
v 1444.027100 -1495.000000 1796.936646
vn 0.000000 -6.283183 0.000000
v 974.533386 -1495.000000 1349.253662
vn 0.000000 -6.283185 0.000000
v 975.982483 -1495.000000 1347.462402
vn 0.000000 -6.283185 0.000000
v 973.160583 -1495.000000 1351.104126
vn 0.000000 -6.283182 0.000000
v 970.653137 -1495.000000 1354.969116
vn 0.000000 -6.283184 0.000000
v 967.520752 -1495.000000 1361.125610
vn 0.000000 -6.283182 0.000000
v 969.523010 -1495.000000 1356.976807
vn 0.000000 -6.283187 0.000000
v 968.478210 -1495.000000 1359.030151
vn 0.000000 -6.283186 0.000000
v 966.651855 -1495.000000 1363.259399
vn 0.000000 -6.283185 0.000000
v 971.866455 -1495.000000 1353.010376
vn 0.000000 -6.283185 0.000000
v 965.872742 -1495.000000 1365.427734
vn 0.000000 -6.283199 0.000000
v 963.007446 -1495.000000 1382.943359
vn 0.000000 -6.283185 0.000000
v 965.184570 -1495.000000 1367.626587
vn 0.000000 -6.283185 0.000000
v 964.588562 -1495.000000 1369.852173
vn 0.000000 -6.283186 0.000000
v 964.085754 -1495.000000 1372.100586
vn 0.000000 -6.283185 0.000000
v 963.677490 -1495.000000 1374.368042
vn 0.000000 -6.283186 0.000000
v 963.364807 -1495.000000 1376.650635
vn 0.000000 -6.283183 0.000000
v 963.148926 -1495.000000 1378.944458
vn 0.000000 -6.283186 0.000000
v 963.040833 -1495.000000 1380.942383
vn 0.000000 -6.283189 0.000000
v 963.007446 -1495.000000 1571.144409
vn 0.000000 -6.283191 0.000000
v 963.831543 -1495.000000 1580.625977
vn 0.000000 -6.283184 0.000000
v 964.843201 -1495.000000 1585.233643
vn 0.000000 -6.283186 0.000000
v 964.287415 -1495.000000 1582.940918
vn 0.000000 -6.283178 0.000000
v 965.499023 -1495.000000 1587.504272
vn 0.000000 -6.283187 0.000000
v 963.475586 -1495.000000 1578.288818
vn 0.000000 -6.283188 0.000000
v 966.254700 -1495.000000 1589.752808
vn 0.000000 -6.283185 0.000000
v 963.219604 -1495.000000 1575.929565
vn 0.000000 -6.283188 0.000000
v 967.110352 -1495.000000 1591.979126
vn 0.000000 -6.283186 0.000000
v 963.063538 -1495.000000 1573.548096
vn 0.000000 -6.283184 0.000000
v 967.622192 -1495.000000 1593.190918
vn 0.000000 -6.283186 0.000000
v 968.164062 -1495.000000 1594.395996
vn 0.000000 -6.283189 0.000000
v 1099.120483 -1495.000000 1799.967651
vn 0.000000 -6.283184 0.000000
v 1097.867310 -1495.000000 1799.956665
vn 0.000000 -6.283179 0.000000
v 1096.614868 -1495.000000 1799.916382
vn 0.000000 -6.283187 0.000000
v 1094.316528 -1495.000000 1799.766113
vn 0.000000 -6.283185 0.000000
v 1092.026855 -1495.000000 1799.518311
vn 0.000000 -6.283185 0.000000
v 1089.749634 -1495.000000 1799.174072
vn 0.000000 -6.283185 0.000000
v 1087.489014 -1495.000000 1798.734741
vn 0.000000 -6.283185 0.000000
v 1085.248535 -1495.000000 1798.201172
vn 0.000000 -6.283185 0.000000
v 1083.032227 -1495.000000 1797.574829
vn 0.000000 -6.283189 0.000000
v 1074.485474 -1495.000000 1794.163818
vn 0.000000 -6.283186 0.000000
v 1072.447510 -1495.000000 1793.090820
vn 0.000000 -6.283185 0.000000
v 1076.566650 -1495.000000 1795.150024
vn 0.000000 -6.283187 0.000000
v 1078.687378 -1495.000000 1796.048096
vn 0.000000 -6.283185 0.000000
v 1051.379517 -1495.000000 1772.335083
vn 0.000000 -6.283186 0.000000
v 1050.277344 -1495.000000 1770.312622
vn 0.000000 -6.283184 0.000000
v 1070.456421 -1495.000000 1791.933228
vn 0.000000 -6.283187 0.000000
v 1052.566650 -1495.000000 1774.308594
vn 0.000000 -6.283186 0.000000
v 1053.836060 -1495.000000 1776.230225
vn 0.000000 -6.283181 0.000000
v 1055.184937 -1495.000000 1778.096924
vn 0.000000 -6.283182 0.000000
v 1056.610718 -1495.000000 1779.905640
vn 0.000000 -6.283182 0.000000
v 1064.798096 -1495.000000 1787.974854
vn 0.000000 -6.283195 0.000000
v 1063.028442 -1495.000000 1786.500854
vn 0.000000 -6.283188 0.000000
v 1066.628174 -1495.000000 1789.373047
vn 0.000000 -6.283189 0.000000
v 1068.515503 -1495.000000 1790.693237
vn 0.000000 -6.283187 0.000000
v 1058.110718 -1495.000000 1781.653320
vn 0.000000 -6.283181 0.000000
v 1061.322266 -1495.000000 1784.953979
vn 0.000000 -6.283182 0.000000
v 1080.843872 -1495.000000 1796.856689
vn 0.000000 -6.283185 0.000000
v 1059.682007 -1495.000000 1783.337158
vn 0.000000 -1.396546 -1.570796
v 2740.000000 -1495.000000 340.000000
vn 0.000000 -6.283179 0.000000
v 2512.843018 -1495.000000 1065.247070
vn 0.000000 -6.283187 0.000000
v 2511.321045 -1495.000000 1063.669189
vn 0.000000 -6.283184 0.000000
v 2509.731445 -1495.000000 1062.159912
vn 0.000000 -6.283195 0.000000
v 2514.293945 -1495.000000 1066.890015
vn 0.000000 -6.283192 0.000000
v 2508.077148 -1495.000000 1060.721802
vn 0.000000 -6.283186 0.000000
v 2515.671875 -1495.000000 1068.594971
vn 0.000000 -6.283184 0.000000
v 2506.361328 -1495.000000 1059.357422
vn 0.000000 -6.283185 0.000000
v 2516.973877 -1495.000000 1070.358643
vn 0.000000 -6.283189 0.000000
v 2504.587402 -1495.000000 1058.069336
vn 0.000000 -6.283186 0.000000
v 2518.197510 -1495.000000 1072.177490
vn 0.000000 -6.283182 0.000000
v 2502.759033 -1495.000000 1056.860229
vn 0.000000 -6.283184 0.000000
v 2519.339844 -1495.000000 1074.048462
vn 0.000000 -6.283187 0.000000
v 2500.879150 -1495.000000 1055.732422
vn 0.000000 -6.283185 0.000000
v 2520.399170 -1495.000000 1075.967773
vn 0.000000 -6.283181 0.000000
v 2498.951660 -1495.000000 1054.688354
vn 0.000000 -6.283186 0.000000
v 2521.373291 -1495.000000 1077.931519
vn 0.000000 -6.283183 0.000000
v 2496.980225 -1495.000000 1053.729736
vn 0.000000 -6.283186 0.000000
v 2522.260498 -1495.000000 1079.936157
vn 0.000000 -6.283184 0.000000
v 2494.968750 -1495.000000 1052.858276
vn 0.000000 -6.283186 0.000000
v 2523.059082 -1495.000000 1081.977661
vn 0.000000 -6.283185 0.000000
v 2492.920898 -1495.000000 1052.075806
vn 0.000000 -6.283186 0.000000
v 2523.767090 -1495.000000 1084.052124
vn 0.000000 -6.283187 0.000000
v 2490.840820 -1495.000000 1051.384155
vn 0.000000 -6.283186 0.000000
v 2524.383057 -1495.000000 1086.155884
vn 0.000000 -6.283187 0.000000
v 2488.732422 -1495.000000 1050.784790
vn 0.000000 -6.283182 0.000000
v 2524.906006 -1495.000000 1088.284546
vn 0.000000 -6.283183 0.000000
v 2486.599609 -1495.000000 1050.278564
vn 0.000000 -6.283181 0.000000
v 2525.335449 -1495.000000 1090.434204
vn 0.000000 -6.283183 0.000000
v 2484.446777 -1495.000000 1049.865967
vn 0.000000 -6.283186 0.000000
v 2525.671143 -1495.000000 1092.600464
vn 0.000000 -6.283185 0.000000
v 2482.277832 -1495.000000 1049.547607
vn 0.000000 -6.283185 0.000000
v 2525.912109 -1495.000000 1094.779297
vn 0.000000 -6.283186 0.000000
v 2480.097168 -1495.000000 1049.323975
vn 0.000000 -6.283185 0.000000
v 2526.057861 -1495.000000 1096.966553
vn 0.000000 -6.283184 0.000000
v 2477.908936 -1495.000000 1049.195557
vn 0.000000 -6.283185 0.000000
v 2526.107910 -1495.000000 1099.157959
vn 0.000000 -6.283187 0.000000
v 2475.717041 -1495.000000 1049.162720
vn 0.000000 -6.283185 0.000000
v 2526.061523 -1495.000000 1101.349487
vn 0.000000 -6.283185 0.000000
v 2473.525879 -1495.000000 1049.226196
vn 0.000000 -6.283183 0.000000
v 2525.918457 -1495.000000 1103.536865
vn 0.000000 -6.283184 0.000000
v 2471.339844 -1495.000000 1049.386353
vn 0.000000 -6.283186 0.000000
v 2525.677734 -1495.000000 1105.715942
vn 0.000000 -6.283186 0.000000
v 2469.162598 -1495.000000 1049.643677
vn 0.000000 -6.283188 0.000000
v 2467.855957 -1495.000000 1049.845947
vn 3.086694 -3.122782 0.583507
v 2458.296387 -1495.000000 1937.620605
vn 0.000000 -6.283185 0.000000
v 2374.403320 -1495.000000 1783.731812
vn 0.000000 -6.283186 0.000000
v 2372.250977 -1495.000000 1784.164307
vn 0.000000 -6.283185 0.000000
v 2376.534668 -1495.000000 1783.205444
vn 0.000000 -6.283185 0.000000
v 2378.641113 -1495.000000 1782.586670
vn 0.000000 -6.283185 0.000000
v 2380.718750 -1495.000000 1781.876587
vn 0.000000 -6.283184 0.000000
v 2382.762939 -1495.000000 1781.076538
vn 0.000000 -6.283188 0.000000
v 2384.770508 -1495.000000 1780.187622
vn 0.000000 -6.283185 0.000000
v 2386.736572 -1495.000000 1779.211182
vn 0.000000 -6.283188 0.000000
v 2388.657959 -1495.000000 1778.149048
vn 0.000000 -6.283181 0.000000
v 2390.530762 -1495.000000 1777.003418
vn 0.000000 -6.283182 0.000000
v 2392.351562 -1495.000000 1775.776733
vn 0.000000 -6.283186 0.000000
v 2394.116943 -1495.000000 1774.471436
vn 0.000000 -6.283188 0.000000
v 2395.823242 -1495.000000 1773.089966
vn 0.000000 -6.283180 0.000000
v 2397.467285 -1495.000000 1771.634644
vn 0.000000 -6.283184 0.000000
v 2399.045654 -1495.000000 1770.108643
vn 0.000000 -6.283185 0.000000
v 2400.555664 -1495.000000 1768.514893
vn 0.000000 -6.283184 0.000000
v 2401.994385 -1495.000000 1766.856567
vn 0.000000 -6.283186 0.000000
v 2403.358643 -1495.000000 1765.136597
vn 0.000000 -6.283187 0.000000
v 2404.645752 -1495.000000 1763.358154
vn 0.000000 -6.283180 0.000000
v 2405.853271 -1495.000000 1761.524780
vn 0.000000 -6.283185 0.000000
v 2406.979492 -1495.000000 1759.640259
vn 0.000000 -6.283186 0.000000
v 2408.022461 -1495.000000 1757.708374
vn 0.000000 -6.283185 0.000000
v 2408.980225 -1495.000000 1755.732788
vn 0.000000 -6.283186 0.000000
v 2409.850586 -1495.000000 1753.717285
vn 0.000000 -6.283185 0.000000
v 2410.632080 -1495.000000 1751.665649
vn 0.000000 -6.283185 0.000000
v 2411.322510 -1495.000000 1749.581665
vn 0.000000 -6.283184 0.000000
v 2411.919922 -1495.000000 1747.469116
vn 0.000000 -6.283185 0.000000
v 2412.371582 -1495.000000 1745.568481
vn 0.000000 -3.100478 0.000000
v 2458.180664 -1495.000000 1938.211670
vn 0.000000 -3.100978 0.000000
v 2458.040771 -1495.000000 1938.797363
vn 0.000000 -3.101260 0.000000
v 2457.877197 -1495.000000 1939.376953
vn 0.000000 -3.101192 0.000000
v 2457.690430 -1495.000000 1939.949341
vn 0.000000 -3.101233 0.000000
v 2457.480713 -1495.000000 1940.513672
vn 0.000000 -3.101949 0.000000
v 2457.248291 -1495.000000 1941.069336
vn 0.000000 -3.101966 0.000000
v 2456.994141 -1495.000000 1941.615112
vn 0.000000 -3.101395 0.000000
v 2456.718506 -1495.000000 1942.150513
vn 0.000000 -3.101763 0.000000
v 2455.765869 -1495.000000 1943.684204
vn 0.000000 -3.101121 0.000000
v 2455.408203 -1495.000000 1944.168579
vn 0.000000 -3.100998 0.000000
v 2456.104004 -1495.000000 1943.185913
vn 0.000000 -3.101566 0.000000
v 2455.031250 -1495.000000 1944.638062
vn 0.000000 -3.101605 0.000000
v 2456.421631 -1495.000000 1942.674316
vn 0.000000 -3.101555 0.000000
v 2454.635742 -1495.000000 1945.092163
vn 0.000000 -3.101305 0.000000
v 2454.222412 -1495.000000 1945.530029
vn 0.000000 -3.101715 0.000000
v 2453.791748 -1495.000000 1945.950928
vn 0.000000 -3.101601 0.000000
v 2452.881592 -1495.000000 1946.739258
vn 0.000000 -3.101083 0.000000
v 2453.344727 -1495.000000 1946.354248
vn 0.000000 -3.101102 0.000000
v 2450.886719 -1495.000000 1948.084717
vn 0.000000 -3.101515 0.000000
v 2450.356201 -1495.000000 1948.369507
vn 0.000000 -3.101360 0.000000
v 2451.405273 -1495.000000 1947.778687
vn 0.000000 -3.101674 0.000000
v 2449.814697 -1495.000000 1948.632812
vn 0.000000 -3.101562 0.000000
v 2451.911133 -1495.000000 1947.452026
vn 0.000000 -3.101453 0.000000
v 2452.403564 -1495.000000 1947.105347
vn 0.000000 -3.101419 0.000000
v 2449.263184 -1495.000000 1948.874268
vn 0.000000 -3.101686 0.000000
v 2448.702393 -1495.000000 1949.093384
vn 0.000000 -3.101711 0.000000
v 2448.133057 -1495.000000 1949.290039
vn 0.000000 -3.101738 0.000000
v 2447.556641 -1495.000000 1949.463745
vn 0.000000 -3.101171 0.000000
v 2446.973633 -1495.000000 1949.614380
vn 0.000000 -3.101315 0.000000
v 2446.385010 -1495.000000 1949.741333
vn 0.000000 -3.100990 0.000000
v 2445.791748 -1495.000000 1949.844482
vn 0.000000 -3.108177 0.000000
v 2445.194824 -1495.000000 1949.923462
vn 0.000000 -3.115688 0.000000
v 2444.817871 -1495.000000 1949.960571
vn 0.000000 -6.283187 0.000000
v 2365.708740 -1495.000000 1784.886719
vn 0.000000 -6.283184 0.000000
v 2367.899658 -1495.000000 1784.743042
vn 0.000000 -6.283186 0.000000
v 2370.081787 -1495.000000 1784.501831
vn -1.570796 -1.570898 -1.570796
v 740.000000 -1495.000000 340.000000
vn 0.000000 -6.283185 0.000000
v 1739.184692 -1495.000000 1191.665649
vn 0.000000 -6.283185 0.000000
v 1737.060791 -1495.000000 1192.225586
vn 0.000000 -6.283184 0.000000
v 1734.964111 -1495.000000 1192.879517
vn 0.000000 -6.283163 0.000000
v 1732.898438 -1495.000000 1193.625610
vn 0.000000 -6.283191 0.000000
v 1705.069458 -1495.000000 1220.253418
vn 0.000000 -6.283180 0.000000
v 1705.992676 -1495.000000 1218.260620
vn 0.000000 -6.283189 0.000000
v 1704.234619 -1495.000000 1222.284912
vn 0.000000 -6.283181 0.000000
v 1707.002930 -1495.000000 1216.310547
vn 0.000000 -6.283178 0.000000
v 1703.489502 -1495.000000 1224.350952
vn 0.000000 -6.283193 0.000000
v 1708.098022 -1495.000000 1214.406738
vn 0.000000 -6.283191 0.000000
v 1702.835327 -1495.000000 1226.447754
vn 0.000000 -6.283188 0.000000
v 1709.275757 -1495.000000 1212.552734
vn 0.000000 -6.283186 0.000000
v 1702.273193 -1495.000000 1228.570923
vn 0.000000 -6.283188 0.000000
v 1710.533691 -1495.000000 1210.752197
vn 0.000000 -6.283188 0.000000
v 1701.804565 -1495.000000 1230.716675
vn 0.000000 -6.283189 0.000000
v 1711.869385 -1495.000000 1209.008545
vn 0.000000 -6.283193 0.000000
v 1701.430420 -1495.000000 1232.880859
vn 0.000000 -6.283187 0.000000
v 1713.280518 -1495.000000 1207.325439
vn 0.000000 -6.283186 0.000000
v 1701.152100 -1495.000000 1235.059448
vn 0.000000 -6.283199 0.000000
v 1714.764160 -1495.000000 1205.705811
vn 0.000000 -6.283185 0.000000
v 1700.970825 -1495.000000 1237.248413
vn 0.000000 -6.283190 0.000000
v 1716.317505 -1495.000000 1204.152954
vn 0.000000 -6.283193 0.000000
v 1700.902954 -1495.000000 1238.764038
vn 0.000000 -6.283207 0.000000
v 1717.937378 -1495.000000 1202.669800
vn 0.000000 -6.283201 0.000000
v 1719.620850 -1495.000000 1201.259155
vn 0.000000 -6.283185 0.000000
v 1721.364868 -1495.000000 1199.924194
vn 0.000000 -6.283213 0.000000
v 1723.166016 -1495.000000 1198.667358
vn 0.000000 -6.283169 0.000000
v 1725.020508 -1495.000000 1197.490723
vn 0.000000 -6.283186 0.000000
v 1726.924805 -1495.000000 1196.396240
vn 0.000000 -6.283209 0.000000
v 1728.875000 -1495.000000 1195.385986
vn 0.000000 -6.283144 0.000000
v 1730.867432 -1495.000000 1194.461670
vn 0.000000 -6.283186 0.000000
v 1700.882324 -1495.000000 1734.931763
vn 0.000000 -6.283185 0.000000
v 1700.925415 -1495.000000 1737.117798
vn 0.000000 -6.283186 0.000000
v 1701.067017 -1495.000000 1739.298828
vn 0.000000 -6.283183 0.000000
v 1701.305786 -1495.000000 1741.471069
vn 0.000000 -6.283177 0.000000
v 1701.640503 -1495.000000 1743.630371
vn 0.000000 -6.283185 0.000000
v 1702.069702 -1495.000000 1745.772949
vn 0.000000 -6.283189 0.000000
v 1702.592041 -1495.000000 1747.894897
vn 0.000000 -6.283185 0.000000
v 1703.206177 -1495.000000 1749.992188
vn 0.000000 -6.283177 0.000000
v 1703.910522 -1495.000000 1752.060913
vn 0.000000 -6.283200 0.000000
v 1704.703979 -1495.000000 1754.097168
vn 0.000000 -6.283182 0.000000
v 1705.584961 -1495.000000 1756.096924
vn 0.000000 -6.283178 0.000000
v 1706.552124 -1495.000000 1758.056396
vn 0.000000 -6.283168 0.000000
v 1707.604126 -1495.000000 1759.971558
vn 0.000000 -6.283176 0.000000
v 1708.739380 -1495.000000 1761.838623
vn 0.000000 -6.283186 0.000000
v 1709.955566 -1495.000000 1763.654297
vn 0.000000 -6.283193 0.000000
v 1711.249878 -1495.000000 1765.415039
vn 0.000000 -6.283188 0.000000
v 1712.619751 -1495.000000 1767.117798
vn 0.000000 -6.283185 0.000000
v 1714.062622 -1495.000000 1768.759155
vn 0.000000 -6.283186 0.000000
v 1715.575928 -1495.000000 1770.335815
vn 0.000000 -6.283188 0.000000
v 1717.156860 -1495.000000 1771.844727
vn 0.000000 -6.283184 0.000000
v 1718.802124 -1495.000000 1773.283081
vn 0.000000 -6.283183 0.000000
v 1720.508667 -1495.000000 1774.648315
vn 0.000000 -6.283185 0.000000
v 1722.273071 -1495.000000 1775.937744
vn 0.000000 -6.283183 0.000000
v 1724.091919 -1495.000000 1777.148804
vn 0.000000 -6.283186 0.000000
v 1725.962158 -1495.000000 1778.278931
vn 0.000000 -6.283194 0.000000
v 1727.880249 -1495.000000 1779.325684
vn 0.000000 -6.283181 0.000000
v 1729.842407 -1495.000000 1780.287476
vn 0.000000 -6.283187 0.000000
v 1731.844604 -1495.000000 1781.162964
vn 0.000000 -6.283185 0.000000
v 1733.883057 -1495.000000 1781.950684
vn 0.000000 -6.283186 0.000000
v 1735.953613 -1495.000000 1782.649414
vn 0.000000 -6.283184 0.000000
v 1738.052612 -1495.000000 1783.257812
vn 0.000000 -6.283185 0.000000
v 1740.175903 -1495.000000 1783.774292
vn 0.000000 -6.283187 0.000000
v 1742.319702 -1495.000000 1784.197510
vn 0.000000 -6.283184 0.000000
v 1744.479980 -1495.000000 1784.526245
vn 0.000000 -6.283184 0.000000
v 1746.652832 -1495.000000 1784.759033
vn 0.000000 -6.283185 0.000000
v 1748.765381 -1495.000000 1784.891602
vn 0.000000 -3.096587 0.000000
v 1038.154175 -1495.000000 2004.818970
vn 0.000000 -3.096771 0.000000
v 1029.385010 -1495.000000 2004.242920
vn 0.000000 -3.096811 0.000000
v 1020.560242 -1495.000000 2003.264526
vn 0.000000 -3.096913 0.000000
v 1011.753357 -1495.000000 2001.886597
vn 0.000000 -3.097018 0.000000
v 1002.989746 -1495.000000 2000.111206
vn 0.000000 -3.097018 0.000000
v 994.295288 -1495.000000 1997.942383
vn 0.000000 -3.099248 0.000000
v 985.696167 -1495.000000 1995.385254
vn 0.000000 -3.101439 0.000000
v 978.060303 -1495.000000 1992.757935
vn 0.000000 -3.101333 0.000000
v 970.541748 -1495.000000 1989.828369
vn 0.000000 -3.101246 0.000000
v 963.158813 -1495.000000 1986.603638
vn 0.000000 -3.125186 0.000000
v 865.680969 -1495.000000 1889.523682
vn 0.000000 -3.104774 0.000000
v 868.820435 -1495.000000 1895.977173
vn 0.000000 -3.099022 0.000000
v 955.928955 -1495.000000 1983.091919
vn 0.000000 -3.102951 0.000000
v 872.194580 -1495.000000 1902.309326
vn 0.000000 -3.096887 0.000000
v 948.073669 -1495.000000 1978.854126
vn 0.000000 -3.101076 0.000000
v 876.231323 -1495.000000 1909.227051
vn 0.000000 -3.099130 0.000000
v 940.402893 -1495.000000 1974.261841
vn 0.000000 -3.101227 0.000000
v 880.558533 -1495.000000 1915.996826
vn 0.000000 -3.101329 0.000000
v 933.676453 -1495.000000 1969.836548
vn 0.000000 -3.101324 0.000000
v 885.166748 -1495.000000 1922.602661
vn 0.000000 -3.101259 0.000000
v 927.135681 -1495.000000 1965.145630
vn 0.000000 -3.101411 0.000000
v 890.045288 -1495.000000 1929.028320
vn 0.000000 -3.099031 0.000000
v 920.796631 -1495.000000 1960.200439
vn 0.000000 -3.099247 0.000000
v 895.182495 -1495.000000 1935.258179
vn 0.000000 -3.096936 0.000000
v 914.005188 -1495.000000 1954.421021
vn 0.000000 -3.097034 0.000000
v 901.178284 -1495.000000 1941.932251
vn 0.000000 -3.097001 0.000000
v 907.459045 -1495.000000 1948.326050
vn 0.000000 -6.283186 0.000000
v 2525.339111 -1495.000000 1107.882568
vn 0.000000 6.283182 0.000000
v 1416.913086 -475.000000 1111.274414
vn 0.000000 6.283189 0.000000
v 1415.404175 -475.000000 1109.693481
vn 0.000000 6.283183 0.000000
v 1413.827393 -475.000000 1108.180298
vn 0.000000 6.283183 0.000000
v 1412.186035 -475.000000 1106.737427
vn 0.000000 6.283185 0.000000
v 1418.351440 -475.000000 1112.919800
vn 0.000000 6.283199 0.000000
v 1403.124634 -475.000000 1100.669678
vn 0.000000 6.283180 0.000000
v 1406.906982 -475.000000 1102.857056
vn 0.000000 6.283189 0.000000
v 1405.039917 -475.000000 1101.721802
vn 0.000000 6.283187 0.000000
v 1408.722534 -475.000000 1104.073120
vn 0.000000 6.283185 0.000000
v 1424.393921 -475.000000 1121.997925
vn 0.000000 6.283186 0.000000
v 1422.217163 -475.000000 1118.209595
vn 0.000000 6.283189 0.000000
v 1421.006104 -475.000000 1116.390625
vn 0.000000 6.283184 0.000000
v 1423.347168 -475.000000 1120.079834
vn 0.000000 6.283190 0.000000
v 1401.165283 -475.000000 1099.702515
vn 0.000000 6.283194 0.000000
v 1410.483276 -475.000000 1105.367432
vn 0.000000 6.283185 0.000000
v 1425.355713 -475.000000 1123.959961
vn 0.000000 6.283183 0.000000
v 1419.716553 -475.000000 1114.626221
vn 0.000000 6.283187 0.000000
v 1399.165405 -475.000000 1098.821533
vn 0.000000 6.283190 0.000000
v 1426.231201 -475.000000 1125.962280
vn 0.000000 6.283178 0.000000
v 1397.129150 -475.000000 1098.028198
vn 0.000000 6.283186 0.000000
v 1427.019043 -475.000000 1128.000610
vn 0.000000 6.283200 0.000000
v 1380.000000 -475.000000 1095.000000
vn 0.000000 6.283184 0.000000
v 1384.367188 -475.000000 1095.184570
vn 0.000000 6.283187 0.000000
v 1382.186035 -475.000000 1095.042969
vn 0.000000 6.283175 0.000000
v 1386.539307 -475.000000 1095.423462
vn 0.000000 6.283196 0.000000
v 1388.698730 -475.000000 1095.758179
vn 0.000000 6.283177 0.000000
v 1390.841309 -475.000000 1096.187378
vn 0.000000 6.283196 0.000000
v 1392.963135 -475.000000 1096.709717
vn 0.000000 6.283209 0.000000
v 1395.060425 -475.000000 1097.323730
vn 0.000000 6.283173 0.000000
v 1430.000000 -475.000000 1145.000000
vn 0.000000 6.283184 0.000000
v 1427.717773 -475.000000 1130.071289
vn 0.000000 6.283185 0.000000
v 1428.326050 -475.000000 1132.170288
vn 0.000000 6.283184 0.000000
v 1428.842529 -475.000000 1134.293579
vn 0.000000 6.283188 0.000000
v 1429.265747 -475.000000 1136.437378
vn 0.000000 6.283185 0.000000
v 1429.594482 -475.000000 1138.597656
vn 0.000000 6.283183 0.000000
v 1429.827271 -475.000000 1140.770508
vn 0.000000 6.283181 0.000000
v 1429.959839 -475.000000 1142.882935
vn 0.000000 6.283182 0.000000
v 945.770508 -475.000000 1095.172729
vn 0.000000 6.283181 0.000000
v 950.000000 -475.000000 1095.000000
vn 0.000000 6.283185 0.000000
v 947.882996 -475.000000 1095.040161
vn 0.000000 6.283184 0.000000
v 943.597595 -475.000000 1095.405518
vn 0.000000 6.283186 0.000000
v 941.437317 -475.000000 1095.734253
vn 0.000000 6.283185 0.000000
v 939.293579 -475.000000 1096.157471
vn 0.000000 6.283185 0.000000
v 937.170227 -475.000000 1096.673950
vn 0.000000 6.283185 0.000000
v 935.071289 -475.000000 1097.282227
vn 0.000000 6.283185 0.000000
v 933.000671 -475.000000 1097.980957
vn 0.000000 6.283187 0.000000
v 923.209595 -475.000000 1102.782837
vn 0.000000 6.283183 0.000000
v 926.997864 -475.000000 1100.606079
vn 0.000000 6.283183 0.000000
v 925.079773 -475.000000 1101.652832
vn 0.000000 6.283187 0.000000
v 921.390625 -475.000000 1103.993896
vn 0.000000 6.283184 0.000000
v 928.960022 -475.000000 1099.644287
vn 0.000000 6.283181 0.000000
v 919.626282 -475.000000 1105.283447
vn 0.000000 6.283188 0.000000
v 930.962219 -475.000000 1098.768799
vn 0.000000 6.283184 0.000000
v 917.919800 -475.000000 1106.648560
vn 0.000000 6.283190 0.000000
v 913.180237 -475.000000 1111.172607
vn 0.000000 6.283185 0.000000
v 916.274414 -475.000000 1108.086914
vn 0.000000 6.283184 0.000000
v 914.693542 -475.000000 1109.595825
vn 0.000000 6.283182 0.000000
v 911.737366 -475.000000 1112.813965
vn 0.000000 6.283182 0.000000
v 905.669739 -475.000000 1121.875366
vn 0.000000 6.283186 0.000000
v 907.857056 -475.000000 1118.093018
vn 0.000000 6.283186 0.000000
v 906.721741 -475.000000 1119.960083
vn 0.000000 6.283186 0.000000
v 909.073120 -475.000000 1116.277466
vn 0.000000 6.283187 0.000000
v 904.702515 -475.000000 1123.834717
vn 0.000000 6.283185 0.000000
v 910.367432 -475.000000 1114.516724
vn 0.000000 6.283180 0.000000
v 903.821533 -475.000000 1125.834595
vn 0.000000 6.283189 0.000000
v 903.028137 -475.000000 1127.870850
vn 0.000000 6.283195 0.000000
v 900.000000 -475.000000 1145.000000
vn 0.000000 6.283184 0.000000
v 900.184570 -475.000000 1140.632812
vn 0.000000 6.283187 0.000000
v 900.042969 -475.000000 1142.813965
vn 0.000000 6.283187 0.000000
v 900.423462 -475.000000 1138.460693
vn 0.000000 6.283186 0.000000
v 900.758179 -475.000000 1136.301270
vn 0.000000 6.283185 0.000000
v 901.187378 -475.000000 1134.158691
vn 0.000000 6.283186 0.000000
v 901.709717 -475.000000 1132.036865
vn 0.000000 6.283185 0.000000
v 902.323730 -475.000000 1129.939575
vn 0.000000 6.283194 0.000000
v 1429.815430 -475.000000 1761.382568
vn 0.000000 6.283180 0.000000
v 1429.957031 -475.000000 1759.201538
vn 0.000000 6.283195 0.000000
v 1430.000000 -475.000000 1757.015503
vn 0.000000 6.283186 0.000000
v 1429.576538 -475.000000 1763.554810
vn 0.000000 6.283187 0.000000
v 1429.241821 -475.000000 1765.714233
vn 0.000000 6.283184 0.000000
v 1428.812622 -475.000000 1767.856812
vn 0.000000 6.283180 0.000000
v 1428.290283 -475.000000 1769.978638
vn 0.000000 6.283187 0.000000
v 1427.676270 -475.000000 1772.075928
vn 0.000000 6.283186 0.000000
v 1426.971802 -475.000000 1774.144653
vn 0.000000 6.283188 0.000000
v 1422.142944 -475.000000 1783.922485
vn 0.000000 6.283184 0.000000
v 1423.278198 -475.000000 1782.055298
vn 0.000000 6.283185 0.000000
v 1424.330322 -475.000000 1780.140137
vn 0.000000 6.283183 0.000000
v 1420.926880 -475.000000 1785.738037
vn 0.000000 6.283181 0.000000
v 1425.297485 -475.000000 1778.180664
vn 0.000000 6.283187 0.000000
v 1419.632568 -475.000000 1787.498779
vn 0.000000 6.283191 0.000000
v 1426.178467 -475.000000 1776.180908
vn 0.000000 6.283181 0.000000
v 1418.262573 -475.000000 1789.201538
vn 0.000000 6.283175 0.000000
v 1413.725586 -475.000000 1793.928467
vn 0.000000 6.283191 0.000000
v 1416.819702 -475.000000 1790.842896
vn 0.000000 6.283187 0.000000
v 1415.306519 -475.000000 1792.419678
vn 0.000000 6.283189 0.000000
v 1412.080200 -475.000000 1795.366943
vn 0.000000 6.283185 0.000000
v 1403.002075 -475.000000 1801.409424
vn 0.000000 6.283185 0.000000
v 1406.790405 -475.000000 1799.232666
vn 0.000000 6.283184 0.000000
v 1408.609375 -475.000000 1798.021484
vn 0.000000 6.283183 0.000000
v 1404.920166 -475.000000 1800.362671
vn 0.000000 6.283181 0.000000
v 1401.040039 -475.000000 1802.371216
vn 0.000000 6.283189 0.000000
v 1410.373779 -475.000000 1796.732056
vn 0.000000 6.283193 0.000000
v 1399.037720 -475.000000 1803.246704
vn 0.000000 6.283185 0.000000
v 1396.999390 -475.000000 1804.034546
vn 0.000000 6.283173 0.000000
v 1380.000000 -475.000000 1807.015503
vn 0.000000 6.283185 0.000000
v 1394.928711 -475.000000 1804.733276
vn 0.000000 6.283185 0.000000
v 1392.829712 -475.000000 1805.341553
vn 0.000000 6.283186 0.000000
v 1390.706421 -475.000000 1805.858032
vn 0.000000 6.283187 0.000000
v 1388.562622 -475.000000 1806.281250
vn 0.000000 6.283184 0.000000
v 1386.402344 -475.000000 1806.609985
vn 0.000000 6.283183 0.000000
v 1384.229492 -475.000000 1806.842773
vn 0.000000 6.283184 0.000000
v 1382.117065 -475.000000 1806.975342
vn 0.000000 6.283186 0.000000
v 900.000000 -475.000000 1572.697876
vn 0.000000 6.283176 0.000000
v 1041.117676 -475.000000 1807.015503
vn 0.000000 6.283188 0.000000
v 1036.728271 -475.000000 1806.826172
vn 0.000000 6.283186 0.000000
v 1038.920532 -475.000000 1806.970215
vn 0.000000 6.283186 0.000000
v 1034.544800 -475.000000 1806.584717
vn 0.000000 6.283187 0.000000
v 1032.374146 -475.000000 1806.246826
vn 0.000000 6.283185 0.000000
v 1030.220581 -475.000000 1805.813843
vn 0.000000 6.283185 0.000000
v 1028.087769 -475.000000 1805.286987
vn 0.000000 6.283187 0.000000
v 1025.980103 -475.000000 1804.667480
vn 0.000000 6.283188 0.000000
v 995.802246 -475.000000 1778.146362
vn 0.000000 6.283183 0.000000
v 1017.880249 -475.000000 1801.287842
vn 0.000000 6.283189 0.000000
v 1019.847473 -475.000000 1802.265503
vn 0.000000 6.283182 0.000000
v 1021.855896 -475.000000 1803.155518
vn 0.000000 6.283183 0.000000
v 997.630005 -475.000000 1781.697510
vn 0.000000 6.283184 0.000000
v 996.679871 -475.000000 1779.940918
vn 0.000000 6.283183 0.000000
v 1015.957886 -475.000000 1800.224365
vn 0.000000 6.283186 0.000000
v 998.756531 -475.000000 1783.583618
vn 0.000000 6.283185 0.000000
v 1014.084167 -475.000000 1799.077393
vn 0.000000 6.283185 0.000000
v 999.965393 -475.000000 1785.417725
vn 0.000000 6.283186 0.000000
v 1001.253845 -475.000000 1787.197021
vn 0.000000 6.283185 0.000000
v 1002.618958 -475.000000 1788.918213
vn 0.000000 6.283184 0.000000
v 1008.790344 -475.000000 1795.158936
vn 0.000000 6.283184 0.000000
v 1010.496765 -475.000000 1796.542358
vn 0.000000 6.283185 0.000000
v 1012.262573 -475.000000 1797.849365
vn 0.000000 6.283186 0.000000
v 1004.057983 -475.000000 1790.578125
vn 0.000000 6.283192 0.000000
v 1007.146545 -475.000000 1793.701538
vn 0.000000 6.283188 0.000000
v 1023.901428 -475.000000 1803.956543
vn 0.000000 6.283187 0.000000
v 1005.568115 -475.000000 1792.173584
vn 0.000000 6.283185 0.000000
v 2459.316406 -475.000000 1108.230591
vn 0.000000 6.283184 0.000000
v 2460.893799 -475.000000 1109.749390
vn 0.000000 1.396819 -1.570796
v 2740.000000 -475.000000 340.000000
vn 0.000000 6.283181 0.000000
v 2462.402832 -475.000000 1111.336060
vn 0.000000 6.283186 0.000000
v 2457.674072 -475.000000 1106.782349
vn 0.000000 6.283183 0.000000
v 2463.841309 -475.000000 1112.986938
vn 0.000000 6.283185 0.000000
v 2455.969727 -475.000000 1105.407471
vn 0.000000 6.283185 0.000000
v 2465.206299 -475.000000 1114.699219
vn 0.000000 6.283185 0.000000
v 2454.207031 -475.000000 1104.108398
vn 0.000000 6.283183 0.000000
v 2466.495117 -475.000000 1116.469360
vn 0.000000 6.283185 0.000000
v 2452.389160 -475.000000 1102.887695
vn 0.000000 6.283185 0.000000
v 2467.705078 -475.000000 1118.294434
vn 0.000000 6.283183 0.000000
v 2450.519531 -475.000000 1101.747925
vn 0.000000 6.283182 0.000000
v 2468.833740 -475.000000 1120.170898
vn 0.000000 6.283185 0.000000
v 2448.601807 -475.000000 1100.691406
vn 0.000000 6.283184 0.000000
v 2469.879150 -475.000000 1122.094971
vn 0.000000 6.283179 0.000000
v 2446.639160 -475.000000 1099.720337
vn 0.000000 6.283184 0.000000
v 2470.839355 -475.000000 1124.062866
vn 0.000000 6.283186 0.000000
v 2444.636230 -475.000000 1098.836060
vn 0.000000 6.283182 0.000000
v 2471.712646 -475.000000 1126.070923
vn 0.000000 6.283185 0.000000
v 2442.596436 -475.000000 1098.039795
vn 0.000000 6.283189 0.000000
v 2472.497070 -475.000000 1128.115112
vn 0.000000 6.283185 0.000000
v 2440.523926 -475.000000 1097.333008
vn 0.000000 6.283182 0.000000
v 2473.190918 -475.000000 1130.191895
vn 0.000000 6.283185 0.000000
v 2438.422607 -475.000000 1096.716919
vn 0.000000 6.283190 0.000000
v 2473.792480 -475.000000 1132.297119
vn 0.000000 6.283186 0.000000
v 2436.296631 -475.000000 1096.192871
vn 0.000000 6.283188 0.000000
v 2474.301758 -475.000000 1134.426758
vn 0.000000 6.283185 0.000000
v 2434.149902 -475.000000 1095.762329
vn 0.000000 6.283185 0.000000
v 2474.717529 -475.000000 1136.576660
vn 0.000000 6.283185 0.000000
v 2431.986328 -475.000000 1095.426392
vn 0.000000 6.283185 0.000000
v 2475.039551 -475.000000 1138.742554
vn 0.000000 6.283187 0.000000
v 2429.809814 -475.000000 1095.186401
vn 0.000000 6.283185 0.000000
v 2475.267334 -475.000000 1140.920288
vn 0.000000 6.283184 0.000000
v 2427.624512 -475.000000 1095.043823
vn 0.000000 6.283185 0.000000
v 2475.399902 -475.000000 1143.105957
vn 0.000000 6.283204 0.000000
v 2425.434326 -475.000000 1095.000000
vn 0.000000 6.283186 0.000000
v 2475.436768 -475.000000 1145.295166
vn 0.000000 6.283185 0.000000
v 2475.377441 -475.000000 1147.483887
vn 0.000000 6.283189 0.000000
v 2475.221191 -475.000000 1149.667969
vn 0.000000 6.283187 0.000000
v 2474.989990 -475.000000 1151.680542
vn 0.000000 6.283202 0.000000
v 2474.674561 -475.000000 1153.682373
vn 1.540963 3.130781 0.304687
v 2458.296387 -475.000000 1937.620605
vn 0.000000 6.283181 0.000000
v 2366.759766 -475.000000 1765.697876
vn 0.000000 6.283189 0.000000
v 2366.334229 -475.000000 1767.852417
vn 0.000000 6.283181 0.000000
v 2365.812256 -475.000000 1769.984985
vn 0.000000 6.283187 0.000000
v 2365.195801 -475.000000 1772.092041
vn 0.000000 6.283184 0.000000
v 2364.486816 -475.000000 1774.169678
vn 0.000000 6.283185 0.000000
v 2363.687012 -475.000000 1776.214111
vn 0.000000 6.283186 0.000000
v 2362.798584 -475.000000 1778.221802
vn 0.000000 6.283187 0.000000
v 2361.823486 -475.000000 1780.188721
vn 0.000000 6.283186 0.000000
v 2360.763428 -475.000000 1782.111328
vn 0.000000 6.283183 0.000000
v 2359.620605 -475.000000 1783.985718
vn 0.000000 6.283183 0.000000
v 2358.396729 -475.000000 1785.808105
vn 0.000000 6.283186 0.000000
v 2357.093750 -475.000000 1787.574951
vn 0.000000 6.283187 0.000000
v 2355.714111 -475.000000 1789.282593
vn 0.000000 6.283184 0.000000
v 2354.260742 -475.000000 1790.927979
vn 0.000000 6.283185 0.000000
v 2352.736572 -475.000000 1792.508179
vn 0.000000 6.283183 0.000000
v 2351.144531 -475.000000 1794.020020
vn 0.000000 6.283186 0.000000
v 2349.487793 -475.000000 1795.460571
vn 0.000000 6.283179 0.000000
v 2347.769287 -475.000000 1796.826782
vn 0.000000 6.283186 0.000000
v 2345.992432 -475.000000 1798.116211
vn 0.000000 6.283185 0.000000
v 2344.160645 -475.000000 1799.326660
vn 0.000000 3.108393 0.000000
v 2458.146973 -475.000000 1938.363281
vn 0.000000 3.115302 0.000000
v 2458.226562 -475.000000 1937.992920
vn 0.000000 3.100825 0.000000
v 2458.000977 -475.000000 1938.947510
vn 0.000000 3.101197 0.000000
v 2457.831299 -475.000000 1939.525269
vn 0.000000 3.101439 0.000000
v 2457.638428 -475.000000 1940.095703
vn 0.000000 3.101834 0.000000
v 2457.422852 -475.000000 1940.657837
vn 0.000000 3.101126 0.000000
v 2457.185059 -475.000000 1941.211060
vn 0.000000 3.102065 0.000000
v 2456.925049 -475.000000 1941.754272
vn 0.000000 3.101619 0.000000
v 2455.312744 -475.000000 1944.291138
vn 0.000000 3.101079 0.000000
v 2455.675537 -475.000000 1943.810547
vn 0.000000 3.101667 0.000000
v 2456.018555 -475.000000 1943.315674
vn 0.000000 3.101296 0.000000
v 2456.341553 -475.000000 1942.807495
vn 0.000000 3.101301 0.000000
v 2454.931152 -475.000000 1944.756714
vn 0.000000 3.101411 0.000000
v 2454.531006 -475.000000 1945.206665
vn 0.000000 3.101659 0.000000
v 2456.643799 -475.000000 1942.286743
vn 0.000000 3.101464 0.000000
v 2454.113037 -475.000000 1945.640259
vn 0.000000 3.101351 0.000000
v 2453.226807 -475.000000 1946.455322
vn 0.000000 3.101541 0.000000
v 2453.677979 -475.000000 1946.056763
vn 0.000000 3.101287 0.000000
v 2452.759766 -475.000000 1946.835571
vn 0.000000 3.101326 0.000000
v 2450.217773 -475.000000 1948.439453
vn 0.000000 3.101491 0.000000
v 2450.750977 -475.000000 1948.160156
vn 0.000000 3.101229 0.000000
v 2451.272705 -475.000000 1947.859619
vn 0.000000 3.101387 0.000000
v 2451.781982 -475.000000 1947.538208
vn 0.000000 3.101487 0.000000
v 2449.673584 -475.000000 1948.697144
vn 0.000000 3.101762 0.000000
v 2452.277832 -475.000000 1947.196655
vn 0.000000 3.101728 0.000000
v 2449.119385 -475.000000 1948.932861
vn 0.000000 6.283194 0.000000
v 2342.277832 -475.000000 1800.455444
vn 0.000000 6.283184 0.000000
v 2340.347168 -475.000000 1801.500366
vn 0.000000 6.283188 0.000000
v 2338.372314 -475.000000 1802.459106
vn 0.000000 6.283182 0.000000
v 2336.356934 -475.000000 1803.329956
vn 0.000000 6.283185 0.000000
v 2334.305664 -475.000000 1804.111938
vn 0.000000 6.283185 0.000000
v 2332.221924 -475.000000 1804.803589
vn 0.000000 6.283186 0.000000
v 2330.110107 -475.000000 1805.403687
vn 0.000000 6.283185 0.000000
v 2327.974121 -475.000000 1805.911011
vn 0.000000 6.283185 0.000000
v 2325.818115 -475.000000 1806.324341
vn 0.000000 6.283186 0.000000
v 2323.645996 -475.000000 1806.642334
vn 0.000000 6.283187 0.000000
v 2321.461914 -475.000000 1806.863892
vn 0.000000 6.283186 0.000000
v 2319.492432 -475.000000 1806.979614
vn 0.000000 6.283183 0.000000
v 2317.519531 -475.000000 1807.015503
vn 0.000000 3.100648 0.000000
v 2445.040283 -475.000000 1949.939819
vn 0.000000 3.100795 0.000000
v 2445.638184 -475.000000 1949.867188
vn 0.000000 3.101188 0.000000
v 2446.232422 -475.000000 1949.770264
vn 0.000000 3.101355 0.000000
v 2446.822266 -475.000000 1949.649414
vn 0.000000 3.101357 0.000000
v 2447.406982 -475.000000 1949.504883
vn 0.000000 3.101826 0.000000
v 2447.985107 -475.000000 1949.337036
vn 0.000000 3.101637 0.000000
v 2448.556396 -475.000000 1949.146240
vn 0.000000 6.283174 0.000000
v 1577.007202 -475.000000 1095.000000
vn -1.570796 1.570755 -1.570796
v 740.000000 -475.000000 340.000000
vn 0.000000 6.283184 0.000000
v 1570.604858 -475.000000 1095.405518
vn 0.000000 6.283183 0.000000
v 1572.777710 -475.000000 1095.172729
vn 0.000000 6.283184 0.000000
v 1574.890137 -475.000000 1095.040161
vn 0.000000 6.283187 0.000000
v 1540.187500 -475.000000 1111.172607
vn 0.000000 6.283189 0.000000
v 1541.700684 -475.000000 1109.595825
vn 0.000000 6.283179 0.000000
v 1543.281616 -475.000000 1108.086914
vn 0.000000 6.283179 0.000000
v 1538.744629 -475.000000 1112.813965
vn 0.000000 6.283189 0.000000
v 1544.927002 -475.000000 1106.648560
vn 0.000000 6.283182 0.000000
v 1537.374634 -475.000000 1114.516724
vn 0.000000 6.283187 0.000000
v 1546.633423 -475.000000 1105.283447
vn 0.000000 6.283188 0.000000
v 1536.080322 -475.000000 1116.277466
vn 0.000000 6.283176 0.000000
v 1548.397827 -475.000000 1103.993896
vn 0.000000 6.283186 0.000000
v 1534.864258 -475.000000 1118.093018
vn 0.000000 6.283186 0.000000
v 1550.216797 -475.000000 1102.782837
vn 0.000000 6.283188 0.000000
v 1533.729004 -475.000000 1119.960083
vn 0.000000 6.283190 0.000000
v 1552.087036 -475.000000 1101.652832
vn 0.000000 6.283188 0.000000
v 1532.676880 -475.000000 1121.875366
vn 0.000000 6.283189 0.000000
v 1554.005127 -475.000000 1100.606079
vn 0.000000 6.283184 0.000000
v 1531.709717 -475.000000 1123.834717
vn 0.000000 6.283205 0.000000
v 1555.967163 -475.000000 1099.644287
vn 0.000000 6.283193 0.000000
v 1530.828735 -475.000000 1125.834595
vn 0.000000 6.283188 0.000000
v 1557.969482 -475.000000 1098.768799
vn 0.000000 6.283186 0.000000
v 1530.035400 -475.000000 1127.870850
vn 0.000000 6.283168 0.000000
v 1560.007812 -475.000000 1097.980957
vn 0.000000 6.283187 0.000000
v 1529.330933 -475.000000 1129.939575
vn 0.000000 6.283222 0.000000
v 1562.078491 -475.000000 1097.282227
vn 0.000000 6.283180 0.000000
v 1528.716919 -475.000000 1132.036865
vn 0.000000 6.283179 0.000000
v 1564.177490 -475.000000 1096.673950
vn 0.000000 6.283184 0.000000
v 1528.194580 -475.000000 1134.158691
vn 0.000000 6.283184 0.000000
v 1566.300781 -475.000000 1096.157471
vn 0.000000 6.283184 0.000000
v 1527.765381 -475.000000 1136.301270
vn 0.000000 6.283172 0.000000
v 1568.444580 -475.000000 1095.734253
vn 0.000000 6.283187 0.000000
v 1527.430664 -475.000000 1138.460693
vn 0.000000 6.283187 0.000000
v 1527.191772 -475.000000 1140.632812
vn 0.000000 6.283183 0.000000
v 1527.050171 -475.000000 1142.813965
vn 0.000000 6.283198 0.000000
v 1527.007202 -475.000000 1145.000000
vn 0.000000 6.283168 0.000000
v 1527.007202 -475.000000 1757.015503
vn 0.000000 6.283182 0.000000
v 1527.047363 -475.000000 1759.132568
vn 0.000000 6.283182 0.000000
v 1527.179932 -475.000000 1761.244995
vn 0.000000 6.283188 0.000000
v 1527.412720 -475.000000 1763.417847
vn 0.000000 6.283189 0.000000
v 1527.741333 -475.000000 1765.578125
vn 0.000000 6.283184 0.000000
v 1528.164673 -475.000000 1767.721924
vn 0.000000 6.283185 0.000000
v 1528.681152 -475.000000 1769.845215
vn 0.000000 6.283184 0.000000
v 1529.289429 -475.000000 1771.944214
vn 0.000000 6.283186 0.000000
v 1529.988159 -475.000000 1774.014893
vn 0.000000 6.283190 0.000000
v 1530.776001 -475.000000 1776.053223
vn 0.000000 6.283177 0.000000
v 1531.651489 -475.000000 1778.055420
vn 0.000000 6.283185 0.000000
v 1532.613281 -475.000000 1780.017578
vn 0.000000 6.283185 0.000000
v 1533.660034 -475.000000 1781.935669
vn 0.000000 6.283186 0.000000
v 1534.790039 -475.000000 1783.805908
vn 0.000000 6.283186 0.000000
v 1536.001099 -475.000000 1785.624878
vn 0.000000 6.283181 0.000000
v 1537.290649 -475.000000 1787.389160
vn 0.000000 6.283184 0.000000
v 1538.655762 -475.000000 1789.095703
vn 0.000000 6.283185 0.000000
v 1540.094116 -475.000000 1790.741089
vn 0.000000 6.283185 0.000000
v 1541.603027 -475.000000 1792.321899
vn 0.000000 6.283186 0.000000
v 1543.179810 -475.000000 1793.835205
vn 0.000000 6.283182 0.000000
v 1544.821167 -475.000000 1795.278076
vn 0.000000 6.283194 0.000000
v 1546.523926 -475.000000 1796.648071
vn 0.000000 6.283182 0.000000
v 1548.284668 -475.000000 1797.942383
vn 0.000000 6.283199 0.000000
v 1577.007202 -475.000000 1807.015503
vn 0.000000 6.283187 0.000000
v 1574.821167 -475.000000 1806.972534
vn 0.000000 6.283184 0.000000
v 1572.640015 -475.000000 1806.830933
vn 0.000000 6.283187 0.000000
v 1570.467896 -475.000000 1806.592041
vn 0.000000 6.283186 0.000000
v 1568.308472 -475.000000 1806.257324
vn 0.000000 6.283185 0.000000
v 1566.165894 -475.000000 1805.828125
vn 0.000000 6.283186 0.000000
v 1564.044067 -475.000000 1805.305786
vn 0.000000 6.283185 0.000000
v 1561.946777 -475.000000 1804.691772
vn 0.000000 6.283189 0.000000
v 1559.878052 -475.000000 1803.987305
vn 0.000000 6.283188 0.000000
v 1557.841797 -475.000000 1803.193970
vn 0.000000 6.283187 0.000000
v 1555.841919 -475.000000 1802.312988
vn 0.000000 6.283187 0.000000
v 1553.882568 -475.000000 1801.345825
vn 0.000000 6.283185 0.000000
v 1551.967285 -475.000000 1800.293701
vn 0.000000 6.283185 0.000000
v 1550.100220 -475.000000 1799.158447
vn 0.000000 2.705397 0.000000
v 740.000000 -475.000000 1620.000000
vn 0.000000 3.104800 0.000000
v 1039.766846 -475.000000 2004.881958
vn 0.000000 3.102936 0.000000
v 1032.601929 -475.000000 2004.500122
vn 0.000000 3.101073 0.000000
v 1024.626343 -475.000000 2003.765137
vn 0.000000 3.101226 0.000000
v 1016.662109 -475.000000 2002.704346
vn 0.000000 3.101336 0.000000
v 1008.727722 -475.000000 2001.319580
vn 0.000000 3.101415 0.000000
v 1000.842346 -475.000000 1999.613770
vn 0.000000 3.099215 0.000000
v 993.025024 -475.000000 1997.590820
vn 0.000000 3.097038 0.000000
v 984.442322 -475.000000 1994.977295
vn 0.000000 3.097003 0.000000
v 975.993286 -475.000000 1991.987183
vn 0.000000 3.096931 0.000000
v 967.702820 -475.000000 1988.630249
vn 0.000000 3.120986 0.000000
v 865.680969 -475.000000 1889.523682
vn 0.000000 3.099010 0.000000
v 959.594666 -475.000000 1984.917603
vn 0.000000 3.096585 0.000000
v 869.559082 -475.000000 1897.412109
vn 0.000000 3.101275 0.000000
v 952.433838 -475.000000 1981.262329
vn 0.000000 3.096774 0.000000
v 873.787170 -475.000000 1905.116211
vn 0.000000 3.101319 0.000000
v 945.418152 -475.000000 1977.316895
vn 0.000000 3.096810 0.000000
v 878.403442 -475.000000 1912.700684
vn 0.000000 3.099124 0.000000
v 938.564697 -475.000000 1973.090820
vn 0.000000 3.096920 0.000000
v 883.374207 -475.000000 1920.100098
vn 0.000000 3.096896 0.000000
v 931.160889 -475.000000 1968.079468
vn 0.000000 3.096992 0.000000
v 888.686890 -475.000000 1927.292358
vn 0.000000 3.099012 0.000000
v 924.000366 -475.000000 1962.751221
vn 0.000000 3.101219 0.000000
v 917.762207 -475.000000 1957.682861
vn 0.000000 3.097036 0.000000
v 894.327026 -475.000000 1934.255493
vn 0.000000 3.101362 0.000000
v 911.719482 -475.000000 1952.354370
vn 0.000000 3.099246 0.000000
v 900.278625 -475.000000 1940.968262
vn 0.000000 3.101408 0.000000
v 905.886841 -475.000000 1946.778442
vn 0.274710 0.000001 3.129253
v 2444.824219 -475.000000 1949.959229
vn 0.346435 -0.000008 3.121446
v 2445.178955 -1495.000000 1949.924316
vn 0.368222 0.000001 3.119488
v 2445.207520 -475.000000 1949.920532
vn 0.483652 0.000006 3.103453
v 2445.803467 -475.000000 1949.839966
vn 0.500295 -0.000003 3.100534
v 2445.913818 -1495.000000 1949.824341
vn 0.608574 0.000016 3.081479
v 2446.395752 -475.000000 1949.735352
vn 0.652957 -0.000002 3.072017
v 2446.642822 -1495.000000 1949.688110
vn 0.731442 0.000023 3.054581
v 2446.983398 -475.000000 1949.606934
vn 0.804000 0.000003 3.035983
v 2447.364502 -1495.000000 1949.515991
vn 0.852214 0.000025 3.023200
v 2447.565674 -475.000000 1949.455200
vn 0.953272 0.000011 2.992470
v 2448.076416 -1495.000000 1949.308472
vn 0.971451 0.000021 2.987020
v 2448.141357 -475.000000 1949.280518
vn 1.099951 0.000014 2.941836
v 2448.777344 -1495.000000 1949.065918
vn 1.088750 0.000022 2.946251
v 2448.709717 -475.000000 1949.083130
vn 1.203902 0.000029 2.901234
v 2449.269775 -475.000000 1948.863525
vn 1.243881 0.000011 2.883811
v 2449.465576 -1495.000000 1948.789062
vn 1.317059 0.000031 2.851474
v 2449.820801 -475.000000 1948.622070
vn 1.385043 0.000009 2.818736
v 2450.138916 -1495.000000 1948.478638
vn 1.428632 0.000028 2.797327
v 2450.362061 -475.000000 1948.359009
vn 1.522601 0.000009 2.746876
v 2450.796387 -1495.000000 1948.135132
vn 1.538232 0.000018 2.738586
v 2450.892334 -475.000000 1948.074829
vn 1.656351 0.000005 2.668478
v 2451.436035 -1495.000000 1947.759644
vn 1.645875 0.000014 2.675214
v 2451.410889 -475.000000 1947.769897
vn 1.751744 0.000016 2.607062
v 2451.916748 -475.000000 1947.444580
vn 1.786361 -0.000004 2.583115
v 2452.056396 -1495.000000 1947.353027
vn 1.855604 0.000015 2.534279
v 2452.409180 -475.000000 1947.099121
vn 1.912292 -0.000010 2.491451
v 2452.655762 -1495.000000 1946.916138
vn 1.957331 0.000010 2.456542
v 2452.887207 -475.000000 1946.734009
vn 2.032684 -0.000010 2.394141
v 2453.232666 -1495.000000 1946.450195
vn 2.056581 0.000005 2.374064
v 2453.349854 -475.000000 1946.349609
vn 2.148273 -0.000007 2.290974
v 2453.786133 -1495.000000 1945.956421
vn 2.152699 0.000001 2.287198
v 2453.796387 -475.000000 1945.946411
vn 2.244473 0.000005 2.197314
v 2454.225830 -475.000000 1945.525146
vn 2.259334 -0.000005 2.181506
v 2454.314453 -1495.000000 1945.435791
vn 2.331749 0.000014 2.104460
v 2454.637939 -475.000000 1945.086792
vn 2.364403 -0.000005 2.067339
v 2454.816162 -1495.000000 1944.889648
vn 2.414941 0.000020 2.008472
v 2455.031738 -475.000000 1944.632202
vn 2.463383 0.000001 1.948164
v 2455.290527 -1495.000000 1944.319458
vn 2.493474 0.000022 1.910115
v 2455.406982 -475.000000 1944.162109
vn 2.556987 0.000010 1.823743
v 2455.736084 -1495.000000 1943.726440
vn 2.567162 0.000019 1.809828
v 2455.763184 -475.000000 1943.677368
vn 2.636681 0.000021 1.707017
v 2456.100098 -475.000000 1943.178955
vn 2.643916 0.000014 1.694890
v 2456.151611 -1495.000000 1943.112183
vn 2.701928 0.000029 1.601780
v 2456.416992 -475.000000 1942.667480
vn 2.724503 0.000011 1.562472
v 2456.536377 -1495.000000 1942.478027
vn 2.762967 0.000032 1.494150
v 2456.713623 -475.000000 1942.144043
vn 2.798239 0.000010 1.426002
v 2456.889404 -1495.000000 1941.825684
vn 2.819797 0.000029 1.383767
v 2456.989258 -475.000000 1941.609253
vn 2.865309 0.000012 1.285936
v 2457.209717 -1495.000000 1941.156738
vn 2.872121 0.000020 1.271601
v 2457.243652 -475.000000 1941.063965
vn 2.925653 0.000008 1.142242
v 2457.496582 -1495.000000 1940.472778
vn 2.920090 0.000017 1.157066
v 2457.476318 -475.000000 1940.509155
vn 2.964011 0.000019 1.039221
v 2457.686768 -475.000000 1939.945679
vn 2.978405 -0.000002 0.996421
v 2457.749023 -1495.000000 1939.775391
vn 3.003436 0.000017 0.919421
v 2457.874268 -475.000000 1939.374146
vn 3.023839 -0.000007 0.848521
v 2457.967041 -1495.000000 1939.066528
vn 3.038028 0.000012 0.797606
v 2458.038818 -475.000000 1938.795654
vn 3.062202 -0.000008 0.697494
v 2458.149658 -1495.000000 1938.347656
vn 3.068049 0.000004 0.672512
v 2458.179688 -475.000000 1938.210815
vn 6.187727 0.000002 1.091064
v 2718.600098 -1410.000000 461.364502
vn 6.187738 -0.000001 1.091014
v 2459.164551 -580.000000 1932.696533
vn 6.187738 0.000002 1.091014
v 2459.164551 -1410.000000 1932.696533
vn 6.187728 -0.000002 1.091065
v 2718.600098 -580.000000 461.364502
vn 1.546933 -0.000001 0.272765
v 2458.296387 -475.000000 1937.620605
vn 1.546932 -0.000000 0.272766
v 2740.000000 -475.000000 340.000000
vn 1.546932 0.000000 0.272766
v 2740.000000 -1495.000000 340.000000
vn -1.570796 0.000000 0.000000
v 740.000000 -475.000000 1620.000000
vn 1.570796 -1.570797 -1.570796
v 2434.500000 1491.799927 69.500000
vn 1.570796 -1.570796 1.570796
v 2434.500000 1491.799927 126.099998
vn -1.570796 -1.570797 1.570796
v 484.500000 1491.799927 126.099998
vn -1.570796 -1.570796 -1.570796
v 484.500000 1491.799927 69.500000
vn -1.570796 1.570796 -1.570796
v 484.500000 2095.000000 69.500000
vn -1.570796 1.570797 1.570796
v 484.500000 2095.000000 126.099998
vn 1.570796 1.570797 -1.570796
v 2434.500000 2095.000000 69.500000
vn 1.570796 1.570796 1.570796
v 2434.500000 2095.000000 126.099998
vn -1.570796 -1.570796 -1.570796
v -3258.000000 1491.799927 69.500000
vn 1.570796 -1.570796 -1.570796
v -1415.500122 1491.799927 69.500000
vn -1.570796 -1.570796 1.570796
v -3258.000000 1491.799927 126.099998
vn 1.570796 -1.570796 1.570796
v -1415.500122 1491.799927 126.099998
vn -1.570796 1.570796 -1.570796
v -3258.000000 2095.000000 69.500000
vn -1.570796 1.570796 1.570796
v -3258.000000 2095.000000 126.099998
vn 1.570796 1.570796 1.570796
v -1415.500122 2095.000000 126.099998
vn 1.570796 1.570796 -1.570796
v -1415.500122 2095.000000 69.500000
vn 1.570796 -1.570796 -1.570796
v 484.499817 1491.799927 69.500000
vn 1.570796 -1.570798 1.570796
v 484.499817 1491.799927 126.099998
vn -1.570796 -1.570798 -1.570796
v -1415.500122 1491.799927 69.500000
vn -1.570796 -1.570796 1.570796
v -1415.500122 1491.799927 126.099998
vn -1.570796 1.570798 -1.570796
v -1415.500122 2095.000000 69.500000
vn -1.570796 1.570796 1.570796
v -1415.500122 2095.000000 126.099998
vn 1.570796 1.570798 1.570796
v 484.499817 2095.000000 126.099998
vn 1.570796 1.570796 -1.570796
v 484.499817 2095.000000 69.500000
vn -1.570797 1.570796 1.570796
v -1319.500000 -1494.999878 126.099998
vn -1.570796 1.570796 -1.570796
v -1319.500000 -1494.999878 69.500000
vn -1.570797 -1.570796 -1.570796
v -1319.500000 -2095.000000 69.500000
vn -1.570796 -1.570796 1.570796
v -1319.500000 -2095.000000 126.099998
vn 1.570796 -1.570796 -1.570796
v 740.000000 -2095.000000 69.500000
vn 1.570797 -1.570796 1.570796
v 740.000000 -2095.000000 126.099998
vn 1.570797 1.570796 -1.570796
v 740.000000 -1494.999878 69.500000
vn 1.570796 1.570796 1.570796
v 740.000000 -1494.999878 126.099998
vn 1.570796 1.570797 1.570796
v -1319.500000 -1494.999878 126.099998
vn 1.570797 1.570796 -1.570796
v -1319.500000 -1494.999878 69.500000
vn -1.570796 1.570797 -1.570796
v -3269.500000 -1494.999878 69.500000
vn -1.570797 1.570796 1.570796
v -3269.500000 -1494.999878 126.099998
vn -1.570797 -1.570797 -1.570796
v -3269.500000 -2095.000000 69.500000
vn -1.570796 -1.570796 1.570796
v -3269.500000 -2095.000000 126.099998
vn 1.570796 -1.570796 -1.570796
v -1319.500000 -2095.000000 69.500000
vn 1.570797 -1.570797 1.570796
v -1319.500000 -2095.000000 126.099998
vn 2.053537 -3.109210 -2.376973
v 498.424042 -384.500000 923.449158
vn 2.129431 -3.109202 -2.309229
v 507.605194 -384.500000 931.644348
vn 2.203095 -3.109200 -2.239059
v 516.516174 -384.500000 940.132629
vn 1.975491 -3.109203 -2.442223
v 488.982300 -384.500000 915.555481
vn 1.895371 -3.109207 -2.504912
v 479.289917 -384.500000 907.971741
vn 1.813266 -3.109206 -2.564972
v 469.357056 -384.500000 900.705811
vn 2.274443 -3.109211 -2.166547
v 525.147583 -384.500000 948.904968
vn 2.593998 -3.109208 -1.771494
v 563.805542 -384.500000 996.696350
vn 2.473891 -3.109200 -1.935686
v 549.275635 -384.500000 976.833191
vn 2.535278 -3.109206 -1.854557
v 556.701416 -384.500000 986.647095
vn 2.409913 -3.109209 -2.014779
v 541.535889 -384.500000 967.264893
vn 1.729255 -3.109205 -2.622345
v 459.194092 -384.500000 893.765320
vn 2.703227 -3.109204 -1.599869
v 577.019287 -384.500000 1017.458313
vn 2.650002 -3.109202 -1.686567
v 570.580566 -384.500000 1006.970337
vn 1.375987 -3.109198 -2.823770
v 416.458130 -384.500000 869.398315
vn 1.643429 -3.109205 -2.676968
v 448.811737 -384.500000 887.157593
vn 1.555882 -3.109204 -2.728782
v 438.220825 -384.500000 880.889526
vn 1.466707 -3.109208 -2.777731
v 427.432526 -384.500000 874.967712
vn 2.845681 -3.109215 -1.330081
v 594.252319 -384.500000 1050.095337
vn 2.753617 -3.109200 -1.511492
v 583.115051 -384.500000 1028.149292
vn 2.801122 -3.109202 -1.421525
v 588.861389 -384.500000 1039.032104
vn 2.887255 -3.109206 -1.237245
v 599.282227 -384.500000 1061.327271
vn 1.190319 -3.109198 -2.906915
v 393.997223 -384.500000 859.339905
vn 1.283827 -3.109211 -2.866846
v 405.309113 -384.500000 864.187256
vn 0.999659 -3.109205 -2.977868
v 370.932343 -384.500000 850.756531
vn 2.343409 -3.109202 -2.091758
v 533.490417 -384.500000 957.952209
vn 1.095558 -3.109204 -2.943938
v 382.534271 -384.500000 854.861450
vn 3.048965 -3.109214 -0.755534
v 618.844299 -384.500000 1119.600464
vn 2.993664 -3.109209 -0.951312
v 612.154541 -384.500000 1095.916992
vn 3.022902 -3.109202 -0.853864
v 615.691223 -384.500000 1107.704590
vn 2.961292 -3.109214 -1.047745
v 608.237976 -384.500000 1084.250122
vn 2.925810 -3.109195 -1.143088
v 603.945740 -384.500000 1072.716064
vn 0.706063 -3.109200 -3.060800
v 335.414764 -384.500000 840.723999
vn 0.902707 -3.109208 -3.008677
v 359.203552 -384.500000 847.029419
vn 0.804805 -3.109202 -3.036331
v 347.360229 -384.500000 843.684082
vn 3.107878 -3.109202 -0.456189
v 625.971313 -384.500000 1155.813110
vn 3.071831 -3.109202 -0.656404
v 621.610596 -384.500000 1131.592285
vn 3.091477 -3.109208 -0.556589
v 623.987061 -384.500000 1143.667480
vn 0.405807 -3.109199 -3.114858
v 299.091492 -384.500000 834.184387
vn 0.606573 -3.109198 -3.082058
v 323.379761 -384.500000 838.152283
vn 0.506451 -3.109210 -3.100085
v 311.267761 -384.500000 835.971680
vn 0.203328 -3.109210 -3.134593
v 274.597321 -384.500000 831.796936
vn 0.304727 -3.109202 -3.126365
v 286.863739 -384.500000 832.792297
vn 3.137475 -3.109210 -0.152542
v 629.551636 -384.500000 1192.546387
vn 3.121021 -3.109210 -0.355310
v 627.561157 -384.500000 1168.016724
vn 3.130889 -3.109197 -0.254059
v 628.755066 -384.500000 1180.265381
vn 0.101719 -3.109202 -3.139533
v 262.305115 -384.500000 831.199280
vn 0.000000 -3.109206 -3.141180
v 250.000000 -384.500000 831.000000
vn 3.130889 -3.109201 0.254059
v 628.755066 -384.500000 1241.734619
vn 3.140769 -3.109199 0.050871
v 629.950195 -384.500000 1217.153320
vn 3.137475 -3.109211 0.152542
v 629.551636 -384.500000 1229.453613
vn 3.140769 -3.109203 -0.050871
v 629.950195 -384.500000 1204.846680
vn -0.304727 -3.109197 -3.126365
v 213.136261 -384.500000 832.792297
vn -0.101719 -3.109202 -3.139534
v 237.694885 -384.500000 831.199280
vn -0.203328 -3.109210 -3.134593
v 225.402664 -384.500000 831.796936
vn 3.071831 -3.109204 0.656405
v 621.610596 -384.500000 1290.407715
vn 3.107878 -3.109203 0.456189
v 625.971313 -384.500000 1266.186890
vn 3.091476 -3.109208 0.556589
v 623.987061 -384.500000 1278.332520
vn 3.121021 -3.109215 0.355310
v 627.561157 -384.500000 1253.983276
vn -0.706063 -3.109204 -3.060799
v 164.585220 -384.500000 840.723999
vn -0.606572 -3.109202 -3.082058
v 176.620255 -384.500000 838.152283
vn -0.506451 -3.109221 -3.100084
v 188.732254 -384.500000 835.971680
vn 3.048965 -3.109210 0.755534
v 618.844299 -384.500000 1302.399536
vn -0.804806 -3.109211 -3.036331
v 152.639786 -384.500000 843.684082
vn 2.993664 -3.109203 0.951312
v 612.154541 -384.500000 1326.083008
vn 3.022901 -3.109202 0.853864
v 615.691223 -384.500000 1314.295410
vn -0.999658 -3.109208 -2.977868
v 129.067673 -384.500000 850.756531
vn -0.902707 -3.109204 -3.008677
v 140.796448 -384.500000 847.029419
vn -1.095558 -3.109200 -2.943938
v 117.465721 -384.500000 854.861450
vn -0.405807 -3.109207 -3.114857
v 200.908508 -384.500000 834.184387
vn 2.925810 -3.109189 1.143088
v 603.945740 -384.500000 1349.283936
vn 2.961292 -3.109215 1.047745
v 608.237976 -384.500000 1337.749878
vn -1.283827 -3.109207 -2.866846
v 94.690887 -384.500000 864.187256
vn -1.190319 -3.109200 -2.906915
v 106.002785 -384.500000 859.339905
vn 2.845681 -3.109211 1.330081
v 594.252319 -384.500000 1371.904663
vn 2.887255 -3.109206 1.237245
v 599.282227 -384.500000 1360.672729
vn 2.801122 -3.109210 1.421525
v 588.861389 -384.500000 1382.967896
vn -1.466705 -3.109209 -2.777731
v 72.567474 -384.500000 874.967712
vn -1.375987 -3.109204 -2.823770
v 83.541885 -384.500000 869.398315
vn 2.703227 -3.109210 1.599869
v 577.019287 -384.500000 1404.541626
vn 2.753615 -3.109199 1.511496
v 583.115051 -384.500000 1393.850708
vn 2.650006 -3.109202 1.686560
v 570.580566 -384.500000 1415.029663
vn -1.729255 -3.109205 -2.622345
v 40.805904 -384.500000 893.765320
vn -1.555882 -3.109205 -2.728781
v 61.779160 -384.500000 880.889526
vn -1.643430 -3.109204 -2.676968
v 51.188271 -384.500000 887.157593
vn -1.813266 -3.109206 -2.564972
v 30.642952 -384.500000 900.705811
vn -1.895370 -3.109200 -2.504913
v 20.710077 -384.500000 907.971741
vn 2.473891 -3.109176 1.935686
v 549.275635 -384.500000 1445.166870
vn 2.593998 -3.109200 1.771494
v 563.805542 -384.500000 1425.303711
vn 2.535278 -3.109213 1.854557
v 556.701416 -384.500000 1435.352905
vn -2.053538 -3.109209 -2.376973
v 1.575973 -384.500000 923.449158
vn -1.975492 -3.109202 -2.442222
v 11.017695 -384.500000 915.555481
vn 2.203087 -3.109205 2.239067
v 516.516174 -384.500000 1481.867432
vn 2.343413 -3.109216 2.091753
v 533.490417 -384.500000 1464.047729
vn 2.274450 -3.109199 2.166539
v 525.147583 -384.500000 1473.095093
vn 2.409907 -3.109218 2.014787
v 541.535889 -384.500000 1454.735107
vn 2.129432 -3.109217 2.309229
v 507.605194 -384.500000 1490.355591
vn -2.343407 -3.109206 -2.091759
v -33.490421 -384.500000 957.952209
vn -2.129432 -3.109199 -2.309228
v -7.605186 -384.500000 931.644348
vn -2.203095 -3.109210 -2.239060
v -16.516153 -384.500000 940.132629
vn -2.274442 -3.109202 -2.166548
v -25.147583 -384.500000 948.904968
vn 2.053537 -3.109193 2.376973
v 498.424042 -384.500000 1498.550903
vn -2.409914 -3.109208 -2.014778
v -41.535915 -384.500000 967.264893
vn 1.975492 -3.109218 2.442223
v 488.982300 -384.500000 1506.444458
vn -2.594000 -3.109218 -1.771490
v -63.805573 -384.500000 996.696350
vn -2.473891 -3.109204 -1.935686
v -49.275627 -384.500000 976.833191
vn -2.535276 -3.109202 -1.854560
v -56.701443 -384.500000 986.647095
vn 1.729255 -3.109209 2.622345
v 459.194092 -384.500000 1528.234619
vn 1.895376 -3.109197 2.504908
v 479.289917 -384.500000 1514.028320
vn 1.813256 -3.109206 2.564980
v 469.357056 -384.500000 1521.294189
vn 1.555876 -3.109199 2.728785
v 438.220825 -384.500000 1541.110474
vn 1.643435 -3.109200 2.676964
v 448.811737 -384.500000 1534.842407
vn -2.753617 -3.109197 -1.511492
v -83.115051 -384.500000 1028.149292
vn -2.650002 -3.109209 -1.686566
v -70.580559 -384.500000 1006.970337
vn -2.703227 -3.109206 -1.599870
v -77.019302 -384.500000 1017.458313
vn -2.801121 -3.109204 -1.421527
v -88.861404 -384.500000 1039.032104
vn 1.375993 -3.109193 2.823767
v 416.458130 -384.500000 1552.601685
vn 1.466707 -3.109219 2.777731
v 427.432526 -384.500000 1547.032227
vn 1.283820 -3.109201 2.866849
v 405.309113 -384.500000 1557.812744
vn 1.095572 -3.109202 2.943933
v 382.534271 -384.500000 1567.138550
vn 1.190319 -3.109211 2.906915
v 393.997223 -384.500000 1562.660034
vn -2.961292 -3.109207 -1.047745
v -108.237991 -384.500000 1084.250122
vn -2.887258 -3.109213 -1.237240
v -99.282204 -384.500000 1061.327271
vn -2.845683 -3.109205 -1.330077
v -94.252342 -384.500000 1050.095337
vn -2.925809 -3.109200 -1.143092
v -103.945717 -384.500000 1072.716064
vn 0.999659 -3.109197 2.977868
v 370.932343 -384.500000 1571.243530
vn -2.993665 -3.109201 -0.951308
v -112.154518 -384.500000 1095.916992
vn -3.048964 -3.109214 -0.755535
v -118.844322 -384.500000 1119.600464
vn -3.022900 -3.109202 -0.853870
v -115.691200 -384.500000 1107.704590
vn 0.706056 -3.109200 3.060801
v 335.414764 -384.500000 1581.276001
vn 0.902700 -3.109202 3.008679
v 359.203552 -384.500000 1574.970581
vn 0.804805 -3.109202 3.036331
v 347.360229 -384.500000 1578.315918
vn 0.606573 -3.109200 3.082059
v 323.379761 -384.500000 1583.847656
vn -3.121021 -3.109200 -0.355311
v -127.561172 -384.500000 1168.016724
vn -3.071832 -3.109204 -0.656402
v -121.610580 -384.500000 1131.592285
vn -3.091476 -3.109209 -0.556588
v -123.987061 -384.500000 1143.667480
vn -3.107878 -3.109204 -0.456191
v -125.971291 -384.500000 1155.813110
vn 0.304727 -3.109217 3.126365
v 286.863739 -384.500000 1589.207642
vn 0.506466 -3.109202 3.100082
v 311.267761 -384.500000 1586.028320
vn 0.405799 -3.109193 3.114858
v 299.091492 -384.500000 1587.815674
vn 0.101711 -3.109226 3.139534
v 262.305115 -384.500000 1590.800659
vn 0.203328 -3.109188 3.134593
v 274.597321 -384.500000 1590.203125
vn 0.000000 -3.109196 3.141181
v 250.000000 -384.500000 1591.000000
vn -3.137475 -3.109206 0.152542
v -129.551666 -384.500000 1229.453613
vn -3.140769 -3.109204 0.050865
v -129.950180 -384.500000 1217.153320
vn -3.140769 -3.109204 -0.050865
v -129.950180 -384.500000 1204.846680
vn -0.304728 -3.109221 3.126365
v 213.136261 -384.500000 1589.207642
vn -0.101711 -3.109221 3.139534
v 237.694885 -384.500000 1590.800659
vn -0.203328 -3.109191 3.134593
v 225.402664 -384.500000 1590.203125
vn -3.121021 -3.109207 0.355311
v -127.561172 -384.500000 1253.983276
vn -3.130890 -3.109204 -0.254061
v -128.755051 -384.500000 1180.265381
vn -3.137475 -3.109205 -0.152542
v -129.551666 -384.500000 1192.546387
vn -3.130890 -3.109208 0.254061
v -128.755051 -384.500000 1241.734619
vn -0.405800 -3.109193 3.114858
v 200.908508 -384.500000 1587.815674
vn -3.107878 -3.109197 0.456191
v -125.971291 -384.500000 1266.186890
vn -3.048965 -3.109203 0.755535
v -118.844322 -384.500000 1302.399536
vn -3.071832 -3.109202 0.656402
v -121.610580 -384.500000 1290.407715
vn -3.091476 -3.109206 0.556588
v -123.987061 -384.500000 1278.332520
vn -0.804806 -3.109205 3.036331
v 152.639786 -384.500000 1578.315918
vn -0.606573 -3.109204 3.082059
v 176.620255 -384.500000 1583.847656
vn -0.706056 -3.109202 3.060801
v 164.585220 -384.500000 1581.276001
vn -0.506466 -3.109209 3.100082
v 188.732254 -384.500000 1586.028320
vn -3.022900 -3.109203 0.853870
v -115.691200 -384.500000 1314.295410
vn -2.961291 -3.109207 1.047745
v -108.237991 -384.500000 1337.749878
vn -2.993665 -3.109202 0.951308
v -112.154518 -384.500000 1326.083008
vn -1.190319 -3.109209 2.906915
v 106.002785 -384.500000 1562.660034
vn -0.999658 -3.109200 2.977868
v 129.067673 -384.500000 1571.243530
vn -1.095572 -3.109208 2.943933
v 117.465721 -384.500000 1567.138550
vn -0.902700 -3.109208 3.008679
v 140.796448 -384.500000 1574.970581
vn -2.887258 -3.109213 1.237240
v -99.282204 -384.500000 1360.672729
vn -2.925809 -3.109200 1.143092
v -103.945717 -384.500000 1349.283936
vn -2.845683 -3.109206 1.330077
v -94.252342 -384.500000 1371.904663
vn -1.375993 -3.109194 2.823767
v 83.541885 -384.500000 1552.601685
vn -1.283821 -3.109208 2.866848
v 94.690887 -384.500000 1557.812744
vn -1.466705 -3.109221 2.777732
v 72.567474 -384.500000 1547.032227
vn -2.753615 -3.109204 1.511496
v -83.115051 -384.500000 1393.850708
vn -2.801121 -3.109206 1.421527
v -88.861404 -384.500000 1382.967896
vn -1.643436 -3.109199 2.676964
v 51.188271 -384.500000 1534.842407
vn -1.555876 -3.109197 2.728785
v 61.779160 -384.500000 1541.110474
vn -2.650007 -3.109214 1.686558
v -70.580559 -384.500000 1415.029663
vn -2.703227 -3.109210 1.599870
v -77.019302 -384.500000 1404.541626
vn -1.813256 -3.109203 2.564980
v 30.642952 -384.500000 1521.294189
vn -1.729255 -3.109213 2.622345
v 40.805904 -384.500000 1528.234619
vn -1.895375 -3.109196 2.504909
v 20.710077 -384.500000 1514.028320
vn -2.473891 -3.109201 1.935686
v -49.275627 -384.500000 1445.166870
vn -2.535276 -3.109211 1.854560
v -56.701443 -384.500000 1435.352905
vn -2.594000 -3.109196 1.771491
v -63.805573 -384.500000 1425.303711
vn -2.409908 -3.109213 2.014786
v -41.535915 -384.500000 1454.735107
vn -2.343411 -3.109215 2.091755
v -33.490421 -384.500000 1464.047729
vn -2.129432 -3.109206 2.309229
v -7.605186 -384.500000 1490.355591
vn -1.975493 -3.109210 2.442222
v 11.017695 -384.500000 1506.444458
vn -2.053538 -3.109199 2.376973
v 1.575973 -384.500000 1498.550903
vn -2.274449 -3.109198 2.166540
v -25.147583 -384.500000 1473.095093
vn -2.203087 -3.109203 2.239068
v -16.516153 -384.500000 1481.867432
vn -0.101719 3.109203 -3.139533
v 237.694885 -349.500000 831.199280
vn 0.000000 3.109206 -3.141181
v 250.000000 -349.500000 831.000000
vn -0.203328 3.109207 -3.134593
v 225.402664 -349.500000 831.796936
vn -0.304727 3.109202 -3.126365
v 213.136261 -349.500000 832.792297
vn -0.405807 3.109207 -3.114857
v 200.908508 -349.500000 834.184387
vn -0.506451 3.109210 -3.100085
v 188.732254 -349.500000 835.971680
vn -0.606573 3.109201 -3.082058
v 176.620255 -349.500000 838.152283
vn -0.706063 3.109205 -3.060799
v 164.585220 -349.500000 840.723999
vn -0.804806 3.109206 -3.036331
v 152.639786 -349.500000 843.684082
vn -0.902707 3.109203 -3.008677
v 140.796448 -349.500000 847.029419
vn -0.999658 3.109209 -2.977868
v 129.067673 -349.500000 850.756531
vn -1.095558 3.109206 -2.943937
v 117.465721 -349.500000 854.861450
vn -1.190319 3.109201 -2.906915
v 106.002785 -349.500000 859.339905
vn -1.283827 3.109210 -2.866846
v 94.690887 -349.500000 864.187256
vn -1.375987 3.109201 -2.823770
v 83.541885 -349.500000 869.398315
vn -1.466705 3.109209 -2.777731
v 72.567474 -349.500000 874.967712
vn -1.555882 3.109204 -2.728781
v 61.779160 -349.500000 880.889526
vn -1.643430 3.109206 -2.676968
v 51.188271 -349.500000 887.157593
vn -1.729255 3.109203 -2.622345
v 40.805904 -349.500000 893.765320
vn -1.813266 3.109207 -2.564972
v 30.642952 -349.500000 900.705811
vn -1.895370 3.109208 -2.504913
v 20.710077 -349.500000 907.971741
vn -1.975492 3.109201 -2.442222
v 11.017695 -349.500000 915.555481
vn -2.053538 3.109210 -2.376973
v 1.575973 -349.500000 923.449158
vn -2.129432 3.109200 -2.309229
v -7.605186 -349.500000 931.644348
vn -2.203095 3.109208 -2.239060
v -16.516153 -349.500000 940.132629
vn -2.274441 3.109205 -2.166548
v -25.147583 -349.500000 948.904968
vn -2.343408 3.109204 -2.091759
v -33.490421 -349.500000 957.952209
vn -2.409914 3.109207 -2.014778
v -41.535915 -349.500000 967.264893
vn -2.473891 3.109206 -1.935686
v -49.275627 -349.500000 976.833191
vn -2.535276 3.109204 -1.854560
v -56.701443 -349.500000 986.647095
vn -2.594001 3.109207 -1.771491
v -63.805573 -349.500000 996.696350
vn -2.650002 3.109205 -1.686566
v -70.580559 -349.500000 1006.970337
vn -2.703226 3.109205 -1.599870
v -77.019302 -349.500000 1017.458313
vn -2.753617 3.109203 -1.511492
v -83.115051 -349.500000 1028.149292
vn -2.801121 3.109204 -1.421527
v -88.861404 -349.500000 1039.032104
vn -2.845683 3.109207 -1.330077
v -94.252342 -349.500000 1050.095337
vn -2.887258 3.109210 -1.237240
v -99.282204 -349.500000 1061.327271
vn -2.925808 3.109198 -1.143092
v -103.945717 -349.500000 1072.716064
vn -2.961292 3.109208 -1.047745
v -108.237991 -349.500000 1084.250122
vn -2.993665 3.109205 -0.951308
v -112.154518 -349.500000 1095.916992
vn -3.022900 3.109206 -0.853870
v -115.691200 -349.500000 1107.704590
vn -3.048965 3.109204 -0.755535
v -118.844322 -349.500000 1119.600464
vn -3.071832 3.109203 -0.656402
v -121.610580 -349.500000 1131.592285
vn -3.091476 3.109209 -0.556588
v -123.987061 -349.500000 1143.667480
vn -3.107878 3.109203 -0.456191
v -125.971291 -349.500000 1155.813110
vn -3.121021 3.109206 -0.355311
v -127.561172 -349.500000 1168.016724
vn -3.130890 3.109203 -0.254061
v -128.755051 -349.500000 1180.265381
vn -3.137475 3.109205 -0.152542
v -129.551666 -349.500000 1192.546387
vn -3.140769 3.109206 -0.050865
v -129.950180 -349.500000 1204.846680
vn -3.140769 3.109205 0.050865
v -129.950180 -349.500000 1217.153320
vn -3.137475 3.109205 0.152542
v -129.551666 -349.500000 1229.453613
vn -3.130890 3.109203 0.254061
v -128.755051 -349.500000 1241.734619
vn -3.121021 3.109206 0.355311
v -127.561172 -349.500000 1253.983276
vn -3.107878 3.109203 0.456191
v -125.971291 -349.500000 1266.186890
vn -3.091476 3.109209 0.556588
v -123.987061 -349.500000 1278.332520
vn -3.071832 3.109203 0.656402
v -121.610580 -349.500000 1290.407715
vn -3.048965 3.109204 0.755535
v -118.844322 -349.500000 1302.399536
vn -3.022900 3.109206 0.853870
v -115.691200 -349.500000 1314.295410
vn -2.993665 3.109205 0.951308
v -112.154518 -349.500000 1326.083008
vn -2.961292 3.109208 1.047745
v -108.237991 -349.500000 1337.749878
vn -2.925808 3.109198 1.143092
v -103.945717 -349.500000 1349.283936
vn -2.887258 3.109210 1.237240
v -99.282204 -349.500000 1360.672729
vn -2.845683 3.109207 1.330077
v -94.252342 -349.500000 1371.904663
vn -2.801121 3.109204 1.421527
v -88.861404 -349.500000 1382.967896
vn -2.753615 3.109201 1.511496
v -83.115051 -349.500000 1393.850708
vn -2.703227 3.109210 1.599870
v -77.019302 -349.500000 1404.541626
vn -2.650007 3.109205 1.686559
v -70.580559 -349.500000 1415.029663
vn -2.594000 3.109201 1.771491
v -63.805573 -349.500000 1425.303711
vn -2.535276 3.109210 1.854560
v -56.701443 -349.500000 1435.352905
vn -2.473891 3.109200 1.935686
v -49.275627 -349.500000 1445.166870
vn -2.409908 3.109206 2.014786
v -41.535915 -349.500000 1454.735107
vn -2.343411 3.109214 2.091755
v -33.490421 -349.500000 1464.047729
vn -2.274449 3.109199 2.166541
v -25.147583 -349.500000 1473.095093
vn -2.203087 3.109200 2.239068
v -16.516153 -349.500000 1481.867432
vn -2.129432 3.109215 2.309228
v -7.605186 -349.500000 1490.355591
vn -2.053538 3.109195 2.376973
v 1.575973 -349.500000 1498.550903
vn -1.975493 3.109217 2.442222
v 11.017695 -349.500000 1506.444458
vn -1.895375 3.109195 2.504909
v 20.710077 -349.500000 1514.028320
vn -1.813256 3.109206 2.564980
v 30.642952 -349.500000 1521.294189
vn -1.729255 3.109210 2.622345
v 40.805904 -349.500000 1528.234619
vn -1.643436 3.109202 2.676964
v 51.188271 -349.500000 1534.842407
vn -1.555876 3.109200 2.728785
v 61.779160 -349.500000 1541.110474
vn -1.466705 3.109216 2.777732
v 72.567474 -349.500000 1547.032227
vn -1.375993 3.109198 2.823767
v 83.541885 -349.500000 1552.601685
vn -1.283821 3.109205 2.866848
v 94.690887 -349.500000 1557.812744
vn -1.190320 3.109211 2.906915
v 106.002785 -349.500000 1562.660034
vn -1.095571 3.109206 2.943933
v 117.465721 -349.500000 1567.138550
vn -0.999658 3.109199 2.977868
v 129.067673 -349.500000 1571.243530
vn -0.902700 3.109208 3.008679
v 140.796448 -349.500000 1574.970581
vn -0.804806 3.109206 3.036331
v 152.639786 -349.500000 1578.315918
vn -0.706056 3.109200 3.060801
v 164.585220 -349.500000 1581.276001
vn -0.606573 3.109210 3.082059
v 176.620255 -349.500000 1583.847656
vn -0.506466 3.109209 3.100082
v 188.732254 -349.500000 1586.028320
vn -0.405800 3.109192 3.114858
v 200.908508 -349.500000 1587.815674
vn -0.304728 3.109222 3.126365
v 213.136261 -349.500000 1589.207642
vn -0.203328 3.109187 3.134593
v 225.402664 -349.500000 1590.203125
vn -0.101711 3.109218 3.139534
v 237.694885 -349.500000 1590.800659
vn -0.000000 3.109196 3.141181
v 250.000000 -349.500000 1591.000000
vn 0.101711 3.109218 3.139534
v 262.305115 -349.500000 1590.800659
vn 0.203328 3.109188 3.134593
v 274.597321 -349.500000 1590.203125
vn 0.304727 3.109221 3.126366
v 286.863739 -349.500000 1589.207642
vn 0.405799 3.109193 3.114858
v 299.091492 -349.500000 1587.815674
vn 0.506466 3.109209 3.100082
v 311.267761 -349.500000 1586.028320
vn 0.606573 3.109211 3.082058
v 323.379761 -349.500000 1583.847656
vn 0.706056 3.109202 3.060801
v 335.414764 -349.500000 1581.276001
vn 0.804805 3.109205 3.036331
v 347.360229 -349.500000 1578.315918
vn 0.902700 3.109209 3.008679
v 359.203552 -349.500000 1574.970581
vn 0.999659 3.109198 2.977868
v 370.932343 -349.500000 1571.243530
vn 1.095572 3.109207 2.943932
v 382.534271 -349.500000 1567.138550
vn 1.190319 3.109210 2.906915
v 393.997223 -349.500000 1562.660034
vn 1.283820 3.109205 2.866849
v 405.309113 -349.500000 1557.812744
vn 1.375993 3.109197 2.823767
v 416.458130 -349.500000 1552.601685
vn 1.466707 3.109216 2.777731
v 427.432526 -349.500000 1547.032227
vn 1.555876 3.109201 2.728785
v 438.220825 -349.500000 1541.110474
vn 1.643435 3.109200 2.676964
v 448.811737 -349.500000 1534.842407
vn 1.729255 3.109213 2.622345
v 459.194092 -349.500000 1528.234619
vn 1.813256 3.109205 2.564980
v 469.357056 -349.500000 1521.294189
vn 1.895376 3.109196 2.504908
v 479.289917 -349.500000 1514.028320
vn 1.975492 3.109219 2.442222
v 488.982300 -349.500000 1506.444458
vn 2.053537 3.109194 2.376973
v 498.424042 -349.500000 1498.550903
vn 2.129432 3.109216 2.309229
v 507.605194 -349.500000 1490.355591
vn 2.203087 3.109199 2.239067
v 516.516174 -349.500000 1481.867432
vn 2.274450 3.109199 2.166539
v 525.147583 -349.500000 1473.095093
vn 2.343413 3.109212 2.091753
v 533.490417 -349.500000 1464.047729
vn 2.409907 3.109209 2.014787
v 541.535889 -349.500000 1454.735107
vn 2.473891 3.109195 1.935686
v 549.275635 -349.500000 1445.166870
vn 2.535278 3.109212 1.854557
v 556.701416 -349.500000 1435.352905
vn 2.593998 3.109203 1.771494
v 563.805542 -349.500000 1425.303711
vn 2.650006 3.109202 1.686560
v 570.580566 -349.500000 1415.029663
vn 2.703227 3.109213 1.599869
v 577.019287 -349.500000 1404.541626
vn 2.753615 3.109199 1.511496
v 583.115051 -349.500000 1393.850708
vn 2.801122 3.109205 1.421525
v 588.861389 -349.500000 1382.967896
vn 2.845681 3.109212 1.330081
v 594.252319 -349.500000 1371.904663
vn 2.887255 3.109206 1.237245
v 599.282227 -349.500000 1360.672729
vn 2.925810 3.109195 1.143088
v 603.945740 -349.500000 1349.283936
vn 2.961292 3.109214 1.047745
v 608.237976 -349.500000 1337.749878
vn 2.993664 3.109202 0.951312
v 612.154541 -349.500000 1326.083008
vn 3.022902 3.109203 0.853864
v 615.691223 -349.500000 1314.295410
vn 3.048965 3.109210 0.755534
v 618.844299 -349.500000 1302.399536
vn 3.071831 3.109199 0.656404
v 621.610596 -349.500000 1290.407715
vn 3.091476 3.109211 0.556589
v 623.987061 -349.500000 1278.332520
vn 3.107878 3.109198 0.456189
v 625.971313 -349.500000 1266.186890
vn 3.121021 3.109211 0.355310
v 627.561157 -349.500000 1253.983276
vn 3.130889 3.109198 0.254059
v 628.755066 -349.500000 1241.734619
vn 3.137475 3.109213 0.152542
v 629.551636 -349.500000 1229.453613
vn 3.140769 3.109202 0.050871
v 629.950195 -349.500000 1217.153320
vn 3.140769 3.109201 -0.050871
v 629.950195 -349.500000 1204.846680
vn 3.137475 3.109213 -0.152542
v 629.551636 -349.500000 1192.546387
vn 3.130890 3.109198 -0.254059
v 628.755066 -349.500000 1180.265381
vn 3.121021 3.109211 -0.355310
v 627.561157 -349.500000 1168.016724
vn 3.107878 3.109198 -0.456189
v 625.971313 -349.500000 1155.813110
vn 3.091476 3.109211 -0.556589
v 623.987061 -349.500000 1143.667480
vn 3.071832 3.109199 -0.656405
v 621.610596 -349.500000 1131.592285
vn 3.048965 3.109210 -0.755534
v 618.844299 -349.500000 1119.600464
vn 3.022902 3.109203 -0.853865
v 615.691223 -349.500000 1107.704590
vn 2.993664 3.109202 -0.951312
v 612.154541 -349.500000 1095.916992
vn 2.961292 3.109214 -1.047745
v 608.237976 -349.500000 1084.250122
vn 2.925810 3.109195 -1.143088
v 603.945740 -349.500000 1072.716064
vn 2.887255 3.109205 -1.237245
v 599.282227 -349.500000 1061.327271
vn 2.845681 3.109212 -1.330081
v 594.252319 -349.500000 1050.095337
vn 2.801122 3.109204 -1.421525
v 588.861389 -349.500000 1039.032104
vn 2.753617 3.109201 -1.511492
v 583.115051 -349.500000 1028.149292
vn 2.703227 3.109208 -1.599869
v 577.019287 -349.500000 1017.458313
vn 2.650002 3.109201 -1.686567
v 570.580566 -349.500000 1006.970337
vn 2.593998 3.109210 -1.771494
v 563.805542 -349.500000 996.696350
vn 2.535278 3.109206 -1.854557
v 556.701416 -349.500000 986.647095
vn 2.473891 3.109200 -1.935686
v 549.275635 -349.500000 976.833191
vn 2.409914 3.109209 -2.014779
v 541.535889 -349.500000 967.264893
vn 2.343409 3.109202 -2.091757
v 533.490417 -349.500000 957.952209
vn 2.274443 3.109206 -2.166547
v 525.147583 -349.500000 948.904968
vn 2.203095 3.109206 -2.239059
v 516.516174 -349.500000 940.132629
vn 2.129431 3.109201 -2.309229
v 507.605194 -349.500000 931.644348
vn 2.053537 3.109210 -2.376973
v 498.424042 -349.500000 923.449158
vn 1.975491 3.109203 -2.442223
v 488.982300 -349.500000 915.555481
vn 1.895371 3.109206 -2.504912
v 479.289917 -349.500000 907.971741
vn 1.813266 3.109205 -2.564972
v 469.357056 -349.500000 900.705811
vn 1.729255 3.109204 -2.622345
v 459.194092 -349.500000 893.765320
vn 1.643430 3.109204 -2.676968
v 448.811737 -349.500000 887.157593
vn 1.555882 3.109205 -2.728782
v 438.220825 -349.500000 880.889526
vn 1.466707 3.109209 -2.777731
v 427.432526 -349.500000 874.967712
vn 1.375987 3.109201 -2.823770
v 416.458130 -349.500000 869.398315
vn 1.283827 3.109211 -2.866846
v 405.309113 -349.500000 864.187256
vn 1.190319 3.109200 -2.906916
v 393.997223 -349.500000 859.339905
vn 1.095558 3.109206 -2.943938
v 382.534271 -349.500000 854.861450
vn 0.999659 3.109207 -2.977868
v 370.932343 -349.500000 850.756531
vn 0.902707 3.109204 -3.008677
v 359.203552 -349.500000 847.029419
vn 0.804805 3.109205 -3.036331
v 347.360229 -349.500000 843.684082
vn 0.706063 3.109206 -3.060799
v 335.414764 -349.500000 840.723999
vn 0.606573 3.109201 -3.082058
v 323.379761 -349.500000 838.152283
vn 0.506451 3.109209 -3.100084
v 311.267761 -349.500000 835.971680
vn 0.405807 3.109207 -3.114857
v 299.091492 -349.500000 834.184387
vn 0.304727 3.109202 -3.126365
v 286.863739 -349.500000 832.792297
vn 0.203328 3.109207 -3.134593
v 274.597321 -349.500000 831.796936
vn 0.101719 3.109203 -3.139533
v 262.305115 -349.500000 831.199280
vn 2.200455 3.178546 2.241487
v 453.157471 -349.500000 1417.946899
vn 2.281764 3.178545 2.158662
v 460.665741 -349.500000 1410.298584
vn 2.116124 3.178561 2.321268
v 445.371735 -349.500000 1425.312622
vn 2.359978 3.178567 2.072864
v 467.886261 -349.500000 1402.378174
vn 2.028894 3.178553 2.397885
v 437.319153 -349.500000 1432.385498
vn 2.434965 3.178544 1.984233
v 474.809143 -349.500000 1394.196167
vn 1.938899 3.178552 2.471213
v 429.010681 -349.500000 1439.156006
vn 2.506626 3.178556 1.892914
v 481.424988 -349.500000 1385.764038
vn 1.846274 3.178543 2.541162
v 420.457733 -349.500000 1445.614868
vn 2.574857 3.178550 1.798993
v 487.724731 -349.500000 1377.093140
vn 1.751115 3.178563 2.607655
v 411.671936 -349.500000 1451.753418
vn 2.639572 3.178552 1.702624
v 493.699768 -349.500000 1368.195435
vn 1.653548 3.178552 2.670589
v 402.665314 -349.500000 1457.562988
vn 2.700684 3.178554 1.603924
v 499.341949 -349.500000 1359.083008
vn 1.553750 3.178542 2.729859
v 393.450195 -349.500000 1463.035767
vn 2.758105 3.178548 1.503039
v 504.643555 -349.500000 1349.768311
vn 1.451809 3.178568 2.785411
v 384.039124 -349.500000 1468.164429
vn 2.811753 3.178554 1.400098
v 509.597351 -349.500000 1340.264160
vn 1.347885 3.178544 2.837160
v 374.444977 -349.500000 1472.941650
vn 2.861577 3.178556 1.295239
v 514.196594 -349.500000 1330.583374
vn 1.242146 3.178550 2.885020
v 364.680847 -349.500000 1477.361206
vn 2.907485 3.178552 1.188612
v 518.434937 -349.500000 1320.739258
vn 1.134680 3.178566 2.928953
v 354.760071 -349.500000 1481.416992
vn 2.949422 3.178557 1.080358
v 522.306641 -349.500000 1310.745239
vn 1.025671 3.178543 2.968877
v 344.696228 -349.500000 1485.103271
vn 2.987328 3.178545 0.970639
v 525.806396 -349.500000 1300.614868
vn 0.915285 3.178552 3.004749
v 334.503021 -349.500000 1488.415283
vn 3.021152 3.178556 0.859596
v 528.929443 -349.500000 1290.362305
vn 0.803614 3.178564 3.036523
v 324.194397 -349.500000 1491.348389
vn 3.050855 3.178555 0.747363
v 531.671509 -349.500000 1280.001221
vn 0.690866 3.178537 3.064143
v 313.784454 -349.500000 1493.898438
vn 3.076386 3.178545 0.634125
v 534.028809 -349.500000 1269.545898
vn 0.577170 3.178567 3.087578
v 303.287354 -349.500000 1496.062256
vn 3.097716 3.178556 0.520019
v 535.998230 -349.500000 1259.010620
vn 0.462671 3.178548 3.106799
v 292.717499 -349.500000 1497.836548
vn 3.114816 3.178549 0.405197
v 537.576965 -349.500000 1248.409790
vn 0.347562 3.178552 3.121773
v 282.089264 -349.500000 1499.219116
vn 3.127662 3.178557 0.289819
v 538.762939 -349.500000 1237.757812
vn 0.231989 3.178541 3.132483
v 271.417236 -349.500000 1500.208008
vn 3.136236 3.178548 0.174049
v 539.554443 -349.500000 1227.069336
vn 0.116075 3.178568 3.138916
v 260.715942 -349.500000 1500.802002
vn 3.140525 3.178555 0.058046
v 539.950500 -349.500000 1216.358887
vn 0.000000 3.178542 3.141062
v 250.000000 -349.500000 1501.000000
vn 3.140525 3.178555 -0.058046
v 539.950500 -349.500000 1205.641113
vn -0.116074 3.178568 3.138916
v 239.284058 -349.500000 1500.802002
vn 3.136235 3.178548 -0.174050
v 539.554443 -349.500000 1194.930664
vn -0.231988 3.178541 3.132483
v 228.582764 -349.500000 1500.208008
vn 3.127662 3.178557 -0.289820
v 538.762939 -349.500000 1184.242188
vn -0.347562 3.178552 3.121773
v 217.910721 -349.500000 1499.219116
vn 3.114817 3.178549 -0.405197
v 537.576965 -349.500000 1173.590210
vn -0.462671 3.178548 3.106800
v 207.282501 -349.500000 1497.836548
vn 3.097716 3.178556 -0.520019
v 535.998230 -349.500000 1162.989380
vn -0.577171 3.178567 3.087578
v 196.712646 -349.500000 1496.062256
vn 3.076386 3.178545 -0.634125
v 534.028809 -349.500000 1152.454102
vn -0.690865 3.178536 3.064143
v 186.215561 -349.500000 1493.898438
vn 3.050854 3.178555 -0.747363
v 531.671509 -349.500000 1141.998779
vn -0.803613 3.178565 3.036523
v 175.805588 -349.500000 1491.348389
vn 3.021152 3.178556 -0.859596
v 528.929443 -349.500000 1131.637695
vn -0.915285 3.178551 3.004750
v 165.496979 -349.500000 1488.415283
vn 2.987328 3.178545 -0.970639
v 525.806396 -349.500000 1121.385132
vn -1.025672 3.178542 2.968883
v 155.303772 -349.500000 1485.103271
vn 2.949417 3.178557 -1.080357
v 522.306641 -349.500000 1111.254761
vn -1.134678 3.178566 2.928948
v 145.239914 -349.500000 1481.416992
vn 2.907490 3.178552 -1.188614
v 518.434937 -349.500000 1101.260742
vn -1.242147 3.178549 2.885020
v 135.319153 -349.500000 1477.361206
vn 2.861571 3.178556 -1.295237
v 514.196594 -349.500000 1091.416626
vn -1.347885 3.178543 2.837160
v 125.555023 -349.500000 1472.941650
vn 2.811759 3.178554 -1.400101
v 509.597351 -349.500000 1081.735840
vn -1.451809 3.178567 2.785411
v 115.960876 -349.500000 1468.164429
vn 2.758105 3.178549 -1.503039
v 504.643555 -349.500000 1072.231689
vn -1.553749 3.178543 2.729859
v 106.549805 -349.500000 1463.035767
vn 2.700684 3.178554 -1.603924
v 499.341949 -349.500000 1062.916992
vn -1.653548 3.178554 2.670589
v 97.334671 -349.500000 1457.562988
vn 2.639572 3.178552 -1.702624
v 493.699768 -349.500000 1053.804565
vn -1.751116 3.178562 2.607654
v 88.328064 -349.500000 1451.753418
vn 2.574857 3.178550 -1.798993
v 487.724731 -349.500000 1044.906860
vn -1.846277 3.178543 2.541167
v 79.542274 -349.500000 1445.614868
vn 2.506622 3.178556 -1.892911
v 481.424988 -349.500000 1036.235962
vn -1.938900 3.178553 2.471213
v 70.989319 -349.500000 1439.156006
vn 2.434965 3.178548 -1.984241
v 474.809143 -349.500000 1027.803833
vn -2.028890 3.178551 2.397881
v 62.680862 -349.500000 1432.385498
vn 2.359982 3.178555 -2.072860
v 467.886261 -349.500000 1019.621887
vn -2.116122 3.178561 2.321270
v 54.628262 -349.500000 1425.312622
vn 2.281772 3.178553 -2.158653
v 460.665741 -349.500000 1011.701355
vn -2.200456 3.178548 2.241487
v 46.842518 -349.500000 1417.946899
vn 2.200446 3.178554 -2.241496
v 453.157471 -349.500000 1004.053040
vn -2.281765 3.178545 2.158660
v 39.334263 -349.500000 1410.298584
vn 2.116120 3.178548 -2.321272
v 445.371735 -349.500000 996.687439
vn -2.359977 3.178566 2.072866
v 32.113750 -349.500000 1402.378174
vn 2.028896 3.178558 -2.397877
v 437.319153 -349.500000 989.614502
vn -2.434968 3.178547 1.984238
v 25.190847 -349.500000 1394.196167
vn 1.938905 3.178547 -2.471210
v 429.010681 -349.500000 982.843994
vn -2.506622 3.178556 1.892911
v 18.575005 -349.500000 1385.764038
vn 1.846271 3.178556 -2.541171
v 420.457733 -349.500000 976.385071
vn -2.574857 3.178549 1.798994
v 12.275260 -349.500000 1377.093140
vn 1.751109 3.178549 -2.607659
v 411.671936 -349.500000 970.246643
vn -2.639572 3.178553 1.702624
v 6.300219 -349.500000 1368.195435
vn 1.653554 3.178557 -2.670585
v 402.665314 -349.500000 964.437012
vn -2.700684 3.178553 1.603924
v 0.658043 -349.500000 1359.083008
vn 1.553743 3.178547 -2.729863
v 393.450195 -349.500000 958.964233
vn -2.758105 3.178550 1.503039
v -4.643562 -349.500000 1349.768311
vn 1.451817 3.178553 -2.785407
v 384.039124 -349.500000 953.835632
vn -2.811759 3.178557 1.400096
v -9.597355 -349.500000 1340.264160
vn 1.347892 3.178559 -2.837156
v 374.444977 -349.500000 949.058289
vn -2.861573 3.178553 1.295235
v -14.196568 -349.500000 1330.583374
vn 1.242131 3.178549 -2.885026
v 364.680847 -349.500000 944.638794
vn -2.907485 3.178554 1.188613
v -18.434921 -349.500000 1320.739258
vn 1.134686 3.178548 -2.928945
v 354.760071 -349.500000 940.583069
vn -2.949427 3.178556 1.080361
v -22.306625 -349.500000 1310.745239
vn 1.025681 3.178558 -2.968879
v 344.696228 -349.500000 936.896667
vn -2.987323 3.178546 0.970638
v -25.806389 -349.500000 1300.614868
vn 0.915268 3.178551 -3.004755
v 334.503021 -349.500000 933.584717
vn -3.021152 3.178556 0.859596
v -28.929436 -349.500000 1290.362305
vn 0.803622 3.178548 -3.036521
v 324.194397 -349.500000 930.651672
vn -3.050853 3.178552 0.747368
v -31.671499 -349.500000 1280.001221
vn 0.690866 3.178560 -3.064143
v 313.784454 -349.500000 928.101501
vn -3.076386 3.178551 0.634125
v -34.028831 -349.500000 1269.545898
vn 0.577162 3.178551 -3.087580
v 303.287354 -349.500000 925.937805
vn -3.097717 3.178553 0.520015
v -35.998219 -349.500000 1259.010620
vn 0.462688 3.178548 -3.106797
v 292.717499 -349.500000 924.163452
vn -3.114821 3.178553 0.405195
v -37.576962 -349.500000 1248.409790
vn 0.347570 3.178558 -3.121772
v 282.089264 -349.500000 922.780823
vn -3.127657 3.178553 0.289820
v -38.762913 -349.500000 1237.757812
vn 0.231971 3.178553 -3.132484
v 271.417236 -349.500000 921.791931
vn -3.136240 3.178552 0.174051
v -39.554443 -349.500000 1227.069336
vn 0.116066 3.178551 -3.138911
v 260.715942 -349.500000 921.198059
vn -3.140520 3.178553 0.058043
v -39.950481 -349.500000 1216.358887
vn 0.000000 3.178553 -3.141066
v 250.000000 -349.500000 921.000000
vn -3.140525 3.178553 -0.058043
v -39.950481 -349.500000 1205.641113
vn -0.116066 3.178551 -3.138916
v 239.284058 -349.500000 921.198059
vn -3.136240 3.178552 -0.174051
v -39.554443 -349.500000 1194.930664
vn -0.231971 3.178552 -3.132484
v 228.582764 -349.500000 921.791931
vn -3.127657 3.178552 -0.289820
v -38.762913 -349.500000 1184.242188
vn -0.347571 3.178558 -3.121772
v 217.910721 -349.500000 922.780823
vn -3.114821 3.178553 -0.405195
v -37.576962 -349.500000 1173.590210
vn -0.462689 3.178548 -3.106797
v 207.282501 -349.500000 924.163452
vn -3.097712 3.178553 -0.520015
v -35.998219 -349.500000 1162.989380
vn -0.577162 3.178551 -3.087580
v 196.712646 -349.500000 925.937805
vn -3.076386 3.178552 -0.634125
v -34.028831 -349.500000 1152.454102
vn -0.690864 3.178559 -3.064138
v 186.215561 -349.500000 928.101501
vn -3.050853 3.178552 -0.747368
v -31.671499 -349.500000 1141.998779
vn -0.803623 3.178550 -3.036526
v 175.805588 -349.500000 930.651672
vn -3.021152 3.178556 -0.859595
v -28.929436 -349.500000 1131.637695
vn -0.915268 3.178552 -3.004750
v 165.496979 -349.500000 933.584717
vn -2.987328 3.178546 -0.970640
v -25.806389 -349.500000 1121.385132
vn -1.025680 3.178558 -2.968879
v 155.303772 -349.500000 936.896667
vn -2.949422 3.178556 -1.080359
v -22.306625 -349.500000 1111.254761
vn -1.134686 3.178550 -2.928946
v 145.239914 -349.500000 940.583069
vn -2.907484 3.178554 -1.188613
v -18.434921 -349.500000 1101.260742
vn -1.242134 3.178549 -2.885031
v 135.319153 -349.500000 944.638794
vn -2.861577 3.178553 -1.295237
v -14.196568 -349.500000 1091.416626
vn -1.347890 3.178559 -2.837151
v 125.555023 -349.500000 949.058289
vn -2.811760 3.178557 -1.400097
v -9.597355 -349.500000 1081.735840
vn -1.451819 3.178552 -2.785412
v 115.960876 -349.500000 953.835632
vn -2.758100 3.178550 -1.503036
v -4.643562 -349.500000 1072.231689
vn -1.553742 3.178547 -2.729863
v 106.549805 -349.500000 958.964233
vn -2.700689 3.178554 -1.603926
v 0.658043 -349.500000 1062.916992
vn -1.653554 3.178558 -2.670585
v 97.334671 -349.500000 964.437012
vn -2.639567 3.178553 -1.702621
v 6.300219 -349.500000 1053.804565
vn -1.751111 3.178549 -2.607658
v 88.328064 -349.500000 970.246643
vn -2.574857 3.178550 -1.798994
v 12.275260 -349.500000 1044.906860
vn -1.846268 3.178556 -2.541167
v 79.542274 -349.500000 976.385071
vn -2.506622 3.178556 -1.892910
v 18.575005 -349.500000 1036.235962
vn -1.938906 3.178549 -2.471209
v 70.989319 -349.500000 982.843994
vn -2.434964 3.178550 -1.984242
v 25.190847 -349.500000 1027.803833
vn -2.028899 3.178556 -2.397881
v 62.680862 -349.500000 989.614502
vn -2.359982 3.178553 -2.072861
v 32.113750 -349.500000 1019.621887
vn -2.116118 3.178548 -2.321274
v 54.628262 -349.500000 996.687439
vn -2.281774 3.178552 -2.158651
v 39.334263 -349.500000 1011.701355
vn -2.200446 3.178555 -2.241495
v 46.842518 -349.500000 1004.053040
vn -0.116066 -3.178551 -3.138916
v 239.284058 670.500000 921.198059
vn 0.000000 -3.178553 -3.141056
v 250.000000 670.500000 921.000000
vn -0.231970 -3.178552 -3.132484
v 228.582764 670.500000 921.791931
vn -0.347571 -3.178558 -3.121772
v 217.910721 670.500000 922.780823
vn -0.462688 -3.178548 -3.106797
v 207.282501 670.500000 924.163452
vn -0.577162 -3.178551 -3.087580
v 196.712646 670.500000 925.937805
vn -0.690866 -3.178559 -3.064148
v 186.215561 670.500000 928.101501
vn -0.803620 -3.178550 -3.036516
v 175.805588 670.500000 930.651672
vn -0.915270 -3.178552 -3.004759
v 165.496979 670.500000 933.584717
vn -1.025678 -3.178558 -2.968875
v 155.303772 670.500000 936.896667
vn -1.134688 -3.178550 -2.928950
v 145.239914 670.500000 940.583069
vn -1.242130 -3.178549 -2.885021
v 135.319153 670.500000 944.638794
vn -1.347894 -3.178559 -2.837160
v 125.555023 670.500000 949.058289
vn -1.451814 -3.178552 -2.785403
v 115.960876 670.500000 953.835632
vn -1.553742 -3.178548 -2.729863
v 106.549805 670.500000 958.964233
vn -1.653554 -3.178558 -2.670585
v 97.334671 670.500000 964.437012
vn -1.751110 -3.178549 -2.607658
v 88.328064 670.500000 970.246643
vn -1.846270 -3.178556 -2.541171
v 79.542274 670.500000 976.385071
vn -1.938906 -3.178549 -2.471210
v 70.989319 670.500000 982.843994
vn -2.028895 -3.178556 -2.397877
v 62.680862 670.500000 989.614502
vn -2.116117 -3.178548 -2.321274
v 54.628262 670.500000 996.687439
vn -2.200446 -3.178555 -2.241496
v 46.842518 670.500000 1004.053040
vn -2.281774 -3.178552 -2.158651
v 39.334263 670.500000 1011.701355
vn -2.359982 -3.178553 -2.072861
v 32.113750 670.500000 1019.621887
vn -2.434964 -3.178550 -1.984242
v 25.190847 670.500000 1027.803833
vn -2.506622 -3.178556 -1.892911
v 18.575005 670.500000 1036.235962
vn -2.574857 -3.178550 -1.798994
v 12.275260 670.500000 1044.906860
vn -2.639576 -3.178552 -1.702626
v 6.300219 670.500000 1053.804565
vn -2.700680 -3.178554 -1.603921
v 0.658043 670.500000 1062.916992
vn -2.758109 -3.178550 -1.503041
v -4.643562 670.500000 1072.231689
vn -2.811755 -3.178557 -1.400094
v -9.597355 670.500000 1081.735840
vn -2.861573 -3.178553 -1.295235
v -14.196568 670.500000 1091.416626
vn -2.907484 -3.178554 -1.188613
v -18.434921 670.500000 1101.260742
vn -2.949422 -3.178556 -1.080359
v -22.306625 670.500000 1111.254761
vn -2.987328 -3.178546 -0.970640
v -25.806389 670.500000 1121.385132
vn -3.021152 -3.178556 -0.859596
v -28.929436 670.500000 1131.637695
vn -3.050853 -3.178552 -0.747368
v -31.671499 670.500000 1141.998779
vn -3.076386 -3.178552 -0.634125
v -34.028831 670.500000 1152.454102
vn -3.097722 -3.178553 -0.520016
v -35.998219 670.500000 1162.989380
vn -3.114812 -3.178553 -0.405194
v -37.576962 670.500000 1173.590210
vn -3.127667 -3.178552 -0.289821
v -38.762913 670.500000 1184.242188
vn -3.136230 -3.178552 -0.174050
v -39.554443 670.500000 1194.930664
vn -3.140525 -3.178553 -0.058044
v -39.950481 670.500000 1205.641113
vn -3.140530 -3.178553 0.058044
v -39.950481 670.500000 1216.358887
vn -3.136230 -3.178552 0.174050
v -39.554443 670.500000 1227.069336
vn -3.127667 -3.178552 0.289821
v -38.762913 670.500000 1237.757812
vn -3.114812 -3.178553 0.405194
v -37.576962 670.500000 1248.409790
vn -3.097717 -3.178553 0.520015
v -35.998219 670.500000 1259.010620
vn -3.076386 -3.178552 0.634125
v -34.028831 670.500000 1269.545898
vn -3.050853 -3.178552 0.747368
v -31.671499 670.500000 1280.001221
vn -3.021152 -3.178556 0.859595
v -28.929436 670.500000 1290.362305
vn -2.987332 -3.178546 0.970641
v -25.806389 670.500000 1300.614868
vn -2.949417 -3.178556 1.080358
v -22.306625 670.500000 1310.745239
vn -2.907485 -3.178554 1.188613
v -18.434921 670.500000 1320.739258
vn -2.861577 -3.178553 1.295237
v -14.196568 670.500000 1330.583374
vn -2.811756 -3.178557 1.400094
v -9.597355 670.500000 1340.264160
vn -2.758105 -3.178549 1.503039
v -4.643562 670.500000 1349.768311
vn -2.700684 -3.178553 1.603923
v 0.658043 670.500000 1359.083008
vn -2.639572 -3.178553 1.702624
v 6.300219 670.500000 1368.195435
vn -2.574857 -3.178549 1.798994
v 12.275260 670.500000 1377.093140
vn -2.506622 -3.178556 1.892910
v 18.575005 670.500000 1385.764038
vn -2.434968 -3.178547 1.984238
v 25.190847 670.500000 1394.196167
vn -2.359977 -3.178566 2.072865
v 32.113750 670.500000 1402.378174
vn -2.281765 -3.178545 2.158660
v 39.334263 670.500000 1410.298584
vn -2.200456 -3.178547 2.241487
v 46.842518 670.500000 1417.946899
vn -2.116122 -3.178561 2.321269
v 54.628262 670.500000 1425.312622
vn -2.028894 -3.178551 2.397886
v 62.680862 670.500000 1432.385498
vn -1.938900 -3.178553 2.471213
v 70.989319 670.500000 1439.156006
vn -1.846274 -3.178543 2.541162
v 79.542274 670.500000 1445.614868
vn -1.751116 -3.178562 2.607653
v 88.328064 670.500000 1451.753418
vn -1.653548 -3.178554 2.670589
v 97.334671 670.500000 1457.562988
vn -1.553749 -3.178543 2.729859
v 106.549805 670.500000 1463.035767
vn -1.451809 -3.178567 2.785411
v 115.960876 670.500000 1468.164429
vn -1.347885 -3.178543 2.837160
v 125.555023 670.500000 1472.941650
vn -1.242147 -3.178549 2.885020
v 135.319153 670.500000 1477.361206
vn -1.134680 -3.178566 2.928953
v 145.239914 670.500000 1481.416992
vn -1.025670 -3.178542 2.968877
v 155.303772 670.500000 1485.103271
vn -0.915285 -3.178551 3.004749
v 165.496979 670.500000 1488.415283
vn -0.803613 -3.178565 3.036523
v 175.805588 670.500000 1491.348389
vn -0.690866 -3.178536 3.064143
v 186.215561 670.500000 1493.898438
vn -0.577171 -3.178567 3.087578
v 196.712646 670.500000 1496.062256
vn -0.462671 -3.178548 3.106800
v 207.282501 670.500000 1497.836548
vn -0.347562 -3.178552 3.121773
v 217.910721 670.500000 1499.219116
vn -0.231988 -3.178541 3.132483
v 228.582764 670.500000 1500.208008
vn -0.116075 -3.178568 3.138916
v 239.284058 670.500000 1500.802002
vn -0.000000 -3.178542 3.141062
v 250.000000 670.500000 1501.000000
vn 0.116074 -3.178568 3.138916
v 260.715942 670.500000 1500.802002
vn 0.231988 -3.178541 3.132483
v 271.417236 670.500000 1500.208008
vn 0.347562 -3.178552 3.121773
v 282.089264 670.500000 1499.219116
vn 0.462671 -3.178548 3.106799
v 292.717499 670.500000 1497.836548
vn 0.577170 -3.178567 3.087578
v 303.287354 670.500000 1496.062256
vn 0.690866 -3.178537 3.064143
v 313.784454 670.500000 1493.898438
vn 0.803613 -3.178564 3.036523
v 324.194397 670.500000 1491.348389
vn 0.915285 -3.178552 3.004750
v 334.503021 670.500000 1488.415283
vn 1.025673 -3.178543 2.968882
v 344.696228 670.500000 1485.103271
vn 1.134678 -3.178566 2.928948
v 354.760071 670.500000 1481.416992
vn 1.242146 -3.178550 2.885020
v 364.680847 670.500000 1477.361206
vn 1.347885 -3.178544 2.837160
v 374.444977 670.500000 1472.941650
vn 1.451809 -3.178568 2.785411
v 384.039124 670.500000 1468.164429
vn 1.553750 -3.178542 2.729859
v 393.450195 670.500000 1463.035767
vn 1.653548 -3.178552 2.670589
v 402.665314 670.500000 1457.562988
vn 1.751115 -3.178563 2.607655
v 411.671936 670.500000 1451.753418
vn 1.846277 -3.178543 2.541166
v 420.457733 670.500000 1445.614868
vn 1.938900 -3.178552 2.471214
v 429.010681 670.500000 1439.156006
vn 2.028891 -3.178553 2.397881
v 437.319153 670.500000 1432.385498
vn 2.116124 -3.178561 2.321268
v 445.371735 670.500000 1425.312622
vn 2.200455 -3.178546 2.241487
v 453.157471 670.500000 1417.946899
vn 2.281764 -3.178545 2.158662
v 460.665741 670.500000 1410.298584
vn 2.359978 -3.178567 2.072865
v 467.886261 670.500000 1402.378174
vn 2.434973 -3.178544 1.984240
v 474.809143 670.500000 1394.196167
vn 2.506618 -3.178556 1.892908
v 481.424988 670.500000 1385.764038
vn 2.574857 -3.178550 1.798993
v 487.724731 670.500000 1377.093140
vn 2.639572 -3.178552 1.702624
v 493.699768 670.500000 1368.195435
vn 2.700684 -3.178554 1.603924
v 499.341949 670.500000 1359.083008
vn 2.758105 -3.178549 1.503039
v 504.643555 670.500000 1349.768311
vn 2.811759 -3.178554 1.400101
v 509.597351 670.500000 1340.264160
vn 2.861571 -3.178556 1.295237
v 514.196594 670.500000 1330.583374
vn 2.907485 -3.178552 1.188612
v 518.434937 670.500000 1320.739258
vn 2.949422 -3.178557 1.080359
v 522.306641 670.500000 1310.745239
vn 2.987328 -3.178545 0.970639
v 525.806396 670.500000 1300.614868
vn 3.021152 -3.178556 0.859596
v 528.929443 670.500000 1290.362305
vn 3.050854 -3.178555 0.747363
v 531.671509 670.500000 1280.001221
vn 3.076386 -3.178545 0.634125
v 534.028809 670.500000 1269.545898
vn 3.097716 -3.178556 0.520019
v 535.998230 670.500000 1259.010620
vn 3.114817 -3.178549 0.405197
v 537.576965 670.500000 1248.409790
vn 3.127662 -3.178557 0.289820
v 538.762939 670.500000 1237.757812
vn 3.136236 -3.178548 0.174050
v 539.554443 670.500000 1227.069336
vn 3.140525 -3.178555 0.058046
v 539.950500 670.500000 1216.358887
vn 3.140525 -3.178555 -0.058046
v 539.950500 670.500000 1205.641113
vn 3.136236 -3.178548 -0.174049
v 539.554443 670.500000 1194.930664
vn 3.127662 -3.178557 -0.289819
v 538.762939 670.500000 1184.242188
vn 3.114816 -3.178549 -0.405197
v 537.576965 670.500000 1173.590210
vn 3.097716 -3.178556 -0.520019
v 535.998230 670.500000 1162.989380
vn 3.076386 -3.178545 -0.634125
v 534.028809 670.500000 1152.454102
vn 3.050855 -3.178555 -0.747363
v 531.671509 670.500000 1141.998779
vn 3.021152 -3.178556 -0.859596
v 528.929443 670.500000 1131.637695
vn 2.987328 -3.178545 -0.970639
v 525.806396 670.500000 1121.385132
vn 2.949427 -3.178557 -1.080360
v 522.306641 670.500000 1111.254761
vn 2.907480 -3.178552 -1.188610
v 518.434937 670.500000 1101.260742
vn 2.861577 -3.178556 -1.295239
v 514.196594 670.500000 1091.416626
vn 2.811753 -3.178554 -1.400098
v 509.597351 670.500000 1081.735840
vn 2.758105 -3.178548 -1.503039
v 504.643555 670.500000 1072.231689
vn 2.700684 -3.178554 -1.603924
v 499.341949 670.500000 1062.916992
vn 2.639572 -3.178552 -1.702624
v 493.699768 670.500000 1053.804565
vn 2.574857 -3.178550 -1.798993
v 487.724731 670.500000 1044.906860
vn 2.506622 -3.178556 -1.892910
v 481.424988 670.500000 1036.235962
vn 2.434965 -3.178548 -1.984241
v 474.809143 670.500000 1027.803833
vn 2.359982 -3.178555 -2.072860
v 467.886261 670.500000 1019.621887
vn 2.281772 -3.178553 -2.158653
v 460.665741 670.500000 1011.701355
vn 2.200446 -3.178554 -2.241496
v 453.157471 670.500000 1004.053040
vn 2.116120 -3.178548 -2.321272
v 445.371735 670.500000 996.687439
vn 2.028899 -3.178558 -2.397881
v 437.319153 670.500000 989.614502
vn 1.938905 -3.178547 -2.471210
v 429.010681 670.500000 982.843994
vn 1.846267 -3.178556 -2.541166
v 420.457733 670.500000 976.385071
vn 1.751109 -3.178549 -2.607659
v 411.671936 670.500000 970.246643
vn 1.653554 -3.178557 -2.670585
v 402.665314 670.500000 964.437012
vn 1.553743 -3.178547 -2.729863
v 393.450195 670.500000 958.964233
vn 1.451817 -3.178553 -2.785408
v 384.039124 670.500000 953.835632
vn 1.347892 -3.178559 -2.837156
v 374.444977 670.500000 949.058289
vn 1.242131 -3.178549 -2.885026
v 364.680847 670.500000 944.638794
vn 1.134688 -3.178548 -2.928950
v 354.760071 670.500000 940.583069
vn 1.025679 -3.178558 -2.968874
v 344.696228 670.500000 936.896667
vn 0.915268 -3.178551 -3.004755
v 334.503021 670.500000 933.584717
vn 0.803622 -3.178548 -3.036521
v 324.194397 670.500000 930.651672
vn 0.690866 -3.178560 -3.064143
v 313.784454 670.500000 928.101501
vn 0.577162 -3.178551 -3.087580
v 303.287354 670.500000 925.937805
vn 0.462688 -3.178548 -3.106797
v 292.717499 670.500000 924.163452
vn 0.347571 -3.178558 -3.121772
v 282.089264 670.500000 922.780823
vn 0.231971 -3.178553 -3.132484
v 271.417236 670.500000 921.791931
vn 0.116066 -3.178551 -3.138921
v 260.715942 670.500000 921.198059
vn 2.203096 -3.109206 -2.239059
v 516.516174 670.500000 940.132629
vn 2.274443 -3.109206 -2.166547
v 525.147583 670.500000 948.904968
vn 2.129431 -3.109201 -2.309229
v 507.605194 670.500000 931.644348
vn 2.343409 -3.109202 -2.091757
v 533.490417 670.500000 957.952209
vn 2.053538 -3.109210 -2.376973
v 498.424042 670.500000 923.449158
vn 2.409913 -3.109209 -2.014779
v 541.535889 670.500000 967.264893
vn 1.975491 -3.109203 -2.442223
v 488.982300 670.500000 915.555481
vn 2.473891 -3.109200 -1.935686
v 549.275635 670.500000 976.833191
vn 1.895371 -3.109206 -2.504912
v 479.289917 670.500000 907.971741
vn 2.535278 -3.109206 -1.854557
v 556.701416 670.500000 986.647095
vn 1.813266 -3.109205 -2.564972
v 469.357056 670.500000 900.705811
vn 2.593998 -3.109210 -1.771494
v 563.805542 670.500000 996.696350
vn 1.729255 -3.109204 -2.622345
v 459.194092 670.500000 893.765320
vn 2.650001 -3.109202 -1.686567
v 570.580566 670.500000 1006.970337
vn 1.643430 -3.109204 -2.676968
v 448.811737 670.500000 887.157593
vn 2.703227 -3.109208 -1.599869
v 577.019287 670.500000 1017.458313
vn 2.753617 -3.109201 -1.511492
v 583.115051 670.500000 1028.149292
vn 1.555882 -3.109205 -2.728782
v 438.220825 670.500000 880.889526
vn 1.466707 -3.109209 -2.777730
v 427.432526 670.500000 874.967712
vn 2.801122 -3.109205 -1.421525
v 588.861389 670.500000 1039.032104
vn 1.375987 -3.109201 -2.823770
v 416.458130 670.500000 869.398315
vn 2.845681 -3.109212 -1.330081
v 594.252319 670.500000 1050.095337
vn 1.283827 -3.109211 -2.866846
v 405.309113 670.500000 864.187256
vn 2.887255 -3.109206 -1.237245
v 599.282227 670.500000 1061.327271
vn 1.190319 -3.109200 -2.906915
v 393.997223 670.500000 859.339905
vn 2.925810 -3.109195 -1.143088
v 603.945740 670.500000 1072.716064
vn 1.095558 -3.109206 -2.943938
v 382.534271 670.500000 854.861450
vn 2.961292 -3.109214 -1.047745
v 608.237976 670.500000 1084.250122
vn 0.999659 -3.109207 -2.977868
v 370.932343 670.500000 850.756531
vn 2.993664 -3.109202 -0.951312
v 612.154541 670.500000 1095.916992
vn 0.902707 -3.109204 -3.008677
v 359.203552 670.500000 847.029419
vn 3.022901 -3.109203 -0.853864
v 615.691223 670.500000 1107.704590
vn 3.048965 -3.109210 -0.755534
v 618.844299 670.500000 1119.600464
vn 0.804805 -3.109205 -3.036331
v 347.360229 670.500000 843.684082
vn 0.706063 -3.109206 -3.060799
v 335.414764 670.500000 840.723999
vn 3.071831 -3.109199 -0.656405
v 621.610596 670.500000 1131.592285
vn 0.606573 -3.109201 -3.082059
v 323.379761 670.500000 838.152283
vn 3.091477 -3.109211 -0.556589
v 623.987061 670.500000 1143.667480
vn 0.506451 -3.109209 -3.100085
v 311.267761 670.500000 835.971680
vn 3.107878 -3.109198 -0.456189
v 625.971313 670.500000 1155.813110
vn 0.405807 -3.109207 -3.114858
v 299.091492 670.500000 834.184387
vn 3.121021 -3.109211 -0.355310
v 627.561157 670.500000 1168.016724
vn 0.304727 -3.109202 -3.126365
v 286.863739 670.500000 832.792297
vn 3.130890 -3.109198 -0.254059
v 628.755066 670.500000 1180.265381
vn 0.203328 -3.109207 -3.134593
v 274.597321 670.500000 831.796936
vn 3.137475 -3.109213 -0.152542
v 629.551636 670.500000 1192.546387
vn 0.101719 -3.109203 -3.139533
v 262.305115 670.500000 831.199280
vn 3.140769 -3.109201 -0.050871
v 629.950195 670.500000 1204.846680
vn 3.140769 -3.109202 0.050871
v 629.950195 670.500000 1217.153320
vn -0.101719 -3.109203 -3.139533
v 237.694885 670.500000 831.199280
vn 0.000000 -3.109206 -3.141181
v 250.000000 670.500000 831.000000
vn 3.137475 -3.109213 0.152542
v 629.551636 670.500000 1229.453613
vn -0.203328 -3.109207 -3.134593
v 225.402664 670.500000 831.796936
vn 3.130890 -3.109198 0.254059
v 628.755066 670.500000 1241.734619
vn -0.304727 -3.109202 -3.126365
v 213.136261 670.500000 832.792297
vn 3.121021 -3.109211 0.355310
v 627.561157 670.500000 1253.983276
vn -0.405807 -3.109207 -3.114858
v 200.908508 670.500000 834.184387
vn 3.107878 -3.109198 0.456189
v 625.971313 670.500000 1266.186890
vn -0.506451 -3.109210 -3.100084
v 188.732254 670.500000 835.971680
vn 3.091476 -3.109211 0.556589
v 623.987061 670.500000 1278.332520
vn -0.606573 -3.109201 -3.082059
v 176.620255 670.500000 838.152283
vn 3.071832 -3.109199 0.656405
v 621.610596 670.500000 1290.407715
vn -0.706063 -3.109205 -3.060799
v 164.585220 670.500000 840.723999
vn 3.048965 -3.109210 0.755534
v 618.844299 670.500000 1302.399536
vn -0.804806 -3.109206 -3.036330
v 152.639786 670.500000 843.684082
vn -0.902707 -3.109203 -3.008677
v 140.796448 670.500000 847.029419
vn 3.022901 -3.109203 0.853864
v 615.691223 670.500000 1314.295410
vn 2.993664 -3.109202 0.951312
v 612.154541 670.500000 1326.083008
vn -0.999658 -3.109209 -2.977868
v 129.067673 670.500000 850.756531
vn 2.961292 -3.109214 1.047745
v 608.237976 670.500000 1337.749878
vn -1.095558 -3.109206 -2.943938
v 117.465721 670.500000 854.861450
vn 2.925811 -3.109195 1.143088
v 603.945740 670.500000 1349.283936
vn -1.190319 -3.109201 -2.906915
v 106.002785 670.500000 859.339905
vn 2.887255 -3.109206 1.237245
v 599.282227 670.500000 1360.672729
vn -1.283827 -3.109210 -2.866846
v 94.690887 670.500000 864.187256
vn 2.845681 -3.109212 1.330081
v 594.252319 670.500000 1371.904663
vn -1.375987 -3.109202 -2.823770
v 83.541885 670.500000 869.398315
vn 2.801122 -3.109204 1.421525
v 588.861389 670.500000 1382.967896
vn -1.466705 -3.109209 -2.777731
v 72.567474 670.500000 874.967712
vn 2.753615 -3.109199 1.511495
v 583.115051 670.500000 1393.850708
vn -1.555882 -3.109204 -2.728781
v 61.779160 670.500000 880.889526
vn -1.643430 -3.109206 -2.676967
v 51.188271 670.500000 887.157593
vn 2.703227 -3.109213 1.599869
v 577.019287 670.500000 1404.541626
vn 2.650006 -3.109202 1.686560
v 570.580566 670.500000 1415.029663
vn -1.729255 -3.109203 -2.622345
v 40.805904 670.500000 893.765320
vn 2.593998 -3.109203 1.771494
v 563.805542 670.500000 1425.303711
vn -1.813266 -3.109207 -2.564972
v 30.642952 670.500000 900.705811
vn 2.535278 -3.109212 1.854557
v 556.701416 670.500000 1435.352905
vn -1.895370 -3.109208 -2.504913
v 20.710077 670.500000 907.971741
vn 2.473890 -3.109195 1.935686
v 549.275635 670.500000 1445.166870
vn -1.975492 -3.109201 -2.442221
v 11.017695 670.500000 915.555481
vn 2.409907 -3.109209 2.014787
v 541.535889 670.500000 1454.735107
vn -2.053538 -3.109210 -2.376972
v 1.575973 670.500000 923.449158
vn 2.343413 -3.109212 2.091753
v 533.490417 670.500000 1464.047729
vn -2.129432 -3.109200 -2.309228
v -7.605186 670.500000 931.644348
vn 2.274450 -3.109199 2.166539
v 525.147583 670.500000 1473.095093
vn -2.203095 -3.109208 -2.239060
v -16.516153 670.500000 940.132629
vn 2.203087 -3.109199 2.239067
v 516.516174 670.500000 1481.867432
vn -2.274442 -3.109205 -2.166548
v -25.147583 670.500000 948.904968
vn 2.129432 -3.109216 2.309229
v 507.605194 670.500000 1490.355591
vn -2.343407 -3.109204 -2.091759
v -33.490421 670.500000 957.952209
vn 2.053537 -3.109194 2.376973
v 498.424042 670.500000 1498.550903
vn -2.409914 -3.109207 -2.014778
v -41.535915 670.500000 967.264893
vn 1.975492 -3.109219 2.442223
v 488.982300 670.500000 1506.444458
vn -2.473891 -3.109206 -1.935686
v -49.275627 670.500000 976.833191
vn 1.895376 -3.109196 2.504908
v 479.289917 670.500000 1514.028320
vn -2.535276 -3.109204 -1.854560
v -56.701443 670.500000 986.647095
vn 1.813256 -3.109205 2.564980
v 469.357056 670.500000 1521.294189
vn -2.594000 -3.109207 -1.771490
v -63.805573 670.500000 996.696350
vn 1.729255 -3.109212 2.622345
v 459.194092 670.500000 1528.234619
vn -2.650002 -3.109205 -1.686566
v -70.580559 670.500000 1006.970337
vn 1.643435 -3.109200 2.676964
v 448.811737 670.500000 1534.842407
vn -2.703227 -3.109205 -1.599870
v -77.019302 670.500000 1017.458313
vn 1.555876 -3.109201 2.728785
v 438.220825 670.500000 1541.110474
vn -2.753617 -3.109203 -1.511492
v -83.115051 670.500000 1028.149292
vn 1.466707 -3.109216 2.777731
v 427.432526 670.500000 1547.032227
vn -2.801121 -3.109204 -1.421527
v -88.861404 670.500000 1039.032104
vn 1.375993 -3.109198 2.823766
v 416.458130 670.500000 1552.601685
vn -2.845683 -3.109207 -1.330077
v -94.252342 670.500000 1050.095337
vn 1.283820 -3.109205 2.866849
v 405.309113 670.500000 1557.812744
vn -2.887258 -3.109210 -1.237240
v -99.282204 670.500000 1061.327271
vn 1.190319 -3.109210 2.906915
v 393.997223 670.500000 1562.660034
vn -2.925809 -3.109198 -1.143092
v -103.945717 670.500000 1072.716064
vn 1.095572 -3.109207 2.943933
v 382.534271 670.500000 1567.138550
vn -2.961292 -3.109208 -1.047745
v -108.237991 670.500000 1084.250122
vn 0.999659 -3.109198 2.977868
v 370.932343 670.500000 1571.243530
vn -2.993665 -3.109205 -0.951308
v -112.154518 670.500000 1095.916992
vn 0.902700 -3.109209 3.008679
v 359.203552 670.500000 1574.970581
vn -3.022900 -3.109206 -0.853870
v -115.691200 670.500000 1107.704590
vn 0.804805 -3.109205 3.036331
v 347.360229 670.500000 1578.315918
vn -3.048964 -3.109204 -0.755535
v -118.844322 670.500000 1119.600464
vn 0.706056 -3.109202 3.060801
v 335.414764 670.500000 1581.276001
vn -3.071832 -3.109203 -0.656402
v -121.610580 670.500000 1131.592285
vn 0.606573 -3.109210 3.082059
v 323.379761 670.500000 1583.847656
vn -3.091476 -3.109209 -0.556588
v -123.987061 670.500000 1143.667480
vn 0.506466 -3.109209 3.100082
v 311.267761 670.500000 1586.028320
vn -3.107877 -3.109203 -0.456191
v -125.971291 670.500000 1155.813110
vn 0.405799 -3.109193 3.114858
v 299.091492 670.500000 1587.815674
vn -3.121021 -3.109206 -0.355311
v -127.561172 670.500000 1168.016724
vn 0.304727 -3.109221 3.126365
v 286.863739 670.500000 1589.207642
vn -3.130889 -3.109203 -0.254061
v -128.755051 670.500000 1180.265381
vn 0.203328 -3.109188 3.134593
v 274.597321 670.500000 1590.203125
vn -3.137475 -3.109205 -0.152542
v -129.551666 670.500000 1192.546387
vn 0.101711 -3.109218 3.139534
v 262.305115 670.500000 1590.800659
vn -3.140769 -3.109205 -0.050865
v -129.950180 670.500000 1204.846680
vn 0.000000 -3.109196 3.141180
v 250.000000 670.500000 1591.000000
vn -3.140769 -3.109206 0.050865
v -129.950180 670.500000 1217.153320
vn -0.101711 -3.109218 3.139534
v 237.694885 670.500000 1590.800659
vn -3.137475 -3.109205 0.152542
v -129.551666 670.500000 1229.453613
vn -0.203328 -3.109187 3.134592
v 225.402664 670.500000 1590.203125
vn -3.130890 -3.109203 0.254061
v -128.755051 670.500000 1241.734619
vn -0.304728 -3.109222 3.126365
v 213.136261 670.500000 1589.207642
vn -3.121021 -3.109206 0.355311
v -127.561172 670.500000 1253.983276
vn -0.405800 -3.109192 3.114858
v 200.908508 670.500000 1587.815674
vn -3.107877 -3.109203 0.456191
v -125.971291 670.500000 1266.186890
vn -0.506466 -3.109209 3.100082
v 188.732254 670.500000 1586.028320
vn -3.091476 -3.109209 0.556588
v -123.987061 670.500000 1278.332520
vn -0.606573 -3.109210 3.082059
v 176.620255 670.500000 1583.847656
vn -3.071832 -3.109203 0.656402
v -121.610580 670.500000 1290.407715
vn -0.706056 -3.109200 3.060801
v 164.585220 670.500000 1581.276001
vn -3.048965 -3.109204 0.755535
v -118.844322 670.500000 1302.399536
vn -0.804806 -3.109206 3.036331
v 152.639786 670.500000 1578.315918
vn -3.022900 -3.109206 0.853870
v -115.691200 670.500000 1314.295410
vn -0.902700 -3.109208 3.008679
v 140.796448 670.500000 1574.970581
vn -2.993665 -3.109205 0.951308
v -112.154518 670.500000 1326.083008
vn -0.999658 -3.109199 2.977868
v 129.067673 670.500000 1571.243530
vn -2.961292 -3.109208 1.047745
v -108.237991 670.500000 1337.749878
vn -1.095572 -3.109206 2.943933
v 117.465721 670.500000 1567.138550
vn -2.925809 -3.109198 1.143092
v -103.945717 670.500000 1349.283936
vn -1.190320 -3.109211 2.906915
v 106.002785 670.500000 1562.660034
vn -2.887258 -3.109210 1.237240
v -99.282204 670.500000 1360.672729
vn -1.283821 -3.109205 2.866849
v 94.690887 670.500000 1557.812744
vn -2.845683 -3.109207 1.330077
v -94.252342 670.500000 1371.904663
vn -1.375993 -3.109198 2.823766
v 83.541885 670.500000 1552.601685
vn -2.801121 -3.109204 1.421527
v -88.861404 670.500000 1382.967896
vn -1.466705 -3.109216 2.777732
v 72.567474 670.500000 1547.032227
vn -2.753615 -3.109201 1.511495
v -83.115051 670.500000 1393.850708
vn -1.555876 -3.109200 2.728784
v 61.779160 670.500000 1541.110474
vn -2.703227 -3.109210 1.599870
v -77.019302 670.500000 1404.541626
vn -1.643436 -3.109202 2.676964
v 51.188271 670.500000 1534.842407
vn -2.650007 -3.109205 1.686559
v -70.580559 670.500000 1415.029663
vn -1.729255 -3.109210 2.622345
v 40.805904 670.500000 1528.234619
vn -2.594000 -3.109201 1.771491
v -63.805573 670.500000 1425.303711
vn -1.813256 -3.109206 2.564980
v 30.642952 670.500000 1521.294189
vn -2.535276 -3.109210 1.854560
v -56.701443 670.500000 1435.352905
vn -1.895375 -3.109195 2.504909
v 20.710077 670.500000 1514.028320
vn -2.473891 -3.109200 1.935686
v -49.275627 670.500000 1445.166870
vn -1.975493 -3.109217 2.442221
v 11.017695 670.500000 1506.444458
vn -2.409908 -3.109206 2.014786
v -41.535915 670.500000 1454.735107
vn -2.053538 -3.109195 2.376973
v 1.575973 670.500000 1498.550903
vn -2.343411 -3.109214 2.091756
v -33.490421 670.500000 1464.047729
vn -2.129432 -3.109215 2.309229
v -7.605186 670.500000 1490.355591
vn -2.274449 -3.109199 2.166541
v -25.147583 670.500000 1473.095093
vn -2.203087 -3.109200 2.239068
v -16.516153 670.500000 1481.867432
vn -0.101719 3.109203 -3.139533
v 237.694885 715.500000 831.199280
vn 0.000000 3.109204 -3.141181
v 250.000000 715.500000 831.000000
vn -0.203328 3.109205 -3.134593
v 225.402664 715.500000 831.796936
vn -0.304727 3.109204 -3.126365
v 213.136261 715.500000 832.792297
vn -0.405807 3.109214 -3.114857
v 200.908508 715.500000 834.184387
vn -0.506451 3.109221 -3.100085
v 188.732254 715.500000 835.971680
vn -0.606573 3.109202 -3.082059
v 176.620255 715.500000 838.152283
vn -0.706063 3.109204 -3.060799
v 164.585220 715.500000 840.723999
vn -0.804806 3.109206 -3.036331
v 152.639786 715.500000 843.684082
vn -0.902707 3.109204 -3.008677
v 140.796448 715.500000 847.029419
vn -0.999658 3.109206 -2.977868
v 129.067673 715.500000 850.756531
vn -1.095558 3.109206 -2.943938
v 117.465721 715.500000 854.861450
vn -1.190319 3.109201 -2.906915
v 106.002785 715.500000 859.339905
vn -1.283827 3.109210 -2.866846
v 94.690887 715.500000 864.187256
vn -1.375987 3.109199 -2.823770
v 83.541885 715.500000 869.398315
vn -1.466705 3.109208 -2.777731
v 72.567474 715.500000 874.967712
vn -1.555882 3.109202 -2.728781
v 61.779160 715.500000 880.889526
vn -1.643430 3.109204 -2.676968
v 51.188271 715.500000 887.157593
vn -1.729255 3.109204 -2.622345
v 40.805904 715.500000 893.765320
vn -1.813266 3.109204 -2.564972
v 30.642952 715.500000 900.705811
vn -1.895370 3.109199 -2.504913
v 20.710077 715.500000 907.971741
vn -1.975492 3.109202 -2.442222
v 11.017695 715.500000 915.555481
vn -2.053538 3.109215 -2.376972
v 1.575973 715.500000 923.449158
vn -2.129432 3.109200 -2.309228
v -7.605186 715.500000 931.644348
vn -2.203095 3.109207 -2.239060
v -16.516153 715.500000 940.132629
vn -2.274441 3.109202 -2.166548
v -25.147583 715.500000 948.904968
vn -2.343408 3.109205 -2.091759
v -33.490421 715.500000 957.952209
vn -2.409914 3.109205 -2.014778
v -41.535915 715.500000 967.264893
vn -2.473891 3.109205 -1.935686
v -49.275627 715.500000 976.833191
vn -2.535275 3.109203 -1.854560
v -56.701443 715.500000 986.647095
vn -2.594000 3.109206 -1.771491
v -63.805573 715.500000 996.696350
vn -2.650002 3.109209 -1.686566
v -70.580559 715.500000 1006.970337
vn -2.703227 3.109206 -1.599870
v -77.019302 715.500000 1017.458313
vn -2.753617 3.109213 -1.511492
v -83.115051 715.500000 1028.149292
vn -2.801121 3.109204 -1.421527
v -88.861404 715.500000 1039.032104
vn -2.845683 3.109208 -1.330077
v -94.252342 715.500000 1050.095337
vn -2.887258 3.109208 -1.237240
v -99.282204 715.500000 1061.327271
vn -2.925809 3.109197 -1.143092
v -103.945717 715.500000 1072.716064
vn -2.961292 3.109209 -1.047745
v -108.237991 715.500000 1084.250122
vn -2.993665 3.109202 -0.951308
v -112.154518 715.500000 1095.916992
vn -3.022900 3.109205 -0.853870
v -115.691200 715.500000 1107.704590
vn -3.048965 3.109203 -0.755535
v -118.844322 715.500000 1119.600464
vn -3.071832 3.109202 -0.656402
v -121.610580 715.500000 1131.592285
vn -3.091476 3.109209 -0.556588
v -123.987061 715.500000 1143.667480
vn -3.107878 3.109195 -0.456191
v -125.971291 715.500000 1155.813110
vn -3.121021 3.109210 -0.355311
v -127.561172 715.500000 1168.016724
vn -3.130890 3.109195 -0.254061
v -128.755051 715.500000 1180.265381
vn -3.137475 3.109204 -0.152542
v -129.551666 715.500000 1192.546387
vn -3.140769 3.109205 -0.050865
v -129.950180 715.500000 1204.846680
vn -3.140769 3.109199 0.050865
v -129.950180 715.500000 1217.153320
vn -3.137475 3.109204 0.152542
v -129.551666 715.500000 1229.453613
vn -3.130890 3.109199 0.254061
v -128.755051 715.500000 1241.734619
vn -3.121021 3.109198 0.355311
v -127.561172 715.500000 1253.983276
vn -3.107878 3.109200 0.456191
v -125.971291 715.500000 1266.186890
vn -3.091476 3.109209 0.556588
v -123.987061 715.500000 1278.332520
vn -3.071832 3.109202 0.656402
v -121.610580 715.500000 1290.407715
vn -3.048964 3.109209 0.755535
v -118.844322 715.500000 1302.399536
vn -3.022900 3.109202 0.853870
v -115.691200 715.500000 1314.295410
vn -2.993665 3.109204 0.951308
v -112.154518 715.500000 1326.083008
vn -2.961292 3.109199 1.047745
v -108.237991 715.500000 1337.749878
vn -2.925809 3.109199 1.143092
v -103.945717 715.500000 1349.283936
vn -2.887258 3.109208 1.237240
v -99.282204 715.500000 1360.672729
vn -2.845683 3.109205 1.330077
v -94.252342 715.500000 1371.904663
vn -2.801121 3.109206 1.421527
v -88.861404 715.500000 1382.967896
vn -2.753615 3.109199 1.511496
v -83.115051 715.500000 1393.850708
vn -2.703227 3.109210 1.599870
v -77.019302 715.500000 1404.541626
vn -2.650007 3.109203 1.686559
v -70.580559 715.500000 1415.029663
vn -2.594000 3.109202 1.771491
v -63.805573 715.500000 1425.303711
vn -2.535276 3.109205 1.854560
v -56.701443 715.500000 1435.352905
vn -2.473891 3.109199 1.935686
v -49.275627 715.500000 1445.166870
vn -2.409907 3.109209 2.014786
v -41.535915 715.500000 1454.735107
vn -2.343411 3.109213 2.091755
v -33.490421 715.500000 1464.047729
vn -2.274449 3.109201 2.166541
v -25.147583 715.500000 1473.095093
vn -2.203087 3.109202 2.239068
v -16.516153 715.500000 1481.867432
vn -2.129432 3.109211 2.309228
v -7.605186 715.500000 1490.355591
vn -2.053538 3.109192 2.376973
v 1.575973 715.500000 1498.550903
vn -1.975493 3.109217 2.442222
v 11.017695 715.500000 1506.444458
vn -1.895375 3.109198 2.504909
v 20.710077 715.500000 1514.028320
vn -1.813256 3.109206 2.564980
v 30.642952 715.500000 1521.294189
vn -1.729255 3.109215 2.622345
v 40.805904 715.500000 1528.234619
vn -1.643436 3.109200 2.676964
v 51.188271 715.500000 1534.842407
vn -1.555876 3.109209 2.728785
v 61.779160 715.500000 1541.110474
vn -1.466705 3.109217 2.777731
v 72.567474 715.500000 1547.032227
vn -1.375993 3.109190 2.823767
v 83.541885 715.500000 1552.601685
vn -1.283821 3.109203 2.866848
v 94.690887 715.500000 1557.812744
vn -1.190320 3.109211 2.906915
v 106.002785 715.500000 1562.660034
vn -1.095572 3.109198 2.943933
v 117.465721 715.500000 1567.138550
vn -0.999658 3.109200 2.977868
v 129.067673 715.500000 1571.243530
vn -0.902700 3.109201 3.008679
v 140.796448 715.500000 1574.970581
vn -0.804806 3.109208 3.036330
v 152.639786 715.500000 1578.315918
vn -0.706056 3.109200 3.060800
v 164.585220 715.500000 1581.276001
vn -0.606573 3.109207 3.082059
v 176.620255 715.500000 1583.847656
vn -0.506466 3.109206 3.100082
v 188.732254 715.500000 1586.028320
vn -0.405799 3.109194 3.114858
v 200.908508 715.500000 1587.815674
vn -0.304728 3.109223 3.126365
v 213.136261 715.500000 1589.207642
vn -0.203328 3.109191 3.134593
v 225.402664 715.500000 1590.203125
vn -0.101711 3.109223 3.139534
v 237.694885 715.500000 1590.800659
vn 0.000000 3.109199 3.141181
v 250.000000 715.500000 1591.000000
vn 0.101711 3.109222 3.139534
v 262.305115 715.500000 1590.800659
vn 0.203328 3.109186 3.134593
v 274.597321 715.500000 1590.203125
vn 0.304727 3.109221 3.126365
v 286.863739 715.500000 1589.207642
vn 0.405799 3.109193 3.114858
v 299.091492 715.500000 1587.815674
vn 0.506466 3.109198 3.100082
v 311.267761 715.500000 1586.028320
vn 0.606573 3.109199 3.082059
v 323.379761 715.500000 1583.847656
vn 0.706056 3.109202 3.060801
v 335.414764 715.500000 1581.276001
vn 0.804805 3.109204 3.036331
v 347.360229 715.500000 1578.315918
vn 0.902700 3.109205 3.008679
v 359.203552 715.500000 1574.970581
vn 0.999659 3.109199 2.977868
v 370.932343 715.500000 1571.243530
vn 1.095572 3.109208 2.943932
v 382.534271 715.500000 1567.138550
vn 1.190319 3.109221 2.906916
v 393.997223 715.500000 1562.660034
vn 1.283820 3.109206 2.866848
v 405.309113 715.500000 1557.812744
vn 1.375993 3.109197 2.823767
v 416.458130 715.500000 1552.601685
vn 1.466707 3.109215 2.777731
v 427.432526 715.500000 1547.032227
vn 1.555876 3.109202 2.728785
v 438.220825 715.500000 1541.110474
vn 1.643435 3.109199 2.676964
v 448.811737 715.500000 1534.842407
vn 1.729255 3.109208 2.622345
v 459.194092 715.500000 1528.234619
vn 1.813256 3.109206 2.564980
v 469.357056 715.500000 1521.294189
vn 1.895376 3.109196 2.504909
v 479.289917 715.500000 1514.028320
vn 1.975492 3.109217 2.442223
v 488.982300 715.500000 1506.444458
vn 2.053537 3.109194 2.376973
v 498.424042 715.500000 1498.550903
vn 2.129431 3.109208 2.309229
v 507.605194 715.500000 1490.355591
vn 2.203087 3.109199 2.239067
v 516.516174 715.500000 1481.867432
vn 2.274450 3.109204 2.166539
v 525.147583 715.500000 1473.095093
vn 2.343413 3.109210 2.091753
v 533.490417 715.500000 1464.047729
vn 2.409907 3.109214 2.014787
v 541.535889 715.500000 1454.735107
vn 2.473891 3.109196 1.935686
v 549.275635 715.500000 1445.166870
vn 2.535278 3.109212 1.854557
v 556.701416 715.500000 1435.352905
vn 2.593998 3.109202 1.771494
v 563.805542 715.500000 1425.303711
vn 2.650006 3.109203 1.686560
v 570.580566 715.500000 1415.029663
vn 2.703227 3.109210 1.599869
v 577.019287 715.500000 1404.541626
vn 2.753615 3.109199 1.511496
v 583.115051 715.500000 1393.850708
vn 2.801122 3.109203 1.421525
v 588.861389 715.500000 1382.967896
vn 2.845681 3.109213 1.330081
v 594.252319 715.500000 1371.904663
vn 2.887255 3.109206 1.237245
v 599.282227 715.500000 1360.672729
vn 2.925810 3.109197 1.143088
v 603.945740 715.500000 1349.283936
vn 2.961292 3.109219 1.047745
v 608.237976 715.500000 1337.749878
vn 2.993663 3.109209 0.951312
v 612.154541 715.500000 1326.083008
vn 3.022901 3.109202 0.853864
v 615.691223 715.500000 1314.295410
vn 3.048965 3.109214 0.755534
v 618.844299 715.500000 1302.399536
vn 3.071831 3.109200 0.656405
v 621.610596 715.500000 1290.407715
vn 3.091476 3.109217 0.556589
v 623.987061 715.500000 1278.332520
vn 3.107878 3.109199 0.456189
v 625.971313 715.500000 1266.186890
vn 3.121021 3.109212 0.355310
v 627.561157 715.500000 1253.983276
vn 3.130890 3.109199 0.254059
v 628.755066 715.500000 1241.734619
vn 3.137475 3.109211 0.152542
v 629.551636 715.500000 1229.453613
vn 3.140769 3.109201 0.050871
v 629.950195 715.500000 1217.153320
vn 3.140769 3.109202 -0.050871
v 629.950195 715.500000 1204.846680
vn 3.137475 3.109212 -0.152542
v 629.551636 715.500000 1192.546387
vn 3.130890 3.109197 -0.254059
v 628.755066 715.500000 1180.265381
vn 3.121021 3.109210 -0.355310
v 627.561157 715.500000 1168.016724
vn 3.107878 3.109200 -0.456189
v 625.971313 715.500000 1155.813110
vn 3.091476 3.109215 -0.556589
v 623.987061 715.500000 1143.667480
vn 3.071831 3.109202 -0.656405
v 621.610596 715.500000 1131.592285
vn 3.048965 3.109207 -0.755534
v 618.844299 715.500000 1119.600464
vn 3.022901 3.109203 -0.853864
v 615.691223 715.500000 1107.704590
vn 2.993663 3.109201 -0.951312
v 612.154541 715.500000 1095.916992
vn 2.961292 3.109210 -1.047745
v 608.237976 715.500000 1084.250122
vn 2.925811 3.109197 -1.143088
v 603.945740 715.500000 1072.716064
vn 2.887255 3.109208 -1.237245
v 599.282227 715.500000 1061.327271
vn 2.845681 3.109212 -1.330081
v 594.252319 715.500000 1050.095337
vn 2.801122 3.109203 -1.421525
v 588.861389 715.500000 1039.032104
vn 2.753617 3.109195 -1.511492
v 583.115051 715.500000 1028.149292
vn 2.703227 3.109206 -1.599869
v 577.019287 715.500000 1017.458313
vn 2.650002 3.109205 -1.686567
v 570.580566 715.500000 1006.970337
vn 2.593998 3.109206 -1.771493
v 563.805542 715.500000 996.696350
vn 2.535278 3.109206 -1.854557
v 556.701416 715.500000 986.647095
vn 2.473891 3.109200 -1.935686
v 549.275635 715.500000 976.833191
vn 2.409913 3.109208 -2.014779
v 541.535889 715.500000 967.264893
vn 2.343409 3.109203 -2.091757
v 533.490417 715.500000 957.952209
vn 2.274443 3.109203 -2.166547
v 525.147583 715.500000 948.904968
vn 2.203095 3.109204 -2.239059
v 516.516174 715.500000 940.132629
vn 2.129431 3.109202 -2.309229
v 507.605194 715.500000 931.644348
vn 2.053537 3.109217 -2.376973
v 498.424042 715.500000 923.449158
vn 1.975491 3.109202 -2.442223
v 488.982300 715.500000 915.555481
vn 1.895371 3.109208 -2.504912
v 479.289917 715.500000 907.971741
vn 1.813266 3.109207 -2.564972
v 469.357056 715.500000 900.705811
vn 1.729255 3.109204 -2.622345
v 459.194092 715.500000 893.765320
vn 1.643430 3.109202 -2.676968
v 448.811737 715.500000 887.157593
vn 1.555882 3.109208 -2.728782
v 438.220825 715.500000 880.889526
vn 1.466707 3.109208 -2.777731
v 427.432526 715.500000 874.967712
vn 1.375987 3.109196 -2.823769
v 416.458130 715.500000 869.398315
vn 1.283827 3.109211 -2.866846
v 405.309113 715.500000 864.187256
vn 1.190319 3.109198 -2.906915
v 393.997223 715.500000 859.339905
vn 1.095558 3.109204 -2.943938
v 382.534271 715.500000 854.861450
vn 0.999659 3.109208 -2.977868
v 370.932343 715.500000 850.756531
vn 0.902707 3.109208 -3.008677
v 359.203552 715.500000 847.029419
vn 0.804805 3.109202 -3.036331
v 347.360229 715.500000 843.684082
vn 0.706063 3.109190 -3.060799
v 335.414764 715.500000 840.723999
vn 0.606573 3.109202 -3.082058
v 323.379761 715.500000 838.152283
vn 0.506451 3.109209 -3.100085
v 311.267761 715.500000 835.971680
vn 0.405807 3.109202 -3.114858
v 299.091492 715.500000 834.184387
vn 0.304727 3.109205 -3.126365
v 286.863739 715.500000 832.792297
vn 0.203328 3.109208 -3.134593
v 274.597321 715.500000 831.796936
vn 0.101719 3.109203 -3.139533
v 262.305115 715.500000 831.199280
vn -2.053535 -3.109188 2.376975
v -1118.424072 -384.500000 1498.550903
vn -2.129437 -3.109213 2.309223
v -1127.605225 -384.500000 1490.355591
vn -2.203089 -3.109204 2.239066
v -1136.516113 -384.500000 1481.867432
vn -1.975490 -3.109218 2.442224
v -1108.982300 -384.500000 1506.444458
vn -1.895376 -3.109195 2.504908
v -1099.289917 -384.500000 1514.028320
vn -1.813256 -3.109204 2.564980
v -1089.357056 -384.500000 1521.294189
vn -2.274443 -3.109189 2.166547
v -1145.147583 -384.500000 1473.095093
vn -2.593998 -3.109200 1.771494
v -1183.805542 -384.500000 1425.303711
vn -2.473891 -3.109192 1.935686
v -1169.275635 -384.500000 1445.166870
vn -2.535278 -3.109213 1.854557
v -1176.701416 -384.500000 1435.352905
vn -2.409911 -3.109214 2.014782
v -1161.535889 -384.500000 1454.735107
vn -1.729257 -3.109212 2.622344
v -1079.194092 -384.500000 1528.234619
vn -2.703231 -3.109208 1.599863
v -1197.019287 -384.500000 1404.541626
vn -2.650006 -3.109202 1.686560
v -1190.580566 -384.500000 1415.029663
vn -1.375993 -3.109194 2.823766
v -1036.458130 -384.500000 1552.601685
vn -1.643435 -3.109199 2.676965
v -1068.811768 -384.500000 1534.842407
vn -1.555872 -3.109200 2.728787
v -1058.220825 -384.500000 1541.110474
vn -1.466707 -3.109221 2.777731
v -1047.432495 -384.500000 1547.032227
vn -2.845685 -3.109204 1.330075
v -1214.252319 -384.500000 1371.904663
vn -2.753612 -3.109210 1.511502
v -1203.114990 -384.500000 1393.850708
vn -2.801118 -3.109191 1.421531
v -1208.861450 -384.500000 1382.967896
vn -2.887258 -3.109204 1.237238
v -1219.282227 -384.500000 1360.672729
vn -1.190322 -3.109211 2.906914
v -1013.997192 -384.500000 1562.660034
vn -1.283819 -3.109206 2.866849
v -1025.309082 -384.500000 1557.812744
vn -0.999657 -3.109204 2.977869
v -990.932312 -384.500000 1571.243530
vn -2.343413 -3.109205 2.091753
v -1153.490479 -384.500000 1464.047729
vn -1.095572 -3.109204 2.943933
v -1002.534302 -384.500000 1567.138550
vn -3.048963 -3.109202 0.755541
v -1238.844360 -384.500000 1302.399536
vn -2.993668 -3.109206 0.951298
v -1232.154541 -384.500000 1326.083008
vn -3.022900 -3.109213 0.853872
v -1235.691162 -384.500000 1314.295410
vn -2.961289 -3.109200 1.047751
v -1228.238037 -384.500000 1337.749878
vn -2.925808 -3.109209 1.143095
v -1223.945679 -384.500000 1349.283936
vn -0.706056 -3.109193 3.060801
v -955.414795 -384.500000 1581.276001
vn -0.902701 -3.109210 3.008679
v -979.203552 -384.500000 1574.970581
vn -0.804806 -3.109204 3.036330
v -967.360229 -384.500000 1578.315918
vn -3.107878 -3.109204 0.456189
v -1245.971313 -384.500000 1266.186890
vn -3.071833 -3.109204 0.656397
v -1241.610596 -384.500000 1290.407715
vn -3.091477 -3.109208 0.556589
v -1243.987061 -384.500000 1278.332520
vn -0.405800 -3.109194 3.114858
v -919.091492 -384.500000 1587.815674
vn -0.606573 -3.109211 3.082059
v -943.379761 -384.500000 1583.847656
vn -0.506466 -3.109211 3.100082
v -931.267761 -384.500000 1586.028320
vn -0.203328 -3.109187 3.134593
v -894.597351 -384.500000 1590.203125
vn -0.304728 -3.109221 3.126366
v -906.863770 -384.500000 1589.207642
vn -3.137474 -3.109205 0.152550
v -1249.551636 -384.500000 1229.453613
vn -3.121022 -3.109206 0.355303
v -1247.561157 -384.500000 1253.983276
vn -3.130890 -3.109208 0.254059
v -1248.755005 -384.500000 1241.734619
vn -0.101711 -3.109221 3.139534
v -882.305115 -384.500000 1590.800659
vn 0.000000 -3.109196 3.141181
v -870.000000 -384.500000 1591.000000
vn -3.130890 -3.109214 -0.254059
v -1248.755005 -384.500000 1180.265381
vn -3.140769 -3.109203 -0.050871
v -1249.950195 -384.500000 1204.846680
vn -3.137475 -3.109208 -0.152550
v -1249.551636 -384.500000 1192.546387
vn -3.140769 -3.109202 0.050871
v -1249.950195 -384.500000 1217.153320
vn 0.304728 -3.109211 3.126365
v -833.136230 -384.500000 1589.207642
vn 0.101711 -3.109223 3.139534
v -857.694885 -384.500000 1590.800659
vn 0.203328 -3.109188 3.134593
v -845.402649 -384.500000 1590.203125
vn -3.071833 -3.109207 -0.656397
v -1241.610596 -384.500000 1131.592285
vn -3.107878 -3.109203 -0.456189
v -1245.971313 -384.500000 1155.813110
vn -3.091476 -3.109208 -0.556589
v -1243.987061 -384.500000 1143.667480
vn -3.121022 -3.109208 -0.355303
v -1247.561157 -384.500000 1168.016724
vn 0.706056 -3.109197 3.060801
v -784.585205 -384.500000 1581.276001
vn 0.606573 -3.109213 3.082059
v -796.620239 -384.500000 1583.847656
vn 0.506466 -3.109215 3.100082
v -808.732239 -384.500000 1586.028320
vn -3.048963 -3.109199 -0.755541
v -1238.844360 -384.500000 1119.600464
vn 0.804806 -3.109208 3.036330
v -772.639771 -384.500000 1578.315918
vn -2.993668 -3.109204 -0.951298
v -1232.154541 -384.500000 1095.916992
vn -3.022899 -3.109213 -0.853872
v -1235.691162 -384.500000 1107.704590
vn 0.999657 -3.109199 2.977869
v -749.067688 -384.500000 1571.243530
vn 0.902701 -3.109206 3.008679
v -760.796448 -384.500000 1574.970581
vn 1.095572 -3.109195 2.943933
v -737.465698 -384.500000 1567.138550
vn 0.405800 -3.109192 3.114858
v -820.908508 -384.500000 1587.815674
vn -2.925808 -3.109217 -1.143095
v -1223.945679 -384.500000 1072.716064
vn -2.961289 -3.109202 -1.047751
v -1228.238037 -384.500000 1084.250122
vn 1.283819 -3.109208 2.866849
v -714.690857 -384.500000 1557.812744
vn 1.190319 -3.109213 2.906916
v -726.002808 -384.500000 1562.660034
vn -2.845685 -3.109218 -1.330075
v -1214.252319 -384.500000 1050.095337
vn -2.887258 -3.109202 -1.237238
v -1219.282227 -384.500000 1061.327271
vn -2.801118 -3.109180 -1.421531
v -1208.861450 -384.500000 1039.032104
vn 1.466707 -3.109232 2.777731
v -692.567444 -384.500000 1547.032227
vn 1.375993 -3.109199 2.823767
v -703.541870 -384.500000 1552.601685
vn -2.703230 -3.109201 -1.599863
v -1197.019287 -384.500000 1017.458313
vn -2.753614 -3.109215 -1.511498
v -1203.114990 -384.500000 1028.149292
vn -2.650002 -3.109199 -1.686567
v -1190.580566 -384.500000 1006.970337
vn 1.729254 -3.109217 2.622346
v -660.805908 -384.500000 1528.234619
vn 1.555879 -3.109204 2.728783
v -681.779175 -384.500000 1541.110474
vn 1.643435 -3.109202 2.676964
v -671.188293 -384.500000 1534.842407
vn 1.813256 -3.109204 2.564980
v -650.642944 -384.500000 1521.294189
vn 1.895376 -3.109197 2.504908
v -640.710083 -384.500000 1514.028320
vn -2.473891 -3.109208 -1.935686
v -1169.275635 -384.500000 976.833191
vn -2.593998 -3.109211 -1.771494
v -1183.805542 -384.500000 996.696350
vn -2.535279 -3.109206 -1.854557
v -1176.701416 -384.500000 986.647095
vn 2.053539 -3.109187 2.376971
v -621.575989 -384.500000 1498.550903
vn 1.975494 -3.109217 2.442221
v -631.017700 -384.500000 1506.444458
vn -2.203098 -3.109206 -2.239058
v -1136.516113 -384.500000 940.132629
vn -2.343409 -3.109195 -2.091757
v -1153.490479 -384.500000 957.952209
vn -2.274435 -3.109206 -2.166555
v -1145.147583 -384.500000 948.904968
vn -2.409917 -3.109220 -2.014775
v -1161.535889 -384.500000 967.264893
vn -2.129437 -3.109198 -2.309224
v -1127.605225 -384.500000 931.644348
vn 2.343413 -3.109210 2.091753
v -586.509583 -384.500000 1464.047729
vn 2.129430 -3.109214 2.309231
v -612.394836 -384.500000 1490.355591
vn 2.203085 -3.109198 2.239069
v -603.483826 -384.500000 1481.867432
vn 2.274450 -3.109199 2.166539
v -594.852417 -384.500000 1473.095093
vn -2.053535 -3.109208 -2.376975
v -1118.424072 -384.500000 923.449158
vn 2.409907 -3.109208 2.014787
v -578.464111 -384.500000 1454.735107
vn -1.975489 -3.109205 -2.442224
v -1108.982300 -384.500000 915.555481
vn 2.593998 -3.109199 1.771494
v -556.194458 -384.500000 1425.303711
vn 2.473890 -3.109192 1.935686
v -570.724365 -384.500000 1445.166870
vn 2.535278 -3.109213 1.854557
v -563.298584 -384.500000 1435.352905
vn -1.729257 -3.109200 -2.622344
v -1079.194092 -384.500000 893.765320
vn -1.895371 -3.109205 -2.504912
v -1099.289917 -384.500000 907.971741
vn -1.813266 -3.109206 -2.564972
v -1089.357056 -384.500000 900.705811
vn -1.555878 -3.109207 -2.728784
v -1058.220825 -384.500000 880.889526
vn -1.643430 -3.109199 -2.676967
v -1068.811768 -384.500000 887.157593
vn 2.753615 -3.109189 1.511496
v -536.884949 -384.500000 1393.850708
vn 2.650006 -3.109199 1.686560
v -549.419434 -384.500000 1415.029663
vn 2.703227 -3.109213 1.599869
v -542.980713 -384.500000 1404.541626
vn 2.801122 -3.109203 1.421525
v -531.138611 -384.500000 1382.967896
vn -1.375987 -3.109201 -2.823770
v -1036.458130 -384.500000 869.398315
vn -1.466707 -3.109210 -2.777731
v -1047.432495 -384.500000 874.967712
vn -1.283825 -3.109212 -2.866847
v -1025.309082 -384.500000 864.187256
vn -1.095558 -3.109202 -2.943937
v -1002.534302 -384.500000 854.861450
vn -1.190322 -3.109204 -2.906914
v -1013.997192 -384.500000 859.339905
vn 2.961293 -3.109207 1.047741
v -511.762024 -384.500000 1337.749878
vn 2.887255 -3.109205 1.237244
v -520.717773 -384.500000 1360.672729
vn 2.845681 -3.109209 1.330081
v -525.747681 -384.500000 1371.904663
vn 2.925810 -3.109197 1.143088
v -516.054260 -384.500000 1349.283936
vn -0.999658 -3.109210 -2.977869
v -990.932312 -384.500000 850.756531
vn 2.993665 -3.109207 0.951308
v -507.845490 -384.500000 1326.083008
vn 3.048965 -3.109208 0.755534
v -501.155670 -384.500000 1302.399536
vn 3.022899 -3.109204 0.853872
v -504.308807 -384.500000 1314.295410
vn -0.706063 -3.109204 -3.060799
v -955.414795 -384.500000 840.723999
vn -0.902708 -3.109205 -3.008676
v -979.203552 -384.500000 847.029419
vn -0.804806 -3.109204 -3.036331
v -967.360229 -384.500000 843.684082
vn -0.606573 -3.109205 -3.082058
v -943.379761 -384.500000 838.152283
vn 3.121021 -3.109206 0.355310
v -492.438812 -384.500000 1253.983276
vn 3.071832 -3.109207 0.656401
v -498.389435 -384.500000 1290.407715
vn 3.091476 -3.109208 0.556589
v -496.012939 -384.500000 1278.332520
vn 3.107878 -3.109206 0.456193
v -494.028717 -384.500000 1266.186890
vn -0.304728 -3.109197 -3.126365
v -906.863770 -384.500000 832.792297
vn -0.506451 -3.109203 -3.100084
v -931.267761 -384.500000 835.971680
vn -0.405807 -3.109210 -3.114858
v -919.091492 -384.500000 834.184387
vn -0.101719 -3.109199 -3.139534
v -882.305115 -384.500000 831.199280
vn -0.203328 -3.109208 -3.134593
v -894.597351 -384.500000 831.796936
vn 0.000000 -3.109206 -3.141181
v -870.000000 -384.500000 831.000000
vn 3.137475 -3.109203 -0.152542
v -490.448334 -384.500000 1192.546387
vn 3.140769 -3.109206 -0.050863
v -490.049835 -384.500000 1204.846680
vn 3.140769 -3.109209 0.050863
v -490.049835 -384.500000 1217.153320
vn 0.304728 -3.109200 -3.126365
v -833.136230 -384.500000 832.792297
vn 0.101719 -3.109197 -3.139533
v -857.694885 -384.500000 831.199280
vn 0.203328 -3.109208 -3.134593
v -845.402649 -384.500000 831.796936
vn 3.121021 -3.109203 -0.355310
v -492.438812 -384.500000 1168.016724
vn 3.130890 -3.109207 0.254059
v -491.244965 -384.500000 1241.734619
vn 3.137475 -3.109202 0.152542
v -490.448334 -384.500000 1229.453613
vn 3.130890 -3.109208 -0.254059
v -491.244965 -384.500000 1180.265381
vn 0.405807 -3.109213 -3.114858
v -820.908508 -384.500000 834.184387
vn 3.107878 -3.109199 -0.456193
v -494.028717 -384.500000 1155.813110
vn 3.048965 -3.109199 -0.755534
v -501.155670 -384.500000 1119.600464
vn 3.071832 -3.109206 -0.656401
v -498.389435 -384.500000 1131.592285
vn 3.091476 -3.109220 -0.556589
v -496.012939 -384.500000 1143.667480
vn 0.804806 -3.109220 -3.036331
v -772.639771 -384.500000 843.684082
vn 0.606572 -3.109205 -3.082058
v -796.620239 -384.500000 838.152283
vn 0.706063 -3.109206 -3.060799
v -784.585205 -384.500000 840.723999
vn 0.506451 -3.109210 -3.100085
v -808.732239 -384.500000 835.971680
vn 3.022900 -3.109212 -0.853872
v -504.308807 -384.500000 1107.704590
vn 2.961293 -3.109211 -1.047741
v -511.762024 -384.500000 1084.250122
vn 2.993665 -3.109202 -0.951308
v -507.845490 -384.500000 1095.916992
vn 1.190319 -3.109212 -2.906916
v -726.002808 -384.500000 859.339905
vn 0.999658 -3.109210 -2.977869
v -749.067688 -384.500000 850.756531
vn 1.095558 -3.109204 -2.943938
v -737.465698 -384.500000 854.861450
vn 0.902708 -3.109203 -3.008676
v -760.796448 -384.500000 847.029419
vn 2.887255 -3.109205 -1.237245
v -520.717773 -384.500000 1061.327271
vn 2.925810 -3.109197 -1.143088
v -516.054260 -384.500000 1072.716064
vn 2.845681 -3.109213 -1.330081
v -525.747681 -384.500000 1050.095337
vn 1.375987 -3.109203 -2.823770
v -703.541870 -384.500000 869.398315
vn 1.283826 -3.109206 -2.866847
v -714.690857 -384.500000 864.187256
vn 1.466707 -3.109205 -2.777731
v -692.567444 -384.500000 874.967712
vn 2.753617 -3.109196 -1.511492
v -536.884949 -384.500000 1028.149292
vn 2.801122 -3.109202 -1.421525
v -531.138611 -384.500000 1039.032104
vn 1.643429 -3.109208 -2.676968
v -671.188293 -384.500000 887.157593
vn 1.555885 -3.109206 -2.728780
v -681.779175 -384.500000 880.889526
vn 2.650001 -3.109206 -1.686567
v -549.419434 -384.500000 1006.970337
vn 2.703227 -3.109206 -1.599869
v -542.980713 -384.500000 1017.458313
vn 1.813266 -3.109205 -2.564972
v -650.642944 -384.500000 900.705811
vn 1.729254 -3.109202 -2.622346
v -660.805908 -384.500000 893.765320
vn 1.895371 -3.109202 -2.504912
v -640.710083 -384.500000 907.971741
vn 2.473891 -3.109200 -1.935686
v -570.724365 -384.500000 976.833191
vn 2.535278 -3.109206 -1.854557
v -563.298584 -384.500000 986.647095
vn 2.593998 -3.109211 -1.771494
v -556.194458 -384.500000 996.696350
vn 2.409913 -3.109209 -2.014779
v -578.464111 -384.500000 967.264893
vn 2.343409 -3.109203 -2.091758
v -586.509583 -384.500000 957.952209
vn 2.129429 -3.109204 -2.309231
v -612.394836 -384.500000 931.644348
vn 1.975493 -3.109198 -2.442221
v -631.017700 -384.500000 915.555481
vn 2.053539 -3.109211 -2.376971
v -621.575989 -384.500000 923.449158
vn 2.274443 -3.109207 -2.166547
v -594.852417 -384.500000 948.904968
vn 2.203094 -3.109200 -2.239061
v -603.483826 -384.500000 940.132629
vn 0.101711 3.109218 3.139534
v -857.694885 -349.500000 1590.800659
vn 0.000000 3.109196 3.141181
v -870.000000 -349.500000 1591.000000
vn 0.203328 3.109187 3.134593
v -845.402649 -349.500000 1590.203125
vn 0.304728 3.109221 3.126365
v -833.136230 -349.500000 1589.207642
vn 0.405800 3.109192 3.114858
v -820.908508 -349.500000 1587.815674
vn 0.506466 3.109209 3.100082
v -808.732239 -349.500000 1586.028320
vn 0.606573 3.109211 3.082059
v -796.620239 -349.500000 1583.847656
vn 0.706056 3.109200 3.060801
v -784.585205 -349.500000 1581.276001
vn 0.804806 3.109206 3.036331
v -772.639771 -349.500000 1578.315918
vn 0.902701 3.109208 3.008678
v -760.796448 -349.500000 1574.970581
vn 0.999657 3.109200 2.977869
v -749.067688 -349.500000 1571.243530
vn 1.095572 3.109203 2.943933
v -737.465698 -349.500000 1567.138550
vn 1.190319 3.109213 2.906916
v -726.002808 -349.500000 1562.660034
vn 1.283819 3.109202 2.866849
v -714.690857 -349.500000 1557.812744
vn 1.375993 3.109200 2.823767
v -703.541870 -349.500000 1552.601685
vn 1.466707 3.109214 2.777731
v -692.567444 -349.500000 1547.032227
vn 1.555879 3.109201 2.728783
v -681.779175 -349.500000 1541.110474
vn 1.643435 3.109203 2.676964
v -671.188293 -349.500000 1534.842407
vn 1.729254 3.109211 2.622346
v -660.805908 -349.500000 1528.234619
vn 1.813256 3.109205 2.564980
v -650.642944 -349.500000 1521.294189
vn 1.895376 3.109195 2.504908
v -640.710083 -349.500000 1514.028320
vn 1.975493 3.109217 2.442221
v -631.017700 -349.500000 1506.444458
vn 2.053539 3.109196 2.376972
v -621.575989 -349.500000 1498.550903
vn 2.129430 3.109217 2.309231
v -612.394836 -349.500000 1490.355591
vn 2.203085 3.109197 2.239069
v -603.483826 -349.500000 1481.867432
vn 2.274450 3.109199 2.166539
v -594.852417 -349.500000 1473.095093
vn 2.343413 3.109211 2.091753
v -586.509583 -349.500000 1464.047729
vn 2.409907 3.109209 2.014787
v -578.464111 -349.500000 1454.735107
vn 2.473891 3.109195 1.935686
v -570.724365 -349.500000 1445.166870
vn 2.535278 3.109212 1.854557
v -563.298584 -349.500000 1435.352905
vn 2.593998 3.109203 1.771494
v -556.194458 -349.500000 1425.303711
vn 2.650006 3.109202 1.686560
v -549.419434 -349.500000 1415.029663
vn 2.703227 3.109213 1.599869
v -542.980713 -349.500000 1404.541626
vn 2.753615 3.109199 1.511496
v -536.884949 -349.500000 1393.850708
vn 2.801122 3.109204 1.421525
v -531.138611 -349.500000 1382.967896
vn 2.845681 3.109212 1.330081
v -525.747681 -349.500000 1371.904663
vn 2.887255 3.109205 1.237245
v -520.717773 -349.500000 1360.672729
vn 2.925810 3.109195 1.143088
v -516.054260 -349.500000 1349.283936
vn 2.961293 3.109212 1.047741
v -511.762024 -349.500000 1337.749878
vn 2.993665 3.109205 0.951308
v -507.845490 -349.500000 1326.083008
vn 3.022900 3.109208 0.853872
v -504.308807 -349.500000 1314.295410
vn 3.048965 3.109200 0.755534
v -501.155670 -349.500000 1302.399536
vn 3.071832 3.109206 0.656401
v -498.389435 -349.500000 1290.407715
vn 3.091476 3.109207 0.556589
v -496.012939 -349.500000 1278.332520
vn 3.107878 3.109205 0.456193
v -494.028717 -349.500000 1266.186890
vn 3.121021 3.109200 0.355310
v -492.438812 -349.500000 1253.983276
vn 3.130890 3.109208 0.254059
v -491.244965 -349.500000 1241.734619
vn 3.137475 3.109203 0.152542
v -490.448334 -349.500000 1229.453613
vn 3.140769 3.109207 0.050863
v -490.049835 -349.500000 1217.153320
vn 3.140769 3.109207 -0.050863
v -490.049835 -349.500000 1204.846680
vn 3.137475 3.109203 -0.152542
v -490.448334 -349.500000 1192.546387
vn 3.130890 3.109208 -0.254059
v -491.244965 -349.500000 1180.265381
vn 3.121021 3.109200 -0.355310
v -492.438812 -349.500000 1168.016724
vn 3.107878 3.109205 -0.456193
v -494.028717 -349.500000 1155.813110
vn 3.091476 3.109207 -0.556589
v -496.012939 -349.500000 1143.667480
vn 3.071832 3.109206 -0.656401
v -498.389435 -349.500000 1131.592285
vn 3.048965 3.109200 -0.755534
v -501.155670 -349.500000 1119.600464
vn 3.022899 3.109208 -0.853872
v -504.308807 -349.500000 1107.704590
vn 2.993665 3.109205 -0.951308
v -507.845490 -349.500000 1095.916992
vn 2.961293 3.109212 -1.047741
v -511.762024 -349.500000 1084.250122
vn 2.925810 3.109195 -1.143088
v -516.054260 -349.500000 1072.716064
vn 2.887255 3.109205 -1.237245
v -520.717773 -349.500000 1061.327271
vn 2.845681 3.109212 -1.330081
v -525.747681 -349.500000 1050.095337
vn 2.801122 3.109204 -1.421525
v -531.138611 -349.500000 1039.032104
vn 2.753617 3.109201 -1.511492
v -536.884949 -349.500000 1028.149292
vn 2.703227 3.109208 -1.599869
v -542.980713 -349.500000 1017.458313
vn 2.650002 3.109202 -1.686567
v -549.419434 -349.500000 1006.970337
vn 2.593998 3.109210 -1.771494
v -556.194458 -349.500000 996.696350
vn 2.535278 3.109206 -1.854557
v -563.298584 -349.500000 986.647095
vn 2.473891 3.109200 -1.935686
v -570.724365 -349.500000 976.833191
vn 2.409913 3.109210 -2.014779
v -578.464111 -349.500000 967.264893
vn 2.343409 3.109202 -2.091758
v -586.509583 -349.500000 957.952209
vn 2.274443 3.109206 -2.166547
v -594.852417 -349.500000 948.904968
vn 2.203094 3.109204 -2.239061
v -603.483826 -349.500000 940.132629
vn 2.129429 3.109203 -2.309231
v -612.394836 -349.500000 931.644348
vn 2.053539 3.109210 -2.376972
v -621.575989 -349.500000 923.449158
vn 1.975493 3.109202 -2.442221
v -631.017700 -349.500000 915.555481
vn 1.895371 3.109207 -2.504912
v -640.710083 -349.500000 907.971741
vn 1.813266 3.109204 -2.564972
v -650.642944 -349.500000 900.705811
vn 1.729253 3.109203 -2.622346
v -660.805908 -349.500000 893.765320
vn 1.643429 3.109208 -2.676968
v -671.188293 -349.500000 887.157593
vn 1.555885 3.109205 -2.728780
v -681.779175 -349.500000 880.889526
vn 1.466707 3.109205 -2.777731
v -692.567444 -349.500000 874.967712
vn 1.375987 3.109203 -2.823770
v -703.541870 -349.500000 869.398315
vn 1.283826 3.109207 -2.866847
v -714.690857 -349.500000 864.187256
vn 1.190319 3.109204 -2.906916
v -726.002808 -349.500000 859.339905
vn 1.095558 3.109202 -2.943938
v -737.465698 -349.500000 854.861450
vn 0.999658 3.109209 -2.977869
v -749.067688 -349.500000 850.756531
vn 0.902708 3.109204 -3.008677
v -760.796448 -349.500000 847.029419
vn 0.804806 3.109206 -3.036330
v -772.639771 -349.500000 843.684082
vn 0.706063 3.109206 -3.060799
v -784.585205 -349.500000 840.723999
vn 0.606573 3.109201 -3.082058
v -796.620239 -349.500000 838.152283
vn 0.506451 3.109209 -3.100084
v -808.732239 -349.500000 835.971680
vn 0.405807 3.109207 -3.114858
v -820.908508 -349.500000 834.184387
vn 0.304728 3.109201 -3.126365
v -833.136230 -349.500000 832.792297
vn 0.203328 3.109207 -3.134593
v -845.402649 -349.500000 831.796936
vn 0.101719 3.109203 -3.139534
v -857.694885 -349.500000 831.199280
vn -0.000000 3.109206 -3.141181
v -870.000000 -349.500000 831.000000
vn -0.101719 3.109203 -3.139533
v -882.305115 -349.500000 831.199280
vn -0.203328 3.109207 -3.134593
v -894.597351 -349.500000 831.796936
vn -0.304728 3.109201 -3.126365
v -906.863770 -349.500000 832.792297
vn -0.405807 3.109207 -3.114858
v -919.091492 -349.500000 834.184387
vn -0.506451 3.109208 -3.100085
v -931.267761 -349.500000 835.971680
vn -0.606572 3.109202 -3.082058
v -943.379761 -349.500000 838.152283
vn -0.706063 3.109206 -3.060799
v -955.414795 -349.500000 840.723999
vn -0.804806 3.109206 -3.036330
v -967.360229 -349.500000 843.684082
vn -0.902708 3.109204 -3.008677
v -979.203552 -349.500000 847.029419
vn -0.999658 3.109209 -2.977869
v -990.932312 -349.500000 850.756531
vn -1.095558 3.109202 -2.943938
v -1002.534302 -349.500000 854.861450
vn -1.190322 3.109202 -2.906914
v -1013.997192 -349.500000 859.339905
vn -1.283825 3.109210 -2.866847
v -1025.309082 -349.500000 864.187256
vn -1.375987 3.109198 -2.823770
v -1036.458130 -349.500000 869.398315
vn -1.466707 3.109210 -2.777731
v -1047.432495 -349.500000 874.967712
vn -1.555878 3.109206 -2.728784
v -1058.220825 -349.500000 880.889526
vn -1.643430 3.109201 -2.676968
v -1068.811768 -349.500000 887.157593
vn -1.729257 3.109205 -2.622344
v -1079.194092 -349.500000 893.765320
vn -1.813266 3.109205 -2.564972
v -1089.357056 -349.500000 900.705811
vn -1.895371 3.109208 -2.504912
v -1099.289917 -349.500000 907.971741
vn -1.975489 3.109205 -2.442224
v -1108.982300 -349.500000 915.555481
vn -2.053535 3.109207 -2.376975
v -1118.424072 -349.500000 923.449158
vn -2.129437 3.109196 -2.309223
v -1127.605225 -349.500000 931.644348
vn -2.203097 3.109214 -2.239058
v -1136.516113 -349.500000 940.132629
vn -2.274436 3.109206 -2.166555
v -1145.147583 -349.500000 948.904968
vn -2.343409 3.109195 -2.091757
v -1153.490479 -349.500000 957.952209
vn -2.409917 3.109213 -2.014775
v -1161.535889 -349.500000 967.264893
vn -2.473891 3.109201 -1.935686
v -1169.275635 -349.500000 976.833191
vn -2.535278 3.109205 -1.854557
v -1176.701416 -349.500000 986.647095
vn -2.593998 3.109210 -1.771494
v -1183.805542 -349.500000 996.696350
vn -2.650001 3.109201 -1.686567
v -1190.580566 -349.500000 1006.970337
vn -2.703230 3.109203 -1.599863
v -1197.019287 -349.500000 1017.458313
vn -2.753614 3.109214 -1.511498
v -1203.114990 -349.500000 1028.149292
vn -2.801118 3.109191 -1.421531
v -1208.861450 -349.500000 1039.032104
vn -2.845685 3.109215 -1.330075
v -1214.252319 -349.500000 1050.095337
vn -2.887258 3.109200 -1.237238
v -1219.282227 -349.500000 1061.327271
vn -2.925808 3.109210 -1.143095
v -1223.945679 -349.500000 1072.716064
vn -2.961289 3.109200 -1.047751
v -1228.238037 -349.500000 1084.250122
vn -2.993668 3.109202 -0.951298
v -1232.154541 -349.500000 1095.916992
vn -3.022900 3.109217 -0.853872
v -1235.691162 -349.500000 1107.704590
vn -3.048963 3.109196 -0.755541
v -1238.844360 -349.500000 1119.600464
vn -3.071833 3.109204 -0.656397
v -1241.610596 -349.500000 1131.592285
vn -3.091476 3.109211 -0.556589
v -1243.987061 -349.500000 1143.667480
vn -3.107878 3.109198 -0.456189
v -1245.971313 -349.500000 1155.813110
vn -3.121022 3.109207 -0.355303
v -1247.561157 -349.500000 1168.016724
vn -3.130890 3.109208 -0.254059
v -1248.755005 -349.500000 1180.265381
vn -3.137475 3.109208 -0.152550
v -1249.551636 -349.500000 1192.546387
vn -3.140769 3.109202 -0.050871
v -1249.950195 -349.500000 1204.846680
vn -3.140769 3.109201 0.050871
v -1249.950195 -349.500000 1217.153320
vn -3.137475 3.109208 0.152550
v -1249.551636 -349.500000 1229.453613
vn -3.130890 3.109208 0.254059
v -1248.755005 -349.500000 1241.734619
vn -3.121022 3.109207 0.355303
v -1247.561157 -349.500000 1253.983276
vn -3.107878 3.109198 0.456189
v -1245.971313 -349.500000 1266.186890
vn -3.091476 3.109212 0.556589
v -1243.987061 -349.500000 1278.332520
vn -3.071833 3.109204 0.656397
v -1241.610596 -349.500000 1290.407715
vn -3.048963 3.109196 0.755541
v -1238.844360 -349.500000 1302.399536
vn -3.022899 3.109217 0.853872
v -1235.691162 -349.500000 1314.295410
vn -2.993668 3.109202 0.951298
v -1232.154541 -349.500000 1326.083008
vn -2.961289 3.109200 1.047751
v -1228.238037 -349.500000 1337.749878
vn -2.925808 3.109210 1.143095
v -1223.945679 -349.500000 1349.283936
vn -2.887258 3.109200 1.237238
v -1219.282227 -349.500000 1360.672729
vn -2.845685 3.109215 1.330075
v -1214.252319 -349.500000 1371.904663
vn -2.801118 3.109191 1.421531
v -1208.861450 -349.500000 1382.967896
vn -2.753613 3.109212 1.511502
v -1203.114990 -349.500000 1393.850708
vn -2.703231 3.109209 1.599863
v -1197.019287 -349.500000 1404.541626
vn -2.650006 3.109202 1.686560
v -1190.580566 -349.500000 1415.029663
vn -2.593998 3.109203 1.771494
v -1183.805542 -349.500000 1425.303711
vn -2.535278 3.109211 1.854557
v -1176.701416 -349.500000 1435.352905
vn -2.473891 3.109196 1.935686
v -1169.275635 -349.500000 1445.166870
vn -2.409911 3.109213 2.014782
v -1161.535889 -349.500000 1454.735107
vn -2.343413 3.109206 2.091753
v -1153.490479 -349.500000 1464.047729
vn -2.274443 3.109200 2.166547
v -1145.147583 -349.500000 1473.095093
vn -2.203089 3.109207 2.239066
v -1136.516113 -349.500000 1481.867432
vn -2.129438 3.109211 2.309224
v -1127.605225 -349.500000 1490.355591
vn -2.053535 3.109193 2.376975
v -1118.424072 -349.500000 1498.550903
vn -1.975490 3.109219 2.442224
v -1108.982300 -349.500000 1506.444458
vn -1.895376 3.109195 2.504908
v -1099.289917 -349.500000 1514.028320
vn -1.813256 3.109205 2.564980
v -1089.357056 -349.500000 1521.294189
vn -1.729257 3.109214 2.622344
v -1079.194092 -349.500000 1528.234619
vn -1.643435 3.109197 2.676964
v -1068.811768 -349.500000 1534.842407
vn -1.555872 3.109201 2.728787
v -1058.220825 -349.500000 1541.110474
vn -1.466707 3.109219 2.777731
v -1047.432495 -349.500000 1547.032227
vn -1.375993 3.109195 2.823766
v -1036.458130 -349.500000 1552.601685
vn -1.283819 3.109205 2.866849
v -1025.309082 -349.500000 1557.812744
vn -1.190322 3.109211 2.906914
v -1013.997192 -349.500000 1562.660034
vn -1.095572 3.109203 2.943933
v -1002.534302 -349.500000 1567.138550
vn -0.999657 3.109200 2.977869
v -990.932312 -349.500000 1571.243530
vn -0.902701 3.109208 3.008678
v -979.203552 -349.500000 1574.970581
vn -0.804806 3.109206 3.036331
v -967.360229 -349.500000 1578.315918
vn -0.706056 3.109200 3.060801
v -955.414795 -349.500000 1581.276001
vn -0.606573 3.109211 3.082059
v -943.379761 -349.500000 1583.847656
vn -0.506466 3.109209 3.100082
v -931.267761 -349.500000 1586.028320
vn -0.405800 3.109192 3.114858
v -919.091492 -349.500000 1587.815674
vn -0.304728 3.109221 3.126365
v -906.863770 -349.500000 1589.207642
vn -0.203328 3.109187 3.134593
v -894.597351 -349.500000 1590.203125
vn -0.101711 3.109218 3.139534
v -882.305115 -349.500000 1590.800659
vn -2.200441 3.178555 -2.241500
v -1073.157471 -349.500000 1004.053040
vn -2.281774 3.178559 -2.158650
v -1080.665771 -349.500000 1011.701355
vn -2.116115 3.178548 -2.321276
v -1065.371704 -349.500000 996.687439
vn -2.359980 3.178544 -2.072863
v -1087.886230 -349.500000 1019.621887
vn -2.028906 3.178548 -2.397876
v -1057.319092 -349.500000 989.614502
vn -2.434955 3.178555 -1.984246
v -1094.809204 -349.500000 1027.803833
vn -1.938912 3.178557 -2.471204
v -1049.010742 -349.500000 982.843994
vn -2.506631 3.178561 -1.892908
v -1101.425049 -349.500000 1036.235962
vn -1.846268 3.178554 -2.541167
v -1040.457764 -349.500000 976.385071
vn -2.574857 3.178541 -1.798994
v -1107.724731 -349.500000 1044.906860
vn -1.751109 3.178552 -2.607659
v -1031.671997 -349.500000 970.246643
vn -2.639574 3.178565 -1.702620
v -1113.699829 -349.500000 1053.804565
vn -1.653550 3.178557 -2.670588
v -1022.665344 -349.500000 964.437012
vn -2.700688 3.178544 -1.603918
v -1119.341919 -349.500000 1062.916992
vn -1.553741 3.178545 -2.729864
v -1013.450195 -349.500000 958.964233
vn -2.758099 3.178546 -1.503049
v -1124.643555 -349.500000 1072.231689
vn -1.451815 3.178555 -2.785408
v -1004.039124 -349.500000 953.835632
vn -2.811757 3.178569 -1.400091
v -1129.597412 -349.500000 1081.735840
vn -1.347892 3.178556 -2.837156
v -994.444946 -349.500000 949.058289
vn -2.861580 3.178540 -1.295232
v -1134.196533 -349.500000 1091.416626
vn -1.242133 3.178550 -2.885026
v -984.680847 -349.500000 944.638794
vn -2.907482 3.178557 -1.188619
v -1138.434937 -349.500000 1101.260742
vn -1.134688 3.178549 -2.928950
v -974.760071 -349.500000 940.583069
vn -2.949422 3.178557 -1.080358
v -1142.306641 -349.500000 1111.254761
vn -1.025680 3.178557 -2.968874
v -964.696228 -349.500000 936.896667
vn -2.987328 3.178545 -0.970639
v -1145.806396 -349.500000 1121.385132
vn -0.915269 3.178554 -3.004755
v -954.503052 -349.500000 933.584717
vn -3.021152 3.178555 -0.859596
v -1148.929443 -349.500000 1131.637695
vn -0.803620 3.178548 -3.036521
v -944.194397 -349.500000 930.651672
vn -3.050855 3.178555 -0.747363
v -1151.671509 -349.500000 1141.998779
vn -0.690866 3.178559 -3.064143
v -933.784424 -349.500000 928.101501
vn -3.076388 3.178551 -0.634116
v -1154.028809 -349.500000 1152.454102
vn -0.577162 3.178552 -3.087580
v -923.287354 -349.500000 925.937805
vn -3.097718 3.178551 -0.520010
v -1155.998169 -349.500000 1162.989380
vn -0.462689 3.178546 -3.106797
v -912.717468 -349.500000 924.163452
vn -3.114815 3.178545 -0.405205
v -1157.576904 -349.500000 1173.590210
vn -0.347571 3.178559 -3.121772
v -902.089294 -349.500000 922.780823
vn -3.127661 3.178563 -0.289828
v -1158.762939 -349.500000 1184.242188
vn -0.231970 3.178552 -3.132484
v -891.417236 -349.500000 921.791931
vn -3.136236 3.178554 -0.174040
v -1159.554443 -349.500000 1194.930664
vn -0.116066 3.178551 -3.138916
v -880.715942 -349.500000 921.198059
vn -3.140525 3.178549 -0.058037
v -1159.950439 -349.500000 1205.641113
vn -0.000000 3.178553 -3.141061
v -870.000000 -349.500000 921.000000
vn -3.140525 3.178549 0.058037
v -1159.950439 -349.500000 1216.358887
vn 0.116066 3.178551 -3.138916
v -859.284058 -349.500000 921.198059
vn -3.136236 3.178554 0.174041
v -1159.554443 -349.500000 1227.069336
vn 0.231970 3.178552 -3.132484
v -848.582764 -349.500000 921.791931
vn -3.127661 3.178563 0.289828
v -1158.762939 -349.500000 1237.757812
vn 0.347571 3.178559 -3.121772
v -837.910706 -349.500000 922.780823
vn -3.114816 3.178545 0.405206
v -1157.576904 -349.500000 1248.409790
vn 0.462689 3.178546 -3.106797
v -827.282532 -349.500000 924.163452
vn -3.097718 3.178551 0.520011
v -1155.998169 -349.500000 1259.010620
vn 0.577162 3.178552 -3.087580
v -816.712646 -349.500000 925.937805
vn -3.076388 3.178551 0.634117
v -1154.028809 -349.500000 1269.545898
vn 0.690866 3.178559 -3.064143
v -806.215576 -349.500000 928.101501
vn -3.050854 3.178555 0.747363
v -1151.671509 -349.500000 1280.001221
vn 0.803620 3.178548 -3.036521
v -795.805603 -349.500000 930.651672
vn -3.021152 3.178555 0.859596
v -1148.929443 -349.500000 1290.362305
vn 0.915268 3.178554 -3.004755
v -785.496948 -349.500000 933.584717
vn -2.987328 3.178545 0.970639
v -1145.806396 -349.500000 1300.614868
vn 1.025682 3.178557 -2.968879
v -775.303772 -349.500000 936.896667
vn -2.949417 3.178557 1.080357
v -1142.306641 -349.500000 1310.745239
vn 1.134686 3.178549 -2.928945
v -765.239929 -349.500000 940.583069
vn -2.907487 3.178557 1.188621
v -1138.434937 -349.500000 1320.739258
vn 1.242133 3.178549 -2.885026
v -755.319153 -349.500000 944.638794
vn -2.861575 3.178540 1.295230
v -1134.196533 -349.500000 1330.583374
vn 1.347892 3.178555 -2.837156
v -745.555054 -349.500000 949.058289
vn -2.811761 3.178569 1.400093
v -1129.597412 -349.500000 1340.264160
vn 1.451815 3.178554 -2.785408
v -735.960876 -349.500000 953.835632
vn -2.758099 3.178546 1.503050
v -1124.643555 -349.500000 1349.768311
vn 1.553741 3.178545 -2.729864
v -726.549805 -349.500000 958.964233
vn -2.700688 3.178544 1.603918
v -1119.341919 -349.500000 1359.083008
vn 1.653554 3.178560 -2.670585
v -717.334656 -349.500000 964.437012
vn -2.639573 3.178565 1.702620
v -1113.699829 -349.500000 1368.195435
vn 1.751113 3.178549 -2.607656
v -708.328064 -349.500000 970.246643
vn -2.574857 3.178540 1.798994
v -1107.724731 -349.500000 1377.093140
vn 1.846271 3.178554 -2.541171
v -699.542297 -349.500000 976.385071
vn -2.506627 3.178560 1.892905
v -1101.425049 -349.500000 1385.764038
vn 1.938903 3.178549 -2.471211
v -690.989319 -349.500000 982.843994
vn -2.434962 3.178552 1.984244
v -1094.809204 -349.500000 1394.196167
vn 2.028893 3.178556 -2.397878
v -682.680847 -349.500000 989.614502
vn -2.359976 3.178556 2.072867
v -1087.886230 -349.500000 1402.378174
vn 2.116119 3.178552 -2.321272
v -674.628235 -349.500000 996.687439
vn -2.281766 3.178552 2.158659
v -1080.665771 -349.500000 1410.298584
vn 2.200450 3.178555 -2.241492
v -666.842529 -349.500000 1004.053040
vn -2.200450 3.178546 2.241492
v -1073.157471 -349.500000 1417.946899
vn 2.281774 3.178551 -2.158651
v -659.334290 -349.500000 1011.701355
vn -2.116120 3.178560 2.321272
v -1065.371704 -349.500000 1425.312622
vn 2.359980 3.178553 -2.072863
v -652.113770 -349.500000 1019.621887
vn -2.028897 3.178545 2.397876
v -1057.319092 -349.500000 1432.385498
vn 2.434963 3.178550 -1.984244
v -645.190857 -349.500000 1027.803833
vn -1.938906 3.178560 2.471209
v -1049.010742 -349.500000 1439.156006
vn 2.506622 3.178556 -1.892911
v -638.575012 -349.500000 1036.235962
vn -1.846277 3.178540 2.541167
v -1040.457764 -349.500000 1445.614868
vn 2.574857 3.178550 -1.798993
v -632.275269 -349.500000 1044.906860
vn -1.751114 3.178566 2.607654
v -1031.671997 -349.500000 1451.753418
vn 2.639570 3.178550 -1.702627
v -626.300232 -349.500000 1053.804565
vn -1.653543 3.178552 2.670592
v -1022.665344 -349.500000 1457.562988
vn 2.700684 3.178559 -1.603924
v -620.658020 -349.500000 1062.916992
vn -1.553748 3.178540 2.729860
v -1013.450195 -349.500000 1463.035767
vn 2.758107 3.178546 -1.503036
v -615.356445 -349.500000 1072.231689
vn -1.451807 3.178569 2.785412
v -1004.039124 -349.500000 1468.164429
vn 2.811758 3.178554 -1.400100
v -610.402649 -349.500000 1081.735840
vn -1.347885 3.178541 2.837160
v -994.444946 -349.500000 1472.941650
vn 2.861572 3.178556 -1.295238
v -605.803406 -349.500000 1091.416626
vn -1.242148 3.178549 2.885019
v -984.680847 -349.500000 1477.361206
vn 2.907485 3.178552 -1.188612
v -601.565063 -349.500000 1101.260742
vn -1.134678 3.178565 2.928948
v -974.760071 -349.500000 1481.416992
vn 2.949427 3.178557 -1.080360
v -597.693359 -349.500000 1111.254761
vn -1.025674 3.178541 2.968882
v -964.696228 -349.500000 1485.103271
vn 2.987323 3.178546 -0.970637
v -594.193604 -349.500000 1121.385132
vn -0.915285 3.178554 3.004750
v -954.503052 -349.500000 1488.415283
vn 3.021152 3.178555 -0.859596
v -591.070557 -349.500000 1131.637695
vn -0.803611 3.178564 3.036523
v -944.194397 -349.500000 1491.348389
vn 3.050854 3.178555 -0.747363
v -588.328491 -349.500000 1141.998779
vn -0.690866 3.178536 3.064143
v -933.784424 -349.500000 1493.898438
vn 3.076386 3.178545 -0.634125
v -585.971191 -349.500000 1152.454102
vn -0.577170 3.178568 3.087578
v -923.287354 -349.500000 1496.062256
vn 3.097716 3.178556 -0.520019
v -584.001770 -349.500000 1162.989380
vn -0.462671 3.178546 3.106800
v -912.717468 -349.500000 1497.836548
vn 3.114821 3.178549 -0.405197
v -582.423035 -349.500000 1173.590210
vn -0.347562 3.178553 3.121773
v -902.089294 -349.500000 1499.219116
vn 3.127657 3.178556 -0.289819
v -581.237061 -349.500000 1184.242188
vn -0.231988 3.178541 3.132483
v -891.417236 -349.500000 1500.208008
vn 3.136241 3.178548 -0.174050
v -580.445557 -349.500000 1194.930664
vn -0.116074 3.178568 3.138911
v -880.715942 -349.500000 1500.802002
vn 3.140520 3.178555 -0.058046
v -580.049500 -349.500000 1205.641113
vn -0.000000 3.178542 3.141067
v -870.000000 -349.500000 1501.000000
vn 3.140525 3.178554 0.058046
v -580.049500 -349.500000 1216.358887
vn 0.116075 3.178568 3.138916
v -859.284058 -349.500000 1500.802002
vn 3.136241 3.178548 0.174050
v -580.445557 -349.500000 1227.069336
vn 0.231988 3.178541 3.132483
v -848.582764 -349.500000 1500.208008
vn 3.127657 3.178556 0.289819
v -581.237061 -349.500000 1237.757812
vn 0.347563 3.178553 3.121773
v -837.910706 -349.500000 1499.219116
vn 3.114821 3.178549 0.405197
v -582.423035 -349.500000 1248.409790
vn 0.462671 3.178546 3.106799
v -827.282532 -349.500000 1497.836548
vn 3.097711 3.178556 0.520018
v -584.001770 -349.500000 1259.010620
vn 0.577171 3.178568 3.087578
v -816.712646 -349.500000 1496.062256
vn 3.076386 3.178545 0.634125
v -585.971191 -349.500000 1269.545898
vn 0.690865 3.178536 3.064138
v -806.215576 -349.500000 1493.898438
vn 3.050855 3.178555 0.747363
v -588.328491 -349.500000 1280.001221
vn 0.803613 3.178564 3.036528
v -795.805603 -349.500000 1491.348389
vn 3.021152 3.178555 0.859596
v -591.070557 -349.500000 1290.362305
vn 0.915283 3.178554 3.004745
v -785.496948 -349.500000 1488.415283
vn 2.987328 3.178545 0.970639
v -594.193604 -349.500000 1300.614868
vn 1.025674 3.178541 2.968881
v -775.303772 -349.500000 1485.103271
vn 2.949422 3.178557 1.080358
v -597.693359 -349.500000 1310.745239
vn 1.134678 3.178565 2.928948
v -765.239929 -349.500000 1481.416992
vn 2.907485 3.178552 1.188612
v -601.565063 -349.500000 1320.739258
vn 1.242150 3.178550 2.885024
v -755.319153 -349.500000 1477.361206
vn 2.861576 3.178556 1.295239
v -605.803406 -349.500000 1330.583374
vn 1.347883 3.178541 2.837155
v -745.555054 -349.500000 1472.941650
vn 2.811758 3.178554 1.400101
v -610.402649 -349.500000 1340.264160
vn 1.451810 3.178569 2.785416
v -735.960876 -349.500000 1468.164429
vn 2.758102 3.178546 1.503033
v -615.356445 -349.500000 1349.768311
vn 1.553748 3.178540 2.729860
v -726.549805 -349.500000 1463.035767
vn 2.700688 3.178558 1.603926
v -620.658020 -349.500000 1359.083008
vn 1.653548 3.178555 2.670589
v -717.334656 -349.500000 1457.562988
vn 2.639565 3.178549 1.702624
v -626.300232 -349.500000 1368.195435
vn 1.751119 3.178563 2.607652
v -708.328064 -349.500000 1451.753418
vn 2.574857 3.178550 1.798993
v -632.275269 -349.500000 1377.093140
vn 1.846274 3.178541 2.541163
v -699.542297 -349.500000 1445.614868
vn 2.506622 3.178556 1.892911
v -638.575012 -349.500000 1385.764038
vn 1.938897 3.178554 2.471215
v -690.989319 -349.500000 1439.156006
vn 2.434967 3.178546 1.984239
v -645.190857 -349.500000 1394.196167
vn 2.028892 3.178552 2.397887
v -682.680847 -349.500000 1432.385498
vn 2.359976 3.178564 2.072867
v -652.113770 -349.500000 1402.378174
vn 2.116124 3.178564 2.321267
v -674.628235 -349.500000 1425.312622
vn 2.281766 3.178543 2.158660
v -659.334290 -349.500000 1410.298584
vn 2.200460 3.178547 2.241483
v -666.842529 -349.500000 1417.946899
vn 0.116074 -3.178568 3.138916
v -859.284058 670.500000 1500.802002
vn 0.000000 -3.178542 3.141057
v -870.000000 670.500000 1501.000000
vn 0.231988 -3.178541 3.132483
v -848.582764 670.500000 1500.208008
vn 0.347562 -3.178553 3.121773
v -837.910706 670.500000 1499.219116
vn 0.462671 -3.178546 3.106800
v -827.282532 670.500000 1497.836548
vn 0.577170 -3.178568 3.087578
v -816.712646 670.500000 1496.062256
vn 0.690867 -3.178536 3.064148
v -806.215576 670.500000 1493.898438
vn 0.803610 -3.178564 3.036519
v -795.805603 670.500000 1491.348389
vn 0.915286 -3.178554 3.004755
v -785.496948 670.500000 1488.415283
vn 1.025673 -3.178541 2.968877
v -775.303772 670.500000 1485.103271
vn 1.134680 -3.178565 2.928952
v -765.239929 670.500000 1481.416992
vn 1.242146 -3.178550 2.885015
v -755.319153 670.500000 1477.361206
vn 1.347887 -3.178541 2.837164
v -745.555054 670.500000 1472.941650
vn 1.451805 -3.178569 2.785407
v -735.960876 670.500000 1468.164429
vn 1.553748 -3.178540 2.729860
v -726.549805 670.500000 1463.035767
vn 1.653548 -3.178555 2.670589
v -717.334656 670.500000 1457.562988
vn 1.751119 -3.178563 2.607652
v -708.328064 670.500000 1451.753418
vn 1.846277 -3.178541 2.541166
v -699.542297 670.500000 1445.614868
vn 1.938898 -3.178554 2.471216
v -690.989319 670.500000 1439.156006
vn 2.028888 -3.178552 2.397883
v -682.680847 670.500000 1432.385498
vn 2.116124 -3.178564 2.321268
v -674.628235 670.500000 1425.312622
vn 2.200459 -3.178547 2.241483
v -666.842529 670.500000 1417.946899
vn 2.281766 -3.178543 2.158660
v -659.334290 670.500000 1410.298584
vn 2.359976 -3.178564 2.072867
v -652.113770 670.500000 1402.378174
vn 2.434967 -3.178546 1.984239
v -645.190857 670.500000 1394.196167
vn 2.506622 -3.178556 1.892911
v -638.575012 670.500000 1385.764038
vn 2.574857 -3.178550 1.798993
v -632.275269 670.500000 1377.093140
vn 2.639574 -3.178550 1.702630
v -626.300232 670.500000 1368.195435
vn 2.700680 -3.178558 1.603921
v -620.658020 670.500000 1359.083008
vn 2.758111 -3.178546 1.503038
v -615.356445 670.500000 1349.768311
vn 2.811753 -3.178554 1.400098
v -610.402649 670.500000 1340.264160
vn 2.861572 -3.178556 1.295238
v -605.803406 670.500000 1330.583374
vn 2.907485 -3.178552 1.188612
v -601.565063 670.500000 1320.739258
vn 2.949422 -3.178557 1.080359
v -597.693359 670.500000 1310.745239
vn 2.987328 -3.178546 0.970639
v -594.193604 670.500000 1300.614868
vn 3.021152 -3.178555 0.859596
v -591.070557 670.500000 1290.362305
vn 3.050854 -3.178555 0.747363
v -588.328491 670.500000 1280.001221
vn 3.076386 -3.178545 0.634125
v -585.971191 670.500000 1269.545898
vn 3.097721 -3.178556 0.520020
v -584.001770 670.500000 1259.010620
vn 3.114811 -3.178549 0.405196
v -582.423035 670.500000 1248.409790
vn 3.127667 -3.178556 0.289820
v -581.237061 670.500000 1237.757812
vn 3.136230 -3.178548 0.174049
v -580.445557 670.500000 1227.069336
vn 3.140525 -3.178555 0.058046
v -580.049500 670.500000 1216.358887
vn 3.140530 -3.178554 -0.058046
v -580.049500 670.500000 1205.641113
vn 3.136230 -3.178548 -0.174049
v -580.445557 670.500000 1194.930664
vn 3.127667 -3.178556 -0.289820
v -581.237061 670.500000 1184.242188
vn 3.114811 -3.178549 -0.405196
v -582.423035 670.500000 1173.590210
vn 3.097716 -3.178556 -0.520019
v -584.001770 670.500000 1162.989380
vn 3.076386 -3.178545 -0.634125
v -585.971191 670.500000 1152.454102
vn 3.050855 -3.178555 -0.747363
v -588.328491 670.500000 1141.998779
vn 3.021152 -3.178555 -0.859596
v -591.070557 670.500000 1131.637695
vn 2.987333 -3.178546 -0.970640
v -594.193604 670.500000 1121.385132
vn 2.949417 -3.178557 -1.080357
v -597.693359 670.500000 1111.254761
vn 2.907485 -3.178552 -1.188612
v -601.565063 670.500000 1101.260742
vn 2.861576 -3.178556 -1.295239
v -605.803406 670.500000 1091.416626
vn 2.811754 -3.178554 -1.400098
v -610.402649 670.500000 1081.735840
vn 2.758107 -3.178546 -1.503036
v -615.356445 670.500000 1072.231689
vn 2.700684 -3.178559 -1.603924
v -620.658020 670.500000 1062.916992
vn 2.639570 -3.178550 -1.702627
v -626.300232 670.500000 1053.804565
vn 2.574857 -3.178550 -1.798993
v -632.275269 670.500000 1044.906860
vn 2.506622 -3.178556 -1.892910
v -638.575012 670.500000 1036.235962
vn 2.434963 -3.178550 -1.984244
v -645.190857 670.500000 1027.803833
vn 2.359980 -3.178553 -2.072863
v -652.113770 670.500000 1019.621887
vn 2.281774 -3.178551 -2.158651
v -659.334290 670.500000 1011.701355
vn 2.200450 -3.178555 -2.241492
v -666.842529 670.500000 1004.053040
vn 2.116120 -3.178552 -2.321272
v -674.628235 670.500000 996.687439
vn 2.028897 -3.178556 -2.397882
v -682.680847 670.500000 989.614502
vn 1.938903 -3.178549 -2.471211
v -690.989319 670.500000 982.843994
vn 1.846267 -3.178554 -2.541166
v -699.542297 670.500000 976.385071
vn 1.751113 -3.178549 -2.607656
v -708.328064 670.500000 970.246643
vn 1.653554 -3.178560 -2.670585
v -717.334656 670.500000 964.437012
vn 1.553741 -3.178545 -2.729864
v -726.549805 670.500000 958.964233
vn 1.451815 -3.178554 -2.785408
v -735.960876 670.500000 953.835632
vn 1.347892 -3.178555 -2.837156
v -745.555054 670.500000 949.058289
vn 1.242133 -3.178549 -2.885026
v -755.319153 670.500000 944.638794
vn 1.134688 -3.178549 -2.928950
v -765.239929 670.500000 940.583069
vn 1.025680 -3.178557 -2.968874
v -775.303772 670.500000 936.896667
vn 0.915269 -3.178554 -3.004755
v -785.496948 670.500000 933.584717
vn 0.803620 -3.178548 -3.036521
v -795.805603 670.500000 930.651672
vn 0.690866 -3.178559 -3.064143
v -806.215576 670.500000 928.101501
vn 0.577162 -3.178552 -3.087580
v -816.712646 670.500000 925.937805
vn 0.462689 -3.178546 -3.106797
v -827.282532 670.500000 924.163452
vn 0.347571 -3.178559 -3.121772
v -837.910706 670.500000 922.780823
vn 0.231970 -3.178552 -3.132484
v -848.582764 670.500000 921.791931
vn 0.116066 -3.178551 -3.138916
v -859.284058 670.500000 921.198059
vn 0.000000 -3.178553 -3.141061
v -870.000000 670.500000 921.000000
vn -0.116066 -3.178551 -3.138916
v -880.715942 670.500000 921.198059
vn -0.231970 -3.178552 -3.132484
v -891.417236 670.500000 921.791931
vn -0.347571 -3.178559 -3.121772
v -902.089294 670.500000 922.780823
vn -0.462689 -3.178546 -3.106797
v -912.717468 670.500000 924.163452
vn -0.577162 -3.178552 -3.087580
v -923.287354 670.500000 925.937805
vn -0.690866 -3.178559 -3.064143
v -933.784424 670.500000 928.101501
vn -0.803620 -3.178548 -3.036521
v -944.194397 670.500000 930.651672
vn -0.915268 -3.178554 -3.004755
v -954.503052 670.500000 933.584717
vn -1.025682 -3.178557 -2.968879
v -964.696228 670.500000 936.896667
vn -1.134686 -3.178549 -2.928945
v -974.760071 670.500000 940.583069
vn -1.242133 -3.178550 -2.885026
v -984.680847 670.500000 944.638794
vn -1.347892 -3.178556 -2.837156
v -994.444946 670.500000 949.058289
vn -1.451815 -3.178555 -2.785408
v -1004.039124 670.500000 953.835632
vn -1.553741 -3.178545 -2.729864
v -1013.450195 670.500000 958.964233
vn -1.653550 -3.178557 -2.670588
v -1022.665344 670.500000 964.437012
vn -1.751109 -3.178552 -2.607658
v -1031.671997 670.500000 970.246643
vn -1.846270 -3.178554 -2.541171
v -1040.457764 670.500000 976.385071
vn -1.938912 -3.178557 -2.471205
v -1049.010742 670.500000 982.843994
vn -2.028902 -3.178548 -2.397871
v -1057.319092 670.500000 989.614502
vn -2.116115 -3.178548 -2.321276
v -1065.371704 670.500000 996.687439
vn -2.200441 -3.178555 -2.241501
v -1073.157471 670.500000 1004.053040
vn -2.281774 -3.178559 -2.158650
v -1080.665771 670.500000 1011.701355
vn -2.359981 -3.178544 -2.072863
v -1087.886230 670.500000 1019.621887
vn -2.434963 -3.178555 -1.984252
v -1094.809204 670.500000 1027.803833
vn -2.506623 -3.178561 -1.892902
v -1101.425049 670.500000 1036.235962
vn -2.574857 -3.178540 -1.798994
v -1107.724731 670.500000 1044.906860
vn -2.639573 -3.178565 -1.702620
v -1113.699829 670.500000 1053.804565
vn -2.700688 -3.178544 -1.603918
v -1119.341919 670.500000 1062.916992
vn -2.758099 -3.178546 -1.503050
v -1124.643555 670.500000 1072.231689
vn -2.811761 -3.178569 -1.400093
v -1129.597412 670.500000 1081.735840
vn -2.861575 -3.178540 -1.295230
v -1134.196533 670.500000 1091.416626
vn -2.907482 -3.178557 -1.188619
v -1138.434937 670.500000 1101.260742
vn -2.949422 -3.178557 -1.080359
v -1142.306641 670.500000 1111.254761
vn -2.987328 -3.178545 -0.970639
v -1145.806396 670.500000 1121.385132
vn -3.021152 -3.178555 -0.859596
v -1148.929443 670.500000 1131.637695
vn -3.050854 -3.178555 -0.747363
v -1151.671509 670.500000 1141.998779
vn -3.076388 -3.178551 -0.634117
v -1154.028809 670.500000 1152.454102
vn -3.097718 -3.178551 -0.520011
v -1155.998169 670.500000 1162.989380
vn -3.114816 -3.178545 -0.405206
v -1157.576904 670.500000 1173.590210
vn -3.127661 -3.178563 -0.289828
v -1158.762939 670.500000 1184.242188
vn -3.136236 -3.178554 -0.174041
v -1159.554443 670.500000 1194.930664
vn -3.140525 -3.178549 -0.058037
v -1159.950439 670.500000 1205.641113
vn -3.140525 -3.178549 0.058037
v -1159.950439 670.500000 1216.358887
vn -3.136236 -3.178554 0.174040
v -1159.554443 670.500000 1227.069336
vn -3.127661 -3.178563 0.289828
v -1158.762939 670.500000 1237.757812
vn -3.114815 -3.178545 0.405205
v -1157.576904 670.500000 1248.409790
vn -3.097718 -3.178551 0.520010
v -1155.998169 670.500000 1259.010620
vn -3.076388 -3.178551 0.634116
v -1154.028809 670.500000 1269.545898
vn -3.050855 -3.178555 0.747363
v -1151.671509 670.500000 1280.001221
vn -3.021152 -3.178555 0.859596
v -1148.929443 670.500000 1290.362305
vn -2.987328 -3.178545 0.970639
v -1145.806396 670.500000 1300.614868
vn -2.949427 -3.178557 1.080360
v -1142.306641 670.500000 1310.745239
vn -2.907477 -3.178557 1.188617
v -1138.434937 670.500000 1320.739258
vn -2.861580 -3.178540 1.295232
v -1134.196533 670.500000 1330.583374
vn -2.811757 -3.178569 1.400091
v -1129.597412 670.500000 1340.264160
vn -2.758099 -3.178546 1.503049
v -1124.643555 670.500000 1349.768311
vn -2.700688 -3.178544 1.603918
v -1119.341919 670.500000 1359.083008
vn -2.639573 -3.178565 1.702620
v -1113.699829 670.500000 1368.195435
vn -2.574857 -3.178540 1.798994
v -1107.724731 670.500000 1377.093140
vn -2.506627 -3.178560 1.892905
v -1101.425049 670.500000 1385.764038
vn -2.434962 -3.178552 1.984244
v -1094.809204 670.500000 1394.196167
vn -2.359976 -3.178556 2.072867
v -1087.886230 670.500000 1402.378174
vn -2.281766 -3.178552 2.158659
v -1080.665771 670.500000 1410.298584
vn -2.200451 -3.178546 2.241491
v -1073.157471 670.500000 1417.946899
vn -2.116120 -3.178560 2.321271
v -1065.371704 670.500000 1425.312622
vn -2.028901 -3.178545 2.397880
v -1057.319092 670.500000 1432.385498
vn -1.938906 -3.178560 2.471209
v -1049.010742 670.500000 1439.156006
vn -1.846274 -3.178540 2.541162
v -1040.457764 670.500000 1445.614868
vn -1.751115 -3.178566 2.607654
v -1031.671997 670.500000 1451.753418
vn -1.653544 -3.178552 2.670592
v -1022.665344 670.500000 1457.562988
vn -1.553748 -3.178540 2.729860
v -1013.450195 670.500000 1463.035767
vn -1.451807 -3.178569 2.785412
v -1004.039124 670.500000 1468.164429
vn -1.347885 -3.178541 2.837160
v -994.444946 670.500000 1472.941650
vn -1.242148 -3.178549 2.885019
v -984.680847 670.500000 1477.361206
vn -1.134680 -3.178565 2.928953
v -974.760071 670.500000 1481.416992
vn -1.025672 -3.178541 2.968877
v -964.696228 670.500000 1485.103271
vn -0.915285 -3.178554 3.004750
v -954.503052 670.500000 1488.415283
vn -0.803611 -3.178564 3.036523
v -944.194397 670.500000 1491.348389
vn -0.690866 -3.178536 3.064143
v -933.784424 670.500000 1493.898438
vn -0.577170 -3.178568 3.087578
v -923.287354 670.500000 1496.062256
vn -0.462671 -3.178546 3.106800
v -912.717468 670.500000 1497.836548
vn -0.347563 -3.178553 3.121773
v -902.089294 670.500000 1499.219116
vn -0.231988 -3.178541 3.132483
v -891.417236 670.500000 1500.208008
vn -0.116075 -3.178568 3.138921
v -880.715942 670.500000 1500.802002
vn -2.203089 -3.109207 2.239066
v -1136.516113 670.500000 1481.867432
vn -2.274443 -3.109200 2.166547
v -1145.147583 670.500000 1473.095093
vn -2.129437 -3.109211 2.309223
v -1127.605225 670.500000 1490.355591
vn -2.343413 -3.109206 2.091753
v -1153.490479 670.500000 1464.047729
vn -2.053535 -3.109193 2.376975
v -1118.424072 670.500000 1498.550903
vn -2.409911 -3.109213 2.014782
v -1161.535889 670.500000 1454.735107
vn -1.975489 -3.109219 2.442224
v -1108.982300 670.500000 1506.444458
vn -2.473891 -3.109196 1.935686
v -1169.275635 670.500000 1445.166870
vn -1.895376 -3.109195 2.504909
v -1099.289917 670.500000 1514.028320
vn -2.535278 -3.109211 1.854557
v -1176.701416 670.500000 1435.352905
vn -1.813256 -3.109205 2.564979
v -1089.357056 670.500000 1521.294189
vn -2.593998 -3.109203 1.771494
v -1183.805542 670.500000 1425.303711
vn -1.729257 -3.109214 2.622344
v -1079.194092 670.500000 1528.234619
vn -2.650006 -3.109201 1.686560
v -1190.580566 670.500000 1415.029663
vn -1.643435 -3.109197 2.676964
v -1068.811768 670.500000 1534.842407
vn -2.703231 -3.109209 1.599863
v -1197.019287 670.500000 1404.541626
vn -2.753612 -3.109211 1.511502
v -1203.114990 670.500000 1393.850708
vn -1.555872 -3.109201 2.728787
v -1058.220825 670.500000 1541.110474
vn -1.466707 -3.109219 2.777731
v -1047.432495 670.500000 1547.032227
vn -2.801118 -3.109191 1.421531
v -1208.861450 670.500000 1382.967896
vn -1.375993 -3.109195 2.823767
v -1036.458130 670.500000 1552.601685
vn -2.845684 -3.109215 1.330075
v -1214.252319 670.500000 1371.904663
vn -1.283819 -3.109205 2.866849
v -1025.309082 670.500000 1557.812744
vn -2.887258 -3.109200 1.237238
v -1219.282227 670.500000 1360.672729
vn -1.190322 -3.109211 2.906914
v -1013.997192 670.500000 1562.660034
vn -2.925808 -3.109210 1.143095
v -1223.945679 670.500000 1349.283936
vn -1.095572 -3.109203 2.943933
v -1002.534302 670.500000 1567.138550
vn -2.961289 -3.109200 1.047751
v -1228.238037 670.500000 1337.749878
vn -0.999657 -3.109200 2.977869
v -990.932312 670.500000 1571.243530
vn -2.993668 -3.109202 0.951298
v -1232.154541 670.500000 1326.083008
vn -0.902701 -3.109208 3.008679
v -979.203552 670.500000 1574.970581
vn -3.022899 -3.109217 0.853872
v -1235.691162 670.500000 1314.295410
vn -3.048963 -3.109196 0.755541
v -1238.844360 670.500000 1302.399536
vn -0.804806 -3.109206 3.036330
v -967.360229 670.500000 1578.315918
vn -0.706056 -3.109200 3.060801
v -955.414795 670.500000 1581.276001
vn -3.071833 -3.109204 0.656397
v -1241.610596 670.500000 1290.407715
vn -0.606573 -3.109211 3.082059
v -943.379761 670.500000 1583.847656
vn -3.091477 -3.109211 0.556589
v -1243.987061 670.500000 1278.332520
vn -0.506466 -3.109209 3.100082
v -931.267761 670.500000 1586.028320
vn -3.107878 -3.109198 0.456189
v -1245.971313 670.500000 1266.186890
vn -0.405800 -3.109192 3.114858
v -919.091492 670.500000 1587.815674
vn -3.121022 -3.109207 0.355303
v -1247.561157 670.500000 1253.983276
vn -0.304728 -3.109221 3.126365
v -906.863770 670.500000 1589.207642
vn -3.130890 -3.109208 0.254059
v -1248.755005 670.500000 1241.734619
vn -0.203328 -3.109187 3.134593
v -894.597351 670.500000 1590.203125
vn -3.137475 -3.109208 0.152550
v -1249.551636 670.500000 1229.453613
vn -0.101711 -3.109218 3.139534
v -882.305115 670.500000 1590.800659
vn -3.140769 -3.109201 0.050871
v -1249.950195 670.500000 1217.153320
vn -3.140769 -3.109202 -0.050871
v -1249.950195 670.500000 1204.846680
vn 0.101711 -3.109218 3.139534
v -857.694885 670.500000 1590.800659
vn 0.000000 -3.109196 3.141181
v -870.000000 670.500000 1591.000000
vn -3.137475 -3.109208 -0.152550
v -1249.551636 670.500000 1192.546387
vn 0.203328 -3.109187 3.134593
v -845.402649 670.500000 1590.203125
vn -3.130890 -3.109208 -0.254059
v -1248.755005 670.500000 1180.265381
vn 0.304728 -3.109221 3.126365
v -833.136230 670.500000 1589.207642
vn -3.121022 -3.109207 -0.355303
v -1247.561157 670.500000 1168.016724
vn 0.405800 -3.109192 3.114858
v -820.908508 670.500000 1587.815674
vn -3.107878 -3.109198 -0.456189
v -1245.971313 670.500000 1155.813110
vn 0.506466 -3.109208 3.100082
v -808.732239 670.500000 1586.028320
vn -3.091476 -3.109211 -0.556589
v -1243.987061 670.500000 1143.667480
vn 0.606573 -3.109212 3.082059
v -796.620239 670.500000 1583.847656
vn -3.071833 -3.109204 -0.656397
v -1241.610596 670.500000 1131.592285
vn 0.706056 -3.109200 3.060800
v -784.585205 670.500000 1581.276001
vn -3.048963 -3.109196 -0.755541
v -1238.844360 670.500000 1119.600464
vn 0.804806 -3.109206 3.036330
v -772.639771 670.500000 1578.315918
vn 0.902701 -3.109208 3.008679
v -760.796448 670.500000 1574.970581
vn -3.022899 -3.109217 -0.853872
v -1235.691162 670.500000 1107.704590
vn -2.993668 -3.109202 -0.951298
v -1232.154541 670.500000 1095.916992
vn 0.999657 -3.109200 2.977869
v -749.067688 670.500000 1571.243530
vn -2.961289 -3.109200 -1.047751
v -1228.238037 670.500000 1084.250122
vn 1.095572 -3.109203 2.943933
v -737.465698 670.500000 1567.138550
vn -2.925808 -3.109210 -1.143095
v -1223.945679 670.500000 1072.716064
vn 1.190319 -3.109213 2.906916
v -726.002808 670.500000 1562.660034
vn -2.887258 -3.109200 -1.237238
v -1219.282227 670.500000 1061.327271
vn 1.283819 -3.109202 2.866849
v -714.690857 670.500000 1557.812744
vn -2.845684 -3.109215 -1.330075
v -1214.252319 670.500000 1050.095337
vn 1.375993 -3.109199 2.823767
v -703.541870 670.500000 1552.601685
vn -2.801118 -3.109191 -1.421531
v -1208.861450 670.500000 1039.032104
vn 1.466707 -3.109214 2.777731
v -692.567444 670.500000 1547.032227
vn -2.753614 -3.109214 -1.511498
v -1203.114990 670.500000 1028.149292
vn 1.555879 -3.109201 2.728783
v -681.779175 670.500000 1541.110474
vn 1.643435 -3.109203 2.676965
v -671.188293 670.500000 1534.842407
vn -2.703230 -3.109203 -1.599863
v -1197.019287 670.500000 1017.458313
vn -2.650002 -3.109201 -1.686567
v -1190.580566 670.500000 1006.970337
vn 1.729254 -3.109211 2.622346
v -660.805908 670.500000 1528.234619
vn -2.593998 -3.109210 -1.771493
v -1183.805542 670.500000 996.696350
vn 1.813256 -3.109205 2.564980
v -650.642944 670.500000 1521.294189
vn -2.535278 -3.109205 -1.854557
v -1176.701416 670.500000 986.647095
vn 1.895376 -3.109195 2.504908
v -640.710083 670.500000 1514.028320
vn -2.473891 -3.109201 -1.935686
v -1169.275635 670.500000 976.833191
vn 1.975494 -3.109217 2.442221
v -631.017700 670.500000 1506.444458
vn -2.409917 -3.109213 -2.014775
v -1161.535889 670.500000 967.264893
vn 2.053539 -3.109196 2.376971
v -621.575989 670.500000 1498.550903
vn -2.343409 -3.109195 -2.091757
v -1153.490479 670.500000 957.952209
vn 2.129430 -3.109217 2.309231
v -612.394836 670.500000 1490.355591
vn -2.274435 -3.109206 -2.166555
v -1145.147583 670.500000 948.904968
vn 2.203085 -3.109197 2.239069
v -603.483826 670.500000 1481.867432
vn -2.203097 -3.109214 -2.239058
v -1136.516113 670.500000 940.132629
vn 2.274450 -3.109199 2.166539
v -594.852417 670.500000 1473.095093
vn -2.129437 -3.109196 -2.309224
v -1127.605225 670.500000 931.644348
vn 2.343413 -3.109211 2.091753
v -586.509583 670.500000 1464.047729
vn -2.053536 -3.109207 -2.376975
v -1118.424072 670.500000 923.449158
vn 2.409907 -3.109209 2.014787
v -578.464111 670.500000 1454.735107
vn -1.975489 -3.109205 -2.442224
v -1108.982300 670.500000 915.555481
vn 2.473891 -3.109195 1.935686
v -570.724365 670.500000 1445.166870
vn -1.895371 -3.109208 -2.504912
v -1099.289917 670.500000 907.971741
vn 2.535278 -3.109212 1.854557
v -563.298584 670.500000 1435.352905
vn -1.813266 -3.109205 -2.564972
v -1089.357056 670.500000 900.705811
vn 2.593998 -3.109203 1.771494
v -556.194458 670.500000 1425.303711
vn -1.729257 -3.109205 -2.622344
v -1079.194092 670.500000 893.765320
vn 2.650006 -3.109202 1.686560
v -549.419434 670.500000 1415.029663
vn -1.643429 -3.109201 -2.676967
v -1068.811768 670.500000 887.157593
vn 2.703227 -3.109213 1.599869
v -542.980713 670.500000 1404.541626
vn -1.555878 -3.109206 -2.728784
v -1058.220825 670.500000 880.889526
vn 2.753615 -3.109199 1.511496
v -536.884949 670.500000 1393.850708
vn -1.466707 -3.109210 -2.777731
v -1047.432495 670.500000 874.967712
vn 2.801122 -3.109204 1.421525
v -531.138611 670.500000 1382.967896
vn -1.375987 -3.109199 -2.823769
v -1036.458130 670.500000 869.398315
vn 2.845681 -3.109212 1.330081
v -525.747681 670.500000 1371.904663
vn -1.283825 -3.109210 -2.866847
v -1025.309082 670.500000 864.187256
vn 2.887255 -3.109205 1.237245
v -520.717773 670.500000 1360.672729
vn -1.190322 -3.109202 -2.906914
v -1013.997192 670.500000 859.339905
vn 2.925810 -3.109195 1.143088
v -516.054260 670.500000 1349.283936
vn -1.095558 -3.109202 -2.943938
v -1002.534302 670.500000 854.861450
vn 2.961293 -3.109212 1.047741
v -511.762024 670.500000 1337.749878
vn -0.999657 -3.109209 -2.977869
v -990.932312 670.500000 850.756531
vn 2.993665 -3.109205 0.951308
v -507.845490 670.500000 1326.083008
vn -0.902708 -3.109204 -3.008676
v -979.203552 670.500000 847.029419
vn 3.022899 -3.109208 0.853872
v -504.308807 670.500000 1314.295410
vn -0.804806 -3.109206 -3.036331
v -967.360229 670.500000 843.684082
vn 3.048965 -3.109200 0.755534
v -501.155670 670.500000 1302.399536
vn -0.706063 -3.109206 -3.060799
v -955.414795 670.500000 840.723999
vn 3.071832 -3.109206 0.656401
v -498.389435 670.500000 1290.407715
vn -0.606573 -3.109201 -3.082059
v -943.379761 670.500000 838.152283
vn 3.091476 -3.109207 0.556589
v -496.012939 670.500000 1278.332520
vn -0.506451 -3.109209 -3.100085
v -931.267761 670.500000 835.971680
vn 3.107878 -3.109205 0.456193
v -494.028717 670.500000 1266.186890
vn -0.405807 -3.109207 -3.114858
v -919.091492 670.500000 834.184387
vn 3.121021 -3.109200 0.355310
v -492.438812 670.500000 1253.983276
vn -0.304728 -3.109201 -3.126365
v -906.863770 670.500000 832.792297
vn 3.130890 -3.109208 0.254059
v -491.244965 670.500000 1241.734619
vn -0.203328 -3.109207 -3.134593
v -894.597351 670.500000 831.796936
vn 3.137475 -3.109203 0.152542
v -490.448334 670.500000 1229.453613
vn -0.101719 -3.109203 -3.139534
v -882.305115 670.500000 831.199280
vn 3.140769 -3.109207 0.050863
v -490.049835 670.500000 1217.153320
vn 0.000000 -3.109206 -3.141180
v -870.000000 670.500000 831.000000
vn 3.140769 -3.109207 -0.050863
v -490.049835 670.500000 1204.846680
vn 0.101719 -3.109203 -3.139534
v -857.694885 670.500000 831.199280
vn 3.137475 -3.109203 -0.152542
v -490.448334 670.500000 1192.546387
vn 0.203328 -3.109207 -3.134593
v -845.402649 670.500000 831.796936
vn 3.130890 -3.109208 -0.254059
v -491.244965 670.500000 1180.265381
vn 0.304728 -3.109201 -3.126365
v -833.136230 670.500000 832.792297
vn 3.121021 -3.109200 -0.355310
v -492.438812 670.500000 1168.016724
vn 0.405807 -3.109207 -3.114858
v -820.908508 670.500000 834.184387
vn 3.107877 -3.109205 -0.456193
v -494.028717 670.500000 1155.813110
vn 0.506451 -3.109209 -3.100085
v -808.732239 670.500000 835.971680
vn 3.091476 -3.109207 -0.556589
v -496.012939 670.500000 1143.667480
vn 0.606573 -3.109201 -3.082059
v -796.620239 670.500000 838.152283
vn 3.071833 -3.109206 -0.656401
v -498.389435 670.500000 1131.592285
vn 0.706063 -3.109206 -3.060799
v -784.585205 670.500000 840.723999
vn 3.048964 -3.109200 -0.755534
v -501.155670 670.500000 1119.600464
vn 0.804806 -3.109206 -3.036330
v -772.639771 670.500000 843.684082
vn 3.022899 -3.109208 -0.853872
v -504.308807 670.500000 1107.704590
vn 0.902708 -3.109204 -3.008676
v -760.796448 670.500000 847.029419
vn 2.993665 -3.109205 -0.951308
v -507.845490 670.500000 1095.916992
vn 0.999657 -3.109209 -2.977869
v -749.067688 670.500000 850.756531
vn 2.961293 -3.109212 -1.047741
v -511.762024 670.500000 1084.250122
vn 1.095558 -3.109202 -2.943938
v -737.465698 670.500000 854.861450
vn 2.925811 -3.109195 -1.143088
v -516.054260 670.500000 1072.716064
vn 1.190319 -3.109204 -2.906916
v -726.002808 670.500000 859.339905
vn 2.887255 -3.109205 -1.237245
v -520.717773 670.500000 1061.327271
vn 1.283826 -3.109207 -2.866847
v -714.690857 670.500000 864.187256
vn 2.845681 -3.109212 -1.330081
v -525.747681 670.500000 1050.095337
vn 1.375987 -3.109203 -2.823770
v -703.541870 670.500000 869.398315
vn 2.801122 -3.109204 -1.421525
v -531.138611 670.500000 1039.032104
vn 1.466707 -3.109205 -2.777731
v -692.567444 670.500000 874.967712
vn 2.753617 -3.109201 -1.511492
v -536.884949 670.500000 1028.149292
vn 1.555885 -3.109205 -2.728780
v -681.779175 670.500000 880.889526
vn 2.703227 -3.109208 -1.599869
v -542.980713 670.500000 1017.458313
vn 1.643430 -3.109208 -2.676968
v -671.188293 670.500000 887.157593
vn 2.650001 -3.109202 -1.686567
v -549.419434 670.500000 1006.970337
vn 1.729253 -3.109203 -2.622346
v -660.805908 670.500000 893.765320
vn 2.593998 -3.109210 -1.771494
v -556.194458 670.500000 996.696350
vn 1.813266 -3.109204 -2.564972
v -650.642944 670.500000 900.705811
vn 2.535278 -3.109206 -1.854557
v -563.298584 670.500000 986.647095
vn 1.895371 -3.109207 -2.504912
v -640.710083 670.500000 907.971741
vn 2.473891 -3.109200 -1.935686
v -570.724365 670.500000 976.833191
vn 1.975493 -3.109202 -2.442221
v -631.017700 670.500000 915.555481
vn 2.409913 -3.109210 -2.014779
v -578.464111 670.500000 967.264893
vn 2.053539 -3.109210 -2.376972
v -621.575989 670.500000 923.449158
vn 2.343409 -3.109202 -2.091757
v -586.509583 670.500000 957.952209
vn 2.129429 -3.109203 -2.309231
v -612.394836 670.500000 931.644348
vn 2.274443 -3.109206 -2.166547
v -594.852417 670.500000 948.904968
vn 2.203093 -3.109204 -2.239061
v -603.483826 670.500000 940.132629
vn 0.101711 3.109219 3.139534
v -857.694885 715.500000 1590.800659
vn 0.000000 3.109195 3.141181
v -870.000000 715.500000 1591.000000
vn 0.203328 3.109187 3.134593
v -845.402649 715.500000 1590.203125
vn 0.304728 3.109221 3.126365
v -833.136230 715.500000 1589.207642
vn 0.405800 3.109201 3.114858
v -820.908508 715.500000 1587.815674
vn 0.506466 3.109216 3.100082
v -808.732239 715.500000 1586.028320
vn 0.606573 3.109213 3.082059
v -796.620239 715.500000 1583.847656
vn 0.706056 3.109197 3.060801
v -784.585205 715.500000 1581.276001
vn 0.804806 3.109209 3.036330
v -772.639771 715.500000 1578.315918
vn 0.902701 3.109206 3.008678
v -760.796448 715.500000 1574.970581
vn 0.999657 3.109186 2.977869
v -749.067688 715.500000 1571.243530
vn 1.095572 3.109204 2.943933
v -737.465698 715.500000 1567.138550
vn 1.190319 3.109211 2.906916
v -726.002808 715.500000 1562.660034
vn 1.283819 3.109203 2.866849
v -714.690857 715.500000 1557.812744
vn 1.375993 3.109197 2.823767
v -703.541870 715.500000 1552.601685
vn 1.466707 3.109215 2.777731
v -692.567444 715.500000 1547.032227
vn 1.555879 3.109207 2.728783
v -681.779175 715.500000 1541.110474
vn 1.643435 3.109202 2.676964
v -671.188293 715.500000 1534.842407
vn 1.729254 3.109211 2.622346
v -660.805908 715.500000 1528.234619
vn 1.813256 3.109203 2.564980
v -650.642944 715.500000 1521.294189
vn 1.895376 3.109195 2.504909
v -640.710083 715.500000 1514.028320
vn 1.975494 3.109217 2.442221
v -631.017700 715.500000 1506.444458
vn 2.053539 3.109178 2.376971
v -621.575989 715.500000 1498.550903
vn 2.129430 3.109221 2.309231
v -612.394836 715.500000 1490.355591
vn 2.203085 3.109202 2.239069
v -603.483826 715.500000 1481.867432
vn 2.274450 3.109199 2.166539
v -594.852417 715.500000 1473.095093
vn 2.343413 3.109216 2.091753
v -586.509583 715.500000 1464.047729
vn 2.409907 3.109211 2.014787
v -578.464111 715.500000 1454.735107
vn 2.473891 3.109195 1.935686
v -570.724365 715.500000 1445.166870
vn 2.535278 3.109212 1.854557
v -563.298584 715.500000 1435.352905
vn 2.593998 3.109205 1.771494
v -556.194458 715.500000 1425.303711
vn 2.650006 3.109199 1.686560
v -549.419434 715.500000 1415.029663
vn 2.703227 3.109213 1.599869
v -542.980713 715.500000 1404.541626
vn 2.753615 3.109188 1.511495
v -536.884949 715.500000 1393.850708
vn 2.801122 3.109204 1.421525
v -531.138611 715.500000 1382.967896
vn 2.845681 3.109211 1.330081
v -525.747681 715.500000 1371.904663
vn 2.887255 3.109206 1.237245
v -520.717773 715.500000 1360.672729
vn 2.925811 3.109195 1.143088
v -516.054260 715.500000 1349.283936
vn 2.961293 3.109209 1.047741
v -511.762024 715.500000 1337.749878
vn 2.993665 3.109202 0.951308
v -507.845490 715.500000 1326.083008
vn 3.022899 3.109208 0.853872
v -504.308807 715.500000 1314.295410
vn 3.048964 3.109213 0.755534
v -501.155670 715.500000 1302.399536
vn 3.071833 3.109206 0.656401
v -498.389435 715.500000 1290.407715
vn 3.091476 3.109211 0.556589
v -496.012939 715.500000 1278.332520
vn 3.107878 3.109197 0.456193
v -494.028717 715.500000 1266.186890
vn 3.121021 3.109200 0.355310
v -492.438812 715.500000 1253.983276
vn 3.130890 3.109201 0.254059
v -491.244965 715.500000 1241.734619
vn 3.137475 3.109200 0.152542
v -490.448334 715.500000 1229.453613
vn 3.140769 3.109205 0.050863
v -490.049835 715.500000 1217.153320
vn 3.140769 3.109203 -0.050863
v -490.049835 715.500000 1204.846680
vn 3.137475 3.109200 -0.152542
v -490.448334 715.500000 1192.546387
vn 3.130890 3.109204 -0.254059
v -491.244965 715.500000 1180.265381
vn 3.121021 3.109199 -0.355310
v -492.438812 715.500000 1168.016724
vn 3.107878 3.109198 -0.456193
v -494.028717 715.500000 1155.813110
vn 3.091476 3.109214 -0.556589
v -496.012939 715.500000 1143.667480
vn 3.071832 3.109206 -0.656401
v -498.389435 715.500000 1131.592285
vn 3.048965 3.109203 -0.755534
v -501.155670 715.500000 1119.600464
vn 3.022899 3.109204 -0.853872
v -504.308807 715.500000 1107.704590
vn 2.993665 3.109199 -0.951308
v -507.845490 715.500000 1095.916992
vn 2.961293 3.109202 -1.047741
v -511.762024 715.500000 1084.250122
vn 2.925810 3.109197 -1.143088
v -516.054260 715.500000 1072.716064
vn 2.887255 3.109206 -1.237245
v -520.717773 715.500000 1061.327271
vn 2.845681 3.109215 -1.330081
v -525.747681 715.500000 1050.095337
vn 2.801122 3.109202 -1.421525
v -531.138611 715.500000 1039.032104
vn 2.753617 3.109200 -1.511492
v -536.884949 715.500000 1028.149292
vn 2.703227 3.109208 -1.599869
v -542.980713 715.500000 1017.458313
vn 2.650002 3.109198 -1.686567
v -549.419434 715.500000 1006.970337
vn 2.593998 3.109210 -1.771493
v -556.194458 715.500000 996.696350
vn 2.535278 3.109203 -1.854557
v -563.298584 715.500000 986.647095
vn 2.473891 3.109202 -1.935686
v -570.724365 715.500000 976.833191
vn 2.409913 3.109205 -2.014779
v -578.464111 715.500000 967.264893
vn 2.343409 3.109200 -2.091757
v -586.509583 715.500000 957.952209
vn 2.274443 3.109226 -2.166547
v -594.852417 715.500000 948.904968
vn 2.203094 3.109202 -2.239061
v -603.483826 715.500000 940.132629
vn 2.129429 3.109209 -2.309231
v -612.394836 715.500000 931.644348
vn 2.053540 3.109214 -2.376972
v -621.575989 715.500000 923.449158
vn 1.975493 3.109200 -2.442221
v -631.017700 715.500000 915.555481
vn 1.895371 3.109205 -2.504912
v -640.710083 715.500000 907.971741
vn 1.813266 3.109206 -2.564972
v -650.642944 715.500000 900.705811
vn 1.729253 3.109202 -2.622346
v -660.805908 715.500000 893.765320
vn 1.643429 3.109206 -2.676968
v -671.188293 715.500000 887.157593
vn 1.555885 3.109216 -2.728780
v -681.779175 715.500000 880.889526
vn 1.466707 3.109202 -2.777731
v -692.567444 715.500000 874.967712
vn 1.375987 3.109204 -2.823770
v -703.541870 715.500000 869.398315
vn 1.283825 3.109204 -2.866847
v -714.690857 715.500000 864.187256
vn 1.190319 3.109206 -2.906916
v -726.002808 715.500000 859.339905
vn 1.095558 3.109201 -2.943938
v -737.465698 715.500000 854.861450
vn 0.999657 3.109210 -2.977869
v -749.067688 715.500000 850.756531
vn 0.902708 3.109205 -3.008677
v -760.796448 715.500000 847.029419
vn 0.804806 3.109204 -3.036330
v -772.639771 715.500000 843.684082
vn 0.706063 3.109204 -3.060799
v -784.585205 715.500000 840.723999
vn 0.606573 3.109205 -3.082059
v -796.620239 715.500000 838.152283
vn 0.506451 3.109206 -3.100085
v -808.732239 715.500000 835.971680
vn 0.405807 3.109214 -3.114858
v -820.908508 715.500000 834.184387
vn 0.304728 3.109200 -3.126365
v -833.136230 715.500000 832.792297
vn 0.203328 3.109221 -3.134593
v -845.402649 715.500000 831.796936
vn 0.101718 3.109204 -3.139533
v -857.694885 715.500000 831.199280
vn 0.000000 3.109209 -3.141181
v -870.000000 715.500000 831.000000
vn -0.101718 3.109209 -3.139533
v -882.305115 715.500000 831.199280
vn -0.203328 3.109209 -3.134593
v -894.597351 715.500000 831.796936
vn -0.304728 3.109207 -3.126365
v -906.863770 715.500000 832.792297
vn -0.405807 3.109210 -3.114858
v -919.091492 715.500000 834.184387
vn -0.506451 3.109211 -3.100085
v -931.267761 715.500000 835.971680
vn -0.606573 3.109207 -3.082059
v -943.379761 715.500000 838.152283
vn -0.706063 3.109206 -3.060799
v -955.414795 715.500000 840.723999
vn -0.804806 3.109210 -3.036330
v -967.360229 715.500000 843.684082
vn -0.902708 3.109199 -3.008677
v -979.203552 715.500000 847.029419
vn -0.999657 3.109210 -2.977869
v -990.932312 715.500000 850.756531
vn -1.095558 3.109195 -2.943938
v -1002.534302 715.500000 854.861450
vn -1.190322 3.109207 -2.906914
v -1013.997192 715.500000 859.339905
vn -1.283825 3.109211 -2.866846
v -1025.309082 715.500000 864.187256
vn -1.375987 3.109198 -2.823770
v -1036.458130 715.500000 869.398315
vn -1.466707 3.109206 -2.777731
v -1047.432495 715.500000 874.967712
vn -1.555878 3.109204 -2.728784
v -1058.220825 715.500000 880.889526
vn -1.643430 3.109205 -2.676968
v -1068.811768 715.500000 887.157593
vn -1.729257 3.109195 -2.622344
v -1079.194092 715.500000 893.765320
vn -1.813266 3.109206 -2.564972
v -1089.357056 715.500000 900.705811
vn -1.895371 3.109203 -2.504912
v -1099.289917 715.500000 907.971741
vn -1.975489 3.109204 -2.442224
v -1108.982300 715.500000 915.555481
vn -2.053536 3.109208 -2.376975
v -1118.424072 715.500000 923.449158
vn -2.129437 3.109200 -2.309224
v -1127.605225 715.500000 931.644348
vn -2.203097 3.109216 -2.239058
v -1136.516113 715.500000 940.132629
vn -2.274436 3.109207 -2.166555
v -1145.147583 715.500000 948.904968
vn -2.343409 3.109199 -2.091757
v -1153.490479 715.500000 957.952209
vn -2.409917 3.109224 -2.014774
v -1161.535889 715.500000 967.264893
vn -2.473891 3.109204 -1.935686
v -1169.275635 715.500000 976.833191
vn -2.535278 3.109209 -1.854557
v -1176.701416 715.500000 986.647095
vn -2.593998 3.109210 -1.771494
v -1183.805542 715.500000 996.696350
vn -2.650001 3.109199 -1.686567
v -1190.580566 715.500000 1006.970337
vn -2.703230 3.109201 -1.599863
v -1197.019287 715.500000 1017.458313
vn -2.753614 3.109215 -1.511498
v -1203.114990 715.500000 1028.149292
vn -2.801118 3.109191 -1.421531
v -1208.861450 715.500000 1039.032104
vn -2.845684 3.109218 -1.330075
v -1214.252319 715.500000 1050.095337
vn -2.887258 3.109202 -1.237238
v -1219.282227 715.500000 1061.327271
vn -2.925808 3.109224 -1.143095
v -1223.945679 715.500000 1072.716064
vn -2.961289 3.109205 -1.047751
v -1228.238037 715.500000 1084.250122
vn -2.993668 3.109206 -0.951298
v -1232.154541 715.500000 1095.916992
vn -3.022900 3.109213 -0.853872
v -1235.691162 715.500000 1107.704590
vn -3.048962 3.109201 -0.755541
v -1238.844360 715.500000 1119.600464
vn -3.071833 3.109207 -0.656397
v -1241.610596 715.500000 1131.592285
vn -3.091476 3.109214 -0.556589
v -1243.987061 715.500000 1143.667480
vn -3.107878 3.109199 -0.456189
v -1245.971313 715.500000 1155.813110
vn -3.121022 3.109207 -0.355303
v -1247.561157 715.500000 1168.016724
vn -3.130890 3.109208 -0.254059
v -1248.755005 715.500000 1180.265381
vn -3.137475 3.109207 -0.152550
v -1249.551636 715.500000 1192.546387
vn -3.140769 3.109201 -0.050871
v -1249.950195 715.500000 1204.846680
vn -3.140769 3.109202 0.050871
v -1249.950195 715.500000 1217.153320
vn -3.137475 3.109204 0.152550
v -1249.551636 715.500000 1229.453613
vn -3.130890 3.109208 0.254059
v -1248.755005 715.500000 1241.734619
vn -3.121022 3.109206 0.355303
v -1247.561157 715.500000 1253.983276
vn -3.107878 3.109201 0.456189
v -1245.971313 715.500000 1266.186890
vn -3.091476 3.109216 0.556589
v -1243.987061 715.500000 1278.332520
vn -3.071833 3.109202 0.656397
v -1241.610596 715.500000 1290.407715
vn -3.048962 3.109210 0.755541
v -1238.844360 715.500000 1302.399536
vn -3.022900 3.109217 0.853872
v -1235.691162 715.500000 1314.295410
vn -2.993668 3.109204 0.951298
v -1232.154541 715.500000 1326.083008
vn -2.961289 3.109200 1.047751
v -1228.238037 715.500000 1337.749878
vn -2.925808 3.109210 1.143095
v -1223.945679 715.500000 1349.283936
vn -2.887258 3.109200 1.237238
v -1219.282227 715.500000 1360.672729
vn -2.845684 3.109215 1.330075
v -1214.252319 715.500000 1371.904663
vn -2.801118 3.109192 1.421531
v -1208.861450 715.500000 1382.967896
vn -2.753612 3.109214 1.511502
v -1203.114990 715.500000 1393.850708
vn -2.703230 3.109208 1.599863
v -1197.019287 715.500000 1404.541626
vn -2.650006 3.109204 1.686560
v -1190.580566 715.500000 1415.029663
vn -2.593998 3.109185 1.771494
v -1183.805542 715.500000 1425.303711
vn -2.535278 3.109213 1.854557
v -1176.701416 715.500000 1435.352905
vn -2.473891 3.109192 1.935686
v -1169.275635 715.500000 1445.166870
vn -2.409911 3.109214 2.014782
v -1161.535889 715.500000 1454.735107
vn -2.343413 3.109205 2.091753
v -1153.490479 715.500000 1464.047729
vn -2.274443 3.109197 2.166547
v -1145.147583 715.500000 1473.095093
vn -2.203089 3.109208 2.239066
v -1136.516113 715.500000 1481.867432
vn -2.129438 3.109213 2.309224
v -1127.605225 715.500000 1490.355591
vn -2.053535 3.109171 2.376974
v -1118.424072 715.500000 1498.550903
vn -1.975490 3.109221 2.442225
v -1108.982300 715.500000 1506.444458
vn -1.895376 3.109193 2.504908
v -1099.289917 715.500000 1514.028320
vn -1.813256 3.109204 2.564980
v -1089.357056 715.500000 1521.294189
vn -1.729257 3.109214 2.622344
v -1079.194092 715.500000 1528.234619
vn -1.643435 3.109195 2.676964
v -1068.811768 715.500000 1534.842407
vn -1.555872 3.109212 2.728787
v -1058.220825 715.500000 1541.110474
vn -1.466707 3.109221 2.777731
v -1047.432495 715.500000 1547.032227
vn -1.375993 3.109185 2.823766
v -1036.458130 715.500000 1552.601685
vn -1.283819 3.109206 2.866849
v -1025.309082 715.500000 1557.812744
vn -1.190322 3.109211 2.906915
v -1013.997192 715.500000 1562.660034
vn -1.095572 3.109204 2.943933
v -1002.534302 715.500000 1567.138550
vn -0.999657 3.109195 2.977869
v -990.932312 715.500000 1571.243530
vn -0.902701 3.109210 3.008678
v -979.203552 715.500000 1574.970581
vn -0.804806 3.109204 3.036331
v -967.360229 715.500000 1578.315918
vn -0.706056 3.109188 3.060801
v -955.414795 715.500000 1581.276001
vn -0.606573 3.109213 3.082059
v -943.379761 715.500000 1583.847656
vn -0.506466 3.109206 3.100082
v -931.267761 715.500000 1586.028320
vn -0.405800 3.109187 3.114858
v -919.091492 715.500000 1587.815674
vn -0.304728 3.109215 3.126365
v -906.863770 715.500000 1589.207642
vn -0.203328 3.109188 3.134593
v -894.597351 715.500000 1590.203125
vn -0.101711 3.109222 3.139534
v -882.305115 715.500000 1590.800659
vn -1.975497 -3.109212 2.442218
v -3058.982422 137.199997 1506.444458
vn -2.129437 -3.109201 2.309223
v -3077.605225 137.199997 1490.355591
vn -2.203082 -3.109217 2.239074
v -3086.516113 137.199997 1481.867432
vn -2.053542 -3.109199 2.376968
v -3068.424072 137.199997 1498.550903
vn -2.473891 -3.109198 1.935686
v -3119.275635 137.199997 1445.166870
vn -2.343421 -3.109209 2.091745
v -3103.490479 137.199997 1464.047729
vn -2.409911 -3.109215 2.014782
v -3111.535889 137.199997 1454.735107
vn -2.274443 -3.109183 2.166546
v -3095.147705 137.199997 1473.095093
vn -1.895361 -3.109182 2.504919
v -3049.290039 137.199997 1514.028320
vn -2.593998 -3.109187 1.771493
v -3133.805664 137.199997 1425.303711
vn -2.535271 -3.109221 1.854567
v -3126.701416 137.199997 1435.352905
vn -1.729264 -3.109205 2.622339
v -3029.194092 137.199997 1528.234619
vn -1.813248 -3.109223 2.564986
v -3039.356934 137.199997 1521.294189
vn -2.753619 -3.109199 1.511490
v -3153.114990 137.199997 1393.850708
vn -2.650013 -3.109211 1.686549
v -3140.580566 137.199997 1415.029663
vn -2.703231 -3.109208 1.599863
v -3147.019287 137.199997 1404.541626
vn -1.375987 -3.109224 2.823770
v -2986.458008 137.199997 1552.601685
vn -1.643442 -3.109204 2.676960
v -3018.811768 137.199997 1534.842407
vn -1.555879 -3.109199 2.728783
v -3008.220947 137.199997 1541.110474
vn -1.466694 -3.109208 2.777737
v -2997.432617 137.199997 1547.032227
vn -2.845678 -3.109190 1.330087
v -3164.252441 137.199997 1371.904663
vn -2.801113 -3.109217 1.421544
v -3158.861328 137.199997 1382.967896
vn -1.190317 -3.109204 2.906916
v -2963.997314 137.199997 1562.660034
vn -1.283830 -3.109206 2.866844
v -2975.309082 137.199997 1557.812744
vn -2.925807 -3.109188 1.143095
v -3173.945801 137.199997 1349.283936
vn -2.887259 -3.109221 1.237238
v -3169.282227 137.199997 1360.672729
vn -0.999665 -3.109194 2.977866
v -2940.932373 137.199997 1571.243530
vn -1.095569 -3.109215 2.943934
v -2952.534180 137.199997 1567.138550
vn -2.993668 -3.109199 0.951298
v -3182.154541 137.199997 1326.083008
vn -2.961294 -3.109211 1.047738
v -3178.238037 137.199997 1337.749878
vn -0.706056 -3.109201 3.060801
v -2905.414795 137.199997 1581.276001
vn -0.902695 -3.109205 3.008681
v -2929.203613 137.199997 1574.970581
vn -0.804804 -3.109213 3.036332
v -2917.360107 137.199997 1578.315918
vn -3.107877 -3.109234 0.456205
v -3195.971191 137.199997 1266.186890
vn -3.071830 -3.109198 0.656412
v -3191.610596 137.199997 1290.407715
vn -3.091479 -3.109200 0.556574
v -3193.987061 137.199997 1278.332520
vn -3.048963 -3.109214 0.755541
v -3188.844238 137.199997 1302.399536
vn -3.022903 -3.109202 0.853857
v -3185.691162 137.199997 1314.295410
vn -0.405799 -3.109196 3.114858
v -2869.091553 137.199997 1587.815674
vn -0.606573 -3.109215 3.082059
v -2893.379639 137.199997 1583.847656
vn -0.506470 -3.109210 3.100081
v -2881.267822 137.199997 1586.028320
vn -3.121018 -3.109183 0.355333
v -3197.561279 137.199997 1253.983276
vn -3.137475 -3.109197 0.152534
v -3199.551758 137.199997 1229.453613
vn -3.130890 -3.109208 0.254059
v -3198.755127 137.199997 1241.734619
vn -0.101711 -3.109224 3.139534
v -2832.305176 137.199997 1590.800659
vn -0.304728 -3.109226 3.126365
v -2856.863770 137.199997 1589.207642
vn -0.203329 -3.109186 3.134593
v -2844.597412 137.199997 1590.203125
vn -3.140769 -3.109207 -0.050855
v -3199.950195 137.199997 1204.846680
vn -3.140769 -3.109211 0.050855
v -3199.950195 137.199997 1217.153320
vn 0.101711 -3.109225 3.139534
v -2807.694824 137.199997 1590.800659
vn 0.000000 -3.109195 3.141181
v -2820.000000 137.199997 1591.000000
vn -3.130890 -3.109203 -0.254059
v -3198.755127 137.199997 1180.265381
vn -3.137475 -3.109197 -0.152534
v -3199.551758 137.199997 1192.546387
vn 0.304728 -3.109224 3.126365
v -2783.136230 137.199997 1589.207642
vn 0.203329 -3.109186 3.134593
v -2795.402588 137.199997 1590.203125
vn -3.048963 -3.109225 -0.755541
v -3188.844238 137.199997 1119.600464
vn -3.091479 -3.109207 -0.556574
v -3193.987061 137.199997 1143.667480
vn -3.071830 -3.109195 -0.656412
v -3191.610596 137.199997 1131.592285
vn -3.107877 -3.109231 -0.456205
v -3195.971191 137.199997 1155.813110
vn -3.121018 -3.109185 -0.355333
v -3197.561279 137.199997 1168.016724
vn 0.902695 -3.109210 3.008680
v -2710.796387 137.199997 1574.970581
vn 0.606573 -3.109217 3.082058
v -2746.620361 137.199997 1583.847656
vn 0.506470 -3.109207 3.100081
v -2758.732178 137.199997 1586.028320
vn 0.706056 -3.109195 3.060801
v -2734.585205 137.199997 1581.276001
vn 0.804804 -3.109213 3.036331
v -2722.639893 137.199997 1578.315918
vn 1.095569 -3.109205 2.943934
v -2687.465820 137.199997 1567.138550
vn 0.405799 -3.109193 3.114858
v -2770.908447 137.199997 1587.815674
vn 0.999665 -3.109195 2.977866
v -2699.067627 137.199997 1571.243530
vn -2.925807 -3.109187 -1.143094
v -3173.945801 137.199997 1072.716064
vn -2.993668 -3.109190 -0.951298
v -3182.154541 137.199997 1095.916992
vn -2.961294 -3.109211 -1.047738
v -3178.238037 137.199997 1084.250122
vn 1.283830 -3.109202 2.866844
v -2664.690918 137.199997 1557.812744
vn 1.190317 -3.109199 2.906916
v -2676.002686 137.199997 1562.660034
vn -2.845678 -3.109190 -1.330087
v -3164.252441 137.199997 1050.095337
vn -2.887258 -3.109221 -1.237238
v -3169.282227 137.199997 1061.327271
vn -3.022903 -3.109206 -0.853857
v -3185.691162 137.199997 1107.704590
vn -2.801113 -3.109227 -1.421544
v -3158.861328 137.199997 1039.032104
vn 1.466694 -3.109212 2.777738
v -2642.567383 137.199997 1547.032227
vn 1.375987 -3.109208 2.823770
v -2653.541992 137.199997 1552.601685
vn -2.703230 -3.109206 -1.599863
v -3147.019287 137.199997 1017.458313
vn -2.753621 -3.109206 -1.511486
v -3153.114990 137.199997 1028.149292
vn -2.535271 -3.109213 -1.854567
v -3126.701416 137.199997 986.647095
vn -2.650009 -3.109208 -1.686556
v -3140.580566 137.199997 1006.970337
vn -2.593998 -3.109193 -1.771493
v -3133.805664 137.199997 996.696350
vn -2.473891 -3.109197 -1.935686
v -3119.275635 137.199997 976.833191
vn 2.053543 -3.109219 2.376968
v -2571.575928 137.199997 1498.550903
vn 1.555879 -3.109196 2.728783
v -2631.779053 137.199997 1541.110474
vn 1.643442 -3.109202 2.676960
v -2621.188232 137.199997 1534.842407
vn 1.729264 -3.109207 2.622339
v -2610.805908 137.199997 1528.234619
vn 1.813248 -3.109223 2.564985
v -2600.643066 137.199997 1521.294189
vn 1.895361 -3.109188 2.504919
v -2590.709961 137.199997 1514.028320
vn 1.975497 -3.109211 2.442218
v -2581.017578 137.199997 1506.444458
vn -2.274436 -3.109195 -2.166554
v -3095.147705 137.199997 948.904968
vn -2.409917 -3.109214 -2.014775
v -3111.535889 137.199997 967.264893
vn -2.343417 -3.109206 -2.091749
v -3103.490479 137.199997 957.952209
vn 2.203081 -3.109215 2.239073
v -2553.483887 137.199997 1481.867432
vn 2.129437 -3.109213 2.309223
v -2562.394775 137.199997 1490.355591
vn 2.274443 -3.109186 2.166547
v -2544.852295 137.199997 1473.095093
vn 2.343421 -3.109208 2.091745
v -2536.509521 137.199997 1464.047729
vn -1.975497 -3.109191 -2.442218
v -3058.982422 137.199997 915.555481
vn -2.129437 -3.109198 -2.309224
v -3077.605225 137.199997 931.644348
vn -2.053543 -3.109210 -2.376968
v -3068.424072 137.199997 923.449158
vn -2.203089 -3.109219 -2.239066
v -3086.516113 137.199997 940.132629
vn 2.535271 -3.109215 1.854567
v -2513.298584 137.199997 1435.352905
vn 2.473890 -3.109195 1.935686
v -2520.724365 137.199997 1445.166870
vn 2.409911 -3.109213 2.014782
v -2528.464111 137.199997 1454.735107
vn -1.729264 -3.109208 -2.622339
v -3029.194092 137.199997 893.765320
vn -1.895356 -3.109198 -2.504923
v -3049.290039 137.199997 907.971741
vn -1.813258 -3.109221 -2.564978
v -3039.356934 137.199997 900.705811
vn 2.650013 -3.109213 1.686549
v -2499.419434 137.199997 1415.029663
vn 2.593998 -3.109188 1.771493
v -2506.194336 137.199997 1425.303711
vn -1.555885 -3.109201 -2.728780
v -3008.220947 137.199997 880.889526
vn -1.643436 -3.109206 -2.676963
v -3018.811768 137.199997 887.157593
vn 2.753619 -3.109205 1.511490
v -2486.885010 137.199997 1393.850708
vn 2.703231 -3.109208 1.599863
v -2492.980713 137.199997 1404.541626
vn -1.375980 -3.109207 -2.823773
v -2986.458008 137.199997 869.398315
vn -1.466694 -3.109202 -2.777737
v -2997.432617 137.199997 874.967712
vn 2.887258 -3.109219 1.237238
v -2470.717773 137.199997 1360.672729
vn 2.845678 -3.109188 1.330087
v -2475.747559 137.199997 1371.904663
vn 2.801113 -3.109215 1.421544
v -2481.138672 137.199997 1382.967896
vn -1.190317 -3.109190 -2.906916
v -2963.997314 137.199997 859.339905
vn -1.283837 -3.109210 -2.866842
v -2975.309082 137.199997 864.187256
vn 2.925807 -3.109192 1.143095
v -2466.054199 137.199997 1349.283936
vn 2.961294 -3.109204 1.047738
v -2461.761963 137.199997 1337.749878
vn -0.804804 -3.109215 -3.036332
v -2917.360107 137.199997 843.684082
vn -0.999665 -3.109205 -2.977866
v -2940.932373 137.199997 850.756531
vn -0.902702 -3.109199 -3.008678
v -2929.203613 137.199997 847.029419
vn -1.095555 -3.109217 -2.943939
v -2952.534180 137.199997 854.861450
vn -0.606573 -3.109210 -3.082059
v -2893.379639 137.199997 838.152283
vn -0.706064 -3.109200 -3.060799
v -2905.414795 137.199997 840.723999
vn 3.091479 -3.109209 0.556574
v -2446.012939 137.199997 1278.332520
vn 3.022903 -3.109205 0.853857
v -2454.308838 137.199997 1314.295410
vn 2.993668 -3.109204 0.951298
v -2457.845459 137.199997 1326.083008
vn 3.048963 -3.109216 0.755541
v -2451.155762 137.199997 1302.399536
vn 3.071830 -3.109195 0.656412
v -2448.389404 137.199997 1290.407715
vn -0.405807 -3.109201 -3.114858
v -2869.091553 137.199997 834.184387
vn -0.506455 -3.109206 -3.100084
v -2881.267822 137.199997 835.971680
vn -0.304728 -3.109204 -3.126365
v -2856.863770 137.199997 832.792297
vn 3.130890 -3.109211 0.254059
v -2441.244873 137.199997 1241.734619
vn 3.107877 -3.109226 0.456205
v -2444.028809 137.199997 1266.186890
vn 3.121018 -3.109188 0.355333
v -2442.438721 137.199997 1253.983276
vn -0.101718 -3.109202 -3.139534
v -2832.305176 137.199997 831.199280
vn -0.203329 -3.109206 -3.134593
v -2844.597412 137.199997 831.796936
vn 3.140769 -3.109207 0.050855
v -2440.049805 137.199997 1217.153320
vn 3.137475 -3.109197 0.152534
v -2440.448242 137.199997 1229.453613
vn -0.000000 -3.109205 -3.141181
v -2820.000000 137.199997 831.000000
vn 3.137475 -3.109197 -0.152534
v -2440.448242 137.199997 1192.546387
vn 3.140769 -3.109211 -0.050855
v -2440.049805 137.199997 1204.846680
vn 0.304728 -3.109202 -3.126365
v -2783.136230 137.199997 832.792297
vn 0.101718 -3.109202 -3.139534
v -2807.694824 137.199997 831.199280
vn 0.203329 -3.109206 -3.134593
v -2795.402588 137.199997 831.796936
vn 3.121018 -3.109176 -0.355333
v -2442.438721 137.199997 1168.016724
vn 3.130890 -3.109208 -0.254059
v -2441.244873 137.199997 1180.265381
vn 0.405807 -3.109207 -3.114858
v -2770.908447 137.199997 834.184387
vn 3.107877 -3.109229 -0.456205
v -2444.028809 137.199997 1155.813110
vn 0.506455 -3.109206 -3.100084
v -2758.732178 137.199997 835.971680
vn 3.048963 -3.109216 -0.755541
v -2451.155762 137.199997 1119.600464
vn 3.071830 -3.109195 -0.656412
v -2448.389404 137.199997 1131.592285
vn 3.091479 -3.109201 -0.556574
v -2446.012939 137.199997 1143.667480
vn 3.022903 -3.109205 -0.853857
v -2454.308838 137.199997 1107.704590
vn 2.993668 -3.109209 -0.951298
v -2457.845459 137.199997 1095.916992
vn 0.706064 -3.109201 -3.060799
v -2734.585205 137.199997 840.723999
vn 0.804804 -3.109213 -3.036332
v -2722.639893 137.199997 843.684082
vn 0.606573 -3.109206 -3.082059
v -2746.620361 137.199997 838.152283
vn 2.961294 -3.109200 -1.047738
v -2461.761963 137.199997 1084.250122
vn 1.190317 -3.109195 -2.906916
v -2676.002686 137.199997 859.339905
vn 0.999665 -3.109203 -2.977866
v -2699.067627 137.199997 850.756531
vn 1.095555 -3.109217 -2.943939
v -2687.465820 137.199997 854.861450
vn 0.902702 -3.109201 -3.008678
v -2710.796387 137.199997 847.029419
vn 2.887259 -3.109215 -1.237238
v -2470.717773 137.199997 1061.327271
vn 2.925807 -3.109193 -1.143095
v -2466.054199 137.199997 1072.716064
vn 1.375980 -3.109215 -2.823773
v -2653.541992 137.199997 869.398315
vn 1.283837 -3.109210 -2.866842
v -2664.690918 137.199997 864.187256
vn 2.801113 -3.109220 -1.421544
v -2481.138672 137.199997 1039.032104
vn 2.845678 -3.109188 -1.330087
v -2475.747559 137.199997 1050.095337
vn 2.753620 -3.109203 -1.511486
v -2486.885010 137.199997 1028.149292
vn 2.650009 -3.109199 -1.686556
v -2499.419434 137.199997 1006.970337
vn 2.703230 -3.109204 -1.599863
v -2492.980713 137.199997 1017.458313
vn 1.729264 -3.109210 -2.622339
v -2610.805908 137.199997 893.765320
vn 1.555885 -3.109201 -2.728780
v -2631.779053 137.199997 880.889526
vn 1.643437 -3.109206 -2.676964
v -2621.188232 137.199997 887.157593
vn 1.466694 -3.109201 -2.777738
v -2642.567383 137.199997 874.967712
vn 1.813259 -3.109223 -2.564978
v -2600.643066 137.199997 900.705811
vn 2.535271 -3.109213 -1.854567
v -2513.298584 137.199997 986.647095
vn 2.593998 -3.109193 -1.771493
v -2506.194336 137.199997 996.696350
vn 2.473891 -3.109196 -1.935686
v -2520.724365 137.199997 976.833191
vn 2.129437 -3.109195 -2.309224
v -2562.394775 137.199997 931.644348
vn 1.975497 -3.109200 -2.442218
v -2581.017578 137.199997 915.555481
vn 2.053543 -3.109210 -2.376968
v -2571.575928 137.199997 923.449158
vn 1.895356 -3.109194 -2.504923
v -2590.709961 137.199997 907.971741
vn 2.274435 -3.109193 -2.166554
v -2544.852295 137.199997 948.904968
vn 2.409917 -3.109214 -2.014775
v -2528.464111 137.199997 967.264893
vn 2.343417 -3.109206 -2.091749
v -2536.509521 137.199997 957.952209
vn 2.203090 -3.109221 -2.239066
v -2553.483887 137.199997 940.132629
vn 0.101711 3.109219 3.139534
v -2807.694824 172.199997 1590.800659
vn 0.000000 3.109196 3.141181
v -2820.000000 172.199997 1591.000000
vn 0.203329 3.109187 3.134593
v -2795.402588 172.199997 1590.203125
vn 0.304728 3.109221 3.126365
v -2783.136230 172.199997 1589.207642
vn 0.405799 3.109193 3.114858
v -2770.908447 172.199997 1587.815674
vn 0.506470 3.109206 3.100081
v -2758.732178 172.199997 1586.028320
vn 0.606574 3.109218 3.082059
v -2746.620361 172.199997 1583.847656
vn 0.706056 3.109195 3.060801
v -2734.585205 172.199997 1581.276001
vn 0.804804 3.109212 3.036332
v -2722.639893 172.199997 1578.315918
vn 0.902695 3.109205 3.008680
v -2710.796387 172.199997 1574.970581
vn 0.999665 3.109196 2.977866
v -2699.067627 172.199997 1571.243530
vn 1.095569 3.109215 2.943934
v -2687.465820 172.199997 1567.138550
vn 1.190317 3.109199 2.906916
v -2676.002686 172.199997 1562.660034
vn 1.283830 3.109206 2.866844
v -2664.690918 172.199997 1557.812744
vn 1.375987 3.109207 2.823770
v -2653.541992 172.199997 1552.601685
vn 1.466694 3.109210 2.777737
v -2642.567383 172.199997 1547.032227
vn 1.555879 3.109196 2.728783
v -2631.779053 172.199997 1541.110474
vn 1.643442 3.109202 2.676960
v -2621.188232 172.199997 1534.842407
vn 1.729264 3.109209 2.622339
v -2610.805908 172.199997 1528.234619
vn 1.813248 3.109222 2.564985
v -2600.643066 172.199997 1521.294189
vn 1.895361 3.109184 2.504919
v -2590.709961 172.199997 1514.028320
vn 1.975497 3.109213 2.442218
v -2581.017578 172.199997 1506.444458
vn 2.053543 3.109200 2.376968
v -2571.575928 172.199997 1498.550903
vn 2.129438 3.109210 2.309224
v -2562.394775 172.199997 1490.355591
vn 2.203082 3.109215 2.239073
v -2553.483887 172.199997 1481.867432
vn 2.274442 3.109185 2.166547
v -2544.852295 172.199997 1473.095093
vn 2.343421 3.109211 2.091745
v -2536.509521 172.199997 1464.047729
vn 2.409911 3.109214 2.014782
v -2528.464111 172.199997 1454.735107
vn 2.473891 3.109194 1.935686
v -2520.724365 172.199997 1445.166870
vn 2.535271 3.109219 1.854567
v -2513.298584 172.199997 1435.352905
vn 2.593998 3.109188 1.771493
v -2506.194336 172.199997 1425.303711
vn 2.650013 3.109211 1.686549
v -2499.419434 172.199997 1415.029663
vn 2.703231 3.109207 1.599863
v -2492.980713 172.199997 1404.541626
vn 2.753619 3.109203 1.511490
v -2486.885010 172.199997 1393.850708
vn 2.801113 3.109216 1.421544
v -2481.138672 172.199997 1382.967896
vn 2.845678 3.109189 1.330087
v -2475.747559 172.199997 1371.904663
vn 2.887259 3.109219 1.237238
v -2470.717773 172.199997 1360.672729
vn 2.925807 3.109192 1.143094
v -2466.054199 172.199997 1349.283936
vn 2.961294 3.109209 1.047738
v -2461.761963 172.199997 1337.749878
vn 2.993668 3.109201 0.951298
v -2457.845459 172.199997 1326.083008
vn 3.022903 3.109208 0.853857
v -2454.308838 172.199997 1314.295410
vn 3.048963 3.109215 0.755541
v -2451.155762 172.199997 1302.399536
vn 3.071830 3.109194 0.656412
v -2448.389404 172.199997 1290.407715
vn 3.091479 3.109203 0.556574
v -2446.012939 172.199997 1278.332520
vn 3.107877 3.109228 0.456205
v -2444.028809 172.199997 1266.186890
vn 3.121018 3.109187 0.355333
v -2442.438721 172.199997 1253.983276
vn 3.130890 3.109207 0.254059
v -2441.244873 172.199997 1241.734619
vn 3.137475 3.109196 0.152534
v -2440.448242 172.199997 1229.453613
vn 3.140769 3.109212 0.050855
v -2440.049805 172.199997 1217.153320
vn 3.140769 3.109210 -0.050855
v -2440.049805 172.199997 1204.846680
vn 3.137475 3.109198 -0.152534
v -2440.448242 172.199997 1192.546387
vn 3.130890 3.109208 -0.254059
v -2441.244873 172.199997 1180.265381
vn 3.121018 3.109186 -0.355333
v -2442.438721 172.199997 1168.016724
vn 3.107877 3.109227 -0.456205
v -2444.028809 172.199997 1155.813110
vn 3.091479 3.109201 -0.556574
v -2446.012939 172.199997 1143.667480
vn 3.071830 3.109194 -0.656412
v -2448.389404 172.199997 1131.592285
vn 3.048963 3.109216 -0.755541
v -2451.155762 172.199997 1119.600464
vn 3.022903 3.109208 -0.853857
v -2454.308838 172.199997 1107.704590
vn 2.993668 3.109201 -0.951298
v -2457.845459 172.199997 1095.916992
vn 2.961294 3.109211 -1.047738
v -2461.761963 172.199997 1084.250122
vn 2.925807 3.109191 -1.143094
v -2466.054199 172.199997 1072.716064
vn 2.887259 3.109220 -1.237238
v -2470.717773 172.199997 1061.327271
vn 2.845678 3.109189 -1.330087
v -2475.747559 172.199997 1050.095337
vn 2.801113 3.109216 -1.421544
v -2481.138672 172.199997 1039.032104
vn 2.753621 3.109205 -1.511486
v -2486.885010 172.199997 1028.149292
vn 2.703230 3.109203 -1.599863
v -2492.980713 172.199997 1017.458313
vn 2.650009 3.109210 -1.686556
v -2499.419434 172.199997 1006.970337
vn 2.593998 3.109193 -1.771493
v -2506.194336 172.199997 996.696350
vn 2.535271 3.109214 -1.854567
v -2513.298584 172.199997 986.647095
vn 2.473891 3.109200 -1.935686
v -2520.724365 172.199997 976.833191
vn 2.409917 3.109214 -2.014775
v -2528.464111 172.199997 967.264893
vn 2.343417 3.109203 -2.091749
v -2536.509521 172.199997 957.952209
vn 2.274436 3.109191 -2.166554
v -2544.852295 172.199997 948.904968
vn 2.203090 3.109220 -2.239066
v -2553.483887 172.199997 940.132629
vn 2.129437 3.109197 -2.309223
v -2562.394775 172.199997 931.644348
vn 2.053543 3.109214 -2.376968
v -2571.575928 172.199997 923.449158
vn 1.975497 3.109200 -2.442218
v -2581.017578 172.199997 915.555481
vn 1.895356 3.109197 -2.504923
v -2590.709961 172.199997 907.971741
vn 1.813258 3.109222 -2.564978
v -2600.643066 172.199997 900.705811
vn 1.729264 3.109200 -2.622339
v -2610.805908 172.199997 893.765320
vn 1.643436 3.109207 -2.676963
v -2621.188232 172.199997 887.157593
vn 1.555885 3.109201 -2.728780
v -2631.779053 172.199997 880.889526
vn 1.466694 3.109201 -2.777737
v -2642.567383 172.199997 874.967712
vn 1.375981 3.109212 -2.823773
v -2653.541992 172.199997 869.398315
vn 1.283837 3.109210 -2.866842
v -2664.690918 172.199997 864.187256
vn 1.190317 3.109191 -2.906916
v -2676.002686 172.199997 859.339905
vn 1.095555 3.109217 -2.943939
v -2687.465820 172.199997 854.861450
vn 0.999665 3.109206 -2.977866
v -2699.067627 172.199997 850.756531
vn 0.902702 3.109199 -3.008678
v -2710.796387 172.199997 847.029419
vn 0.804804 3.109213 -3.036332
v -2722.639893 172.199997 843.684082
vn 0.706064 3.109200 -3.060799
v -2734.585205 172.199997 840.723999
vn 0.606573 3.109207 -3.082059
v -2746.620361 172.199997 838.152283
vn 0.506455 3.109207 -3.100084
v -2758.732178 172.199997 835.971680
vn 0.405807 3.109205 -3.114858
v -2770.908447 172.199997 834.184387
vn 0.304728 3.109203 -3.126365
v -2783.136230 172.199997 832.792297
vn 0.203329 3.109207 -3.134593
v -2795.402588 172.199997 831.796936
vn 0.101718 3.109203 -3.139534
v -2807.694824 172.199997 831.199280
vn 0.000000 3.109205 -3.141181
v -2820.000000 172.199997 831.000000
vn -0.101718 3.109203 -3.139534
v -2832.305176 172.199997 831.199280
vn -0.203329 3.109207 -3.134593
v -2844.597412 172.199997 831.796936
vn -0.304728 3.109203 -3.126365
v -2856.863770 172.199997 832.792297
vn -0.405807 3.109205 -3.114858
v -2869.091553 172.199997 834.184387
vn -0.506455 3.109207 -3.100084
v -2881.267822 172.199997 835.971680
vn -0.606573 3.109207 -3.082059
v -2893.379639 172.199997 838.152283
vn -0.706064 3.109200 -3.060799
v -2905.414795 172.199997 840.723999
vn -0.804804 3.109213 -3.036332
v -2917.360107 172.199997 843.684082
vn -0.902702 3.109199 -3.008678
v -2929.203613 172.199997 847.029419
vn -0.999665 3.109206 -2.977866
v -2940.932373 172.199997 850.756531
vn -1.095555 3.109217 -2.943939
v -2952.534180 172.199997 854.861450
vn -1.190317 3.109191 -2.906916
v -2963.997314 172.199997 859.339905
vn -1.283837 3.109210 -2.866842
v -2975.309082 172.199997 864.187256
vn -1.375980 3.109212 -2.823773
v -2986.458008 172.199997 869.398315
vn -1.466694 3.109201 -2.777738
v -2997.432617 172.199997 874.967712
vn -1.555885 3.109201 -2.728780
v -3008.220947 172.199997 880.889526
vn -1.643437 3.109207 -2.676964
v -3018.811768 172.199997 887.157593
vn -1.729264 3.109200 -2.622339
v -3029.194092 172.199997 893.765320
vn -1.813258 3.109222 -2.564978
v -3039.356934 172.199997 900.705811
vn -1.895356 3.109197 -2.504923
v -3049.290039 172.199997 907.971741
vn -1.975497 3.109200 -2.442218
v -3058.982422 172.199997 915.555481
vn -2.053543 3.109214 -2.376968
v -3068.424072 172.199997 923.449158
vn -2.129437 3.109197 -2.309223
v -3077.605225 172.199997 931.644348
vn -2.203090 3.109220 -2.239066
v -3086.516113 172.199997 940.132629
vn -2.274436 3.109191 -2.166554
v -3095.147705 172.199997 948.904968
vn -2.343417 3.109203 -2.091749
v -3103.490479 172.199997 957.952209
vn -2.409917 3.109214 -2.014775
v -3111.535889 172.199997 967.264893
vn -2.473891 3.109200 -1.935686
v -3119.275635 172.199997 976.833191
vn -2.535271 3.109214 -1.854567
v -3126.701416 172.199997 986.647095
vn -2.593998 3.109193 -1.771493
v -3133.805664 172.199997 996.696350
vn -2.650009 3.109210 -1.686556
v -3140.580566 172.199997 1006.970337
vn -2.703230 3.109203 -1.599863
v -3147.019287 172.199997 1017.458313
vn -2.753620 3.109205 -1.511486
v -3153.114990 172.199997 1028.149292
vn -2.801113 3.109216 -1.421544
v -3158.861328 172.199997 1039.032104
vn -2.845678 3.109189 -1.330087
v -3164.252441 172.199997 1050.095337
vn -2.887259 3.109220 -1.237238
v -3169.282227 172.199997 1061.327271
vn -2.925807 3.109191 -1.143095
v -3173.945801 172.199997 1072.716064
vn -2.961294 3.109211 -1.047738
v -3178.238037 172.199997 1084.250122
vn -2.993668 3.109201 -0.951298
v -3182.154541 172.199997 1095.916992
vn -3.022903 3.109208 -0.853857
v -3185.691162 172.199997 1107.704590
vn -3.048963 3.109216 -0.755541
v -3188.844238 172.199997 1119.600464
vn -3.071830 3.109194 -0.656412
v -3191.610596 172.199997 1131.592285
vn -3.091479 3.109201 -0.556574
v -3193.987061 172.199997 1143.667480
vn -3.107877 3.109227 -0.456205
v -3195.971191 172.199997 1155.813110
vn -3.121018 3.109186 -0.355333
v -3197.561279 172.199997 1168.016724
vn -3.130890 3.109208 -0.254059
v -3198.755127 172.199997 1180.265381
vn -3.137475 3.109198 -0.152534
v -3199.551758 172.199997 1192.546387
vn -3.140769 3.109210 -0.050855
v -3199.950195 172.199997 1204.846680
vn -3.140769 3.109212 0.050855
v -3199.950195 172.199997 1217.153320
vn -3.137475 3.109196 0.152534
v -3199.551758 172.199997 1229.453613
vn -3.130890 3.109207 0.254059
v -3198.755127 172.199997 1241.734619
vn -3.121018 3.109187 0.355333
v -3197.561279 172.199997 1253.983276
vn -3.107877 3.109227 0.456205
v -3195.971191 172.199997 1266.186890
vn -3.091479 3.109203 0.556574
v -3193.987061 172.199997 1278.332520
vn -3.071830 3.109194 0.656412
v -3191.610596 172.199997 1290.407715
vn -3.048963 3.109215 0.755541
v -3188.844238 172.199997 1302.399536
vn -3.022903 3.109208 0.853857
v -3185.691162 172.199997 1314.295410
vn -2.993668 3.109201 0.951298
v -3182.154541 172.199997 1326.083008
vn -2.961294 3.109210 1.047738
v -3178.238037 172.199997 1337.749878
vn -2.925807 3.109192 1.143094
v -3173.945801 172.199997 1349.283936
vn -2.887259 3.109219 1.237238
v -3169.282227 172.199997 1360.672729
vn -2.845678 3.109189 1.330087
v -3164.252441 172.199997 1371.904663
vn -2.801113 3.109216 1.421544
v -3158.861328 172.199997 1382.967896
vn -2.753619 3.109203 1.511490
v -3153.114990 172.199997 1393.850708
vn -2.703231 3.109207 1.599863
v -3147.019287 172.199997 1404.541626
vn -2.650013 3.109211 1.686549
v -3140.580566 172.199997 1415.029663
vn -2.593998 3.109188 1.771493
v -3133.805664 172.199997 1425.303711
vn -2.535271 3.109219 1.854567
v -3126.701416 172.199997 1435.352905
vn -2.473891 3.109194 1.935686
v -3119.275635 172.199997 1445.166870
vn -2.409911 3.109214 2.014782
v -3111.535889 172.199997 1454.735107
vn -2.343421 3.109211 2.091745
v -3103.490479 172.199997 1464.047729
vn -2.274443 3.109185 2.166547
v -3095.147705 172.199997 1473.095093
vn -2.203081 3.109215 2.239073
v -3086.516113 172.199997 1481.867432
vn -2.129438 3.109210 2.309224
v -3077.605225 172.199997 1490.355591
vn -2.053543 3.109200 2.376968
v -3068.424072 172.199997 1498.550903
vn -1.975497 3.109213 2.442218
v -3058.982422 172.199997 1506.444458
vn -1.895361 3.109184 2.504919
v -3049.290039 172.199997 1514.028320
vn -1.813248 3.109222 2.564985
v -3039.356934 172.199997 1521.294189
vn -1.729264 3.109209 2.622339
v -3029.194092 172.199997 1528.234619
vn -1.643442 3.109202 2.676960
v -3018.811768 172.199997 1534.842407
vn -1.555879 3.109196 2.728783
v -3008.220947 172.199997 1541.110474
vn -1.466694 3.109210 2.777738
v -2997.432617 172.199997 1547.032227
vn -1.375987 3.109207 2.823770
v -2986.458008 172.199997 1552.601685
vn -1.283830 3.109206 2.866844
v -2975.309082 172.199997 1557.812744
vn -1.190317 3.109199 2.906916
v -2963.997314 172.199997 1562.660034
vn -1.095569 3.109215 2.943934
v -2952.534180 172.199997 1567.138550
vn -0.999665 3.109196 2.977866
v -2940.932373 172.199997 1571.243530
vn -0.902695 3.109205 3.008680
v -2929.203613 172.199997 1574.970581
vn -0.804804 3.109212 3.036332
v -2917.360107 172.199997 1578.315918
vn -0.706056 3.109195 3.060801
v -2905.414795 172.199997 1581.276001
vn -0.606573 3.109218 3.082059
v -2893.379639 172.199997 1583.847656
vn -0.506470 3.109206 3.100081
v -2881.267822 172.199997 1586.028320
vn -0.405799 3.109193 3.114858
v -2869.091553 172.199997 1587.815674
vn -0.304728 3.109221 3.126365
v -2856.863770 172.199997 1589.207642
vn -0.203329 3.109187 3.134593
v -2844.597412 172.199997 1590.203125
vn -0.101711 3.109219 3.139534
v -2832.305176 172.199997 1590.800659
vn -2.232218 3.182127 -2.209695
v -2992.695312 172.199997 1040.045898
vn -2.140823 3.182141 -2.298352
v -2985.625488 172.199997 1033.187744
vn -2.319915 3.182115 -2.117439
v -2999.481445 172.199997 1047.184937
vn -2.045923 3.182117 -2.383223
v -2978.283447 172.199997 1026.621826
vn -2.403830 3.182157 -2.021668
v -3005.972900 172.199997 1054.593140
vn -1.947672 3.182135 -2.464168
v -2970.681396 172.199997 1020.358704
vn -2.483783 3.182099 -1.922597
v -3012.158447 172.199997 1062.258301
vn -1.846207 3.182127 -2.541076
v -2962.831787 172.199997 1014.408875
vn -2.559661 3.182168 -1.820351
v -3018.028564 172.199997 1070.167725
vn -1.741716 3.182129 -2.613805
v -2954.747559 172.199997 1008.782043
vn -2.631341 3.182104 -1.715111
v -3023.572998 172.199997 1078.308716
vn -1.634357 3.182131 -2.682243
v -2946.441895 172.199997 1003.487427
vn -2.698663 3.182132 -1.607097
v -3028.783203 172.199997 1086.667603
vn -1.524303 3.182137 -2.746279
v -2937.928467 172.199997 998.533752
vn -2.761579 3.182132 -1.496405
v -3033.650391 172.199997 1095.230835
vn -1.411748 3.182127 -2.805800
v -2929.221191 172.199997 993.929199
vn -2.819951 3.182123 -1.383266
v -3038.166504 172.199997 1103.984253
vn -1.296885 3.182129 -2.860705
v -2920.334473 172.199997 989.681274
vn -2.873702 3.182153 -1.267826
v -3042.324219 172.199997 1112.913452
vn -1.179903 3.182121 -2.910907
v -2911.282959 172.199997 985.796997
vn -2.922724 3.182110 -1.150323
v -3046.116455 172.199997 1122.003906
vn -1.060964 3.182143 -2.956333
v -2902.081543 172.199997 982.282654
vn -2.966933 3.182137 -1.030949
v -3049.537354 172.199997 1131.240479
vn -0.940277 3.182123 -2.996903
v -2892.745117 172.199997 979.144165
vn -3.006277 3.182123 -0.909863
v -3052.581055 172.199997 1140.608154
vn -0.818066 3.182127 -3.032543
v -2883.289307 172.199997 976.386597
vn -3.040676 3.182128 -0.787297
v -3055.242676 172.199997 1150.091431
vn -0.694501 3.182133 -3.063204
v -2873.729492 172.199997 974.014465
vn -3.070088 3.182145 -0.663406
v -3057.517822 172.199997 1159.674805
vn -0.569779 3.182137 -3.088835
v -2864.081543 172.199997 972.031738
vn -3.094449 3.182102 -0.538463
v -3059.402588 172.199997 1169.342529
vn -0.444135 3.182121 -3.109388
v -2854.360840 172.199997 970.441650
vn -3.113725 3.182149 -0.412627
v -3060.894287 172.199997 1179.078735
vn -0.317767 3.182132 -3.124832
v -2844.583984 172.199997 969.246765
vn -3.127891 3.182116 -0.286092
v -3061.989990 172.199997 1188.867310
vn -0.190866 3.182127 -3.135142
v -2834.766602 172.199997 968.449097
vn -3.136915 3.182149 -0.159087
v -3062.688232 172.199997 1198.692261
vn -0.063657 3.182128 -3.140302
v -2824.924805 172.199997 968.049927
vn -3.140786 3.182122 -0.031809
v -3062.987549 172.199997 1208.537476
vn 0.063657 3.182128 -3.140302
v -2815.075195 172.199997 968.049927
vn -3.139497 3.182116 0.095468
v -3062.887695 172.199997 1218.386719
vn 0.190866 3.182128 -3.135142
v -2805.233398 172.199997 968.449097
vn -3.133047 3.182148 0.222628
v -3062.388916 172.199997 1228.223755
vn 0.317767 3.182132 -3.124832
v -2795.416016 172.199997 969.246765
vn -3.121449 3.182127 0.349436
v -3061.491699 172.199997 1238.032593
vn 0.444135 3.182121 -3.109388
v -2785.639160 172.199997 970.441650
vn -3.104728 3.182118 0.475626
v -3060.197754 172.199997 1247.796997
vn 0.569779 3.182137 -3.088835
v -2775.918457 172.199997 972.031738
vn -3.082906 3.182126 0.601034
v -3058.509277 172.199997 1257.500854
vn 0.694501 3.182133 -3.063204
v -2766.270508 172.199997 974.014465
vn -3.056008 3.182153 0.725506
v -3056.428955 172.199997 1267.128418
vn 0.818066 3.182127 -3.032543
v -2756.710693 172.199997 976.386597
vn -3.024093 3.182114 0.848770
v -3053.959961 172.199997 1276.663696
vn 0.940277 3.182123 -2.996903
v -2747.254883 172.199997 979.144165
vn -2.987220 3.182127 0.970602
v -3051.106689 172.199997 1286.091187
vn 1.060964 3.182143 -2.956333
v -2737.918457 172.199997 982.282654
vn -2.945428 3.182137 1.090871
v -3047.873779 172.199997 1295.395142
vn 1.179903 3.182121 -2.910907
v -2728.717041 172.199997 985.796997
vn -2.898801 3.182122 1.209341
v -3044.266357 172.199997 1304.560547
vn 1.296885 3.182129 -2.860706
v -2719.665527 172.199997 989.681274
vn -2.847421 3.182121 1.325800
v -3040.290527 172.199997 1313.572266
vn 1.411748 3.182127 -2.805800
v -2710.778809 172.199997 993.929199
vn -2.791346 3.182147 1.440117
v -3035.952881 172.199997 1322.415405
vn 1.524302 3.182137 -2.746279
v -2702.071533 172.199997 998.533752
vn -2.730673 3.182134 1.552086
v -3031.260254 172.199997 1331.075439
vn 1.634357 3.182130 -2.682243
v -2693.558105 172.199997 1003.487427
vn -2.665548 3.182106 1.661448
v -3026.220459 172.199997 1339.538208
vn 1.741716 3.182129 -2.613805
v -2685.252441 172.199997 1008.782043
vn -2.596035 3.182144 1.768093
v -3020.842041 172.199997 1347.789917
vn 1.846207 3.182127 -2.541076
v -2677.168213 172.199997 1014.408875
vn -2.522241 3.182124 1.871858
v -3015.133545 172.199997 1355.816772
vn 1.947672 3.182135 -2.464168
v -2669.318604 172.199997 1020.358704
vn -2.444308 3.182136 1.972538
v -3009.104492 172.199997 1363.605713
vn 2.045923 3.182117 -2.383223
v -2661.716553 172.199997 1026.621826
vn -2.362368 3.182115 2.069969
v -3002.764648 172.199997 1371.143921
vn 2.140823 3.182141 -2.298353
v -2654.374512 172.199997 1033.187744
vn -2.276543 3.182141 2.164001
v -2996.124756 172.199997 1378.418945
vn 2.232218 3.182127 -2.209695
v -2647.304688 172.199997 1040.045898
vn -2.186963 3.182129 2.254494
v -2989.195312 172.199997 1385.418945
vn 2.319915 3.182115 -2.117438
v -2640.518555 172.199997 1047.184937
vn -2.093792 3.182137 2.341278
v -2981.987793 172.199997 1392.132446
vn 2.403831 3.182157 -2.021669
v -2634.027100 172.199997 1054.593140
vn -1.997213 3.182105 2.424190
v -2974.514160 172.199997 1398.548218
vn -1.897333 3.182151 2.503132
v -2966.786865 172.199997 1404.656006
vn 2.483783 3.182099 -1.922597
v -2627.841553 172.199997 1062.258301
vn 2.559661 3.182168 -1.820351
v -2621.971436 172.199997 1070.167725
vn -1.794320 3.182118 2.577978
v -2958.818115 172.199997 1410.445557
vn 2.631340 3.182104 -1.715111
v -2616.427002 172.199997 1078.308716
vn -1.688382 3.182132 2.648568
v -2950.621582 172.199997 1415.907349
vn 2.698664 3.182132 -1.607098
v -2611.216797 172.199997 1086.667603
vn -1.579648 3.182136 2.714822
v -2942.210205 172.199997 1421.032593
vn -1.468318 3.182129 2.776615
v -2933.598145 172.199997 1425.812622
vn 2.761579 3.182132 -1.496405
v -2606.349609 172.199997 1095.230835
vn 2.819951 3.182123 -1.383266
v -2601.833496 172.199997 1103.984253
vn -1.354602 3.182117 2.833832
v -2924.799316 172.199997 1430.239746
vn 2.873702 3.182153 -1.267826
v -2597.675781 172.199997 1112.913452
vn -1.238670 3.182125 2.886391
v -2915.828369 172.199997 1434.306763
vn 2.922724 3.182110 -1.150323
v -2593.883545 172.199997 1122.003906
vn -1.120654 3.182149 2.934225
v -2906.700195 172.199997 1438.006836
vn -1.000826 3.182106 2.977231
v -2897.429199 172.199997 1441.333862
vn 2.966933 3.182137 -1.030949
v -2590.462646 172.199997 1131.240479
vn 3.006277 3.182123 -0.909863
v -2587.418945 172.199997 1140.608154
vn -0.879360 3.182144 3.015340
v -2888.031250 172.199997 1444.282593
vn 3.040677 3.182128 -0.787297
v -2584.757324 172.199997 1150.091431
vn -0.756422 3.182125 3.048504
v -2878.521484 172.199997 1446.847900
vn 3.070087 3.182145 -0.663406
v -2582.482178 172.199997 1159.674805
vn -0.632278 3.182121 3.076650
v -2868.915527 172.199997 1449.025757
vn -0.507066 3.182145 3.099747
v -2859.229248 172.199997 1450.812622
vn 3.094449 3.182102 -0.538463
v -2580.597412 172.199997 1169.342529
vn 3.113725 3.182149 -0.412627
v -2579.105713 172.199997 1179.078735
vn -0.381013 3.182126 3.117752
v -2849.478516 172.199997 1452.205322
vn 3.127892 3.182116 -0.286092
v -2578.010010 172.199997 1188.867310
vn -0.254377 3.182117 3.130630
v -2839.679199 172.199997 1453.201782
vn 3.136915 3.182149 -0.159087
v -2577.311768 172.199997 1198.692261
vn -0.127297 3.182141 3.138367
v -2829.847656 172.199997 1453.800415
vn -0.000000 3.182122 3.140948
v -2820.000000 172.199997 1454.000000
vn 3.140787 3.182122 -0.031809
v -2577.012451 172.199997 1208.537476
vn 3.139496 3.182116 0.095468
v -2577.112305 172.199997 1218.386719
vn 0.127297 3.182141 3.138367
v -2810.152344 172.199997 1453.800415
vn 3.133047 3.182148 0.222628
v -2577.611084 172.199997 1228.223755
vn 0.254377 3.182117 3.130629
v -2800.320801 172.199997 1453.201782
vn 3.121449 3.182127 0.349436
v -2578.508301 172.199997 1238.032593
vn 0.381013 3.182125 3.117752
v -2790.521484 172.199997 1452.205322
vn 0.507066 3.182145 3.099747
v -2780.770752 172.199997 1450.812622
vn 3.104727 3.182118 0.475626
v -2579.802246 172.199997 1247.796997
vn 3.082906 3.182126 0.601034
v -2581.490723 172.199997 1257.500854
vn 0.632278 3.182121 3.076650
v -2771.084473 172.199997 1449.025757
vn 3.056008 3.182153 0.725506
v -2583.571045 172.199997 1267.128418
vn 0.756422 3.182125 3.048504
v -2761.478516 172.199997 1446.847900
vn 3.024094 3.182114 0.848770
v -2586.040039 172.199997 1276.663696
vn 0.879360 3.182144 3.015340
v -2751.968750 172.199997 1444.282593
vn 1.000826 3.182106 2.977230
v -2742.570801 172.199997 1441.333862
vn 2.987219 3.182127 0.970602
v -2588.893311 172.199997 1286.091187
vn 2.945428 3.182137 1.090871
v -2592.126221 172.199997 1295.395142
vn 1.120655 3.182149 2.934226
v -2733.299805 172.199997 1438.006836
vn 2.898801 3.182122 1.209341
v -2595.733643 172.199997 1304.560547
vn 1.238670 3.182125 2.886390
v -2724.171631 172.199997 1434.306763
vn 2.847421 3.182121 1.325800
v -2599.709473 172.199997 1313.572266
vn 1.354602 3.182117 2.833832
v -2715.200684 172.199997 1430.239746
vn 1.468318 3.182129 2.776615
v -2706.401855 172.199997 1425.812622
vn 2.791346 3.182147 1.440117
v -2604.047119 172.199997 1322.415405
vn 2.730673 3.182134 1.552086
v -2608.739746 172.199997 1331.075439
vn 1.579648 3.182136 2.714822
v -2697.789795 172.199997 1421.032593
vn 2.665547 3.182106 1.661448
v -2613.779541 172.199997 1339.538208
vn 1.688383 3.182132 2.648569
v -2689.378418 172.199997 1415.907349
vn 2.596035 3.182144 1.768093
v -2619.157959 172.199997 1347.789917
vn 1.794320 3.182118 2.577978
v -2681.181885 172.199997 1410.445557
vn 1.897333 3.182150 2.503132
v -2673.213135 172.199997 1404.656006
vn 2.522241 3.182124 1.871858
v -2624.866455 172.199997 1355.816772
vn 2.444308 3.182136 1.972538
v -2630.895508 172.199997 1363.605713
vn 1.997213 3.182105 2.424190
v -2665.485840 172.199997 1398.548218
vn 2.362368 3.182115 2.069968
v -2637.235352 172.199997 1371.143921
vn 2.093791 3.182137 2.341278
v -2658.012207 172.199997 1392.132446
vn 2.276543 3.182141 2.164001
v -2643.875244 172.199997 1378.418945
vn 2.186963 3.182129 2.254494
v -2650.804688 172.199997 1385.418945
vn 0.127297 -3.182141 3.138366
v -2810.152344 461.000000 1453.800415
vn 0.000000 -3.182122 3.140948
v -2820.000000 461.000000 1454.000000
vn 0.254377 -3.182117 3.130630
v -2800.320801 461.000000 1453.201782
vn 0.381013 -3.182125 3.117752
v -2790.521484 461.000000 1452.205322
vn 0.507066 -3.182145 3.099747
v -2780.770752 461.000000 1450.812622
vn 0.632278 -3.182121 3.076650
v -2771.084473 461.000000 1449.025757
vn 0.756422 -3.182125 3.048504
v -2761.478516 461.000000 1446.847900
vn 0.879360 -3.182144 3.015339
v -2751.968750 461.000000 1444.282593
vn 1.000826 -3.182106 2.977231
v -2742.570801 461.000000 1441.333862
vn 1.120655 -3.182149 2.934225
v -2733.299805 461.000000 1438.006836
vn 1.238670 -3.182125 2.886390
v -2724.171631 461.000000 1434.306763
vn 1.354602 -3.182117 2.833832
v -2715.200684 461.000000 1430.239746
vn 1.468318 -3.182129 2.776615
v -2706.401855 461.000000 1425.812622
vn 1.579648 -3.182136 2.714822
v -2697.789795 461.000000 1421.032593
vn 1.688382 -3.182132 2.648568
v -2689.378418 461.000000 1415.907349
vn 1.794320 -3.182118 2.577977
v -2681.181885 461.000000 1410.445557
vn 1.897333 -3.182150 2.503133
v -2673.213135 461.000000 1404.656006
vn 1.997213 -3.182105 2.424190
v -2665.485840 461.000000 1398.548218
vn 2.093792 -3.182137 2.341279
v -2658.012207 461.000000 1392.132446
vn 2.186962 -3.182129 2.254493
v -2650.804688 461.000000 1385.418945
vn 2.276543 -3.182141 2.164001
v -2643.875244 461.000000 1378.418945
vn 2.362368 -3.182115 2.069969
v -2637.235352 461.000000 1371.143921
vn 2.444308 -3.182136 1.972538
v -2630.895508 461.000000 1363.605713
vn 2.522241 -3.182124 1.871858
v -2624.866455 461.000000 1355.816772
vn 2.596034 -3.182144 1.768093
v -2619.157959 461.000000 1347.789917
vn 2.665548 -3.182106 1.661448
v -2613.779541 461.000000 1339.538208
vn 2.730673 -3.182134 1.552086
v -2608.739746 461.000000 1331.075439
vn 2.791346 -3.182147 1.440117
v -2604.047119 461.000000 1322.415405
vn 2.847421 -3.182121 1.325800
v -2599.709473 461.000000 1313.572266
vn 2.898801 -3.182122 1.209341
v -2595.733643 461.000000 1304.560547
vn 2.945428 -3.182137 1.090871
v -2592.126221 461.000000 1295.395142
vn 2.987220 -3.182127 0.970602
v -2588.893311 461.000000 1286.091187
vn 3.024093 -3.182114 0.848770
v -2586.040039 461.000000 1276.663696
vn 3.056008 -3.182153 0.725506
v -2583.571045 461.000000 1267.128418
vn 3.082906 -3.182126 0.601034
v -2581.490723 461.000000 1257.500854
vn 3.104727 -3.182118 0.475626
v -2579.802246 461.000000 1247.796997
vn 3.121449 -3.182126 0.349436
v -2578.508301 461.000000 1238.032593
vn 3.133047 -3.182148 0.222628
v -2577.611084 461.000000 1228.223755
vn 3.139497 -3.182116 0.095468
v -2577.112305 461.000000 1218.386719
vn 3.140786 -3.182122 -0.031809
v -2577.012451 461.000000 1208.537476
vn 3.136916 -3.182149 -0.159087
v -2577.311768 461.000000 1198.692261
vn 3.127891 -3.182116 -0.286092
v -2578.010010 461.000000 1188.867310
vn 3.113725 -3.182149 -0.412627
v -2579.105713 461.000000 1179.078735
vn 3.094448 -3.182102 -0.538463
v -2580.597412 461.000000 1169.342529
vn 3.070088 -3.182145 -0.663406
v -2582.482178 461.000000 1159.674805
vn 3.040677 -3.182128 -0.787297
v -2584.757324 461.000000 1150.091431
vn 3.006277 -3.182123 -0.909863
v -2587.418945 461.000000 1140.608154
vn 2.966933 -3.182137 -1.030949
v -2590.462646 461.000000 1131.240479
vn 2.922723 -3.182110 -1.150323
v -2593.883545 461.000000 1122.003906
vn 2.873702 -3.182153 -1.267826
v -2597.675781 461.000000 1112.913452
vn 2.819951 -3.182123 -1.383266
v -2601.833496 461.000000 1103.984253
vn 2.761579 -3.182132 -1.496405
v -2606.349609 461.000000 1095.230835
vn 2.698664 -3.182132 -1.607098
v -2611.216797 461.000000 1086.667603
vn 2.631340 -3.182104 -1.715111
v -2616.427002 461.000000 1078.308716
vn 2.559661 -3.182168 -1.820351
v -2621.971436 461.000000 1070.167725
vn 2.483782 -3.182099 -1.922597
v -2627.841553 461.000000 1062.258301
vn 2.403830 -3.182157 -2.021668
v -2634.027100 461.000000 1054.593140
vn 2.319915 -3.182115 -2.117438
v -2640.518555 461.000000 1047.184937
vn 2.232218 -3.182126 -2.209695
v -2647.304688 461.000000 1040.045898
vn 2.140823 -3.182141 -2.298353
v -2654.374512 461.000000 1033.187744
vn 2.045923 -3.182117 -2.383223
v -2661.716553 461.000000 1026.621826
vn 1.947672 -3.182135 -2.464168
v -2669.318604 461.000000 1020.358704
vn 1.846208 -3.182127 -2.541076
v -2677.168213 461.000000 1014.408875
vn 1.741716 -3.182129 -2.613805
v -2685.252441 461.000000 1008.782043
vn 1.634357 -3.182131 -2.682243
v -2693.558105 461.000000 1003.487427
vn 1.524303 -3.182137 -2.746279
v -2702.071533 461.000000 998.533752
vn 1.411748 -3.182127 -2.805800
v -2710.778809 461.000000 993.929199
vn 1.296885 -3.182129 -2.860706
v -2719.665527 461.000000 989.681274
vn 1.179903 -3.182121 -2.910907
v -2728.717041 461.000000 985.796997
vn 1.060964 -3.182143 -2.956332
v -2737.918457 461.000000 982.282654
vn 0.940277 -3.182123 -2.996903
v -2747.254883 461.000000 979.144165
vn 0.818066 -3.182127 -3.032543
v -2756.710693 461.000000 976.386597
vn 0.694501 -3.182133 -3.063204
v -2766.270508 461.000000 974.014465
vn 0.569779 -3.182137 -3.088835
v -2775.918457 461.000000 972.031738
vn 0.444135 -3.182121 -3.109389
v -2785.639160 461.000000 970.441650
vn 0.317767 -3.182132 -3.124832
v -2795.416016 461.000000 969.246765
vn 0.190866 -3.182127 -3.135142
v -2805.233398 461.000000 968.449097
vn 0.063657 -3.182128 -3.140302
v -2815.075195 461.000000 968.049927
vn -0.063657 -3.182128 -3.140302
v -2824.924805 461.000000 968.049927
vn -0.190866 -3.182128 -3.135143
v -2834.766602 461.000000 968.449097
vn -0.317767 -3.182132 -3.124832
v -2844.583984 461.000000 969.246765
vn -0.444135 -3.182121 -3.109389
v -2854.360840 461.000000 970.441650
vn -0.569779 -3.182137 -3.088834
v -2864.081543 461.000000 972.031738
vn -0.694501 -3.182133 -3.063204
v -2873.729492 461.000000 974.014465
vn -0.818066 -3.182127 -3.032543
v -2883.289307 461.000000 976.386597
vn -0.940277 -3.182123 -2.996903
v -2892.745117 461.000000 979.144165
vn -1.060964 -3.182143 -2.956332
v -2902.081543 461.000000 982.282654
vn -1.179903 -3.182121 -2.910907
v -2911.282959 461.000000 985.796997
vn -1.296886 -3.182129 -2.860706
v -2920.334473 461.000000 989.681274
vn -1.411748 -3.182127 -2.805800
v -2929.221191 461.000000 993.929199
vn -1.524303 -3.182137 -2.746279
v -2937.928467 461.000000 998.533752
vn -1.634357 -3.182130 -2.682242
v -2946.441895 461.000000 1003.487427
vn -1.741716 -3.182129 -2.613805
v -2954.747559 461.000000 1008.782043
vn -1.846208 -3.182127 -2.541076
v -2962.831787 461.000000 1014.408875
vn -1.947672 -3.182135 -2.464168
v -2970.681396 461.000000 1020.358704
vn -2.045923 -3.182117 -2.383223
v -2978.283447 461.000000 1026.621826
vn -2.140823 -3.182141 -2.298353
v -2985.625488 461.000000 1033.187744
vn -2.232218 -3.182126 -2.209695
v -2992.695312 461.000000 1040.045898
vn -2.319915 -3.182115 -2.117438
v -2999.481445 461.000000 1047.184937
vn -2.403831 -3.182157 -2.021669
v -3005.972900 461.000000 1054.593140
vn -2.483783 -3.182099 -1.922597
v -3012.158447 461.000000 1062.258301
vn -2.559661 -3.182168 -1.820351
v -3018.028564 461.000000 1070.167725
vn -2.631340 -3.182104 -1.715111
v -3023.572998 461.000000 1078.308716
vn -2.698664 -3.182132 -1.607098
v -3028.783203 461.000000 1086.667603
vn -2.761579 -3.182132 -1.496405
v -3033.650391 461.000000 1095.230835
vn -2.819951 -3.182123 -1.383266
v -3038.166504 461.000000 1103.984253
vn -2.873702 -3.182153 -1.267826
v -3042.324219 461.000000 1112.913452
vn -2.922723 -3.182110 -1.150323
v -3046.116455 461.000000 1122.003906
vn -2.966933 -3.182137 -1.030949
v -3049.537354 461.000000 1131.240479
vn -3.006277 -3.182123 -0.909863
v -3052.581055 461.000000 1140.608154
vn -3.040677 -3.182128 -0.787297
v -3055.242676 461.000000 1150.091431
vn -3.070088 -3.182145 -0.663406
v -3057.517822 461.000000 1159.674805
vn -3.094448 -3.182102 -0.538463
v -3059.402588 461.000000 1169.342529
vn -3.113725 -3.182149 -0.412627
v -3060.894287 461.000000 1179.078735
vn -3.127892 -3.182116 -0.286092
v -3061.989990 461.000000 1188.867310
vn -3.136915 -3.182149 -0.159087
v -3062.688232 461.000000 1198.692261
vn -3.140786 -3.182122 -0.031809
v -3062.987549 461.000000 1208.537476
vn -3.139496 -3.182116 0.095468
v -3062.887695 461.000000 1218.386719
vn -3.133047 -3.182148 0.222628
v -3062.388916 461.000000 1228.223755
vn -3.121449 -3.182127 0.349436
v -3061.491699 461.000000 1238.032593
vn -3.104727 -3.182118 0.475626
v -3060.197754 461.000000 1247.796997
vn -3.082906 -3.182126 0.601034
v -3058.509277 461.000000 1257.500854
vn -3.056008 -3.182153 0.725506
v -3056.428955 461.000000 1267.128418
vn -3.024094 -3.182114 0.848770
v -3053.959961 461.000000 1276.663696
vn -2.987220 -3.182127 0.970602
v -3051.106689 461.000000 1286.091187
vn -2.945428 -3.182137 1.090872
v -3047.873779 461.000000 1295.395142
vn -2.898801 -3.182122 1.209341
v -3044.266357 461.000000 1304.560547
vn -2.847421 -3.182121 1.325800
v -3040.290527 461.000000 1313.572266
vn -2.791346 -3.182147 1.440117
v -3035.952881 461.000000 1322.415405
vn -2.730673 -3.182134 1.552086
v -3031.260254 461.000000 1331.075439
vn -2.665547 -3.182106 1.661448
v -3026.220459 461.000000 1339.538208
vn -2.596034 -3.182144 1.768093
v -3020.842041 461.000000 1347.789917
vn -2.522241 -3.182124 1.871858
v -3015.133545 461.000000 1355.816772
vn -2.444308 -3.182136 1.972538
v -3009.104492 461.000000 1363.605713
vn -2.362368 -3.182115 2.069968
v -3002.764648 461.000000 1371.143921
vn -2.276543 -3.182141 2.164001
v -2996.124756 461.000000 1378.418945
vn -2.186963 -3.182129 2.254494
v -2989.195312 461.000000 1385.418945
vn -2.093791 -3.182137 2.341278
v -2981.987793 461.000000 1392.132446
vn -1.997213 -3.182105 2.424190
v -2974.514160 461.000000 1398.548218
vn -1.897333 -3.182150 2.503133
v -2966.786865 461.000000 1404.656006
vn -1.794320 -3.182118 2.577977
v -2958.818115 461.000000 1410.445557
vn -1.688383 -3.182132 2.648569
v -2950.621582 461.000000 1415.907349
vn -1.579648 -3.182136 2.714822
v -2942.210205 461.000000 1421.032593
vn -1.468318 -3.182129 2.776615
v -2933.598145 461.000000 1425.812622
vn -1.354602 -3.182117 2.833832
v -2924.799316 461.000000 1430.239746
vn -1.238670 -3.182125 2.886390
v -2915.828369 461.000000 1434.306763
vn -1.120655 -3.182149 2.934226
v -2906.700195 461.000000 1438.006836
vn -1.000826 -3.182106 2.977230
v -2897.429199 461.000000 1441.333862
vn -0.879360 -3.182144 3.015339
v -2888.031250 461.000000 1444.282593
vn -0.756422 -3.182125 3.048504
v -2878.521484 461.000000 1446.847900
vn -0.632278 -3.182121 3.076650
v -2868.915527 461.000000 1449.025757
vn -0.507066 -3.182145 3.099747
v -2859.229248 461.000000 1450.812622
vn -0.381013 -3.182125 3.117752
v -2849.478516 461.000000 1452.205322
vn -0.254377 -3.182117 3.130630
v -2839.679199 461.000000 1453.201782
vn -0.127297 -3.182141 3.138366
v -2829.847656 461.000000 1453.800415
vn -2.129437 -3.109210 2.309223
v -3077.605225 461.000000 1490.355591
vn -2.203082 -3.109215 2.239074
v -3086.516113 461.000000 1481.867432
vn -2.274443 -3.109185 2.166547
v -3095.147705 461.000000 1473.095093
vn -2.343421 -3.109211 2.091745
v -3103.490479 461.000000 1464.047729
vn -2.053543 -3.109200 2.376968
v -3068.424072 461.000000 1498.550903
vn -2.409911 -3.109213 2.014782
v -3111.535889 461.000000 1454.735107
vn -1.975497 -3.109212 2.442218
v -3058.982422 461.000000 1506.444458
vn -2.473891 -3.109194 1.935686
v -3119.275635 461.000000 1445.166870
vn -1.895361 -3.109184 2.504919
v -3049.290039 461.000000 1514.028320
vn -1.813248 -3.109222 2.564986
v -3039.356934 461.000000 1521.294189
vn -2.535271 -3.109219 1.854567
v -3126.701416 461.000000 1435.352905
vn -1.729264 -3.109209 2.622339
v -3029.194092 461.000000 1528.234619
vn -2.593998 -3.109188 1.771493
v -3133.805664 461.000000 1425.303711
vn -2.650013 -3.109211 1.686549
v -3140.580566 461.000000 1415.029663
vn -1.643442 -3.109202 2.676960
v -3018.811768 461.000000 1534.842407
vn -2.703231 -3.109207 1.599863
v -3147.019287 461.000000 1404.541626
vn -1.555879 -3.109196 2.728783
v -3008.220947 461.000000 1541.110474
vn -2.753618 -3.109203 1.511490
v -3153.114990 461.000000 1393.850708
vn -1.466694 -3.109210 2.777738
v -2997.432617 461.000000 1547.032227
vn -1.375987 -3.109207 2.823770
v -2986.458008 461.000000 1552.601685
vn -2.801113 -3.109216 1.421544
v -3158.861328 461.000000 1382.967896
vn -1.283830 -3.109206 2.866844
v -2975.309082 461.000000 1557.812744
vn -2.845678 -3.109189 1.330087
v -3164.252441 461.000000 1371.904663
vn -2.887259 -3.109219 1.237238
v -3169.282227 461.000000 1360.672729
vn -1.190317 -3.109199 2.906917
v -2963.997314 461.000000 1562.660034
vn -2.925807 -3.109192 1.143095
v -3173.945801 461.000000 1349.283936
vn -1.095569 -3.109215 2.943934
v -2952.534180 461.000000 1567.138550
vn -2.961294 -3.109209 1.047738
v -3178.238037 461.000000 1337.749878
vn -0.999665 -3.109196 2.977866
v -2940.932373 461.000000 1571.243530
vn -0.902695 -3.109205 3.008680
v -2929.203613 461.000000 1574.970581
vn -2.993668 -3.109201 0.951298
v -3182.154541 461.000000 1326.083008
vn -0.804804 -3.109212 3.036331
v -2917.360107 461.000000 1578.315918
vn -3.022903 -3.109208 0.853857
v -3185.691162 461.000000 1314.295410
vn -3.048963 -3.109215 0.755541
v -3188.844238 461.000000 1302.399536
vn -0.706056 -3.109195 3.060801
v -2905.414795 461.000000 1581.276001
vn -3.071830 -3.109194 0.656412
v -3191.610596 461.000000 1290.407715
vn -0.606573 -3.109218 3.082059
v -2893.379639 461.000000 1583.847656
vn -3.091479 -3.109203 0.556574
v -3193.987061 461.000000 1278.332520
vn -0.506470 -3.109206 3.100081
v -2881.267822 461.000000 1586.028320
vn -0.405799 -3.109193 3.114858
v -2869.091553 461.000000 1587.815674
vn -3.107877 -3.109228 0.456205
v -3195.971191 461.000000 1266.186890
vn -0.304728 -3.109221 3.126365
v -2856.863770 461.000000 1589.207642
vn -3.121017 -3.109187 0.355333
v -3197.561279 461.000000 1253.983276
vn -3.130890 -3.109207 0.254059
v -3198.755127 461.000000 1241.734619
vn -0.203329 -3.109187 3.134593
v -2844.597412 461.000000 1590.203125
vn -3.137475 -3.109196 0.152534
v -3199.551758 461.000000 1229.453613
vn -0.101711 -3.109219 3.139534
v -2832.305176 461.000000 1590.800659
vn -3.140769 -3.109212 0.050855
v -3199.950195 461.000000 1217.153320
vn 0.101711 -3.109219 3.139534
v -2807.694824 461.000000 1590.800659
vn 0.000000 -3.109196 3.141181
v -2820.000000 461.000000 1591.000000
vn -3.140769 -3.109210 -0.050855
v -3199.950195 461.000000 1204.846680
vn 0.203329 -3.109187 3.134593
v -2795.402588 461.000000 1590.203125
vn -3.137475 -3.109198 -0.152534
v -3199.551758 461.000000 1192.546387
vn -3.130890 -3.109208 -0.254059
v -3198.755127 461.000000 1180.265381
vn 0.304728 -3.109221 3.126365
v -2783.136230 461.000000 1589.207642
vn -3.121018 -3.109186 -0.355333
v -3197.561279 461.000000 1168.016724
vn 0.405799 -3.109193 3.114858
v -2770.908447 461.000000 1587.815674
vn -3.107877 -3.109227 -0.456205
v -3195.971191 461.000000 1155.813110
vn 0.506470 -3.109206 3.100081
v -2758.732178 461.000000 1586.028320
vn 0.606573 -3.109218 3.082059
v -2746.620361 461.000000 1583.847656
vn -3.091479 -3.109201 -0.556574
v -3193.987061 461.000000 1143.667480
vn 0.706056 -3.109195 3.060801
v -2734.585205 461.000000 1581.276001
vn -3.071830 -3.109194 -0.656412
v -3191.610596 461.000000 1131.592285
vn -3.048963 -3.109216 -0.755541
v -3188.844238 461.000000 1119.600464
vn 0.804804 -3.109212 3.036331
v -2722.639893 461.000000 1578.315918
vn -3.022903 -3.109208 -0.853857
v -3185.691162 461.000000 1107.704590
vn 0.902695 -3.109205 3.008681
v -2710.796387 461.000000 1574.970581
vn -2.993668 -3.109201 -0.951298
v -3182.154541 461.000000 1095.916992
vn 0.999665 -3.109196 2.977866
v -2699.067627 461.000000 1571.243530
vn 1.095569 -3.109215 2.943934
v -2687.465820 461.000000 1567.138550
vn -2.961294 -3.109211 -1.047738
v -3178.238037 461.000000 1084.250122
vn 1.190317 -3.109199 2.906916
v -2676.002686 461.000000 1562.660034
vn -2.925808 -3.109191 -1.143095
v -3173.945801 461.000000 1072.716064
vn -2.887259 -3.109220 -1.237238
v -3169.282227 461.000000 1061.327271
vn 1.283830 -3.109206 2.866844
v -2664.690918 461.000000 1557.812744
vn -2.845678 -3.109189 -1.330087
v -3164.252441 461.000000 1050.095337
vn 1.375987 -3.109207 2.823770
v -2653.541992 461.000000 1552.601685
vn -2.801113 -3.109216 -1.421544
v -3158.861328 461.000000 1039.032104
vn 1.466694 -3.109210 2.777738
v -2642.567383 461.000000 1547.032227
vn 1.555879 -3.109196 2.728783
v -2631.779053 461.000000 1541.110474
vn -2.753621 -3.109205 -1.511486
v -3153.114990 461.000000 1028.149292
vn 1.643442 -3.109202 2.676960
v -2621.188232 461.000000 1534.842407
vn -2.703230 -3.109203 -1.599863
v -3147.019287 461.000000 1017.458313
vn -2.650009 -3.109210 -1.686556
v -3140.580566 461.000000 1006.970337
vn 1.729265 -3.109209 2.622339
v -2610.805908 461.000000 1528.234619
vn -2.593998 -3.109193 -1.771493
v -3133.805664 461.000000 996.696350
vn 1.813248 -3.109222 2.564986
v -2600.643066 461.000000 1521.294189
vn -2.535271 -3.109214 -1.854567
v -3126.701416 461.000000 986.647095
vn 1.895361 -3.109184 2.504919
v -2590.709961 461.000000 1514.028320
vn 1.975497 -3.109212 2.442218
v -2581.017578 461.000000 1506.444458
vn -2.473891 -3.109200 -1.935686
v -3119.275635 461.000000 976.833191
vn 2.053542 -3.109200 2.376968
v -2571.575928 461.000000 1498.550903
vn -2.409917 -3.109214 -2.014775
v -3111.535889 461.000000 967.264893
vn -2.343417 -3.109203 -2.091749
v -3103.490479 461.000000 957.952209
vn 2.129438 -3.109210 2.309224
v -2562.394775 461.000000 1490.355591
vn -2.274435 -3.109191 -2.166554
v -3095.147705 461.000000 948.904968
vn 2.203081 -3.109215 2.239074
v -2553.483887 461.000000 1481.867432
vn -2.203090 -3.109220 -2.239066
v -3086.516113 461.000000 940.132629
vn 2.274443 -3.109185 2.166547
v -2544.852295 461.000000 1473.095093
vn -2.129437 -3.109197 -2.309224
v -3077.605225 461.000000 931.644348
vn 2.343421 -3.109211 2.091744
v -2536.509521 461.000000 1464.047729
vn -2.053543 -3.109214 -2.376968
v -3068.424072 461.000000 923.449158
vn 2.409911 -3.109214 2.014782
v -2528.464111 461.000000 1454.735107
vn -1.975497 -3.109200 -2.442218
v -3058.982422 461.000000 915.555481
vn 2.473891 -3.109194 1.935686
v -2520.724365 461.000000 1445.166870
vn -1.895356 -3.109197 -2.504923
v -3049.290039 461.000000 907.971741
vn 2.535271 -3.109219 1.854567
v -2513.298584 461.000000 1435.352905
vn -1.813259 -3.109222 -2.564978
v -3039.356934 461.000000 900.705811
vn 2.593998 -3.109188 1.771493
v -2506.194336 461.000000 1425.303711
vn -1.729264 -3.109200 -2.622339
v -3029.194092 461.000000 893.765320
vn 2.650013 -3.109211 1.686549
v -2499.419434 461.000000 1415.029663
vn -1.643436 -3.109207 -2.676963
v -3018.811768 461.000000 887.157593
vn 2.703230 -3.109207 1.599863
v -2492.980713 461.000000 1404.541626
vn -1.555885 -3.109201 -2.728780
v -3008.220947 461.000000 880.889526
vn 2.753619 -3.109203 1.511490
v -2486.885010 461.000000 1393.850708
vn -1.466694 -3.109201 -2.777738
v -2997.432617 461.000000 874.967712
vn 2.801113 -3.109216 1.421544
v -2481.138672 461.000000 1382.967896
vn -1.375980 -3.109212 -2.823773
v -2986.458008 461.000000 869.398315
vn 2.845678 -3.109189 1.330087
v -2475.747559 461.000000 1371.904663
vn -1.283837 -3.109210 -2.866841
v -2975.309082 461.000000 864.187256
vn 2.887259 -3.109219 1.237238
v -2470.717773 461.000000 1360.672729
vn -1.190317 -3.109191 -2.906916
v -2963.997314 461.000000 859.339905
vn 2.925807 -3.109192 1.143095
v -2466.054199 461.000000 1349.283936
vn -1.095555 -3.109217 -2.943939
v -2952.534180 461.000000 854.861450
vn 2.961294 -3.109209 1.047738
v -2461.761963 461.000000 1337.749878
vn -0.999665 -3.109206 -2.977866
v -2940.932373 461.000000 850.756531
vn 2.993668 -3.109201 0.951298
v -2457.845459 461.000000 1326.083008
vn -0.902702 -3.109199 -3.008678
v -2929.203613 461.000000 847.029419
vn 3.022903 -3.109208 0.853857
v -2454.308838 461.000000 1314.295410
vn -0.804804 -3.109213 -3.036331
v -2917.360107 461.000000 843.684082
vn 3.048963 -3.109215 0.755541
v -2451.155762 461.000000 1302.399536
vn -0.706064 -3.109200 -3.060799
v -2905.414795 461.000000 840.723999
vn 3.071830 -3.109194 0.656412
v -2448.389404 461.000000 1290.407715
vn -0.606573 -3.109208 -3.082059
v -2893.379639 461.000000 838.152283
vn 3.091479 -3.109203 0.556574
v -2446.012939 461.000000 1278.332520
vn -0.506455 -3.109207 -3.100084
v -2881.267822 461.000000 835.971680
vn 3.107877 -3.109228 0.456205
v -2444.028809 461.000000 1266.186890
vn -0.405807 -3.109205 -3.114858
v -2869.091553 461.000000 834.184387
vn 3.121018 -3.109187 0.355333
v -2442.438721 461.000000 1253.983276
vn -0.304727 -3.109203 -3.126365
v -2856.863770 461.000000 832.792297
vn 3.130890 -3.109207 0.254059
v -2441.244873 461.000000 1241.734619
vn -0.203329 -3.109207 -3.134593
v -2844.597412 461.000000 831.796936
vn 3.137475 -3.109196 0.152534
v -2440.448242 461.000000 1229.453613
vn -0.101718 -3.109203 -3.139534
v -2832.305176 461.000000 831.199280
vn 3.140769 -3.109212 0.050855
v -2440.049805 461.000000 1217.153320
vn 0.000000 -3.109205 -3.141181
v -2820.000000 461.000000 831.000000
vn 3.140769 -3.109210 -0.050855
v -2440.049805 461.000000 1204.846680
vn 0.101718 -3.109203 -3.139534
v -2807.694824 461.000000 831.199280
vn 3.137475 -3.109198 -0.152534
v -2440.448242 461.000000 1192.546387
vn 0.203329 -3.109207 -3.134593
v -2795.402588 461.000000 831.796936
vn 3.130890 -3.109208 -0.254059
v -2441.244873 461.000000 1180.265381
vn 0.304727 -3.109203 -3.126365
v -2783.136230 461.000000 832.792297
vn 3.121018 -3.109186 -0.355333
v -2442.438721 461.000000 1168.016724
vn 0.405807 -3.109205 -3.114858
v -2770.908447 461.000000 834.184387
vn 3.107877 -3.109227 -0.456205
v -2444.028809 461.000000 1155.813110
vn 0.506455 -3.109207 -3.100084
v -2758.732178 461.000000 835.971680
vn 3.091479 -3.109201 -0.556574
v -2446.012939 461.000000 1143.667480
vn 0.606573 -3.109208 -3.082058
v -2746.620361 461.000000 838.152283
vn 3.071830 -3.109194 -0.656412
v -2448.389404 461.000000 1131.592285
vn 0.706064 -3.109200 -3.060799
v -2734.585205 461.000000 840.723999
vn 3.048963 -3.109216 -0.755541
v -2451.155762 461.000000 1119.600464
vn 0.804804 -3.109213 -3.036331
v -2722.639893 461.000000 843.684082
vn 3.022903 -3.109208 -0.853857
v -2454.308838 461.000000 1107.704590
vn 0.902702 -3.109199 -3.008678
v -2710.796387 461.000000 847.029419
vn 2.993668 -3.109201 -0.951298
v -2457.845459 461.000000 1095.916992
vn 0.999665 -3.109206 -2.977866
v -2699.067627 461.000000 850.756531
vn 2.961294 -3.109211 -1.047738
v -2461.761963 461.000000 1084.250122
vn 1.095555 -3.109217 -2.943939
v -2687.465820 461.000000 854.861450
vn 2.925808 -3.109191 -1.143095
v -2466.054199 461.000000 1072.716064
vn 1.190317 -3.109191 -2.906916
v -2676.002686 461.000000 859.339905
vn 2.887259 -3.109220 -1.237238
v -2470.717773 461.000000 1061.327271
vn 1.283837 -3.109210 -2.866841
v -2664.690918 461.000000 864.187256
vn 2.845678 -3.109189 -1.330087
v -2475.747559 461.000000 1050.095337
vn 1.375980 -3.109212 -2.823773
v -2653.541992 461.000000 869.398315
vn 2.801113 -3.109216 -1.421544
v -2481.138672 461.000000 1039.032104
vn 1.466694 -3.109201 -2.777737
v -2642.567383 461.000000 874.967712
vn 2.753621 -3.109205 -1.511486
v -2486.885010 461.000000 1028.149292
vn 1.555885 -3.109201 -2.728780
v -2631.779053 461.000000 880.889526
vn 2.703230 -3.109203 -1.599863
v -2492.980713 461.000000 1017.458313
vn 1.643436 -3.109207 -2.676964
v -2621.188232 461.000000 887.157593
vn 2.650008 -3.109210 -1.686556
v -2499.419434 461.000000 1006.970337
vn 1.729264 -3.109200 -2.622339
v -2610.805908 461.000000 893.765320
vn 2.593998 -3.109193 -1.771493
v -2506.194336 461.000000 996.696350
vn 1.813259 -3.109222 -2.564979
v -2600.643066 461.000000 900.705811
vn 2.535271 -3.109214 -1.854567
v -2513.298584 461.000000 986.647095
vn 1.895356 -3.109197 -2.504923
v -2590.709961 461.000000 907.971741
vn 2.473891 -3.109200 -1.935686
v -2520.724365 461.000000 976.833191
vn 1.975497 -3.109200 -2.442218
v -2581.017578 461.000000 915.555481
vn 2.409917 -3.109214 -2.014775
v -2528.464111 461.000000 967.264893
vn 2.053543 -3.109214 -2.376968
v -2571.575928 461.000000 923.449158
vn 2.343417 -3.109203 -2.091748
v -2536.509521 461.000000 957.952209
vn 2.129437 -3.109197 -2.309224
v -2562.394775 461.000000 931.644348
vn 2.274436 -3.109191 -2.166554
v -2544.852295 461.000000 948.904968
vn 2.203090 -3.109220 -2.239066
v -2553.483887 461.000000 940.132629
vn 0.101711 3.109225 3.139534
v -2807.694824 506.000000 1590.800659
vn 0.000000 3.109193 3.141181
v -2820.000000 506.000000 1591.000000
vn 0.203329 3.109186 3.134593
v -2795.402588 506.000000 1590.203125
vn 0.304728 3.109224 3.126365
v -2783.136230 506.000000 1589.207642
vn 0.405799 3.109189 3.114858
v -2770.908447 506.000000 1587.815674
vn 0.506470 3.109209 3.100081
v -2758.732178 506.000000 1586.028320
vn 0.606574 3.109217 3.082059
v -2746.620361 506.000000 1583.847656
vn 0.706056 3.109206 3.060801
v -2734.585205 506.000000 1581.276001
vn 0.804804 3.109213 3.036331
v -2722.639893 506.000000 1578.315918
vn 0.902695 3.109205 3.008680
v -2710.796387 506.000000 1574.970581
vn 0.999665 3.109196 2.977866
v -2699.067627 506.000000 1571.243530
vn 1.095569 3.109215 2.943934
v -2687.465820 506.000000 1567.138550
vn 1.190317 3.109199 2.906916
v -2676.002686 506.000000 1562.660034
vn 1.283830 3.109201 2.866844
v -2664.690918 506.000000 1557.812744
vn 1.375987 3.109208 2.823770
v -2653.541992 506.000000 1552.601685
vn 1.466694 3.109220 2.777738
v -2642.567383 506.000000 1547.032227
vn 1.555879 3.109195 2.728783
v -2631.779053 506.000000 1541.110474
vn 1.643442 3.109207 2.676960
v -2621.188232 506.000000 1534.842407
vn 1.729264 3.109210 2.622339
v -2610.805908 506.000000 1528.234619
vn 1.813248 3.109221 2.564986
v -2600.643066 506.000000 1521.294189
vn 1.895361 3.109184 2.504919
v -2590.709961 506.000000 1514.028320
vn 1.975497 3.109210 2.442218
v -2581.017578 506.000000 1506.444458
vn 2.053543 3.109194 2.376968
v -2571.575928 506.000000 1498.550903
vn 2.129437 3.109213 2.309223
v -2562.394775 506.000000 1490.355591
vn 2.203082 3.109214 2.239074
v -2553.483887 506.000000 1481.867432
vn 2.274442 3.109184 2.166547
v -2544.852295 506.000000 1473.095093
vn 2.343421 3.109208 2.091745
v -2536.509521 506.000000 1464.047729
vn 2.409911 3.109215 2.014782
v -2528.464111 506.000000 1454.735107
vn 2.473891 3.109199 1.935686
v -2520.724365 506.000000 1445.166870
vn 2.535271 3.109221 1.854567
v -2513.298584 506.000000 1435.352905
vn 2.593998 3.109188 1.771493
v -2506.194336 506.000000 1425.303711
vn 2.650013 3.109209 1.686549
v -2499.419434 506.000000 1415.029663
vn 2.703231 3.109208 1.599863
v -2492.980713 506.000000 1404.541626
vn 2.753618 3.109205 1.511490
v -2486.885010 506.000000 1393.850708
vn 2.801113 3.109219 1.421544
v -2481.138672 506.000000 1382.967896
vn 2.845678 3.109191 1.330087
v -2475.747559 506.000000 1371.904663
vn 2.887259 3.109221 1.237238
v -2470.717773 506.000000 1360.672729
vn 2.925808 3.109202 1.143095
v -2466.054199 506.000000 1349.283936
vn 2.961294 3.109208 1.047738
v -2461.761963 506.000000 1337.749878
vn 2.993668 3.109200 0.951298
v -2457.845459 506.000000 1326.083008
vn 3.022903 3.109209 0.853857
v -2454.308838 506.000000 1314.295410
vn 3.048963 3.109216 0.755541
v -2451.155762 506.000000 1302.399536
vn 3.071830 3.109195 0.656412
v -2448.389404 506.000000 1290.407715
vn 3.091479 3.109216 0.556574
v -2446.012939 506.000000 1278.332520
vn 3.107877 3.109227 0.456205
v -2444.028809 506.000000 1266.186890
vn 3.121017 3.109189 0.355333
v -2442.438721 506.000000 1253.983276
vn 3.130890 3.109203 0.254059
v -2441.244873 506.000000 1241.734619
vn 3.137475 3.109197 0.152534
v -2440.448242 506.000000 1229.453613
vn 3.140769 3.109212 0.050855
v -2440.049805 506.000000 1217.153320
vn 3.140769 3.109210 -0.050855
v -2440.049805 506.000000 1204.846680
vn 3.137475 3.109197 -0.152534
v -2440.448242 506.000000 1192.546387
vn 3.130890 3.109208 -0.254059
v -2441.244873 506.000000 1180.265381
vn 3.121017 3.109188 -0.355333
v -2442.438721 506.000000 1168.016724
vn 3.107877 3.109230 -0.456205
v -2444.028809 506.000000 1155.813110
vn 3.091479 3.109202 -0.556574
v -2446.012939 506.000000 1143.667480
vn 3.071830 3.109208 -0.656412
v -2448.389404 506.000000 1131.592285
vn 3.048963 3.109219 -0.755541
v -2451.155762 506.000000 1119.600464
vn 3.022903 3.109206 -0.853857
v -2454.308838 506.000000 1107.704590
vn 2.993668 3.109211 -0.951298
v -2457.845459 506.000000 1095.916992
vn 2.961294 3.109210 -1.047738
v -2461.761963 506.000000 1084.250122
vn 2.925807 3.109191 -1.143095
v -2466.054199 506.000000 1072.716064
vn 2.887259 3.109216 -1.237238
v -2470.717773 506.000000 1061.327271
vn 2.845678 3.109188 -1.330087
v -2475.747559 506.000000 1050.095337
vn 2.801113 3.109226 -1.421544
v -2481.138672 506.000000 1039.032104
vn 2.753620 3.109206 -1.511486
v -2486.885010 506.000000 1028.149292
vn 2.703230 3.109203 -1.599863
v -2492.980713 506.000000 1017.458313
vn 2.650009 3.109206 -1.686556
v -2499.419434 506.000000 1006.970337
vn 2.593998 3.109193 -1.771493
v -2506.194336 506.000000 996.696350
vn 2.535271 3.109208 -1.854567
v -2513.298584 506.000000 986.647095
vn 2.473891 3.109202 -1.935686
v -2520.724365 506.000000 976.833191
vn 2.409917 3.109209 -2.014774
v -2528.464111 506.000000 967.264893
vn 2.343417 3.109206 -2.091749
v -2536.509521 506.000000 957.952209
vn 2.274435 3.109191 -2.166554
v -2544.852295 506.000000 948.904968
vn 2.203090 3.109221 -2.239066
v -2553.483887 506.000000 940.132629
vn 2.129437 3.109198 -2.309224
v -2562.394775 506.000000 931.644348
vn 2.053543 3.109214 -2.376968
v -2571.575928 506.000000 923.449158
vn 1.975497 3.109194 -2.442218
v -2581.017578 506.000000 915.555481
vn 1.895356 3.109197 -2.504923
v -2590.709961 506.000000 907.971741
vn 1.813258 3.109223 -2.564978
v -2600.643066 506.000000 900.705811
vn 1.729264 3.109209 -2.622339
v -2610.805908 506.000000 893.765320
vn 1.643436 3.109206 -2.676963
v -2621.188232 506.000000 887.157593
vn 1.555885 3.109201 -2.728780
v -2631.779053 506.000000 880.889526
vn 1.466694 3.109201 -2.777738
v -2642.567383 506.000000 874.967712
vn 1.375980 3.109216 -2.823773
v -2653.541992 506.000000 869.398315
vn 1.283837 3.109210 -2.866841
v -2664.690918 506.000000 864.187256
vn 1.190317 3.109191 -2.906916
v -2676.002686 506.000000 859.339905
vn 1.095555 3.109210 -2.943939
v -2687.465820 506.000000 854.861450
vn 0.999665 3.109204 -2.977866
v -2699.067627 506.000000 850.756531
vn 0.902702 3.109200 -3.008678
v -2710.796387 506.000000 847.029419
vn 0.804804 3.109213 -3.036331
v -2722.639893 506.000000 843.684082
vn 0.706064 3.109205 -3.060799
v -2734.585205 506.000000 840.723999
vn 0.606573 3.109206 -3.082059
v -2746.620361 506.000000 838.152283
vn 0.506455 3.109208 -3.100084
v -2758.732178 506.000000 835.971680
vn 0.405806 3.109206 -3.114857
v -2770.908447 506.000000 834.184387
vn 0.304727 3.109202 -3.126365
v -2783.136230 506.000000 832.792297
vn 0.203329 3.109227 -3.134593
v -2795.402588 506.000000 831.796936
vn 0.101718 3.109204 -3.139534
v -2807.694824 506.000000 831.199280
vn 0.000000 3.109209 -3.141181
v -2820.000000 506.000000 831.000000
vn -0.101718 3.109206 -3.139534
v -2832.305176 506.000000 831.199280
vn -0.203329 3.109211 -3.134593
v -2844.597412 506.000000 831.796936
vn -0.304727 3.109202 -3.126365
v -2856.863770 506.000000 832.792297
vn -0.405807 3.109200 -3.114858
v -2869.091553 506.000000 834.184387
vn -0.506455 3.109206 -3.100084
v -2881.267822 506.000000 835.971680
vn -0.606573 3.109211 -3.082058
v -2893.379639 506.000000 838.152283
vn -0.706064 3.109200 -3.060799
v -2905.414795 506.000000 840.723999
vn -0.804804 3.109215 -3.036331
v -2917.360107 506.000000 843.684082
vn -0.902702 3.109198 -3.008678
v -2929.203613 506.000000 847.029419
vn -0.999665 3.109204 -2.977866
v -2940.932373 506.000000 850.756531
vn -1.095555 3.109217 -2.943939
v -2952.534180 506.000000 854.861450
vn -1.190317 3.109189 -2.906916
v -2963.997314 506.000000 859.339905
vn -1.283837 3.109212 -2.866841
v -2975.309082 506.000000 864.187256
vn -1.375980 3.109210 -2.823773
v -2986.458008 506.000000 869.398315
vn -1.466694 3.109200 -2.777737
v -2997.432617 506.000000 874.967712
vn -1.555885 3.109202 -2.728780
v -3008.220947 506.000000 880.889526
vn -1.643436 3.109205 -2.676964
v -3018.811768 506.000000 887.157593
vn -1.729264 3.109205 -2.622339
v -3029.194092 506.000000 893.765320
vn -1.813258 3.109221 -2.564978
v -3039.356934 506.000000 900.705811
vn -1.895356 3.109200 -2.504923
v -3049.290039 506.000000 907.971741
vn -1.975497 3.109195 -2.442218
v -3058.982422 506.000000 915.555481
vn -2.053543 3.109216 -2.376968
v -3068.424072 506.000000 923.449158
vn -2.129437 3.109197 -2.309224
v -3077.605225 506.000000 931.644348
vn -2.203090 3.109223 -2.239066
v -3086.516113 506.000000 940.132629
vn -2.274436 3.109195 -2.166554
v -3095.147705 506.000000 948.904968
vn -2.343417 3.109206 -2.091749
v -3103.490479 506.000000 957.952209
vn -2.409917 3.109214 -2.014774
v -3111.535889 506.000000 967.264893
vn -2.473891 3.109199 -1.935686
v -3119.275635 506.000000 976.833191
vn -2.535271 3.109217 -1.854567
v -3126.701416 506.000000 986.647095
vn -2.593998 3.109193 -1.771493
v -3133.805664 506.000000 996.696350
vn -2.650008 3.109206 -1.686556
v -3140.580566 506.000000 1006.970337
vn -2.703230 3.109204 -1.599863
v -3147.019287 506.000000 1017.458313
vn -2.753620 3.109205 -1.511486
v -3153.114990 506.000000 1028.149292
vn -2.801113 3.109215 -1.421544
v -3158.861328 506.000000 1039.032104
vn -2.845678 3.109191 -1.330087
v -3164.252441 506.000000 1050.095337
vn -2.887259 3.109221 -1.237238
v -3169.282227 506.000000 1061.327271
vn -2.925807 3.109198 -1.143095
v -3173.945801 506.000000 1072.716064
vn -2.961294 3.109207 -1.047738
v -3178.238037 506.000000 1084.250122
vn -2.993668 3.109208 -0.951298
v -3182.154541 506.000000 1095.916992
vn -3.022903 3.109206 -0.853857
v -3185.691162 506.000000 1107.704590
vn -3.048963 3.109219 -0.755541
v -3188.844238 506.000000 1119.600464
vn -3.071830 3.109200 -0.656412
v -3191.610596 506.000000 1131.592285
vn -3.091479 3.109200 -0.556574
v -3193.987061 506.000000 1143.667480
vn -3.107877 3.109222 -0.456205
v -3195.971191 506.000000 1155.813110
vn -3.121017 3.109188 -0.355333
v -3197.561279 506.000000 1168.016724
vn -3.130890 3.109213 -0.254059
v -3198.755127 506.000000 1180.265381
vn -3.137475 3.109197 -0.152534
v -3199.551758 506.000000 1192.546387
vn -3.140769 3.109211 -0.050855
v -3199.950195 506.000000 1204.846680
vn -3.140769 3.109211 0.050855
v -3199.950195 506.000000 1217.153320
vn -3.137475 3.109196 0.152534
v -3199.551758 506.000000 1229.453613
vn -3.130890 3.109208 0.254059
v -3198.755127 506.000000 1241.734619
vn -3.121018 3.109185 0.355333
v -3197.561279 506.000000 1253.983276
vn -3.107876 3.109229 0.456205
v -3195.971191 506.000000 1266.186890
vn -3.091479 3.109207 0.556574
v -3193.987061 506.000000 1278.332520
vn -3.071830 3.109195 0.656412
v -3191.610596 506.000000 1290.407715
vn -3.048963 3.109222 0.755541
v -3188.844238 506.000000 1302.399536
vn -3.022903 3.109206 0.853857
v -3185.691162 506.000000 1314.295410
vn -2.993668 3.109201 0.951298
v -3182.154541 506.000000 1326.083008
vn -2.961294 3.109203 1.047738
v -3178.238037 506.000000 1337.749878
vn -2.925808 3.109197 1.143095
v -3173.945801 506.000000 1349.283936
vn -2.887259 3.109221 1.237238
v -3169.282227 506.000000 1360.672729
vn -2.845678 3.109187 1.330087
v -3164.252441 506.000000 1371.904663
vn -2.801113 3.109220 1.421544
v -3158.861328 506.000000 1382.967896
vn -2.753619 3.109202 1.511490
v -3153.114990 506.000000 1393.850708
vn -2.703230 3.109209 1.599863
v -3147.019287 506.000000 1404.541626
vn -2.650013 3.109196 1.686549
v -3140.580566 506.000000 1415.029663
vn -2.593998 3.109192 1.771493
v -3133.805664 506.000000 1425.303711
vn -2.535271 3.109216 1.854567
v -3126.701416 506.000000 1435.352905
vn -2.473891 3.109195 1.935686
v -3119.275635 506.000000 1445.166870
vn -2.409911 3.109213 2.014782
v -3111.535889 506.000000 1454.735107
vn -2.343421 3.109211 2.091745
v -3103.490479 506.000000 1464.047729
vn -2.274442 3.109195 2.166546
v -3095.147705 506.000000 1473.095093
vn -2.203082 3.109213 2.239074
v -3086.516113 506.000000 1481.867432
vn -2.129438 3.109206 2.309224
v -3077.605225 506.000000 1490.355591
vn -2.053542 3.109199 2.376968
v -3068.424072 506.000000 1498.550903
vn -1.975497 3.109214 2.442218
v -3058.982422 506.000000 1506.444458
vn -1.895361 3.109184 2.504919
v -3049.290039 506.000000 1514.028320
vn -1.813248 3.109222 2.564986
v -3039.356934 506.000000 1521.294189
vn -1.729265 3.109208 2.622339
v -3029.194092 506.000000 1528.234619
vn -1.643442 3.109210 2.676960
v -3018.811768 506.000000 1534.842407
vn -1.555879 3.109195 2.728783
v -3008.220947 506.000000 1541.110474
vn -1.466694 3.109216 2.777738
v -2997.432617 506.000000 1547.032227
vn -1.375987 3.109198 2.823770
v -2986.458008 506.000000 1552.601685
vn -1.283830 3.109202 2.866844
v -2975.309082 506.000000 1557.812744
vn -1.190317 3.109199 2.906916
v -2963.997314 506.000000 1562.660034
vn -1.095569 3.109203 2.943934
v -2952.534180 506.000000 1567.138550
vn -0.999665 3.109195 2.977866
v -2940.932373 506.000000 1571.243530
vn -0.902695 3.109200 3.008680
v -2929.203613 506.000000 1574.970581
vn -0.804804 3.109213 3.036331
v -2917.360107 506.000000 1578.315918
vn -0.706056 3.109201 3.060800
v -2905.414795 506.000000 1581.276001
vn -0.606574 3.109217 3.082059
v -2893.379639 506.000000 1583.847656
vn -0.506470 3.109209 3.100081
v -2881.267822 506.000000 1586.028320
vn -0.405799 3.109185 3.114858
v -2869.091553 506.000000 1587.815674
vn -0.304728 3.109224 3.126365
v -2856.863770 506.000000 1589.207642
vn -0.203329 3.109186 3.134593
v -2844.597412 506.000000 1590.203125
vn -0.101711 3.109225 3.139534
v -2832.305176 506.000000 1590.800659
# 6160 vertices, 0 vertices normals

f 1//1 2//2 3//3
f 1//1 3//3 4//4
f 5//5 6//6 2//2
f 5//5 2//2 1//1
f 7//7 8//8 6//6
f 7//7 6//6 5//5
f 3//3 8//8 7//7
f 4//4 3//3 7//7
f 8//8 3//3 2//2
f 6//6 8//8 2//2
f 7//7 5//5 1//1
f 7//7 1//1 4//4
f 9//9 10//10 11//11
f 9//9 11//11 12//12
f 13//13 14//14 10//10
f 13//13 10//10 9//9
f 15//15 16//16 14//14
f 15//15 14//14 13//13
f 12//12 11//11 16//16
f 12//12 16//16 15//15
f 11//11 10//10 14//14
f 16//16 11//11 14//14
f 15//15 13//13 9//9
f 12//12 15//15 9//9
f 17//17 18//18 19//19
f 17//17 19//19 20//20
f 21//21 22//22 18//18
f 21//21 18//18 17//17
f 23//23 24//24 22//22
f 23//23 22//22 21//21
f 20//20 19//19 24//24
f 20//20 24//24 23//23
f 22//22 24//24 19//19
f 18//18 22//22 19//19
f 21//21 20//20 23//23
f 21//21 17//17 20//20
f 25//25 26//26 27//27
f 28//28 25//25 27//27
f 29//29 30//30 25//25
f 29//29 25//25 28//28
f 31//31 32//32 30//30
f 31//31 30//30 29//29
f 27//27 26//26 32//32
f 27//27 32//32 31//31
f 25//25 30//30 32//32
f 25//25 32//32 26//26
f 28//28 27//27 31//31
f 29//29 28//28 31//31
f 33//33 34//34 35//35
f 33//33 35//35 36//36
f 37//37 38//38 34//34
f 37//37 34//34 33//33
f 39//39 40//40 38//38
f 39//39 38//38 37//37
f 36//36 35//35 40//40
f 36//36 40//40 39//39
f 38//38 40//40 35//35
f 34//34 38//38 35//35
f 37//37 36//36 39//39
f 37//37 33//33 36//36
f 41//41 42//42 43//43
f 41//41 43//43 44//44
f 45//45 46//46 42//42
f 45//45 42//42 41//41
f 47//47 48//48 46//46
f 47//47 46//46 45//45
f 44//44 43//43 48//48
f 44//44 48//48 47//47
f 48//48 43//43 42//42
f 48//48 42//42 46//46
f 44//44 47//47 45//45
f 44//44 45//45 41//41
f 49//49 50//50 51//51
f 49//49 51//51 52//52
f 53//53 54//54 50//50
f 53//53 50//50 49//49
f 55//55 56//56 54//54
f 55//55 54//54 53//53
f 52//52 51//51 56//56
f 52//52 56//56 55//55
f 56//56 50//50 54//54
f 56//56 51//51 50//50
f 49//49 55//55 53//53
f 52//52 55//55 49//49
f 57//57 58//58 59//59
f 57//57 59//59 60//60
f 61//61 62//62 58//58
f 61//61 58//58 57//57
f 63//63 62//62 61//61
f 64//64 63//63 61//61
f 65//65 66//66 63//63
f 65//65 63//63 64//64
f 67//67 68//68 66//66
f 67//67 66//66 65//65
f 69//69 70//70 68//68
f 69//69 68//68 67//67
f 71//71 72//72 70//70
f 71//71 70//70 69//69
f 60//60 59//59 72//72
f 60//60 72//72 71//71
f 66//66 62//62 63//63
f 66//66 68//68 70//70
f 58//58 62//62 66//66
f 72//72 59//59 58//58
f 70//70 72//72 58//58
f 70//70 58//58 66//66
f 65//65 69//69 67//67
f 61//61 65//65 64//64
f 57//57 65//65 61//61
f 60//60 71//71 57//57
f 71//71 69//69 65//65
f 71//71 65//65 57//57
f 73//73 74//74 75//75
f 73//73 75//75 76//76
f 76//76 75//75 77//77
f 76//76 77//77 78//78
f 79//79 80//80 74//74
f 79//79 74//74 73//73
f 78//78 77//77 80//80
f 78//78 80//80 79//79
f 80//80 77//77 75//75
f 80//80 75//75 74//74
f 78//78 79//79 73//73
f 78//78 73//73 76//76
f 81//81 82//82 83//83
f 84//84 81//81 83//83
f 85//85 86//86 81//81
f 85//85 81//81 84//84
f 87//87 88//88 86//86
f 87//87 86//86 85//85
f 89//89 90//90 88//88
f 89//89 88//88 87//87
f 82//82 90//90 89//89
f 83//83 82//82 89//89
f 88//88 81//81 86//86
f 90//90 82//82 88//88
f 82//82 81//81 88//88
f 87//87 85//85 84//84
f 83//83 89//89 87//87
f 84//84 83//83 87//87
f 91//91 92//92 93//93
f 91//91 93//93 94//94
f 95//95 96//96 92//92
f 95//95 92//92 91//91
f 97//97 98//98 96//96
f 97//97 96//96 95//95
f 94//94 93//93 98//98
f 94//94 98//98 97//97
f 96//96 98//98 93//93
f 92//92 96//96 93//93
f 95//95 94//94 97//97
f 95//95 91//91 94//94
f 99//99 100//100 101//101
f 102//102 99//99 101//101
f 103//103 104//104 99//99
f 103//103 99//99 102//102
f 105//105 106//106 104//104
f 105//105 104//104 103//103
f 107//107 108//108 106//106
f 107//107 106//106 105//105
f 101//101 100//100 108//108
f 101//101 108//108 107//107
f 108//108 100//100 99//99
f 108//108 99//99 104//104
f 106//106 108//108 104//104
f 107//107 105//105 103//103
f 102//102 107//107 103//103
f 101//101 107//107 102//102
f 109//109 110//110 111//111
f 109//109 111//111 112//112
f 113//113 114//114 110//110
f 113//113 110//110 109//109
f 115//115 116//116 114//114
f 115//115 114//114 113//113
f 112//112 111//111 116//116
f 112//112 116//116 115//115
f 110//110 114//114 116//116
f 111//111 110//110 116//116
f 109//109 112//112 115//115
f 109//109 115//115 113//113
f 117//117 118//118 119//119
f 117//117 119//119 120//120
f 121//121 118//118 117//117
f 122//122 121//121 117//117
f 120//120 119//119 121//121
f 120//120 121//121 122//122
f 121//121 119//119 118//118
f 120//120 122//122 117//117
f 123//123 124//124 125//125
f 123//123 125//125 126//126
f 127//127 128//128 124//124
f 127//127 124//124 123//123
f 129//129 130//130 128//128
f 129//129 128//128 127//127
f 126//126 125//125 130//130
f 126//126 130//130 129//129
f 130//130 125//125 124//124
f 130//130 124//124 128//128
f 123//123 129//129 127//127
f 126//126 129//129 123//123
f 131//131 132//132 133//133
f 134//134 131//131 133//133
f 135//135 136//136 131//131
f 135//135 131//131 134//134
f 137//137 138//138 136//136
f 137//137 136//136 135//135
f 133//133 132//132 138//138
f 133//133 138//138 137//137
f 138//138 132//132 131//131
f 138//138 131//131 136//136
f 134//134 137//137 135//135
f 133//133 137//137 134//134
f 139//139 140//140 141//141
f 139//139 141//141 142//142
f 142//142 141//141 143//143
f 142//142 143//143 144//144
f 139//139 145//145 146//146
f 147//147 145//145 148//148
f 142//142 144//144 139//139
f 139//139 144//144 145//145
f 144//144 148//148 145//145
f 149//149 140//140 139//139
f 146//146 149//149 139//139
f 144//144 143//143 150//150
f 144//144 150//150 148//148
f 147//147 150//150 151//151
f 148//148 150//150 147//147
f 147//147 151//151 152//152
f 147//147 152//152 145//145
f 146//146 152//152 149//149
f 145//145 152//152 146//146
f 153//153 154//154 155//155
f 156//156 153//153 155//155
f 157//157 155//155 154//154
f 157//157 154//154 151//151
f 158//158 140//140 159//159
f 158//158 159//159 152//152
f 158//158 160//160 140//140
f 161//161 162//162 93//93
f 161//161 163//163 162//162
f 164//164 165//165 166//166
f 167//167 165//165 164//164
f 168//168 169//169 170//170
f 171//171 169//169 168//168
f 172//172 141//141 173//173
f 153//153 141//141 172//172
f 143//143 153//153 156//156
f 141//141 140//140 162//162
f 162//162 140//140 160//160
f 141//141 162//162 163//163
f 141//141 163//163 166//166
f 141//141 166//166 165//165
f 141//141 165//165 170//170
f 141//141 170//170 169//169
f 141//141 169//169 173//173
f 152//152 151//151 153//153
f 153//153 151//151 154//154
f 152//152 153//153 158//158
f 158//158 153//153 93//93
f 93//93 153//153 161//161
f 161//161 153//153 164//164
f 164//164 153//153 167//167
f 167//167 153//153 168//168
f 168//168 153//153 171//171
f 171//171 153//153 172//172
f 157//157 143//143 156//156
f 157//157 156//156 155//155
f 143//143 141//141 153//153
f 93//93 160//160 158//158
f 93//93 162//162 160//160
f 164//164 163//163 161//161
f 164//164 166//166 163//163
f 168//168 165//165 167//167
f 168//168 170//170 165//165
f 171//171 173//173 169//169
f 172//172 173//173 171//171
f 174//174 175//175 176//176
f 177//177 174//174 176//176
f 178//178 179//179 174//174
f 178//178 174//174 177//177
f 180//180 181//181 179//179
f 180//180 179//179 178//178
f 182//182 183//183 181//181
f 182//182 181//181 180//180
f 175//175 183//183 182//182
f 176//176 175//175 182//182
f 179//179 175//175 174//174
f 183//183 179//179 181//181
f 183//183 175//175 179//179
f 178//178 182//182 180//180
f 176//176 178//178 177//177
f 176//176 182//182 178//178
f 184//184 185//185 186//186
f 184//184 186//186 187//187
f 188//188 189//189 185//185
f 188//188 185//185 184//184
f 190//190 189//189 188//188
f 191//191 190//190 188//188
f 192//192 190//190 191//191
f 193//193 192//192 191//191
f 194//194 195//195 192//192
f 194//194 192//192 193//193
f 196//196 197//197 195//195
f 196//196 195//195 194//194
f 198//198 199//199 197//197
f 198//198 197//197 196//196
f 187//187 186//186 199//199
f 187//187 199//199 198//198
f 190//190 192//192 195//195
f 186//186 190//190 195//195
f 197//197 186//186 195//195
f 199//199 186//186 197//197
f 189//189 186//186 185//185
f 189//189 190//190 186//186
f 187//187 198//198 196//196
f 188//188 184//184 187//187
f 191//191 188//188 187//187
f 194//194 187//187 196//196
f 194//194 191//191 187//187
f 193//193 191//191 194//194
f 200//200 201//201 202//202
f 200//200 202//202 203//203
f 204//204 205//205 201//201
f 204//204 201//201 200//200
f 202//202 205//205 204//204
f 203//203 202//202 204//204
f 202//202 201//201 205//205
f 200//200 203//203 204//204
f 206//206 207//207 208//208
f 209//209 206//206 208//208
f 210//210 211//211 206//206
f 210//210 206//206 209//209
f 212//212 211//211 210//210
f 213//213 212//212 210//210
f 208//208 207//207 212//212
f 208//208 212//212 213//213
f 211//211 207//207 206//206
f 212//212 207//207 211//211
f 208//208 213//213 210//210
f 208//208 210//210 209//209
f 214//214 215//215 216//216
f 214//214 216//216 217//217
f 218//218 219//219 215//215
f 218//218 215//215 214//214
f 220//220 221//221 219//219
f 220//220 219//219 218//218
f 222//222 223//223 221//221
f 222//222 221//221 220//220
f 216//216 223//223 222//222
f 217//217 216//216 222//222
f 216//216 215//215 219//219
f 221//221 216//216 219//219
f 223//223 216//216 221//221
f 217//217 222//222 220//220
f 217//217 220//220 218//218
f 214//214 217//217 218//218
f 224//224 225//225 226//226
f 227//227 224//224 226//226
f 228//228 224//224 227//227
f 229//229 228//228 227//227
f 230//230 228//228 229//229
f 231//231 230//230 229//229
f 225//225 230//230 231//231
f 226//226 225//225 231//231
f 230//230 225//225 224//224
f 230//230 224//224 228//228
f 226//226 231//231 229//229
f 226//226 229//229 227//227
f 232//232 233//233 234//234
f 235//235 232//232 234//234
f 236//236 232//232 235//235
f 237//237 236//236 235//235
f 238//238 236//236 237//237
f 239//239 238//238 237//237
f 233//233 238//238 239//239
f 234//234 233//233 239//239
f 236//236 233//233 232//232
f 236//236 238//238 233//233
f 239//239 237//237 235//235
f 239//239 235//235 234//234
f 240//240 241//241 242//242
f 240//240 242//242 243//243
f 244//244 245//245 241//241
f 244//244 241//241 240//240
f 246//246 245//245 244//244
f 247//247 246//246 244//244
f 243//243 242//242 246//246
f 243//243 246//246 247//247
f 245//245 242//242 241//241
f 246//246 242//242 245//245
f 243//243 247//247 244//244
f 243//243 244//244 240//240
f 248//248 249//249 250//250
f 251//251 248//248 250//250
f 252//252 253//253 248//248
f 252//252 248//248 251//251
f 254//254 255//255 253//253
f 254//254 253//253 252//252
f 250//250 249//249 255//255
f 250//250 255//255 254//254
f 253//253 249//249 248//248
f 255//255 249//249 253//253
f 250//250 252//252 251//251
f 250//250 254//254 252//252
f 256//256 257//257 258//258
f 259//259 256//256 258//258
f 260//260 261//261 256//256
f 260//260 256//256 259//259
f 262//262 261//261 260//260
f 263//263 262//262 260//260
f 258//258 257//257 262//262
f 258//258 262//262 263//263
f 261//261 257//257 256//256
f 262//262 257//257 261//261
f 258//258 263//263 260//260
f 258//258 260//260 259//259
f 264//264 265//265 266//266
f 267//267 264//264 266//266
f 268//268 269//269 264//264
f 268//268 264//264 267//267
f 270//270 269//269 268//268
f 271//271 270//270 268//268
f 266//266 265//265 270//270
f 266//266 270//270 271//271
f 264//264 269//269 270//270
f 264//264 270//270 265//265
f 268//268 266//266 271//271
f 268//268 267//267 266//266
f 272//272 273//273 274//274
f 275//275 272//272 274//274
f 276//276 277//277 272//272
f 276//276 272//272 275//275
f 278//278 279//279 277//277
f 278//278 277//277 276//276
f 273//273 279//279 278//278
f 274//274 273//273 278//278
f 279//279 272//272 277//277
f 273//273 272//272 279//279
f 275//275 274//274 278//278
f 275//275 278//278 276//276
f 280//280 281//281 282//282
f 280//280 282//282 283//283
f 284//284 285//285 282//282
f 286//286 283//283 282//282
f 287//287 284//284 282//282
f 288//288 289//289 290//290
f 291//291 289//289 288//288
f 292//292 293//293 294//294
f 295//295 296//296 297//297
f 295//295 298//298 296//296
f 299//299 294//294 300//300
f 301//301 294//294 299//299
f 302//302 293//293 292//292
f 281//281 302//302 301//301
f 281//281 293//293 302//302
f 303//303 281//281 280//280
f 285//285 286//286 282//282
f 303//303 293//293 281//281
f 293//293 285//285 284//284
f 293//293 284//284 290//290
f 293//293 290//290 289//289
f 293//293 289//289 296//296
f 293//293 296//296 298//298
f 293//293 298//298 300//300
f 293//293 300//300 294//294
f 280//280 283//283 286//286
f 280//280 286//286 303//303
f 282//282 281//281 297//297
f 297//297 281//281 295//295
f 295//295 281//281 299//299
f 299//299 281//281 301//301
f 282//282 297//297 291//291
f 282//282 291//291 288//288
f 282//282 288//288 287//287
f 288//288 290//290 284//284
f 288//288 284//284 287//287
f 291//291 296//296 289//289
f 297//297 296//296 291//291
f 295//295 300//300 298//298
f 299//299 300//300 295//295
f 302//302 292//292 294//294
f 302//302 294//294 301//301
f 304//304 293//293 303//303
f 304//304 305//305 293//293
f 306//306 286//286 285//285
f 306//306 285//285 307//307
f 307//307 308//308 306//306
f 309//309 308//308 307//307
f 308//308 304//304 286//286
f 308//308 286//286 306//306
f 285//285 305//305 309//309
f 307//307 285//285 309//309
f 309//309 305//305 304//304
f 309//309 304//304 308//308
f 310//310 311//311 312//312
f 313//313 314//314 315//315
f 313//313 310//310 314//314
f 316//316 312//312 311//311
f 317//317 310//310 318//318
f 317//317 314//314 310//310
f 319//319 313//313 315//315
f 320//320 316//316 311//311
f 321//321 318//318 316//316
f 321//321 316//316 320//320
f 322//322 319//319 317//317
f 322//322 317//317 318//318
f 322//322 318//318 321//321
f 323//323 324//324 325//325
f 323//323 325//325 326//326
f 327//327 319//319 322//322
f 327//327 313//313 319//319
f 328//328 321//321 324//324
f 328//328 322//322 321//321
f 329//329 324//324 323//323
f 329//329 328//328 324//324
f 330//330 331//331 328//328
f 330//330 328//328 329//329
f 332//332 333//333 334//334
f 332//332 334//334 326//326
f 332//332 326//326 325//325
f 335//335 323//323 333//333
f 335//335 329//329 323//323
f 336//336 337//337 335//335
f 336//336 333//333 332//332
f 336//336 335//335 333//333
f 313//313 311//311 310//310
f 311//311 332//332 320//320
f 320//320 332//332 325//325
f 336//336 313//313 327//327
f 336//336 327//327 331//331
f 336//336 331//331 330//330
f 336//336 330//330 337//337
f 311//311 313//313 338//338
f 338//338 313//313 339//339
f 332//332 338//338 340//340
f 332//332 311//311 338//338
f 336//336 332//332 341//341
f 341//341 332//332 340//340
f 313//313 336//336 339//339
f 339//339 336//336 341//341
f 339//339 340//340 338//338
f 339//339 341//341 340//340
f 342//342 330//330 343//343
f 343//343 330//330 329//329
f 344//344 345//345 346//346
f 347//347 344//344 346//346
f 348//348 346//346 349//349
f 348//348 347//347 346//346
f 350//350 351//351 352//352
f 350//350 349//349 351//351
f 350//350 348//348 349//349
f 353//353 350//350 352//352
f 354//354 352//352 355//355
f 354//354 353//353 352//352
f 356//356 355//355 357//357
f 356//356 354//354 355//355
f 358//358 357//357 359//359
f 358//358 356//356 357//357
f 360//360 358//358 359//359
f 360//360 359//359 361//361
f 362//362 360//360 361//361
f 362//362 361//361 363//363
f 364//364 362//362 363//363
f 364//364 363//363 365//365
f 366//366 364//364 365//365
f 366//366 365//365 367//367
f 368//368 366//366 367//367
f 368//368 367//367 369//369
f 370//370 368//368 369//369
f 370//370 369//369 371//371
f 372//372 370//370 371//371
f 372//372 373//373 374//374
f 372//372 371//371 373//373
f 375//375 372//372 374//374
f 375//375 374//374 376//376
f 377//377 375//375 376//376
f 378//378 377//377 376//376
f 378//378 376//376 379//379
f 380//380 378//378 379//379
f 380//380 379//379 381//381
f 382//382 381//381 383//383
f 382//382 380//380 381//381
f 384//384 383//383 385//385
f 384//384 382//382 383//383
f 386//386 387//387 388//388
f 386//386 385//385 387//387
f 386//386 384//384 385//385
f 389//389 388//388 390//390
f 389//389 386//386 388//388
f 391//391 389//389 390//390
f 392//392 391//391 390//390
f 392//392 390//390 393//393
f 394//394 392//392 393//393
f 394//394 393//393 395//395
f 396//396 394//394 395//395
f 396//396 397//397 398//398
f 396//396 395//395 397//397
f 399//399 396//396 398//398
f 400//400 399//399 398//398
f 400//400 398//398 401//401
f 402//402 400//400 401//401
f 402//402 401//401 403//403
f 404//404 402//402 403//403
f 404//404 405//405 406//406
f 404//404 403//403 405//405
f 407//407 404//404 406//406
f 408//408 407//407 406//406
f 408//408 406//406 409//409
f 410//410 408//408 409//409
f 410//410 411//411 412//412
f 410//410 409//409 411//411
f 413//413 410//410 412//412
f 414//414 413//413 412//412
f 414//414 412//412 415//415
f 416//416 414//414 415//415
f 416//416 415//415 417//417
f 418//418 416//416 417//417
f 418//418 419//419 420//420
f 418//418 417//417 419//419
f 421//421 418//418 420//420
f 422//422 421//421 420//420
f 422//422 420//420 423//423
f 424//424 425//425 426//426
f 424//424 423//423 425//425
f 424//424 422//422 423//423
f 427//427 424//424 426//426
f 428//428 429//429 430//430
f 428//428 426//426 429//429
f 428//428 427//427 426//426
f 431//431 428//428 430//430
f 432//432 433//433 434//434
f 432//432 430//430 433//433
f 432//432 431//431 430//430
f 435//435 432//432 434//434
f 436//436 434//434 437//437
f 436//436 435//435 434//434
f 438//438 437//437 439//439
f 438//438 436//436 437//437
f 440//440 439//439 441//441
f 440//440 438//438 439//439
f 442//442 440//440 441//441
f 442//442 443//443 444//444
f 442//442 441//441 443//443
f 445//445 442//442 444//444
f 446//446 445//445 444//444
f 446//446 444//444 447//447
f 448//448 446//446 447//447
f 448//448 447//447 449//449
f 343//343 448//448 449//449
f 343//343 449//449 342//342
f 337//337 344//344 335//335
f 337//337 345//345 344//344
f 444//444 342//342 449//449
f 444//444 449//449 447//447
f 443//443 342//342 444//444
f 441//441 342//342 443//443
f 439//439 342//342 441//441
f 437//437 342//342 439//439
f 434//434 342//342 437//437
f 337//337 330//330 342//342
f 419//419 423//423 420//420
f 417//417 425//425 423//423
f 417//417 423//423 419//419
f 415//415 425//425 417//417
f 411//411 415//415 412//412
f 409//409 415//415 411//411
f 405//405 415//415 409//409
f 405//405 409//409 406//406
f 398//398 403//403 401//401
f 390//390 398//398 397//397
f 390//390 397//397 395//395
f 390//390 395//395 393//393
f 381//381 385//385 383//383
f 345//345 425//425 415//415
f 345//345 415//415 405//405
f 345//345 434//434 433//433
f 345//345 433//433 430//430
f 345//345 430//430 429//429
f 345//345 429//429 426//426
f 345//345 426//426 425//425
f 345//345 337//337 342//342
f 345//345 342//342 434//434
f 379//379 403//403 398//398
f 379//379 398//398 390//390
f 379//379 405//405 403//403
f 379//379 345//345 405//405
f 379//379 390//390 388//388
f 379//379 385//385 381//381
f 379//379 388//388 387//387
f 379//379 387//387 385//385
f 349//349 346//346 345//345
f 373//373 376//376 374//374
f 352//352 349//349 345//345
f 352//352 351//351 349//349
f 367//367 379//379 376//376
f 367//367 373//373 371//371
f 367//367 371//371 369//369
f 367//367 376//376 373//373
f 359//359 352//352 345//345
f 359//359 357//357 355//355
f 359//359 355//355 352//352
f 363//363 367//367 365//365
f 363//363 361//361 359//359
f 363//363 359//359 345//345
f 363//363 379//379 367//367
f 363//363 345//345 379//379
f 446//446 442//442 445//445
f 448//448 440//440 446//446
f 446//446 440//440 442//442
f 448//448 438//438 440//440
f 329//329 335//335 343//343
f 438//438 432//432 436//436
f 436//436 432//432 435//435
f 448//448 432//432 438//438
f 432//432 428//428 431//431
f 448//448 428//428 432//432
f 428//428 424//424 427//427
f 448//448 424//424 428//428
f 424//424 418//418 422//422
f 422//422 418//418 421//421
f 448//448 418//418 424//424
f 416//416 413//413 414//414
f 418//418 408//408 416//416
f 413//413 408//408 410//410
f 416//416 408//408 413//413
f 418//418 407//407 408//408
f 418//418 404//404 407//407
f 448//448 404//404 418//418
f 448//448 399//399 404//404
f 404//404 399//399 402//402
f 402//402 399//399 400//400
f 399//399 391//391 396//396
f 396//396 391//391 394//394
f 394//394 391//391 392//392
f 399//399 389//389 391//391
f 399//399 386//386 389//389
f 399//399 384//384 386//386
f 343//343 344//344 448//448
f 448//448 344//344 399//399
f 335//335 344//344 343//343
f 399//399 378//378 384//384
f 384//384 378//378 382//382
f 382//382 378//378 380//380
f 378//378 375//375 377//377
f 348//348 350//350 347//347
f 347//347 350//350 344//344
f 378//378 372//372 375//375
f 350//350 353//353 344//344
f 372//372 368//368 370//370
f 354//354 356//356 353//353
f 353//353 356//356 344//344
f 378//378 366//366 372//372
f 372//372 366//366 368//368
f 378//378 364//364 366//366
f 358//358 360//360 356//356
f 356//356 360//360 344//344
f 344//344 362//362 399//399
f 399//399 362//362 378//378
f 378//378 362//362 364//364
f 360//360 362//362 344//344
f 328//328 450//450 451//451
f 331//331 450//450 328//328
f 452//452 451//451 450//450
f 452//452 450//450 453//453
f 454//454 452//452 453//453
f 454//454 453//453 455//455
f 456//456 454//454 455//455
f 456//456 455//455 457//457
f 456//456 457//457 458//458
f 459//459 456//456 458//458
f 460//460 459//459 458//458
f 460//460 458//458 461//461
f 462//462 460//460 461//461
f 462//462 461//461 463//463
f 462//462 463//463 464//464
f 465//465 462//462 464//464
f 466//466 465//465 464//464
f 466//466 464//464 467//467
f 466//466 467//467 468//468
f 469//469 466//466 468//468
f 470//470 469//469 468//468
f 470//470 468//468 471//471
f 472//472 470//470 471//471
f 472//472 471//471 473//473
f 474//474 472//472 473//473
f 474//474 473//473 475//475
f 474//474 475//475 476//476
f 477//477 474//474 476//476
f 477//477 476//476 478//478
f 479//479 477//477 478//478
f 480//480 478//478 481//481
f 480//480 479//479 478//478
f 482//482 481//481 483//483
f 482//482 483//483 484//484
f 482//482 480//480 481//481
f 485//485 482//482 484//484
f 486//486 484//484 487//487
f 486//486 485//485 484//484
f 488//488 487//487 489//489
f 488//488 486//486 487//487
f 490//490 489//489 491//491
f 490//490 491//491 492//492
f 490//490 488//488 489//489
f 493//493 490//490 492//492
f 494//494 492//492 495//495
f 494//494 495//495 496//496
f 494//494 493//493 492//492
f 497//497 494//494 496//496
f 497//497 496//496 498//498
f 499//499 497//497 498//498
f 500//500 499//499 498//498
f 500//500 498//498 501//501
f 502//502 500//500 501//501
f 502//502 501//501 503//503
f 504//504 502//502 503//503
f 504//504 503//503 505//505
f 506//506 504//504 505//505
f 506//506 505//505 507//507
f 506//506 507//507 508//508
f 509//509 506//506 508//508
f 509//509 508//508 510//510
f 511//511 509//509 510//510
f 512//512 511//511 510//510
f 512//512 510//510 513//513
f 512//512 513//513 514//514
f 515//515 512//512 514//514
f 515//515 514//514 516//516
f 517//517 515//515 516//516
f 518//518 517//517 516//516
f 518//518 516//516 519//519
f 518//518 519//519 520//520
f 521//521 518//518 520//520
f 521//521 520//520 522//522
f 523//523 521//521 522//522
f 524//524 523//523 522//522
f 524//524 522//522 525//525
f 526//526 524//524 525//525
f 526//526 525//525 527//527
f 526//526 527//527 528//528
f 529//529 526//526 528//528
f 530//530 529//529 528//528
f 530//530 528//528 531//531
f 530//530 531//531 532//532
f 533//533 530//530 532//532
f 534//534 533//533 532//532
f 534//534 532//532 535//535
f 534//534 535//535 536//536
f 537//537 534//534 536//536
f 537//537 536//536 538//538
f 539//539 537//537 538//538
f 540//540 539//539 538//538
f 540//540 538//538 541//541
f 542//542 540//540 541//541
f 542//542 541//541 543//543
f 544//544 543//543 545//545
f 544//544 542//542 543//543
f 546//546 544//544 545//545
f 546//546 545//545 547//547
f 548//548 547//547 549//549
f 548//548 549//549 550//550
f 548//548 546//546 547//547
f 551//551 548//548 550//550
f 552//552 550//550 553//553
f 552//552 551//551 550//550
f 554//554 553//553 555//555
f 554//554 555//555 556//556
f 554//554 552//552 553//553
f 557//557 554//554 556//556
f 556//556 322//322 557//557
f 556//556 327//327 322//322
f 543//543 547//547 545//545
f 532//532 531//531 535//535
f 531//531 528//528 535//535
f 547//547 550//550 549//549
f 543//543 550//550 547//547
f 535//535 527//527 536//536
f 536//536 527//527 538//538
f 538//538 527//527 541//541
f 528//528 527//527 535//535
f 541//541 555//555 543//543
f 550//550 555//555 553//553
f 543//543 555//555 550//550
f 525//525 522//522 527//527
f 527//527 522//522 541//541
f 522//522 520//520 541//541
f 541//541 519//519 555//555
f 520//520 519//519 541//541
f 513//513 510//510 514//514
f 514//514 510//510 516//516
f 510//510 508//508 516//516
f 508//508 507//507 516//516
f 516//516 507//507 519//519
f 505//505 503//503 507//507
f 503//503 501//501 507//507
f 501//501 496//496 507//507
f 498//498 496//496 501//501
f 496//496 495//495 507//507
f 495//495 492//492 507//507
f 491//491 489//489 492//492
f 487//487 484//484 489//489
f 492//492 484//484 507//507
f 489//489 484//484 492//492
f 483//483 481//481 484//484
f 476//476 475//475 478//478
f 478//478 475//475 481//481
f 475//475 473//473 481//481
f 481//481 471//471 484//484
f 473//473 471//471 481//481
f 468//468 467//467 471//471
f 464//464 463//463 467//467
f 484//484 463//463 507//507
f 467//467 463//463 471//471
f 471//471 463//463 484//484
f 463//463 461//461 507//507
f 458//458 457//457 461//461
f 461//461 457//457 507//507
f 455//455 453//453 457//457
f 555//555 450//450 556//556
f 453//453 450//450 457//457
f 457//457 450//450 507//507
f 507//507 450//450 519//519
f 519//519 450//450 555//555
f 556//556 331//331 327//327
f 450//450 331//331 556//556
f 534//534 537//537 539//539
f 530//530 533//533 534//534
f 530//530 534//534 539//539
f 529//529 539//539 540//540
f 529//529 540//540 542//542
f 529//529 542//542 544//544
f 529//529 544//544 546//546
f 529//529 546//546 548//548
f 529//529 530//530 539//539
f 551//551 529//529 548//548
f 554//554 551//551 552//552
f 523//523 524//524 526//526
f 523//523 526//526 529//529
f 518//518 521//521 523//523
f 518//518 523//523 529//529
f 517//517 518//518 529//529
f 512//512 517//517 529//529
f 512//512 515//515 517//517
f 511//511 512//512 529//529
f 509//509 511//511 529//529
f 509//509 529//529 551//551
f 506//506 509//509 551//551
f 497//497 499//499 500//500
f 497//497 500//500 502//502
f 497//497 502//502 504//504
f 497//497 504//504 506//506
f 490//490 493//493 494//494
f 486//486 490//490 494//494
f 486//486 488//488 490//490
f 486//486 494//494 497//497
f 485//485 486//486 497//497
f 480//480 485//485 497//497
f 480//480 482//482 485//485
f 477//477 479//479 480//480
f 472//472 474//474 477//477
f 470//470 497//497 506//506
f 470//470 480//480 497//497
f 470//470 477//477 480//480
f 470//470 472//472 477//477
f 466//466 469//469 470//470
f 466//466 470//470 506//506
f 462//462 465//465 466//466
f 460//460 462//462 466//466
f 459//459 506//506 551//551
f 459//459 460//460 466//466
f 459//459 551//551 554//554
f 459//459 466//466 506//506
f 454//454 456//456 459//459
f 454//454 459//459 554//554
f 451//451 452//452 454//454
f 451//451 554//554 557//557
f 451//451 454//454 554//554
f 328//328 557//557 322//322
f 328//328 451//451 557//557
f 558//558 323//323 326//326
f 559//559 323//323 558//558
f 559//559 558//558 560//560
f 561//561 559//559 560//560
f 562//562 561//561 560//560
f 562//562 560//560 563//563
f 564//564 562//562 563//563
f 564//564 563//563 565//565
f 566//566 564//564 565//565
f 566//566 565//565 567//567
f 568//568 566//566 567//567
f 568//568 567//567 569//569
f 568//568 569//569 570//570
f 571//571 568//568 570//570
f 572//572 571//571 570//570
f 572//572 570//570 573//573
f 572//572 573//573 574//574
f 575//575 572//572 574//574
f 576//576 575//575 574//574
f 576//576 574//574 577//577
f 576//576 577//577 578//578
f 579//579 576//576 578//578
f 580//580 579//579 578//578
f 580//580 578//578 581//581
f 582//582 580//580 581//581
f 582//582 581//581 583//583
f 584//584 582//582 583//583
f 584//584 583//583 585//585
f 586//586 585//585 587//587
f 586//586 584//584 585//585
f 588//588 587//587 589//589
f 588//588 586//586 587//587
f 590//590 589//589 591//591
f 590//590 588//588 589//589
f 592//592 591//591 593//593
f 592//592 590//590 591//591
f 594//594 593//593 595//595
f 594//594 592//592 593//593
f 596//596 595//595 597//597
f 596//596 594//594 595//595
f 598//598 597//597 599//599
f 598//598 596//596 597//597
f 600//600 599//599 601//601
f 600//600 598//598 599//599
f 602//602 601//601 603//603
f 602//602 600//600 601//601
f 604//604 602//602 603//603
f 604//604 603//603 605//605
f 606//606 604//604 605//605
f 606//606 605//605 607//607
f 608//608 606//606 607//607
f 608//608 607//607 609//609
f 610//610 608//608 609//609
f 610//610 609//609 611//611
f 612//612 610//610 611//611
f 612//612 611//611 613//613
f 614//614 612//612 613//613
f 614//614 613//613 615//615
f 616//616 614//614 615//615
f 616//616 615//615 617//617
f 618//618 616//616 617//617
f 618//618 617//617 619//619
f 620//620 618//618 619//619
f 620//620 619//619 621//621
f 620//620 621//621 622//622
f 623//623 620//620 622//622
f 624//624 623//623 622//622
f 624//624 622//622 625//625
f 626//626 624//624 625//625
f 626//626 625//625 627//627
f 628//628 626//626 627//627
f 628//628 627//627 629//629
f 630//630 628//628 629//629
f 630//630 629//629 631//631
f 632//632 630//630 631//631
f 632//632 631//631 633//633
f 634//634 632//632 633//633
f 634//634 633//633 635//635
f 634//634 635//635 636//636
f 637//637 634//634 636//636
f 638//638 637//637 636//636
f 638//638 636//636 639//639
f 640//640 638//638 639//639
f 640//640 639//639 641//641
f 642//642 640//640 641//641
f 642//642 641//641 643//643
f 642//642 643//643 644//644
f 645//645 642//642 644//644
f 645//645 644//644 646//646
f 647//647 645//645 646//646
f 648//648 647//647 646//646
f 648//648 646//646 649//649
f 650//650 648//648 649//649
f 650//650 649//649 651//651
f 652//652 651//651 653//653
f 652//652 650//650 651//651
f 654//654 652//652 653//653
f 654//654 653//653 655//655
f 654//654 655//655 656//656
f 657//657 656//656 658//658
f 657//657 654//654 656//656
f 659//659 657//657 658//658
f 660//660 658//658 661//661
f 660//660 659//659 658//658
f 662//662 661//661 663//663
f 662//662 660//660 661//661
f 664//664 663//663 665//665
f 664//664 662//662 663//663
f 334//334 664//664 665//665
f 333//333 664//664 334//334
f 560//560 567//567 563//563
f 563//563 567//567 565//565
f 567//567 573//573 569//569
f 569//569 573//573 570//570
f 560//560 574//574 567//567
f 567//567 574//574 573//573
f 326//326 334//334 558//558
f 560//560 577//577 574//574
f 577//577 581//581 578//578
f 560//560 581//581 577//577
f 581//581 585//585 583//583
f 560//560 585//585 581//581
f 585//585 591//591 587//587
f 587//587 591//591 589//589
f 560//560 591//591 585//585
f 591//591 595//595 593//593
f 560//560 595//595 591//591
f 595//595 599//599 597//597
f 560//560 599//599 595//595
f 560//560 605//605 599//599
f 599//599 605//605 601//601
f 601//601 605//605 603//603
f 560//560 607//607 605//605
f 607//607 611//611 609//609
f 607//607 613//613 611//611
f 615//615 619//619 617//617
f 607//607 622//622 613//613
f 615//615 622//622 619//619
f 613//613 622//622 615//615
f 619//619 622//622 621//621
f 558//558 665//665 560//560
f 560//560 665//665 607//607
f 607//607 665//665 622//622
f 334//334 665//665 558//558
f 622//622 631//631 625//625
f 625//625 631//631 627//627
f 627//627 631//631 629//629
f 622//622 633//633 631//631
f 665//665 633//633 622//622
f 663//663 661//661 665//665
f 661//661 658//658 665//665
f 633//633 636//636 635//635
f 658//658 655//655 665//665
f 656//656 655//655 658//658
f 636//636 641//641 639//639
f 633//633 641//641 636//636
f 655//655 651//651 665//665
f 653//653 651//651 655//655
f 641//641 644//644 643//643
f 665//665 646//646 633//633
f 649//649 646//646 651//651
f 633//633 646//646 641//641
f 641//641 646//646 644//644
f 651//651 646//646 665//665
f 564//564 559//559 561//561
f 564//564 561//561 562//562
f 566//566 559//559 564//564
f 568//568 559//559 566//566
f 571//571 559//559 568//568
f 572//572 559//559 571//571
f 575//575 559//559 572//572
f 333//333 323//323 559//559
f 590//590 586//586 588//588
f 592//592 584//584 586//586
f 592//592 586//586 590//590
f 594//594 584//584 592//592
f 598//598 594//594 596//596
f 600//600 594//594 598//598
f 604//604 594//594 600//600
f 604//604 600//600 602//602
f 610//610 606//606 608//608
f 618//618 610//610 612//612
f 618//618 612//612 614//614
f 618//618 614//614 616//616
f 628//628 624//624 626//626
f 664//664 584//584 594//594
f 664//664 594//594 604//604
f 664//664 575//575 576//576
f 664//664 576//576 579//579
f 664//664 579//579 580//580
f 664//664 580//580 582//582
f 664//664 582//582 584//584
f 664//664 333//333 559//559
f 664//664 559//559 575//575
f 630//630 606//606 610//610
f 630//630 610//610 618//618
f 630//630 604//604 606//606
f 630//630 664//664 604//604
f 630//630 618//618 620//620
f 630//630 624//624 628//628
f 630//630 620//620 623//623
f 630//630 623//623 624//624
f 660//660 662//662 664//664
f 637//637 632//632 634//634
f 657//657 660//660 664//664
f 657//657 659//659 660//660
f 642//642 630//630 632//632
f 642//642 637//637 638//638
f 642//642 638//638 640//640
f 642//642 632//632 637//637
f 650//650 657//657 664//664
f 650//650 652//652 654//654
f 650//650 654//654 657//657
f 647//647 642//642 645//645
f 647//647 648//648 650//650
f 647//647 650//650 664//664
f 647//647 630//630 642//642
f 647//647 664//664 630//630
f 666//666 321//321 320//320
f 667//667 321//321 666//666
f 668//668 667//667 666//666
f 668//668 666//666 669//669
f 670//670 668//668 669//669
f 670//670 669//669 671//671
f 670//670 671//671 672//672
f 673//673 670//670 672//672
f 674//674 673//673 672//672
f 674//674 672//672 675//675
f 676//676 674//674 675//675
f 676//676 675//675 677//677
f 676//676 677//677 678//678
f 679//679 676//676 678//678
f 680//680 679//679 678//678
f 680//680 678//678 681//681
f 680//680 681//681 682//682
f 683//683 680//680 682//682
f 683//683 682//682 684//684
f 685//685 683//683 684//684
f 686//686 685//685 684//684
f 686//686 684//684 687//687
f 686//686 687//687 688//688
f 689//689 686//686 688//688
f 690//690 689//689 688//688
f 690//690 688//688 691//691
f 692//692 690//690 691//691
f 692//692 691//691 693//693
f 694//694 693//693 695//695
f 694//694 692//692 693//693
f 694//694 695//695 696//696
f 697//697 694//694 696//696
f 698//698 696//696 699//699
f 698//698 699//699 700//700
f 698//698 697//697 696//696
f 701//701 698//698 700//700
f 702//702 700//700 703//703
f 702//702 701//701 700//700
f 704//704 703//703 705//705
f 704//704 702//702 703//703
f 706//706 705//705 707//707
f 706//706 704//704 705//705
f 708//708 707//707 709//709
f 708//708 709//709 710//710
f 708//708 706//706 707//707
f 711//711 708//708 710//710
f 712//712 711//711 710//710
f 712//712 710//710 713//713
f 714//714 712//712 713//713
f 714//714 713//713 715//715
f 714//714 715//715 716//716
f 717//717 714//714 716//716
f 718//718 717//717 716//716
f 718//718 716//716 719//719
f 720//720 718//718 719//719
f 720//720 719//719 721//721
f 722//722 720//720 721//721
f 722//722 721//721 723//723
f 724//724 722//722 723//723
f 724//724 723//723 725//725
f 726//726 724//724 725//725
f 726//726 725//725 727//727
f 726//726 727//727 728//728
f 729//729 726//726 728//728
f 730//730 729//729 728//728
f 730//730 728//728 731//731
f 732//732 730//730 731//731
f 732//732 731//731 733//733
f 734//734 732//732 733//733
f 734//734 733//733 735//735
f 736//736 734//734 735//735
f 736//736 735//735 737//737
f 738//738 736//736 737//737
f 738//738 737//737 739//739
f 740//740 738//738 739//739
f 740//740 739//739 741//741
f 740//740 741//741 742//742
f 743//743 740//740 742//742
f 744//744 743//743 742//742
f 744//744 742//742 745//745
f 744//744 745//745 746//746
f 747//747 744//744 746//746
f 747//747 746//746 748//748
f 749//749 747//747 748//748
f 749//749 748//748 750//750
f 751//751 749//749 750//750
f 752//752 751//751 750//750
f 752//752 750//750 753//753
f 754//754 752//752 753//753
f 754//754 753//753 755//755
f 756//756 754//754 755//755
f 756//756 755//755 757//757
f 758//758 756//756 757//757
f 758//758 757//757 759//759
f 760//760 759//759 761//761
f 760//760 758//758 759//759
f 762//762 760//760 761//761
f 762//762 761//761 763//763
f 764//764 763//763 765//765
f 764//764 762//762 763//763
f 766//766 765//765 767//767
f 766//766 764//764 765//765
f 768//768 767//767 769//769
f 768//768 769//769 770//770
f 768//768 766//766 767//767
f 771//771 768//768 770//770
f 772//772 770//770 773//773
f 772//772 771//771 770//770
f 324//324 772//772 773//773
f 324//324 773//773 325//325
f 666//666 671//671 669//669
f 671//671 675//675 672//672
f 666//666 675//675 671//671
f 666//666 677//677 675//675
f 677//677 681//681 678//678
f 666//666 681//681 677//677
f 666//666 682//682 681//681
f 320//320 325//325 666//666
f 682//682 688//688 684//684
f 684//684 688//688 687//687
f 688//688 695//695 691//691
f 691//691 695//695 693//693
f 688//688 696//696 695//695
f 682//682 699//699 688//688
f 688//688 699//699 696//696
f 699//699 703//703 700//700
f 682//682 703//703 699//699
f 682//682 705//705 703//703
f 682//682 707//707 705//705
f 707//707 713//713 709//709
f 709//709 713//713 710//710
f 713//713 716//716 715//715
f 713//713 719//719 716//716
f 719//719 725//725 721//721
f 721//721 725//725 723//723
f 725//725 728//728 727//727
f 719//719 731//731 725//725
f 725//725 731//731 728//728
f 719//719 733//733 731//731
f 733//733 737//737 735//735
f 682//682 773//773 707//707
f 707//707 773//773 713//713
f 719//719 773//773 733//733
f 713//713 773//773 719//719
f 733//733 773//773 737//737
f 325//325 773//773 666//666
f 666//666 773//773 682//682
f 770//770 769//769 773//773
f 737//737 742//742 739//739
f 739//739 742//742 741//741
f 769//769 767//767 773//773
f 737//737 745//745 742//742
f 767//767 765//765 773//773
f 765//765 763//763 773//773
f 745//745 748//748 746//746
f 737//737 748//748 745//745
f 737//737 750//750 748//748
f 761//761 759//759 763//763
f 773//773 755//755 737//737
f 750//750 755//755 753//753
f 757//757 755//755 759//759
f 763//763 755//755 773//773
f 759//759 755//755 763//763
f 737//737 755//755 750//750
f 670//670 667//667 668//668
f 673//673 667//667 670//670
f 674//674 667//667 673//673
f 676//676 667//667 674//674
f 680//680 676//676 679//679
f 680//680 667//667 676//676
f 683//683 667//667 680//680
f 324//324 321//321 667//667
f 686//686 683//683 685//685
f 686//686 667//667 683//683
f 689//689 667//667 686//686
f 692//692 689//689 690//690
f 692//692 667//667 689//689
f 697//697 692//692 694//694
f 697//697 667//667 692//692
f 698//698 667//667 697//697
f 704//704 698//698 701//701
f 704//704 701//701 702//702
f 711//711 706//706 708//708
f 712//712 706//706 711//711
f 714//714 706//706 712//712
f 714//714 704//704 706//706
f 718//718 704//704 714//714
f 718//718 714//714 717//717
f 720//720 704//704 718//718
f 724//724 720//720 722//722
f 729//729 720//720 724//724
f 729//729 724//724 726//726
f 772//772 704//704 720//720
f 772//772 720//720 729//729
f 772//772 324//324 667//667
f 772//772 667//667 698//698
f 772//772 698//698 704//704
f 738//738 730//730 732//732
f 738//738 732//732 734//734
f 738//738 734//734 736//736
f 740//740 730//730 738//738
f 740//740 729//729 730//730
f 768//768 771//771 772//772
f 743//743 729//729 740//740
f 743//743 772//772 729//729
f 766//766 768//768 772//772
f 762//762 766//766 772//772
f 762//762 764//764 766//766
f 760//760 762//762 772//772
f 751//751 747//747 749//749
f 758//758 760//760 772//772
f 752//752 747//747 751//751
f 754//754 743//743 744//744
f 754//754 744//744 747//747
f 754//754 772//772 743//743
f 754//754 756//756 758//758
f 754//754 747//747 752//752
f 754//754 758//758 772//772
f 318//318 774//774 316//316
f 316//316 774//774 775//775
f 776//776 777//777 778//778
f 779//779 778//778 780//780
f 779//779 776//776 778//778
f 781//781 780//780 782//782
f 781//781 779//779 780//780
f 783//783 782//782 784//784
f 783//783 781//781 782//782
f 785//785 784//784 786//786
f 785//785 783//783 784//784
f 787//787 786//786 788//788
f 787//787 785//785 786//786
f 789//789 788//788 790//790
f 789//789 787//787 788//788
f 791//791 789//789 790//790
f 791//791 790//790 792//792
f 793//793 791//791 792//792
f 793//793 792//792 794//794
f 795//795 793//793 794//794
f 795//795 794//794 796//796
f 797//797 795//795 796//796
f 797//797 796//796 798//798
f 799//799 797//797 798//798
f 799//799 798//798 800//800
f 801//801 799//799 800//800
f 801//801 800//800 802//802
f 803//803 801//801 802//802
f 803//803 802//802 804//804
f 805//805 803//803 804//804
f 805//805 804//804 806//806
f 807//807 805//805 806//806
f 807//807 806//806 808//808
f 809//809 807//807 808//808
f 809//809 808//808 810//810
f 811//811 809//809 810//810
f 811//811 810//810 812//812
f 813//813 811//811 812//812
f 813//813 812//812 814//814
f 815//815 814//814 816//816
f 815//815 813//813 814//814
f 817//817 816//816 818//818
f 817//817 815//815 816//816
f 819//819 817//817 818//818
f 820//820 821//821 822//822
f 820//820 818//818 821//821
f 820//820 819//819 818//818
f 823//823 820//820 822//822
f 824//824 823//823 822//822
f 824//824 825//825 826//826
f 824//824 822//822 825//825
f 827//827 824//824 826//826
f 827//827 826//826 828//828
f 829//829 827//827 828//828
f 829//829 828//828 830//830
f 831//831 829//829 830//830
f 831//831 830//830 832//832
f 833//833 831//831 832//832
f 834//834 833//833 832//832
f 834//834 835//835 836//836
f 834//834 832//832 835//835
f 837//837 834//834 836//836
f 837//837 836//836 838//838
f 839//839 837//837 838//838
f 840//840 839//839 838//838
f 840//840 838//838 841//841
f 842//842 840//840 841//841
f 842//842 841//841 843//843
f 844//844 842//842 843//843
f 844//844 845//845 846//846
f 844//844 843//843 845//845
f 847//847 844//844 846//846
f 847//847 846//846 848//848
f 849//849 847//847 848//848
f 849//849 848//848 850//850
f 851//851 849//849 850//850
f 852//852 851//851 850//850
f 852//852 850//850 853//853
f 854//854 852//852 853//853
f 854//854 855//855 856//856
f 854//854 853//853 855//855
f 857//857 854//854 856//856
f 857//857 856//856 858//858
f 859//859 858//858 860//860
f 859//859 857//857 858//858
f 861//861 859//859 860//860
f 862//862 860//860 863//863
f 862//862 861//861 860//860
f 864//864 863//863 865//865
f 864//864 862//862 863//863
f 866//866 865//865 867//867
f 866//866 864//864 865//865
f 868//868 869//869 870//870
f 868//868 867//867 869//869
f 868//868 866//866 867//867
f 871//871 870//870 872//872
f 871//871 868//868 870//870
f 873//873 871//871 872//872
f 873//873 872//872 874//874
f 875//875 873//873 874//874
f 876//876 875//875 874//874
f 876//876 877//877 878//878
f 876//876 874//874 877//877
f 879//879 876//876 878//878
f 879//879 878//878 880//880
f 881//881 879//879 880//880
f 774//774 881//881 880//880
f 774//774 880//880 775//775
f 776//776 310//310 777//777
f 777//777 310//310 312//312
f 790//790 794//794 792//792
f 802//802 800//800 798//798
f 810//810 808//808 806//806
f 777//777 798//798 796//796
f 777//777 796//796 794//794
f 777//777 790//790 788//788
f 777//777 788//788 786//786
f 777//777 786//786 784//784
f 777//777 784//784 782//782
f 777//777 782//782 780//780
f 777//777 780//780 778//778
f 777//777 794//794 790//790
f 777//777 802//802 798//798
f 814//814 812//812 810//810
f 814//814 806//806 804//804
f 814//814 804//804 802//802
f 814//814 810//810 806//806
f 814//814 802//802 777//777
f 818//818 816//816 814//814
f 818//818 814//814 777//777
f 822//822 818//818 777//777
f 822//822 821//821 818//818
f 825//825 822//822 777//777
f 828//828 825//825 777//777
f 828//828 826//826 825//825
f 832//832 830//830 828//828
f 841//841 828//828 777//777
f 841//841 832//832 828//828
f 841//841 838//838 836//836
f 841//841 836//836 835//835
f 841//841 835//835 832//832
f 845//845 841//841 777//777
f 845//845 843//843 841//841
f 853//853 850//850 848//848
f 853//853 848//848 846//846
f 853//853 846//846 845//845
f 855//855 853//853 845//845
f 856//856 855//855 845//845
f 860//860 858//858 856//856
f 860//860 845//845 777//777
f 860//860 856//856 845//845
f 865//865 863//863 860//860
f 865//865 860//860 777//777
f 869//869 867//867 865//865
f 870//870 869//869 865//865
f 874//874 872//872 870//870
f 877//877 874//874 870//870
f 877//877 870//870 865//865
f 880//880 878//878 877//877
f 880//880 865//865 777//777
f 880//880 877//877 865//865
f 775//775 880//880 777//777
f 316//316 777//777 312//312
f 316//316 775//775 777//777
f 801//801 803//803 799//799
f 807//807 776//776 805//805
f 805//805 776//776 803//803
f 799//799 776//776 797//797
f 797//797 776//776 795//795
f 795//795 776//776 793//793
f 793//793 776//776 791//791
f 791//791 776//776 789//789
f 789//789 776//776 787//787
f 787//787 776//776 785//785
f 785//785 776//776 783//783
f 783//783 776//776 781//781
f 781//781 776//776 779//779
f 803//803 776//776 799//799
f 813//813 815//815 811//811
f 811//811 815//815 809//809
f 809//809 817//817 807//807
f 807//807 817//817 776//776
f 815//815 817//817 809//809
f 817//817 823//823 776//776
f 820//820 823//823 819//819
f 819//819 823//823 817//817
f 823//823 824//824 776//776
f 824//824 827//827 776//776
f 829//829 831//831 827//827
f 831//831 834//834 827//827
f 833//833 834//834 831//831
f 827//827 837//837 776//776
f 834//834 837//837 827//827
f 837//837 840//840 776//776
f 839//839 840//840 837//837
f 847//847 849//849 844//844
f 844//844 851//851 842//842
f 842//842 851//851 840//840
f 849//849 851//851 844//844
f 854//854 857//857 852//852
f 859//859 861//861 857//857
f 862//862 864//864 861//861
f 857//857 864//864 852//852
f 861//861 864//864 857//857
f 864//864 866//866 852//852
f 871//871 873//873 868//868
f 868//868 873//873 866//866
f 875//875 876//876 873//873
f 879//879 881//881 876//876
f 852//852 774//774 851//851
f 840//840 774//774 776//776
f 851//851 774//774 840//840
f 866//866 774//774 852//852
f 873//873 774//774 866//866
f 876//876 774//774 873//873
f 881//881 774//774 876//876
f 776//776 318//318 310//310
f 774//774 318//318 776//776
f 317//317 882//882 883//883
f 319//319 882//882 317//317
f 884//884 883//883 882//882
f 884//884 882//882 885//885
f 886//886 884//884 885//885
f 886//886 885//885 887//887
f 886//886 887//887 888//888
f 889//889 886//886 888//888
f 890//890 889//889 888//888
f 890//890 888//888 891//891
f 892//892 890//890 891//891
f 892//892 891//891 893//893
f 894//894 892//892 893//893
f 894//894 893//893 895//895
f 896//896 894//894 895//895
f 896//896 895//895 897//897
f 898//898 896//896 897//897
f 898//898 897//897 899//899
f 900//900 898//898 899//899
f 900//900 899//899 901//901
f 902//902 900//900 901//901
f 902//902 901//901 903//903
f 902//902 903//903 904//904
f 905//905 902//902 904//904
f 906//906 905//905 904//904
f 906//906 904//904 907//907
f 908//908 906//906 907//907
f 908//908 907//907 909//909
f 908//908 909//909 910//910
f 911//911 908//908 910//910
f 912//912 910//910 913//913
f 912//912 913//913 914//914
f 912//912 911//911 910//910
f 915//915 912//912 914//914
f 916//916 914//914 917//917
f 916//916 915//915 914//914
f 918//918 917//917 919//919
f 918//918 916//916 917//917
f 920//920 919//919 921//921
f 920//920 918//918 919//919
f 922//922 921//921 923//923
f 922//922 920//920 921//921
f 924//924 923//923 925//925
f 924//924 922//922 923//923
f 926//926 925//925 927//927
f 926//926 924//924 925//925
f 928//928 926//926 927//927
f 928//928 927//927 929//929
f 930//930 928//928 929//929
f 930//930 929//929 931//931
f 932//932 930//930 931//931
f 932//932 931//931 933//933
f 934//934 932//932 933//933
f 934//934 933//933 935//935
f 936//936 934//934 935//935
f 936//936 935//935 937//937
f 936//936 937//937 938//938
f 939//939 936//936 938//938
f 940//940 939//939 938//938
f 940//940 938//938 941//941
f 942//942 940//940 941//941
f 942//942 941//941 943//943
f 944//944 942//942 943//943
f 944//944 943//943 945//945
f 946//946 944//944 945//945
f 946//946 945//945 947//947
f 948//948 946//946 947//947
f 948//948 947//947 949//949
f 950//950 948//948 949//949
f 950//950 949//949 951//951
f 952//952 950//950 951//951
f 952//952 951//951 953//953
f 954//954 952//952 953//953
f 954//954 953//953 955//955
f 956//956 954//954 955//955
f 956//956 955//955 957//957
f 958//958 956//956 957//957
f 958//958 957//957 959//959
f 960//960 958//958 959//959
f 960//960 959//959 961//961
f 962//962 960//960 961//961
f 962//962 961//961 963//963
f 964//964 962//962 963//963
f 964//964 963//963 965//965
f 966//966 964//964 965//965
f 966//966 965//965 967//967
f 968//968 966//966 967//967
f 968//968 967//967 969//969
f 968//968 969//969 970//970
f 971//971 968//968 970//970
f 972//972 971//971 970//970
f 972//972 970//970 973//973
f 974//974 972//972 973//973
f 974//974 973//973 975//975
f 976//976 975//975 977//977
f 976//976 977//977 978//978
f 976//976 974//974 975//975
f 979//979 976//976 978//978
f 980//980 978//978 981//981
f 980//980 979//979 978//978
f 982//982 981//981 983//983
f 982//982 980//980 981//981
f 984//984 983//983 985//985
f 984//984 982//982 983//983
f 986//986 985//985 987//987
f 986//986 984//984 985//985
f 988//988 987//987 989//989
f 988//988 986//986 987//987
f 988//988 315//315 314//314
f 989//989 315//315 988//988
f 965//965 963//963 967//967
f 955//955 989//989 957//957
f 957//957 989//989 959//959
f 959//959 989//989 961//961
f 961//961 989//989 963//963
f 967//967 989//989 969//969
f 969//969 989//989 970//970
f 970//970 989//989 973//973
f 973//973 989//989 975//975
f 975//975 989//989 977//977
f 977//977 989//989 978//978
f 978//978 989//989 981//981
f 981//981 989//989 983//983
f 983//983 989//989 985//985
f 985//985 989//989 987//987
f 963//963 989//989 967//967
f 953//953 951//951 955//955
f 955//955 951//951 989//989
f 945//945 943//943 947//947
f 947//947 943//943 949//949
f 943//943 941//941 949//949
f 949//949 941//941 951//951
f 951//951 941//941 989//989
f 941//941 937//937 989//989
f 938//938 937//937 941//941
f 933//933 931//931 935//935
f 937//937 925//925 989//989
f 931//931 925//925 935//935
f 927//927 925//925 929//929
f 929//929 925//925 931//931
f 935//935 925//925 937//937
f 923//923 921//921 925//925
f 917//917 914//914 919//919
f 919//919 914//914 921//921
f 914//914 913//913 921//921
f 921//921 910//910 925//925
f 913//913 910//910 921//921
f 910//910 909//909 925//925
f 909//909 907//907 925//925
f 903//903 901//901 904//904
f 901//901 899//899 904//904
f 895//895 893//893 897//897
f 897//897 893//893 899//899
f 885//885 882//882 887//887
f 887//887 882//882 888//888
f 888//888 882//882 891//891
f 891//891 882//882 893//893
f 904//904 882//882 907//907
f 925//925 882//882 989//989
f 907//907 882//882 925//925
f 893//893 882//882 899//899
f 899//899 882//882 904//904
f 989//989 319//319 315//315
f 882//882 319//319 989//989
f 962//962 964//964 966//966
f 956//956 958//958 960//960
f 956//956 960//960 962//962
f 988//988 954//954 956//956
f 988//988 966//966 968//968
f 988//988 968//968 971//971
f 988//988 971//971 972//972
f 988//988 972//972 974//974
f 988//988 974//974 976//976
f 988//988 976//976 979//979
f 988//988 979//979 980//980
f 988//988 980//980 982//982
f 988//988 982//982 984//984
f 988//988 984//984 986//986
f 988//988 962//962 966//966
f 988//988 956//956 962//962
f 952//952 954//954 988//988
f 950//950 952//952 988//988
f 948//948 950//950 988//988
f 944//944 946//946 948//948
f 942//942 948//948 988//988
f 942//942 944//944 948//948
f 940//940 942//942 988//988
f 932//932 934//934 936//936
f 930//930 932//932 936//936
f 930//930 936//936 939//939
f 930//930 939//939 940//940
f 928//928 930//930 940//940
f 922//922 924//924 926//926
f 922//922 926//926 928//928
f 920//920 928//928 940//940
f 920//920 922//922 928//928
f 916//916 918//918 920//920
f 915//915 940//940 988//988
f 915//915 920//920 940//940
f 915//915 916//916 920//920
f 906//906 908//908 911//911
f 906//906 911//911 912//912
f 906//906 912//912 915//915
f 902//902 905//905 906//906
f 900//900 915//915 988//988
f 900//900 906//906 915//915
f 900//900 902//902 906//906
f 896//896 898//898 900//900
f 890//890 892//892 894//894
f 890//890 894//894 896//896
f 889//889 896//896 900//900
f 889//889 890//890 896//896
f 886//886 889//889 900//900
f 884//884 900//900 988//988
f 884//884 886//886 900//900
f 883//883 884//884 988//988
f 317//317 988//988 314//314
f 317//317 883//883 988//988
f 990//990 991//991 992//992
f 990//990 992//992 993//993
f 994//994 995//995 991//991
f 994//994 991//991 990//990
f 996//996 997//997 995//995
f 996//996 995//995 994//994
f 997//997 992//992 991//991
f 997//997 991//991 995//995
f 993//993 996//996 994//994
f 993//993 994//994 990//990
f 993//993 992//992 997//997
f 993//993 997//997 996//996
f 998//998 999//999 1000//1000
f 1001//1001 999//999 998//998
f 1002//1002 1003//1003 999//999
f 1002//1002 999//999 1001//1001
f 1004//1004 1005//1005 1003//1003
f 1004//1004 1003//1003 1002//1002
f 998//998 1000//1000 1005//1005
f 998//998 1005//1005 1004//1004
f 1005//1005 1000//1000 999//999
f 1005//1005 999//999 1003//1003
f 1001//1001 1004//1004 1002//1002
f 998//998 1004//1004 1001//1001
f 1006//1006 1007//1007 1008//1008
f 1006//1006 1008//1008 1009//1009
f 1007//1007 1006//1006 1010//1010
f 1006//1006 1011//1011 1010//1010
f 1010//1010 1012//1012 1013//1013
f 1011//1011 1012//1012 1010//1010
f 1013//1013 1014//1014 1015//1015
f 1012//1012 1014//1014 1013//1013
f 1015//1015 1016//1016 1017//1017
f 1014//1014 1016//1016 1015//1015
f 1017//1017 1018//1018 1019//1019
f 1016//1016 1018//1018 1017//1017
f 1019//1019 1020//1020 1021//1021
f 1018//1018 1020//1020 1019//1019
f 1021//1021 1022//1022 1023//1023
f 1020//1020 1022//1022 1021//1021
f 1023//1023 1024//1024 1025//1025
f 1022//1022 1024//1024 1023//1023
f 1025//1025 1026//1026 1027//1027
f 1024//1024 1026//1026 1025//1025
f 1027//1027 1028//1028 1029//1029
f 1026//1026 1028//1028 1027//1027
f 1028//1028 1030//1030 1029//1029
f 1029//1029 1030//1030 1031//1031
f 1030//1030 1032//1032 1031//1031
f 1031//1031 1032//1032 1033//1033
f 1033//1033 1034//1034 1035//1035
f 1032//1032 1034//1034 1033//1033
f 1035//1035 1036//1036 1037//1037
f 1034//1034 1036//1036 1035//1035
f 1037//1037 1038//1038 1039//1039
f 1036//1036 1038//1038 1037//1037
f 1039//1039 1040//1040 1041//1041
f 1038//1038 1040//1040 1039//1039
f 1041//1041 1042//1042 1043//1043
f 1040//1040 1042//1042 1041//1041
f 1043//1043 1044//1044 1045//1045
f 1042//1042 1044//1044 1043//1043
f 1045//1045 1046//1046 1047//1047
f 1044//1044 1046//1046 1045//1045
f 1047//1047 1048//1048 1049//1049
f 1046//1046 1048//1048 1047//1047
f 1049//1049 1050//1050 1051//1051
f 1048//1048 1050//1050 1049//1049
f 1051//1051 1052//1052 1053//1053
f 1050//1050 1052//1052 1051//1051
f 1053//1053 1054//1054 1055//1055
f 1055//1055 1054//1054 1056//1056
f 1052//1052 1054//1054 1053//1053
f 1054//1054 1057//1057 1056//1056
f 1056//1056 1058//1058 1059//1059
f 1059//1059 1058//1058 1060//1060
f 1057//1057 1058//1058 1056//1056
f 1058//1058 1061//1061 1060//1060
f 1060//1060 1062//1062 1063//1063
f 1063//1063 1062//1062 1064//1064
f 1061//1061 1062//1062 1060//1060
f 1062//1062 1065//1065 1064//1064
f 1066//1066 1064//1064 1065//1065
f 1067//1067 1066//1066 1065//1065
f 1066//1066 1067//1067 1068//1068
f 1068//1068 1069//1069 1070//1070
f 1067//1067 1069//1069 1068//1068
f 1070//1070 1071//1071 1072//1072
f 1069//1069 1071//1071 1070//1070
f 1072//1072 1073//1073 1074//1074
f 1071//1071 1073//1073 1072//1072
f 1074//1074 1075//1075 1076//1076
f 1073//1073 1075//1075 1074//1074
f 1076//1076 1077//1077 1078//1078
f 1075//1075 1077//1077 1076//1076
f 1078//1078 1079//1079 1080//1080
f 1077//1077 1079//1079 1078//1078
f 1080//1080 1081//1081 1082//1082
f 1079//1079 1081//1081 1080//1080
f 1081//1081 1083//1083 1082//1082
f 1082//1082 1083//1083 1084//1084
f 1083//1083 1085//1085 1084//1084
f 1084//1084 1085//1085 1086//1086
f 1086//1086 1087//1087 1088//1088
f 1085//1085 1087//1087 1086//1086
f 1088//1088 1089//1089 1090//1090
f 1087//1087 1089//1089 1088//1088
f 1090//1090 1091//1091 1092//1092
f 1089//1089 1091//1091 1090//1090
f 1092//1092 1093//1093 1094//1094
f 1091//1091 1093//1093 1092//1092
f 1094//1094 1095//1095 1096//1096
f 1093//1093 1095//1095 1094//1094
f 1096//1096 1097//1097 1098//1098
f 1095//1095 1097//1097 1096//1096
f 1098//1098 1099//1099 1100//1100
f 1097//1097 1099//1099 1098//1098
f 1100//1100 1101//1101 1102//1102
f 1099//1099 1101//1101 1100//1100
f 1102//1102 1103//1103 1104//1104
f 1101//1101 1103//1103 1102//1102
f 1104//1104 1105//1105 1106//1106
f 1103//1103 1105//1105 1104//1104
f 1106//1106 1107//1107 1108//1108
f 1105//1105 1107//1107 1106//1106
f 1108//1108 1109//1109 1110//1110
f 1107//1107 1109//1109 1108//1108
f 1110//1110 1111//1111 1112//1112
f 1109//1109 1111//1111 1110//1110
f 1112//1112 1113//1113 1114//1114
f 1111//1111 1113//1113 1112//1112
f 1114//1114 1115//1115 1116//1116
f 1113//1113 1115//1115 1114//1114
f 1116//1116 1117//1117 1118//1118
f 1115//1115 1117//1117 1116//1116
f 1118//1118 1119//1119 1120//1120
f 1117//1117 1119//1119 1118//1118
f 1120//1120 1121//1121 1122//1122
f 1119//1119 1121//1121 1120//1120
f 1122//1122 1123//1123 1124//1124
f 1121//1121 1123//1123 1122//1122
f 1124//1124 1125//1125 1126//1126
f 1123//1123 1125//1125 1124//1124
f 1126//1126 1127//1127 1128//1128
f 1125//1125 1127//1127 1126//1126
f 1127//1127 1129//1129 1128//1128
f 1128//1128 1130//1130 1131//1131
f 1129//1129 1130//1130 1128//1128
f 1132//1132 1133//1133 1131//1131
f 1132//1132 1131//1131 1130//1130
f 1009//1009 1008//1008 1133//1133
f 1009//1009 1133//1133 1132//1132
f 1134//1134 1135//1135 1136//1136
f 1136//1136 1135//1135 1137//1137
f 1137//1137 1138//1138 1139//1139
f 1135//1135 1138//1138 1137//1137
f 1139//1139 1140//1140 1141//1141
f 1138//1138 1140//1140 1139//1139
f 1141//1141 1142//1142 1143//1143
f 1140//1140 1142//1142 1141//1141
f 1143//1143 1144//1144 1145//1145
f 1142//1142 1144//1144 1143//1143
f 1145//1145 1146//1146 1147//1147
f 1144//1144 1146//1146 1145//1145
f 1147//1147 1148//1148 1149//1149
f 1146//1146 1148//1148 1147//1147
f 1149//1149 1150//1150 1151//1151
f 1148//1148 1150//1150 1149//1149
f 1151//1151 1152//1152 1153//1153
f 1150//1150 1152//1152 1151//1151
f 1153//1153 1154//1154 1155//1155
f 1152//1152 1154//1154 1153//1153
f 1154//1154 1156//1156 1155//1155
f 1155//1155 1156//1156 1157//1157
f 1156//1156 1158//1158 1157//1157
f 1157//1157 1158//1158 1159//1159
f 1159//1159 1160//1160 1161//1161
f 1158//1158 1160//1160 1159//1159
f 1161//1161 1162//1162 1163//1163
f 1160//1160 1162//1162 1161//1161
f 1163//1163 1164//1164 1165//1165
f 1162//1162 1164//1164 1163//1163
f 1165//1165 1166//1166 1167//1167
f 1164//1164 1166//1166 1165//1165
f 1167//1167 1168//1168 1169//1169
f 1166//1166 1168//1168 1167//1167
f 1169//1169 1170//1170 1171//1171
f 1168//1168 1170//1170 1169//1169
f 1171//1171 1172//1172 1173//1173
f 1170//1170 1172//1172 1171//1171
f 1173//1173 1174//1174 1175//1175
f 1172//1172 1174//1174 1173//1173
f 1175//1175 1176//1176 1177//1177
f 1174//1174 1176//1176 1175//1175
f 1177//1177 1178//1178 1179//1179
f 1176//1176 1178//1178 1177//1177
f 1179//1179 1180//1180 1181//1181
f 1178//1178 1180//1180 1179//1179
f 1181//1181 1182//1182 1183//1183
f 1180//1180 1182//1182 1181//1181
f 1183//1183 1184//1184 1185//1185
f 1182//1182 1184//1184 1183//1183
f 1185//1185 1186//1186 1187//1187
f 1184//1184 1186//1186 1185//1185
f 1187//1187 1188//1188 1189//1189
f 1186//1186 1188//1188 1187//1187
f 1188//1188 1190//1190 1189//1189
f 1189//1189 1190//1190 1191//1191
f 1192//1192 1193//1193 1191//1191
f 1192//1192 1191//1191 1190//1190
f 1192//1192 1194//1194 1193//1193
f 1193//1193 1194//1194 1195//1195
f 1195//1195 1196//1196 1197//1197
f 1194//1194 1196//1196 1195//1195
f 1197//1197 1198//1198 1199//1199
f 1196//1196 1198//1198 1197//1197
f 1198//1198 1200//1200 1199//1199
f 1199//1199 1200//1200 1201//1201
f 1200//1200 1202//1202 1201//1201
f 1201//1201 1202//1202 1203//1203
f 1203//1203 1204//1204 1205//1205
f 1202//1202 1204//1204 1203//1203
f 1204//1204 1206//1206 1205//1205
f 1205//1205 1206//1206 1207//1207
f 1207//1207 1208//1208 1209//1209
f 1206//1206 1208//1208 1207//1207
f 1209//1209 1210//1210 1211//1211
f 1208//1208 1210//1210 1209//1209
f 1211//1211 1212//1212 1213//1213
f 1210//1210 1212//1212 1211//1211
f 1213//1213 1214//1214 1215//1215
f 1212//1212 1214//1214 1213//1213
f 1215//1215 1216//1216 1217//1217
f 1217//1217 1216//1216 1218//1218
f 1214//1214 1216//1216 1215//1215
f 1216//1216 1219//1219 1218//1218
f 1218//1218 1219//1219 1220//1220
f 1220//1220 1221//1221 1222//1222
f 1219//1219 1221//1221 1220//1220
f 1222//1222 1223//1223 1224//1224
f 1221//1221 1223//1223 1222//1222
f 1224//1224 1225//1225 1226//1226
f 1223//1223 1225//1225 1224//1224
f 1226//1226 1227//1227 1228//1228
f 1225//1225 1227//1227 1226//1226
f 1228//1228 1229//1229 1230//1230
f 1227//1227 1229//1229 1228//1228
f 1230//1230 1231//1231 1232//1232
f 1229//1229 1231//1231 1230//1230
f 1232//1232 1233//1233 1234//1234
f 1231//1231 1233//1233 1232//1232
f 1234//1234 1235//1235 1236//1236
f 1233//1233 1235//1235 1234//1234
f 1236//1236 1237//1237 1238//1238
f 1235//1235 1237//1237 1236//1236
f 1238//1238 1239//1239 1240//1240
f 1237//1237 1239//1239 1238//1238
f 1240//1240 1241//1241 1242//1242
f 1239//1239 1241//1241 1240//1240
f 1242//1242 1243//1243 1244//1244
f 1241//1241 1243//1243 1242//1242
f 1244//1244 1245//1245 1246//1246
f 1243//1243 1245//1245 1244//1244
f 1246//1246 1247//1247 1248//1248
f 1245//1245 1247//1247 1246//1246
f 1248//1248 1249//1249 1250//1250
f 1247//1247 1249//1249 1248//1248
f 1250//1250 1251//1251 1252//1252
f 1249//1249 1251//1251 1250//1250
f 1251//1251 1253//1253 1252//1252
f 1252//1252 1253//1253 1254//1254
f 1253//1253 1255//1255 1254//1254
f 1254//1254 1255//1255 1256//1256
f 1255//1255 1257//1257 1256//1256
f 1256//1256 1257//1257 1258//1258
f 1257//1257 1259//1259 1258//1258
f 1258//1258 1259//1259 1260//1260
f 1259//1259 1261//1261 1260//1260
f 1260//1260 1261//1261 1262//1262
f 1261//1261 1263//1263 1262//1262
f 1262//1262 1263//1263 1264//1264
f 1263//1263 1265//1265 1264//1264
f 1264//1264 1265//1265 1266//1266
f 1265//1265 1267//1267 1266//1266
f 1266//1266 1267//1267 1268//1268
f 1267//1267 1269//1269 1268//1268
f 1268//1268 1269//1269 1270//1270
f 1269//1269 1271//1271 1270//1270
f 1272//1272 1273//1273 1270//1270
f 1272//1272 1270//1270 1271//1271
f 1274//1274 1275//1275 1273//1273
f 1274//1274 1273//1273 1272//1272
f 1136//1136 1275//1275 1274//1274
f 1134//1134 1136//1136 1274//1274
f 1276//1276 1277//1277 1278//1278
f 1279//1279 1276//1276 1278//1278
f 1279//1279 1280//1280 1276//1276
f 1276//1276 1280//1280 1281//1281
f 1281//1281 1282//1282 1283//1283
f 1280//1280 1282//1282 1281//1281
f 1283//1283 1284//1284 1285//1285
f 1282//1282 1284//1284 1283//1283
f 1285//1285 1286//1286 1287//1287
f 1284//1284 1286//1286 1285//1285
f 1287//1287 1288//1288 1289//1289
f 1286//1286 1288//1288 1287//1287
f 1289//1289 1290//1290 1291//1291
f 1288//1288 1290//1290 1289//1289
f 1290//1290 1292//1292 1291//1291
f 1291//1291 1292//1292 1293//1293
f 1293//1293 1294//1294 1295//1295
f 1292//1292 1294//1294 1293//1293
f 1294//1294 1296//1296 1295//1295
f 1295//1295 1296//1296 1297//1297
f 1297//1297 1298//1298 1299//1299
f 1296//1296 1298//1298 1297//1297
f 1299//1299 1300//1300 1301//1301
f 1298//1298 1300//1300 1299//1299
f 1301//1301 1302//1302 1303//1303
f 1300//1300 1302//1302 1301//1301
f 1303//1303 1304//1304 1305//1305
f 1302//1302 1304//1304 1303//1303
f 1305//1305 1306//1306 1307//1307
f 1304//1304 1306//1306 1305//1305
f 1307//1307 1308//1308 1309//1309
f 1306//1306 1308//1308 1307//1307
f 1309//1309 1310//1310 1311//1311
f 1308//1308 1310//1310 1309//1309
f 1311//1311 1312//1312 1313//1313
f 1310//1310 1312//1312 1311//1311
f 1313//1313 1314//1314 1315//1315
f 1312//1312 1314//1314 1313//1313
f 1315//1315 1316//1316 1317//1317
f 1314//1314 1316//1316 1315//1315
f 1317//1317 1318//1318 1319//1319
f 1316//1316 1318//1318 1317//1317
f 1319//1319 1320//1320 1321//1321
f 1318//1318 1320//1320 1319//1319
f 1321//1321 1322//1322 1323//1323
f 1320//1320 1322//1322 1321//1321
f 1323//1323 1324//1324 1325//1325
f 1322//1322 1324//1324 1323//1323
f 1325//1325 1326//1326 1327//1327
f 1324//1324 1326//1326 1325//1325
f 1327//1327 1328//1328 1329//1329
f 1326//1326 1328//1328 1327//1327
f 1329//1329 1330//1330 1331//1331
f 1328//1328 1330//1330 1329//1329
f 1331//1331 1332//1332 1333//1333
f 1330//1330 1332//1332 1331//1331
f 1333//1333 1334//1334 1335//1335
f 1332//1332 1334//1334 1333//1333
f 1335//1335 1336//1336 1337//1337
f 1334//1334 1336//1336 1335//1335
f 1337//1337 1338//1338 1339//1339
f 1336//1336 1338//1338 1337//1337
f 1338//1338 1340//1340 1339//1339
f 1339//1339 1340//1340 1341//1341
f 1340//1340 1342//1342 1341//1341
f 1341//1341 1342//1342 1343//1343
f 1342//1342 1344//1344 1343//1343
f 1343//1343 1344//1344 1345//1345
f 1344//1344 1346//1346 1345//1345
f 1345//1345 1346//1346 1347//1347
f 1346//1346 1348//1348 1347//1347
f 1347//1347 1348//1348 1349//1349
f 1348//1348 1350//1350 1349//1349
f 1349//1349 1350//1350 1351//1351
f 1352//1352 1353//1353 1351//1351
f 1352//1352 1351//1351 1350//1350
f 1353//1353 1352//1352 1354//1354
f 1354//1354 1355//1355 1356//1356
f 1352//1352 1355//1355 1354//1354
f 1356//1356 1357//1357 1358//1358
f 1355//1355 1357//1357 1356//1356
f 1358//1358 1359//1359 1360//1360
f 1357//1357 1359//1359 1358//1358
f 1360//1360 1361//1361 1362//1362
f 1359//1359 1361//1361 1360//1360
f 1362//1362 1363//1363 1364//1364
f 1361//1361 1363//1363 1362//1362
f 1364//1364 1365//1365 1366//1366
f 1363//1363 1365//1365 1364//1364
f 1366//1366 1367//1367 1368//1368
f 1365//1365 1367//1367 1366//1366
f 1367//1367 1369//1369 1368//1368
f 1368//1368 1369//1369 1370//1370
f 1369//1369 1371//1371 1370//1370
f 1370//1370 1371//1371 1372//1372
f 1372//1372 1373//1373 1374//1374
f 1371//1371 1373//1373 1372//1372
f 1374//1374 1375//1375 1376//1376
f 1373//1373 1375//1375 1374//1374
f 1376//1376 1377//1377 1378//1378
f 1375//1375 1377//1377 1376//1376
f 1378//1378 1379//1379 1380//1380
f 1377//1377 1379//1379 1378//1378
f 1380//1380 1381//1381 1382//1382
f 1379//1379 1381//1381 1380//1380
f 1382//1382 1383//1383 1384//1384
f 1381//1381 1383//1383 1382//1382
f 1384//1384 1385//1385 1386//1386
f 1383//1383 1385//1385 1384//1384
f 1386//1386 1387//1387 1388//1388
f 1385//1385 1387//1387 1386//1386
f 1388//1388 1389//1389 1390//1390
f 1387//1387 1389//1389 1388//1388
f 1390//1390 1391//1391 1392//1392
f 1389//1389 1391//1391 1390//1390
f 1392//1392 1393//1393 1394//1394
f 1391//1391 1393//1393 1392//1392
f 1394//1394 1395//1395 1396//1396
f 1393//1393 1395//1395 1394//1394
f 1396//1396 1397//1397 1398//1398
f 1395//1395 1397//1397 1396//1396
f 1398//1398 1399//1399 1400//1400
f 1397//1397 1399//1399 1398//1398
f 1400//1400 1401//1401 1402//1402
f 1399//1399 1401//1401 1400//1400
f 1402//1402 1403//1403 1404//1404
f 1401//1401 1403//1403 1402//1402
f 1404//1404 1405//1405 1406//1406
f 1403//1403 1405//1405 1404//1404
f 1406//1406 1407//1407 1408//1408
f 1405//1405 1407//1407 1406//1406
f 1408//1408 1409//1409 1410//1410
f 1407//1407 1409//1409 1408//1408
f 1410//1410 1411//1411 1412//1412
f 1409//1409 1411//1411 1410//1410
f 1412//1412 1413//1413 1414//1414
f 1411//1411 1413//1413 1412//1412
f 1414//1414 1415//1415 1416//1416
f 1413//1413 1415//1415 1414//1414
f 1415//1415 1417//1417 1416//1416
f 1418//1418 1419//1419 1416//1416
f 1418//1418 1416//1416 1417//1417
f 1418//1418 1420//1420 1419//1419
f 1419//1419 1420//1420 1421//1421
f 1421//1421 1422//1422 1423//1423
f 1420//1420 1422//1422 1421//1421
f 1423//1423 1424//1424 1425//1425
f 1422//1422 1424//1424 1423//1423
f 1425//1425 1426//1426 1427//1427
f 1424//1424 1426//1426 1425//1425
f 1427//1427 1428//1428 1429//1429
f 1426//1426 1428//1428 1427//1427
f 1429//1429 1430//1430 1431//1431
f 1428//1428 1430//1430 1429//1429
f 1431//1431 1432//1432 1433//1433
f 1430//1430 1432//1432 1431//1431
f 1433//1433 1434//1434 1435//1435
f 1432//1432 1434//1434 1433//1433
f 1435//1435 1436//1436 1437//1437
f 1434//1434 1436//1436 1435//1435
f 1437//1437 1438//1438 1439//1439
f 1436//1436 1438//1438 1437//1437
f 1439//1439 1440//1440 1441//1441
f 1438//1438 1440//1440 1439//1439
f 1440//1440 1442//1442 1441//1441
f 1441//1441 1442//1442 1443//1443
f 1442//1442 1444//1444 1443//1443
f 1443//1443 1444//1444 1445//1445
f 1444//1444 1446//1446 1445//1445
f 1445//1445 1446//1446 1447//1447
f 1446//1446 1448//1448 1447//1447
f 1447//1447 1448//1448 1449//1449
f 1448//1448 1450//1450 1449//1449
f 1449//1449 1450//1450 1451//1451
f 1451//1451 1452//1452 1453//1453
f 1450//1450 1452//1452 1451//1451
f 1452//1452 1454//1454 1453//1453
f 1453//1453 1454//1454 1455//1455
f 1455//1455 1456//1456 1457//1457
f 1454//1454 1456//1456 1455//1455
f 1457//1457 1458//1458 1459//1459
f 1456//1456 1458//1458 1457//1457
f 1459//1459 1460//1460 1461//1461
f 1458//1458 1460//1460 1459//1459
f 1461//1461 1462//1462 1463//1463
f 1460//1460 1462//1462 1461//1461
f 1462//1462 1464//1464 1463//1463
f 1463//1463 1464//1464 1465//1465
f 1466//1466 1467//1467 1465//1465
f 1466//1466 1465//1465 1464//1464
f 1466//1466 1468//1468 1467//1467
f 1467//1467 1468//1468 1469//1469
f 1469//1469 1470//1470 1471//1471
f 1468//1468 1470//1470 1469//1469
f 1471//1471 1472//1472 1473//1473
f 1470//1470 1472//1472 1471//1471
f 1473//1473 1474//1474 1475//1475
f 1472//1472 1474//1474 1473//1473
f 1475//1475 1476//1476 1477//1477
f 1474//1474 1476//1476 1475//1475
f 1477//1477 1478//1478 1479//1479
f 1476//1476 1478//1478 1477//1477
f 1479//1479 1480//1480 1481//1481
f 1478//1478 1480//1480 1479//1479
f 1481//1481 1482//1482 1483//1483
f 1480//1480 1482//1482 1481//1481
f 1483//1483 1484//1484 1485//1485
f 1482//1482 1484//1484 1483//1483
f 1486//1486 1487//1487 1485//1485
f 1486//1486 1485//1485 1484//1484
f 1486//1486 1488//1488 1487//1487
f 1487//1487 1488//1488 1489//1489
f 1489//1489 1490//1490 1491//1491
f 1488//1488 1490//1490 1489//1489
f 1491//1491 1492//1492 1493//1493
f 1490//1490 1492//1492 1491//1491
f 1493//1493 1494//1494 1495//1495
f 1492//1492 1494//1494 1493//1493
f 1495//1495 1496//1496 1497//1497
f 1494//1494 1496//1496 1495//1495
f 1497//1497 1498//1498 1499//1499
f 1496//1496 1498//1498 1497//1497
f 1499//1499 1500//1500 1501//1501
f 1498//1498 1500//1500 1499//1499
f 1501//1501 1502//1502 1503//1503
f 1500//1500 1502//1502 1501//1501
f 1503//1503 1504//1504 1505//1505
f 1502//1502 1504//1504 1503//1503
f 1505//1505 1506//1506 1507//1507
f 1504//1504 1506//1506 1505//1505
f 1506//1506 1508//1508 1507//1507
f 1507//1507 1508//1508 1509//1509
f 1508//1508 1510//1510 1509//1509
f 1509//1509 1510//1510 1511//1511
f 1511//1511 1512//1512 1513//1513
f 1510//1510 1512//1512 1511//1511
f 1513//1513 1514//1514 1515//1515
f 1512//1512 1514//1514 1513//1513
f 1515//1515 1516//1516 1517//1517
f 1514//1514 1516//1516 1515//1515
f 1517//1517 1518//1518 1519//1519
f 1516//1516 1518//1518 1517//1517
f 1519//1519 1520//1520 1521//1521
f 1518//1518 1520//1520 1519//1519
f 1521//1521 1522//1522 1523//1523
f 1520//1520 1522//1522 1521//1521
f 1523//1523 1524//1524 1525//1525
f 1522//1522 1524//1524 1523//1523
f 1525//1525 1526//1526 1527//1527
f 1524//1524 1526//1526 1525//1525
f 1527//1527 1528//1528 1529//1529
f 1526//1526 1528//1528 1527//1527
f 1529//1529 1530//1530 1531//1531
f 1528//1528 1530//1530 1529//1529
f 1531//1531 1532//1532 1533//1533
f 1530//1530 1532//1532 1531//1531
f 1533//1533 1534//1534 1535//1535
f 1532//1532 1534//1534 1533//1533
f 1535//1535 1536//1536 1537//1537
f 1534//1534 1536//1536 1535//1535
f 1537//1537 1538//1538 1539//1539
f 1536//1536 1538//1538 1537//1537
f 1539//1539 1540//1540 1541//1541
f 1538//1538 1540//1540 1539//1539
f 1540//1540 1278//1278 1541//1541
f 1541//1541 1278//1278 1277//1277
f 1542//1542 1543//1543 1544//1544
f 1544//1544 1543//1543 1545//1545
f 1545//1545 1546//1546 1547//1547
f 1543//1543 1546//1546 1545//1545
f 1547//1547 1548//1548 1549//1549
f 1546//1546 1548//1548 1547//1547
f 1549//1549 1550//1550 1551//1551
f 1548//1548 1550//1550 1549//1549
f 1551//1551 1552//1552 1553//1553
f 1550//1550 1552//1552 1551//1551
f 1553//1553 1554//1554 1555//1555
f 1552//1552 1554//1554 1553//1553
f 1555//1555 1556//1556 1557//1557
f 1554//1554 1556//1556 1555//1555
f 1557//1557 1558//1558 1559//1559
f 1556//1556 1558//1558 1557//1557
f 1559//1559 1560//1560 1561//1561
f 1558//1558 1560//1560 1559//1559
f 1561//1561 1562//1562 1563//1563
f 1560//1560 1562//1562 1561//1561
f 1563//1563 1564//1564 1565//1565
f 1562//1562 1564//1564 1563//1563
f 1565//1565 1566//1566 1567//1567
f 1564//1564 1566//1566 1565//1565
f 1567//1567 1568//1568 1569//1569
f 1566//1566 1568//1568 1567//1567
f 1569//1569 1570//1570 1571//1571
f 1568//1568 1570//1570 1569//1569
f 1571//1571 1572//1572 1573//1573
f 1570//1570 1572//1572 1571//1571
f 1573//1573 1574//1574 1575//1575
f 1572//1572 1574//1574 1573//1573
f 1575//1575 1576//1576 1577//1577
f 1574//1574 1576//1576 1575//1575
f 1577//1577 1578//1578 1579//1579
f 1576//1576 1578//1578 1577//1577
f 1579//1579 1580//1580 1581//1581
f 1578//1578 1580//1580 1579//1579
f 1581//1581 1582//1582 1583//1583
f 1580//1580 1582//1582 1581//1581
f 1583//1583 1584//1584 1585//1585
f 1582//1582 1584//1584 1583//1583
f 1585//1585 1586//1586 1587//1587
f 1584//1584 1586//1586 1585//1585
f 1587//1587 1588//1588 1589//1589
f 1586//1586 1588//1588 1587//1587
f 1588//1588 1590//1590 1589//1589
f 1589//1589 1590//1590 1591//1591
f 1590//1590 1592//1592 1591//1591
f 1591//1591 1592//1592 1593//1593
f 1592//1592 1594//1594 1593//1593
f 1593//1593 1594//1594 1595//1595
f 1594//1594 1596//1596 1595//1595
f 1595//1595 1596//1596 1597//1597
f 1596//1596 1598//1598 1597//1597
f 1597//1597 1598//1598 1599//1599
f 1598//1598 1600//1600 1599//1599
f 1599//1599 1600//1600 1601//1601
f 1600//1600 1602//1602 1601//1601
f 1601//1601 1602//1602 1603//1603
f 1603//1603 1604//1604 1605//1605
f 1602//1602 1604//1604 1603//1603
f 1605//1605 1606//1606 1607//1607
f 1604//1604 1606//1606 1605//1605
f 1607//1607 1608//1608 1609//1609
f 1606//1606 1608//1608 1607//1607
f 1609//1609 1610//1610 1611//1611
f 1608//1608 1610//1610 1609//1609
f 1611//1611 1612//1612 1613//1613
f 1610//1610 1612//1612 1611//1611
f 1613//1613 1614//1614 1615//1615
f 1612//1612 1614//1614 1613//1613
f 1615//1615 1616//1616 1617//1617
f 1614//1614 1616//1616 1615//1615
f 1617//1617 1618//1618 1619//1619
f 1616//1616 1618//1618 1617//1617
f 1619//1619 1620//1620 1621//1621
f 1618//1618 1620//1620 1619//1619
f 1621//1621 1622//1622 1623//1623
f 1620//1620 1622//1622 1621//1621
f 1623//1623 1624//1624 1625//1625
f 1622//1622 1624//1624 1623//1623
f 1625//1625 1626//1626 1627//1627
f 1624//1624 1626//1626 1625//1625
f 1627//1627 1628//1628 1629//1629
f 1626//1626 1628//1628 1627//1627
f 1629//1629 1630//1630 1631//1631
f 1628//1628 1630//1630 1629//1629
f 1631//1631 1632//1632 1633//1633
f 1630//1630 1632//1632 1631//1631
f 1633//1633 1634//1634 1635//1635
f 1632//1632 1634//1634 1633//1633
f 1635//1635 1636//1636 1637//1637
f 1634//1634 1636//1636 1635//1635
f 1636//1636 1638//1638 1637//1637
f 1637//1637 1638//1638 1639//1639
f 1638//1638 1640//1640 1639//1639
f 1639//1639 1640//1640 1641//1641
f 1640//1640 1642//1642 1641//1641
f 1641//1641 1642//1642 1643//1643
f 1642//1642 1644//1644 1643//1643
f 1643//1643 1644//1644 1645//1645
f 1644//1644 1646//1646 1645//1645
f 1645//1645 1646//1646 1647//1647
f 1647//1647 1646//1646 1648//1648
f 1649//1649 1648//1648 1650//1650
f 1649//1649 1647//1647 1648//1648
f 1651//1651 1650//1650 1652//1652
f 1651//1651 1649//1649 1650//1650
f 1653//1653 1652//1652 1654//1654
f 1653//1653 1651//1651 1652//1652
f 1655//1655 1654//1654 1656//1656
f 1655//1655 1653//1653 1654//1654
f 1657//1657 1656//1656 1658//1658
f 1657//1657 1655//1655 1656//1656
f 1659//1659 1658//1658 1660//1660
f 1659//1659 1657//1657 1658//1658
f 1661//1661 1660//1660 1662//1662
f 1661//1661 1659//1659 1660//1660
f 1663//1663 1662//1662 1664//1664
f 1663//1663 1661//1661 1662//1662
f 1665//1665 1664//1664 1666//1666
f 1665//1665 1663//1663 1664//1664
f 1667//1667 1665//1665 1666//1666
f 1667//1667 1666//1666 1668//1668
f 1669//1669 1667//1667 1668//1668
f 1669//1669 1668//1668 1670//1670
f 1671//1671 1669//1669 1670//1670
f 1671//1671 1670//1670 1672//1672
f 1673//1673 1672//1672 1674//1674
f 1673//1673 1671//1671 1672//1672
f 1675//1675 1673//1673 1674//1674
f 1675//1675 1674//1674 1676//1676
f 1677//1677 1676//1676 1678//1678
f 1677//1677 1675//1675 1676//1676
f 1679//1679 1678//1678 1680//1680
f 1679//1679 1677//1677 1678//1678
f 1681//1681 1680//1680 1682//1682
f 1681//1681 1679//1679 1680//1680
f 1683//1683 1682//1682 1684//1684
f 1683//1683 1681//1681 1682//1682
f 1685//1685 1684//1684 1686//1686
f 1685//1685 1683//1683 1684//1684
f 1687//1687 1686//1686 1688//1688
f 1687//1687 1685//1685 1686//1686
f 1689//1689 1688//1688 1690//1690
f 1689//1689 1687//1687 1688//1688
f 1691//1691 1690//1690 1692//1692
f 1691//1691 1689//1689 1690//1690
f 1693//1693 1692//1692 1694//1694
f 1693//1693 1691//1691 1692//1692
f 1695//1695 1694//1694 1696//1696
f 1695//1695 1693//1693 1694//1694
f 1697//1697 1696//1696 1698//1698
f 1697//1697 1695//1695 1696//1696
f 1699//1699 1698//1698 1700//1700
f 1699//1699 1697//1697 1698//1698
f 1701//1701 1699//1699 1700//1700
f 1702//1702 1703//1703 1701//1701
f 1702//1702 1701//1701 1700//1700
f 1704//1704 1702//1702 1705//1705
f 1704//1704 1703//1703 1702//1702
f 1706//1706 1705//1705 1707//1707
f 1706//1706 1704//1704 1705//1705
f 1708//1708 1709//1709 1710//1710
f 1708//1708 1707//1707 1709//1709
f 1708//1708 1706//1706 1707//1707
f 1711//1711 1710//1710 1712//1712
f 1711//1711 1708//1708 1710//1710
f 1713//1713 1712//1712 1714//1714
f 1713//1713 1711//1711 1712//1712
f 1715//1715 1714//1714 1716//1716
f 1715//1715 1713//1713 1714//1714
f 1717//1717 1716//1716 1718//1718
f 1717//1717 1715//1715 1716//1716
f 1719//1719 1717//1717 1718//1718
f 1720//1720 1718//1718 1721//1721
f 1720//1720 1719//1719 1718//1718
f 1722//1722 1720//1720 1721//1721
f 1723//1723 1722//1722 1721//1721
f 1724//1724 1725//1725 1722//1722
f 1724//1724 1722//1722 1723//1723
f 1726//1726 1725//1725 1724//1724
f 1727//1727 1726//1726 1724//1724
f 1726//1726 1727//1727 1728//1728
f 1729//1729 1728//1728 1730//1730
f 1729//1729 1726//1726 1728//1728
f 1731//1731 1730//1730 1732//1732
f 1731//1731 1729//1729 1730//1730
f 1733//1733 1732//1732 1734//1734
f 1733//1733 1731//1731 1732//1732
f 1735//1735 1734//1734 1736//1736
f 1735//1735 1733//1733 1734//1734
f 1737//1737 1736//1736 1738//1738
f 1737//1737 1735//1735 1736//1736
f 1739//1739 1738//1738 1740//1740
f 1739//1739 1737//1737 1738//1738
f 1741//1741 1740//1740 1742//1742
f 1741//1741 1739//1739 1740//1740
f 1743//1743 1742//1742 1744//1744
f 1743//1743 1741//1741 1742//1742
f 1745//1745 1744//1744 1746//1746
f 1745//1745 1743//1743 1744//1744
f 1747//1747 1745//1745 1746//1746
f 1747//1747 1746//1746 1748//1748
f 1749//1749 1747//1747 1748//1748
f 1749//1749 1748//1748 1750//1750
f 1751//1751 1749//1749 1750//1750
f 1751//1751 1750//1750 1752//1752
f 1753//1753 1752//1752 1754//1754
f 1753//1753 1751//1751 1752//1752
f 1755//1755 1753//1753 1754//1754
f 1755//1755 1754//1754 1756//1756
f 1757//1757 1756//1756 1758//1758
f 1757//1757 1755//1755 1756//1756
f 1759//1759 1758//1758 1760//1760
f 1759//1759 1757//1757 1758//1758
f 1761//1761 1760//1760 1762//1762
f 1761//1761 1759//1759 1760//1760
f 1763//1763 1762//1762 1764//1764
f 1763//1763 1761//1761 1762//1762
f 1765//1765 1764//1764 1766//1766
f 1765//1765 1763//1763 1764//1764
f 1767//1767 1766//1766 1768//1768
f 1767//1767 1765//1765 1766//1766
f 1769//1769 1768//1768 1770//1770
f 1769//1769 1767//1767 1768//1768
f 1771//1771 1770//1770 1772//1772
f 1771//1771 1769//1769 1770//1770
f 1773//1773 1772//1772 1774//1774
f 1773//1773 1771//1771 1772//1772
f 1775//1775 1774//1774 1776//1776
f 1775//1775 1773//1773 1774//1774
f 1777//1777 1776//1776 1778//1778
f 1777//1777 1775//1775 1776//1776
f 1779//1779 1778//1778 1780//1780
f 1779//1779 1777//1777 1778//1778
f 1781//1781 1779//1779 1780//1780
f 1782//1782 1781//1781 1780//1780
f 1783//1783 1782//1782 1780//1780
f 1784//1784 1782//1782 1783//1783
f 1785//1785 1784//1784 1783//1783
f 1784//1784 1785//1785 1786//1786
f 1785//1785 1787//1787 1786//1786
f 1788//1788 1786//1786 1787//1787
f 1789//1789 1788//1788 1787//1787
f 1790//1790 1791//1791 1788//1788
f 1790//1790 1788//1788 1789//1789
f 1542//1542 1544//1544 1791//1791
f 1542//1542 1791//1791 1790//1790
f 1786//1786 1782//1782 1784//1784
f 1544//1544 1782//1782 1786//1786
f 1545//1545 1782//1782 1544//1544
f 1547//1547 1782//1782 1545//1545
f 1230//1230 1232//1232 1782//1782
f 1234//1234 1782//1782 1232//1232
f 1228//1228 1230//1230 1782//1782
f 1236//1236 1782//1782 1234//1234
f 1226//1226 1228//1228 1782//1782
f 1238//1238 1782//1782 1236//1236
f 1224//1224 1226//1226 1782//1782
f 1240//1240 1782//1782 1238//1238
f 1222//1222 1224//1224 1782//1782
f 1242//1242 1782//1782 1240//1240
f 1220//1220 1222//1222 1782//1782
f 1244//1244 1782//1782 1242//1242
f 1218//1218 1220//1220 1782//1782
f 1246//1246 1782//1782 1244//1244
f 1217//1217 1218//1218 1782//1782
f 1248//1248 1782//1782 1246//1246
f 1215//1215 1217//1217 1782//1782
f 1250//1250 1782//1782 1248//1248
f 1213//1213 1215//1215 1782//1782
f 1252//1252 1782//1782 1250//1250
f 1211//1211 1782//1782 1547//1547
f 1211//1211 1213//1213 1782//1782
f 1254//1254 1782//1782 1252//1252
f 1209//1209 1547//1547 1549//1549
f 1209//1209 1211//1211 1547//1547
f 1256//1256 1782//1782 1254//1254
f 1207//1207 1549//1549 1551//1551
f 1207//1207 1209//1209 1549//1549
f 1258//1258 1782//1782 1256//1256
f 1205//1205 1207//1207 1551//1551
f 1260//1260 1782//1782 1258//1258
f 1203//1203 1551//1551 1553//1553
f 1203//1203 1205//1205 1551//1551
f 1262//1262 1782//1782 1260//1260
f 1201//1201 1203//1203 1553//1553
f 1264//1264 1782//1782 1262//1262
f 1199//1199 1553//1553 1555//1555
f 1199//1199 1201//1201 1553//1553
f 1266//1266 1782//1782 1264//1264
f 1197//1197 1199//1199 1555//1555
f 1268//1268 1782//1782 1266//1266
f 1195//1195 1555//1555 1557//1557
f 1195//1195 1197//1197 1555//1555
f 1193//1193 1557//1557 1559//1559
f 1193//1193 1559//1559 1561//1561
f 1193//1193 1561//1561 1563//1563
f 1193//1193 1563//1563 1565//1565
f 1193//1193 1195//1195 1557//1557
f 1567//1567 1193//1193 1565//1565
f 1569//1569 1193//1193 1567//1567
f 1571//1571 1193//1193 1569//1569
f 1573//1573 1193//1193 1571//1571
f 1575//1575 1193//1193 1573//1573
f 1577//1577 1193//1193 1575//1575
f 1579//1579 1193//1193 1577//1577
f 1581//1581 1193//1193 1579//1579
f 1583//1583 1193//1193 1581//1581
f 1191//1191 1583//1583 1585//1585
f 1191//1191 1193//1193 1583//1583
f 1191//1191 1585//1585 1587//1587
f 1191//1191 1587//1587 1589//1589
f 1191//1191 1589//1589 1591//1591
f 1191//1191 1591//1591 1593//1593
f 1191//1191 1593//1593 1595//1595
f 1191//1191 1595//1595 1597//1597
f 1191//1191 1597//1597 1599//1599
f 1191//1191 1599//1599 1601//1601
f 1189//1189 1191//1191 1601//1601
f 1187//1187 1189//1189 1601//1601
f 1185//1185 1187//1187 1601//1601
f 1183//1183 1185//1185 1601//1601
f 1183//1183 1601//1601 1603//1603
f 1181//1181 1183//1183 1603//1603
f 1179//1179 1181//1181 1603//1603
f 1177//1177 1179//1179 1603//1603
f 1175//1175 1177//1177 1603//1603
f 1173//1173 1175//1175 1603//1603
f 1173//1173 1603//1603 1605//1605
f 1781//1781 1273//1273 1008//1008
f 1781//1781 1008//1008 1007//1007
f 1781//1781 1007//1007 1010//1010
f 1781//1781 1010//1010 1013//1013
f 1781//1781 1013//1013 1015//1015
f 1781//1781 1015//1015 1017//1017
f 1781//1781 1017//1017 1019//1019
f 1781//1781 1019//1019 1021//1021
f 1781//1781 1021//1021 1023//1023
f 1781//1781 1023//1023 1025//1025
f 1781//1781 1025//1025 1027//1027
f 1781//1781 1027//1027 1029//1029
f 1781//1781 1029//1029 1031//1031
f 1781//1781 1031//1031 1033//1033
f 1781//1781 1033//1033 1035//1035
f 1781//1781 1035//1035 1037//1037
f 1781//1781 1037//1037 1039//1039
f 1781//1781 1039//1039 1041//1041
f 1781//1781 1041//1041 1043//1043
f 1781//1781 1043//1043 1045//1045
f 1781//1781 1045//1045 1047//1047
f 1781//1781 1047//1047 1049//1049
f 1781//1781 1049//1049 1051//1051
f 1781//1781 1051//1051 1053//1053
f 1781//1781 1053//1053 1055//1055
f 1781//1781 1055//1055 1056//1056
f 1171//1171 1173//1173 1605//1605
f 1777//1777 1779//1779 1781//1781
f 1775//1775 1777//1777 1781//1781
f 1169//1169 1171//1171 1605//1605
f 1769//1769 1771//1771 1773//1773
f 1769//1769 1773//1773 1775//1775
f 1769//1769 1775//1775 1781//1781
f 1767//1767 1769//1769 1781//1781
f 1765//1765 1767//1767 1781//1781
f 1763//1763 1765//1765 1781//1781
f 1167//1167 1169//1169 1605//1605
f 1759//1759 1761//1761 1763//1763
f 1757//1757 1759//1759 1763//1763
f 1755//1755 1763//1763 1781//1781
f 1755//1755 1757//1757 1763//1763
f 1165//1165 1167//1167 1605//1605
f 1165//1165 1605//1605 1607//1607
f 1753//1753 1755//1755 1781//1781
f 1163//1163 1165//1165 1607//1607
f 1745//1745 1747//1747 1749//1749
f 1745//1745 1749//1749 1751//1751
f 1745//1745 1751//1751 1753//1753
f 1741//1741 1743//1743 1745//1745
f 1741//1741 1753//1753 1781//1781
f 1741//1741 1745//1745 1753//1753
f 1161//1161 1163//1163 1607//1607
f 1737//1737 1739//1739 1741//1741
f 1735//1735 1737//1737 1741//1741
f 1733//1733 1735//1735 1741//1741
f 1729//1729 1733//1733 1741//1741
f 1729//1729 1731//1731 1733//1733
f 1159//1159 1161//1161 1607//1607
f 1726//1726 1781//1781 1056//1056
f 1726//1726 1056//1056 1059//1059
f 1726//1726 1059//1059 1060//1060
f 1726//1726 1741//1741 1781//1781
f 1726//1726 1060//1060 1063//1063
f 1726//1726 1063//1063 1064//1064
f 1726//1726 1729//1729 1741//1741
f 1157//1157 1159//1159 1607//1607
f 1155//1155 1157//1157 1607//1607
f 1609//1609 1147//1147 1149//1149
f 1609//1609 1149//1149 1151//1151
f 1609//1609 1151//1151 1153//1153
f 1609//1609 1153//1153 1155//1155
f 1609//1609 1155//1155 1607//1607
f 1611//1611 1147//1147 1609//1609
f 1611//1611 1143//1143 1145//1145
f 1611//1611 1145//1145 1147//1147
f 1788//1788 1544//1544 1786//1786
f 1321//1321 1613//1613 1319//1319
f 1317//1317 1319//1319 1613//1613
f 1317//1317 1613//1613 1615//1615
f 1323//1323 1613//1613 1321//1321
f 1315//1315 1317//1317 1615//1615
f 1325//1325 1613//1613 1323//1323
f 1313//1313 1315//1315 1615//1615
f 1327//1327 1611//1611 1613//1613
f 1327//1327 1613//1613 1325//1325
f 1311//1311 1313//1313 1615//1615
f 1329//1329 1143//1143 1611//1611
f 1329//1329 1611//1611 1327//1327
f 1329//1329 1141//1141 1143//1143
f 1309//1309 1311//1311 1615//1615
f 1331//1331 1139//1139 1141//1141
f 1331//1331 1141//1141 1329//1329
f 1307//1307 1615//1615 1617//1617
f 1307//1307 1309//1309 1615//1615
f 1333//1333 1139//1139 1331//1331
f 1333//1333 1137//1137 1139//1139
f 1305//1305 1307//1307 1617//1617
f 1335//1335 1136//1136 1137//1137
f 1335//1335 1137//1137 1333//1333
f 1303//1303 1305//1305 1617//1617
f 1337//1337 1136//1136 1335//1335
f 1301//1301 1303//1303 1617//1617
f 1339//1339 1136//1136 1337//1337
f 1299//1299 1301//1301 1617//1617
f 1341//1341 1275//1275 1136//1136
f 1341//1341 1136//1136 1339//1339
f 1297//1297 1299//1299 1617//1617
f 1343//1343 1275//1275 1341//1341
f 1295//1295 1617//1617 1619//1619
f 1295//1295 1297//1297 1617//1617
f 1345//1345 1275//1275 1343//1343
f 1293//1293 1295//1295 1619//1619
f 1347//1347 1133//1133 1275//1275
f 1347//1347 1275//1275 1345//1345
f 1291//1291 1293//1293 1619//1619
f 1349//1349 1133//1133 1347//1347
f 1289//1289 1291//1291 1619//1619
f 1351//1351 1133//1133 1349//1349
f 1287//1287 1289//1289 1619//1619
f 1285//1285 1287//1287 1619//1619
f 1283//1283 1285//1285 1619//1619
f 1283//1283 1619//1619 1621//1621
f 1281//1281 1283//1283 1621//1621
f 1276//1276 1281//1281 1621//1621
f 1276//1276 1621//1621 1623//1623
f 1625//1625 1276//1276 1623//1623
f 1627//1627 1276//1276 1625//1625
f 1629//1629 1276//1276 1627//1627
f 1631//1631 1276//1276 1629//1629
f 1066//1066 1726//1726 1064//1064
f 1131//1131 1133//1133 1351//1351
f 1353//1353 1126//1126 1128//1128
f 1353//1353 1128//1128 1131//1131
f 1353//1353 1131//1131 1351//1351
f 1354//1354 1126//1126 1353//1353
f 1354//1354 1124//1124 1126//1126
f 1356//1356 1124//1124 1354//1354
f 1356//1356 1122//1122 1124//1124
f 1358//1358 1122//1122 1356//1356
f 1358//1358 1120//1120 1122//1122
f 1360//1360 1120//1120 1358//1358
f 1360//1360 1118//1118 1120//1120
f 1362//1362 1118//1118 1360//1360
f 1362//1362 1116//1116 1118//1118
f 1364//1364 1116//1116 1362//1362
f 1364//1364 1114//1114 1116//1116
f 1366//1366 1114//1114 1364//1364
f 1366//1366 1112//1112 1114//1114
f 1368//1368 1112//1112 1366//1366
f 1368//1368 1110//1110 1112//1112
f 1370//1370 1110//1110 1368//1368
f 1370//1370 1108//1108 1110//1110
f 1372//1372 1108//1108 1370//1370
f 1372//1372 1106//1106 1108//1108
f 1374//1374 1106//1106 1372//1372
f 1374//1374 1104//1104 1106//1106
f 1376//1376 1104//1104 1374//1374
f 1376//1376 1102//1102 1104//1104
f 1277//1277 1641//1641 1643//1643
f 1277//1277 1643//1643 1645//1645
f 1277//1277 1645//1645 1647//1647
f 1541//1541 1277//1277 1647//1647
f 1539//1539 1541//1541 1647//1647
f 1539//1539 1647//1647 1649//1649
f 1537//1537 1539//1539 1649//1649
f 1537//1537 1649//1649 1651//1651
f 1535//1535 1651//1651 1653//1653
f 1535//1535 1537//1537 1651//1651
f 1533//1533 1653//1653 1655//1655
f 1533//1533 1535//1535 1653//1653
f 1531//1531 1655//1655 1657//1657
f 1531//1531 1533//1533 1655//1655
f 1529//1529 1657//1657 1659//1659
f 1529//1529 1531//1531 1657//1657
f 1527//1527 1659//1659 1661//1661
f 1527//1527 1529//1529 1659//1659
f 1525//1525 1661//1661 1663//1663
f 1525//1525 1527//1527 1661//1661
f 1523//1523 1663//1663 1665//1665
f 1523//1523 1525//1525 1663//1663
f 1521//1521 1665//1665 1667//1667
f 1521//1521 1523//1523 1665//1665
f 1519//1519 1521//1521 1667//1667
f 1669//1669 1519//1519 1667//1667
f 1517//1517 1519//1519 1669//1669
f 1671//1671 1517//1517 1669//1669
f 1515//1515 1517//1517 1671//1671
f 1673//1673 1515//1515 1671//1671
f 1673//1673 1513//1513 1515//1515
f 1675//1675 1513//1513 1673//1673
f 1675//1675 1511//1511 1513//1513
f 1677//1677 1511//1511 1675//1675
f 1677//1677 1509//1509 1511//1511
f 1679//1679 1509//1509 1677//1677
f 1679//1679 1507//1507 1509//1509
f 1681//1681 1505//1505 1507//1507
f 1681//1681 1507//1507 1679//1679
f 1683//1683 1503//1503 1505//1505
f 1683//1683 1505//1505 1681//1681
f 1685//1685 1501//1501 1503//1503
f 1685//1685 1503//1503 1683//1683
f 1687//1687 1499//1499 1501//1501
f 1687//1687 1501//1501 1685//1685
f 1689//1689 1497//1497 1499//1499
f 1689//1689 1499//1499 1687//1687
f 1691//1691 1495//1495 1497//1497
f 1691//1691 1497//1497 1689//1689
f 1693//1693 1493//1493 1495//1495
f 1693//1693 1495//1495 1691//1691
f 1695//1695 1491//1491 1493//1493
f 1695//1695 1493//1493 1693//1693
f 1697//1697 1489//1489 1491//1491
f 1697//1697 1491//1491 1695//1695
f 1699//1699 1487//1487 1489//1489
f 1699//1699 1489//1489 1697//1697
f 1701//1701 1487//1487 1699//1699
f 1725//1725 1726//1726 1066//1066
f 1725//1725 1102//1102 1376//1376
f 1725//1725 1066//1066 1068//1068
f 1725//1725 1068//1068 1070//1070
f 1725//1725 1070//1070 1072//1072
f 1725//1725 1072//1072 1074//1074
f 1725//1725 1074//1074 1076//1076
f 1725//1725 1076//1076 1078//1078
f 1725//1725 1078//1078 1080//1080
f 1725//1725 1080//1080 1082//1082
f 1725//1725 1082//1082 1084//1084
f 1725//1725 1084//1084 1086//1086
f 1725//1725 1086//1086 1088//1088
f 1725//1725 1088//1088 1090//1090
f 1725//1725 1090//1090 1092//1092
f 1725//1725 1092//1092 1094//1094
f 1725//1725 1094//1094 1096//1096
f 1725//1725 1096//1096 1098//1098
f 1725//1725 1098//1098 1100//1100
f 1725//1725 1100//1100 1102//1102
f 1725//1725 1376//1376 1378//1378
f 1725//1725 1378//1378 1380//1380
f 1725//1725 1380//1380 1382//1382
f 1725//1725 1382//1382 1384//1384
f 1725//1725 1384//1384 1386//1386
f 1725//1725 1386//1386 1388//1388
f 1725//1725 1388//1388 1390//1390
f 1725//1725 1390//1390 1392//1392
f 1725//1725 1392//1392 1394//1394
f 1725//1725 1394//1394 1396//1396
f 1725//1725 1396//1396 1398//1398
f 1725//1725 1398//1398 1400//1400
f 1725//1725 1400//1400 1402//1402
f 1725//1725 1402//1402 1404//1404
f 1725//1725 1404//1404 1406//1406
f 1725//1725 1406//1406 1408//1408
f 1725//1725 1408//1408 1410//1410
f 1725//1725 1410//1410 1412//1412
f 1725//1725 1412//1412 1414//1414
f 1725//1725 1414//1414 1416//1416
f 1485//1485 1487//1487 1701//1701
f 1703//1703 1485//1485 1701//1701
f 1704//1704 1485//1485 1703//1703
f 1704//1704 1483//1483 1485//1485
f 1706//1706 1483//1483 1704//1704
f 1706//1706 1481//1481 1483//1483
f 1708//1708 1481//1481 1706//1706
f 1708//1708 1479//1479 1481//1481
f 1711//1711 1479//1479 1708//1708
f 1711//1711 1475//1475 1477//1477
f 1711//1711 1477//1477 1479//1479
f 1713//1713 1475//1475 1711//1711
f 1713//1713 1473//1473 1475//1475
f 1715//1715 1473//1473 1713//1713
f 1715//1715 1471//1471 1473//1473
f 1717//1717 1469//1469 1471//1471
f 1717//1717 1471//1471 1715//1715
f 1719//1719 1469//1469 1717//1717
f 1719//1719 1467//1467 1469//1469
f 1720//1720 1467//1467 1719//1719
f 1465//1465 1467//1467 1720//1720
f 1463//1463 1465//1465 1720//1720
f 1722//1722 1429//1429 1431//1431
f 1722//1722 1431//1431 1433//1433
f 1722//1722 1433//1433 1435//1435
f 1722//1722 1725//1725 1416//1416
f 1722//1722 1435//1435 1437//1437
f 1722//1722 1437//1437 1439//1439
f 1722//1722 1439//1439 1441//1441
f 1722//1722 1441//1441 1443//1443
f 1722//1722 1443//1443 1445//1445
f 1722//1722 1445//1445 1447//1447
f 1722//1722 1447//1447 1449//1449
f 1722//1722 1449//1449 1451//1451
f 1722//1722 1451//1451 1453//1453
f 1722//1722 1453//1453 1455//1455
f 1722//1722 1455//1455 1457//1457
f 1722//1722 1457//1457 1459//1459
f 1722//1722 1459//1459 1461//1461
f 1722//1722 1461//1461 1463//1463
f 1722//1722 1463//1463 1720//1720
f 1722//1722 1416//1416 1419//1419
f 1722//1722 1419//1419 1421//1421
f 1722//1722 1421//1421 1423//1423
f 1722//1722 1423//1423 1425//1425
f 1722//1722 1425//1425 1427//1427
f 1722//1722 1427//1427 1429//1429
f 1781//1781 1782//1782 1270//1270
f 1270//1270 1782//1782 1268//1268
f 1781//1781 1270//1270 1273//1273
f 1791//1791 1544//1544 1788//1788
f 1277//1277 1276//1276 1641//1641
f 1641//1641 1276//1276 1639//1639
f 1639//1639 1276//1276 1637//1637
f 1637//1637 1276//1276 1635//1635
f 1635//1635 1276//1276 1633//1633
f 1633//1633 1276//1276 1631//1631
f 1273//1273 1275//1275 1133//1133
f 1273//1273 1133//1133 1008//1008
f 1518//1518 1668//1668 1666//1666
f 1520//1520 1518//1518 1666//1666
f 1520//1520 1666//1666 1664//1664
f 1516//1516 1668//1668 1518//1518
f 1516//1516 1670//1670 1668//1668
f 1522//1522 1520//1520 1664//1664
f 1522//1522 1664//1664 1662//1662
f 1514//1514 1670//1670 1516//1516
f 1514//1514 1672//1672 1670//1670
f 1524//1524 1522//1522 1662//1662
f 1524//1524 1662//1662 1660//1660
f 1512//1512 1674//1674 1672//1672
f 1512//1512 1672//1672 1514//1514
f 1526//1526 1524//1524 1660//1660
f 1526//1526 1660//1660 1658//1658
f 1510//1510 1676//1676 1674//1674
f 1510//1510 1674//1674 1512//1512
f 1528//1528 1526//1526 1658//1658
f 1528//1528 1658//1658 1656//1656
f 1508//1508 1678//1678 1676//1676
f 1508//1508 1676//1676 1510//1510
f 1530//1530 1528//1528 1656//1656
f 1530//1530 1656//1656 1654//1654
f 1506//1506 1680//1680 1678//1678
f 1506//1506 1678//1678 1508//1508
f 1532//1532 1530//1530 1654//1654
f 1532//1532 1654//1654 1652//1652
f 1504//1504 1682//1682 1680//1680
f 1504//1504 1680//1680 1506//1506
f 1534//1534 1652//1652 1650//1650
f 1534//1534 1532//1532 1652//1652
f 1502//1502 1684//1684 1682//1682
f 1502//1502 1682//1682 1504//1504
f 1536//1536 1650//1650 1648//1648
f 1536//1536 1534//1534 1650//1650
f 1500//1500 1686//1686 1684//1684
f 1500//1500 1684//1684 1502//1502
f 1538//1538 1648//1648 1646//1646
f 1538//1538 1536//1536 1648//1648
f 1498//1498 1688//1688 1686//1686
f 1498//1498 1686//1686 1500//1500
f 1540//1540 1538//1538 1646//1646
f 1496//1496 1688//1688 1498//1498
f 1496//1496 1690//1690 1688//1688
f 1278//1278 1540//1540 1646//1646
f 1278//1278 1646//1646 1644//1644
f 1494//1494 1692//1692 1690//1690
f 1494//1494 1690//1690 1496//1496
f 1492//1492 1692//1692 1494//1494
f 1492//1492 1694//1694 1692//1692
f 1490//1490 1694//1694 1492//1492
f 1490//1490 1696//1696 1694//1694
f 1488//1488 1696//1696 1490//1490
f 1488//1488 1698//1698 1696//1696
f 1486//1486 1698//1698 1488//1488
f 1486//1486 1700//1700 1698//1698
f 1642//1642 1278//1278 1644//1644
f 1640//1640 1278//1278 1642//1642
f 1484//1484 1700//1700 1486//1486
f 1484//1484 1705//1705 1702//1702
f 1484//1484 1702//1702 1700//1700
f 1482//1482 1705//1705 1484//1484
f 1482//1482 1707//1707 1705//1705
f 1480//1480 1709//1709 1707//1707
f 1480//1480 1707//1707 1482//1482
f 1478//1478 1709//1709 1480//1480
f 1478//1478 1710//1710 1709//1709
f 1476//1476 1710//1710 1478//1478
f 1474//1474 1710//1710 1476//1476
f 1474//1474 1712//1712 1710//1710
f 1472//1472 1714//1714 1712//1712
f 1472//1472 1712//1712 1474//1474
f 1470//1470 1714//1714 1472//1472
f 1470//1470 1716//1716 1714//1714
f 1468//1468 1718//1718 1716//1716
f 1468//1468 1716//1716 1470//1470
f 1466//1466 1721//1721 1718//1718
f 1466//1466 1718//1718 1468//1468
f 1279//1279 1630//1630 1628//1628
f 1279//1279 1628//1628 1626//1626
f 1279//1279 1626//1626 1624//1624
f 1279//1279 1624//1624 1622//1622
f 1279//1279 1622//1622 1620//1620
f 1280//1280 1279//1279 1620//1620
f 1282//1282 1620//1620 1618//1618
f 1282//1282 1280//1280 1620//1620
f 1284//1284 1282//1282 1618//1618
f 1286//1286 1284//1284 1618//1618
f 1288//1288 1286//1286 1618//1618
f 1290//1290 1288//1288 1618//1618
f 1292//1292 1290//1290 1618//1618
f 1294//1294 1292//1292 1618//1618
f 1294//1294 1618//1618 1616//1616
f 1296//1296 1294//1294 1616//1616
f 1298//1298 1296//1296 1616//1616
f 1300//1300 1298//1298 1616//1616
f 1302//1302 1300//1300 1616//1616
f 1304//1304 1302//1302 1616//1616
f 1306//1306 1304//1304 1616//1616
f 1306//1306 1616//1616 1614//1614
f 1308//1308 1306//1306 1614//1614
f 1310//1310 1308//1308 1614//1614
f 1312//1312 1310//1310 1614//1614
f 1314//1314 1312//1312 1614//1614
f 1316//1316 1314//1314 1614//1614
f 1316//1316 1614//1614 1612//1612
f 1318//1318 1316//1316 1612//1612
f 1320//1320 1318//1318 1612//1612
f 1322//1322 1320//1320 1612//1612
f 1324//1324 1322//1322 1612//1612
f 1542//1542 1789//1789 1787//1787
f 1326//1326 1324//1324 1612//1612
f 1326//1326 1612//1612 1610//1610
f 1328//1328 1326//1326 1610//1610
f 1464//1464 1721//1721 1466//1466
f 1462//1462 1721//1721 1464//1464
f 1164//1164 1604//1604 1166//1166
f 1164//1164 1606//1606 1604//1604
f 1168//1168 1166//1166 1604//1604
f 1162//1162 1606//1606 1164//1164
f 1170//1170 1168//1168 1604//1604
f 1160//1160 1606//1606 1162//1162
f 1172//1172 1170//1170 1604//1604
f 1172//1172 1604//1604 1602//1602
f 1158//1158 1606//1606 1160//1160
f 1174//1174 1172//1172 1602//1602
f 1156//1156 1606//1606 1158//1158
f 1176//1176 1174//1174 1602//1602
f 1154//1154 1606//1606 1156//1156
f 1154//1154 1608//1608 1606//1606
f 1178//1178 1176//1176 1602//1602
f 1152//1152 1608//1608 1154//1154
f 1180//1180 1178//1178 1602//1602
f 1150//1150 1608//1608 1152//1152
f 1182//1182 1180//1180 1602//1602
f 1182//1182 1602//1602 1600//1600
f 1148//1148 1608//1608 1150//1150
f 1184//1184 1182//1182 1600//1600
f 1146//1146 1608//1608 1148//1148
f 1146//1146 1610//1610 1608//1608
f 1186//1186 1184//1184 1600//1600
f 1144//1144 1610//1610 1146//1146
f 1188//1188 1186//1186 1600//1600
f 1142//1142 1328//1328 1610//1610
f 1142//1142 1610//1610 1144//1144
f 1190//1190 1592//1592 1590//1590
f 1190//1190 1590//1590 1588//1588
f 1190//1190 1588//1588 1586//1586
f 1190//1190 1586//1586 1584//1584
f 1190//1190 1584//1584 1582//1582
f 1190//1190 1188//1188 1600//1600
f 1190//1190 1600//1600 1598//1598
f 1190//1190 1598//1598 1596//1596
f 1190//1190 1596//1596 1594//1594
f 1190//1190 1594//1594 1592//1592
f 1140//1140 1330//1330 1328//1328
f 1140//1140 1328//1328 1142//1142
f 1138//1138 1330//1330 1140//1140
f 1138//1138 1332//1332 1330//1330
f 1135//1135 1332//1332 1138//1138
f 1135//1135 1334//1334 1332//1332
f 1134//1134 1340//1340 1338//1338
f 1134//1134 1338//1338 1336//1336
f 1134//1134 1336//1336 1334//1334
f 1134//1134 1334//1334 1135//1135
f 1274//1274 1346//1346 1344//1344
f 1274//1274 1344//1344 1342//1342
f 1274//1274 1342//1342 1340//1340
f 1274//1274 1340//1340 1134//1134
f 1132//1132 1350//1350 1348//1348
f 1132//1132 1348//1348 1346//1346
f 1132//1132 1346//1346 1274//1274
f 1783//1783 1787//1787 1785//1785
f 1783//1783 1546//1546 1543//1543
f 1783//1783 1543//1543 1542//1542
f 1783//1783 1542//1542 1787//1787
f 1723//1723 1721//1721 1462//1462
f 1723//1723 1462//1462 1460//1460
f 1723//1723 1460//1460 1458//1458
f 1723//1723 1458//1458 1456//1456
f 1723//1723 1456//1456 1454//1454
f 1723//1723 1454//1454 1452//1452
f 1723//1723 1452//1452 1450//1450
f 1723//1723 1450//1450 1448//1448
f 1723//1723 1448//1448 1446//1446
f 1723//1723 1446//1446 1444//1444
f 1723//1723 1444//1444 1442//1442
f 1723//1723 1442//1442 1440//1440
f 1723//1723 1440//1440 1438//1438
f 1723//1723 1438//1438 1436//1436
f 1723//1723 1436//1436 1434//1434
f 1723//1723 1434//1434 1432//1432
f 1723//1723 1432//1432 1430//1430
f 1723//1723 1430//1430 1428//1428
f 1723//1723 1428//1428 1426//1426
f 1723//1723 1426//1426 1424//1424
f 1723//1723 1424//1424 1422//1422
f 1723//1723 1422//1422 1420//1420
f 1723//1723 1420//1420 1418//1418
f 1417//1417 1723//1723 1418//1418
f 1130//1130 1350//1350 1132//1132
f 1130//1130 1352//1352 1350//1350
f 1129//1129 1352//1352 1130//1130
f 1127//1127 1355//1355 1352//1352
f 1127//1127 1352//1352 1129//1129
f 1125//1125 1357//1357 1355//1355
f 1125//1125 1355//1355 1127//1127
f 1123//1123 1359//1359 1357//1357
f 1123//1123 1357//1357 1125//1125
f 1121//1121 1359//1359 1123//1123
f 1121//1121 1361//1361 1359//1359
f 1119//1119 1363//1363 1361//1361
f 1119//1119 1361//1361 1121//1121
f 1117//1117 1365//1365 1363//1363
f 1117//1117 1363//1363 1119//1119
f 1115//1115 1367//1367 1365//1365
f 1115//1115 1365//1365 1117//1117
f 1113//1113 1369//1369 1367//1367
f 1113//1113 1367//1367 1115//1115
f 1111//1111 1371//1371 1369//1369
f 1111//1111 1369//1369 1113//1113
f 1109//1109 1373//1373 1371//1371
f 1109//1109 1371//1371 1111//1111
f 1107//1107 1375//1375 1373//1373
f 1107//1107 1373//1373 1109//1109
f 1105//1105 1377//1377 1375//1375
f 1105//1105 1375//1375 1107//1107
f 1103//1103 1377//1377 1105//1105
f 1192//1192 1582//1582 1580//1580
f 1192//1192 1580//1580 1578//1578
f 1192//1192 1190//1190 1582//1582
f 1192//1192 1578//1578 1576//1576
f 1192//1192 1576//1576 1574//1574
f 1192//1192 1574//1574 1572//1572
f 1192//1192 1572//1572 1570//1570
f 1192//1192 1570//1570 1568//1568
f 1192//1192 1568//1568 1566//1566
f 1192//1192 1566//1566 1564//1564
f 1192//1192 1564//1564 1562//1562
f 1192//1192 1562//1562 1560//1560
f 1192//1192 1560//1560 1558//1558
f 1192//1192 1558//1558 1556//1556
f 1194//1194 1192//1192 1556//1556
f 1194//1194 1556//1556 1554//1554
f 1196//1196 1194//1194 1554//1554
f 1198//1198 1554//1554 1552//1552
f 1198//1198 1196//1196 1554//1554
f 1200//1200 1198//1198 1552//1552
f 1202//1202 1552//1552 1550//1550
f 1202//1202 1200//1200 1552//1552
f 1204//1204 1202//1202 1550//1550
f 1206//1206 1550//1550 1548//1548
f 1206//1206 1204//1204 1550//1550
f 1208//1208 1548//1548 1546//1546
f 1208//1208 1206//1206 1548//1548
f 1210//1210 1208//1208 1546//1546
f 1210//1210 1546//1546 1783//1783
f 1212//1212 1210//1210 1783//1783
f 1214//1214 1212//1212 1783//1783
f 1724//1724 1391//1391 1389//1389
f 1724//1724 1389//1389 1387//1387
f 1724//1724 1387//1387 1385//1385
f 1724//1724 1385//1385 1383//1383
f 1724//1724 1383//1383 1381//1381
f 1724//1724 1381//1381 1379//1379
f 1724//1724 1379//1379 1377//1377
f 1724//1724 1723//1723 1417//1417
f 1724//1724 1377//1377 1103//1103
f 1724//1724 1103//1103 1101//1101
f 1724//1724 1101//1101 1099//1099
f 1724//1724 1099//1099 1097//1097
f 1724//1724 1097//1097 1095//1095
f 1724//1724 1095//1095 1093//1093
f 1724//1724 1093//1093 1091//1091
f 1724//1724 1091//1091 1089//1089
f 1724//1724 1089//1089 1087//1087
f 1724//1724 1087//1087 1085//1085
f 1724//1724 1085//1085 1083//1083
f 1724//1724 1083//1083 1081//1081
f 1724//1724 1081//1081 1079//1079
f 1724//1724 1079//1079 1077//1077
f 1724//1724 1077//1077 1075//1075
f 1724//1724 1075//1075 1073//1073
f 1724//1724 1073//1073 1071//1071
f 1724//1724 1071//1071 1069//1069
f 1724//1724 1069//1069 1067//1067
f 1724//1724 1417//1417 1415//1415
f 1724//1724 1415//1415 1413//1413
f 1724//1724 1413//1413 1411//1411
f 1724//1724 1411//1411 1409//1409
f 1724//1724 1409//1409 1407//1407
f 1724//1724 1407//1407 1405//1405
f 1724//1724 1405//1405 1403//1403
f 1724//1724 1403//1403 1401//1401
f 1724//1724 1401//1401 1399//1399
f 1724//1724 1399//1399 1397//1397
f 1724//1724 1397//1397 1395//1395
f 1724//1724 1395//1395 1393//1393
f 1724//1724 1393//1393 1391//1391
f 1216//1216 1214//1214 1783//1783
f 1219//1219 1216//1216 1783//1783
f 1221//1221 1219//1219 1783//1783
f 1223//1223 1221//1221 1783//1783
f 1225//1225 1223//1223 1783//1783
f 1227//1227 1225//1225 1783//1783
f 1229//1229 1227//1227 1783//1783
f 1231//1231 1229//1229 1783//1783
f 1233//1233 1231//1231 1783//1783
f 1235//1235 1233//1233 1783//1783
f 1237//1237 1235//1235 1783//1783
f 1239//1239 1237//1237 1783//1783
f 1241//1241 1239//1239 1783//1783
f 1243//1243 1241//1241 1783//1783
f 1245//1245 1243//1243 1783//1783
f 1247//1247 1245//1245 1783//1783
f 1249//1249 1247//1247 1783//1783
f 1251//1251 1249//1249 1783//1783
f 1253//1253 1251//1251 1783//1783
f 1255//1255 1253//1253 1783//1783
f 1257//1257 1255//1255 1783//1783
f 1259//1259 1257//1257 1783//1783
f 1261//1261 1259//1259 1783//1783
f 1263//1263 1261//1261 1783//1783
f 1265//1265 1263//1263 1783//1783
f 1267//1267 1265//1265 1783//1783
f 1269//1269 1267//1267 1783//1783
f 1727//1727 1067//1067 1065//1065
f 1727//1727 1065//1065 1062//1062
f 1727//1727 1062//1062 1061//1061
f 1727//1727 1061//1061 1058//1058
f 1727//1727 1058//1058 1057//1057
f 1727//1727 1724//1724 1067//1067
f 1730//1730 1728//1728 1727//1727
f 1780//1780 1727//1727 1057//1057
f 1780//1780 1009//1009 1272//1272
f 1780//1780 1057//1057 1054//1054
f 1780//1780 1054//1054 1052//1052
f 1780//1780 1052//1052 1050//1050
f 1780//1780 1050//1050 1048//1048
f 1780//1780 1048//1048 1046//1046
f 1780//1780 1046//1046 1044//1044
f 1780//1780 1044//1044 1042//1042
f 1780//1780 1042//1042 1040//1040
f 1780//1780 1040//1040 1038//1038
f 1780//1780 1038//1038 1036//1036
f 1780//1780 1036//1036 1034//1034
f 1780//1780 1034//1034 1032//1032
f 1780//1780 1032//1032 1030//1030
f 1780//1780 1030//1030 1028//1028
f 1780//1780 1028//1028 1026//1026
f 1780//1780 1026//1026 1024//1024
f 1780//1780 1024//1024 1022//1022
f 1780//1780 1022//1022 1020//1020
f 1780//1780 1020//1020 1018//1018
f 1780//1780 1018//1018 1016//1016
f 1780//1780 1016//1016 1014//1014
f 1780//1780 1014//1014 1012//1012
f 1780//1780 1012//1012 1011//1011
f 1780//1780 1011//1011 1006//1006
f 1780//1780 1006//1006 1009//1009
f 1774//1774 1778//1778 1776//1776
f 1738//1738 1736//1736 1734//1734
f 1738//1738 1734//1734 1732//1732
f 1738//1738 1732//1732 1730//1730
f 1768//1768 1780//1780 1778//1778
f 1768//1768 1774//1774 1772//1772
f 1768//1768 1772//1772 1770//1770
f 1768//1768 1778//1778 1774//1774
f 1744//1744 1730//1730 1727//1727
f 1744//1744 1742//1742 1740//1740
f 1744//1744 1740//1740 1738//1738
f 1744//1744 1738//1738 1730//1730
f 1764//1764 1768//1768 1766//1766
f 1750//1750 1748//1748 1746//1746
f 1750//1750 1746//1746 1744//1744
f 1752//1752 1744//1744 1727//1727
f 1752//1752 1750//1750 1744//1744
f 1758//1758 1764//1764 1762//1762
f 1758//1758 1762//1762 1760//1760
f 1758//1758 1780//1780 1768//1768
f 1758//1758 1768//1768 1764//1764
f 1754//1754 1752//1752 1727//1727
f 1756//1756 1727//1727 1780//1780
f 1756//1756 1780//1780 1758//1758
f 1756//1756 1754//1754 1727//1727
f 1542//1542 1790//1790 1789//1789
f 1783//1783 1780//1780 1271//1271
f 1271//1271 1780//1780 1272//1272
f 1783//1783 1271//1271 1269//1269
f 1279//1279 1278//1278 1640//1640
f 1279//1279 1640//1640 1638//1638
f 1279//1279 1638//1638 1636//1636
f 1279//1279 1636//1636 1634//1634
f 1279//1279 1634//1634 1632//1632
f 1279//1279 1632//1632 1630//1630
f 1274//1274 1272//1272 1009//1009
f 1274//1274 1009//1009 1132//1132
f 1792//1792 1793//1793 1794//1794
f 1792//1792 1795//1795 1793//1793
f 1792//1792 1796//1796 1795//1795
f 1797//1797 1794//1794 1798//1798
f 1797//1797 1792//1792 1794//1794
f 1799//1799 1797//1797 1798//1798
f 1800//1800 1801//1801 1799//1799
f 1800//1800 1799//1799 1798//1798
f 1802//1802 1803//1803 1801//1801
f 1802//1802 1801//1801 1800//1800
f 1795//1795 1796//1796 1803//1803
f 1795//1795 1803//1803 1802//1802
f 1801//1801 1796//1796 1792//1792
f 1801//1801 1792//1792 1797//1797
f 1801//1801 1797//1797 1799//1799
f 1803//1803 1796//1796 1801//1801
f 1794//1794 1800//1800 1798//1798
f 1793//1793 1800//1800 1794//1794
f 1795//1795 1802//1802 1800//1800
f 1795//1795 1800//1800 1793//1793
f 1804//1804 1805//1805 1806//1806
f 1807//1807 1804//1804 1806//1806
f 1808//1808 1804//1804 1807//1807
f 1809//1809 1808//1808 1807//1807
f 1810//1810 1808//1808 1809//1809
f 1811//1811 1810//1810 1809//1809
f 1812//1812 1810//1810 1811//1811
f 1813//1813 1812//1812 1811//1811
f 1814//1814 1815//1815 1812//1812
f 1814//1814 1812//1812 1813//1813
f 1816//1816 1815//1815 1814//1814
f 1817//1817 1816//1816 1814//1814
f 1818//1818 1816//1816 1817//1817
f 1819//1819 1818//1818 1817//1817
f 1805//1805 1818//1818 1819//1819
f 1806//1806 1805//1805 1819//1819
f 1820//1820 1821//1821 1822//1822
f 1823//1823 1821//1821 1820//1820
f 1824//1824 1825//1825 1821//1821
f 1824//1824 1821//1821 1823//1823
f 1826//1826 1827//1827 1825//1825
f 1826//1826 1825//1825 1824//1824
f 1828//1828 1827//1827 1826//1826
f 1829//1829 1828//1828 1826//1826
f 1830//1830 1828//1828 1829//1829
f 1831//1831 1830//1830 1829//1829
f 1832//1832 1833//1833 1830//1830
f 1832//1832 1830//1830 1831//1831
f 1834//1834 1835//1835 1833//1833
f 1834//1834 1833//1833 1832//1832
f 1836//1836 1837//1837 1835//1835
f 1836//1836 1835//1835 1834//1834
f 1838//1838 1839//1839 1837//1837
f 1838//1838 1837//1837 1836//1836
f 1838//1838 1840//1840 1839//1839
f 1841//1841 1840//1840 1838//1838
f 1842//1842 1843//1843 1840//1840
f 1842//1842 1840//1840 1841//1841
f 1820//1820 1822//1822 1843//1843
f 1820//1820 1843//1843 1842//1842
f 1828//1828 1816//1816 1827//1827
f 1815//1815 1816//1816 1828//1828
f 1812//1812 1828//1828 1830//1830
f 1812//1812 1815//1815 1828//1828
f 1825//1825 1827//1827 1816//1816
f 1818//1818 1825//1825 1816//1816
f 1833//1833 1812//1812 1830//1830
f 1808//1808 1833//1833 1835//1835
f 1810//1810 1833//1833 1808//1808
f 1810//1810 1812//1812 1833//1833
f 1804//1804 1835//1835 1837//1837
f 1804//1804 1808//1808 1835//1835
f 1839//1839 1804//1804 1837//1837
f 1840//1840 1804//1804 1839//1839
f 1822//1822 1805//1805 1804//1804
f 1843//1843 1804//1804 1840//1840
f 1843//1843 1822//1822 1804//1804
f 1821//1821 1818//1818 1805//1805
f 1821//1821 1805//1805 1822//1822
f 1821//1821 1825//1825 1818//1818
f 1807//1807 1841//1841 1838//1838
f 1807//1807 1838//1838 1836//1836
f 1834//1834 1807//1807 1836//1836
f 1809//1809 1807//1807 1834//1834
f 1832//1832 1809//1809 1834//1834
f 1811//1811 1809//1809 1832//1832
f 1842//1842 1841//1841 1807//1807
f 1820//1820 1842//1842 1807//1807
f 1806//1806 1820//1820 1807//1807
f 1823//1823 1820//1820 1806//1806
f 1813//1813 1832//1832 1831//1831
f 1813//1813 1811//1811 1832//1832
f 1829//1829 1813//1813 1831//1831
f 1814//1814 1813//1813 1829//1829
f 1817//1817 1814//1814 1829//1829
f 1826//1826 1817//1817 1829//1829
f 1819//1819 1823//1823 1806//1806
f 1824//1824 1819//1819 1817//1817
f 1824//1824 1817//1817 1826//1826
f 1824//1824 1823//1823 1819//1819
f 1844//1844 1845//1845 1846//1846
f 1847//1847 1845//1845 1844//1844
f 1848//1848 1845//1845 1847//1847
f 1849//1849 1845//1845 1848//1848
f 1850//1850 1845//1845 1849//1849
f 1851//1851 1845//1845 1850//1850
f 1852//1852 1845//1845 1851//1851
f 1853//1853 1854//1854 1855//1855
f 1856//1856 1853//1853 1855//1855
f 1857//1857 1856//1856 1855//1855
f 1858//1858 1859//1859 1860//1860
f 1861//1861 1857//1857 1855//1855
f 1862//1862 1863//1863 1859//1859
f 1862//1862 1859//1859 1858//1858
f 1864//1864 1861//1861 1855//1855
f 1865//1865 1866//1866 1863//1863
f 1865//1865 1863//1863 1862//1862
f 1867//1867 1864//1864 1855//1855
f 1868//1868 1866//1866 1865//1865
f 1869//1869 1867//1867 1855//1855
f 1870//1870 1871//1871 1872//1872
f 1873//1873 1868//1868 1871//1871
f 1873//1873 1871//1871 1870//1870
f 1874//1874 1875//1875 1876//1876
f 1877//1877 1876//1876 1878//1878
f 1877//1877 1874//1874 1876//1876
f 1879//1879 1878//1878 1880//1880
f 1879//1879 1877//1877 1878//1878
f 1881//1881 1879//1879 1880//1880
f 1882//1882 1883//1883 1884//1884
f 1882//1882 1885//1885 1883//1883
f 1886//1886 1887//1887 1885//1885
f 1886//1886 1885//1885 1882//1882
f 1888//1888 1889//1889 1881//1881
f 1888//1888 1890//1890 1889//1889
f 1891//1891 1887//1887 1886//1886
f 1891//1891 1873//1873 1887//1887
f 1891//1891 1866//1866 1868//1868
f 1891//1891 1868//1868 1873//1873
f 1892//1892 1866//1866 1891//1891
f 1892//1892 1852//1852 1866//1866
f 1893//1893 1881//1881 1880//1880
f 1893//1893 1888//1888 1881//1881
f 1894//1894 1895//1895 1896//1896
f 1894//1894 1897//1897 1895//1895
f 1898//1898 1894//1894 1896//1896
f 1898//1898 1896//1896 1899//1899
f 1900//1900 1901//1901 1845//1845
f 1900//1900 1902//1902 1903//1903
f 1900//1900 1904//1904 1902//1902
f 1900//1900 1905//1905 1904//1904
f 1900//1900 1906//1906 1905//1905
f 1900//1900 1907//1907 1906//1906
f 1900//1900 1908//1908 1907//1907
f 1900//1900 1892//1892 1908//1908
f 1900//1900 1852//1852 1892//1892
f 1900//1900 1845//1845 1852//1852
f 1909//1909 1893//1893 1880//1880
f 1909//1909 1898//1898 1899//1899
f 1909//1909 1880//1880 1869//1869
f 1909//1909 1899//1899 1893//1893
f 1910//1910 1909//1909 1869//1869
f 1911//1911 1912//1912 1910//1910
f 1911//1911 1913//1913 1912//1912
f 1911//1911 1914//1914 1913//1913
f 1911//1911 1915//1915 1914//1914
f 1911//1911 1916//1916 1915//1915
f 1911//1911 1917//1917 1916//1916
f 1911//1911 1918//1918 1917//1917
f 1911//1911 1855//1855 1919//1919
f 1911//1911 1910//1910 1869//1869
f 1911//1911 1869//1869 1855//1855
f 1920//1920 1919//1919 1901//1901
f 1920//1920 1901//1901 1900//1900
f 1921//1921 1919//1919 1920//1920
f 1921//1921 1911//1911 1919//1919
f 1922//1922 1920//1920 1923//1923
f 1924//1924 1925//1925 1921//1921
f 1926//1926 1920//1920 1922//1922
f 1927//1927 1924//1924 1921//1921
f 1928//1928 1920//1920 1926//1926
f 1929//1929 1927//1927 1921//1921
f 1930//1930 1920//1920 1928//1928
f 1931//1931 1929//1929 1921//1921
f 1932//1932 1920//1920 1930//1930
f 1933//1933 1931//1931 1921//1921
f 1934//1934 1920//1920 1932//1932
f 1935//1935 1933//1933 1921//1921
f 1936//1936 1920//1920 1934//1934
f 1937//1937 1920//1920 1936//1936
f 1937//1937 1921//1921 1920//1920
f 1937//1937 1935//1935 1921//1921
f 1938//1938 1937//1937 1936//1936
f 1939//1939 1937//1937 1938//1938
f 1940//1940 1941//1941 1942//1942
f 1943//1943 1944//1944 1945//1945
f 1943//1943 1946//1946 1944//1944
f 1947//1947 1941//1941 1940//1940
f 1947//1947 1948//1948 1941//1941
f 1949//1949 1943//1943 1945//1945
f 1950//1950 1948//1948 1947//1947
f 1951//1951 1949//1949 1945//1945
f 1951//1951 1945//1945 1939//1939
f 1952//1952 1939//1939 1938//1938
f 1952//1952 1948//1948 1950//1950
f 1952//1952 1938//1938 1948//1948
f 1953//1953 1951//1951 1939//1939
f 1953//1953 1939//1939 1952//1952
f 1954//1954 1953//1953 1952//1952
f 1955//1955 1953//1953 1954//1954
f 1956//1956 1955//1955 1954//1954
f 1901//1901 1919//1919 1957//1957
f 1958//1958 1957//1957 1919//1919
f 1855//1855 1958//1958 1919//1919
f 1854//1854 1958//1958 1855//1855
f 1853//1853 1958//1958 1854//1854
f 1856//1856 1958//1958 1853//1853
f 1857//1857 1958//1958 1856//1856
f 1861//1861 1958//1958 1857//1857
f 1864//1864 1958//1958 1861//1861
f 1867//1867 1958//1958 1864//1864
f 1869//1869 1958//1958 1867//1867
f 1880//1880 1958//1958 1869//1869
f 1878//1878 1958//1958 1880//1880
f 1876//1876 1958//1958 1878//1878
f 1875//1875 1958//1958 1876//1876
f 1874//1874 1958//1958 1875//1875
f 1877//1877 1958//1958 1874//1874
f 1879//1879 1958//1958 1877//1877
f 1881//1881 1958//1958 1879//1879
f 1889//1889 1958//1958 1881//1881
f 1890//1890 1958//1958 1889//1889
f 1888//1888 1958//1958 1890//1890
f 1893//1893 1958//1958 1888//1888
f 1899//1899 1958//1958 1893//1893
f 1896//1896 1958//1958 1899//1899
f 1895//1895 1958//1958 1896//1896
f 1897//1897 1958//1958 1895//1895
f 1894//1894 1958//1958 1897//1897
f 1898//1898 1958//1958 1894//1894
f 1909//1909 1958//1958 1898//1898
f 1910//1910 1958//1958 1909//1909
f 1912//1912 1958//1958 1910//1910
f 1913//1913 1958//1958 1912//1912
f 1914//1914 1958//1958 1913//1913
f 1959//1959 1865//1865 1862//1862
f 1959//1959 1862//1862 1858//1858
f 1959//1959 1858//1858 1860//1860
f 1959//1959 1860//1860 1859//1859
f 1959//1959 1859//1859 1863//1863
f 1959//1959 1863//1863 1866//1866
f 1959//1959 1866//1866 1852//1852
f 1959//1959 1852//1852 1851//1851
f 1959//1959 1851//1851 1850//1850
f 1959//1959 1850//1850 1849//1849
f 1959//1959 1849//1849 1848//1848
f 1959//1959 1848//1848 1847//1847
f 1959//1959 1847//1847 1844//1844
f 1959//1959 1844//1844 1846//1846
f 1959//1959 1846//1846 1845//1845
f 1959//1959 1845//1845 1901//1901
f 1959//1959 1900//1900 1903//1903
f 1959//1959 1903//1903 1902//1902
f 1959//1959 1902//1902 1904//1904
f 1959//1959 1904//1904 1905//1905
f 1959//1959 1905//1905 1906//1906
f 1959//1959 1906//1906 1907//1907
f 1959//1959 1907//1907 1908//1908
f 1959//1959 1908//1908 1892//1892
f 1959//1959 1892//1892 1891//1891
f 1959//1959 1891//1891 1886//1886
f 1959//1959 1886//1886 1882//1882
f 1959//1959 1882//1882 1884//1884
f 1959//1959 1884//1884 1883//1883
f 1959//1959 1883//1883 1885//1885
f 1959//1959 1885//1885 1887//1887
f 1959//1959 1887//1887 1873//1873
f 1959//1959 1873//1873 1870//1870
f 1959//1959 1870//1870 1872//1872
f 1959//1959 1872//1872 1871//1871
f 1959//1959 1871//1871 1868//1868
f 1959//1959 1868//1868 1865//1865
f 1915//1915 1958//1958 1914//1914
f 1916//1916 1958//1958 1915//1915
f 1917//1917 1958//1958 1916//1916
f 1918//1918 1958//1958 1917//1917
f 1911//1911 1958//1958 1918//1918
f 1920//1920 1900//1900 1959//1959
f 1960//1960 1921//1921 1925//1925
f 1960//1960 1925//1925 1924//1924
f 1960//1960 1924//1924 1927//1927
f 1960//1960 1927//1927 1929//1929
f 1960//1960 1929//1929 1931//1931
f 1960//1960 1931//1931 1933//1933
f 1960//1960 1933//1933 1935//1935
f 1960//1960 1935//1935 1937//1937
f 1960//1960 1937//1937 1939//1939
f 1960//1960 1939//1939 1945//1945
f 1960//1960 1945//1945 1944//1944
f 1960//1960 1944//1944 1946//1946
f 1960//1960 1946//1946 1943//1943
f 1960//1960 1943//1943 1949//1949
f 1960//1960 1949//1949 1951//1951
f 1960//1960 1951//1951 1953//1953
f 1960//1960 1953//1953 1955//1955
f 1960//1960 1955//1955 1956//1956
f 1960//1960 1956//1956 1954//1954
f 1960//1960 1954//1954 1952//1952
f 1960//1960 1952//1952 1950//1950
f 1960//1960 1950//1950 1947//1947
f 1960//1960 1947//1947 1940//1940
f 1960//1960 1940//1940 1942//1942
f 1960//1960 1942//1942 1941//1941
f 1960//1960 1941//1941 1948//1948
f 1960//1960 1948//1948 1938//1938
f 1960//1960 1938//1938 1936//1936
f 1960//1960 1936//1936 1934//1934
f 1960//1960 1934//1934 1932//1932
f 1960//1960 1932//1932 1930//1930
f 1960//1960 1930//1930 1928//1928
f 1960//1960 1928//1928 1926//1926
f 1960//1960 1926//1926 1922//1922
f 1960//1960 1922//1922 1923//1923
f 1960//1960 1923//1923 1920//1920
f 1960//1960 1920//1920 1959//1959
f 1957//1957 1959//1959 1901//1901
f 1960//1960 1958//1958 1921//1921
f 1921//1921 1958//1958 1911//1911
f 1961//1961 1962//1962 1963//1963
f 1961//1961 1963//1963 1964//1964
f 1965//1965 1964//1964 1966//1966
f 1965//1965 1961//1961 1964//1964
f 1967//1967 1966//1966 1968//1968
f 1967//1967 1965//1965 1966//1966
f 1969//1969 1968//1968 1970//1970
f 1969//1969 1967//1967 1968//1968
f 1971//1971 1970//1970 1972//1972
f 1971//1971 1969//1969 1970//1970
f 1973//1973 1972//1972 1974//1974
f 1973//1973 1971//1971 1972//1972
f 1975//1975 1973//1973 1974//1974
f 1976//1976 1974//1974 1977//1977
f 1976//1976 1975//1975 1974//1974
f 1978//1978 1977//1977 1979//1979
f 1978//1978 1976//1976 1977//1977
f 1980//1980 1978//1978 1979//1979
f 1981//1981 1979//1979 1982//1982
f 1981//1981 1980//1980 1979//1979
f 1983//1983 1981//1981 1982//1982
f 1983//1983 1982//1982 1984//1984
f 1985//1985 1983//1983 1984//1984
f 1985//1985 1984//1984 1986//1986
f 1987//1987 1985//1985 1986//1986
f 1988//1988 1987//1987 1986//1986
f 1988//1988 1986//1986 1989//1989
f 1990//1990 1988//1988 1989//1989
f 1990//1990 1989//1989 1991//1991
f 1992//1992 1990//1990 1991//1991
f 1993//1993 1992//1992 1991//1991
f 1993//1993 1991//1991 1994//1994
f 1995//1995 1993//1993 1994//1994
f 1995//1995 1994//1994 1996//1996
f 1997//1997 1995//1995 1996//1996
f 1997//1997 1996//1996 1998//1998
f 1999//1999 1997//1997 1998//1998
f 1999//1999 1998//1998 2000//2000
f 2001//2001 1999//1999 2000//2000
f 2002//2002 2001//2001 2000//2000
f 2002//2002 2000//2000 2003//2003
f 2004//2004 2002//2002 2003//2003
f 2005//2005 2003//2003 2006//2006
f 2005//2005 2004//2004 2003//2003
f 2007//2007 2006//2006 2008//2008
f 2007//2007 2005//2005 2006//2006
f 2009//2009 2008//2008 2010//2010
f 2009//2009 2007//2007 2008//2008
f 2011//2011 2010//2010 2012//2012
f 2011//2011 2009//2009 2010//2010
f 2013//2013 2012//2012 2014//2014
f 2013//2013 2011//2011 2012//2012
f 2015//2015 2013//2013 2014//2014
f 2015//2015 2014//2014 2016//2016
f 2017//2017 2016//2016 2018//2018
f 2017//2017 2015//2015 2016//2016
f 2019//2019 2018//2018 2020//2020
f 2019//2019 2017//2017 2018//2018
f 2021//2021 2019//2019 2020//2020
f 1959//1959 2022//2022 2021//2021
f 1959//1959 2021//2021 2020//2020
f 2023//2023 2024//2024 2025//2025
f 2026//2026 2024//2024 2023//2023
f 2027//2027 2028//2028 2029//2029
f 2029//2029 2028//2028 2030//2030
f 2028//2028 2031//2031 2030//2030
f 2032//2032 2033//2033 2034//2034
f 2035//2035 2036//2036 2032//2032
f 2032//2032 2036//2036 2033//2033
f 2037//2037 2038//2038 2039//2039
f 2039//2039 2038//2038 2040//2040
f 2040//2040 2041//2041 2042//2042
f 2042//2042 2041//2041 2031//2031
f 2038//2038 2041//2041 2040//2040
f 2030//2030 2043//2043 2044//2044
f 2031//2031 2043//2043 2030//2030
f 2041//2041 2043//2043 2031//2031
f 2045//2045 2046//2046 2047//2047
f 2045//2045 2048//2048 2046//2046
f 2049//2049 2048//2048 2050//2050
f 2050//2050 2048//2048 2045//2045
f 2049//2049 2051//2051 2048//2048
f 2044//2044 2051//2051 2035//2035
f 2036//2036 2051//2051 2049//2049
f 2035//2035 2051//2051 2036//2036
f 2043//2043 2051//2051 2044//2044
f 2052//2052 2053//2053 2043//2043
f 2043//2043 2053//2053 2051//2051
f 2054//2054 1351//1351 2055//2055
f 2055//2055 1351//1351 2056//2056
f 2056//2056 1351//1351 2057//2057
f 2057//2057 1351//1351 2058//2058
f 2058//2058 1351//1351 2059//2059
f 2059//2059 1351//1351 2060//2060
f 2060//2060 1351//1351 2052//2052
f 2052//2052 1351//1351 2053//2053
f 1351//1351 1276//1276 2053//2053
f 2053//2053 1276//1276 2061//2061
f 2061//2061 1276//1276 2062//2062
f 2062//2062 1276//1276 2063//2063
f 2063//2063 1276//1276 2064//2064
f 2064//2064 1276//1276 2065//2065
f 2065//2065 1276//1276 2066//2066
f 2066//2066 1276//1276 2067//2067
f 2067//2067 1276//1276 2068//2068
f 2069//2069 2070//2070 1353//1353
f 2070//2070 2071//2071 1353//1353
f 2071//2071 2072//2072 1353//1353
f 2072//2072 2073//2073 1353//1353
f 2073//2073 2074//2074 1353//1353
f 2074//2074 2075//2075 1353//1353
f 2075//2075 2076//2076 1353//1353
f 2076//2076 2077//2077 1353//1353
f 2078//2078 2079//2079 2080//2080
f 2080//2080 2081//2081 2082//2082
f 2079//2079 2081//2081 2080//2080
f 2082//2082 2083//2083 2084//2084
f 2081//2081 2083//2083 2082//2082
f 2083//2083 2085//2085 2084//2084
f 2086//2086 2087//2087 2088//2088
f 2088//2088 2089//2089 2085//2085
f 2085//2085 2089//2089 2084//2084
f 2087//2087 2089//2089 2088//2088
f 1277//1277 2090//2090 2091//2091
f 1277//1277 2092//2092 2090//2090
f 1277//1277 2093//2093 2092//2092
f 1277//1277 2094//2094 2093//2093
f 1277//1277 2095//2095 2094//2094
f 2096//2096 2097//2097 2098//2098
f 1277//1277 2099//2099 2095//2095
f 2097//2097 2100//2100 2098//2098
f 2098//2098 2100//2100 2101//2101
f 2101//2101 2102//2102 2103//2103
f 2103//2103 2102//2102 2089//2089
f 2100//2100 2102//2102 2101//2101
f 2089//2089 2102//2102 2084//2084
f 2102//2102 2104//2104 2084//2084
f 2084//2084 2104//2104 2077//2077
f 2105//2105 2106//2106 2107//2107
f 2105//2105 2108//2108 2106//2106
f 2109//2109 2108//2108 2105//2105
f 2109//2109 2110//2110 2108//2108
f 2111//2111 2110//2110 2109//2109
f 2111//2111 2112//2112 2110//2110
f 2113//2113 1416//1416 2114//2114
f 2114//2114 1416//1416 2115//2115
f 2115//2115 1416//1416 2116//2116
f 2116//2116 1416//1416 2117//2117
f 2117//2117 1416//1416 2118//2118
f 2118//2118 1416//1416 2119//2119
f 2119//2119 1416//1416 2120//2120
f 2120//2120 1416//1416 2104//2104
f 2104//2104 1416//1416 2077//2077
f 2077//2077 1416//1416 1353//1353
f 2112//2112 2121//2121 2122//2122
f 2111//2111 2123//2123 2112//2112
f 2112//2112 2123//2123 2121//2121
f 2124//2124 2125//2125 2126//2126
f 2126//2126 2125//2125 2127//2127
f 2123//2123 2128//2128 2129//2129
f 2129//2129 2128//2128 2124//2124
f 2111//2111 2128//2128 2123//2123
f 2124//2124 2128//2128 2125//2125
f 1277//1277 2130//2130 2099//2099
f 2111//2111 2130//2130 2128//2128
f 2099//2099 2130//2130 2111//2111
f 2130//2130 2131//2131 2132//2132
f 2132//2132 2131//2131 2133//2133
f 2133//2133 2131//2131 2134//2134
f 2134//2134 2131//2131 2135//2135
f 2135//2135 2131//2131 2136//2136
f 2136//2136 2131//2131 2137//2137
f 2137//2137 2131//2131 2138//2138
f 1277//1277 2131//2131 2130//2130
f 1351//1351 2139//2139 1276//1276
f 1277//1277 2139//2139 2131//2131
f 1276//1276 2139//2139 1277//1277
f 2140//2140 2141//2141 2142//2142
f 2140//2140 2143//2143 2141//2141
f 2144//2144 2143//2143 2140//2140
f 2144//2144 2145//2145 2143//2143
f 2146//2146 2145//2145 2144//2144
f 2146//2146 2147//2147 2145//2145
f 2148//2148 2147//2147 2146//2146
f 2139//2139 2149//2149 2148//2148
f 2148//2148 2149//2149 2147//2147
f 2139//2139 2150//2150 2149//2149
f 1351//1351 2150//2150 2139//2139
f 1353//1353 2150//2150 1351//1351
f 1353//1353 2151//2151 2150//2150
f 1416//1416 2151//2151 1353//1353
f 2152//2152 2153//2153 2151//2151
f 2153//2153 2154//2154 2151//2151
f 2154//2154 2155//2155 2151//2151
f 2155//2155 2156//2156 2151//2151
f 2156//2156 2157//2157 2151//2151
f 2157//2157 2158//2158 2151//2151
f 2158//2158 2159//2159 2151//2151
f 2151//2151 1465//1465 2150//2150
f 2159//2159 1465//1465 2151//2151
f 2160//2160 2161//2161 2162//2162
f 2162//2162 2161//2161 2163//2163
f 1465//1465 2164//2164 2165//2165
f 2161//2161 2166//2166 2163//2163
f 1465//1465 2167//2167 2164//2164
f 1465//1465 2168//2168 2167//2167
f 1465//1465 2169//2169 2168//2168
f 1465//1465 2170//2170 2169//2169
f 2171//2171 2172//2172 2173//2173
f 2173//2173 2172//2172 2174//2174
f 1465//1465 2175//2175 2170//2170
f 2174//2174 2176//2176 2166//2166
f 2163//2163 2176//2176 2177//2177
f 2166//2166 2176//2176 2163//2163
f 2172//2172 2176//2176 2174//2174
f 2159//2159 2178//2178 1465//1465
f 2177//2177 2178//2178 2159//2159
f 1465//1465 2178//2178 2175//2175
f 2176//2176 2178//2178 2177//2177
f 2179//2179 2180//2180 2181//2181
f 2181//2181 2182//2182 2179//2179
f 2179//2179 2183//2183 2180//2180
f 2182//2182 2184//2184 2179//2179
f 2179//2179 2185//2185 2183//2183
f 2184//2184 2186//2186 2179//2179
f 2179//2179 2187//2187 2185//2185
f 2186//2186 2188//2188 2179//2179
f 2179//2179 2189//2189 2187//2187
f 2188//2188 2190//2190 2179//2179
f 2179//2179 2191//2191 2189//2189
f 2190//2190 2192//2192 2179//2179
f 2179//2179 2193//2193 2191//2191
f 2192//2192 2194//2194 2179//2179
f 2179//2179 2195//2195 2193//2193
f 2194//2194 2196//2196 2179//2179
f 2179//2179 2197//2197 2195//2195
f 2196//2196 2198//2198 2179//2179
f 2179//2179 2199//2199 2197//2197
f 2198//2198 2200//2200 2179//2179
f 2179//2179 2201//2201 2199//2199
f 2200//2200 2202//2202 2179//2179
f 2179//2179 2203//2203 2201//2201
f 2202//2202 2204//2204 2179//2179
f 2179//2179 2205//2205 2203//2203
f 2204//2204 2206//2206 2179//2179
f 2179//2179 2207//2207 2205//2205
f 2206//2206 2208//2208 2179//2179
f 2179//2179 2209//2209 2207//2207
f 2208//2208 2210//2210 2179//2179
f 2179//2179 2211//2211 2209//2209
f 2210//2210 2212//2212 2179//2179
f 2179//2179 2213//2213 2211//2211
f 2212//2212 2214//2214 2179//2179
f 2179//2179 2215//2215 2213//2213
f 2214//2214 2216//2216 2179//2179
f 2179//2179 2217//2217 2215//2215
f 2216//2216 2218//2218 2179//2179
f 2179//2179 2219//2219 2217//2217
f 2218//2218 2220//2220 2179//2179
f 2179//2179 2221//2221 2219//2219
f 2220//2220 2222//2222 2179//2179
f 2222//2222 2223//2223 2179//2179
f 2223//2223 1193//1193 2179//2179
f 1193//1193 1191//1191 2179//2179
f 1008//1008 2224//2224 1007//1007
f 2225//2225 2224//2224 2226//2226
f 2227//2227 2224//2224 2225//2225
f 2228//2228 2224//2224 2227//2227
f 2229//2229 2224//2224 2228//2228
f 2230//2230 2224//2224 2229//2229
f 2231//2231 2224//2224 2230//2230
f 2232//2232 2224//2224 2231//2231
f 1273//1273 2224//2224 1008//1008
f 2233//2233 2224//2224 2232//2232
f 2234//2234 2224//2224 2233//2233
f 2235//2235 2224//2224 2234//2234
f 2236//2236 2224//2224 2235//2235
f 2237//2237 2224//2224 2236//2236
f 2238//2238 2224//2224 2237//2237
f 2239//2239 2224//2224 2238//2238
f 2240//2240 2224//2224 2239//2239
f 2241//2241 2224//2224 2240//2240
f 2242//2242 2224//2224 2241//2241
f 2243//2243 2224//2224 2242//2242
f 2244//2244 2224//2224 2243//2243
f 2245//2245 2224//2224 2244//2244
f 2246//2246 2224//2224 2245//2245
f 2247//2247 2224//2224 2246//2246
f 2248//2248 2224//2224 2247//2247
f 2249//2249 2224//2224 2248//2248
f 2250//2250 2224//2224 2249//2249
f 2251//2251 2224//2224 2250//2250
f 2252//2252 2224//2224 2251//2251
f 1007//1007 2224//2224 2252//2252
f 2253//2253 2254//2254 2224//2224
f 2254//2254 2255//2255 2224//2224
f 2255//2255 2256//2256 2224//2224
f 2256//2256 2257//2257 2224//2224
f 2257//2257 2258//2258 2224//2224
f 2258//2258 2259//2259 2224//2224
f 2259//2259 2260//2260 2224//2224
f 2261//2261 2262//2262 2263//2263
f 2263//2263 2264//2264 2265//2265
f 2262//2262 2264//2264 2263//2263
f 2264//2264 2266//2266 2265//2265
f 2265//2265 2267//2267 2260//2260
f 2266//2266 2267//2267 2265//2265
f 2268//2268 2269//2269 2267//2267
f 2270//2270 2269//2269 2268//2268
f 2271//2271 2272//2272 2273//2273
f 2272//2272 2274//2274 2273//2273
f 2275//2275 2274//2274 2276//2276
f 2273//2273 2274//2274 2275//2275
f 2267//2267 2277//2277 2260//2260
f 2269//2269 2277//2277 2267//2267
f 2274//2274 2277//2277 2276//2276
f 2276//2276 2277//2277 2269//2269
f 2277//2277 2278//2278 2260//2260
f 2260//2260 2278//2278 2224//2224
f 2224//2224 1960//1960 2226//2226
f 2278//2278 1960//1960 2224//2224
f 2279//2279 1960//1960 2278//2278
f 2280//2280 1960//1960 2279//2279
f 2281//2281 1960//1960 2280//2280
f 2282//2282 1960//1960 2281//2281
f 2283//2283 1960//1960 2282//2282
f 2284//2284 1960//1960 2283//2283
f 2285//2285 1960//1960 2284//2284
f 2286//2286 1960//1960 1064//1064
f 2287//2287 1960//1960 2286//2286
f 2288//2288 1960//1960 2287//2287
f 2226//2226 1960//1960 2288//2288
f 1191//1191 2289//2289 2179//2179
f 2290//2290 2289//2289 1191//1191
f 2291//2291 2289//2289 2290//2290
f 2292//2292 2289//2289 2291//2291
f 2293//2293 2289//2289 2292//2292
f 2294//2294 2029//2029 2295//2295
f 2294//2294 2027//2027 2029//2029
f 2296//2296 2027//2027 2294//2294
f 2029//2029 2030//2030 2295//2295
f 2295//2295 2030//2030 2297//2297
f 2298//2298 2028//2028 2296//2296
f 2296//2296 2028//2028 2027//2027
f 2297//2297 2044//2044 2299//2299
f 2030//2030 2044//2044 2297//2297
f 2300//2300 2031//2031 2298//2298
f 2298//2298 2031//2031 2028//2028
f 2299//2299 2035//2035 2301//2301
f 2044//2044 2035//2035 2299//2299
f 2302//2302 2042//2042 2300//2300
f 2300//2300 2042//2042 2031//2031
f 2301//2301 2032//2032 2303//2303
f 2035//2035 2032//2032 2301//2301
f 2302//2302 2040//2040 2042//2042
f 2304//2304 2040//2040 2302//2302
f 2032//2032 2034//2034 2303//2303
f 2303//2303 2034//2034 2305//2305
f 2304//2304 2039//2039 2040//2040
f 2306//2306 2039//2039 2304//2304
f 2034//2034 2033//2033 2305//2305
f 2305//2305 2033//2033 2307//2307
f 2306//2306 2037//2037 2039//2039
f 2308//2308 2037//2037 2306//2306
f 2307//2307 2036//2036 2309//2309
f 2033//2033 2036//2036 2307//2307
f 2310//2310 2038//2038 2308//2308
f 2308//2308 2038//2038 2037//2037
f 2309//2309 2049//2049 2311//2311
f 2036//2036 2049//2049 2309//2309
f 2312//2312 2041//2041 2310//2310
f 2310//2310 2041//2041 2038//2038
f 2311//2311 2050//2050 2313//2313
f 2049//2049 2050//2050 2311//2311
f 2312//2312 2043//2043 2041//2041
f 1136//1136 2043//2043 2312//2312
f 2050//2050 2045//2045 2313//2313
f 2313//2313 2045//2045 2314//2314
f 1136//1136 2052//2052 2043//2043
f 2045//2045 2047//2047 2314//2314
f 2314//2314 2047//2047 2315//2315
f 1136//1136 2060//2060 2052//2052
f 2047//2047 2046//2046 2315//2315
f 2315//2315 2046//2046 2316//2316
f 1136//1136 2059//2059 2060//2060
f 1275//1275 2059//2059 1136//1136
f 2046//2046 2048//2048 2316//2316
f 2316//2316 2048//2048 2317//2317
f 1275//1275 2058//2058 2059//2059
f 2048//2048 2051//2051 2317//2317
f 2317//2317 2051//2051 2318//2318
f 1275//1275 2057//2057 2058//2058
f 2051//2051 2053//2053 2318//2318
f 2318//2318 2053//2053 2319//2319
f 1275//1275 2056//2056 2057//2057
f 2319//2319 2061//2061 2320//2320
f 2053//2053 2061//2061 2319//2319
f 1275//1275 2055//2055 2056//2056
f 1133//1133 2055//2055 1275//1275
f 2061//2061 2062//2062 2320//2320
f 2320//2320 2062//2062 2293//2293
f 1133//1133 2054//2054 2055//2055
f 2062//2062 2063//2063 2293//2293
f 2293//2293 2063//2063 2289//2289
f 1133//1133 1351//1351 2054//2054
f 2063//2063 2064//2064 2289//2289
f 2064//2064 2065//2065 2289//2289
f 2065//2065 2066//2066 2289//2289
f 2066//2066 2067//2067 2289//2289
f 2067//2067 2068//2068 2289//2289
f 2068//2068 1276//1276 2289//2289
f 1960//1960 1066//1066 1064//1064
f 1133//1133 2321//2321 1351//1351
f 2322//2322 1353//1353 2321//2321
f 2323//2323 1353//1353 2322//2322
f 2321//2321 1353//1353 1351//1351
f 2323//2323 2069//2069 1353//1353
f 2324//2324 2069//2069 2323//2323
f 2325//2325 2070//2070 2324//2324
f 2324//2324 2070//2070 2069//2069
f 2326//2326 2071//2071 2325//2325
f 2325//2325 2071//2071 2070//2070
f 2327//2327 2072//2072 2326//2326
f 2326//2326 2072//2072 2071//2071
f 2328//2328 2073//2073 2327//2327
f 2327//2327 2073//2073 2072//2072
f 2329//2329 2074//2074 2328//2328
f 2328//2328 2074//2074 2073//2073
f 2330//2330 2075//2075 2329//2329
f 2329//2329 2075//2075 2074//2074
f 2330//2330 2076//2076 2075//2075
f 2331//2331 2077//2077 2330//2330
f 2330//2330 2077//2077 2076//2076
f 2332//2332 2084//2084 2331//2331
f 2331//2331 2084//2084 2077//2077
f 2333//2333 2082//2082 2332//2332
f 2332//2332 2082//2082 2084//2084
f 2334//2334 2080//2080 2333//2333
f 2333//2333 2080//2080 2082//2082
f 2335//2335 2078//2078 2334//2334
f 2334//2334 2078//2078 2080//2080
f 2336//2336 2079//2079 2335//2335
f 2335//2335 2079//2079 2078//2078
f 2337//2337 2081//2081 2336//2336
f 2336//2336 2081//2081 2079//2079
f 1276//1276 1277//1277 2289//2289
f 1277//1277 2091//2091 2289//2289
f 2091//2091 2090//2090 2289//2289
f 2090//2090 2092//2092 2289//2289
f 2092//2092 2093//2093 2289//2289
f 2093//2093 2094//2094 2289//2289
f 2094//2094 2095//2095 2289//2289
f 2095//2095 2099//2099 2289//2289
f 2099//2099 2111//2111 2289//2289
f 2111//2111 2109//2109 2289//2289
f 2109//2109 2105//2105 2289//2289
f 2105//2105 2107//2107 2289//2289
f 2107//2107 2106//2106 2289//2289
f 2106//2106 2108//2108 2289//2289
f 2108//2108 2110//2110 2289//2289
f 2110//2110 2112//2112 2289//2289
f 2112//2112 2122//2122 2289//2289
f 2122//2122 2121//2121 2289//2289
f 2121//2121 2123//2123 2289//2289
f 2123//2123 2129//2129 2289//2289
f 2129//2129 2124//2124 2289//2289
f 2124//2124 2126//2126 2289//2289
f 2103//2103 1959//1959 2101//2101
f 2089//2089 1959//1959 2103//2103
f 2087//2087 1959//1959 2089//2089
f 2086//2086 1959//1959 2087//2087
f 2088//2088 1959//1959 2086//2086
f 2085//2085 1959//1959 2088//2088
f 2083//2083 1959//1959 2085//2085
f 2081//2081 1959//1959 2083//2083
f 1960//1960 1959//1959 1066//1066
f 2338//2338 1959//1959 2337//2337
f 2339//2339 1959//1959 2338//2338
f 2340//2340 1959//1959 2339//2339
f 2341//2341 1959//1959 2340//2340
f 2342//2342 1959//1959 2341//2341
f 2343//2343 1959//1959 2342//2342
f 2344//2344 1959//1959 2343//2343
f 2345//2345 1959//1959 2344//2344
f 2346//2346 1959//1959 2345//2345
f 2347//2347 1959//1959 2346//2346
f 2348//2348 1959//1959 2347//2347
f 2349//2349 1959//1959 2348//2348
f 2350//2350 1959//1959 2349//2349
f 2351//2351 1959//1959 2350//2350
f 2352//2352 1959//1959 2351//2351
f 2353//2353 1959//1959 2352//2352
f 2354//2354 1959//1959 2353//2353
f 2355//2355 1959//1959 2354//2354
f 2356//2356 1959//1959 2355//2355
f 1066//1066 1959//1959 2356//2356
f 2337//2337 1959//1959 2081//2081
f 2113//2113 1959//1959 1416//1416
f 2114//2114 1959//1959 2113//2113
f 2115//2115 1959//1959 2114//2114
f 2116//2116 1959//1959 2115//2115
f 2117//2117 1959//1959 2116//2116
f 2118//2118 1959//1959 2117//2117
f 2119//2119 1959//1959 2118//2118
f 2120//2120 1959//1959 2119//2119
f 2104//2104 1959//1959 2120//2120
f 2102//2102 1959//1959 2104//2104
f 2100//2100 1959//1959 2102//2102
f 2097//2097 1959//1959 2100//2100
f 2096//2096 1959//1959 2097//2097
f 2098//2098 1959//1959 2096//2096
f 2101//2101 1959//1959 2098//2098
f 2142//2142 2023//2023 2140//2140
f 2141//2141 2023//2023 2142//2142
f 2143//2143 2023//2023 2141//2141
f 2145//2145 2023//2023 2143//2143
f 2147//2147 2023//2023 2145//2145
f 2149//2149 2023//2023 2147//2147
f 2150//2150 2023//2023 2149//2149
f 2139//2139 2023//2023 2131//2131
f 2127//2127 2023//2023 2126//2126
f 2125//2125 2023//2023 2127//2127
f 2128//2128 2023//2023 2125//2125
f 2130//2130 2023//2023 2128//2128
f 2132//2132 2023//2023 2130//2130
f 2133//2133 2023//2023 2132//2132
f 2134//2134 2023//2023 2133//2133
f 2135//2135 2023//2023 2134//2134
f 2136//2136 2023//2023 2135//2135
f 2137//2137 2023//2023 2136//2136
f 2138//2138 2023//2023 2137//2137
f 2131//2131 2023//2023 2138//2138
f 2126//2126 2023//2023 2289//2289
f 2148//2148 2023//2023 2139//2139
f 2146//2146 2023//2023 2148//2148
f 2144//2144 2023//2023 2146//2146
f 2140//2140 2023//2023 2144//2144
f 1959//1959 2020//2020 1416//1416
f 1416//1416 2020//2020 2151//2151
f 2159//2159 2020//2020 2177//2177
f 2158//2158 2020//2020 2159//2159
f 2157//2157 2020//2020 2158//2158
f 2156//2156 2020//2020 2157//2157
f 2155//2155 2020//2020 2156//2156
f 2154//2154 2020//2020 2155//2155
f 2153//2153 2020//2020 2154//2154
f 2152//2152 2020//2020 2153//2153
f 2151//2151 2020//2020 2152//2152
f 2020//2020 2357//2357 2177//2177
f 2177//2177 2357//2357 2163//2163
f 2357//2357 2358//2358 2163//2163
f 2358//2358 2359//2359 2163//2163
f 2163//2163 2359//2359 2162//2162
f 2359//2359 2360//2360 2162//2162
f 2360//2360 2361//2361 2162//2162
f 2162//2162 2361//2361 2160//2160
f 2160//2160 2362//2362 2161//2161
f 2361//2361 2362//2362 2160//2160
f 2362//2362 2363//2363 2161//2161
f 2363//2363 2364//2364 2161//2161
f 2161//2161 2364//2364 2166//2166
f 2364//2364 2365//2365 2166//2166
f 2166//2166 2366//2366 2174//2174
f 2365//2365 2366//2366 2166//2166
f 2165//2165 2367//2367 1465//1465
f 2164//2164 2367//2367 2165//2165
f 2167//2167 2367//2367 2164//2164
f 2150//2150 2367//2367 2023//2023
f 2168//2168 2367//2367 2167//2167
f 2169//2169 2367//2367 2168//2168
f 1465//1465 2367//2367 2150//2150
f 2169//2169 2368//2368 2367//2367
f 2366//2366 2369//2369 2174//2174
f 2170//2170 2370//2370 2169//2169
f 2169//2169 2370//2370 2368//2368
f 2174//2174 2371//2371 2173//2173
f 2369//2369 2371//2371 2174//2174
f 2170//2170 2372//2372 2370//2370
f 2371//2371 2373//2373 2173//2173
f 2170//2170 2374//2374 2372//2372
f 2175//2175 2374//2374 2170//2170
f 2373//2373 2375//2375 2173//2173
f 2173//2173 2375//2375 2171//2171
f 2175//2175 2376//2376 2374//2374
f 2375//2375 2377//2377 2171//2171
f 2175//2175 2378//2378 2376//2376
f 2178//2178 2378//2378 2175//2175
f 2377//2377 2379//2379 2171//2171
f 2171//2171 2379//2379 2172//2172
f 2178//2178 2380//2380 2378//2378
f 2379//2379 2381//2381 2172//2172
f 2178//2178 2382//2382 2380//2380
f 2176//2176 2382//2382 2178//2178
f 2381//2381 2383//2383 2172//2172
f 2176//2176 2383//2383 2382//2382
f 2172//2172 2383//2383 2176//2176
f 2179//2179 2224//2224 2384//2384
f 2179//2179 2384//2384 2221//2221
f 2384//2384 2224//2224 1273//1273
f 1275//1275 1273//1273 1008//1008
f 1275//1275 1008//1008 1133//1133
f 2252//2252 2251//2251 1007//1007
f 2251//2251 2250//2250 1007//1007
f 2250//2250 2249//2249 1007//1007
f 2249//2249 2248//2248 1007//1007
f 2248//2248 2247//2247 1007//1007
f 2247//2247 2246//2246 1007//1007
f 2246//2246 2245//2245 1007//1007
f 2242//2242 2241//2241 2243//2243
f 2243//2243 2241//2241 2244//2244
f 2241//2241 2240//2240 2244//2244
f 2240//2240 2239//2239 2244//2244
f 2244//2244 2239//2239 2245//2245
f 2237//2237 2236//2236 2238//2238
f 2236//2236 2235//2235 2238//2238
f 2238//2238 2235//2235 2239//2239
f 2239//2239 2235//2235 2245//2245
f 2232//2232 2231//2231 2233//2233
f 2233//2233 2230//2230 2234//2234
f 2231//2231 2230//2230 2233//2233
f 2234//2234 2229//2229 2235//2235
f 2235//2235 2229//2229 2245//2245
f 2230//2230 2229//2229 2234//2234
f 2229//2229 2228//2228 2245//2245
f 2245//2245 2228//2228 1007//1007
f 2286//2286 1064//1064 2287//2287
f 2287//2287 1064//1064 2288//2288
f 2288//2288 1064//1064 2226//2226
f 2226//2226 1064//1064 2225//2225
f 2228//2228 1064//1064 1007//1007
f 2225//2225 1064//1064 2227//2227
f 2227//2227 1064//1064 2228//2228
f 1007//1007 1064//1064 1008//1008
f 1064//1064 1133//1133 1008//1008
f 1064//1064 1066//1066 1133//1133
f 1066//1066 2321//2321 1133//1133
f 2356//2356 2355//2355 1066//1066
f 2321//2321 2323//2323 2322//2322
f 2355//2355 2354//2354 1066//1066
f 2321//2321 2324//2324 2323//2323
f 2354//2354 2353//2353 1066//1066
f 2321//2321 2325//2325 2324//2324
f 2353//2353 2352//2352 1066//1066
f 2321//2321 2326//2326 2325//2325
f 2352//2352 2351//2351 1066//1066
f 2321//2321 2327//2327 2326//2326
f 2351//2351 2350//2350 1066//1066
f 2321//2321 2328//2328 2327//2327
f 2350//2350 2349//2349 1066//1066
f 1066//1066 2329//2329 2321//2321
f 2321//2321 2329//2329 2328//2328
f 2349//2349 2329//2329 1066//1066
f 2349//2349 2348//2348 2329//2329
f 2348//2348 2330//2330 2329//2329
f 2345//2345 2344//2344 2346//2346
f 2332//2332 2334//2334 2333//2333
f 2346//2346 2343//2343 2347//2347
f 2344//2344 2343//2343 2346//2346
f 2331//2331 2335//2335 2332//2332
f 2332//2332 2335//2335 2334//2334
f 2347//2347 2342//2342 2348//2348
f 2343//2343 2342//2342 2347//2347
f 2330//2330 2336//2336 2331//2331
f 2331//2331 2336//2336 2335//2335
f 2342//2342 2341//2341 2348//2348
f 2348//2348 2341//2341 2330//2330
f 2330//2330 2337//2337 2336//2336
f 2341//2341 2337//2337 2330//2330
f 2341//2341 2340//2340 2337//2337
f 2340//2340 2338//2338 2337//2337
f 2340//2340 2339//2339 2338//2338
f 2180//2180 2182//2182 2181//2181
f 2183//2183 2184//2184 2180//2180
f 2180//2180 2184//2184 2182//2182
f 2185//2185 2186//2186 2183//2183
f 2183//2183 2186//2186 2184//2184
f 2189//2189 2191//2191 2187//2187
f 2191//2191 2193//2193 2187//2187
f 2188//2188 2194//2194 2190//2190
f 2190//2190 2194//2194 2192//2192
f 2188//2188 2196//2196 2194//2194
f 2201//2201 2203//2203 2199//2199
f 2199//2199 2203//2203 2197//2197
f 2198//2198 2204//2204 2200//2200
f 2200//2200 2204//2204 2202//2202
f 2193//2193 2205//2205 2187//2187
f 2203//2203 2205//2205 2197//2197
f 2197//2197 2205//2205 2195//2195
f 2195//2195 2205//2205 2193//2193
f 2187//2187 2205//2205 2185//2185
f 2198//2198 2206//2206 2204//2204
f 2196//2196 2206//2206 2198//2198
f 2205//2205 2207//2207 2185//2185
f 2185//2185 2207//2207 2186//2186
f 2188//2188 2208//2208 2196//2196
f 2207//2207 2208//2208 2186//2186
f 2196//2196 2208//2208 2206//2206
f 2186//2186 2208//2208 2188//2188
f 2207//2207 2210//2210 2208//2208
f 2221//2221 2384//2384 2219//2219
f 2219//2219 2384//2384 2217//2217
f 2217//2217 2384//2384 2215//2215
f 2215//2215 2384//2384 2213//2213
f 2213//2213 2384//2384 2211//2211
f 2207//2207 2384//2384 2210//2210
f 2211//2211 2384//2384 2209//2209
f 2209//2209 2384//2384 2207//2207
f 2384//2384 1193//1193 2210//2210
f 2210//2210 1193//1193 2212//2212
f 2212//2212 1193//1193 2214//2214
f 2214//2214 1193//1193 2216//2216
f 2216//2216 1193//1193 2218//2218
f 2218//2218 1193//1193 2220//2220
f 2220//2220 1193//1193 2222//2222
f 2222//2222 1193//1193 2223//2223
f 2384//2384 1273//1273 1193//1193
f 1273//1273 1191//1191 1193//1193
f 1191//1191 2291//2291 2290//2290
f 1191//1191 2292//2292 2291//2291
f 1191//1191 2293//2293 2292//2292
f 1191//1191 2320//2320 2293//2293
f 1191//1191 2319//2319 2320//2320
f 1191//1191 2318//2318 2319//2319
f 2316//2316 2313//2313 2315//2315
f 2315//2315 2313//2313 2314//2314
f 2317//2317 2311//2311 2316//2316
f 2316//2316 2311//2311 2313//2313
f 2317//2317 2309//2309 2311//2311
f 2309//2309 2303//2303 2307//2307
f 2307//2307 2303//2303 2305//2305
f 2299//2299 2294//2294 2297//2297
f 2297//2297 2294//2294 2295//2295
f 2317//2317 2296//2296 2309//2309
f 2309//2309 2296//2296 2303//2303
f 2299//2299 2296//2296 2294//2294
f 2303//2303 2296//2296 2301//2301
f 2301//2301 2296//2296 2299//2299
f 2318//2318 2298//2298 2317//2317
f 2317//2317 2298//2298 2296//2296
f 2318//2318 1136//1136 2298//2298
f 2298//2298 1136//1136 2300//2300
f 2300//2300 1136//1136 2302//2302
f 2302//2302 1136//1136 2304//2304
f 2304//2304 1136//1136 2306//2306
f 2306//2306 1136//1136 2308//2308
f 2308//2308 1136//1136 2310//2310
f 2310//2310 1136//1136 2312//2312
f 1191//1191 1136//1136 2318//2318
f 1191//1191 1275//1275 1136//1136
f 1273//1273 1275//1275 1191//1191
f 2385//2385 2386//2386 2387//2387
f 2388//2388 2385//2385 2387//2387
f 2389//2389 2385//2385 2388//2388
f 2390//2390 2391//2391 2392//2392
f 2390//2390 2393//2393 2391//2391
f 2394//2394 2395//2395 2396//2396
f 2394//2394 2397//2397 2395//2395
f 2398//2398 2399//2399 2393//2393
f 2398//2398 2393//2393 2390//2390
f 2400//2400 2396//2396 2401//2401
f 2400//2400 2394//2394 2396//2396
f 2402//2402 2389//2389 2388//2388
f 2402//2402 2388//2388 2399//2399
f 2402//2402 2399//2399 2398//2398
f 2403//2403 2401//2401 2389//2389
f 2403//2403 2400//2400 2401//2401
f 2403//2403 2389//2389 2402//2402
f 2404//2404 2403//2403 2402//2402
f 2405//2405 2403//2403 2404//2404
f 2406//2406 2407//2407 2408//2408
f 2406//2406 2409//2409 2407//2407
f 2406//2406 2410//2410 2409//2409
f 2406//2406 2411//2411 2410//2410
f 2406//2406 2412//2412 2411//2411
f 2406//2406 2413//2413 2412//2412
f 2406//2406 2404//2404 2413//2413
f 2414//2414 2404//2404 2406//2406
f 2414//2414 2415//2415 2405//2405
f 2414//2414 2416//2416 2415//2415
f 2414//2414 2417//2417 2416//2416
f 2414//2414 2418//2418 2417//2417
f 2414//2414 2419//2419 2418//2418
f 2414//2414 2420//2420 2419//2419
f 2414//2414 2421//2421 2420//2420
f 2414//2414 2405//2405 2404//2404
f 2422//2422 2423//2423 2424//2424
f 2425//2425 2423//2423 2422//2422
f 2426//2426 2423//2423 2425//2425
f 2427//2427 2423//2423 2426//2426
f 2428//2428 2423//2423 2427//2427
f 2429//2429 2423//2423 2428//2428
f 2430//2430 2423//2423 2429//2429
f 2431//2431 2432//2432 2433//2433
f 2434//2434 2435//2435 2432//2432
f 2434//2434 2432//2432 2431//2431
f 2436//2436 2437//2437 2435//2435
f 2436//2436 2435//2435 2434//2434
f 2438//2438 2437//2437 2436//2436
f 2439//2439 2440//2440 2441//2441
f 2442//2442 2440//2440 2439//2439
f 2442//2442 2438//2438 2440//2440
f 2443//2443 2444//2444 2445//2445
f 2443//2443 2446//2446 2444//2444
f 2447//2447 2446//2446 2443//2443
f 2447//2447 2448//2448 2446//2446
f 2449//2449 2437//2437 2438//2438
f 2449//2449 2438//2438 2442//2442
f 2449//2449 2448//2448 2447//2447
f 2449//2449 2442//2442 2448//2448
f 2450//2450 2430//2430 2437//2437
f 2450//2450 2423//2423 2430//2430
f 2450//2450 2437//2437 2449//2449
f 2451//2451 2423//2423 2450//2450
f 2451//2451 2452//2452 2453//2453
f 2451//2451 2454//2454 2452//2452
f 2451//2451 2455//2455 2454//2454
f 2451//2451 2456//2456 2455//2455
f 2451//2451 2457//2457 2456//2456
f 2451//2451 2458//2458 2457//2457
f 2451//2451 2450//2450 2458//2458
f 2459//2459 2460//2460 2461//2461
f 2462//2462 2459//2459 2461//2461
f 2463//2463 2462//2462 2461//2461
f 2464//2464 2463//2463 2461//2461
f 2465//2465 2464//2464 2461//2461
f 2466//2466 2465//2465 2461//2461
f 2467//2467 2466//2466 2461//2461
f 2468//2468 2469//2469 2470//2470
f 2471//2471 2468//2468 2470//2470
f 2471//2471 2470//2470 2472//2472
f 2473//2473 2472//2472 2474//2474
f 2473//2473 2471//2471 2472//2472
f 2475//2475 2473//2473 2474//2474
f 2476//2476 2477//2477 2475//2475
f 2476//2476 2478//2478 2477//2477
f 2479//2479 2476//2476 2475//2475
f 2479//2479 2475//2475 2474//2474
f 2480//2480 2481//2481 2482//2482
f 2480//2480 2483//2483 2481//2481
f 2484//2484 2482//2482 2485//2485
f 2484//2484 2480//2480 2482//2482
f 2486//2486 2474//2474 2467//2467
f 2486//2486 2485//2485 2479//2479
f 2486//2486 2479//2479 2474//2474
f 2486//2486 2484//2484 2485//2485
f 2487//2487 2486//2486 2467//2467
f 2488//2488 2467//2467 2461//2461
f 2488//2488 2489//2489 2487//2487
f 2488//2488 2490//2490 2489//2489
f 2488//2488 2491//2491 2490//2490
f 2488//2488 2492//2492 2491//2491
f 2488//2488 2493//2493 2492//2492
f 2488//2488 2494//2494 2493//2493
f 2488//2488 2495//2495 2494//2494
f 2488//2488 2487//2487 2467//2467
f 2496//2496 2414//2414 2406//2406
f 2496//2496 2461//2461 2414//2414
f 2496//2496 2406//2406 2423//2423
f 2496//2496 2423//2423 2451//2451
f 2497//2497 2488//2488 2461//2461
f 2497//2497 2461//2461 2496//2496
f 2498//2498 2499//2499 2497//2497
f 2500//2500 2498//2498 2497//2497
f 2501//2501 2500//2500 2497//2497
f 2502//2502 2501//2501 2497//2497
f 2503//2503 2502//2502 2497//2497
f 2504//2504 2503//2503 2497//2497
f 2505//2505 2497//2497 2496//2496
f 2505//2505 2504//2504 2497//2497
f 2506//2506 2507//2507 2508//2508
f 2509//2509 2505//2505 2510//2510
f 2511//2511 2506//2506 2508//2508
f 2512//2512 2505//2505 2509//2509
f 2513//2513 2511//2511 2508//2508
f 2514//2514 2505//2505 2512//2512
f 2515//2515 2505//2505 2514//2514
f 2516//2516 2505//2505 2515//2515
f 2517//2517 2518//2518 2519//2519
f 2520//2520 2505//2505 2516//2516
f 2520//2520 2504//2504 2505//2505
f 2521//2521 2517//2517 2519//2519
f 2521//2521 2508//2508 2522//2522
f 2521//2521 2519//2519 2513//2513
f 2521//2521 2513//2513 2508//2508
f 2523//2523 2504//2504 2520//2520
f 2523//2523 2522//2522 2504//2504
f 2523//2523 2521//2521 2522//2522
f 2524//2524 2525//2525 2526//2526
f 2527//2527 2526//2526 2525//2525
f 2528//2528 2524//2524 2526//2526
f 2529//2529 2526//2526 2527//2527
f 2530//2530 2528//2528 2526//2526
f 2531//2531 2526//2526 2529//2529
f 2532//2532 2530//2530 2526//2526
f 2533//2533 2526//2526 2531//2531
f 2534//2534 2532//2532 2526//2526
f 2535//2535 2526//2526 2533//2533
f 2536//2536 2534//2534 2526//2526
f 2537//2537 2526//2526 2535//2535
f 2538//2538 2536//2536 2526//2526
f 2539//2539 2526//2526 2537//2537
f 2540//2540 2538//2538 2526//2526
f 2541//2541 2526//2526 2539//2539
f 2542//2542 2540//2540 2526//2526
f 2543//2543 2526//2526 2541//2541
f 2544//2544 2542//2542 2526//2526
f 2545//2545 2526//2526 2543//2543
f 2546//2546 2544//2544 2526//2526
f 2547//2547 2526//2526 2545//2545
f 2548//2548 2546//2546 2526//2526
f 2549//2549 2526//2526 2547//2547
f 2550//2550 2548//2548 2526//2526
f 2551//2551 2526//2526 2549//2549
f 2552//2552 2550//2550 2526//2526
f 2553//2553 2526//2526 2551//2551
f 2554//2554 2552//2552 2526//2526
f 2555//2555 2526//2526 2553//2553
f 2556//2556 2554//2554 2526//2526
f 2557//2557 2526//2526 2555//2555
f 2558//2558 2556//2556 2526//2526
f 2559//2559 2526//2526 2557//2557
f 2560//2560 2558//2558 2526//2526
f 2561//2561 2526//2526 2559//2559
f 2562//2562 2526//2526 2561//2561
f 2563//2563 2526//2526 2562//2562
f 2564//2564 2526//2526 2563//2563
f 2565//2565 2526//2526 2564//2564
f 2566//2566 2526//2526 2565//2565
f 2566//2566 2565//2565 2567//2567
f 2566//2566 2567//2567 2568//2568
f 2566//2566 2568//2568 2569//2569
f 2566//2566 2569//2569 2570//2570
f 2566//2566 2570//2570 2571//2571
f 2566//2566 2571//2571 2572//2572
f 2566//2566 2572//2572 2573//2573
f 2566//2566 2573//2573 2574//2574
f 2566//2566 2574//2574 2575//2575
f 2566//2566 2575//2575 2576//2576
f 2566//2566 2576//2576 2577//2577
f 2566//2566 2577//2577 2578//2578
f 2566//2566 2578//2578 2579//2579
f 2566//2566 2579//2579 2580//2580
f 2566//2566 2580//2580 2581//2581
f 2566//2566 2581//2581 2582//2582
f 2566//2566 2582//2582 2583//2583
f 2566//2566 2583//2583 2584//2584
f 2566//2566 2584//2584 2585//2585
f 2566//2566 2585//2585 2586//2586
f 2587//2587 2588//2588 2566//2566
f 2589//2589 2587//2587 2566//2566
f 2590//2590 2589//2589 2566//2566
f 2591//2591 2590//2590 2566//2566
f 2592//2592 2591//2591 2566//2566
f 2593//2593 2592//2592 2566//2566
f 2594//2594 2593//2593 2566//2566
f 2595//2595 2596//2596 2597//2597
f 2595//2595 2597//2597 2598//2598
f 2599//2599 2595//2595 2598//2598
f 2600//2600 2599//2599 2598//2598
f 2600//2600 2598//2598 2601//2601
f 2602//2602 2600//2600 2601//2601
f 2603//2603 2604//2604 2602//2602
f 2605//2605 2602//2602 2601//2601
f 2605//2605 2603//2603 2602//2602
f 2606//2606 2607//2607 2608//2608
f 2606//2606 2608//2608 2609//2609
f 2610//2610 2609//2609 2611//2611
f 2610//2610 2611//2611 2605//2605
f 2610//2610 2606//2606 2609//2609
f 2612//2612 2610//2610 2605//2605
f 2612//2612 2601//2601 2594//2594
f 2612//2612 2605//2605 2601//2601
f 1958//1958 2586//2586 2613//2613
f 1958//1958 2613//2613 2614//2614
f 1958//1958 2614//2614 2615//2615
f 1958//1958 2615//2615 2616//2616
f 1958//1958 2616//2616 2617//2617
f 1958//1958 2617//2617 2618//2618
f 1958//1958 2618//2618 2619//2619
f 1958//1958 2619//2619 2620//2620
f 1958//1958 2620//2620 2621//2621
f 1958//1958 2621//2621 2622//2622
f 1958//1958 2622//2622 2623//2623
f 1958//1958 2623//2623 2624//2624
f 1958//1958 2624//2624 2625//2625
f 1958//1958 2594//2594 2566//2566
f 1958//1958 2626//2626 2627//2627
f 1958//1958 2627//2627 2628//2628
f 1958//1958 2628//2628 2629//2629
f 1958//1958 2629//2629 2630//2630
f 1958//1958 2630//2630 2631//2631
f 1958//1958 2631//2631 2632//2632
f 1958//1958 2632//2632 2612//2612
f 1958//1958 2612//2612 2594//2594
f 1958//1958 2566//2566 2586//2586
f 2633//2633 2560//2560 2526//2526
f 2634//2634 2635//2635 2636//2636
f 2634//2634 2636//2636 2637//2637
f 2634//2634 2637//2637 2633//2633
f 2634//2634 2633//2633 2526//2526
f 2386//2386 2638//2638 2639//2639
f 2387//2387 2386//2386 2639//2639
f 2387//2387 2639//2639 2640//2640
f 2385//2385 2638//2638 2386//2386
f 2385//2385 2641//2641 2638//2638
f 2388//2388 2640//2640 2642//2642
f 2388//2388 2387//2387 2640//2640
f 2389//2389 2641//2641 2385//2385
f 2389//2389 2643//2643 2641//2641
f 2399//2399 2642//2642 2644//2644
f 2399//2399 2388//2388 2642//2642
f 2401//2401 2645//2645 2643//2643
f 2401//2401 2643//2643 2389//2389
f 2393//2393 2644//2644 2646//2646
f 2393//2393 2399//2399 2644//2644
f 2396//2396 2647//2647 2645//2645
f 2396//2396 2645//2645 2401//2401
f 2391//2391 2646//2646 2648//2648
f 2391//2391 2393//2393 2646//2646
f 2395//2395 2649//2649 2647//2647
f 2395//2395 2647//2647 2396//2396
f 2392//2392 2648//2648 2650//2650
f 2392//2392 2391//2391 2648//2648
f 2397//2397 2651//2651 2649//2649
f 2397//2397 2649//2649 2395//2395
f 2390//2390 2650//2650 2652//2652
f 2390//2390 2392//2392 2650//2650
f 2394//2394 2653//2653 2651//2651
f 2394//2394 2651//2651 2397//2397
f 2398//2398 2652//2652 2654//2654
f 2398//2398 2390//2390 2652//2652
f 2400//2400 2655//2655 2653//2653
f 2400//2400 2653//2653 2394//2394
f 2402//2402 2654//2654 2656//2656
f 2402//2402 2398//2398 2654//2654
f 2403//2403 2657//2657 2655//2655
f 2403//2403 2655//2655 2400//2400
f 2404//2404 2402//2402 2656//2656
f 2404//2404 2656//2656 2658//2658
f 2405//2405 2659//2659 2657//2657
f 2405//2405 2657//2657 2403//2403
f 2413//2413 2404//2404 2658//2658
f 2413//2413 2658//2658 2660//2660
f 2415//2415 2661//2661 2659//2659
f 2415//2415 2659//2659 2405//2405
f 2412//2412 2413//2413 2660//2660
f 2412//2412 2660//2660 2662//2662
f 2416//2416 2663//2663 2661//2661
f 2416//2416 2661//2661 2415//2415
f 2411//2411 2412//2412 2662//2662
f 2411//2411 2662//2662 2664//2664
f 2417//2417 2665//2665 2663//2663
f 2417//2417 2663//2663 2416//2416
f 2410//2410 2664//2664 2666//2666
f 2410//2410 2411//2411 2664//2664
f 2418//2418 2667//2667 2665//2665
f 2418//2418 2665//2665 2417//2417
f 2409//2409 2410//2410 2666//2666
f 2409//2409 2666//2666 2635//2635
f 2409//2409 2635//2635 2634//2634
f 2419//2419 2668//2668 2667//2667
f 2419//2419 2667//2667 2418//2418
f 2407//2407 2409//2409 2634//2634
f 2420//2420 2669//2669 2668//2668
f 2420//2420 2668//2668 2419//2419
f 2408//2408 2407//2407 2634//2634
f 2421//2421 2669//2669 2420//2420
f 2421//2421 2670//2670 2669//2669
f 2406//2406 2408//2408 2634//2634
f 2414//2414 2670//2670 2421//2421
f 2423//2423 2406//2406 2634//2634
f 2424//2424 2423//2423 2634//2634
f 2422//2422 2424//2424 2634//2634
f 2425//2425 2422//2422 2634//2634
f 2426//2426 2425//2425 2634//2634
f 2427//2427 2426//2426 2634//2634
f 2428//2428 2427//2427 2634//2634
f 2429//2429 2428//2428 2634//2634
f 2430//2430 2429//2429 2634//2634
f 2437//2437 2430//2430 2634//2634
f 2435//2435 2437//2437 2634//2634
f 2432//2432 2435//2435 2634//2634
f 2433//2433 2432//2432 2634//2634
f 2431//2431 2433//2433 2634//2634
f 2434//2434 2431//2431 2634//2634
f 2436//2436 2434//2434 2634//2634
f 2438//2438 2436//2436 2634//2634
f 2440//2440 2438//2438 2634//2634
f 2441//2441 2440//2440 2634//2634
f 2439//2439 2441//2441 2634//2634
f 2442//2442 2439//2439 2634//2634
f 2448//2448 2442//2442 2634//2634
f 2446//2446 2448//2448 2634//2634
f 2444//2444 2446//2446 2634//2634
f 2445//2445 2444//2444 2634//2634
f 2443//2443 2445//2445 2634//2634
f 2447//2447 2443//2443 2634//2634
f 2449//2449 2447//2447 2634//2634
f 2450//2450 2449//2449 2634//2634
f 2458//2458 2450//2450 2634//2634
f 2671//2671 2670//2670 2414//2414
f 2457//2457 2458//2458 2634//2634
f 2456//2456 2457//2457 2634//2634
f 2455//2455 2456//2456 2634//2634
f 2454//2454 2455//2455 2634//2634
f 2461//2461 2672//2672 2671//2671
f 2461//2461 2671//2671 2414//2414
f 2460//2460 2673//2673 2672//2672
f 2460//2460 2672//2672 2461//2461
f 2459//2459 2674//2674 2673//2673
f 2459//2459 2673//2673 2460//2460
f 2462//2462 2674//2674 2459//2459
f 2462//2462 2675//2675 2674//2674
f 2463//2463 2675//2675 2462//2462
f 2463//2463 2676//2676 2675//2675
f 2464//2464 2676//2676 2463//2463
f 2464//2464 2677//2677 2676//2676
f 2465//2465 2677//2677 2464//2464
f 2465//2465 2678//2678 2677//2677
f 2466//2466 2678//2678 2465//2465
f 2466//2466 2679//2679 2678//2678
f 2467//2467 2679//2679 2466//2466
f 2467//2467 2680//2680 2679//2679
f 2474//2474 2680//2680 2467//2467
f 2474//2474 2681//2681 2680//2680
f 2472//2472 2681//2681 2474//2474
f 2472//2472 2682//2682 2681//2681
f 2470//2470 2682//2682 2472//2472
f 2470//2470 2683//2683 2682//2682
f 2469//2469 2684//2684 2683//2683
f 2469//2469 2683//2683 2470//2470
f 2468//2468 2685//2685 2684//2684
f 2468//2468 2684//2684 2469//2469
f 2471//2471 2686//2686 2685//2685
f 2471//2471 2685//2685 2468//2468
f 2473//2473 2687//2687 2686//2686
f 2473//2473 2686//2686 2471//2471
f 2475//2475 2688//2688 2687//2687
f 2475//2475 2687//2687 2473//2473
f 2477//2477 2688//2688 2475//2475
f 2477//2477 2689//2689 2688//2688
f 2478//2478 2689//2689 2477//2477
f 2478//2478 2690//2690 2689//2689
f 2476//2476 2690//2690 2478//2478
f 2476//2476 2691//2691 2690//2690
f 2479//2479 2691//2691 2476//2476
f 2479//2479 2692//2692 2691//2691
f 2485//2485 2692//2692 2479//2479
f 2485//2485 2693//2693 2692//2692
f 2482//2482 2693//2693 2485//2485
f 2022//2022 2625//2625 2694//2694
f 2022//2022 2482//2482 2481//2481
f 2022//2022 2481//2481 2483//2483
f 2022//2022 2483//2483 2480//2480
f 2022//2022 2480//2480 2484//2484
f 2022//2022 2484//2484 2486//2486
f 2022//2022 2486//2486 2487//2487
f 2022//2022 2487//2487 2489//2489
f 2022//2022 2489//2489 2490//2490
f 2022//2022 2490//2490 2491//2491
f 2022//2022 2491//2491 2492//2492
f 2022//2022 2492//2492 2493//2493
f 2022//2022 2493//2493 2494//2494
f 2022//2022 2494//2494 2495//2495
f 2022//2022 2495//2495 2488//2488
f 2022//2022 1958//1958 2625//2625
f 2022//2022 2694//2694 2695//2695
f 2022//2022 2695//2695 2696//2696
f 2022//2022 2696//2696 2697//2697
f 2022//2022 2697//2697 2698//2698
f 2022//2022 2698//2698 2699//2699
f 2022//2022 2699//2699 2700//2700
f 2022//2022 2700//2700 2701//2701
f 2022//2022 2701//2701 2702//2702
f 2022//2022 2702//2702 2703//2703
f 2022//2022 2703//2703 2704//2704
f 2022//2022 2704//2704 2705//2705
f 2022//2022 2705//2705 2706//2706
f 2022//2022 2706//2706 2707//2707
f 2022//2022 2707//2707 2693//2693
f 2022//2022 2693//2693 2482//2482
f 2708//2708 2505//2505 2496//2496
f 2708//2708 2496//2496 2451//2451
f 2708//2708 2451//2451 2453//2453
f 2708//2708 2453//2453 2452//2452
f 2708//2708 2452//2452 2454//2454
f 2708//2708 2454//2454 2634//2634
f 2021//2021 2022//2022 2488//2488
f 2021//2021 2488//2488 2497//2497
f 2709//2709 2021//2021 2497//2497
f 2710//2710 2709//2709 2497//2497
f 2710//2710 2497//2497 2499//2499
f 2711//2711 2710//2710 2499//2499
f 2712//2712 2711//2711 2499//2499
f 2712//2712 2499//2499 2498//2498
f 2713//2713 2712//2712 2498//2498
f 2714//2714 2713//2713 2498//2498
f 2714//2714 2498//2498 2500//2500
f 2715//2715 2500//2500 2501//2501
f 2715//2715 2714//2714 2500//2500
f 2716//2716 2715//2715 2501//2501
f 2717//2717 2716//2716 2501//2501
f 2717//2717 2501//2501 2502//2502
f 2718//2718 2502//2502 2503//2503
f 2718//2718 2717//2717 2502//2502
f 2719//2719 2505//2505 2708//2708
f 2719//2719 2523//2523 2520//2520
f 2719//2719 2520//2520 2516//2516
f 2719//2719 2516//2516 2515//2515
f 2719//2719 2515//2515 2514//2514
f 2719//2719 2514//2514 2512//2512
f 2719//2719 2512//2512 2509//2509
f 2719//2719 2509//2509 2510//2510
f 2719//2719 2510//2510 2505//2505
f 2720//2720 2503//2503 2504//2504
f 2720//2720 2718//2718 2503//2503
f 2721//2721 2521//2521 2523//2523
f 2721//2721 2523//2523 2719//2719
f 2722//2722 2720//2720 2504//2504
f 2723//2723 2517//2517 2521//2521
f 2723//2723 2521//2521 2721//2721
f 2724//2724 2504//2504 2522//2522
f 2724//2724 2722//2722 2504//2504
f 2725//2725 2518//2518 2517//2517
f 2725//2725 2517//2517 2723//2723
f 2726//2726 2522//2522 2508//2508
f 2726//2726 2724//2724 2522//2522
f 2727//2727 2519//2519 2518//2518
f 2727//2727 2518//2518 2725//2725
f 2728//2728 2726//2726 2508//2508
f 2729//2729 2519//2519 2727//2727
f 2730//2730 2508//2508 2507//2507
f 2730//2730 2728//2728 2508//2508
f 2731//2731 2507//2507 2506//2506
f 2731//2731 2730//2730 2507//2507
f 2732//2732 2513//2513 2519//2519
f 2732//2732 2519//2519 2729//2729
f 2733//2733 2731//2731 2506//2506
f 2734//2734 2511//2511 2513//2513
f 2734//2734 2513//2513 2732//2732
f 2735//2735 2506//2506 2511//2511
f 2735//2735 2511//2511 2734//2734
f 2735//2735 2733//2733 2506//2506
f 2528//2528 2525//2525 2524//2524
f 2528//2528 2527//2527 2525//2525
f 2530//2530 2527//2527 2528//2528
f 2537//2537 2533//2533 2531//2531
f 2537//2537 2535//2535 2533//2533
f 2539//2539 2537//2537 2531//2531
f 2540//2540 2536//2536 2538//2538
f 2540//2540 2534//2534 2536//2536
f 2540//2540 2532//2532 2534//2534
f 2542//2542 2530//2530 2532//2532
f 2542//2542 2529//2529 2527//2527
f 2542//2542 2527//2527 2530//2530
f 2542//2542 2532//2532 2540//2540
f 2544//2544 2529//2529 2542//2542
f 2547//2547 2545//2545 2543//2543
f 2549//2549 2543//2543 2541//2541
f 2549//2549 2547//2547 2543//2543
f 2551//2551 2531//2531 2529//2529
f 2551//2551 2541//2541 2539//2539
f 2551//2551 2539//2539 2531//2531
f 2551//2551 2549//2549 2541//2541
f 2551//2551 2529//2529 2544//2544
f 2553//2553 2551//2551 2544//2544
f 2560//2560 2553//2553 2544//2544
f 2560//2560 2556//2556 2558//2558
f 2560//2560 2554//2554 2556//2556
f 2560//2560 2552//2552 2554//2554
f 2560//2560 2550//2550 2552//2552
f 2560//2560 2548//2548 2550//2550
f 2560//2560 2546//2546 2548//2548
f 2560//2560 2544//2544 2546//2546
f 2565//2565 2553//2553 2560//2560
f 2565//2565 2555//2555 2553//2553
f 2565//2565 2557//2557 2555//2555
f 2565//2565 2559//2559 2557//2557
f 2565//2565 2561//2561 2559//2559
f 2565//2565 2562//2562 2561//2561
f 2565//2565 2563//2563 2562//2562
f 2565//2565 2564//2564 2563//2563
f 2567//2567 2565//2565 2560//2560
f 2569//2569 2568//2568 2567//2567
f 2570//2570 2569//2569 2567//2567
f 2571//2571 2570//2570 2567//2567
f 2572//2572 2571//2571 2567//2567
f 2573//2573 2572//2572 2567//2567
f 2574//2574 2573//2573 2567//2567
f 2579//2579 2577//2577 2576//2576
f 2579//2579 2578//2578 2577//2577
f 2580//2580 2576//2576 2575//2575
f 2580//2580 2579//2579 2576//2576
f 2581//2581 2580//2580 2575//2575
f 2584//2584 2582//2582 2581//2581
f 2584//2584 2583//2583 2582//2582
f 2585//2585 2584//2584 2581//2581
f 2615//2615 2614//2614 2613//2613
f 2616//2616 2586//2586 2585//2585
f 2616//2616 2613//2613 2586//2586
f 2616//2616 2615//2615 2613//2613
f 2617//2617 2575//2575 2574//2574
f 2617//2617 2581//2581 2575//2575
f 2617//2617 2585//2585 2581//2581
f 2617//2617 2616//2616 2585//2585
f 2618//2618 2617//2617 2574//2574
f 2625//2625 2567//2567 2560//2560
f 2625//2625 2619//2619 2618//2618
f 2625//2625 2620//2620 2619//2619
f 2625//2625 2621//2621 2620//2620
f 2625//2625 2622//2622 2621//2621
f 2625//2625 2623//2623 2622//2622
f 2625//2625 2624//2624 2623//2623
f 2625//2625 2574//2574 2567//2567
f 2625//2625 2618//2618 2574//2574
f 2633//2633 2625//2625 2560//2560
f 2636//2636 2633//2633 2637//2637
f 2635//2635 2633//2633 2636//2636
f 2666//2666 2633//2633 2635//2635
f 2664//2664 2633//2633 2666//2666
f 2662//2662 2633//2633 2664//2664
f 2660//2660 2633//2633 2662//2662
f 2658//2658 2633//2633 2660//2660
f 2648//2648 2652//2652 2650//2650
f 2646//2646 2654//2654 2652//2652
f 2646//2646 2652//2652 2648//2648
f 2644//2644 2656//2656 2654//2654
f 2644//2644 2654//2654 2646//2646
f 2642//2642 2656//2656 2644//2644
f 2638//2638 2640//2640 2639//2639
f 2641//2641 2640//2640 2638//2638
f 2641//2641 2642//2642 2640//2640
f 2651//2651 2647//2647 2649//2649
f 2651//2651 2645//2645 2647//2647
f 2653//2653 2645//2645 2651//2651
f 2653//2653 2643//2643 2645//2645
f 2655//2655 2656//2656 2642//2642
f 2655//2655 2642//2642 2641//2641
f 2655//2655 2643//2643 2653//2653
f 2655//2655 2641//2641 2643//2643
f 2657//2657 2658//2658 2656//2656
f 2657//2657 2633//2633 2658//2658
f 2657//2657 2656//2656 2655//2655
f 2670//2670 2633//2633 2657//2657
f 2670//2670 2668//2668 2669//2669
f 2670//2670 2667//2667 2668//2668
f 2670//2670 2665//2665 2667//2667
f 2670//2670 2663//2663 2665//2665
f 2670//2670 2661//2661 2663//2663
f 2670//2670 2659//2659 2661//2661
f 2670//2670 2657//2657 2659//2659
f 2694//2694 2625//2625 2633//2633
f 2671//2671 2633//2633 2670//2670
f 2671//2671 2694//2694 2633//2633
f 2673//2673 2671//2671 2672//2672
f 2696//2696 2695//2695 2694//2694
f 2674//2674 2671//2671 2673//2673
f 2697//2697 2696//2696 2694//2694
f 2675//2675 2671//2671 2674//2674
f 2698//2698 2697//2697 2694//2694
f 2676//2676 2671//2671 2675//2675
f 2699//2699 2698//2698 2694//2694
f 2677//2677 2671//2671 2676//2676
f 2700//2700 2699//2699 2694//2694
f 2678//2678 2671//2671 2677//2677
f 2701//2701 2700//2700 2694//2694
f 2679//2679 2671//2671 2678//2678
f 2702//2702 2701//2701 2694//2694
f 2702//2702 2671//2671 2679//2679
f 2702//2702 2694//2694 2671//2671
f 2680//2680 2702//2702 2679//2679
f 2703//2703 2702//2702 2680//2680
f 2684//2684 2682//2682 2683//2683
f 2707//2707 2706//2706 2705//2705
f 2685//2685 2682//2682 2684//2684
f 2685//2685 2681//2681 2682//2682
f 2693//2693 2705//2705 2704//2704
f 2693//2693 2707//2707 2705//2705
f 2686//2686 2681//2681 2685//2685
f 2686//2686 2680//2680 2681//2681
f 2692//2692 2704//2704 2703//2703
f 2692//2692 2693//2693 2704//2704
f 2687//2687 2703//2703 2680//2680
f 2687//2687 2680//2680 2686//2686
f 2691//2691 2692//2692 2703//2703
f 2691//2691 2703//2703 2687//2687
f 2688//2688 2691//2691 2687//2687
f 2690//2690 2691//2691 2688//2688
f 2689//2689 2690//2690 2688//2688
f 2736//2736 1958//1958 1960//1960
f 2736//2736 1960//1960 2737//2737
f 2738//2738 2736//2736 2737//2737
f 2739//2739 2737//2737 2740//2740
f 2739//2739 2738//2738 2737//2737
f 2741//2741 2740//2740 2742//2742
f 2741//2741 2739//2739 2740//2740
f 2743//2743 2742//2742 2744//2744
f 2743//2743 2741//2741 2742//2742
f 2745//2745 2744//2744 2746//2746
f 2745//2745 2743//2743 2744//2744
f 2747//2747 2746//2746 2748//2748
f 2747//2747 2745//2745 2746//2746
f 2749//2749 2747//2747 2748//2748
f 2750//2750 2748//2748 2751//2751
f 2750//2750 2749//2749 2748//2748
f 2752//2752 2750//2750 2751//2751
f 2752//2752 2751//2751 2753//2753
f 2754//2754 2752//2752 2753//2753
f 2754//2754 2753//2753 2755//2755
f 2756//2756 2754//2754 2755//2755
f 2756//2756 2755//2755 2757//2757
f 2758//2758 2756//2756 2757//2757
f 2759//2759 2758//2758 2757//2757
f 2759//2759 2757//2757 2760//2760
f 2761//2761 2759//2759 2760//2760
f 2761//2761 2760//2760 2762//2762
f 2763//2763 2761//2761 2762//2762
f 2763//2763 2762//2762 2764//2764
f 2765//2765 2763//2763 2764//2764
f 2765//2765 2764//2764 2766//2766
f 2767//2767 2765//2765 2766//2766
f 2768//2768 2767//2767 2766//2766
f 2768//2768 2766//2766 2769//2769
f 2770//2770 2768//2768 2769//2769
f 2770//2770 2769//2769 2771//2771
f 2772//2772 2770//2770 2771//2771
f 2772//2772 2771//2771 2773//2773
f 2774//2774 2772//2772 2773//2773
f 2774//2774 2773//2773 2775//2775
f 2776//2776 2774//2774 2775//2775
f 2777//2777 2776//2776 2775//2775
f 2777//2777 2775//2775 2778//2778
f 2779//2779 2778//2778 2780//2780
f 2779//2779 2777//2777 2778//2778
f 2781//2781 2780//2780 2782//2782
f 2781//2781 2779//2779 2780//2780
f 2783//2783 2782//2782 2784//2784
f 2783//2783 2781//2781 2782//2782
f 2785//2785 2784//2784 2786//2786
f 2785//2785 2783//2783 2784//2784
f 2787//2787 2785//2785 2786//2786
f 2788//2788 2786//2786 2789//2789
f 2788//2788 2787//2787 2786//2786
f 2790//2790 2789//2789 2791//2791
f 2790//2790 2788//2788 2789//2789
f 2792//2792 2791//2791 2793//2793
f 2792//2792 2790//2790 2791//2791
f 2794//2794 2793//2793 2224//2224
f 2794//2794 2792//2792 2793//2793
f 2566//2566 2794//2794 2224//2224
f 2795//2795 2796//2796 2797//2797
f 2795//2795 2798//2798 2796//2796
f 2798//2798 2799//2799 2796//2796
f 2800//2800 2799//2799 2798//2798
f 2795//2795 2797//2797 2224//2224
f 2801//2801 2798//2798 2795//2795
f 2801//2801 2800//2800 2798//2798
f 2801//2801 2795//2795 2224//2224
f 2799//2799 2224//2224 2797//2797
f 2799//2799 2797//2797 2796//2796
f 2802//2802 2634//2634 2289//2289
f 2023//2023 2802//2802 2289//2289
f 2289//2289 2634//2634 2526//2526
f 2289//2289 2526//2526 2179//2179
f 2803//2803 2804//2804 2805//2805
f 2803//2803 2805//2805 2806//2806
f 2807//2807 2806//2806 2805//2805
f 2808//2808 2807//2807 2805//2805
f 2809//2809 2807//2807 2808//2808
f 2810//2810 2809//2809 2808//2808
f 2803//2803 2809//2809 2810//2810
f 2804//2804 2803//2803 2810//2810
f 2809//2809 2803//2803 2806//2806
f 2809//2809 2806//2806 2807//2807
f 2804//2804 2810//2810 2808//2808
f 2804//2804 2808//2808 2805//2805
f 2811//2811 2812//2812 2813//2813
f 2812//2812 2814//2814 2813//2813
f 2815//2815 2811//2811 2813//2813
f 2816//2816 2815//2815 2813//2813
f 2817//2817 2818//2818 2815//2815
f 2817//2817 2815//2815 2816//2816
f 2812//2812 2818//2818 2817//2817
f 2814//2814 2812//2812 2817//2817
f 2818//2818 2812//2812 2811//2811
f 2818//2818 2811//2811 2815//2815
f 2814//2814 2817//2817 2816//2816
f 2814//2814 2816//2816 2813//2813
f 2819//2819 2820//2820 2821//2821
f 2821//2821 2820//2820 2822//2822
f 2823//2823 2821//2821 2822//2822
f 2824//2824 2823//2823 2822//2822
f 2825//2825 2826//2826 2823//2823
f 2825//2825 2823//2823 2824//2824
f 2819//2819 2826//2826 2825//2825
f 2820//2820 2819//2819 2825//2825
f 2826//2826 2819//2819 2821//2821
f 2826//2826 2821//2821 2823//2823
f 2820//2820 2825//2825 2824//2824
f 2820//2820 2824//2824 2822//2822
f 2827//2827 2828//2828 2829//2829
f 2827//2827 2829//2829 2830//2830
f 2830//2830 2829//2829 2831//2831
f 2830//2830 2831//2831 2832//2832
f 2832//2832 2831//2831 2833//2833
f 2832//2832 2833//2833 2834//2834
f 2828//2828 2833//2833 2831//2831
f 2828//2828 2831//2831 2829//2829
f 2834//2834 2827//2827 2830//2830
f 2834//2834 2830//2830 2832//2832
f 2834//2834 2833//2833 2827//2827
f 2827//2827 2833//2833 2828//2828
f 2835//2835 2836//2836 2837//2837
f 2835//2835 2837//2837 2838//2838
f 2838//2838 2837//2837 2839//2839
f 2838//2838 2839//2839 2840//2840
f 2839//2839 2841//2841 2842//2842
f 2840//2840 2839//2839 2842//2842
f 2842//2842 2841//2841 2836//2836
f 2842//2842 2836//2836 2835//2835
f 2837//2837 2836//2836 2841//2841
f 2837//2837 2841//2841 2839//2839
f 2835//2835 2838//2838 2840//2840
f 2835//2835 2840//2840 2842//2842
f 2843//2843 2844//2844 2845//2845
f 2846//2846 2843//2843 2845//2845
f 2847//2847 2846//2846 2845//2845
f 2848//2848 2845//2845 2849//2849
f 2848//2848 2847//2847 2845//2845
f 2850//2850 2851//2851 2852//2852
f 2850//2850 2853//2853 2851//2851
f 2854//2854 2848//2848 2849//2849
f 2855//2855 2850//2850 2856//2856
f 2857//2857 2854//2854 2849//2849
f 2857//2857 2858//2858 2854//2854
f 2857//2857 2859//2859 2858//2858
f 2857//2857 2860//2860 2859//2859
f 2861//2861 2862//2862 2863//2863
f 2861//2861 2855//2855 2862//2862
f 2864//2864 2855//2855 2861//2861
f 2864//2864 2850//2850 2855//2855
f 2865//2865 2866//2866 2857//2857
f 2867//2867 2853//2853 2850//2850
f 2867//2867 2865//2865 2857//2857
f 2867//2867 2857//2857 2849//2849
f 2867//2867 2868//2868 2853//2853
f 2867//2867 2849//2849 2868//2868
f 2867//2867 2869//2869 2865//2865
f 2870//2870 2871//2871 2872//2872
f 2870//2870 2873//2873 2871//2871
f 2870//2870 2874//2874 2873//2873
f 2875//2875 2876//2876 2867//2867
f 2875//2875 2877//2877 2876//2876
f 2878//2878 2879//2879 2880//2880
f 2878//2878 2870//2870 2879//2879
f 2881//2881 2875//2875 2867//2867
f 2881//2881 2882//2882 2875//2875
f 2881//2881 2883//2883 2882//2882
f 2884//2884 2885//2885 2881//2881
f 2886//2886 2887//2887 2888//2888
f 2886//2886 2878//2878 2887//2887
f 2886//2886 2874//2874 2870//2870
f 2886//2886 2870//2870 2878//2878
f 2889//2889 2884//2884 2881//2881
f 2890//2890 2889//2889 2881//2881
f 2891//2891 2892//2892 2893//2893
f 2891//2891 2894//2894 2892//2892
f 2891//2891 2886//2886 2894//2894
f 2895//2895 2896//2896 2890//2890
f 2895//2895 2897//2897 2896//2896
f 2895//2895 2890//2890 2881//2881
f 2898//2898 2899//2899 2900//2900
f 2898//2898 2901//2901 2899//2899
f 2902//2902 2903//2903 2904//2904
f 2905//2905 2891//2891 2901//2901
f 2905//2905 2901//2901 2898//2898
f 2906//2906 2902//2902 2904//2904
f 2907//2907 2905//2905 2908//2908
f 2909//2909 2910//2910 2906//2906
f 2911//2911 2912//2912 2895//2895
f 2911//2911 2904//2904 2912//2912
f 2911//2911 2909//2909 2906//2906
f 2911//2911 2906//2906 2904//2904
f 2913//2913 2907//2907 2914//2914
f 2913//2913 2905//2905 2907//2907
f 2915//2915 2916//2916 2911//2911
f 2917//2917 2913//2913 2918//2918
f 2919//2919 2913//2913 2917//2917
f 2919//2919 2891//2891 2905//2905
f 2919//2919 2850//2850 2864//2864
f 2919//2919 2905//2905 2913//2913
f 2919//2919 2864//2864 2874//2874
f 2919//2919 2874//2874 2886//2886
f 2919//2919 2886//2886 2891//2891
f 2920//2920 2895//2895 2881//2881
f 2920//2920 2921//2921 2915//2915
f 2920//2920 2911//2911 2895//2895
f 2920//2920 2915//2915 2911//2911
f 2922//2922 2919//2919 2923//2923
f 2924//2924 2850//2850 2919//2919
f 2924//2924 2867//2867 2850//2850
f 2924//2924 2919//2919 2922//2922
f 2925//2925 2926//2926 2920//2920
f 2925//2925 2927//2927 2926//2926
f 2928//2928 2925//2925 2920//2920
f 2929//2929 2928//2928 2920//2920
f 2930//2930 2867//2867 2924//2924
f 2930//2930 2931//2931 2932//2932
f 2930//2930 2924//2924 2931//2931
f 2933//2933 2934//2934 2929//2929
f 2933//2933 2929//2929 2920//2920
f 2935//2935 2936//2936 2937//2937
f 2935//2935 2938//2938 2936//2936
f 2939//2939 2930//2930 2938//2938
f 2939//2939 2938//2938 2935//2935
f 2940//2940 2941//2941 2933//2933
f 2940//2940 2942//2942 2941//2941
f 2940//2940 2943//2943 2942//2942
f 2944//2944 2930//2930 2939//2939
f 2945//2945 2940//2940 2933//2933
f 2946//2946 2930//2930 2944//2944
f 2947//2947 2948//2948 2945//2945
f 2947//2947 2949//2949 2948//2948
f 2950//2950 2951//2951 2952//2952
f 2950//2950 2946//2946 2951//2951
f 2953//2953 2950//2950 2954//2954
f 2953//2953 2946//2946 2950//2950
f 2953//2953 2930//2930 2946//2946
f 2955//2955 2956//2956 2947//2947
f 2955//2955 2957//2957 2956//2956
f 2958//2958 2947//2947 2945//2945
f 2958//2958 2955//2955 2947//2947
f 2958//2958 2945//2945 2933//2933
f 2959//2959 2953//2953 2960//2960
f 2961//2961 2930//2930 2953//2953
f 2961//2961 2953//2953 2959//2959
f 2962//2962 2961//2961 2963//2963
f 2962//2962 2930//2930 2961//2961
f 2964//2964 2965//2965 2966//2966
f 2964//2964 2967//2967 2965//2965
f 2968//2968 2930//2930 2962//2962
f 2969//2969 2964//2964 2966//2966
f 2969//2969 2966//2966 2958//2958
f 2970//2970 2969//2969 2958//2958
f 2970//2970 2971//2971 2969//2969
f 2972//2972 2973//2973 2974//2974
f 2975//2975 2968//2968 2973//2973
f 2975//2975 2930//2930 2968//2968
f 2975//2975 2973//2973 2972//2972
f 2976//2976 2977//2977 2970//2970
f 2976//2976 2978//2978 2977//2977
f 2976//2976 2979//2979 2978//2978
f 2980//2980 2981//2981 2982//2982
f 2980//2980 2975//2975 2981//2981
f 2980//2980 2930//2930 2975//2975
f 2983//2983 2980//2980 2984//2984
f 2985//2985 2980//2980 2983//2983
f 2986//2986 2987//2987 2988//2988
f 2989//2989 2990//2990 2991//2991
f 2992//2992 2993//2993 2976//2976
f 2992//2992 2994//2994 2993//2993
f 2992//2992 2988//2988 2994//2994
f 2992//2992 2995//2995 2986//2986
f 2992//2992 2976//2976 2970//2970
f 2992//2992 2986//2986 2988//2988
f 2996//2996 2930//2930 2980//2980
f 2996//2996 2920//2920 2881//2881
f 2996//2996 2990//2990 2989//2989
f 2996//2996 2933//2933 2920//2920
f 2996//2996 2867//2867 2930//2930
f 2996//2996 2881//2881 2867//2867
f 2996//2996 2980//2980 2985//2985
f 2996//2996 2985//2985 2990//2990
f 2997//2997 2992//2992 2970//2970
f 2998//2998 2999//2999 3000//3000
f 3001//3001 3002//3002 3003//3003
f 3001//3001 3004//3004 3002//3002
f 3001//3001 2996//2996 3004//3004
f 3001//3001 2933//2933 2996//2996
f 3005//3005 2998//2998 3000//3000
f 3005//3005 3000//3000 2997//2997
f 3006//3006 3005//3005 2997//2997
f 3006//3006 3007//3007 3005//3005
f 3008//3008 3009//3009 3010//3010
f 3008//3008 3011//3011 3009//3009
f 3008//3008 3001//3001 3011//3011
f 3012//3012 3013//3013 3006//3006
f 3014//3014 3006//3006 2997//2997
f 3014//3014 3012//3012 3006//3006
f 3015//3015 3008//3008 3016//3016
f 3017//3017 3008//3008 3015//3015
f 3017//3017 3001//3001 3008//3008
f 3018//3018 3014//3014 2997//2997
f 3018//3018 3019//3019 3014//3014
f 3020//3020 3001//3001 3017//3017
f 3020//3020 3017//3017 3021//3021
f 3022//3022 2997//2997 2970//2970
f 3022//3022 3018//3018 2997//2997
f 3022//3022 2958//2958 2933//2933
f 3022//3022 2970//2970 2958//2958
f 3022//3022 3023//3023 3018//3018
f 3024//3024 3020//3020 3025//3025
f 3026//3026 2933//2933 3001//3001
f 3026//3026 3020//3020 3024//3024
f 3026//3026 3001//3001 3020//3020
f 3026//3026 3022//3022 2933//2933
f 3027//3027 3028//3028 3029//3029
f 3030//3030 3029//3029 3022//3022
f 3030//3030 3027//3027 3029//3029
f 3031//3031 3030//3030 3022//3022
f 3032//3032 3033//3033 3034//3034
f 3035//3035 3031//3031 3022//3022
f 3036//3036 3022//3022 3026//3026
f 3036//3036 3035//3035 3022//3022
f 3036//3036 3026//3026 3033//3033
f 3036//3036 3033//3033 3032//3032
f 3037//3037 2890//2890 2896//2896
f 3037//3037 3038//3038 2890//2890
f 3039//3039 2896//2896 2897//2897
f 3039//3039 3037//3037 2896//2896
f 3040//3040 2897//2897 2895//2895
f 3040//3040 3039//3039 2897//2897
f 3041//3041 2895//2895 2912//2912
f 3041//3041 3040//3040 2895//2895
f 3042//3042 2912//2912 2904//2904
f 3042//3042 2904//2904 2903//2903
f 3042//3042 3041//3041 2912//2912
f 3043//3043 3042//3042 2903//2903
f 3044//3044 2903//2903 2902//2902
f 3044//3044 2902//2902 2906//2906
f 3044//3044 3043//3043 2903//2903
f 3045//3045 3044//3044 2906//2906
f 3046//3046 2906//2906 2910//2910
f 3046//3046 3045//3045 2906//2906
f 3047//3047 2910//2910 2909//2909
f 3047//3047 3046//3046 2910//2910
f 3048//3048 2909//2909 2911//2911
f 3048//3048 3047//3047 2909//2909
f 3049//3049 2911//2911 2916//2916
f 3049//3049 2916//2916 2915//2915
f 3049//3049 3048//3048 2911//2911
f 3050//3050 3049//3049 2915//2915
f 3051//3051 2915//2915 2921//2921
f 3051//3051 3050//3050 2915//2915
f 3052//3052 2921//2921 2920//2920
f 3052//3052 2920//2920 2926//2926
f 3052//3052 3051//3051 2921//2921
f 3053//3053 3052//3052 2926//2926
f 3054//3054 2926//2926 2927//2927
f 3054//3054 3053//3053 2926//2926
f 3055//3055 2927//2927 2925//2925
f 3055//3055 3054//3054 2927//2927
f 3056//3056 2925//2925 2928//2928
f 3056//3056 3055//3055 2925//2925
f 3057//3057 2928//2928 2929//2929
f 3057//3057 3056//3056 2928//2928
f 3058//3058 2929//2929 2934//2934
f 3058//3058 2934//2934 2933//2933
f 3058//3058 3057//3057 2929//2929
f 3059//3059 3058//3058 2933//2933
f 3060//3060 2933//2933 2941//2941
f 3060//3060 3059//3059 2933//2933
f 3061//3061 2941//2941 2942//2942
f 3061//3061 3060//3060 2941//2941
f 3062//3062 2942//2942 2943//2943
f 3062//3062 2943//2943 2940//2940
f 3062//3062 3061//3061 2942//2942
f 3063//3063 3062//3062 2940//2940
f 3064//3064 2940//2940 2945//2945
f 3064//3064 3063//3063 2940//2940
f 3065//3065 3064//3064 2945//2945
f 3065//3065 2945//2945 2948//2948
f 3066//3066 3065//3065 2948//2948
f 3066//3066 2948//2948 2949//2949
f 3067//3067 3066//3066 2949//2949
f 3067//3067 2949//2949 2947//2947
f 3068//3068 3067//3067 2947//2947
f 3068//3068 2947//2947 2956//2956
f 3069//3069 3068//3068 2956//2956
f 3069//3069 2956//2956 2957//2957
f 3069//3069 2957//2957 2955//2955
f 3070//3070 3069//3069 2955//2955
f 3071//3071 3070//3070 2955//2955
f 3071//3071 2955//2955 2958//2958
f 3072//3072 3071//3071 2958//2958
f 3072//3072 2958//2958 2966//2966
f 3072//3072 2966//2966 2965//2965
f 3073//3073 3072//3072 2965//2965
f 3074//3074 2965//2965 2967//2967
f 3074//3074 2967//2967 2964//2964
f 3074//3074 3073//3073 2965//2965
f 3075//3075 3074//3074 2964//2964
f 3076//3076 2964//2964 2969//2969
f 3076//3076 3075//3075 2964//2964
f 3077//3077 2969//2969 2971//2971
f 3077//3077 3076//3076 2969//2969
f 3078//3078 2971//2971 2970//2970
f 3078//3078 3077//3077 2971//2971
f 3079//3079 2970//2970 2977//2977
f 3079//3079 3078//3078 2970//2970
f 3080//3080 2977//2977 2978//2978
f 3080//3080 2978//2978 2979//2979
f 3080//3080 3079//3079 2977//2977
f 3081//3081 3080//3080 2979//2979
f 3082//3082 2979//2979 2976//2976
f 3082//3082 3081//3081 2979//2979
f 3083//3083 2976//2976 2993//2993
f 3083//3083 3082//3082 2976//2976
f 3084//3084 2993//2993 2994//2994
f 3084//3084 3083//3083 2993//2993
f 3085//3085 2994//2994 2988//2988
f 3085//3085 3084//3084 2994//2994
f 3086//3086 2988//2988 2987//2987
f 3086//3086 3085//3085 2988//2988
f 3087//3087 2987//2987 2986//2986
f 3087//3087 3086//3086 2987//2987
f 3088//3088 2986//2986 2995//2995
f 3088//3088 3087//3087 2986//2986
f 3089//3089 2995//2995 2992//2992
f 3089//3089 3088//3088 2995//2995
f 3090//3090 2992//2992 2997//2997
f 3090//3090 3089//3089 2992//2992
f 3091//3091 3090//3090 2997//2997
f 3091//3091 2997//2997 3000//3000
f 3092//3092 3091//3091 3000//3000
f 3092//3092 3000//3000 2999//2999
f 3093//3093 3092//3092 2999//2999
f 3093//3093 2999//2999 2998//2998
f 3094//3094 3093//3093 2998//2998
f 3094//3094 2998//2998 3005//3005
f 3095//3095 3094//3094 3005//3005
f 3095//3095 3005//3005 3007//3007
f 3096//3096 3095//3095 3007//3007
f 3096//3096 3007//3007 3006//3006
f 3097//3097 3096//3096 3006//3006
f 3097//3097 3006//3006 3013//3013
f 3097//3097 3013//3013 3012//3012
f 3098//3098 3097//3097 3012//3012
f 3099//3099 3098//3098 3012//3012
f 3099//3099 3012//3012 3014//3014
f 3100//3100 3099//3099 3014//3014
f 3100//3100 3014//3014 3019//3019
f 3101//3101 3100//3100 3019//3019
f 3101//3101 3019//3019 3018//3018
f 3102//3102 3101//3101 3018//3018
f 3102//3102 3018//3018 3023//3023
f 3103//3103 3102//3102 3023//3023
f 3103//3103 3023//3023 3022//3022
f 3104//3104 3103//3103 3022//3022
f 3104//3104 3022//3022 3029//3029
f 3105//3105 3104//3104 3029//3029
f 3105//3105 3029//3029 3028//3028
f 3106//3106 3105//3105 3028//3028
f 3106//3106 3028//3028 3027//3027
f 3107//3107 3027//3027 3030//3030
f 3107//3107 3106//3106 3027//3027
f 3108//3108 3030//3030 3031//3031
f 3108//3108 3031//3031 3035//3035
f 3108//3108 3107//3107 3030//3030
f 3109//3109 3108//3108 3035//3035
f 3110//3110 3035//3035 3036//3036
f 3110//3110 3109//3109 3035//3035
f 3111//3111 3036//3036 3032//3032
f 3111//3111 3032//3032 3034//3034
f 3111//3111 3110//3110 3036//3036
f 3112//3112 3111//3111 3034//3034
f 3113//3113 3034//3034 3033//3033
f 3113//3113 3112//3112 3034//3034
f 3114//3114 3033//3033 3026//3026
f 3114//3114 3113//3113 3033//3033
f 3115//3115 3026//3026 3024//3024
f 3115//3115 3024//3024 3025//3025
f 3115//3115 3114//3114 3026//3026
f 3116//3116 3115//3115 3025//3025
f 3117//3117 3116//3116 3025//3025
f 3117//3117 3025//3025 3020//3020
f 3118//3118 3117//3117 3020//3020
f 3118//3118 3020//3020 3021//3021
f 3119//3119 3118//3118 3021//3021
f 3119//3119 3021//3021 3017//3017
f 3120//3120 3119//3119 3017//3017
f 3120//3120 3017//3017 3015//3015
f 3120//3120 3015//3015 3016//3016
f 3121//3121 3120//3120 3016//3016
f 3121//3121 3016//3016 3008//3008
f 3122//3122 3121//3121 3008//3008
f 3123//3123 3122//3122 3008//3008
f 3123//3123 3008//3008 3010//3010
f 3123//3123 3010//3010 3009//3009
f 3124//3124 3123//3123 3009//3009
f 3125//3125 3124//3124 3009//3009
f 3125//3125 3009//3009 3011//3011
f 3126//3126 3125//3125 3011//3011
f 3126//3126 3011//3011 3001//3001
f 3126//3126 3001//3001 3003//3003
f 3127//3127 3126//3126 3003//3003
f 3127//3127 3003//3003 3002//3002
f 3128//3128 3127//3127 3002//3002
f 3129//3129 3128//3128 3002//3002
f 3129//3129 3002//3002 3004//3004
f 3130//3130 3129//3129 3004//3004
f 3130//3130 3004//3004 2996//2996
f 3131//3131 3130//3130 2996//2996
f 3131//3131 2996//2996 2989//2989
f 3132//3132 3131//3131 2989//2989
f 3132//3132 2989//2989 2991//2991
f 3133//3133 3132//3132 2991//2991
f 3133//3133 2991//2991 2990//2990
f 3134//3134 3133//3133 2990//2990
f 3134//3134 2990//2990 2985//2985
f 3135//3135 3134//3134 2985//2985
f 3135//3135 2985//2985 2983//2983
f 3136//3136 3135//3135 2983//2983
f 3136//3136 2983//2983 2984//2984
f 3137//3137 2980//2980 2982//2982
f 3137//3137 3136//3136 2984//2984
f 3137//3137 2984//2984 2980//2980
f 3138//3138 3137//3137 2982//2982
f 3139//3139 2982//2982 2981//2981
f 3139//3139 3138//3138 2982//2982
f 3140//3140 2981//2981 2975//2975
f 3140//3140 2975//2975 2972//2972
f 3140//3140 3139//3139 2981//2981
f 3141//3141 3140//3140 2972//2972
f 3142//3142 2972//2972 2974//2974
f 3142//3142 3141//3141 2972//2972
f 3142//3142 2974//2974 2973//2973
f 3143//3143 2973//2973 2968//2968
f 3143//3143 3142//3142 2973//2973
f 3144//3144 3143//3143 2968//2968
f 3145//3145 2968//2968 2962//2962
f 3145//3145 3144//3144 2968//2968
f 3146//3146 2962//2962 2963//2963
f 3146//3146 3145//3145 2962//2962
f 3147//3147 2963//2963 2961//2961
f 3147//3147 3146//3146 2963//2963
f 3148//3148 2961//2961 2959//2959
f 3148//3148 3147//3147 2961//2961
f 3149//3149 2959//2959 2960//2960
f 3149//3149 3148//3148 2959//2959
f 3150//3150 2960//2960 2953//2953
f 3150//3150 3149//3149 2960//2960
f 3151//3151 2953//2953 2954//2954
f 3151//3151 3150//3150 2953//2953
f 3152//3152 2954//2954 2950//2950
f 3152//3152 3151//3151 2954//2954
f 3153//3153 2950//2950 2952//2952
f 3153//3153 3152//3152 2950//2950
f 3154//3154 2952//2952 2951//2951
f 3154//3154 3153//3153 2952//2952
f 3155//3155 2951//2951 2946//2946
f 3155//3155 2946//2946 2944//2944
f 3155//3155 3154//3154 2951//2951
f 3156//3156 3155//3155 2944//2944
f 3157//3157 2944//2944 2939//2939
f 3157//3157 2939//2939 2935//2935
f 3157//3157 3156//3156 2944//2944
f 3158//3158 3157//3157 2935//2935
f 3159//3159 2935//2935 2937//2937
f 3159//3159 3158//3158 2935//2935
f 3160//3160 2937//2937 2936//2936
f 3160//3160 3159//3159 2937//2937
f 3161//3161 2936//2936 2938//2938
f 3161//3161 3160//3160 2936//2936
f 3162//3162 2938//2938 2930//2930
f 3162//3162 3161//3161 2938//2938
f 3163//3163 2930//2930 2932//2932
f 3163//3163 3162//3162 2930//2930
f 3164//3164 2932//2932 2931//2931
f 3164//3164 3163//3163 2932//2932
f 3165//3165 2931//2931 2924//2924
f 3165//3165 3164//3164 2931//2931
f 3166//3166 3165//3165 2924//2924
f 3166//3166 2924//2924 2922//2922
f 3167//3167 3166//3166 2922//2922
f 3167//3167 2922//2922 2923//2923
f 3168//3168 3167//3167 2923//2923
f 3168//3168 2923//2923 2919//2919
f 3169//3169 3168//3168 2919//2919
f 3169//3169 2919//2919 2917//2917
f 3170//3170 3169//3169 2917//2917
f 3170//3170 2917//2917 2918//2918
f 3171//3171 3170//3170 2918//2918
f 3171//3171 2918//2918 2913//2913
f 3172//3172 3171//3171 2913//2913
f 3172//3172 2913//2913 2914//2914
f 3173//3173 3172//3172 2914//2914
f 3173//3173 2914//2914 2907//2907
f 3174//3174 3173//3173 2907//2907
f 3174//3174 2907//2907 2908//2908
f 3174//3174 2908//2908 2905//2905
f 3175//3175 3174//3174 2905//2905
f 3176//3176 2905//2905 2898//2898
f 3176//3176 2898//2898 2900//2900
f 3176//3176 3175//3175 2905//2905
f 3177//3177 3176//3176 2900//2900
f 3178//3178 2900//2900 2899//2899
f 3178//3178 3177//3177 2900//2900
f 3179//3179 2899//2899 2901//2901
f 3179//3179 2901//2901 2891//2891
f 3179//3179 3178//3178 2899//2899
f 3180//3180 2891//2891 2893//2893
f 3180//3180 3179//3179 2891//2891
f 3181//3181 3180//3180 2893//2893
f 3182//3182 2893//2893 2892//2892
f 3182//3182 2892//2892 2894//2894
f 3182//3182 3181//3181 2893//2893
f 3183//3183 2894//2894 2886//2886
f 3183//3183 3182//3182 2894//2894
f 3184//3184 3183//3183 2886//2886
f 3185//3185 2886//2886 2888//2888
f 3185//3185 2888//2888 2887//2887
f 3185//3185 3184//3184 2886//2886
f 3186//3186 2887//2887 2878//2878
f 3186//3186 3185//3185 2887//2887
f 3187//3187 3186//3186 2878//2878
f 3188//3188 2878//2878 2880//2880
f 3188//3188 3187//3187 2878//2878
f 3189//3189 2880//2880 2879//2879
f 3189//3189 3188//3188 2880//2880
f 3190//3190 2879//2879 2870//2870
f 3190//3190 2870//2870 2872//2872
f 3190//3190 3189//3189 2879//2879
f 3191//3191 2872//2872 2871//2871
f 3191//3191 3190//3190 2872//2872
f 3192//3192 3191//3191 2871//2871
f 3193//3193 3192//3192 2871//2871
f 3193//3193 2871//2871 2873//2873
f 3194//3194 3193//3193 2873//2873
f 3194//3194 2873//2873 2874//2874
f 3194//3194 2874//2874 2864//2864
f 3195//3195 3194//3194 2864//2864
f 3196//3196 3195//3195 2864//2864
f 3196//3196 2864//2864 2861//2861
f 3196//3196 2861//2861 2863//2863
f 3197//3197 3196//3196 2863//2863
f 3197//3197 2863//2863 2862//2862
f 3198//3198 3197//3197 2862//2862
f 3198//3198 2862//2862 2855//2855
f 3199//3199 3198//3198 2855//2855
f 3200//3200 3199//3199 2855//2855
f 3200//3200 2855//2855 2856//2856
f 3200//3200 2856//2856 2850//2850
f 3201//3201 3200//3200 2850//2850
f 3202//3202 3201//3201 2850//2850
f 3202//3202 2850//2850 2852//2852
f 3203//3203 3202//3202 2852//2852
f 3203//3203 2852//2852 2851//2851
f 3203//3203 2851//2851 2853//2853
f 3204//3204 3203//3203 2853//2853
f 3204//3204 2853//2853 2868//2868
f 3205//3205 3204//3204 2868//2868
f 3205//3205 2868//2868 2849//2849
f 3206//3206 3205//3205 2849//2849
f 3207//3207 3206//3206 2849//2849
f 3207//3207 2849//2849 2845//2845
f 3207//3207 2845//2845 2844//2844
f 3208//3208 3207//3207 2844//2844
f 3209//3209 2844//2844 2843//2843
f 3209//3209 3208//3208 2844//2844
f 3210//3210 2843//2843 2846//2846
f 3210//3210 3209//3209 2843//2843
f 3210//3210 2846//2846 2847//2847
f 3211//3211 3210//3210 2847//2847
f 3212//3212 2847//2847 2848//2848
f 3212//3212 3211//3211 2847//2847
f 3213//3213 2848//2848 2854//2854
f 3213//3213 3212//3212 2848//2848
f 3214//3214 2854//2854 2858//2858
f 3214//3214 3213//3213 2854//2854
f 3215//3215 2858//2858 2859//2859
f 3215//3215 2859//2859 2860//2860
f 3215//3215 3214//3214 2858//2858
f 3216//3216 3215//3215 2860//2860
f 3217//3217 3216//3216 2860//2860
f 3217//3217 2860//2860 2857//2857
f 3217//3217 2857//2857 2866//2866
f 3218//3218 3217//3217 2866//2866
f 3219//3219 3218//3218 2866//2866
f 3219//3219 2866//2866 2865//2865
f 3219//3219 2865//2865 2869//2869
f 3220//3220 3219//3219 2869//2869
f 3221//3221 3220//3220 2869//2869
f 3221//3221 2869//2869 2867//2867
f 3222//3222 3221//3221 2867//2867
f 3222//3222 2867//2867 2876//2876
f 3222//3222 2876//2876 2877//2877
f 3223//3223 3222//3222 2877//2877
f 3224//3224 3223//3223 2877//2877
f 3224//3224 2877//2877 2875//2875
f 3225//3225 3224//3224 2875//2875
f 3225//3225 2875//2875 2882//2882
f 3226//3226 3225//3225 2882//2882
f 3226//3226 2882//2882 2883//2883
f 3227//3227 3226//3226 2883//2883
f 3227//3227 2883//2883 2881//2881
f 3227//3227 2881//2881 2885//2885
f 3228//3228 3227//3227 2885//2885
f 3228//3228 2885//2885 2884//2884
f 3229//3229 3228//3228 2884//2884
f 3230//3230 3229//3229 2884//2884
f 3230//3230 2884//2884 2889//2889
f 3230//3230 2889//2889 2890//2890
f 3038//3038 3230//3230 2890//2890
f 3231//3231 3157//3157 3158//3158
f 3231//3231 3158//3158 3159//3159
f 3232//3232 3231//3231 3159//3159
f 3232//3232 3159//3159 3160//3160
f 3233//3233 3157//3157 3231//3231
f 3233//3233 3156//3156 3157//3157
f 3234//3234 3160//3160 3161//3161
f 3234//3234 3232//3232 3160//3160
f 3235//3235 3155//3155 3156//3156
f 3235//3235 3156//3156 3233//3233
f 3236//3236 3161//3161 3162//3162
f 3236//3236 3234//3234 3161//3161
f 3237//3237 3154//3154 3155//3155
f 3237//3237 3155//3155 3235//3235
f 3238//3238 3162//3162 3163//3163
f 3238//3238 3236//3236 3162//3162
f 3239//3239 3154//3154 3237//3237
f 3239//3239 3153//3153 3154//3154
f 3240//3240 3163//3163 3164//3164
f 3240//3240 3238//3238 3163//3163
f 3241//3241 3152//3152 3153//3153
f 3241//3241 3153//3153 3239//3239
f 3242//3242 3164//3164 3165//3165
f 3242//3242 3240//3240 3164//3164
f 3243//3243 3151//3151 3152//3152
f 3243//3243 3152//3152 3241//3241
f 3244//3244 3165//3165 3166//3166
f 3244//3244 3166//3166 3167//3167
f 3244//3244 3242//3242 3165//3165
f 3245//3245 3149//3149 3150//3150
f 3245//3245 3150//3150 3151//3151
f 3245//3245 3151//3151 3243//3243
f 3246//3246 3167//3167 3168//3168
f 3246//3246 3244//3244 3167//3167
f 3247//3247 3148//3148 3149//3149
f 3247//3247 3149//3149 3245//3245
f 3248//3248 3168//3168 3169//3169
f 3248//3248 3246//3246 3168//3168
f 3249//3249 3147//3147 3148//3148
f 3249//3249 3148//3148 3247//3247
f 3250//3250 3169//3169 3170//3170
f 3250//3250 3248//3248 3169//3169
f 3251//3251 3146//3146 3147//3147
f 3251//3251 3147//3147 3249//3249
f 3252//3252 3170//3170 3171//3171
f 3252//3252 3250//3250 3170//3170
f 3253//3253 3145//3145 3146//3146
f 3253//3253 3146//3146 3251//3251
f 3254//3254 3252//3252 3171//3171
f 3254//3254 3171//3171 3172//3172
f 3255//3255 3144//3144 3145//3145
f 3255//3255 3145//3145 3253//3253
f 3256//3256 3172//3172 3173//3173
f 3256//3256 3254//3254 3172//3172
f 3257//3257 3144//3144 3255//3255
f 3257//3257 3143//3143 3144//3144
f 3258//3258 3256//3256 3173//3173
f 3258//3258 3173//3173 3174//3174
f 3258//3258 3174//3174 3175//3175
f 3259//3259 3141//3141 3142//3142
f 3259//3259 3142//3142 3143//3143
f 3259//3259 3143//3143 3257//3257
f 3260//3260 3175//3175 3176//3176
f 3260//3260 3258//3258 3175//3175
f 3261//3261 3140//3140 3141//3141
f 3261//3261 3141//3141 3259//3259
f 3262//3262 3176//3176 3177//3177
f 3262//3262 3260//3260 3176//3176
f 3263//3263 3139//3139 3140//3140
f 3263//3263 3140//3140 3261//3261
f 3264//3264 3262//3262 3177//3177
f 3264//3264 3177//3177 3178//3178
f 3265//3265 3138//3138 3139//3139
f 3265//3265 3139//3139 3263//3263
f 3266//3266 3264//3264 3178//3178
f 3266//3266 3178//3178 3179//3179
f 3267//3267 3137//3137 3138//3138
f 3267//3267 3138//3138 3265//3265
f 3268//3268 3179//3179 3180//3180
f 3268//3268 3266//3266 3179//3179
f 3269//3269 3137//3137 3267//3267
f 3269//3269 3136//3136 3137//3137
f 3270//3270 3180//3180 3181//3181
f 3270//3270 3268//3268 3180//3180
f 3271//3271 3136//3136 3269//3269
f 3271//3271 3135//3135 3136//3136
f 3272//3272 3181//3181 3182//3182
f 3272//3272 3270//3270 3181//3181
f 3273//3273 3135//3135 3271//3271
f 3273//3273 3133//3133 3134//3134
f 3273//3273 3134//3134 3135//3135
f 3274//3274 3182//3182 3183//3183
f 3274//3274 3183//3183 3184//3184
f 3274//3274 3272//3272 3182//3182
f 3275//3275 3133//3133 3273//3273
f 3275//3275 3132//3132 3133//3133
f 3276//3276 3184//3184 3185//3185
f 3276//3276 3274//3274 3184//3184
f 3277//3277 3132//3132 3275//3275
f 3277//3277 3131//3131 3132//3132
f 3278//3278 3185//3185 3186//3186
f 3278//3278 3276//3276 3185//3185
f 3279//3279 3131//3131 3277//3277
f 3279//3279 3130//3130 3131//3131
f 3280//3280 3186//3186 3187//3187
f 3280//3280 3278//3278 3186//3186
f 3281//3281 3129//3129 3130//3130
f 3281//3281 3130//3130 3279//3279
f 3282//3282 3187//3187 3188//3188
f 3282//3282 3280//3280 3187//3187
f 3283//3283 3129//3129 3281//3281
f 3283//3283 3128//3128 3129//3129
f 3284//3284 3188//3188 3189//3189
f 3284//3284 3282//3282 3188//3188
f 3285//3285 3128//3128 3283//3283
f 3285//3285 3127//3127 3128//3128
f 3286//3286 3284//3284 3189//3189
f 3286//3286 3189//3189 3190//3190
f 3287//3287 3127//3127 3285//3285
f 3287//3287 3125//3125 3126//3126
f 3287//3287 3126//3126 3127//3127
f 3288//3288 3190//3190 3191//3191
f 3288//3288 3191//3191 3192//3192
f 3288//3288 3286//3286 3190//3190
f 3289//3289 3125//3125 3287//3287
f 3289//3289 3124//3124 3125//3125
f 3290//3290 3288//3288 3192//3192
f 3290//3290 3192//3192 3193//3193
f 3291//3291 3124//3124 3289//3289
f 3291//3291 3123//3123 3124//3124
f 3292//3292 3290//3290 3193//3193
f 3292//3292 3193//3193 3194//3194
f 3293//3293 3123//3123 3291//3291
f 3293//3293 3122//3122 3123//3123
f 3294//3294 3292//3292 3194//3194
f 3294//3294 3194//3194 3195//3195
f 3295//3295 3122//3122 3293//3293
f 3295//3295 3121//3121 3122//3122
f 3296//3296 3294//3294 3195//3195
f 3296//3296 3195//3195 3196//3196
f 3297//3297 3121//3121 3295//3295
f 3297//3297 3120//3120 3121//3121
f 3298//3298 3296//3296 3196//3196
f 3298//3298 3196//3196 3197//3197
f 3299//3299 3120//3120 3297//3297
f 3299//3299 3119//3119 3120//3120
f 3300//3300 3298//3298 3197//3197
f 3300//3300 3197//3197 3198//3198
f 3301//3301 3119//3119 3299//3299
f 3301//3301 3117//3117 3118//3118
f 3301//3301 3118//3118 3119//3119
f 3302//3302 3198//3198 3199//3199
f 3302//3302 3300//3300 3198//3198
f 3302//3302 3199//3199 3200//3200
f 3303//3303 3117//3117 3301//3301
f 3303//3303 3116//3116 3117//3117
f 3304//3304 3302//3302 3200//3200
f 3304//3304 3200//3200 3201//3201
f 3305//3305 3115//3115 3116//3116
f 3305//3305 3116//3116 3303//3303
f 3306//3306 3201//3201 3202//3202
f 3306//3306 3304//3304 3201//3201
f 3307//3307 3114//3114 3115//3115
f 3307//3307 3115//3115 3305//3305
f 3308//3308 3202//3202 3203//3203
f 3308//3308 3306//3306 3202//3202
f 3309//3309 3113//3113 3114//3114
f 3309//3309 3114//3114 3307//3307
f 3310//3310 3203//3203 3204//3204
f 3310//3310 3308//3308 3203//3203
f 3311//3311 3112//3112 3113//3113
f 3311//3311 3113//3113 3309//3309
f 3312//3312 3310//3310 3204//3204
f 3312//3312 3204//3204 3205//3205
f 3313//3313 3112//3112 3311//3311
f 3313//3313 3111//3111 3112//3112
f 3314//3314 3312//3312 3205//3205
f 3314//3314 3205//3205 3206//3206
f 3315//3315 3111//3111 3313//3313
f 3315//3315 3110//3110 3111//3111
f 3316//3316 3314//3314 3206//3206
f 3207//3207 3316//3316 3206//3206
f 3109//3109 3110//3110 3315//3315
f 3109//3109 3315//3315 3317//3317
f 3208//3208 3316//3316 3207//3207
f 3208//3208 3318//3318 3316//3316
f 3108//3108 3109//3109 3317//3317
f 3108//3108 3317//3317 3319//3319
f 3209//3209 3318//3318 3208//3208
f 3209//3209 3320//3320 3318//3318
f 3107//3107 3108//3108 3319//3319
f 3107//3107 3319//3319 3321//3321
f 3210//3210 3322//3322 3320//3320
f 3210//3210 3320//3320 3209//3209
f 3106//3106 3107//3107 3321//3321
f 3106//3106 3321//3321 3323//3323
f 3211//3211 3324//3324 3322//3322
f 3211//3211 3322//3322 3210//3210
f 3105//3105 3323//3323 3325//3325
f 3105//3105 3106//3106 3323//3323
f 3212//3212 3326//3326 3324//3324
f 3212//3212 3324//3324 3211//3211
f 3104//3104 3325//3325 3327//3327
f 3104//3104 3105//3105 3325//3325
f 3213//3213 3328//3328 3326//3326
f 3213//3213 3326//3326 3212//3212
f 3103//3103 3327//3327 3329//3329
f 3103//3103 3104//3104 3327//3327
f 3214//3214 3330//3330 3328//3328
f 3214//3214 3328//3328 3213//3213
f 3102//3102 3103//3103 3329//3329
f 3215//3215 3330//3330 3214//3214
f 3101//3101 3329//3329 3331//3331
f 3101//3101 3102//3102 3329//3329
f 3216//3216 3332//3332 3330//3330
f 3216//3216 3330//3330 3215//3215
f 3100//3100 3331//3331 3333//3333
f 3100//3100 3101//3101 3331//3331
f 3217//3217 3334//3334 3332//3332
f 3217//3217 3332//3332 3216//3216
f 3099//3099 3100//3100 3333//3333
f 3099//3099 3333//3333 3335//3335
f 3218//3218 3334//3334 3217//3217
f 3218//3218 3336//3336 3334//3334
f 3098//3098 3099//3099 3335//3335
f 3098//3098 3335//3335 3337//3337
f 3219//3219 3336//3336 3218//3218
f 3219//3219 3338//3338 3336//3336
f 3097//3097 3098//3098 3337//3337
f 3097//3097 3337//3337 3339//3339
f 3220//3220 3338//3338 3219//3219
f 3220//3220 3340//3340 3338//3338
f 3096//3096 3097//3097 3339//3339
f 3096//3096 3339//3339 3341//3341
f 3221//3221 3340//3340 3220//3220
f 3221//3221 3342//3342 3340//3340
f 3095//3095 3341//3341 3343//3343
f 3095//3095 3096//3096 3341//3341
f 3222//3222 3342//3342 3221//3221
f 3222//3222 3344//3344 3342//3342
f 3094//3094 3095//3095 3343//3343
f 3223//3223 3344//3344 3222//3222
f 3093//3093 3343//3343 3345//3345
f 3093//3093 3094//3094 3343//3343
f 3224//3224 3344//3344 3223//3223
f 3224//3224 3346//3346 3344//3344
f 3092//3092 3345//3345 3347//3347
f 3092//3092 3093//3093 3345//3345
f 3225//3225 3348//3348 3346//3346
f 3225//3225 3346//3346 3224//3224
f 3091//3091 3092//3092 3347//3347
f 3091//3091 3347//3347 3349//3349
f 3226//3226 3350//3350 3348//3348
f 3226//3226 3348//3348 3225//3225
f 3090//3090 3349//3349 3351//3351
f 3090//3090 3091//3091 3349//3349
f 3227//3227 3352//3352 3350//3350
f 3227//3227 3350//3350 3226//3226
f 3089//3089 3090//3090 3351//3351
f 3089//3089 3351//3351 3353//3353
f 3228//3228 3354//3354 3352//3352
f 3228//3228 3352//3352 3227//3227
f 3088//3088 3089//3089 3353//3353
f 3088//3088 3353//3353 3355//3355
f 3229//3229 3356//3356 3354//3354
f 3229//3229 3354//3354 3228//3228
f 3087//3087 3088//3088 3355//3355
f 3087//3087 3355//3355 3357//3357
f 3230//3230 3358//3358 3356//3356
f 3230//3230 3356//3356 3229//3229
f 3086//3086 3087//3087 3357//3357
f 3038//3038 3358//3358 3230//3230
f 3085//3085 3086//3086 3357//3357
f 3085//3085 3357//3357 3359//3359
f 3037//3037 3358//3358 3038//3038
f 3037//3037 3360//3360 3358//3358
f 3084//3084 3359//3359 3361//3361
f 3084//3084 3085//3085 3359//3359
f 3039//3039 3360//3360 3037//3037
f 3039//3039 3362//3362 3360//3360
f 3083//3083 3361//3361 3363//3363
f 3083//3083 3084//3084 3361//3361
f 3040//3040 3362//3362 3039//3039
f 3040//3040 3364//3364 3362//3362
f 3082//3082 3363//3363 3365//3365
f 3082//3082 3083//3083 3363//3363
f 3041//3041 3364//3364 3040//3040
f 3041//3041 3366//3366 3364//3364
f 3081//3081 3365//3365 3367//3367
f 3081//3081 3082//3082 3365//3365
f 3042//3042 3366//3366 3041//3041
f 3042//3042 3368//3368 3366//3366
f 3080//3080 3081//3081 3367//3367
f 3080//3080 3367//3367 3369//3369
f 3043//3043 3368//3368 3042//3042
f 3043//3043 3370//3370 3368//3368
f 3079//3079 3080//3080 3369//3369
f 3079//3079 3369//3369 3371//3371
f 3044//3044 3370//3370 3043//3043
f 3044//3044 3372//3372 3370//3370
f 3078//3078 3079//3079 3371//3371
f 3078//3078 3371//3371 3373//3373
f 3045//3045 3372//3372 3044//3044
f 3077//3077 3078//3078 3373//3373
f 3046//3046 3374//3374 3372//3372
f 3046//3046 3372//3372 3045//3045
f 3076//3076 3373//3373 3375//3375
f 3076//3076 3077//3077 3373//3373
f 3047//3047 3376//3376 3374//3374
f 3047//3047 3374//3374 3046//3046
f 3075//3075 3076//3076 3375//3375
f 3075//3075 3375//3375 3377//3377
f 3048//3048 3378//3378 3376//3376
f 3048//3048 3376//3376 3047//3047
f 3074//3074 3075//3075 3377//3377
f 3074//3074 3377//3377 3379//3379
f 3049//3049 3380//3380 3378//3378
f 3049//3049 3378//3378 3048//3048
f 3073//3073 3074//3074 3379//3379
f 3073//3073 3379//3379 3381//3381
f 3050//3050 3382//3382 3380//3380
f 3050//3050 3380//3380 3049//3049
f 3072//3072 3381//3381 3383//3383
f 3072//3072 3073//3073 3381//3381
f 3051//3051 3384//3384 3382//3382
f 3051//3051 3382//3382 3050//3050
f 3071//3071 3383//3383 3385//3385
f 3071//3071 3072//3072 3383//3383
f 3052//3052 3386//3386 3384//3384
f 3052//3052 3384//3384 3051//3051
f 3070//3070 3385//3385 3387//3387
f 3070//3070 3071//3071 3385//3385
f 3053//3053 3386//3386 3052//3052
f 3069//3069 3070//3070 3387//3387
f 3054//3054 3388//3388 3386//3386
f 3054//3054 3386//3386 3053//3053
f 3068//3068 3387//3387 3389//3389
f 3068//3068 3069//3069 3387//3387
f 3055//3055 3390//3390 3388//3388
f 3055//3055 3388//3388 3054//3054
f 3067//3067 3068//3068 3389//3389
f 3067//3067 3389//3389 3391//3391
f 3056//3056 3392//3392 3390//3390
f 3056//3056 3390//3390 3055//3055
f 3066//3066 3391//3391 3393//3393
f 3066//3066 3067//3067 3391//3391
f 3057//3057 3394//3394 3392//3392
f 3057//3057 3392//3392 3056//3056
f 3065//3065 3393//3393 3395//3395
f 3065//3065 3066//3066 3393//3393
f 3058//3058 3396//3396 3394//3394
f 3058//3058 3394//3394 3057//3057
f 3064//3064 3395//3395 3397//3397
f 3064//3064 3065//3065 3395//3395
f 3059//3059 3398//3398 3396//3396
f 3059//3059 3396//3396 3058//3058
f 3063//3063 3397//3397 3399//3399
f 3063//3063 3064//3064 3397//3397
f 3060//3060 3400//3400 3398//3398
f 3060//3060 3398//3398 3059//3059
f 3062//3062 3399//3399 3400//3400
f 3062//3062 3063//3063 3399//3399
f 3061//3061 3062//3062 3400//3400
f 3061//3061 3400//3400 3060//3060
f 3401//3401 3358//3358 3360//3360
f 3401//3401 3402//3402 3358//3358
f 3403//3403 3360//3360 3362//3362
f 3403//3403 3401//3401 3360//3360
f 3404//3404 3362//3362 3364//3364
f 3404//3404 3403//3403 3362//3362
f 3405//3405 3364//3364 3366//3366
f 3405//3405 3404//3404 3364//3364
f 3406//3406 3366//3366 3368//3368
f 3406//3406 3405//3405 3366//3366
f 3407//3407 3368//3368 3370//3370
f 3407//3407 3370//3370 3372//3372
f 3407//3407 3406//3406 3368//3368
f 3408//3408 3407//3407 3372//3372
f 3409//3409 3372//3372 3374//3374
f 3409//3409 3374//3374 3376//3376
f 3409//3409 3408//3408 3372//3372
f 3410//3410 3409//3409 3376//3376
f 3411//3411 3376//3376 3378//3378
f 3411//3411 3378//3378 3380//3380
f 3411//3411 3410//3410 3376//3376
f 3412//3412 3411//3411 3380//3380
f 3413//3413 3380//3380 3382//3382
f 3413//3413 3382//3382 3384//3384
f 3413//3413 3412//3412 3380//3380
f 3414//3414 3413//3413 3384//3384
f 3415//3415 3384//3384 3386//3386
f 3415//3415 3414//3414 3384//3384
f 3416//3416 3415//3415 3386//3386
f 3416//3416 3386//3386 3388//3388
f 3417//3417 3416//3416 3388//3388
f 3417//3417 3388//3388 3390//3390
f 3418//3418 3417//3417 3390//3390
f 3418//3418 3390//3390 3392//3392
f 3418//3418 3392//3392 3394//3394
f 3419//3419 3418//3418 3394//3394
f 3420//3420 3419//3419 3394//3394
f 3420//3420 3394//3394 3396//3396
f 3421//3421 3396//3396 3398//3398
f 3421//3421 3420//3420 3396//3396
f 3422//3422 3421//3421 3398//3398
f 3422//3422 3398//3398 3400//3400
f 3423//3423 3400//3400 3399//3399
f 3423//3423 3422//3422 3400//3400
f 3424//3424 3399//3399 3397//3397
f 3424//3424 3423//3423 3399//3399
f 3425//3425 3397//3397 3395//3395
f 3425//3425 3424//3424 3397//3397
f 3426//3426 3395//3395 3393//3393
f 3426//3426 3425//3425 3395//3395
f 3427//3427 3393//3393 3391//3391
f 3427//3427 3426//3426 3393//3393
f 3428//3428 3391//3391 3389//3389
f 3428//3428 3389//3389 3387//3387
f 3428//3428 3427//3427 3391//3391
f 3429//3429 3428//3428 3387//3387
f 3430//3430 3387//3387 3385//3385
f 3430//3430 3385//3385 3383//3383
f 3430//3430 3429//3429 3387//3387
f 3431//3431 3383//3383 3381//3381
f 3431//3431 3430//3430 3383//3383
f 3432//3432 3431//3431 3381//3381
f 3433//3433 3381//3381 3379//3379
f 3433//3433 3432//3432 3381//3381
f 3434//3434 3379//3379 3377//3377
f 3434//3434 3433//3433 3379//3379
f 3435//3435 3377//3377 3375//3375
f 3435//3435 3434//3434 3377//3377
f 3436//3436 3375//3375 3373//3373
f 3436//3436 3435//3435 3375//3375
f 3437//3437 3373//3373 3371//3371
f 3437//3437 3436//3436 3373//3373
f 3438//3438 3371//3371 3369//3369
f 3438//3438 3437//3437 3371//3371
f 3439//3439 3369//3369 3367//3367
f 3439//3439 3367//3367 3365//3365
f 3439//3439 3438//3438 3369//3369
f 3440//3440 3439//3439 3365//3365
f 3441//3441 3440//3440 3365//3365
f 3441//3441 3365//3365 3363//3363
f 3441//3441 3363//3363 3361//3361
f 3442//3442 3441//3441 3361//3361
f 3443//3443 3442//3442 3361//3361
f 3443//3443 3361//3361 3359//3359
f 3444//3444 3443//3443 3359//3359
f 3444//3444 3359//3359 3357//3357
f 3444//3444 3357//3357 3355//3355
f 3445//3445 3444//3444 3355//3355
f 3446//3446 3445//3445 3355//3355
f 3446//3446 3355//3355 3353//3353
f 3446//3446 3353//3353 3351//3351
f 3447//3447 3446//3446 3351//3351
f 3448//3448 3447//3447 3351//3351
f 3448//3448 3351//3351 3349//3349
f 3449//3449 3448//3448 3349//3349
f 3449//3449 3349//3349 3347//3347
f 3450//3450 3449//3449 3347//3347
f 3450//3450 3347//3347 3345//3345
f 3451//3451 3450//3450 3345//3345
f 3451//3451 3345//3345 3343//3343
f 3452//3452 3451//3451 3343//3343
f 3452//3452 3343//3343 3341//3341
f 3452//3452 3341//3341 3339//3339
f 3453//3453 3452//3452 3339//3339
f 3454//3454 3339//3339 3337//3337
f 3454//3454 3453//3453 3339//3339
f 3455//3455 3337//3337 3335//3335
f 3455//3455 3454//3454 3337//3337
f 3455//3455 3335//3335 3333//3333
f 3456//3456 3455//3455 3333//3333
f 3457//3457 3333//3333 3331//3331
f 3457//3457 3456//3456 3333//3333
f 3458//3458 3331//3331 3329//3329
f 3458//3458 3457//3457 3331//3331
f 3459//3459 3329//3329 3327//3327
f 3459//3459 3458//3458 3329//3329
f 3460//3460 3327//3327 3325//3325
f 3460//3460 3459//3459 3327//3327
f 3461//3461 3325//3325 3323//3323
f 3461//3461 3460//3460 3325//3325
f 3462//3462 3323//3323 3321//3321
f 3462//3462 3461//3461 3323//3323
f 3463//3463 3321//3321 3319//3319
f 3463//3463 3462//3462 3321//3321
f 3464//3464 3319//3319 3317//3317
f 3464//3464 3463//3463 3319//3319
f 3465//3465 3317//3317 3315//3315
f 3465//3465 3464//3464 3317//3317
f 3466//3466 3315//3315 3313//3313
f 3466//3466 3465//3465 3315//3315
f 3467//3467 3466//3466 3313//3313
f 3467//3467 3313//3313 3311//3311
f 3468//3468 3467//3467 3311//3311
f 3468//3468 3311//3311 3309//3309
f 3469//3469 3468//3468 3309//3309
f 3469//3469 3309//3309 3307//3307
f 3470//3470 3469//3469 3307//3307
f 3470//3470 3307//3307 3305//3305
f 3471//3471 3470//3470 3305//3305
f 3471//3471 3305//3305 3303//3303
f 3472//3472 3471//3471 3303//3303
f 3472//3472 3303//3303 3301//3301
f 3473//3473 3472//3472 3301//3301
f 3473//3473 3301//3301 3299//3299
f 3474//3474 3473//3473 3299//3299
f 3474//3474 3299//3299 3297//3297
f 3475//3475 3474//3474 3297//3297
f 3475//3475 3297//3297 3295//3295
f 3476//3476 3475//3475 3295//3295
f 3476//3476 3295//3295 3293//3293
f 3477//3477 3476//3476 3293//3293
f 3477//3477 3293//3293 3291//3291
f 3478//3478 3477//3477 3291//3291
f 3478//3478 3291//3291 3289//3289
f 3479//3479 3478//3478 3289//3289
f 3479//3479 3289//3289 3287//3287
f 3480//3480 3479//3479 3287//3287
f 3480//3480 3287//3287 3285//3285
f 3481//3481 3480//3480 3285//3285
f 3481//3481 3285//3285 3283//3283
f 3482//3482 3481//3481 3283//3283
f 3482//3482 3283//3283 3281//3281
f 3483//3483 3482//3482 3281//3281
f 3483//3483 3281//3281 3279//3279
f 3484//3484 3483//3483 3279//3279
f 3484//3484 3279//3279 3277//3277
f 3485//3485 3484//3484 3277//3277
f 3485//3485 3277//3277 3275//3275
f 3486//3486 3485//3485 3275//3275
f 3486//3486 3275//3275 3273//3273
f 3487//3487 3273//3273 3271//3271
f 3487//3487 3486//3486 3273//3273
f 3488//3488 3271//3271 3269//3269
f 3488//3488 3487//3487 3271//3271
f 3489//3489 3269//3269 3267//3267
f 3489//3489 3488//3488 3269//3269
f 3490//3490 3267//3267 3265//3265
f 3490//3490 3489//3489 3267//3267
f 3491//3491 3265//3265 3263//3263
f 3491//3491 3490//3490 3265//3265
f 3492//3492 3491//3491 3263//3263
f 3492//3492 3263//3263 3261//3261
f 3493//3493 3492//3492 3261//3261
f 3493//3493 3261//3261 3259//3259
f 3494//3494 3493//3493 3259//3259
f 3494//3494 3259//3259 3257//3257
f 3495//3495 3494//3494 3257//3257
f 3495//3495 3257//3257 3255//3255
f 3496//3496 3495//3495 3255//3255
f 3496//3496 3255//3255 3253//3253
f 3497//3497 3496//3496 3253//3253
f 3497//3497 3253//3253 3251//3251
f 3498//3498 3497//3497 3251//3251
f 3498//3498 3251//3251 3249//3249
f 3499//3499 3498//3498 3249//3249
f 3499//3499 3249//3249 3247//3247
f 3500//3500 3499//3499 3247//3247
f 3500//3500 3247//3247 3245//3245
f 3501//3501 3500//3500 3245//3245
f 3501//3501 3245//3245 3243//3243
f 3502//3502 3243//3243 3241//3241
f 3502//3502 3501//3501 3243//3243
f 3503//3503 3241//3241 3239//3239
f 3503//3503 3239//3239 3237//3237
f 3503//3503 3502//3502 3241//3241
f 3504//3504 3503//3503 3237//3237
f 3505//3505 3237//3237 3235//3235
f 3505//3505 3504//3504 3237//3237
f 3506//3506 3235//3235 3233//3233
f 3506//3506 3505//3505 3235//3235
f 3507//3507 3233//3233 3231//3231
f 3507//3507 3506//3506 3233//3233
f 3508//3508 3231//3231 3232//3232
f 3508//3508 3507//3507 3231//3231
f 3509//3509 3232//3232 3234//3234
f 3509//3509 3508//3508 3232//3232
f 3510//3510 3234//3234 3236//3236
f 3510//3510 3236//3236 3238//3238
f 3510//3510 3509//3509 3234//3234
f 3511//3511 3510//3510 3238//3238
f 3512//3512 3238//3238 3240//3240
f 3512//3512 3511//3511 3238//3238
f 3513//3513 3240//3240 3242//3242
f 3513//3513 3512//3512 3240//3240
f 3514//3514 3242//3242 3244//3244
f 3514//3514 3513//3513 3242//3242
f 3515//3515 3244//3244 3246//3246
f 3515//3515 3514//3514 3244//3244
f 3516//3516 3246//3246 3248//3248
f 3516//3516 3515//3515 3246//3246
f 3517//3517 3516//3516 3248//3248
f 3517//3517 3248//3248 3250//3250
f 3518//3518 3517//3517 3250//3250
f 3518//3518 3250//3250 3252//3252
f 3519//3519 3518//3518 3252//3252
f 3519//3519 3252//3252 3254//3254
f 3520//3520 3519//3519 3254//3254
f 3520//3520 3254//3254 3256//3256
f 3521//3521 3256//3256 3258//3258
f 3521//3521 3520//3520 3256//3256
f 3522//3522 3521//3521 3258//3258
f 3522//3522 3258//3258 3260//3260
f 3523//3523 3260//3260 3262//3262
f 3523//3523 3522//3522 3260//3260
f 3524//3524 3262//3262 3264//3264
f 3524//3524 3523//3523 3262//3262
f 3525//3525 3264//3264 3266//3266
f 3525//3525 3524//3524 3264//3264
f 3526//3526 3266//3266 3268//3268
f 3526//3526 3525//3525 3266//3266
f 3527//3527 3268//3268 3270//3270
f 3527//3527 3526//3526 3268//3268
f 3528//3528 3270//3270 3272//3272
f 3528//3528 3527//3527 3270//3270
f 3529//3529 3272//3272 3274//3274
f 3529//3529 3528//3528 3272//3272
f 3530//3530 3274//3274 3276//3276
f 3530//3530 3529//3529 3274//3274
f 3531//3531 3276//3276 3278//3278
f 3531//3531 3530//3530 3276//3276
f 3532//3532 3278//3278 3280//3280
f 3532//3532 3531//3531 3278//3278
f 3533//3533 3280//3280 3282//3282
f 3533//3533 3532//3532 3280//3280
f 3534//3534 3282//3282 3284//3284
f 3534//3534 3533//3533 3282//3282
f 3535//3535 3284//3284 3286//3286
f 3535//3535 3534//3534 3284//3284
f 3536//3536 3286//3286 3288//3288
f 3536//3536 3535//3535 3286//3286
f 3537//3537 3288//3288 3290//3290
f 3537//3537 3536//3536 3288//3288
f 3538//3538 3290//3290 3292//3292
f 3538//3538 3292//3292 3294//3294
f 3538//3538 3537//3537 3290//3290
f 3539//3539 3538//3538 3294//3294
f 3540//3540 3294//3294 3296//3296
f 3540//3540 3539//3539 3294//3294
f 3541//3541 3296//3296 3298//3298
f 3541//3541 3540//3540 3296//3296
f 3542//3542 3541//3541 3298//3298
f 3542//3542 3298//3298 3300//3300
f 3543//3543 3542//3542 3300//3300
f 3543//3543 3300//3300 3302//3302
f 3544//3544 3543//3543 3302//3302
f 3544//3544 3302//3302 3304//3304
f 3545//3545 3544//3544 3304//3304
f 3545//3545 3304//3304 3306//3306
f 3546//3546 3545//3545 3306//3306
f 3546//3546 3306//3306 3308//3308
f 3547//3547 3546//3546 3308//3308
f 3547//3547 3308//3308 3310//3310
f 3548//3548 3547//3547 3310//3310
f 3548//3548 3310//3310 3312//3312
f 3549//3549 3548//3548 3312//3312
f 3549//3549 3312//3312 3314//3314
f 3550//3550 3549//3549 3314//3314
f 3550//3550 3314//3314 3316//3316
f 3551//3551 3550//3550 3316//3316
f 3551//3551 3316//3316 3318//3318
f 3552//3552 3551//3551 3318//3318
f 3552//3552 3318//3318 3320//3320
f 3553//3553 3552//3552 3320//3320
f 3553//3553 3320//3320 3322//3322
f 3554//3554 3553//3553 3322//3322
f 3554//3554 3322//3322 3324//3324
f 3555//3555 3324//3324 3326//3326
f 3555//3555 3554//3554 3324//3324
f 3556//3556 3326//3326 3328//3328
f 3556//3556 3555//3555 3326//3326
f 3557//3557 3328//3328 3330//3330
f 3557//3557 3556//3556 3328//3328
f 3558//3558 3330//3330 3332//3332
f 3558//3558 3557//3557 3330//3330
f 3559//3559 3332//3332 3334//3334
f 3559//3559 3558//3558 3332//3332
f 3560//3560 3334//3334 3336//3336
f 3560//3560 3559//3559 3334//3334
f 3561//3561 3336//3336 3338//3338
f 3561//3561 3560//3560 3336//3336
f 3562//3562 3338//3338 3340//3340
f 3562//3562 3561//3561 3338//3338
f 3563//3563 3340//3340 3342//3342
f 3563//3563 3562//3562 3340//3340
f 3564//3564 3342//3342 3344//3344
f 3564//3564 3563//3563 3342//3342
f 3565//3565 3344//3344 3346//3346
f 3565//3565 3564//3564 3344//3344
f 3566//3566 3346//3346 3348//3348
f 3566//3566 3565//3565 3346//3346
f 3567//3567 3566//3566 3348//3348
f 3567//3567 3348//3348 3350//3350
f 3568//3568 3567//3567 3350//3350
f 3568//3568 3350//3350 3352//3352
f 3569//3569 3568//3568 3352//3352
f 3569//3569 3352//3352 3354//3354
f 3570//3570 3569//3569 3354//3354
f 3570//3570 3354//3354 3356//3356
f 3570//3570 3356//3356 3358//3358
f 3402//3402 3570//3570 3358//3358
f 3550//3550 3571//3571 3572//3572
f 3550//3550 3573//3573 3571//3571
f 3549//3549 3550//3550 3572//3572
f 3549//3549 3572//3572 3574//3574
f 3551//3551 3573//3573 3550//3550
f 3551//3551 3575//3575 3573//3573
f 3548//3548 3549//3549 3574//3574
f 3548//3548 3574//3574 3576//3576
f 3552//3552 3575//3575 3551//3551
f 3552//3552 3577//3577 3575//3575
f 3547//3547 3548//3548 3576//3576
f 3547//3547 3576//3576 3578//3578
f 3553//3553 3579//3579 3577//3577
f 3553//3553 3577//3577 3552//3552
f 3546//3546 3578//3578 3580//3580
f 3546//3546 3547//3547 3578//3578
f 3554//3554 3581//3581 3579//3579
f 3554//3554 3579//3579 3553//3553
f 3545//3545 3580//3580 3582//3582
f 3545//3545 3546//3546 3580//3580
f 3555//3555 3581//3581 3554//3554
f 3555//3555 3583//3583 3581//3581
f 3544//3544 3582//3582 3584//3584
f 3544//3544 3545//3545 3582//3582
f 3556//3556 3583//3583 3555//3555
f 3556//3556 3585//3585 3583//3583
f 3543//3543 3586//3586 3587//3587
f 3543//3543 3584//3584 3586//3586
f 3543//3543 3544//3544 3584//3584
f 3557//3557 3588//3588 3585//3585
f 3557//3557 3589//3589 3588//3588
f 3557//3557 3585//3585 3556//3556
f 3542//3542 3543//3543 3587//3587
f 3542//3542 3587//3587 3590//3590
f 3558//3558 3589//3589 3557//3557
f 3558//3558 3591//3591 3589//3589
f 3541//3541 3590//3590 3592//3592
f 3541//3541 3542//3542 3590//3590
f 3559//3559 3593//3593 3591//3591
f 3559//3559 3591//3591 3558//3558
f 3540//3540 3592//3592 3594//3594
f 3540//3540 3541//3541 3592//3592
f 3560//3560 3595//3595 3593//3593
f 3560//3560 3593//3593 3559//3559
f 3539//3539 3594//3594 3596//3596
f 3539//3539 3540//3540 3594//3594
f 3561//3561 3597//3597 3595//3595
f 3561//3561 3595//3595 3560//3560
f 3538//3538 3539//3539 3596//3596
f 3538//3538 3596//3596 3598//3598
f 3562//3562 3597//3597 3561//3561
f 3562//3562 3599//3599 3597//3597
f 3537//3537 3538//3538 3598//3598
f 3537//3537 3598//3598 3600//3600
f 3563//3563 3599//3599 3562//3562
f 3563//3563 3601//3601 3599//3599
f 3536//3536 3602//3602 3603//3603
f 3536//3536 3600//3600 3602//3602
f 3536//3536 3537//3537 3600//3600
f 3564//3564 3604//3604 3601//3601
f 3564//3564 3605//3605 3604//3604
f 3564//3564 3601//3601 3563//3563
f 3535//3535 3536//3536 3603//3603
f 3535//3535 3603//3603 3606//3606
f 3565//3565 3605//3605 3564//3564
f 3565//3565 3607//3607 3605//3605
f 3534//3534 3535//3535 3606//3606
f 3534//3534 3606//3606 3608//3608
f 3566//3566 3607//3607 3565//3565
f 3566//3566 3609//3609 3607//3607
f 3533//3533 3534//3534 3608//3608
f 3533//3533 3608//3608 3610//3610
f 3567//3567 3609//3609 3566//3566
f 3567//3567 3611//3611 3609//3609
f 3532//3532 3533//3533 3610//3610
f 3532//3532 3610//3610 3612//3612
f 3568//3568 3611//3611 3567//3567
f 3568//3568 3613//3613 3611//3611
f 3531//3531 3612//3612 3614//3614
f 3531//3531 3532//3532 3612//3612
f 3569//3569 3613//3613 3568//3568
f 3569//3569 3615//3615 3613//3613
f 3530//3530 3614//3614 3616//3616
f 3530//3530 3531//3531 3614//3614
f 3570//3570 3615//3615 3569//3569
f 3570//3570 3617//3617 3615//3615
f 3529//3529 3530//3530 3616//3616
f 3529//3529 3618//3618 3619//3619
f 3529//3529 3616//3616 3618//3618
f 3402//3402 3620//3620 3621//3621
f 3402//3402 3617//3617 3570//3570
f 3402//3402 3621//3621 3617//3617
f 3528//3528 3619//3619 3622//3622
f 3528//3528 3529//3529 3619//3619
f 3401//3401 3623//3623 3620//3620
f 3401//3401 3620//3620 3402//3402
f 3527//3527 3528//3528 3622//3622
f 3527//3527 3622//3622 3624//3624
f 3403//3403 3625//3625 3623//3623
f 3403//3403 3623//3623 3401//3401
f 3526//3526 3624//3624 3626//3626
f 3526//3526 3527//3527 3624//3624
f 3404//3404 3627//3627 3625//3625
f 3404//3404 3625//3625 3403//3403
f 3525//3525 3526//3526 3626//3626
f 3525//3525 3626//3626 3628//3628
f 3405//3405 3629//3629 3627//3627
f 3405//3405 3627//3627 3404//3404
f 3524//3524 3628//3628 3630//3630
f 3524//3524 3525//3525 3628//3628
f 3406//3406 3631//3631 3629//3629
f 3406//3406 3629//3629 3405//3405
f 3523//3523 3524//3524 3630//3630
f 3523//3523 3630//3630 3632//3632
f 3407//3407 3633//3633 3631//3631
f 3407//3407 3631//3631 3406//3406
f 3522//3522 3523//3523 3632//3632
f 3522//3522 3632//3632 3634//3634
f 3408//3408 3635//3635 3633//3633
f 3408//3408 3636//3636 3635//3635
f 3408//3408 3633//3633 3407//3407
f 3521//3521 3522//3522 3634//3634
f 3521//3521 3637//3637 3638//3638
f 3521//3521 3634//3634 3637//3637
f 3409//3409 3639//3639 3636//3636
f 3409//3409 3636//3636 3408//3408
f 3520//3520 3521//3521 3638//3638
f 3520//3520 3638//3638 3640//3640
f 3410//3410 3641//3641 3639//3639
f 3410//3410 3639//3639 3409//3409
f 3519//3519 3520//3520 3640//3640
f 3519//3519 3640//3640 3642//3642
f 3411//3411 3643//3643 3641//3641
f 3411//3411 3641//3641 3410//3410
f 3518//3518 3642//3642 3644//3644
f 3518//3518 3519//3519 3642//3642
f 3412//3412 3645//3645 3643//3643
f 3412//3412 3643//3643 3411//3411
f 3517//3517 3644//3644 3646//3646
f 3517//3517 3518//3518 3644//3644
f 3413//3413 3647//3647 3645//3645
f 3413//3413 3645//3645 3412//3412
f 3516//3516 3517//3517 3646//3646
f 3516//3516 3646//3646 3648//3648
f 3414//3414 3649//3649 3647//3647
f 3414//3414 3647//3647 3413//3413
f 3515//3515 3516//3516 3648//3648
f 3515//3515 3648//3648 3650//3650
f 3415//3415 3651//3651 3649//3649
f 3415//3415 3652//3652 3651//3651
f 3415//3415 3649//3649 3414//3414
f 3514//3514 3653//3653 3654//3654
f 3514//3514 3650//3650 3653//3653
f 3514//3514 3515//3515 3650//3650
f 3416//3416 3655//3655 3652//3652
f 3416//3416 3652//3652 3415//3415
f 3513//3513 3654//3654 3656//3656
f 3513//3513 3514//3514 3654//3654
f 3417//3417 3657//3657 3655//3655
f 3417//3417 3655//3655 3416//3416
f 3512//3512 3656//3656 3658//3658
f 3512//3512 3513//3513 3656//3656
f 3418//3418 3659//3659 3657//3657
f 3418//3418 3657//3657 3417//3417
f 3511//3511 3658//3658 3660//3660
f 3511//3511 3512//3512 3658//3658
f 3419//3419 3661//3661 3659//3659
f 3419//3419 3659//3659 3418//3418
f 3510//3510 3660//3660 3662//3662
f 3510//3510 3511//3511 3660//3660
f 3420//3420 3663//3663 3661//3661
f 3420//3420 3661//3661 3419//3419
f 3509//3509 3662//3662 3664//3664
f 3509//3509 3510//3510 3662//3662
f 3421//3421 3663//3663 3420//3420
f 3421//3421 3665//3665 3663//3663
f 3508//3508 3509//3509 3664//3664
f 3508//3508 3664//3664 3666//3666
f 3422//3422 3665//3665 3421//3421
f 3422//3422 3667//3667 3665//3665
f 3507//3507 3508//3508 3666//3666
f 3668//3668 3507//3507 3666//3666
f 3669//3669 3422//3422 3423//3423
f 3669//3669 3667//3667 3422//3422
f 3670//3670 3507//3507 3668//3668
f 3670//3670 3506//3506 3507//3507
f 3671//3671 3423//3423 3424//3424
f 3671//3671 3669//3669 3423//3423
f 3672//3672 3506//3506 3670//3670
f 3672//3672 3505//3505 3506//3506
f 3673//3673 3424//3424 3425//3425
f 3673//3673 3671//3671 3424//3424
f 3674//3674 3505//3505 3672//3672
f 3674//3674 3504//3504 3505//3505
f 3675//3675 3425//3425 3426//3426
f 3675//3675 3673//3673 3425//3425
f 3676//3676 3504//3504 3674//3674
f 3676//3676 3503//3503 3504//3504
f 3677//3677 3426//3426 3427//3427
f 3677//3677 3675//3675 3426//3426
f 3678//3678 3503//3503 3676//3676
f 3678//3678 3502//3502 3503//3503
f 3679//3679 3427//3427 3428//3428
f 3679//3679 3677//3677 3427//3427
f 3680//3680 3502//3502 3678//3678
f 3680//3680 3501//3501 3502//3502
f 3681//3681 3428//3428 3429//3429
f 3681//3681 3679//3679 3428//3428
f 3682//3682 3501//3501 3680//3680
f 3682//3682 3500//3500 3501//3501
f 3683//3683 3681//3681 3429//3429
f 3684//3684 3500//3500 3682//3682
f 3685//3685 3429//3429 3430//3430
f 3685//3685 3683//3683 3429//3429
f 3686//3686 3500//3500 3684//3684
f 3686//3686 3499//3499 3500//3500
f 3687//3687 3430//3430 3431//3431
f 3687//3687 3685//3685 3430//3430
f 3688//3688 3499//3499 3686//3686
f 3688//3688 3498//3498 3499//3499
f 3689//3689 3431//3431 3432//3432
f 3689//3689 3687//3687 3431//3431
f 3690//3690 3498//3498 3688//3688
f 3690//3690 3497//3497 3498//3498
f 3691//3691 3689//3689 3432//3432
f 3691//3691 3432//3432 3433//3433
f 3692//3692 3497//3497 3690//3690
f 3692//3692 3496//3496 3497//3497
f 3693//3693 3691//3691 3433//3433
f 3693//3693 3433//3433 3434//3434
f 3694//3694 3496//3496 3692//3692
f 3694//3694 3495//3495 3496//3496
f 3695//3695 3693//3693 3434//3434
f 3695//3695 3434//3434 3435//3435
f 3696//3696 3495//3495 3694//3694
f 3696//3696 3494//3494 3495//3495
f 3697//3697 3435//3435 3436//3436
f 3697//3697 3695//3695 3435//3435
f 3698//3698 3494//3494 3696//3696
f 3698//3698 3493//3493 3494//3494
f 3699//3699 3697//3697 3436//3436
f 3700//3700 3493//3493 3698//3698
f 3701//3701 3436//3436 3437//3437
f 3701//3701 3699//3699 3436//3436
f 3702//3702 3493//3493 3700//3700
f 3702//3702 3492//3492 3493//3493
f 3703//3703 3437//3437 3438//3438
f 3703//3703 3701//3701 3437//3437
f 3704//3704 3492//3492 3702//3702
f 3704//3704 3491//3491 3492//3492
f 3705//3705 3438//3438 3439//3439
f 3705//3705 3703//3703 3438//3438
f 3706//3706 3490//3490 3491//3491
f 3706//3706 3491//3491 3704//3704
f 3707//3707 3439//3439 3440//3440
f 3707//3707 3705//3705 3439//3439
f 3708//3708 3489//3489 3490//3490
f 3708//3708 3490//3490 3706//3706
f 3709//3709 3440//3440 3441//3441
f 3709//3709 3707//3707 3440//3440
f 3710//3710 3489//3489 3708//3708
f 3710//3710 3488//3488 3489//3489
f 3711//3711 3441//3441 3442//3442
f 3711//3711 3709//3709 3441//3441
f 3712//3712 3488//3488 3710//3710
f 3712//3712 3487//3487 3488//3488
f 3713//3713 3711//3711 3442//3442
f 3713//3713 3442//3442 3443//3443
f 3714//3714 3487//3487 3712//3712
f 3714//3714 3486//3486 3487//3487
f 3715//3715 3713//3713 3443//3443
f 3716//3716 3486//3486 3714//3714
f 3717//3717 3443//3443 3444//3444
f 3717//3717 3715//3715 3443//3443
f 3718//3718 3486//3486 3716//3716
f 3718//3718 3485//3485 3486//3486
f 3719//3719 3444//3444 3445//3445
f 3719//3719 3717//3717 3444//3444
f 3720//3720 3485//3485 3718//3718
f 3720//3720 3484//3484 3485//3485
f 3721//3721 3445//3445 3446//3446
f 3721//3721 3719//3719 3445//3445
f 3722//3722 3483//3483 3484//3484
f 3722//3722 3484//3484 3720//3720
f 3723//3723 3446//3446 3447//3447
f 3723//3723 3721//3721 3446//3446
f 3724//3724 3483//3483 3722//3722
f 3724//3724 3482//3482 3483//3483
f 3725//3725 3447//3447 3448//3448
f 3725//3725 3723//3723 3447//3447
f 3726//3726 3482//3482 3724//3724
f 3726//3726 3481//3481 3482//3482
f 3727//3727 3448//3448 3449//3449
f 3727//3727 3725//3725 3448//3448
f 3728//3728 3481//3481 3726//3726
f 3728//3728 3480//3480 3481//3481
f 3729//3729 3449//3449 3450//3450
f 3729//3729 3727//3727 3449//3449
f 3730//3730 3480//3480 3728//3728
f 3730//3730 3479//3479 3480//3480
f 3731//3731 3450//3450 3451//3451
f 3731//3731 3729//3729 3450//3450
f 3732//3732 3479//3479 3730//3730
f 3733//3733 3731//3731 3451//3451
f 3734//3734 3479//3479 3732//3732
f 3734//3734 3478//3478 3479//3479
f 3735//3735 3733//3733 3451//3451
f 3735//3735 3451//3451 3452//3452
f 3736//3736 3478//3478 3734//3734
f 3736//3736 3477//3477 3478//3478
f 3737//3737 3452//3452 3453//3453
f 3737//3737 3735//3735 3452//3452
f 3738//3738 3477//3477 3736//3736
f 3738//3738 3476//3476 3477//3477
f 3739//3739 3737//3737 3453//3453
f 3739//3739 3453//3453 3454//3454
f 3740//3740 3476//3476 3738//3738
f 3740//3740 3475//3475 3476//3476
f 3741//3741 3454//3454 3455//3455
f 3741//3741 3739//3739 3454//3454
f 3742//3742 3475//3475 3740//3740
f 3742//3742 3474//3474 3475//3475
f 3743//3743 3741//3741 3455//3455
f 3743//3743 3455//3455 3456//3456
f 3744//3744 3474//3474 3742//3742
f 3744//3744 3473//3473 3474//3474
f 3745//3745 3743//3743 3456//3456
f 3745//3745 3456//3456 3457//3457
f 3746//3746 3473//3473 3744//3744
f 3746//3746 3472//3472 3473//3473
f 3747//3747 3745//3745 3457//3457
f 3747//3747 3457//3457 3458//3458
f 3748//3748 3472//3472 3746//3746
f 3749//3749 3747//3747 3458//3458
f 3750//3750 3472//3472 3748//3748
f 3750//3750 3471//3471 3472//3472
f 3751//3751 3458//3458 3459//3459
f 3751//3751 3749//3749 3458//3458
f 3752//3752 3471//3471 3750//3750
f 3752//3752 3470//3470 3471//3471
f 3753//3753 3459//3459 3460//3460
f 3753//3753 3751//3751 3459//3459
f 3754//3754 3469//3469 3470//3470
f 3754//3754 3470//3470 3752//3752
f 3755//3755 3753//3753 3460//3460
f 3755//3755 3460//3460 3461//3461
f 3756//3756 3468//3468 3469//3469
f 3756//3756 3469//3469 3754//3754
f 3757//3757 3755//3755 3461//3461
f 3757//3757 3461//3461 3462//3462
f 3758//3758 3467//3467 3468//3468
f 3758//3758 3468//3468 3756//3756
f 3759//3759 3757//3757 3462//3462
f 3759//3759 3462//3462 3463//3463
f 3760//3760 3467//3467 3758//3758
f 3760//3760 3466//3466 3467//3467
f 3761//3761 3463//3463 3464//3464
f 3761//3761 3759//3759 3463//3463
f 3762//3762 3466//3466 3760//3760
f 3762//3762 3465//3465 3466//3466
f 3763//3763 3464//3464 3465//3465
f 3763//3763 3761//3761 3464//3464
f 3764//3764 3465//3465 3762//3762
f 3764//3764 3763//3763 3465//3465
f 3765//3765 3621//3621 3620//3620
f 3765//3765 3766//3766 3621//3621
f 3767//3767 3620//3620 3623//3623
f 3767//3767 3623//3623 3625//3625
f 3767//3767 3765//3765 3620//3620
f 3768//3768 3767//3767 3625//3625
f 3769//3769 3768//3768 3625//3625
f 3769//3769 3625//3625 3627//3627
f 3769//3769 3627//3627 3629//3629
f 3770//3770 3769//3769 3629//3629
f 3771//3771 3629//3629 3631//3631
f 3771//3771 3631//3631 3633//3633
f 3771//3771 3770//3770 3629//3629
f 3772//3772 3771//3771 3633//3633
f 3773//3773 3633//3633 3635//3635
f 3773//3773 3772//3772 3633//3633
f 3774//3774 3635//3635 3636//3636
f 3774//3774 3773//3773 3635//3635
f 3775//3775 3636//3636 3639//3639
f 3775//3775 3774//3774 3636//3636
f 3776//3776 3639//3639 3641//3641
f 3776//3776 3775//3775 3639//3639
f 3777//3777 3641//3641 3643//3643
f 3777//3777 3776//3776 3641//3641
f 3778//3778 3643//3643 3645//3645
f 3778//3778 3645//3645 3647//3647
f 3778//3778 3777//3777 3643//3643
f 3779//3779 3778//3778 3647//3647
f 3780//3780 3647//3647 3649//3649
f 3780//3780 3779//3779 3647//3647
f 3781//3781 3649//3649 3651//3651
f 3781//3781 3651//3651 3652//3652
f 3781//3781 3780//3780 3649//3649
f 3782//3782 3781//3781 3652//3652
f 3783//3783 3652//3652 3655//3655
f 3783//3783 3782//3782 3652//3652
f 3784//3784 3655//3655 3657//3657
f 3784//3784 3783//3783 3655//3655
f 3785//3785 3657//3657 3659//3659
f 3785//3785 3784//3784 3657//3657
f 3786//3786 3659//3659 3661//3661
f 3786//3786 3785//3785 3659//3659
f 3787//3787 3661//3661 3663//3663
f 3787//3787 3786//3786 3661//3661
f 3788//3788 3663//3663 3665//3665
f 3788//3788 3787//3787 3663//3663
f 3789//3789 3665//3665 3667//3667
f 3789//3789 3788//3788 3665//3665
f 3790//3790 3667//3667 3669//3669
f 3790//3790 3669//3669 3671//3671
f 3790//3790 3789//3789 3667//3667
f 3791//3791 3790//3790 3671//3671
f 3792//3792 3671//3671 3673//3673
f 3792//3792 3791//3791 3671//3671
f 3793//3793 3792//3792 3673//3673
f 3793//3793 3673//3673 3675//3675
f 3794//3794 3793//3793 3675//3675
f 3794//3794 3675//3675 3677//3677
f 3795//3795 3794//3794 3677//3677
f 3795//3795 3677//3677 3679//3679
f 3796//3796 3795//3795 3679//3679
f 3796//3796 3679//3679 3681//3681
f 3797//3797 3796//3796 3681//3681
f 3797//3797 3681//3681 3683//3683
f 3798//3798 3797//3797 3683//3683
f 3798//3798 3683//3683 3685//3685
f 3799//3799 3798//3798 3685//3685
f 3799//3799 3685//3685 3687//3687
f 3800//3800 3799//3799 3687//3687
f 3800//3800 3687//3687 3689//3689
f 3801//3801 3800//3800 3689//3689
f 3801//3801 3689//3689 3691//3691
f 3802//3802 3691//3691 3693//3693
f 3802//3802 3693//3693 3695//3695
f 3802//3802 3801//3801 3691//3691
f 3803//3803 3802//3802 3695//3695
f 3804//3804 3695//3695 3697//3697
f 3804//3804 3803//3803 3695//3695
f 3805//3805 3697//3697 3699//3699
f 3805//3805 3804//3804 3697//3697
f 3806//3806 3699//3699 3701//3701
f 3806//3806 3701//3701 3703//3703
f 3806//3806 3805//3805 3699//3699
f 3807//3807 3806//3806 3703//3703
f 3808//3808 3703//3703 3705//3705
f 3808//3808 3705//3705 3707//3707
f 3808//3808 3807//3807 3703//3703
f 3809//3809 3808//3808 3707//3707
f 3810//3810 3707//3707 3709//3709
f 3810//3810 3709//3709 3711//3711
f 3810//3810 3809//3809 3707//3707
f 3811//3811 3711//3711 3713//3713
f 3811//3811 3810//3810 3711//3711
f 3812//3812 3811//3811 3713//3713
f 3813//3813 3713//3713 3715//3715
f 3813//3813 3715//3715 3717//3717
f 3813//3813 3812//3812 3713//3713
f 3814//3814 3717//3717 3719//3719
f 3814//3814 3813//3813 3717//3717
f 3815//3815 3719//3719 3721//3721
f 3815//3815 3814//3814 3719//3719
f 3816//3816 3815//3815 3721//3721
f 3817//3817 3721//3721 3723//3723
f 3817//3817 3723//3723 3725//3725
f 3817//3817 3816//3816 3721//3721
f 3818//3818 3817//3817 3725//3725
f 3819//3819 3725//3725 3727//3727
f 3819//3819 3818//3818 3725//3725
f 3820//3820 3819//3819 3727//3727
f 3820//3820 3727//3727 3729//3729
f 3820//3820 3729//3729 3731//3731
f 3821//3821 3820//3820 3731//3731
f 3822//3822 3821//3821 3731//3731
f 3822//3822 3731//3731 3733//3733
f 3822//3822 3733//3733 3735//3735
f 3823//3823 3822//3822 3735//3735
f 3824//3824 3823//3823 3735//3735
f 3824//3824 3735//3735 3737//3737
f 3824//3824 3737//3737 3739//3739
f 3825//3825 3824//3824 3739//3739
f 3825//3825 3739//3739 3741//3741
f 3826//3826 3825//3825 3741//3741
f 3827//3827 3826//3826 3741//3741
f 3827//3827 3741//3741 3743//3743
f 3828//3828 3827//3827 3743//3743
f 3828//3828 3743//3743 3745//3745
f 3828//3828 3745//3745 3747//3747
f 3829//3829 3828//3828 3747//3747
f 3830//3830 3829//3829 3747//3747
f 3830//3830 3747//3747 3749//3749
f 3831//3831 3830//3830 3749//3749
f 3831//3831 3749//3749 3751//3751
f 3832//3832 3831//3831 3751//3751
f 3832//3832 3751//3751 3753//3753
f 3833//3833 3832//3832 3753//3753
f 3833//3833 3753//3753 3755//3755
f 3834//3834 3833//3833 3755//3755
f 3834//3834 3755//3755 3757//3757
f 3835//3835 3757//3757 3759//3759
f 3835//3835 3834//3834 3757//3757
f 3835//3835 3759//3759 3761//3761
f 3836//3836 3835//3835 3761//3761
f 3837//3837 3761//3761 3763//3763
f 3837//3837 3763//3763 3764//3764
f 3837//3837 3836//3836 3761//3761
f 3838//3838 3837//3837 3764//3764
f 3839//3839 3764//3764 3762//3762
f 3839//3839 3762//3762 3760//3760
f 3839//3839 3838//3838 3764//3764
f 3840//3840 3760//3760 3758//3758
f 3840//3840 3839//3839 3760//3760
f 3841//3841 3758//3758 3756//3756
f 3841//3841 3840//3840 3758//3758
f 3842//3842 3841//3841 3756//3756
f 3843//3843 3756//3756 3754//3754
f 3843//3843 3842//3842 3756//3756
f 3844//3844 3843//3843 3754//3754
f 3844//3844 3754//3754 3752//3752
f 3844//3844 3752//3752 3750//3750
f 3845//3845 3844//3844 3750//3750
f 3845//3845 3750//3750 3748//3748
f 3846//3846 3845//3845 3748//3748
f 3847//3847 3846//3846 3748//3748
f 3847//3847 3748//3748 3746//3746
f 3847//3847 3746//3746 3744//3744
f 3848//3848 3847//3847 3744//3744
f 3849//3849 3848//3848 3744//3744
f 3849//3849 3744//3744 3742//3742
f 3850//3850 3849//3849 3742//3742
f 3850//3850 3742//3742 3740//3740
f 3851//3851 3850//3850 3740//3740
f 3851//3851 3740//3740 3738//3738
f 3851//3851 3738//3738 3736//3736
f 3852//3852 3851//3851 3736//3736
f 3852//3852 3736//3736 3734//3734
f 3853//3853 3852//3852 3734//3734
f 3854//3854 3853//3853 3734//3734
f 3854//3854 3734//3734 3732//3732
f 3855//3855 3854//3854 3732//3732
f 3855//3855 3732//3732 3730//3730
f 3855//3855 3730//3730 3728//3728
f 3856//3856 3855//3855 3728//3728
f 3857//3857 3856//3856 3728//3728
f 3857//3857 3728//3728 3726//3726
f 3858//3858 3857//3857 3726//3726
f 3858//3858 3726//3726 3724//3724
f 3858//3858 3724//3724 3722//3722
f 3859//3859 3858//3858 3722//3722
f 3859//3859 3722//3722 3720//3720
f 3860//3860 3859//3859 3720//3720
f 3861//3861 3860//3860 3720//3720
f 3861//3861 3720//3720 3718//3718
f 3861//3861 3718//3718 3716//3716
f 3862//3862 3861//3861 3716//3716
f 3863//3863 3862//3862 3716//3716
f 3863//3863 3716//3716 3714//3714
f 3863//3863 3714//3714 3712//3712
f 3864//3864 3863//3863 3712//3712
f 3865//3865 3710//3710 3708//3708
f 3865//3865 3864//3864 3712//3712
f 3865//3865 3712//3712 3710//3710
f 3866//3866 3708//3708 3706//3706
f 3866//3866 3865//3865 3708//3708
f 3867//3867 3866//3866 3706//3706
f 3868//3868 3706//3706 3704//3704
f 3868//3868 3704//3704 3702//3702
f 3868//3868 3867//3867 3706//3706
f 3869//3869 3868//3868 3702//3702
f 3870//3870 3702//3702 3700//3700
f 3870//3870 3869//3869 3702//3702
f 3870//3870 3700//3700 3698//3698
f 3871//3871 3698//3698 3696//3696
f 3871//3871 3870//3870 3698//3698
f 3872//3872 3871//3871 3696//3696
f 3873//3873 3696//3696 3694//3694
f 3873//3873 3694//3694 3692//3692
f 3873//3873 3872//3872 3696//3696
f 3874//3874 3873//3873 3692//3692
f 3875//3875 3692//3692 3690//3690
f 3875//3875 3690//3690 3688//3688
f 3875//3875 3874//3874 3692//3692
f 3876//3876 3875//3875 3688//3688
f 3877//3877 3688//3688 3686//3686
f 3877//3877 3876//3876 3688//3688
f 3878//3878 3686//3686 3684//3684
f 3878//3878 3684//3684 3682//3682
f 3878//3878 3877//3877 3686//3686
f 3879//3879 3682//3682 3680//3680
f 3879//3879 3878//3878 3682//3682
f 3880//3880 3879//3879 3680//3680
f 3881//3881 3680//3680 3678//3678
f 3881//3881 3678//3678 3676//3676
f 3881//3881 3880//3880 3680//3680
f 3882//3882 3881//3881 3676//3676
f 3883//3883 3676//3676 3674//3674
f 3883//3883 3674//3674 3672//3672
f 3883//3883 3882//3882 3676//3676
f 3884//3884 3883//3883 3672//3672
f 3885//3885 3672//3672 3670//3670
f 3885//3885 3670//3670 3668//3668
f 3885//3885 3884//3884 3672//3672
f 3886//3886 3668//3668 3666//3666
f 3886//3886 3885//3885 3668//3668
f 3887//3887 3886//3886 3666//3666
f 3888//3888 3666//3666 3664//3664
f 3888//3888 3664//3664 3662//3662
f 3888//3888 3887//3887 3666//3666
f 3889//3889 3662//3662 3660//3660
f 3889//3889 3888//3888 3662//3662
f 3890//3890 3889//3889 3660//3660
f 3891//3891 3660//3660 3658//3658
f 3891//3891 3658//3658 3656//3656
f 3891//3891 3890//3890 3660//3660
f 3892//3892 3891//3891 3656//3656
f 3893//3893 3656//3656 3654//3654
f 3893//3893 3654//3654 3653//3653
f 3893//3893 3892//3892 3656//3656
f 3894//3894 3653//3653 3650//3650
f 3894//3894 3893//3893 3653//3653
f 3895//3895 3894//3894 3650//3650
f 3896//3896 3895//3895 3650//3650
f 3896//3896 3650//3650 3648//3648
f 3897//3897 3896//3896 3648//3648
f 3897//3897 3648//3648 3646//3646
f 3898//3898 3897//3897 3646//3646
f 3898//3898 3646//3646 3644//3644
f 3899//3899 3898//3898 3644//3644
f 3899//3899 3644//3644 3642//3642
f 3900//3900 3899//3899 3642//3642
f 3900//3900 3642//3642 3640//3640
f 3901//3901 3900//3900 3640//3640
f 3901//3901 3640//3640 3638//3638
f 3901//3901 3638//3638 3637//3637
f 3902//3902 3901//3901 3637//3637
f 3903//3903 3902//3902 3637//3637
f 3903//3903 3637//3637 3634//3634
f 3903//3903 3634//3634 3632//3632
f 3904//3904 3903//3903 3632//3632
f 3905//3905 3632//3632 3630//3630
f 3905//3905 3630//3630 3628//3628
f 3905//3905 3904//3904 3632//3632
f 3906//3906 3905//3905 3628//3628
f 3907//3907 3628//3628 3626//3626
f 3907//3907 3906//3906 3628//3628
f 3908//3908 3626//3626 3624//3624
f 3908//3908 3907//3907 3626//3626
f 3909//3909 3624//3624 3622//3622
f 3909//3909 3908//3908 3624//3624
f 3910//3910 3622//3622 3619//3619
f 3910//3910 3619//3619 3618//3618
f 3910//3910 3909//3909 3622//3622
f 3911//3911 3618//3618 3616//3616
f 3911//3911 3910//3910 3618//3618
f 3912//3912 3911//3911 3616//3616
f 3913//3913 3616//3616 3614//3614
f 3913//3913 3614//3614 3612//3612
f 3913//3913 3912//3912 3616//3616
f 3914//3914 3913//3913 3612//3612
f 3915//3915 3612//3612 3610//3610
f 3915//3915 3914//3914 3612//3612
f 3916//3916 3610//3610 3608//3608
f 3916//3916 3915//3915 3610//3610
f 3917//3917 3608//3608 3606//3606
f 3917//3917 3916//3916 3608//3608
f 3918//3918 3606//3606 3603//3603
f 3918//3918 3603//3603 3602//3602
f 3918//3918 3917//3917 3606//3606
f 3919//3919 3918//3918 3602//3602
f 3920//3920 3919//3919 3602//3602
f 3920//3920 3602//3602 3600//3600
f 3920//3920 3600//3600 3598//3598
f 3921//3921 3920//3920 3598//3598
f 3922//3922 3921//3921 3598//3598
f 3922//3922 3598//3598 3596//3596
f 3923//3923 3922//3922 3596//3596
f 3923//3923 3596//3596 3594//3594
f 3923//3923 3594//3594 3592//3592
f 3924//3924 3923//3923 3592//3592
f 3925//3925 3924//3924 3592//3592
f 3925//3925 3592//3592 3590//3590
f 3926//3926 3925//3925 3590//3590
f 3926//3926 3590//3590 3587//3587
f 3927//3927 3926//3926 3587//3587
f 3927//3927 3587//3587 3586//3586
f 3928//3928 3927//3927 3586//3586
f 3928//3928 3586//3586 3584//3584
f 3929//3929 3928//3928 3584//3584
f 3929//3929 3584//3584 3582//3582
f 3930//3930 3929//3929 3582//3582
f 3930//3930 3582//3582 3580//3580
f 3931//3931 3930//3930 3580//3580
f 3931//3931 3580//3580 3578//3578
f 3932//3932 3931//3931 3578//3578
f 3932//3932 3578//3578 3576//3576
f 3933//3933 3932//3932 3576//3576
f 3933//3933 3576//3576 3574//3574
f 3934//3934 3933//3933 3574//3574
f 3934//3934 3574//3574 3572//3572
f 3935//3935 3934//3934 3572//3572
f 3935//3935 3572//3572 3571//3571
f 3936//3936 3571//3571 3573//3573
f 3936//3936 3935//3935 3571//3571
f 3937//3937 3936//3936 3573//3573
f 3937//3937 3573//3573 3575//3575
f 3937//3937 3575//3575 3577//3577
f 3938//3938 3937//3937 3577//3577
f 3939//3939 3577//3577 3579//3579
f 3939//3939 3938//3938 3577//3577
f 3940//3940 3579//3579 3581//3581
f 3940//3940 3939//3939 3579//3579
f 3941//3941 3581//3581 3583//3583
f 3941//3941 3940//3940 3581//3581
f 3942//3942 3583//3583 3585//3585
f 3942//3942 3941//3941 3583//3583
f 3943//3943 3585//3585 3588//3588
f 3943//3943 3942//3942 3585//3585
f 3944//3944 3588//3588 3589//3589
f 3944//3944 3943//3943 3588//3588
f 3945//3945 3944//3944 3589//3589
f 3945//3945 3589//3589 3591//3591
f 3945//3945 3591//3591 3593//3593
f 3946//3946 3945//3945 3593//3593
f 3946//3946 3593//3593 3595//3595
f 3947//3947 3946//3946 3595//3595
f 3948//3948 3947//3947 3595//3595
f 3948//3948 3595//3595 3597//3597
f 3949//3949 3948//3948 3597//3597
f 3949//3949 3597//3597 3599//3599
f 3950//3950 3949//3949 3599//3599
f 3950//3950 3599//3599 3601//3601
f 3950//3950 3601//3601 3604//3604
f 3951//3951 3950//3950 3604//3604
f 3952//3952 3951//3951 3604//3604
f 3952//3952 3604//3604 3605//3605
f 3953//3953 3952//3952 3605//3605
f 3953//3953 3605//3605 3607//3607
f 3953//3953 3607//3607 3609//3609
f 3954//3954 3953//3953 3609//3609
f 3955//3955 3954//3954 3609//3609
f 3955//3955 3609//3609 3611//3611
f 3956//3956 3955//3955 3611//3611
f 3956//3956 3611//3611 3613//3613
f 3956//3956 3613//3613 3615//3615
f 3957//3957 3956//3956 3615//3615
f 3957//3957 3615//3615 3617//3617
f 3958//3958 3957//3957 3617//3617
f 3958//3958 3617//3617 3621//3621
f 3766//3766 3958//3958 3621//3621
f 3889//3889 3885//3885 3886//3886
f 3889//3889 3886//3886 3887//3887
f 3889//3889 3887//3887 3888//3888
f 3882//3882 3883//3883 3884//3884
f 3882//3882 3884//3884 3885//3885
f 3880//3880 3882//3882 3885//3885
f 3880//3880 3881//3881 3882//3882
f 3880//3880 3885//3885 3889//3889
f 3893//3893 3891//3891 3892//3892
f 3877//3877 3878//3878 3879//3879
f 3877//3877 3879//3879 3880//3880
f 3896//3896 3891//3891 3893//3893
f 3896//3896 3890//3890 3891//3891
f 3896//3896 3893//3893 3894//3894
f 3896//3896 3894//3894 3895//3895
f 3897//3897 3890//3890 3896//3896
f 3874//3874 3875//3875 3876//3876
f 3874//3874 3876//3876 3877//3877
f 3874//3874 3877//3877 3880//3880
f 3899//3899 3897//3897 3898//3898
f 3899//3899 3890//3890 3897//3897
f 3871//3871 3872//3872 3873//3873
f 3870//3870 3873//3873 3874//3874
f 3870//3870 3871//3871 3873//3873
f 3903//3903 3900//3900 3901//3901
f 3903//3903 3901//3901 3902//3902
f 3904//3904 3899//3899 3900//3900
f 3904//3904 3900//3900 3903//3903
f 3868//3868 3869//3869 3870//3870
f 3868//3868 3870//3870 3874//3874
f 3905//3905 3889//3889 3890//3890
f 3905//3905 3890//3890 3899//3899
f 3905//3905 3899//3899 3904//3904
f 3906//3906 3889//3889 3905//3905
f 3865//3865 3866//3866 3867//3867
f 3864//3864 3865//3865 3867//3867
f 3863//3863 3867//3867 3868//3868
f 3863//3863 3864//3864 3867//3867
f 3912//3912 3880//3880 3889//3889
f 3912//3912 3874//3874 3880//3880
f 3912//3912 3906//3906 3907//3907
f 3912//3912 3907//3907 3908//3908
f 3912//3912 3908//3908 3909//3909
f 3912//3912 3909//3909 3910//3910
f 3912//3912 3910//3910 3911//3911
f 3912//3912 3889//3889 3906//3906
f 3860//3860 3863//3863 3868//3868
f 3860//3860 3861//3861 3862//3862
f 3860//3860 3862//3862 3863//3863
f 3914//3914 3912//3912 3913//3913
f 3858//3858 3859//3859 3860//3860
f 3915//3915 3912//3912 3914//3914
f 3857//3857 3858//3858 3860//3860
f 3918//3918 3912//3912 3915//3915
f 3918//3918 3915//3915 3916//3916
f 3918//3918 3916//3916 3917//3917
f 3918//3918 3874//3874 3912//3912
f 3919//3919 3874//3874 3918//3918
f 3853//3853 3854//3854 3855//3855
f 3853//3853 3855//3855 3856//3856
f 3920//3920 3874//3874 3919//3919
f 3852//3852 3857//3857 3860//3860
f 3852//3852 3853//3853 3856//3856
f 3852//3852 3856//3856 3857//3857
f 3852//3852 3860//3860 3868//3868
f 3923//3923 3920//3920 3921//3921
f 3923//3923 3921//3921 3922//3922
f 3849//3849 3850//3850 3851//3851
f 3848//3848 3849//3849 3851//3851
f 3846//3846 3848//3848 3851//3851
f 3846//3846 3847//3847 3848//3848
f 3846//3846 3851//3851 3852//3852
f 3928//3928 3926//3926 3927//3927
f 3844//3844 3846//3846 3852//3852
f 3844//3844 3845//3845 3846//3846
f 3929//3929 3920//3920 3923//3923
f 3929//3929 3923//3923 3924//3924
f 3929//3929 3924//3924 3925//3925
f 3929//3929 3925//3925 3926//3926
f 3929//3929 3926//3926 3928//3928
f 3842//3842 3852//3852 3868//3868
f 3842//3842 3844//3844 3852//3852
f 3842//3842 3843//3843 3844//3844
f 3931//3931 3929//3929 3930//3930
f 3932//3932 3929//3929 3931//3931
f 3933//3933 3929//3929 3932//3932
f 3934//3934 3929//3929 3933//3933
f 3837//3837 3838//3838 3839//3839
f 3837//3837 3839//3839 3840//3840
f 3837//3837 3840//3840 3841//3841
f 3937//3937 3934//3934 3935//3935
f 3937//3937 3935//3935 3936//3936
f 3835//3835 3836//3836 3837//3837
f 3939//3939 3937//3937 3938//3938
f 3833//3833 3834//3834 3835//3835
f 3833//3833 3835//3835 3837//3837
f 3940//3940 3937//3937 3939//3939
f 3940//3940 3934//3934 3937//3937
f 3940//3940 3929//3929 3934//3934
f 3831//3831 3833//3833 3837//3837
f 3831//3831 3832//3832 3833//3833
f 3943//3943 3941//3941 3942//3942
f 3945//3945 3929//3929 3940//3940
f 3945//3945 3941//3941 3943//3943
f 3945//3945 3920//3920 3929//3929
f 3945//3945 3940//3940 3941//3941
f 3945//3945 3943//3943 3944//3944
f 3827//3827 3831//3831 3837//3837
f 3827//3827 3828//3828 3829//3829
f 3827//3827 3829//3829 3830//3830
f 3827//3827 3830//3830 3831//3831
f 3827//3827 3837//3837 3841//3841
f 3947//3947 3945//3945 3946//3946
f 3825//3825 3826//3826 3827//3827
f 3824//3824 3827//3827 3841//3841
f 3824//3824 3825//3825 3827//3827
f 3949//3949 3920//3920 3945//3945
f 3949//3949 3945//3945 3947//3947
f 3949//3949 3947//3947 3948//3948
f 3821//3821 3822//3822 3823//3823
f 3952//3952 3949//3949 3950//3950
f 3952//3952 3950//3950 3951//3951
f 3819//3819 3821//3821 3823//3823
f 3819//3819 3820//3820 3821//3821
f 3954//3954 3952//3952 3953//3953
f 3818//3818 3819//3819 3823//3823
f 3818//3818 3823//3823 3824//3824
f 3955//3955 3952//3952 3954//3954
f 3955//3955 3874//3874 3920//3920
f 3955//3955 3920//3920 3949//3949
f 3955//3955 3949//3949 3952//3952
f 3955//3955 3868//3868 3874//3874
f 3817//3817 3824//3824 3841//3841
f 3817//3817 3818//3818 3824//3824
f 3958//3958 3956//3956 3957//3957
f 3814//3814 3815//3815 3816//3816
f 3814//3814 3816//3816 3817//3817
f 3765//3765 3956//3956 3958//3958
f 3765//3765 3955//3955 3956//3956
f 3765//3765 3958//3958 3766//3766
f 3811//3811 3812//3812 3813//3813
f 3769//3769 3765//3765 3767//3767
f 3769//3769 3767//3767 3768//3768
f 3769//3769 3842//3842 3868//3868
f 3769//3769 3868//3868 3955//3955
f 3769//3769 3955//3955 3765//3765
f 3809//3809 3810//3810 3811//3811
f 3809//3809 3813//3813 3814//3814
f 3809//3809 3811//3811 3813//3813
f 3772//3772 3770//3770 3771//3771
f 3806//3806 3807//3807 3808//3808
f 3806//3806 3808//3808 3809//3809
f 3773//3773 3770//3770 3772//3772
f 3775//3775 3769//3769 3770//3770
f 3775//3775 3773//3773 3774//3774
f 3775//3775 3770//3770 3773//3773
f 3775//3775 3841//3841 3842//3842
f 3775//3775 3842//3842 3769//3769
f 3803//3803 3806//3806 3809//3809
f 3803//3803 3804//3804 3805//3805
f 3803//3803 3805//3805 3806//3806
f 3803//3803 3809//3809 3814//3814
f 3803//3803 3814//3814 3817//3817
f 3802//3802 3803//3803 3817//3817
f 3777//3777 3775//3775 3776//3776
f 3778//3778 3775//3775 3777//3777
f 3800//3800 3801//3801 3802//3802
f 3779//3779 3775//3775 3778//3778
f 3799//3799 3800//3800 3802//3802
f 3780//3780 3775//3775 3779//3779
f 3781//3781 3775//3775 3780//3780
f 3796//3796 3797//3797 3798//3798
f 3783//3783 3781//3781 3782//3782
f 3795//3795 3796//3796 3798//3798
f 3784//3784 3775//3775 3781//3781
f 3784//3784 3781//3781 3783//3783
f 3794//3794 3795//3795 3798//3798
f 3785//3785 3775//3775 3784//3784
f 3793//3793 3794//3794 3798//3798
f 3792//3792 3793//3793 3798//3798
f 3787//3787 3785//3785 3786//3786
f 3787//3787 3841//3841 3775//3775
f 3787//3787 3802//3802 3817//3817
f 3787//3787 3775//3775 3785//3785
f 3787//3787 3817//3817 3841//3841
f 3789//3789 3787//3787 3788//3788
f 3789//3789 3790//3790 3791//3791
f 3789//3789 3791//3791 3792//3792
f 3789//3789 3798//3798 3799//3799
f 3789//3789 3802//3802 3787//3787
f 3789//3789 3799//3799 3802//3802
f 3789//3789 3792//3792 3798//3798
f 3959//3959 3960//3960 3961//3961
f 3962//3962 3959//3959 3961//3961
f 3963//3963 3962//3962 3961//3961
f 3964//3964 3961//3961 3965//3965
f 3964//3964 3963//3963 3961//3961
f 3966//3966 3967//3967 3968//3968
f 3966//3966 3969//3969 3967//3967
f 3970//3970 3964//3964 3965//3965
f 3971//3971 3966//3966 3972//3972
f 3973//3973 3970//3970 3965//3965
f 3973//3973 3974//3974 3970//3970
f 3973//3973 3975//3975 3974//3974
f 3973//3973 3976//3976 3975//3975
f 3977//3977 3978//3978 3979//3979
f 3977//3977 3971//3971 3978//3978
f 3980//3980 3971//3971 3977//3977
f 3980//3980 3966//3966 3971//3971
f 3981//3981 3982//3982 3973//3973
f 3983//3983 3969//3969 3966//3966
f 3983//3983 3981//3981 3973//3973
f 3983//3983 3973//3973 3965//3965
f 3983//3983 3984//3984 3969//3969
f 3983//3983 3965//3965 3984//3984
f 3983//3983 3985//3985 3981//3981
f 3986//3986 3987//3987 3988//3988
f 3986//3986 3989//3989 3987//3987
f 3986//3986 3990//3990 3989//3989
f 3991//3991 3992//3992 3983//3983
f 3991//3991 3993//3993 3992//3992
f 3994//3994 3995//3995 3996//3996
f 3994//3994 3986//3986 3995//3995
f 3997//3997 3991//3991 3983//3983
f 3997//3997 3998//3998 3991//3991
f 3997//3997 3999//3999 3998//3998
f 4000//4000 4001//4001 3997//3997
f 4002//4002 4003//4003 4004//4004
f 4002//4002 3994//3994 4003//4003
f 4002//4002 3990//3990 3986//3986
f 4002//4002 3986//3986 3994//3994
f 4005//4005 4000//4000 3997//3997
f 4006//4006 4005//4005 3997//3997
f 4007//4007 4008//4008 4009//4009
f 4007//4007 4010//4010 4008//4008
f 4007//4007 4002//4002 4010//4010
f 4011//4011 4012//4012 4006//4006
f 4011//4011 4013//4013 4012//4012
f 4011//4011 4006//4006 3997//3997
f 4014//4014 4015//4015 4016//4016
f 4014//4014 4017//4017 4015//4015
f 4018//4018 4019//4019 4020//4020
f 4021//4021 4007//4007 4017//4017
f 4021//4021 4017//4017 4014//4014
f 4022//4022 4018//4018 4020//4020
f 4023//4023 4021//4021 4024//4024
f 4025//4025 4026//4026 4022//4022
f 4027//4027 4028//4028 4011//4011
f 4027//4027 4020//4020 4028//4028
f 4027//4027 4025//4025 4022//4022
f 4027//4027 4022//4022 4020//4020
f 4029//4029 4023//4023 4030//4030
f 4029//4029 4021//4021 4023//4023
f 4031//4031 4032//4032 4027//4027
f 4033//4033 4029//4029 4034//4034
f 4035//4035 4029//4029 4033//4033
f 4035//4035 4007//4007 4021//4021
f 4035//4035 3966//3966 3980//3980
f 4035//4035 4021//4021 4029//4029
f 4035//4035 3980//3980 3990//3990
f 4035//4035 3990//3990 4002//4002
f 4035//4035 4002//4002 4007//4007
f 4036//4036 4011//4011 3997//3997
f 4036//4036 4037//4037 4031//4031
f 4036//4036 4027//4027 4011//4011
f 4036//4036 4031//4031 4027//4027
f 4038//4038 4035//4035 4039//4039
f 4040//4040 3966//3966 4035//4035
f 4040//4040 3983//3983 3966//3966
f 4040//4040 4035//4035 4038//4038
f 4041//4041 4042//4042 4036//4036
f 4041//4041 4043//4043 4042//4042
f 4044//4044 4041//4041 4036//4036
f 4045//4045 4044//4044 4036//4036
f 4046//4046 3983//3983 4040//4040
f 4046//4046 4047//4047 4048//4048
f 4046//4046 4040//4040 4047//4047
f 4049//4049 4050//4050 4045//4045
f 4049//4049 4045//4045 4036//4036
f 4051//4051 4052//4052 4053//4053
f 4051//4051 4054//4054 4052//4052
f 4055//4055 4046//4046 4054//4054
f 4055//4055 4054//4054 4051//4051
f 4056//4056 4057//4057 4049//4049
f 4056//4056 4058//4058 4057//4057
f 4056//4056 4059//4059 4058//4058
f 4060//4060 4046//4046 4055//4055
f 4061//4061 4056//4056 4049//4049
f 4062//4062 4046//4046 4060//4060
f 4063//4063 4064//4064 4061//4061
f 4063//4063 4065//4065 4064//4064
f 4066//4066 4067//4067 4068//4068
f 4066//4066 4062//4062 4067//4067
f 4069//4069 4066//4066 4070//4070
f 4069//4069 4062//4062 4066//4066
f 4069//4069 4046//4046 4062//4062
f 4071//4071 4072//4072 4063//4063
f 4071//4071 4073//4073 4072//4072
f 4074//4074 4063//4063 4061//4061
f 4074//4074 4071//4071 4063//4063
f 4074//4074 4061//4061 4049//4049
f 4075//4075 4069//4069 4076//4076
f 4077//4077 4046//4046 4069//4069
f 4077//4077 4069//4069 4075//4075
f 4078//4078 4077//4077 4079//4079
f 4078//4078 4046//4046 4077//4077
f 4080//4080 4081//4081 4082//4082
f 4080//4080 4083//4083 4081//4081
f 4084//4084 4046//4046 4078//4078
f 4085//4085 4080//4080 4082//4082
f 4085//4085 4082//4082 4074//4074
f 4086//4086 4085//4085 4074//4074
f 4086//4086 4087//4087 4085//4085
f 4088//4088 4089//4089 4090//4090
f 4091//4091 4084//4084 4089//4089
f 4091//4091 4046//4046 4084//4084
f 4091//4091 4089//4089 4088//4088
f 4092//4092 4093//4093 4086//4086
f 4092//4092 4094//4094 4093//4093
f 4092//4092 4095//4095 4094//4094
f 4096//4096 4097//4097 4098//4098
f 4096//4096 4091//4091 4097//4097
f 4096//4096 4046//4046 4091//4091
f 4099//4099 4096//4096 4100//4100
f 4101//4101 4096//4096 4099//4099
f 4102//4102 4103//4103 4104//4104
f 4105//4105 4106//4106 4107//4107
f 4108//4108 4109//4109 4092//4092
f 4108//4108 4110//4110 4109//4109
f 4108//4108 4104//4104 4110//4110
f 4108//4108 4111//4111 4102//4102
f 4108//4108 4092//4092 4086//4086
f 4108//4108 4102//4102 4104//4104
f 4112//4112 4046//4046 4096//4096
f 4112//4112 4036//4036 3997//3997
f 4112//4112 4106//4106 4105//4105
f 4112//4112 4049//4049 4036//4036
f 4112//4112 3983//3983 4046//4046
f 4112//4112 3997//3997 3983//3983
f 4112//4112 4096//4096 4101//4101
f 4112//4112 4101//4101 4106//4106
f 4113//4113 4108//4108 4086//4086
f 4114//4114 4115//4115 4116//4116
f 4117//4117 4118//4118 4119//4119
f 4117//4117 4120//4120 4118//4118
f 4117//4117 4112//4112 4120//4120
f 4117//4117 4049//4049 4112//4112
f 4121//4121 4114//4114 4116//4116
f 4121//4121 4116//4116 4113//4113
f 4122//4122 4121//4121 4113//4113
f 4122//4122 4123//4123 4121//4121
f 4124//4124 4125//4125 4126//4126
f 4124//4124 4127//4127 4125//4125
f 4124//4124 4117//4117 4127//4127
f 4128//4128 4129//4129 4122//4122
f 4130//4130 4122//4122 4113//4113
f 4130//4130 4128//4128 4122//4122
f 4131//4131 4124//4124 4132//4132
f 4133//4133 4124//4124 4131//4131
f 4133//4133 4117//4117 4124//4124
f 4134//4134 4130//4130 4113//4113
f 4134//4134 4135//4135 4130//4130
f 4136//4136 4117//4117 4133//4133
f 4136//4136 4133//4133 4137//4137
f 4138//4138 4113//4113 4086//4086
f 4138//4138 4134//4134 4113//4113
f 4138//4138 4074//4074 4049//4049
f 4138//4138 4086//4086 4074//4074
f 4138//4138 4139//4139 4134//4134
f 4140//4140 4136//4136 4141//4141
f 4142//4142 4049//4049 4117//4117
f 4142//4142 4136//4136 4140//4140
f 4142//4142 4117//4117 4136//4136
f 4142//4142 4138//4138 4049//4049
f 4143//4143 4144//4144 4145//4145
f 4146//4146 4145//4145 4138//4138
f 4146//4146 4143//4143 4145//4145
f 4147//4147 4146//4146 4138//4138
f 4148//4148 4149//4149 4150//4150
f 4151//4151 4147//4147 4138//4138
f 4152//4152 4138//4138 4142//4142
f 4152//4152 4151//4151 4138//4138
f 4152//4152 4142//4142 4149//4149
f 4152//4152 4149//4149 4148//4148
f 4153//4153 4006//4006 4012//4012
f 4153//4153 4154//4154 4006//4006
f 4155//4155 4012//4012 4013//4013
f 4155//4155 4153//4153 4012//4012
f 4156//4156 4013//4013 4011//4011
f 4156//4156 4155//4155 4013//4013
f 4157//4157 4011//4011 4028//4028
f 4157//4157 4156//4156 4011//4011
f 4158//4158 4028//4028 4020//4020
f 4158//4158 4020//4020 4019//4019
f 4158//4158 4157//4157 4028//4028
f 4159//4159 4158//4158 4019//4019
f 4160//4160 4019//4019 4018//4018
f 4160//4160 4018//4018 4022//4022
f 4160//4160 4159//4159 4019//4019
f 4161//4161 4160//4160 4022//4022
f 4162//4162 4022//4022 4026//4026
f 4162//4162 4161//4161 4022//4022
f 4163//4163 4026//4026 4025//4025
f 4163//4163 4162//4162 4026//4026
f 4164//4164 4025//4025 4027//4027
f 4164//4164 4163//4163 4025//4025
f 4165//4165 4027//4027 4032//4032
f 4165//4165 4032//4032 4031//4031
f 4165//4165 4164//4164 4027//4027
f 4166//4166 4165//4165 4031//4031
f 4167//4167 4031//4031 4037//4037
f 4167//4167 4166//4166 4031//4031
f 4168//4168 4037//4037 4036//4036
f 4168//4168 4036//4036 4042//4042
f 4168//4168 4167//4167 4037//4037
f 4169//4169 4168//4168 4042//4042
f 4170//4170 4042//4042 4043//4043
f 4170//4170 4169//4169 4042//4042
f 4171//4171 4043//4043 4041//4041
f 4171//4171 4170//4170 4043//4043
f 4172//4172 4041//4041 4044//4044
f 4172//4172 4171//4171 4041//4041
f 4173//4173 4044//4044 4045//4045
f 4173//4173 4172//4172 4044//4044
f 4174//4174 4045//4045 4050//4050
f 4174//4174 4050//4050 4049//4049
f 4174//4174 4173//4173 4045//4045
f 4175//4175 4174//4174 4049//4049
f 4176//4176 4049//4049 4057//4057
f 4176//4176 4175//4175 4049//4049
f 4177//4177 4057//4057 4058//4058
f 4177//4177 4176//4176 4057//4057
f 4178//4178 4058//4058 4059//4059
f 4178//4178 4059//4059 4056//4056
f 4178//4178 4177//4177 4058//4058
f 4179//4179 4178//4178 4056//4056
f 4180//4180 4056//4056 4061//4061
f 4180//4180 4179//4179 4056//4056
f 4181//4181 4180//4180 4061//4061
f 4181//4181 4061//4061 4064//4064
f 4182//4182 4181//4181 4064//4064
f 4182//4182 4064//4064 4065//4065
f 4183//4183 4182//4182 4065//4065
f 4183//4183 4065//4065 4063//4063
f 4184//4184 4183//4183 4063//4063
f 4184//4184 4063//4063 4072//4072
f 4185//4185 4184//4184 4072//4072
f 4185//4185 4072//4072 4073//4073
f 4185//4185 4073//4073 4071//4071
f 4186//4186 4185//4185 4071//4071
f 4187//4187 4186//4186 4071//4071
f 4187//4187 4071//4071 4074//4074
f 4188//4188 4187//4187 4074//4074
f 4188//4188 4074//4074 4082//4082
f 4188//4188 4082//4082 4081//4081
f 4189//4189 4188//4188 4081//4081
f 4190//4190 4081//4081 4083//4083
f 4190//4190 4083//4083 4080//4080
f 4190//4190 4189//4189 4081//4081
f 4191//4191 4190//4190 4080//4080
f 4192//4192 4080//4080 4085//4085
f 4192//4192 4191//4191 4080//4080
f 4193//4193 4085//4085 4087//4087
f 4193//4193 4192//4192 4085//4085
f 4194//4194 4087//4087 4086//4086
f 4194//4194 4193//4193 4087//4087
f 4195//4195 4086//4086 4093//4093
f 4195//4195 4194//4194 4086//4086
f 4196//4196 4093//4093 4094//4094
f 4196//4196 4094//4094 4095//4095
f 4196//4196 4195//4195 4093//4093
f 4197//4197 4196//4196 4095//4095
f 4198//4198 4095//4095 4092//4092
f 4198//4198 4197//4197 4095//4095
f 4199//4199 4092//4092 4109//4109
f 4199//4199 4198//4198 4092//4092
f 4200//4200 4109//4109 4110//4110
f 4200//4200 4199//4199 4109//4109
f 4201//4201 4110//4110 4104//4104
f 4201//4201 4200//4200 4110//4110
f 4202//4202 4104//4104 4103//4103
f 4202//4202 4201//4201 4104//4104
f 4203//4203 4103//4103 4102//4102
f 4203//4203 4202//4202 4103//4103
f 4204//4204 4102//4102 4111//4111
f 4204//4204 4203//4203 4102//4102
f 4205//4205 4111//4111 4108//4108
f 4205//4205 4204//4204 4111//4111
f 4206//4206 4108//4108 4113//4113
f 4206//4206 4205//4205 4108//4108
f 4207//4207 4206//4206 4113//4113
f 4207//4207 4113//4113 4116//4116
f 4208//4208 4207//4207 4116//4116
f 4208//4208 4116//4116 4115//4115
f 4209//4209 4208//4208 4115//4115
f 4209//4209 4115//4115 4114//4114
f 4210//4210 4209//4209 4114//4114
f 4210//4210 4114//4114 4121//4121
f 4211//4211 4210//4210 4121//4121
f 4211//4211 4121//4121 4123//4123
f 4212//4212 4211//4211 4123//4123
f 4212//4212 4123//4123 4122//4122
f 4213//4213 4212//4212 4122//4122
f 4213//4213 4122//4122 4129//4129
f 4213//4213 4129//4129 4128//4128
f 4214//4214 4213//4213 4128//4128
f 4215//4215 4214//4214 4128//4128
f 4215//4215 4128//4128 4130//4130
f 4216//4216 4215//4215 4130//4130
f 4216//4216 4130//4130 4135//4135
f 4217//4217 4216//4216 4135//4135
f 4217//4217 4135//4135 4134//4134
f 4218//4218 4217//4217 4134//4134
f 4218//4218 4134//4134 4139//4139
f 4219//4219 4218//4218 4139//4139
f 4219//4219 4139//4139 4138//4138
f 4220//4220 4219//4219 4138//4138
f 4220//4220 4138//4138 4145//4145
f 4221//4221 4220//4220 4145//4145
f 4221//4221 4145//4145 4144//4144
f 4222//4222 4221//4221 4144//4144
f 4222//4222 4144//4144 4143//4143
f 4223//4223 4143//4143 4146//4146
f 4223//4223 4222//4222 4143//4143
f 4224//4224 4146//4146 4147//4147
f 4224//4224 4147//4147 4151//4151
f 4224//4224 4223//4223 4146//4146
f 4225//4225 4224//4224 4151//4151
f 4226//4226 4151//4151 4152//4152
f 4226//4226 4225//4225 4151//4151
f 4227//4227 4152//4152 4148//4148
f 4227//4227 4148//4148 4150//4150
f 4227//4227 4226//4226 4152//4152
f 4228//4228 4227//4227 4150//4150
f 4229//4229 4150//4150 4149//4149
f 4229//4229 4228//4228 4150//4150
f 4230//4230 4149//4149 4142//4142
f 4230//4230 4229//4229 4149//4149
f 4231//4231 4142//4142 4140//4140
f 4231//4231 4140//4140 4141//4141
f 4231//4231 4230//4230 4142//4142
f 4232//4232 4231//4231 4141//4141
f 4233//4233 4232//4232 4141//4141
f 4233//4233 4141//4141 4136//4136
f 4234//4234 4233//4233 4136//4136
f 4234//4234 4136//4136 4137//4137
f 4235//4235 4234//4234 4137//4137
f 4235//4235 4137//4137 4133//4133
f 4236//4236 4235//4235 4133//4133
f 4236//4236 4133//4133 4131//4131
f 4236//4236 4131//4131 4132//4132
f 4237//4237 4236//4236 4132//4132
f 4237//4237 4132//4132 4124//4124
f 4238//4238 4237//4237 4124//4124
f 4239//4239 4238//4238 4124//4124
f 4239//4239 4124//4124 4126//4126
f 4239//4239 4126//4126 4125//4125
f 4240//4240 4239//4239 4125//4125
f 4241//4241 4240//4240 4125//4125
f 4241//4241 4125//4125 4127//4127
f 4242//4242 4241//4241 4127//4127
f 4242//4242 4127//4127 4117//4117
f 4242//4242 4117//4117 4119//4119
f 4243//4243 4242//4242 4119//4119
f 4243//4243 4119//4119 4118//4118
f 4244//4244 4243//4243 4118//4118
f 4245//4245 4244//4244 4118//4118
f 4245//4245 4118//4118 4120//4120
f 4246//4246 4245//4245 4120//4120
f 4246//4246 4120//4120 4112//4112
f 4247//4247 4246//4246 4112//4112
f 4247//4247 4112//4112 4105//4105
f 4248//4248 4247//4247 4105//4105
f 4248//4248 4105//4105 4107//4107
f 4249//4249 4248//4248 4107//4107
f 4249//4249 4107//4107 4106//4106
f 4250//4250 4249//4249 4106//4106
f 4250//4250 4106//4106 4101//4101
f 4251//4251 4250//4250 4101//4101
f 4251//4251 4101//4101 4099//4099
f 4252//4252 4251//4251 4099//4099
f 4252//4252 4099//4099 4100//4100
f 4253//4253 4096//4096 4098//4098
f 4253//4253 4252//4252 4100//4100
f 4253//4253 4100//4100 4096//4096
f 4254//4254 4253//4253 4098//4098
f 4255//4255 4098//4098 4097//4097
f 4255//4255 4254//4254 4098//4098
f 4256//4256 4097//4097 4091//4091
f 4256//4256 4091//4091 4088//4088
f 4256//4256 4255//4255 4097//4097
f 4257//4257 4256//4256 4088//4088
f 4258//4258 4088//4088 4090//4090
f 4258//4258 4257//4257 4088//4088
f 4258//4258 4090//4090 4089//4089
f 4259//4259 4089//4089 4084//4084
f 4259//4259 4258//4258 4089//4089
f 4260//4260 4259//4259 4084//4084
f 4261//4261 4084//4084 4078//4078
f 4261//4261 4260//4260 4084//4084
f 4262//4262 4078//4078 4079//4079
f 4262//4262 4261//4261 4078//4078
f 4263//4263 4079//4079 4077//4077
f 4263//4263 4262//4262 4079//4079
f 4264//4264 4077//4077 4075//4075
f 4264//4264 4263//4263 4077//4077
f 4265//4265 4075//4075 4076//4076
f 4265//4265 4264//4264 4075//4075
f 4266//4266 4076//4076 4069//4069
f 4266//4266 4265//4265 4076//4076
f 4267//4267 4069//4069 4070//4070
f 4267//4267 4266//4266 4069//4069
f 4268//4268 4070//4070 4066//4066
f 4268//4268 4267//4267 4070//4070
f 4269//4269 4066//4066 4068//4068
f 4269//4269 4268//4268 4066//4066
f 4270//4270 4068//4068 4067//4067
f 4270//4270 4269//4269 4068//4068
f 4271//4271 4067//4067 4062//4062
f 4271//4271 4062//4062 4060//4060
f 4271//4271 4270//4270 4067//4067
f 4272//4272 4271//4271 4060//4060
f 4273//4273 4060//4060 4055//4055
f 4273//4273 4055//4055 4051//4051
f 4273//4273 4272//4272 4060//4060
f 4274//4274 4273//4273 4051//4051
f 4275//4275 4051//4051 4053//4053
f 4275//4275 4274//4274 4051//4051
f 4276//4276 4053//4053 4052//4052
f 4276//4276 4275//4275 4053//4053
f 4277//4277 4052//4052 4054//4054
f 4277//4277 4276//4276 4052//4052
f 4278//4278 4054//4054 4046//4046
f 4278//4278 4277//4277 4054//4054
f 4279//4279 4046//4046 4048//4048
f 4279//4279 4278//4278 4046//4046
f 4280//4280 4048//4048 4047//4047
f 4280//4280 4279//4279 4048//4048
f 4281//4281 4047//4047 4040//4040
f 4281//4281 4280//4280 4047//4047
f 4282//4282 4281//4281 4040//4040
f 4282//4282 4040//4040 4038//4038
f 4283//4283 4282//4282 4038//4038
f 4283//4283 4038//4038 4039//4039
f 4284//4284 4283//4283 4039//4039
f 4284//4284 4039//4039 4035//4035
f 4285//4285 4284//4284 4035//4035
f 4285//4285 4035//4035 4033//4033
f 4286//4286 4285//4285 4033//4033
f 4286//4286 4033//4033 4034//4034
f 4287//4287 4286//4286 4034//4034
f 4287//4287 4034//4034 4029//4029
f 4288//4288 4287//4287 4029//4029
f 4288//4288 4029//4029 4030//4030
f 4289//4289 4288//4288 4030//4030
f 4289//4289 4030//4030 4023//4023
f 4290//4290 4289//4289 4023//4023
f 4290//4290 4023//4023 4024//4024
f 4290//4290 4024//4024 4021//4021
f 4291//4291 4290//4290 4021//4021
f 4292//4292 4021//4021 4014//4014
f 4292//4292 4014//4014 4016//4016
f 4292//4292 4291//4291 4021//4021
f 4293//4293 4292//4292 4016//4016
f 4294//4294 4016//4016 4015//4015
f 4294//4294 4293//4293 4016//4016
f 4295//4295 4015//4015 4017//4017
f 4295//4295 4017//4017 4007//4007
f 4295//4295 4294//4294 4015//4015
f 4296//4296 4007//4007 4009//4009
f 4296//4296 4295//4295 4007//4007
f 4297//4297 4296//4296 4009//4009
f 4298//4298 4009//4009 4008//4008
f 4298//4298 4008//4008 4010//4010
f 4298//4298 4297//4297 4009//4009
f 4299//4299 4010//4010 4002//4002
f 4299//4299 4298//4298 4010//4010
f 4300//4300 4299//4299 4002//4002
f 4301//4301 4002//4002 4004//4004
f 4301//4301 4004//4004 4003//4003
f 4301//4301 4300//4300 4002//4002
f 4302//4302 4003//4003 3994//3994
f 4302//4302 4301//4301 4003//4003
f 4303//4303 4302//4302 3994//3994
f 4304//4304 3994//3994 3996//3996
f 4304//4304 4303//4303 3994//3994
f 4305//4305 3996//3996 3995//3995
f 4305//4305 4304//4304 3996//3996
f 4306//4306 3995//3995 3986//3986
f 4306//4306 3986//3986 3988//3988
f 4306//4306 4305//4305 3995//3995
f 4307//4307 3988//3988 3987//3987
f 4307//4307 4306//4306 3988//3988
f 4308//4308 4307//4307 3987//3987
f 4309//4309 4308//4308 3987//3987
f 4309//4309 3987//3987 3989//3989
f 4310//4310 4309//4309 3989//3989
f 4310//4310 3989//3989 3990//3990
f 4310//4310 3990//3990 3980//3980
f 4311//4311 4310//4310 3980//3980
f 4312//4312 4311//4311 3980//3980
f 4312//4312 3980//3980 3977//3977
f 4312//4312 3977//3977 3979//3979
f 4313//4313 4312//4312 3979//3979
f 4313//4313 3979//3979 3978//3978
f 4314//4314 4313//4313 3978//3978
f 4314//4314 3978//3978 3971//3971
f 4315//4315 4314//4314 3971//3971
f 4316//4316 4315//4315 3971//3971
f 4316//4316 3971//3971 3972//3972
f 4316//4316 3972//3972 3966//3966
f 4317//4317 4316//4316 3966//3966
f 4318//4318 4317//4317 3966//3966
f 4318//4318 3966//3966 3968//3968
f 4319//4319 4318//4318 3968//3968
f 4319//4319 3968//3968 3967//3967
f 4319//4319 3967//3967 3969//3969
f 4320//4320 4319//4319 3969//3969
f 4320//4320 3969//3969 3984//3984
f 4321//4321 4320//4320 3984//3984
f 4321//4321 3984//3984 3965//3965
f 4322//4322 4321//4321 3965//3965
f 4323//4323 4322//4322 3965//3965
f 4323//4323 3965//3965 3961//3961
f 4323//4323 3961//3961 3960//3960
f 4324//4324 4323//4323 3960//3960
f 4325//4325 3960//3960 3959//3959
f 4325//4325 4324//4324 3960//3960
f 4326//4326 3959//3959 3962//3962
f 4326//4326 4325//4325 3959//3959
f 4326//4326 3962//3962 3963//3963
f 4327//4327 4326//4326 3963//3963
f 4328//4328 3963//3963 3964//3964
f 4328//4328 4327//4327 3963//3963
f 4329//4329 3964//3964 3970//3970
f 4329//4329 4328//4328 3964//3964
f 4330//4330 3970//3970 3974//3974
f 4330//4330 4329//4329 3970//3970
f 4331//4331 3974//3974 3975//3975
f 4331//4331 3975//3975 3976//3976
f 4331//4331 4330//4330 3974//3974
f 4332//4332 4331//4331 3976//3976
f 4333//4333 4332//4332 3976//3976
f 4333//4333 3976//3976 3973//3973
f 4333//4333 3973//3973 3982//3982
f 4334//4334 4333//4333 3982//3982
f 4335//4335 4334//4334 3982//3982
f 4335//4335 3982//3982 3981//3981
f 4335//4335 3981//3981 3985//3985
f 4336//4336 4335//4335 3985//3985
f 4337//4337 4336//4336 3985//3985
f 4337//4337 3985//3985 3983//3983
f 4338//4338 4337//4337 3983//3983
f 4338//4338 3983//3983 3992//3992
f 4338//4338 3992//3992 3993//3993
f 4339//4339 4338//4338 3993//3993
f 4340//4340 4339//4339 3993//3993
f 4340//4340 3993//3993 3991//3991
f 4341//4341 4340//4340 3991//3991
f 4341//4341 3991//3991 3998//3998
f 4342//4342 4341//4341 3998//3998
f 4342//4342 3998//3998 3999//3999
f 4343//4343 4342//4342 3999//3999
f 4343//4343 3999//3999 3997//3997
f 4343//4343 3997//3997 4001//4001
f 4344//4344 4343//4343 4001//4001
f 4344//4344 4001//4001 4000//4000
f 4345//4345 4344//4344 4000//4000
f 4346//4346 4345//4345 4000//4000
f 4346//4346 4000//4000 4005//4005
f 4346//4346 4005//4005 4006//4006
f 4154//4154 4346//4346 4006//4006
f 4347//4347 4273//4273 4274//4274
f 4347//4347 4274//4274 4275//4275
f 4348//4348 4347//4347 4275//4275
f 4348//4348 4275//4275 4276//4276
f 4349//4349 4273//4273 4347//4347
f 4349//4349 4272//4272 4273//4273
f 4350//4350 4276//4276 4277//4277
f 4350//4350 4348//4348 4276//4276
f 4351//4351 4271//4271 4272//4272
f 4351//4351 4272//4272 4349//4349
f 4352//4352 4277//4277 4278//4278
f 4352//4352 4350//4350 4277//4277
f 4353//4353 4270//4270 4271//4271
f 4353//4353 4271//4271 4351//4351
f 4354//4354 4278//4278 4279//4279
f 4354//4354 4352//4352 4278//4278
f 4355//4355 4270//4270 4353//4353
f 4355//4355 4269//4269 4270//4270
f 4356//4356 4279//4279 4280//4280
f 4356//4356 4354//4354 4279//4279
f 4357//4357 4268//4268 4269//4269
f 4357//4357 4269//4269 4355//4355
f 4358//4358 4280//4280 4281//4281
f 4358//4358 4356//4356 4280//4280
f 4359//4359 4267//4267 4268//4268
f 4359//4359 4268//4268 4357//4357
f 4360//4360 4281//4281 4282//4282
f 4360//4360 4282//4282 4283//4283
f 4360//4360 4358//4358 4281//4281
f 4361//4361 4265//4265 4266//4266
f 4361//4361 4266//4266 4267//4267
f 4361//4361 4267//4267 4359//4359
f 4362//4362 4283//4283 4284//4284
f 4362//4362 4360//4360 4283//4283
f 4363//4363 4264//4264 4265//4265
f 4363//4363 4265//4265 4361//4361
f 4364//4364 4284//4284 4285//4285
f 4364//4364 4362//4362 4284//4284
f 4365//4365 4263//4263 4264//4264
f 4365//4365 4264//4264 4363//4363
f 4366//4366 4285//4285 4286//4286
f 4366//4366 4364//4364 4285//4285
f 4367//4367 4262//4262 4263//4263
f 4367//4367 4263//4263 4365//4365
f 4368//4368 4286//4286 4287//4287
f 4368//4368 4366//4366 4286//4286
f 4369//4369 4261//4261 4262//4262
f 4369//4369 4262//4262 4367//4367
f 4370//4370 4368//4368 4287//4287
f 4370//4370 4287//4287 4288//4288
f 4371//4371 4260//4260 4261//4261
f 4371//4371 4261//4261 4369//4369
f 4372//4372 4288//4288 4289//4289
f 4372//4372 4370//4370 4288//4288
f 4373//4373 4260//4260 4371//4371
f 4373//4373 4259//4259 4260//4260
f 4374//4374 4372//4372 4289//4289
f 4374//4374 4289//4289 4290//4290
f 4374//4374 4290//4290 4291//4291
f 4375//4375 4257//4257 4258//4258
f 4375//4375 4258//4258 4259//4259
f 4375//4375 4259//4259 4373//4373
f 4376//4376 4291//4291 4292//4292
f 4376//4376 4374//4374 4291//4291
f 4377//4377 4256//4256 4257//4257
f 4377//4377 4257//4257 4375//4375
f 4378//4378 4292//4292 4293//4293
f 4378//4378 4376//4376 4292//4292
f 4379//4379 4255//4255 4256//4256
f 4379//4379 4256//4256 4377//4377
f 4380//4380 4378//4378 4293//4293
f 4380//4380 4293//4293 4294//4294
f 4381//4381 4254//4254 4255//4255
f 4381//4381 4255//4255 4379//4379
f 4382//4382 4380//4380 4294//4294
f 4382//4382 4294//4294 4295//4295
f 4383//4383 4253//4253 4254//4254
f 4383//4383 4254//4254 4381//4381
f 4384//4384 4295//4295 4296//4296
f 4384//4384 4382//4382 4295//4295
f 4385//4385 4253//4253 4383//4383
f 4385//4385 4252//4252 4253//4253
f 4386//4386 4296//4296 4297//4297
f 4386//4386 4384//4384 4296//4296
f 4387//4387 4252//4252 4385//4385
f 4387//4387 4251//4251 4252//4252
f 4388//4388 4297//4297 4298//4298
f 4388//4388 4386//4386 4297//4297
f 4389//4389 4251//4251 4387//4387
f 4389//4389 4249//4249 4250//4250
f 4389//4389 4250//4250 4251//4251
f 4390//4390 4298//4298 4299//4299
f 4390//4390 4299//4299 4300//4300
f 4390//4390 4388//4388 4298//4298
f 4391//4391 4249//4249 4389//4389
f 4391//4391 4248//4248 4249//4249
f 4392//4392 4300//4300 4301//4301
f 4392//4392 4390//4390 4300//4300
f 4393//4393 4248//4248 4391//4391
f 4393//4393 4247//4247 4248//4248
f 4394//4394 4301//4301 4302//4302
f 4394//4394 4392//4392 4301//4301
f 4395//4395 4247//4247 4393//4393
f 4395//4395 4246//4246 4247//4247
f 4396//4396 4302//4302 4303//4303
f 4396//4396 4394//4394 4302//4302
f 4397//4397 4245//4245 4246//4246
f 4397//4397 4246//4246 4395//4395
f 4398//4398 4303//4303 4304//4304
f 4398//4398 4396//4396 4303//4303
f 4399//4399 4245//4245 4397//4397
f 4399//4399 4244//4244 4245//4245
f 4400//4400 4304//4304 4305//4305
f 4400//4400 4398//4398 4304//4304
f 4401//4401 4244//4244 4399//4399
f 4401//4401 4243//4243 4244//4244
f 4402//4402 4400//4400 4305//4305
f 4402//4402 4305//4305 4306//4306
f 4403//4403 4243//4243 4401//4401
f 4403//4403 4241//4241 4242//4242
f 4403//4403 4242//4242 4243//4243
f 4404//4404 4306//4306 4307//4307
f 4404//4404 4307//4307 4308//4308
f 4404//4404 4402//4402 4306//4306
f 4405//4405 4241//4241 4403//4403
f 4405//4405 4240//4240 4241//4241
f 4406//4406 4404//4404 4308//4308
f 4406//4406 4308//4308 4309//4309
f 4407//4407 4240//4240 4405//4405
f 4407//4407 4239//4239 4240//4240
f 4408//4408 4406//4406 4309//4309
f 4408//4408 4309//4309 4310//4310
f 4409//4409 4239//4239 4407//4407
f 4409//4409 4238//4238 4239//4239
f 4410//4410 4408//4408 4310//4310
f 4410//4410 4310//4310 4311//4311
f 4411//4411 4238//4238 4409//4409
f 4411//4411 4237//4237 4238//4238
f 4412//4412 4410//4410 4311//4311
f 4412//4412 4311//4311 4312//4312
f 4413//4413 4237//4237 4411//4411
f 4413//4413 4236//4236 4237//4237
f 4414//4414 4412//4412 4312//4312
f 4414//4414 4312//4312 4313//4313
f 4415//4415 4236//4236 4413//4413
f 4415//4415 4235//4235 4236//4236
f 4416//4416 4414//4414 4313//4313
f 4416//4416 4313//4313 4314//4314
f 4417//4417 4235//4235 4415//4415
f 4417//4417 4233//4233 4234//4234
f 4417//4417 4234//4234 4235//4235
f 4418//4418 4314//4314 4315//4315
f 4418//4418 4416//4416 4314//4314
f 4418//4418 4315//4315 4316//4316
f 4419//4419 4233//4233 4417//4417
f 4419//4419 4232//4232 4233//4233
f 4420//4420 4418//4418 4316//4316
f 4420//4420 4316//4316 4317//4317
f 4421//4421 4231//4231 4232//4232
f 4421//4421 4232//4232 4419//4419
f 4422//4422 4317//4317 4318//4318
f 4422//4422 4420//4420 4317//4317
f 4423//4423 4230//4230 4231//4231
f 4423//4423 4231//4231 4421//4421
f 4424//4424 4318//4318 4319//4319
f 4424//4424 4422//4422 4318//4318
f 4425//4425 4229//4229 4230//4230
f 4425//4425 4230//4230 4423//4423
f 4426//4426 4319//4319 4320//4320
f 4426//4426 4424//4424 4319//4319
f 4427//4427 4228//4228 4229//4229
f 4427//4427 4229//4229 4425//4425
f 4428//4428 4426//4426 4320//4320
f 4428//4428 4320//4320 4321//4321
f 4429//4429 4228//4228 4427//4427
f 4429//4429 4227//4227 4228//4228
f 4430//4430 4428//4428 4321//4321
f 4430//4430 4321//4321 4322//4322
f 4431//4431 4227//4227 4429//4429
f 4431//4431 4226//4226 4227//4227
f 4432//4432 4430//4430 4322//4322
f 4323//4323 4432//4432 4322//4322
f 4225//4225 4226//4226 4431//4431
f 4225//4225 4431//4431 4433//4433
f 4324//4324 4432//4432 4323//4323
f 4324//4324 4434//4434 4432//4432
f 4224//4224 4225//4225 4433//4433
f 4224//4224 4433//4433 4435//4435
f 4325//4325 4434//4434 4324//4324
f 4325//4325 4436//4436 4434//4434
f 4223//4223 4224//4224 4435//4435
f 4223//4223 4435//4435 4437//4437
f 4326//4326 4438//4438 4436//4436
f 4326//4326 4436//4436 4325//4325
f 4222//4222 4223//4223 4437//4437
f 4222//4222 4437//4437 4439//4439
f 4327//4327 4440//4440 4438//4438
f 4327//4327 4438//4438 4326//4326
f 4221//4221 4439//4439 4441//4441
f 4221//4221 4222//4222 4439//4439
f 4328//4328 4442//4442 4440//4440
f 4328//4328 4440//4440 4327//4327
f 4220//4220 4441//4441 4443//4443
f 4220//4220 4221//4221 4441//4441
f 4329//4329 4444//4444 4442//4442
f 4329//4329 4442//4442 4328//4328
f 4219//4219 4443//4443 4445//4445
f 4219//4219 4220//4220 4443//4443
f 4330//4330 4446//4446 4444//4444
f 4330//4330 4444//4444 4329//4329
f 4218//4218 4219//4219 4445//4445
f 4331//4331 4446//4446 4330//4330
f 4217//4217 4445//4445 4447//4447
f 4217//4217 4218//4218 4445//4445
f 4332//4332 4448//4448 4446//4446
f 4332//4332 4446//4446 4331//4331
f 4216//4216 4447//4447 4449//4449
f 4216//4216 4217//4217 4447//4447
f 4333//4333 4450//4450 4448//4448
f 4333//4333 4448//4448 4332//4332
f 4215//4215 4216//4216 4449//4449
f 4215//4215 4449//4449 4451//4451
f 4334//4334 4450//4450 4333//4333
f 4334//4334 4452//4452 4450//4450
f 4214//4214 4215//4215 4451//4451
f 4214//4214 4451//4451 4453//4453
f 4335//4335 4452//4452 4334//4334
f 4335//4335 4454//4454 4452//4452
f 4213//4213 4214//4214 4453//4453
f 4213//4213 4453//4453 4455//4455
f 4336//4336 4454//4454 4335//4335
f 4336//4336 4456//4456 4454//4454
f 4212//4212 4213//4213 4455//4455
f 4212//4212 4455//4455 4457//4457
f 4337//4337 4456//4456 4336//4336
f 4337//4337 4458//4458 4456//4456
f 4211//4211 4457//4457 4459//4459
f 4211//4211 4212//4212 4457//4457
f 4338//4338 4458//4458 4337//4337
f 4338//4338 4460//4460 4458//4458
f 4210//4210 4211//4211 4459//4459
f 4339//4339 4460//4460 4338//4338
f 4209//4209 4459//4459 4461//4461
f 4209//4209 4210//4210 4459//4459
f 4340//4340 4460//4460 4339//4339
f 4340//4340 4462//4462 4460//4460
f 4208//4208 4461//4461 4463//4463
f 4208//4208 4209//4209 4461//4461
f 4341//4341 4464//4464 4462//4462
f 4341//4341 4462//4462 4340//4340
f 4207//4207 4208//4208 4463//4463
f 4207//4207 4463//4463 4465//4465
f 4342//4342 4466//4466 4464//4464
f 4342//4342 4464//4464 4341//4341
f 4206//4206 4465//4465 4467//4467
f 4206//4206 4207//4207 4465//4465
f 4343//4343 4468//4468 4466//4466
f 4343//4343 4466//4466 4342//4342
f 4205//4205 4206//4206 4467//4467
f 4205//4205 4467//4467 4469//4469
f 4344//4344 4470//4470 4468//4468
f 4344//4344 4468//4468 4343//4343
f 4204//4204 4205//4205 4469//4469
f 4204//4204 4469//4469 4471//4471
f 4345//4345 4472//4472 4470//4470
f 4345//4345 4470//4470 4344//4344
f 4203//4203 4204//4204 4471//4471
f 4203//4203 4471//4471 4473//4473
f 4346//4346 4474//4474 4472//4472
f 4346//4346 4472//4472 4345//4345
f 4202//4202 4203//4203 4473//4473
f 4154//4154 4474//4474 4346//4346
f 4201//4201 4202//4202 4473//4473
f 4201//4201 4473//4473 4475//4475
f 4153//4153 4474//4474 4154//4154
f 4153//4153 4476//4476 4474//4474
f 4200//4200 4475//4475 4477//4477
f 4200//4200 4201//4201 4475//4475
f 4155//4155 4476//4476 4153//4153
f 4155//4155 4478//4478 4476//4476
f 4199//4199 4477//4477 4479//4479
f 4199//4199 4200//4200 4477//4477
f 4156//4156 4478//4478 4155//4155
f 4156//4156 4480//4480 4478//4478
f 4198//4198 4479//4479 4481//4481
f 4198//4198 4199//4199 4479//4479
f 4157//4157 4480//4480 4156//4156
f 4157//4157 4482//4482 4480//4480
f 4197//4197 4481//4481 4483//4483
f 4197//4197 4198//4198 4481//4481
f 4158//4158 4482//4482 4157//4157
f 4158//4158 4484//4484 4482//4482
f 4196//4196 4197//4197 4483//4483
f 4196//4196 4483//4483 4485//4485
f 4159//4159 4484//4484 4158//4158
f 4159//4159 4486//4486 4484//4484
f 4195//4195 4196//4196 4485//4485
f 4195//4195 4485//4485 4487//4487
f 4160//4160 4486//4486 4159//4159
f 4160//4160 4488//4488 4486//4486
f 4194//4194 4195//4195 4487//4487
f 4194//4194 4487//4487 4489//4489
f 4161//4161 4488//4488 4160//4160
f 4193//4193 4194//4194 4489//4489
f 4162//4162 4490//4490 4488//4488
f 4162//4162 4488//4488 4161//4161
f 4192//4192 4489//4489 4491//4491
f 4192//4192 4193//4193 4489//4489
f 4163//4163 4492//4492 4490//4490
f 4163//4163 4490//4490 4162//4162
f 4191//4191 4192//4192 4491//4491
f 4191//4191 4491//4491 4493//4493
f 4164//4164 4494//4494 4492//4492
f 4164//4164 4492//4492 4163//4163
f 4190//4190 4191//4191 4493//4493
f 4190//4190 4493//4493 4495//4495
f 4165//4165 4496//4496 4494//4494
f 4165//4165 4494//4494 4164//4164
f 4189//4189 4190//4190 4495//4495
f 4189//4189 4495//4495 4497//4497
f 4166//4166 4498//4498 4496//4496
f 4166//4166 4496//4496 4165//4165
f 4188//4188 4497//4497 4499//4499
f 4188//4188 4189//4189 4497//4497
f 4167//4167 4500//4500 4498//4498
f 4167//4167 4498//4498 4166//4166
f 4187//4187 4499//4499 4501//4501
f 4187//4187 4188//4188 4499//4499
f 4168//4168 4502//4502 4500//4500
f 4168//4168 4500//4500 4167//4167
f 4186//4186 4501//4501 4503//4503
f 4186//4186 4187//4187 4501//4501
f 4169//4169 4502//4502 4168//4168
f 4185//4185 4186//4186 4503//4503
f 4170//4170 4504//4504 4502//4502
f 4170//4170 4502//4502 4169//4169
f 4184//4184 4503//4503 4505//4505
f 4184//4184 4185//4185 4503//4503
f 4171//4171 4506//4506 4504//4504
f 4171//4171 4504//4504 4170//4170
f 4183//4183 4184//4184 4505//4505
f 4183//4183 4505//4505 4507//4507
f 4172//4172 4508//4508 4506//4506
f 4172//4172 4506//4506 4171//4171
f 4182//4182 4507//4507 4509//4509
f 4182//4182 4183//4183 4507//4507
f 4173//4173 4510//4510 4508//4508
f 4173//4173 4508//4508 4172//4172
f 4181//4181 4509//4509 4511//4511
f 4181//4181 4182//4182 4509//4509
f 4174//4174 4512//4512 4510//4510
f 4174//4174 4510//4510 4173//4173
f 4180//4180 4511//4511 4513//4513
f 4180//4180 4181//4181 4511//4511
f 4175//4175 4514//4514 4512//4512
f 4175//4175 4512//4512 4174//4174
f 4179//4179 4513//4513 4515//4515
f 4179//4179 4180//4180 4513//4513
f 4176//4176 4516//4516 4514//4514
f 4176//4176 4514//4514 4175//4175
f 4178//4178 4515//4515 4516//4516
f 4178//4178 4179//4179 4515//4515
f 4177//4177 4178//4178 4516//4516
f 4177//4177 4516//4516 4176//4176
f 4517//4517 4474//4474 4476//4476
f 4517//4517 4518//4518 4474//4474
f 4519//4519 4476//4476 4478//4478
f 4519//4519 4517//4517 4476//4476
f 4520//4520 4478//4478 4480//4480
f 4520//4520 4519//4519 4478//4478
f 4521//4521 4480//4480 4482//4482
f 4521//4521 4520//4520 4480//4480
f 4522//4522 4482//4482 4484//4484
f 4522//4522 4521//4521 4482//4482
f 4523//4523 4484//4484 4486//4486
f 4523//4523 4486//4486 4488//4488
f 4523//4523 4522//4522 4484//4484
f 4524//4524 4523//4523 4488//4488
f 4525//4525 4488//4488 4490//4490
f 4525//4525 4490//4490 4492//4492
f 4525//4525 4524//4524 4488//4488
f 4526//4526 4525//4525 4492//4492
f 4527//4527 4492//4492 4494//4494
f 4527//4527 4494//4494 4496//4496
f 4527//4527 4526//4526 4492//4492
f 4528//4528 4527//4527 4496//4496
f 4529//4529 4496//4496 4498//4498
f 4529//4529 4498//4498 4500//4500
f 4529//4529 4528//4528 4496//4496
f 4530//4530 4529//4529 4500//4500
f 4531//4531 4500//4500 4502//4502
f 4531//4531 4530//4530 4500//4500
f 4532//4532 4531//4531 4502//4502
f 4532//4532 4502//4502 4504//4504
f 4533//4533 4532//4532 4504//4504
f 4533//4533 4504//4504 4506//4506
f 4534//4534 4533//4533 4506//4506
f 4534//4534 4506//4506 4508//4508
f 4534//4534 4508//4508 4510//4510
f 4535//4535 4534//4534 4510//4510
f 4536//4536 4535//4535 4510//4510
f 4536//4536 4510//4510 4512//4512
f 4537//4537 4512//4512 4514//4514
f 4537//4537 4536//4536 4512//4512
f 4538//4538 4537//4537 4514//4514
f 4538//4538 4514//4514 4516//4516
f 4539//4539 4516//4516 4515//4515
f 4539//4539 4538//4538 4516//4516
f 4540//4540 4515//4515 4513//4513
f 4540//4540 4539//4539 4515//4515
f 4541//4541 4513//4513 4511//4511
f 4541//4541 4540//4540 4513//4513
f 4542//4542 4511//4511 4509//4509
f 4542//4542 4541//4541 4511//4511
f 4543//4543 4509//4509 4507//4507
f 4543//4543 4542//4542 4509//4509
f 4544//4544 4507//4507 4505//4505
f 4544//4544 4505//4505 4503//4503
f 4544//4544 4543//4543 4507//4507
f 4545//4545 4544//4544 4503//4503
f 4546//4546 4503//4503 4501//4501
f 4546//4546 4501//4501 4499//4499
f 4546//4546 4545//4545 4503//4503
f 4547//4547 4499//4499 4497//4497
f 4547//4547 4546//4546 4499//4499
f 4548//4548 4547//4547 4497//4497
f 4549//4549 4497//4497 4495//4495
f 4549//4549 4548//4548 4497//4497
f 4550//4550 4495//4495 4493//4493
f 4550//4550 4549//4549 4495//4495
f 4551//4551 4493//4493 4491//4491
f 4551//4551 4550//4550 4493//4493
f 4552//4552 4491//4491 4489//4489
f 4552//4552 4551//4551 4491//4491
f 4553//4553 4489//4489 4487//4487
f 4553//4553 4552//4552 4489//4489
f 4554//4554 4487//4487 4485//4485
f 4554//4554 4553//4553 4487//4487
f 4555//4555 4485//4485 4483//4483
f 4555//4555 4483//4483 4481//4481
f 4555//4555 4554//4554 4485//4485
f 4556//4556 4555//4555 4481//4481
f 4557//4557 4556//4556 4481//4481
f 4557//4557 4481//4481 4479//4479
f 4557//4557 4479//4479 4477//4477
f 4558//4558 4557//4557 4477//4477
f 4559//4559 4558//4558 4477//4477
f 4559//4559 4477//4477 4475//4475
f 4560//4560 4559//4559 4475//4475
f 4560//4560 4475//4475 4473//4473
f 4560//4560 4473//4473 4471//4471
f 4561//4561 4560//4560 4471//4471
f 4562//4562 4561//4561 4471//4471
f 4562//4562 4471//4471 4469//4469
f 4562//4562 4469//4469 4467//4467
f 4563//4563 4562//4562 4467//4467
f 4564//4564 4563//4563 4467//4467
f 4564//4564 4467//4467 4465//4465
f 4565//4565 4564//4564 4465//4465
f 4565//4565 4465//4465 4463//4463
f 4566//4566 4565//4565 4463//4463
f 4566//4566 4463//4463 4461//4461
f 4567//4567 4566//4566 4461//4461
f 4567//4567 4461//4461 4459//4459
f 4568//4568 4567//4567 4459//4459
f 4568//4568 4459//4459 4457//4457
f 4568//4568 4457//4457 4455//4455
f 4569//4569 4568//4568 4455//4455
f 4570//4570 4455//4455 4453//4453
f 4570//4570 4569//4569 4455//4455
f 4571//4571 4453//4453 4451//4451
f 4571//4571 4570//4570 4453//4453
f 4571//4571 4451//4451 4449//4449
f 4572//4572 4571//4571 4449//4449
f 4573//4573 4449//4449 4447//4447
f 4573//4573 4572//4572 4449//4449
f 4574//4574 4447//4447 4445//4445
f 4574//4574 4573//4573 4447//4447
f 4575//4575 4445//4445 4443//4443
f 4575//4575 4574//4574 4445//4445
f 4576//4576 4443//4443 4441//4441
f 4576//4576 4575//4575 4443//4443
f 4577//4577 4441//4441 4439//4439
f 4577//4577 4576//4576 4441//4441
f 4578//4578 4439//4439 4437//4437
f 4578//4578 4577//4577 4439//4439
f 4579//4579 4437//4437 4435//4435
f 4579//4579 4578//4578 4437//4437
f 4580//4580 4435//4435 4433//4433
f 4580//4580 4579//4579 4435//4435
f 4581//4581 4433//4433 4431//4431
f 4581//4581 4580//4580 4433//4433
f 4582//4582 4431//4431 4429//4429
f 4582//4582 4581//4581 4431//4431
f 4583//4583 4582//4582 4429//4429
f 4583//4583 4429//4429 4427//4427
f 4584//4584 4583//4583 4427//4427
f 4584//4584 4427//4427 4425//4425
f 4585//4585 4584//4584 4425//4425
f 4585//4585 4425//4425 4423//4423
f 4586//4586 4585//4585 4423//4423
f 4586//4586 4423//4423 4421//4421
f 4587//4587 4586//4586 4421//4421
f 4587//4587 4421//4421 4419//4419
f 4588//4588 4587//4587 4419//4419
f 4588//4588 4419//4419 4417//4417
f 4589//4589 4588//4588 4417//4417
f 4589//4589 4417//4417 4415//4415
f 4590//4590 4589//4589 4415//4415
f 4590//4590 4415//4415 4413//4413
f 4591//4591 4590//4590 4413//4413
f 4591//4591 4413//4413 4411//4411
f 4592//4592 4591//4591 4411//4411
f 4592//4592 4411//4411 4409//4409
f 4593//4593 4592//4592 4409//4409
f 4593//4593 4409//4409 4407//4407
f 4594//4594 4593//4593 4407//4407
f 4594//4594 4407//4407 4405//4405
f 4595//4595 4594//4594 4405//4405
f 4595//4595 4405//4405 4403//4403
f 4596//4596 4595//4595 4403//4403
f 4596//4596 4403//4403 4401//4401
f 4597//4597 4596//4596 4401//4401
f 4597//4597 4401//4401 4399//4399
f 4598//4598 4597//4597 4399//4399
f 4598//4598 4399//4399 4397//4397
f 4599//4599 4598//4598 4397//4397
f 4599//4599 4397//4397 4395//4395
f 4600//4600 4599//4599 4395//4395
f 4600//4600 4395//4395 4393//4393
f 4601//4601 4600//4600 4393//4393
f 4601//4601 4393//4393 4391//4391
f 4602//4602 4601//4601 4391//4391
f 4602//4602 4391//4391 4389//4389
f 4603//4603 4389//4389 4387//4387
f 4603//4603 4602//4602 4389//4389
f 4604//4604 4387//4387 4385//4385
f 4604//4604 4603//4603 4387//4387
f 4605//4605 4385//4385 4383//4383
f 4605//4605 4604//4604 4385//4385
f 4606//4606 4383//4383 4381//4381
f 4606//4606 4605//4605 4383//4383
f 4607//4607 4381//4381 4379//4379
f 4607//4607 4606//4606 4381//4381
f 4608//4608 4607//4607 4379//4379
f 4608//4608 4379//4379 4377//4377
f 4609//4609 4608//4608 4377//4377
f 4609//4609 4377//4377 4375//4375
f 4610//4610 4609//4609 4375//4375
f 4610//4610 4375//4375 4373//4373
f 4611//4611 4610//4610 4373//4373
f 4611//4611 4373//4373 4371//4371
f 4612//4612 4611//4611 4371//4371
f 4612//4612 4371//4371 4369//4369
f 4613//4613 4612//4612 4369//4369
f 4613//4613 4369//4369 4367//4367
f 4614//4614 4613//4613 4367//4367
f 4614//4614 4367//4367 4365//4365
f 4615//4615 4614//4614 4365//4365
f 4615//4615 4365//4365 4363//4363
f 4616//4616 4615//4615 4363//4363
f 4616//4616 4363//4363 4361//4361
f 4617//4617 4616//4616 4361//4361
f 4617//4617 4361//4361 4359//4359
f 4618//4618 4359//4359 4357//4357
f 4618//4618 4617//4617 4359//4359
f 4619//4619 4357//4357 4355//4355
f 4619//4619 4355//4355 4353//4353
f 4619//4619 4618//4618 4357//4357
f 4620//4620 4619//4619 4353//4353
f 4621//4621 4353//4353 4351//4351
f 4621//4621 4620//4620 4353//4353
f 4622//4622 4351//4351 4349//4349
f 4622//4622 4621//4621 4351//4351
f 4623//4623 4349//4349 4347//4347
f 4623//4623 4622//4622 4349//4349
f 4624//4624 4347//4347 4348//4348
f 4624//4624 4623//4623 4347//4347
f 4625//4625 4348//4348 4350//4350
f 4625//4625 4624//4624 4348//4348
f 4626//4626 4350//4350 4352//4352
f 4626//4626 4352//4352 4354//4354
f 4626//4626 4625//4625 4350//4350
f 4627//4627 4626//4626 4354//4354
f 4628//4628 4354//4354 4356//4356
f 4628//4628 4627//4627 4354//4354
f 4629//4629 4356//4356 4358//4358
f 4629//4629 4628//4628 4356//4356
f 4630//4630 4358//4358 4360//4360
f 4630//4630 4629//4629 4358//4358
f 4631//4631 4360//4360 4362//4362
f 4631//4631 4630//4630 4360//4360
f 4632//4632 4362//4362 4364//4364
f 4632//4632 4631//4631 4362//4362
f 4633//4633 4632//4632 4364//4364
f 4633//4633 4364//4364 4366//4366
f 4634//4634 4633//4633 4366//4366
f 4634//4634 4366//4366 4368//4368
f 4635//4635 4634//4634 4368//4368
f 4635//4635 4368//4368 4370//4370
f 4636//4636 4635//4635 4370//4370
f 4636//4636 4370//4370 4372//4372
f 4637//4637 4372//4372 4374//4374
f 4637//4637 4636//4636 4372//4372
f 4638//4638 4637//4637 4374//4374
f 4638//4638 4374//4374 4376//4376
f 4639//4639 4376//4376 4378//4378
f 4639//4639 4638//4638 4376//4376
f 4640//4640 4378//4378 4380//4380
f 4640//4640 4639//4639 4378//4378
f 4641//4641 4380//4380 4382//4382
f 4641//4641 4640//4640 4380//4380
f 4642//4642 4382//4382 4384//4384
f 4642//4642 4641//4641 4382//4382
f 4643//4643 4384//4384 4386//4386
f 4643//4643 4642//4642 4384//4384
f 4644//4644 4386//4386 4388//4388
f 4644//4644 4643//4643 4386//4386
f 4645//4645 4388//4388 4390//4390
f 4645//4645 4644//4644 4388//4388
f 4646//4646 4390//4390 4392//4392
f 4646//4646 4645//4645 4390//4390
f 4647//4647 4392//4392 4394//4394
f 4647//4647 4646//4646 4392//4392
f 4648//4648 4394//4394 4396//4396
f 4648//4648 4647//4647 4394//4394
f 4649//4649 4396//4396 4398//4398
f 4649//4649 4648//4648 4396//4396
f 4650//4650 4398//4398 4400//4400
f 4650//4650 4649//4649 4398//4398
f 4651//4651 4400//4400 4402//4402
f 4651//4651 4650//4650 4400//4400
f 4652//4652 4402//4402 4404//4404
f 4652//4652 4651//4651 4402//4402
f 4653//4653 4404//4404 4406//4406
f 4653//4653 4652//4652 4404//4404
f 4654//4654 4406//4406 4408//4408
f 4654//4654 4408//4408 4410//4410
f 4654//4654 4653//4653 4406//4406
f 4655//4655 4654//4654 4410//4410
f 4656//4656 4410//4410 4412//4412
f 4656//4656 4655//4655 4410//4410
f 4657//4657 4412//4412 4414//4414
f 4657//4657 4656//4656 4412//4412
f 4658//4658 4657//4657 4414//4414
f 4658//4658 4414//4414 4416//4416
f 4659//4659 4658//4658 4416//4416
f 4659//4659 4416//4416 4418//4418
f 4660//4660 4659//4659 4418//4418
f 4660//4660 4418//4418 4420//4420
f 4661//4661 4660//4660 4420//4420
f 4661//4661 4420//4420 4422//4422
f 4662//4662 4661//4661 4422//4422
f 4662//4662 4422//4422 4424//4424
f 4663//4663 4662//4662 4424//4424
f 4663//4663 4424//4424 4426//4426
f 4664//4664 4663//4663 4426//4426
f 4664//4664 4426//4426 4428//4428
f 4665//4665 4664//4664 4428//4428
f 4665//4665 4428//4428 4430//4430
f 4666//4666 4665//4665 4430//4430
f 4666//4666 4430//4430 4432//4432
f 4667//4667 4666//4666 4432//4432
f 4667//4667 4432//4432 4434//4434
f 4668//4668 4667//4667 4434//4434
f 4668//4668 4434//4434 4436//4436
f 4669//4669 4668//4668 4436//4436
f 4669//4669 4436//4436 4438//4438
f 4670//4670 4669//4669 4438//4438
f 4670//4670 4438//4438 4440//4440
f 4671//4671 4440//4440 4442//4442
f 4671//4671 4670//4670 4440//4440
f 4672//4672 4442//4442 4444//4444
f 4672//4672 4671//4671 4442//4442
f 4673//4673 4444//4444 4446//4446
f 4673//4673 4672//4672 4444//4444
f 4674//4674 4446//4446 4448//4448
f 4674//4674 4673//4673 4446//4446
f 4675//4675 4448//4448 4450//4450
f 4675//4675 4674//4674 4448//4448
f 4676//4676 4450//4450 4452//4452
f 4676//4676 4675//4675 4450//4450
f 4677//4677 4452//4452 4454//4454
f 4677//4677 4676//4676 4452//4452
f 4678//4678 4454//4454 4456//4456
f 4678//4678 4677//4677 4454//4454
f 4679//4679 4456//4456 4458//4458
f 4679//4679 4678//4678 4456//4456
f 4680//4680 4458//4458 4460//4460
f 4680//4680 4679//4679 4458//4458
f 4681//4681 4460//4460 4462//4462
f 4681//4681 4680//4680 4460//4460
f 4682//4682 4462//4462 4464//4464
f 4682//4682 4681//4681 4462//4462
f 4683//4683 4682//4682 4464//4464
f 4683//4683 4464//4464 4466//4466
f 4684//4684 4683//4683 4466//4466
f 4684//4684 4466//4466 4468//4468
f 4685//4685 4684//4684 4468//4468
f 4685//4685 4468//4468 4470//4470
f 4686//4686 4685//4685 4470//4470
f 4686//4686 4470//4470 4472//4472
f 4686//4686 4472//4472 4474//4474
f 4518//4518 4686//4686 4474//4474
f 4666//4666 4687//4687 4688//4688
f 4666//4666 4689//4689 4687//4687
f 4665//4665 4666//4666 4688//4688
f 4665//4665 4688//4688 4690//4690
f 4667//4667 4689//4689 4666//4666
f 4667//4667 4691//4691 4689//4689
f 4664//4664 4665//4665 4690//4690
f 4664//4664 4690//4690 4692//4692
f 4668//4668 4691//4691 4667//4667
f 4668//4668 4693//4693 4691//4691
f 4663//4663 4664//4664 4692//4692
f 4663//4663 4692//4692 4694//4694
f 4669//4669 4695//4695 4693//4693
f 4669//4669 4693//4693 4668//4668
f 4662//4662 4694//4694 4696//4696
f 4662//4662 4663//4663 4694//4694
f 4670//4670 4697//4697 4695//4695
f 4670//4670 4695//4695 4669//4669
f 4661//4661 4696//4696 4698//4698
f 4661//4661 4662//4662 4696//4696
f 4671//4671 4697//4697 4670//4670
f 4671//4671 4699//4699 4697//4697
f 4660//4660 4698//4698 4700//4700
f 4660//4660 4661//4661 4698//4698
f 4672//4672 4699//4699 4671//4671
f 4672//4672 4701//4701 4699//4699
f 4659//4659 4702//4702 4703//4703
f 4659//4659 4700//4700 4702//4702
f 4659//4659 4660//4660 4700//4700
f 4673//4673 4704//4704 4701//4701
f 4673//4673 4705//4705 4704//4704
f 4673//4673 4701//4701 4672//4672
f 4658//4658 4659//4659 4703//4703
f 4658//4658 4703//4703 4706//4706
f 4674//4674 4705//4705 4673//4673
f 4674//4674 4707//4707 4705//4705
f 4657//4657 4706//4706 4708//4708
f 4657//4657 4658//4658 4706//4706
f 4675//4675 4709//4709 4707//4707
f 4675//4675 4707//4707 4674//4674
f 4656//4656 4708//4708 4710//4710
f 4656//4656 4657//4657 4708//4708
f 4676//4676 4711//4711 4709//4709
f 4676//4676 4709//4709 4675//4675
f 4655//4655 4710//4710 4712//4712
f 4655//4655 4656//4656 4710//4710
f 4677//4677 4713//4713 4711//4711
f 4677//4677 4711//4711 4676//4676
f 4654//4654 4655//4655 4712//4712
f 4654//4654 4712//4712 4714//4714
f 4678//4678 4713//4713 4677//4677
f 4678//4678 4715//4715 4713//4713
f 4653//4653 4654//4654 4714//4714
f 4653//4653 4714//4714 4716//4716
f 4679//4679 4715//4715 4678//4678
f 4679//4679 4717//4717 4715//4715
f 4652//4652 4718//4718 4719//4719
f 4652//4652 4716//4716 4718//4718
f 4652//4652 4653//4653 4716//4716
f 4680//4680 4720//4720 4717//4717
f 4680//4680 4721//4721 4720//4720
f 4680//4680 4717//4717 4679//4679
f 4651//4651 4652//4652 4719//4719
f 4651//4651 4719//4719 4722//4722
f 4681//4681 4721//4721 4680//4680
f 4681//4681 4723//4723 4721//4721
f 4650//4650 4651//4651 4722//4722
f 4650//4650 4722//4722 4724//4724
f 4682//4682 4723//4723 4681//4681
f 4682//4682 4725//4725 4723//4723
f 4649//4649 4650//4650 4724//4724
f 4649//4649 4724//4724 4726//4726
f 4683//4683 4725//4725 4682//4682
f 4683//4683 4727//4727 4725//4725
f 4648//4648 4649//4649 4726//4726
f 4648//4648 4726//4726 4728//4728
f 4684//4684 4727//4727 4683//4683
f 4684//4684 4729//4729 4727//4727
f 4647//4647 4728//4728 4730//4730
f 4647//4647 4648//4648 4728//4728
f 4685//4685 4729//4729 4684//4684
f 4685//4685 4731//4731 4729//4729
f 4646//4646 4730//4730 4732//4732
f 4646//4646 4647//4647 4730//4730
f 4686//4686 4731//4731 4685//4685
f 4686//4686 4733//4733 4731//4731
f 4645//4645 4646//4646 4732//4732
f 4645//4645 4734//4734 4735//4735
f 4645//4645 4732//4732 4734//4734
f 4518//4518 4736//4736 4737//4737
f 4518//4518 4733//4733 4686//4686
f 4518//4518 4737//4737 4733//4733
f 4644//4644 4735//4735 4738//4738
f 4644//4644 4645//4645 4735//4735
f 4517//4517 4739//4739 4736//4736
f 4517//4517 4736//4736 4518//4518
f 4643//4643 4644//4644 4738//4738
f 4643//4643 4738//4738 4740//4740
f 4519//4519 4741//4741 4739//4739
f 4519//4519 4739//4739 4517//4517
f 4642//4642 4740//4740 4742//4742
f 4642//4642 4643//4643 4740//4740
f 4520//4520 4743//4743 4741//4741
f 4520//4520 4741//4741 4519//4519
f 4641//4641 4642//4642 4742//4742
f 4641//4641 4742//4742 4744//4744
f 4521//4521 4745//4745 4743//4743
f 4521//4521 4743//4743 4520//4520
f 4640//4640 4744//4744 4746//4746
f 4640//4640 4641//4641 4744//4744
f 4522//4522 4747//4747 4745//4745
f 4522//4522 4745//4745 4521//4521
f 4639//4639 4640//4640 4746//4746
f 4639//4639 4746//4746 4748//4748
f 4523//4523 4749//4749 4747//4747
f 4523//4523 4747//4747 4522//4522
f 4638//4638 4639//4639 4748//4748
f 4638//4638 4748//4748 4750//4750
f 4524//4524 4751//4751 4749//4749
f 4524//4524 4752//4752 4751//4751
f 4524//4524 4749//4749 4523//4523
f 4637//4637 4638//4638 4750//4750
f 4637//4637 4753//4753 4754//4754
f 4637//4637 4750//4750 4753//4753
f 4525//4525 4755//4755 4752//4752
f 4525//4525 4752//4752 4524//4524
f 4636//4636 4637//4637 4754//4754
f 4636//4636 4754//4754 4756//4756
f 4526//4526 4757//4757 4755//4755
f 4526//4526 4755//4755 4525//4525
f 4635//4635 4636//4636 4756//4756
f 4635//4635 4756//4756 4758//4758
f 4527//4527 4759//4759 4757//4757
f 4527//4527 4757//4757 4526//4526
f 4634//4634 4758//4758 4760//4760
f 4634//4634 4635//4635 4758//4758
f 4528//4528 4761//4761 4759//4759
f 4528//4528 4759//4759 4527//4527
f 4633//4633 4760//4760 4762//4762
f 4633//4633 4634//4634 4760//4760
f 4529//4529 4763//4763 4761//4761
f 4529//4529 4761//4761 4528//4528
f 4632//4632 4633//4633 4762//4762
f 4632//4632 4762//4762 4764//4764
f 4530//4530 4765//4765 4763//4763
f 4530//4530 4763//4763 4529//4529
f 4631//4631 4632//4632 4764//4764
f 4631//4631 4764//4764 4766//4766
f 4531//4531 4767//4767 4765//4765
f 4531//4531 4768//4768 4767//4767
f 4531//4531 4765//4765 4530//4530
f 4630//4630 4769//4769 4770//4770
f 4630//4630 4766//4766 4769//4769
f 4630//4630 4631//4631 4766//4766
f 4532//4532 4771//4771 4768//4768
f 4532//4532 4768//4768 4531//4531
f 4629//4629 4770//4770 4772//4772
f 4629//4629 4630//4630 4770//4770
f 4533//4533 4773//4773 4771//4771
f 4533//4533 4771//4771 4532//4532
f 4628//4628 4772//4772 4774//4774
f 4628//4628 4629//4629 4772//4772
f 4534//4534 4775//4775 4773//4773
f 4534//4534 4773//4773 4533//4533
f 4627//4627 4774//4774 4776//4776
f 4627//4627 4628//4628 4774//4774
f 4535//4535 4777//4777 4775//4775
f 4535//4535 4775//4775 4534//4534
f 4626//4626 4776//4776 4778//4778
f 4626//4626 4627//4627 4776//4776
f 4536//4536 4779//4779 4777//4777
f 4536//4536 4777//4777 4535//4535
f 4625//4625 4778//4778 4780//4780
f 4625//4625 4626//4626 4778//4778
f 4537//4537 4779//4779 4536//4536
f 4537//4537 4781//4781 4779//4779
f 4624//4624 4625//4625 4780//4780
f 4624//4624 4780//4780 4782//4782
f 4538//4538 4781//4781 4537//4537
f 4538//4538 4783//4783 4781//4781
f 4623//4623 4624//4624 4782//4782
f 4784//4784 4623//4623 4782//4782
f 4785//4785 4538//4538 4539//4539
f 4785//4785 4783//4783 4538//4538
f 4786//4786 4623//4623 4784//4784
f 4786//4786 4622//4622 4623//4623
f 4787//4787 4539//4539 4540//4540
f 4787//4787 4785//4785 4539//4539
f 4788//4788 4622//4622 4786//4786
f 4788//4788 4621//4621 4622//4622
f 4789//4789 4540//4540 4541//4541
f 4789//4789 4787//4787 4540//4540
f 4790//4790 4621//4621 4788//4788
f 4790//4790 4620//4620 4621//4621
f 4791//4791 4541//4541 4542//4542
f 4791//4791 4789//4789 4541//4541
f 4792//4792 4620//4620 4790//4790
f 4792//4792 4619//4619 4620//4620
f 4793//4793 4542//4542 4543//4543
f 4793//4793 4791//4791 4542//4542
f 4794//4794 4619//4619 4792//4792
f 4794//4794 4618//4618 4619//4619
f 4795//4795 4543//4543 4544//4544
f 4795//4795 4793//4793 4543//4543
f 4796//4796 4618//4618 4794//4794
f 4796//4796 4617//4617 4618//4618
f 4797//4797 4544//4544 4545//4545
f 4797//4797 4795//4795 4544//4544
f 4798//4798 4617//4617 4796//4796
f 4798//4798 4616//4616 4617//4617
f 4799//4799 4797//4797 4545//4545
f 4800//4800 4616//4616 4798//4798
f 4801//4801 4545//4545 4546//4546
f 4801//4801 4799//4799 4545//4545
f 4802//4802 4616//4616 4800//4800
f 4802//4802 4615//4615 4616//4616
f 4803//4803 4546//4546 4547//4547
f 4803//4803 4801//4801 4546//4546
f 4804//4804 4615//4615 4802//4802
f 4804//4804 4614//4614 4615//4615
f 4805//4805 4547//4547 4548//4548
f 4805//4805 4803//4803 4547//4547
f 4806//4806 4614//4614 4804//4804
f 4806//4806 4613//4613 4614//4614
f 4807//4807 4805//4805 4548//4548
f 4807//4807 4548//4548 4549//4549
f 4808//4808 4613//4613 4806//4806
f 4808//4808 4612//4612 4613//4613
f 4809//4809 4807//4807 4549//4549
f 4809//4809 4549//4549 4550//4550
f 4810//4810 4612//4612 4808//4808
f 4810//4810 4611//4611 4612//4612
f 4811//4811 4809//4809 4550//4550
f 4811//4811 4550//4550 4551//4551
f 4812//4812 4611//4611 4810//4810
f 4812//4812 4610//4610 4611//4611
f 4813//4813 4551//4551 4552//4552
f 4813//4813 4811//4811 4551//4551
f 4814//4814 4610//4610 4812//4812
f 4814//4814 4609//4609 4610//4610
f 4815//4815 4813//4813 4552//4552
f 4816//4816 4609//4609 4814//4814
f 4817//4817 4552//4552 4553//4553
f 4817//4817 4815//4815 4552//4552
f 4818//4818 4609//4609 4816//4816
f 4818//4818 4608//4608 4609//4609
f 4819//4819 4553//4553 4554//4554
f 4819//4819 4817//4817 4553//4553
f 4820//4820 4608//4608 4818//4818
f 4820//4820 4607//4607 4608//4608
f 4821//4821 4554//4554 4555//4555
f 4821//4821 4819//4819 4554//4554
f 4822//4822 4606//4606 4607//4607
f 4822//4822 4607//4607 4820//4820
f 4823//4823 4555//4555 4556//4556
f 4823//4823 4821//4821 4555//4555
f 4824//4824 4605//4605 4606//4606
f 4824//4824 4606//4606 4822//4822
f 4825//4825 4556//4556 4557//4557
f 4825//4825 4823//4823 4556//4556
f 4826//4826 4605//4605 4824//4824
f 4826//4826 4604//4604 4605//4605
f 4827//4827 4557//4557 4558//4558
f 4827//4827 4825//4825 4557//4557
f 4828//4828 4604//4604 4826//4826
f 4828//4828 4603//4603 4604//4604
f 4829//4829 4827//4827 4558//4558
f 4829//4829 4558//4558 4559//4559
f 4830//4830 4603//4603 4828//4828
f 4830//4830 4602//4602 4603//4603
f 4831//4831 4829//4829 4559//4559
f 4832//4832 4602//4602 4830//4830
f 4833//4833 4559//4559 4560//4560
f 4833//4833 4831//4831 4559//4559
f 4834//4834 4602//4602 4832//4832
f 4834//4834 4601//4601 4602//4602
f 4835//4835 4560//4560 4561//4561
f 4835//4835 4833//4833 4560//4560
f 4836//4836 4601//4601 4834//4834
f 4836//4836 4600//4600 4601//4601
f 4837//4837 4561//4561 4562//4562
f 4837//4837 4835//4835 4561//4561
f 4838//4838 4599//4599 4600//4600
f 4838//4838 4600//4600 4836//4836
f 4839//4839 4562//4562 4563//4563
f 4839//4839 4837//4837 4562//4562
f 4840//4840 4599//4599 4838//4838
f 4840//4840 4598//4598 4599//4599
f 4841//4841 4563//4563 4564//4564
f 4841//4841 4839//4839 4563//4563
f 4842//4842 4598//4598 4840//4840
f 4842//4842 4597//4597 4598//4598
f 4843//4843 4564//4564 4565//4565
f 4843//4843 4841//4841 4564//4564
f 4844//4844 4597//4597 4842//4842
f 4844//4844 4596//4596 4597//4597
f 4845//4845 4565//4565 4566//4566
f 4845//4845 4843//4843 4565//4565
f 4846//4846 4596//4596 4844//4844
f 4846//4846 4595//4595 4596//4596
f 4847//4847 4566//4566 4567//4567
f 4847//4847 4845//4845 4566//4566
f 4848//4848 4595//4595 4846//4846
f 4849//4849 4847//4847 4567//4567
f 4850//4850 4595//4595 4848//4848
f 4850//4850 4594//4594 4595//4595
f 4851//4851 4849//4849 4567//4567
f 4851//4851 4567//4567 4568//4568
f 4852//4852 4594//4594 4850//4850
f 4852//4852 4593//4593 4594//4594
f 4853//4853 4568//4568 4569//4569
f 4853//4853 4851//4851 4568//4568
f 4854//4854 4593//4593 4852//4852
f 4854//4854 4592//4592 4593//4593
f 4855//4855 4853//4853 4569//4569
f 4855//4855 4569//4569 4570//4570
f 4856//4856 4592//4592 4854//4854
f 4856//4856 4591//4591 4592//4592
f 4857//4857 4570//4570 4571//4571
f 4857//4857 4855//4855 4570//4570
f 4858//4858 4591//4591 4856//4856
f 4858//4858 4590//4590 4591//4591
f 4859//4859 4857//4857 4571//4571
f 4859//4859 4571//4571 4572//4572
f 4860//4860 4590//4590 4858//4858
f 4860//4860 4589//4589 4590//4590
f 4861//4861 4859//4859 4572//4572
f 4861//4861 4572//4572 4573//4573
f 4862//4862 4589//4589 4860//4860
f 4862//4862 4588//4588 4589//4589
f 4863//4863 4861//4861 4573//4573
f 4863//4863 4573//4573 4574//4574
f 4864//4864 4588//4588 4862//4862
f 4865//4865 4863//4863 4574//4574
f 4866//4866 4588//4588 4864//4864
f 4866//4866 4587//4587 4588//4588
f 4867//4867 4574//4574 4575//4575
f 4867//4867 4865//4865 4574//4574
f 4868//4868 4587//4587 4866//4866
f 4868//4868 4586//4586 4587//4587
f 4869//4869 4575//4575 4576//4576
f 4869//4869 4867//4867 4575//4575
f 4870//4870 4585//4585 4586//4586
f 4870//4870 4586//4586 4868//4868
f 4871//4871 4869//4869 4576//4576
f 4871//4871 4576//4576 4577//4577
f 4872//4872 4584//4584 4585//4585
f 4872//4872 4585//4585 4870//4870
f 4873//4873 4871//4871 4577//4577
f 4873//4873 4577//4577 4578//4578
f 4874//4874 4583//4583 4584//4584
f 4874//4874 4584//4584 4872//4872
f 4875//4875 4873//4873 4578//4578
f 4875//4875 4578//4578 4579//4579
f 4876//4876 4583//4583 4874//4874
f 4876//4876 4582//4582 4583//4583
f 4877//4877 4579//4579 4580//4580
f 4877//4877 4875//4875 4579//4579
f 4878//4878 4582//4582 4876//4876
f 4878//4878 4581//4581 4582//4582
f 4879//4879 4580//4580 4581//4581
f 4879//4879 4877//4877 4580//4580
f 4880//4880 4581//4581 4878//4878
f 4880//4880 4879//4879 4581//4581
f 4881//4881 4737//4737 4736//4736
f 4881//4881 4882//4882 4737//4737
f 4883//4883 4736//4736 4739//4739
f 4883//4883 4739//4739 4741//4741
f 4883//4883 4881//4881 4736//4736
f 4884//4884 4883//4883 4741//4741
f 4885//4885 4884//4884 4741//4741
f 4885//4885 4741//4741 4743//4743
f 4885//4885 4743//4743 4745//4745
f 4886//4886 4885//4885 4745//4745
f 4887//4887 4745//4745 4747//4747
f 4887//4887 4747//4747 4749//4749
f 4887//4887 4886//4886 4745//4745
f 4888//4888 4887//4887 4749//4749
f 4889//4889 4749//4749 4751//4751
f 4889//4889 4888//4888 4749//4749
f 4890//4890 4751//4751 4752//4752
f 4890//4890 4889//4889 4751//4751
f 4891//4891 4752//4752 4755//4755
f 4891//4891 4890//4890 4752//4752
f 4892//4892 4755//4755 4757//4757
f 4892//4892 4891//4891 4755//4755
f 4893//4893 4757//4757 4759//4759
f 4893//4893 4892//4892 4757//4757
f 4894//4894 4759//4759 4761//4761
f 4894//4894 4761//4761 4763//4763
f 4894//4894 4893//4893 4759//4759
f 4895//4895 4894//4894 4763//4763
f 4896//4896 4763//4763 4765//4765
f 4896//4896 4895//4895 4763//4763
f 4897//4897 4765//4765 4767//4767
f 4897//4897 4767//4767 4768//4768
f 4897//4897 4896//4896 4765//4765
f 4898//4898 4897//4897 4768//4768
f 4899//4899 4768//4768 4771//4771
f 4899//4899 4898//4898 4768//4768
f 4900//4900 4771//4771 4773//4773
f 4900//4900 4899//4899 4771//4771
f 4901//4901 4773//4773 4775//4775
f 4901//4901 4900//4900 4773//4773
f 4902//4902 4775//4775 4777//4777
f 4902//4902 4901//4901 4775//4775
f 4903//4903 4777//4777 4779//4779
f 4903//4903 4902//4902 4777//4777
f 4904//4904 4779//4779 4781//4781
f 4904//4904 4903//4903 4779//4779
f 4905//4905 4781//4781 4783//4783
f 4905//4905 4904//4904 4781//4781
f 4906//4906 4783//4783 4785//4785
f 4906//4906 4785//4785 4787//4787
f 4906//4906 4905//4905 4783//4783
f 4907//4907 4906//4906 4787//4787
f 4908//4908 4787//4787 4789//4789
f 4908//4908 4907//4907 4787//4787
f 4909//4909 4908//4908 4789//4789
f 4909//4909 4789//4789 4791//4791
f 4910//4910 4909//4909 4791//4791
f 4910//4910 4791//4791 4793//4793
f 4911//4911 4910//4910 4793//4793
f 4911//4911 4793//4793 4795//4795
f 4912//4912 4911//4911 4795//4795
f 4912//4912 4795//4795 4797//4797
f 4913//4913 4912//4912 4797//4797
f 4913//4913 4797//4797 4799//4799
f 4914//4914 4913//4913 4799//4799
f 4914//4914 4799//4799 4801//4801
f 4915//4915 4914//4914 4801//4801
f 4915//4915 4801//4801 4803//4803
f 4916//4916 4915//4915 4803//4803
f 4916//4916 4803//4803 4805//4805
f 4917//4917 4916//4916 4805//4805
f 4917//4917 4805//4805 4807//4807
f 4918//4918 4807//4807 4809//4809
f 4918//4918 4809//4809 4811//4811
f 4918//4918 4917//4917 4807//4807
f 4919//4919 4918//4918 4811//4811
f 4920//4920 4811//4811 4813//4813
f 4920//4920 4919//4919 4811//4811
f 4921//4921 4813//4813 4815//4815
f 4921//4921 4920//4920 4813//4813
f 4922//4922 4815//4815 4817//4817
f 4922//4922 4817//4817 4819//4819
f 4922//4922 4921//4921 4815//4815
f 4923//4923 4922//4922 4819//4819
f 4924//4924 4819//4819 4821//4821
f 4924//4924 4821//4821 4823//4823
f 4924//4924 4923//4923 4819//4819
f 4925//4925 4924//4924 4823//4823
f 4926//4926 4823//4823 4825//4825
f 4926//4926 4825//4825 4827//4827
f 4926//4926 4925//4925 4823//4823
f 4927//4927 4827//4827 4829//4829
f 4927//4927 4926//4926 4827//4827
f 4928//4928 4927//4927 4829//4829
f 4929//4929 4829//4829 4831//4831
f 4929//4929 4831//4831 4833//4833
f 4929//4929 4928//4928 4829//4829
f 4930//4930 4833//4833 4835//4835
f 4930//4930 4929//4929 4833//4833
f 4931//4931 4835//4835 4837//4837
f 4931//4931 4930//4930 4835//4835
f 4932//4932 4931//4931 4837//4837
f 4933//4933 4837//4837 4839//4839
f 4933//4933 4839//4839 4841//4841
f 4933//4933 4932//4932 4837//4837
f 4934//4934 4933//4933 4841//4841
f 4935//4935 4841//4841 4843//4843
f 4935//4935 4934//4934 4841//4841
f 4936//4936 4935//4935 4843//4843
f 4936//4936 4843//4843 4845//4845
f 4936//4936 4845//4845 4847//4847
f 4937//4937 4936//4936 4847//4847
f 4938//4938 4937//4937 4847//4847
f 4938//4938 4847//4847 4849//4849
f 4938//4938 4849//4849 4851//4851
f 4939//4939 4938//4938 4851//4851
f 4940//4940 4939//4939 4851//4851
f 4940//4940 4851//4851 4853//4853
f 4940//4940 4853//4853 4855//4855
f 4941//4941 4940//4940 4855//4855
f 4941//4941 4855//4855 4857//4857
f 4942//4942 4941//4941 4857//4857
f 4943//4943 4942//4942 4857//4857
f 4943//4943 4857//4857 4859//4859
f 4944//4944 4943//4943 4859//4859
f 4944//4944 4859//4859 4861//4861
f 4944//4944 4861//4861 4863//4863
f 4945//4945 4944//4944 4863//4863
f 4946//4946 4945//4945 4863//4863
f 4946//4946 4863//4863 4865//4865
f 4947//4947 4946//4946 4865//4865
f 4947//4947 4865//4865 4867//4867
f 4948//4948 4947//4947 4867//4867
f 4948//4948 4867//4867 4869//4869
f 4949//4949 4948//4948 4869//4869
f 4949//4949 4869//4869 4871//4871
f 4950//4950 4949//4949 4871//4871
f 4950//4950 4871//4871 4873//4873
f 4951//4951 4873//4873 4875//4875
f 4951//4951 4950//4950 4873//4873
f 4951//4951 4875//4875 4877//4877
f 4952//4952 4951//4951 4877//4877
f 4953//4953 4877//4877 4879//4879
f 4953//4953 4879//4879 4880//4880
f 4953//4953 4952//4952 4877//4877
f 4954//4954 4953//4953 4880//4880
f 4955//4955 4880//4880 4878//4878
f 4955//4955 4878//4878 4876//4876
f 4955//4955 4954//4954 4880//4880
f 4956//4956 4876//4876 4874//4874
f 4956//4956 4955//4955 4876//4876
f 4957//4957 4874//4874 4872//4872
f 4957//4957 4956//4956 4874//4874
f 4958//4958 4957//4957 4872//4872
f 4959//4959 4872//4872 4870//4870
f 4959//4959 4958//4958 4872//4872
f 4960//4960 4959//4959 4870//4870
f 4960//4960 4870//4870 4868//4868
f 4960//4960 4868//4868 4866//4866
f 4961//4961 4960//4960 4866//4866
f 4961//4961 4866//4866 4864//4864
f 4962//4962 4961//4961 4864//4864
f 4963//4963 4962//4962 4864//4864
f 4963//4963 4864//4864 4862//4862
f 4963//4963 4862//4862 4860//4860
f 4964//4964 4963//4963 4860//4860
f 4965//4965 4964//4964 4860//4860
f 4965//4965 4860//4860 4858//4858
f 4966//4966 4965//4965 4858//4858
f 4966//4966 4858//4858 4856//4856
f 4967//4967 4966//4966 4856//4856
f 4967//4967 4856//4856 4854//4854
f 4967//4967 4854//4854 4852//4852
f 4968//4968 4967//4967 4852//4852
f 4968//4968 4852//4852 4850//4850
f 4969//4969 4968//4968 4850//4850
f 4970//4970 4969//4969 4850//4850
f 4970//4970 4850//4850 4848//4848
f 4971//4971 4970//4970 4848//4848
f 4971//4971 4848//4848 4846//4846
f 4971//4971 4846//4846 4844//4844
f 4972//4972 4971//4971 4844//4844
f 4973//4973 4972//4972 4844//4844
f 4973//4973 4844//4844 4842//4842
f 4974//4974 4973//4973 4842//4842
f 4974//4974 4842//4842 4840//4840
f 4974//4974 4840//4840 4838//4838
f 4975//4975 4974//4974 4838//4838
f 4975//4975 4838//4838 4836//4836
f 4976//4976 4975//4975 4836//4836
f 4977//4977 4976//4976 4836//4836
f 4977//4977 4836//4836 4834//4834
f 4977//4977 4834//4834 4832//4832
f 4978//4978 4977//4977 4832//4832
f 4979//4979 4978//4978 4832//4832
f 4979//4979 4832//4832 4830//4830
f 4979//4979 4830//4830 4828//4828
f 4980//4980 4979//4979 4828//4828
f 4981//4981 4826//4826 4824//4824
f 4981//4981 4980//4980 4828//4828
f 4981//4981 4828//4828 4826//4826
f 4982//4982 4824//4824 4822//4822
f 4982//4982 4981//4981 4824//4824
f 4983//4983 4982//4982 4822//4822
f 4984//4984 4822//4822 4820//4820
f 4984//4984 4820//4820 4818//4818
f 4984//4984 4983//4983 4822//4822
f 4985//4985 4984//4984 4818//4818
f 4986//4986 4818//4818 4816//4816
f 4986//4986 4985//4985 4818//4818
f 4986//4986 4816//4816 4814//4814
f 4987//4987 4814//4814 4812//4812
f 4987//4987 4986//4986 4814//4814
f 4988//4988 4987//4987 4812//4812
f 4989//4989 4812//4812 4810//4810
f 4989//4989 4810//4810 4808//4808
f 4989//4989 4988//4988 4812//4812
f 4990//4990 4989//4989 4808//4808
f 4991//4991 4808//4808 4806//4806
f 4991//4991 4806//4806 4804//4804
f 4991//4991 4990//4990 4808//4808
f 4992//4992 4991//4991 4804//4804
f 4993//4993 4804//4804 4802//4802
f 4993//4993 4992//4992 4804//4804
f 4994//4994 4802//4802 4800//4800
f 4994//4994 4800//4800 4798//4798
f 4994//4994 4993//4993 4802//4802
f 4995//4995 4798//4798 4796//4796
f 4995//4995 4994//4994 4798//4798
f 4996//4996 4995//4995 4796//4796
f 4997//4997 4796//4796 4794//4794
f 4997//4997 4794//4794 4792//4792
f 4997//4997 4996//4996 4796//4796
f 4998//4998 4997//4997 4792//4792
f 4999//4999 4792//4792 4790//4790
f 4999//4999 4790//4790 4788//4788
f 4999//4999 4998//4998 4792//4792
f 5000//5000 4999//4999 4788//4788
f 5001//5001 4788//4788 4786//4786
f 5001//5001 4786//4786 4784//4784
f 5001//5001 5000//5000 4788//4788
f 5002//5002 4784//4784 4782//4782
f 5002//5002 5001//5001 4784//4784
f 5003//5003 5002//5002 4782//4782
f 5004//5004 4782//4782 4780//4780
f 5004//5004 4780//4780 4778//4778
f 5004//5004 5003//5003 4782//4782
f 5005//5005 4778//4778 4776//4776
f 5005//5005 5004//5004 4778//4778
f 5006//5006 5005//5005 4776//4776
f 5007//5007 4776//4776 4774//4774
f 5007//5007 4774//4774 4772//4772
f 5007//5007 5006//5006 4776//4776
f 5008//5008 5007//5007 4772//4772
f 5009//5009 4772//4772 4770//4770
f 5009//5009 4770//4770 4769//4769
f 5009//5009 5008//5008 4772//4772
f 5010//5010 4769//4769 4766//4766
f 5010//5010 5009//5009 4769//4769
f 5011//5011 5010//5010 4766//4766
f 5012//5012 5011//5011 4766//4766
f 5012//5012 4766//4766 4764//4764
f 5013//5013 5012//5012 4764//4764
f 5013//5013 4764//4764 4762//4762
f 5014//5014 5013//5013 4762//4762
f 5014//5014 4762//4762 4760//4760
f 5015//5015 5014//5014 4760//4760
f 5015//5015 4760//4760 4758//4758
f 5016//5016 5015//5015 4758//4758
f 5016//5016 4758//4758 4756//4756
f 5017//5017 5016//5016 4756//4756
f 5017//5017 4756//4756 4754//4754
f 5017//5017 4754//4754 4753//4753
f 5018//5018 5017//5017 4753//4753
f 5019//5019 5018//5018 4753//4753
f 5019//5019 4753//4753 4750//4750
f 5019//5019 4750//4750 4748//4748
f 5020//5020 5019//5019 4748//4748
f 5021//5021 4748//4748 4746//4746
f 5021//5021 4746//4746 4744//4744
f 5021//5021 5020//5020 4748//4748
f 5022//5022 5021//5021 4744//4744
f 5023//5023 4744//4744 4742//4742
f 5023//5023 5022//5022 4744//4744
f 5024//5024 4742//4742 4740//4740
f 5024//5024 5023//5023 4742//4742
f 5025//5025 4740//4740 4738//4738
f 5025//5025 5024//5024 4740//4740
f 5026//5026 4738//4738 4735//4735
f 5026//5026 4735//4735 4734//4734
f 5026//5026 5025//5025 4738//4738
f 5027//5027 4734//4734 4732//4732
f 5027//5027 5026//5026 4734//4734
f 5028//5028 5027//5027 4732//4732
f 5029//5029 4732//4732 4730//4730
f 5029//5029 4730//4730 4728//4728
f 5029//5029 5028//5028 4732//4732
f 5030//5030 5029//5029 4728//4728
f 5031//5031 4728//4728 4726//4726
f 5031//5031 5030//5030 4728//4728
f 5032//5032 4726//4726 4724//4724
f 5032//5032 5031//5031 4726//4726
f 5033//5033 4724//4724 4722//4722
f 5033//5033 5032//5032 4724//4724
f 5034//5034 4722//4722 4719//4719
f 5034//5034 4719//4719 4718//4718
f 5034//5034 5033//5033 4722//4722
f 5035//5035 5034//5034 4718//4718
f 5036//5036 5035//5035 4718//4718
f 5036//5036 4718//4718 4716//4716
f 5036//5036 4716//4716 4714//4714
f 5037//5037 5036//5036 4714//4714
f 5038//5038 5037//5037 4714//4714
f 5038//5038 4714//4714 4712//4712
f 5039//5039 5038//5038 4712//4712
f 5039//5039 4712//4712 4710//4710
f 5039//5039 4710//4710 4708//4708
f 5040//5040 5039//5039 4708//4708
f 5041//5041 5040//5040 4708//4708
f 5041//5041 4708//4708 4706//4706
f 5042//5042 5041//5041 4706//4706
f 5042//5042 4706//4706 4703//4703
f 5043//5043 5042//5042 4703//4703
f 5043//5043 4703//4703 4702//4702
f 5044//5044 5043//5043 4702//4702
f 5044//5044 4702//4702 4700//4700
f 5045//5045 5044//5044 4700//4700
f 5045//5045 4700//4700 4698//4698
f 5046//5046 5045//5045 4698//4698
f 5046//5046 4698//4698 4696//4696
f 5047//5047 5046//5046 4696//4696
f 5047//5047 4696//4696 4694//4694
f 5048//5048 5047//5047 4694//4694
f 5048//5048 4694//4694 4692//4692
f 5049//5049 5048//5048 4692//4692
f 5049//5049 4692//4692 4690//4690
f 5050//5050 5049//5049 4690//4690
f 5050//5050 4690//4690 4688//4688
f 5051//5051 5050//5050 4688//4688
f 5051//5051 4688//4688 4687//4687
f 5052//5052 4687//4687 4689//4689
f 5052//5052 5051//5051 4687//4687
f 5053//5053 5052//5052 4689//4689
f 5053//5053 4689//4689 4691//4691
f 5053//5053 4691//4691 4693//4693
f 5054//5054 5053//5053 4693//4693
f 5055//5055 4693//4693 4695//4695
f 5055//5055 5054//5054 4693//4693
f 5056//5056 4695//4695 4697//4697
f 5056//5056 5055//5055 4695//4695
f 5057//5057 4697//4697 4699//4699
f 5057//5057 5056//5056 4697//4697
f 5058//5058 4699//4699 4701//4701
f 5058//5058 5057//5057 4699//4699
f 5059//5059 4701//4701 4704//4704
f 5059//5059 5058//5058 4701//4701
f 5060//5060 4704//4704 4705//4705
f 5060//5060 5059//5059 4704//4704
f 5061//5061 5060//5060 4705//4705
f 5061//5061 4705//4705 4707//4707
f 5061//5061 4707//4707 4709//4709
f 5062//5062 5061//5061 4709//4709
f 5062//5062 4709//4709 4711//4711
f 5063//5063 5062//5062 4711//4711
f 5064//5064 5063//5063 4711//4711
f 5064//5064 4711//4711 4713//4713
f 5065//5065 5064//5064 4713//4713
f 5065//5065 4713//4713 4715//4715
f 5066//5066 5065//5065 4715//4715
f 5066//5066 4715//4715 4717//4717
f 5066//5066 4717//4717 4720//4720
f 5067//5067 5066//5066 4720//4720
f 5068//5068 5067//5067 4720//4720
f 5068//5068 4720//4720 4721//4721
f 5069//5069 5068//5068 4721//4721
f 5069//5069 4721//4721 4723//4723
f 5069//5069 4723//4723 4725//4725
f 5070//5070 5069//5069 4725//4725
f 5071//5071 5070//5070 4725//4725
f 5071//5071 4725//4725 4727//4727
f 5072//5072 5071//5071 4727//4727
f 5072//5072 4727//4727 4729//4729
f 5072//5072 4729//4729 4731//4731
f 5073//5073 5072//5072 4731//4731
f 5073//5073 4731//4731 4733//4733
f 5074//5074 5073//5073 4733//4733
f 5074//5074 4733//4733 4737//4737
f 4882//4882 5074//5074 4737//4737
f 5005//5005 5001//5001 5002//5002
f 5005//5005 5002//5002 5003//5003
f 5005//5005 5003//5003 5004//5004
f 4998//4998 4999//4999 5000//5000
f 4998//4998 5000//5000 5001//5001
f 4996//4996 4998//4998 5001//5001
f 4996//4996 4997//4997 4998//4998
f 4996//4996 5001//5001 5005//5005
f 5009//5009 5007//5007 5008//5008
f 4993//4993 4994//4994 4995//4995
f 4993//4993 4995//4995 4996//4996
f 5012//5012 5007//5007 5009//5009
f 5012//5012 5006//5006 5007//5007
f 5012//5012 5009//5009 5010//5010
f 5012//5012 5010//5010 5011//5011
f 5013//5013 5006//5006 5012//5012
f 4990//4990 4991//4991 4992//4992
f 4990//4990 4992//4992 4993//4993
f 4990//4990 4993//4993 4996//4996
f 5015//5015 5013//5013 5014//5014
f 5015//5015 5006//5006 5013//5013
f 4987//4987 4988//4988 4989//4989
f 4986//4986 4989//4989 4990//4990
f 4986//4986 4987//4987 4989//4989
f 5019//5019 5016//5016 5017//5017
f 5019//5019 5017//5017 5018//5018
f 5020//5020 5015//5015 5016//5016
f 5020//5020 5016//5016 5019//5019
f 4984//4984 4985//4985 4986//4986
f 4984//4984 4986//4986 4990//4990
f 5021//5021 5005//5005 5006//5006
f 5021//5021 5006//5006 5015//5015
f 5021//5021 5015//5015 5020//5020
f 5022//5022 5005//5005 5021//5021
f 4981//4981 4982//4982 4983//4983
f 4980//4980 4981//4981 4983//4983
f 4979//4979 4983//4983 4984//4984
f 4979//4979 4980//4980 4983//4983
f 5028//5028 4996//4996 5005//5005
f 5028//5028 4990//4990 4996//4996
f 5028//5028 5022//5022 5023//5023
f 5028//5028 5023//5023 5024//5024
f 5028//5028 5024//5024 5025//5025
f 5028//5028 5025//5025 5026//5026
f 5028//5028 5026//5026 5027//5027
f 5028//5028 5005//5005 5022//5022
f 4976//4976 4979//4979 4984//4984
f 4976//4976 4977//4977 4978//4978
f 4976//4976 4978//4978 4979//4979
f 5030//5030 5028//5028 5029//5029
f 4974//4974 4975//4975 4976//4976
f 5031//5031 5028//5028 5030//5030
f 4973//4973 4974//4974 4976//4976
f 5034//5034 5028//5028 5031//5031
f 5034//5034 5031//5031 5032//5032
f 5034//5034 5032//5032 5033//5033
f 5034//5034 4990//4990 5028//5028
f 5035//5035 4990//4990 5034//5034
f 4969//4969 4970//4970 4971//4971
f 4969//4969 4971//4971 4972//4972
f 5036//5036 4990//4990 5035//5035
f 4968//4968 4973//4973 4976//4976
f 4968//4968 4969//4969 4972//4972
f 4968//4968 4972//4972 4973//4973
f 4968//4968 4976//4976 4984//4984
f 5039//5039 5036//5036 5037//5037
f 5039//5039 5037//5037 5038//5038
f 4965//4965 4966//4966 4967//4967
f 4964//4964 4965//4965 4967//4967
f 4962//4962 4964//4964 4967//4967
f 4962//4962 4963//4963 4964//4964
f 4962//4962 4967//4967 4968//4968
f 5044//5044 5042//5042 5043//5043
f 4960//4960 4962//4962 4968//4968
f 4960//4960 4961//4961 4962//4962
f 5045//5045 5036//5036 5039//5039
f 5045//5045 5039//5039 5040//5040
f 5045//5045 5040//5040 5041//5041
f 5045//5045 5041//5041 5042//5042
f 5045//5045 5042//5042 5044//5044
f 4958//4958 4968//4968 4984//4984
f 4958//4958 4960//4960 4968//4968
f 4958//4958 4959//4959 4960//4960
f 5047//5047 5045//5045 5046//5046
f 5048//5048 5045//5045 5047//5047
f 5049//5049 5045//5045 5048//5048
f 5050//5050 5045//5045 5049//5049
f 4953//4953 4954//4954 4955//4955
f 4953//4953 4955//4955 4956//4956
f 4953//4953 4956//4956 4957//4957
f 5053//5053 5050//5050 5051//5051
f 5053//5053 5051//5051 5052//5052
f 4951//4951 4952//4952 4953//4953
f 5055//5055 5053//5053 5054//5054
f 4949//4949 4950//4950 4951//4951
f 4949//4949 4951//4951 4953//4953
f 5056//5056 5053//5053 5055//5055
f 5056//5056 5050//5050 5053//5053
f 5056//5056 5045//5045 5050//5050
f 4947//4947 4949//4949 4953//4953
f 4947//4947 4948//4948 4949//4949
f 5059//5059 5057//5057 5058//5058
f 5061//5061 5045//5045 5056//5056
f 5061//5061 5057//5057 5059//5059
f 5061//5061 5036//5036 5045//5045
f 5061//5061 5056//5056 5057//5057
f 5061//5061 5059//5059 5060//5060
f 4943//4943 4947//4947 4953//4953
f 4943//4943 4944//4944 4945//4945
f 4943//4943 4945//4945 4946//4946
f 4943//4943 4946//4946 4947//4947
f 4943//4943 4953//4953 4957//4957
f 5063//5063 5061//5061 5062//5062
f 4941//4941 4942//4942 4943//4943
f 4940//4940 4943//4943 4957//4957
f 4940//4940 4941//4941 4943//4943
f 5065//5065 5036//5036 5061//5061
f 5065//5065 5061//5061 5063//5063
f 5065//5065 5063//5063 5064//5064
f 4937//4937 4938//4938 4939//4939
f 5068//5068 5065//5065 5066//5066
f 5068//5068 5066//5066 5067//5067
f 4935//4935 4937//4937 4939//4939
f 4935//4935 4936//4936 4937//4937
f 5070//5070 5068//5068 5069//5069
f 4934//4934 4935//4935 4939//4939
f 4934//4934 4939//4939 4940//4940
f 5071//5071 5068//5068 5070//5070
f 5071//5071 4990//4990 5036//5036
f 5071//5071 5036//5036 5065//5065
f 5071//5071 5065//5065 5068//5068
f 5071//5071 4984//4984 4990//4990
f 4933//4933 4940//4940 4957//4957
f 4933//4933 4934//4934 4940//4940
f 5074//5074 5072//5072 5073//5073
f 4930//4930 4931//4931 4932//4932
f 4930//4930 4932//4932 4933//4933
f 4881//4881 5072//5072 5074//5074
f 4881//4881 5071//5071 5072//5072
f 4881//4881 5074//5074 4882//4882
f 4927//4927 4928//4928 4929//4929
f 4885//4885 4881//4881 4883//4883
f 4885//4885 4883//4883 4884//4884
f 4885//4885 4958//4958 4984//4984
f 4885//4885 4984//4984 5071//5071
f 4885//4885 5071//5071 4881//4881
f 4925//4925 4926//4926 4927//4927
f 4925//4925 4929//4929 4930//4930
f 4925//4925 4927//4927 4929//4929
f 4888//4888 4886//4886 4887//4887
f 4922//4922 4923//4923 4924//4924
f 4922//4922 4924//4924 4925//4925
f 4889//4889 4886//4886 4888//4888
f 4891//4891 4885//4885 4886//4886
f 4891//4891 4889//4889 4890//4890
f 4891//4891 4886//4886 4889//4889
f 4891//4891 4957//4957 4958//4958
f 4891//4891 4958//4958 4885//4885
f 4919//4919 4922//4922 4925//4925
f 4919//4919 4920//4920 4921//4921
f 4919//4919 4921//4921 4922//4922
f 4919//4919 4925//4925 4930//4930
f 4919//4919 4930//4930 4933//4933
f 4918//4918 4919//4919 4933//4933
f 4893//4893 4891//4891 4892//4892
f 4894//4894 4891//4891 4893//4893
f 4916//4916 4917//4917 4918//4918
f 4895//4895 4891//4891 4894//4894
f 4915//4915 4916//4916 4918//4918
f 4896//4896 4891//4891 4895//4895
f 4897//4897 4891//4891 4896//4896
f 4912//4912 4913//4913 4914//4914
f 4899//4899 4897//4897 4898//4898
f 4911//4911 4912//4912 4914//4914
f 4900//4900 4891//4891 4897//4897
f 4900//4900 4897//4897 4899//4899
f 4910//4910 4911//4911 4914//4914
f 4901//4901 4891//4891 4900//4900
f 4909//4909 4910//4910 4914//4914
f 4908//4908 4909//4909 4914//4914
f 4903//4903 4901//4901 4902//4902
f 4903//4903 4957//4957 4891//4891
f 4903//4903 4918//4918 4933//4933
f 4903//4903 4891//4891 4901//4901
f 4903//4903 4933//4933 4957//4957
f 4905//4905 4903//4903 4904//4904
f 4905//4905 4906//4906 4907//4907
f 4905//4905 4907//4907 4908//4908
f 4905//4905 4914//4914 4915//4915
f 4905//4905 4918//4918 4903//4903
f 4905//4905 4915//4915 4918//4918
f 4905//4905 4908//4908 4914//4914
f 5075//5075 5076//5076 5077//5077
f 5075//5075 5078//5078 5076//5076
f 5079//5079 5080//5080 5081//5081
f 5079//5079 5082//5082 5080//5080
f 5083//5083 5075//5075 5077//5077
f 5084//5084 5082//5082 5079//5079
f 5084//5084 5079//5079 5085//5085
f 5086//5086 5083//5083 5077//5077
f 5086//5086 5087//5087 5083//5083
f 5088//5088 5089//5089 5090//5090
f 5088//5088 5084//5084 5089//5089
f 5091//5091 5092//5092 5086//5086
f 5091//5091 5093//5093 5092//5092
f 5091//5091 5094//5094 5093//5093
f 5095//5095 5082//5082 5084//5084
f 5095//5095 5084//5084 5088//5088
f 5095//5095 5088//5088 5096//5096
f 5097//5097 5098//5098 5091//5091
f 5099//5099 5086//5086 5077//5077
f 5099//5099 5082//5082 5095//5095
f 5099//5099 5095//5095 5100//5100
f 5099//5099 5077//5077 5082//5082
f 5101//5101 5097//5097 5091//5091
f 5101//5101 5102//5102 5097//5097
f 5103//5103 5086//5086 5099//5099
f 5103//5103 5099//5099 5104//5104
f 5105//5105 5106//5106 5101//5101
f 5105//5105 5107//5107 5106//5106
f 5108//5108 5109//5109 5110//5110
f 5108//5108 5111//5111 5109//5109
f 5108//5108 5112//5112 5111//5111
f 5113//5113 5105//5105 5101//5101
f 5113//5113 5114//5114 5105//5105
f 5113//5113 5115//5115 5114//5114
f 5116//5116 5112//5112 5108//5108
f 5116//5116 5086//5086 5103//5103
f 5116//5116 5103//5103 5112//5112
f 5117//5117 5116//5116 5118//5118
f 5119//5119 5120//5120 5113//5113
f 5119//5119 5121//5121 5120//5120
f 5122//5122 5117//5117 5123//5123
f 5124//5124 5125//5125 5119//5119
f 5126//5126 5122//5122 5127//5127
f 5128//5128 5129//5129 5124//5124
f 5128//5128 5119//5119 5113//5113
f 5128//5128 5124//5124 5119//5119
f 5130//5130 5131//5131 5132//5132
f 5130//5130 5133//5133 5131//5131
f 5130//5130 5134//5134 5133//5133
f 5130//5130 5126//5126 5134//5134
f 5130//5130 5116//5116 5117//5117
f 5130//5130 5117//5117 5122//5122
f 5130//5130 5122//5122 5126//5126
f 5135//5135 5136//5136 5137//5137
f 5135//5135 5138//5138 5136//5136
f 5135//5135 5139//5139 5138//5138
f 5140//5140 5137//5137 5141//5141
f 5140//5140 5135//5135 5137//5137
f 5140//5140 5142//5142 5135//5135
f 5143//5143 5144//5144 5145//5145
f 5146//5146 5141//5141 5128//5128
f 5146//5146 5147//5147 5140//5140
f 5146//5146 5140//5140 5141//5141
f 5148//5148 5143//5143 5149//5149
f 5148//5148 5150//5150 5144//5144
f 5148//5148 5144//5144 5143//5143
f 5151//5151 5130//5130 5150//5150
f 5151//5151 5150//5150 5148//5148
f 5151//5151 5086//5086 5116//5116
f 5151//5151 5116//5116 5130//5130
f 5152//5152 5153//5153 5146//5146
f 5152//5152 5146//5146 5128//5128
f 5154//5154 5151//5151 5155//5155
f 5156//5156 5157//5157 5158//5158
f 5156//5156 5154//5154 5157//5157
f 5159//5159 5154//5154 5156//5156
f 5159//5159 5151//5151 5154//5154
f 5160//5160 5152//5152 5128//5128
f 5160//5160 5161//5161 5152//5152
f 5160//5160 5162//5162 5161//5161
f 5160//5160 5163//5163 5162//5162
f 5160//5160 5164//5164 5163//5163
f 5160//5160 5165//5165 5164//5164
f 5160//5160 5166//5166 5165//5165
f 5160//5160 5128//5128 5113//5113
f 5167//5167 5168//5168 5169//5169
f 5167//5167 5159//5159 5168//5168
f 5170//5170 5171//5171 5160//5160
f 5172//5172 5170//5170 5160//5160
f 5173//5173 5172//5172 5160//5160
f 5174//5174 5175//5175 5176//5176
f 5174//5174 5177//5177 5175//5175
f 5174//5174 5167//5167 5177//5177
f 5174//5174 5159//5159 5167//5167
f 5178//5178 5179//5179 5180//5180
f 5181//5181 5159//5159 5174//5174
f 5181//5181 5182//5182 5183//5183
f 5181//5181 5174//5174 5182//5182
f 5184//5184 5178//5178 5180//5180
f 5184//5184 5180//5180 5173//5173
f 5184//5184 5185//5185 5178//5178
f 5186//5186 5181//5181 5187//5187
f 5188//5188 5184//5184 5173//5173
f 5188//5188 5189//5189 5184//5184
f 5190//5190 5186//5186 5191//5191
f 5192//5192 5193//5193 5194//5194
f 5195//5195 5190//5190 5196//5196
f 5197//5197 5192//5192 5194//5194
f 5198//5198 5194//5194 5188//5188
f 5198//5198 5197//5197 5194//5194
f 5198//5198 5173//5173 5160//5160
f 5198//5198 5101//5101 5091//5091
f 5198//5198 5188//5188 5173//5173
f 5198//5198 5113//5113 5101//5101
f 5198//5198 5160//5160 5113//5113
f 5199//5199 5200//5200 5201//5201
f 5199//5199 5202//5202 5200//5200
f 5203//5203 5199//5199 5204//5204
f 5203//5203 5195//5195 5202//5202
f 5203//5203 5190//5190 5195//5195
f 5203//5203 5202//5202 5199//5199
f 5205//5205 5206//5206 5207//5207
f 5205//5205 5208//5208 5206//5206
f 5205//5205 5209//5209 5208//5208
f 5210//5210 5203//5203 5211//5211
f 5210//5210 5190//5190 5203//5203
f 5212//5212 5159//5159 5181//5181
f 5212//5212 5181//5181 5186//5186
f 5212//5212 5186//5186 5190//5190
f 5212//5212 5190//5190 5210//5210
f 5212//5212 5151//5151 5159//5159
f 5213//5213 5214//5214 5205//5205
f 5213//5213 5215//5215 5214//5214
f 5216//5216 5151//5151 5212//5212
f 5216//5216 5212//5212 5217//5217
f 5218//5218 5213//5213 5205//5205
f 5218//5218 5219//5219 5213//5213
f 5220//5220 5151//5151 5216//5216
f 5221//5221 5218//5218 5205//5205
f 5221//5221 5222//5222 5218//5218
f 5223//5223 5224//5224 5225//5225
f 5223//5223 5220//5220 5224//5224
f 5226//5226 5198//5198 5091//5091
f 5226//5226 5207//5207 5198//5198
f 5226//5226 5227//5227 5221//5221
f 5226//5226 5205//5205 5207//5207
f 5226//5226 5221//5221 5205//5205
f 5228//5228 5151//5151 5220//5220
f 5228//5228 5220//5220 5223//5223
f 5229//5229 5226//5226 5091//5091
f 5230//5230 5151//5151 5228//5228
f 5231//5231 5232//5232 5233//5233
f 5234//5234 5231//5231 5233//5233
f 5235//5235 5151//5151 5230//5230
f 5235//5235 5086//5086 5151//5151
f 5235//5235 5234//5234 5233//5233
f 5235//5235 5091//5091 5086//5086
f 5235//5235 5233//5233 5229//5229
f 5235//5235 5236//5236 5237//5237
f 5235//5235 5238//5238 5236//5236
f 5235//5235 5230//5230 5238//5238
f 5235//5235 5229//5229 5091//5091
f 5239//5239 5235//5235 5237//5237
f 5240//5240 5241//5241 5242//5242
f 5240//5240 5243//5243 5241//5241
f 5240//5240 5237//5237 5243//5243
f 5244//5244 5245//5245 5239//5239
f 5246//5246 5240//5240 5247//5247
f 5248//5248 5249//5249 5244//5244
f 5250//5250 5248//5248 5244//5244
f 5251//5251 5244//5244 5239//5239
f 5251//5251 5250//5250 5244//5244
f 5251//5251 5252//5252 5250//5250
f 5253//5253 5237//5237 5240//5240
f 5253//5253 5240//5240 5246//5246
f 5253//5253 5254//5254 5255//5255
f 5253//5253 5256//5256 5254//5254
f 5253//5253 5246//5246 5256//5256
f 5257//5257 5237//5237 5253//5253
f 5258//5258 5259//5259 5251//5251
f 5260//5260 5258//5258 5251//5251
f 5261//5261 5239//5239 5237//5237
f 5261//5261 5237//5237 5257//5257
f 5261//5261 5262//5262 5263//5263
f 5261//5261 5264//5264 5262//5262
f 5261//5261 5257//5257 5264//5264
f 5265//5265 5260//5260 5251//5251
f 5265//5265 5266//5266 5260//5260
f 5265//5265 5267//5267 5266//5266
f 5268//5268 5251//5251 5239//5239
f 5268//5268 5239//5239 5261//5261
f 5268//5268 5265//5265 5251//5251
f 5269//5269 5125//5125 5124//5124
f 5269//5269 5270//5270 5125//5125
f 5271//5271 5124//5124 5129//5129
f 5271//5271 5269//5269 5124//5124
f 5272//5272 5129//5129 5128//5128
f 5272//5272 5271//5271 5129//5129
f 5273//5273 5128//5128 5141//5141
f 5273//5273 5272//5272 5128//5128
f 5274//5274 5141//5141 5137//5137
f 5274//5274 5137//5137 5136//5136
f 5274//5274 5273//5273 5141//5141
f 5275//5275 5274//5274 5136//5136
f 5276//5276 5136//5136 5138//5138
f 5276//5276 5138//5138 5139//5139
f 5276//5276 5275//5275 5136//5136
f 5277//5277 5276//5276 5139//5139
f 5278//5278 5139//5139 5135//5135
f 5278//5278 5277//5277 5139//5139
f 5279//5279 5135//5135 5142//5142
f 5279//5279 5278//5278 5135//5135
f 5280//5280 5142//5142 5140//5140
f 5280//5280 5279//5279 5142//5142
f 5281//5281 5140//5140 5147//5147
f 5281//5281 5147//5147 5146//5146
f 5281//5281 5280//5280 5140//5140
f 5282//5282 5281//5281 5146//5146
f 5283//5283 5146//5146 5153//5153
f 5283//5283 5282//5282 5146//5146
f 5284//5284 5153//5153 5152//5152
f 5284//5284 5152//5152 5161//5161
f 5284//5284 5283//5283 5153//5153
f 5285//5285 5284//5284 5161//5161
f 5286//5286 5161//5161 5162//5162
f 5286//5286 5285//5285 5161//5161
f 5287//5287 5162//5162 5163//5163
f 5287//5287 5286//5286 5162//5162
f 5288//5288 5163//5163 5164//5164
f 5288//5288 5287//5287 5163//5163
f 5289//5289 5164//5164 5165//5165
f 5289//5289 5288//5288 5164//5164
f 5290//5290 5165//5165 5166//5166
f 5290//5290 5166//5166 5160//5160
f 5290//5290 5289//5289 5165//5165
f 5291//5291 5290//5290 5160//5160
f 5292//5292 5160//5160 5171//5171
f 5292//5292 5291//5291 5160//5160
f 5293//5293 5171//5171 5170//5170
f 5293//5293 5292//5292 5171//5171
f 5294//5294 5170//5170 5172//5172
f 5294//5294 5172//5172 5173//5173
f 5294//5294 5293//5293 5170//5170
f 5295//5295 5294//5294 5173//5173
f 5296//5296 5173//5173 5180//5180
f 5296//5296 5295//5295 5173//5173
f 5297//5297 5296//5296 5180//5180
f 5297//5297 5180//5180 5179//5179
f 5298//5298 5297//5297 5179//5179
f 5298//5298 5179//5179 5178//5178
f 5299//5299 5298//5298 5178//5178
f 5299//5299 5178//5178 5185//5185
f 5300//5300 5299//5299 5185//5185
f 5300//5300 5185//5185 5184//5184
f 5301//5301 5300//5300 5184//5184
f 5301//5301 5184//5184 5189//5189
f 5301//5301 5189//5189 5188//5188
f 5302//5302 5301//5301 5188//5188
f 5303//5303 5302//5302 5188//5188
f 5303//5303 5188//5188 5194//5194
f 5304//5304 5303//5303 5194//5194
f 5304//5304 5194//5194 5193//5193
f 5304//5304 5193//5193 5192//5192
f 5305//5305 5304//5304 5192//5192
f 5306//5306 5192//5192 5197//5197
f 5306//5306 5197//5197 5198//5198
f 5306//5306 5305//5305 5192//5192
f 5307//5307 5306//5306 5198//5198
f 5308//5308 5198//5198 5207//5207
f 5308//5308 5307//5307 5198//5198
f 5309//5309 5207//5207 5206//5206
f 5309//5309 5308//5308 5207//5207
f 5310//5310 5206//5206 5208//5208
f 5310//5310 5309//5309 5206//5206
f 5311//5311 5208//5208 5209//5209
f 5311//5311 5310//5310 5208//5208
f 5312//5312 5209//5209 5205//5205
f 5312//5312 5205//5205 5214//5214
f 5312//5312 5311//5311 5209//5209
f 5313//5313 5312//5312 5214//5214
f 5314//5314 5214//5214 5215//5215
f 5314//5314 5313//5313 5214//5214
f 5315//5315 5215//5215 5213//5213
f 5315//5315 5314//5314 5215//5215
f 5316//5316 5213//5213 5219//5219
f 5316//5316 5315//5315 5213//5213
f 5317//5317 5219//5219 5218//5218
f 5317//5317 5316//5316 5219//5219
f 5318//5318 5218//5218 5222//5222
f 5318//5318 5317//5317 5218//5218
f 5319//5319 5222//5222 5221//5221
f 5319//5319 5318//5318 5222//5222
f 5320//5320 5221//5221 5227//5227
f 5320//5320 5319//5319 5221//5221
f 5321//5321 5227//5227 5226//5226
f 5321//5321 5320//5320 5227//5227
f 5322//5322 5226//5226 5229//5229
f 5322//5322 5321//5321 5226//5226
f 5323//5323 5322//5322 5229//5229
f 5323//5323 5229//5229 5233//5233
f 5324//5324 5323//5323 5233//5233
f 5324//5324 5233//5233 5232//5232
f 5325//5325 5324//5324 5232//5232
f 5325//5325 5232//5232 5231//5231
f 5326//5326 5325//5325 5231//5231
f 5326//5326 5231//5231 5234//5234
f 5327//5327 5326//5326 5234//5234
f 5327//5327 5234//5234 5235//5235
f 5328//5328 5327//5327 5235//5235
f 5328//5328 5235//5235 5239//5239
f 5329//5329 5328//5328 5239//5239
f 5329//5329 5239//5239 5245//5245
f 5329//5329 5245//5245 5244//5244
f 5330//5330 5329//5329 5244//5244
f 5331//5331 5330//5330 5244//5244
f 5331//5331 5244//5244 5249//5249
f 5332//5332 5331//5331 5249//5249
f 5332//5332 5249//5249 5248//5248
f 5333//5333 5332//5332 5248//5248
f 5333//5333 5248//5248 5250//5250
f 5334//5334 5333//5333 5250//5250
f 5334//5334 5250//5250 5252//5252
f 5335//5335 5334//5334 5252//5252
f 5335//5335 5252//5252 5251//5251
f 5336//5336 5335//5335 5251//5251
f 5336//5336 5251//5251 5259//5259
f 5337//5337 5336//5336 5259//5259
f 5337//5337 5259//5259 5258//5258
f 5338//5338 5337//5337 5258//5258
f 5338//5338 5258//5258 5260//5260
f 5339//5339 5260//5260 5266//5266
f 5339//5339 5338//5338 5260//5260
f 5340//5340 5266//5266 5267//5267
f 5340//5340 5267//5267 5265//5265
f 5340//5340 5339//5339 5266//5266
f 5341//5341 5340//5340 5265//5265
f 5342//5342 5265//5265 5268//5268
f 5342//5342 5341//5341 5265//5265
f 5343//5343 5268//5268 5261//5261
f 5343//5343 5261//5261 5263//5263
f 5343//5343 5342//5342 5268//5268
f 5344//5344 5343//5343 5263//5263
f 5345//5345 5263//5263 5262//5262
f 5345//5345 5344//5344 5263//5263
f 5346//5346 5262//5262 5264//5264
f 5346//5346 5345//5345 5262//5262
f 5347//5347 5264//5264 5257//5257
f 5347//5347 5257//5257 5253//5253
f 5347//5347 5346//5346 5264//5264
f 5348//5348 5347//5347 5253//5253
f 5349//5349 5348//5348 5253//5253
f 5349//5349 5253//5253 5255//5255
f 5350//5350 5349//5349 5255//5255
f 5350//5350 5255//5255 5254//5254
f 5351//5351 5350//5350 5254//5254
f 5351//5351 5254//5254 5256//5256
f 5352//5352 5351//5351 5256//5256
f 5352//5352 5256//5256 5246//5246
f 5352//5352 5246//5246 5247//5247
f 5353//5353 5352//5352 5247//5247
f 5353//5353 5247//5247 5240//5240
f 5354//5354 5353//5353 5240//5240
f 5355//5355 5354//5354 5240//5240
f 5355//5355 5240//5240 5242//5242
f 5355//5355 5242//5242 5241//5241
f 5356//5356 5355//5355 5241//5241
f 5357//5357 5356//5356 5241//5241
f 5357//5357 5241//5241 5243//5243
f 5358//5358 5357//5357 5243//5243
f 5358//5358 5243//5243 5237//5237
f 5358//5358 5237//5237 5236//5236
f 5359//5359 5358//5358 5236//5236
f 5359//5359 5236//5236 5238//5238
f 5360//5360 5359//5359 5238//5238
f 5361//5361 5360//5360 5238//5238
f 5361//5361 5238//5238 5230//5230
f 5362//5362 5361//5361 5230//5230
f 5362//5362 5230//5230 5228//5228
f 5363//5363 5362//5362 5228//5228
f 5363//5363 5228//5228 5223//5223
f 5364//5364 5363//5363 5223//5223
f 5364//5364 5223//5223 5225//5225
f 5365//5365 5364//5364 5225//5225
f 5365//5365 5225//5225 5224//5224
f 5366//5366 5365//5365 5224//5224
f 5366//5366 5224//5224 5220//5220
f 5367//5367 5366//5366 5220//5220
f 5367//5367 5220//5220 5216//5216
f 5368//5368 5367//5367 5216//5216
f 5368//5368 5216//5216 5217//5217
f 5369//5369 5212//5212 5210//5210
f 5369//5369 5368//5368 5217//5217
f 5369//5369 5217//5217 5212//5212
f 5370//5370 5369//5369 5210//5210
f 5371//5371 5210//5210 5211//5211
f 5371//5371 5370//5370 5210//5210
f 5372//5372 5211//5211 5203//5203
f 5372//5372 5203//5203 5204//5204
f 5372//5372 5371//5371 5211//5211
f 5373//5373 5372//5372 5204//5204
f 5374//5374 5204//5204 5199//5199
f 5374//5374 5373//5373 5204//5204
f 5374//5374 5199//5199 5201//5201
f 5375//5375 5201//5201 5200//5200
f 5375//5375 5374//5374 5201//5201
f 5376//5376 5375//5375 5200//5200
f 5377//5377 5200//5200 5202//5202
f 5377//5377 5376//5376 5200//5200
f 5378//5378 5202//5202 5195//5195
f 5378//5378 5377//5377 5202//5202
f 5379//5379 5195//5195 5196//5196
f 5379//5379 5378//5378 5195//5195
f 5380//5380 5196//5196 5190//5190
f 5380//5380 5379//5379 5196//5196
f 5381//5381 5190//5190 5191//5191
f 5381//5381 5380//5380 5190//5190
f 5382//5382 5191//5191 5186//5186
f 5382//5382 5381//5381 5191//5191
f 5383//5383 5186//5186 5187//5187
f 5383//5383 5382//5382 5186//5186
f 5384//5384 5187//5187 5181//5181
f 5384//5384 5383//5383 5187//5187
f 5385//5385 5181//5181 5183//5183
f 5385//5385 5384//5384 5181//5181
f 5386//5386 5183//5183 5182//5182
f 5386//5386 5385//5385 5183//5183
f 5387//5387 5182//5182 5174//5174
f 5387//5387 5174//5174 5176//5176
f 5387//5387 5386//5386 5182//5182
f 5388//5388 5387//5387 5176//5176
f 5389//5389 5176//5176 5175//5175
f 5389//5389 5175//5175 5177//5177
f 5389//5389 5388//5388 5176//5176
f 5390//5390 5389//5389 5177//5177
f 5391//5391 5177//5177 5167//5167
f 5391//5391 5390//5390 5177//5177
f 5392//5392 5167//5167 5169//5169
f 5392//5392 5391//5391 5167//5167
f 5393//5393 5169//5169 5168//5168
f 5393//5393 5392//5392 5169//5169
f 5394//5394 5168//5168 5159//5159
f 5394//5394 5393//5393 5168//5168
f 5395//5395 5159//5159 5156//5156
f 5395//5395 5394//5394 5159//5159
f 5396//5396 5156//5156 5158//5158
f 5396//5396 5395//5395 5156//5156
f 5397//5397 5158//5158 5157//5157
f 5397//5397 5396//5396 5158//5158
f 5398//5398 5397//5397 5157//5157
f 5398//5398 5157//5157 5154//5154
f 5399//5399 5398//5398 5154//5154
f 5399//5399 5154//5154 5155//5155
f 5400//5400 5399//5399 5155//5155
f 5400//5400 5155//5155 5151//5151
f 5401//5401 5400//5400 5151//5151
f 5401//5401 5151//5151 5148//5148
f 5402//5402 5401//5401 5148//5148
f 5402//5402 5148//5148 5149//5149
f 5403//5403 5402//5402 5149//5149
f 5403//5403 5149//5149 5143//5143
f 5404//5404 5403//5403 5143//5143
f 5404//5404 5143//5143 5145//5145
f 5405//5405 5404//5404 5145//5145
f 5405//5405 5145//5145 5144//5144
f 5406//5406 5405//5405 5144//5144
f 5406//5406 5144//5144 5150//5150
f 5406//5406 5150//5150 5130//5130
f 5407//5407 5406//5406 5130//5130
f 5408//5408 5130//5130 5132//5132
f 5408//5408 5132//5132 5131//5131
f 5408//5408 5407//5407 5130//5130
f 5409//5409 5408//5408 5131//5131
f 5410//5410 5131//5131 5133//5133
f 5410//5410 5409//5409 5131//5131
f 5411//5411 5133//5133 5134//5134
f 5411//5411 5134//5134 5126//5126
f 5411//5411 5410//5410 5133//5133
f 5412//5412 5126//5126 5127//5127
f 5412//5412 5411//5411 5126//5126
f 5413//5413 5412//5412 5127//5127
f 5414//5414 5127//5127 5122//5122
f 5414//5414 5122//5122 5123//5123
f 5414//5414 5413//5413 5127//5127
f 5415//5415 5123//5123 5117//5117
f 5415//5415 5414//5414 5123//5123
f 5416//5416 5415//5415 5117//5117
f 5417//5417 5117//5117 5118//5118
f 5417//5417 5118//5118 5116//5116
f 5417//5417 5416//5416 5117//5117
f 5418//5418 5116//5116 5108//5108
f 5418//5418 5417//5417 5116//5116
f 5419//5419 5418//5418 5108//5108
f 5420//5420 5108//5108 5110//5110
f 5420//5420 5419//5419 5108//5108
f 5421//5421 5110//5110 5109//5109
f 5421//5421 5420//5420 5110//5110
f 5422//5422 5109//5109 5111//5111
f 5422//5422 5111//5111 5112//5112
f 5422//5422 5421//5421 5109//5109
f 5423//5423 5112//5112 5103//5103
f 5423//5423 5422//5422 5112//5112
f 5424//5424 5423//5423 5103//5103
f 5425//5425 5424//5424 5103//5103
f 5425//5425 5103//5103 5104//5104
f 5426//5426 5425//5425 5104//5104
f 5426//5426 5104//5104 5099//5099
f 5426//5426 5099//5099 5100//5100
f 5427//5427 5426//5426 5100//5100
f 5428//5428 5427//5427 5100//5100
f 5428//5428 5100//5100 5095//5095
f 5428//5428 5095//5095 5096//5096
f 5429//5429 5428//5428 5096//5096
f 5429//5429 5096//5096 5088//5088
f 5430//5430 5429//5429 5088//5088
f 5430//5430 5088//5088 5090//5090
f 5431//5431 5430//5430 5090//5090
f 5432//5432 5431//5431 5090//5090
f 5432//5432 5090//5090 5089//5089
f 5432//5432 5089//5089 5084//5084
f 5433//5433 5432//5432 5084//5084
f 5434//5434 5433//5433 5084//5084
f 5434//5434 5084//5084 5085//5085
f 5435//5435 5434//5434 5085//5085
f 5435//5435 5085//5085 5079//5079
f 5435//5435 5079//5079 5081//5081
f 5436//5436 5435//5435 5081//5081
f 5436//5436 5081//5081 5080//5080
f 5437//5437 5436//5436 5080//5080
f 5437//5437 5080//5080 5082//5082
f 5438//5438 5437//5437 5082//5082
f 5439//5439 5438//5438 5082//5082
f 5439//5439 5082//5082 5077//5077
f 5439//5439 5077//5077 5076//5076
f 5440//5440 5439//5439 5076//5076
f 5441//5441 5076//5076 5078//5078
f 5441//5441 5440//5440 5076//5076
f 5442//5442 5078//5078 5075//5075
f 5442//5442 5441//5441 5078//5078
f 5442//5442 5075//5075 5083//5083
f 5443//5443 5442//5442 5083//5083
f 5444//5444 5083//5083 5087//5087
f 5444//5444 5443//5443 5083//5083
f 5445//5445 5087//5087 5086//5086
f 5445//5445 5444//5444 5087//5087
f 5446//5446 5086//5086 5092//5092
f 5446//5446 5445//5445 5086//5086
f 5447//5447 5092//5092 5093//5093
f 5447//5447 5093//5093 5094//5094
f 5447//5447 5446//5446 5092//5092
f 5448//5448 5447//5447 5094//5094
f 5449//5449 5448//5448 5094//5094
f 5449//5449 5094//5094 5091//5091
f 5449//5449 5091//5091 5098//5098
f 5450//5450 5449//5449 5098//5098
f 5451//5451 5450//5450 5098//5098
f 5451//5451 5098//5098 5097//5097
f 5451//5451 5097//5097 5102//5102
f 5452//5452 5451//5451 5102//5102
f 5453//5453 5452//5452 5102//5102
f 5453//5453 5102//5102 5101//5101
f 5454//5454 5453//5453 5101//5101
f 5454//5454 5101//5101 5106//5106
f 5454//5454 5106//5106 5107//5107
f 5455//5455 5454//5454 5107//5107
f 5456//5456 5455//5455 5107//5107
f 5456//5456 5107//5107 5105//5105
f 5457//5457 5456//5456 5105//5105
f 5457//5457 5105//5105 5114//5114
f 5458//5458 5457//5457 5114//5114
f 5458//5458 5114//5114 5115//5115
f 5459//5459 5458//5458 5115//5115
f 5459//5459 5115//5115 5113//5113
f 5459//5459 5113//5113 5120//5120
f 5460//5460 5459//5459 5120//5120
f 5460//5460 5120//5120 5121//5121
f 5461//5461 5460//5460 5121//5121
f 5462//5462 5461//5461 5121//5121
f 5462//5462 5121//5121 5119//5119
f 5462//5462 5119//5119 5125//5125
f 5270//5270 5462//5462 5125//5125
f 5463//5463 5390//5390 5391//5391
f 5464//5464 5390//5390 5463//5463
f 5464//5464 5389//5389 5390//5390
f 5465//5465 5463//5463 5391//5391
f 5465//5465 5391//5391 5392//5392
f 5466//5466 5387//5387 5388//5388
f 5466//5466 5388//5388 5389//5389
f 5466//5466 5389//5389 5464//5464
f 5467//5467 5392//5392 5393//5393
f 5467//5467 5393//5393 5394//5394
f 5467//5467 5465//5465 5392//5392
f 5468//5468 5386//5386 5387//5387
f 5468//5468 5387//5387 5466//5466
f 5469//5469 5394//5394 5395//5395
f 5469//5469 5467//5467 5394//5394
f 5470//5470 5385//5385 5386//5386
f 5470//5470 5386//5386 5468//5468
f 5471//5471 5395//5395 5396//5396
f 5471//5471 5469//5469 5395//5395
f 5472//5472 5384//5384 5385//5385
f 5472//5472 5385//5385 5470//5470
f 5473//5473 5471//5471 5396//5396
f 5473//5473 5396//5396 5397//5397
f 5474//5474 5382//5382 5383//5383
f 5474//5474 5383//5383 5384//5384
f 5474//5474 5384//5384 5472//5472
f 5475//5475 5397//5397 5398//5398
f 5475//5475 5398//5398 5399//5399
f 5475//5475 5473//5473 5397//5397
f 5476//5476 5381//5381 5382//5382
f 5476//5476 5382//5382 5474//5474
f 5477//5477 5399//5399 5400//5400
f 5477//5477 5475//5475 5399//5399
f 5478//5478 5380//5380 5381//5381
f 5478//5478 5381//5381 5476//5476
f 5479//5479 5477//5477 5400//5400
f 5479//5479 5400//5400 5401//5401
f 5480//5480 5379//5379 5380//5380
f 5480//5480 5380//5380 5478//5478
f 5481//5481 5479//5479 5401//5401
f 5481//5481 5401//5401 5402//5402
f 5482//5482 5377//5377 5378//5378
f 5482//5482 5378//5378 5379//5379
f 5482//5482 5379//5379 5480//5480
f 5483//5483 5402//5402 5403//5403
f 5483//5483 5403//5403 5404//5404
f 5483//5483 5481//5481 5402//5402
f 5484//5484 5376//5376 5377//5377
f 5484//5484 5377//5377 5482//5482
f 5485//5485 5404//5404 5405//5405
f 5485//5485 5483//5483 5404//5404
f 5486//5486 5376//5376 5484//5484
f 5486//5486 5375//5375 5376//5376
f 5487//5487 5485//5485 5405//5405
f 5487//5487 5405//5405 5406//5406
f 5488//5488 5374//5374 5375//5375
f 5488//5488 5375//5375 5486//5486
f 5489//5489 5406//5406 5407//5407
f 5489//5489 5487//5487 5406//5406
f 5490//5490 5372//5372 5373//5373
f 5490//5490 5373//5373 5374//5374
f 5490//5490 5374//5374 5488//5488
f 5491//5491 5407//5407 5408//5408
f 5491//5491 5408//5408 5409//5409
f 5491//5491 5489//5489 5407//5407
f 5492//5492 5371//5371 5372//5372
f 5492//5492 5372//5372 5490//5490
f 5493//5493 5409//5409 5410//5410
f 5493//5493 5491//5491 5409//5409
f 5494//5494 5370//5370 5371//5371
f 5494//5494 5371//5371 5492//5492
f 5495//5495 5410//5410 5411//5411
f 5495//5495 5493//5493 5410//5410
f 5496//5496 5369//5369 5370//5370
f 5496//5496 5370//5370 5494//5494
f 5497//5497 5495//5495 5411//5411
f 5497//5497 5411//5411 5412//5412
f 5498//5498 5369//5369 5496//5496
f 5498//5498 5367//5367 5368//5368
f 5498//5498 5368//5368 5369//5369
f 5499//5499 5412//5412 5413//5413
f 5499//5499 5413//5413 5414//5414
f 5499//5499 5497//5497 5412//5412
f 5500//5500 5367//5367 5498//5498
f 5500//5500 5366//5366 5367//5367
f 5501//5501 5414//5414 5415//5415
f 5501//5501 5499//5499 5414//5414
f 5502//5502 5366//5366 5500//5500
f 5502//5502 5365//5365 5366//5366
f 5503//5503 5415//5415 5416//5416
f 5503//5503 5501//5501 5415//5415
f 5504//5504 5365//5365 5502//5502
f 5504//5504 5363//5363 5364//5364
f 5504//5504 5364//5364 5365//5365
f 5505//5505 5416//5416 5417//5417
f 5505//5505 5503//5503 5416//5416
f 5506//5506 5363//5363 5504//5504
f 5506//5506 5362//5362 5363//5363
f 5507//5507 5417//5417 5418//5418
f 5507//5507 5418//5418 5419//5419
f 5507//5507 5505//5505 5417//5417
f 5508//5508 5362//5362 5506//5506
f 5508//5508 5361//5361 5362//5362
f 5509//5509 5419//5419 5420//5420
f 5509//5509 5507//5507 5419//5419
f 5510//5510 5361//5361 5508//5508
f 5510//5510 5360//5360 5361//5361
f 5511//5511 5420//5420 5421//5421
f 5511//5511 5509//5509 5420//5420
f 5512//5512 5358//5358 5359//5359
f 5512//5512 5359//5359 5360//5360
f 5512//5512 5360//5360 5510//5510
f 5513//5513 5421//5421 5422//5422
f 5513//5513 5511//5511 5421//5421
f 5514//5514 5358//5358 5512//5512
f 5514//5514 5357//5357 5358//5358
f 5515//5515 5422//5422 5423//5423
f 5515//5515 5423//5423 5424//5424
f 5515//5515 5513//5513 5422//5422
f 5516//5516 5357//5357 5514//5514
f 5516//5516 5356//5356 5357//5357
f 5517//5517 5515//5515 5424//5424
f 5517//5517 5424//5424 5425//5425
f 5518//5518 5356//5356 5516//5516
f 5518//5518 5355//5355 5356//5356
f 5519//5519 5425//5425 5426//5426
f 5519//5519 5517//5517 5425//5425
f 5520//5520 5355//5355 5518//5518
f 5520//5520 5353//5353 5354//5354
f 5520//5520 5354//5354 5355//5355
f 5521//5521 5426//5426 5427//5427
f 5521//5521 5519//5519 5426//5426
f 5522//5522 5353//5353 5520//5520
f 5522//5522 5352//5352 5353//5353
f 5523//5523 5521//5521 5427//5427
f 5523//5523 5427//5427 5428//5428
f 5523//5523 5428//5428 5429//5429
f 5524//5524 5352//5352 5522//5522
f 5524//5524 5351//5351 5352//5352
f 5525//5525 5429//5429 5430//5430
f 5525//5525 5523//5523 5429//5429
f 5526//5526 5351//5351 5524//5524
f 5526//5526 5350//5350 5351//5351
f 5527//5527 5525//5525 5430//5430
f 5527//5527 5430//5430 5431//5431
f 5528//5528 5350//5350 5526//5526
f 5528//5528 5348//5348 5349//5349
f 5528//5528 5349//5349 5350//5350
f 5529//5529 5527//5527 5431//5431
f 5529//5529 5431//5431 5432//5432
f 5530//5530 5348//5348 5528//5528
f 5530//5530 5347//5347 5348//5348
f 5531//5531 5529//5529 5432//5432
f 5531//5531 5432//5432 5433//5433
f 5531//5531 5433//5433 5434//5434
f 5532//5532 5347//5347 5530//5530
f 5532//5532 5346//5346 5347//5347
f 5533//5533 5434//5434 5435//5435
f 5533//5533 5531//5531 5434//5434
f 5534//5534 5346//5346 5532//5532
f 5534//5534 5345//5345 5346//5346
f 5535//5535 5533//5533 5435//5435
f 5535//5535 5435//5435 5436//5436
f 5536//5536 5345//5345 5534//5534
f 5536//5536 5344//5344 5345//5345
f 5537//5537 5535//5535 5436//5436
f 5537//5537 5436//5436 5437//5437
f 5343//5343 5344//5344 5536//5536
f 5538//5538 5343//5343 5536//5536
f 5539//5539 5437//5437 5438//5438
f 5539//5539 5537//5537 5437//5437
f 5342//5342 5343//5343 5538//5538
f 5540//5540 5342//5342 5538//5538
f 5439//5439 5539//5539 5438//5438
f 5541//5541 5539//5539 5439//5439
f 5341//5341 5342//5342 5540//5540
f 5542//5542 5341//5341 5540//5540
f 5440//5440 5541//5541 5439//5439
f 5440//5440 5543//5543 5541//5541
f 5340//5340 5341//5341 5542//5542
f 5340//5340 5542//5542 5544//5544
f 5441//5441 5543//5543 5440//5440
f 5441//5441 5545//5545 5543//5543
f 5339//5339 5340//5340 5544//5544
f 5442//5442 5545//5545 5441//5441
f 5442//5442 5546//5546 5545//5545
f 5338//5338 5339//5339 5544//5544
f 5338//5338 5544//5544 5547//5547
f 5443//5443 5546//5546 5442//5442
f 5337//5337 5338//5338 5547//5547
f 5337//5337 5547//5547 5548//5548
f 5444//5444 5549//5549 5546//5546
f 5444//5444 5546//5546 5443//5443
f 5336//5336 5337//5337 5548//5548
f 5336//5336 5548//5548 5550//5550
f 5445//5445 5549//5549 5444//5444
f 5445//5445 5551//5551 5549//5549
f 5335//5335 5550//5550 5552//5552
f 5335//5335 5336//5336 5550//5550
f 5446//5446 5553//5553 5551//5551
f 5446//5446 5551//5551 5445//5445
f 5334//5334 5335//5335 5552//5552
f 5447//5447 5554//5554 5553//5553
f 5447//5447 5553//5553 5446//5446
f 5333//5333 5552//5552 5555//5555
f 5333//5333 5334//5334 5552//5552
f 5448//5448 5554//5554 5447//5447
f 5332//5332 5555//5555 5556//5556
f 5332//5332 5333//5333 5555//5555
f 5449//5449 5557//5557 5554//5554
f 5449//5449 5554//5554 5448//5448
f 5331//5331 5556//5556 5558//5558
f 5331//5331 5332//5332 5556//5556
f 5450//5450 5559//5559 5557//5557
f 5450//5450 5557//5557 5449//5449
f 5330//5330 5331//5331 5558//5558
f 5330//5330 5558//5558 5560//5560
f 5451//5451 5561//5561 5559//5559
f 5451//5451 5559//5559 5450//5450
f 5329//5329 5330//5330 5560//5560
f 5452//5452 5561//5561 5451//5451
f 5452//5452 5562//5562 5561//5561
f 5328//5328 5560//5560 5563//5563
f 5328//5328 5329//5329 5560//5560
f 5453//5453 5562//5562 5452//5452
f 5327//5327 5328//5328 5563//5563
f 5327//5327 5563//5563 5564//5564
f 5454//5454 5562//5562 5453//5453
f 5454//5454 5565//5565 5562//5562
f 5326//5326 5327//5327 5564//5564
f 5326//5326 5564//5564 5566//5566
f 5455//5455 5565//5565 5454//5454
f 5455//5455 5567//5567 5565//5565
f 5325//5325 5566//5566 5568//5568
f 5325//5325 5326//5326 5566//5566
f 5456//5456 5567//5567 5455//5455
f 5456//5456 5569//5569 5567//5567
f 5324//5324 5325//5325 5568//5568
f 5457//5457 5569//5569 5456//5456
f 5457//5457 5570//5570 5569//5569
f 5323//5323 5568//5568 5571//5571
f 5323//5323 5324//5324 5568//5568
f 5458//5458 5570//5570 5457//5457
f 5322//5322 5571//5571 5572//5572
f 5322//5322 5323//5323 5571//5571
f 5459//5459 5573//5573 5570//5570
f 5459//5459 5570//5570 5458//5458
f 5321//5321 5572//5572 5574//5574
f 5321//5321 5322//5322 5572//5572
f 5460//5460 5575//5575 5573//5573
f 5460//5460 5573//5573 5459//5459
f 5320//5320 5321//5321 5574//5574
f 5320//5320 5574//5574 5576//5576
f 5461//5461 5575//5575 5460//5460
f 5461//5461 5577//5577 5575//5575
f 5319//5319 5320//5320 5576//5576
f 5462//5462 5577//5577 5461//5461
f 5462//5462 5578//5578 5577//5577
f 5318//5318 5576//5576 5579//5579
f 5318//5318 5319//5319 5576//5576
f 5270//5270 5578//5578 5462//5462
f 5317//5317 5579//5579 5580//5580
f 5317//5317 5318//5318 5579//5579
f 5269//5269 5578//5578 5270//5270
f 5269//5269 5581//5581 5578//5578
f 5316//5316 5580//5580 5582//5582
f 5316//5316 5317//5317 5580//5580
f 5271//5271 5581//5581 5269//5269
f 5271//5271 5583//5583 5581//5581
f 5315//5315 5582//5582 5584//5584
f 5315//5315 5316//5316 5582//5582
f 5272//5272 5583//5583 5271//5271
f 5272//5272 5585//5585 5583//5583
f 5314//5314 5315//5315 5584//5584
f 5273//5273 5585//5585 5272//5272
f 5273//5273 5586//5586 5585//5585
f 5313//5313 5584//5584 5587//5587
f 5313//5313 5314//5314 5584//5584
f 5274//5274 5586//5586 5273//5273
f 5312//5312 5587//5587 5588//5588
f 5312//5312 5313//5313 5587//5587
f 5275//5275 5586//5586 5274//5274
f 5275//5275 5589//5589 5586//5586
f 5311//5311 5312//5312 5588//5588
f 5311//5311 5588//5588 5590//5590
f 5276//5276 5589//5589 5275//5275
f 5276//5276 5591//5591 5589//5589
f 5310//5310 5590//5590 5592//5592
f 5310//5310 5311//5311 5590//5590
f 5277//5277 5591//5591 5276//5276
f 5277//5277 5593//5593 5591//5591
f 5309//5309 5310//5310 5592//5592
f 5278//5278 5594//5594 5593//5593
f 5278//5278 5593//5593 5277//5277
f 5308//5308 5309//5309 5592//5592
f 5308//5308 5592//5592 5595//5595
f 5279//5279 5594//5594 5278//5278
f 5307//5307 5595//5595 5596//5596
f 5307//5307 5308//5308 5595//5595
f 5280//5280 5597//5597 5594//5594
f 5280//5280 5594//5594 5279//5279
f 5306//5306 5307//5307 5596//5596
f 5306//5306 5596//5596 5598//5598
f 5281//5281 5599//5599 5597//5597
f 5281//5281 5597//5597 5280//5280
f 5305//5305 5598//5598 5600//5600
f 5305//5305 5306//5306 5598//5598
f 5282//5282 5601//5601 5599//5599
f 5282//5282 5599//5599 5281//5281
f 5304//5304 5305//5305 5600//5600
f 5283//5283 5602//5602 5601//5601
f 5283//5283 5601//5601 5282//5282
f 5303//5303 5600//5600 5603//5603
f 5303//5303 5304//5304 5600//5600
f 5284//5284 5602//5602 5283//5283
f 5302//5302 5303//5303 5603//5603
f 5302//5302 5603//5603 5604//5604
f 5285//5285 5605//5605 5602//5602
f 5285//5285 5602//5602 5284//5284
f 5301//5301 5302//5302 5604//5604
f 5301//5301 5604//5604 5606//5606
f 5286//5286 5607//5607 5605//5605
f 5286//5286 5605//5605 5285//5285
f 5300//5300 5301//5301 5606//5606
f 5300//5300 5606//5606 5608//5608
f 5287//5287 5607//5607 5286//5286
f 5287//5287 5609//5609 5607//5607
f 5299//5299 5300//5300 5608//5608
f 5288//5288 5610//5610 5609//5609
f 5288//5288 5609//5609 5287//5287
f 5298//5298 5608//5608 5611//5611
f 5298//5298 5299//5299 5608//5608
f 5289//5289 5610//5610 5288//5288
f 5297//5297 5298//5298 5611//5611
f 5297//5297 5611//5611 5612//5612
f 5290//5290 5610//5610 5289//5289
f 5290//5290 5613//5613 5610//5610
f 5296//5296 5612//5612 5614//5614
f 5296//5296 5297//5297 5612//5612
f 5291//5291 5615//5615 5613//5613
f 5291//5291 5613//5613 5290//5290
f 5295//5295 5614//5614 5616//5616
f 5295//5295 5296//5296 5614//5614
f 5292//5292 5617//5617 5615//5615
f 5292//5292 5615//5615 5291//5291
f 5294//5294 5295//5295 5616//5616
f 5293//5293 5616//5616 5617//5617
f 5293//5293 5617//5617 5292//5292
f 5293//5293 5294//5294 5616//5616
f 5618//5618 5578//5578 5581//5581
f 5618//5618 5581//5581 5583//5583
f 5618//5618 5619//5619 5578//5578
f 5620//5620 5618//5618 5583//5583
f 5621//5621 5583//5583 5585//5585
f 5621//5621 5620//5620 5583//5583
f 5622//5622 5585//5585 5586//5586
f 5622//5622 5621//5621 5585//5585
f 5623//5623 5586//5586 5589//5589
f 5623//5623 5622//5622 5586//5586
f 5624//5624 5589//5589 5591//5591
f 5624//5624 5623//5623 5589//5589
f 5625//5625 5591//5591 5593//5593
f 5625//5625 5593//5593 5594//5594
f 5625//5625 5624//5624 5591//5591
f 5626//5626 5625//5625 5594//5594
f 5627//5627 5594//5594 5597//5597
f 5627//5627 5597//5597 5599//5599
f 5627//5627 5626//5626 5594//5594
f 5628//5628 5627//5627 5599//5599
f 5629//5629 5599//5599 5601//5601
f 5629//5629 5628//5628 5599//5599
f 5630//5630 5601//5601 5602//5602
f 5630//5630 5602//5602 5605//5605
f 5630//5630 5629//5629 5601//5601
f 5631//5631 5630//5630 5605//5605
f 5632//5632 5605//5605 5607//5607
f 5632//5632 5631//5631 5605//5605
f 5633//5633 5607//5607 5609//5609
f 5633//5633 5609//5609 5610//5610
f 5633//5633 5632//5632 5607//5607
f 5634//5634 5610//5610 5613//5613
f 5634//5634 5633//5633 5610//5610
f 5635//5635 5613//5613 5615//5615
f 5635//5635 5634//5634 5613//5613
f 5636//5636 5635//5635 5615//5615
f 5637//5637 5615//5615 5617//5617
f 5637//5637 5617//5617 5616//5616
f 5637//5637 5636//5636 5615//5615
f 5638//5638 5637//5637 5616//5616
f 5639//5639 5616//5616 5614//5614
f 5639//5639 5638//5638 5616//5616
f 5640//5640 5614//5614 5612//5612
f 5640//5640 5639//5639 5614//5614
f 5641//5641 5640//5640 5612//5612
f 5641//5641 5612//5612 5611//5611
f 5642//5642 5641//5641 5611//5611
f 5642//5642 5611//5611 5608//5608
f 5642//5642 5608//5608 5606//5606
f 5643//5643 5642//5642 5606//5606
f 5644//5644 5643//5643 5606//5606
f 5644//5644 5606//5606 5604//5604
f 5645//5645 5644//5644 5604//5604
f 5645//5645 5604//5604 5603//5603
f 5645//5645 5603//5603 5600//5600
f 5646//5646 5645//5645 5600//5600
f 5647//5647 5600//5600 5598//5598
f 5647//5647 5646//5646 5600//5600
f 5648//5648 5598//5598 5596//5596
f 5648//5648 5647//5647 5598//5598
f 5649//5649 5596//5596 5595//5595
f 5649//5649 5648//5648 5596//5596
f 5650//5650 5595//5595 5592//5592
f 5650//5650 5649//5649 5595//5595
f 5651//5651 5592//5592 5590//5590
f 5651//5651 5650//5650 5592//5592
f 5652//5652 5590//5590 5588//5588
f 5652//5652 5588//5588 5587//5587
f 5652//5652 5651//5651 5590//5590
f 5653//5653 5652//5652 5587//5587
f 5654//5654 5587//5587 5584//5584
f 5654//5654 5584//5584 5582//5582
f 5654//5654 5653//5653 5587//5587
f 5655//5655 5654//5654 5582//5582
f 5656//5656 5582//5582 5580//5580
f 5656//5656 5655//5655 5582//5582
f 5657//5657 5580//5580 5579//5579
f 5657//5657 5579//5579 5576//5576
f 5657//5657 5656//5656 5580//5580
f 5658//5658 5657//5657 5576//5576
f 5659//5659 5576//5576 5574//5574
f 5659//5659 5658//5658 5576//5576
f 5660//5660 5574//5574 5572//5572
f 5660//5660 5659//5659 5574//5574
f 5661//5661 5572//5572 5571//5571
f 5661//5661 5660//5660 5572//5572
f 5662//5662 5571//5571 5568//5568
f 5662//5662 5661//5661 5571//5571
f 5663//5663 5568//5568 5566//5566
f 5663//5663 5662//5662 5568//5568
f 5664//5664 5566//5566 5564//5564
f 5664//5664 5564//5564 5563//5563
f 5664//5664 5663//5663 5566//5566
f 5665//5665 5664//5664 5563//5563
f 5666//5666 5563//5563 5560//5560
f 5666//5666 5560//5560 5558//5558
f 5666//5666 5665//5665 5563//5563
f 5667//5667 5666//5666 5558//5558
f 5668//5668 5667//5667 5558//5558
f 5668//5668 5558//5558 5556//5556
f 5669//5669 5668//5668 5556//5556
f 5669//5669 5556//5556 5555//5555
f 5670//5670 5669//5669 5555//5555
f 5670//5670 5555//5555 5552//5552
f 5671//5671 5670//5670 5552//5552
f 5671//5671 5552//5552 5550//5550
f 5672//5672 5671//5671 5550//5550
f 5672//5672 5550//5550 5548//5548
f 5673//5673 5672//5672 5548//5548
f 5673//5673 5548//5548 5547//5547
f 5673//5673 5547//5547 5544//5544
f 5674//5674 5673//5673 5544//5544
f 5674//5674 5544//5544 5542//5542
f 5675//5675 5674//5674 5542//5542
f 5675//5675 5542//5542 5540//5540
f 5676//5676 5675//5675 5540//5540
f 5676//5676 5540//5540 5538//5538
f 5677//5677 5676//5676 5538//5538
f 5678//5678 5677//5677 5538//5538
f 5678//5678 5538//5538 5536//5536
f 5678//5678 5536//5536 5534//5534
f 5679//5679 5678//5678 5534//5534
f 5679//5679 5534//5534 5532//5532
f 5680//5680 5679//5679 5532//5532
f 5681//5681 5532//5532 5530//5530
f 5681//5681 5680//5680 5532//5532
f 5681//5681 5530//5530 5528//5528
f 5682//5682 5528//5528 5526//5526
f 5682//5682 5681//5681 5528//5528
f 5683//5683 5682//5682 5526//5526
f 5684//5684 5526//5526 5524//5524
f 5684//5684 5683//5683 5526//5526
f 5685//5685 5524//5524 5522//5522
f 5685//5685 5684//5684 5524//5524
f 5686//5686 5522//5522 5520//5520
f 5686//5686 5685//5685 5522//5522
f 5687//5687 5520//5520 5518//5518
f 5687//5687 5518//5518 5516//5516
f 5687//5687 5686//5686 5520//5520
f 5688//5688 5516//5516 5514//5514
f 5688//5688 5687//5687 5516//5516
f 5689//5689 5688//5688 5514//5514
f 5690//5690 5514//5514 5512//5512
f 5690//5690 5689//5689 5514//5514
f 5691//5691 5690//5690 5512//5512
f 5691//5691 5512//5512 5510//5510
f 5691//5691 5510//5510 5508//5508
f 5692//5692 5691//5691 5508//5508
f 5693//5693 5692//5692 5508//5508
f 5693//5693 5508//5508 5506//5506
f 5693//5693 5506//5506 5504//5504
f 5694//5694 5693//5693 5504//5504
f 5694//5694 5504//5504 5502//5502
f 5695//5695 5694//5694 5502//5502
f 5696//5696 5695//5695 5502//5502
f 5696//5696 5502//5502 5500//5500
f 5696//5696 5500//5500 5498//5498
f 5697//5697 5696//5696 5498//5498
f 5698//5698 5697//5697 5498//5498
f 5698//5698 5498//5498 5496//5496
f 5699//5699 5698//5698 5496//5496
f 5699//5699 5496//5496 5494//5494
f 5700//5700 5699//5699 5494//5494
f 5700//5700 5494//5494 5492//5492
f 5701//5701 5700//5700 5492//5492
f 5701//5701 5492//5492 5490//5490
f 5702//5702 5701//5701 5490//5490
f 5702//5702 5490//5490 5488//5488
f 5703//5703 5702//5702 5488//5488
f 5703//5703 5488//5488 5486//5486
f 5704//5704 5703//5703 5486//5486
f 5704//5704 5486//5486 5484//5484
f 5705//5705 5704//5704 5484//5484
f 5705//5705 5484//5484 5482//5482
f 5705//5705 5482//5482 5480//5480
f 5706//5706 5705//5705 5480//5480
f 5707//5707 5706//5706 5480//5480
f 5707//5707 5480//5480 5478//5478
f 5708//5708 5707//5707 5478//5478
f 5708//5708 5478//5478 5476//5476
f 5709//5709 5708//5708 5476//5476
f 5709//5709 5476//5476 5474//5474
f 5709//5709 5474//5474 5472//5472
f 5710//5710 5709//5709 5472//5472
f 5711//5711 5710//5710 5472//5472
f 5711//5711 5472//5472 5470//5470
f 5712//5712 5711//5711 5470//5470
f 5712//5712 5470//5470 5468//5468
f 5713//5713 5712//5712 5468//5468
f 5713//5713 5468//5468 5466//5466
f 5713//5713 5466//5466 5464//5464
f 5714//5714 5713//5713 5464//5464
f 5715//5715 5464//5464 5463//5463
f 5715//5715 5714//5714 5464//5464
f 5716//5716 5715//5715 5463//5463
f 5716//5716 5463//5463 5465//5465
f 5716//5716 5465//5465 5467//5467
f 5717//5717 5716//5716 5467//5467
f 5718//5718 5717//5717 5467//5467
f 5718//5718 5467//5467 5469//5469
f 5719//5719 5469//5469 5471//5471
f 5719//5719 5718//5718 5469//5469
f 5720//5720 5471//5471 5473//5473
f 5720//5720 5473//5473 5475//5475
f 5720//5720 5719//5719 5471//5471
f 5721//5721 5720//5720 5475//5475
f 5722//5722 5475//5475 5477//5477
f 5722//5722 5721//5721 5475//5475
f 5723//5723 5477//5477 5479//5479
f 5723//5723 5722//5722 5477//5477
f 5724//5724 5479//5479 5481//5481
f 5724//5724 5723//5723 5479//5479
f 5725//5725 5481//5481 5483//5483
f 5725//5725 5483//5483 5485//5485
f 5725//5725 5724//5724 5481//5481
f 5726//5726 5725//5725 5485//5485
f 5727//5727 5485//5485 5487//5487
f 5727//5727 5487//5487 5489//5489
f 5727//5727 5726//5726 5485//5485
f 5728//5728 5727//5727 5489//5489
f 5729//5729 5489//5489 5491//5491
f 5729//5729 5728//5728 5489//5489
f 5730//5730 5491//5491 5493//5493
f 5730//5730 5493//5493 5495//5495
f 5730//5730 5729//5729 5491//5491
f 5731//5731 5730//5730 5495//5495
f 5732//5732 5495//5495 5497//5497
f 5732//5732 5731//5731 5495//5495
f 5733//5733 5497//5497 5499//5499
f 5733//5733 5732//5732 5497//5497
f 5734//5734 5499//5499 5501//5501
f 5734//5734 5733//5733 5499//5499
f 5735//5735 5501//5501 5503//5503
f 5735//5735 5734//5734 5501//5501
f 5736//5736 5503//5503 5505//5505
f 5736//5736 5735//5735 5503//5503
f 5737//5737 5505//5505 5507//5507
f 5737//5737 5736//5736 5505//5505
f 5738//5738 5507//5507 5509//5509
f 5738//5738 5737//5737 5507//5507
f 5739//5739 5509//5509 5511//5511
f 5739//5739 5738//5738 5509//5509
f 5740//5740 5511//5511 5513//5513
f 5740//5740 5739//5739 5511//5511
f 5741//5741 5740//5740 5513//5513
f 5741//5741 5513//5513 5515//5515
f 5742//5742 5741//5741 5515//5515
f 5742//5742 5515//5515 5517//5517
f 5743//5743 5742//5742 5517//5517
f 5743//5743 5517//5517 5519//5519
f 5744//5744 5743//5743 5519//5519
f 5744//5744 5519//5519 5521//5521
f 5745//5745 5744//5744 5521//5521
f 5745//5745 5521//5521 5523//5523
f 5746//5746 5745//5745 5523//5523
f 5746//5746 5523//5523 5525//5525
f 5747//5747 5746//5746 5525//5525
f 5747//5747 5525//5525 5527//5527
f 5748//5748 5527//5527 5529//5529
f 5748//5748 5747//5747 5527//5527
f 5749//5749 5529//5529 5531//5531
f 5749//5749 5748//5748 5529//5529
f 5750//5750 5531//5531 5533//5533
f 5750//5750 5749//5749 5531//5531
f 5751//5751 5533//5533 5535//5535
f 5751//5751 5750//5750 5533//5533
f 5752//5752 5535//5535 5537//5537
f 5752//5752 5751//5751 5535//5535
f 5753//5753 5537//5537 5539//5539
f 5753//5753 5752//5752 5537//5537
f 5754//5754 5539//5539 5541//5541
f 5754//5754 5753//5753 5539//5539
f 5755//5755 5541//5541 5543//5543
f 5755//5755 5754//5754 5541//5541
f 5756//5756 5543//5543 5545//5545
f 5756//5756 5755//5755 5543//5543
f 5757//5757 5545//5545 5546//5546
f 5757//5757 5756//5756 5545//5545
f 5758//5758 5546//5546 5549//5549
f 5758//5758 5757//5757 5546//5546
f 5759//5759 5549//5549 5551//5551
f 5759//5759 5758//5758 5549//5549
f 5760//5760 5551//5551 5553//5553
f 5760//5760 5759//5759 5551//5551
f 5761//5761 5553//5553 5554//5554
f 5761//5761 5760//5760 5553//5553
f 5762//5762 5554//5554 5557//5557
f 5762//5762 5761//5761 5554//5554
f 5763//5763 5557//5557 5559//5559
f 5763//5763 5762//5762 5557//5557
f 5764//5764 5559//5559 5561//5561
f 5764//5764 5763//5763 5559//5559
f 5765//5765 5561//5561 5562//5562
f 5765//5765 5764//5764 5561//5561
f 5766//5766 5765//5765 5562//5562
f 5766//5766 5562//5562 5565//5565
f 5767//5767 5766//5766 5565//5565
f 5767//5767 5565//5565 5567//5567
f 5768//5768 5767//5767 5567//5567
f 5768//5768 5567//5567 5569//5569
f 5769//5769 5768//5768 5569//5569
f 5769//5769 5569//5569 5570//5570
f 5770//5770 5769//5769 5570//5570
f 5770//5770 5570//5570 5573//5573
f 5771//5771 5770//5770 5573//5573
f 5771//5771 5573//5573 5575//5575
f 5772//5772 5771//5771 5575//5575
f 5772//5772 5575//5575 5577//5577
f 5619//5619 5772//5772 5577//5577
f 5619//5619 5577//5577 5578//5578
f 5754//5754 5773//5773 5774//5774
f 5753//5753 5775//5775 5776//5776
f 5753//5753 5774//5774 5775//5775
f 5753//5753 5754//5754 5774//5774
f 5755//5755 5777//5777 5773//5773
f 5755//5755 5773//5773 5754//5754
f 5752//5752 5753//5753 5776//5776
f 5752//5752 5776//5776 5778//5778
f 5756//5756 5777//5777 5755//5755
f 5756//5756 5779//5779 5777//5777
f 5751//5751 5778//5778 5780//5780
f 5751//5751 5752//5752 5778//5778
f 5757//5757 5781//5781 5779//5779
f 5757//5757 5782//5782 5781//5781
f 5757//5757 5779//5779 5756//5756
f 5750//5750 5780//5780 5783//5783
f 5750//5750 5751//5751 5780//5780
f 5758//5758 5782//5782 5757//5757
f 5758//5758 5784//5784 5782//5782
f 5749//5749 5785//5785 5786//5786
f 5749//5749 5783//5783 5785//5785
f 5749//5749 5750//5750 5783//5783
f 5759//5759 5787//5787 5784//5784
f 5759//5759 5784//5784 5758//5758
f 5748//5748 5749//5749 5786//5786
f 5748//5748 5786//5786 5788//5788
f 5760//5760 5787//5787 5759//5759
f 5760//5760 5789//5789 5787//5787
f 5747//5747 5788//5788 5790//5790
f 5747//5747 5748//5748 5788//5788
f 5761//5761 5789//5789 5760//5760
f 5761//5761 5791//5791 5789//5789
f 5761//5761 5792//5792 5791//5791
f 5746//5746 5747//5747 5790//5790
f 5746//5746 5790//5790 5793//5793
f 5762//5762 5792//5792 5761//5761
f 5762//5762 5794//5794 5792//5792
f 5745//5745 5795//5795 5796//5796
f 5745//5745 5793//5793 5795//5795
f 5745//5745 5746//5746 5793//5793
f 5763//5763 5797//5797 5794//5794
f 5763//5763 5794//5794 5762//5762
f 5744//5744 5796//5796 5798//5798
f 5744//5744 5745//5745 5796//5796
f 5764//5764 5799//5799 5797//5797
f 5764//5764 5797//5797 5763//5763
f 5743//5743 5798//5798 5800//5800
f 5743//5743 5744//5744 5798//5798
f 5765//5765 5799//5799 5764//5764
f 5765//5765 5801//5801 5799//5799
f 5765//5765 5802//5802 5801//5801
f 5742//5742 5743//5743 5800//5800
f 5742//5742 5800//5800 5803//5803
f 5766//5766 5802//5802 5765//5765
f 5766//5766 5804//5804 5802//5802
f 5741//5741 5742//5742 5803//5803
f 5741//5741 5805//5805 5806//5806
f 5741//5741 5803//5803 5805//5805
f 5767//5767 5804//5804 5766//5766
f 5767//5767 5807//5807 5804//5804
f 5740//5740 5741//5741 5806//5806
f 5740//5740 5806//5806 5808//5808
f 5768//5768 5809//5809 5807//5807
f 5768//5768 5807//5807 5767//5767
f 5739//5739 5740//5740 5808//5808
f 5739//5739 5808//5808 5810//5810
f 5769//5769 5809//5809 5768//5768
f 5769//5769 5811//5811 5809//5809
f 5769//5769 5812//5812 5811//5811
f 5738//5738 5739//5739 5810//5810
f 5738//5738 5810//5810 5813//5813
f 5770//5770 5812//5812 5769//5769
f 5770//5770 5814//5814 5812//5812
f 5737//5737 5738//5738 5813//5813
f 5737//5737 5815//5815 5816//5816
f 5737//5737 5813//5813 5815//5815
f 5771//5771 5814//5814 5770//5770
f 5771//5771 5817//5817 5814//5814
f 5736//5736 5737//5737 5816//5816
f 5736//5736 5816//5816 5818//5818
f 5772//5772 5817//5817 5771//5771
f 5772//5772 5819//5819 5817//5817
f 5735//5735 5818//5818 5820//5820
f 5735//5735 5736//5736 5818//5818
f 5619//5619 5821//5821 5822//5822
f 5619//5619 5819//5819 5772//5772
f 5619//5619 5822//5822 5819//5819
f 5734//5734 5735//5735 5820//5820
f 5734//5734 5820//5820 5823//5823
f 5618//5618 5824//5824 5821//5821
f 5618//5618 5821//5821 5619//5619
f 5733//5733 5825//5825 5826//5826
f 5733//5733 5823//5823 5825//5825
f 5733//5733 5734//5734 5823//5823
f 5620//5620 5827//5827 5824//5824
f 5620//5620 5824//5824 5618//5618
f 5732//5732 5826//5826 5828//5828
f 5732//5732 5733//5733 5826//5826
f 5621//5621 5829//5829 5827//5827
f 5621//5621 5827//5827 5620//5620
f 5731//5731 5732//5732 5828//5828
f 5731//5731 5828//5828 5830//5830
f 5622//5622 5831//5831 5829//5829
f 5622//5622 5832//5832 5831//5831
f 5622//5622 5829//5829 5621//5621
f 5730//5730 5731//5731 5830//5830
f 5730//5730 5830//5830 5833//5833
f 5623//5623 5834//5834 5832//5832
f 5623//5623 5832//5832 5622//5622
f 5729//5729 5835//5835 5836//5836
f 5729//5729 5833//5833 5835//5835
f 5729//5729 5730//5730 5833//5833
f 5624//5624 5837//5837 5834//5834
f 5624//5624 5834//5834 5623//5623
f 5728//5728 5729//5729 5836//5836
f 5728//5728 5836//5836 5838//5838
f 5625//5625 5839//5839 5837//5837
f 5625//5625 5837//5837 5624//5624
f 5727//5727 5728//5728 5838//5838
f 5727//5727 5838//5838 5840//5840
f 5626//5626 5841//5841 5839//5839
f 5626//5626 5842//5842 5841//5841
f 5626//5626 5839//5839 5625//5625
f 5726//5726 5727//5727 5840//5840
f 5726//5726 5840//5840 5843//5843
f 5627//5627 5842//5842 5626//5626
f 5627//5627 5844//5844 5842//5842
f 5725//5725 5726//5726 5843//5843
f 5725//5725 5845//5845 5846//5846
f 5725//5725 5843//5843 5845//5845
f 5628//5628 5844//5844 5627//5627
f 5628//5628 5847//5847 5844//5844
f 5724//5724 5725//5725 5846//5846
f 5724//5724 5846//5846 5848//5848
f 5629//5629 5849//5849 5847//5847
f 5629//5629 5847//5847 5628//5628
f 5723//5723 5848//5848 5850//5850
f 5723//5723 5724//5724 5848//5848
f 5630//5630 5851//5851 5849//5849
f 5630//5630 5852//5852 5851//5851
f 5630//5630 5849//5849 5629//5629
f 5722//5722 5723//5723 5850//5850
f 5722//5722 5850//5850 5853//5853
f 5631//5631 5852//5852 5630//5630
f 5631//5631 5854//5854 5852//5852
f 5721//5721 5855//5855 5856//5856
f 5721//5721 5853//5853 5855//5855
f 5721//5721 5722//5722 5853//5853
f 5632//5632 5857//5857 5854//5854
f 5632//5632 5854//5854 5631//5631
f 5720//5720 5856//5856 5858//5858
f 5720//5720 5721//5721 5856//5856
f 5633//5633 5859//5859 5857//5857
f 5633//5633 5857//5857 5632//5632
f 5719//5719 5858//5858 5860//5860
f 5719//5719 5720//5720 5858//5858
f 5634//5634 5861//5861 5859//5859
f 5634//5634 5862//5862 5861//5861
f 5634//5634 5859//5859 5633//5633
f 5718//5718 5860//5860 5863//5863
f 5718//5718 5719//5719 5860//5860
f 5635//5635 5864//5864 5862//5862
f 5635//5635 5862//5862 5634//5634
f 5717//5717 5865//5865 5866//5866
f 5717//5717 5863//5863 5865//5865
f 5717//5717 5718//5718 5863//5863
f 5636//5636 5867//5867 5864//5864
f 5636//5636 5864//5864 5635//5635
f 5716//5716 5717//5717 5866//5866
f 5868//5868 5716//5716 5866//5866
f 5637//5637 5867//5867 5636//5636
f 5869//5869 5867//5867 5637//5637
f 5715//5715 5716//5716 5868//5868
f 5870//5870 5715//5715 5868//5868
f 5638//5638 5869//5869 5637//5637
f 5714//5714 5715//5715 5870//5870
f 5871//5871 5869//5869 5638//5638
f 5872//5872 5714//5714 5870//5870
f 5713//5713 5714//5714 5872//5872
f 5873//5873 5871//5871 5638//5638
f 5873//5873 5638//5638 5639//5639
f 5874//5874 5713//5713 5872//5872
f 5875//5875 5873//5873 5639//5639
f 5875//5875 5639//5639 5640//5640
f 5876//5876 5713//5713 5874//5874
f 5876//5876 5712//5712 5713//5713
f 5877//5877 5640//5640 5641//5641
f 5877//5877 5875//5875 5640//5640
f 5878//5878 5712//5712 5876//5876
f 5878//5878 5711//5711 5712//5712
f 5879//5879 5641//5641 5642//5642
f 5879//5879 5877//5877 5641//5641
f 5880//5880 5711//5711 5878//5878
f 5880//5880 5710//5710 5711//5711
f 5881//5881 5879//5879 5642//5642
f 5882//5882 5710//5710 5880//5880
f 5882//5882 5709//5709 5710//5710
f 5883//5883 5642//5642 5643//5643
f 5883//5883 5881//5881 5642//5642
f 5884//5884 5709//5709 5882//5882
f 5885//5885 5643//5643 5644//5644
f 5885//5885 5883//5883 5643//5643
f 5886//5886 5709//5709 5884//5884
f 5886//5886 5708//5708 5709//5709
f 5887//5887 5644//5644 5645//5645
f 5887//5887 5885//5885 5644//5644
f 5888//5888 5708//5708 5886//5886
f 5888//5888 5707//5707 5708//5708
f 5889//5889 5645//5645 5646//5646
f 5889//5889 5887//5887 5645//5645
f 5890//5890 5707//5707 5888//5888
f 5890//5890 5706//5706 5707//5707
f 5891//5891 5889//5889 5646//5646
f 5892//5892 5705//5705 5706//5706
f 5892//5892 5706//5706 5890//5890
f 5893//5893 5646//5646 5647//5647
f 5893//5893 5891//5891 5646//5646
f 5894//5894 5705//5705 5892//5892
f 5895//5895 5647//5647 5648//5648
f 5895//5895 5893//5893 5647//5647
f 5896//5896 5705//5705 5894//5894
f 5896//5896 5704//5704 5705//5705
f 5897//5897 5648//5648 5649//5649
f 5897//5897 5895//5895 5648//5648
f 5898//5898 5704//5704 5896//5896
f 5898//5898 5703//5703 5704//5704
f 5899//5899 5897//5897 5649//5649
f 5899//5899 5649//5649 5650//5650
f 5900//5900 5703//5703 5898//5898
f 5900//5900 5702//5702 5703//5703
f 5901//5901 5899//5899 5650//5650
f 5902//5902 5702//5702 5900//5900
f 5902//5902 5701//5701 5702//5702
f 5903//5903 5650//5650 5651//5651
f 5903//5903 5901//5901 5650//5650
f 5904//5904 5701//5701 5902//5902
f 5905//5905 5651//5651 5652//5652
f 5905//5905 5903//5903 5651//5651
f 5906//5906 5700//5700 5701//5701
f 5906//5906 5701//5701 5904//5904
f 5907//5907 5652//5652 5653//5653
f 5907//5907 5905//5905 5652//5652
f 5908//5908 5700//5700 5906//5906
f 5908//5908 5699//5699 5700//5700
f 5909//5909 5653//5653 5654//5654
f 5909//5909 5907//5907 5653//5653
f 5910//5910 5698//5698 5699//5699
f 5910//5910 5699//5699 5908//5908
f 5911//5911 5909//5909 5654//5654
f 5912//5912 5698//5698 5910//5910
f 5912//5912 5697//5697 5698//5698
f 5913//5913 5654//5654 5655//5655
f 5913//5913 5911//5911 5654//5654
f 5914//5914 5697//5697 5912//5912
f 5915//5915 5655//5655 5656//5656
f 5915//5915 5913//5913 5655//5655
f 5916//5916 5696//5696 5697//5697
f 5916//5916 5697//5697 5914//5914
f 5917//5917 5915//5915 5656//5656
f 5917//5917 5656//5656 5657//5657
f 5918//5918 5696//5696 5916//5916
f 5918//5918 5695//5695 5696//5696
f 5919//5919 5917//5917 5657//5657
f 5919//5919 5657//5657 5658//5658
f 5920//5920 5695//5695 5918//5918
f 5920//5920 5694//5694 5695//5695
f 5921//5921 5919//5919 5658//5658
f 5922//5922 5694//5694 5920//5920
f 5923//5923 5658//5658 5659//5659
f 5923//5923 5921//5921 5658//5658
f 5924//5924 5693//5693 5694//5694
f 5924//5924 5694//5694 5922//5922
f 5925//5925 5923//5923 5659//5659
f 5925//5925 5659//5659 5660//5660
f 5926//5926 5693//5693 5924//5924
f 5926//5926 5692//5692 5693//5693
f 5927//5927 5660//5660 5661//5661
f 5927//5927 5925//5925 5660//5660
f 5928//5928 5692//5692 5926//5926
f 5928//5928 5691//5691 5692//5692
f 5929//5929 5661//5661 5662//5662
f 5929//5929 5927//5927 5661//5661
f 5930//5930 5690//5690 5691//5691
f 5930//5930 5691//5691 5928//5928
f 5931//5931 5929//5929 5662//5662
f 5932//5932 5690//5690 5930//5930
f 5933//5933 5662//5662 5663//5663
f 5933//5933 5931//5931 5662//5662
f 5934//5934 5689//5689 5690//5690
f 5934//5934 5690//5690 5932//5932
f 5935//5935 5663//5663 5664//5664
f 5935//5935 5933//5933 5663//5663
f 5936//5936 5688//5688 5689//5689
f 5936//5936 5689//5689 5934//5934
f 5937//5937 5664//5664 5665//5665
f 5937//5937 5935//5935 5664//5664
f 5938//5938 5688//5688 5936//5936
f 5938//5938 5687//5687 5688//5688
f 5939//5939 5665//5665 5666//5666
f 5939//5939 5937//5937 5665//5665
f 5940//5940 5686//5686 5687//5687
f 5940//5940 5687//5687 5938//5938
f 5941//5941 5939//5939 5666//5666
f 5942//5942 5686//5686 5940//5940
f 5943//5943 5941//5941 5666//5666
f 5943//5943 5666//5666 5667//5667
f 5944//5944 5685//5685 5686//5686
f 5944//5944 5686//5686 5942//5942
f 5945//5945 5667//5667 5668//5668
f 5945//5945 5943//5943 5667//5667
f 5946//5946 5685//5685 5944//5944
f 5946//5946 5684//5684 5685//5685
f 5947//5947 5668//5668 5669//5669
f 5947//5947 5945//5945 5668//5668
f 5948//5948 5684//5684 5946//5946
f 5948//5948 5683//5683 5684//5684
f 5949//5949 5669//5669 5670//5670
f 5949//5949 5947//5947 5669//5669
f 5950//5950 5683//5683 5948//5948
f 5950//5950 5682//5682 5683//5683
f 5951//5951 5949//5949 5670//5670
f 5952//5952 5682//5682 5950//5950
f 5953//5953 5951//5951 5670//5670
f 5953//5953 5670//5670 5671//5671
f 5954//5954 5681//5681 5682//5682
f 5954//5954 5682//5682 5952//5952
f 5955//5955 5953//5953 5671//5671
f 5955//5955 5671//5671 5672//5672
f 5956//5956 5681//5681 5954//5954
f 5956//5956 5680//5680 5681//5681
f 5957//5957 5955//5955 5672//5672
f 5957//5957 5672//5672 5673//5673
f 5958//5958 5680//5680 5956//5956
f 5958//5958 5679//5679 5680//5680
f 5959//5959 5957//5957 5673//5673
f 5959//5959 5673//5673 5674//5674
f 5960//5960 5679//5679 5958//5958
f 5960//5960 5678//5678 5679//5679
f 5961//5961 5959//5959 5674//5674
f 5962//5962 5678//5678 5960//5960
f 5963//5963 5961//5961 5674//5674
f 5963//5963 5674//5674 5675//5675
f 5964//5964 5678//5678 5962//5962
f 5964//5964 5677//5677 5678//5678
f 5965//5965 5963//5963 5675//5675
f 5965//5965 5675//5675 5676//5676
f 5966//5966 5965//5965 5676//5676
f 5966//5966 5677//5677 5964//5964
f 5966//5966 5676//5676 5677//5677
f 5967//5967 5822//5822 5821//5821
f 5967//5967 5968//5968 5822//5822
f 5969//5969 5821//5821 5824//5824
f 5969//5969 5824//5824 5827//5827
f 5969//5969 5967//5967 5821//5821
f 5970//5970 5969//5969 5827//5827
f 5971//5971 5970//5970 5827//5827
f 5971//5971 5827//5827 5829//5829
f 5971//5971 5829//5829 5831//5831
f 5972//5972 5971//5971 5831//5831
f 5973//5973 5831//5831 5832//5832
f 5973//5973 5832//5832 5834//5834
f 5973//5973 5972//5972 5831//5831
f 5974//5974 5973//5973 5834//5834
f 5975//5975 5834//5834 5837//5837
f 5975//5975 5974//5974 5834//5834
f 5976//5976 5837//5837 5839//5839
f 5976//5976 5975//5975 5837//5837
f 5977//5977 5839//5839 5841//5841
f 5977//5977 5976//5976 5839//5839
f 5978//5978 5841//5841 5842//5842
f 5978//5978 5977//5977 5841//5841
f 5979//5979 5842//5842 5844//5844
f 5979//5979 5978//5978 5842//5842
f 5980//5980 5844//5844 5847//5847
f 5980//5980 5847//5847 5849//5849
f 5980//5980 5979//5979 5844//5844
f 5981//5981 5980//5980 5849//5849
f 5982//5982 5849//5849 5851//5851
f 5982//5982 5981//5981 5849//5849
f 5983//5983 5851//5851 5852//5852
f 5983//5983 5852//5852 5854//5854
f 5983//5983 5982//5982 5851//5851
f 5984//5984 5983//5983 5854//5854
f 5985//5985 5854//5854 5857//5857
f 5985//5985 5984//5984 5854//5854
f 5986//5986 5857//5857 5859//5859
f 5986//5986 5985//5985 5857//5857
f 5987//5987 5859//5859 5861//5861
f 5987//5987 5986//5986 5859//5859
f 5988//5988 5861//5861 5862//5862
f 5988//5988 5987//5987 5861//5861
f 5989//5989 5862//5862 5864//5864
f 5989//5989 5988//5988 5862//5862
f 5990//5990 5864//5864 5867//5867
f 5990//5990 5989//5989 5864//5864
f 5991//5991 5867//5867 5869//5869
f 5991//5991 5990//5990 5867//5867
f 5992//5992 5869//5869 5871//5871
f 5992//5992 5871//5871 5873//5873
f 5992//5992 5991//5991 5869//5869
f 5993//5993 5992//5992 5873//5873
f 5994//5994 5873//5873 5875//5875
f 5994//5994 5993//5993 5873//5873
f 5995//5995 5994//5994 5875//5875
f 5995//5995 5875//5875 5877//5877
f 5996//5996 5995//5995 5877//5877
f 5996//5996 5877//5877 5879//5879
f 5997//5997 5996//5996 5879//5879
f 5997//5997 5879//5879 5881//5881
f 5998//5998 5997//5997 5881//5881
f 5998//5998 5881//5881 5883//5883
f 5999//5999 5998//5998 5883//5883
f 5999//5999 5883//5883 5885//5885
f 6000//6000 5999//5999 5885//5885
f 6000//6000 5885//5885 5887//5887
f 6001//6001 6000//6000 5887//5887
f 6001//6001 5887//5887 5889//5889
f 6002//6002 6001//6001 5889//5889
f 6002//6002 5889//5889 5891//5891
f 6003//6003 6002//6002 5891//5891
f 6003//6003 5891//5891 5893//5893
f 6004//6004 5893//5893 5895//5895
f 6004//6004 5895//5895 5897//5897
f 6004//6004 6003//6003 5893//5893
f 6005//6005 6004//6004 5897//5897
f 6006//6006 5897//5897 5899//5899
f 6006//6006 6005//6005 5897//5897
f 6007//6007 5899//5899 5901//5901
f 6007//6007 6006//6006 5899//5899
f 6008//6008 5901//5901 5903//5903
f 6008//6008 5903//5903 5905//5905
f 6008//6008 6007//6007 5901//5901
f 6009//6009 6008//6008 5905//5905
f 6010//6010 5905//5905 5907//5907
f 6010//6010 5907//5907 5909//5909
f 6010//6010 6009//6009 5905//5905
f 6011//6011 6010//6010 5909//5909
f 6012//6012 5909//5909 5911//5911
f 6012//6012 5911//5911 5913//5913
f 6012//6012 6011//6011 5909//5909
f 6013//6013 5913//5913 5915//5915
f 6013//6013 6012//6012 5913//5913
f 6014//6014 6013//6013 5915//5915
f 6015//6015 5915//5915 5917//5917
f 6015//6015 5917//5917 5919//5919
f 6015//6015 6014//6014 5915//5915
f 6016//6016 5919//5919 5921//5921
f 6016//6016 6015//6015 5919//5919
f 6017//6017 5921//5921 5923//5923
f 6017//6017 6016//6016 5921//5921
f 6018//6018 6017//6017 5923//5923
f 6019//6019 5923//5923 5925//5925
f 6019//6019 5925//5925 5927//5927
f 6019//6019 6018//6018 5923//5923
f 6020//6020 6019//6019 5927//5927
f 6021//6021 5927//5927 5929//5929
f 6021//6021 6020//6020 5927//5927
f 6022//6022 6021//6021 5929//5929
f 6022//6022 5929//5929 5931//5931
f 6022//6022 5931//5931 5933//5933
f 6023//6023 6022//6022 5933//5933
f 6024//6024 6023//6023 5933//5933
f 6024//6024 5933//5933 5935//5935
f 6024//6024 5935//5935 5937//5937
f 6025//6025 6024//6024 5937//5937
f 6026//6026 6025//6025 5937//5937
f 6026//6026 5937//5937 5939//5939
f 6026//6026 5939//5939 5941//5941
f 6027//6027 6026//6026 5941//5941
f 6027//6027 5941//5941 5943//5943
f 6028//6028 6027//6027 5943//5943
f 6029//6029 6028//6028 5943//5943
f 6029//6029 5943//5943 5945//5945
f 6030//6030 6029//6029 5945//5945
f 6030//6030 5945//5945 5947//5947
f 6030//6030 5947//5947 5949//5949
f 6031//6031 6030//6030 5949//5949
f 6032//6032 6031//6031 5949//5949
f 6032//6032 5949//5949 5951//5951
f 6033//6033 6032//6032 5951//5951
f 6033//6033 5951//5951 5953//5953
f 6034//6034 6033//6033 5953//5953
f 6034//6034 5953//5953 5955//5955
f 6035//6035 6034//6034 5955//5955
f 6035//6035 5955//5955 5957//5957
f 6036//6036 6035//6035 5957//5957
f 6036//6036 5957//5957 5959//5959
f 6037//6037 5959//5959 5961//5961
f 6037//6037 6036//6036 5959//5959
f 6037//6037 5961//5961 5963//5963
f 6038//6038 6037//6037 5963//5963
f 6039//6039 5963//5963 5965//5965
f 6039//6039 5965//5965 5966//5966
f 6039//6039 6038//6038 5963//5963
f 6040//6040 6039//6039 5966//5966
f 6041//6041 5966//5966 5964//5964
f 6041//6041 5964//5964 5962//5962
f 6041//6041 6040//6040 5966//5966
f 6042//6042 5962//5962 5960//5960
f 6042//6042 6041//6041 5962//5962
f 6043//6043 5960//5960 5958//5958
f 6043//6043 6042//6042 5960//5960
f 6044//6044 6043//6043 5958//5958
f 6045//6045 5958//5958 5956//5956
f 6045//6045 6044//6044 5958//5958
f 6046//6046 6045//6045 5956//5956
f 6046//6046 5956//5956 5954//5954
f 6046//6046 5954//5954 5952//5952
f 6047//6047 6046//6046 5952//5952
f 6047//6047 5952//5952 5950//5950
f 6048//6048 6047//6047 5950//5950
f 6049//6049 6048//6048 5950//5950
f 6049//6049 5950//5950 5948//5948
f 6049//6049 5948//5948 5946//5946
f 6050//6050 6049//6049 5946//5946
f 6051//6051 6050//6050 5946//5946
f 6051//6051 5946//5946 5944//5944
f 6052//6052 6051//6051 5944//5944
f 6052//6052 5944//5944 5942//5942
f 6053//6053 6052//6052 5942//5942
f 6053//6053 5942//5942 5940//5940
f 6053//6053 5940//5940 5938//5938
f 6054//6054 6053//6053 5938//5938
f 6054//6054 5938//5938 5936//5936
f 6055//6055 6054//6054 5936//5936
f 6056//6056 6055//6055 5936//5936
f 6056//6056 5936//5936 5934//5934
f 6057//6057 6056//6056 5934//5934
f 6057//6057 5934//5934 5932//5932
f 6057//6057 5932//5932 5930//5930
f 6058//6058 6057//6057 5930//5930
f 6059//6059 6058//6058 5930//5930
f 6059//6059 5930//5930 5928//5928
f 6060//6060 6059//6059 5928//5928
f 6060//6060 5928//5928 5926//5926
f 6060//6060 5926//5926 5924//5924
f 6061//6061 6060//6060 5924//5924
f 6061//6061 5924//5924 5922//5922
f 6062//6062 6061//6061 5922//5922
f 6063//6063 6062//6062 5922//5922
f 6063//6063 5922//5922 5920//5920
f 6063//6063 5920//5920 5918//5918
f 6064//6064 6063//6063 5918//5918
f 6065//6065 6064//6064 5918//5918
f 6065//6065 5918//5918 5916//5916
f 6065//6065 5916//5916 5914//5914
f 6066//6066 6065//6065 5914//5914
f 6067//6067 5912//5912 5910//5910
f 6067//6067 6066//6066 5914//5914
f 6067//6067 5914//5914 5912//5912
f 6068//6068 5910//5910 5908//5908
f 6068//6068 6067//6067 5910//5910
f 6069//6069 6068//6068 5908//5908
f 6070//6070 5908//5908 5906//5906
f 6070//6070 5906//5906 5904//5904
f 6070//6070 6069//6069 5908//5908
f 6071//6071 6070//6070 5904//5904
f 6072//6072 5904//5904 5902//5902
f 6072//6072 6071//6071 5904//5904
f 6072//6072 5902//5902 5900//5900
f 6073//6073 5900//5900 5898//5898
f 6073//6073 6072//6072 5900//5900
f 6074//6074 6073//6073 5898//5898
f 6075//6075 5898//5898 5896//5896
f 6075//6075 5896//5896 5894//5894
f 6075//6075 6074//6074 5898//5898
f 6076//6076 6075//6075 5894//5894
f 6077//6077 5894//5894 5892//5892
f 6077//6077 5892//5892 5890//5890
f 6077//6077 6076//6076 5894//5894
f 6078//6078 6077//6077 5890//5890
f 6079//6079 5890//5890 5888//5888
f 6079//6079 6078//6078 5890//5890
f 6080//6080 5888//5888 5886//5886
f 6080//6080 5886//5886 5884//5884
f 6080//6080 6079//6079 5888//5888
f 6081//6081 5884//5884 5882//5882
f 6081//6081 6080//6080 5884//5884
f 6082//6082 6081//6081 5882//5882
f 6083//6083 5882//5882 5880//5880
f 6083//6083 5880//5880 5878//5878
f 6083//6083 6082//6082 5882//5882
f 6084//6084 6083//6083 5878//5878
f 6085//6085 5878//5878 5876//5876
f 6085//6085 5876//5876 5874//5874
f 6085//6085 6084//6084 5878//5878
f 6086//6086 6085//6085 5874//5874
f 6087//6087 5874//5874 5872//5872
f 6087//6087 5872//5872 5870//5870
f 6087//6087 6086//6086 5874//5874
f 6088//6088 5870//5870 5868//5868
f 6088//6088 6087//6087 5870//5870
f 6089//6089 6088//6088 5868//5868
f 6090//6090 5868//5868 5866//5866
f 6090//6090 5866//5866 5865//5865
f 6090//6090 6089//6089 5868//5868
f 6091//6091 5865//5865 5863//5863
f 6091//6091 6090//6090 5865//5865
f 6092//6092 6091//6091 5863//5863
f 6093//6093 5863//5863 5860//5860
f 6093//6093 5860//5860 5858//5858
f 6093//6093 6092//6092 5863//5863
f 6094//6094 6093//6093 5858//5858
f 6095//6095 5858//5858 5856//5856
f 6095//6095 5856//5856 5855//5855
f 6095//6095 6094//6094 5858//5858
f 6096//6096 5855//5855 5853//5853
f 6096//6096 6095//6095 5855//5855
f 6097//6097 6096//6096 5853//5853
f 6098//6098 6097//6097 5853//5853
f 6098//6098 5853//5853 5850//5850
f 6099//6099 6098//6098 5850//5850
f 6099//6099 5850//5850 5848//5848
f 6100//6100 6099//6099 5848//5848
f 6100//6100 5848//5848 5846//5846
f 6101//6101 6100//6100 5846//5846
f 6101//6101 5846//5846 5845//5845
f 6102//6102 6101//6101 5845//5845
f 6102//6102 5845//5845 5843//5843
f 6103//6103 6102//6102 5843//5843
f 6103//6103 5843//5843 5840//5840
f 6103//6103 5840//5840 5838//5838
f 6104//6104 6103//6103 5838//5838
f 6105//6105 6104//6104 5838//5838
f 6105//6105 5838//5838 5836//5836
f 6105//6105 5836//5836 5835//5835
f 6106//6106 6105//6105 5835//5835
f 6107//6107 5835//5835 5833//5833
f 6107//6107 5833//5833 5830//5830
f 6107//6107 6106//6106 5835//5835
f 6108//6108 6107//6107 5830//5830
f 6109//6109 5830//5830 5828//5828
f 6109//6109 6108//6108 5830//5830
f 6110//6110 5828//5828 5826//5826
f 6110//6110 6109//6109 5828//5828
f 6111//6111 5826//5826 5825//5825
f 6111//6111 6110//6110 5826//5826
f 6112//6112 5825//5825 5823//5823
f 6112//6112 5823//5823 5820//5820
f 6112//6112 6111//6111 5825//5825
f 6113//6113 5820//5820 5818//5818
f 6113//6113 6112//6112 5820//5820
f 6114//6114 6113//6113 5818//5818
f 6115//6115 5818//5818 5816//5816
f 6115//6115 5816//5816 5815//5815
f 6115//6115 6114//6114 5818//5818
f 6116//6116 6115//6115 5815//5815
f 6117//6117 5815//5815 5813//5813
f 6117//6117 6116//6116 5815//5815
f 6118//6118 5813//5813 5810//5810
f 6118//6118 6117//6117 5813//5813
f 6119//6119 5810//5810 5808//5808
f 6119//6119 6118//6118 5810//5810
f 6120//6120 5808//5808 5806//5806
f 6120//6120 5806//5806 5805//5805
f 6120//6120 6119//6119 5808//5808
f 6121//6121 6120//6120 5805//5805
f 6122//6122 6121//6121 5805//5805
f 6122//6122 5805//5805 5803//5803
f 6122//6122 5803//5803 5800//5800
f 6123//6123 6122//6122 5800//5800
f 6124//6124 6123//6123 5800//5800
f 6124//6124 5800//5800 5798//5798
f 6125//6125 6124//6124 5798//5798
f 6125//6125 5798//5798 5796//5796
f 6125//6125 5796//5796 5795//5795
f 6126//6126 6125//6125 5795//5795
f 6127//6127 6126//6126 5795//5795
f 6127//6127 5795//5795 5793//5793
f 6128//6128 6127//6127 5793//5793
f 6128//6128 5793//5793 5790//5790
f 6129//6129 6128//6128 5790//5790
f 6129//6129 5790//5790 5788//5788
f 6130//6130 6129//6129 5788//5788
f 6130//6130 5788//5788 5786//5786
f 6131//6131 6130//6130 5786//5786
f 6131//6131 5786//5786 5785//5785
f 6132//6132 6131//6131 5785//5785
f 6132//6132 5785//5785 5783//5783
f 6133//6133 6132//6132 5783//5783
f 6133//6133 5783//5783 5780//5780
f 6134//6134 6133//6133 5780//5780
f 6134//6134 5780//5780 5778//5778
f 6135//6135 6134//6134 5778//5778
f 6135//6135 5778//5778 5776//5776
f 6136//6136 6135//6135 5776//5776
f 6136//6136 5776//5776 5775//5775
f 6137//6137 6136//6136 5775//5775
f 6137//6137 5775//5775 5774//5774
f 6138//6138 5774//5774 5773//5773
f 6138//6138 6137//6137 5774//5774
f 6139//6139 6138//6138 5773//5773
f 6139//6139 5773//5773 5777//5777
f 6139//6139 5777//5777 5779//5779
f 6140//6140 6139//6139 5779//5779
f 6141//6141 5779//5779 5781//5781
f 6141//6141 6140//6140 5779//5779
f 6142//6142 5781//5781 5782//5782
f 6142//6142 6141//6141 5781//5781
f 6143//6143 5782//5782 5784//5784
f 6143//6143 6142//6142 5782//5782
f 6144//6144 5784//5784 5787//5787
f 6144//6144 6143//6143 5784//5784
f 6145//6145 5787//5787 5789//5789
f 6145//6145 6144//6144 5787//5787
f 6146//6146 5789//5789 5791//5791
f 6146//6146 6145//6145 5789//5789
f 6147//6147 6146//6146 5791//5791
f 6147//6147 5791//5791 5792//5792
f 6147//6147 5792//5792 5794//5794
f 6148//6148 6147//6147 5794//5794
f 6148//6148 5794//5794 5797//5797
f 6149//6149 6148//6148 5797//5797
f 6150//6150 6149//6149 5797//5797
f 6150//6150 5797//5797 5799//5799
f 6151//6151 6150//6150 5799//5799
f 6151//6151 5799//5799 5801//5801
f 6152//6152 6151//6151 5801//5801
f 6152//6152 5801//5801 5802//5802
f 6152//6152 5802//5802 5804//5804
f 6153//6153 6152//6152 5804//5804
f 6154//6154 6153//6153 5804//5804
f 6154//6154 5804//5804 5807//5807
f 6155//6155 6154//6154 5807//5807
f 6155//6155 5807//5807 5809//5809
f 6155//6155 5809//5809 5811//5811
f 6156//6156 6155//6155 5811//5811
f 6157//6157 6156//6156 5811//5811
f 6157//6157 5811//5811 5812//5812
f 6158//6158 6157//6157 5812//5812
f 6158//6158 5812//5812 5814//5814
f 6158//6158 5814//5814 5817//5817
f 6159//6159 6158//6158 5817//5817
f 6159//6159 5817//5817 5819//5819
f 6160//6160 6159//6159 5819//5819
f 6160//6160 5819//5819 5822//5822
f 5968//5968 6160//6160 5822//5822
f 6091//6091 6089//6089 6090//6090
f 6092//6092 6089//6089 6091//6091
f 6092//6092 6088//6088 6089//6089
f 6084//6084 6085//6085 6086//6086
f 6084//6084 6086//6086 6087//6087
f 6093//6093 6088//6088 6092//6092
f 6093//6093 6084//6084 6087//6087
f 6093//6093 6087//6087 6088//6088
f 6082//6082 6084//6084 6093//6093
f 6082//6082 6083//6083 6084//6084
f 6095//6095 6093//6093 6094//6094
f 6097//6097 6095//6095 6096//6096
f 6079//6079 6080//6080 6081//6081
f 6079//6079 6081//6081 6082//6082
f 6098//6098 6082//6082 6093//6093
f 6098//6098 6093//6093 6095//6095
f 6098//6098 6095//6095 6097//6097
f 6078//6078 6079//6079 6082//6082
f 6101//6101 6098//6098 6099//6099
f 6101//6101 6099//6099 6100//6100
f 6074//6074 6075//6075 6076//6076
f 6074//6074 6076//6076 6077//6077
f 6073//6073 6077//6077 6078//6078
f 6073//6073 6074//6074 6077//6077
f 6105//6105 6102//6102 6103//6103
f 6105//6105 6103//6103 6104//6104
f 6106//6106 6101//6101 6102//6102
f 6106//6106 6102//6102 6105//6105
f 6070//6070 6071//6071 6072//6072
f 6070//6070 6072//6072 6073//6073
f 6108//6108 6106//6106 6107//6107
f 6108//6108 6098//6098 6101//6101
f 6108//6108 6101//6101 6106//6106
f 6068//6068 6069//6069 6070//6070
f 6110//6110 6108//6108 6109//6109
f 6066//6066 6067//6067 6068//6068
f 6066//6066 6073//6073 6078//6078
f 6066//6066 6070//6070 6073//6073
f 6066//6066 6068//6068 6070//6070
f 6114//6114 6110//6110 6111//6111
f 6114//6114 6111//6111 6112//6112
f 6114//6114 6112//6112 6113//6113
f 6062//6062 6063//6063 6064//6064
f 6062//6062 6064//6064 6065//6065
f 6062//6062 6065//6065 6066//6066
f 6116//6116 6114//6114 6115//6115
f 6060//6060 6061//6061 6062//6062
f 6059//6059 6082//6082 6098//6098
f 6059//6059 6078//6078 6082//6082
f 6059//6059 6066//6066 6078//6078
f 6059//6059 6060//6060 6062//6062
f 6059//6059 6062//6062 6066//6066
f 6057//6057 6058//6058 6059//6059
f 6120//6120 6117//6117 6118//6118
f 6120//6120 6118//6118 6119//6119
f 6121//6121 6117//6117 6120//6120
f 6055//6055 6057//6057 6059//6059
f 6055//6055 6056//6056 6057//6057
f 6122//6122 6117//6117 6121//6121
f 6122//6122 6116//6116 6117//6117
f 6122//6122 6114//6114 6116//6116
f 6053//6053 6055//6055 6059//6059
f 6053//6053 6059//6059 6098//6098
f 6053//6053 6098//6098 6108//6108
f 6053//6053 6108//6108 6110//6110
f 6053//6053 6054//6054 6055//6055
f 6126//6126 6124//6124 6125//6125
f 6050//6050 6053//6053 6110//6110
f 6050//6050 6051//6051 6052//6052
f 6050//6050 6052//6052 6053//6053
f 6050//6050 6110//6110 6114//6114
f 6129//6129 6126//6126 6127//6127
f 6129//6129 6127//6127 6128//6128
f 6130//6130 6124//6124 6126//6126
f 6130//6130 6126//6126 6129//6129
f 6130//6130 6123//6123 6124//6124
f 6046//6046 6047//6047 6048//6048
f 6046//6046 6048//6048 6049//6049
f 6131//6131 6123//6123 6130//6130
f 6131//6131 6122//6122 6123//6123
f 6134//6134 6131//6131 6132//6132
f 6134//6134 6132//6132 6133//6133
f 6135//6135 6122//6122 6131//6131
f 6135//6135 6131//6131 6134//6134
f 6136//6136 6114//6114 6122//6122
f 6136//6136 6050//6050 6114//6114
f 6136//6136 6046//6046 6049//6049
f 6136//6136 6045//6045 6046//6046
f 6136//6136 6122//6122 6135//6135
f 6136//6136 6049//6049 6050//6050
f 6039//6039 6040//6040 6041//6041
f 6138//6138 6136//6136 6137//6137
f 6037//6037 6038//6038 6039//6039
f 6037//6037 6041//6041 6042//6042
f 6037//6037 6042//6042 6043//6043
f 6037//6037 6039//6039 6041//6041
f 6140//6140 6138//6138 6139//6139
f 6140//6140 6044//6044 6045//6045
f 6140//6140 6045//6045 6136//6136
f 6140//6140 6136//6136 6138//6138
f 6035//6035 6036//6036 6037//6037
f 6033//6033 6035//6035 6037//6037
f 6033//6033 6034//6034 6035//6035
f 6146//6146 6144//6144 6145//6145
f 6030//6030 6031//6031 6032//6032
f 6030//6030 6032//6032 6033//6033
f 6147//6147 6144//6144 6146//6146
f 6147//6147 6140//6140 6141//6141
f 6147//6147 6141//6141 6142//6142
f 6147//6147 6142//6142 6143//6143
f 6147//6147 6143//6143 6144//6144
f 6028//6028 6030//6030 6033//6033
f 6028//6028 6029//6029 6030//6030
f 6028//6028 6033//6033 6037//6037
f 6028//6028 6037//6037 6043//6043
f 6150//6150 6140//6140 6147//6147
f 6150//6150 6147//6147 6148//6148
f 6150//6150 6148//6148 6149//6149
f 6152//6152 6140//6140 6150//6150
f 6152//6152 6150//6150 6151//6151
f 6023//6023 6024//6024 6025//6025
f 6154//6154 6152//6152 6153//6153
f 6022//6022 6023//6023 6025//6025
f 6022//6022 6025//6025 6026//6026
f 6022//6022 6026//6026 6027//6027
f 6022//6022 6027//6027 6028//6028
f 6156//6156 6154//6154 6155//6155
f 6157//6157 6140//6140 6152//6152
f 6157//6157 6152//6152 6154//6154
f 6157//6157 6154//6154 6156//6156
f 6157//6157 6044//6044 6140//6140
f 6019//6019 6022//6022 6028//6028
f 6019//6019 6020//6020 6021//6021
f 6019//6019 6021//6021 6022//6022
f 6017//6017 6018//6018 6019//6019
f 6160//6160 6158//6158 6159//6159
f 5968//5968 6158//6158 6160//6160
f 5968//5968 6157//6157 6158//6158
f 6013//6013 6014//6014 6015//6015
f 5970//5970 5968//5968 5967//5967
f 5970//5970 5967//5967 5969//5969
f 5970//5970 6157//6157 5968//5968
f 5970//5970 6044//6044 6157//6157
f 5970//5970 6043//6043 6044//6044
f 6012//6012 6013//6013 6015//6015
f 6011//6011 6015//6015 6016//6016
f 6011//6011 6012//6012 6015//6015
f 6010//6010 6016//6016 6017//6017
f 6010//6010 6017//6017 6019//6019
f 6010//6010 6011//6011 6016//6016
f 5974//5974 5971//5971 5972//5972
f 5974//5974 5972//5972 5973//5973
f 6008//6008 6009//6009 6010//6010
f 6007//6007 6008//6008 6010//6010
f 5976//5976 5974//5974 5975//5975
f 5977//5977 5974//5974 5976//5976
f 5977//5977 5971//5971 5974//5974
f 6005//6005 6007//6007 6010//6010
f 6005//6005 6006//6006 6007//6007
f 5980//5980 5970//5970 5971//5971
f 5980//5980 5977//5977 5978//5978
f 5980//5980 5978//5978 5979//5979
f 5980//5980 5971//5971 5977//5977
f 5980//5980 6043//6043 5970//5970
f 6002//6002 6003//6003 6004//6004
f 6001//6001 6005//6005 6010//6010
f 6001//6001 6004//6004 6005//6005
f 6001//6001 6002//6002 6004//6004
f 5982//5982 5980//5980 5981//5981
f 5984//5984 5982//5982 5983//5983
f 5998//5998 5999//5999 6000//6000
f 5998//5998 6000//6000 6001//6001
f 5997//5997 5998//5998 6001//6001
f 5986//5986 6043//6043 5980//5980
f 5986//5986 5984//5984 5985//5985
f 5986//5986 5980//5980 5982//5982
f 5986//5986 5982//5982 5984//5984
f 5996//5996 6001//6001 6010//6010
f 5996//5996 5997//5997 6001//6001
f 5988//5988 5986//5986 5987//5987
f 5989//5989 5986//5986 5988//5988
f 5989//5989 6043//6043 5986//5986
f 5993//5993 6010//6010 6019//6019
f 5993//5993 5994//5994 5995//5995
f 5993//5993 5995//5995 5996//5996
f 5993//5993 5996//5996 6010//6010
f 5993//5993 6019//6019 6028//6028
f 5992//5992 6028//6028 6043//6043
f 5992//5992 5993//5993 6028//6028
f 5991//5991 5989//5989 5990//5990
f 5991//5991 6043//6043 5989//5989
f 5991//5991 5992//5992 6043//6043
# 11930 faces, 0 coords texture

# End of File
