# FreeCAD v1.0 build0 Arch module
# https://www.freecad.org
mtllib CARBODY.mtl
o SCX2000-3_TTB_000_1-HSC_SCX2000-3_TTB (Meshed)
usemtl color_cccce6
v -1446.0 0.0 -190.0
v -1446.0 0.0 0.0
v -1445.800293 24.034571 0.0
v -1445.800293 24.034571 -190.0
v -1445.20105 48.0625 0.0
v -1445.20105 48.0625 -190.0
v -1444.202515 72.077148 0.0
v -1444.202515 72.077148 -190.0
v -1442.804932 96.071884 0.0
v -1442.804932 96.071884 -190.0
v -1441.008789 120.040077 0.0
v -1441.008789 120.040077 -190.0
v -1438.814453 143.975113 0.0
v -1438.814453 143.975113 -190.0
v -1436.222656 167.870361 0.0
v -1436.222656 167.870361 -190.0
v -1433.234009 191.719223 0.0
v -1433.234009 191.719223 -190.0
v -1429.849365 215.515121 0.0
v -1429.849365 215.515121 -190.0
v -1426.069702 239.251465 0.0
v -1426.069702 239.251465 -190.0
v -1421.895996 262.921722 0.0
v -1421.895996 262.921722 -190.0
v -1417.329468 286.519318 0.0
v -1417.329468 286.519318 -190.0
v -1412.371216 310.037781 0.0
v -1412.371216 310.037781 -190.0
v -1407.022827 333.470551 0.0
v -1407.022827 333.470551 -190.0
v -1401.285767 356.811188 0.0
v -1401.285767 356.811188 -190.0
v -1395.161499 380.053253 0.0
v -1395.161499 380.053253 -190.0
v -1388.651733 403.190308 0.0
v -1388.651733 403.190308 -190.0
v -1381.758301 426.215973 0.0
v -1381.758301 426.215973 -190.0
v -1374.483032 449.123871 0.0
v -1374.483032 449.123871 -190.0
v -1366.828125 471.907684 0.0
v -1366.828125 471.907684 -190.0
v -1358.795532 494.561127 0.0
v -1358.795532 494.561127 -190.0
v -1350.387451 517.077942 0.0
v -1350.387451 517.077942 -190.0
v -1341.606445 539.451843 0.0
v -1341.606445 539.451843 -190.0
v -1332.45459 561.676697 0.0
v -1332.45459 561.676697 -190.0
v -1322.934692 583.746399 0.0
v -1322.934692 583.746399 -190.0
v -1313.049194 605.654785 0.0
v -1313.049194 605.654785 -190.0
v -1302.801025 627.395874 0.0
v -1302.801025 627.395874 -190.0
v -1292.192749 648.963623 0.0
v -1292.192749 648.963623 -190.0
v -1281.227539 670.352051 0.0
v -1281.227539 670.352051 -190.0
v -1269.908447 691.555237 0.0
v -1269.908447 691.555237 -190.0
v -1258.238281 712.567383 0.0
v -1258.238281 712.567383 -190.0
v -1246.220581 733.38269 0.0
v -1246.220581 733.38269 -190.0
v -1233.858643 753.9953 0.0
v -1233.858643 753.9953 -190.0
v -1221.15564 774.399597 0.0
v -1221.15564 774.399597 -190.0
v -1208.115356 794.589966 0.0
v -1208.115356 794.589966 -190.0
v -1194.741211 814.560791 0.0
v -1194.741211 814.560791 -190.0
v -1181.037109 834.30658 0.0
v -1181.037109 834.30658 -190.0
v -1167.006592 853.821838 0.0
v -1167.006592 853.821838 -190.0
v -1152.653564 873.101196 0.0
v -1152.653564 873.101196 -190.0
v -1137.982178 892.139282 0.0
v -1137.982178 892.139282 -190.0
v -1122.996338 910.930908 0.0
v -1122.996338 910.930908 -190.0
v -1107.700317 929.470886 0.0
v -1107.700317 929.470886 -190.0
v -1092.098145 947.754028 0.0
v -1092.098145 947.754028 -190.0
v -1076.194214 965.77533 0.0
v -1076.194214 965.77533 -190.0
v -1059.993042 983.529785 0.0
v -1059.993042 983.529785 -190.0
v -1043.498901 1001.012512 0.0
v -1043.498901 1001.012512 -190.0
v -1026.716553 1018.218628 0.0
v -1026.716553 1018.218628 -190.0
v -1009.650452 1035.143433 0.0
v -1009.650452 1035.143433 -190.0
v -992.30542 1051.782227 0.0
v -992.30542 1051.782227 -190.0
v -974.686218 1068.130493 0.0
v -974.686218 1068.130493 -190.0
v -956.797729 1084.183594 0.0
v -956.797729 1084.183594 -190.0
v -938.644897 1099.937134 0.0
v -938.644897 1099.937134 -190.0
v -920.232666 1115.386841 -190.0
v -920.232666 1115.386841 0.0
v -901.566223 1130.52832 0.0
v -901.566223 1130.52832 -190.0
v -882.650696 1145.357422 0.0
v -882.650696 1145.357422 -190.0
v -863.491333 1159.870117 0.0
v -863.491333 1159.870117 -190.0
v -844.093323 1174.062378 0.0
v -844.093323 1174.062378 -190.0
v -824.462158 1187.930176 0.0
v -824.462158 1187.930176 -190.0
v -804.60321 1201.469849 0.0
v -804.60321 1201.469849 -190.0
v -784.521912 1214.67749 0.0
v -784.521912 1214.67749 -190.0
v -764.223877 1227.549561 0.0
v -764.223877 1227.549561 -190.0
v -743.714661 1240.082397 0.0
v -743.714661 1240.082397 -190.0
v -723.0 1252.272705 0.0
v -723.0 1252.272705 -190.0
v -702.085571 1264.117065 -190.0
v -702.085571 1264.117065 0.0
v -680.977173 1275.612061 0.0
v -680.977173 1275.612061 -190.0
v -659.680603 1286.754639 0.0
v -659.680603 1286.754639 -190.0
v -638.201782 1297.541748 0.0
v -638.201782 1297.541748 -190.0
v -616.546631 1307.970215 -190.0
v -616.546631 1307.970215 0.0
v -594.72113 1318.037476 0.0
v -594.72113 1318.037476 -190.0
v -572.731323 1327.740479 0.0
v -572.731323 1327.740479 -190.0
v -550.583313 1337.07666 0.0
v -550.583313 1337.07666 -190.0
v -528.283142 1346.043457 0.0
v -528.283142 1346.043457 -190.0
v -505.837006 1354.638306 0.0
v -505.837006 1354.638306 -190.0
v -483.251099 1362.858887 0.0
v -483.251099 1362.858887 -190.0
v -460.531708 1370.703003 -190.0
v -460.531708 1370.703003 0.0
v -437.685059 1378.168335 0.0
v -437.685059 1378.168335 -190.0
v -414.717468 1385.252808 0.0
v -414.717468 1385.252808 -190.0
v -391.635315 1391.954712 -190.0
v -391.635315 1391.954712 0.0
v -368.444946 1398.271851 0.0
v -368.444946 1398.271851 -190.0
v -345.152802 1404.202759 0.0
v -345.152802 1404.202759 -190.0
v -321.765259 1409.745728 0.0
v -321.765259 1409.745728 -190.0
v -298.288849 1414.89917 0.0
v -298.288849 1414.89917 -190.0
v -274.730011 1419.661743 0.0
v -274.730011 1419.661743 -190.0
v -251.095261 1424.031982 0.0
v -251.095261 1424.031982 -190.0
v -227.391144 1428.008789 0.0
v -227.391144 1428.008789 -190.0
v -203.624207 1431.591187 -190.0
v -203.624207 1431.591187 0.0
v -179.800995 1434.777832 0.0
v -179.800995 1434.777832 -190.0
v -155.928116 1437.568237 0.0
v -155.928116 1437.568237 -190.0
v -132.012146 1439.961426 -190.0
v -132.012146 1439.961426 0.0
v -108.059715 1441.956665 -190.0
v -108.059715 1441.956665 0.0
v -84.077423 1443.553589 0.0
v -84.077423 1443.553589 -190.0
v -60.071899 1444.751709 -190.0
v -60.071899 1444.751709 0.0
v -36.049782 1445.550537 0.0
v -36.049782 1445.550537 -190.0
v -12.0177 1445.950073 0.0
v -12.0177 1445.950073 -190.0
v 12.0177 1445.950073 -190.0
v 12.0177 1445.950073 0.0
v 36.049782 1445.550537 -190.0
v 36.049782 1445.550537 0.0
v 60.071899 1444.751709 0.0
v 60.071899 1444.751709 -190.0
v 84.077423 1443.553589 0.0
v 84.077423 1443.553589 -190.0
v 108.059715 1441.956665 -190.0
v 108.059715 1441.956665 0.0
v 132.012146 1439.961426 0.0
v 132.012146 1439.961426 -190.0
v 155.928116 1437.568237 0.0
v 155.928116 1437.568237 -190.0
v 179.800995 1434.777832 0.0
v 179.800995 1434.777832 -190.0
v 203.624207 1431.591187 -190.0
v 203.624207 1431.591187 0.0
v 227.391144 1428.008789 0.0
v 227.391144 1428.008789 -190.0
v 251.095261 1424.031982 -190.0
v 251.095261 1424.031982 0.0
v 274.730011 1419.661743 0.0
v 274.730011 1419.661743 -190.0
v 298.288849 1414.89917 0.0
v 298.288849 1414.89917 -190.0
v 321.765259 1409.745728 -190.0
v 321.765259 1409.745728 0.0
v 345.152802 1404.202759 0.0
v 345.152802 1404.202759 -190.0
v 368.444946 1398.271851 0.0
v 368.444946 1398.271851 -190.0
v 391.635315 1391.954712 -190.0
v 391.635315 1391.954712 0.0
v 414.717468 1385.252808 -190.0
v 414.717468 1385.252808 0.0
v 437.685059 1378.168335 0.0
v 437.685059 1378.168335 -190.0
v 460.531708 1370.703003 -190.0
v 460.531708 1370.703003 0.0
v 483.251099 1362.858887 -190.0
v 483.251099 1362.858887 0.0
v 505.837006 1354.638306 0.0
v 505.837006 1354.638306 -190.0
v 528.283142 1346.043457 -190.0
v 528.283142 1346.043457 0.0
v 550.583313 1337.07666 0.0
v 550.583313 1337.07666 -190.0
v 572.731323 1327.740479 0.0
v 572.731323 1327.740479 -190.0
v 594.72113 1318.037476 -190.0
v 594.72113 1318.037476 0.0
v 616.546631 1307.970215 0.0
v 616.546631 1307.970215 -190.0
v 638.201782 1297.541748 0.0
v 638.201782 1297.541748 -190.0
v 659.680603 1286.754639 -190.0
v 659.680603 1286.754639 0.0
v 680.977173 1275.612061 -190.0
v 680.977173 1275.612061 0.0
v 702.085571 1264.117065 0.0
v 702.085571 1264.117065 -190.0
v 723.0 1252.272705 -190.0
v 723.0 1252.272705 0.0
v 743.714661 1240.082397 0.0
v 743.714661 1240.082397 -190.0
v 764.223877 1227.549561 0.0
v 764.223877 1227.549561 -190.0
v 784.521912 1214.67749 -190.0
v 784.521912 1214.67749 0.0
v 804.60321 1201.469849 -190.0
v 804.60321 1201.469849 0.0
v 824.462158 1187.930176 0.0
v 824.462158 1187.930176 -190.0
v 844.093323 1174.062378 -190.0
v 844.093323 1174.062378 0.0
v 863.491333 1159.870117 -190.0
v 863.491333 1159.870117 0.0
v 882.650696 1145.357422 0.0
v 882.650696 1145.357422 -190.0
v 901.566223 1130.52832 -190.0
v 901.566223 1130.52832 0.0
v 920.232666 1115.386841 -190.0
v 920.232666 1115.386841 0.0
v 938.644897 1099.937134 0.0
v 938.644897 1099.937134 -190.0
v 956.797729 1084.183594 -190.0
v 956.797729 1084.183594 0.0
v 974.686218 1068.130493 -190.0
v 974.686218 1068.130493 0.0
v 992.30542 1051.782227 0.0
v 992.30542 1051.782227 -190.0
v 1009.650452 1035.143433 0.0
v 1009.650452 1035.143433 -190.0
v 1026.716553 1018.218628 -190.0
v 1026.716553 1018.218628 0.0
v 1043.498901 1001.012512 -190.0
v 1043.498901 1001.012512 0.0
v 1059.993042 983.529785 -190.0
v 1059.993042 983.529785 0.0
v 1076.194214 965.77533 -190.0
v 1076.194214 965.77533 0.0
v 1092.098145 947.754028 0.0
v 1092.098145 947.754028 -190.0
v 1107.700317 929.470886 0.0
v 1107.700317 929.470886 -190.0
v 1122.996338 910.930908 -190.0
v 1122.996338 910.930908 0.0
v 1137.982178 892.139282 0.0
v 1137.982178 892.139282 -190.0
v 1152.653564 873.101196 -190.0
v 1152.653564 873.101196 0.0
v 1167.006592 853.821838 -190.0
v 1167.006592 853.821838 0.0
v 1181.037109 834.30658 0.0
v 1181.037109 834.30658 -190.0
v 1194.741211 814.560791 0.0
v 1194.741211 814.560791 -190.0
v 1208.115356 794.589966 -190.0
v 1208.115356 794.589966 0.0
v 1221.15564 774.399597 0.0
v 1221.15564 774.399597 -190.0
v 1233.858643 753.9953 0.0
v 1233.858643 753.9953 -190.0
v 1246.220581 733.38269 -190.0
v 1246.220581 733.38269 0.0
v 1258.238281 712.567383 -190.0
v 1258.238281 712.567383 0.0
v 1269.908447 691.555237 0.0
v 1269.908447 691.555237 -190.0
v 1281.227539 670.352051 -190.0
v 1281.227539 670.352051 0.0
v 1292.192749 648.963623 0.0
v 1292.192749 648.963623 -190.0
v 1302.801025 627.395874 0.0
v 1302.801025 627.395874 -190.0
v 1313.049194 605.654785 -190.0
v 1313.049194 605.654785 0.0
v 1322.934692 583.746399 0.0
v 1322.934692 583.746399 -190.0
v 1332.45459 561.676697 -190.0
v 1332.45459 561.676697 0.0
v 1341.606445 539.451843 0.0
v 1341.606445 539.451843 -190.0
v 1350.387451 517.077942 -190.0
v 1350.387451 517.077942 0.0
v 1358.795532 494.561127 0.0
v 1358.795532 494.561127 -190.0
v 1366.828125 471.907684 -190.0
v 1366.828125 471.907684 0.0
v 1374.483032 449.123871 0.0
v 1374.483032 449.123871 -190.0
v 1381.758301 426.215973 -190.0
v 1381.758301 426.215973 0.0
v 1388.651733 403.190308 -190.0
v 1388.651733 403.190308 0.0
v 1395.161499 380.053253 -190.0
v 1395.161499 380.053253 0.0
v 1401.285767 356.811188 0.0
v 1401.285767 356.811188 -190.0
v 1407.022827 333.470551 -190.0
v 1407.022827 333.470551 0.0
v 1412.371216 310.037781 -190.0
v 1412.371216 310.037781 0.0
v 1417.329468 286.519318 0.0
v 1417.329468 286.519318 -190.0
v 1421.895996 262.921722 0.0
v 1421.895996 262.921722 -190.0
v 1426.069702 239.251465 0.0
v 1426.069702 239.251465 -190.0
v 1429.849365 215.515121 -190.0
v 1429.849365 215.515121 0.0
v 1433.234009 191.719223 0.0
v 1433.234009 191.719223 -190.0
v 1436.222656 167.870361 -190.0
v 1436.222656 167.870361 0.0
v 1438.814453 143.975113 0.0
v 1438.814453 143.975113 -190.0
v 1441.008789 120.040077 -190.0
v 1441.008789 120.040077 0.0
v 1442.804932 96.071884 0.0
v 1442.804932 96.071884 -190.0
v 1444.202515 72.077148 0.0
v 1444.202515 72.077148 -190.0
v 1445.20105 48.0625 0.0
v 1445.20105 48.0625 -190.0
v 1445.800293 24.034571 -190.0
v 1445.800293 24.034571 0.0
v 1446.0 -0.0 0.0
v 1446.0 -0.0 -190.0
v 1445.800293 -24.034571 0.0
v 1445.800293 -24.034571 -190.0
v 1445.20105 -48.0625 0.0
v 1445.20105 -48.0625 -190.0
v 1444.202515 -72.077148 0.0
v 1444.202515 -72.077148 -190.0
v 1442.804932 -96.071884 0.0
v 1442.804932 -96.071884 -190.0
v 1441.008789 -120.040077 0.0
v 1441.008789 -120.040077 -190.0
v 1438.814453 -143.975113 0.0
v 1438.814453 -143.975113 -190.0
v 1436.222656 -167.870361 0.0
v 1436.222656 -167.870361 -190.0
v 1433.234009 -191.719223 0.0
v 1433.234009 -191.719223 -190.0
v 1429.849365 -215.515121 0.0
v 1429.849365 -215.515121 -190.0
v 1426.069702 -239.251465 0.0
v 1426.069702 -239.251465 -190.0
v 1421.895996 -262.921722 0.0
v 1421.895996 -262.921722 -190.0
v 1417.329468 -286.519318 0.0
v 1417.329468 -286.519318 -190.0
v 1412.371216 -310.037781 0.0
v 1412.371216 -310.037781 -190.0
v 1407.022827 -333.470551 0.0
v 1407.022827 -333.470551 -190.0
v 1401.285767 -356.811188 0.0
v 1401.285767 -356.811188 -190.0
v 1395.161499 -380.053253 0.0
v 1395.161499 -380.053253 -190.0
v 1388.651733 -403.190308 0.0
v 1388.651733 -403.190308 -190.0
v 1381.758301 -426.215973 0.0
v 1381.758301 -426.215973 -190.0
v 1374.483032 -449.123871 0.0
v 1374.483032 -449.123871 -190.0
v 1366.828125 -471.907684 0.0
v 1366.828125 -471.907684 -190.0
v 1358.795532 -494.561127 0.0
v 1358.795532 -494.561127 -190.0
v 1350.387451 -517.077942 0.0
v 1350.387451 -517.077942 -190.0
v 1341.606445 -539.451843 0.0
v 1341.606445 -539.451843 -190.0
v 1332.45459 -561.676697 0.0
v 1332.45459 -561.676697 -190.0
v 1322.934692 -583.746399 0.0
v 1322.934692 -583.746399 -190.0
v 1313.049194 -605.654785 0.0
v 1313.049194 -605.654785 -190.0
v 1302.801025 -627.395874 0.0
v 1302.801025 -627.395874 -190.0
v 1292.192749 -648.963623 0.0
v 1292.192749 -648.963623 -190.0
v 1281.227539 -670.352051 0.0
v 1281.227539 -670.352051 -190.0
v 1269.908447 -691.555237 0.0
v 1269.908447 -691.555237 -190.0
v 1258.238281 -712.567383 0.0
v 1258.238281 -712.567383 -190.0
v 1246.220581 -733.38269 0.0
v 1246.220581 -733.38269 -190.0
v 1233.858643 -753.9953 0.0
v 1233.858643 -753.9953 -190.0
v 1221.15564 -774.399597 0.0
v 1221.15564 -774.399597 -190.0
v 1208.115356 -794.589966 0.0
v 1208.115356 -794.589966 -190.0
v 1194.741211 -814.560791 0.0
v 1194.741211 -814.560791 -190.0
v 1181.037109 -834.30658 0.0
v 1181.037109 -834.30658 -190.0
v 1167.006592 -853.821838 0.0
v 1167.006592 -853.821838 -190.0
v 1152.653564 -873.101196 0.0
v 1152.653564 -873.101196 -190.0
v 1137.982178 -892.139282 0.0
v 1137.982178 -892.139282 -190.0
v 1122.996338 -910.930908 0.0
v 1122.996338 -910.930908 -190.0
v 1107.700317 -929.470886 0.0
v 1107.700317 -929.470886 -190.0
v 1092.098145 -947.754028 0.0
v 1092.098145 -947.754028 -190.0
v 1076.194214 -965.77533 0.0
v 1076.194214 -965.77533 -190.0
v 1059.993042 -983.529785 0.0
v 1059.993042 -983.529785 -190.0
v 1043.498901 -1001.012512 0.0
v 1043.498901 -1001.012512 -190.0
v 1026.716553 -1018.218628 0.0
v 1026.716553 -1018.218628 -190.0
v 1009.650452 -1035.143433 0.0
v 1009.650452 -1035.143433 -190.0
v 992.30542 -1051.782227 0.0
v 992.30542 -1051.782227 -190.0
v 974.686218 -1068.130493 0.0
v 974.686218 -1068.130493 -190.0
v 956.797729 -1084.183594 0.0
v 956.797729 -1084.183594 -190.0
v 938.644897 -1099.937134 0.0
v 938.644897 -1099.937134 -190.0
v 920.232666 -1115.386841 -190.0
v 920.232666 -1115.386841 0.0
v 901.566223 -1130.52832 0.0
v 901.566223 -1130.52832 -190.0
v 882.650696 -1145.357422 -190.0
v 882.650696 -1145.357422 0.0
v 863.491333 -1159.870117 0.0
v 863.491333 -1159.870117 -190.0
v 844.093323 -1174.062378 0.0
v 844.093323 -1174.062378 -190.0
v 824.462158 -1187.930176 0.0
v 824.462158 -1187.930176 -190.0
v 804.60321 -1201.469849 0.0
v 804.60321 -1201.469849 -190.0
v 784.521912 -1214.67749 0.0
v 784.521912 -1214.67749 -190.0
v 764.223877 -1227.549561 -190.0
v 764.223877 -1227.549561 0.0
v 743.714661 -1240.082397 0.0
v 743.714661 -1240.082397 -190.0
v 723.0 -1252.272705 0.0
v 723.0 -1252.272705 -190.0
v 702.085571 -1264.117065 0.0
v 702.085571 -1264.117065 -190.0
v 680.977173 -1275.612061 0.0
v 680.977173 -1275.612061 -190.0
v 659.680603 -1286.754639 0.0
v 659.680603 -1286.754639 -190.0
v 638.201782 -1297.541748 0.0
v 638.201782 -1297.541748 -190.0
v 616.546631 -1307.970215 0.0
v 616.546631 -1307.970215 -190.0
v 594.72113 -1318.037476 0.0
v 594.72113 -1318.037476 -190.0
v 572.731323 -1327.740479 0.0
v 572.731323 -1327.740479 -190.0
v 550.583313 -1337.07666 0.0
v 550.583313 -1337.07666 -190.0
v 528.283142 -1346.043457 -190.0
v 528.283142 -1346.043457 0.0
v 505.837006 -1354.638306 0.0
v 505.837006 -1354.638306 -190.0
v 483.251099 -1362.858887 0.0
v 483.251099 -1362.858887 -190.0
v 460.531708 -1370.703003 -190.0
v 460.531708 -1370.703003 0.0
v 437.685059 -1378.168335 0.0
v 437.685059 -1378.168335 -190.0
v 414.717468 -1385.252808 0.0
v 414.717468 -1385.252808 -190.0
v 391.635315 -1391.954712 0.0
v 391.635315 -1391.954712 -190.0
v 368.444946 -1398.271851 0.0
v 368.444946 -1398.271851 -190.0
v 345.152802 -1404.202759 0.0
v 345.152802 -1404.202759 -190.0
v 321.765259 -1409.745728 0.0
v 321.765259 -1409.745728 -190.0
v 298.288849 -1414.89917 0.0
v 298.288849 -1414.89917 -190.0
v 274.730011 -1419.661743 0.0
v 274.730011 -1419.661743 -190.0
v 251.095261 -1424.031982 -190.0
v 251.095261 -1424.031982 0.0
v 227.391144 -1428.008789 -190.0
v 227.391144 -1428.008789 0.0
v 203.624207 -1431.591187 0.0
v 203.624207 -1431.591187 -190.0
v 179.800995 -1434.777832 -190.0
v 179.800995 -1434.777832 0.0
v 155.928116 -1437.568237 0.0
v 155.928116 -1437.568237 -190.0
v 132.012146 -1439.961426 0.0
v 132.012146 -1439.961426 -190.0
v 108.059715 -1441.956665 -190.0
v 108.059715 -1441.956665 0.0
v 84.077423 -1443.553589 0.0
v 84.077423 -1443.553589 -190.0
v 60.071899 -1444.751709 0.0
v 60.071899 -1444.751709 -190.0
v 36.049782 -1445.550537 -190.0
v 36.049782 -1445.550537 0.0
v 12.0177 -1445.950073 0.0
v 12.0177 -1445.950073 -190.0
v -12.0177 -1445.950073 0.0
v -12.0177 -1445.950073 -190.0
v -36.049782 -1445.550537 -190.0
v -36.049782 -1445.550537 0.0
v -60.071899 -1444.751709 0.0
v -60.071899 -1444.751709 -190.0
v -84.077423 -1443.553589 0.0
v -84.077423 -1443.553589 -190.0
v -108.059715 -1441.956665 -190.0
v -108.059715 -1441.956665 0.0
v -132.012146 -1439.961426 0.0
v -132.012146 -1439.961426 -190.0
v -155.928116 -1437.568237 0.0
v -155.928116 -1437.568237 -190.0
v -179.800995 -1434.777832 -190.0
v -179.800995 -1434.777832 0.0
v -203.624207 -1431.591187 0.0
v -203.624207 -1431.591187 -190.0
v -227.391144 -1428.008789 -190.0
v -227.391144 -1428.008789 0.0
v -251.095261 -1424.031982 0.0
v -251.095261 -1424.031982 -190.0
v -274.730011 -1419.661743 -190.0
v -274.730011 -1419.661743 0.0
v -298.288849 -1414.89917 0.0
v -298.288849 -1414.89917 -190.0
v -321.765259 -1409.745728 -190.0
v -321.765259 -1409.745728 0.0
v -345.152802 -1404.202759 0.0
v -345.152802 -1404.202759 -190.0
v -368.444946 -1398.271851 0.0
v -368.444946 -1398.271851 -190.0
v -391.635315 -1391.954712 -190.0
v -391.635315 -1391.954712 0.0
v -414.717468 -1385.252808 0.0
v -414.717468 -1385.252808 -190.0
v -437.685059 -1378.168335 0.0
v -437.685059 -1378.168335 -190.0
v -460.531708 -1370.703003 -190.0
v -460.531708 -1370.703003 0.0
v -483.251099 -1362.858887 -190.0
v -483.251099 -1362.858887 0.0
v -505.837006 -1354.638306 0.0
v -505.837006 -1354.638306 -190.0
v -528.283142 -1346.043457 -190.0
v -528.283142 -1346.043457 0.0
v -550.583313 -1337.07666 0.0
v -550.583313 -1337.07666 -190.0
v -572.731323 -1327.740479 0.0
v -572.731323 -1327.740479 -190.0
v -594.72113 -1318.037476 -190.0
v -594.72113 -1318.037476 0.0
v -616.546631 -1307.970215 0.0
v -616.546631 -1307.970215 -190.0
v -638.201782 -1297.541748 0.0
v -638.201782 -1297.541748 -190.0
v -659.680603 -1286.754639 -190.0
v -659.680603 -1286.754639 0.0
v -680.977173 -1275.612061 -190.0
v -680.977173 -1275.612061 0.0
v -702.085571 -1264.117065 0.0
v -702.085571 -1264.117065 -190.0
v -723.0 -1252.272705 -190.0
v -723.0 -1252.272705 0.0
v -743.714661 -1240.082397 -190.0
v -743.714661 -1240.082397 0.0
v -764.223877 -1227.549561 0.0
v -764.223877 -1227.549561 -190.0
v -784.521912 -1214.67749 -190.0
v -784.521912 -1214.67749 0.0
v -804.60321 -1201.469849 0.0
v -804.60321 -1201.469849 -190.0
v -824.462158 -1187.930176 0.0
v -824.462158 -1187.930176 -190.0
v -844.093323 -1174.062378 -190.0
v -844.093323 -1174.062378 0.0
v -863.491333 -1159.870117 -190.0
v -863.491333 -1159.870117 0.0
v -882.650696 -1145.357422 -190.0
v -882.650696 -1145.357422 0.0
v -901.566223 -1130.52832 -190.0
v -901.566223 -1130.52832 0.0
v -920.232666 -1115.386841 -190.0
v -920.232666 -1115.386841 0.0
v -938.644897 -1099.937134 -190.0
v -938.644897 -1099.937134 0.0
v -956.797729 -1084.183594 0.0
v -956.797729 -1084.183594 -190.0
v -974.686218 -1068.130493 -190.0
v -974.686218 -1068.130493 0.0
v -992.30542 -1051.782227 0.0
v -992.30542 -1051.782227 -190.0
v -1009.650452 -1035.143433 0.0
v -1009.650452 -1035.143433 -190.0
v -1026.716553 -1018.218628 -190.0
v -1026.716553 -1018.218628 0.0
v -1043.498901 -1001.012512 0.0
v -1043.498901 -1001.012512 -190.0
v -1059.993042 -983.529785 0.0
v -1059.993042 -983.529785 -190.0
v -1076.194214 -965.77533 -190.0
v -1076.194214 -965.77533 0.0
v -1092.098145 -947.754028 -190.0
v -1092.098145 -947.754028 0.0
v -1107.700317 -929.470886 0.0
v -1107.700317 -929.470886 -190.0
v -1122.996338 -910.930908 -190.0
v -1122.996338 -910.930908 0.0
v -1137.982178 -892.139282 -190.0
v -1137.982178 -892.139282 0.0
v -1152.653564 -873.101196 0.0
v -1152.653564 -873.101196 -190.0
v -1167.006592 -853.821838 0.0
v -1167.006592 -853.821838 -190.0
v -1181.037109 -834.30658 -190.0
v -1181.037109 -834.30658 0.0
v -1194.741211 -814.560791 0.0
v -1194.741211 -814.560791 -190.0
v -1208.115356 -794.589966 -190.0
v -1208.115356 -794.589966 0.0
v -1221.15564 -774.399597 -190.0
v -1221.15564 -774.399597 0.0
v -1233.858643 -753.9953 -190.0
v -1233.858643 -753.9953 0.0
v -1246.220581 -733.38269 0.0
v -1246.220581 -733.38269 -190.0
v -1258.238281 -712.567383 -190.0
v -1258.238281 -712.567383 0.0
v -1269.908447 -691.555237 0.0
v -1269.908447 -691.555237 -190.0
v -1281.227539 -670.352051 0.0
v -1281.227539 -670.352051 -190.0
v -1292.192749 -648.963623 -190.0
v -1292.192749 -648.963623 0.0
v -1302.801025 -627.395874 0.0
v -1302.801025 -627.395874 -190.0
v -1313.049194 -605.654785 0.0
v -1313.049194 -605.654785 -190.0
v -1322.934692 -583.746399 0.0
v -1322.934692 -583.746399 -190.0
v -1332.45459 -561.676697 -190.0
v -1332.45459 -561.676697 0.0
v -1341.606445 -539.451843 -190.0
v -1341.606445 -539.451843 0.0
v -1350.387451 -517.077942 -190.0
v -1350.387451 -517.077942 0.0
v -1358.795532 -494.561127 -190.0
v -1358.795532 -494.561127 0.0
v -1366.828125 -471.907684 0.0
v -1366.828125 -471.907684 -190.0
v -1374.483032 -449.123871 -190.0
v -1374.483032 -449.123871 0.0
v -1381.758301 -426.215973 -190.0
v -1381.758301 -426.215973 0.0
v -1388.651733 -403.190308 -190.0
v -1388.651733 -403.190308 0.0
v -1395.161499 -380.053253 0.0
v -1395.161499 -380.053253 -190.0
v -1401.285767 -356.811188 0.0
v -1401.285767 -356.811188 -190.0
v -1407.022827 -333.470551 0.0
v -1407.022827 -333.470551 -190.0
v -1412.371216 -310.037781 0.0
v -1412.371216 -310.037781 -190.0
v -1417.329468 -286.519318 -190.0
v -1417.329468 -286.519318 0.0
v -1421.895996 -262.921722 -190.0
v -1421.895996 -262.921722 0.0
v -1426.069702 -239.251465 -190.0
v -1426.069702 -239.251465 0.0
v -1429.849365 -215.515121 -190.0
v -1429.849365 -215.515121 0.0
v -1433.234009 -191.719223 -190.0
v -1433.234009 -191.719223 0.0
v -1436.222656 -167.870361 -190.0
v -1436.222656 -167.870361 0.0
v -1438.814453 -143.975113 -190.0
v -1438.814453 -143.975113 0.0
v -1441.008789 -120.040077 -190.0
v -1441.008789 -120.040077 0.0
v -1442.804932 -96.071884 0.0
v -1442.804932 -96.071884 -190.0
v -1444.202515 -72.077148 0.0
v -1444.202515 -72.077148 -190.0
v -1445.20105 -48.0625 0.0
v -1445.20105 -48.0625 -190.0
v -1445.800293 -24.034571 -190.0
v -1445.800293 -24.034571 0.0
v -1155.0 -0.0 0.0
v -1154.800415 -21.469412 0.0
v -1155.0 -0.0 -190.0
v -1154.800415 -21.469412 -190.0
v -1154.201782 -42.931404 0.0
v -1154.201782 -42.931404 -190.0
v -1153.204346 -64.378563 0.0
v -1153.204346 -64.378563 -190.0
v -1151.808472 -85.803474 0.0
v -1151.808472 -85.803474 -190.0
v -1150.014526 -107.198738 0.0
v -1150.014526 -107.198738 -190.0
v -1147.823242 -128.556961 0.0
v -1147.823242 -128.556961 -190.0
v -1145.235229 -149.870743 0.0
v -1145.235229 -149.870743 -190.0
v -1142.251587 -171.132751 0.0
v -1142.251587 -171.132751 -190.0
v -1138.873169 -192.335632 0.0
v -1138.873169 -192.335632 -190.0
v -1135.101196 -213.472046 0.0
v -1135.101196 -213.472046 -190.0
v -1130.937012 -234.534683 0.0
v -1130.937012 -234.534683 -190.0
v -1126.381958 -255.516281 0.0
v -1126.381958 -255.516281 -190.0
v -1121.437744 -276.409607 0.0
v -1121.437744 -276.409607 -190.0
v -1116.106079 -297.207397 0.0
v -1116.106079 -297.207397 -190.0
v -1110.388672 -317.902466 0.0
v -1110.388672 -317.902466 -190.0
v -1104.287598 -338.487701 0.0
v -1104.287598 -338.487701 -190.0
v -1097.804932 -358.955994 0.0
v -1097.804932 -358.955994 -190.0
v -1090.942871 -379.300232 0.0
v -1090.942871 -379.300232 -190.0
v -1083.703857 -399.513397 0.0
v -1083.703857 -399.513397 -190.0
v -1076.090332 -419.588501 0.0
v -1076.090332 -419.588501 -190.0
v -1068.10498 -439.518646 0.0
v -1068.10498 -439.518646 -190.0
v -1059.75061 -459.296875 0.0
v -1059.75061 -459.296875 -190.0
v -1051.030029 -478.916412 0.0
v -1051.030029 -478.916412 -190.0
v -1041.946167 -498.370483 0.0
v -1041.946167 -498.370483 -190.0
v -1032.502319 -517.652283 0.0
v -1032.502319 -517.652283 -190.0
v -1022.701721 -536.755249 0.0
v -1022.701721 -536.755249 -190.0
v -1012.547668 -555.672729 0.0
v -1012.547668 -555.672729 -190.0
v -1002.043762 -574.398193 0.0
v -1002.043762 -574.398193 -190.0
v -991.193604 -592.925171 0.0
v -991.193604 -592.925171 -190.0
v -980.000916 -611.247314 0.0
v -980.000916 -611.247314 -190.0
v -968.469543 -629.358154 0.0
v -968.469543 -629.358154 -190.0
v -956.603577 -647.251587 0.0
v -956.603577 -647.251587 -190.0
v -944.407043 -664.921326 0.0
v -944.407043 -664.921326 -190.0
v -931.884155 -682.361267 0.0
v -931.884155 -682.361267 -190.0
v -919.039246 -699.565491 0.0
v -919.039246 -699.565491 -190.0
v -905.87677 -716.527954 0.0
v -905.87677 -716.527954 -190.0
v -892.401245 -733.242798 0.0
v -892.401245 -733.242798 -190.0
v -878.617371 -749.704285 0.0
v -878.617371 -749.704285 -190.0
v -864.529907 -765.906677 0.0
v -864.529907 -765.906677 -190.0
v -850.143677 -781.844421 0.0
v -850.143677 -781.844421 -190.0
v -835.463684 -797.512024 0.0
v -835.463684 -797.512024 -190.0
v -820.494995 -812.903992 0.0
v -820.494995 -812.903992 -190.0
v -805.242798 -828.015137 0.0
v -805.242798 -828.015137 -190.0
v -789.712341 -842.840088 0.0
v -789.712341 -842.840088 -190.0
v -773.908997 -857.37384 0.0
v -773.908997 -857.37384 -190.0
v -757.838196 -871.611328 0.0
v -757.838196 -871.611328 -190.0
v -741.505554 -885.547607 0.0
v -741.505554 -885.547607 -190.0
v -724.916687 -899.177856 0.0
v -724.916687 -899.177856 -190.0
v -708.077271 -912.497437 0.0
v -708.077271 -912.497437 -190.0
v -690.993225 -925.501648 0.0
v -690.993225 -925.501648 -190.0
v -673.67041 -938.186096 0.0
v -673.67041 -938.186096 -190.0
v -656.114807 -950.546387 0.0
v -656.114807 -950.546387 -190.0
v -638.332458 -962.578125 0.0
v -638.332458 -962.578125 -190.0
v -620.329529 -974.277283 0.0
v -620.329529 -974.277283 -190.0
v -602.112244 -985.639832 0.0
v -602.112244 -985.639832 -190.0
v -583.68689 -996.661743 0.0
v -583.68689 -996.661743 -190.0
v -565.059875 -1007.339233 -190.0
v -565.059875 -1007.339233 0.0
v -546.23761 -1017.66864 0.0
v -546.23761 -1017.66864 -190.0
v -527.226562 -1027.646362 0.0
v -527.226562 -1027.646362 -190.0
v -508.033325 -1037.269043 0.0
v -508.033325 -1037.269043 -190.0
v -488.664551 -1046.533325 0.0
v -488.664551 -1046.533325 -190.0
v -469.126923 -1055.435913 0.0
v -469.126923 -1055.435913 -190.0
v -449.427185 -1063.973755 0.0
v -449.427185 -1063.973755 -190.0
v -429.572144 -1072.144043 0.0
v -429.572144 -1072.144043 -190.0
v -409.568634 -1079.943726 0.0
v -409.568634 -1079.943726 -190.0
v -389.423645 -1087.370361 0.0
v -389.423645 -1087.370361 -190.0
v -369.144043 -1094.421143 -190.0
v -369.144043 -1094.421143 0.0
v -348.736908 -1101.09375 0.0
v -348.736908 -1101.09375 -190.0
v -328.209259 -1107.385986 0.0
v -328.209259 -1107.385986 -190.0
v -307.568207 -1113.29541 0.0
v -307.568207 -1113.29541 -190.0
v -286.820892 -1118.820312 0.0
v -286.820892 -1118.820312 -190.0
v -265.974426 -1123.958496 -190.0
v -265.974426 -1123.958496 0.0
v -245.036072 -1128.708252 -190.0
v -245.036072 -1128.708252 0.0
v -224.013046 -1133.067993 -190.0
v -224.013046 -1133.067993 0.0
v -202.912598 -1137.036255 0.0
v -202.912598 -1137.036255 -190.0
v -181.74205 -1140.611572 0.0
v -181.74205 -1140.611572 -190.0
v -160.508682 -1143.792847 -190.0
v -160.508682 -1143.792847 0.0
v -139.219864 -1146.578735 0.0
v -139.219864 -1146.578735 -190.0
v -117.882935 -1148.968506 -190.0
v -117.882935 -1148.968506 0.0
v -96.505272 -1150.961182 0.0
v -96.505272 -1150.961182 -190.0
v -75.094261 -1152.556274 -190.0
v -75.094261 -1152.556274 0.0
v -53.657299 -1153.75293 -190.0
v -53.657299 -1153.75293 0.0
v -32.201797 -1154.551025 -190.0
v -32.201797 -1154.551025 0.0
v -10.735169 -1154.950073 0.0
v -10.735169 -1154.950073 -190.0
v 10.735169 -1154.950073 -190.0
v 10.735169 -1154.950073 0.0
v 32.201797 -1154.551025 -190.0
v 32.201797 -1154.551025 0.0
v 53.657299 -1153.75293 -190.0
v 53.657299 -1153.75293 0.0
v 75.094261 -1152.556274 0.0
v 75.094261 -1152.556274 -190.0
v 96.505272 -1150.961182 -190.0
v 96.505272 -1150.961182 0.0
v 117.882935 -1148.968506 -190.0
v 117.882935 -1148.968506 0.0
v 139.219864 -1146.578735 0.0
v 139.219864 -1146.578735 -190.0
v 160.508682 -1143.792847 0.0
v 160.508682 -1143.792847 -190.0
v 181.74205 -1140.611572 -190.0
v 181.74205 -1140.611572 0.0
v 202.912598 -1137.036255 0.0
v 202.912598 -1137.036255 -190.0
v 224.013046 -1133.067993 -190.0
v 224.013046 -1133.067993 0.0
v 245.036072 -1128.708252 -190.0
v 245.036072 -1128.708252 0.0
v 265.974426 -1123.958496 -190.0
v 265.974426 -1123.958496 0.0
v 286.820892 -1118.820312 -190.0
v 286.820892 -1118.820312 0.0
v 307.568207 -1113.29541 -190.0
v 307.568207 -1113.29541 0.0
v 328.209259 -1107.385986 -190.0
v 328.209259 -1107.385986 0.0
v 348.736908 -1101.09375 0.0
v 348.736908 -1101.09375 -190.0
v 369.144043 -1094.421143 -190.0
v 369.144043 -1094.421143 0.0
v 389.423645 -1087.370361 -190.0
v 389.423645 -1087.370361 0.0
v 409.568634 -1079.943726 -190.0
v 409.568634 -1079.943726 0.0
v 429.572144 -1072.144043 -190.0
v 429.572144 -1072.144043 0.0
v 449.427185 -1063.973755 0.0
v 449.427185 -1063.973755 -190.0
v 469.126923 -1055.435913 0.0
v 469.126923 -1055.435913 -190.0
v 488.664551 -1046.533325 0.0
v 488.664551 -1046.533325 -190.0
v 508.033325 -1037.269043 -190.0
v 508.033325 -1037.269043 0.0
v 527.226562 -1027.646362 -190.0
v 527.226562 -1027.646362 0.0
v 546.23761 -1017.66864 0.0
v 546.23761 -1017.66864 -190.0
v 565.059875 -1007.339233 -190.0
v 565.059875 -1007.339233 0.0
v 583.68689 -996.661743 -190.0
v 583.68689 -996.661743 0.0
v 602.112244 -985.639832 -190.0
v 602.112244 -985.639832 0.0
v 620.329529 -974.277283 -190.0
v 620.329529 -974.277283 0.0
v 638.332458 -962.578125 -190.0
v 638.332458 -962.578125 0.0
v 656.114807 -950.546387 -190.0
v 656.114807 -950.546387 0.0
v 673.67041 -938.186096 0.0
v 673.67041 -938.186096 -190.0
v 690.993225 -925.501648 -190.0
v 690.993225 -925.501648 0.0
v 708.077271 -912.497437 -190.0
v 708.077271 -912.497437 0.0
v 724.916687 -899.177856 -190.0
v 724.916687 -899.177856 0.0
v 741.505554 -885.547607 -190.0
v 741.505554 -885.547607 0.0
v 757.838196 -871.611328 -190.0
v 757.838196 -871.611328 0.0
v 773.908997 -857.37384 -190.0
v 773.908997 -857.37384 0.0
v 789.712341 -842.840088 -190.0
v 789.712341 -842.840088 0.0
v 805.242798 -828.015137 -190.0
v 805.242798 -828.015137 0.0
v 820.494995 -812.903992 -190.0
v 820.494995 -812.903992 0.0
v 835.463684 -797.512024 0.0
v 835.463684 -797.512024 -190.0
v 850.143677 -781.844421 -190.0
v 850.143677 -781.844421 0.0
v 864.529907 -765.906677 -190.0
v 864.529907 -765.906677 0.0
v 878.617371 -749.704285 -190.0
v 878.617371 -749.704285 0.0
v 892.401245 -733.242798 -190.0
v 892.401245 -733.242798 0.0
v 905.87677 -716.527954 -190.0
v 905.87677 -716.527954 0.0
v 919.039246 -699.565491 -190.0
v 919.039246 -699.565491 0.0
v 931.884155 -682.361267 -190.0
v 931.884155 -682.361267 0.0
v 944.407043 -664.921326 0.0
v 944.407043 -664.921326 -190.0
v 956.603577 -647.251587 -190.0
v 956.603577 -647.251587 0.0
v 968.469543 -629.358154 -190.0
v 968.469543 -629.358154 0.0
v 980.000916 -611.247314 -190.0
v 980.000916 -611.247314 0.0
v 991.193604 -592.925171 -190.0
v 991.193604 -592.925171 0.0
v 1002.043762 -574.398193 0.0
v 1002.043762 -574.398193 -190.0
v 1012.547668 -555.672729 -190.0
v 1012.547668 -555.672729 0.0
v 1022.701721 -536.755249 -190.0
v 1022.701721 -536.755249 0.0
v 1032.502319 -517.652283 0.0
v 1032.502319 -517.652283 -190.0
v 1041.946167 -498.370483 -190.0
v 1041.946167 -498.370483 0.0
v 1051.030029 -478.916412 -190.0
v 1051.030029 -478.916412 0.0
v 1059.75061 -459.296875 -190.0
v 1059.75061 -459.296875 0.0
v 1068.10498 -439.518646 -190.0
v 1068.10498 -439.518646 0.0
v 1076.090332 -419.588501 -190.0
v 1076.090332 -419.588501 0.0
v 1083.703857 -399.513397 -190.0
v 1083.703857 -399.513397 0.0
v 1090.942871 -379.300232 -190.0
v 1090.942871 -379.300232 0.0
v 1097.804932 -358.955994 0.0
v 1097.804932 -358.955994 -190.0
v 1104.287598 -338.487701 -190.0
v 1104.287598 -338.487701 0.0
v 1110.388672 -317.902466 -190.0
v 1110.388672 -317.902466 0.0
v 1116.106079 -297.207397 -190.0
v 1116.106079 -297.207397 0.0
v 1121.437744 -276.409607 -190.0
v 1121.437744 -276.409607 0.0
v 1126.381958 -255.516281 -190.0
v 1126.381958 -255.516281 0.0
v 1130.937012 -234.534683 -190.0
v 1130.937012 -234.534683 0.0
v 1135.101196 -213.472046 0.0
v 1135.101196 -213.472046 -190.0
v 1138.873169 -192.335632 0.0
v 1138.873169 -192.335632 -190.0
v 1142.251587 -171.132751 -190.0
v 1142.251587 -171.132751 0.0
v 1145.235229 -149.870743 -190.0
v 1145.235229 -149.870743 0.0
v 1147.823242 -128.556961 0.0
v 1147.823242 -128.556961 -190.0
v 1150.014526 -107.198738 -190.0
v 1150.014526 -107.198738 0.0
v 1151.808472 -85.803474 0.0
v 1151.808472 -85.803474 -190.0
v 1153.204346 -64.378563 -190.0
v 1153.204346 -64.378563 0.0
v 1154.201782 -42.931404 -190.0
v 1154.201782 -42.931404 0.0
v 1154.800415 -21.469412 0.0
v 1154.800415 -21.469412 -190.0
v 1155.0 0.0 -190.0
v 1155.0 0.0 0.0
v 1154.800415 21.469412 -190.0
v 1154.800415 21.469412 0.0
v 1154.201782 42.931404 -190.0
v 1154.201782 42.931404 0.0
v 1153.204346 64.378563 -190.0
v 1153.204346 64.378563 0.0
v 1151.808472 85.803474 -190.0
v 1151.808472 85.803474 0.0
v 1150.014526 107.198738 -190.0
v 1150.014526 107.198738 0.0
v 1147.823242 128.556961 -190.0
v 1147.823242 128.556961 0.0
v 1145.235229 149.870743 -190.0
v 1145.235229 149.870743 0.0
v 1142.251587 171.132751 -190.0
v 1142.251587 171.132751 0.0
v 1138.873169 192.335632 -190.0
v 1138.873169 192.335632 0.0
v 1135.101196 213.472046 -190.0
v 1135.101196 213.472046 0.0
v 1130.937012 234.534683 -190.0
v 1130.937012 234.534683 0.0
v 1126.381958 255.516281 -190.0
v 1126.381958 255.516281 0.0
v 1121.437744 276.409607 -190.0
v 1121.437744 276.409607 0.0
v 1116.106079 297.207397 -190.0
v 1116.106079 297.207397 0.0
v 1110.388672 317.902466 -190.0
v 1110.388672 317.902466 0.0
v 1104.287598 338.487701 -190.0
v 1104.287598 338.487701 0.0
v 1097.804932 358.955994 -190.0
v 1097.804932 358.955994 0.0
v 1090.942871 379.300232 -190.0
v 1090.942871 379.300232 0.0
v 1083.703857 399.513397 -190.0
v 1083.703857 399.513397 0.0
v 1076.090332 419.588501 -190.0
v 1076.090332 419.588501 0.0
v 1068.10498 439.518646 -190.0
v 1068.10498 439.518646 0.0
v 1059.75061 459.296875 -190.0
v 1059.75061 459.296875 0.0
v 1051.030029 478.916412 -190.0
v 1051.030029 478.916412 0.0
v 1041.946167 498.370483 -190.0
v 1041.946167 498.370483 0.0
v 1032.502319 517.652283 -190.0
v 1032.502319 517.652283 0.0
v 1022.701721 536.755249 -190.0
v 1022.701721 536.755249 0.0
v 1012.547668 555.672729 -190.0
v 1012.547668 555.672729 0.0
v 1002.043762 574.398193 -190.0
v 1002.043762 574.398193 0.0
v 991.193604 592.925171 -190.0
v 991.193604 592.925171 0.0
v 980.000916 611.247314 -190.0
v 980.000916 611.247314 0.0
v 968.469543 629.358154 -190.0
v 968.469543 629.358154 0.0
v 956.603577 647.251587 -190.0
v 956.603577 647.251587 0.0
v 944.407043 664.921326 -190.0
v 944.407043 664.921326 0.0
v 931.884155 682.361267 -190.0
v 931.884155 682.361267 0.0
v 919.039246 699.565491 -190.0
v 919.039246 699.565491 0.0
v 905.87677 716.527954 -190.0
v 905.87677 716.527954 0.0
v 892.401245 733.242798 -190.0
v 892.401245 733.242798 0.0
v 878.617371 749.704285 -190.0
v 878.617371 749.704285 0.0
v 864.529907 765.906677 -190.0
v 864.529907 765.906677 0.0
v 850.143677 781.844421 -190.0
v 850.143677 781.844421 0.0
v 835.463684 797.512024 -190.0
v 835.463684 797.512024 0.0
v 820.494995 812.903992 -190.0
v 820.494995 812.903992 0.0
v 805.242798 828.015137 -190.0
v 805.242798 828.015137 0.0
v 789.712341 842.840088 -190.0
v 789.712341 842.840088 0.0
v 773.908997 857.37384 -190.0
v 773.908997 857.37384 0.0
v 757.838196 871.611328 -190.0
v 757.838196 871.611328 0.0
v 741.505554 885.547607 -190.0
v 741.505554 885.547607 0.0
v 724.916687 899.177856 -190.0
v 724.916687 899.177856 0.0
v 708.077271 912.497437 -190.0
v 708.077271 912.497437 0.0
v 690.993225 925.501648 -190.0
v 690.993225 925.501648 0.0
v 673.67041 938.186096 -190.0
v 673.67041 938.186096 0.0
v 656.114807 950.546387 -190.0
v 656.114807 950.546387 0.0
v 638.332458 962.578125 -190.0
v 638.332458 962.578125 0.0
v 620.329529 974.277283 -190.0
v 620.329529 974.277283 0.0
v 602.112244 985.639832 -190.0
v 602.112244 985.639832 0.0
v 583.68689 996.661743 -190.0
v 583.68689 996.661743 0.0
v 565.059875 1007.339233 -190.0
v 565.059875 1007.339233 0.0
v 546.23761 1017.66864 -190.0
v 546.23761 1017.66864 0.0
v 527.226562 1027.646362 -190.0
v 527.226562 1027.646362 0.0
v 508.033325 1037.269043 -190.0
v 508.033325 1037.269043 0.0
v 488.664551 1046.533325 -190.0
v 488.664551 1046.533325 0.0
v 469.126923 1055.435913 -190.0
v 469.126923 1055.435913 0.0
v 449.427185 1063.973755 -190.0
v 449.427185 1063.973755 0.0
v 429.572144 1072.144043 -190.0
v 429.572144 1072.144043 0.0
v 409.568634 1079.943726 -190.0
v 409.568634 1079.943726 0.0
v 389.423645 1087.370361 -190.0
v 389.423645 1087.370361 0.0
v 369.144043 1094.421143 -190.0
v 369.144043 1094.421143 0.0
v 348.736908 1101.09375 -190.0
v 348.736908 1101.09375 0.0
v 328.209259 1107.385986 -190.0
v 328.209259 1107.385986 0.0
v 307.568207 1113.29541 -190.0
v 307.568207 1113.29541 0.0
v 286.820892 1118.820312 -190.0
v 286.820892 1118.820312 0.0
v 265.974426 1123.958496 -190.0
v 265.974426 1123.958496 0.0
v 245.036072 1128.708252 -190.0
v 245.036072 1128.708252 0.0
v 224.013046 1133.067993 -190.0
v 224.013046 1133.067993 0.0
v 202.912598 1137.036255 -190.0
v 202.912598 1137.036255 0.0
v 181.74205 1140.611572 -190.0
v 181.74205 1140.611572 0.0
v 160.508682 1143.792847 -190.0
v 160.508682 1143.792847 0.0
v 139.219864 1146.578735 -190.0
v 139.219864 1146.578735 0.0
v 117.882935 1148.968506 -190.0
v 117.882935 1148.968506 0.0
v 96.505272 1150.961182 -190.0
v 96.505272 1150.961182 0.0
v 75.094261 1152.556274 -190.0
v 75.094261 1152.556274 0.0
v 53.657299 1153.75293 -190.0
v 53.657299 1153.75293 0.0
v 32.201797 1154.551025 -190.0
v 32.201797 1154.551025 0.0
v 10.735169 1154.950073 -190.0
v 10.735169 1154.950073 0.0
v -10.735169 1154.950073 0.0
v -10.735169 1154.950073 -190.0
v -32.201797 1154.551025 -190.0
v -32.201797 1154.551025 0.0
v -53.657299 1153.75293 -190.0
v -53.657299 1153.75293 0.0
v -75.094261 1152.556274 0.0
v -75.094261 1152.556274 -190.0
v -96.505272 1150.961182 0.0
v -96.505272 1150.961182 -190.0
v -117.882935 1148.968506 -190.0
v -117.882935 1148.968506 0.0
v -139.219864 1146.578735 0.0
v -139.219864 1146.578735 -190.0
v -160.508682 1143.792847 -190.0
v -160.508682 1143.792847 0.0
v -181.74205 1140.611572 -190.0
v -181.74205 1140.611572 0.0
v -202.912598 1137.036255 0.0
v -202.912598 1137.036255 -190.0
v -224.013046 1133.067993 0.0
v -224.013046 1133.067993 -190.0
v -245.036072 1128.708252 -190.0
v -245.036072 1128.708252 0.0
v -265.974426 1123.958496 0.0
v -265.974426 1123.958496 -190.0
v -286.820892 1118.820312 -190.0
v -286.820892 1118.820312 0.0
v -307.568207 1113.29541 -190.0
v -307.568207 1113.29541 0.0
v -328.209259 1107.385986 -190.0
v -328.209259 1107.385986 0.0
v -348.736908 1101.09375 0.0
v -348.736908 1101.09375 -190.0
v -369.144043 1094.421143 0.0
v -369.144043 1094.421143 -190.0
v -389.423645 1087.370361 0.0
v -389.423645 1087.370361 -190.0
v -409.568634 1079.943726 0.0
v -409.568634 1079.943726 -190.0
v -429.572144 1072.144043 -190.0
v -429.572144 1072.144043 0.0
v -449.427185 1063.973755 0.0
v -449.427185 1063.973755 -190.0
v -469.126923 1055.435913 0.0
v -469.126923 1055.435913 -190.0
v -488.664551 1046.533325 0.0
v -488.664551 1046.533325 -190.0
v -508.033325 1037.269043 0.0
v -508.033325 1037.269043 -190.0
v -527.226562 1027.646362 0.0
v -527.226562 1027.646362 -190.0
v -546.23761 1017.66864 0.0
v -546.23761 1017.66864 -190.0
v -565.059875 1007.339233 -190.0
v -565.059875 1007.339233 0.0
v -583.68689 996.661743 -190.0
v -583.68689 996.661743 0.0
v -602.112244 985.639832 0.0
v -602.112244 985.639832 -190.0
v -620.329529 974.277283 0.0
v -620.329529 974.277283 -190.0
v -638.332458 962.578125 0.0
v -638.332458 962.578125 -190.0
v -656.114807 950.546387 0.0
v -656.114807 950.546387 -190.0
v -673.67041 938.186096 0.0
v -673.67041 938.186096 -190.0
v -690.993225 925.501648 0.0
v -690.993225 925.501648 -190.0
v -708.077271 912.497437 0.0
v -708.077271 912.497437 -190.0
v -724.916687 899.177856 0.0
v -724.916687 899.177856 -190.0
v -741.505554 885.547607 0.0
v -741.505554 885.547607 -190.0
v -757.838196 871.611328 0.0
v -757.838196 871.611328 -190.0
v -773.908997 857.37384 0.0
v -773.908997 857.37384 -190.0
v -789.712341 842.840088 0.0
v -789.712341 842.840088 -190.0
v -805.242798 828.015137 -190.0
v -805.242798 828.015137 0.0
v -820.494995 812.903992 0.0
v -820.494995 812.903992 -190.0
v -835.463684 797.512024 0.0
v -835.463684 797.512024 -190.0
v -850.143677 781.844421 0.0
v -850.143677 781.844421 -190.0
v -864.529907 765.906677 0.0
v -864.529907 765.906677 -190.0
v -878.617371 749.704285 0.0
v -878.617371 749.704285 -190.0
v -892.401245 733.242798 0.0
v -892.401245 733.242798 -190.0
v -905.87677 716.527954 -190.0
v -905.87677 716.527954 0.0
v -919.039246 699.565491 0.0
v -919.039246 699.565491 -190.0
v -931.884155 682.361267 0.0
v -931.884155 682.361267 -190.0
v -944.407043 664.921326 0.0
v -944.407043 664.921326 -190.0
v -956.603577 647.251587 0.0
v -956.603577 647.251587 -190.0
v -968.469543 629.358154 0.0
v -968.469543 629.358154 -190.0
v -980.000916 611.247314 -190.0
v -980.000916 611.247314 0.0
v -991.193604 592.925171 0.0
v -991.193604 592.925171 -190.0
v -1002.043762 574.398193 0.0
v -1002.043762 574.398193 -190.0
v -1012.547668 555.672729 0.0
v -1012.547668 555.672729 -190.0
v -1022.701721 536.755249 0.0
v -1022.701721 536.755249 -190.0
v -1032.502319 517.652283 -190.0
v -1032.502319 517.652283 0.0
v -1041.946167 498.370483 -190.0
v -1041.946167 498.370483 0.0
v -1051.030029 478.916412 0.0
v -1051.030029 478.916412 -190.0
v -1059.75061 459.296875 0.0
v -1059.75061 459.296875 -190.0
v -1068.10498 439.518646 0.0
v -1068.10498 439.518646 -190.0
v -1076.090332 419.588501 0.0
v -1076.090332 419.588501 -190.0
v -1083.703857 399.513397 0.0
v -1083.703857 399.513397 -190.0
v -1090.942871 379.300232 0.0
v -1090.942871 379.300232 -190.0
v -1097.804932 358.955994 0.0
v -1097.804932 358.955994 -190.0
v -1104.287598 338.487701 0.0
v -1104.287598 338.487701 -190.0
v -1110.388672 317.902466 0.0
v -1110.388672 317.902466 -190.0
v -1116.106079 297.207397 -190.0
v -1116.106079 297.207397 0.0
v -1121.437744 276.409607 0.0
v -1121.437744 276.409607 -190.0
v -1126.381958 255.516281 -190.0
v -1126.381958 255.516281 0.0
v -1130.937012 234.534683 0.0
v -1130.937012 234.534683 -190.0
v -1135.101196 213.472046 0.0
v -1135.101196 213.472046 -190.0
v -1138.873169 192.335632 0.0
v -1138.873169 192.335632 -190.0
v -1142.251587 171.132751 0.0
v -1142.251587 171.132751 -190.0
v -1145.235229 149.870743 0.0
v -1145.235229 149.870743 -190.0
v -1147.823242 128.556961 0.0
v -1147.823242 128.556961 -190.0
v -1150.014526 107.198738 0.0
v -1150.014526 107.198738 -190.0
v -1151.808472 85.803474 0.0
v -1151.808472 85.803474 -190.0
v -1153.204346 64.378563 0.0
v -1153.204346 64.378563 -190.0
v -1154.201782 42.931404 0.0
v -1154.201782 42.931404 -190.0
v -1154.800415 21.469412 -190.0
v -1154.800415 21.469412 0.0
vn -0.999965 0.008309 0.0
vn -0.999689 0.024932 0.0
vn -0.999965 0.008309 0.0
vn -0.999137 0.041544 0.0
vn -0.999689 0.024932 0.0
vn -0.998308 0.058147 0.0
vn -0.999137 0.041544 0.0
vn -0.997204 0.074729 0.0
vn -0.998308 0.058147 0.0
vn -0.997204 0.074729 0.0
vn -0.995824 0.091296 0.0
vn -0.995824 0.091296 0.0
vn -0.994169 0.107833 0.0
vn -0.994169 0.107833 0.0
vn -0.992239 0.124344 0.0
vn -0.992239 0.124344 0.0
vn -0.990035 0.140819 0.0
vn -0.990035 0.140819 0.0
vn -0.987558 0.157254 0.0
vn -0.987558 0.157254 0.0
vn -0.984808 0.173648 0.0
vn -0.984808 0.173648 0.0
vn -0.981786 0.189992 0.0
vn -0.981786 0.189992 0.0
vn -0.978491 0.206289 0.0
vn -0.978491 0.206289 0.0
vn -0.974928 0.222521 0.0
vn -0.974928 0.222521 0.0
vn -0.971095 0.238692 0.0
vn -0.971095 0.238692 0.0
vn -0.966993 0.254802 0.0
vn -0.966993 0.254802 0.0
vn -0.962624 0.270841 0.0
vn -0.962624 0.270841 0.0
vn -0.957989 0.286803 0.0
vn -0.957989 0.286803 0.0
vn -0.953089 0.30269 0.0
vn -0.953089 0.30269 0.0
vn -0.947928 0.318485 0.0
vn -0.947928 0.318485 0.0
vn -0.942503 0.334198 0.0
vn -0.942503 0.334198 0.0
vn -0.936817 0.34982 0.0
vn -0.930875 0.365337 0.0
vn -0.936817 0.34982 0.0
vn -0.924672 0.380766 0.0
vn -0.930875 0.365337 0.0
vn -0.918217 0.396078 0.0
vn -0.924672 0.380766 0.0
vn -0.911505 0.411289 0.0
vn -0.918217 0.396078 0.0
vn -0.904545 0.426378 0.0
vn -0.911505 0.411289 0.0
vn -0.89733 0.441359 0.0
vn -0.904545 0.426378 0.0
vn -0.889872 0.456211 0.0
vn -0.89733 0.441359 0.0
vn -0.882168 0.470936 0.0
vn -0.889872 0.456211 0.0
vn -0.882168 0.470936 0.0
vn -0.874215 0.48554 0.0
vn -0.874215 0.48554 0.0
vn -0.866026 0.499999 0.0
vn -0.866026 0.499999 0.0
vn -0.857596 0.514324 0.0
vn -0.857596 0.514324 0.0
vn -0.848926 0.528512 0.0
vn -0.848926 0.528512 0.0
vn -0.840027 0.542545 0.0
vn -0.840027 0.542545 0.0
vn -0.830891 0.556435 0.0
vn -0.830891 0.556435 0.0
vn -0.821531 0.570164 0.0
vn -0.821531 0.570164 0.0
vn -0.811938 0.583744 0.0
vn -0.811938 0.583744 0.0
vn -0.802122 0.597161 0.0
vn -0.802122 0.597161 0.0
vn -0.792087 0.610409 0.0
vn -0.792087 0.610409 0.0
vn -0.781831 0.62349 0.0
vn -0.781831 0.62349 0.0
vn -0.771362 0.636396 0.0
vn -0.760675 0.649133 0.0
vn -0.771362 0.636396 0.0
vn -0.74978 0.661687 0.0
vn -0.760675 0.649133 0.0
vn -0.738681 0.674056 0.0
vn -0.74978 0.661687 0.0
vn -0.727373 0.686242 0.0
vn -0.738681 0.674056 0.0
vn -0.715867 0.698236 0.0
vn -0.727373 0.686242 0.0
vn -0.704161 0.71004 0.0
vn -0.715867 0.698236 0.0
vn -0.692263 0.721646 0.0
vn -0.704161 0.71004 0.0
vn -0.680174 0.733051 0.0
vn -0.692263 0.721646 0.0
vn -0.667894 0.744256 0.0
vn -0.680174 0.733051 0.0
vn -0.655431 0.755255 0.0
vn -0.667894 0.744256 0.0
vn -0.655431 0.755255 0.0
vn -0.629966 0.776623 0.0
vn -0.642788 0.766044 0.0
vn -0.642788 0.766044 0.0
vn -0.61697 0.786987 0.0
vn -0.629966 0.776623 0.0
vn -0.603806 0.797132 0.0
vn -0.61697 0.786987 0.0
vn -0.603806 0.797132 0.0
vn -0.590472 0.807058 0.0
vn -0.590472 0.807058 0.0
vn -0.576975 0.816762 0.0
vn -0.576975 0.816762 0.0
vn -0.563322 0.826237 0.0
vn -0.563322 0.826237 0.0
vn -0.549508 0.835488 0.0
vn -0.549508 0.835488 0.0
vn -0.535546 0.844506 0.0
vn -0.535546 0.844506 0.0
vn -0.521433 0.853292 0.0
vn -0.521433 0.853292 0.0
vn -0.507181 0.861839 0.0
vn -0.507181 0.861839 0.0
vn -0.478253 0.878222 0.0
vn -0.492787 0.87015 0.0
vn -0.492787 0.87015 0.0
vn -0.46359 0.88605 0.0
vn -0.478253 0.878222 0.0
vn -0.448801 0.893632 0.0
vn -0.46359 0.88605 0.0
vn -0.448801 0.893632 0.0
vn -0.418851 0.908055 0.0
vn -0.43388 0.900971 0.0
vn -0.43388 0.900971 0.0
vn -0.403697 0.914893 0.0
vn -0.418851 0.908055 0.0
vn -0.388435 0.921476 0.0
vn -0.403697 0.914893 0.0
vn -0.373066 0.927805 0.0
vn -0.388435 0.921476 0.0
vn -0.357591 0.933878 0.0
vn -0.373066 0.927805 0.0
vn -0.34202 0.939693 0.0
vn -0.357591 0.933878 0.0
vn -0.34202 0.939693 0.0
vn -0.310597 0.950542 0.0
vn -0.326357 0.945247 0.0
vn -0.326357 0.945247 0.0
vn -0.294752 0.955574 0.0
vn -0.310597 0.950542 0.0
vn -0.294752 0.955574 0.0
vn -0.262827 0.964843 0.0
vn -0.278835 0.960339 0.0
vn -0.278835 0.960339 0.0
vn -0.246757 0.969077 0.0
vn -0.262827 0.964843 0.0
vn -0.230617 0.973045 0.0
vn -0.246757 0.969077 0.0
vn -0.230617 0.973045 0.0
vn -0.214411 0.976744 0.0
vn -0.198148 0.980172 0.0
vn -0.214411 0.976744 0.0
vn -0.181825 0.983331 0.0
vn -0.198148 0.980172 0.0
vn -0.165456 0.986217 0.0
vn -0.181825 0.983331 0.0
vn -0.165456 0.986217 0.0
vn -0.132581 0.991172 0.0
vn -0.149047 0.98883 0.0
vn -0.149047 0.98883 0.0
vn -0.116096 0.993238 0.0
vn -0.132581 0.991172 0.0
vn -0.116096 0.993238 0.0
vn -0.099569 0.995031 0.0
vn -0.099569 0.995031 0.0
vn -0.083013 0.996548 0.0
vn -0.06644 0.99779 0.0
vn -0.083013 0.996548 0.0
vn -0.06644 0.99779 0.0
vn -0.049848 0.998757 0.0
vn -0.033235 0.999448 0.0
vn -0.049848 0.998757 0.0
vn -0.033235 0.999448 0.0
vn -0.016623 0.999862 0.0
vn -0.016623 0.999862 0.0
vn 0.0 1.0 0.0
vn 0.0 1.0 -0.0
vn 0.016623 0.999862 0.0
vn 0.033235 0.999448 -0.0
vn 0.016623 0.999862 -0.0
vn 0.033235 0.999448 -0.0
vn 0.049848 0.998757 -0.0
vn 0.049848 0.998757 -0.0
vn 0.06644 0.99779 0.0
vn 0.083013 0.996548 -0.0
vn 0.06644 0.99779 -0.0
vn 0.083013 0.996548 -0.0
vn 0.099569 0.995031 -0.0
vn 0.099569 0.995031 -0.0
vn 0.116096 0.993238 -0.0
vn 0.116096 0.993238 -0.0
vn 0.149047 0.98883 -0.0
vn 0.132581 0.991172 -0.0
vn 0.132581 0.991172 0.0
vn 0.149047 0.98883 -0.0
vn 0.181825 0.983331 -0.0
vn 0.165456 0.986217 -0.0
vn 0.165456 0.986217 0.0
vn 0.181825 0.983331 -0.0
vn 0.198148 0.980172 -0.0
vn 0.198148 0.980172 -0.0
vn 0.214411 0.976744 0.0
vn 0.230617 0.973045 -0.0
vn 0.214411 0.976744 -0.0
vn 0.230617 0.973045 -0.0
vn 0.246757 0.969077 -0.0
vn 0.246757 0.969077 -0.0
vn 0.262827 0.964843 0.0
vn 0.262827 0.964843 -0.0
vn 0.278835 0.960339 0.0
vn 0.294752 0.955574 -0.0
vn 0.278835 0.960339 -0.0
vn 0.294752 0.955574 -0.0
vn 0.310597 0.950542 0.0
vn 0.310597 0.950542 -0.0
vn 0.326357 0.945247 0.0
vn 0.34202 0.939693 -0.0
vn 0.326357 0.945247 -0.0
vn 0.34202 0.939693 -0.0
vn 0.357591 0.933878 0.0
vn 0.373066 0.927805 -0.0
vn 0.357591 0.933878 -0.0
vn 0.373066 0.927805 -0.0
vn 0.388435 0.921476 -0.0
vn 0.388435 0.921476 -0.0
vn 0.403697 0.914893 0.0
vn 0.418851 0.908055 -0.0
vn 0.403697 0.914893 -0.0
vn 0.418851 0.908055 -0.0
vn 0.43388 0.900971 -0.0
vn 0.43388 0.900971 -0.0
vn 0.448801 0.893632 -0.0
vn 0.448801 0.893632 0.0
vn 0.478253 0.878222 -0.0
vn 0.46359 0.88605 -0.0
vn 0.46359 0.88605 0.0
vn 0.478253 0.878222 -0.0
vn 0.507181 0.861839 -0.0
vn 0.492787 0.87015 -0.0
vn 0.492787 0.87015 0.0
vn 0.521433 0.853292 -0.0
vn 0.507181 0.861839 -0.0
vn 0.521433 0.853292 -0.0
vn 0.535546 0.844506 -0.0
vn 0.535546 0.844506 0.0
vn 0.563322 0.826237 -0.0
vn 0.549508 0.835488 -0.0
vn 0.549508 0.835488 0.0
vn 0.563322 0.826237 -0.0
vn 0.576975 0.816762 0.0
vn 0.576975 0.816762 -0.0
vn 0.590472 0.807058 0.0
vn 0.603806 0.797132 -0.0
vn 0.590472 0.807058 -0.0
vn 0.603806 0.797132 -0.0
vn 0.61697 0.786987 0.0
vn 0.61697 0.786987 -0.0
vn 0.629966 0.776623 0.0
vn 0.642788 0.766044 -0.0
vn 0.629966 0.776623 -0.0
vn 0.642788 0.766044 -0.0
vn 0.655431 0.755255 0.0
vn 0.655431 0.755255 -0.0
vn 0.667894 0.744256 0.0
vn 0.680174 0.733051 -0.0
vn 0.667894 0.744256 -0.0
vn 0.680174 0.733051 -0.0
vn 0.692263 0.721646 -0.0
vn 0.692263 0.721646 -0.0
vn 0.704161 0.71004 0.0
vn 0.704161 0.71004 -0.0
vn 0.715867 0.698236 0.0
vn 0.715867 0.698236 -0.0
vn 0.727373 0.686242 -0.0
vn 0.727373 0.686242 0.0
vn 0.74978 0.661687 -0.0
vn 0.738681 0.674056 -0.0
vn 0.738681 0.674056 0.0
vn 0.760675 0.649133 -0.0
vn 0.74978 0.661687 -0.0
vn 0.760675 0.649133 -0.0
vn 0.781831 0.62349 -0.0
vn 0.771362 0.636396 -0.0
vn 0.771362 0.636396 0.0
vn 0.781831 0.62349 -0.0
vn 0.792087 0.610409 -0.0
vn 0.792087 0.610409 0.0
vn 0.811938 0.583744 -0.0
vn 0.802122 0.597161 -0.0
vn 0.802122 0.597161 0.0
vn 0.821531 0.570164 -0.0
vn 0.811938 0.583744 -0.0
vn 0.821531 0.570164 -0.0
vn 0.840027 0.542545 -0.0
vn 0.830891 0.556435 -0.0
vn 0.830891 0.556435 0.0
vn 0.848926 0.528512 -0.0
vn 0.840027 0.542545 -0.0
vn 0.848926 0.528512 -0.0
vn 0.857596 0.514324 0.0
vn 0.857596 0.514324 -0.0
vn 0.866026 0.499999 0.0
vn 0.874215 0.48554 -0.0
vn 0.866026 0.499999 -0.0
vn 0.874215 0.48554 -0.0
vn 0.882168 0.470936 0.0
vn 0.889872 0.456211 -0.0
vn 0.882168 0.470936 -0.0
vn 0.889872 0.456211 -0.0
vn 0.89733 0.441359 -0.0
vn 0.89733 0.441359 -0.0
vn 0.904545 0.426378 0.0
vn 0.911505 0.411289 -0.0
vn 0.904545 0.426378 -0.0
vn 0.911505 0.411289 -0.0
vn 0.924672 0.380766 -0.0
vn 0.918217 0.396078 -0.0
vn 0.918217 0.396078 0.0
vn 0.924672 0.380766 -0.0
vn 0.936817 0.34982 -0.0
vn 0.930875 0.365337 -0.0
vn 0.930875 0.365337 0.0
vn 0.936817 0.34982 -0.0
vn 0.947928 0.318485 -0.0
vn 0.942503 0.334198 -0.0
vn 0.942503 0.334198 0.0
vn 0.947928 0.318485 -0.0
vn 0.953089 0.30269 -0.0
vn 0.953089 0.30269 0.0
vn 0.957989 0.286803 -0.0
vn 0.957989 0.286803 0.0
vn 0.966993 0.254802 -0.0
vn 0.962624 0.270841 -0.0
vn 0.962624 0.270841 0.0
vn 0.966993 0.254802 -0.0
vn 0.971095 0.238692 -0.0
vn 0.971095 0.238692 0.0
vn 0.978491 0.206289 -0.0
vn 0.974928 0.222521 -0.0
vn 0.974928 0.222521 0.0
vn 0.981786 0.189992 -0.0
vn 0.978491 0.206289 -0.0
vn 0.984808 0.173648 -0.0
vn 0.981786 0.189992 -0.0
vn 0.984808 0.173648 -0.0
vn 0.990035 0.140819 -0.0
vn 0.987558 0.157254 -0.0
vn 0.987558 0.157254 0.0
vn 0.990035 0.140819 -0.0
vn 0.992239 0.124344 0.0
vn 0.994169 0.107833 -0.0
vn 0.992239 0.124344 -0.0
vn 0.994169 0.107833 -0.0
vn 0.997204 0.074729 -0.0
vn 0.995824 0.091296 -0.0
vn 0.995824 0.091296 0.0
vn 0.998308 0.058147 -0.0
vn 0.997204 0.074729 -0.0
vn 0.999137 0.041544 -0.0
vn 0.998308 0.058147 -0.0
vn 0.999137 0.041544 -0.0
vn 0.999965 0.008309 -0.0
vn 0.999689 0.024932 -0.0
vn 0.999689 0.024932 0.0
vn 0.999965 0.008309 0.0
vn 0.999965 -0.008309 -0.0
vn 0.999689 -0.024932 0.0
vn 0.999965 -0.008309 0.0
vn 0.999137 -0.041544 0.0
vn 0.999689 -0.024932 0.0
vn 0.998308 -0.058147 0.0
vn 0.999137 -0.041544 0.0
vn 0.997204 -0.074729 0.0
vn 0.998308 -0.058147 0.0
vn 0.997204 -0.074729 0.0
vn 0.995824 -0.091296 0.0
vn 0.995824 -0.091296 0.0
vn 0.994169 -0.107833 0.0
vn 0.994169 -0.107833 0.0
vn 0.992239 -0.124344 0.0
vn 0.992239 -0.124344 0.0
vn 0.990035 -0.140819 0.0
vn 0.990035 -0.140819 0.0
vn 0.987558 -0.157254 0.0
vn 0.987558 -0.157254 0.0
vn 0.984808 -0.173648 0.0
vn 0.984808 -0.173648 0.0
vn 0.981786 -0.189992 0.0
vn 0.981786 -0.189992 0.0
vn 0.978491 -0.206289 0.0
vn 0.978491 -0.206289 0.0
vn 0.974928 -0.222521 0.0
vn 0.974928 -0.222521 0.0
vn 0.971095 -0.238692 0.0
vn 0.971095 -0.238692 0.0
vn 0.966993 -0.254802 0.0
vn 0.966993 -0.254802 0.0
vn 0.962624 -0.270841 0.0
vn 0.962624 -0.270841 0.0
vn 0.957989 -0.286803 0.0
vn 0.957989 -0.286803 0.0
vn 0.953089 -0.30269 0.0
vn 0.953089 -0.30269 0.0
vn 0.947928 -0.318485 0.0
vn 0.947928 -0.318485 0.0
vn 0.942503 -0.334198 0.0
vn 0.942503 -0.334198 0.0
vn 0.936817 -0.34982 0.0
vn 0.930875 -0.365337 0.0
vn 0.936817 -0.34982 0.0
vn 0.924672 -0.380766 0.0
vn 0.930875 -0.365337 0.0
vn 0.918217 -0.396078 0.0
vn 0.924672 -0.380766 0.0
vn 0.911505 -0.411289 0.0
vn 0.918217 -0.396078 0.0
vn 0.904545 -0.426378 0.0
vn 0.911505 -0.411289 0.0
vn 0.89733 -0.441359 0.0
vn 0.904545 -0.426378 0.0
vn 0.889872 -0.456211 0.0
vn 0.89733 -0.441359 0.0
vn 0.882168 -0.470936 0.0
vn 0.889872 -0.456211 0.0
vn 0.882168 -0.470936 0.0
vn 0.874215 -0.48554 0.0
vn 0.874215 -0.48554 0.0
vn 0.866026 -0.499999 0.0
vn 0.866026 -0.499999 0.0
vn 0.857596 -0.514324 0.0
vn 0.857596 -0.514324 0.0
vn 0.848926 -0.528512 0.0
vn 0.848926 -0.528512 0.0
vn 0.840027 -0.542545 0.0
vn 0.840027 -0.542545 0.0
vn 0.830891 -0.556435 0.0
vn 0.830891 -0.556435 0.0
vn 0.821531 -0.570164 0.0
vn 0.821531 -0.570164 0.0
vn 0.811938 -0.583744 0.0
vn 0.811938 -0.583744 0.0
vn 0.802122 -0.597161 0.0
vn 0.802122 -0.597161 0.0
vn 0.792087 -0.610409 0.0
vn 0.792087 -0.610409 0.0
vn 0.781831 -0.62349 0.0
vn 0.781831 -0.62349 0.0
vn 0.771362 -0.636396 0.0
vn 0.760675 -0.649133 0.0
vn 0.771362 -0.636396 0.0
vn 0.74978 -0.661687 0.0
vn 0.760675 -0.649133 0.0
vn 0.738681 -0.674056 0.0
vn 0.74978 -0.661687 0.0
vn 0.727373 -0.686242 0.0
vn 0.738681 -0.674056 0.0
vn 0.715867 -0.698236 0.0
vn 0.727373 -0.686242 0.0
vn 0.704161 -0.71004 0.0
vn 0.715867 -0.698236 0.0
vn 0.692263 -0.721646 0.0
vn 0.704161 -0.71004 0.0
vn 0.680174 -0.733051 0.0
vn 0.692263 -0.721646 0.0
vn 0.667894 -0.744256 0.0
vn 0.680174 -0.733051 0.0
vn 0.655431 -0.755255 0.0
vn 0.667894 -0.744256 0.0
vn 0.655431 -0.755255 0.0
vn 0.629966 -0.776623 0.0
vn 0.642788 -0.766044 0.0
vn 0.642788 -0.766044 0.0
vn 0.629966 -0.776623 0.0
vn 0.603806 -0.797132 0.0
vn 0.61697 -0.786987 0.0
vn 0.61697 -0.786987 0.0
vn 0.603806 -0.797132 0.0
vn 0.590472 -0.807058 0.0
vn 0.590472 -0.807058 0.0
vn 0.576975 -0.816762 0.0
vn 0.576975 -0.816762 0.0
vn 0.563322 -0.826237 0.0
vn 0.563322 -0.826237 0.0
vn 0.549508 -0.835488 0.0
vn 0.549508 -0.835488 0.0
vn 0.535546 -0.844506 0.0
vn 0.521433 -0.853292 0.0
vn 0.535546 -0.844506 0.0
vn 0.521433 -0.853292 0.0
vn 0.507181 -0.861839 0.0
vn 0.492787 -0.87015 0.0
vn 0.507181 -0.861839 0.0
vn 0.478253 -0.878222 0.0
vn 0.492787 -0.87015 0.0
vn 0.46359 -0.88605 0.0
vn 0.478253 -0.878222 0.0
vn 0.448801 -0.893632 0.0
vn 0.46359 -0.88605 0.0
vn 0.43388 -0.900971 0.0
vn 0.448801 -0.893632 0.0
vn 0.418851 -0.908055 0.0
vn 0.43388 -0.900971 0.0
vn 0.403697 -0.914893 0.0
vn 0.418851 -0.908055 0.0
vn 0.388435 -0.921476 0.0
vn 0.403697 -0.914893 0.0
vn 0.388435 -0.921476 0.0
vn 0.357591 -0.933878 0.0
vn 0.373066 -0.927805 0.0
vn 0.373066 -0.927805 0.0
vn 0.34202 -0.939693 0.0
vn 0.357591 -0.933878 0.0
vn 0.34202 -0.939693 0.0
vn 0.310597 -0.950542 0.0
vn 0.326357 -0.945247 0.0
vn 0.326357 -0.945247 0.0
vn 0.294752 -0.955574 0.0
vn 0.310597 -0.950542 0.0
vn 0.278835 -0.960339 0.0
vn 0.294752 -0.955574 0.0
vn 0.262827 -0.964843 0.0
vn 0.278835 -0.960339 0.0
vn 0.246757 -0.969077 0.0
vn 0.262827 -0.964843 0.0
vn 0.230617 -0.973045 0.0
vn 0.246757 -0.969077 0.0
vn 0.230617 -0.973045 0.0
vn 0.214411 -0.976744 0.0
vn 0.198148 -0.980172 0.0
vn 0.214411 -0.976744 0.0
vn 0.198148 -0.980172 0.0
vn 0.181825 -0.983331 0.0
vn 0.181825 -0.983331 0.0
vn 0.149047 -0.98883 0.0
vn 0.165456 -0.986217 0.0
vn 0.165456 -0.986217 0.0
vn 0.149047 -0.98883 0.0
vn 0.116096 -0.993238 0.0
vn 0.132581 -0.991172 0.0
vn 0.132581 -0.991172 0.0
vn 0.099569 -0.995031 0.0
vn 0.116096 -0.993238 0.0
vn 0.099569 -0.995031 0.0
vn 0.083013 -0.996548 0.0
vn 0.06644 -0.99779 0.0
vn 0.083013 -0.996548 0.0
vn 0.06644 -0.99779 0.0
vn 0.049848 -0.998757 0.0
vn 0.049848 -0.998757 0.0
vn 0.033235 -0.999448 0.0
vn 0.016623 -0.999862 0.0
vn 0.033235 -0.999448 0.0
vn 0.016623 -0.999862 0.0
vn 0.0 -1.0 0.0
vn 0.0 -1.0 0.0
vn -0.016623 -0.999862 0.0
vn -0.033235 -0.999448 0.0
vn -0.016623 -0.999862 0.0
vn -0.033235 -0.999448 0.0
vn -0.049848 -0.998757 0.0
vn -0.049848 -0.998757 0.0
vn -0.06644 -0.99779 0.0
vn -0.083013 -0.996548 0.0
vn -0.06644 -0.99779 0.0
vn -0.083013 -0.996548 0.0
vn -0.099569 -0.995031 0.0
vn -0.099569 -0.995031 0.0
vn -0.116096 -0.993238 0.0
vn -0.132581 -0.991172 0.0
vn -0.116096 -0.993238 0.0
vn -0.132581 -0.991172 0.0
vn -0.165456 -0.986217 0.0
vn -0.149047 -0.98883 0.0
vn -0.149047 -0.98883 0.0
vn -0.165456 -0.986217 0.0
vn -0.181825 -0.983331 0.0
vn -0.198148 -0.980172 0.0
vn -0.181825 -0.983331 0.0
vn -0.198148 -0.980172 0.0
vn -0.214411 -0.976744 0.0
vn -0.230617 -0.973045 0.0
vn -0.214411 -0.976744 0.0
vn -0.230617 -0.973045 0.0
vn -0.246757 -0.969077 0.0
vn -0.246757 -0.969077 0.0
vn -0.262827 -0.964843 0.0
vn -0.278835 -0.960339 0.0
vn -0.262827 -0.964843 0.0
vn -0.278835 -0.960339 0.0
vn -0.294752 -0.955574 0.0
vn -0.294752 -0.955574 0.0
vn -0.310597 -0.950542 0.0
vn -0.310597 -0.950542 0.0
vn -0.326357 -0.945247 0.0
vn -0.34202 -0.939693 0.0
vn -0.326357 -0.945247 0.0
vn -0.34202 -0.939693 0.0
vn -0.357591 -0.933878 0.0
vn -0.373066 -0.927805 0.0
vn -0.357591 -0.933878 0.0
vn -0.373066 -0.927805 0.0
vn -0.388435 -0.921476 0.0
vn -0.388435 -0.921476 0.0
vn -0.403697 -0.914893 0.0
vn -0.418851 -0.908055 0.0
vn -0.403697 -0.914893 0.0
vn -0.418851 -0.908055 0.0
vn -0.43388 -0.900971 0.0
vn -0.43388 -0.900971 0.0
vn -0.448801 -0.893632 0.0
vn -0.448801 -0.893632 0.0
vn -0.478253 -0.878222 0.0
vn -0.46359 -0.88605 0.0
vn -0.46359 -0.88605 0.0
vn -0.478253 -0.878222 0.0
vn -0.492787 -0.87015 0.0
vn -0.492787 -0.87015 0.0
vn -0.521433 -0.853292 0.0
vn -0.507181 -0.861839 0.0
vn -0.507181 -0.861839 0.0
vn -0.521433 -0.853292 0.0
vn -0.549508 -0.835488 0.0
vn -0.535546 -0.844506 0.0
vn -0.535546 -0.844506 0.0
vn -0.563322 -0.826237 0.0
vn -0.549508 -0.835488 0.0
vn -0.563322 -0.826237 0.0
vn -0.576975 -0.816762 0.0
vn -0.576975 -0.816762 0.0
vn -0.590472 -0.807058 0.0
vn -0.590472 -0.807058 0.0
vn -0.603806 -0.797132 0.0
vn -0.603806 -0.797132 0.0
vn -0.61697 -0.786987 0.0
vn -0.61697 -0.786987 0.0
vn -0.629966 -0.776623 0.0
vn -0.629966 -0.776623 0.0
vn -0.642788 -0.766044 0.0
vn -0.655431 -0.755255 0.0
vn -0.642788 -0.766044 0.0
vn -0.655431 -0.755255 0.0
vn -0.667894 -0.744256 0.0
vn -0.680174 -0.733051 0.0
vn -0.667894 -0.744256 0.0
vn -0.680174 -0.733051 0.0
vn -0.692263 -0.721646 0.0
vn -0.692263 -0.721646 0.0
vn -0.704161 -0.71004 0.0
vn -0.715867 -0.698236 0.0
vn -0.704161 -0.71004 0.0
vn -0.727373 -0.686242 0.0
vn -0.715867 -0.698236 0.0
vn -0.727373 -0.686242 0.0
vn -0.738681 -0.674056 0.0
vn -0.738681 -0.674056 0.0
vn -0.760675 -0.649133 0.0
vn -0.74978 -0.661687 0.0
vn -0.74978 -0.661687 0.0
vn -0.760675 -0.649133 0.0
vn -0.771362 -0.636396 0.0
vn -0.771362 -0.636396 0.0
vn -0.792087 -0.610409 0.0
vn -0.781831 -0.62349 0.0
vn -0.781831 -0.62349 0.0
vn -0.802122 -0.597161 0.0
vn -0.792087 -0.610409 0.0
vn -0.802122 -0.597161 0.0
vn -0.821531 -0.570164 0.0
vn -0.811938 -0.583744 0.0
vn -0.811938 -0.583744 0.0
vn -0.821531 -0.570164 0.0
vn -0.830891 -0.556435 0.0
vn -0.830891 -0.556435 0.0
vn -0.840027 -0.542545 0.0
vn -0.840027 -0.542545 0.0
vn -0.857596 -0.514324 0.0
vn -0.848926 -0.528512 0.0
vn -0.848926 -0.528512 0.0
vn -0.857596 -0.514324 0.0
vn -0.866026 -0.499999 0.0
vn -0.874215 -0.48554 0.0
vn -0.866026 -0.499999 0.0
vn -0.882168 -0.470936 0.0
vn -0.874215 -0.48554 0.0
vn -0.882168 -0.470936 0.0
vn -0.889872 -0.456211 0.0
vn -0.89733 -0.441359 0.0
vn -0.889872 -0.456211 0.0
vn -0.89733 -0.441359 0.0
vn -0.904545 -0.426378 0.0
vn -0.911505 -0.411289 0.0
vn -0.904545 -0.426378 0.0
vn -0.911505 -0.411289 0.0
vn -0.918217 -0.396078 0.0
vn -0.918217 -0.396078 0.0
vn -0.924672 -0.380766 0.0
vn -0.924672 -0.380766 0.0
vn -0.930875 -0.365337 0.0
vn -0.930875 -0.365337 0.0
vn -0.942503 -0.334198 0.0
vn -0.936817 -0.34982 0.0
vn -0.936817 -0.34982 0.0
vn -0.942503 -0.334198 0.0
vn -0.947928 -0.318485 0.0
vn -0.947928 -0.318485 0.0
vn -0.953089 -0.30269 0.0
vn -0.953089 -0.30269 0.0
vn -0.962624 -0.270841 0.0
vn -0.957989 -0.286803 0.0
vn -0.957989 -0.286803 0.0
vn -0.966993 -0.254802 0.0
vn -0.962624 -0.270841 0.0
vn -0.971095 -0.238692 0.0
vn -0.966993 -0.254802 0.0
vn -0.974928 -0.222521 0.0
vn -0.971095 -0.238692 0.0
vn -0.974928 -0.222521 0.0
vn -0.978491 -0.206289 0.0
vn -0.978491 -0.206289 0.0
vn -0.981786 -0.189992 0.0
vn -0.981786 -0.189992 0.0
vn -0.984808 -0.173648 0.0
vn -0.984808 -0.173648 0.0
vn -0.987558 -0.157254 0.0
vn -0.987558 -0.157254 0.0
vn -0.990035 -0.140819 0.0
vn -0.990035 -0.140819 0.0
vn -0.992239 -0.124344 0.0
vn -0.992239 -0.124344 0.0
vn -0.994169 -0.107833 0.0
vn -0.994169 -0.107833 0.0
vn -0.995824 -0.091296 0.0
vn -0.997204 -0.074729 0.0
vn -0.995824 -0.091296 0.0
vn -0.998308 -0.058147 0.0
vn -0.997204 -0.074729 0.0
vn -0.999137 -0.041544 0.0
vn -0.998308 -0.058147 0.0
vn -0.999137 -0.041544 0.0
vn -0.999965 -0.008309 0.0
vn -0.999689 -0.024932 0.0
vn -0.999689 -0.024932 0.0
vn -0.999965 -0.008309 0.0
vn 0.999957 0.009296 0.0
vn 0.999957 0.009296 0.0
vn 0.999611 0.027882 0.0
vn 0.999611 0.027882 0.0
vn 0.99892 0.046456 0.0
vn 0.99892 0.046456 0.0
vn 0.997884 0.065014 0.0
vn 0.997884 0.065014 0.0
vn 0.996503 0.083555 0.0
vn 0.996503 0.083555 0.0
vn 0.994778 0.102061 0.0
vn 0.994778 0.102061 0.0
vn 0.992709 0.120539 0.0
vn 0.992709 0.120539 0.0
vn 0.990297 0.138966 0.0
vn 0.990297 0.138966 0.0
vn 0.987542 0.157353 0.0
vn 0.987542 0.157353 0.0
vn 0.984447 0.175683 0.0
vn 0.984447 0.175683 0.0
vn 0.981011 0.193951 0.0
vn 0.981011 0.193951 0.0
vn 0.977236 0.212156 0.0
vn 0.977236 0.212156 0.0
vn 0.973124 0.230281 0.0
vn 0.973124 0.230281 0.0
vn 0.968676 0.248327 0.0
vn 0.968676 0.248327 0.0
vn 0.963892 0.266294 0.0
vn 0.963892 0.266294 0.0
vn 0.958776 0.284163 0.0
vn 0.958776 0.284163 0.0
vn 0.953328 0.301936 0.0
vn 0.953328 0.301936 0.0
vn 0.94755 0.319606 0.0
vn 0.94755 0.319606 0.0
vn 0.941446 0.337163 0.0
vn 0.941446 0.337163 0.0
vn 0.935016 0.354607 0.0
vn 0.935016 0.354607 0.0
vn 0.928263 0.371924 0.0
vn 0.928263 0.371924 0.0
vn 0.92119 0.389113 0.0
vn 0.92119 0.389113 0.0
vn 0.913798 0.406169 0.0
vn 0.913798 0.406169 0.0
vn 0.906089 0.423088 0.0
vn 0.906089 0.423088 0.0
vn 0.898068 0.439856 0.0
vn 0.898068 0.439856 0.0
vn 0.889738 0.456472 0.0
vn 0.889738 0.456472 0.0
vn 0.881098 0.472934 0.0
vn 0.881098 0.472934 0.0
vn 0.872155 0.489229 0.0
vn 0.872155 0.489229 0.0
vn 0.862911 0.505356 0.0
vn 0.862911 0.505356 0.0
vn 0.853368 0.521308 0.0
vn 0.853368 0.521308 0.0
vn 0.843529 0.537084 0.0
vn 0.843529 0.537084 0.0
vn 0.833402 0.552667 0.0
vn 0.833402 0.552667 0.0
vn 0.822984 0.568065 0.0
vn 0.822984 0.568065 0.0
vn 0.812282 0.583265 0.0
vn 0.812282 0.583265 0.0
vn 0.801301 0.598262 0.0
vn 0.801301 0.598262 0.0
vn 0.790041 0.613054 0.0
vn 0.790041 0.613054 0.0
vn 0.778508 0.627634 0.0
vn 0.778508 0.627634 0.0
vn 0.766708 0.641996 0.0
vn 0.766708 0.641996 0.0
vn 0.754642 0.656137 0.0
vn 0.754642 0.656137 0.0
vn 0.742315 0.670052 0.0
vn 0.742315 0.670052 0.0
vn 0.729732 0.683733 0.0
vn 0.729732 0.683733 0.0
vn 0.716895 0.697181 0.0
vn 0.716895 0.697181 0.0
vn 0.703814 0.710384 0.0
vn 0.703814 0.710384 0.0
vn 0.690486 0.723346 0.0
vn 0.690486 0.723346 0.0
vn 0.676922 0.736055 0.0
vn 0.676922 0.736055 0.0
vn 0.663123 0.748511 0.0
vn 0.663123 0.748511 0.0
vn 0.649095 0.760707 0.0
vn 0.649095 0.760707 0.0
vn 0.634842 0.772642 0.0
vn 0.634842 0.772642 0.0
vn 0.62037 0.784309 0.0
vn 0.62037 0.784309 0.0
vn 0.605684 0.795706 0.0
vn 0.605684 0.795706 0.0
vn 0.59079 0.806826 0.0
vn 0.59079 0.806826 0.0
vn 0.575691 0.817667 0.0
vn 0.575691 0.817667 0.0
vn 0.560389 0.828229 0.0
vn 0.560389 0.828229 0.0
vn 0.544898 0.838502 0.0
vn 0.544898 0.838502 0.0
vn 0.52922 0.848485 0.0
vn 0.52922 0.848485 0.0
vn 0.513355 0.858176 0.0
vn 0.497314 0.867571 -0.0
vn 0.513355 0.858176 0.0
vn 0.497314 0.867571 0.0
vn 0.481102 0.876665 0.0
vn 0.481102 0.876665 0.0
vn 0.464722 0.885457 0.0
vn 0.464722 0.885457 0.0
vn 0.448184 0.893941 0.0
vn 0.448184 0.893941 0.0
vn 0.431492 0.902117 0.0
vn 0.431492 0.902117 0.0
vn 0.414646 0.909983 0.0
vn 0.414646 0.909983 0.0
vn 0.397658 0.917534 0.0
vn 0.397658 0.917534 0.0
vn 0.380538 0.924765 0.0
vn 0.380538 0.924765 0.0
vn 0.363277 0.931681 0.0
vn 0.363277 0.931681 0.0
vn 0.345902 0.938271 0.0
vn 0.345902 0.938271 0.0
vn 0.328396 0.94454 -0.0
vn 0.328396 0.94454 0.0
vn 0.310783 0.950481 0.0
vn 0.310783 0.950481 0.0
vn 0.293066 0.956092 0.0
vn 0.293066 0.956092 0.0
vn 0.275237 0.961376 0.0
vn 0.275237 0.961376 0.0
vn 0.257327 0.966324 0.0
vn 0.257327 0.966324 0.0
vn 0.239315 0.970942 -0.0
vn 0.239315 0.970942 0.0
vn 0.221224 0.975223 -0.0
vn 0.221224 0.975223 0.0
vn 0.203059 0.979167 -0.0
vn 0.203059 0.979167 0.0
vn 0.184825 0.982771 0.0
vn 0.184825 0.982771 0.0
vn 0.166524 0.986037 0.0
vn 0.166524 0.986037 0.0
vn 0.148171 0.988962 -0.0
vn 0.148171 0.988962 0.0
vn 0.129755 0.991546 0.0
vn 0.129755 0.991546 0.0
vn 0.111306 0.993786 -0.0
vn 0.111306 0.993786 0.0
vn 0.092811 0.995684 0.0
vn 0.092811 0.995684 0.0
vn 0.074293 0.997236 -0.0
vn 0.074293 0.997236 0.0
vn 0.055735 0.998446 -0.0
vn 0.055735 0.998446 0.0
vn 0.037172 0.999309 -0.0
vn 0.037172 0.999309 0.0
vn 0.018586 0.999827 0.0
vn 0.018586 0.999827 0.0
vn 0.0 1.0 0.0
vn -0.0 1.0 0.0
vn -0.018586 0.999827 0.0
vn -0.018586 0.999827 0.0
vn -0.037172 0.999309 0.0
vn -0.037172 0.999309 0.0
vn -0.055735 0.998446 0.0
vn -0.074293 0.997236 0.0
vn -0.055735 0.998446 0.0
vn -0.092811 0.995684 0.0
vn -0.074293 0.997236 0.0
vn -0.092811 0.995684 0.0
vn -0.111306 0.993786 0.0
vn -0.111306 0.993786 0.0
vn -0.129755 0.991546 0.0
vn -0.129755 0.991546 0.0
vn -0.148171 0.988962 0.0
vn -0.148171 0.988962 0.0
vn -0.166524 0.986037 0.0
vn -0.166524 0.986037 0.0
vn -0.184825 0.982771 0.0
vn -0.184825 0.982771 0.0
vn -0.203059 0.979167 0.0
vn -0.203059 0.979167 0.0
vn -0.221224 0.975223 0.0
vn -0.221224 0.975223 0.0
vn -0.239315 0.970942 0.0
vn -0.239315 0.970942 0.0
vn -0.275237 0.961376 0.0
vn -0.257327 0.966324 0.0
vn -0.257327 0.966324 0.0
vn -0.275237 0.961376 0.0
vn -0.293066 0.956092 0.0
vn -0.310783 0.950481 0.0
vn -0.293066 0.956092 0.0
vn -0.328396 0.94454 0.0
vn -0.310783 0.950481 0.0
vn -0.345902 0.938271 0.0
vn -0.328396 0.94454 0.0
vn -0.363277 0.931681 0.0
vn -0.345902 0.938271 0.0
vn -0.363277 0.931681 0.0
vn -0.380538 0.924765 0.0
vn -0.380538 0.924765 0.0
vn -0.397658 0.917534 0.0
vn -0.397658 0.917534 0.0
vn -0.414646 0.909983 0.0
vn -0.431492 0.902117 0.0
vn -0.414646 0.909983 0.0
vn -0.448184 0.893941 0.0
vn -0.431492 0.902117 0.0
vn -0.448184 0.893941 0.0
vn -0.464722 0.885457 0.0
vn -0.481102 0.876665 0.0
vn -0.464722 0.885457 0.0
vn -0.497314 0.867571 0.0
vn -0.481102 0.876665 0.0
vn -0.513355 0.858176 0.0
vn -0.497314 0.867571 0.0
vn -0.52922 0.848485 0.0
vn -0.513355 0.858176 0.0
vn -0.544898 0.838502 0.0
vn -0.52922 0.848485 0.0
vn -0.560389 0.828229 0.0
vn -0.544898 0.838502 0.0
vn -0.560389 0.828229 0.0
vn -0.575691 0.817667 0.0
vn -0.575691 0.817667 0.0
vn -0.59079 0.806826 0.0
vn -0.59079 0.806826 0.0
vn -0.605684 0.795706 0.0
vn -0.605684 0.795706 0.0
vn -0.62037 0.784309 0.0
vn -0.62037 0.784309 0.0
vn -0.634842 0.772642 0.0
vn -0.649095 0.760707 0.0
vn -0.634842 0.772642 0.0
vn -0.663123 0.748511 0.0
vn -0.649095 0.760707 0.0
vn -0.676922 0.736055 0.0
vn -0.663123 0.748511 0.0
vn -0.690486 0.723346 0.0
vn -0.676922 0.736055 0.0
vn -0.703814 0.710384 0.0
vn -0.690486 0.723346 0.0
vn -0.703814 0.710384 0.0
vn -0.716895 0.697181 0.0
vn -0.729732 0.683733 0.0
vn -0.716895 0.697181 0.0
vn -0.742315 0.670052 0.0
vn -0.729732 0.683733 0.0
vn -0.754642 0.656137 0.0
vn -0.742315 0.670052 0.0
vn -0.766708 0.641996 0.0
vn -0.754642 0.656137 0.0
vn -0.778508 0.627634 0.0
vn -0.766708 0.641996 0.0
vn -0.790041 0.613054 0.0
vn -0.778508 0.627634 0.0
vn -0.801301 0.598262 0.0
vn -0.790041 0.613054 0.0
vn -0.801301 0.598262 0.0
vn -0.812282 0.583265 0.0
vn -0.822984 0.568065 0.0
vn -0.812282 0.583265 0.0
vn -0.833402 0.552667 0.0
vn -0.822984 0.568065 0.0
vn -0.843529 0.537084 0.0
vn -0.833402 0.552667 0.0
vn -0.853368 0.521308 0.0
vn -0.843529 0.537084 0.0
vn -0.853368 0.521308 0.0
vn -0.862911 0.505356 0.0
vn -0.862911 0.505356 0.0
vn -0.872155 0.489229 0.0
vn -0.881098 0.472934 0.0
vn -0.872155 0.489229 0.0
vn -0.881098 0.472934 0.0
vn -0.889738 0.456472 0.0
vn -0.889738 0.456472 0.0
vn -0.898068 0.439856 0.0
vn -0.898068 0.439856 0.0
vn -0.906089 0.423088 0.0
vn -0.906089 0.423088 0.0
vn -0.913798 0.406169 0.0
vn -0.913798 0.406169 0.0
vn -0.92119 0.389113 0.0
vn -0.92119 0.389113 0.0
vn -0.928263 0.371924 0.0
vn -0.928263 0.371924 0.0
vn -0.935016 0.354607 0.0
vn -0.935016 0.354607 0.0
vn -0.941446 0.337163 0.0
vn -0.941446 0.337163 0.0
vn -0.94755 0.319606 0.0
vn -0.94755 0.319606 0.0
vn -0.953328 0.301936 0.0
vn -0.953328 0.301936 0.0
vn -0.958776 0.284163 0.0
vn -0.958776 0.284163 0.0
vn -0.963892 0.266294 0.0
vn -0.968676 0.248327 0.0
vn -0.963892 0.266294 0.0
vn -0.973124 0.230281 0.0
vn -0.968676 0.248327 0.0
vn -0.977236 0.212156 0.0
vn -0.973124 0.230281 0.0
vn -0.977236 0.212156 0.0
vn -0.981011 0.193951 0.0
vn -0.981011 0.193951 0.0
vn -0.984447 0.175683 0.0
vn -0.987542 0.157353 0.0
vn -0.984447 0.175683 0.0
vn -0.990297 0.138966 0.0
vn -0.987542 0.157353 0.0
vn -0.990297 0.138966 0.0
vn -0.992709 0.120539 0.0
vn -0.994778 0.102061 0.0
vn -0.992709 0.120539 0.0
vn -0.994778 0.102061 0.0
vn -0.996503 0.083555 0.0
vn -0.997884 0.065014 0.0
vn -0.996503 0.083555 0.0
vn -0.997884 0.065014 0.0
vn -0.99892 0.046456 0.0
vn -0.99892 0.046456 0.0
vn -0.999611 0.027882 0.0
vn -0.999611 0.027882 0.0
vn -0.999957 0.009296 0.0
vn -0.999957 0.009296 0.0
vn -0.999957 -0.009296 0.0
vn -0.999611 -0.027882 0.0
vn -0.999957 -0.009296 0.0
vn -0.99892 -0.046456 0.0
vn -0.999611 -0.027882 0.0
vn -0.997884 -0.065014 0.0
vn -0.99892 -0.046456 0.0
vn -0.996503 -0.083555 0.0
vn -0.997884 -0.065014 0.0
vn -0.994778 -0.102061 0.0
vn -0.996503 -0.083555 0.0
vn -0.992709 -0.120539 0.0
vn -0.994778 -0.102061 0.0
vn -0.990297 -0.138966 0.0
vn -0.992709 -0.120539 0.0
vn -0.987542 -0.157353 0.0
vn -0.990297 -0.138966 0.0
vn -0.984447 -0.175683 0.0
vn -0.987542 -0.157353 0.0
vn -0.981011 -0.193951 0.0
vn -0.984447 -0.175683 0.0
vn -0.977236 -0.212156 0.0
vn -0.981011 -0.193951 0.0
vn -0.973124 -0.230281 0.0
vn -0.977236 -0.212156 0.0
vn -0.968676 -0.248327 0.0
vn -0.973124 -0.230281 0.0
vn -0.963892 -0.266294 0.0
vn -0.968676 -0.248327 0.0
vn -0.963892 -0.266294 0.0
vn -0.958776 -0.284163 0.0
vn -0.958776 -0.284163 0.0
vn -0.953328 -0.301936 0.0
vn -0.953328 -0.301936 0.0
vn -0.94755 -0.319606 0.0
vn -0.94755 -0.319606 0.0
vn -0.941446 -0.337163 0.0
vn -0.941446 -0.337163 0.0
vn -0.935016 -0.354607 0.0
vn -0.935016 -0.354607 0.0
vn -0.928263 -0.371924 0.0
vn -0.92119 -0.389113 0.0
vn -0.928263 -0.371924 0.0
vn -0.913798 -0.406169 0.0
vn -0.92119 -0.389113 0.0
vn -0.906089 -0.423088 0.0
vn -0.913798 -0.406169 0.0
vn -0.898068 -0.439856 0.0
vn -0.906089 -0.423088 0.0
vn -0.889738 -0.456472 0.0
vn -0.898068 -0.439856 0.0
vn -0.881098 -0.472934 0.0
vn -0.889738 -0.456472 0.0
vn -0.872155 -0.489229 0.0
vn -0.881098 -0.472934 0.0
vn -0.862911 -0.505356 0.0
vn -0.872155 -0.489229 0.0
vn -0.853368 -0.521308 0.0
vn -0.862911 -0.505356 0.0
vn -0.843529 -0.537084 0.0
vn -0.853368 -0.521308 0.0
vn -0.833402 -0.552667 0.0
vn -0.843529 -0.537084 0.0
vn -0.822984 -0.568065 0.0
vn -0.833402 -0.552667 0.0
vn -0.812282 -0.583265 0.0
vn -0.822984 -0.568065 0.0
vn -0.801301 -0.598262 0.0
vn -0.812282 -0.583265 0.0
vn -0.790041 -0.613054 0.0
vn -0.801301 -0.598262 0.0
vn -0.778508 -0.627634 0.0
vn -0.790041 -0.613054 0.0
vn -0.766708 -0.641996 0.0
vn -0.778508 -0.627634 0.0
vn -0.754642 -0.656137 0.0
vn -0.766708 -0.641996 0.0
vn -0.742315 -0.670052 0.0
vn -0.754642 -0.656137 0.0
vn -0.742315 -0.670052 0.0
vn -0.729732 -0.683733 0.0
vn -0.729732 -0.683733 0.0
vn -0.716895 -0.697181 0.0
vn -0.716895 -0.697181 0.0
vn -0.703814 -0.710384 0.0
vn -0.703814 -0.710384 0.0
vn -0.690486 -0.723346 0.0
vn -0.690486 -0.723346 0.0
vn -0.676922 -0.736055 0.0
vn -0.676922 -0.736055 0.0
vn -0.663123 -0.748511 0.0
vn -0.663123 -0.748511 0.0
vn -0.649095 -0.760707 0.0
vn -0.649095 -0.760707 0.0
vn -0.634842 -0.772642 0.0
vn -0.634842 -0.772642 0.0
vn -0.62037 -0.784309 0.0
vn -0.62037 -0.784309 0.0
vn -0.605684 -0.795706 0.0
vn -0.605684 -0.795706 0.0
vn -0.59079 -0.806826 0.0
vn -0.59079 -0.806826 0.0
vn -0.575691 -0.817667 0.0
vn -0.575691 -0.817667 0.0
vn -0.560389 -0.828229 0.0
vn -0.560389 -0.828229 0.0
vn -0.544898 -0.838502 0.0
vn -0.52922 -0.848485 0.0
vn -0.544898 -0.838502 0.0
vn -0.513355 -0.858176 0.0
vn -0.52922 -0.848485 0.0
vn -0.497314 -0.867571 0.0
vn -0.513355 -0.858176 0.0
vn -0.481102 -0.876665 0.0
vn -0.497314 -0.867571 0.0
vn -0.464722 -0.885457 0.0
vn -0.481102 -0.876665 0.0
vn -0.448184 -0.893941 0.0
vn -0.464722 -0.885457 0.0
vn -0.431492 -0.902117 0.0
vn -0.448184 -0.893941 0.0
vn -0.414646 -0.909983 0.0
vn -0.431492 -0.902117 0.0
vn -0.397658 -0.917534 0.0
vn -0.414646 -0.909983 0.0
vn -0.380538 -0.924765 0.0
vn -0.397658 -0.917534 0.0
vn -0.363277 -0.931681 0.0
vn -0.380538 -0.924765 0.0
vn -0.345902 -0.938271 0.0
vn -0.363277 -0.931681 0.0
vn -0.345902 -0.938271 0.0
vn -0.328396 -0.94454 0.0
vn -0.328396 -0.94454 0.0
vn -0.310783 -0.950481 0.0
vn -0.310783 -0.950481 0.0
vn -0.293066 -0.956092 0.0
vn -0.293066 -0.956092 0.0
vn -0.275237 -0.961376 0.0
vn -0.275237 -0.961376 0.0
vn -0.257327 -0.966324 0.0
vn -0.257327 -0.966324 0.0
vn -0.239315 -0.970942 0.0
vn -0.239315 -0.970942 0.0
vn -0.221224 -0.975223 0.0
vn -0.221224 -0.975223 0.0
vn -0.203059 -0.979167 0.0
vn -0.203059 -0.979167 0.0
vn -0.184825 -0.982771 0.0
vn -0.184825 -0.982771 0.0
vn -0.166524 -0.986037 0.0
vn -0.166524 -0.986037 0.0
vn -0.148171 -0.988962 0.0
vn -0.148171 -0.988962 0.0
vn -0.129755 -0.991546 0.0
vn -0.129755 -0.991546 0.0
vn -0.111306 -0.993786 0.0
vn -0.111306 -0.993786 0.0
vn -0.092811 -0.995684 0.0
vn -0.092811 -0.995684 0.0
vn -0.074293 -0.997236 0.0
vn -0.074293 -0.997236 0.0
vn -0.055735 -0.998446 0.0
vn -0.055735 -0.998446 0.0
vn -0.037172 -0.999309 0.0
vn -0.037172 -0.999309 0.0
vn -0.018586 -0.999827 0.0
vn -0.018586 -0.999827 0.0
vn -0.0 -1.0 -0.0
vn 0.0 -1.0 0.0
vn 0.018586 -0.999827 0.0
vn 0.018586 -0.999827 0.0
vn 0.037172 -0.999309 0.0
vn 0.037172 -0.999309 0.0
vn 0.055735 -0.998446 0.0
vn 0.055735 -0.998446 0.0
vn 0.074293 -0.997236 0.0
vn 0.092811 -0.995684 0.0
vn 0.074293 -0.997236 0.0
vn 0.092811 -0.995684 0.0
vn 0.111306 -0.993786 0.0
vn 0.111306 -0.993786 0.0
vn 0.129755 -0.991546 0.0
vn 0.129755 -0.991546 0.0
vn 0.148171 -0.988962 0.0
vn 0.148171 -0.988962 0.0
vn 0.166524 -0.986037 0.0
vn 0.166524 -0.986037 0.0
vn 0.184825 -0.982771 0.0
vn 0.184825 -0.982771 0.0
vn 0.203059 -0.979167 0.0
vn 0.203059 -0.979167 0.0
vn 0.221224 -0.975223 0.0
vn 0.221224 -0.975223 0.0
vn 0.239315 -0.970942 0.0
vn 0.239315 -0.970942 0.0
vn 0.275237 -0.961376 0.0
vn 0.257327 -0.966324 0.0
vn 0.257327 -0.966324 0.0
vn 0.275237 -0.961376 0.0
vn 0.293066 -0.956092 0.0
vn 0.293066 -0.956092 0.0
vn 0.310783 -0.950481 0.0
vn 0.310783 -0.950481 0.0
vn 0.328396 -0.94454 0.0
vn 0.328396 -0.94454 0.0
vn 0.345902 -0.938271 0.0
vn 0.363277 -0.931681 0.0
vn 0.345902 -0.938271 0.0
vn 0.363277 -0.931681 0.0
vn 0.380538 -0.924765 0.0
vn 0.380538 -0.924765 0.0
vn 0.397658 -0.917534 0.0
vn 0.397658 -0.917534 0.0
vn 0.414646 -0.909983 0.0
vn 0.414646 -0.909983 0.0
vn 0.431492 -0.902117 0.0
vn 0.431492 -0.902117 0.0
vn 0.448184 -0.893941 0.0
vn 0.448184 -0.893941 0.0
vn 0.464722 -0.885457 0.0
vn 0.481102 -0.876665 0.0
vn 0.464722 -0.885457 0.0
vn 0.497314 -0.867571 0.0
vn 0.481102 -0.876665 0.0
vn 0.497314 -0.867571 0.0
vn 0.513355 -0.858176 0.0
vn 0.513355 -0.858176 0.0
vn 0.52922 -0.848485 0.0
vn 0.52922 -0.848485 0.0
vn 0.544898 -0.838502 0.0
vn 0.544898 -0.838502 0.0
vn 0.560389 -0.828229 0.0
vn 0.560389 -0.828229 0.0
vn 0.575691 -0.817667 0.0
vn 0.575691 -0.817667 0.0
vn 0.59079 -0.806826 0.0
vn 0.59079 -0.806826 0.0
vn 0.605684 -0.795706 0.0
vn 0.605684 -0.795706 0.0
vn 0.62037 -0.784309 0.0
vn 0.62037 -0.784309 0.0
vn 0.634842 -0.772642 0.0
vn 0.634842 -0.772642 0.0
vn 0.649095 -0.760707 0.0
vn 0.649095 -0.760707 0.0
vn 0.663123 -0.748511 0.0
vn 0.663123 -0.748511 0.0
vn 0.676922 -0.736055 0.0
vn 0.690486 -0.723346 0.0
vn 0.676922 -0.736055 0.0
vn 0.690486 -0.723346 0.0
vn 0.703814 -0.710384 0.0
vn 0.703814 -0.710384 0.0
vn 0.716895 -0.697181 0.0
vn 0.716895 -0.697181 0.0
vn 0.729732 -0.683733 0.0
vn 0.729732 -0.683733 0.0
vn 0.742315 -0.670052 0.0
vn 0.742315 -0.670052 0.0
vn 0.754642 -0.656137 0.0
vn 0.754642 -0.656137 0.0
vn 0.766708 -0.641996 0.0
vn 0.778508 -0.627634 0.0
vn 0.766708 -0.641996 0.0
vn 0.778508 -0.627634 0.0
vn 0.790041 -0.613054 0.0
vn 0.790041 -0.613054 0.0
vn 0.801301 -0.598262 0.0
vn 0.801301 -0.598262 0.0
vn 0.812282 -0.583265 0.0
vn 0.812282 -0.583265 0.0
vn 0.822984 -0.568065 0.0
vn 0.822984 -0.568065 0.0
vn 0.833402 -0.552667 0.0
vn 0.843529 -0.537084 0.0
vn 0.833402 -0.552667 0.0
vn 0.843529 -0.537084 0.0
vn 0.853368 -0.521308 0.0
vn 0.853368 -0.521308 0.0
vn 0.862911 -0.505356 0.0
vn 0.862911 -0.505356 0.0
vn 0.872155 -0.489229 0.0
vn 0.872155 -0.489229 0.0
vn 0.881098 -0.472934 0.0
vn 0.881098 -0.472934 0.0
vn 0.889738 -0.456472 0.0
vn 0.889738 -0.456472 0.0
vn 0.898068 -0.439856 0.0
vn 0.898068 -0.439856 0.0
vn 0.906089 -0.423088 0.0
vn 0.906089 -0.423088 0.0
vn 0.913798 -0.406169 0.0
vn 0.913798 -0.406169 0.0
vn 0.92119 -0.389113 0.0
vn 0.92119 -0.389113 0.0
vn 0.928263 -0.371924 0.0
vn 0.928263 -0.371924 0.0
vn 0.935016 -0.354607 0.0
vn 0.935016 -0.354607 0.0
vn 0.941446 -0.337163 0.0
vn 0.941446 -0.337163 0.0
vn 0.94755 -0.319606 0.0
vn 0.94755 -0.319606 0.0
vn 0.953328 -0.301936 0.0
vn 0.953328 -0.301936 0.0
vn 0.958776 -0.284163 0.0
vn 0.958776 -0.284163 0.0
vn 0.963892 -0.266294 0.0
vn 0.963892 -0.266294 0.0
vn 0.968676 -0.248327 0.0
vn 0.973124 -0.230281 0.0
vn 0.968676 -0.248327 0.0
vn 0.973124 -0.230281 0.0
vn 0.977236 -0.212156 0.0
vn 0.977236 -0.212156 0.0
vn 0.981011 -0.193951 0.0
vn 0.981011 -0.193951 0.0
vn 0.984447 -0.175683 0.0
vn 0.984447 -0.175683 0.0
vn 0.987542 -0.157353 0.0
vn 0.987542 -0.157353 0.0
vn 0.990297 -0.138966 0.0
vn 0.990297 -0.138966 0.0
vn 0.992709 -0.120539 0.0
vn 0.992709 -0.120539 0.0
vn 0.994778 -0.102061 0.0
vn 0.994778 -0.102061 0.0
vn 0.996503 -0.083555 0.0
vn 0.996503 -0.083555 0.0
vn 0.997884 -0.065014 0.0
vn 0.997884 -0.065014 0.0
vn 0.99892 -0.046456 0.0
vn 0.99892 -0.046456 0.0
vn 0.999611 -0.027882 0.0
vn 0.999611 -0.027882 0.0
vn 0.999957 -0.009296 0.0
vn 0.999957 -0.009296 0.0
vn 0.0 0.0 -1.0
vn 0.0 0.0 -1.0
vn -0.0 0.0 -1.0
vn 0.0 0.0 -1.0
vn 0.0 -0.0 -1.0
vn 0.0 0.0 -1.0
vn -0.0 0.0 -1.0
vn 0.0 0.0 -1.0
vn 0.0 -0.0 -1.0
vn 0.0 0.0 -1.0
vn 0.0 0.0 -1.0
vn -0.0 0.0 -1.0
vn 0.0 0.0 -1.0
vn 0.0 -0.0 -1.0
vn 0.0 0.0 -1.0
vn -0.0 0.0 -1.0
vn 0.0 0.0 -1.0
vn 0.0 -0.0 -1.0
vn 0.0 0.0 -1.0
vn -0.0 0.0 -1.0
vn 0.0 0.0 -1.0
vn 0.0 -0.0 -1.0
vn -0.0 0.0 -1.0
vn 0.0 0.0 -1.0
vn 0.0 0.0 -1.0
vn 0.0 -0.0 -1.0
vn 0.0 0.0 -1.0
vn -0.0 0.0 -1.0
vn 0.0 0.0 -1.0
vn 0.0 -0.0 -1.0
vn -0.0 0.0 -1.0
vn 0.0 0.0 -1.0
vn 0.0 0.0 -1.0
vn 0.0 0.0 -1.0
vn 0.0 -0.0 -1.0
vn 0.0 0.0 -1.0
vn 0.0 0.0 -1.0
vn -0.0 0.0 -1.0
vn 0.0 0.0 -1.0
vn 0.0 -0.0 -1.0
vn 0.0 0.0 -1.0
vn -0.0 0.0 -1.0
vn 0.0 0.0 -1.0
vn 0.0 -0.0 -1.0
vn 0.0 0.0 -1.0
vn -0.0 0.0 -1.0
vn 0.0 0.0 -1.0
vn 0.0 -0.0 -1.0
vn 0.0 0.0 -1.0
vn -0.0 0.0 -1.0
vn 0.0 -0.0 -1.0
vn 0.0 0.0 -1.0
vn 0.0 0.0 -1.0
vn -0.0 0.0 -1.0
vn 0.0 0.0 -1.0
vn 0.0 -0.0 -1.0
vn 0.0 0.0 -1.0
vn -0.0 0.0 -1.0
vn 0.0 0.0 -1.0
vn 0.0 -0.0 -1.0
vn 0.0 0.0 -1.0
vn -0.0 0.0 -1.0
vn 0.0 -0.0 -1.0
vn 0.0 0.0 -1.0
vn 0.0 0.0 -1.0
vn -0.0 0.0 -1.0
vn 0.0 0.0 -1.0
vn 0.0 -0.0 -1.0
vn -0.0 0.0 -1.0
vn 0.0 0.0 -1.0
vn 0.0 0.0 -1.0
vn 0.0 -0.0 -1.0
vn 0.0 0.0 -1.0
vn 0.0 0.0 -1.0
vn 0.0 0.0 -1.0
vn -0.0 0.0 -1.0
vn 0.0 0.0 -1.0
vn 0.0 -0.0 -1.0
vn 0.0 0.0 -1.0
vn -0.0 0.0 -1.0
vn 0.0 -0.0 -1.0
vn 0.0 0.0 -1.0
vn 0.0 0.0 -1.0
vn -0.0 0.0 -1.0
vn 0.0 0.0 -1.0
vn 0.0 -0.0 -1.0
vn 0.0 0.0 -1.0
vn -0.0 0.0 -1.0
vn 0.0 0.0 -1.0
vn 0.0 -0.0 -1.0
vn 0.0 0.0 -1.0
vn -0.0 0.0 -1.0
vn 0.0 -0.0 -1.0
vn 0.0 0.0 -1.0
vn 0.0 0.0 -1.0
vn -0.0 0.0 -1.0
vn 0.0 0.0 -1.0
vn 0.0 -0.0 -1.0
vn 0.0 0.0 -1.0
vn -0.0 0.0 -1.0
vn 0.0 0.0 -1.0
vn 0.0 -0.0 -1.0
vn 0.0 0.0 -1.0
vn -0.0 0.0 -1.0
vn 0.0 0.0 -1.0
vn 0.0 0.0 -1.0
vn 0.0 -0.0 -1.0
vn 0.0 0.0 -1.0
vn -0.0 0.0 -1.0
vn 0.0 0.0 -1.0
vn 0.0 -0.0 -1.0
vn 0.0 0.0 -1.0
vn -0.0 0.0 -1.0
vn 0.0 0.0 -1.0
vn 0.0 0.0 -1.0
vn 0.0 -0.0 -1.0
vn -0.0 0.0 -1.0
vn 0.0 0.0 -1.0
vn 0.0 -0.0 -1.0
vn 0.0 0.0 -1.0
vn -0.0 0.0 -1.0
vn 0.0 0.0 -1.0
vn 0.0 -0.0 -1.0
vn 0.0 0.0 -1.0
vn -0.0 0.0 -1.0
vn 0.0 0.0 -1.0
vn 0.0 -0.0 -1.0
vn 0.0 0.0 -1.0
vn -0.0 0.0 -1.0
vn 0.0 0.0 -1.0
vn 0.0 0.0 -1.0
vn 0.0 -0.0 -1.0
vn -0.0 0.0 -1.0
vn 0.0 0.0 -1.0
vn 0.0 -0.0 -1.0
vn 0.0 0.0 -1.0
vn -0.0 0.0 -1.0
vn 0.0 0.0 -1.0
vn 0.0 0.0 -1.0
vn 0.0 -0.0 -1.0
vn -0.0 0.0 -1.0
vn 0.0 0.0 -1.0
vn 0.0 0.0 -1.0
vn 0.0 0.0 -1.0
vn 0.0 0.0 -1.0
vn 0.0 -0.0 -1.0
vn -0.0 0.0 -1.0
vn 0.0 0.0 -1.0
vn 0.0 -0.0 -1.0
vn 0.0 0.0 -1.0
vn -0.0 0.0 -1.0
vn 0.0 0.0 -1.0
vn 0.0 -0.0 -1.0
vn 0.0 0.0 -1.0
vn -0.0 0.0 -1.0
vn 0.0 0.0 -1.0
vn 0.0 -0.0 -1.0
vn 0.0 0.0 -1.0
vn -0.0 0.0 -1.0
vn 0.0 0.0 -1.0
vn 0.0 0.0 -1.0
vn 0.0 -0.0 -1.0
vn -0.0 0.0 -1.0
vn 0.0 0.0 -1.0
vn 0.0 0.0 -1.0
vn 0.0 -0.0 -1.0
vn 0.0 0.0 -1.0
vn -0.0 0.0 -1.0
vn 0.0 -0.0 -1.0
vn 0.0 0.0 -1.0
vn 0.0 0.0 -1.0
vn -0.0 0.0 -1.0
vn 0.0 0.0 -1.0
vn 0.0 -0.0 -1.0
vn -0.0 0.0 -1.0
vn 0.0 0.0 -1.0
vn 0.0 0.0 -1.0
vn 0.0 -0.0 -1.0
vn -0.0 0.0 -1.0
vn -0.0 0.0 -1.0
vn 0.0 0.0 -1.0
vn 0.0 -0.0 -1.0
vn 0.0 0.0 -1.0
vn -0.0 0.0 -1.0
vn 0.0 -0.0 -1.0
vn 0.0 0.0 -1.0
vn 0.0 0.0 -1.0
vn -0.0 0.0 -1.0
vn 0.0 -0.0 -1.0
vn 0.0 0.0 -1.0
vn 0.0 0.0 -1.0
vn -0.0 0.0 -1.0
vn 0.0 -0.0 -1.0
vn 0.0 0.0 -1.0
vn 0.0 0.0 -1.0
vn -0.0 0.0 -1.0
vn 0.0 -0.0 -1.0
vn 0.0 0.0 -1.0
vn 0.0 0.0 -1.0
vn -0.0 0.0 -1.0
vn 0.0 -0.0 -1.0
vn 0.0 0.0 -1.0
vn 0.0 0.0 -1.0
vn -0.0 0.0 -1.0
vn 0.0 -0.0 -1.0
vn 0.0 0.0 -1.0
vn 0.0 0.0 -1.0
vn -0.0 0.0 -1.0
vn 0.0 -0.0 -1.0
vn 0.0 0.0 -1.0
vn 0.0 0.0 -1.0
vn 0.0 0.0 -1.0
vn -0.0 0.0 -1.0
vn 0.0 -0.0 -1.0
vn 0.0 0.0 -1.0
vn 0.0 0.0 -1.0
vn 0.0 0.0 -1.0
vn -0.0 0.0 -1.0
vn 0.0 0.0 -1.0
vn 0.0 -0.0 -1.0
vn 0.0 0.0 -1.0
vn -0.0 0.0 -1.0
vn 0.0 0.0 -1.0
vn 0.0 -0.0 -1.0
vn 0.0 0.0 -1.0
vn -0.0 0.0 -1.0
vn 0.0 0.0 -1.0
vn 0.0 -0.0 -1.0
vn 0.0 0.0 -1.0
vn -0.0 0.0 -1.0
vn 0.0 -0.0 -1.0
vn 0.0 0.0 -1.0
vn -0.0 0.0 -1.0
vn 0.0 0.0 -1.0
vn 0.0 0.0 -1.0
vn 0.0 -0.0 -1.0
vn 0.0 0.0 -1.0
vn -0.0 0.0 -1.0
vn 0.0 -0.0 -1.0
vn 0.0 0.0 -1.0
vn 0.0 0.0 -1.0
vn -0.0 0.0 -1.0
vn 0.0 -0.0 -1.0
vn 0.0 0.0 -1.0
vn -0.0 0.0 -1.0
vn 0.0 0.0 -1.0
vn 0.0 -0.0 -1.0
vn 0.0 0.0 -1.0
vn 0.0 0.0 -1.0
vn -0.0 0.0 -1.0
vn 0.0 0.0 -1.0
vn 0.0 0.0 -1.0
vn 0.0 -0.0 -1.0
vn 0.0 0.0 -1.0
vn 0.0 0.0 -1.0
vn -0.0 0.0 -1.0
vn 0.0 -0.0 -1.0
vn 0.0 0.0 -1.0
vn 0.0 0.0 -1.0
vn -0.0 0.0 -1.0
vn 0.0 -0.0 -1.0
vn 0.0 0.0 -1.0
vn 0.0 0.0 -1.0
vn -0.0 0.0 -1.0
vn 0.0 -0.0 -1.0
vn 0.0 0.0 -1.0
vn 0.0 0.0 -1.0
vn -0.0 0.0 -1.0
vn 0.0 0.0 -1.0
vn 0.0 -0.0 -1.0
vn 0.0 0.0 -1.0
vn -0.0 0.0 -1.0
vn 0.0 0.0 -1.0
vn 0.0 -0.0 -1.0
vn 0.0 0.0 -1.0
vn -0.0 0.0 -1.0
vn 0.0 0.0 -1.0
vn 0.0 -0.0 -1.0
vn 0.0 0.0 -1.0
vn -0.0 0.0 -1.0
vn 0.0 0.0 -1.0
vn 0.0 -0.0 -1.0
vn 0.0 0.0 -1.0
vn 0.0 0.0 -1.0
vn -0.0 0.0 -1.0
vn 0.0 -0.0 -1.0
vn 0.0 0.0 -1.0
vn 0.0 0.0 -1.0
vn 0.0 0.0 -1.0
vn -0.0 0.0 -1.0
vn 0.0 -0.0 -1.0
vn 0.0 0.0 -1.0
vn 0.0 0.0 -1.0
vn -0.0 0.0 -1.0
vn 0.0 -0.0 -1.0
vn 0.0 0.0 -1.0
vn 0.0 0.0 -1.0
vn -0.0 0.0 -1.0
vn 0.0 -0.0 -1.0
vn 0.0 0.0 -1.0
vn 0.0 0.0 -1.0
vn -0.0 0.0 -1.0
vn 0.0 -0.0 -1.0
vn 0.0 0.0 -1.0
vn -0.0 0.0 -1.0
vn 0.0 0.0 -1.0
vn 0.0 -0.0 -1.0
vn 0.0 0.0 -1.0
vn -0.0 0.0 -1.0
vn 0.0 0.0 -1.0
vn 0.0 -0.0 -1.0
vn 0.0 0.0 -1.0
vn -0.0 0.0 -1.0
vn 0.0 0.0 -1.0
vn 0.0 -0.0 -1.0
vn 0.0 0.0 -1.0
vn 0.0 0.0 -1.0
vn -0.0 0.0 -1.0
vn 0.0 0.0 -1.0
vn 0.0 0.0 -1.0
vn 0.0 -0.0 -1.0
vn 0.0 0.0 -1.0
vn 0.0 0.0 -1.0
vn -0.0 0.0 -1.0
vn 0.0 -0.0 -1.0
vn 0.0 0.0 -1.0
vn -0.0 0.0 -1.0
vn 0.0 0.0 -1.0
vn 0.0 -0.0 -1.0
vn 0.0 0.0 -1.0
vn -0.0 0.0 -1.0
vn 0.0 0.0 -1.0
vn 0.0 0.0 -1.0
vn 0.0 -0.0 -1.0
vn 0.0 0.0 -1.0
vn -0.0 0.0 -1.0
vn 0.0 0.0 -1.0
vn 0.0 -0.0 -1.0
vn 0.0 0.0 -1.0
vn -0.0 0.0 -1.0
vn 0.0 0.0 -1.0
vn 0.0 -0.0 -1.0
vn 0.0 0.0 -1.0
vn -0.0 0.0 -1.0
vn 0.0 0.0 -1.0
vn 0.0 -0.0 -1.0
vn 0.0 0.0 -1.0
vn -0.0 0.0 -1.0
vn 0.0 -0.0 -1.0
vn 0.0 0.0 -1.0
vn -0.0 0.0 -1.0
vn 0.0 0.0 -1.0
vn 0.0 0.0 -1.0
vn 0.0 -0.0 -1.0
vn -0.0 0.0 -1.0
vn 0.0 0.0 -1.0
vn 0.0 -0.0 -1.0
vn -0.0 0.0 -1.0
vn 0.0 -0.0 -1.0
vn 0.0 0.0 -1.0
vn 0.0 0.0 -1.0
vn -0.0 0.0 -1.0
vn 0.0 -0.0 -1.0
vn 0.0 0.0 -1.0
vn 0.0 0.0 -1.0
vn -0.0 0.0 -1.0
vn 0.0 -0.0 -1.0
vn 0.0 0.0 -1.0
vn 0.0 0.0 -1.0
vn -0.0 0.0 -1.0
vn 0.0 -0.0 -1.0
vn 0.0 0.0 -1.0
vn 0.0 0.0 -1.0
vn -0.0 0.0 -1.0
vn 0.0 -0.0 -1.0
vn 0.0 0.0 -1.0
vn 0.0 0.0 -1.0
vn -0.0 0.0 -1.0
vn 0.0 0.0 -1.0
vn 0.0 -0.0 -1.0
vn 0.0 0.0 -1.0
vn -0.0 0.0 -1.0
vn 0.0 0.0 -1.0
vn 0.0 -0.0 -1.0
vn 0.0 0.0 -1.0
vn -0.0 0.0 -1.0
vn 0.0 0.0 -1.0
vn 0.0 -0.0 -1.0
vn 0.0 0.0 -1.0
vn -0.0 0.0 -1.0
vn 0.0 0.0 -1.0
vn 0.0 -0.0 -1.0
vn -0.0 0.0 -1.0
vn 0.0 -0.0 -1.0
vn -0.0 0.0 -1.0
vn 0.0 0.0 -1.0
vn 0.0 -0.0 -1.0
vn 0.0 0.0 -1.0
vn -0.0 0.0 -1.0
vn 0.0 0.0 -1.0
vn 0.0 -0.0 -1.0
vn 0.0 0.0 -1.0
vn 0.0 0.0 -1.0
vn -0.0 0.0 -1.0
vn 0.0 -0.0 -1.0
vn 0.0 0.0 -1.0
vn 0.0 0.0 -1.0
vn -0.0 0.0 -1.0
vn 0.0 -0.0 -1.0
vn 0.0 0.0 -1.0
vn 0.0 0.0 -1.0
vn -0.0 0.0 -1.0
vn 0.0 -0.0 -1.0
vn 0.0 0.0 -1.0
vn 0.0 0.0 -1.0
vn -0.0 0.0 -1.0
vn 0.0 -0.0 -1.0
vn 0.0 0.0 -1.0
vn 0.0 0.0 -1.0
vn -0.0 0.0 -1.0
vn 0.0 0.0 -1.0
vn 0.0 -0.0 -1.0
vn 0.0 0.0 -1.0
vn -0.0 0.0 -1.0
vn 0.0 0.0 -1.0
vn 0.0 -0.0 -1.0
vn 0.0 0.0 -1.0
vn -0.0 0.0 -1.0
vn 0.0 -0.0 -1.0
vn -0.0 0.0 -1.0
vn 0.0 0.0 -1.0
vn 0.0 -0.0 -1.0
vn 0.0 0.0 -1.0
vn -0.0 0.0 -1.0
vn 0.0 0.0 -1.0
vn 0.0 -0.0 -1.0
vn 0.0 0.0 -1.0
vn -0.0 0.0 -1.0
vn 0.0 0.0 -1.0
vn 0.0 -0.0 -1.0
vn 0.0 0.0 -1.0
vn -0.0 0.0 -1.0
vn 0.0 -0.0 -1.0
vn 0.0 0.0 -1.0
vn -0.0 0.0 -1.0
vn 0.0 0.0 -1.0
vn 0.0 -0.0 -1.0
vn 0.0 0.0 -1.0
vn 0.0 0.0 -1.0
vn -0.0 0.0 -1.0
vn 0.0 -0.0 -1.0
vn 0.0 0.0 -1.0
vn -0.0 0.0 -1.0
vn 0.0 0.0 -1.0
vn 0.0 -0.0 -1.0
vn 0.0 0.0 -1.0
vn -0.0 0.0 -1.0
vn 0.0 0.0 -1.0
vn 0.0 -0.0 -1.0
vn 0.0 0.0 -1.0
vn 0.0 0.0 -1.0
vn -0.0 0.0 -1.0
vn 0.0 0.0 -1.0
vn 0.0 -0.0 -1.0
vn -0.0 0.0 -1.0
vn 0.0 -0.0 -1.0
vn 0.0 0.0 -1.0
vn -0.0 0.0 -1.0
vn 0.0 0.0 -1.0
vn 0.0 -0.0 -1.0
vn 0.0 0.0 -1.0
vn -0.0 0.0 -1.0
vn 0.0 0.0 -1.0
vn 0.0 -0.0 -1.0
vn 0.0 0.0 -1.0
vn -0.0 0.0 -1.0
vn 0.0 0.0 -1.0
vn 0.0 -0.0 -1.0
vn 0.0 0.0 -1.0
vn -0.0 0.0 -1.0
vn 0.0 0.0 -1.0
vn 0.0 -0.0 -1.0
vn 0.0 0.0 -1.0
vn -0.0 0.0 -1.0
vn 0.0 -0.0 -1.0
vn 0.0 0.0 -1.0
vn 0.0 0.0 -1.0
vn -0.0 0.0 -1.0
vn 0.0 -0.0 -1.0
vn 0.0 0.0 -1.0
vn -0.0 0.0 -1.0
vn 0.0 0.0 -1.0
vn 0.0 -0.0 -1.0
vn 0.0 0.0 -1.0
vn -0.0 0.0 -1.0
vn 0.0 0.0 -1.0
vn 0.0 -0.0 -1.0
vn 0.0 0.0 -1.0
vn -0.0 0.0 -1.0
vn 0.0 0.0 -1.0
vn 0.0 -0.0 -1.0
vn -0.0 0.0 -1.0
vn 0.0 0.0 -1.0
vn 0.0 -0.0 -1.0
vn 0.0 0.0 -1.0
vn -0.0 0.0 -1.0
vn 0.0 0.0 -1.0
vn 0.0 -0.0 -1.0
vn 0.0 0.0 -1.0
vn -0.0 0.0 -1.0
vn 0.0 0.0 -1.0
vn 0.0 -0.0 -1.0
vn 0.0 0.0 -1.0
vn -0.0 0.0 -1.0
vn 0.0 0.0 -1.0
vn 0.0 -0.0 -1.0
vn 0.0 0.0 -1.0
vn -0.0 0.0 -1.0
vn 0.0 0.0 -1.0
vn 0.0 -0.0 -1.0
vn 0.0 0.0 -1.0
vn -0.0 0.0 -1.0
vn 0.0 0.0 -1.0
vn 0.0 -0.0 -1.0
vn 0.0 0.0 -1.0
vn -0.0 0.0 -1.0
vn 0.0 -0.0 -1.0
vn 0.0 0.0 -1.0
vn -0.0 0.0 -1.0
vn 0.0 0.0 -1.0
vn 0.0 -0.0 -1.0
vn 0.0 0.0 -1.0
vn -0.0 0.0 -1.0
vn 0.0 0.0 -1.0
vn 0.0 -0.0 -1.0
vn -0.0 0.0 -1.0
vn 0.0 0.0 -1.0
vn -0.0 0.0 -1.0
vn 0.0 -0.0 -1.0
vn 0.0 0.0 -1.0
vn 0.0 0.0 -1.0
vn -0.0 0.0 -1.0
vn 0.0 -0.0 -1.0
vn 0.0 0.0 -1.0
vn 0.0 0.0 -1.0
vn -0.0 0.0 -1.0
vn 0.0 -0.0 -1.0
vn 0.0 0.0 -1.0
vn 0.0 0.0 -1.0
vn -0.0 0.0 -1.0
vn 0.0 0.0 -1.0
vn 0.0 -0.0 -1.0
vn 0.0 0.0 -1.0
vn -0.0 0.0 -1.0
vn 0.0 0.0 -1.0
vn 0.0 -0.0 -1.0
vn 0.0 0.0 -1.0
vn -0.0 0.0 -1.0
vn 0.0 0.0 -1.0
vn 0.0 -0.0 -1.0
vn -0.0 0.0 -1.0
vn 0.0 0.0 -1.0
vn 0.0 -0.0 -1.0
vn 0.0 0.0 -1.0
vn 0.0 0.0 -1.0
vn -0.0 0.0 -1.0
vn 0.0 -0.0 -1.0
vn 0.0 0.0 -1.0
vn 0.0 0.0 -1.0
vn -0.0 0.0 -1.0
vn 0.0 -0.0 -1.0
vn -0.0 0.0 -1.0
vn 0.0 -0.0 -1.0
vn 0.0 0.0 -1.0
vn -0.0 0.0 -1.0
vn 0.0 0.0 -1.0
vn 0.0 0.0 -1.0
vn 0.0 -0.0 -1.0
vn 0.0 0.0 -1.0
vn -0.0 0.0 -1.0
vn 0.0 0.0 -1.0
vn 0.0 -0.0 -1.0
vn 0.0 0.0 -1.0
vn -0.0 0.0 -1.0
vn 0.0 0.0 -1.0
vn 0.0 -0.0 -1.0
vn 0.0 0.0 -1.0
vn -0.0 0.0 -1.0
vn 0.0 0.0 -1.0
vn 0.0 -0.0 -1.0
vn -0.0 0.0 -1.0
vn 0.0 0.0 -1.0
vn 0.0 0.0 -1.0
vn 0.0 -0.0 -1.0
vn 0.0 0.0 -1.0
vn -0.0 0.0 -1.0
vn 0.0 0.0 -1.0
vn 0.0 -0.0 -1.0
vn 0.0 0.0 -1.0
vn -0.0 0.0 -1.0
vn 0.0 -0.0 -1.0
vn 0.0 0.0 -1.0
vn 0.0 0.0 -1.0
vn -0.0 0.0 -1.0
vn 0.0 0.0 -1.0
vn 0.0 -0.0 -1.0
vn -0.0 0.0 -1.0
vn 0.0 -0.0 -1.0
vn 0.0 0.0 -1.0
vn -0.0 0.0 -1.0
vn 0.0 -0.0 -1.0
vn 0.0 0.0 -1.0
vn 0.0 0.0 -1.0
vn -0.0 0.0 -1.0
vn 0.0 -0.0 -1.0
vn 0.0 0.0 -1.0
vn 0.0 0.0 -1.0
vn -0.0 0.0 -1.0
vn 0.0 -0.0 -1.0
vn 0.0 0.0 -1.0
vn 0.0 0.0 -1.0
vn -0.0 0.0 -1.0
vn 0.0 0.0 -1.0
vn 0.0 -0.0 -1.0
vn 0.0 0.0 -1.0
vn -0.0 0.0 -1.0
vn 0.0 0.0 -1.0
vn 0.0 -0.0 -1.0
vn 0.0 0.0 -1.0
vn -0.0 0.0 -1.0
vn 0.0 -0.0 -1.0
vn 0.0 0.0 -1.0
vn 0.0 0.0 -1.0
vn -0.0 0.0 -1.0
vn 0.0 -0.0 -1.0
vn 0.0 0.0 -1.0
vn 0.0 0.0 -1.0
vn -0.0 0.0 -1.0
vn 0.0 -0.0 -1.0
vn 0.0 0.0 -1.0
vn 0.0 0.0 -1.0
vn -0.0 0.0 -1.0
vn 0.0 -0.0 -1.0
vn -0.0 0.0 -1.0
vn 0.0 -0.0 -1.0
vn 0.0 0.0 -1.0
vn 0.0 0.0 -1.0
vn -0.0 0.0 -1.0
vn 0.0 -0.0 -1.0
vn 0.0 0.0 -1.0
vn -0.0 0.0 -1.0
vn 0.0 0.0 -1.0
vn 0.0 -0.0 -1.0
vn 0.0 0.0 -1.0
vn -0.0 0.0 -1.0
vn 0.0 0.0 -1.0
vn 0.0 -0.0 -1.0
vn 0.0 0.0 -1.0
vn -0.0 0.0 -1.0
vn 0.0 0.0 -1.0
vn 0.0 -0.0 -1.0
vn 0.0 0.0 -1.0
vn -0.0 0.0 -1.0
vn 0.0 0.0 -1.0
vn 0.0 0.0 -1.0
vn 0.0 -0.0 -1.0
vn -0.0 0.0 -1.0
vn 0.0 0.0 -1.0
vn 0.0 0.0 -1.0
vn 0.0 -0.0 -1.0
vn -0.0 0.0 -1.0
vn 0.0 0.0 -1.0
vn 0.0 -0.0 -1.0
vn 0.0 0.0 -1.0
vn -0.0 0.0 -1.0
vn 0.0 0.0 -1.0
vn 0.0 -0.0 -1.0
vn 0.0 0.0 -1.0
vn -0.0 0.0 -1.0
vn 0.0 -0.0 -1.0
vn -0.0 0.0 -1.0
vn 0.0 0.0 -1.0
vn 0.0 0.0 -1.0
vn 0.0 -0.0 -1.0
vn 0.0 0.0 -1.0
vn -0.0 0.0 -1.0
vn 0.0 0.0 -1.0
vn 0.0 -0.0 -1.0
vn 0.0 0.0 -1.0
vn -0.0 0.0 -1.0
vn 0.0 -0.0 -1.0
vn 0.0 0.0 -1.0
vn 0.0 0.0 -1.0
vn -0.0 0.0 -1.0
vn 0.0 -0.0 -1.0
vn 0.0 0.0 -1.0
vn -0.0 0.0 -1.0
vn 0.0 0.0 -1.0
vn 0.0 -0.0 -1.0
vn 0.0 0.0 -1.0
vn -0.0 0.0 -1.0
vn 0.0 0.0 -1.0
vn 0.0 -0.0 -1.0
vn 0.0 0.0 -1.0
vn -0.0 0.0 -1.0
vn 0.0 0.0 -1.0
vn 0.0 -0.0 -1.0
vn 0.0 0.0 -1.0
vn -0.0 0.0 -1.0
vn 0.0 0.0 -1.0
vn 0.0 -0.0 -1.0
vn 0.0 0.0 -1.0
vn -0.0 0.0 -1.0
vn 0.0 0.0 -1.0
vn 0.0 -0.0 -1.0
vn -0.0 0.0 -1.0
vn 0.0 0.0 1.0
vn 0.0 0.0 1.0
vn 0.0 0.0 1.0
vn 0.0 0.0 1.0
vn 0.0 -0.0 1.0
vn 0.0 0.0 1.0
vn 0.0 0.0 1.0
vn 0.0 0.0 1.0
vn 0.0 0.0 1.0
vn 0.0 -0.0 1.0
vn 0.0 0.0 1.0
vn 0.0 0.0 1.0
vn 0.0 0.0 1.0
vn 0.0 -0.0 1.0
vn 0.0 0.0 1.0
vn 0.0 0.0 1.0
vn 0.0 0.0 1.0
vn 0.0 -0.0 1.0
vn 0.0 0.0 1.0
vn 0.0 0.0 1.0
vn 0.0 0.0 1.0
vn 0.0 -0.0 1.0
vn 0.0 0.0 1.0
vn 0.0 0.0 1.0
vn 0.0 0.0 1.0
vn 0.0 -0.0 1.0
vn 0.0 0.0 1.0
vn 0.0 0.0 1.0
vn 0.0 0.0 1.0
vn 0.0 -0.0 1.0
vn 0.0 0.0 1.0
vn 0.0 0.0 1.0
vn 0.0 0.0 1.0
vn 0.0 0.0 1.0
vn 0.0 -0.0 1.0
vn 0.0 0.0 1.0
vn 0.0 0.0 1.0
vn 0.0 0.0 1.0
vn 0.0 0.0 1.0
vn 0.0 -0.0 1.0
vn 0.0 0.0 1.0
vn 0.0 0.0 1.0
vn 0.0 0.0 1.0
vn 0.0 -0.0 1.0
vn 0.0 0.0 1.0
vn 0.0 0.0 1.0
vn 0.0 0.0 1.0
vn 0.0 -0.0 1.0
vn 0.0 0.0 1.0
vn 0.0 0.0 1.0
vn 0.0 0.0 1.0
vn 0.0 -0.0 1.0
vn 0.0 0.0 1.0
vn 0.0 0.0 1.0
vn 0.0 0.0 1.0
vn 0.0 -0.0 1.0
vn 0.0 0.0 1.0
vn 0.0 0.0 1.0
vn 0.0 -0.0 1.0
vn 0.0 0.0 1.0
vn 0.0 0.0 1.0
vn 0.0 0.0 1.0
vn 0.0 -0.0 1.0
vn 0.0 0.0 1.0
vn 0.0 0.0 1.0
vn 0.0 0.0 1.0
vn 0.0 -0.0 1.0
vn 0.0 0.0 1.0
vn 0.0 0.0 1.0
vn 0.0 0.0 1.0
vn 0.0 0.0 1.0
vn 0.0 -0.0 1.0
vn 0.0 0.0 1.0
vn 0.0 0.0 1.0
vn 0.0 0.0 1.0
vn 0.0 0.0 1.0
vn 0.0 -0.0 1.0
vn 0.0 0.0 1.0
vn 0.0 0.0 1.0
vn 0.0 0.0 1.0
vn 0.0 -0.0 1.0
vn 0.0 0.0 1.0
vn 0.0 0.0 1.0
vn 0.0 0.0 1.0
vn 0.0 0.0 1.0
vn 0.0 -0.0 1.0
vn 0.0 0.0 1.0
vn 0.0 0.0 1.0
vn 0.0 -0.0 1.0
vn 0.0 0.0 1.0
vn 0.0 0.0 1.0
vn 0.0 0.0 1.0
vn 0.0 0.0 1.0
vn 0.0 -0.0 1.0
vn 0.0 0.0 1.0
vn 0.0 0.0 1.0
vn 0.0 0.0 1.0
vn 0.0 -0.0 1.0
vn 0.0 0.0 1.0
vn 0.0 0.0 1.0
vn 0.0 -0.0 1.0
vn 0.0 0.0 1.0
vn 0.0 0.0 1.0
vn 0.0 0.0 1.0
vn 0.0 0.0 1.0
vn 0.0 0.0 1.0
vn 0.0 -0.0 1.0
vn 0.0 0.0 1.0
vn 0.0 0.0 1.0
vn 0.0 0.0 1.0
vn 0.0 0.0 1.0
vn 0.0 -0.0 1.0
vn 0.0 0.0 1.0
vn 0.0 0.0 1.0
vn 0.0 -0.0 1.0
vn 0.0 0.0 1.0
vn 0.0 0.0 1.0
vn 0.0 0.0 1.0
vn 0.0 -0.0 1.0
vn 0.0 0.0 1.0
vn 0.0 0.0 1.0
vn 0.0 0.0 1.0
vn 0.0 0.0 1.0
vn 0.0 -0.0 1.0
vn 0.0 0.0 1.0
vn 0.0 0.0 1.0
vn 0.0 0.0 1.0
vn 0.0 -0.0 1.0
vn 0.0 0.0 1.0
vn 0.0 0.0 1.0
vn 0.0 -0.0 1.0
vn 0.0 0.0 1.0
vn 0.0 0.0 1.0
vn 0.0 0.0 1.0
vn 0.0 -0.0 1.0
vn 0.0 0.0 1.0
vn 0.0 0.0 1.0
vn 0.0 0.0 1.0
vn 0.0 -0.0 1.0
vn 0.0 0.0 1.0
vn 0.0 0.0 1.0
vn 0.0 0.0 1.0
vn 0.0 0.0 1.0
vn 0.0 0.0 1.0
vn 0.0 -0.0 1.0
vn 0.0 0.0 1.0
vn 0.0 0.0 1.0
vn 0.0 0.0 1.0
vn 0.0 0.0 1.0
vn 0.0 -0.0 1.0
vn 0.0 0.0 1.0
vn 0.0 0.0 1.0
vn 0.0 -0.0 1.0
vn 0.0 0.0 1.0
vn 0.0 0.0 1.0
vn 0.0 0.0 1.0
vn 0.0 -0.0 1.0
vn 0.0 0.0 1.0
vn 0.0 0.0 1.0
vn 0.0 0.0 1.0
vn 0.0 0.0 1.0
vn 0.0 -0.0 1.0
vn 0.0 0.0 1.0
vn 0.0 0.0 1.0
vn 0.0 -0.0 1.0
vn 0.0 0.0 1.0
vn 0.0 0.0 1.0
vn 0.0 0.0 1.0
vn 0.0 -0.0 1.0
vn 0.0 0.0 1.0
vn 0.0 0.0 1.0
vn 0.0 0.0 1.0
vn 0.0 0.0 1.0
vn 0.0 -0.0 1.0
vn 0.0 0.0 1.0
vn 0.0 0.0 1.0
vn -0.0 -0.0 1.0
vn 0.0 0.0 1.0
vn 0.0 0.0 1.0
vn 0.0 0.0 1.0
vn 0.0 0.0 1.0
vn 0.0 -0.0 1.0
vn 0.0 0.0 1.0
vn 0.0 -0.0 1.0
vn 0.0 -0.0 1.0
vn 0.0 0.0 1.0
vn 0.0 0.0 1.0
vn 0.0 0.0 1.0
vn 0.0 -0.0 1.0
vn 0.0 0.0 1.0
vn 0.0 0.0 1.0
vn 0.0 0.0 1.0
vn 0.0 -0.0 1.0
vn 0.0 0.0 1.0
vn 0.0 0.0 1.0
vn 0.0 0.0 1.0
vn 0.0 -0.0 1.0
vn 0.0 0.0 1.0
vn 0.0 0.0 1.0
vn 0.0 0.0 1.0
vn 0.0 -0.0 1.0
vn 0.0 0.0 1.0
vn 0.0 0.0 1.0
vn 0.0 0.0 1.0
vn 0.0 -0.0 1.0
vn 0.0 0.0 1.0
vn 0.0 0.0 1.0
vn 0.0 0.0 1.0
vn 0.0 -0.0 1.0
vn 0.0 0.0 1.0
vn 0.0 0.0 1.0
vn 0.0 0.0 1.0
vn 0.0 0.0 1.0
vn 0.0 -0.0 1.0
vn 0.0 0.0 1.0
vn 0.0 0.0 1.0
vn 0.0 0.0 1.0
vn 0.0 0.0 1.0
vn 0.0 0.0 1.0
vn 0.0 -0.0 1.0
vn 0.0 0.0 1.0
vn 0.0 0.0 1.0
vn 0.0 0.0 1.0
vn 0.0 -0.0 1.0
vn 0.0 0.0 1.0
vn 0.0 0.0 1.0
vn 0.0 -0.0 1.0
vn 0.0 0.0 1.0
vn 0.0 0.0 1.0
vn 0.0 0.0 1.0
vn 0.0 -0.0 1.0
vn 0.0 0.0 1.0
vn 0.0 0.0 1.0
vn 0.0 0.0 1.0
vn 0.0 -0.0 1.0
vn 0.0 0.0 1.0
vn 0.0 0.0 1.0
vn 0.0 0.0 1.0
vn 0.0 0.0 1.0
vn 0.0 -0.0 1.0
vn 0.0 0.0 1.0
vn 0.0 0.0 1.0
vn 0.0 -0.0 1.0
vn 0.0 0.0 1.0
vn 0.0 0.0 1.0
vn 0.0 0.0 1.0
vn 0.0 -0.0 1.0
vn 0.0 0.0 1.0
vn 0.0 0.0 1.0
vn 0.0 0.0 1.0
vn 0.0 0.0 1.0
vn 0.0 0.0 1.0
vn 0.0 -0.0 1.0
vn 0.0 0.0 1.0
vn 0.0 0.0 1.0
vn 0.0 0.0 1.0
vn 0.0 -0.0 1.0
vn 0.0 0.0 1.0
vn 0.0 0.0 1.0
vn 0.0 0.0 1.0
vn 0.0 -0.0 1.0
vn 0.0 0.0 1.0
vn 0.0 0.0 1.0
vn 0.0 0.0 1.0
vn 0.0 0.0 1.0
vn 0.0 -0.0 1.0
vn 0.0 0.0 1.0
vn 0.0 0.0 1.0
vn 0.0 0.0 1.0
vn 0.0 -0.0 1.0
vn 0.0 0.0 1.0
vn 0.0 0.0 1.0
vn 0.0 -0.0 1.0
vn 0.0 0.0 1.0
vn 0.0 0.0 1.0
vn 0.0 0.0 1.0
vn 0.0 -0.0 1.0
vn 0.0 0.0 1.0
vn 0.0 0.0 1.0
vn 0.0 0.0 1.0
vn 0.0 0.0 1.0
vn 0.0 -0.0 1.0
vn 0.0 0.0 1.0
vn 0.0 0.0 1.0
vn 0.0 0.0 1.0
vn 0.0 0.0 1.0
vn 0.0 0.0 1.0
vn 0.0 -0.0 1.0
vn 0.0 0.0 1.0
vn 0.0 0.0 1.0
vn 0.0 0.0 1.0
vn 0.0 -0.0 1.0
vn 0.0 0.0 1.0
vn 0.0 0.0 1.0
vn 0.0 0.0 1.0
vn 0.0 -0.0 1.0
vn 0.0 0.0 1.0
vn 0.0 0.0 1.0
vn 0.0 0.0 1.0
vn 0.0 -0.0 1.0
vn 0.0 0.0 1.0
vn 0.0 0.0 1.0
vn 0.0 -0.0 1.0
vn 0.0 0.0 1.0
vn 0.0 0.0 1.0
vn 0.0 0.0 1.0
vn 0.0 -0.0 1.0
vn 0.0 0.0 1.0
vn 0.0 0.0 1.0
vn 0.0 0.0 1.0
vn 0.0 -0.0 1.0
vn 0.0 0.0 1.0
vn 0.0 0.0 1.0
vn 0.0 0.0 1.0
vn 0.0 -0.0 1.0
vn 0.0 0.0 1.0
vn 0.0 0.0 1.0
vn 0.0 0.0 1.0
vn 0.0 0.0 1.0
vn 0.0 0.0 1.0
vn 0.0 -0.0 1.0
vn 0.0 0.0 1.0
vn 0.0 0.0 1.0
vn 0.0 0.0 1.0
vn 0.0 0.0 1.0
vn 0.0 -0.0 1.0
vn 0.0 0.0 1.0
vn 0.0 0.0 1.0
vn 0.0 0.0 1.0
vn 0.0 -0.0 1.0
vn 0.0 0.0 1.0
vn 0.0 0.0 1.0
vn 0.0 0.0 1.0
vn 0.0 -0.0 1.0
vn 0.0 0.0 1.0
vn 0.0 0.0 1.0
vn 0.0 0.0 1.0
vn 0.0 -0.0 1.0
vn 0.0 0.0 1.0
vn 0.0 0.0 1.0
vn 0.0 0.0 1.0
vn 0.0 -0.0 1.0
vn 0.0 0.0 1.0
vn 0.0 0.0 1.0
vn 0.0 0.0 1.0
vn 0.0 -0.0 1.0
vn 0.0 0.0 1.0
vn 0.0 0.0 1.0
vn 0.0 -0.0 1.0
vn 0.0 0.0 1.0
vn 0.0 0.0 1.0
vn 0.0 0.0 1.0
vn 0.0 0.0 1.0
vn 0.0 -0.0 1.0
vn 0.0 0.0 1.0
vn 0.0 0.0 1.0
vn 0.0 -0.0 1.0
vn 0.0 0.0 1.0
vn 0.0 -0.0 1.0
vn 0.0 0.0 1.0
vn 0.0 0.0 1.0
vn 0.0 0.0 1.0
vn 0.0 -0.0 1.0
vn 0.0 0.0 1.0
vn 0.0 0.0 1.0
vn 0.0 0.0 1.0
vn 0.0 -0.0 1.0
vn 0.0 0.0 1.0
vn 0.0 0.0 1.0
vn 0.0 0.0 1.0
vn 0.0 -0.0 1.0
vn 0.0 0.0 1.0
vn 0.0 0.0 1.0
vn 0.0 0.0 1.0
vn 0.0 -0.0 1.0
vn 0.0 0.0 1.0
vn 0.0 0.0 1.0
vn 0.0 0.0 1.0
vn 0.0 0.0 1.0
vn 0.0 -0.0 1.0
vn 0.0 0.0 1.0
vn 0.0 0.0 1.0
vn 0.0 0.0 1.0
vn 0.0 -0.0 1.0
vn 0.0 0.0 1.0
vn 0.0 0.0 1.0
vn 0.0 0.0 1.0
vn 0.0 -0.0 1.0
vn 0.0 0.0 1.0
vn 0.0 0.0 1.0
vn 0.0 0.0 1.0
vn 0.0 -0.0 1.0
vn 0.0 0.0 1.0
vn 0.0 -0.0 1.0
vn 0.0 0.0 1.0
vn 0.0 0.0 1.0
vn 0.0 -0.0 1.0
vn 0.0 0.0 1.0
vn 0.0 0.0 1.0
vn 0.0 0.0 1.0
vn 0.0 -0.0 1.0
vn 0.0 0.0 1.0
vn 0.0 0.0 1.0
vn 0.0 0.0 1.0
vn 0.0 -0.0 1.0
vn 0.0 0.0 1.0
vn 0.0 0.0 1.0
vn 0.0 0.0 1.0
vn 0.0 -0.0 1.0
vn 0.0 0.0 1.0
vn 0.0 0.0 1.0
vn 0.0 0.0 1.0
vn 0.0 -0.0 1.0
vn 0.0 0.0 1.0
vn 0.0 0.0 1.0
vn 0.0 0.0 1.0
vn 0.0 -0.0 1.0
vn 0.0 0.0 1.0
vn 0.0 0.0 1.0
vn 0.0 0.0 1.0
vn 0.0 0.0 1.0
vn 0.0 -0.0 1.0
vn 0.0 0.0 1.0
vn 0.0 0.0 1.0
vn 0.0 0.0 1.0
vn 0.0 -0.0 1.0
vn 0.0 0.0 1.0
vn 0.0 0.0 1.0
vn 0.0 -0.0 1.0
vn 0.0 0.0 1.0
vn 0.0 0.0 1.0
vn 0.0 -0.0 1.0
vn 0.0 0.0 1.0
vn 0.0 0.0 1.0
vn 0.0 0.0 1.0
vn 0.0 -0.0 1.0
vn 0.0 0.0 1.0
vn 0.0 0.0 1.0
vn 0.0 0.0 1.0
vn 0.0 -0.0 1.0
vn 0.0 0.0 1.0
vn 0.0 0.0 1.0
vn 0.0 -0.0 1.0
vn 0.0 0.0 1.0
vn 0.0 0.0 1.0
vn 0.0 0.0 1.0
vn 0.0 -0.0 1.0
vn 0.0 0.0 1.0
vn 0.0 0.0 1.0
vn 0.0 0.0 1.0
vn 0.0 -0.0 1.0
vn 0.0 0.0 1.0
vn 0.0 0.0 1.0
vn 0.0 0.0 1.0
vn 0.0 -0.0 1.0
vn 0.0 0.0 1.0
vn 0.0 0.0 1.0
vn 0.0 0.0 1.0
vn 0.0 -0.0 1.0
vn 0.0 0.0 1.0
vn 0.0 0.0 1.0
vn 0.0 0.0 1.0
vn 0.0 0.0 1.0
vn 0.0 -0.0 1.0
vn 0.0 0.0 1.0
vn 0.0 -0.0 1.0
vn 0.0 0.0 1.0
vn 0.0 0.0 1.0
vn 0.0 0.0 1.0
vn 0.0 -0.0 1.0
vn 0.0 0.0 1.0
vn 0.0 0.0 1.0
vn 0.0 0.0 1.0
vn 0.0 -0.0 1.0
vn 0.0 0.0 1.0
vn 0.0 0.0 1.0
vn 0.0 0.0 1.0
vn 0.0 -0.0 1.0
vn 0.0 0.0 1.0
vn 0.0 0.0 1.0
vn 0.0 0.0 1.0
vn 0.0 -0.0 1.0
vn 0.0 0.0 1.0
vn 0.0 0.0 1.0
vn 0.0 -0.0 1.0
vn 0.0 0.0 1.0
vn 0.0 0.0 1.0
vn 0.0 0.0 1.0
vn 0.0 -0.0 1.0
vn 0.0 0.0 1.0
vn 0.0 0.0 1.0
vn 0.0 0.0 1.0
vn 0.0 -0.0 1.0
vn 0.0 0.0 1.0
vn 0.0 0.0 1.0
vn 0.0 0.0 1.0
vn 0.0 -0.0 1.0
vn 0.0 0.0 1.0
vn 0.0 0.0 1.0
vn 0.0 0.0 1.0
vn 0.0 -0.0 1.0
vn 0.0 0.0 1.0
vn 0.0 0.0 1.0
vn 0.0 -0.0 1.0
vn 0.0 0.0 1.0
vn 0.0 0.0 1.0
vn 0.0 0.0 1.0
vn 0.0 -0.0 1.0
vn 0.0 0.0 1.0
vn 0.0 0.0 1.0
vn 0.0 0.0 1.0
vn 0.0 -0.0 1.0
vn 0.0 0.0 1.0
vn 0.0 0.0 1.0
vn 0.0 0.0 1.0
vn 0.0 -0.0 1.0
vn 0.0 0.0 1.0
vn 0.0 0.0 1.0
vn 0.0 0.0 1.0
vn 0.0 -0.0 1.0
vn 0.0 0.0 1.0
vn 0.0 0.0 1.0
vn 0.0 0.0 1.0
vn 0.0 -0.0 1.0
vn 0.0 0.0 1.0
vn 0.0 0.0 1.0
vn 0.0 -0.0 1.0
vn 0.0 0.0 1.0
vn 0.0 0.0 1.0
vn 0.0 0.0 1.0
vn 0.0 -0.0 1.0
vn 0.0 0.0 1.0
vn -0.0 0.0 1.0
vn 0.0 0.0 1.0
vn 0.0 -0.0 1.0
vn 0.0 0.0 1.0
vn 0.0 0.0 1.0
vn 0.0 0.0 1.0
vn 0.0 -0.0 1.0
vn -0.0 -0.0 1.0
vn 0.0 0.0 1.0
vn 0.0 0.0 1.0
vn 0.0 -0.0 1.0
vn 0.0 0.0 1.0
vn 0.0 0.0 1.0
vn 0.0 0.0 1.0
vn 0.0 0.0 1.0
vn 0.0 -0.0 1.0
vn 0.0 0.0 1.0
vn 0.0 0.0 1.0
vn 0.0 0.0 1.0
vn 0.0 -0.0 1.0
vn 0.0 0.0 1.0
vn 0.0 0.0 1.0
vn 0.0 0.0 1.0
vn 0.0 -0.0 1.0
vn 0.0 0.0 1.0
vn 0.0 0.0 1.0
vn 0.0 0.0 1.0
vn 0.0 -0.0 1.0
vn 0.0 0.0 1.0
vn 0.0 0.0 1.0
vn 0.0 0.0 1.0
vn 0.0 -0.0 1.0
vn 0.0 0.0 1.0
vn 0.0 0.0 1.0
vn 0.0 0.0 1.0
vn 0.0 -0.0 1.0
vn 0.0 0.0 1.0
vn 0.0 0.0 1.0
vn 0.0 -0.0 1.0
vn 0.0 0.0 1.0
vn 0.0 0.0 1.0
vn 0.0 -0.0 1.0
vn 0.0 0.0 1.0
vn 0.0 0.0 1.0
vn 0.0 0.0 1.0
vn 0.0 -0.0 1.0
vn 0.0 0.0 1.0
vn 0.0 0.0 1.0
vn 0.0 0.0 1.0
vn 0.0 -0.0 1.0
vn 0.0 0.0 1.0
vn 0.0 0.0 1.0
vn 0.0 0.0 1.0
vn 0.0 -0.0 1.0
vn 0.0 0.0 1.0
vn 0.0 0.0 1.0
vn 0.0 0.0 1.0
vn 0.0 -0.0 1.0
vn 0.0 0.0 1.0
vn 0.0 0.0 1.0
vn 0.0 0.0 1.0
vn 0.0 -0.0 1.0
vn 0.0 0.0 1.0
vn 0.0 0.0 1.0
vn 0.0 0.0 1.0
vn 0.0 -0.0 1.0
vn 0.0 0.0 1.0
vn 0.0 0.0 1.0
vn 0.0 -0.0 1.0
vn 0.0 0.0 1.0
vn 0.0 0.0 1.0
vn 0.0 0.0 1.0
vn 0.0 0.0 1.0
vn 0.0 -0.0 1.0
vn 0.0 0.0 1.0
vn 0.0 -0.0 1.0
vn 0.0 0.0 1.0
vn 0.0 0.0 1.0
vn 0.0 -0.0 1.0
vn 0.0 0.0 1.0
vn 0.0 0.0 1.0
vn 0.0 0.0 1.0
vn 0.0 0.0 1.0
vn 0.0 -0.0 1.0
vn 0.0 0.0 1.0
vn 0.0 0.0 1.0
vn 0.0 -0.0 1.0
vn 0.0 0.0 1.0
vn 0.0 0.0 1.0
vn 0.0 0.0 1.0
vn 0.0 -0.0 1.0
vn 0.0 0.0 1.0
vn 0.0 0.0 1.0
vn 0.0 0.0 1.0
vn 0.0 0.0 1.0
vn 0.0 -0.0 1.0
vn 0.0 0.0 1.0
vn 0.0 0.0 1.0
vn 0.0 -0.0 1.0
vn 0.0 0.0 1.0
vn 0.0 0.0 1.0
vn 0.0 0.0 1.0
vn 0.0 -0.0 1.0
vn 0.0 0.0 1.0
vn 0.0 0.0 1.0
vn 0.0 0.0 1.0
vn 0.0 -0.0 1.0
vn 0.0 0.0 1.0
vn 0.0 0.0 1.0
vn 0.0 0.0 1.0
vn 0.0 -0.0 1.0
vn 0.0 0.0 1.0
vn 0.0 -0.0 1.0
vn 0.0 0.0 1.0
vn 0.0 0.0 1.0
vn 0.0 0.0 1.0
vn 0.0 -0.0 1.0
vn 0.0 0.0 1.0
vn 0.0 0.0 1.0
vn 0.0 0.0 1.0
vn 0.0 -0.0 1.0
vn 0.0 0.0 1.0
vn 0.0 0.0 1.0
vn 0.0 0.0 1.0
vn 0.0 0.0 1.0
vn 0.0 -0.0 1.0
vn 0.0 0.0 1.0
vn 0.0 0.0 1.0
vn 0.0 -0.0 1.0
vn 0.0 0.0 1.0
vn 0.0 0.0 1.0
vn 0.0 0.0 1.0
vn 0.0 -0.0 1.0
vn 0.0 0.0 1.0
vn 0.0 0.0 1.0
vn 0.0 0.0 1.0
vn 0.0 -0.0 1.0
vn 0.0 0.0 1.0
vn 0.0 0.0 1.0
vn 0.0 0.0 1.0
vn 0.0 -0.0 1.0
vn 0.0 0.0 1.0
vn 0.0 0.0 1.0
vn 0.0 0.0 1.0
vn 0.0 -0.0 1.0
vn 0.0 0.0 1.0
vn 0.0 0.0 1.0
vn 0.0 -0.0 1.0
vn 0.0 0.0 1.0
vn 0.0 0.0 1.0
vn 0.0 0.0 1.0
vn 0.0 -0.0 1.0
vn 0.0 0.0 1.0
vn 0.0 0.0 1.0
vn 0.0 -0.0 1.0
vn 0.0 0.0 1.0
vn 0.0 0.0 1.0
vn 0.0 0.0 1.0
vn 0.0 0.0 1.0
vn 0.0 -0.0 1.0
vn 0.0 0.0 1.0
vn 0.0 0.0 1.0
vn 0.0 -0.0 1.0
vn 0.0 0.0 1.0
vn 0.0 0.0 1.0
vn 0.0 0.0 1.0
vn 0.0 -0.0 1.0
vn 0.0 0.0 1.0
vn 0.0 0.0 1.0
vn 0.0 0.0 1.0
vn 0.0 -0.0 1.0
vn 0.0 0.0 1.0
vn 0.0 0.0 1.0
vn 0.0 0.0 1.0
vn 0.0 -0.0 1.0
vn 0.0 0.0 1.0
vn 0.0 0.0 1.0
vn 0.0 0.0 1.0
vn 0.0 -0.0 1.0
vn 0.0 0.0 1.0
vn 0.0 0.0 1.0
vn 0.0 0.0 1.0
vn 0.0 -0.0 1.0
vn 0.0 0.0 1.0
f 1//1 2//1 3//1 
f 4//2 3//2 5//2 
f 4//3 1//3 3//3 
f 6//4 5//4 7//4 
f 6//5 4//5 5//5 
f 8//6 7//6 9//6 
f 8//7 6//7 7//7 
f 10//8 9//8 11//8 
f 10//9 8//9 9//9 
f 12//10 10//10 11//10 
f 12//11 11//11 13//11 
f 14//12 12//12 13//12 
f 14//13 13//13 15//13 
f 16//14 14//14 15//14 
f 16//15 15//15 17//15 
f 18//16 16//16 17//16 
f 18//17 17//17 19//17 
f 20//18 18//18 19//18 
f 20//19 19//19 21//19 
f 22//20 20//20 21//20 
f 22//21 21//21 23//21 
f 24//22 22//22 23//22 
f 24//23 23//23 25//23 
f 26//24 24//24 25//24 
f 26//25 25//25 27//25 
f 28//26 26//26 27//26 
f 28//27 27//27 29//27 
f 30//28 28//28 29//28 
f 30//29 29//29 31//29 
f 32//30 30//30 31//30 
f 32//31 31//31 33//31 
f 34//32 32//32 33//32 
f 34//33 33//33 35//33 
f 36//34 34//34 35//34 
f 36//35 35//35 37//35 
f 38//36 36//36 37//36 
f 38//37 37//37 39//37 
f 40//38 38//38 39//38 
f 40//39 39//39 41//39 
f 42//40 40//40 41//40 
f 42//41 41//41 43//41 
f 44//42 42//42 43//42 
f 44//43 43//43 45//43 
f 46//44 45//44 47//44 
f 46//45 44//45 45//45 
f 48//46 47//46 49//46 
f 48//47 46//47 47//47 
f 50//48 49//48 51//48 
f 50//49 48//49 49//49 
f 52//50 51//50 53//50 
f 52//51 50//51 51//51 
f 54//52 53//52 55//52 
f 54//53 52//53 53//53 
f 56//54 55//54 57//54 
f 56//55 54//55 55//55 
f 58//56 57//56 59//56 
f 58//57 56//57 57//57 
f 60//58 59//58 61//58 
f 60//59 58//59 59//59 
f 62//60 60//60 61//60 
f 62//61 61//61 63//61 
f 64//62 62//62 63//62 
f 64//63 63//63 65//63 
f 66//64 64//64 65//64 
f 66//65 65//65 67//65 
f 68//66 66//66 67//66 
f 68//67 67//67 69//67 
f 70//68 68//68 69//68 
f 70//69 69//69 71//69 
f 72//70 70//70 71//70 
f 72//71 71//71 73//71 
f 74//72 72//72 73//72 
f 74//73 73//73 75//73 
f 76//74 74//74 75//74 
f 76//75 75//75 77//75 
f 78//76 76//76 77//76 
f 78//77 77//77 79//77 
f 80//78 78//78 79//78 
f 80//79 79//79 81//79 
f 82//80 80//80 81//80 
f 82//81 81//81 83//81 
f 84//82 82//82 83//82 
f 84//83 83//83 85//83 
f 86//84 85//84 87//84 
f 86//85 84//85 85//85 
f 88//86 87//86 89//86 
f 88//87 86//87 87//87 
f 90//88 89//88 91//88 
f 90//89 88//89 89//89 
f 92//90 91//90 93//90 
f 92//91 90//91 91//91 
f 94//92 93//92 95//92 
f 94//93 92//93 93//93 
f 96//94 95//94 97//94 
f 96//95 94//95 95//95 
f 98//96 97//96 99//96 
f 98//97 96//97 97//97 
f 100//98 99//98 101//98 
f 100//99 98//99 99//99 
f 102//100 101//100 103//100 
f 102//101 100//101 101//101 
f 104//102 103//102 105//102 
f 104//103 102//103 103//103 
f 106//104 104//104 105//104 
f 107//105 108//105 109//105 
f 107//106 105//106 108//106 
f 107//107 106//107 105//107 
f 110//108 109//108 111//108 
f 110//109 107//109 109//109 
f 112//110 111//110 113//110 
f 112//111 110//111 111//111 
f 114//112 112//112 113//112 
f 114//113 113//113 115//113 
f 116//114 114//114 115//114 
f 116//115 115//115 117//115 
f 118//116 116//116 117//116 
f 118//117 117//117 119//117 
f 120//118 118//118 119//118 
f 120//119 119//119 121//119 
f 122//120 120//120 121//120 
f 122//121 121//121 123//121 
f 124//122 122//122 123//122 
f 124//123 123//123 125//123 
f 126//124 124//124 125//124 
f 126//125 125//125 127//125 
f 128//126 126//126 127//126 
f 129//127 130//127 131//127 
f 129//128 127//128 130//128 
f 129//129 128//129 127//129 
f 132//130 131//130 133//130 
f 132//131 129//131 131//131 
f 134//132 133//132 135//132 
f 134//133 132//133 133//133 
f 136//134 134//134 135//134 
f 137//135 138//135 139//135 
f 137//136 135//136 138//136 
f 137//137 136//137 135//137 
f 140//138 139//138 141//138 
f 140//139 137//139 139//139 
f 142//140 141//140 143//140 
f 142//141 140//141 141//141 
f 144//142 143//142 145//142 
f 144//143 142//143 143//143 
f 146//144 145//144 147//144 
f 146//145 144//145 145//145 
f 148//146 147//146 149//146 
f 148//147 146//147 147//147 
f 150//148 148//148 149//148 
f 151//149 152//149 153//149 
f 151//150 149//150 152//150 
f 151//151 150//151 149//151 
f 154//152 153//152 155//152 
f 154//153 151//153 153//153 
f 156//154 154//154 155//154 
f 157//155 158//155 159//155 
f 157//156 155//156 158//156 
f 157//157 156//157 155//157 
f 160//158 159//158 161//158 
f 160//159 157//159 159//159 
f 162//160 161//160 163//160 
f 162//161 160//161 161//161 
f 164//162 162//162 163//162 
f 164//163 163//163 165//163 
f 166//164 165//164 167//164 
f 166//165 164//165 165//165 
f 168//166 167//166 169//166 
f 168//167 166//167 167//167 
f 170//168 169//168 171//168 
f 170//169 168//169 169//169 
f 172//170 170//170 171//170 
f 173//171 174//171 175//171 
f 173//172 171//172 174//172 
f 173//173 172//173 171//173 
f 176//174 175//174 177//174 
f 176//175 173//175 175//175 
f 178//176 176//176 177//176 
f 179//177 177//177 180//177 
f 179//178 178//178 177//178 
f 181//179 179//179 180//179 
f 181//180 182//180 183//180 
f 181//181 180//181 182//181 
f 184//182 181//182 183//182 
f 185//183 184//183 183//183 
f 185//184 186//184 187//184 
f 185//185 183//185 186//185 
f 188//186 185//186 187//186 
f 188//187 187//187 189//187 
f 190//188 188//188 189//188 
f 191//189 190//189 189//189 
f 191//190 189//190 192//190 
f 193//191 191//191 192//191 
f 193//192 194//192 195//192 
f 193//193 192//193 194//193 
f 196//194 193//194 195//194 
f 196//195 195//195 197//195 
f 198//196 196//196 197//196 
f 199//197 198//197 197//197 
f 199//198 200//198 201//198 
f 199//199 197//199 200//199 
f 202//200 199//200 201//200 
f 202//201 201//201 203//201 
f 204//202 202//202 203//202 
f 204//203 203//203 205//203 
f 206//204 204//204 205//204 
f 207//205 208//205 209//205 
f 207//206 205//206 208//206 
f 207//207 206//207 205//207 
f 210//208 207//208 209//208 
f 211//209 212//209 213//209 
f 211//210 209//210 212//210 
f 211//211 210//211 209//211 
f 214//212 211//212 213//212 
f 214//213 213//213 215//213 
f 216//214 214//214 215//214 
f 217//215 216//215 215//215 
f 217//216 218//216 219//216 
f 217//217 215//217 218//217 
f 220//218 217//218 219//218 
f 220//219 219//219 221//219 
f 222//220 220//220 221//220 
f 223//221 222//221 221//221 
f 223//222 221//222 224//222 
f 225//223 223//223 224//223 
f 225//224 226//224 227//224 
f 225//225 224//225 226//225 
f 228//226 225//226 227//226 
f 229//227 228//227 227//227 
f 229//228 227//228 230//228 
f 231//229 229//229 230//229 
f 231//230 232//230 233//230 
f 231//231 230//231 232//231 
f 234//232 231//232 233//232 
f 235//233 234//233 233//233 
f 235//234 236//234 237//234 
f 235//235 233//235 236//235 
f 238//236 235//236 237//236 
f 238//237 237//237 239//237 
f 240//238 238//238 239//238 
f 241//239 240//239 239//239 
f 241//240 242//240 243//240 
f 241//241 239//241 242//241 
f 244//242 241//242 243//242 
f 244//243 243//243 245//243 
f 246//244 244//244 245//244 
f 247//245 245//245 248//245 
f 247//246 246//246 245//246 
f 249//247 250//247 251//247 
f 249//248 248//248 250//248 
f 249//249 247//249 248//249 
f 252//250 249//250 251//250 
f 253//251 254//251 255//251 
f 253//252 251//252 254//252 
f 253//253 252//253 251//253 
f 256//254 255//254 257//254 
f 256//255 253//255 255//255 
f 258//256 256//256 257//256 
f 259//257 257//257 260//257 
f 259//258 258//258 257//258 
f 261//259 262//259 263//259 
f 261//260 260//260 262//260 
f 261//261 259//261 260//261 
f 264//262 261//262 263//262 
f 265//263 264//263 263//263 
f 265//264 263//264 266//264 
f 267//265 265//265 266//265 
f 267//266 268//266 269//266 
f 267//267 266//267 268//267 
f 270//268 267//268 269//268 
f 271//269 270//269 269//269 
f 271//270 269//270 272//270 
f 273//271 271//271 272//271 
f 273//272 274//272 275//272 
f 273//273 272//273 274//273 
f 276//274 273//274 275//274 
f 277//275 276//275 275//275 
f 277//276 275//276 278//276 
f 279//277 277//277 278//277 
f 279//278 280//278 281//278 
f 279//279 278//279 280//279 
f 282//280 279//280 281//280 
f 282//281 281//281 283//281 
f 284//282 282//282 283//282 
f 285//283 284//283 283//283 
f 285//284 283//284 286//284 
f 287//285 285//285 286//285 
f 287//286 286//286 288//286 
f 289//287 288//287 290//287 
f 289//288 287//288 288//288 
f 291//289 292//289 293//289 
f 291//290 290//290 292//290 
f 291//291 289//291 290//291 
f 294//292 293//292 295//292 
f 294//293 291//293 293//293 
f 296//294 294//294 295//294 
f 297//295 298//295 299//295 
f 297//296 295//296 298//296 
f 297//297 296//297 295//297 
f 300//298 297//298 299//298 
f 301//299 299//299 302//299 
f 301//300 300//300 299//300 
f 303//301 304//301 305//301 
f 303//302 302//302 304//302 
f 303//303 301//303 302//303 
f 306//304 305//304 307//304 
f 306//305 303//305 305//305 
f 308//306 306//306 307//306 
f 309//307 310//307 311//307 
f 309//308 307//308 310//308 
f 309//309 308//309 307//309 
f 312//310 311//310 313//310 
f 312//311 309//311 311//311 
f 314//312 312//312 313//312 
f 315//313 314//313 313//313 
f 315//314 313//314 316//314 
f 317//315 315//315 316//315 
f 317//316 318//316 319//316 
f 317//317 316//317 318//317 
f 320//318 317//318 319//318 
f 321//319 320//319 319//319 
f 321//320 322//320 323//320 
f 321//321 319//321 322//321 
f 324//322 321//322 323//322 
f 324//323 323//323 325//323 
f 326//324 324//324 325//324 
f 327//325 326//325 325//325 
f 327//326 328//326 329//326 
f 327//327 325//327 328//327 
f 330//328 327//328 329//328 
f 331//329 332//329 333//329 
f 331//330 329//330 332//330 
f 331//331 330//331 329//331 
f 334//332 331//332 333//332 
f 335//333 336//333 337//333 
f 335//334 333//334 336//334 
f 335//335 334//335 333//335 
f 338//336 335//336 337//336 
f 339//337 340//337 341//337 
f 339//338 337//338 340//338 
f 339//339 338//339 337//339 
f 342//340 339//340 341//340 
f 343//341 341//341 344//341 
f 343//342 342//342 341//342 
f 345//343 344//343 346//343 
f 345//344 343//344 344//344 
f 347//345 348//345 349//345 
f 347//346 346//346 348//346 
f 347//347 345//347 346//347 
f 350//348 347//348 349//348 
f 351//349 349//349 352//349 
f 351//350 350//350 349//350 
f 353//351 354//351 355//351 
f 353//352 352//352 354//352 
f 353//353 351//353 352//353 
f 356//354 355//354 357//354 
f 356//355 353//355 355//355 
f 358//356 357//356 359//356 
f 358//357 356//357 357//357 
f 360//358 358//358 359//358 
f 361//359 362//359 363//359 
f 361//360 359//360 362//360 
f 361//361 360//361 359//361 
f 364//362 361//362 363//362 
f 365//363 364//363 363//363 
f 365//364 366//364 367//364 
f 365//365 363//365 366//365 
f 368//366 365//366 367//366 
f 369//367 370//367 371//367 
f 369//368 367//368 370//368 
f 369//369 368//369 367//369 
f 372//370 371//370 373//370 
f 372//371 369//371 371//371 
f 374//372 373//372 375//372 
f 374//373 372//373 373//373 
f 376//374 374//374 375//374 
f 377//375 378//375 379//375 
f 377//376 375//376 378//376 
f 377//377 376//377 375//377 
f 380//378 377//378 379//378 
f 380//379 379//379 381//379 
f 382//380 381//380 383//380 
f 382//381 380//381 381//381 
f 384//382 383//382 385//382 
f 384//383 382//383 383//383 
f 386//384 385//384 387//384 
f 386//385 384//385 385//385 
f 388//386 387//386 389//386 
f 388//387 386//387 387//387 
f 390//388 388//388 389//388 
f 390//389 389//389 391//389 
f 392//390 390//390 391//390 
f 392//391 391//391 393//391 
f 394//392 392//392 393//392 
f 394//393 393//393 395//393 
f 396//394 394//394 395//394 
f 396//395 395//395 397//395 
f 398//396 396//396 397//396 
f 398//397 397//397 399//397 
f 400//398 398//398 399//398 
f 400//399 399//399 401//399 
f 402//400 400//400 401//400 
f 402//401 401//401 403//401 
f 404//402 402//402 403//402 
f 404//403 403//403 405//403 
f 406//404 404//404 405//404 
f 406//405 405//405 407//405 
f 408//406 406//406 407//406 
f 408//407 407//407 409//407 
f 410//408 408//408 409//408 
f 410//409 409//409 411//409 
f 412//410 410//410 411//410 
f 412//411 411//411 413//411 
f 414//412 412//412 413//412 
f 414//413 413//413 415//413 
f 416//414 414//414 415//414 
f 416//415 415//415 417//415 
f 418//416 416//416 417//416 
f 418//417 417//417 419//417 
f 420//418 418//418 419//418 
f 420//419 419//419 421//419 
f 422//420 420//420 421//420 
f 422//421 421//421 423//421 
f 424//422 423//422 425//422 
f 424//423 422//423 423//423 
f 426//424 425//424 427//424 
f 426//425 424//425 425//425 
f 428//426 427//426 429//426 
f 428//427 426//427 427//427 
f 430//428 429//428 431//428 
f 430//429 428//429 429//429 
f 432//430 431//430 433//430 
f 432//431 430//431 431//431 
f 434//432 433//432 435//432 
f 434//433 432//433 433//433 
f 436//434 435//434 437//434 
f 436//435 434//435 435//435 
f 438//436 437//436 439//436 
f 438//437 436//437 437//437 
f 440//438 438//438 439//438 
f 440//439 439//439 441//439 
f 442//440 440//440 441//440 
f 442//441 441//441 443//441 
f 444//442 442//442 443//442 
f 444//443 443//443 445//443 
f 446//444 444//444 445//444 
f 446//445 445//445 447//445 
f 448//446 446//446 447//446 
f 448//447 447//447 449//447 
f 450//448 448//448 449//448 
f 450//449 449//449 451//449 
f 452//450 450//450 451//450 
f 452//451 451//451 453//451 
f 454//452 452//452 453//452 
f 454//453 453//453 455//453 
f 456//454 454//454 455//454 
f 456//455 455//455 457//455 
f 458//456 456//456 457//456 
f 458//457 457//457 459//457 
f 460//458 458//458 459//458 
f 460//459 459//459 461//459 
f 462//460 460//460 461//460 
f 462//461 461//461 463//461 
f 464//462 463//462 465//462 
f 464//463 462//463 463//463 
f 466//464 465//464 467//464 
f 466//465 464//465 465//465 
f 468//466 467//466 469//466 
f 468//467 466//467 467//467 
f 470//468 469//468 471//468 
f 470//469 468//469 469//469 
f 472//470 471//470 473//470 
f 472//471 470//471 471//471 
f 474//472 473//472 475//472 
f 474//473 472//473 473//473 
f 476//474 475//474 477//474 
f 476//475 474//475 475//475 
f 478//476 477//476 479//476 
f 478//477 476//477 477//477 
f 480//478 479//478 481//478 
f 480//479 478//479 479//479 
f 482//480 481//480 483//480 
f 482//481 480//481 481//481 
f 484//482 482//482 483//482 
f 485//483 486//483 487//483 
f 485//484 483//484 486//484 
f 485//485 484//485 483//485 
f 488//486 485//486 487//486 
f 489//487 490//487 491//487 
f 489//488 487//488 490//488 
f 489//489 488//489 487//489 
f 492//490 489//490 491//490 
f 492//491 491//491 493//491 
f 494//492 492//492 493//492 
f 494//493 493//493 495//493 
f 496//494 494//494 495//494 
f 496//495 495//495 497//495 
f 498//496 496//496 497//496 
f 498//497 497//497 499//497 
f 500//498 498//498 499//498 
f 501//499 500//499 499//499 
f 501//500 502//500 503//500 
f 501//501 499//501 502//501 
f 504//502 501//502 503//502 
f 504//503 503//503 505//503 
f 506//504 505//504 507//504 
f 506//505 504//505 505//505 
f 508//506 507//506 509//506 
f 508//507 506//507 507//507 
f 510//508 509//508 511//508 
f 510//509 508//509 509//509 
f 512//510 511//510 513//510 
f 512//511 510//511 511//511 
f 514//512 513//512 515//512 
f 514//513 512//513 513//513 
f 516//514 515//514 517//514 
f 516//515 514//515 515//515 
f 518//516 517//516 519//516 
f 518//517 516//517 517//517 
f 520//518 519//518 521//518 
f 520//519 518//519 519//519 
f 522//520 520//520 521//520 
f 523//521 524//521 525//521 
f 523//522 521//522 524//522 
f 523//523 522//523 521//523 
f 526//524 525//524 527//524 
f 526//525 523//525 525//525 
f 528//526 526//526 527//526 
f 529//527 530//527 531//527 
f 529//528 527//528 530//528 
f 529//529 528//529 527//529 
f 532//530 531//530 533//530 
f 532//531 529//531 531//531 
f 534//532 533//532 535//532 
f 534//533 532//533 533//533 
f 536//534 535//534 537//534 
f 536//535 534//535 535//535 
f 538//536 537//536 539//536 
f 538//537 536//537 537//537 
f 540//538 539//538 541//538 
f 540//539 538//539 539//539 
f 542//540 540//540 541//540 
f 542//541 541//541 543//541 
f 544//542 543//542 545//542 
f 544//543 542//543 543//543 
f 546//544 544//544 545//544 
f 547//545 545//545 548//545 
f 547//546 546//546 545//546 
f 549//547 550//547 551//547 
f 549//548 548//548 550//548 
f 549//549 547//549 548//549 
f 552//550 549//550 551//550 
f 553//551 554//551 555//551 
f 553//552 551//552 554//552 
f 553//553 552//553 551//553 
f 556//554 555//554 557//554 
f 556//555 553//555 555//555 
f 558//556 556//556 557//556 
f 559//557 558//557 557//557 
f 559//558 560//558 561//558 
f 559//559 557//559 560//559 
f 562//560 559//560 561//560 
f 562//561 561//561 563//561 
f 564//562 562//562 563//562 
f 565//563 564//563 563//563 
f 565//564 566//564 567//564 
f 565//565 563//565 566//565 
f 568//566 565//566 567//566 
f 568//567 567//567 569//567 
f 570//568 568//568 569//568 
f 571//569 570//569 569//569 
f 571//570 572//570 573//570 
f 571//571 569//571 572//571 
f 574//572 571//572 573//572 
f 574//573 573//573 575//573 
f 576//574 574//574 575//574 
f 577//575 576//575 575//575 
f 577//576 578//576 579//576 
f 577//577 575//577 578//577 
f 580//578 577//578 579//578 
f 580//579 579//579 581//579 
f 582//580 580//580 581//580 
f 583//581 582//581 581//581 
f 583//582 584//582 585//582 
f 583//583 581//583 584//583 
f 586//584 583//584 585//584 
f 587//585 588//585 589//585 
f 587//586 585//586 588//586 
f 587//587 586//587 585//587 
f 590//588 587//588 589//588 
f 591//589 590//589 589//589 
f 591//590 592//590 593//590 
f 591//591 589//591 592//591 
f 594//592 591//592 593//592 
f 595//593 594//593 593//593 
f 595//594 596//594 597//594 
f 595//595 593//595 596//595 
f 598//596 595//596 597//596 
f 598//597 597//597 599//597 
f 600//598 598//598 599//598 
f 601//599 600//599 599//599 
f 601//600 602//600 603//600 
f 601//601 599//601 602//601 
f 604//602 601//602 603//602 
f 604//603 603//603 605//603 
f 606//604 604//604 605//604 
f 607//605 606//605 605//605 
f 607//606 605//606 608//606 
f 609//607 607//607 608//607 
f 609//608 610//608 611//608 
f 609//609 608//609 610//609 
f 612//610 609//610 611//610 
f 613//611 612//611 611//611 
f 613//612 614//612 615//612 
f 613//613 611//613 614//613 
f 616//614 613//614 615//614 
f 616//615 615//615 617//615 
f 618//616 616//616 617//616 
f 619//617 618//617 617//617 
f 619//618 620//618 621//618 
f 619//619 617//619 620//619 
f 622//620 619//620 621//620 
f 622//621 621//621 623//621 
f 624//622 622//622 623//622 
f 625//623 623//623 626//623 
f 625//624 624//624 623//624 
f 627//625 628//625 629//625 
f 627//626 626//626 628//626 
f 627//627 625//627 626//627 
f 630//628 627//628 629//628 
f 631//629 629//629 632//629 
f 631//630 630//630 629//630 
f 633//631 634//631 635//631 
f 633//632 632//632 634//632 
f 633//633 631//633 632//633 
f 636//634 633//634 635//634 
f 637//635 638//635 639//635 
f 637//636 635//636 638//636 
f 637//637 636//637 635//637 
f 640//638 639//638 641//638 
f 640//639 637//639 639//639 
f 642//640 640//640 641//640 
f 643//641 642//641 641//641 
f 643//642 641//642 644//642 
f 645//643 643//643 644//643 
f 645//644 644//644 646//644 
f 647//645 645//645 646//645 
f 647//646 646//646 648//646 
f 649//647 647//647 648//647 
f 649//648 648//648 650//648 
f 651//649 649//649 650//649 
f 651//650 650//650 652//650 
f 653//651 651//651 652//651 
f 653//652 654//652 655//652 
f 653//653 652//653 654//653 
f 656//654 653//654 655//654 
f 657//655 656//655 655//655 
f 657//656 658//656 659//656 
f 657//657 655//657 658//657 
f 660//658 657//658 659//658 
f 660//659 659//659 661//659 
f 662//660 660//660 661//660 
f 663//661 662//661 661//661 
f 663//662 664//662 665//662 
f 663//663 661//663 664//663 
f 666//664 665//664 667//664 
f 666//665 663//665 665//665 
f 668//666 666//666 667//666 
f 669//667 667//667 670//667 
f 669//668 668//668 667//668 
f 671//669 672//669 673//669 
f 671//670 670//670 672//670 
f 671//671 669//671 670//671 
f 674//672 671//672 673//672 
f 675//673 673//673 676//673 
f 675//674 674//674 673//674 
f 677//675 678//675 679//675 
f 677//676 676//676 678//676 
f 677//677 675//677 676//677 
f 680//678 679//678 681//678 
f 680//679 677//679 679//679 
f 682//680 680//680 681//680 
f 683//681 684//681 685//681 
f 683//682 681//682 684//682 
f 683//683 682//683 681//683 
f 686//684 683//684 685//684 
f 687//685 685//685 688//685 
f 687//686 686//686 685//686 
f 689//687 688//687 690//687 
f 689//688 687//688 688//688 
f 691//689 692//689 693//689 
f 691//690 690//690 692//690 
f 691//691 689//691 690//691 
f 694//692 691//692 693//692 
f 695//693 694//693 693//693 
f 695//694 696//694 697//694 
f 695//695 693//695 696//695 
f 698//696 697//696 699//696 
f 698//697 695//697 697//697 
f 700//698 698//698 699//698 
f 701//699 700//699 699//699 
f 701//700 702//700 703//700 
f 701//701 699//701 702//701 
f 704//702 701//702 703//702 
f 704//703 703//703 705//703 
f 706//704 705//704 707//704 
f 706//705 704//705 705//705 
f 708//706 706//706 707//706 
f 709//707 707//707 710//707 
f 709//708 708//708 707//708 
f 711//709 710//709 712//709 
f 711//710 709//710 710//710 
f 713//711 712//711 714//711 
f 713//712 711//712 712//712 
f 715//713 716//713 717//713 
f 715//714 714//714 716//714 
f 715//715 713//715 714//715 
f 718//716 715//716 717//716 
f 719//717 717//717 720//717 
f 719//718 718//718 717//718 
f 721//719 720//719 722//719 
f 721//720 719//720 720//720 
f 723//721 724//721 725//721 
f 723//722 722//722 724//722 
f 723//723 721//723 722//723 
f 726//724 725//724 727//724 
f 726//725 723//725 725//725 
f 728//726 727//726 729//726 
f 728//727 726//727 727//727 
f 730//728 729//728 731//728 
f 730//729 728//729 729//729 
f 732//730 730//730 731//730 
f 733//731 731//731 734//731 
f 733//732 732//732 731//732 
f 735//733 734//733 736//733 
f 735//734 733//734 734//734 
f 737//735 736//735 738//735 
f 737//736 735//736 736//736 
f 739//737 738//737 740//737 
f 739//738 737//738 738//738 
f 741//739 740//739 742//739 
f 741//740 739//740 740//740 
f 743//741 742//741 744//741 
f 743//742 741//742 742//742 
f 745//743 743//743 744//743 
f 745//744 744//744 746//744 
f 747//745 745//745 746//745 
f 747//746 748//746 749//746 
f 747//747 746//747 748//747 
f 750//748 749//748 751//748 
f 750//749 747//749 749//749 
f 752//750 751//750 753//750 
f 752//751 750//751 751//751 
f 754//752 752//752 753//752 
f 755//753 756//753 2//753 
f 755//754 753//754 756//754 
f 755//755 754//755 753//755 
f 1//756 755//756 2//756 
f 757//757 758//757 759//757 
f 759//758 758//758 760//758 
f 760//759 761//759 762//759 
f 758//760 761//760 760//760 
f 762//761 763//761 764//761 
f 761//762 763//762 762//762 
f 764//763 765//763 766//763 
f 763//764 765//764 764//764 
f 766//765 767//765 768//765 
f 765//766 767//766 766//766 
f 768//767 769//767 770//767 
f 767//768 769//768 768//768 
f 770//769 771//769 772//769 
f 769//770 771//770 770//770 
f 772//771 773//771 774//771 
f 771//772 773//772 772//772 
f 774//773 775//773 776//773 
f 773//774 775//774 774//774 
f 776//775 777//775 778//775 
f 775//776 777//776 776//776 
f 778//777 779//777 780//777 
f 777//778 779//778 778//778 
f 780//779 781//779 782//779 
f 779//780 781//780 780//780 
f 782//781 783//781 784//781 
f 781//782 783//782 782//782 
f 784//783 785//783 786//783 
f 783//784 785//784 784//784 
f 786//785 787//785 788//785 
f 785//786 787//786 786//786 
f 787//787 789//787 788//787 
f 788//788 789//788 790//788 
f 789//789 791//789 790//789 
f 790//790 791//790 792//790 
f 791//791 793//791 792//791 
f 792//792 793//792 794//792 
f 793//793 795//793 794//793 
f 794//794 795//794 796//794 
f 796//795 797//795 798//795 
f 795//796 797//796 796//796 
f 798//797 799//797 800//797 
f 797//798 799//798 798//798 
f 800//799 801//799 802//799 
f 799//800 801//800 800//800 
f 802//801 803//801 804//801 
f 801//802 803//802 802//802 
f 804//803 805//803 806//803 
f 803//804 805//804 804//804 
f 806//805 807//805 808//805 
f 805//806 807//806 806//806 
f 808//807 809//807 810//807 
f 807//808 809//808 808//808 
f 810//809 811//809 812//809 
f 809//810 811//810 810//810 
f 812//811 813//811 814//811 
f 811//812 813//812 812//812 
f 814//813 815//813 816//813 
f 813//814 815//814 814//814 
f 816//815 817//815 818//815 
f 815//816 817//816 816//816 
f 818//817 819//817 820//817 
f 817//818 819//818 818//818 
f 820//819 821//819 822//819 
f 819//820 821//820 820//820 
f 822//821 823//821 824//821 
f 821//822 823//822 822//822 
f 824//823 825//823 826//823 
f 823//824 825//824 824//824 
f 826//825 827//825 828//825 
f 825//826 827//826 826//826 
f 828//827 829//827 830//827 
f 827//828 829//828 828//828 
f 830//829 831//829 832//829 
f 829//830 831//830 830//830 
f 832//831 833//831 834//831 
f 831//832 833//832 832//832 
f 834//833 835//833 836//833 
f 833//834 835//834 834//834 
f 836//835 837//835 838//835 
f 835//836 837//836 836//836 
f 837//837 839//837 838//837 
f 838//838 839//838 840//838 
f 839//839 841//839 840//839 
f 840//840 841//840 842//840 
f 841//841 843//841 842//841 
f 842//842 843//842 844//842 
f 843//843 845//843 844//843 
f 844//844 845//844 846//844 
f 845//845 847//845 846//845 
f 846//846 847//846 848//846 
f 847//847 849//847 848//847 
f 848//848 849//848 850//848 
f 849//849 851//849 850//849 
f 850//850 851//850 852//850 
f 851//851 853//851 852//851 
f 852//852 853//852 854//852 
f 853//853 855//853 854//853 
f 854//854 855//854 856//854 
f 855//855 857//855 856//855 
f 856//856 857//856 858//856 
f 857//857 859//857 858//857 
f 858//858 859//858 860//858 
f 859//859 861//859 860//859 
f 860//860 861//860 862//860 
f 861//861 863//861 862//861 
f 862//862 863//862 864//862 
f 864//863 865//863 866//863 
f 863//864 865//864 864//864 
f 866//865 867//865 868//865 
f 865//866 867//866 866//866 
f 868//867 869//867 870//867 
f 870//868 869//868 871//868 
f 867//869 869//869 868//869 
f 869//870 872//870 871//870 
f 871//871 873//871 874//871 
f 872//872 873//872 871//872 
f 874//873 875//873 876//873 
f 873//874 875//874 874//874 
f 876//875 877//875 878//875 
f 875//876 877//876 876//876 
f 878//877 879//877 880//877 
f 877//878 879//878 878//878 
f 880//879 881//879 882//879 
f 879//880 881//880 880//880 
f 882//881 883//881 884//881 
f 881//882 883//882 882//882 
f 884//883 885//883 886//883 
f 883//884 885//884 884//884 
f 886//885 887//885 888//885 
f 885//886 887//886 886//886 
f 887//887 889//887 888//887 
f 888//888 889//888 890//888 
f 890//889 889//889 891//889 
f 889//890 892//890 891//890 
f 892//891 893//891 891//891 
f 891//892 893//892 894//892 
f 893//893 895//893 894//893 
f 894//894 895//894 896//894 
f 895//895 897//895 896//895 
f 896//896 897//896 898//896 
f 897//897 899//897 898//897 
f 898//898 899//898 900//898 
f 900//899 899//899 901//899 
f 899//900 902//900 901//900 
f 901//901 902//901 903//901 
f 902//902 904//902 903//902 
f 903//903 904//903 905//903 
f 904//904 906//904 905//904 
f 906//905 907//905 905//905 
f 905//906 907//906 908//906 
f 907//907 909//907 908//907 
f 908//908 909//908 910//908 
f 910//909 909//909 911//909 
f 909//910 912//910 911//910 
f 912//911 913//911 911//911 
f 911//912 913//912 914//912 
f 914//913 913//913 915//913 
f 913//914 916//914 915//914 
f 916//915 917//915 915//915 
f 915//916 917//916 918//916 
f 918//917 917//917 919//917 
f 917//918 920//918 919//918 
f 919//919 920//919 921//919 
f 920//920 922//920 921//920 
f 921//921 922//921 923//921 
f 922//922 924//922 923//922 
f 924//923 925//923 923//923 
f 923//924 925//924 926//924 
f 926//925 925//925 927//925 
f 925//926 928//926 927//926 
f 927//927 928//927 929//927 
f 928//928 930//928 929//928 
f 929//929 930//929 931//929 
f 930//930 932//930 931//930 
f 931//931 933//931 934//931 
f 934//932 933//932 935//932 
f 932//933 933//933 931//933 
f 935//934 936//934 937//934 
f 933//935 936//935 935//935 
f 936//936 938//936 937//936 
f 938//937 939//937 937//937 
f 937//938 939//938 940//938 
f 939//939 941//939 940//939 
f 940//940 941//940 942//940 
f 942//941 941//941 943//941 
f 941//942 944//942 943//942 
f 944//943 945//943 943//943 
f 943//944 945//944 946//944 
f 946//945 945//945 947//945 
f 945//946 948//946 947//946 
f 947//947 948//947 949//947 
f 948//948 950//948 949//948 
f 949//949 950//949 951//949 
f 950//950 952//950 951//950 
f 951//951 952//951 953//951 
f 952//952 954//952 953//952 
f 955//953 956//953 957//953 
f 954//954 956//954 953//954 
f 953//955 956//955 955//955 
f 956//956 958//956 957//956 
f 957//957 959//957 960//957 
f 960//958 959//958 961//958 
f 958//959 959//959 957//959 
f 961//960 962//960 963//960 
f 959//961 962//961 961//961 
f 963//962 964//962 965//962 
f 962//963 964//963 963//963 
f 965//964 966//964 967//964 
f 964//965 966//965 965//965 
f 966//966 968//966 967//966 
f 967//967 969//967 970//967 
f 968//968 969//968 967//968 
f 970//969 971//969 972//969 
f 969//970 971//970 970//970 
f 972//971 973//971 974//971 
f 974//972 973//972 975//972 
f 971//973 973//973 972//973 
f 975//974 976//974 977//974 
f 973//975 976//975 975//975 
f 976//976 978//976 977//976 
f 977//977 979//977 980//977 
f 980//978 979//978 981//978 
f 978//979 979//979 977//979 
f 981//980 982//980 983//980 
f 979//981 982//981 981//981 
f 983//982 984//982 985//982 
f 982//983 984//983 983//983 
f 985//984 986//984 987//984 
f 984//985 986//985 985//985 
f 987//986 988//986 989//986 
f 986//987 988//987 987//987 
f 989//988 990//988 991//988 
f 988//989 990//989 989//989 
f 990//990 992//990 991//990 
f 992//991 993//991 991//991 
f 991//992 993//992 994//992 
f 994//993 993//993 995//993 
f 993//994 996//994 995//994 
f 995//995 996//995 997//995 
f 996//996 998//996 997//996 
f 997//997 998//997 999//997 
f 998//998 1000//998 999//998 
f 999//999 1000//999 1001//999 
f 1001//1000 1002//1000 1003//1000 
f 1000//1001 1002//1001 1001//1001 
f 1003//1002 1004//1002 1005//1002 
f 1002//1003 1004//1003 1003//1003 
f 1005//1004 1006//1004 1007//1004 
f 1004//1005 1006//1005 1005//1005 
f 1007//1006 1008//1006 1009//1006 
f 1006//1007 1008//1007 1007//1007 
f 1009//1008 1010//1008 1011//1008 
f 1008//1009 1010//1009 1009//1009 
f 1010//1010 1012//1010 1011//1010 
f 1011//1011 1013//1011 1014//1011 
f 1014//1012 1013//1012 1015//1012 
f 1012//1013 1013//1013 1011//1013 
f 1015//1014 1016//1014 1017//1014 
f 1013//1015 1016//1015 1015//1015 
f 1017//1016 1018//1016 1019//1016 
f 1016//1017 1018//1017 1017//1017 
f 1019//1018 1020//1018 1021//1018 
f 1018//1019 1020//1019 1019//1019 
f 1021//1020 1022//1020 1023//1020 
f 1020//1021 1022//1021 1021//1021 
f 1023//1022 1024//1022 1025//1022 
f 1022//1023 1024//1023 1023//1023 
f 1025//1024 1026//1024 1027//1024 
f 1024//1025 1026//1025 1025//1025 
f 1026//1026 1028//1026 1027//1026 
f 1027//1027 1029//1027 1030//1027 
f 1030//1028 1029//1028 1031//1028 
f 1028//1029 1029//1029 1027//1029 
f 1031//1030 1032//1030 1033//1030 
f 1029//1031 1032//1031 1031//1031 
f 1033//1032 1034//1032 1035//1032 
f 1032//1033 1034//1033 1033//1033 
f 1035//1034 1036//1034 1037//1034 
f 1034//1035 1036//1035 1035//1035 
f 1036//1036 1038//1036 1037//1036 
f 1038//1037 1039//1037 1037//1037 
f 1037//1038 1039//1038 1040//1038 
f 1040//1039 1039//1039 1041//1039 
f 1041//1040 1042//1040 1043//1040 
f 1039//1041 1042//1041 1041//1041 
f 1042//1042 1044//1042 1043//1042 
f 1044//1043 1045//1043 1043//1043 
f 1043//1044 1045//1044 1046//1044 
f 1046//1045 1045//1045 1047//1045 
f 1045//1046 1048//1046 1047//1046 
f 1047//1047 1048//1047 1049//1047 
f 1048//1048 1050//1048 1049//1048 
f 1049//1049 1050//1049 1051//1049 
f 1050//1050 1052//1050 1051//1050 
f 1051//1051 1052//1051 1053//1051 
f 1052//1052 1054//1052 1053//1052 
f 1053//1053 1054//1053 1055//1053 
f 1054//1054 1056//1054 1055//1054 
f 1055//1055 1056//1055 1057//1055 
f 1056//1056 1058//1056 1057//1056 
f 1057//1057 1058//1057 1059//1057 
f 1058//1058 1060//1058 1059//1058 
f 1060//1059 1061//1059 1059//1059 
f 1059//1060 1061//1060 1062//1060 
f 1062//1061 1061//1061 1063//1061 
f 1061//1062 1064//1062 1063//1062 
f 1063//1063 1064//1063 1065//1063 
f 1064//1064 1066//1064 1065//1064 
f 1065//1065 1066//1065 1067//1065 
f 1067//1066 1068//1066 1069//1066 
f 1066//1067 1068//1067 1067//1067 
f 1069//1068 1070//1068 1071//1068 
f 1068//1069 1070//1069 1069//1069 
f 1071//1070 1072//1070 1073//1070 
f 1070//1071 1072//1071 1071//1071 
f 1072//1072 1074//1072 1073//1072 
f 1073//1073 1075//1073 1076//1073 
f 1074//1074 1075//1074 1073//1074 
f 1076//1075 1077//1075 1078//1075 
f 1078//1076 1077//1076 1079//1076 
f 1075//1077 1077//1077 1076//1077 
f 1079//1078 1080//1078 1081//1078 
f 1077//1079 1080//1079 1079//1079 
f 1080//1080 1082//1080 1081//1080 
f 1081//1081 1083//1081 1084//1081 
f 1084//1082 1083//1082 1085//1082 
f 1082//1083 1083//1083 1081//1083 
f 1083//1084 1086//1084 1085//1084 
f 1085//1085 1087//1085 1088//1085 
f 1088//1086 1087//1086 1089//1086 
f 1086//1087 1087//1087 1085//1087 
f 1087//1088 1090//1088 1089//1088 
f 1089//1089 1090//1089 1091//1089 
f 1090//1090 1092//1090 1091//1090 
f 1092//1091 1093//1091 1091//1091 
f 1091//1092 1093//1092 1094//1092 
f 1094//1093 1093//1093 1095//1093 
f 1093//1094 1096//1094 1095//1094 
f 1095//1095 1096//1095 1097//1095 
f 1097//1096 1098//1096 1099//1096 
f 1096//1097 1098//1097 1097//1097 
f 1099//1098 1100//1098 1101//1098 
f 1098//1099 1100//1099 1099//1099 
f 1101//1100 1102//1100 1103//1100 
f 1100//1101 1102//1101 1101//1101 
f 1103//1102 1104//1102 1105//1102 
f 1102//1103 1104//1103 1103//1103 
f 1105//1104 1106//1104 1107//1104 
f 1104//1105 1106//1105 1105//1105 
f 1107//1106 1108//1106 1109//1106 
f 1106//1107 1108//1107 1107//1107 
f 1109//1108 1110//1108 1111//1108 
f 1108//1109 1110//1109 1109//1109 
f 1111//1110 1112//1110 1113//1110 
f 1110//1111 1112//1111 1111//1111 
f 1113//1112 1114//1112 1115//1112 
f 1112//1113 1114//1113 1113//1113 
f 1115//1114 1116//1114 1117//1114 
f 1114//1115 1116//1115 1115//1115 
f 1117//1116 1118//1116 1119//1116 
f 1116//1117 1118//1117 1117//1117 
f 1119//1118 1120//1118 1121//1118 
f 1118//1119 1120//1119 1119//1119 
f 1121//1120 1122//1120 1123//1120 
f 1120//1121 1122//1121 1121//1121 
f 1123//1122 1124//1122 1125//1122 
f 1122//1123 1124//1123 1123//1123 
f 1124//1124 1126//1124 1125//1124 
f 1125//1125 1126//1125 1127//1125 
f 1126//1126 1128//1126 1127//1126 
f 1127//1127 1128//1127 1129//1127 
f 1128//1128 1130//1128 1129//1128 
f 1129//1129 1130//1129 1131//1129 
f 1130//1130 1132//1130 1131//1130 
f 1131//1131 1132//1131 1133//1131 
f 1132//1132 1134//1132 1133//1132 
f 1133//1133 1134//1133 1135//1133 
f 1134//1134 1136//1134 1135//1134 
f 1135//1135 1136//1135 1137//1135 
f 1137//1136 1138//1136 1139//1136 
f 1136//1137 1138//1137 1137//1137 
f 1139//1138 1140//1138 1141//1138 
f 1138//1139 1140//1139 1139//1139 
f 1141//1140 1142//1140 1143//1140 
f 1140//1141 1142//1141 1141//1141 
f 1143//1142 1144//1142 1145//1142 
f 1142//1143 1144//1143 1143//1143 
f 1145//1144 1146//1144 1147//1144 
f 1144//1145 1146//1145 1145//1145 
f 1147//1146 1148//1146 1149//1146 
f 1146//1147 1148//1147 1147//1147 
f 1149//1148 1150//1148 1151//1148 
f 1148//1149 1150//1149 1149//1149 
f 1151//1150 1152//1150 1153//1150 
f 1150//1151 1152//1151 1151//1151 
f 1153//1152 1154//1152 1155//1152 
f 1152//1153 1154//1153 1153//1153 
f 1155//1154 1156//1154 1157//1154 
f 1154//1155 1156//1155 1155//1155 
f 1157//1156 1158//1156 1159//1156 
f 1156//1157 1158//1157 1157//1157 
f 1159//1158 1160//1158 1161//1158 
f 1158//1159 1160//1159 1159//1159 
f 1161//1160 1162//1160 1163//1160 
f 1160//1161 1162//1161 1161//1161 
f 1163//1162 1164//1162 1165//1162 
f 1162//1163 1164//1163 1163//1163 
f 1165//1164 1166//1164 1167//1164 
f 1164//1165 1166//1165 1165//1165 
f 1167//1166 1168//1166 1169//1166 
f 1166//1167 1168//1167 1167//1167 
f 1169//1168 1170//1168 1171//1168 
f 1168//1169 1170//1169 1169//1169 
f 1171//1170 1172//1170 1173//1170 
f 1170//1171 1172//1171 1171//1171 
f 1173//1172 1174//1172 1175//1172 
f 1172//1173 1174//1173 1173//1173 
f 1174//1174 1176//1174 1175//1174 
f 1175//1175 1176//1175 1177//1175 
f 1176//1176 1178//1176 1177//1176 
f 1177//1177 1178//1177 1179//1177 
f 1178//1178 1180//1178 1179//1178 
f 1179//1179 1180//1179 1181//1179 
f 1180//1180 1182//1180 1181//1180 
f 1181//1181 1182//1181 1183//1181 
f 1182//1182 1184//1182 1183//1182 
f 1183//1183 1184//1183 1185//1183 
f 1184//1184 1186//1184 1185//1184 
f 1185//1185 1186//1185 1187//1185 
f 1186//1186 1188//1186 1187//1186 
f 1187//1187 1188//1187 1189//1187 
f 1188//1188 1190//1188 1189//1188 
f 1189//1189 1190//1189 1191//1189 
f 1190//1190 1192//1190 1191//1190 
f 1191//1191 1192//1191 1193//1191 
f 1192//1192 1194//1192 1193//1192 
f 1193//1193 1194//1193 1195//1193 
f 1194//1194 1196//1194 1195//1194 
f 1195//1195 1196//1195 1197//1195 
f 1196//1196 1198//1196 1197//1196 
f 1197//1197 1198//1197 1199//1197 
f 1198//1198 1200//1198 1199//1198 
f 1199//1199 1200//1199 1201//1199 
f 1200//1200 1202//1200 1201//1200 
f 1201//1201 1202//1201 1203//1201 
f 1203//1202 1204//1202 1205//1202 
f 1202//1203 1204//1203 1203//1203 
f 1205//1204 1206//1204 1207//1204 
f 1204//1205 1206//1205 1205//1205 
f 1207//1206 1208//1206 1209//1206 
f 1206//1207 1208//1207 1207//1207 
f 1209//1208 1210//1208 1211//1208 
f 1208//1209 1210//1209 1209//1209 
f 1211//1210 1212//1210 1213//1210 
f 1210//1211 1212//1211 1211//1211 
f 1213//1212 1214//1212 1215//1212 
f 1212//1213 1214//1213 1213//1213 
f 1215//1214 1216//1214 1217//1214 
f 1214//1215 1216//1215 1215//1215 
f 1217//1216 1218//1216 1219//1216 
f 1216//1217 1218//1217 1217//1217 
f 1219//1218 1220//1218 1221//1218 
f 1218//1219 1220//1219 1219//1219 
f 1221//1220 1222//1220 1223//1220 
f 1220//1221 1222//1221 1221//1221 
f 1223//1222 1224//1222 1225//1222 
f 1222//1223 1224//1223 1223//1223 
f 1225//1224 1226//1224 1227//1224 
f 1224//1225 1226//1225 1225//1225 
f 1226//1226 1228//1226 1227//1226 
f 1227//1227 1228//1227 1229//1227 
f 1228//1228 1230//1228 1229//1228 
f 1229//1229 1230//1229 1231//1229 
f 1230//1230 1232//1230 1231//1230 
f 1231//1231 1232//1231 1233//1231 
f 1232//1232 1234//1232 1233//1232 
f 1233//1233 1234//1233 1235//1233 
f 1234//1234 1236//1234 1235//1234 
f 1235//1235 1236//1235 1237//1235 
f 1236//1236 1238//1236 1237//1236 
f 1237//1237 1238//1237 1239//1237 
f 1238//1238 1240//1238 1239//1238 
f 1239//1239 1240//1239 1241//1239 
f 1240//1240 1242//1240 1241//1240 
f 1241//1241 1242//1241 1243//1241 
f 1242//1242 1244//1242 1243//1242 
f 1243//1243 1244//1243 1245//1243 
f 1244//1244 1246//1244 1245//1244 
f 1245//1245 1246//1245 1247//1245 
f 1246//1246 1248//1246 1247//1246 
f 1247//1247 1248//1247 1249//1247 
f 1248//1248 1250//1248 1249//1248 
f 1249//1249 1250//1249 1251//1249 
f 1250//1250 1252//1250 1251//1250 
f 1251//1251 1252//1251 1253//1251 
f 1252//1252 1254//1252 1253//1252 
f 1253//1253 1254//1253 1255//1253 
f 1254//1254 1256//1254 1255//1254 
f 1255//1255 1256//1255 1257//1255 
f 1256//1256 1258//1256 1257//1256 
f 1257//1257 1258//1257 1259//1257 
f 1258//1258 1260//1258 1259//1258 
f 1259//1259 1260//1259 1261//1259 
f 1260//1260 1262//1260 1261//1260 
f 1261//1261 1262//1261 1263//1261 
f 1262//1262 1264//1262 1263//1262 
f 1264//1263 1265//1263 1263//1263 
f 1263//1264 1265//1264 1266//1264 
f 1266//1265 1265//1265 1267//1265 
f 1265//1266 1268//1266 1267//1266 
f 1267//1267 1268//1267 1269//1267 
f 1268//1268 1270//1268 1269//1268 
f 1269//1269 1271//1269 1272//1269 
f 1270//1270 1271//1270 1269//1270 
f 1272//1271 1273//1271 1274//1271 
f 1274//1272 1273//1272 1275//1272 
f 1271//1273 1273//1273 1272//1273 
f 1273//1274 1276//1274 1275//1274 
f 1276//1275 1277//1275 1275//1275 
f 1275//1276 1277//1276 1278//1276 
f 1278//1277 1277//1277 1279//1277 
f 1277//1278 1280//1278 1279//1278 
f 1279//1279 1280//1279 1281//1279 
f 1280//1280 1282//1280 1281//1280 
f 1282//1281 1283//1281 1281//1281 
f 1281//1282 1283//1282 1284//1282 
f 1283//1283 1285//1283 1284//1283 
f 1284//1284 1285//1284 1286//1284 
f 1286//1285 1285//1285 1287//1285 
f 1285//1286 1288//1286 1287//1286 
f 1288//1287 1289//1287 1287//1287 
f 1287//1288 1289//1288 1290//1288 
f 1290//1289 1289//1289 1291//1289 
f 1289//1290 1292//1290 1291//1290 
f 1293//1291 1294//1291 1295//1291 
f 1292//1292 1294//1292 1291//1292 
f 1291//1293 1294//1293 1293//1293 
f 1294//1294 1296//1294 1295//1294 
f 1295//1295 1297//1295 1298//1295 
f 1296//1296 1297//1296 1295//1296 
f 1298//1297 1299//1297 1300//1297 
f 1297//1298 1299//1298 1298//1298 
f 1300//1299 1301//1299 1302//1299 
f 1299//1300 1301//1300 1300//1300 
f 1302//1301 1303//1301 1304//1301 
f 1304//1302 1303//1302 1305//1302 
f 1301//1303 1303//1303 1302//1303 
f 1303//1304 1306//1304 1305//1304 
f 1305//1305 1307//1305 1308//1305 
f 1306//1306 1307//1306 1305//1306 
f 1308//1307 1309//1307 1310//1307 
f 1307//1308 1309//1308 1308//1308 
f 1310//1309 1311//1309 1312//1309 
f 1309//1310 1311//1310 1310//1310 
f 1312//1311 1313//1311 1314//1311 
f 1311//1312 1313//1312 1312//1312 
f 1314//1313 1315//1313 1316//1313 
f 1313//1314 1315//1314 1314//1314 
f 1316//1315 1317//1315 1318//1315 
f 1318//1316 1317//1316 1319//1316 
f 1315//1317 1317//1317 1316//1317 
f 1319//1318 1320//1318 1321//1318 
f 1317//1319 1320//1319 1319//1319 
f 1320//1320 1322//1320 1321//1320 
f 1321//1321 1323//1321 1324//1321 
f 1322//1322 1323//1322 1321//1322 
f 1324//1323 1325//1323 1326//1323 
f 1323//1324 1325//1324 1324//1324 
f 1326//1325 1327//1325 1328//1325 
f 1325//1326 1327//1326 1326//1326 
f 1327//1327 1329//1327 1328//1327 
f 1328//1328 1329//1328 1330//1328 
f 1329//1329 1331//1329 1330//1329 
f 1330//1330 1331//1330 1332//1330 
f 1331//1331 1333//1331 1332//1331 
f 1332//1332 1333//1332 1334//1332 
f 1333//1333 1335//1333 1334//1333 
f 1334//1334 1335//1334 1336//1334 
f 1335//1335 1337//1335 1336//1335 
f 1336//1336 1337//1336 1338//1336 
f 1337//1337 1339//1337 1338//1337 
f 1338//1338 1339//1338 1340//1338 
f 1340//1339 1341//1339 1342//1339 
f 1339//1340 1341//1340 1340//1340 
f 1342//1341 1343//1341 1344//1341 
f 1341//1342 1343//1342 1342//1342 
f 1344//1343 1345//1343 1346//1343 
f 1346//1344 1345//1344 1347//1344 
f 1343//1345 1345//1345 1344//1345 
f 1345//1346 1348//1346 1347//1346 
f 1347//1347 1349//1347 1350//1347 
f 1348//1348 1349//1348 1347//1348 
f 1350//1349 1351//1349 1352//1349 
f 1349//1350 1351//1350 1350//1350 
f 1352//1351 1353//1351 1354//1351 
f 1351//1352 1353//1352 1352//1352 
f 1354//1353 1355//1353 1356//1353 
f 1353//1354 1355//1354 1354//1354 
f 1356//1355 1357//1355 1358//1355 
f 1355//1356 1357//1356 1356//1356 
f 1358//1357 1359//1357 1360//1357 
f 1360//1358 1359//1358 1361//1358 
f 1357//1359 1359//1359 1358//1359 
f 1359//1360 1362//1360 1361//1360 
f 1361//1361 1363//1361 1364//1361 
f 1362//1362 1363//1362 1361//1362 
f 1364//1363 1365//1363 1366//1363 
f 1363//1364 1365//1364 1364//1364 
f 1366//1365 1367//1365 1368//1365 
f 1365//1366 1367//1366 1366//1366 
f 1368//1367 1369//1367 1370//1367 
f 1367//1368 1369//1368 1368//1368 
f 1370//1369 1371//1369 1372//1369 
f 1372//1370 1371//1370 1373//1370 
f 1369//1371 1371//1371 1370//1371 
f 1371//1372 1374//1372 1373//1372 
f 1373//1373 1375//1373 1376//1373 
f 1374//1374 1375//1374 1373//1374 
f 1376//1375 1377//1375 1378//1375 
f 1375//1376 1377//1376 1376//1376 
f 1377//1377 1379//1377 1378//1377 
f 1378//1378 1379//1378 1380//1378 
f 1379//1379 1381//1379 1380//1379 
f 1380//1380 1381//1380 1382//1380 
f 1382//1381 1381//1381 1383//1381 
f 1381//1382 1384//1382 1383//1382 
f 1383//1383 1384//1383 1385//1383 
f 1384//1384 1386//1384 1385//1384 
f 1386//1385 1387//1385 1385//1385 
f 1385//1386 1387//1386 1388//1386 
f 1387//1387 1389//1387 1388//1387 
f 1388//1388 1389//1388 1390//1388 
f 1389//1389 1391//1389 1390//1389 
f 1390//1390 1391//1390 1392//1390 
f 1391//1391 1393//1391 1392//1391 
f 1392//1392 1393//1392 1394//1392 
f 1393//1393 1395//1393 1394//1393 
f 1394//1394 1395//1394 1396//1394 
f 1395//1395 1397//1395 1396//1395 
f 1396//1396 1397//1396 1398//1396 
f 1397//1397 1399//1397 1398//1397 
f 1398//1398 1399//1398 1400//1398 
f 1399//1399 1401//1399 1400//1399 
f 1400//1400 1401//1400 1402//1400 
f 1401//1401 1403//1401 1402//1401 
f 1402//1402 1403//1402 1404//1402 
f 1404//1403 1403//1403 1405//1403 
f 1403//1404 1406//1404 1405//1404 
f 1405//1405 1407//1405 1408//1405 
f 1408//1406 1407//1406 1409//1406 
f 1406//1407 1407//1407 1405//1407 
f 1407//1408 1410//1408 1409//1408 
f 1409//1409 1411//1409 1412//1409 
f 1410//1410 1411//1410 1409//1410 
f 1412//1411 1413//1411 1414//1411 
f 1411//1412 1413//1412 1412//1412 
f 1414//1413 1415//1413 1416//1413 
f 1413//1414 1415//1414 1414//1414 
f 1416//1415 1417//1415 1418//1415 
f 1415//1416 1417//1416 1416//1416 
f 1418//1417 1419//1417 1420//1417 
f 1417//1418 1419//1418 1418//1418 
f 1420//1419 1421//1419 1422//1419 
f 1419//1420 1421//1420 1420//1420 
f 1422//1421 1423//1421 1424//1421 
f 1421//1422 1423//1422 1422//1422 
f 1424//1423 1425//1423 1426//1423 
f 1423//1424 1425//1424 1424//1424 
f 1426//1425 1427//1425 1428//1425 
f 1425//1426 1427//1426 1426//1426 
f 1427//1427 1429//1427 1428//1427 
f 1428//1428 1429//1428 1430//1428 
f 1430//1429 1429//1429 1431//1429 
f 1429//1430 1432//1430 1431//1430 
f 1431//1431 1432//1431 759//1431 
f 1432//1432 757//1432 759//1432 
f 842//1433 662//1433 663//1433 
f 842//1434 663//1434 666//1434 
f 844//1435 662//1435 842//1435 
f 844//1436 660//1436 662//1436 
f 840//1437 842//1437 666//1437 
f 840//1438 666//1438 668//1438 
f 846//1439 660//1439 844//1439 
f 846//1440 657//1440 660//1440 
f 838//1441 840//1441 668//1441 
f 838//1442 668//1442 669//1442 
f 848//1443 656//1443 657//1443 
f 848//1444 657//1444 846//1444 
f 836//1445 669//1445 671//1445 
f 836//1446 838//1446 669//1446 
f 850//1447 653//1447 656//1447 
f 850//1448 656//1448 848//1448 
f 834//1449 671//1449 674//1449 
f 834//1450 836//1450 671//1450 
f 852//1451 651//1451 653//1451 
f 852//1452 653//1452 850//1452 
f 832//1453 674//1453 675//1453 
f 832//1454 834//1454 674//1454 
f 854//1455 651//1455 852//1455 
f 854//1456 649//1456 651//1456 
f 830//1457 675//1457 677//1457 
f 830//1458 832//1458 675//1458 
f 856//1459 647//1459 649//1459 
f 856//1460 649//1460 854//1460 
f 828//1461 677//1461 680//1461 
f 828//1462 830//1462 677//1462 
f 858//1463 647//1463 856//1463 
f 858//1464 645//1464 647//1464 
f 826//1465 680//1465 682//1465 
f 826//1466 682//1466 683//1466 
f 826//1467 828//1467 680//1467 
f 860//1468 642//1468 643//1468 
f 860//1469 643//1469 645//1469 
f 860//1470 645//1470 858//1470 
f 824//1471 683//1471 686//1471 
f 824//1472 826//1472 683//1472 
f 862//1473 640//1473 642//1473 
f 862//1474 642//1474 860//1474 
f 822//1475 686//1475 687//1475 
f 822//1476 824//1476 686//1476 
f 864//1477 637//1477 640//1477 
f 864//1478 640//1478 862//1478 
f 820//1479 687//1479 689//1479 
f 820//1480 822//1480 687//1480 
f 866//1481 636//1481 637//1481 
f 866//1482 637//1482 864//1482 
f 818//1483 820//1483 689//1483 
f 818//1484 689//1484 691//1484 
f 868//1485 633//1485 636//1485 
f 868//1486 636//1486 866//1486 
f 816//1487 691//1487 694//1487 
f 816//1488 818//1488 691//1488 
f 870//1489 631//1489 633//1489 
f 870//1490 633//1490 868//1490 
f 814//1491 694//1491 695//1491 
f 814//1492 816//1492 694//1492 
f 871//1493 630//1493 631//1493 
f 871//1494 631//1494 870//1494 
f 812//1495 814//1495 695//1495 
f 812//1496 695//1496 698//1496 
f 874//1497 627//1497 630//1497 
f 874//1498 630//1498 871//1498 
f 810//1499 698//1499 700//1499 
f 810//1500 812//1500 698//1500 
f 876//1501 627//1501 874//1501 
f 876//1502 624//1502 625//1502 
f 876//1503 625//1503 627//1503 
f 808//1504 810//1504 700//1504 
f 808//1505 700//1505 701//1505 
f 808//1506 701//1506 704//1506 
f 878//1507 622//1507 624//1507 
f 878//1508 624//1508 876//1508 
f 806//1509 704//1509 706//1509 
f 806//1510 808//1510 704//1510 
f 880//1511 619//1511 622//1511 
f 880//1512 622//1512 878//1512 
f 804//1513 806//1513 706//1513 
f 804//1514 706//1514 708//1514 
f 882//1515 618//1515 619//1515 
f 882//1516 619//1516 880//1516 
f 802//1517 708//1517 709//1517 
f 802//1518 804//1518 708//1518 
f 884//1519 616//1519 618//1519 
f 884//1520 618//1520 882//1520 
f 800//1521 709//1521 711//1521 
f 800//1522 802//1522 709//1522 
f 886//1523 613//1523 616//1523 
f 886//1524 616//1524 884//1524 
f 798//1525 800//1525 711//1525 
f 798//1526 711//1526 713//1526 
f 888//1527 612//1527 613//1527 
f 888//1528 613//1528 886//1528 
f 796//1529 713//1529 715//1529 
f 796//1530 798//1530 713//1530 
f 890//1531 609//1531 612//1531 
f 890//1532 612//1532 888//1532 
f 794//1533 715//1533 718//1533 
f 794//1534 796//1534 715//1534 
f 891//1535 607//1535 609//1535 
f 891//1536 609//1536 890//1536 
f 792//1537 718//1537 719//1537 
f 792//1538 719//1538 721//1538 
f 792//1539 794//1539 718//1539 
f 894//1540 606//1540 607//1540 
f 894//1541 607//1541 891//1541 
f 894//1542 604//1542 606//1542 
f 790//1543 792//1543 721//1543 
f 790//1544 721//1544 723//1544 
f 896//1545 604//1545 894//1545 
f 896//1546 601//1546 604//1546 
f 788//1547 723//1547 726//1547 
f 788//1548 790//1548 723//1548 
f 898//1549 601//1549 896//1549 
f 898//1550 600//1550 601//1550 
f 786//1551 788//1551 726//1551 
f 786//1552 726//1552 728//1552 
f 900//1553 600//1553 898//1553 
f 900//1554 598//1554 600//1554 
f 784//1555 786//1555 728//1555 
f 784//1556 728//1556 730//1556 
f 901//1557 598//1557 900//1557 
f 901//1558 595//1558 598//1558 
f 782//1559 784//1559 730//1559 
f 782//1560 730//1560 732//1560 
f 903//1561 595//1561 901//1561 
f 903//1562 594//1562 595//1562 
f 780//1563 732//1563 733//1563 
f 780//1564 782//1564 732//1564 
f 905//1565 594//1565 903//1565 
f 905//1566 591//1566 594//1566 
f 778//1567 780//1567 733//1567 
f 778//1568 733//1568 735//1568 
f 908//1569 591//1569 905//1569 
f 908//1570 590//1570 591//1570 
f 776//1571 735//1571 737//1571 
f 776//1572 778//1572 735//1572 
f 910//1573 590//1573 908//1573 
f 910//1574 586//1574 587//1574 
f 910//1575 587//1575 590//1575 
f 774//1576 737//1576 739//1576 
f 774//1577 739//1577 741//1577 
f 774//1578 776//1578 737//1578 
f 911//1579 586//1579 910//1579 
f 911//1580 583//1580 586//1580 
f 772//1581 774//1581 741//1581 
f 772//1582 741//1582 743//1582 
f 914//1583 583//1583 911//1583 
f 914//1584 582//1584 583//1584 
f 770//1585 772//1585 743//1585 
f 770//1586 743//1586 745//1586 
f 915//1587 582//1587 914//1587 
f 915//1588 580//1588 582//1588 
f 768//1589 770//1589 745//1589 
f 768//1590 745//1590 747//1590 
f 918//1591 580//1591 915//1591 
f 918//1592 577//1592 580//1592 
f 766//1593 747//1593 750//1593 
f 766//1594 768//1594 747//1594 
f 919//1595 577//1595 918//1595 
f 919//1596 576//1596 577//1596 
f 764//1597 750//1597 752//1597 
f 764//1598 766//1598 750//1598 
f 921//1599 574//1599 576//1599 
f 921//1600 576//1600 919//1600 
f 762//1601 764//1601 752//1601 
f 762//1602 752//1602 754//1602 
f 923//1603 571//1603 574//1603 
f 923//1604 574//1604 921//1604 
f 760//1605 754//1605 755//1605 
f 760//1606 762//1606 754//1606 
f 926//1607 571//1607 923//1607 
f 926//1608 570//1608 571//1608 
f 759//1609 1//1609 4//1609 
f 759//1610 760//1610 755//1610 
f 759//1611 755//1611 1//1611 
f 927//1612 570//1612 926//1612 
f 927//1613 565//1613 568//1613 
f 927//1614 568//1614 570//1614 
f 1431//1615 4//1615 6//1615 
f 1431//1616 759//1616 4//1616 
f 929//1617 565//1617 927//1617 
f 929//1618 564//1618 565//1618 
f 1430//1619 6//1619 8//1619 
f 1430//1620 1431//1620 6//1620 
f 931//1621 564//1621 929//1621 
f 931//1622 562//1622 564//1622 
f 1428//1623 8//1623 10//1623 
f 1428//1624 1430//1624 8//1624 
f 934//1625 562//1625 931//1625 
f 934//1626 559//1626 562//1626 
f 1426//1627 10//1627 12//1627 
f 1426//1628 1428//1628 10//1628 
f 935//1629 559//1629 934//1629 
f 935//1630 558//1630 559//1630 
f 1424//1631 12//1631 14//1631 
f 1424//1632 1426//1632 12//1632 
f 937//1633 558//1633 935//1633 
f 937//1634 556//1634 558//1634 
f 1422//1635 14//1635 16//1635 
f 1422//1636 1424//1636 14//1636 
f 940//1637 556//1637 937//1637 
f 940//1638 553//1638 556//1638 
f 1420//1639 16//1639 18//1639 
f 1420//1640 1422//1640 16//1640 
f 942//1641 553//1641 940//1641 
f 942//1642 552//1642 553//1642 
f 1418//1643 18//1643 20//1643 
f 1418//1644 20//1644 22//1644 
f 1418//1645 1420//1645 18//1645 
f 943//1646 552//1646 942//1646 
f 943//1647 547//1647 549//1647 
f 943//1648 549//1648 552//1648 
f 1416//1649 22//1649 24//1649 
f 1416//1650 1418//1650 22//1650 
f 946//1651 546//1651 547//1651 
f 946//1652 547//1652 943//1652 
f 1414//1653 24//1653 26//1653 
f 1414//1654 1416//1654 24//1654 
f 947//1655 544//1655 546//1655 
f 947//1656 546//1656 946//1656 
f 1412//1657 26//1657 28//1657 
f 1412//1658 1414//1658 26//1658 
f 949//1659 542//1659 544//1659 
f 949//1660 544//1660 947//1660 
f 1409//1661 28//1661 30//1661 
f 1409//1662 1412//1662 28//1662 
f 951//1663 542//1663 949//1663 
f 951//1664 540//1664 542//1664 
f 1408//1665 1409//1665 30//1665 
f 1408//1666 30//1666 32//1666 
f 953//1667 538//1667 540//1667 
f 953//1668 540//1668 951//1668 
f 1405//1669 32//1669 34//1669 
f 1405//1670 1408//1670 32//1670 
f 955//1671 538//1671 953//1671 
f 955//1672 536//1672 538//1672 
f 1404//1673 34//1673 36//1673 
f 1404//1674 1405//1674 34//1674 
f 957//1675 536//1675 955//1675 
f 957//1676 534//1676 536//1676 
f 1402//1677 1404//1677 36//1677 
f 1402//1678 36//1678 38//1678 
f 960//1679 534//1679 957//1679 
f 960//1680 529//1680 532//1680 
f 960//1681 532//1681 534//1681 
f 1400//1682 1402//1682 38//1682 
f 1400//1683 38//1683 40//1683 
f 1400//1684 40//1684 42//1684 
f 961//1685 529//1685 960//1685 
f 961//1686 528//1686 529//1686 
f 1398//1687 42//1687 44//1687 
f 1398//1688 1400//1688 42//1688 
f 963//1689 528//1689 961//1689 
f 963//1690 526//1690 528//1690 
f 1396//1691 44//1691 46//1691 
f 1396//1692 1398//1692 44//1692 
f 965//1693 526//1693 963//1693 
f 965//1694 523//1694 526//1694 
f 1394//1695 46//1695 48//1695 
f 1394//1696 1396//1696 46//1696 
f 967//1697 523//1697 965//1697 
f 967//1698 522//1698 523//1698 
f 1392//1699 48//1699 50//1699 
f 1392//1700 1394//1700 48//1700 
f 970//1701 520//1701 522//1701 
f 970//1702 522//1702 967//1702 
f 1390//1703 50//1703 52//1703 
f 1390//1704 1392//1704 50//1704 
f 972//1705 518//1705 520//1705 
f 972//1706 520//1706 970//1706 
f 1388//1707 52//1707 54//1707 
f 1388//1708 1390//1708 52//1708 
f 974//1709 516//1709 518//1709 
f 974//1710 518//1710 972//1710 
f 1385//1711 54//1711 56//1711 
f 1385//1712 1388//1712 54//1712 
f 975//1713 514//1713 516//1713 
f 975//1714 516//1714 974//1714 
f 1383//1715 56//1715 58//1715 
f 1383//1716 58//1716 60//1716 
f 1383//1717 1385//1717 56//1717 
f 977//1718 514//1718 975//1718 
f 977//1719 510//1719 512//1719 
f 977//1720 512//1720 514//1720 
f 1382//1721 60//1721 62//1721 
f 1382//1722 1383//1722 60//1722 
f 980//1723 510//1723 977//1723 
f 980//1724 508//1724 510//1724 
f 1380//1725 62//1725 64//1725 
f 1380//1726 1382//1726 62//1726 
f 981//1727 508//1727 980//1727 
f 981//1728 506//1728 508//1728 
f 1378//1729 64//1729 66//1729 
f 1378//1730 1380//1730 64//1730 
f 983//1731 506//1731 981//1731 
f 983//1732 504//1732 506//1732 
f 1376//1733 66//1733 68//1733 
f 1376//1734 1378//1734 66//1734 
f 985//1735 504//1735 983//1735 
f 985//1736 501//1736 504//1736 
f 1373//1737 1376//1737 68//1737 
f 1373//1738 68//1738 70//1738 
f 987//1739 501//1739 985//1739 
f 987//1740 500//1740 501//1740 
f 1372//1741 1373//1741 70//1741 
f 1372//1742 70//1742 72//1742 
f 989//1743 500//1743 987//1743 
f 989//1744 498//1744 500//1744 
f 1370//1745 1372//1745 72//1745 
f 1370//1746 72//1746 74//1746 
f 991//1747 498//1747 989//1747 
f 991//1748 496//1748 498//1748 
f 1368//1749 74//1749 76//1749 
f 1368//1750 1370//1750 74//1750 
f 994//1751 492//1751 494//1751 
f 994//1752 494//1752 496//1752 
f 994//1753 496//1753 991//1753 
f 1366//1754 76//1754 78//1754 
f 1366//1755 78//1755 80//1755 
f 1366//1756 1368//1756 76//1756 
f 995//1757 492//1757 994//1757 
f 995//1758 489//1758 492//1758 
f 1364//1759 1366//1759 80//1759 
f 1364//1760 80//1760 82//1760 
f 997//1761 489//1761 995//1761 
f 997//1762 488//1762 489//1762 
f 1361//1763 1364//1763 82//1763 
f 1361//1764 82//1764 84//1764 
f 999//1765 485//1765 488//1765 
f 999//1766 488//1766 997//1766 
f 1360//1767 84//1767 86//1767 
f 1360//1768 1361//1768 84//1768 
f 1001//1769 484//1769 485//1769 
f 1001//1770 485//1770 999//1770 
f 1358//1771 86//1771 88//1771 
f 1358//1772 1360//1772 86//1772 
f 1003//1773 482//1773 484//1773 
f 1003//1774 484//1774 1001//1774 
f 1356//1775 88//1775 90//1775 
f 1356//1776 1358//1776 88//1776 
f 1005//1777 480//1777 482//1777 
f 1005//1778 482//1778 1003//1778 
f 1354//1779 90//1779 92//1779 
f 1354//1780 1356//1780 90//1780 
f 1007//1781 480//1781 1005//1781 
f 1007//1782 478//1782 480//1782 
f 1352//1783 1354//1783 92//1783 
f 1352//1784 92//1784 94//1784 
f 1009//1785 476//1785 478//1785 
f 1009//1786 478//1786 1007//1786 
f 1350//1787 1352//1787 94//1787 
f 1350//1788 94//1788 96//1788 
f 1011//1789 476//1789 1009//1789 
f 474//1790 476//1790 1011//1790 
f 98//1791 1350//1791 96//1791 
f 98//1792 1347//1792 1350//1792 
f 472//1793 1011//1793 1014//1793 
f 472//1794 474//1794 1011//1794 
f 100//1795 1347//1795 98//1795 
f 100//1796 1346//1796 1347//1796 
f 470//1797 1014//1797 1015//1797 
f 470//1798 472//1798 1014//1798 
f 102//1799 1346//1799 100//1799 
f 102//1800 1344//1800 1346//1800 
f 468//1801 1015//1801 1017//1801 
f 468//1802 470//1802 1015//1802 
f 104//1803 1344//1803 102//1803 
f 104//1804 1342//1804 1344//1804 
f 466//1805 1017//1805 1019//1805 
f 466//1806 468//1806 1017//1806 
f 106//1807 1342//1807 104//1807 
f 106//1808 1340//1808 1342//1808 
f 464//1809 1019//1809 1021//1809 
f 464//1810 466//1810 1019//1810 
f 107//1811 1338//1811 1340//1811 
f 107//1812 1340//1812 106//1812 
f 462//1813 1021//1813 1023//1813 
f 462//1814 464//1814 1021//1814 
f 110//1815 1336//1815 1338//1815 
f 110//1816 1338//1816 107//1816 
f 460//1817 1023//1817 1025//1817 
f 460//1818 462//1818 1023//1818 
f 112//1819 1334//1819 1336//1819 
f 112//1820 1336//1820 110//1820 
f 458//1821 1025//1821 1027//1821 
f 458//1822 460//1822 1025//1822 
f 114//1823 1332//1823 1334//1823 
f 114//1824 1334//1824 112//1824 
f 456//1825 458//1825 1027//1825 
f 116//1826 1332//1826 114//1826 
f 454//1827 456//1827 1027//1827 
f 454//1828 1027//1828 1030//1828 
f 118//1829 1332//1829 116//1829 
f 118//1830 1330//1830 1332//1830 
f 452//1831 454//1831 1030//1831 
f 452//1832 1030//1832 1031//1832 
f 120//1833 1330//1833 118//1833 
f 120//1834 1328//1834 1330//1834 
f 450//1835 1031//1835 1033//1835 
f 450//1836 452//1836 1031//1836 
f 122//1837 1328//1837 120//1837 
f 122//1838 1326//1838 1328//1838 
f 448//1839 1033//1839 1035//1839 
f 448//1840 450//1840 1033//1840 
f 124//1841 1326//1841 122//1841 
f 124//1842 1324//1842 1326//1842 
f 446//1843 1035//1843 1037//1843 
f 446//1844 448//1844 1035//1844 
f 126//1845 1324//1845 124//1845 
f 126//1846 1321//1846 1324//1846 
f 444//1847 1037//1847 1040//1847 
f 444//1848 446//1848 1037//1848 
f 128//1849 1321//1849 126//1849 
f 128//1850 1319//1850 1321//1850 
f 442//1851 1040//1851 1041//1851 
f 442//1852 444//1852 1040//1852 
f 129//1853 1318//1853 1319//1853 
f 129//1854 1319//1854 128//1854 
f 440//1855 1041//1855 1043//1855 
f 440//1856 442//1856 1041//1856 
f 132//1857 1316//1857 1318//1857 
f 132//1858 1318//1858 129//1858 
f 438//1859 1043//1859 1046//1859 
f 438//1860 440//1860 1043//1860 
f 134//1861 1316//1861 132//1861 
f 436//1862 438//1862 1046//1862 
f 136//1863 1314//1863 1316//1863 
f 136//1864 1316//1864 134//1864 
f 434//1865 1046//1865 1047//1865 
f 434//1866 436//1866 1046//1866 
f 137//1867 1312//1867 1314//1867 
f 137//1868 1314//1868 136//1868 
f 432//1869 1047//1869 1049//1869 
f 432//1870 434//1870 1047//1870 
f 140//1871 1310//1871 1312//1871 
f 140//1872 1312//1872 137//1872 
f 430//1873 1049//1873 1051//1873 
f 430//1874 432//1874 1049//1874 
f 142//1875 1310//1875 140//1875 
f 142//1876 1308//1876 1310//1876 
f 428//1877 430//1877 1051//1877 
f 428//1878 1051//1878 1053//1878 
f 144//1879 1308//1879 142//1879 
f 144//1880 1305//1880 1308//1880 
f 426//1881 1053//1881 1055//1881 
f 426//1882 428//1882 1053//1882 
f 146//1883 1305//1883 144//1883 
f 146//1884 1304//1884 1305//1884 
f 424//1885 426//1885 1055//1885 
f 424//1886 1055//1886 1057//1886 
f 148//1887 1304//1887 146//1887 
f 148//1888 1302//1888 1304//1888 
f 422//1889 424//1889 1057//1889 
f 422//1890 1057//1890 1059//1890 
f 150//1891 1302//1891 148//1891 
f 150//1892 1300//1892 1302//1892 
f 420//1893 1059//1893 1062//1893 
f 420//1894 422//1894 1059//1894 
f 151//1895 1298//1895 1300//1895 
f 151//1896 1300//1896 150//1896 
f 418//1897 420//1897 1062//1897 
f 154//1898 1298//1898 151//1898 
f 416//1899 1062//1899 1063//1899 
f 416//1900 418//1900 1062//1900 
f 156//1901 1295//1901 1298//1901 
f 156//1902 1298//1902 154//1902 
f 414//1903 1063//1903 1065//1903 
f 414//1904 416//1904 1063//1904 
f 157//1905 1293//1905 1295//1905 
f 157//1906 1295//1906 156//1906 
f 412//1907 1065//1907 1067//1907 
f 412//1908 414//1908 1065//1908 
f 160//1909 1291//1909 1293//1909 
f 160//1910 1293//1910 157//1910 
f 410//1911 1067//1911 1069//1911 
f 410//1912 412//1912 1067//1912 
f 162//1913 1290//1913 1291//1913 
f 162//1914 1291//1914 160//1914 
f 408//1915 1069//1915 1071//1915 
f 408//1916 410//1916 1069//1916 
f 164//1917 1290//1917 162//1917 
f 164//1918 1287//1918 1290//1918 
f 406//1919 1071//1919 1073//1919 
f 406//1920 408//1920 1071//1920 
f 166//1921 1287//1921 164//1921 
f 166//1922 1286//1922 1287//1922 
f 404//1923 406//1923 1073//1923 
f 404//1924 1073//1924 1076//1924 
f 168//1925 1286//1925 166//1925 
f 168//1926 1284//1926 1286//1926 
f 402//1927 404//1927 1076//1927 
f 402//1928 1076//1928 1078//1928 
f 170//1929 1284//1929 168//1929 
f 170//1930 1281//1930 1284//1930 
f 400//1931 402//1931 1078//1931 
f 400//1932 1078//1932 1079//1932 
f 172//1933 1281//1933 170//1933 
f 398//1934 400//1934 1079//1934 
f 173//1935 1279//1935 1281//1935 
f 173//1936 1281//1936 172//1936 
f 396//1937 1079//1937 1081//1937 
f 396//1938 398//1938 1079//1938 
f 176//1939 1278//1939 1279//1939 
f 176//1940 1279//1940 173//1940 
f 394//1941 1081//1941 1084//1941 
f 394//1942 396//1942 1081//1942 
f 178//1943 1275//1943 1278//1943 
f 178//1944 1278//1944 176//1944 
f 392//1945 1084//1945 1085//1945 
f 392//1946 394//1946 1084//1946 
f 179//1947 1274//1947 1275//1947 
f 179//1948 1275//1948 178//1948 
f 390//1949 1085//1949 1088//1949 
f 390//1950 392//1950 1085//1950 
f 181//1951 1272//1951 1274//1951 
f 181//1952 1274//1952 179//1952 
f 388//1953 1088//1953 1089//1953 
f 388//1954 390//1954 1088//1954 
f 184//1955 1269//1955 1272//1955 
f 184//1956 1272//1956 181//1956 
f 386//1957 1089//1957 1091//1957 
f 386//1958 388//1958 1089//1958 
f 185//1959 1269//1959 184//1959 
f 185//1960 1267//1960 1269//1960 
f 384//1961 386//1961 1091//1961 
f 384//1962 1091//1962 1094//1962 
f 188//1963 1267//1963 185//1963 
f 188//1964 1266//1964 1267//1964 
f 382//1965 384//1965 1094//1965 
f 382//1966 1094//1966 1095//1966 
f 190//1967 1266//1967 188//1967 
f 380//1968 382//1968 1095//1968 
f 191//1969 1263//1969 1266//1969 
f 191//1970 1266//1970 190//1970 
f 377//1971 380//1971 1095//1971 
f 377//1972 1095//1972 1097//1972 
f 193//1973 1261//1973 1263//1973 
f 193//1974 1263//1974 191//1974 
f 376//1975 377//1975 1097//1975 
f 376//1976 1097//1976 1099//1976 
f 196//1977 1259//1977 1261//1977 
f 196//1978 1261//1978 193//1978 
f 374//1979 376//1979 1099//1979 
f 374//1980 1099//1980 1101//1980 
f 198//1981 1257//1981 1259//1981 
f 198//1982 1259//1982 196//1982 
f 372//1983 1101//1983 1103//1983 
f 372//1984 374//1984 1101//1984 
f 199//1985 1255//1985 1257//1985 
f 199//1986 1257//1986 198//1986 
f 369//1987 1103//1987 1105//1987 
f 369//1988 372//1988 1103//1988 
f 202//1989 1253//1989 1255//1989 
f 202//1990 1255//1990 199//1990 
f 368//1991 1105//1991 1107//1991 
f 368//1992 369//1992 1105//1992 
f 204//1993 1253//1993 202//1993 
f 204//1994 1251//1994 1253//1994 
f 365//1995 368//1995 1107//1995 
f 365//1996 1107//1996 1109//1996 
f 206//1997 1249//1997 1251//1997 
f 206//1998 1251//1998 204//1998 
f 364//1999 365//1999 1109//1999 
f 364//2000 1109//2000 1111//2000 
f 207//2001 1247//2001 1249//2001 
f 207//2002 1249//2002 206//2002 
f 361//2003 364//2003 1111//2003 
f 210//2004 1247//2004 207//2004 
f 360//2005 361//2005 1111//2005 
f 360//2006 1111//2006 1113//2006 
f 211//2007 1247//2007 210//2007 
f 211//2008 1245//2008 1247//2008 
f 358//2009 1113//2009 1115//2009 
f 358//2010 360//2010 1113//2010 
f 214//2011 1243//2011 1245//2011 
f 214//2012 1245//2012 211//2012 
f 356//2013 1115//2013 1117//2013 
f 356//2014 358//2014 1115//2014 
f 216//2015 1241//2015 1243//2015 
f 216//2016 1243//2016 214//2016 
f 353//2017 1117//2017 1119//2017 
f 353//2018 356//2018 1117//2018 
f 217//2019 1239//2019 1241//2019 
f 217//2020 1241//2020 216//2020 
f 351//2021 1119//2021 1121//2021 
f 351//2022 353//2022 1119//2022 
f 220//2023 1239//2023 217//2023 
f 220//2024 1237//2024 1239//2024 
f 350//2025 1121//2025 1123//2025 
f 350//2026 351//2026 1121//2026 
f 222//2027 1235//2027 1237//2027 
f 222//2028 1237//2028 220//2028 
f 347//2029 1123//2029 1125//2029 
f 347//2030 350//2030 1123//2030 
f 223//2031 1233//2031 1235//2031 
f 223//2032 1235//2032 222//2032 
f 345//2033 347//2033 1125//2033 
f 345//2034 1125//2034 1127//2034 
f 225//2035 1231//2035 1233//2035 
f 225//2036 1233//2036 223//2036 
f 343//2037 1127//2037 1129//2037 
f 343//2038 345//2038 1127//2038 
f 228//2039 1231//2039 225//2039 
f 342//2040 343//2040 1129//2040 
f 229//2041 1229//2041 1231//2041 
f 229//2042 1231//2042 228//2042 
f 339//2043 342//2043 1129//2043 
f 339//2044 1129//2044 1131//2044 
f 231//2045 1227//2045 1229//2045 
f 231//2046 1229//2046 229//2046 
f 338//2047 339//2047 1131//2047 
f 338//2048 1131//2048 1133//2048 
f 234//2049 1225//2049 1227//2049 
f 234//2050 1227//2050 231//2050 
f 335//2051 338//2051 1133//2051 
f 335//2052 1133//2052 1135//2052 
f 235//2053 1223//2053 1225//2053 
f 235//2054 1225//2054 234//2054 
f 334//2055 1135//2055 1137//2055 
f 334//2056 335//2056 1135//2056 
f 238//2057 1221//2057 1223//2057 
f 238//2058 1223//2058 235//2058 
f 331//2059 1137//2059 1139//2059 
f 331//2060 334//2060 1137//2060 
f 240//2061 1219//2061 1221//2061 
f 240//2062 1221//2062 238//2062 
f 330//2063 331//2063 1139//2063 
f 330//2064 1139//2064 1141//2064 
f 241//2065 1217//2065 1219//2065 
f 241//2066 1219//2066 240//2066 
f 327//2067 330//2067 1141//2067 
f 327//2068 1141//2068 1143//2068 
f 244//2069 1215//2069 1217//2069 
f 244//2070 1217//2070 241//2070 
f 326//2071 327//2071 1143//2071 
f 326//2072 1143//2072 1145//2072 
f 246//2073 1213//2073 1215//2073 
f 246//2074 1215//2074 244//2074 
f 324//2075 326//2075 1145//2075 
f 247//2076 1213//2076 246//2076 
f 321//2077 324//2077 1145//2077 
f 321//2078 1145//2078 1147//2078 
f 249//2079 1211//2079 1213//2079 
f 249//2080 1213//2080 247//2080 
f 320//2081 321//2081 1147//2081 
f 320//2082 1147//2082 1149//2082 
f 252//2083 1211//2083 249//2083 
f 252//2084 1209//2084 1211//2084 
f 317//2085 320//2085 1149//2085 
f 317//2086 1149//2086 1151//2086 
f 253//2087 1209//2087 252//2087 
f 253//2088 1207//2088 1209//2088 
f 315//2089 317//2089 1151//2089 
f 315//2090 1151//2090 1153//2090 
f 256//2091 1207//2091 253//2091 
f 256//2092 1205//2092 1207//2092 
f 314//2093 315//2093 1153//2093 
f 314//2094 1153//2094 1155//2094 
f 258//2095 1205//2095 256//2095 
f 258//2096 1203//2096 1205//2096 
f 312//2097 1155//2097 1157//2097 
f 312//2098 314//2098 1155//2098 
f 259//2099 1203//2099 258//2099 
f 259//2100 1201//2100 1203//2100 
f 309//2101 1157//2101 1159//2101 
f 309//2102 312//2102 1157//2102 
f 261//2103 1201//2103 259//2103 
f 261//2104 1199//2104 1201//2104 
f 308//2105 309//2105 1159//2105 
f 308//2106 1159//2106 1161//2106 
f 264//2107 1199//2107 261//2107 
f 264//2108 1197//2108 1199//2108 
f 306//2109 308//2109 1161//2109 
f 306//2110 1161//2110 1163//2110 
f 265//2111 1197//2111 264//2111 
f 303//2112 306//2112 1163//2112 
f 267//2113 1197//2113 265//2113 
f 267//2114 1195//2114 1197//2114 
f 301//2115 1163//2115 1165//2115 
f 301//2116 303//2116 1163//2116 
f 270//2117 1193//2117 1195//2117 
f 270//2118 1195//2118 267//2118 
f 300//2119 1165//2119 1167//2119 
f 300//2120 301//2120 1165//2120 
f 271//2121 1191//2121 1193//2121 
f 271//2122 1193//2122 270//2122 
f 297//2123 300//2123 1167//2123 
f 297//2124 1167//2124 1169//2124 
f 273//2125 1189//2125 1191//2125 
f 273//2126 1191//2126 271//2126 
f 296//2127 297//2127 1169//2127 
f 296//2128 1169//2128 1171//2128 
f 276//2129 1189//2129 273//2129 
f 276//2130 1187//2130 1189//2130 
f 294//2131 296//2131 1171//2131 
f 294//2132 1171//2132 1173//2132 
f 277//2133 1187//2133 276//2133 
f 277//2134 1185//2134 1187//2134 
f 291//2135 294//2135 1173//2135 
f 291//2136 1173//2136 1175//2136 
f 279//2137 1185//2137 277//2137 
f 279//2138 1183//2138 1185//2138 
f 289//2139 291//2139 1175//2139 
f 289//2140 1175//2140 1177//2140 
f 282//2141 1183//2141 279//2141 
f 282//2142 1181//2142 1183//2142 
f 287//2143 289//2143 1177//2143 
f 287//2144 1177//2144 1179//2144 
f 284//2145 1181//2145 282//2145 
f 284//2146 1179//2146 1181//2146 
f 285//2147 287//2147 1179//2147 
f 285//2148 1179//2148 284//2148 
f 1349//2149 97//2149 95//2149 
f 1349//2150 95//2150 93//2150 
f 1348//2151 97//2151 1349//2151 
f 1348//2152 99//2152 97//2152 
f 1351//2153 1349//2153 93//2153 
f 1351//2154 93//2154 91//2154 
f 1345//2155 101//2155 99//2155 
f 1345//2156 99//2156 1348//2156 
f 1353//2157 91//2157 89//2157 
f 1353//2158 1351//2158 91//2158 
f 1343//2159 103//2159 101//2159 
f 1343//2160 101//2160 1345//2160 
f 1355//2161 89//2161 87//2161 
f 1355//2162 1353//2162 89//2162 
f 1341//2163 103//2163 1343//2163 
f 1341//2164 105//2164 103//2164 
f 1357//2165 87//2165 85//2165 
f 1357//2166 1355//2166 87//2166 
f 1339//2167 108//2167 105//2167 
f 1339//2168 105//2168 1341//2168 
f 1359//2169 85//2169 83//2169 
f 1359//2170 1357//2170 85//2170 
f 1337//2171 109//2171 108//2171 
f 1337//2172 108//2172 1339//2172 
f 1362//2173 83//2173 81//2173 
f 1362//2174 1359//2174 83//2174 
f 1335//2175 111//2175 109//2175 
f 1335//2176 109//2176 1337//2176 
f 1363//2177 81//2177 79//2177 
f 1363//2178 1362//2178 81//2178 
f 1333//2179 113//2179 111//2179 
f 1333//2180 111//2180 1335//2180 
f 1365//2181 79//2181 77//2181 
f 1365//2182 77//2182 75//2182 
f 1365//2183 1363//2183 79//2183 
f 1331//2184 117//2184 115//2184 
f 1331//2185 115//2185 113//2185 
f 1331//2186 113//2186 1333//2186 
f 1367//2187 75//2187 73//2187 
f 1367//2188 1365//2188 75//2188 
f 1329//2189 119//2189 117//2189 
f 1329//2190 117//2190 1331//2190 
f 1369//2191 73//2191 71//2191 
f 1369//2192 1367//2192 73//2192 
f 1327//2193 121//2193 119//2193 
f 1327//2194 119//2194 1329//2194 
f 1371//2195 71//2195 69//2195 
f 1371//2196 1369//2196 71//2196 
f 1325//2197 123//2197 121//2197 
f 1325//2198 121//2198 1327//2198 
f 1374//2199 69//2199 67//2199 
f 1374//2200 1371//2200 69//2200 
f 1323//2201 123//2201 1325//2201 
f 1323//2202 125//2202 123//2202 
f 1375//2203 67//2203 65//2203 
f 1375//2204 1374//2204 67//2204 
f 1322//2205 127//2205 125//2205 
f 1322//2206 125//2206 1323//2206 
f 1377//2207 1375//2207 65//2207 
f 1377//2208 65//2208 63//2208 
f 1320//2209 130//2209 127//2209 
f 1320//2210 127//2210 1322//2210 
f 1379//2211 1377//2211 63//2211 
f 1379//2212 63//2212 61//2212 
f 1317//2213 131//2213 130//2213 
f 1317//2214 130//2214 1320//2214 
f 1381//2215 1379//2215 61//2215 
f 1381//2216 61//2216 59//2216 
f 1315//2217 135//2217 133//2217 
f 1315//2218 133//2218 131//2218 
f 1315//2219 131//2219 1317//2219 
f 1384//2220 1381//2220 59//2220 
f 1384//2221 59//2221 57//2221 
f 1384//2222 57//2222 55//2222 
f 1313//2223 138//2223 135//2223 
f 1313//2224 135//2224 1315//2224 
f 1386//2225 1384//2225 55//2225 
f 1386//2226 55//2226 53//2226 
f 1311//2227 139//2227 138//2227 
f 1311//2228 138//2228 1313//2228 
f 1387//2229 1386//2229 53//2229 
f 1387//2230 53//2230 51//2230 
f 1309//2231 141//2231 139//2231 
f 1309//2232 139//2232 1311//2232 
f 1389//2233 51//2233 49//2233 
f 1389//2234 1387//2234 51//2234 
f 1307//2235 143//2235 141//2235 
f 1307//2236 141//2236 1309//2236 
f 1391//2237 1389//2237 49//2237 
f 1391//2238 49//2238 47//2238 
f 1306//2239 145//2239 143//2239 
f 1306//2240 143//2240 1307//2240 
f 1393//2241 47//2241 45//2241 
f 1393//2242 1391//2242 47//2242 
f 1303//2243 145//2243 1306//2243 
f 1303//2244 147//2244 145//2244 
f 1395//2245 45//2245 43//2245 
f 1395//2246 1393//2246 45//2246 
f 1301//2247 149//2247 147//2247 
f 1301//2248 147//2248 1303//2248 
f 1397//2249 1395//2249 43//2249 
f 1397//2250 43//2250 41//2250 
f 1299//2251 152//2251 149//2251 
f 1299//2252 149//2252 1301//2252 
f 1399//2253 41//2253 39//2253 
f 1399//2254 39//2254 37//2254 
f 1399//2255 1397//2255 41//2255 
f 1297//2256 153//2256 152//2256 
f 1297//2257 152//2257 1299//2257 
f 1297//2258 155//2258 153//2258 
f 1401//2259 37//2259 35//2259 
f 1401//2260 1399//2260 37//2260 
f 1296//2261 155//2261 1297//2261 
f 1296//2262 158//2262 155//2262 
f 1403//2263 1401//2263 35//2263 
f 1403//2264 35//2264 33//2264 
f 1294//2265 158//2265 1296//2265 
f 1294//2266 159//2266 158//2266 
f 1406//2267 1403//2267 33//2267 
f 1406//2268 33//2268 31//2268 
f 1292//2269 159//2269 1294//2269 
f 1292//2270 161//2270 159//2270 
f 1407//2271 31//2271 29//2271 
f 1407//2272 1406//2272 31//2272 
f 1289//2273 161//2273 1292//2273 
f 1289//2274 163//2274 161//2274 
f 1410//2275 29//2275 27//2275 
f 1410//2276 1407//2276 29//2276 
f 1288//2277 163//2277 1289//2277 
f 1288//2278 165//2278 163//2278 
f 1411//2279 1410//2279 27//2279 
f 1411//2280 27//2280 25//2280 
f 1285//2281 165//2281 1288//2281 
f 1285//2282 167//2282 165//2282 
f 1413//2283 1411//2283 25//2283 
f 1413//2284 25//2284 23//2284 
f 1283//2285 167//2285 1285//2285 
f 1283//2286 169//2286 167//2286 
f 1415//2287 1413//2287 23//2287 
f 1415//2288 23//2288 21//2288 
f 1282//2289 169//2289 1283//2289 
f 1282//2290 174//2290 171//2290 
f 1282//2291 171//2291 169//2291 
f 1417//2292 21//2292 19//2292 
f 1417//2293 1415//2293 21//2293 
f 1417//2294 19//2294 17//2294 
f 1280//2295 174//2295 1282//2295 
f 1280//2296 175//2296 174//2296 
f 1419//2297 17//2297 15//2297 
f 1419//2298 1417//2298 17//2298 
f 1277//2299 175//2299 1280//2299 
f 1277//2300 177//2300 175//2300 
f 1421//2301 1419//2301 15//2301 
f 1421//2302 15//2302 13//2302 
f 1276//2303 177//2303 1277//2303 
f 1276//2304 180//2304 177//2304 
f 1423//2305 1421//2305 13//2305 
f 1423//2306 13//2306 11//2306 
f 1273//2307 180//2307 1276//2307 
f 1273//2308 182//2308 180//2308 
f 1425//2309 11//2309 9//2309 
f 1425//2310 1423//2310 11//2310 
f 1271//2311 182//2311 1273//2311 
f 1271//2312 183//2312 182//2312 
f 1427//2313 1425//2313 9//2313 
f 1427//2314 9//2314 7//2314 
f 1270//2315 186//2315 183//2315 
f 1270//2316 183//2316 1271//2316 
f 1429//2317 1427//2317 7//2317 
f 1429//2318 7//2318 5//2318 
f 1268//2319 187//2319 186//2319 
f 1268//2320 186//2320 1270//2320 
f 1432//2321 5//2321 3//2321 
f 1432//2322 1429//2322 5//2322 
f 1265//2323 187//2323 1268//2323 
f 1265//2324 189//2324 187//2324 
f 757//2325 2//2325 756//2325 
f 757//2326 1432//2326 3//2326 
f 757//2327 3//2327 2//2327 
f 1264//2328 189//2328 1265//2328 
f 1264//2329 194//2329 192//2329 
f 1264//2330 192//2330 189//2330 
f 758//2331 756//2331 753//2331 
f 758//2332 757//2332 756//2332 
f 1262//2333 194//2333 1264//2333 
f 1262//2334 195//2334 194//2334 
f 761//2335 758//2335 753//2335 
f 761//2336 753//2336 751//2336 
f 1260//2337 195//2337 1262//2337 
f 1260//2338 197//2338 195//2338 
f 763//2339 751//2339 749//2339 
f 763//2340 761//2340 751//2340 
f 1258//2341 197//2341 1260//2341 
f 1258//2342 200//2342 197//2342 
f 765//2343 749//2343 748//2343 
f 765//2344 763//2344 749//2344 
f 1256//2345 200//2345 1258//2345 
f 1256//2346 201//2346 200//2346 
f 767//2347 748//2347 746//2347 
f 767//2348 765//2348 748//2348 
f 1254//2349 201//2349 1256//2349 
f 1254//2350 203//2350 201//2350 
f 769//2351 746//2351 744//2351 
f 769//2352 767//2352 746//2352 
f 1252//2353 203//2353 1254//2353 
f 1252//2354 205//2354 203//2354 
f 771//2355 744//2355 742//2355 
f 771//2356 769//2356 744//2356 
f 1250//2357 205//2357 1252//2357 
f 1250//2358 208//2358 205//2358 
f 773//2359 742//2359 740//2359 
f 773//2360 740//2360 738//2360 
f 773//2361 771//2361 742//2361 
f 1248//2362 208//2362 1250//2362 
f 1248//2363 212//2363 209//2363 
f 1248//2364 209//2364 208//2364 
f 775//2365 738//2365 736//2365 
f 775//2366 773//2366 738//2366 
f 1246//2367 213//2367 212//2367 
f 1246//2368 212//2368 1248//2368 
f 777//2369 736//2369 734//2369 
f 777//2370 775//2370 736//2370 
f 1244//2371 215//2371 213//2371 
f 1244//2372 213//2372 1246//2372 
f 779//2373 734//2373 731//2373 
f 779//2374 777//2374 734//2374 
f 1242//2375 215//2375 1244//2375 
f 1242//2376 218//2376 215//2376 
f 781//2377 779//2377 731//2377 
f 781//2378 731//2378 729//2378 
f 1240//2379 218//2379 1242//2379 
f 1240//2380 219//2380 218//2380 
f 783//2381 729//2381 727//2381 
f 783//2382 781//2382 729//2382 
f 1238//2383 219//2383 1240//2383 
f 1238//2384 221//2384 219//2384 
f 785//2385 727//2385 725//2385 
f 785//2386 783//2386 727//2386 
f 1236//2387 224//2387 221//2387 
f 1236//2388 221//2388 1238//2388 
f 787//2389 725//2389 724//2389 
f 787//2390 785//2390 725//2390 
f 1234//2391 224//2391 1236//2391 
f 1234//2392 226//2392 224//2392 
f 789//2393 724//2393 722//2393 
f 789//2394 787//2394 724//2394 
f 1232//2395 226//2395 1234//2395 
f 1232//2396 230//2396 227//2396 
f 1232//2397 227//2397 226//2397 
f 791//2398 722//2398 720//2398 
f 791//2399 720//2399 717//2399 
f 791//2400 789//2400 722//2400 
f 1230//2401 230//2401 1232//2401 
f 1230//2402 232//2402 230//2402 
f 793//2403 717//2403 716//2403 
f 793//2404 791//2404 717//2404 
f 1228//2405 232//2405 1230//2405 
f 1228//2406 233//2406 232//2406 
f 795//2407 716//2407 714//2407 
f 795//2408 793//2408 716//2408 
f 1226//2409 233//2409 1228//2409 
f 1226//2410 236//2410 233//2410 
f 797//2411 714//2411 712//2411 
f 797//2412 795//2412 714//2412 
f 1224//2413 237//2413 236//2413 
f 1224//2414 236//2414 1226//2414 
f 799//2415 712//2415 710//2415 
f 799//2416 797//2416 712//2416 
f 1222//2417 239//2417 237//2417 
f 1222//2418 237//2418 1224//2418 
f 801//2419 710//2419 707//2419 
f 801//2420 799//2420 710//2420 
f 1220//2421 239//2421 1222//2421 
f 1220//2422 242//2422 239//2422 
f 803//2423 707//2423 705//2423 
f 803//2424 801//2424 707//2424 
f 1218//2425 242//2425 1220//2425 
f 1218//2426 243//2426 242//2426 
f 805//2427 705//2427 703//2427 
f 805//2428 803//2428 705//2428 
f 1216//2429 245//2429 243//2429 
f 1216//2430 243//2430 1218//2430 
f 807//2431 805//2431 703//2431 
f 807//2432 703//2432 702//2432 
f 807//2433 702//2433 699//2433 
f 1214//2434 250//2434 248//2434 
f 1214//2435 248//2435 245//2435 
f 1214//2436 245//2436 1216//2436 
f 809//2437 807//2437 699//2437 
f 809//2438 699//2438 697//2438 
f 1212//2439 251//2439 250//2439 
f 1212//2440 250//2440 1214//2440 
f 811//2441 697//2441 696//2441 
f 811//2442 809//2442 697//2442 
f 1210//2443 254//2443 251//2443 
f 1210//2444 251//2444 1212//2444 
f 813//2445 696//2445 693//2445 
f 813//2446 811//2446 696//2446 
f 1208//2447 255//2447 254//2447 
f 1208//2448 254//2448 1210//2448 
f 815//2449 813//2449 693//2449 
f 815//2450 693//2450 692//2450 
f 1206//2451 255//2451 1208//2451 
f 1206//2452 257//2452 255//2452 
f 817//2453 692//2453 690//2453 
f 817//2454 815//2454 692//2454 
f 1204//2455 257//2455 1206//2455 
f 1204//2456 260//2456 257//2456 
f 819//2457 817//2457 690//2457 
f 819//2458 690//2458 688//2458 
f 1202//2459 260//2459 1204//2459 
f 1202//2460 262//2460 260//2460 
f 821//2461 688//2461 685//2461 
f 821//2462 819//2462 688//2462 
f 1200//2463 262//2463 1202//2463 
f 1200//2464 263//2464 262//2464 
f 823//2465 685//2465 684//2465 
f 823//2466 821//2466 685//2466 
f 1198//2467 268//2467 266//2467 
f 1198//2468 266//2468 263//2468 
f 1198//2469 263//2469 1200//2469 
f 825//2470 823//2470 684//2470 
f 825//2471 684//2471 681//2471 
f 825//2472 681//2472 679//2472 
f 1196//2473 269//2473 268//2473 
f 1196//2474 268//2474 1198//2474 
f 827//2475 679//2475 678//2475 
f 827//2476 825//2476 679//2476 
f 1194//2477 272//2477 269//2477 
f 1194//2478 269//2478 1196//2478 
f 829//2479 678//2479 676//2479 
f 829//2480 827//2480 678//2480 
f 1192//2481 274//2481 272//2481 
f 1192//2482 272//2482 1194//2482 
f 831//2483 676//2483 673//2483 
f 831//2484 829//2484 676//2484 
f 1190//2485 275//2485 274//2485 
f 1190//2486 274//2486 1192//2486 
f 833//2487 673//2487 672//2487 
f 833//2488 831//2488 673//2488 
f 1188//2489 278//2489 275//2489 
f 1188//2490 275//2490 1190//2490 
f 835//2491 672//2491 670//2491 
f 835//2492 833//2492 672//2492 
f 1186//2493 280//2493 278//2493 
f 1186//2494 278//2494 1188//2494 
f 837//2495 835//2495 670//2495 
f 837//2496 670//2496 667//2496 
f 1184//2497 280//2497 1186//2497 
f 1184//2498 281//2498 280//2498 
f 839//2499 837//2499 667//2499 
f 839//2500 667//2500 665//2500 
f 1182//2501 283//2501 281//2501 
f 1182//2502 281//2502 1184//2502 
f 841//2503 839//2503 665//2503 
f 841//2504 665//2504 664//2504 
f 1180//2505 283//2505 1182//2505 
f 286//2506 283//2506 1180//2506 
f 661//2507 841//2507 664//2507 
f 661//2508 843//2508 841//2508 
f 288//2509 1180//2509 1178//2509 
f 288//2510 286//2510 1180//2510 
f 659//2511 843//2511 661//2511 
f 659//2512 845//2512 843//2512 
f 290//2513 1178//2513 1176//2513 
f 290//2514 288//2514 1178//2514 
f 658//2515 845//2515 659//2515 
f 658//2516 847//2516 845//2516 
f 292//2517 1176//2517 1174//2517 
f 292//2518 290//2518 1176//2518 
f 655//2519 847//2519 658//2519 
f 655//2520 849//2520 847//2520 
f 293//2521 1174//2521 1172//2521 
f 293//2522 292//2522 1174//2522 
f 654//2523 849//2523 655//2523 
f 654//2524 851//2524 849//2524 
f 295//2525 1172//2525 1170//2525 
f 295//2526 293//2526 1172//2526 
f 652//2527 853//2527 851//2527 
f 652//2528 851//2528 654//2528 
f 298//2529 1170//2529 1168//2529 
f 298//2530 295//2530 1170//2530 
f 650//2531 855//2531 853//2531 
f 650//2532 853//2532 652//2532 
f 299//2533 1168//2533 1166//2533 
f 299//2534 298//2534 1168//2534 
f 648//2535 857//2535 855//2535 
f 648//2536 855//2536 650//2536 
f 302//2537 1166//2537 1164//2537 
f 302//2538 299//2538 1166//2538 
f 646//2539 859//2539 857//2539 
f 646//2540 857//2540 648//2540 
f 304//2541 302//2541 1164//2541 
f 644//2542 859//2542 646//2542 
f 305//2543 304//2543 1164//2543 
f 305//2544 1164//2544 1162//2544 
f 641//2545 859//2545 644//2545 
f 641//2546 861//2546 859//2546 
f 307//2547 305//2547 1162//2547 
f 307//2548 1162//2548 1160//2548 
f 639//2549 861//2549 641//2549 
f 639//2550 863//2550 861//2550 
f 310//2551 307//2551 1160//2551 
f 310//2552 1160//2552 1158//2552 
f 638//2553 863//2553 639//2553 
f 638//2554 865//2554 863//2554 
f 311//2555 1158//2555 1156//2555 
f 311//2556 310//2556 1158//2556 
f 635//2557 865//2557 638//2557 
f 635//2558 867//2558 865//2558 
f 313//2559 1156//2559 1154//2559 
f 313//2560 311//2560 1156//2560 
f 634//2561 867//2561 635//2561 
f 634//2562 869//2562 867//2562 
f 316//2563 1154//2563 1152//2563 
f 316//2564 313//2564 1154//2564 
f 632//2565 869//2565 634//2565 
f 632//2566 872//2566 869//2566 
f 318//2567 1152//2567 1150//2567 
f 318//2568 316//2568 1152//2568 
f 629//2569 873//2569 872//2569 
f 629//2570 872//2570 632//2570 
f 319//2571 1150//2571 1148//2571 
f 319//2572 318//2572 1150//2572 
f 628//2573 875//2573 873//2573 
f 628//2574 873//2574 629//2574 
f 322//2575 1148//2575 1146//2575 
f 322//2576 319//2576 1148//2576 
f 626//2577 875//2577 628//2577 
f 323//2578 322//2578 1146//2578 
f 623//2579 877//2579 875//2579 
f 623//2580 875//2580 626//2580 
f 325//2581 1146//2581 1144//2581 
f 325//2582 323//2582 1146//2582 
f 621//2583 879//2583 877//2583 
f 621//2584 877//2584 623//2584 
f 328//2585 1144//2585 1142//2585 
f 328//2586 325//2586 1144//2586 
f 620//2587 881//2587 879//2587 
f 620//2588 879//2588 621//2588 
f 329//2589 1142//2589 1140//2589 
f 329//2590 328//2590 1142//2590 
f 617//2591 881//2591 620//2591 
f 617//2592 883//2592 881//2592 
f 332//2593 1140//2593 1138//2593 
f 332//2594 329//2594 1140//2594 
f 615//2595 883//2595 617//2595 
f 615//2596 885//2596 883//2596 
f 333//2597 332//2597 1138//2597 
f 333//2598 1138//2598 1136//2598 
f 614//2599 885//2599 615//2599 
f 614//2600 887//2600 885//2600 
f 336//2601 333//2601 1136//2601 
f 336//2602 1136//2602 1134//2602 
f 611//2603 887//2603 614//2603 
f 611//2604 889//2604 887//2604 
f 337//2605 1134//2605 1132//2605 
f 337//2606 336//2606 1134//2606 
f 610//2607 889//2607 611//2607 
f 610//2608 892//2608 889//2608 
f 340//2609 1132//2609 1130//2609 
f 340//2610 337//2610 1132//2610 
f 608//2611 893//2611 892//2611 
f 608//2612 892//2612 610//2612 
f 341//2613 340//2613 1130//2613 
f 605//2614 893//2614 608//2614 
f 344//2615 1130//2615 1128//2615 
f 344//2616 341//2616 1130//2616 
f 603//2617 895//2617 893//2617 
f 603//2618 893//2618 605//2618 
f 346//2619 1128//2619 1126//2619 
f 346//2620 344//2620 1128//2620 
f 602//2621 897//2621 895//2621 
f 602//2622 895//2622 603//2622 
f 348//2623 1126//2623 1124//2623 
f 348//2624 346//2624 1126//2624 
f 599//2625 899//2625 897//2625 
f 599//2626 897//2626 602//2626 
f 349//2627 1124//2627 1122//2627 
f 349//2628 348//2628 1124//2628 
f 597//2629 902//2629 899//2629 
f 597//2630 899//2630 599//2630 
f 352//2631 1122//2631 1120//2631 
f 352//2632 349//2632 1122//2632 
f 596//2633 902//2633 597//2633 
f 596//2634 904//2634 902//2634 
f 354//2635 1120//2635 1118//2635 
f 354//2636 352//2636 1120//2636 
f 593//2637 904//2637 596//2637 
f 593//2638 906//2638 904//2638 
f 355//2639 354//2639 1118//2639 
f 355//2640 1118//2640 1116//2640 
f 592//2641 906//2641 593//2641 
f 592//2642 907//2642 906//2642 
f 357//2643 355//2643 1116//2643 
f 357//2644 1116//2644 1114//2644 
f 589//2645 907//2645 592//2645 
f 589//2646 909//2646 907//2646 
f 359//2647 357//2647 1114//2647 
f 359//2648 1114//2648 1112//2648 
f 588//2649 909//2649 589//2649 
f 362//2650 359//2650 1112//2650 
f 585//2651 912//2651 909//2651 
f 585//2652 909//2652 588//2652 
f 363//2653 362//2653 1112//2653 
f 363//2654 1112//2654 1110//2654 
f 584//2655 913//2655 912//2655 
f 584//2656 912//2656 585//2656 
f 366//2657 1110//2657 1108//2657 
f 366//2658 363//2658 1110//2658 
f 581//2659 916//2659 913//2659 
f 581//2660 913//2660 584//2660 
f 367//2661 1108//2661 1106//2661 
f 367//2662 366//2662 1108//2662 
f 579//2663 917//2663 916//2663 
f 579//2664 916//2664 581//2664 
f 370//2665 1106//2665 1104//2665 
f 370//2666 367//2666 1106//2666 
f 578//2667 920//2667 917//2667 
f 578//2668 917//2668 579//2668 
f 371//2669 1104//2669 1102//2669 
f 371//2670 370//2670 1104//2670 
f 575//2671 922//2671 920//2671 
f 575//2672 920//2672 578//2672 
f 373//2673 1102//2673 1100//2673 
f 373//2674 371//2674 1102//2674 
f 573//2675 922//2675 575//2675 
f 573//2676 924//2676 922//2676 
f 375//2677 373//2677 1100//2677 
f 375//2678 1100//2678 1098//2678 
f 572//2679 924//2679 573//2679 
f 572//2680 925//2680 924//2680 
f 378//2681 1098//2681 1096//2681 
f 378//2682 375//2682 1098//2682 
f 569//2683 925//2683 572//2683 
f 379//2684 378//2684 1096//2684 
f 567//2685 928//2685 925//2685 
f 567//2686 925//2686 569//2686 
f 381//2687 379//2687 1096//2687 
f 381//2688 1096//2688 1093//2688 
f 566//2689 930//2689 928//2689 
f 566//2690 928//2690 567//2690 
f 383//2691 381//2691 1093//2691 
f 383//2692 1093//2692 1092//2692 
f 563//2693 932//2693 930//2693 
f 563//2694 930//2694 566//2694 
f 385//2695 1092//2695 1090//2695 
f 385//2696 383//2696 1092//2696 
f 561//2697 933//2697 932//2697 
f 561//2698 932//2698 563//2698 
f 387//2699 1090//2699 1087//2699 
f 387//2700 385//2700 1090//2700 
f 560//2701 936//2701 933//2701 
f 560//2702 933//2702 561//2702 
f 389//2703 1087//2703 1086//2703 
f 389//2704 387//2704 1087//2704 
f 557//2705 938//2705 936//2705 
f 557//2706 936//2706 560//2706 
f 391//2707 1086//2707 1083//2707 
f 391//2708 389//2708 1086//2708 
f 555//2709 938//2709 557//2709 
f 555//2710 939//2710 938//2710 
f 393//2711 1083//2711 1082//2711 
f 393//2712 391//2712 1083//2712 
f 554//2713 941//2713 939//2713 
f 554//2714 939//2714 555//2714 
f 395//2715 1082//2715 1080//2715 
f 395//2716 393//2716 1082//2716 
f 551//2717 944//2717 941//2717 
f 551//2718 941//2718 554//2718 
f 397//2719 395//2719 1080//2719 
f 550//2720 944//2720 551//2720 
f 399//2721 1080//2721 1077//2721 
f 399//2722 397//2722 1080//2722 
f 548//2723 944//2723 550//2723 
f 548//2724 945//2724 944//2724 
f 401//2725 1077//2725 1075//2725 
f 401//2726 399//2726 1077//2726 
f 545//2727 948//2727 945//2727 
f 545//2728 945//2728 548//2728 
f 403//2729 1075//2729 1074//2729 
f 403//2730 401//2730 1075//2730 
f 543//2731 950//2731 948//2731 
f 543//2732 948//2732 545//2732 
f 405//2733 1074//2733 1072//2733 
f 405//2734 403//2734 1074//2734 
f 541//2735 952//2735 950//2735 
f 541//2736 950//2736 543//2736 
f 407//2737 1072//2737 1070//2737 
f 407//2738 405//2738 1072//2738 
f 539//2739 954//2739 952//2739 
f 539//2740 952//2740 541//2740 
f 409//2741 1070//2741 1068//2741 
f 409//2742 407//2742 1070//2742 
f 537//2743 956//2743 954//2743 
f 537//2744 954//2744 539//2744 
f 411//2745 1068//2745 1066//2745 
f 411//2746 409//2746 1068//2746 
f 535//2747 958//2747 956//2747 
f 535//2748 956//2748 537//2748 
f 413//2749 411//2749 1066//2749 
f 413//2750 1066//2750 1064//2750 
f 533//2751 959//2751 958//2751 
f 533//2752 958//2752 535//2752 
f 415//2753 1064//2753 1061//2753 
f 415//2754 413//2754 1064//2754 
f 531//2755 959//2755 533//2755 
f 417//2756 415//2756 1061//2756 
f 530//2757 962//2757 959//2757 
f 530//2758 959//2758 531//2758 
f 419//2759 417//2759 1061//2759 
f 419//2760 1061//2760 1060//2760 
f 527//2761 962//2761 530//2761 
f 527//2762 964//2762 962//2762 
f 421//2763 1060//2763 1058//2763 
f 421//2764 419//2764 1060//2764 
f 525//2765 966//2765 964//2765 
f 525//2766 964//2766 527//2766 
f 423//2767 421//2767 1058//2767 
f 423//2768 1058//2768 1056//2768 
f 524//2769 968//2769 966//2769 
f 524//2770 966//2770 525//2770 
f 425//2771 423//2771 1056//2771 
f 425//2772 1056//2772 1054//2772 
f 521//2773 969//2773 968//2773 
f 521//2774 968//2774 524//2774 
f 427//2775 1054//2775 1052//2775 
f 427//2776 425//2776 1054//2776 
f 519//2777 971//2777 969//2777 
f 519//2778 969//2778 521//2778 
f 429//2779 427//2779 1052//2779 
f 429//2780 1052//2780 1050//2780 
f 517//2781 973//2781 971//2781 
f 517//2782 971//2782 519//2782 
f 431//2783 429//2783 1050//2783 
f 431//2784 1050//2784 1048//2784 
f 515//2785 973//2785 517//2785 
f 515//2786 976//2786 973//2786 
f 433//2787 431//2787 1048//2787 
f 433//2788 1048//2788 1045//2788 
f 513//2789 978//2789 976//2789 
f 513//2790 976//2790 515//2790 
f 435//2791 433//2791 1045//2791 
f 511//2792 978//2792 513//2792 
f 437//2793 435//2793 1045//2793 
f 437//2794 1045//2794 1044//2794 
f 509//2795 979//2795 978//2795 
f 509//2796 978//2796 511//2796 
f 439//2797 437//2797 1044//2797 
f 439//2798 1044//2798 1042//2798 
f 507//2799 979//2799 509//2799 
f 507//2800 982//2800 979//2800 
f 441//2801 439//2801 1042//2801 
f 441//2802 1042//2802 1039//2802 
f 505//2803 982//2803 507//2803 
f 505//2804 984//2804 982//2804 
f 443//2805 1039//2805 1038//2805 
f 443//2806 441//2806 1039//2806 
f 503//2807 984//2807 505//2807 
f 503//2808 986//2808 984//2808 
f 445//2809 443//2809 1038//2809 
f 445//2810 1038//2810 1036//2810 
f 502//2811 986//2811 503//2811 
f 502//2812 988//2812 986//2812 
f 447//2813 445//2813 1036//2813 
f 447//2814 1036//2814 1034//2814 
f 499//2815 988//2815 502//2815 
f 499//2816 990//2816 988//2816 
f 449//2817 447//2817 1034//2817 
f 449//2818 1034//2818 1032//2818 
f 497//2819 990//2819 499//2819 
f 497//2820 992//2820 990//2820 
f 451//2821 449//2821 1032//2821 
f 451//2822 1032//2822 1029//2822 
f 495//2823 992//2823 497//2823 
f 495//2824 993//2824 992//2824 
f 453//2825 451//2825 1029//2825 
f 453//2826 1029//2826 1028//2826 
f 493//2827 993//2827 495//2827 
f 455//2828 453//2828 1028//2828 
f 491//2829 993//2829 493//2829 
f 491//2830 996//2830 993//2830 
f 457//2831 1028//2831 1026//2831 
f 457//2832 455//2832 1028//2832 
f 490//2833 998//2833 996//2833 
f 490//2834 996//2834 491//2834 
f 459//2835 457//2835 1026//2835 
f 459//2836 1026//2836 1024//2836 
f 487//2837 998//2837 490//2837 
f 487//2838 1000//2838 998//2838 
f 461//2839 1024//2839 1022//2839 
f 461//2840 459//2840 1024//2840 
f 486//2841 1000//2841 487//2841 
f 486//2842 1002//2842 1000//2842 
f 463//2843 461//2843 1022//2843 
f 463//2844 1022//2844 1020//2844 
f 483//2845 1002//2845 486//2845 
f 483//2846 1004//2846 1002//2846 
f 465//2847 463//2847 1020//2847 
f 465//2848 1020//2848 1018//2848 
f 481//2849 1004//2849 483//2849 
f 481//2850 1006//2850 1004//2850 
f 467//2851 465//2851 1018//2851 
f 467//2852 1018//2852 1016//2852 
f 479//2853 1006//2853 481//2853 
f 479//2854 1008//2854 1006//2854 
f 469//2855 467//2855 1016//2855 
f 469//2856 1016//2856 1013//2856 
f 477//2857 1008//2857 479//2857 
f 477//2858 1010//2858 1008//2858 
f 471//2859 469//2859 1013//2859 
f 471//2860 1013//2860 1012//2860 
f 475//2861 1010//2861 477//2861 
f 475//2862 1012//2862 1010//2862 
f 473//2863 471//2863 1012//2863 
f 473//2864 1012//2864 475//2864 
o SCX2000-3_CARBODY_1_000_1-HSC_SCX2000-3_CARBODY_007 (Meshed)
usemtl color_cccce6
v 450.0 450.0 -246.0
v 450.0 450.0 -190.0
v 449.802368 463.334991 -246.0
v 449.802368 463.334991 -190.0
v 449.209686 476.658295 -246.0
v 449.209686 476.658295 -190.0
v 448.222443 489.95816 -190.0
v 446.841492 503.222931 -246.0
v 446.841492 503.222931 -190.0
v 445.068085 516.440979 -246.0
v 445.068085 516.440979 -190.0
v 442.903748 529.600647 -190.0
v 440.350433 542.690369 -190.0
v 437.410309 555.69873 -190.0
v 434.085999 568.614197 -246.0
v 434.085999 568.614197 -190.0
v 430.380432 581.425537 -246.0
v 430.380432 581.425537 -190.0
v 426.296844 594.12146 -190.0
v 421.838837 606.690735 -190.0
v 417.010315 619.122437 -190.0
v 411.815521 631.405518 -246.0
v 411.815521 631.405518 -190.0
v 406.259033 643.529358 -246.0
v 406.259033 643.529358 -190.0
v 400.345703 655.483154 -246.0
v 400.345703 655.483154 -190.0
v 394.080719 667.25647 -190.0
v 387.469635 678.838989 -190.0
v 380.518188 690.22052 -246.0
v 380.518188 690.22052 -190.0
v 373.232544 701.391052 -190.0
v 365.61911 712.340759 -246.0
v 365.61911 712.340759 -190.0
v 357.684509 723.060059 -246.0
v 357.684509 723.060059 -190.0
v 349.43573 733.539551 -190.0
v 340.880066 743.769958 -190.0
v 332.024963 753.742371 -246.0
v 332.024963 753.742371 -190.0
v 322.878265 763.447937 -246.0
v 322.878265 763.447937 -190.0
v 313.447968 772.878296 -246.0
v 313.447968 772.878296 -190.0
v 303.74234 782.024963 -190.0
v 293.769958 790.880066 -190.0
v 283.53952 799.43573 -246.0
v 283.53952 799.43573 -190.0
v 273.060059 807.684509 -246.0
v 273.060059 807.684509 -190.0
v 262.340759 815.61908 -190.0
v 251.391037 823.232544 -246.0
v 251.391037 823.232544 -190.0
v 240.22052 830.518188 -246.0
v 240.22052 830.518188 -190.0
v 228.839005 837.469604 -190.0
v 217.256485 844.08075 -190.0
v 205.483154 850.345703 -190.0
v 193.529343 856.259033 -190.0
v 181.405548 861.815552 -246.0
v 181.405548 861.815552 -190.0
v 169.122406 867.010315 -190.0
v 169.122406 867.010315 -246.0
v 156.690735 871.838867 -246.0
v 156.690735 871.838867 -190.0
v 144.121429 876.296875 -190.0
v 131.425552 880.380432 -246.0
v 131.425552 880.380432 -190.0
v 118.614227 884.085999 -190.0
v 105.698723 887.410339 -190.0
v 92.690376 890.350403 -190.0
v 79.600624 892.903748 -190.0
v 66.440956 895.068054 -190.0
v 53.222927 896.841492 -246.0
v 53.222927 896.841492 -190.0
v 39.958153 898.222412 -190.0
v 39.958153 898.222412 -246.0
v 26.658283 899.209656 -190.0
v 13.334997 899.802368 -246.0
v 13.334997 899.802368 -190.0
v -0.0 900.0 -190.0
v -13.334997 899.802368 -246.0
v -13.334997 899.802368 -190.0
v -26.658283 899.209656 -246.0
v -26.658283 899.209656 -190.0
v -39.958153 898.222412 -246.0
v -39.958153 898.222412 -190.0
v -53.222927 896.841492 -246.0
v -53.222927 896.841492 -190.0
v -66.440956 895.068054 -190.0
v -79.600624 892.903748 -246.0
v -79.600624 892.903748 -190.0
v -92.690376 890.350403 -190.0
v -92.690376 890.350403 -246.0
v -105.698723 887.410339 -190.0
v -118.614227 884.085999 -190.0
v -131.425552 880.380432 -190.0
v -131.425552 880.380432 -246.0
v -144.121429 876.296875 -190.0
v -156.690735 871.838867 -246.0
v -156.690735 871.838867 -190.0
v -169.122406 867.010315 -190.0
v -169.122406 867.010315 -246.0
v -181.405548 861.815552 -246.0
v -181.405548 861.815552 -190.0
v -193.529343 856.259033 -190.0
v -205.483154 850.345703 -246.0
v -205.483154 850.345703 -190.0
v -217.256485 844.08075 -190.0
v -228.839005 837.469604 -246.0
v -228.839005 837.469604 -190.0
v -240.22052 830.518188 -190.0
v -251.391037 823.232544 -190.0
v -262.340759 815.61908 -246.0
v -262.340759 815.61908 -190.0
v -273.060059 807.684509 -190.0
v -283.53952 799.43573 -246.0
v -283.53952 799.43573 -190.0
v -293.769958 790.880066 -190.0
v -303.74234 782.024963 -246.0
v -303.74234 782.024963 -190.0
v -313.447968 772.878296 -190.0
v -322.878265 763.447937 -246.0
v -322.878265 763.447937 -190.0
v -332.024963 753.742371 -246.0
v -332.024963 753.742371 -190.0
v -340.880066 743.769958 -190.0
v -349.43573 733.539551 -190.0
v -349.43573 733.539551 -246.0
v -357.684509 723.060059 -190.0
v -365.61911 712.340759 -246.0
v -365.61911 712.340759 -190.0
v -373.232544 701.391052 -190.0
v -373.232544 701.391052 -246.0
v -380.518188 690.22052 -190.0
v -387.469635 678.838989 -190.0
v -394.080719 667.25647 -190.0
v -394.080719 667.25647 -246.0
v -400.345703 655.483154 -190.0
v -406.259033 643.529358 -190.0
v -411.815521 631.405518 -246.0
v -411.815521 631.405518 -190.0
v -417.010315 619.122437 -190.0
v -417.010315 619.122437 -246.0
v -421.838837 606.690735 -246.0
v -421.838837 606.690735 -190.0
v -426.296844 594.12146 -246.0
v -426.296844 594.12146 -190.0
v -430.380432 581.425537 -246.0
v -430.380432 581.425537 -190.0
v -434.085999 568.614197 -190.0
v -437.410309 555.69873 -246.0
v -437.410309 555.69873 -190.0
v -440.350433 542.690369 -246.0
v -440.350433 542.690369 -190.0
v -442.903748 529.600647 -190.0
v -442.903748 529.600647 -246.0
v -445.068085 516.440979 -190.0
v -446.841492 503.222931 -190.0
v -448.222443 489.95816 -246.0
v -448.222443 489.95816 -190.0
v -449.209686 476.658295 -190.0
v -449.209686 476.658295 -246.0
v -449.802368 463.334991 -190.0
v -450.0 450.0 -246.0
v -450.0 450.0 -190.0
v -450.0 -450.0 -190.0
v -450.0 -450.0 -246.0
v -449.802368 -463.334991 -190.0
v -449.209686 -476.658295 -190.0
v -448.222443 -489.95816 -246.0
v -448.222443 -489.95816 -190.0
v -446.841492 -503.222931 -246.0
v -446.841492 -503.222931 -190.0
v -445.068085 -516.440979 -190.0
v -442.903748 -529.600647 -246.0
v -442.903748 -529.600647 -190.0
v -440.350433 -542.690369 -246.0
v -440.350433 -542.690369 -190.0
v -437.410309 -555.69873 -246.0
v -437.410309 -555.69873 -190.0
v -434.085999 -568.614197 -190.0
v -430.380432 -581.425537 -190.0
v -426.296844 -594.12146 -190.0
v -421.838837 -606.690735 -246.0
v -421.838837 -606.690735 -190.0
v -417.010315 -619.122437 -246.0
v -417.010315 -619.122437 -190.0
v -411.815521 -631.405518 -190.0
v -406.259033 -643.529358 -246.0
v -406.259033 -643.529358 -190.0
v -400.345703 -655.483154 -190.0
v -394.080719 -667.25647 -190.0
v -387.469635 -678.838989 -246.0
v -387.469635 -678.838989 -190.0
v -380.518188 -690.22052 -246.0
v -380.518188 -690.22052 -190.0
v -373.232544 -701.391052 -246.0
v -373.232544 -701.391052 -190.0
v -365.61911 -712.340759 -190.0
v -357.684509 -723.060059 -246.0
v -357.684509 -723.060059 -190.0
v -349.43573 -733.539551 -246.0
v -349.43573 -733.539551 -190.0
v -340.880066 -743.769958 -246.0
v -340.880066 -743.769958 -190.0
v -332.024963 -753.742371 -246.0
v -332.024963 -753.742371 -190.0
v -322.878265 -763.447937 -190.0
v -313.447968 -772.878296 -246.0
v -313.447968 -772.878296 -190.0
v -303.74234 -782.024963 -190.0
v -293.769958 -790.880066 -190.0
v -283.53952 -799.43573 -190.0
v -273.060059 -807.684509 -190.0
v -262.340759 -815.61908 -246.0
v -262.340759 -815.61908 -190.0
v -251.391037 -823.232544 -190.0
v -251.391037 -823.232544 -246.0
v -240.22052 -830.518188 -246.0
v -240.22052 -830.518188 -190.0
v -228.839005 -837.469604 -246.0
v -228.839005 -837.469604 -190.0
v -217.256485 -844.08075 -246.0
v -217.256485 -844.08075 -190.0
v -205.483154 -850.345703 -246.0
v -205.483154 -850.345703 -190.0
v -193.529343 -856.259033 -190.0
v -193.529343 -856.259033 -246.0
v -181.405548 -861.815552 -246.0
v -181.405548 -861.815552 -190.0
v -169.122406 -867.010315 -190.0
v -156.690735 -871.838867 -246.0
v -156.690735 -871.838867 -190.0
v -144.121429 -876.296875 -190.0
v -131.425552 -880.380432 -190.0
v -118.614227 -884.085999 -190.0
v -105.698723 -887.410339 -190.0
v -105.698723 -887.410339 -246.0
v -92.690376 -890.350403 -246.0
v -92.690376 -890.350403 -190.0
v -79.600624 -892.903748 -190.0
v -66.440956 -895.068054 -246.0
v -66.440956 -895.068054 -190.0
v -53.222927 -896.841492 -190.0
v -39.958153 -898.222412 -190.0
v -26.658283 -899.209656 -246.0
v -26.658283 -899.209656 -190.0
v -13.334997 -899.802368 -190.0
v 0.0 -900.0 -190.0
v 13.334997 -899.802368 -190.0
v 13.334997 -899.802368 -246.0
v 26.658283 -899.209656 -190.0
v 39.958153 -898.222412 -190.0
v 53.222927 -896.841492 -246.0
v 53.222927 -896.841492 -190.0
v 66.440956 -895.068054 -190.0
v 66.440956 -895.068054 -246.0
v 79.600624 -892.903748 -190.0
v 92.690376 -890.350403 -246.0
v 92.690376 -890.350403 -190.0
v 105.698723 -887.410339 -246.0
v 105.698723 -887.410339 -190.0
v 118.614227 -884.085999 -190.0
v 118.614227 -884.085999 -246.0
v 131.425552 -880.380432 -190.0
v 144.121429 -876.296875 -246.0
v 144.121429 -876.296875 -190.0
v 156.690735 -871.838867 -246.0
v 156.690735 -871.838867 -190.0
v 169.122406 -867.010315 -190.0
v 181.405548 -861.815552 -190.0
v 193.529343 -856.259033 -246.0
v 193.529343 -856.259033 -190.0
v 205.483154 -850.345703 -190.0
v 217.256485 -844.08075 -246.0
v 217.256485 -844.08075 -190.0
v 228.839005 -837.469604 -246.0
v 228.839005 -837.469604 -190.0
v 240.22052 -830.518188 -190.0
v 251.391037 -823.232544 -246.0
v 251.391037 -823.232544 -190.0
v 262.340759 -815.61908 -246.0
v 262.340759 -815.61908 -190.0
v 273.060059 -807.684509 -246.0
v 273.060059 -807.684509 -190.0
v 283.53952 -799.43573 -190.0
v 283.53952 -799.43573 -246.0
v 293.769958 -790.880066 -246.0
v 293.769958 -790.880066 -190.0
v 303.74234 -782.024963 -246.0
v 303.74234 -782.024963 -190.0
v 313.447968 -772.878296 -246.0
v 313.447968 -772.878296 -190.0
v 322.878265 -763.447937 -190.0
v 322.878265 -763.447937 -246.0
v 332.024963 -753.742371 -190.0
v 340.880066 -743.769958 -246.0
v 340.880066 -743.769958 -190.0
v 349.43573 -733.539551 -190.0
v 349.43573 -733.539551 -246.0
v 357.684509 -723.060059 -190.0
v 365.61911 -712.340759 -246.0
v 365.61911 -712.340759 -190.0
v 373.232544 -701.391052 -246.0
v 373.232544 -701.391052 -190.0
v 380.518188 -690.22052 -190.0
v 380.518188 -690.22052 -246.0
v 387.469635 -678.838989 -246.0
v 387.469635 -678.838989 -190.0
v 394.080719 -667.25647 -190.0
v 400.345703 -655.483154 -190.0
v 406.259033 -643.529358 -190.0
v 411.815521 -631.405518 -246.0
v 411.815521 -631.405518 -190.0
v 417.010315 -619.122437 -246.0
v 417.010315 -619.122437 -190.0
v 421.838837 -606.690735 -190.0
v 426.296844 -594.12146 -246.0
v 426.296844 -594.12146 -190.0
v 430.380432 -581.425537 -246.0
v 430.380432 -581.425537 -190.0
v 434.085999 -568.614197 -190.0
v 437.410309 -555.69873 -190.0
v 440.350433 -542.690369 -246.0
v 440.350433 -542.690369 -190.0
v 442.903748 -529.600647 -246.0
v 442.903748 -529.600647 -190.0
v 445.068085 -516.440979 -246.0
v 445.068085 -516.440979 -190.0
v 446.841492 -503.222931 -190.0
v 448.222443 -489.95816 -246.0
v 448.222443 -489.95816 -190.0
v 449.209686 -476.658295 -190.0
v 449.209686 -476.658295 -246.0
v 449.802368 -463.334991 -190.0
v 450.0 -450.0 -246.0
v 450.0 -450.0 -190.0
v -1450.0 0.0 -246.0
v -1450.0 0.0 -190.0
v -1449.801758 23.97422 -190.0
v -1449.801758 23.97422 -246.0
v -1449.207275 47.941887 -190.0
v -1449.207275 47.941887 -246.0
v -1448.216431 71.896446 -190.0
v -1448.216431 71.896446 -246.0
v -1446.829712 95.831345 -190.0
v -1446.829712 95.831345 -246.0
v -1445.047485 119.740051 -190.0
v -1445.047485 119.740051 -246.0
v -1442.870239 143.616013 -190.0
v -1442.870239 143.616013 -246.0
v -1440.298462 167.452728 -190.0
v -1440.298462 167.452728 -246.0
v -1437.332886 191.243652 -190.0
v -1437.332886 191.243652 -246.0
v -1433.974365 214.982285 -190.0
v -1433.974365 214.982285 -246.0
v -1430.223877 238.662155 -190.0
v -1430.223877 238.662155 -246.0
v -1426.082397 262.276764 -190.0
v -1426.082397 262.276764 -246.0
v -1421.550903 285.819702 -190.0
v -1421.550903 285.819702 -246.0
v -1416.630859 309.284454 -190.0
v -1416.630859 309.284454 -246.0
v -1411.323608 332.664673 -190.0
v -1411.323608 332.664673 -246.0
v -1405.630371 355.953949 -190.0
v -1405.630371 355.953949 -246.0
v -1399.552979 379.145905 -190.0
v -1399.552979 379.145905 -246.0
v -1393.092773 402.234222 -190.0
v -1393.092773 402.234222 -246.0
v -1386.251831 425.212555 -190.0
v -1386.251831 425.212555 -246.0
v -1379.031982 448.074646 -190.0
v -1379.031982 448.074646 -246.0
v -1371.435059 470.81424 -190.0
v -1371.435059 470.81424 -246.0
v -1363.463135 493.42511 -190.0
v -1363.463135 493.42511 -246.0
v -1355.11853 515.901062 -190.0
v -1355.11853 515.901062 -246.0
v -1346.40332 538.236023 -190.0
v -1346.40332 538.236023 -246.0
v -1337.32019 560.423767 -190.0
v -1337.32019 560.423767 -246.0
v -1327.871338 582.458374 -190.0
v -1327.871338 582.458374 -246.0
v -1318.059448 604.333679 -190.0
v -1318.059448 604.333679 -246.0
v -1307.887329 626.043823 -190.0
v -1307.887329 626.043823 -246.0
v -1297.357544 647.582764 -190.0
v -1297.357544 647.582764 -246.0
v -1286.473145 668.944702 -190.0
v -1286.473145 668.944702 -246.0
v -1275.236938 690.123718 -190.0
v -1275.236938 690.123718 -246.0
v -1263.6521 711.114075 -190.0
v -1263.6521 711.114075 -246.0
v -1251.721924 731.910034 -190.0
v -1251.721924 731.910034 -246.0
v -1239.449463 752.505859 -190.0
v -1239.449463 752.505859 -246.0
v -1226.838135 772.895996 -190.0
v -1226.838135 772.895996 -246.0
v -1213.891357 793.074829 -190.0
v -1213.891357 793.074829 -246.0
v -1200.612793 813.036804 -190.0
v -1200.612793 813.036804 -246.0
v -1187.005981 832.77655 -190.0
v -1187.005981 832.77655 -246.0
v -1173.074585 852.288635 -190.0
v -1173.074585 852.288635 -246.0
v -1158.822632 871.567688 -190.0
v -1158.822632 871.567688 -246.0
v -1144.253784 890.608459 -190.0
v -1144.253784 890.608459 -246.0
v -1129.37207 909.405701 -190.0
v -1129.37207 909.405701 -246.0
v -1114.181641 927.954407 -190.0
v -1114.181641 927.954407 -246.0
v -1098.686523 946.249329 -190.0
v -1098.686523 946.249329 -246.0
v -1082.891113 964.285645 -190.0
v -1082.891113 964.285645 -246.0
v -1066.799683 982.058289 -190.0
v -1066.799683 982.058289 -246.0
v -1050.416504 999.562439 -190.0
v -1050.416504 999.562439 -246.0
v -1033.746216 1016.793335 -190.0
v -1033.746216 1016.793335 -246.0
v -1016.793335 1033.746216 -190.0
v -1016.793335 1033.746216 -246.0
v -999.562439 1050.416504 -190.0
v -999.562439 1050.416504 -246.0
v -982.058289 1066.799683 -190.0
v -982.058289 1066.799683 -246.0
v -964.285645 1082.891113 -190.0
v -964.285645 1082.891113 -246.0
v -946.249329 1098.686523 -190.0
v -946.249329 1098.686523 -246.0
v -927.954407 1114.181641 -190.0
v -927.954407 1114.181641 -246.0
v -909.405701 1129.37207 -190.0
v -909.405701 1129.37207 -246.0
v -890.608459 1144.253784 -190.0
v -890.608459 1144.253784 -246.0
v -871.567688 1158.822632 -190.0
v -871.567688 1158.822632 -246.0
v -852.288635 1173.074585 -190.0
v -852.288635 1173.074585 -246.0
v -832.77655 1187.005981 -246.0
v -832.77655 1187.005981 -190.0
v -813.036804 1200.612793 -190.0
v -813.036804 1200.612793 -246.0
v -793.074829 1213.891357 -190.0
v -793.074829 1213.891357 -246.0
v -772.895996 1226.838135 -190.0
v -772.895996 1226.838135 -246.0
v -752.505859 1239.449463 -190.0
v -752.505859 1239.449463 -246.0
v -731.910034 1251.721924 -246.0
v -731.910034 1251.721924 -190.0
v -711.114075 1263.6521 -190.0
v -711.114075 1263.6521 -246.0
v -690.123718 1275.236938 -190.0
v -690.123718 1275.236938 -246.0
v -668.944702 1286.473145 -190.0
v -668.944702 1286.473145 -246.0
v -647.582764 1297.357544 -190.0
v -647.582764 1297.357544 -246.0
v -626.043823 1307.887329 -246.0
v -626.043823 1307.887329 -190.0
v -604.333679 1318.059448 -190.0
v -604.333679 1318.059448 -246.0
v -582.458374 1327.871338 -190.0
v -582.458374 1327.871338 -246.0
v -560.423767 1337.32019 -246.0
v -560.423767 1337.32019 -190.0
v -538.236023 1346.40332 -190.0
v -538.236023 1346.40332 -246.0
v -515.901062 1355.11853 -246.0
v -515.901062 1355.11853 -190.0
v -493.42511 1363.463135 -190.0
v -493.42511 1363.463135 -246.0
v -470.81424 1371.435059 -190.0
v -470.81424 1371.435059 -246.0
v -448.074646 1379.031982 -246.0
v -448.074646 1379.031982 -190.0
v -425.212555 1386.251831 -190.0
v -425.212555 1386.251831 -246.0
v -402.234222 1393.092773 -190.0
v -402.234222 1393.092773 -246.0
v -379.145905 1399.552979 -246.0
v -379.145905 1399.552979 -190.0
v -355.953949 1405.630371 -190.0
v -355.953949 1405.630371 -246.0
v -332.664673 1411.323608 -246.0
v -332.664673 1411.323608 -190.0
v -309.284454 1416.630859 -190.0
v -309.284454 1416.630859 -246.0
v -285.819702 1421.550903 -190.0
v -285.819702 1421.550903 -246.0
v -262.276764 1426.082397 -246.0
v -262.276764 1426.082397 -190.0
v -238.662155 1430.223877 -190.0
v -238.662155 1430.223877 -246.0
v -214.982285 1433.974365 -246.0
v -214.982285 1433.974365 -190.0
v -191.243652 1437.332886 -190.0
v -191.243652 1437.332886 -246.0
v -167.452728 1440.298462 -190.0
v -167.452728 1440.298462 -246.0
v -143.616013 1442.870239 -246.0
v -143.616013 1442.870239 -190.0
v -119.740051 1445.047485 -190.0
v -119.740051 1445.047485 -246.0
v -95.831345 1446.829712 -190.0
v -95.831345 1446.829712 -246.0
v -71.896446 1448.216431 -246.0
v -71.896446 1448.216431 -190.0
v -47.941887 1449.207275 -190.0
v -47.941887 1449.207275 -246.0
v -23.97422 1449.801758 -190.0
v -23.97422 1449.801758 -246.0
v -0.0 1450.0 -190.0
v 0.0 1450.0 -246.0
v 23.97422 1449.801758 -190.0
v 23.97422 1449.801758 -246.0
v 47.941887 1449.207275 -246.0
v 47.941887 1449.207275 -190.0
v 71.896446 1448.216431 -190.0
v 71.896446 1448.216431 -246.0
v 95.831345 1446.829712 -190.0
v 95.831345 1446.829712 -246.0
v 119.740051 1445.047485 -246.0
v 119.740051 1445.047485 -190.0
v 143.616013 1442.870239 -190.0
v 143.616013 1442.870239 -246.0
v 167.452728 1440.298462 -190.0
v 167.452728 1440.298462 -246.0
v 191.243652 1437.332886 -246.0
v 191.243652 1437.332886 -190.0
v 214.982285 1433.974365 -190.0
v 214.982285 1433.974365 -246.0
v 238.662155 1430.223877 -246.0
v 238.662155 1430.223877 -190.0
v 262.276764 1426.082397 -190.0
v 262.276764 1426.082397 -246.0
v 285.819702 1421.550903 -190.0
v 285.819702 1421.550903 -246.0
v 309.284454 1416.630859 -246.0
v 309.284454 1416.630859 -190.0
v 332.664673 1411.323608 -190.0
v 332.664673 1411.323608 -246.0
v 355.953949 1405.630371 -190.0
v 355.953949 1405.630371 -246.0
v 379.145905 1399.552979 -246.0
v 379.145905 1399.552979 -190.0
v 402.234222 1393.092773 -246.0
v 402.234222 1393.092773 -190.0
v 425.212555 1386.251831 -190.0
v 425.212555 1386.251831 -246.0
v 448.074646 1379.031982 -190.0
v 448.074646 1379.031982 -246.0
v 470.81424 1371.435059 -246.0
v 470.81424 1371.435059 -190.0
v 493.42511 1363.463135 -246.0
v 493.42511 1363.463135 -190.0
v 515.901062 1355.11853 -190.0
v 515.901062 1355.11853 -246.0
v 538.236023 1346.40332 -246.0
v 538.236023 1346.40332 -190.0
v 560.423767 1337.32019 -246.0
v 560.423767 1337.32019 -190.0
v 582.458374 1327.871338 -246.0
v 582.458374 1327.871338 -190.0
v 604.333679 1318.059448 -246.0
v 604.333679 1318.059448 -190.0
v 626.043823 1307.887329 -190.0
v 626.043823 1307.887329 -246.0
v 647.582764 1297.357544 -190.0
v 647.582764 1297.357544 -246.0
v 668.944702 1286.473145 -246.0
v 668.944702 1286.473145 -190.0
v 690.123718 1275.236938 -246.0
v 690.123718 1275.236938 -190.0
v 711.114075 1263.6521 -190.0
v 711.114075 1263.6521 -246.0
v 731.910034 1251.721924 -246.0
v 731.910034 1251.721924 -190.0
v 752.505859 1239.449463 -246.0
v 752.505859 1239.449463 -190.0
v 772.895996 1226.838135 -190.0
v 772.895996 1226.838135 -246.0
v 793.074829 1213.891357 -246.0
v 793.074829 1213.891357 -190.0
v 813.036804 1200.612793 -246.0
v 813.036804 1200.612793 -190.0
v 832.77655 1187.005981 -190.0
v 832.77655 1187.005981 -246.0
v 852.288635 1173.074585 -246.0
v 852.288635 1173.074585 -190.0
v 871.567688 1158.822632 -190.0
v 871.567688 1158.822632 -246.0
v 890.608459 1144.253784 -190.0
v 890.608459 1144.253784 -246.0
v 909.405701 1129.37207 -190.0
v 909.405701 1129.37207 -246.0
v 927.954407 1114.181641 -246.0
v 927.954407 1114.181641 -190.0
v 946.249329 1098.686523 -190.0
v 946.249329 1098.686523 -246.0
v 964.285645 1082.891113 -246.0
v 964.285645 1082.891113 -190.0
v 982.058289 1066.799683 -246.0
v 982.058289 1066.799683 -190.0
v 999.562439 1050.416504 -190.0
v 999.562439 1050.416504 -246.0
v 1016.793335 1033.746216 -246.0
v 1016.793335 1033.746216 -190.0
v 1033.746216 1016.793335 -246.0
v 1033.746216 1016.793335 -190.0
v 1050.416504 999.562439 -246.0
v 1050.416504 999.562439 -190.0
v 1066.799683 982.058289 -190.0
v 1066.799683 982.058289 -246.0
v 1082.891113 964.285645 -246.0
v 1082.891113 964.285645 -190.0
v 1098.686523 946.249329 -246.0
v 1098.686523 946.249329 -190.0
v 1114.181641 927.954407 -190.0
v 1114.181641 927.954407 -246.0
v 1129.37207 909.405701 -246.0
v 1129.37207 909.405701 -190.0
v 1144.253784 890.608459 -246.0
v 1144.253784 890.608459 -190.0
v 1158.822632 871.567688 -190.0
v 1158.822632 871.567688 -246.0
v 1173.074585 852.288635 -246.0
v 1173.074585 852.288635 -190.0
v 1187.005981 832.77655 -246.0
v 1187.005981 832.77655 -190.0
v 1200.612793 813.036804 -190.0
v 1200.612793 813.036804 -246.0
v 1213.891357 793.074829 -246.0
v 1213.891357 793.074829 -190.0
v 1226.838135 772.895996 -190.0
v 1226.838135 772.895996 -246.0
v 1239.449463 752.505859 -246.0
v 1239.449463 752.505859 -190.0
v 1251.721924 731.910034 -190.0
v 1251.721924 731.910034 -246.0
v 1263.6521 711.114075 -246.0
v 1263.6521 711.114075 -190.0
v 1275.236938 690.123718 -246.0
v 1275.236938 690.123718 -190.0
v 1286.473145 668.944702 -190.0
v 1286.473145 668.944702 -246.0
v 1297.357544 647.582764 -246.0
v 1297.357544 647.582764 -190.0
v 1307.887329 626.043823 -246.0
v 1307.887329 626.043823 -190.0
v 1318.059448 604.333679 -246.0
v 1318.059448 604.333679 -190.0
v 1327.871338 582.458374 -246.0
v 1327.871338 582.458374 -190.0
v 1337.32019 560.423767 -190.0
v 1337.32019 560.423767 -246.0
v 1346.40332 538.236023 -246.0
v 1346.40332 538.236023 -190.0
v 1355.11853 515.901062 -190.0
v 1355.11853 515.901062 -246.0
v 1363.463135 493.42511 -246.0
v 1363.463135 493.42511 -190.0
v 1371.435059 470.81424 -246.0
v 1371.435059 470.81424 -190.0
v 1379.031982 448.074646 -190.0
v 1379.031982 448.074646 -246.0
v 1386.251831 425.212555 -246.0
v 1386.251831 425.212555 -190.0
v 1393.092773 402.234222 -190.0
v 1393.092773 402.234222 -246.0
v 1399.552979 379.145905 -246.0
v 1399.552979 379.145905 -190.0
v 1405.630371 355.953949 -190.0
v 1405.630371 355.953949 -246.0
v 1411.323608 332.664673 -190.0
v 1411.323608 332.664673 -246.0
v 1416.630859 309.284454 -246.0
v 1416.630859 309.284454 -190.0
v 1421.550903 285.819702 -246.0
v 1421.550903 285.819702 -190.0
v 1426.082397 262.276764 -190.0
v 1426.082397 262.276764 -246.0
v 1430.223877 238.662155 -246.0
v 1430.223877 238.662155 -190.0
v 1433.974365 214.982285 -190.0
v 1433.974365 214.982285 -246.0
v 1437.332886 191.243652 -246.0
v 1437.332886 191.243652 -190.0
v 1440.298462 167.452728 -246.0
v 1440.298462 167.452728 -190.0
v 1442.870239 143.616013 -190.0
v 1442.870239 143.616013 -246.0
v 1445.047485 119.740051 -246.0
v 1445.047485 119.740051 -190.0
v 1446.829712 95.831345 -246.0
v 1446.829712 95.831345 -190.0
v 1448.216431 71.896446 -190.0
v 1448.216431 71.896446 -246.0
v 1449.207275 47.941887 -246.0
v 1449.207275 47.941887 -190.0
v 1449.801758 23.97422 -246.0
v 1449.801758 23.97422 -190.0
v 1450.0 0.0 -246.0
v 1450.0 -0.0 -190.0
v 1449.801758 -23.97422 -190.0
v 1449.801758 -23.97422 -246.0
v 1449.207275 -47.941887 -190.0
v 1449.207275 -47.941887 -246.0
v 1448.216431 -71.896446 -190.0
v 1448.216431 -71.896446 -246.0
v 1446.829712 -95.831345 -190.0
v 1446.829712 -95.831345 -246.0
v 1445.047485 -119.740051 -190.0
v 1445.047485 -119.740051 -246.0
v 1442.870239 -143.616013 -190.0
v 1442.870239 -143.616013 -246.0
v 1440.298462 -167.452728 -190.0
v 1440.298462 -167.452728 -246.0
v 1437.332886 -191.243652 -190.0
v 1437.332886 -191.243652 -246.0
v 1433.974365 -214.982285 -190.0
v 1433.974365 -214.982285 -246.0
v 1430.223877 -238.662155 -190.0
v 1430.223877 -238.662155 -246.0
v 1426.082397 -262.276764 -190.0
v 1426.082397 -262.276764 -246.0
v 1421.550903 -285.819702 -190.0
v 1421.550903 -285.819702 -246.0
v 1416.630859 -309.284454 -190.0
v 1416.630859 -309.284454 -246.0
v 1411.323608 -332.664673 -190.0
v 1411.323608 -332.664673 -246.0
v 1405.630371 -355.953949 -190.0
v 1405.630371 -355.953949 -246.0
v 1399.552979 -379.145905 -190.0
v 1399.552979 -379.145905 -246.0
v 1393.092773 -402.234222 -190.0
v 1393.092773 -402.234222 -246.0
v 1386.251831 -425.212555 -190.0
v 1386.251831 -425.212555 -246.0
v 1379.031982 -448.074646 -190.0
v 1379.031982 -448.074646 -246.0
v 1371.435059 -470.81424 -190.0
v 1371.435059 -470.81424 -246.0
v 1363.463135 -493.42511 -190.0
v 1363.463135 -493.42511 -246.0
v 1355.11853 -515.901062 -190.0
v 1355.11853 -515.901062 -246.0
v 1346.40332 -538.236023 -190.0
v 1346.40332 -538.236023 -246.0
v 1337.32019 -560.423767 -190.0
v 1337.32019 -560.423767 -246.0
v 1327.871338 -582.458374 -190.0
v 1327.871338 -582.458374 -246.0
v 1318.059448 -604.333679 -190.0
v 1318.059448 -604.333679 -246.0
v 1307.887329 -626.043823 -190.0
v 1307.887329 -626.043823 -246.0
v 1297.357544 -647.582764 -190.0
v 1297.357544 -647.582764 -246.0
v 1286.473145 -668.944702 -190.0
v 1286.473145 -668.944702 -246.0
v 1275.236938 -690.123718 -190.0
v 1275.236938 -690.123718 -246.0
v 1263.6521 -711.114075 -190.0
v 1263.6521 -711.114075 -246.0
v 1251.721924 -731.910034 -190.0
v 1251.721924 -731.910034 -246.0
v 1239.449463 -752.505859 -190.0
v 1239.449463 -752.505859 -246.0
v 1226.838135 -772.895996 -190.0
v 1226.838135 -772.895996 -246.0
v 1213.891357 -793.074829 -190.0
v 1213.891357 -793.074829 -246.0
v 1200.612793 -813.036804 -190.0
v 1200.612793 -813.036804 -246.0
v 1187.005981 -832.77655 -190.0
v 1187.005981 -832.77655 -246.0
v 1173.074585 -852.288635 -190.0
v 1173.074585 -852.288635 -246.0
v 1158.822632 -871.567688 -190.0
v 1158.822632 -871.567688 -246.0
v 1144.253784 -890.608459 -190.0
v 1144.253784 -890.608459 -246.0
v 1129.37207 -909.405701 -190.0
v 1129.37207 -909.405701 -246.0
v 1114.181641 -927.954407 -190.0
v 1114.181641 -927.954407 -246.0
v 1098.686523 -946.249329 -190.0
v 1098.686523 -946.249329 -246.0
v 1082.891113 -964.285645 -190.0
v 1082.891113 -964.285645 -246.0
v 1066.799683 -982.058289 -190.0
v 1066.799683 -982.058289 -246.0
v 1050.416504 -999.562439 -190.0
v 1050.416504 -999.562439 -246.0
v 1033.746216 -1016.793335 -190.0
v 1033.746216 -1016.793335 -246.0
v 1016.793335 -1033.746216 -190.0
v 1016.793335 -1033.746216 -246.0
v 999.562439 -1050.416504 -190.0
v 999.562439 -1050.416504 -246.0
v 982.058289 -1066.799683 -190.0
v 982.058289 -1066.799683 -246.0
v 964.285645 -1082.891113 -190.0
v 964.285645 -1082.891113 -246.0
v 946.249329 -1098.686523 -190.0
v 946.249329 -1098.686523 -246.0
v 927.954407 -1114.181641 -190.0
v 927.954407 -1114.181641 -246.0
v 909.405701 -1129.37207 -190.0
v 909.405701 -1129.37207 -246.0
v 890.608459 -1144.253784 -190.0
v 890.608459 -1144.253784 -246.0
v 871.567688 -1158.822632 -190.0
v 871.567688 -1158.822632 -246.0
v 852.288635 -1173.074585 -190.0
v 852.288635 -1173.074585 -246.0
v 832.77655 -1187.005981 -190.0
v 832.77655 -1187.005981 -246.0
v 813.036804 -1200.612793 -190.0
v 813.036804 -1200.612793 -246.0
v 793.074829 -1213.891357 -190.0
v 793.074829 -1213.891357 -246.0
v 772.895996 -1226.838135 -190.0
v 772.895996 -1226.838135 -246.0
v 752.505859 -1239.449463 -190.0
v 752.505859 -1239.449463 -246.0
v 731.910034 -1251.721924 -190.0
v 731.910034 -1251.721924 -246.0
v 711.114075 -1263.6521 -190.0
v 711.114075 -1263.6521 -246.0
v 690.123718 -1275.236938 -190.0
v 690.123718 -1275.236938 -246.0
v 668.944702 -1286.473145 -246.0
v 668.944702 -1286.473145 -190.0
v 647.582764 -1297.357544 -190.0
v 647.582764 -1297.357544 -246.0
v 626.043823 -1307.887329 -246.0
v 626.043823 -1307.887329 -190.0
v 604.333679 -1318.059448 -190.0
v 604.333679 -1318.059448 -246.0
v 582.458374 -1327.871338 -190.0
v 582.458374 -1327.871338 -246.0
v 560.423767 -1337.32019 -246.0
v 560.423767 -1337.32019 -190.0
v 538.236023 -1346.40332 -190.0
v 538.236023 -1346.40332 -246.0
v 515.901062 -1355.11853 -190.0
v 515.901062 -1355.11853 -246.0
v 493.42511 -1363.463135 -246.0
v 493.42511 -1363.463135 -190.0
v 470.81424 -1371.435059 -190.0
v 470.81424 -1371.435059 -246.0
v 448.074646 -1379.031982 -246.0
v 448.074646 -1379.031982 -190.0
v 425.212555 -1386.251831 -190.0
v 425.212555 -1386.251831 -246.0
v 402.234222 -1393.092773 -190.0
v 402.234222 -1393.092773 -246.0
v 379.145905 -1399.552979 -246.0
v 379.145905 -1399.552979 -190.0
v 355.953949 -1405.630371 -190.0
v 355.953949 -1405.630371 -246.0
v 332.664673 -1411.323608 -190.0
v 332.664673 -1411.323608 -246.0
v 309.284454 -1416.630859 -246.0
v 309.284454 -1416.630859 -190.0
v 285.819702 -1421.550903 -190.0
v 285.819702 -1421.550903 -246.0
v 262.276764 -1426.082397 -190.0
v 262.276764 -1426.082397 -246.0
v 238.662155 -1430.223877 -190.0
v 238.662155 -1430.223877 -246.0
v 214.982285 -1433.974365 -190.0
v 214.982285 -1433.974365 -246.0
v 191.243652 -1437.332886 -246.0
v 191.243652 -1437.332886 -190.0
v 167.452728 -1440.298462 -190.0
v 167.452728 -1440.298462 -246.0
v 143.616013 -1442.870239 -246.0
v 143.616013 -1442.870239 -190.0
v 119.740051 -1445.047485 -190.0
v 119.740051 -1445.047485 -246.0
v 95.831345 -1446.829712 -190.0
v 95.831345 -1446.829712 -246.0
v 71.896446 -1448.216431 -246.0
v 71.896446 -1448.216431 -190.0
v 47.941887 -1449.207275 -190.0
v 47.941887 -1449.207275 -246.0
v 23.97422 -1449.801758 -190.0
v 23.97422 -1449.801758 -246.0
v -0.0 -1450.0 -246.0
v 0.0 -1450.0 -190.0
v -23.97422 -1449.801758 -190.0
v -23.97422 -1449.801758 -246.0
v -47.941887 -1449.207275 -190.0
v -47.941887 -1449.207275 -246.0
v -71.896446 -1448.216431 -246.0
v -71.896446 -1448.216431 -190.0
v -95.831345 -1446.829712 -190.0
v -95.831345 -1446.829712 -246.0
v -119.740051 -1445.047485 -246.0
v -119.740051 -1445.047485 -190.0
v -143.616013 -1442.870239 -190.0
v -143.616013 -1442.870239 -246.0
v -167.452728 -1440.298462 -190.0
v -167.452728 -1440.298462 -246.0
v -191.243652 -1437.332886 -246.0
v -191.243652 -1437.332886 -190.0
v -214.982285 -1433.974365 -190.0
v -214.982285 -1433.974365 -246.0
v -238.662155 -1430.223877 -190.0
v -238.662155 -1430.223877 -246.0
v -262.276764 -1426.082397 -246.0
v -262.276764 -1426.082397 -190.0
v -285.819702 -1421.550903 -190.0
v -285.819702 -1421.550903 -246.0
v -309.284454 -1416.630859 -190.0
v -309.284454 -1416.630859 -246.0
v -332.664673 -1411.323608 -246.0
v -332.664673 -1411.323608 -190.0
v -355.953949 -1405.630371 -190.0
v -355.953949 -1405.630371 -246.0
v -379.145905 -1399.552979 -246.0
v -379.145905 -1399.552979 -190.0
v -402.234222 -1393.092773 -190.0
v -402.234222 -1393.092773 -246.0
v -425.212555 -1386.251831 -190.0
v -425.212555 -1386.251831 -246.0
v -448.074646 -1379.031982 -246.0
v -448.074646 -1379.031982 -190.0
v -470.81424 -1371.435059 -246.0
v -470.81424 -1371.435059 -190.0
v -493.42511 -1363.463135 -246.0
v -493.42511 -1363.463135 -190.0
v -515.901062 -1355.11853 -246.0
v -515.901062 -1355.11853 -190.0
v -538.236023 -1346.40332 -190.0
v -538.236023 -1346.40332 -246.0
v -560.423767 -1337.32019 -246.0
v -560.423767 -1337.32019 -190.0
v -582.458374 -1327.871338 -246.0
v -582.458374 -1327.871338 -190.0
v -604.333679 -1318.059448 -190.0
v -604.333679 -1318.059448 -246.0
v -626.043823 -1307.887329 -246.0
v -626.043823 -1307.887329 -190.0
v -647.582764 -1297.357544 -246.0
v -647.582764 -1297.357544 -190.0
v -668.944702 -1286.473145 -190.0
v -668.944702 -1286.473145 -246.0
v -690.123718 -1275.236938 -246.0
v -690.123718 -1275.236938 -190.0
v -711.114075 -1263.6521 -246.0
v -711.114075 -1263.6521 -190.0
v -731.910034 -1251.721924 -190.0
v -731.910034 -1251.721924 -246.0
v -752.505859 -1239.449463 -190.0
v -752.505859 -1239.449463 -246.0
v -772.895996 -1226.838135 -246.0
v -772.895996 -1226.838135 -190.0
v -793.074829 -1213.891357 -190.0
v -793.074829 -1213.891357 -246.0
v -813.036804 -1200.612793 -246.0
v -813.036804 -1200.612793 -190.0
v -832.77655 -1187.005981 -246.0
v -832.77655 -1187.005981 -190.0
v -852.288635 -1173.074585 -190.0
v -852.288635 -1173.074585 -246.0
v -871.567688 -1158.822632 -246.0
v -871.567688 -1158.822632 -190.0
v -890.608459 -1144.253784 -246.0
v -890.608459 -1144.253784 -190.0
v -909.405701 -1129.37207 -246.0
v -909.405701 -1129.37207 -190.0
v -927.954407 -1114.181641 -190.0
v -927.954407 -1114.181641 -246.0
v -946.249329 -1098.686523 -246.0
v -946.249329 -1098.686523 -190.0
v -964.285645 -1082.891113 -246.0
v -964.285645 -1082.891113 -190.0
v -982.058289 -1066.799683 -190.0
v -982.058289 -1066.799683 -246.0
v -999.562439 -1050.416504 -246.0
v -999.562439 -1050.416504 -190.0
v -1016.793335 -1033.746216 -246.0
v -1016.793335 -1033.746216 -190.0
v -1033.746216 -1016.793335 -190.0
v -1033.746216 -1016.793335 -246.0
v -1050.416504 -999.562439 -246.0
v -1050.416504 -999.562439 -190.0
v -1066.799683 -982.058289 -246.0
v -1066.799683 -982.058289 -190.0
v -1082.891113 -964.285645 -190.0
v -1082.891113 -964.285645 -246.0
v -1098.686523 -946.249329 -246.0
v -1098.686523 -946.249329 -190.0
v -1114.181641 -927.954407 -246.0
v -1114.181641 -927.954407 -190.0
v -1129.37207 -909.405701 -246.0
v -1129.37207 -909.405701 -190.0
v -1144.253784 -890.608459 -246.0
v -1144.253784 -890.608459 -190.0
v -1158.822632 -871.567688 -190.0
v -1158.822632 -871.567688 -246.0
v -1173.074585 -852.288635 -246.0
v -1173.074585 -852.288635 -190.0
v -1187.005981 -832.77655 -190.0
v -1187.005981 -832.77655 -246.0
v -1200.612793 -813.036804 -246.0
v -1200.612793 -813.036804 -190.0
v -1213.891357 -793.074829 -246.0
v -1213.891357 -793.074829 -190.0
v -1226.838135 -772.895996 -190.0
v -1226.838135 -772.895996 -246.0
v -1239.449463 -752.505859 -246.0
v -1239.449463 -752.505859 -190.0
v -1251.721924 -731.910034 -190.0
v -1251.721924 -731.910034 -246.0
v -1263.6521 -711.114075 -190.0
v -1263.6521 -711.114075 -246.0
v -1275.236938 -690.123718 -246.0
v -1275.236938 -690.123718 -190.0
v -1286.473145 -668.944702 -190.0
v -1286.473145 -668.944702 -246.0
v -1297.357544 -647.582764 -246.0
v -1297.357544 -647.582764 -190.0
v -1307.887329 -626.043823 -190.0
v -1307.887329 -626.043823 -246.0
v -1318.059448 -604.333679 -246.0
v -1318.059448 -604.333679 -190.0
v -1327.871338 -582.458374 -190.0
v -1327.871338 -582.458374 -246.0
v -1337.32019 -560.423767 -246.0
v -1337.32019 -560.423767 -190.0
v -1346.40332 -538.236023 -246.0
v -1346.40332 -538.236023 -190.0
v -1355.11853 -515.901062 -190.0
v -1355.11853 -515.901062 -246.0
v -1363.463135 -493.42511 -246.0
v -1363.463135 -493.42511 -190.0
v -1371.435059 -470.81424 -246.0
v -1371.435059 -470.81424 -190.0
v -1379.031982 -448.074646 -246.0
v -1379.031982 -448.074646 -190.0
v -1386.251831 -425.212555 -190.0
v -1386.251831 -425.212555 -246.0
v -1393.092773 -402.234222 -246.0
v -1393.092773 -402.234222 -190.0
v -1399.552979 -379.145905 -246.0
v -1399.552979 -379.145905 -190.0
v -1405.630371 -355.953949 -190.0
v -1405.630371 -355.953949 -246.0
v -1411.323608 -332.664673 -190.0
v -1411.323608 -332.664673 -246.0
v -1416.630859 -309.284454 -246.0
v -1416.630859 -309.284454 -190.0
v -1421.550903 -285.819702 -190.0
v -1421.550903 -285.819702 -246.0
v -1426.082397 -262.276764 -246.0
v -1426.082397 -262.276764 -190.0
v -1430.223877 -238.662155 -190.0
v -1430.223877 -238.662155 -246.0
v -1433.974365 -214.982285 -190.0
v -1433.974365 -214.982285 -246.0
v -1437.332886 -191.243652 -246.0
v -1437.332886 -191.243652 -190.0
v -1440.298462 -167.452728 -246.0
v -1440.298462 -167.452728 -190.0
v -1442.870239 -143.616013 -190.0
v -1442.870239 -143.616013 -246.0
v -1445.047485 -119.740051 -246.0
v -1445.047485 -119.740051 -190.0
v -1446.829712 -95.831345 -246.0
v -1446.829712 -95.831345 -190.0
v -1448.216431 -71.896446 -246.0
v -1448.216431 -71.896446 -190.0
v -1449.207275 -47.941887 -246.0
v -1449.207275 -47.941887 -190.0
v -1449.801758 -23.97422 -246.0
v -1449.801758 -23.97422 -190.0
v 1381.0 -2682.5 -1096.0
v 1381.0 -2682.307617 -1101.630005
v 1051.0 -2682.5 -1096.0
v 1051.0 -2682.307617 -1101.630005
v 1381.0 -2681.731689 -1107.233765
v 1051.0 -2681.731689 -1107.233765
v 1381.0 -2680.774414 -1112.785156
v 1051.0 -2680.774414 -1112.785156
v 1381.0 -2679.440674 -1118.258179
v 1051.0 -2679.440674 -1118.258179
v 1381.0 -2677.736572 -1123.627563
v 1051.0 -2677.736572 -1123.627563
v 1381.0 -2675.669922 -1128.868042
v 1051.0 -2675.669922 -1128.868042
v 1381.0 -2673.250488 -1133.955322
v 1051.0 -2673.250488 -1133.955322
v 1381.0 -2670.489502 -1138.865723
v 1051.0 -2670.489502 -1138.865723
v 1381.0 -2667.399902 -1143.576172
v 1051.0 -2667.399902 -1143.576172
v 1381.0 -2663.996094 -1148.064697
v 1051.0 -2663.996094 -1148.064697
v 1381.0 -2660.293945 -1152.310669
v 1051.0 -2660.293945 -1152.310669
v 1381.0 -2656.310547 -1156.293945
v 1051.0 -2656.310547 -1156.293945
v 1381.0 -2652.064697 -1159.996216
v 1051.0 -2652.064697 -1159.996216
v 1381.0 -2647.576172 -1163.400024
v 1051.0 -2647.576172 -1163.400024
v 1381.0 -2642.865723 -1166.489624
v 1051.0 -2642.865723 -1166.489624
v 1381.0 -2637.955322 -1169.250488
v 1051.0 -2637.955322 -1169.250488
v 1381.0 -2632.868164 -1171.669922
v 1051.0 -2632.868164 -1171.669922
v 1381.0 -2627.627686 -1173.736572
v 1051.0 -2627.627686 -1173.736572
v 1381.0 -2622.258301 -1175.440674
v 1051.0 -2622.258301 -1175.440674
v 1381.0 -2616.785156 -1176.774414
v 1051.0 -2616.785156 -1176.774414
v 1381.0 -2611.233643 -1177.731567
v 1051.0 -2611.233643 -1177.731567
v 1381.0 -2605.629883 -1178.307617
v 1051.0 -2605.629883 -1178.307617
v 1381.0 -2600.0 -1178.5
v 1051.0 -2600.0 -1178.5
v 1381.0 -2594.370117 -1178.307617
v 1051.0 -2594.370117 -1178.307617
v 1381.0 -2588.766357 -1177.731567
v 1051.0 -2588.766357 -1177.731567
v 1381.0 -2583.214844 -1176.774414
v 1051.0 -2583.214844 -1176.774414
v 1381.0 -2577.741699 -1175.440674
v 1051.0 -2577.741699 -1175.440674
v 1381.0 -2572.372314 -1173.736572
v 1051.0 -2572.372314 -1173.736572
v 1051.0 -2567.131836 -1171.669922
v 1381.0 -2567.131836 -1171.669922
v 1381.0 -2562.044678 -1169.250488
v 1051.0 -2562.044678 -1169.250488
v 1381.0 -2557.134277 -1166.489624
v 1051.0 -2557.134277 -1166.489624
v 1381.0 -2552.423828 -1163.400024
v 1051.0 -2552.423828 -1163.400024
v 1381.0 -2547.935303 -1159.996216
v 1051.0 -2547.935303 -1159.996216
v 1381.0 -2543.689453 -1156.293945
v 1051.0 -2543.689453 -1156.293945
v 1381.0 -2539.706055 -1152.310669
v 1051.0 -2539.706055 -1152.310669
v 1381.0 -2536.003906 -1148.064697
v 1051.0 -2536.003906 -1148.064697
v 1381.0 -2532.600098 -1143.576172
v 1051.0 -2532.600098 -1143.576172
v 1051.0 -2529.510498 -1138.865723
v 1381.0 -2529.510498 -1138.865723
v 1381.0 -2526.749512 -1133.955322
v 1051.0 -2526.749512 -1133.955322
v 1381.0 -2524.330078 -1128.868042
v 1051.0 -2524.330078 -1128.868042
v 1381.0 -2522.263428 -1123.627563
v 1051.0 -2522.263428 -1123.627563
v 1051.0 -2520.559326 -1118.258179
v 1381.0 -2520.559326 -1118.258179
v 1381.0 -2519.225586 -1112.785156
v 1051.0 -2519.225586 -1112.785156
v 1381.0 -2518.268311 -1107.233765
v 1051.0 -2518.268311 -1107.233765
v 1051.0 -2517.692383 -1101.630005
v 1381.0 -2517.692383 -1101.630005
v 1051.0 -2517.5 -1096.0
v 1381.0 -2517.5 -1096.0
v 1381.0 -2517.692383 -1090.369995
v 1051.0 -2517.692383 -1090.369995
v 1381.0 -2518.268311 -1084.766235
v 1051.0 -2518.268311 -1084.766235
v 1381.0 -2519.225586 -1079.214844
v 1051.0 -2519.225586 -1079.214844
v 1381.0 -2520.559326 -1073.741821
v 1051.0 -2520.559326 -1073.741821
v 1381.0 -2522.263428 -1068.372437
v 1051.0 -2522.263428 -1068.372437
v 1381.0 -2524.330078 -1063.131958
v 1051.0 -2524.330078 -1063.131958
v 1381.0 -2526.749512 -1058.044678
v 1051.0 -2526.749512 -1058.044678
v 1381.0 -2529.510498 -1053.134277
v 1051.0 -2529.510498 -1053.134277
v 1381.0 -2532.600098 -1048.423828
v 1051.0 -2532.600098 -1048.423828
v 1381.0 -2536.003906 -1043.935303
v 1051.0 -2536.003906 -1043.935303
v 1381.0 -2539.706055 -1039.689331
v 1051.0 -2539.706055 -1039.689331
v 1381.0 -2543.689453 -1035.706055
v 1051.0 -2543.689453 -1035.706055
v 1381.0 -2547.935303 -1032.003784
v 1051.0 -2547.935303 -1032.003784
v 1381.0 -2552.423828 -1028.599976
v 1051.0 -2552.423828 -1028.599976
v 1381.0 -2557.134277 -1025.510376
v 1051.0 -2557.134277 -1025.510376
v 1381.0 -2562.044678 -1022.749451
v 1051.0 -2562.044678 -1022.749451
v 1381.0 -2567.131836 -1020.330078
v 1051.0 -2567.131836 -1020.330078
v 1381.0 -2572.372314 -1018.263489
v 1051.0 -2572.372314 -1018.263489
v 1381.0 -2577.741699 -1016.559326
v 1051.0 -2577.741699 -1016.559326
v 1381.0 -2583.214844 -1015.225586
v 1051.0 -2583.214844 -1015.225586
v 1381.0 -2588.766357 -1014.268433
v 1051.0 -2588.766357 -1014.268433
v 1381.0 -2594.370117 -1013.692322
v 1051.0 -2594.370117 -1013.692322
v 1381.0 -2600.0 -1013.5
v 1051.0 -2600.0 -1013.5
v 1381.0 -2605.629883 -1013.692322
v 1051.0 -2605.629883 -1013.692322
v 1381.0 -2611.233643 -1014.268433
v 1051.0 -2611.233643 -1014.268433
v 1381.0 -2616.785156 -1015.225586
v 1051.0 -2616.785156 -1015.225586
v 1381.0 -2622.258301 -1016.559326
v 1051.0 -2622.258301 -1016.559326
v 1381.0 -2627.627686 -1018.263489
v 1051.0 -2627.627686 -1018.263489
v 1381.0 -2632.868164 -1020.330078
v 1051.0 -2632.868164 -1020.330078
v 1381.0 -2637.955322 -1022.749451
v 1051.0 -2637.955322 -1022.749451
v 1381.0 -2642.865723 -1025.510376
v 1051.0 -2642.865723 -1025.510376
v 1381.0 -2647.576172 -1028.599976
v 1051.0 -2647.576172 -1028.599976
v 1381.0 -2652.064697 -1032.003784
v 1051.0 -2652.064697 -1032.003784
v 1381.0 -2656.310547 -1035.706055
v 1051.0 -2656.310547 -1035.706055
v 1381.0 -2660.293945 -1039.689331
v 1051.0 -2660.293945 -1039.689331
v 1381.0 -2663.996094 -1043.935303
v 1051.0 -2663.996094 -1043.935303
v 1381.0 -2667.399902 -1048.423828
v 1051.0 -2667.399902 -1048.423828
v 1381.0 -2670.489502 -1053.134277
v 1051.0 -2670.489502 -1053.134277
v 1381.0 -2673.250488 -1058.044678
v 1051.0 -2673.250488 -1058.044678
v 1381.0 -2675.669922 -1063.131958
v 1051.0 -2675.669922 -1063.131958
v 1381.0 -2677.736572 -1068.372437
v 1051.0 -2677.736572 -1068.372437
v 1381.0 -2679.440674 -1073.741821
v 1051.0 -2679.440674 -1073.741821
v 1381.0 -2680.774414 -1079.214844
v 1051.0 -2680.774414 -1079.214844
v 1381.0 -2681.731689 -1084.766235
v 1051.0 -2681.731689 -1084.766235
v 1381.0 -2682.307617 -1090.369995
v 1051.0 -2682.307617 -1090.369995
v 1381.0 -2300.0 -1269.0
v 1381.0 -2649.709229 -1269.0
v 1051.0 -2649.709229 -1269.0
v 1051.0 -2300.0 -1269.0
v 1051.0 -2300.0 -595.0
v 1381.0 -2300.0 -595.0
v 1051.0 -2677.436035 -595.0
v 1381.0 -2677.436035 -595.0
v 1051.0 -2777.174561 -1064.232666
v 1381.0 -2777.174561 -1064.232666
v 1051.0 -2657.592529 -1266.537598
v 1381.0 -2657.592529 -1266.537598
v 1051.0 -2665.35498 -1263.716187
v 1381.0 -2665.35498 -1263.716187
v 1051.0 -2672.979492 -1260.541748
v 1381.0 -2672.979492 -1260.541748
v 1051.0 -2680.450439 -1257.020874
v 1381.0 -2680.450439 -1257.020874
v 1051.0 -2687.752197 -1253.160889
v 1381.0 -2687.752197 -1253.160889
v 1051.0 -2694.869141 -1248.970093
v 1381.0 -2694.869141 -1248.970093
v 1051.0 -2701.786133 -1244.457275
v 1381.0 -2701.786133 -1244.457275
v 1051.0 -2708.489014 -1239.631958
v 1381.0 -2708.489014 -1239.631958
v 1051.0 -2714.963379 -1234.50415
v 1381.0 -2714.963379 -1234.50415
v 1051.0 -2721.195801 -1229.084717
v 1381.0 -2721.195801 -1229.084717
v 1051.0 -2727.173096 -1223.385254
v 1381.0 -2727.173096 -1223.385254
v 1051.0 -2732.882568 -1217.41748
v 1381.0 -2732.882568 -1217.41748
v 1051.0 -2738.3125 -1211.194092
v 1381.0 -2738.3125 -1211.194092
v 1051.0 -2743.450928 -1204.728149
v 1381.0 -2743.450928 -1204.728149
v 1051.0 -2748.287598 -1198.033325
v 1381.0 -2748.287598 -1198.033325
v 1051.0 -2752.811768 -1191.123779
v 1381.0 -2752.811768 -1191.123779
v 1051.0 -2757.014404 -1184.013916
v 1381.0 -2757.014404 -1184.013916
v 1051.0 -2760.886475 -1176.718628
v 1381.0 -2760.886475 -1176.718628
v 1051.0 -2764.419922 -1169.25354
v 1381.0 -2764.419922 -1169.25354
v 1051.0 -2767.607178 -1161.634277
v 1381.0 -2767.607178 -1161.634277
v 1051.0 -2770.441406 -1153.876709
v 1381.0 -2770.441406 -1153.876709
v 1051.0 -2772.916992 -1145.997314
v 1381.0 -2772.916992 -1145.997314
v 1051.0 -2775.02832 -1138.012695
v 1381.0 -2775.02832 -1138.012695
v 1051.0 -2776.77124 -1129.939575
v 1381.0 -2776.77124 -1129.939575
v 1051.0 -2778.14209 -1121.795044
v 1381.0 -2778.14209 -1121.795044
v 1051.0 -2779.137939 -1113.596191
v 1381.0 -2779.137939 -1113.596191
v 1051.0 -2779.756348 -1105.360352
v 1381.0 -2779.756348 -1105.360352
v 1051.0 -2779.996582 -1097.104736
v 1381.0 -2779.996582 -1097.104736
v 1051.0 -2779.85791 -1088.846802
v 1381.0 -2779.85791 -1088.846802
v 1051.0 -2779.340332 -1080.603882
v 1381.0 -2779.340332 -1080.603882
v 1051.0 -2778.445312 -1072.393433
v 1381.0 -2778.445312 -1072.393433
v 418.630249 -1600.0 -1269.0
v 418.630249 -1600.0 -246.0
v -418.630249 -1600.0 -246.0
v -418.630249 -1600.0 -1269.0
v -450.0 450.0 -1269.0
v -450.0 -450.0 -1269.0
v -449.802368 -463.334991 -1269.0
v -449.802368 -463.334991 -246.0
v -449.209686 -476.658295 -1269.0
v -449.209686 -476.658295 -246.0
v -448.222443 -489.95816 -1269.0
v -446.841492 -503.222931 -1269.0
v -445.068085 -516.440979 -1269.0
v -445.068085 -516.440979 -246.0
v -442.903748 -529.600647 -1269.0
v -440.350433 -542.690369 -1269.0
v -437.410309 -555.69873 -1269.0
v -434.085999 -568.614197 -1269.0
v -434.085999 -568.614197 -246.0
v -430.380432 -581.425537 -1269.0
v -430.380432 -581.425537 -246.0
v -426.296844 -594.12146 -1269.0
v -426.296844 -594.12146 -246.0
v -421.838837 -606.690735 -1269.0
v -417.010315 -619.122437 -1269.0
v -411.815521 -631.405518 -1269.0
v -411.815521 -631.405518 -246.0
v -406.259033 -643.529358 -1269.0
v -400.345703 -655.483154 -1269.0
v -400.345703 -655.483154 -246.0
v -394.080719 -667.25647 -1269.0
v -394.080719 -667.25647 -246.0
v -387.469635 -678.838989 -1269.0
v -380.518188 -690.22052 -1269.0
v -373.232544 -701.391052 -1269.0
v -365.61911 -712.340759 -246.0
v -365.61911 -712.340759 -1269.0
v -357.684509 -723.060059 -1269.0
v -349.43573 -733.539551 -1269.0
v -340.880066 -743.769958 -1269.0
v -332.024963 -753.742371 -1269.0
v -322.878265 -763.447937 -1269.0
v -322.878265 -763.447937 -246.0
v -313.447968 -772.878296 -1269.0
v -303.74234 -782.024963 -1269.0
v -303.74234 -782.024963 -246.0
v -293.769958 -790.880066 -246.0
v -293.769958 -790.880066 -1269.0
v -283.53952 -799.43573 -1269.0
v -283.53952 -799.43573 -246.0
v -273.060059 -807.684509 -1269.0
v -273.060059 -807.684509 -246.0
v -262.340759 -815.61908 -1269.0
v -251.391037 -823.232544 -1269.0
v -240.22052 -830.518188 -1269.0
v -228.839005 -837.469604 -1269.0
v -217.256485 -844.08075 -1269.0
v -205.483154 -850.345703 -1269.0
v -193.529343 -856.259033 -1269.0
v -181.405548 -861.815552 -1269.0
v -169.122406 -867.010315 -1269.0
v -169.122406 -867.010315 -246.0
v -156.690735 -871.838867 -1269.0
v -144.121429 -876.296875 -246.0
v -144.121429 -876.296875 -1269.0
v -131.425552 -880.380432 -1269.0
v -131.425552 -880.380432 -246.0
v -118.614227 -884.085999 -1269.0
v -118.614227 -884.085999 -246.0
v -105.698723 -887.410339 -1269.0
v -92.690376 -890.350403 -1269.0
v -79.600624 -892.903748 -1269.0
v -79.600624 -892.903748 -246.0
v -66.440956 -895.068054 -1269.0
v -53.222927 -896.841492 -1269.0
v -53.222927 -896.841492 -246.0
v -39.958153 -898.222412 -246.0
v -39.958153 -898.222412 -1269.0
v -26.658283 -899.209656 -1269.0
v -13.334997 -899.802368 -246.0
v -13.334997 -899.802368 -1269.0
v 0.0 -900.0 -246.0
v -0.0 -900.0 -1269.0
v 13.334997 -899.802368 -1269.0
v 26.658283 -899.209656 -246.0
v 26.658283 -899.209656 -1269.0
v 39.958153 -898.222412 -1269.0
v 39.958153 -898.222412 -246.0
v 53.222927 -896.841492 -1269.0
v 66.440956 -895.068054 -1269.0
v 79.600624 -892.903748 -1269.0
v 79.600624 -892.903748 -246.0
v 92.690376 -890.350403 -1269.0
v 105.698723 -887.410339 -1269.0
v 118.614227 -884.085999 -1269.0
v 131.425552 -880.380432 -1269.0
v 131.425552 -880.380432 -246.0
v 144.121429 -876.296875 -1269.0
v 156.690735 -871.838867 -1269.0
v 169.122406 -867.010315 -1269.0
v 169.122406 -867.010315 -246.0
v 181.405548 -861.815552 -1269.0
v 181.405548 -861.815552 -246.0
v 193.529343 -856.259033 -1269.0
v 205.483154 -850.345703 -246.0
v 205.483154 -850.345703 -1269.0
v 217.256485 -844.08075 -1269.0
v 228.839005 -837.469604 -1269.0
v 240.22052 -830.518188 -1269.0
v 240.22052 -830.518188 -246.0
v 251.391037 -823.232544 -1269.0
v 262.340759 -815.61908 -1269.0
v 273.060059 -807.684509 -1269.0
v 283.53952 -799.43573 -1269.0
v 293.769958 -790.880066 -1269.0
v 303.74234 -782.024963 -1269.0
v 313.447968 -772.878296 -1269.0
v 322.878265 -763.447937 -1269.0
v 332.024963 -753.742371 -246.0
v 332.024963 -753.742371 -1269.0
v 340.880066 -743.769958 -1269.0
v 349.43573 -733.539551 -1269.0
v 357.684509 -723.060059 -246.0
v 357.684509 -723.060059 -1269.0
v 365.61911 -712.340759 -1269.0
v 373.232544 -701.391052 -1269.0
v 380.518188 -690.22052 -1269.0
v 387.469635 -678.838989 -1269.0
v 394.080719 -667.25647 -1269.0
v 394.080719 -667.25647 -246.0
v 400.345703 -655.483154 -246.0
v 400.345703 -655.483154 -1269.0
v 406.259033 -643.529358 -246.0
v 406.259033 -643.529358 -1269.0
v 411.815521 -631.405518 -1269.0
v 417.010315 -619.122437 -1269.0
v 421.838837 -606.690735 -1269.0
v 421.838837 -606.690735 -246.0
v 426.296844 -594.12146 -1269.0
v 430.380432 -581.425537 -1269.0
v 434.085999 -568.614197 -1269.0
v 434.085999 -568.614197 -246.0
v 437.410309 -555.69873 -1269.0
v 437.410309 -555.69873 -246.0
v 440.350433 -542.690369 -1269.0
v 442.903748 -529.600647 -1269.0
v 445.068085 -516.440979 -1269.0
v 446.841492 -503.222931 -246.0
v 446.841492 -503.222931 -1269.0
v 448.222443 -489.95816 -1269.0
v 449.209686 -476.658295 -1269.0
v 449.802368 -463.334991 -246.0
v 449.802368 -463.334991 -1269.0
v 450.0 -450.0 -1269.0
v 450.0 450.0 -1269.0
v 449.802368 463.334991 -1269.0
v 449.209686 476.658295 -1269.0
v 448.222443 489.95816 -1269.0
v 448.222443 489.95816 -246.0
v 446.841492 503.222931 -1269.0
v 445.068085 516.440979 -1269.0
v 442.903748 529.600647 -1269.0
v 442.903748 529.600647 -246.0
v 440.350433 542.690369 -1269.0
v 440.350433 542.690369 -246.0
v 437.410309 555.69873 -1269.0
v 437.410309 555.69873 -246.0
v 434.085999 568.614197 -1269.0
v 430.380432 581.425537 -1269.0
v 426.296844 594.12146 -1269.0
v 426.296844 594.12146 -246.0
v 421.838837 606.690735 -1269.0
v 421.838837 606.690735 -246.0
v 417.010315 619.122437 -1269.0
v 417.010315 619.122437 -246.0
v 411.815521 631.405518 -1269.0
v 406.259033 643.529358 -1269.0
v 400.345703 655.483154 -1269.0
v 394.080719 667.25647 -1269.0
v 394.080719 667.25647 -246.0
v 387.469635 678.838989 -1269.0
v 387.469635 678.838989 -246.0
v 380.518188 690.22052 -1269.0
v 373.232544 701.391052 -1269.0
v 373.232544 701.391052 -246.0
v 365.61911 712.340759 -1269.0
v 357.684509 723.060059 -1269.0
v 349.43573 733.539551 -1269.0
v 349.43573 733.539551 -246.0
v 340.880066 743.769958 -1269.0
v 340.880066 743.769958 -246.0
v 332.024963 753.742371 -1269.0
v 322.878265 763.447937 -1269.0
v 313.447968 772.878296 -1269.0
v 303.74234 782.024963 -1269.0
v 303.74234 782.024963 -246.0
v 293.769958 790.880066 -1269.0
v 293.769958 790.880066 -246.0
v 283.53952 799.43573 -1269.0
v 273.060059 807.684509 -1269.0
v 262.340759 815.61908 -1269.0
v 262.340759 815.61908 -246.0
v 251.391037 823.232544 -1269.0
v 240.22052 830.518188 -1269.0
v 228.839005 837.469604 -1269.0
v 228.839005 837.469604 -246.0
v 217.256485 844.08075 -1269.0
v 217.256485 844.08075 -246.0
v 205.483154 850.345703 -1269.0
v 205.483154 850.345703 -246.0
v 193.529343 856.259033 -1269.0
v 193.529343 856.259033 -246.0
v 181.405548 861.815552 -1269.0
v 169.122406 867.010315 -1269.0
v 156.690735 871.838867 -1269.0
v 144.121429 876.296875 -246.0
v 144.121429 876.296875 -1269.0
v 131.425552 880.380432 -1269.0
v 118.614227 884.085999 -1269.0
v 118.614227 884.085999 -246.0
v 105.698723 887.410339 -1269.0
v 105.698723 887.410339 -246.0
v 92.690376 890.350403 -246.0
v 92.690376 890.350403 -1269.0
v 79.600624 892.903748 -1269.0
v 79.600624 892.903748 -246.0
v 66.440956 895.068054 -1269.0
v 66.440956 895.068054 -246.0
v 53.222927 896.841492 -1269.0
v 39.958153 898.222412 -1269.0
v 26.658283 899.209656 -1269.0
v 26.658283 899.209656 -246.0
v 13.334997 899.802368 -1269.0
v -0.0 900.0 -1269.0
v -0.0 900.0 -246.0
v -13.334997 899.802368 -1269.0
v -26.658283 899.209656 -1269.0
v -39.958153 898.222412 -1269.0
v -53.222927 896.841492 -1269.0
v -66.440956 895.068054 -246.0
v -66.440956 895.068054 -1269.0
v -79.600624 892.903748 -1269.0
v -92.690376 890.350403 -1269.0
v -105.698723 887.410339 -1269.0
v -105.698723 887.410339 -246.0
v -118.614227 884.085999 -246.0
v -118.614227 884.085999 -1269.0
v -131.425552 880.380432 -1269.0
v -144.121429 876.296875 -246.0
v -144.121429 876.296875 -1269.0
v -156.690735 871.838867 -1269.0
v -169.122406 867.010315 -1269.0
v -181.405548 861.815552 -1269.0
v -193.529343 856.259033 -246.0
v -193.529343 856.259033 -1269.0
v -205.483154 850.345703 -1269.0
v -217.256485 844.08075 -246.0
v -217.256485 844.08075 -1269.0
v -228.839005 837.469604 -1269.0
v -240.22052 830.518188 -1269.0
v -240.22052 830.518188 -246.0
v -251.391037 823.232544 -1269.0
v -251.391037 823.232544 -246.0
v -262.340759 815.61908 -1269.0
v -273.060059 807.684509 -246.0
v -273.060059 807.684509 -1269.0
v -283.53952 799.43573 -1269.0
v -293.769958 790.880066 -246.0
v -293.769958 790.880066 -1269.0
v -303.74234 782.024963 -1269.0
v -313.447968 772.878296 -246.0
v -313.447968 772.878296 -1269.0
v -322.878265 763.447937 -1269.0
v -332.024963 753.742371 -1269.0
v -340.880066 743.769958 -1269.0
v -340.880066 743.769958 -246.0
v -349.43573 733.539551 -1269.0
v -357.684509 723.060059 -1269.0
v -357.684509 723.060059 -246.0
v -365.61911 712.340759 -1269.0
v -373.232544 701.391052 -1269.0
v -380.518188 690.22052 -1269.0
v -380.518188 690.22052 -246.0
v -387.469635 678.838989 -246.0
v -387.469635 678.838989 -1269.0
v -394.080719 667.25647 -1269.0
v -400.345703 655.483154 -246.0
v -400.345703 655.483154 -1269.0
v -406.259033 643.529358 -246.0
v -406.259033 643.529358 -1269.0
v -411.815521 631.405518 -1269.0
v -417.010315 619.122437 -1269.0
v -421.838837 606.690735 -1269.0
v -426.296844 594.12146 -1269.0
v -430.380432 581.425537 -1269.0
v -434.085999 568.614197 -1269.0
v -434.085999 568.614197 -246.0
v -437.410309 555.69873 -1269.0
v -440.350433 542.690369 -1269.0
v -442.903748 529.600647 -1269.0
v -445.068085 516.440979 -1269.0
v -445.068085 516.440979 -246.0
v -446.841492 503.222931 -246.0
v -446.841492 503.222931 -1269.0
v -448.222443 489.95816 -1269.0
v -449.209686 476.658295 -1269.0
v -449.802368 463.334991 -246.0
v -449.802368 463.334991 -1269.0
v -1219.0 -785.199951 -1269.0
v -1219.0 -785.199951 -246.0
v -1231.855591 -764.873718 -246.0
v -1231.855591 -764.873718 -1269.0
v -1244.372314 -744.337036 -246.0
v -1244.372314 -744.337036 -1269.0
v -1256.546631 -723.595581 -246.0
v -1256.546631 -723.595581 -1269.0
v -1268.375244 -702.655029 -246.0
v -1268.375244 -702.655029 -1269.0
v -1279.85498 -681.52124 -246.0
v -1279.85498 -681.52124 -1269.0
v -1290.982666 -660.19989 -246.0
v -1290.982666 -660.19989 -1269.0
v -1301.755005 -638.696899 -246.0
v -1301.755005 -638.696899 -1269.0
v -1312.169434 -617.01825 -246.0
v -1312.169434 -617.01825 -1269.0
v -1322.222656 -595.1698 -246.0
v -1322.222656 -595.1698 -1269.0
v -1331.912231 -573.157654 -246.0
v -1331.912231 -573.157654 -1269.0
v -1341.235352 -550.987793 -246.0
v -1341.235352 -550.987793 -1269.0
v -1350.189575 -528.666382 -246.0
v -1350.189575 -528.666382 -1269.0
v -1358.772217 -506.199524 -246.0
v -1358.772217 -506.199524 -1269.0
v -1366.981079 -483.593384 -246.0
v -1366.981079 -483.593384 -1269.0
v -1374.813965 -460.854218 -246.0
v -1374.813965 -460.854218 -1269.0
v -1382.268555 -437.988251 -246.0
v -1382.268555 -437.988251 -1269.0
v -1389.342773 -415.001801 -246.0
v -1389.342773 -415.001801 -1269.0
v -1396.034912 -391.901154 -246.0
v -1396.034912 -391.901154 -1269.0
v -1402.342896 -368.692719 -246.0
v -1402.342896 -368.692719 -1269.0
v -1408.265137 -345.382843 -246.0
v -1408.265137 -345.382843 -1269.0
v -1413.799927 -321.977966 -246.0
v -1413.799927 -321.977966 -1269.0
v -1418.945801 -298.484467 -246.0
v -1418.945801 -298.484467 -1269.0
v -1423.701172 -274.908875 -246.0
v -1423.701172 -274.908875 -1269.0
v -1428.064941 -251.25766 -246.0
v -1428.064941 -251.25766 -1269.0
v -1432.035889 -227.537308 -246.0
v -1432.035889 -227.537308 -1269.0
v -1435.612793 -203.754364 -246.0
v -1435.612793 -203.754364 -1269.0
v -1438.7948 -179.915375 -246.0
v -1438.7948 -179.915375 -1269.0
v -1441.580933 -156.026871 -246.0
v -1441.580933 -156.026871 -1269.0
v -1443.970459 -132.095444 -246.0
v -1443.970459 -132.095444 -1269.0
v -1445.962769 -108.127686 -246.0
v -1445.962769 -108.127686 -1269.0
v -1447.557251 -84.130173 -246.0
v -1447.557251 -84.130173 -1269.0
v -1448.75354 -60.10952 -246.0
v -1448.75354 -60.10952 -1269.0
v -1449.55127 -36.07233 -246.0
v -1449.55127 -36.07233 -1269.0
v -1449.950195 -12.025212 -246.0
v -1449.950195 -12.025212 -1269.0
v -1449.950195 12.025212 -246.0
v -1449.950195 12.025212 -1269.0
v -1449.55127 36.07233 -246.0
v -1449.55127 36.07233 -1269.0
v -1448.75354 60.10952 -246.0
v -1448.75354 60.10952 -1269.0
v -1447.557251 84.130173 -246.0
v -1447.557251 84.130173 -1269.0
v -1445.962769 108.127686 -246.0
v -1445.962769 108.127686 -1269.0
v -1443.970459 132.095444 -246.0
v -1443.970459 132.095444 -1269.0
v -1441.580933 156.026871 -246.0
v -1441.580933 156.026871 -1269.0
v -1438.7948 179.915375 -246.0
v -1438.7948 179.915375 -1269.0
v -1435.612793 203.754364 -246.0
v -1435.612793 203.754364 -1269.0
v -1432.035889 227.537308 -246.0
v -1432.035889 227.537308 -1269.0
v -1428.064941 251.25766 -246.0
v -1428.064941 251.25766 -1269.0
v -1423.701172 274.908875 -246.0
v -1423.701172 274.908875 -1269.0
v -1418.945801 298.484467 -246.0
v -1418.945801 298.484467 -1269.0
v -1413.799927 321.977966 -246.0
v -1413.799927 321.977966 -1269.0
v -1408.265137 345.382843 -246.0
v -1408.265137 345.382843 -1269.0
v -1402.342896 368.692719 -246.0
v -1402.342896 368.692719 -1269.0
v -1396.034912 391.901154 -246.0
v -1396.034912 391.901154 -1269.0
v -1389.342773 415.001801 -246.0
v -1389.342773 415.001801 -1269.0
v -1382.268555 437.988251 -246.0
v -1382.268555 437.988251 -1269.0
v -1374.813965 460.854218 -246.0
v -1374.813965 460.854218 -1269.0
v -1366.981079 483.593384 -246.0
v -1366.981079 483.593384 -1269.0
v -1358.772217 506.199524 -246.0
v -1358.772217 506.199524 -1269.0
v -1350.189575 528.666382 -246.0
v -1350.189575 528.666382 -1269.0
v -1341.235352 550.987793 -246.0
v -1341.235352 550.987793 -1269.0
v -1331.912231 573.157654 -246.0
v -1331.912231 573.157654 -1269.0
v -1322.222656 595.1698 -246.0
v -1322.222656 595.1698 -1269.0
v -1312.169434 617.01825 -246.0
v -1312.169434 617.01825 -1269.0
v -1301.755005 638.696899 -246.0
v -1301.755005 638.696899 -1269.0
v -1290.982666 660.19989 -246.0
v -1290.982666 660.19989 -1269.0
v -1279.85498 681.52124 -246.0
v -1279.85498 681.52124 -1269.0
v -1268.375244 702.655029 -246.0
v -1268.375244 702.655029 -1269.0
v -1256.546631 723.595581 -1269.0
v -1256.546631 723.595581 -246.0
v -1244.372314 744.337036 -246.0
v -1244.372314 744.337036 -1269.0
v -1231.855591 764.873718 -246.0
v -1231.855591 764.873718 -1269.0
v -1219.0 785.199951 -246.0
v -1219.0 785.199951 -1269.0
v -1219.0 1490.0 -246.0
v -1219.0 1490.0 -1269.0
v -1429.472534 1712.793091 -1269.0
v -1429.472534 1712.793091 -246.0
v -1381.5 2300.0 -246.0
v -1381.5 2300.0 -1269.0
v -1006.0 2300.0 -246.0
v -1006.0 2300.0 -1269.0
v -418.630249 1600.0 -246.0
v -418.630249 1600.0 -1269.0
v 418.630249 1600.0 -246.0
v 418.630249 1600.0 -1269.0
v 1006.0 2300.0 -246.0
v 1006.0 2300.0 -1269.0
v 1381.5 2300.0 -246.0
v 1381.5 2300.0 -1269.0
v 1429.472534 1712.793091 -1269.0
v 1429.472534 1712.793091 -246.0
v 1219.0 1490.0 -246.0
v 1219.0 1490.0 -1269.0
v 1219.0 785.199951 -1269.0
v 1219.0 785.199951 -246.0
v 1231.855591 764.873718 -246.0
v 1231.855591 764.873718 -1269.0
v 1244.372314 744.337036 -246.0
v 1244.372314 744.337036 -1269.0
v 1256.546631 723.595581 -246.0
v 1256.546631 723.595581 -1269.0
v 1268.375244 702.655029 -246.0
v 1268.375244 702.655029 -1269.0
v 1279.85498 681.52124 -246.0
v 1279.85498 681.52124 -1269.0
v 1290.982666 660.19989 -246.0
v 1290.982666 660.19989 -1269.0
v 1301.755005 638.696899 -246.0
v 1301.755005 638.696899 -1269.0
v 1312.169434 617.01825 -246.0
v 1312.169434 617.01825 -1269.0
v 1322.222656 595.1698 -246.0
v 1322.222656 595.1698 -1269.0
v 1331.912231 573.157654 -246.0
v 1331.912231 573.157654 -1269.0
v 1341.235352 550.987793 -246.0
v 1341.235352 550.987793 -1269.0
v 1350.189575 528.666382 -246.0
v 1350.189575 528.666382 -1269.0
v 1358.772217 506.199524 -246.0
v 1358.772217 506.199524 -1269.0
v 1366.981079 483.593384 -246.0
v 1366.981079 483.593384 -1269.0
v 1374.813965 460.854218 -246.0
v 1374.813965 460.854218 -1269.0
v 1382.268555 437.988251 -246.0
v 1382.268555 437.988251 -1269.0
v 1389.342773 415.001801 -246.0
v 1389.342773 415.001801 -1269.0
v 1396.034912 391.901154 -246.0
v 1396.034912 391.901154 -1269.0
v 1402.342896 368.692719 -246.0
v 1402.342896 368.692719 -1269.0
v 1408.265137 345.382843 -246.0
v 1408.265137 345.382843 -1269.0
v 1413.799927 321.977966 -246.0
v 1413.799927 321.977966 -1269.0
v 1418.945801 298.484467 -246.0
v 1418.945801 298.484467 -1269.0
v 1423.701172 274.908875 -246.0
v 1423.701172 274.908875 -1269.0
v 1428.064941 251.25766 -246.0
v 1428.064941 251.25766 -1269.0
v 1432.035889 227.537308 -246.0
v 1432.035889 227.537308 -1269.0
v 1435.612793 203.754364 -246.0
v 1435.612793 203.754364 -1269.0
v 1438.7948 179.915375 -246.0
v 1438.7948 179.915375 -1269.0
v 1441.580933 156.026871 -246.0
v 1441.580933 156.026871 -1269.0
v 1443.970459 132.095444 -246.0
v 1443.970459 132.095444 -1269.0
v 1445.962769 108.127686 -246.0
v 1445.962769 108.127686 -1269.0
v 1447.557251 84.130173 -246.0
v 1447.557251 84.130173 -1269.0
v 1448.75354 60.10952 -246.0
v 1448.75354 60.10952 -1269.0
v 1449.55127 36.07233 -246.0
v 1449.55127 36.07233 -1269.0
v 1449.950195 12.025212 -246.0
v 1449.950195 12.025212 -1269.0
v 1449.950195 -12.025212 -246.0
v 1449.950195 -12.025212 -1269.0
v 1449.55127 -36.07233 -246.0
v 1449.55127 -36.07233 -1269.0
v 1448.75354 -60.10952 -246.0
v 1448.75354 -60.10952 -1269.0
v 1447.557251 -84.130173 -246.0
v 1447.557251 -84.130173 -1269.0
v 1445.962769 -108.127686 -246.0
v 1445.962769 -108.127686 -1269.0
v 1443.970459 -132.095444 -246.0
v 1443.970459 -132.095444 -1269.0
v 1441.580933 -156.026871 -246.0
v 1441.580933 -156.026871 -1269.0
v 1438.7948 -179.915375 -246.0
v 1438.7948 -179.915375 -1269.0
v 1435.612793 -203.754364 -246.0
v 1435.612793 -203.754364 -1269.0
v 1432.035889 -227.537308 -246.0
v 1432.035889 -227.537308 -1269.0
v 1428.064941 -251.25766 -246.0
v 1428.064941 -251.25766 -1269.0
v 1423.701172 -274.908875 -246.0
v 1423.701172 -274.908875 -1269.0
v 1418.945801 -298.484467 -246.0
v 1418.945801 -298.484467 -1269.0
v 1413.799927 -321.977966 -246.0
v 1413.799927 -321.977966 -1269.0
v 1408.265137 -345.382843 -246.0
v 1408.265137 -345.382843 -1269.0
v 1402.342896 -368.692719 -246.0
v 1402.342896 -368.692719 -1269.0
v 1396.034912 -391.901154 -246.0
v 1396.034912 -391.901154 -1269.0
v 1389.342773 -415.001801 -246.0
v 1389.342773 -415.001801 -1269.0
v 1382.268555 -437.988251 -246.0
v 1382.268555 -437.988251 -1269.0
v 1374.813965 -460.854218 -246.0
v 1374.813965 -460.854218 -1269.0
v 1366.981079 -483.593384 -246.0
v 1366.981079 -483.593384 -1269.0
v 1358.772217 -506.199524 -1269.0
v 1358.772217 -506.199524 -246.0
v 1350.189575 -528.666382 -246.0
v 1350.189575 -528.666382 -1269.0
v 1341.235352 -550.987793 -246.0
v 1341.235352 -550.987793 -1269.0
v 1331.912231 -573.157654 -246.0
v 1331.912231 -573.157654 -1269.0
v 1322.222656 -595.1698 -1269.0
v 1322.222656 -595.1698 -246.0
v 1312.169434 -617.01825 -1269.0
v 1312.169434 -617.01825 -246.0
v 1301.755005 -638.696899 -246.0
v 1301.755005 -638.696899 -1269.0
v 1290.982666 -660.19989 -246.0
v 1290.982666 -660.19989 -1269.0
v 1279.85498 -681.52124 -1269.0
v 1279.85498 -681.52124 -246.0
v 1268.375244 -702.655029 -246.0
v 1268.375244 -702.655029 -1269.0
v 1256.546631 -723.595581 -246.0
v 1256.546631 -723.595581 -1269.0
v 1244.372314 -744.337036 -246.0
v 1244.372314 -744.337036 -1269.0
v 1231.855591 -764.873718 -246.0
v 1231.855591 -764.873718 -1269.0
v 1219.0 -785.199951 -246.0
v 1219.0 -785.199951 -1269.0
v 1219.0 -1490.0 -246.0
v 1219.0 -1490.0 -1269.0
v 1429.472534 -1712.793091 -246.0
v 1429.472534 -1712.793091 -1269.0
v 1381.5 -2300.0 -246.0
v 1381.5 -2300.0 -1269.0
v 1006.0 -2300.0 -246.0
v 1006.0 -2300.0 -1269.0
v -1006.0 -2300.0 -246.0
v -1006.0 -2300.0 -1269.0
v -1381.5 -2300.0 -246.0
v -1381.5 -2300.0 -1269.0
v -1429.472534 -1712.793091 -1269.0
v -1429.472534 -1712.793091 -246.0
v -1219.0 -1490.0 -246.0
v -1219.0 -1490.0 -1269.0
v 1381.0 2517.5 -1096.0
v 1381.0 2517.692383 -1101.630005
v 1051.0 2517.5 -1096.0
v 1051.0 2517.692383 -1101.630005
v 1381.0 2518.268311 -1107.233765
v 1051.0 2518.268311 -1107.233765
v 1381.0 2519.225586 -1112.785156
v 1051.0 2519.225586 -1112.785156
v 1381.0 2520.559326 -1118.258179
v 1051.0 2520.559326 -1118.258179
v 1381.0 2522.263428 -1123.627563
v 1051.0 2522.263428 -1123.627563
v 1381.0 2524.330078 -1128.868042
v 1051.0 2524.330078 -1128.868042
v 1381.0 2526.749512 -1133.955322
v 1051.0 2526.749512 -1133.955322
v 1381.0 2529.510498 -1138.865723
v 1051.0 2529.510498 -1138.865723
v 1381.0 2532.600098 -1143.576172
v 1051.0 2532.600098 -1143.576172
v 1381.0 2536.003906 -1148.064697
v 1051.0 2536.003906 -1148.064697
v 1381.0 2539.706055 -1152.310669
v 1051.0 2539.706055 -1152.310669
v 1381.0 2543.689453 -1156.293945
v 1051.0 2543.689453 -1156.293945
v 1381.0 2547.935303 -1159.996216
v 1051.0 2547.935303 -1159.996216
v 1381.0 2552.423828 -1163.400024
v 1051.0 2552.423828 -1163.400024
v 1381.0 2557.134277 -1166.489624
v 1051.0 2557.134277 -1166.489624
v 1381.0 2562.044678 -1169.250488
v 1051.0 2562.044678 -1169.250488
v 1381.0 2567.131836 -1171.669922
v 1051.0 2567.131836 -1171.669922
v 1381.0 2572.372314 -1173.736572
v 1051.0 2572.372314 -1173.736572
v 1381.0 2577.741699 -1175.440674
v 1051.0 2577.741699 -1175.440674
v 1381.0 2583.214844 -1176.774414
v 1051.0 2583.214844 -1176.774414
v 1381.0 2588.766357 -1177.731567
v 1051.0 2588.766357 -1177.731567
v 1381.0 2594.370117 -1178.307617
v 1051.0 2594.370117 -1178.307617
v 1381.0 2600.0 -1178.5
v 1051.0 2600.0 -1178.5
v 1381.0 2605.629883 -1178.307617
v 1051.0 2605.629883 -1178.307617
v 1381.0 2611.233643 -1177.731567
v 1051.0 2611.233643 -1177.731567
v 1381.0 2616.785156 -1176.774414
v 1051.0 2616.785156 -1176.774414
v 1381.0 2622.258301 -1175.440674
v 1051.0 2622.258301 -1175.440674
v 1381.0 2627.627686 -1173.736572
v 1051.0 2627.627686 -1173.736572
v 1381.0 2632.868164 -1171.669922
v 1051.0 2632.868164 -1171.669922
v 1381.0 2637.955322 -1169.250488
v 1051.0 2637.955322 -1169.250488
v 1381.0 2642.865723 -1166.489624
v 1051.0 2642.865723 -1166.489624
v 1381.0 2647.576172 -1163.400024
v 1051.0 2647.576172 -1163.400024
v 1381.0 2652.064697 -1159.996216
v 1051.0 2652.064697 -1159.996216
v 1381.0 2656.310547 -1156.293945
v 1051.0 2656.310547 -1156.293945
v 1381.0 2660.293945 -1152.310669
v 1051.0 2660.293945 -1152.310669
v 1381.0 2663.996094 -1148.064697
v 1051.0 2663.996094 -1148.064697
v 1381.0 2667.399902 -1143.576172
v 1051.0 2667.399902 -1143.576172
v 1381.0 2670.489502 -1138.865723
v 1051.0 2670.489502 -1138.865723
v 1381.0 2673.250488 -1133.955322
v 1051.0 2673.250488 -1133.955322
v 1381.0 2675.669922 -1128.868042
v 1051.0 2675.669922 -1128.868042
v 1381.0 2677.736572 -1123.627563
v 1051.0 2677.736572 -1123.627563
v 1381.0 2679.440674 -1118.258179
v 1051.0 2679.440674 -1118.258179
v 1381.0 2680.774414 -1112.785156
v 1051.0 2680.774414 -1112.785156
v 1381.0 2681.731689 -1107.233765
v 1051.0 2681.731689 -1107.233765
v 1381.0 2682.307617 -1101.630005
v 1051.0 2682.307617 -1101.630005
v 1381.0 2682.5 -1096.0
v 1051.0 2682.5 -1096.0
v 1381.0 2682.307617 -1090.369995
v 1051.0 2682.307617 -1090.369995
v 1381.0 2681.731689 -1084.766235
v 1051.0 2681.731689 -1084.766235
v 1381.0 2680.774414 -1079.214844
v 1051.0 2680.774414 -1079.214844
v 1381.0 2679.440674 -1073.741821
v 1051.0 2679.440674 -1073.741821
v 1381.0 2677.736572 -1068.372437
v 1051.0 2677.736572 -1068.372437
v 1381.0 2675.669922 -1063.131958
v 1051.0 2675.669922 -1063.131958
v 1381.0 2673.250488 -1058.044678
v 1051.0 2673.250488 -1058.044678
v 1381.0 2670.489502 -1053.134277
v 1051.0 2670.489502 -1053.134277
v 1381.0 2667.399902 -1048.423828
v 1051.0 2667.399902 -1048.423828
v 1381.0 2663.996094 -1043.935303
v 1051.0 2663.996094 -1043.935303
v 1381.0 2660.293945 -1039.689331
v 1051.0 2660.293945 -1039.689331
v 1381.0 2656.310547 -1035.706055
v 1051.0 2656.310547 -1035.706055
v 1381.0 2652.064697 -1032.003784
v 1051.0 2652.064697 -1032.003784
v 1381.0 2647.576172 -1028.599976
v 1051.0 2647.576172 -1028.599976
v 1381.0 2642.865723 -1025.510376
v 1051.0 2642.865723 -1025.510376
v 1381.0 2637.955322 -1022.749451
v 1051.0 2637.955322 -1022.749451
v 1381.0 2632.868164 -1020.330078
v 1051.0 2632.868164 -1020.330078
v 1381.0 2627.627686 -1018.263489
v 1051.0 2627.627686 -1018.263489
v 1381.0 2622.258301 -1016.559326
v 1051.0 2622.258301 -1016.559326
v 1381.0 2616.785156 -1015.225586
v 1051.0 2616.785156 -1015.225586
v 1381.0 2611.233643 -1014.268433
v 1051.0 2611.233643 -1014.268433
v 1381.0 2605.629883 -1013.692322
v 1051.0 2605.629883 -1013.692322
v 1381.0 2600.0 -1013.5
v 1051.0 2600.0 -1013.5
v 1381.0 2594.370117 -1013.692322
v 1051.0 2594.370117 -1013.692322
v 1381.0 2588.766357 -1014.268433
v 1051.0 2588.766357 -1014.268433
v 1381.0 2583.214844 -1015.225586
v 1051.0 2583.214844 -1015.225586
v 1381.0 2577.741699 -1016.559326
v 1051.0 2577.741699 -1016.559326
v 1381.0 2572.372314 -1018.263489
v 1051.0 2572.372314 -1018.263489
v 1051.0 2567.131836 -1020.330078
v 1381.0 2567.131836 -1020.330078
v 1381.0 2562.044678 -1022.749451
v 1051.0 2562.044678 -1022.749451
v 1381.0 2557.134277 -1025.510376
v 1051.0 2557.134277 -1025.510376
v 1381.0 2552.423828 -1028.599976
v 1051.0 2552.423828 -1028.599976
v 1381.0 2547.935303 -1032.003784
v 1051.0 2547.935303 -1032.003784
v 1381.0 2543.689453 -1035.706055
v 1051.0 2543.689453 -1035.706055
v 1381.0 2539.706055 -1039.689331
v 1051.0 2539.706055 -1039.689331
v 1381.0 2536.003906 -1043.935303
v 1051.0 2536.003906 -1043.935303
v 1381.0 2532.600098 -1048.423828
v 1051.0 2532.600098 -1048.423828
v 1051.0 2529.510498 -1053.134277
v 1381.0 2529.510498 -1053.134277
v 1381.0 2526.749512 -1058.044678
v 1051.0 2526.749512 -1058.044678
v 1381.0 2524.330078 -1063.131958
v 1051.0 2524.330078 -1063.131958
v 1381.0 2522.263428 -1068.372437
v 1051.0 2522.263428 -1068.372437
v 1051.0 2520.559326 -1073.741821
v 1381.0 2520.559326 -1073.741821
v 1381.0 2519.225586 -1079.214844
v 1051.0 2519.225586 -1079.214844
v 1381.0 2518.268311 -1084.766235
v 1051.0 2518.268311 -1084.766235
v 1051.0 2517.692383 -1090.369995
v 1381.0 2517.692383 -1090.369995
v 1381.0 2649.709229 -1269.0
v 1381.0 2300.0 -1269.0
v 1051.0 2300.0 -1269.0
v 1051.0 2649.709229 -1269.0
v 1381.0 2300.0 -595.0
v 1051.0 2300.0 -595.0
v 1381.0 2677.436035 -595.0
v 1051.0 2677.436035 -595.0
v 1381.0 2777.174561 -1064.232666
v 1051.0 2777.174561 -1064.232666
v 1051.0 2778.445312 -1072.393433
v 1381.0 2778.445312 -1072.393433
v 1051.0 2779.340332 -1080.603882
v 1381.0 2779.340332 -1080.603882
v 1051.0 2779.85791 -1088.846802
v 1381.0 2779.85791 -1088.846802
v 1051.0 2779.996582 -1097.104736
v 1381.0 2779.996582 -1097.104736
v 1051.0 2779.756348 -1105.360352
v 1381.0 2779.756348 -1105.360352
v 1051.0 2779.137939 -1113.596191
v 1381.0 2779.137939 -1113.596191
v 1051.0 2778.14209 -1121.795044
v 1381.0 2778.14209 -1121.795044
v 1051.0 2776.77124 -1129.939575
v 1381.0 2776.77124 -1129.939575
v 1051.0 2775.02832 -1138.012695
v 1381.0 2775.02832 -1138.012695
v 1051.0 2772.916992 -1145.997314
v 1381.0 2772.916992 -1145.997314
v 1051.0 2770.441406 -1153.876709
v 1381.0 2770.441406 -1153.876709
v 1051.0 2767.607178 -1161.634277
v 1381.0 2767.607178 -1161.634277
v 1051.0 2764.419922 -1169.25354
v 1381.0 2764.419922 -1169.25354
v 1051.0 2760.886475 -1176.718628
v 1381.0 2760.886475 -1176.718628
v 1051.0 2757.014404 -1184.013916
v 1381.0 2757.014404 -1184.013916
v 1051.0 2752.811768 -1191.123779
v 1381.0 2752.811768 -1191.123779
v 1051.0 2748.287598 -1198.033325
v 1381.0 2748.287598 -1198.033325
v 1051.0 2743.450928 -1204.728149
v 1381.0 2743.450928 -1204.728149
v 1051.0 2738.3125 -1211.194092
v 1381.0 2738.3125 -1211.194092
v 1051.0 2732.882568 -1217.41748
v 1381.0 2732.882568 -1217.41748
v 1051.0 2727.173096 -1223.385254
v 1381.0 2727.173096 -1223.385254
v 1051.0 2721.195801 -1229.084717
v 1381.0 2721.195801 -1229.084717
v 1051.0 2714.963379 -1234.50415
v 1381.0 2714.963379 -1234.50415
v 1051.0 2708.489014 -1239.631958
v 1381.0 2708.489014 -1239.631958
v 1051.0 2701.786133 -1244.457275
v 1381.0 2701.786133 -1244.457275
v 1051.0 2694.869141 -1248.970093
v 1381.0 2694.869141 -1248.970093
v 1051.0 2687.752197 -1253.160889
v 1381.0 2687.752197 -1253.160889
v 1051.0 2680.450439 -1257.020874
v 1381.0 2680.450439 -1257.020874
v 1051.0 2672.979492 -1260.541748
v 1381.0 2672.979492 -1260.541748
v 1051.0 2665.35498 -1263.716187
v 1381.0 2665.35498 -1263.716187
v 1051.0 2657.592529 -1266.537598
v 1381.0 2657.592529 -1266.537598
v -1381.0 -2517.5 -1096.0
v -1381.0 -2517.692383 -1101.630005
v -1051.0 -2517.5 -1096.0
v -1051.0 -2517.692383 -1101.630005
v -1381.0 -2518.268311 -1107.233765
v -1051.0 -2518.268311 -1107.233765
v -1381.0 -2519.225586 -1112.785156
v -1051.0 -2519.225586 -1112.785156
v -1381.0 -2520.559326 -1118.258179
v -1051.0 -2520.559326 -1118.258179
v -1381.0 -2522.263428 -1123.627563
v -1051.0 -2522.263428 -1123.627563
v -1381.0 -2524.330078 -1128.868042
v -1051.0 -2524.330078 -1128.868042
v -1381.0 -2526.749512 -1133.955322
v -1051.0 -2526.749512 -1133.955322
v -1381.0 -2529.510498 -1138.865723
v -1051.0 -2529.510498 -1138.865723
v -1381.0 -2532.600098 -1143.576172
v -1051.0 -2532.600098 -1143.576172
v -1381.0 -2536.003906 -1148.064697
v -1051.0 -2536.003906 -1148.064697
v -1381.0 -2539.706055 -1152.310669
v -1051.0 -2539.706055 -1152.310669
v -1381.0 -2543.689453 -1156.293945
v -1051.0 -2543.689453 -1156.293945
v -1381.0 -2547.935303 -1159.996216
v -1051.0 -2547.935303 -1159.996216
v -1381.0 -2552.423828 -1163.400024
v -1051.0 -2552.423828 -1163.400024
v -1381.0 -2557.134277 -1166.489624
v -1051.0 -2557.134277 -1166.489624
v -1381.0 -2562.044678 -1169.250488
v -1051.0 -2562.044678 -1169.250488
v -1381.0 -2567.131836 -1171.669922
v -1051.0 -2567.131836 -1171.669922
v -1381.0 -2572.372314 -1173.736572
v -1051.0 -2572.372314 -1173.736572
v -1381.0 -2577.741699 -1175.440674
v -1051.0 -2577.741699 -1175.440674
v -1381.0 -2583.214844 -1176.774414
v -1051.0 -2583.214844 -1176.774414
v -1381.0 -2588.766357 -1177.731567
v -1051.0 -2588.766357 -1177.731567
v -1381.0 -2594.370117 -1178.307617
v -1051.0 -2594.370117 -1178.307617
v -1381.0 -2600.0 -1178.5
v -1051.0 -2600.0 -1178.5
v -1381.0 -2605.629883 -1178.307617
v -1051.0 -2605.629883 -1178.307617
v -1381.0 -2611.233643 -1177.731567
v -1051.0 -2611.233643 -1177.731567
v -1381.0 -2616.785156 -1176.774414
v -1051.0 -2616.785156 -1176.774414
v -1381.0 -2622.258301 -1175.440674
v -1051.0 -2622.258301 -1175.440674
v -1381.0 -2627.627686 -1173.736572
v -1051.0 -2627.627686 -1173.736572
v -1381.0 -2632.868164 -1171.669922
v -1051.0 -2632.868164 -1171.669922
v -1381.0 -2637.955322 -1169.250488
v -1051.0 -2637.955322 -1169.250488
v -1381.0 -2642.865723 -1166.489624
v -1051.0 -2642.865723 -1166.489624
v -1381.0 -2647.576172 -1163.400024
v -1051.0 -2647.576172 -1163.400024
v -1381.0 -2652.064697 -1159.996216
v -1051.0 -2652.064697 -1159.996216
v -1381.0 -2656.310547 -1156.293945
v -1051.0 -2656.310547 -1156.293945
v -1381.0 -2660.293945 -1152.310669
v -1051.0 -2660.293945 -1152.310669
v -1381.0 -2663.996094 -1148.064697
v -1051.0 -2663.996094 -1148.064697
v -1381.0 -2667.399902 -1143.576172
v -1051.0 -2667.399902 -1143.576172
v -1381.0 -2670.489502 -1138.865723
v -1051.0 -2670.489502 -1138.865723
v -1381.0 -2673.250488 -1133.955322
v -1051.0 -2673.250488 -1133.955322
v -1381.0 -2675.669922 -1128.868042
v -1051.0 -2675.669922 -1128.868042
v -1381.0 -2677.736572 -1123.627563
v -1051.0 -2677.736572 -1123.627563
v -1381.0 -2679.440674 -1118.258179
v -1051.0 -2679.440674 -1118.258179
v -1381.0 -2680.774414 -1112.785156
v -1051.0 -2680.774414 -1112.785156
v -1381.0 -2681.731689 -1107.233765
v -1051.0 -2681.731689 -1107.233765
v -1381.0 -2682.307617 -1101.630005
v -1051.0 -2682.307617 -1101.630005
v -1381.0 -2682.5 -1096.0
v -1051.0 -2682.5 -1096.0
v -1381.0 -2682.307617 -1090.369995
v -1051.0 -2682.307617 -1090.369995
v -1381.0 -2681.731689 -1084.766235
v -1051.0 -2681.731689 -1084.766235
v -1381.0 -2680.774414 -1079.214844
v -1051.0 -2680.774414 -1079.214844
v -1381.0 -2679.440674 -1073.741821
v -1051.0 -2679.440674 -1073.741821
v -1381.0 -2677.736572 -1068.372437
v -1051.0 -2677.736572 -1068.372437
v -1381.0 -2675.669922 -1063.131958
v -1051.0 -2675.669922 -1063.131958
v -1381.0 -2673.250488 -1058.044678
v -1051.0 -2673.250488 -1058.044678
v -1381.0 -2670.489502 -1053.134277
v -1051.0 -2670.489502 -1053.134277
v -1381.0 -2667.399902 -1048.423828
v -1051.0 -2667.399902 -1048.423828
v -1381.0 -2663.996094 -1043.935303
v -1051.0 -2663.996094 -1043.935303
v -1381.0 -2660.293945 -1039.689331
v -1051.0 -2660.293945 -1039.689331
v -1381.0 -2656.310547 -1035.706055
v -1051.0 -2656.310547 -1035.706055
v -1381.0 -2652.064697 -1032.003784
v -1051.0 -2652.064697 -1032.003784
v -1381.0 -2647.576172 -1028.599976
v -1051.0 -2647.576172 -1028.599976
v -1381.0 -2642.865723 -1025.510376
v -1051.0 -2642.865723 -1025.510376
v -1381.0 -2637.955322 -1022.749451
v -1051.0 -2637.955322 -1022.749451
v -1381.0 -2632.868164 -1020.330078
v -1051.0 -2632.868164 -1020.330078
v -1381.0 -2627.627686 -1018.263489
v -1051.0 -2627.627686 -1018.263489
v -1381.0 -2622.258301 -1016.559326
v -1051.0 -2622.258301 -1016.559326
v -1381.0 -2616.785156 -1015.225586
v -1051.0 -2616.785156 -1015.225586
v -1381.0 -2611.233643 -1014.268433
v -1051.0 -2611.233643 -1014.268433
v -1381.0 -2605.629883 -1013.692322
v -1051.0 -2605.629883 -1013.692322
v -1381.0 -2600.0 -1013.5
v -1051.0 -2600.0 -1013.5
v -1381.0 -2594.370117 -1013.692322
v -1051.0 -2594.370117 -1013.692322
v -1381.0 -2588.766357 -1014.268433
v -1051.0 -2588.766357 -1014.268433
v -1381.0 -2583.214844 -1015.225586
v -1051.0 -2583.214844 -1015.225586
v -1381.0 -2577.741699 -1016.559326
v -1051.0 -2577.741699 -1016.559326
v -1381.0 -2572.372314 -1018.263489
v -1051.0 -2572.372314 -1018.263489
v -1051.0 -2567.131836 -1020.330078
v -1381.0 -2567.131836 -1020.330078
v -1381.0 -2562.044678 -1022.749451
v -1051.0 -2562.044678 -1022.749451
v -1381.0 -2557.134277 -1025.510376
v -1051.0 -2557.134277 -1025.510376
v -1381.0 -2552.423828 -1028.599976
v -1051.0 -2552.423828 -1028.599976
v -1381.0 -2547.935303 -1032.003784
v -1051.0 -2547.935303 -1032.003784
v -1381.0 -2543.689453 -1035.706055
v -1051.0 -2543.689453 -1035.706055
v -1381.0 -2539.706055 -1039.689331
v -1051.0 -2539.706055 -1039.689331
v -1381.0 -2536.003906 -1043.935303
v -1051.0 -2536.003906 -1043.935303
v -1381.0 -2532.600098 -1048.423828
v -1051.0 -2532.600098 -1048.423828
v -1051.0 -2529.510498 -1053.134277
v -1381.0 -2529.510498 -1053.134277
v -1381.0 -2526.749512 -1058.044678
v -1051.0 -2526.749512 -1058.044678
v -1381.0 -2524.330078 -1063.131958
v -1051.0 -2524.330078 -1063.131958
v -1381.0 -2522.263428 -1068.372437
v -1051.0 -2522.263428 -1068.372437
v -1051.0 -2520.559326 -1073.741821
v -1381.0 -2520.559326 -1073.741821
v -1381.0 -2519.225586 -1079.214844
v -1051.0 -2519.225586 -1079.214844
v -1381.0 -2518.268311 -1084.766235
v -1051.0 -2518.268311 -1084.766235
v -1051.0 -2517.692383 -1090.369995
v -1381.0 -2517.692383 -1090.369995
v -1381.0 -2649.709229 -1269.0
v -1381.0 -2300.0 -1269.0
v -1051.0 -2300.0 -1269.0
v -1051.0 -2649.709229 -1269.0
v -1381.0 -2300.0 -595.0
v -1051.0 -2300.0 -595.0
v -1381.0 -2677.436035 -595.0
v -1051.0 -2677.436035 -595.0
v -1381.0 -2777.174561 -1064.232666
v -1051.0 -2777.174561 -1064.232666
v -1051.0 -2778.445312 -1072.393433
v -1381.0 -2778.445312 -1072.393433
v -1051.0 -2779.340332 -1080.603882
v -1381.0 -2779.340332 -1080.603882
v -1051.0 -2779.85791 -1088.846802
v -1381.0 -2779.85791 -1088.846802
v -1051.0 -2779.996582 -1097.104736
v -1381.0 -2779.996582 -1097.104736
v -1051.0 -2779.756348 -1105.360352
v -1381.0 -2779.756348 -1105.360352
v -1051.0 -2779.137939 -1113.596191
v -1381.0 -2779.137939 -1113.596191
v -1051.0 -2778.14209 -1121.795044
v -1381.0 -2778.14209 -1121.795044
v -1051.0 -2776.77124 -1129.939575
v -1381.0 -2776.77124 -1129.939575
v -1051.0 -2775.02832 -1138.012695
v -1381.0 -2775.02832 -1138.012695
v -1051.0 -2772.916992 -1145.997314
v -1381.0 -2772.916992 -1145.997314
v -1051.0 -2770.441406 -1153.876709
v -1381.0 -2770.441406 -1153.876709
v -1051.0 -2767.607178 -1161.634277
v -1381.0 -2767.607178 -1161.634277
v -1051.0 -2764.419922 -1169.25354
v -1381.0 -2764.419922 -1169.25354
v -1051.0 -2760.886475 -1176.718628
v -1381.0 -2760.886475 -1176.718628
v -1051.0 -2757.014404 -1184.013916
v -1381.0 -2757.014404 -1184.013916
v -1051.0 -2752.811768 -1191.123779
v -1381.0 -2752.811768 -1191.123779
v -1051.0 -2748.287598 -1198.033325
v -1381.0 -2748.287598 -1198.033325
v -1051.0 -2743.450928 -1204.728149
v -1381.0 -2743.450928 -1204.728149
v -1051.0 -2738.3125 -1211.194092
v -1381.0 -2738.3125 -1211.194092
v -1051.0 -2732.882568 -1217.41748
v -1381.0 -2732.882568 -1217.41748
v -1051.0 -2727.173096 -1223.385254
v -1381.0 -2727.173096 -1223.385254
v -1051.0 -2721.195801 -1229.084717
v -1381.0 -2721.195801 -1229.084717
v -1051.0 -2714.963379 -1234.50415
v -1381.0 -2714.963379 -1234.50415
v -1051.0 -2708.489014 -1239.631958
v -1381.0 -2708.489014 -1239.631958
v -1051.0 -2701.786133 -1244.457275
v -1381.0 -2701.786133 -1244.457275
v -1051.0 -2694.869141 -1248.970093
v -1381.0 -2694.869141 -1248.970093
v -1051.0 -2687.752197 -1253.160889
v -1381.0 -2687.752197 -1253.160889
v -1051.0 -2680.450439 -1257.020874
v -1381.0 -2680.450439 -1257.020874
v -1051.0 -2672.979492 -1260.541748
v -1381.0 -2672.979492 -1260.541748
v -1051.0 -2665.35498 -1263.716187
v -1381.0 -2665.35498 -1263.716187
v -1051.0 -2657.592529 -1266.537598
v -1381.0 -2657.592529 -1266.537598
v -1381.0 2682.5 -1096.0
v -1381.0 2682.307617 -1101.630005
v -1051.0 2682.5 -1096.0
v -1051.0 2682.307617 -1101.630005
v -1381.0 2681.731689 -1107.233765
v -1051.0 2681.731689 -1107.233765
v -1381.0 2680.774414 -1112.785156
v -1051.0 2680.774414 -1112.785156
v -1381.0 2679.440674 -1118.258179
v -1051.0 2679.440674 -1118.258179
v -1381.0 2677.736572 -1123.627563
v -1051.0 2677.736572 -1123.627563
v -1381.0 2675.669922 -1128.868042
v -1051.0 2675.669922 -1128.868042
v -1381.0 2673.250488 -1133.955322
v -1051.0 2673.250488 -1133.955322
v -1381.0 2670.489502 -1138.865723
v -1051.0 2670.489502 -1138.865723
v -1381.0 2667.399902 -1143.576172
v -1051.0 2667.399902 -1143.576172
v -1381.0 2663.996094 -1148.064697
v -1051.0 2663.996094 -1148.064697
v -1381.0 2660.293945 -1152.310669
v -1051.0 2660.293945 -1152.310669
v -1381.0 2656.310547 -1156.293945
v -1051.0 2656.310547 -1156.293945
v -1381.0 2652.064697 -1159.996216
v -1051.0 2652.064697 -1159.996216
v -1381.0 2647.576172 -1163.400024
v -1051.0 2647.576172 -1163.400024
v -1381.0 2642.865723 -1166.489624
v -1051.0 2642.865723 -1166.489624
v -1381.0 2637.955322 -1169.250488
v -1051.0 2637.955322 -1169.250488
v -1381.0 2632.868164 -1171.669922
v -1051.0 2632.868164 -1171.669922
v -1381.0 2627.627686 -1173.736572
v -1051.0 2627.627686 -1173.736572
v -1381.0 2622.258301 -1175.440674
v -1051.0 2622.258301 -1175.440674
v -1381.0 2616.785156 -1176.774414
v -1051.0 2616.785156 -1176.774414
v -1381.0 2611.233643 -1177.731567
v -1051.0 2611.233643 -1177.731567
v -1381.0 2605.629883 -1178.307617
v -1051.0 2605.629883 -1178.307617
v -1381.0 2600.0 -1178.5
v -1051.0 2600.0 -1178.5
v -1381.0 2594.370117 -1178.307617
v -1051.0 2594.370117 -1178.307617
v -1381.0 2588.766357 -1177.731567
v -1051.0 2588.766357 -1177.731567
v -1381.0 2583.214844 -1176.774414
v -1051.0 2583.214844 -1176.774414
v -1381.0 2577.741699 -1175.440674
v -1051.0 2577.741699 -1175.440674
v -1381.0 2572.372314 -1173.736572
v -1051.0 2572.372314 -1173.736572
v -1051.0 2567.131836 -1171.669922
v -1381.0 2567.131836 -1171.669922
v -1381.0 2562.044678 -1169.250488
v -1051.0 2562.044678 -1169.250488
v -1381.0 2557.134277 -1166.489624
v -1051.0 2557.134277 -1166.489624
v -1381.0 2552.423828 -1163.400024
v -1051.0 2552.423828 -1163.400024
v -1381.0 2547.935303 -1159.996216
v -1051.0 2547.935303 -1159.996216
v -1381.0 2543.689453 -1156.293945
v -1051.0 2543.689453 -1156.293945
v -1381.0 2539.706055 -1152.310669
v -1051.0 2539.706055 -1152.310669
v -1381.0 2536.003906 -1148.064697
v -1051.0 2536.003906 -1148.064697
v -1381.0 2532.600098 -1143.576172
v -1051.0 2532.600098 -1143.576172
v -1051.0 2529.510498 -1138.865723
v -1381.0 2529.510498 -1138.865723
v -1381.0 2526.749512 -1133.955322
v -1051.0 2526.749512 -1133.955322
v -1381.0 2524.330078 -1128.868042
v -1051.0 2524.330078 -1128.868042
v -1381.0 2522.263428 -1123.627563
v -1051.0 2522.263428 -1123.627563
v -1051.0 2520.559326 -1118.258179
v -1381.0 2520.559326 -1118.258179
v -1381.0 2519.225586 -1112.785156
v -1051.0 2519.225586 -1112.785156
v -1381.0 2518.268311 -1107.233765
v -1051.0 2518.268311 -1107.233765
v -1051.0 2517.692383 -1101.630005
v -1381.0 2517.692383 -1101.630005
v -1051.0 2517.5 -1096.0
v -1381.0 2517.5 -1096.0
v -1381.0 2517.692383 -1090.369995
v -1051.0 2517.692383 -1090.369995
v -1381.0 2518.268311 -1084.766235
v -1051.0 2518.268311 -1084.766235
v -1381.0 2519.225586 -1079.214844
v -1051.0 2519.225586 -1079.214844
v -1381.0 2520.559326 -1073.741821
v -1051.0 2520.559326 -1073.741821
v -1381.0 2522.263428 -1068.372437
v -1051.0 2522.263428 -1068.372437
v -1381.0 2524.330078 -1063.131958
v -1051.0 2524.330078 -1063.131958
v -1381.0 2526.749512 -1058.044678
v -1051.0 2526.749512 -1058.044678
v -1381.0 2529.510498 -1053.134277
v -1051.0 2529.510498 -1053.134277
v -1381.0 2532.600098 -1048.423828
v -1051.0 2532.600098 -1048.423828
v -1381.0 2536.003906 -1043.935303
v -1051.0 2536.003906 -1043.935303
v -1381.0 2539.706055 -1039.689331
v -1051.0 2539.706055 -1039.689331
v -1381.0 2543.689453 -1035.706055
v -1051.0 2543.689453 -1035.706055
v -1381.0 2547.935303 -1032.003784
v -1051.0 2547.935303 -1032.003784
v -1381.0 2552.423828 -1028.599976
v -1051.0 2552.423828 -1028.599976
v -1381.0 2557.134277 -1025.510376
v -1051.0 2557.134277 -1025.510376
v -1381.0 2562.044678 -1022.749451
v -1051.0 2562.044678 -1022.749451
v -1381.0 2567.131836 -1020.330078
v -1051.0 2567.131836 -1020.330078
v -1381.0 2572.372314 -1018.263489
v -1051.0 2572.372314 -1018.263489
v -1381.0 2577.741699 -1016.559326
v -1051.0 2577.741699 -1016.559326
v -1381.0 2583.214844 -1015.225586
v -1051.0 2583.214844 -1015.225586
v -1381.0 2588.766357 -1014.268433
v -1051.0 2588.766357 -1014.268433
v -1381.0 2594.370117 -1013.692322
v -1051.0 2594.370117 -1013.692322
v -1381.0 2600.0 -1013.5
v -1051.0 2600.0 -1013.5
v -1381.0 2605.629883 -1013.692322
v -1051.0 2605.629883 -1013.692322
v -1381.0 2611.233643 -1014.268433
v -1051.0 2611.233643 -1014.268433
v -1381.0 2616.785156 -1015.225586
v -1051.0 2616.785156 -1015.225586
v -1381.0 2622.258301 -1016.559326
v -1051.0 2622.258301 -1016.559326
v -1381.0 2627.627686 -1018.263489
v -1051.0 2627.627686 -1018.263489
v -1381.0 2632.868164 -1020.330078
v -1051.0 2632.868164 -1020.330078
v -1381.0 2637.955322 -1022.749451
v -1051.0 2637.955322 -1022.749451
v -1381.0 2642.865723 -1025.510376
v -1051.0 2642.865723 -1025.510376
v -1381.0 2647.576172 -1028.599976
v -1051.0 2647.576172 -1028.599976
v -1381.0 2652.064697 -1032.003784
v -1051.0 2652.064697 -1032.003784
v -1381.0 2656.310547 -1035.706055
v -1051.0 2656.310547 -1035.706055
v -1381.0 2660.293945 -1039.689331
v -1051.0 2660.293945 -1039.689331
v -1381.0 2663.996094 -1043.935303
v -1051.0 2663.996094 -1043.935303
v -1381.0 2667.399902 -1048.423828
v -1051.0 2667.399902 -1048.423828
v -1381.0 2670.489502 -1053.134277
v -1051.0 2670.489502 -1053.134277
v -1381.0 2673.250488 -1058.044678
v -1051.0 2673.250488 -1058.044678
v -1381.0 2675.669922 -1063.131958
v -1051.0 2675.669922 -1063.131958
v -1381.0 2677.736572 -1068.372437
v -1051.0 2677.736572 -1068.372437
v -1381.0 2679.440674 -1073.741821
v -1051.0 2679.440674 -1073.741821
v -1381.0 2680.774414 -1079.214844
v -1051.0 2680.774414 -1079.214844
v -1381.0 2681.731689 -1084.766235
v -1051.0 2681.731689 -1084.766235
v -1381.0 2682.307617 -1090.369995
v -1051.0 2682.307617 -1090.369995
v -1381.0 2300.0 -1269.0
v -1381.0 2649.709229 -1269.0
v -1051.0 2649.709229 -1269.0
v -1051.0 2300.0 -1269.0
v -1051.0 2300.0 -595.0
v -1381.0 2300.0 -595.0
v -1051.0 2677.436035 -595.0
v -1381.0 2677.436035 -595.0
v -1051.0 2777.174561 -1064.232666
v -1381.0 2777.174561 -1064.232666
v -1051.0 2657.592529 -1266.537598
v -1381.0 2657.592529 -1266.537598
v -1051.0 2665.35498 -1263.716187
v -1381.0 2665.35498 -1263.716187
v -1051.0 2672.979492 -1260.541748
v -1381.0 2672.979492 -1260.541748
v -1051.0 2680.450439 -1257.020874
v -1381.0 2680.450439 -1257.020874
v -1051.0 2687.752197 -1253.160889
v -1381.0 2687.752197 -1253.160889
v -1051.0 2694.869141 -1248.970093
v -1381.0 2694.869141 -1248.970093
v -1051.0 2701.786133 -1244.457275
v -1381.0 2701.786133 -1244.457275
v -1051.0 2708.489014 -1239.631958
v -1381.0 2708.489014 -1239.631958
v -1051.0 2714.963379 -1234.50415
v -1381.0 2714.963379 -1234.50415
v -1051.0 2721.195801 -1229.084717
v -1381.0 2721.195801 -1229.084717
v -1051.0 2727.173096 -1223.385254
v -1381.0 2727.173096 -1223.385254
v -1051.0 2732.882568 -1217.41748
v -1381.0 2732.882568 -1217.41748
v -1051.0 2738.3125 -1211.194092
v -1381.0 2738.3125 -1211.194092
v -1051.0 2743.450928 -1204.728149
v -1381.0 2743.450928 -1204.728149
v -1051.0 2748.287598 -1198.033325
v -1381.0 2748.287598 -1198.033325
v -1051.0 2752.811768 -1191.123779
v -1381.0 2752.811768 -1191.123779
v -1051.0 2757.014404 -1184.013916
v -1381.0 2757.014404 -1184.013916
v -1051.0 2760.886475 -1176.718628
v -1381.0 2760.886475 -1176.718628
v -1051.0 2764.419922 -1169.25354
v -1381.0 2764.419922 -1169.25354
v -1051.0 2767.607178 -1161.634277
v -1381.0 2767.607178 -1161.634277
v -1051.0 2770.441406 -1153.876709
v -1381.0 2770.441406 -1153.876709
v -1051.0 2772.916992 -1145.997314
v -1381.0 2772.916992 -1145.997314
v -1051.0 2775.02832 -1138.012695
v -1381.0 2775.02832 -1138.012695
v -1051.0 2776.77124 -1129.939575
v -1381.0 2776.77124 -1129.939575
v -1051.0 2778.14209 -1121.795044
v -1381.0 2778.14209 -1121.795044
v -1051.0 2779.137939 -1113.596191
v -1381.0 2779.137939 -1113.596191
v -1051.0 2779.756348 -1105.360352
v -1381.0 2779.756348 -1105.360352
v -1051.0 2779.996582 -1097.104736
v -1381.0 2779.996582 -1097.104736
v -1051.0 2779.85791 -1088.846802
v -1381.0 2779.85791 -1088.846802
v -1051.0 2779.340332 -1080.603882
v -1381.0 2779.340332 -1080.603882
v -1051.0 2778.445312 -1072.393433
v -1381.0 2778.445312 -1072.393433
vn -0.99989 -0.014819 0.0
vn -0.999012 -0.044441 0.0
vn -0.99989 -0.014819 0.0
vn -0.997256 -0.074026 0.0
vn -0.999012 -0.044441 0.0
vn -0.994624 -0.103547 0.0
vn -0.997256 -0.074026 0.0
vn -0.99112 -0.132974 0.0
vn -0.994624 -0.103547 0.0
vn -0.986744 -0.162287 0.0
vn -0.99112 -0.132974 0.0
vn -0.981502 -0.191454 0.0
vn -0.986744 -0.162287 0.0
vn -0.975397 -0.220457 0.0
vn -0.981502 -0.191454 0.0
vn -0.968435 -0.249265 0.0
vn -0.975397 -0.220457 0.0
vn -0.960624 -0.277852 0.0
vn -0.968435 -0.249265 0.0
vn -0.951968 -0.306196 0.0
vn -0.960624 -0.277852 0.0
vn -0.942476 -0.334273 0.0
vn -0.951968 -0.306196 0.0
vn -0.932157 -0.362054 0.0
vn -0.942476 -0.334273 0.0
vn -0.921018 -0.38952 0.0
vn -0.932157 -0.362054 0.0
vn -0.909073 -0.416638 0.0
vn -0.921018 -0.38952 0.0
vn -0.896326 -0.443396 0.0
vn -0.909073 -0.416638 0.0
vn -0.882792 -0.469764 0.0
vn -0.896326 -0.443396 0.0
vn -0.868485 -0.495715 0.0
vn -0.882792 -0.469764 0.0
vn -0.853413 -0.521235 0.0
vn -0.868485 -0.495715 0.0
vn -0.837593 -0.546295 0.0
vn -0.853413 -0.521235 0.0
vn -0.821037 -0.570875 0.0
vn -0.837593 -0.546295 0.0
vn -0.821037 -0.570875 0.0
vn -0.803759 -0.594955 0.0
vn -0.803759 -0.594955 0.0
vn -0.785776 -0.618512 0.0
vn -0.785776 -0.618512 0.0
vn -0.767102 -0.641525 0.0
vn -0.767102 -0.641525 0.0
vn -0.747754 -0.663976 0.0
vn -0.747754 -0.663976 0.0
vn -0.727749 -0.685844 0.0
vn -0.727749 -0.685844 0.0
vn -0.707109 -0.707105 0.0
vn -0.707109 -0.707105 0.0
vn -0.68584 -0.727752 0.0
vn -0.68584 -0.727752 0.0
vn -0.663977 -0.747753 0.0
vn -0.641524 -0.767103 0.0
vn -0.663977 -0.747753 0.0
vn -0.618513 -0.785775 0.0
vn -0.641524 -0.767103 0.0
vn -0.594954 -0.80376 0.0
vn -0.618513 -0.785775 0.0
vn -0.570876 -0.821036 0.0
vn -0.594954 -0.80376 0.0
vn -0.546295 -0.837593 0.0
vn -0.570876 -0.821036 0.0
vn -0.521234 -0.853414 0.0
vn -0.546295 -0.837593 0.0
vn -0.495718 -0.868483 0.0
vn -0.521234 -0.853414 0.0
vn -0.469762 -0.882793 0.0
vn -0.495718 -0.868483 0.0
vn -0.443396 -0.896326 0.0
vn -0.469762 -0.882793 0.0
vn -0.416641 -0.909071 0.0
vn -0.443396 -0.896326 0.0
vn -0.416641 -0.909071 0.0
vn -0.389516 -0.92102 0.0
vn -0.362056 -0.932156 0.0
vn -0.389516 -0.92102 -0.0
vn -0.334272 -0.942477 0.0
vn -0.362056 -0.932156 0.0
vn -0.306195 -0.951969 0.0
vn -0.334272 -0.942477 0.0
vn -0.277852 -0.960624 0.0
vn -0.306195 -0.951969 0.0
vn -0.249267 -0.968435 0.0
vn -0.277852 -0.960624 0.0
vn -0.220453 -0.975398 0.0
vn -0.249267 -0.968435 0.0
vn -0.191456 -0.981501 0.0
vn -0.220453 -0.975398 0.0
vn -0.191456 -0.981501 0.0
vn -0.162285 -0.986744 0.0
vn -0.162285 -0.986744 0.0
vn -0.132977 -0.991119 0.0
vn -0.132977 -0.991119 0.0
vn -0.103545 -0.994625 -0.0
vn -0.103545 -0.994625 0.0
vn -0.074026 -0.997256 0.0
vn -0.074026 -0.997256 0.0
vn -0.044443 -0.999012 0.0
vn -0.044443 -0.999012 0.0
vn -0.014819 -0.99989 0.0
vn -0.014819 -0.99989 0.0
vn 0.014819 -0.99989 0.0
vn 0.014819 -0.99989 0.0
vn 0.044443 -0.999012 0.0
vn 0.044443 -0.999012 0.0
vn 0.074026 -0.997256 0.0
vn 0.074026 -0.997256 0.0
vn 0.103545 -0.994625 0.0
vn 0.103545 -0.994625 0.0
vn 0.132977 -0.991119 0.0
vn 0.132977 -0.991119 0.0
vn 0.162285 -0.986744 0.0
vn 0.162285 -0.986744 0.0
vn 0.191456 -0.981501 0.0
vn 0.191456 -0.981501 0.0
vn 0.220453 -0.975398 0.0
vn 0.220453 -0.975398 0.0
vn 0.249267 -0.968435 0.0
vn 0.249267 -0.968435 0.0
vn 0.277852 -0.960624 0.0
vn 0.306195 -0.951969 0.0
vn 0.277852 -0.960624 0.0
vn 0.334272 -0.942477 0.0
vn 0.306195 -0.951969 0.0
vn 0.334272 -0.942477 0.0
vn 0.362056 -0.932156 0.0
vn 0.389516 -0.92102 0.0
vn 0.362056 -0.932156 0.0
vn 0.389516 -0.92102 0.0
vn 0.416641 -0.909071 0.0
vn 0.443396 -0.896326 0.0
vn 0.416641 -0.909071 0.0
vn 0.469762 -0.882793 0.0
vn 0.443396 -0.896326 0.0
vn 0.495718 -0.868483 0.0
vn 0.469762 -0.882793 0.0
vn 0.495718 -0.868483 0.0
vn 0.521234 -0.853414 0.0
vn 0.521234 -0.853414 0.0
vn 0.546295 -0.837593 0.0
vn 0.546295 -0.837593 0.0
vn 0.570876 -0.821036 0.0
vn 0.570876 -0.821036 0.0
vn 0.594954 -0.80376 0.0
vn 0.594954 -0.80376 0.0
vn 0.618513 -0.785775 0.0
vn 0.618513 -0.785775 0.0
vn 0.641524 -0.767103 0.0
vn 0.641524 -0.767103 0.0
vn 0.663977 -0.747753 0.0
vn 0.663977 -0.747753 0.0
vn 0.68584 -0.727752 0.0
vn 0.68584 -0.727752 0.0
vn 0.707109 -0.707105 0.0
vn 0.707109 -0.707105 0.0
vn 0.727749 -0.685844 0.0
vn 0.727749 -0.685844 0.0
vn 0.747754 -0.663976 0.0
vn 0.747754 -0.663976 0.0
vn 0.767102 -0.641525 0.0
vn 0.767102 -0.641525 0.0
vn 0.785776 -0.618512 0.0
vn 0.785776 -0.618512 0.0
vn 0.803759 -0.594955 0.0
vn 0.803759 -0.594955 0.0
vn 0.821037 -0.570875 0.0
vn 0.821037 -0.570875 0.0
vn 0.837593 -0.546295 0.0
vn 0.837593 -0.546295 0.0
vn 0.853413 -0.521235 0.0
vn 0.853413 -0.521235 0.0
vn 0.868485 -0.495715 0.0
vn 0.868485 -0.495715 0.0
vn 0.882792 -0.469764 0.0
vn 0.882792 -0.469764 0.0
vn 0.896326 -0.443396 0.0
vn 0.896326 -0.443396 0.0
vn 0.909073 -0.416638 0.0
vn 0.909073 -0.416638 0.0
vn 0.921018 -0.38952 0.0
vn 0.921018 -0.38952 0.0
vn 0.932157 -0.362054 0.0
vn 0.932157 -0.362054 0.0
vn 0.942476 -0.334273 0.0
vn 0.942476 -0.334273 0.0
vn 0.951968 -0.306196 0.0
vn 0.951968 -0.306196 0.0
vn 0.960624 -0.277852 0.0
vn 0.960624 -0.277852 0.0
vn 0.968435 -0.249265 0.0
vn 0.968435 -0.249265 0.0
vn 0.975397 -0.220457 0.0
vn 0.975397 -0.220457 0.0
vn 0.981502 -0.191454 0.0
vn 0.986744 -0.162287 0.0
vn 0.981502 -0.191454 0.0
vn 0.986744 -0.162287 0.0
vn 0.99112 -0.132974 0.0
vn 0.994624 -0.103547 0.0
vn 0.99112 -0.132974 0.0
vn 0.994624 -0.103547 0.0
vn 0.997256 -0.074026 0.0
vn 0.997256 -0.074026 0.0
vn 0.999012 -0.044441 0.0
vn 0.99989 -0.014819 0.0
vn 0.999012 -0.044441 0.0
vn 0.99989 -0.014819 0.0
vn 1.0 0.0 -0.0
vn 1.0 0.0 0.0
vn 0.99989 0.014819 -0.0
vn 0.999012 0.044441 -0.0
vn 0.99989 0.014819 0.0
vn 0.997256 0.074026 -0.0
vn 0.999012 0.044441 0.0
vn 0.994624 0.103547 -0.0
vn 0.997256 0.074026 0.0
vn 0.99112 0.132974 -0.0
vn 0.994624 0.103547 0.0
vn 0.986744 0.162287 -0.0
vn 0.99112 0.132974 0.0
vn 0.981502 0.191454 -0.0
vn 0.986744 0.162287 0.0
vn 0.975397 0.220457 -0.0
vn 0.981502 0.191454 0.0
vn 0.968435 0.249265 -0.0
vn 0.975397 0.220457 0.0
vn 0.960624 0.277852 -0.0
vn 0.968435 0.249265 0.0
vn 0.951968 0.306196 -0.0
vn 0.960624 0.277852 0.0
vn 0.942476 0.334273 -0.0
vn 0.951968 0.306196 0.0
vn 0.932157 0.362054 -0.0
vn 0.942476 0.334273 0.0
vn 0.921018 0.38952 -0.0
vn 0.932157 0.362054 0.0
vn 0.909073 0.416638 -0.0
vn 0.921018 0.38952 0.0
vn 0.896326 0.443396 -0.0
vn 0.909073 0.416638 0.0
vn 0.882792 0.469764 -0.0
vn 0.896326 0.443396 0.0
vn 0.868485 0.495715 -0.0
vn 0.882792 0.469764 0.0
vn 0.853413 0.521235 -0.0
vn 0.868485 0.495715 0.0
vn 0.837593 0.546295 -0.0
vn 0.853413 0.521235 0.0
vn 0.821037 0.570875 -0.0
vn 0.837593 0.546295 0.0
vn 0.821037 0.570875 0.0
vn 0.803759 0.594955 -0.0
vn 0.803759 0.594955 0.0
vn 0.785776 0.618512 -0.0
vn 0.785776 0.618512 0.0
vn 0.767102 0.641525 -0.0
vn 0.767102 0.641525 0.0
vn 0.747754 0.663976 -0.0
vn 0.747754 0.663976 0.0
vn 0.727749 0.685844 -0.0
vn 0.727749 0.685844 0.0
vn 0.707109 0.707105 -0.0
vn 0.707109 0.707105 0.0
vn 0.68584 0.727752 -0.0
vn 0.68584 0.727752 0.0
vn 0.663977 0.747753 -0.0
vn 0.641524 0.767103 -0.0
vn 0.663977 0.747753 0.0
vn 0.641524 0.767103 0.0
vn 0.618513 0.785775 0.0
vn 0.594954 0.80376 -0.0
vn 0.618513 0.785775 0.0
vn 0.594954 0.80376 0.0
vn 0.570876 0.821036 0.0
vn 0.546295 0.837593 -0.0
vn 0.570876 0.821036 0.0
vn 0.521234 0.853414 -0.0
vn 0.546295 0.837593 0.0
vn 0.495718 0.868483 -0.0
vn 0.521234 0.853414 0.0
vn 0.469762 0.882793 -0.0
vn 0.495718 0.868483 0.0
vn 0.469762 0.882793 0.0
vn 0.443396 0.896326 0.0
vn 0.416641 0.909071 -0.0
vn 0.443396 0.896326 0.0
vn 0.416641 0.909071 0.0
vn 0.389516 0.92102 0.0
vn 0.362056 0.932156 -0.0
vn 0.389516 0.92102 0.0
vn 0.362056 0.932156 0.0
vn 0.334272 0.942477 0.0
vn 0.306195 0.951969 -0.0
vn 0.334272 0.942477 0.0
vn 0.277852 0.960624 -0.0
vn 0.306195 0.951969 0.0
vn 0.277852 0.960624 0.0
vn 0.249267 0.968435 0.0
vn 0.220453 0.975398 -0.0
vn 0.249267 0.968435 0.0
vn 0.220453 0.975398 0.0
vn 0.191456 0.981501 0.0
vn 0.191456 0.981501 0.0
vn 0.162285 0.986744 -0.0
vn 0.162285 0.986744 0.0
vn 0.132977 0.991119 -0.0
vn 0.132977 0.991119 0.0
vn 0.103545 0.994625 -0.0
vn 0.103545 0.994625 0.0
vn 0.074026 0.997256 -0.0
vn 0.074026 0.997256 0.0
vn 0.044443 0.999012 0.0
vn 0.044443 0.999012 0.0
vn 0.014819 0.99989 -0.0
vn 0.014819 0.99989 0.0
vn -0.014819 0.99989 0.0
vn -0.014819 0.99989 0.0
vn -0.044443 0.999012 0.0
vn -0.044443 0.999012 0.0
vn -0.074026 0.997256 0.0
vn -0.074026 0.997256 0.0
vn -0.103545 0.994625 0.0
vn -0.103545 0.994625 0.0
vn -0.132977 0.991119 0.0
vn -0.132977 0.991119 0.0
vn -0.162285 0.986744 0.0
vn -0.162285 0.986744 0.0
vn -0.191456 0.981501 0.0
vn -0.191456 0.981501 0.0
vn -0.220453 0.975398 0.0
vn -0.220453 0.975398 0.0
vn -0.249267 0.968435 0.0
vn -0.249267 0.968435 0.0
vn -0.277852 0.960624 0.0
vn -0.277852 0.960624 0.0
vn -0.306195 0.951969 0.0
vn -0.334272 0.942477 0.0
vn -0.306195 0.951969 0.0
vn -0.334272 0.942477 0.0
vn -0.362056 0.932156 0.0
vn -0.389516 0.92102 0.0
vn -0.362056 0.932156 0.0
vn -0.416641 0.909071 0.0
vn -0.389516 0.92102 0.0
vn -0.416641 0.909071 0.0
vn -0.443396 0.896326 0.0
vn -0.469762 0.882793 0.0
vn -0.443396 0.896326 0.0
vn -0.495718 0.868483 0.0
vn -0.469762 0.882793 0.0
vn -0.521234 0.853414 0.0
vn -0.495718 0.868483 0.0
vn -0.521234 0.853414 0.0
vn -0.546295 0.837593 0.0
vn -0.546295 0.837593 0.0
vn -0.570876 0.821036 0.0
vn -0.570876 0.821036 0.0
vn -0.594954 0.80376 0.0
vn -0.594954 0.80376 0.0
vn -0.618513 0.785775 0.0
vn -0.618513 0.785775 0.0
vn -0.641524 0.767103 0.0
vn -0.641524 0.767103 0.0
vn -0.663977 0.747753 0.0
vn -0.663977 0.747753 0.0
vn -0.68584 0.727752 0.0
vn -0.68584 0.727752 0.0
vn -0.707109 0.707105 0.0
vn -0.707109 0.707105 0.0
vn -0.727749 0.685844 0.0
vn -0.727749 0.685844 0.0
vn -0.747754 0.663976 0.0
vn -0.747754 0.663976 0.0
vn -0.767102 0.641525 0.0
vn -0.767102 0.641525 0.0
vn -0.785776 0.618512 0.0
vn -0.785776 0.618512 0.0
vn -0.803759 0.594955 0.0
vn -0.803759 0.594955 0.0
vn -0.821037 0.570875 0.0
vn -0.821037 0.570875 0.0
vn -0.837593 0.546295 0.0
vn -0.837593 0.546295 0.0
vn -0.853413 0.521235 0.0
vn -0.853413 0.521235 0.0
vn -0.868485 0.495715 0.0
vn -0.868485 0.495715 0.0
vn -0.882792 0.469764 0.0
vn -0.882792 0.469764 0.0
vn -0.896326 0.443396 0.0
vn -0.896326 0.443396 0.0
vn -0.909073 0.416638 0.0
vn -0.909073 0.416638 0.0
vn -0.921018 0.38952 0.0
vn -0.921018 0.38952 0.0
vn -0.932157 0.362054 0.0
vn -0.932157 0.362054 0.0
vn -0.942476 0.334273 0.0
vn -0.942476 0.334273 0.0
vn -0.951968 0.306196 0.0
vn -0.951968 0.306196 0.0
vn -0.960624 0.277852 0.0
vn -0.960624 0.277852 0.0
vn -0.968435 0.249265 0.0
vn -0.968435 0.249265 0.0
vn -0.975397 0.220457 0.0
vn -0.981502 0.191454 0.0
vn -0.975397 0.220457 0.0
vn -0.986744 0.162287 0.0
vn -0.981502 0.191454 0.0
vn -0.99112 0.132974 0.0
vn -0.986744 0.162287 0.0
vn -0.994624 0.103547 0.0
vn -0.99112 0.132974 0.0
vn -0.994624 0.103547 0.0
vn -0.997256 0.074026 0.0
vn -0.999012 0.044441 0.0
vn -0.997256 0.074026 0.0
vn -0.99989 0.014819 0.0
vn -0.999012 0.044441 0.0
vn -0.99989 0.014819 0.0
vn -1.0 0.0 0.0
vn -1.0 0.0 0.0
vn -0.999966 0.008269 0.0
vn -0.999692 0.024796 0.0
vn -0.999966 0.008269 0.0
vn -0.999146 0.041328 0.0
vn -0.999692 0.024796 0.0
vn -0.998326 0.05784 0.0
vn -0.999146 0.041328 0.0
vn -0.997233 0.074337 0.0
vn -0.998326 0.05784 0.0
vn -0.997233 0.074337 0.0
vn -0.995868 0.090813 0.0
vn -0.995868 0.090813 0.0
vn -0.99423 0.107269 0.0
vn -0.99423 0.107269 0.0
vn -0.99232 0.123694 0.0
vn -0.99232 0.123694 0.0
vn -0.99014 0.140084 0.0
vn -0.99014 0.140084 0.0
vn -0.987689 0.156433 0.0
vn -0.987689 0.156433 0.0
vn -0.984967 0.172741 0.0
vn -0.984967 0.172741 0.0
vn -0.981975 0.189009 0.0
vn -0.981975 0.189009 0.0
vn -0.978717 0.205215 0.0
vn -0.978717 0.205215 0.0
vn -0.975191 0.221366 0.0
vn -0.975191 0.221366 0.0
vn -0.971396 0.237465 0.0
vn -0.971396 0.237465 0.0
vn -0.967338 0.253489 0.0
vn -0.967338 0.253489 0.0
vn -0.963013 0.269455 0.0
vn -0.963013 0.269455 0.0
vn -0.958427 0.285336 0.0
vn -0.958427 0.285336 0.0
vn -0.95358 0.30114 0.0
vn -0.95358 0.30114 0.0
vn -0.94847 0.316868 0.0
vn -0.94847 0.316868 0.0
vn -0.9431 0.332509 0.0
vn -0.9431 0.332509 0.0
vn -0.937474 0.348054 0.0
vn -0.93159 0.363511 0.0
vn -0.937474 0.348054 0.0
vn -0.925454 0.378859 0.0
vn -0.93159 0.363511 0.0
vn -0.919063 0.394111 0.0
vn -0.925454 0.378859 0.0
vn -0.91242 0.409254 0.0
vn -0.919063 0.394111 0.0
vn -0.905531 0.42428 0.0
vn -0.91242 0.409254 0.0
vn -0.89839 0.439198 0.0
vn -0.905531 0.42428 0.0
vn -0.891007 0.453989 0.0
vn -0.89839 0.439198 0.0
vn -0.883377 0.468662 0.0
vn -0.891007 0.453989 0.0
vn -0.883377 0.468662 0.0
vn -0.875508 0.483204 0.0
vn -0.875508 0.483204 0.0
vn -0.867402 0.497609 0.0
vn -0.867402 0.497609 0.0
vn -0.859054 0.511885 0.0
vn -0.859054 0.511885 0.0
vn -0.850473 0.526019 0.0
vn -0.850473 0.526019 0.0
vn -0.841659 0.54001 0.0
vn -0.841659 0.54001 0.0
vn -0.832616 0.55385 0.0
vn -0.832616 0.55385 0.0
vn -0.823345 0.567541 0.0
vn -0.823345 0.567541 0.0
vn -0.813848 0.581078 0.0
vn -0.813848 0.581078 0.0
vn -0.804132 0.594451 0.0
vn -0.804132 0.594451 0.0
vn -0.794192 0.607667 0.0
vn -0.794192 0.607667 0.0
vn -0.784034 0.620717 0.0
vn -0.784034 0.620717 0.0
vn -0.773667 0.633593 0.0
vn -0.763082 0.646302 0.0
vn -0.773667 0.633593 0.0
vn -0.752295 0.658827 0.0
vn -0.763082 0.646302 0.0
vn -0.741299 0.671175 0.0
vn -0.752295 0.658827 0.0
vn -0.730098 0.683342 0.0
vn -0.741299 0.671175 0.0
vn -0.718702 0.695319 0.0
vn -0.730098 0.683342 0.0
vn -0.707107 0.707107 0.0
vn -0.718702 0.695319 0.0
vn -0.695319 0.718702 0.0
vn -0.707107 0.707107 0.0
vn -0.683342 0.730098 0.0
vn -0.695319 0.718702 0.0
vn -0.671175 0.741299 0.0
vn -0.683342 0.730098 0.0
vn -0.658827 0.752295 0.0
vn -0.671175 0.741299 0.0
vn -0.646302 0.763082 0.0
vn -0.658827 0.752295 0.0
vn -0.633593 0.773667 0.0
vn -0.646302 0.763082 0.0
vn -0.620717 0.784034 0.0
vn -0.633593 0.773667 0.0
vn -0.620717 0.784034 0.0
vn -0.607667 0.794192 0.0
vn -0.607667 0.794192 0.0
vn -0.594451 0.804132 0.0
vn -0.594451 0.804132 0.0
vn -0.581078 0.813848 0.0
vn -0.567541 0.823345 0.0
vn -0.581078 0.813848 0.0
vn -0.567541 0.823345 0.0
vn -0.55385 0.832616 0.0
vn -0.55385 0.832616 0.0
vn -0.54001 0.841659 0.0
vn -0.54001 0.841659 0.0
vn -0.526019 0.850473 0.0
vn -0.526019 0.850473 0.0
vn -0.497609 0.867402 0.0
vn -0.511885 0.859054 0.0
vn -0.511885 0.859054 0.0
vn -0.483204 0.875508 0.0
vn -0.497609 0.867402 0.0
vn -0.468662 0.883377 0.0
vn -0.483204 0.875508 0.0
vn -0.453989 0.891007 0.0
vn -0.468662 0.883377 0.0
vn -0.453989 0.891007 0.0
vn -0.42428 0.905531 0.0
vn -0.439198 0.89839 0.0
vn -0.439198 0.89839 0.0
vn -0.409254 0.91242 0.0
vn -0.42428 0.905531 0.0
vn -0.409254 0.91242 0.0
vn -0.378859 0.925454 0.0
vn -0.394111 0.919063 0.0
vn -0.394111 0.919063 0.0
vn -0.378859 0.925454 0.0
vn -0.348054 0.937474 0.0
vn -0.363511 0.93159 0.0
vn -0.363511 0.93159 0.0
vn -0.332509 0.9431 0.0
vn -0.348054 0.937474 0.0
vn -0.332509 0.9431 0.0
vn -0.30114 0.95358 0.0
vn -0.316868 0.94847 0.0
vn -0.316868 0.94847 0.0
vn -0.285336 0.958427 0.0
vn -0.30114 0.95358 0.0
vn -0.285336 0.958427 0.0
vn -0.253489 0.967338 0.0
vn -0.269455 0.963013 0.0
vn -0.269455 0.963013 0.0
vn -0.253489 0.967338 0.0
vn -0.237465 0.971396 0.0
vn -0.221366 0.975191 0.0
vn -0.237465 0.971396 0.0
vn -0.221366 0.975191 0.0
vn -0.205215 0.978717 0.0
vn -0.205215 0.978717 0.0
vn -0.172741 0.984967 0.0
vn -0.189009 0.981975 0.0
vn -0.189009 0.981975 0.0
vn -0.172741 0.984967 0.0
vn -0.140084 0.99014 0.0
vn -0.156433 0.987689 0.0
vn -0.156433 0.987689 0.0
vn -0.123694 0.99232 0.0
vn -0.140084 0.99014 0.0
vn -0.123694 0.99232 0.0
vn -0.090813 0.995868 0.0
vn -0.107269 0.99423 0.0
vn -0.107269 0.99423 0.0
vn -0.090813 0.995868 0.0
vn -0.074337 0.997233 0.0
vn -0.074337 0.997233 0.0
vn -0.05784 0.998326 0.0
vn -0.041328 0.999146 0.0
vn -0.05784 0.998326 0.0
vn -0.041328 0.999146 0.0
vn -0.024796 0.999692 0.0
vn -0.024796 0.999692 0.0
vn -0.008269 0.999966 0.0
vn -0.008269 0.999966 -0.0
vn 0.008269 0.999966 0.0
vn 0.008269 0.999966 -0.0
vn 0.024796 0.999692 0.0
vn 0.041328 0.999146 -0.0
vn 0.024796 0.999692 -0.0
vn 0.041328 0.999146 -0.0
vn 0.05784 0.998326 -0.0
vn 0.05784 0.998326 -0.0
vn 0.074337 0.997233 0.0
vn 0.090813 0.995868 -0.0
vn 0.074337 0.997233 -0.0
vn 0.090813 0.995868 -0.0
vn 0.107269 0.99423 -0.0
vn 0.107269 0.99423 -0.0
vn 0.140084 0.99014 -0.0
vn 0.123694 0.99232 -0.0
vn 0.123694 0.99232 0.0
vn 0.140084 0.99014 -0.0
vn 0.172741 0.984967 -0.0
vn 0.156433 0.987689 -0.0
vn 0.156433 0.987689 0.0
vn 0.172741 0.984967 -0.0
vn 0.189009 0.981975 -0.0
vn 0.189009 0.981975 -0.0
vn 0.205215 0.978717 0.0
vn 0.221366 0.975191 -0.0
vn 0.205215 0.978717 -0.0
vn 0.221366 0.975191 -0.0
vn 0.237465 0.971396 -0.0
vn 0.237465 0.971396 -0.0
vn 0.253489 0.967338 0.0
vn 0.253489 0.967338 -0.0
vn 0.269455 0.963013 0.0
vn 0.285336 0.958427 -0.0
vn 0.269455 0.963013 -0.0
vn 0.285336 0.958427 -0.0
vn 0.30114 0.95358 -0.0
vn 0.30114 0.95358 -0.0
vn 0.316868 0.94847 0.0
vn 0.316868 0.94847 -0.0
vn 0.332509 0.9431 0.0
vn 0.348054 0.937474 -0.0
vn 0.332509 0.9431 -0.0
vn 0.348054 0.937474 -0.0
vn 0.363511 0.93159 0.0
vn 0.363511 0.93159 -0.0
vn 0.378859 0.925454 0.0
vn 0.378859 0.925454 -0.0
vn 0.394111 0.919063 0.0
vn 0.394111 0.919063 -0.0
vn 0.409254 0.91242 0.0
vn 0.42428 0.905531 -0.0
vn 0.409254 0.91242 -0.0
vn 0.42428 0.905531 -0.0
vn 0.439198 0.89839 -0.0
vn 0.439198 0.89839 -0.0
vn 0.453989 0.891007 -0.0
vn 0.453989 0.891007 0.0
vn 0.483204 0.875508 -0.0
vn 0.468662 0.883377 -0.0
vn 0.468662 0.883377 0.0
vn 0.483204 0.875508 -0.0
vn 0.497609 0.867402 -0.0
vn 0.497609 0.867402 0.0
vn 0.526019 0.850473 -0.0
vn 0.511885 0.859054 -0.0
vn 0.511885 0.859054 0.0
vn 0.526019 0.850473 -0.0
vn 0.54001 0.841659 -0.0
vn 0.54001 0.841659 0.0
vn 0.55385 0.832616 0.0
vn 0.567541 0.823345 -0.0
vn 0.55385 0.832616 -0.0
vn 0.567541 0.823345 -0.0
vn 0.581078 0.813848 0.0
vn 0.594451 0.804132 -0.0
vn 0.581078 0.813848 -0.0
vn 0.594451 0.804132 -0.0
vn 0.607667 0.794192 -0.0
vn 0.607667 0.794192 -0.0
vn 0.620717 0.784034 -0.0
vn 0.620717 0.784034 -0.0
vn 0.633593 0.773667 0.0
vn 0.646302 0.763082 -0.0
vn 0.633593 0.773667 -0.0
vn 0.646302 0.763082 -0.0
vn 0.658827 0.752295 0.0
vn 0.658827 0.752295 -0.0
vn 0.671175 0.741299 0.0
vn 0.683342 0.730098 -0.0
vn 0.671175 0.741299 -0.0
vn 0.683342 0.730098 -0.0
vn 0.695319 0.718702 0.0
vn 0.695319 0.718702 -0.0
vn 0.707107 0.707107 0.0
vn 0.707107 0.707107 -0.0
vn 0.730098 0.683342 -0.0
vn 0.718702 0.695319 -0.0
vn 0.718702 0.695319 0.0
vn 0.730098 0.683342 -0.0
vn 0.741299 0.671175 -0.0
vn 0.741299 0.671175 0.0
vn 0.763082 0.646302 -0.0
vn 0.752295 0.658827 -0.0
vn 0.752295 0.658827 0.0
vn 0.763082 0.646302 -0.0
vn 0.773667 0.633593 -0.0
vn 0.773667 0.633593 0.0
vn 0.794192 0.607667 -0.0
vn 0.784034 0.620717 -0.0
vn 0.784034 0.620717 0.0
vn 0.794192 0.607667 -0.0
vn 0.804132 0.594451 -0.0
vn 0.804132 0.594451 0.0
vn 0.823345 0.567541 -0.0
vn 0.813848 0.581078 -0.0
vn 0.813848 0.581078 0.0
vn 0.823345 0.567541 -0.0
vn 0.841659 0.54001 -0.0
vn 0.832616 0.55385 -0.0
vn 0.832616 0.55385 0.0
vn 0.841659 0.54001 -0.0
vn 0.850473 0.526019 0.0
vn 0.859054 0.511885 -0.0
vn 0.850473 0.526019 -0.0
vn 0.859054 0.511885 -0.0
vn 0.867402 0.497609 0.0
vn 0.867402 0.497609 -0.0
vn 0.875508 0.483204 0.0
vn 0.883377 0.468662 -0.0
vn 0.875508 0.483204 -0.0
vn 0.883377 0.468662 -0.0
vn 0.891007 0.453989 0.0
vn 0.891007 0.453989 -0.0
vn 0.89839 0.439198 0.0
vn 0.89839 0.439198 -0.0
vn 0.905531 0.42428 -0.0
vn 0.905531 0.42428 0.0
vn 0.919063 0.394111 -0.0
vn 0.91242 0.409254 -0.0
vn 0.91242 0.409254 0.0
vn 0.919063 0.394111 -0.0
vn 0.93159 0.363511 -0.0
vn 0.925454 0.378859 -0.0
vn 0.925454 0.378859 0.0
vn 0.93159 0.363511 -0.0
vn 0.937474 0.348054 -0.0
vn 0.937474 0.348054 0.0
vn 0.94847 0.316868 -0.0
vn 0.9431 0.332509 -0.0
vn 0.9431 0.332509 0.0
vn 0.94847 0.316868 -0.0
vn 0.958427 0.285336 -0.0
vn 0.95358 0.30114 -0.0
vn 0.95358 0.30114 0.0
vn 0.958427 0.285336 -0.0
vn 0.967338 0.253489 -0.0
vn 0.963013 0.269455 -0.0
vn 0.963013 0.269455 0.0
vn 0.971396 0.237465 -0.0
vn 0.967338 0.253489 -0.0
vn 0.971396 0.237465 -0.0
vn 0.975191 0.221366 -0.0
vn 0.975191 0.221366 0.0
vn 0.981975 0.189009 -0.0
vn 0.978717 0.205215 -0.0
vn 0.978717 0.205215 0.0
vn 0.981975 0.189009 -0.0
vn 0.987689 0.156433 -0.0
vn 0.984967 0.172741 -0.0
vn 0.984967 0.172741 0.0
vn 0.987689 0.156433 -0.0
vn 0.99014 0.140084 0.0
vn 0.99014 0.140084 -0.0
vn 0.99423 0.107269 -0.0
vn 0.99232 0.123694 -0.0
vn 0.99232 0.123694 0.0
vn 0.99423 0.107269 -0.0
vn 0.995868 0.090813 -0.0
vn 0.995868 0.090813 0.0
vn 0.998326 0.05784 -0.0
vn 0.997233 0.074337 -0.0
vn 0.997233 0.074337 0.0
vn 0.998326 0.05784 -0.0
vn 0.999146 0.041328 -0.0
vn 0.999146 0.041328 0.0
vn 0.999692 0.024796 -0.0
vn 0.999692 0.024796 0.0
vn 0.999966 0.008269 0.0
vn 0.999966 0.008269 0.0
vn 0.999966 -0.008269 -0.0
vn 0.999692 -0.024796 0.0
vn 0.999966 -0.008269 0.0
vn 0.999146 -0.041328 0.0
vn 0.999692 -0.024796 0.0
vn 0.998326 -0.05784 0.0
vn 0.999146 -0.041328 0.0
vn 0.997233 -0.074337 0.0
vn 0.998326 -0.05784 0.0
vn 0.997233 -0.074337 0.0
vn 0.995868 -0.090813 0.0
vn 0.995868 -0.090813 0.0
vn 0.99423 -0.107269 0.0
vn 0.99423 -0.107269 0.0
vn 0.99232 -0.123694 0.0
vn 0.99232 -0.123694 0.0
vn 0.99014 -0.140084 0.0
vn 0.99014 -0.140084 0.0
vn 0.987689 -0.156433 0.0
vn 0.987689 -0.156433 0.0
vn 0.984967 -0.172741 0.0
vn 0.984967 -0.172741 0.0
vn 0.981975 -0.189009 0.0
vn 0.981975 -0.189009 0.0
vn 0.978717 -0.205215 0.0
vn 0.978717 -0.205215 0.0
vn 0.975191 -0.221366 0.0
vn 0.975191 -0.221366 0.0
vn 0.971396 -0.237465 0.0
vn 0.971396 -0.237465 0.0
vn 0.967338 -0.253489 0.0
vn 0.967338 -0.253489 0.0
vn 0.963013 -0.269455 0.0
vn 0.963013 -0.269455 0.0
vn 0.958427 -0.285336 0.0
vn 0.958427 -0.285336 0.0
vn 0.95358 -0.30114 0.0
vn 0.95358 -0.30114 0.0
vn 0.94847 -0.316868 0.0
vn 0.94847 -0.316868 0.0
vn 0.9431 -0.332509 0.0
vn 0.9431 -0.332509 0.0
vn 0.937474 -0.348054 0.0
vn 0.93159 -0.363511 0.0
vn 0.937474 -0.348054 0.0
vn 0.925454 -0.378859 0.0
vn 0.93159 -0.363511 0.0
vn 0.919063 -0.394111 0.0
vn 0.925454 -0.378859 0.0
vn 0.91242 -0.409254 0.0
vn 0.919063 -0.394111 0.0
vn 0.905531 -0.42428 0.0
vn 0.91242 -0.409254 0.0
vn 0.89839 -0.439198 0.0
vn 0.905531 -0.42428 0.0
vn 0.891007 -0.453989 0.0
vn 0.89839 -0.439198 0.0
vn 0.883377 -0.468662 0.0
vn 0.891007 -0.453989 0.0
vn 0.883377 -0.468662 0.0
vn 0.875508 -0.483204 0.0
vn 0.875508 -0.483204 0.0
vn 0.867402 -0.497609 0.0
vn 0.867402 -0.497609 0.0
vn 0.859054 -0.511885 0.0
vn 0.859054 -0.511885 0.0
vn 0.850473 -0.526019 0.0
vn 0.850473 -0.526019 0.0
vn 0.841659 -0.54001 0.0
vn 0.841659 -0.54001 0.0
vn 0.832616 -0.55385 0.0
vn 0.832616 -0.55385 0.0
vn 0.823345 -0.567541 0.0
vn 0.823345 -0.567541 0.0
vn 0.813848 -0.581078 0.0
vn 0.813848 -0.581078 0.0
vn 0.804132 -0.594451 0.0
vn 0.804132 -0.594451 0.0
vn 0.794192 -0.607667 0.0
vn 0.794192 -0.607667 0.0
vn 0.784034 -0.620717 0.0
vn 0.784034 -0.620717 0.0
vn 0.773667 -0.633593 0.0
vn 0.763082 -0.646302 0.0
vn 0.773667 -0.633593 0.0
vn 0.752295 -0.658827 0.0
vn 0.763082 -0.646302 0.0
vn 0.741299 -0.671175 0.0
vn 0.752295 -0.658827 0.0
vn 0.730098 -0.683342 0.0
vn 0.741299 -0.671175 0.0
vn 0.718702 -0.695319 0.0
vn 0.730098 -0.683342 0.0
vn 0.707107 -0.707107 0.0
vn 0.718702 -0.695319 0.0
vn 0.695319 -0.718702 0.0
vn 0.707107 -0.707107 0.0
vn 0.683342 -0.730098 0.0
vn 0.695319 -0.718702 0.0
vn 0.671175 -0.741299 0.0
vn 0.683342 -0.730098 0.0
vn 0.658827 -0.752295 0.0
vn 0.671175 -0.741299 0.0
vn 0.646302 -0.763082 0.0
vn 0.658827 -0.752295 0.0
vn 0.633593 -0.773667 0.0
vn 0.646302 -0.763082 0.0
vn 0.620717 -0.784034 0.0
vn 0.633593 -0.773667 0.0
vn 0.620717 -0.784034 0.0
vn 0.607667 -0.794192 0.0
vn 0.607667 -0.794192 0.0
vn 0.594451 -0.804132 0.0
vn 0.594451 -0.804132 0.0
vn 0.581078 -0.813848 0.0
vn 0.581078 -0.813848 0.0
vn 0.567541 -0.823345 0.0
vn 0.567541 -0.823345 0.0
vn 0.55385 -0.832616 0.0
vn 0.55385 -0.832616 0.0
vn 0.54001 -0.841659 0.0
vn 0.54001 -0.841659 0.0
vn 0.526019 -0.850473 0.0
vn 0.511885 -0.859054 0.0
vn 0.526019 -0.850473 0.0
vn 0.497609 -0.867402 0.0
vn 0.511885 -0.859054 0.0
vn 0.483204 -0.875508 0.0
vn 0.497609 -0.867402 0.0
vn 0.483204 -0.875508 0.0
vn 0.453989 -0.891007 0.0
vn 0.468662 -0.883377 0.0
vn 0.468662 -0.883377 0.0
vn 0.453989 -0.891007 0.0
vn 0.42428 -0.905531 0.0
vn 0.439198 -0.89839 0.0
vn 0.439198 -0.89839 0.0
vn 0.409254 -0.91242 0.0
vn 0.42428 -0.905531 0.0
vn 0.409254 -0.91242 0.0
vn 0.378859 -0.925454 0.0
vn 0.394111 -0.919063 0.0
vn 0.394111 -0.919063 0.0
vn 0.363511 -0.93159 0.0
vn 0.378859 -0.925454 0.0
vn 0.363511 -0.93159 0.0
vn 0.332509 -0.9431 0.0
vn 0.348054 -0.937474 0.0
vn 0.348054 -0.937474 0.0
vn 0.332509 -0.9431 0.0
vn 0.30114 -0.95358 0.0
vn 0.316868 -0.94847 0.0
vn 0.316868 -0.94847 0.0
vn 0.285336 -0.958427 0.0
vn 0.30114 -0.95358 0.0
vn 0.285336 -0.958427 0.0
vn 0.253489 -0.967338 0.0
vn 0.269455 -0.963013 0.0
vn 0.269455 -0.963013 0.0
vn 0.237465 -0.971396 0.0
vn 0.253489 -0.967338 0.0
vn 0.237465 -0.971396 0.0
vn 0.221366 -0.975191 0.0
vn 0.205215 -0.978717 0.0
vn 0.221366 -0.975191 0.0
vn 0.189009 -0.981975 0.0
vn 0.205215 -0.978717 0.0
vn 0.172741 -0.984967 0.0
vn 0.189009 -0.981975 0.0
vn 0.156433 -0.987689 0.0
vn 0.172741 -0.984967 0.0
vn 0.156433 -0.987689 0.0
vn 0.123694 -0.99232 0.0
vn 0.140084 -0.99014 0.0
vn 0.140084 -0.99014 0.0
vn 0.123694 -0.99232 0.0
vn 0.090813 -0.995868 0.0
vn 0.107269 -0.99423 0.0
vn 0.107269 -0.99423 0.0
vn 0.090813 -0.995868 0.0
vn 0.074337 -0.997233 0.0
vn 0.074337 -0.997233 0.0
vn 0.05784 -0.998326 0.0
vn 0.041328 -0.999146 0.0
vn 0.05784 -0.998326 0.0
vn 0.041328 -0.999146 0.0
vn 0.024796 -0.999692 0.0
vn 0.024796 -0.999692 0.0
vn 0.008269 -0.999966 0.0
vn -0.008269 -0.999966 0.0
vn 0.008269 -0.999966 -0.0
vn -0.008269 -0.999966 0.0
vn -0.024796 -0.999692 0.0
vn -0.024796 -0.999692 0.0
vn -0.041328 -0.999146 0.0
vn -0.05784 -0.998326 0.0
vn -0.041328 -0.999146 0.0
vn -0.05784 -0.998326 0.0
vn -0.074337 -0.997233 0.0
vn -0.090813 -0.995868 0.0
vn -0.074337 -0.997233 0.0
vn -0.090813 -0.995868 0.0
vn -0.107269 -0.99423 0.0
vn -0.107269 -0.99423 0.0
vn -0.140084 -0.99014 0.0
vn -0.123694 -0.99232 0.0
vn -0.123694 -0.99232 0.0
vn -0.156433 -0.987689 0.0
vn -0.140084 -0.99014 0.0
vn -0.156433 -0.987689 0.0
vn -0.172741 -0.984967 0.0
vn -0.189009 -0.981975 0.0
vn -0.172741 -0.984967 0.0
vn -0.189009 -0.981975 0.0
vn -0.205215 -0.978717 0.0
vn -0.205215 -0.978717 0.0
vn -0.221366 -0.975191 0.0
vn -0.237465 -0.971396 0.0
vn -0.221366 -0.975191 0.0
vn -0.237465 -0.971396 0.0
vn -0.253489 -0.967338 0.0
vn -0.269455 -0.963013 0.0
vn -0.253489 -0.967338 0.0
vn -0.269455 -0.963013 0.0
vn -0.285336 -0.958427 0.0
vn -0.285336 -0.958427 0.0
vn -0.30114 -0.95358 0.0
vn -0.30114 -0.95358 0.0
vn -0.316868 -0.94847 0.0
vn -0.316868 -0.94847 0.0
vn -0.332509 -0.9431 0.0
vn -0.332509 -0.9431 0.0
vn -0.348054 -0.937474 0.0
vn -0.363511 -0.93159 0.0
vn -0.348054 -0.937474 0.0
vn -0.363511 -0.93159 0.0
vn -0.378859 -0.925454 0.0
vn -0.378859 -0.925454 0.0
vn -0.394111 -0.919063 0.0
vn -0.409254 -0.91242 0.0
vn -0.394111 -0.919063 0.0
vn -0.409254 -0.91242 0.0
vn -0.42428 -0.905531 0.0
vn -0.42428 -0.905531 0.0
vn -0.439198 -0.89839 0.0
vn -0.453989 -0.891007 0.0
vn -0.439198 -0.89839 0.0
vn -0.453989 -0.891007 0.0
vn -0.468662 -0.883377 0.0
vn -0.468662 -0.883377 0.0
vn -0.497609 -0.867402 0.0
vn -0.483204 -0.875508 0.0
vn -0.483204 -0.875508 0.0
vn -0.511885 -0.859054 0.0
vn -0.497609 -0.867402 0.0
vn -0.511885 -0.859054 0.0
vn -0.54001 -0.841659 0.0
vn -0.526019 -0.850473 0.0
vn -0.526019 -0.850473 0.0
vn -0.54001 -0.841659 0.0
vn -0.55385 -0.832616 0.0
vn -0.55385 -0.832616 0.0
vn -0.567541 -0.823345 0.0
vn -0.581078 -0.813848 0.0
vn -0.567541 -0.823345 0.0
vn -0.581078 -0.813848 0.0
vn -0.594451 -0.804132 0.0
vn -0.594451 -0.804132 0.0
vn -0.607667 -0.794192 0.0
vn -0.607667 -0.794192 0.0
vn -0.620717 -0.784034 0.0
vn -0.633593 -0.773667 0.0
vn -0.620717 -0.784034 0.0
vn -0.633593 -0.773667 0.0
vn -0.646302 -0.763082 0.0
vn -0.646302 -0.763082 0.0
vn -0.658827 -0.752295 0.0
vn -0.671175 -0.741299 0.0
vn -0.658827 -0.752295 0.0
vn -0.671175 -0.741299 0.0
vn -0.683342 -0.730098 0.0
vn -0.683342 -0.730098 0.0
vn -0.695319 -0.718702 0.0
vn -0.707107 -0.707107 0.0
vn -0.695319 -0.718702 0.0
vn -0.707107 -0.707107 0.0
vn -0.718702 -0.695319 0.0
vn -0.718702 -0.695319 0.0
vn -0.741299 -0.671175 0.0
vn -0.730098 -0.683342 0.0
vn -0.730098 -0.683342 0.0
vn -0.741299 -0.671175 0.0
vn -0.752295 -0.658827 0.0
vn -0.752295 -0.658827 0.0
vn -0.763082 -0.646302 0.0
vn -0.763082 -0.646302 0.0
vn -0.773667 -0.633593 0.0
vn -0.773667 -0.633593 0.0
vn -0.794192 -0.607667 0.0
vn -0.784034 -0.620717 0.0
vn -0.784034 -0.620717 0.0
vn -0.794192 -0.607667 0.0
vn -0.813848 -0.581078 0.0
vn -0.804132 -0.594451 0.0
vn -0.804132 -0.594451 0.0
vn -0.813848 -0.581078 0.0
vn -0.823345 -0.567541 0.0
vn -0.823345 -0.567541 0.0
vn -0.841659 -0.54001 0.0
vn -0.832616 -0.55385 0.0
vn -0.832616 -0.55385 0.0
vn -0.841659 -0.54001 0.0
vn -0.850473 -0.526019 0.0
vn -0.859054 -0.511885 0.0
vn -0.850473 -0.526019 0.0
vn -0.859054 -0.511885 0.0
vn -0.867402 -0.497609 0.0
vn -0.867402 -0.497609 0.0
vn -0.875508 -0.483204 0.0
vn -0.883377 -0.468662 0.0
vn -0.875508 -0.483204 0.0
vn -0.883377 -0.468662 0.0
vn -0.891007 -0.453989 0.0
vn -0.89839 -0.439198 0.0
vn -0.891007 -0.453989 0.0
vn -0.89839 -0.439198 0.0
vn -0.91242 -0.409254 0.0
vn -0.905531 -0.42428 0.0
vn -0.905531 -0.42428 0.0
vn -0.91242 -0.409254 0.0
vn -0.919063 -0.394111 0.0
vn -0.919063 -0.394111 0.0
vn -0.93159 -0.363511 0.0
vn -0.925454 -0.378859 0.0
vn -0.925454 -0.378859 0.0
vn -0.93159 -0.363511 0.0
vn -0.937474 -0.348054 0.0
vn -0.937474 -0.348054 0.0
vn -0.9431 -0.332509 0.0
vn -0.9431 -0.332509 0.0
vn -0.95358 -0.30114 0.0
vn -0.94847 -0.316868 0.0
vn -0.94847 -0.316868 0.0
vn -0.95358 -0.30114 0.0
vn -0.958427 -0.285336 0.0
vn -0.958427 -0.285336 0.0
vn -0.967338 -0.253489 0.0
vn -0.963013 -0.269455 0.0
vn -0.963013 -0.269455 0.0
vn -0.971396 -0.237465 0.0
vn -0.967338 -0.253489 0.0
vn -0.971396 -0.237465 0.0
vn -0.978717 -0.205215 0.0
vn -0.975191 -0.221366 0.0
vn -0.975191 -0.221366 0.0
vn -0.978717 -0.205215 0.0
vn -0.984967 -0.172741 0.0
vn -0.981975 -0.189009 0.0
vn -0.981975 -0.189009 0.0
vn -0.987689 -0.156433 0.0
vn -0.984967 -0.172741 0.0
vn -0.987689 -0.156433 0.0
vn -0.99014 -0.140084 0.0
vn -0.99014 -0.140084 0.0
vn -0.99423 -0.107269 0.0
vn -0.99232 -0.123694 0.0
vn -0.99232 -0.123694 0.0
vn -0.99423 -0.107269 0.0
vn -0.995868 -0.090813 0.0
vn -0.995868 -0.090813 0.0
vn -0.997233 -0.074337 0.0
vn -0.997233 -0.074337 0.0
vn -0.998326 -0.05784 0.0
vn -0.998326 -0.05784 0.0
vn -0.999146 -0.041328 0.0
vn -0.999146 -0.041328 0.0
vn -0.999966 -0.008269 0.0
vn -0.999692 -0.024796 0.0
vn -0.999692 -0.024796 0.0
vn -0.999966 -0.008269 0.0
vn 0.0 0.0 -1.0
vn 0.0 0.0 -1.0
vn 0.0 0.0 -1.0
vn 0.0 0.0 -1.0
vn 0.0 0.0 -1.0
vn 0.0 0.0 -1.0
vn 0.0 0.0 -1.0
vn 0.0 0.0 -1.0
vn 0.0 0.0 -1.0
vn 0.0 0.0 -1.0
vn 0.0 0.0 -1.0
vn 0.0 0.0 -1.0
vn 0.0 0.0 -1.0
vn 0.0 0.0 -1.0
vn 0.0 0.0 -1.0
vn 0.0 0.0 -1.0
vn 0.0 0.0 -1.0
vn 0.0 0.0 -1.0
vn 0.0 0.0 -1.0
vn 0.0 0.0 -1.0
vn 0.0 0.0 -1.0
vn 0.0 0.0 -1.0
vn 0.0 0.0 -1.0
vn 0.0 0.0 -1.0
vn 0.0 0.0 -1.0
vn 0.0 0.0 -1.0
vn 0.0 0.0 -1.0
vn 0.0 0.0 -1.0
vn 0.0 0.0 -1.0
vn 0.0 0.0 -1.0
vn 0.0 0.0 -1.0
vn 0.0 0.0 -1.0
vn 0.0 0.0 -1.0
vn 0.0 0.0 -1.0
vn 0.0 0.0 -1.0
vn 0.0 0.0 -1.0
vn 0.0 0.0 -1.0
vn 0.0 0.0 -1.0
vn 0.0 0.0 -1.0
vn 0.0 0.0 -1.0
vn 0.0 0.0 -1.0
vn 0.0 0.0 -1.0
vn 0.0 0.0 -1.0
vn 0.0 0.0 -1.0
vn 0.0 0.0 -1.0
vn 0.0 0.0 -1.0
vn 0.0 0.0 -1.0
vn 0.0 0.0 -1.0
vn 0.0 0.0 -1.0
vn 0.0 0.0 -1.0
vn 0.0 0.0 -1.0
vn 0.0 0.0 -1.0
vn 0.0 0.0 -1.0
vn 0.0 0.0 -1.0
vn 0.0 0.0 -1.0
vn 0.0 0.0 -1.0
vn 0.0 0.0 -1.0
vn 0.0 0.0 -1.0
vn 0.0 0.0 -1.0
vn 0.0 0.0 -1.0
vn 0.0 0.0 -1.0
vn 0.0 0.0 -1.0
vn 0.0 0.0 -1.0
vn 0.0 0.0 -1.0
vn 0.0 0.0 -1.0
vn 0.0 0.0 -1.0
vn 0.0 0.0 -1.0
vn 0.0 0.0 -1.0
vn 0.0 0.0 -1.0
vn 0.0 0.0 -1.0
vn 0.0 0.0 -1.0
vn 0.0 0.0 -1.0
vn 0.0 0.0 -1.0
vn 0.0 0.0 -1.0
vn 0.0 0.0 -1.0
vn 0.0 0.0 -1.0
vn 0.0 0.0 -1.0
vn 0.0 0.0 -1.0
vn 0.0 0.0 -1.0
vn 0.0 0.0 -1.0
vn 0.0 0.0 -1.0
vn 0.0 0.0 -1.0
vn 0.0 0.0 -1.0
vn 0.0 0.0 -1.0
vn 0.0 0.0 -1.0
vn 0.0 0.0 -1.0
vn 0.0 0.0 -1.0
vn 0.0 0.0 -1.0
vn 0.0 0.0 -1.0
vn 0.0 0.0 -1.0
vn 0.0 0.0 -1.0
vn 0.0 0.0 -1.0
vn 0.0 0.0 -1.0
vn 0.0 0.0 -1.0
vn 0.0 0.0 -1.0
vn 0.0 0.0 -1.0
vn 0.0 0.0 -1.0
vn 0.0 0.0 -1.0
vn 0.0 0.0 -1.0
vn 0.0 0.0 -1.0
vn 0.0 0.0 -1.0
vn 0.0 0.0 -1.0
vn 0.0 0.0 -1.0
vn 0.0 0.0 -1.0
vn 0.0 0.0 -1.0
vn 0.0 0.0 -1.0
vn 0.0 0.0 -1.0
vn 0.0 0.0 -1.0
vn 0.0 0.0 -1.0
vn 0.0 0.0 -1.0
vn 0.0 0.0 -1.0
vn 0.0 0.0 -1.0
vn 0.0 0.0 -1.0
vn 0.0 0.0 -1.0
vn 0.0 0.0 -1.0
vn 0.0 0.0 -1.0
vn 0.0 0.0 -1.0
vn 0.0 0.0 -1.0
vn 0.0 0.0 -1.0
vn 0.0 0.0 -1.0
vn 0.0 0.0 -1.0
vn 0.0 0.0 -1.0
vn 0.0 0.0 -1.0
vn 0.0 0.0 -1.0
vn 0.0 0.0 -1.0
vn 0.0 0.0 -1.0
vn 0.0 0.0 -1.0
vn 0.0 0.0 -1.0
vn 0.0 0.0 -1.0
vn 0.0 0.0 -1.0
vn 0.0 0.0 -1.0
vn 0.0 0.0 -1.0
vn 0.0 0.0 -1.0
vn 0.0 0.0 -1.0
vn 0.0 0.0 -1.0
vn 0.0 0.0 -1.0
vn 0.0 0.0 -1.0
vn 0.0 0.0 -1.0
vn 0.0 0.0 -1.0
vn 0.0 0.0 -1.0
vn 0.0 0.0 -1.0
vn 0.0 0.0 -1.0
vn 0.0 0.0 -1.0
vn 0.0 0.0 -1.0
vn 0.0 0.0 -1.0
vn 0.0 0.0 -1.0
vn 0.0 0.0 -1.0
vn 0.0 0.0 -1.0
vn 0.0 0.0 -1.0
vn 0.0 0.0 -1.0
vn 0.0 0.0 -1.0
vn 0.0 0.0 -1.0
vn 0.0 0.0 -1.0
vn 0.0 0.0 -1.0
vn 0.0 0.0 -1.0
vn 0.0 0.0 -1.0
vn 0.0 0.0 -1.0
vn 0.0 0.0 -1.0
vn 0.0 0.0 -1.0
vn 0.0 0.0 -1.0
vn 0.0 0.0 -1.0
vn 0.0 0.0 -1.0
vn 0.0 0.0 -1.0
vn 0.0 0.0 -1.0
vn 0.0 0.0 -1.0
vn 0.0 0.0 -1.0
vn 0.0 0.0 -1.0
vn 0.0 0.0 -1.0
vn 0.0 0.0 -1.0
vn 0.0 0.0 -1.0
vn 0.0 0.0 -1.0
vn 0.0 0.0 -1.0
vn 0.0 0.0 -1.0
vn 0.0 0.0 -1.0
vn 0.0 0.0 -1.0
vn 0.0 0.0 -1.0
vn 0.0 0.0 -1.0
vn 0.0 0.0 -1.0
vn 0.0 0.0 -1.0
vn 0.0 0.0 -1.0
vn 0.0 0.0 -1.0
vn 0.0 0.0 -1.0
vn 0.0 0.0 -1.0
vn 0.0 0.0 -1.0
vn 0.0 0.0 -1.0
vn 0.0 0.0 -1.0
vn 0.0 0.0 -1.0
vn 0.0 0.0 -1.0
vn 0.0 0.0 -1.0
vn 0.0 0.0 -1.0
vn 0.0 0.0 -1.0
vn 0.0 0.0 -1.0
vn 0.0 0.0 -1.0
vn 0.0 0.0 -1.0
vn 0.0 0.0 -1.0
vn 0.0 0.0 -1.0
vn 0.0 0.0 -1.0
vn 0.0 0.0 -1.0
vn 0.0 0.0 -1.0
vn 0.0 0.0 -1.0
vn 0.0 0.0 -1.0
vn 0.0 0.0 -1.0
vn 0.0 0.0 -1.0
vn 0.0 0.0 -1.0
vn 0.0 0.0 -1.0
vn 0.0 0.0 -1.0
vn 0.0 0.0 -1.0
vn 0.0 0.0 -1.0
vn 0.0 0.0 -1.0
vn 0.0 0.0 -1.0
vn 0.0 0.0 -1.0
vn 0.0 0.0 -1.0
vn 0.0 0.0 -1.0
vn 0.0 0.0 -1.0
vn 0.0 0.0 -1.0
vn 0.0 0.0 -1.0
vn 0.0 0.0 -1.0
vn 0.0 0.0 -1.0
vn 0.0 0.0 -1.0
vn 0.0 0.0 -1.0
vn 0.0 0.0 -1.0
vn 0.0 0.0 -1.0
vn 0.0 0.0 -1.0
vn 0.0 0.0 -1.0
vn 0.0 0.0 -1.0
vn 0.0 0.0 -1.0
vn 0.0 0.0 -1.0
vn 0.0 0.0 -1.0
vn 0.0 0.0 -1.0
vn 0.0 0.0 -1.0
vn 0.0 0.0 -1.0
vn 0.0 0.0 -1.0
vn 0.0 0.0 -1.0
vn 0.0 0.0 -1.0
vn 0.0 0.0 -1.0
vn 0.0 0.0 -1.0
vn 0.0 0.0 -1.0
vn 0.0 0.0 -1.0
vn 0.0 0.0 -1.0
vn 0.0 0.0 -1.0
vn 0.0 0.0 -1.0
vn 0.0 0.0 -1.0
vn 0.0 0.0 -1.0
vn 0.0 0.0 -1.0
vn 0.0 0.0 -1.0
vn 0.0 0.0 -1.0
vn 0.0 0.0 -1.0
vn 0.0 0.0 -1.0
vn 0.0 0.0 -1.0
vn 0.0 0.0 -1.0
vn 0.0 0.0 -1.0
vn 0.0 0.0 -1.0
vn 0.0 0.0 -1.0
vn 0.0 0.0 -1.0
vn 0.0 0.0 -1.0
vn 0.0 0.0 -1.0
vn 0.0 0.0 -1.0
vn 0.0 0.0 -1.0
vn 0.0 0.0 -1.0
vn 0.0 0.0 -1.0
vn 0.0 0.0 -1.0
vn 0.0 0.0 -1.0
vn 0.0 0.0 -1.0
vn 0.0 0.0 -1.0
vn 0.0 0.0 -1.0
vn 0.0 0.0 -1.0
vn 0.0 0.0 -1.0
vn 0.0 0.0 -1.0
vn 0.0 0.0 -1.0
vn 0.0 0.0 -1.0
vn 0.0 0.0 -1.0
vn 0.0 0.0 -1.0
vn 0.0 0.0 -1.0
vn 0.0 0.0 -1.0
vn 0.0 0.0 -1.0
vn 0.0 0.0 -1.0
vn 0.0 0.0 -1.0
vn 0.0 0.0 -1.0
vn 0.0 0.0 -1.0
vn 0.0 0.0 -1.0
vn 0.0 0.0 -1.0
vn 0.0 0.0 -1.0
vn 0.0 0.0 -1.0
vn 0.0 0.0 -1.0
vn 0.0 0.0 -1.0
vn 0.0 0.0 -1.0
vn 0.0 0.0 -1.0
vn 0.0 0.0 -1.0
vn 0.0 0.0 -1.0
vn 0.0 0.0 -1.0
vn 0.0 0.0 -1.0
vn 0.0 0.0 -1.0
vn 0.0 0.0 -1.0
vn 0.0 0.0 -1.0
vn 0.0 0.0 -1.0
vn 0.0 0.0 -1.0
vn 0.0 0.0 -1.0
vn 0.0 0.0 -1.0
vn 0.0 0.0 -1.0
vn 0.0 0.0 -1.0
vn 0.0 0.0 -1.0
vn 0.0 0.0 -1.0
vn 0.0 0.0 -1.0
vn 0.0 0.0 -1.0
vn 0.0 0.0 -1.0
vn 0.0 0.0 -1.0
vn 0.0 0.0 -1.0
vn 0.0 0.0 -1.0
vn 0.0 0.0 -1.0
vn 0.0 0.0 -1.0
vn 0.0 0.0 -1.0
vn 0.0 0.0 -1.0
vn 0.0 0.0 -1.0
vn 0.0 0.0 -1.0
vn 0.0 0.0 -1.0
vn 0.0 0.0 -1.0
vn 0.0 0.0 -1.0
vn 0.0 0.0 -1.0
vn 0.0 0.0 -1.0
vn 0.0 0.0 -1.0
vn 0.0 0.0 -1.0
vn 0.0 0.0 -1.0
vn 0.0 0.0 -1.0
vn 0.0 0.0 -1.0
vn 0.0 0.0 -1.0
vn 0.0 0.0 -1.0
vn 0.0 0.0 -1.0
vn 0.0 0.0 -1.0
vn 0.0 0.0 -1.0
vn 0.0 0.0 -1.0
vn 0.0 0.0 -1.0
vn 0.0 0.0 -1.0
vn 0.0 0.0 -1.0
vn 0.0 0.0 -1.0
vn 0.0 0.0 -1.0
vn 0.0 0.0 -1.0
vn 0.0 0.0 -1.0
vn 0.0 0.0 -1.0
vn 0.0 0.0 -1.0
vn 0.0 0.0 -1.0
vn 0.0 0.0 -1.0
vn 0.0 0.0 -1.0
vn 0.0 0.0 -1.0
vn 0.0 0.0 -1.0
vn 0.0 0.0 -1.0
vn 0.0 0.0 -1.0
vn 0.0 0.0 -1.0
vn 0.0 0.0 -1.0
vn 0.0 0.0 -1.0
vn 0.0 0.0 -1.0
vn 0.0 0.0 -1.0
vn 0.0 0.0 -1.0
vn 0.0 0.0 -1.0
vn 0.0 0.0 -1.0
vn 0.0 0.0 -1.0
vn 0.0 0.0 -1.0
vn 0.0 0.0 -1.0
vn 0.0 0.0 -1.0
vn 0.0 0.0 -1.0
vn 0.0 0.0 -1.0
vn 0.0 0.0 -1.0
vn 0.0 0.0 -1.0
vn 0.0 0.0 -1.0
vn 0.0 0.0 -1.0
vn 0.0 0.0 -1.0
vn 0.0 0.0 -1.0
vn 0.0 0.0 -1.0
vn 0.0 0.0 -1.0
vn 0.0 0.0 -1.0
vn 0.0 0.0 -1.0
vn 0.0 0.0 -1.0
vn 0.0 0.0 -1.0
vn 0.0 0.0 -1.0
vn 0.0 0.0 -1.0
vn 0.0 0.0 -1.0
vn 0.0 0.0 -1.0
vn 0.0 0.0 -1.0
vn 0.0 0.0 -1.0
vn 0.0 0.0 -1.0
vn 0.0 0.0 -1.0
vn 0.0 0.0 -1.0
vn 0.0 0.0 -1.0
vn 0.0 0.0 -1.0
vn 0.0 0.0 -1.0
vn 0.0 0.0 -1.0
vn 0.0 0.0 -1.0
vn 0.0 0.0 -1.0
vn 0.0 0.0 -1.0
vn 0.0 0.0 -1.0
vn 0.0 0.0 -1.0
vn 0.0 0.0 -1.0
vn 0.0 0.0 -1.0
vn 0.0 0.0 -1.0
vn 0.0 0.0 -1.0
vn 0.0 0.0 -1.0
vn 0.0 0.0 -1.0
vn 0.0 0.0 -1.0
vn 0.0 0.0 -1.0
vn 0.0 0.0 -1.0
vn 0.0 0.0 -1.0
vn 0.0 0.0 -1.0
vn 0.0 0.0 -1.0
vn 0.0 0.0 -1.0
vn 0.0 0.0 -1.0
vn 0.0 0.0 -1.0
vn 0.0 0.0 -1.0
vn 0.0 0.0 -1.0
vn 0.0 0.0 -1.0
vn 0.0 0.0 -1.0
vn 0.0 0.0 -1.0
vn 0.0 0.0 -1.0
vn 0.0 0.0 -1.0
vn 0.0 0.0 -1.0
vn 0.0 0.0 -1.0
vn 0.0 0.0 -1.0
vn 0.0 0.0 -1.0
vn 0.0 0.0 -1.0
vn 0.0 0.0 -1.0
vn 0.0 0.0 -1.0
vn 0.0 0.0 -1.0
vn 0.0 0.0 -1.0
vn 0.0 0.0 -1.0
vn 0.0 0.0 -1.0
vn 0.0 0.0 -1.0
vn 0.0 0.0 -1.0
vn 0.0 0.0 -1.0
vn 0.0 0.0 -1.0
vn 0.0 0.0 -1.0
vn 0.0 0.0 -1.0
vn 0.0 0.0 -1.0
vn 0.0 0.0 -1.0
vn 0.0 0.0 -1.0
vn 0.0 0.0 -1.0
vn 0.0 0.0 -1.0
vn 0.0 0.0 -1.0
vn 0.0 0.0 -1.0
vn 0.0 0.0 -1.0
vn 0.0 0.0 -1.0
vn 0.0 0.0 -1.0
vn 0.0 0.0 -1.0
vn 0.0 0.0 -1.0
vn 0.0 0.0 -1.0
vn 0.0 0.0 -1.0
vn 0.0 0.0 -1.0
vn 0.0 0.0 -1.0
vn 0.0 0.0 -1.0
vn 0.0 0.0 -1.0
vn 0.0 0.0 -1.0
vn 0.0 0.0 -1.0
vn 0.0 0.0 -1.0
vn 0.0 0.0 -1.0
vn 0.0 0.0 -1.0
vn 0.0 0.0 -1.0
vn 0.0 0.0 -1.0
vn 0.0 0.0 -1.0
vn 0.0 0.0 -1.0
vn 0.0 0.0 -1.0
vn 0.0 0.0 -1.0
vn 0.0 0.0 -1.0
vn 0.0 0.0 -1.0
vn 0.0 0.0 -1.0
vn 0.0 0.0 -1.0
vn 0.0 0.0 -1.0
vn 0.0 0.0 -1.0
vn 0.0 0.0 -1.0
vn 0.0 0.0 -1.0
vn 0.0 0.0 -1.0
vn 0.0 0.0 -1.0
vn 0.0 0.0 -1.0
vn 0.0 0.0 -1.0
vn 0.0 0.0 -1.0
vn 0.0 0.0 -1.0
vn 0.0 0.0 -1.0
vn 0.0 0.0 -1.0
vn 0.0 0.0 -1.0
vn 0.0 0.0 -1.0
vn 0.0 0.0 -1.0
vn 0.0 0.0 -1.0
vn 0.0 0.0 -1.0
vn 0.0 0.0 -1.0
vn 0.0 0.0 -1.0
vn 0.0 0.0 -1.0
vn 0.0 0.0 -1.0
vn 0.0 0.0 -1.0
vn 0.0 0.0 -1.0
vn 0.0 0.0 -1.0
vn 0.0 0.0 -1.0
vn 0.0 0.0 -1.0
vn 0.0 0.0 -1.0
vn 0.0 0.0 -1.0
vn 0.0 0.0 -1.0
vn 0.0 0.0 -1.0
vn 0.0 0.0 -1.0
vn 0.0 0.0 -1.0
vn 0.0 0.0 -1.0
vn 0.0 0.0 -1.0
vn 0.0 0.0 -1.0
vn 0.0 0.0 -1.0
vn 0.0 0.0 -1.0
vn 0.0 0.0 -1.0
vn 0.0 0.0 -1.0
vn 0.0 0.0 -1.0
vn 0.0 0.0 -1.0
vn 0.0 0.0 -1.0
vn 0.0 0.0 -1.0
vn 0.0 0.0 -1.0
vn 0.0 0.0 -1.0
vn 0.0 0.0 -1.0
vn 0.0 0.0 -1.0
vn 0.0 0.0 -1.0
vn 0.0 0.0 -1.0
vn 0.0 0.0 -1.0
vn 0.0 0.0 -1.0
vn 0.0 0.0 -1.0
vn 0.0 0.0 -1.0
vn 0.0 0.0 -1.0
vn 0.0 0.0 -1.0
vn 0.0 0.0 -1.0
vn 0.0 0.0 -1.0
vn 0.0 0.0 -1.0
vn 0.0 0.0 -1.0
vn 0.0 0.0 -1.0
vn 0.0 0.0 -1.0
vn 0.0 0.0 -1.0
vn 0.0 0.0 -1.0
vn 0.0 0.0 -1.0
vn 0.0 0.0 -1.0
vn 0.0 0.0 -1.0
vn 0.0 0.0 -1.0
vn 0.0 0.0 -1.0
vn 0.0 0.0 -1.0
vn 0.0 0.0 -1.0
vn 0.0 0.0 -1.0
vn 0.0 0.0 -1.0
vn 0.0 0.0 -1.0
vn 0.0 0.0 -1.0
vn 0.0 0.0 -1.0
vn 0.0 0.0 -1.0
vn 0.0 0.0 -1.0
vn 0.0 0.0 -1.0
vn 0.0 0.0 -1.0
vn 0.0 0.0 -1.0
vn 0.0 0.0 -1.0
vn 0.0 0.0 -1.0
vn 0.0 0.0 -1.0
vn 0.0 0.0 -1.0
vn 0.0 0.0 -1.0
vn 0.0 0.0 -1.0
vn 0.0 0.0 -1.0
vn 0.0 0.0 -1.0
vn 0.0 0.0 -1.0
vn 0.0 0.0 -1.0
vn 0.0 0.0 -1.0
vn 0.0 0.0 -1.0
vn 0.0 0.0 -1.0
vn 0.0 0.0 -1.0
vn 0.0 0.0 -1.0
vn 0.0 0.0 -1.0
vn 0.0 0.0 -1.0
vn 0.0 0.0 -1.0
vn 0.0 0.0 -1.0
vn 0.0 0.0 -1.0
vn 0.0 0.0 -1.0
vn 0.0 0.0 -1.0
vn 0.0 0.0 -1.0
vn 0.0 0.0 -1.0
vn 0.0 0.0 -1.0
vn 0.0 0.0 -1.0
vn 0.0 0.0 -1.0
vn 0.0 0.0 -1.0
vn 0.0 0.0 -1.0
vn 0.0 0.0 -1.0
vn 0.0 0.0 -1.0
vn 0.0 0.0 -1.0
vn 0.0 0.0 -1.0
vn 0.0 0.0 -1.0
vn 0.0 0.0 -1.0
vn 0.0 0.0 -1.0
vn 0.0 0.0 -1.0
vn 0.0 0.0 -1.0
vn 0.0 0.0 -1.0
vn 0.0 0.0 -1.0
vn 0.0 0.0 -1.0
vn 0.0 0.0 -1.0
vn 0.0 0.0 -1.0
vn 0.0 0.0 -1.0
vn 0.0 0.0 -1.0
vn 0.0 0.0 -1.0
vn 0.0 0.0 -1.0
vn 0.0 0.0 -1.0
vn 0.0 0.0 -1.0
vn 0.0 0.0 -1.0
vn 0.0 0.0 -1.0
vn 0.0 0.0 -1.0
vn 0.0 0.0 1.0
vn 0.0 0.0 1.0
vn 0.0 0.0 1.0
vn 0.0 0.0 1.0
vn -0.0 0.0 1.0
vn 0.0 0.0 1.0
vn 0.0 0.0 1.0
vn 0.0 0.0 1.0
vn 0.0 0.0 1.0
vn -0.0 0.0 1.0
vn 0.0 0.0 1.0
vn 0.0 0.0 1.0
vn 0.0 0.0 1.0
vn 0.0 0.0 1.0
vn -0.0 0.0 1.0
vn 0.0 0.0 1.0
vn 0.0 0.0 1.0
vn 0.0 0.0 1.0
vn -0.0 0.0 1.0
vn 0.0 0.0 1.0
vn 0.0 0.0 1.0
vn 0.0 0.0 1.0
vn -0.0 0.0 1.0
vn 0.0 0.0 1.0
vn 0.0 0.0 1.0
vn 0.0 0.0 1.0
vn 0.0 0.0 1.0
vn -0.0 0.0 1.0
vn 0.0 0.0 1.0
vn 0.0 0.0 1.0
vn 0.0 0.0 1.0
vn -0.0 0.0 1.0
vn 0.0 0.0 1.0
vn 0.0 0.0 1.0
vn 0.0 0.0 1.0
vn -0.0 0.0 1.0
vn 0.0 0.0 1.0
vn 0.0 0.0 1.0
vn 0.0 0.0 1.0
vn 0.0 0.0 1.0
vn 0.0 0.0 1.0
vn -0.0 0.0 1.0
vn 0.0 0.0 1.0
vn 0.0 0.0 1.0
vn -0.0 0.0 1.0
vn 0.0 0.0 1.0
vn 0.0 0.0 1.0
vn 0.0 0.0 1.0
vn 0.0 0.0 1.0
vn -0.0 0.0 1.0
vn 0.0 0.0 1.0
vn 0.0 0.0 1.0
vn 0.0 0.0 1.0
vn 0.0 0.0 1.0
vn -0.0 0.0 1.0
vn 0.0 0.0 1.0
vn 0.0 0.0 1.0
vn 0.0 0.0 1.0
vn -0.0 0.0 1.0
vn 0.0 0.0 1.0
vn 0.0 0.0 1.0
vn 0.0 0.0 1.0
vn -0.0 0.0 1.0
vn 0.0 0.0 1.0
vn 0.0 0.0 1.0
vn 0.0 0.0 1.0
vn 0.0 0.0 1.0
vn -0.0 0.0 1.0
vn 0.0 0.0 1.0
vn 0.0 0.0 1.0
vn 0.0 0.0 1.0
vn -0.0 0.0 1.0
vn 0.0 0.0 1.0
vn 0.0 0.0 1.0
vn 0.0 0.0 1.0
vn 0.0 0.0 1.0
vn 0.0 0.0 1.0
vn -0.0 0.0 1.0
vn 0.0 0.0 1.0
vn 0.0 0.0 1.0
vn -0.0 0.0 1.0
vn 0.0 0.0 1.0
vn 0.0 0.0 1.0
vn 0.0 0.0 1.0
vn 0.0 0.0 1.0
vn -0.0 0.0 1.0
vn 0.0 0.0 1.0
vn 0.0 0.0 1.0
vn 0.0 0.0 1.0
vn 0.0 0.0 1.0
vn -0.0 0.0 1.0
vn 0.0 0.0 1.0
vn 0.0 0.0 1.0
vn 0.0 0.0 1.0
vn -0.0 0.0 1.0
vn 0.0 0.0 1.0
vn 0.0 0.0 1.0
vn 0.0 0.0 1.0
vn -0.0 0.0 1.0
vn 0.0 0.0 1.0
vn 0.0 0.0 1.0
vn 0.0 0.0 1.0
vn -0.0 0.0 1.0
vn 0.0 0.0 1.0
vn 0.0 0.0 1.0
vn 0.0 0.0 1.0
vn 0.0 0.0 1.0
vn -0.0 0.0 1.0
vn 0.0 0.0 1.0
vn 0.0 0.0 1.0
vn 0.0 0.0 1.0
vn -0.0 0.0 1.0
vn 0.0 0.0 1.0
vn 0.0 0.0 1.0
vn 0.0 0.0 1.0
vn 0.0 0.0 1.0
vn -0.0 0.0 1.0
vn 0.0 0.0 1.0
vn 0.0 0.0 1.0
vn 0.0 0.0 1.0
vn 0.0 0.0 1.0
vn 0.0 0.0 1.0
vn 0.0 0.0 1.0
vn 0.0 0.0 1.0
vn 0.0 0.0 1.0
vn 0.0 0.0 1.0
vn 0.0 0.0 1.0
vn 0.0 0.0 1.0
vn 0.0 0.0 1.0
vn -0.0 0.0 1.0
vn 0.0 0.0 1.0
vn 0.0 0.0 1.0
vn 0.0 0.0 1.0
vn 0.0 0.0 1.0
vn 0.0 0.0 1.0
vn 0.0 0.0 1.0
vn 0.0 0.0 1.0
vn 0.0 0.0 1.0
vn 0.0 0.0 1.0
vn 0.0 0.0 1.0
vn 0.0 0.0 1.0
vn 0.0 0.0 1.0
vn 0.0 0.0 1.0
vn 0.0 0.0 1.0
vn 0.0 0.0 1.0
vn 0.0 0.0 1.0
vn 0.0 0.0 1.0
vn 0.0 0.0 1.0
vn 0.0 0.0 1.0
vn 0.0 0.0 1.0
vn 0.0 0.0 1.0
vn 0.0 0.0 1.0
vn 0.0 0.0 1.0
vn 0.0 0.0 1.0
vn 0.0 0.0 1.0
vn 0.0 0.0 1.0
vn 0.0 0.0 1.0
vn 0.0 0.0 1.0
vn 0.0 0.0 1.0
vn 0.0 0.0 1.0
vn 0.0 0.0 1.0
vn 0.0 0.0 1.0
vn 0.0 0.0 1.0
vn 0.0 0.0 1.0
vn 0.0 0.0 1.0
vn 0.0 0.0 1.0
vn 0.0 0.0 1.0
vn 0.0 0.0 1.0
vn 0.0 0.0 1.0
vn 0.0 0.0 1.0
vn 0.0 0.0 1.0
vn 0.0 0.0 1.0
vn 0.0 0.0 1.0
vn 0.0 0.0 1.0
vn 0.0 0.0 1.0
vn 0.0 0.0 1.0
vn 0.0 0.0 1.0
vn 0.0 0.0 1.0
vn 0.0 0.0 1.0
vn 0.0 0.0 1.0
vn 0.0 0.0 1.0
vn 0.0 0.0 1.0
vn 0.0 0.0 1.0
vn 0.0 0.0 1.0
vn 0.0 0.0 1.0
vn 0.0 0.0 1.0
vn 0.0 0.0 1.0
vn 0.0 0.0 1.0
vn 0.0 0.0 1.0
vn 0.0 0.0 1.0
vn 0.0 0.0 1.0
vn 0.0 0.0 1.0
vn 0.0 0.0 1.0
vn 0.0 0.0 1.0
vn 0.0 0.0 1.0
vn 0.0 0.0 1.0
vn 0.0 0.0 1.0
vn 0.0 0.0 1.0
vn 0.0 0.0 1.0
vn 0.0 0.0 1.0
vn 0.0 0.0 1.0
vn 0.0 0.0 1.0
vn 0.0 0.0 1.0
vn 0.0 0.0 1.0
vn 0.0 0.0 1.0
vn 0.0 0.0 1.0
vn 0.0 0.0 1.0
vn 0.0 0.0 1.0
vn 0.0 0.0 1.0
vn 0.0 0.0 1.0
vn 0.0 0.0 1.0
vn 0.0 0.0 1.0
vn 0.0 0.0 1.0
vn 0.0 0.0 1.0
vn 0.0 0.0 1.0
vn 0.0 0.0 1.0
vn 0.0 0.0 1.0
vn 0.0 0.0 1.0
vn -0.0 0.0 1.0
vn -0.0 0.0 1.0
vn 0.0 0.0 1.0
vn -0.0 0.0 1.0
vn 0.0 0.0 1.0
vn -0.0 0.0 1.0
vn -0.0 0.0 1.0
vn 0.0 0.0 1.0
vn -0.0 0.0 1.0
vn 0.0 0.0 1.0
vn -0.0 0.0 1.0
vn 0.0 0.0 1.0
vn -0.0 0.0 1.0
vn -0.0 0.0 1.0
vn 0.0 0.0 1.0
vn -0.0 0.0 1.0
vn 0.0 0.0 1.0
vn 0.0 0.0 1.0
vn 0.0 0.0 1.0
vn 0.0 0.0 1.0
vn 0.0 0.0 1.0
vn 0.0 0.0 1.0
vn 0.0 0.0 1.0
vn 0.0 0.0 1.0
vn 0.0 0.0 1.0
vn -0.0 0.0 1.0
vn 0.0 0.0 1.0
vn 0.0 0.0 1.0
vn 0.0 0.0 1.0
vn 0.0 0.0 1.0
vn 0.0 0.0 1.0
vn 0.0 0.0 1.0
vn 0.0 0.0 1.0
vn 0.0 0.0 1.0
vn 0.0 0.0 1.0
vn 0.0 0.0 1.0
vn 0.0 0.0 1.0
vn 0.0 0.0 1.0
vn 0.0 0.0 1.0
vn 0.0 0.0 1.0
vn 0.0 0.0 1.0
vn 0.0 0.0 1.0
vn 0.0 0.0 1.0
vn 0.0 0.0 1.0
vn 0.0 0.0 1.0
vn 0.0 0.0 1.0
vn 0.0 0.0 1.0
vn 0.0 0.0 1.0
vn 0.0 0.0 1.0
vn -0.0 0.0 1.0
vn -0.0 0.0 1.0
vn 0.0 0.0 1.0
vn 0.0 0.0 1.0
vn -0.0 0.0 1.0
vn 0.0 0.0 1.0
vn 0.0 0.0 1.0
vn -0.0 0.0 1.0
vn -0.0 0.0 1.0
vn 0.0 0.0 1.0
vn -0.0 0.0 1.0
vn 0.0 0.0 1.0
vn 0.0 0.0 1.0
vn -0.0 0.0 1.0
vn 0.0 0.0 1.0
vn -0.0 0.0 1.0
vn 0.0 0.0 1.0
vn -0.0 0.0 1.0
vn -0.0 0.0 1.0
vn 0.0 0.0 1.0
vn 0.0 0.0 1.0
vn 0.0 0.0 1.0
vn -0.0 0.0 1.0
vn 0.0 0.0 1.0
vn -0.0 0.0 1.0
vn -0.0 0.0 1.0
vn 0.0 0.0 1.0
vn 0.0 0.0 1.0
vn 0.0 0.0 1.0
vn -0.0 0.0 1.0
vn -0.0 0.0 1.0
vn -0.0 0.0 1.0
vn 0.0 0.0 1.0
vn -0.0 0.0 1.0
vn 0.0 0.0 1.0
vn 0.0 0.0 1.0
vn 0.0 0.0 1.0
vn -0.0 0.0 1.0
vn 0.0 0.0 1.0
vn -0.0 0.0 1.0
vn -0.0 0.0 1.0
vn 0.0 0.0 1.0
vn -0.0 0.0 1.0
vn 0.0 0.0 1.0
vn 0.0 0.0 1.0
vn 0.0 0.0 1.0
vn -0.0 0.0 1.0
vn -0.0 0.0 1.0
vn 0.0 0.0 1.0
vn -0.0 0.0 1.0
vn 0.0 0.0 1.0
vn -0.0 0.0 1.0
vn 0.0 0.0 1.0
vn -0.0 0.0 1.0
vn -0.0 0.0 1.0
vn 0.0 0.0 1.0
vn 0.0 0.0 1.0
vn 0.0 0.0 1.0
vn -0.0 0.0 1.0
vn -0.0 0.0 1.0
vn 0.0 0.0 1.0
vn 0.0 0.0 1.0
vn -0.0 0.0 1.0
vn -0.0 0.0 1.0
vn 0.0 0.0 1.0
vn -0.0 0.0 1.0
vn 0.0 0.0 1.0
vn 0.0 0.0 1.0
vn 0.0 0.0 1.0
vn -0.0 0.0 1.0
vn 0.0 0.0 1.0
vn 0.0 0.0 1.0
vn -0.0 0.0 1.0
vn 0.0 0.0 1.0
vn 0.0 0.0 1.0
vn 0.0 0.0 1.0
vn -0.0 0.0 1.0
vn 0.0 0.0 1.0
vn 0.0 0.0 1.0
vn 0.0 0.0 1.0
vn -0.0 0.0 1.0
vn 0.0 0.0 1.0
vn 0.0 0.0 1.0
vn -0.0 0.0 1.0
vn 0.0 0.0 1.0
vn 0.0 0.0 1.0
vn 0.0 0.0 1.0
vn -0.0 0.0 1.0
vn 0.0 0.0 1.0
vn 0.0 0.0 1.0
vn -0.0 0.0 1.0
vn 0.0 0.0 1.0
vn 0.0 0.0 1.0
vn -0.0 0.0 1.0
vn 0.0 0.0 1.0
vn 0.0 0.0 1.0
vn 0.0 0.0 1.0
vn -0.0 0.0 1.0
vn 0.0 0.0 1.0
vn 0.0 0.0 1.0
vn -0.0 0.0 1.0
vn 0.0 0.0 1.0
vn -0.0 0.0 1.0
vn 0.0 0.0 1.0
vn 0.0 0.0 1.0
vn -0.0 0.0 1.0
vn 0.0 0.0 1.0
vn 0.0 0.0 1.0
vn -0.0 0.0 1.0
vn 0.0 0.0 1.0
vn 0.0 0.0 1.0
vn -0.0 0.0 1.0
vn 0.0 0.0 1.0
vn 0.0 0.0 1.0
vn -0.0 0.0 1.0
vn 0.0 0.0 1.0
vn 0.0 0.0 1.0
vn -0.0 0.0 1.0
vn 0.0 0.0 1.0
vn 0.0 0.0 1.0
vn -0.0 0.0 1.0
vn 0.0 0.0 1.0
vn 0.0 0.0 1.0
vn 0.0 0.0 1.0
vn 0.0 0.0 1.0
vn 0.0 0.0 1.0
vn 0.0 0.0 1.0
vn 0.0 0.0 1.0
vn 0.0 0.0 1.0
vn 0.0 0.0 1.0
vn 0.0 0.0 1.0
vn 0.0 0.0 1.0
vn 0.0 0.0 1.0
vn 0.0 0.0 1.0
vn 0.0 0.0 1.0
vn 0.0 0.0 1.0
vn 0.0 0.0 1.0
vn 0.0 0.0 1.0
vn 0.0 0.0 1.0
vn 0.0 0.0 1.0
vn 0.0 0.0 1.0
vn 0.0 0.0 1.0
vn 0.0 0.0 1.0
vn 0.0 0.0 1.0
vn 0.0 0.0 1.0
vn 0.0 0.0 1.0
vn 0.0 0.0 1.0
vn 0.0 0.0 1.0
vn 0.0 0.0 1.0
vn 0.0 0.0 1.0
vn 0.0 0.0 1.0
vn 0.0 0.0 1.0
vn 0.0 0.0 1.0
vn 0.0 0.0 1.0
vn 0.0 0.0 1.0
vn 0.0 0.0 1.0
vn 0.0 0.0 1.0
vn 0.0 0.0 1.0
vn 0.0 0.0 1.0
vn 0.0 0.0 1.0
vn 0.0 0.0 1.0
vn 0.0 0.0 1.0
vn 0.0 0.0 1.0
vn 0.0 0.0 1.0
vn 0.0 0.0 1.0
vn 0.0 0.0 1.0
vn 0.0 0.0 1.0
vn 0.0 0.0 1.0
vn 0.0 0.0 1.0
vn 0.0 0.0 1.0
vn 0.0 0.0 1.0
vn 0.0 0.0 1.0
vn 0.0 0.0 1.0
vn 0.0 0.0 1.0
vn 0.0 0.0 1.0
vn 0.0 0.0 1.0
vn 0.0 0.0 1.0
vn 0.0 0.0 1.0
vn -0.0 0.0 1.0
vn -0.0 0.0 1.0
vn 0.0 0.0 1.0
vn -0.0 0.0 1.0
vn -0.0 0.0 1.0
vn 0.0 0.0 1.0
vn -0.0 0.0 1.0
vn -0.0 0.0 1.0
vn 0.0 0.0 1.0
vn -0.0 0.0 1.0
vn -0.0 0.0 1.0
vn 0.0 0.0 1.0
vn -0.0 0.0 1.0
vn -0.0 0.0 1.0
vn 0.0 0.0 1.0
vn -0.0 0.0 1.0
vn -0.0 0.0 1.0
vn 0.0 0.0 1.0
vn -0.0 0.0 1.0
vn -0.0 0.0 1.0
vn 0.0 0.0 1.0
vn -0.0 0.0 1.0
vn -0.0 0.0 1.0
vn -0.0 0.0 1.0
vn 0.0 0.0 1.0
vn -0.0 0.0 1.0
vn -0.0 0.0 1.0
vn 0.0 0.0 1.0
vn -0.0 0.0 1.0
vn -0.0 0.0 1.0
vn -0.0 0.0 1.0
vn 0.0 0.0 1.0
vn -0.0 0.0 1.0
vn -0.0 0.0 1.0
vn 0.0 0.0 1.0
vn -0.0 0.0 1.0
vn -0.0 0.0 1.0
vn 0.0 0.0 1.0
vn -0.0 0.0 1.0
vn -0.0 0.0 1.0
vn 0.0 0.0 1.0
vn -0.0 0.0 1.0
vn -0.0 0.0 1.0
vn 0.0 0.0 1.0
vn -0.0 0.0 1.0
vn -0.0 0.0 1.0
vn 0.0 0.0 1.0
vn -0.0 0.0 1.0
vn -0.0 0.0 1.0
vn 0.0 0.0 1.0
vn -0.0 0.0 1.0
vn -0.0 0.0 1.0
vn -0.0 0.0 1.0
vn 0.0 0.0 1.0
vn -0.0 0.0 1.0
vn -0.0 0.0 1.0
vn 0.0 0.0 1.0
vn 0.0 0.0 1.0
vn -0.0 0.0 1.0
vn 0.0 0.0 1.0
vn 0.0 0.0 1.0
vn -0.0 0.0 1.0
vn 0.0 0.0 1.0
vn 0.0 0.0 1.0
vn -0.0 0.0 1.0
vn 0.0 0.0 1.0
vn 0.0 0.0 1.0
vn -0.0 0.0 1.0
vn 0.0 0.0 1.0
vn 0.0 0.0 1.0
vn -0.0 0.0 1.0
vn 0.0 0.0 1.0
vn 0.0 0.0 1.0
vn -0.0 0.0 1.0
vn 0.0 0.0 1.0
vn -0.0 0.0 1.0
vn 0.0 0.0 1.0
vn 0.0 0.0 1.0
vn -0.0 0.0 1.0
vn 0.0 0.0 1.0
vn 0.0 0.0 1.0
vn -0.0 0.0 1.0
vn 0.0 0.0 1.0
vn 0.0 0.0 1.0
vn 0.0 0.0 1.0
vn -0.0 0.0 1.0
vn 0.0 0.0 1.0
vn 0.0 0.0 1.0
vn -0.0 0.0 1.0
vn 0.0 0.0 1.0
vn 0.0 0.0 1.0
vn 0.0 0.0 1.0
vn -0.0 0.0 1.0
vn 0.0 0.0 1.0
vn 0.0 0.0 1.0
vn -0.0 0.0 1.0
vn 0.0 0.0 1.0
vn -0.0 0.0 1.0
vn 0.0 0.0 1.0
vn 0.0 0.0 1.0
vn 0.0 0.0 1.0
vn -0.0 0.0 1.0
vn 0.0 0.0 1.0
vn 0.0 0.0 1.0
vn 0.0 0.0 1.0
vn -0.0 0.0 1.0
vn 0.0 0.0 1.0
vn 0.0 0.0 1.0
vn 0.0 0.0 1.0
vn -0.0 0.0 1.0
vn 0.0 0.0 1.0
vn 0.0 0.0 1.0
vn -0.0 0.0 1.0
vn 0.0 0.0 1.0
vn 0.0 0.0 1.0
vn 0.0 0.0 1.0
vn -0.0 0.0 1.0
vn 0.0 0.0 1.0
vn 0.0 0.0 1.0
vn -0.0 0.0 1.0
vn 0.0 0.0 1.0
vn 0.0 0.0 1.0
vn 0.0 0.0 1.0
vn -0.0 0.0 1.0
vn 0.0 0.0 1.0
vn 0.0 0.0 1.0
vn -0.0 0.0 1.0
vn 0.0 0.0 1.0
vn 0.0 0.0 1.0
vn 0.0 0.0 1.0
vn -0.0 0.0 1.0
vn 0.0 0.0 1.0
vn 0.0 0.0 1.0
vn -0.0 0.0 1.0
vn 0.0 0.0 1.0
vn 0.0 0.0 1.0
vn -0.0 0.0 1.0
vn 0.0 0.0 1.0
vn -0.0 0.0 1.0
vn 0.0 0.0 1.0
vn 0.0 0.0 1.0
vn -0.0 0.0 1.0
vn 0.0 0.0 1.0
vn 0.0 0.0 1.0
vn -0.0 0.0 1.0
vn 0.0 0.0 1.0
vn 0.0 0.0 1.0
vn -0.0 0.0 1.0
vn 0.0 0.0 1.0
vn 0.0 0.999417 0.034151
vn 0.0 0.999417 0.034151
vn 0.0 0.99476 0.102237
vn 0.0 0.99476 0.102237
vn 0.0 0.985456 0.169931
vn 0.0 0.985456 0.169931
vn 0.0 0.971567 0.236765
vn 0.0 0.971567 0.236765
vn 0.0 0.953148 0.302504
vn 0.0 0.953148 0.302504
vn 0.0 0.930274 0.366866
vn 0.0 0.930274 0.366866
vn 0.0 0.903073 0.429488
vn 0.0 0.903073 0.429488
vn 0.0 0.87166 0.490111
vn 0.0 0.87166 0.490111
vn 0.0 0.836181 0.548454
vn 0.0 0.836181 0.548454
vn 0.0 0.796801 0.604242
vn 0.0 0.796801 0.604242
vn 0.0 0.753726 0.657189
vn 0.0 0.753726 0.657189
vn 0.0 0.707096 0.707118
vn 0.0 0.707096 0.707118
vn 0.0 0.657212 0.753706
vn 0.0 0.657212 0.753706
vn 0.0 0.604242 0.796801
vn 0.0 0.604242 0.796801
vn 0.0 0.548454 0.836181
vn 0.0 0.548454 0.836181
vn 0.0 0.490095 0.871669
vn 0.0 0.490095 0.871669
vn 0.0 0.429496 0.903069
vn 0.0 0.429496 0.903069
vn 0.0 0.366866 0.930274
vn 0.0 0.366866 0.930274
vn 0.0 0.302504 0.953148
vn 0.0 0.302504 0.953148
vn 0.0 0.23676 0.971568
vn 0.0 0.23676 0.971568
vn 0.0 0.169906 0.98546
vn 0.0 0.169906 0.98546
vn 0.0 0.102258 0.994758
vn 0.0 0.102258 0.994758
vn 0.0 0.034152 0.999417
vn 0.0 0.034152 0.999417
vn 0.0 -0.034152 0.999417
vn 0.0 -0.034152 0.999417
vn 0.0 -0.102258 0.994758
vn 0.0 -0.102258 0.994758
vn 0.0 -0.169906 0.98546
vn 0.0 -0.169906 0.98546
vn 0.0 -0.23676 0.971568
vn 0.0 -0.23676 0.971568
vn 0.0 -0.302504 0.953148
vn 0.0 -0.302504 0.953148
vn 0.0 -0.366866 0.930274
vn 0.0 -0.366866 0.930274
vn 0.0 -0.429496 0.903069
vn 0.0 -0.429496 0.903069
vn 0.0 -0.490095 0.871669
vn 0.0 -0.490095 0.871669
vn 0.0 -0.548454 0.836181
vn 0.0 -0.548454 0.836181
vn 0.0 -0.604242 0.796801
vn 0.0 -0.604242 0.796801
vn 0.0 -0.657212 0.753706
vn 0.0 -0.657212 0.753706
vn 0.0 -0.707096 0.707118
vn 0.0 -0.707096 0.707118
vn 0.0 -0.753726 0.657189
vn 0.0 -0.753726 0.657189
vn 0.0 -0.796801 0.604242
vn 0.0 -0.836181 0.548454
vn 0.0 -0.796801 0.604242
vn 0.0 -0.836181 0.548454
vn 0.0 -0.87166 0.490111
vn 0.0 -0.87166 0.490111
vn 0.0 -0.903073 0.429488
vn 0.0 -0.903073 0.429488
vn 0.0 -0.930274 0.366866
vn 0.0 -0.953148 0.302504
vn 0.0 -0.930274 0.366866
vn 0.0 -0.953148 0.302504
vn 0.0 -0.971567 0.236765
vn 0.0 -0.971567 0.236765
vn 0.0 -0.985456 0.169931
vn 0.0 -0.99476 0.102237
vn 0.0 -0.985456 0.169931
vn 0.0 -0.999417 0.034151
vn 0.0 -0.99476 0.102237
vn 0.0 -0.999417 0.034151
vn -0.0 -0.999417 -0.034151
vn 0.0 -0.999417 -0.034151
vn 0.0 -0.99476 -0.102237
vn -0.0 -0.99476 -0.102237
vn 0.0 -0.985456 -0.169931
vn -0.0 -0.985456 -0.169931
vn 0.0 -0.971567 -0.236765
vn -0.0 -0.971567 -0.236765
vn 0.0 -0.953148 -0.302504
vn -0.0 -0.953148 -0.302504
vn 0.0 -0.930274 -0.366866
vn -0.0 -0.930274 -0.366866
vn 0.0 -0.903073 -0.429488
vn -0.0 -0.903073 -0.429488
vn 0.0 -0.87166 -0.490111
vn -0.0 -0.87166 -0.490111
vn 0.0 -0.836181 -0.548454
vn -0.0 -0.836181 -0.548454
vn 0.0 -0.796801 -0.604242
vn -0.0 -0.796801 -0.604242
vn 0.0 -0.753726 -0.657189
vn -0.0 -0.753726 -0.657189
vn 0.0 -0.707096 -0.707118
vn -0.0 -0.707096 -0.707118
vn 0.0 -0.657212 -0.753706
vn -0.0 -0.657212 -0.753706
vn 0.0 -0.604242 -0.796801
vn -0.0 -0.604242 -0.796801
vn 0.0 -0.548454 -0.836181
vn -0.0 -0.548454 -0.836181
vn 0.0 -0.490103 -0.871665
vn -0.0 -0.490103 -0.871665
vn 0.0 -0.429487 -0.903073
vn -0.0 -0.429487 -0.903073
vn 0.0 -0.366856 -0.930278
vn -0.0 -0.366856 -0.930278
vn 0.0 -0.302514 -0.953145
vn -0.0 -0.302514 -0.953145
vn 0.0 -0.23676 -0.971568
vn -0.0 -0.23676 -0.971568
vn 0.0 -0.169906 -0.98546
vn -0.0 -0.169906 -0.98546
vn 0.0 -0.102269 -0.994757
vn -0.0 -0.102269 -0.994757
vn 0.0 -0.034141 -0.999417
vn -0.0 -0.034141 -0.999417
vn 0.0 0.034141 -0.999417
vn 0.0 0.034141 -0.999417
vn 0.0 0.102269 -0.994757
vn 0.0 0.102269 -0.994757
vn 0.0 0.169906 -0.98546
vn 0.0 0.169906 -0.98546
vn 0.0 0.23676 -0.971568
vn 0.0 0.23676 -0.971568
vn 0.0 0.302514 -0.953145
vn 0.0 0.302514 -0.953145
vn 0.0 0.366856 -0.930278
vn 0.0 0.366856 -0.930278
vn 0.0 0.429487 -0.903073
vn 0.0 0.429487 -0.903073
vn 0.0 0.490103 -0.871665
vn 0.0 0.490103 -0.871665
vn 0.0 0.548454 -0.836181
vn 0.0 0.548454 -0.836181
vn 0.0 0.604242 -0.796801
vn 0.0 0.604242 -0.796801
vn 0.0 0.657212 -0.753706
vn 0.0 0.657212 -0.753706
vn 0.0 0.707096 -0.707118
vn 0.0 0.707096 -0.707118
vn 0.0 0.753726 -0.657189
vn 0.0 0.753726 -0.657189
vn 0.0 0.796801 -0.604242
vn 0.0 0.796801 -0.604242
vn 0.0 0.836181 -0.548454
vn 0.0 0.836181 -0.548454
vn 0.0 0.87166 -0.490111
vn 0.0 0.87166 -0.490111
vn 0.0 0.903073 -0.429488
vn 0.0 0.903073 -0.429488
vn 0.0 0.930274 -0.366866
vn 0.0 0.930274 -0.366866
vn 0.0 0.953148 -0.302504
vn 0.0 0.953148 -0.302504
vn 0.0 0.971567 -0.236765
vn 0.0 0.971567 -0.236765
vn 0.0 0.985456 -0.169931
vn 0.0 0.985456 -0.169931
vn 0.0 0.99476 -0.102237
vn 0.0 0.99476 -0.102237
vn 0.0 0.999417 -0.034151
vn 0.0 0.999417 -0.034151
vn 0.0 -0.0 -1.0
vn 0.0 0.0 -1.0
vn -0.0 1.0 0.0
vn 0.0 1.0 0.0
vn 0.0 0.0 1.0
vn 0.0 0.0 1.0
vn 0.0 -0.978148 0.207912
vn 0.0 -0.978148 0.207912
vn 0.0 -0.29815 -0.954519
vn 0.0 -0.29815 -0.954519
vn 0.0 -0.341604 -0.939844
vn 0.0 -0.341604 -0.939844
vn 0.0 -0.384364 -0.923182
vn 0.0 -0.384364 -0.923182
vn 0.0 -0.426306 -0.904579
vn 0.0 -0.426306 -0.904579
vn 0.0 -0.467353 -0.884071
vn 0.0 -0.467353 -0.884071
vn 0.0 -0.507412 -0.861704
vn 0.0 -0.507412 -0.861704
vn 0.0 -0.546415 -0.837514
vn 0.0 -0.546415 -0.837514
vn 0.0 -0.584244 -0.811578
vn 0.0 -0.584244 -0.811578
vn 0.0 -0.620872 -0.783912
vn 0.0 -0.620872 -0.783912
vn 0.0 -0.656174 -0.754609
vn 0.0 -0.656174 -0.754609
vn 0.0 -0.690087 -0.723727
vn 0.0 -0.690087 -0.723727
vn 0.0 -0.722571 -0.691296
vn 0.0 -0.722571 -0.691296
vn 0.0 -0.753508 -0.657439
vn 0.0 -0.753508 -0.657439
vn 0.0 -0.782892 -0.622158
vn 0.0 -0.782892 -0.622158
vn 0.0 -0.810592 -0.585611
vn 0.0 -0.810592 -0.585611
vn 0.0 -0.836615 -0.547791
vn 0.0 -0.836615 -0.547791
vn 0.0 -0.860855 -0.508851
vn 0.0 -0.860855 -0.508851
vn 0.0 -0.883294 -0.46882
vn 0.0 -0.883294 -0.46882
vn 0.0 -0.903862 -0.427825
vn 0.0 -0.903862 -0.427825
vn 0.0 -0.922536 -0.385911
vn 0.0 -0.922536 -0.385911
vn 0.0 -0.939275 -0.343164
vn 0.0 -0.939275 -0.343164
vn 0.0 -0.954021 -0.299739
vn 0.0 -0.954021 -0.299739
vn 0.0 -0.966772 -0.255638
vn 0.0 -0.966772 -0.255638
vn 0.0 -0.97748 -0.21103
vn 0.0 -0.97748 -0.21103
vn 0.0 -0.986129 -0.165981
vn 0.0 -0.986129 -0.165981
vn 0.0 -0.992704 -0.120576
vn 0.0 -0.992704 -0.120576
vn 0.0 -0.997193 -0.074877
vn 0.0 -0.997193 -0.074877
vn 0.0 -0.999577 -0.029087
vn 0.0 -0.999577 -0.029087
vn 0.0 -0.999859 0.01679
vn 0.0 -0.999859 0.01679
vn 0.0 -0.998034 0.062667
vn 0.0 -0.998034 0.062667
vn 0.0 -0.994111 0.108368
vn 0.0 -0.994111 0.108368
vn 0.0 -0.988093 0.153861
vn 0.0 -0.988093 0.153861
vn 1.0 0.0 0.0
vn 1.0 0.0 0.0
vn 1.0 0.0 0.0
vn 1.0 0.0 0.0
vn 1.0 0.0 0.0
vn 1.0 0.0 0.0
vn 1.0 0.0 0.0
vn 1.0 0.0 0.0
vn 1.0 0.0 0.0
vn 1.0 0.0 0.0
vn 1.0 0.0 0.0
vn 1.0 0.0 0.0
vn 1.0 0.0 0.0
vn 1.0 0.0 0.0
vn 1.0 0.0 0.0
vn 1.0 0.0 0.0
vn 1.0 0.0 0.0
vn 1.0 0.0 0.0
vn 1.0 0.0 0.0
vn 1.0 0.0 0.0
vn 1.0 0.0 0.0
vn 1.0 0.0 0.0
vn 1.0 0.0 0.0
vn 1.0 0.0 0.0
vn 1.0 0.0 0.0
vn 1.0 0.0 0.0
vn 1.0 0.0 0.0
vn 1.0 0.0 0.0
vn 1.0 0.0 0.0
vn 1.0 0.0 0.0
vn 1.0 0.0 0.0
vn 1.0 0.0 0.0
vn 1.0 0.0 0.0
vn 1.0 0.0 0.0
vn 1.0 0.0 0.0
vn 1.0 0.0 0.0
vn 1.0 0.0 0.0
vn 1.0 0.0 0.0
vn 1.0 0.0 0.0
vn 1.0 0.0 0.0
vn 1.0 0.0 0.0
vn 1.0 0.0 0.0
vn 1.0 0.0 0.0
vn 1.0 0.0 0.0
vn 1.0 0.0 0.0
vn 1.0 0.0 0.0
vn 1.0 0.0 0.0
vn 1.0 0.0 0.0
vn 1.0 0.0 0.0
vn 1.0 0.0 0.0
vn 1.0 0.0 0.0
vn 1.0 0.0 0.0
vn 1.0 0.0 0.0
vn 1.0 0.0 0.0
vn 1.0 0.0 0.0
vn 1.0 0.0 0.0
vn 1.0 0.0 0.0
vn 1.0 0.0 0.0
vn 1.0 0.0 0.0
vn 1.0 0.0 0.0
vn 1.0 0.0 0.0
vn 1.0 0.0 0.0
vn 1.0 0.0 0.0
vn 1.0 0.0 0.0
vn 1.0 0.0 0.0
vn 1.0 0.0 0.0
vn 1.0 0.0 0.0
vn 1.0 0.0 0.0
vn 1.0 0.0 0.0
vn 1.0 0.0 0.0
vn 1.0 0.0 0.0
vn 1.0 0.0 0.0
vn 1.0 0.0 0.0
vn 1.0 0.0 0.0
vn 1.0 0.0 0.0
vn 1.0 0.0 0.0
vn 1.0 0.0 0.0
vn 1.0 0.0 0.0
vn 1.0 0.0 0.0
vn 1.0 0.0 0.0
vn 1.0 0.0 0.0
vn 1.0 0.0 0.0
vn 1.0 0.0 0.0
vn 1.0 0.0 0.0
vn 1.0 0.0 0.0
vn 1.0 0.0 0.0
vn 1.0 0.0 0.0
vn 1.0 0.0 0.0
vn 1.0 0.0 0.0
vn 1.0 0.0 0.0
vn 1.0 0.0 0.0
vn 1.0 0.0 0.0
vn 1.0 0.0 0.0
vn 1.0 0.0 0.0
vn 1.0 0.0 0.0
vn 1.0 0.0 0.0
vn 1.0 0.0 0.0
vn 1.0 0.0 0.0
vn 1.0 0.0 0.0
vn 1.0 0.0 0.0
vn 1.0 0.0 0.0
vn 1.0 0.0 0.0
vn 1.0 0.0 0.0
vn 1.0 0.0 0.0
vn 1.0 0.0 0.0
vn 1.0 0.0 0.0
vn 1.0 0.0 0.0
vn 1.0 0.0 0.0
vn 1.0 0.0 0.0
vn 1.0 0.0 0.0
vn 1.0 0.0 0.0
vn 1.0 0.0 0.0
vn 1.0 0.0 0.0
vn 1.0 0.0 0.0
vn 1.0 0.0 0.0
vn 1.0 0.0 0.0
vn 1.0 0.0 0.0
vn 1.0 0.0 0.0
vn 1.0 0.0 0.0
vn 1.0 0.0 0.0
vn 1.0 0.0 0.0
vn 1.0 0.0 0.0
vn 1.0 0.0 0.0
vn 1.0 0.0 0.0
vn 1.0 0.0 0.0
vn 1.0 0.0 0.0
vn 1.0 0.0 0.0
vn 1.0 0.0 0.0
vn -1.0 0.0 -0.0
vn -1.0 0.0 0.0
vn -1.0 0.0 -0.0
vn -1.0 0.0 0.0
vn -1.0 0.0 -0.0
vn -1.0 0.0 0.0
vn -1.0 0.0 -0.0
vn -1.0 0.0 -0.0
vn -1.0 0.0 0.0
vn -1.0 0.0 -0.0
vn -1.0 0.0 -0.0
vn -1.0 0.0 -0.0
vn -1.0 0.0 -0.0
vn -1.0 0.0 -0.0
vn -1.0 0.0 -0.0
vn -1.0 0.0 -0.0
vn -1.0 0.0 -0.0
vn -1.0 0.0 -0.0
vn -1.0 0.0 -0.0
vn -1.0 0.0 -0.0
vn -1.0 0.0 -0.0
vn -1.0 0.0 -0.0
vn -1.0 0.0 -0.0
vn -1.0 0.0 -0.0
vn -1.0 0.0 -0.0
vn -1.0 0.0 0.0
vn -1.0 0.0 -0.0
vn -1.0 0.0 0.0
vn -1.0 0.0 -0.0
vn -1.0 0.0 0.0
vn -1.0 0.0 0.0
vn -1.0 0.0 -0.0
vn -1.0 0.0 0.0
vn -1.0 0.0 0.0
vn -1.0 0.0 -0.0
vn -1.0 0.0 0.0
vn -1.0 0.0 0.0
vn -1.0 0.0 0.0
vn -1.0 0.0 -0.0
vn -1.0 0.0 0.0
vn -1.0 0.0 0.0
vn -1.0 0.0 -0.0
vn -1.0 0.0 0.0
vn -1.0 0.0 0.0
vn -1.0 0.0 -0.0
vn -1.0 0.0 0.0
vn -1.0 0.0 -0.0
vn -1.0 0.0 0.0
vn -1.0 0.0 -0.0
vn -1.0 0.0 0.0
vn -1.0 0.0 -0.0
vn -1.0 0.0 0.0
vn -1.0 0.0 -0.0
vn -1.0 0.0 0.0
vn -1.0 0.0 0.0
vn -1.0 0.0 0.0
vn -1.0 0.0 0.0
vn -1.0 0.0 0.0
vn -1.0 0.0 0.0
vn -1.0 0.0 0.0
vn -1.0 0.0 0.0
vn -1.0 0.0 0.0
vn -1.0 0.0 0.0
vn -1.0 0.0 0.0
vn -1.0 0.0 0.0
vn -1.0 0.0 0.0
vn -1.0 0.0 0.0
vn -1.0 0.0 0.0
vn -1.0 0.0 0.0
vn -1.0 0.0 0.0
vn -1.0 0.0 0.0
vn -1.0 0.0 0.0
vn -1.0 0.0 0.0
vn -1.0 0.0 0.0
vn -1.0 0.0 0.0
vn -1.0 0.0 0.0
vn -1.0 0.0 0.0
vn -1.0 0.0 0.0
vn -1.0 0.0 0.0
vn -1.0 0.0 0.0
vn -1.0 0.0 0.0
vn -1.0 0.0 -0.0
vn -1.0 0.0 0.0
vn -1.0 0.0 -0.0
vn -1.0 0.0 0.0
vn -1.0 0.0 0.0
vn -1.0 0.0 0.0
vn -1.0 0.0 0.0
vn -1.0 0.0 0.0
vn -1.0 0.0 0.0
vn -1.0 0.0 0.0
vn -1.0 0.0 0.0
vn -1.0 0.0 0.0
vn -1.0 0.0 0.0
vn -1.0 0.0 0.0
vn -1.0 0.0 0.0
vn -1.0 0.0 0.0
vn -1.0 0.0 -0.0
vn -1.0 0.0 -0.0
vn -1.0 0.0 -0.0
vn -1.0 0.0 0.0
vn -1.0 0.0 0.0
vn -1.0 0.0 0.0
vn -1.0 0.0 0.0
vn -1.0 0.0 0.0
vn -1.0 0.0 0.0
vn -1.0 0.0 0.0
vn -1.0 0.0 0.0
vn -1.0 0.0 0.0
vn -1.0 0.0 0.0
vn -1.0 0.0 0.0
vn -1.0 0.0 0.0
vn -1.0 0.0 0.0
vn -1.0 0.0 0.0
vn -1.0 0.0 0.0
vn -1.0 0.0 0.0
vn -1.0 0.0 0.0
vn -1.0 0.0 0.0
vn -1.0 0.0 0.0
vn -1.0 0.0 0.0
vn -1.0 0.0 0.0
vn -1.0 0.0 0.0
vn -1.0 0.0 0.0
vn -1.0 0.0 0.0
vn -1.0 0.0 0.0
vn -1.0 0.0 0.0
vn -1.0 0.0 -0.0
vn -1.0 0.0 0.0
vn 0.0 -1.0 0.0
vn 0.0 -1.0 0.0
vn 1.0 0.0 -0.0
vn 1.0 0.0 0.0
vn 0.99989 0.014819 -0.0
vn 0.999012 0.044441 -0.0
vn 0.99989 0.014819 0.0
vn 0.997256 0.074026 -0.0
vn 0.999012 0.044441 0.0
vn 0.994625 0.103547 -0.0
vn 0.997256 0.074026 0.0
vn 0.991119 0.132974 -0.0
vn 0.994625 0.103547 0.0
vn 0.986744 0.162287 -0.0
vn 0.991119 0.132974 0.0
vn 0.981502 0.191454 -0.0
vn 0.986744 0.162287 0.0
vn 0.975397 0.220457 -0.0
vn 0.981502 0.191454 0.0
vn 0.968435 0.249265 -0.0
vn 0.975397 0.220457 0.0
vn 0.960624 0.277852 -0.0
vn 0.968435 0.249265 0.0
vn 0.951968 0.306196 -0.0
vn 0.960624 0.277852 0.0
vn 0.942476 0.334273 -0.0
vn 0.951968 0.306196 0.0
vn 0.932157 0.362054 -0.0
vn 0.942476 0.334273 0.0
vn 0.921018 0.38952 -0.0
vn 0.932157 0.362054 0.0
vn 0.909073 0.416638 -0.0
vn 0.921018 0.38952 0.0
vn 0.896326 0.443396 -0.0
vn 0.909073 0.416638 0.0
vn 0.882792 0.469764 -0.0
vn 0.896326 0.443396 0.0
vn 0.868485 0.495715 -0.0
vn 0.882792 0.469764 0.0
vn 0.853413 0.521235 -0.0
vn 0.868485 0.495715 0.0
vn 0.837593 0.546295 -0.0
vn 0.853413 0.521235 0.0
vn 0.837593 0.546295 0.0
vn 0.821037 0.570875 0.0
vn 0.803759 0.594955 -0.0
vn 0.821037 0.570875 0.0
vn 0.803759 0.594955 0.0
vn 0.785776 0.618512 -0.0
vn 0.785776 0.618512 0.0
vn 0.767102 0.641525 -0.0
vn 0.767102 0.641525 0.0
vn 0.747754 0.663976 -0.0
vn 0.747754 0.663976 0.0
vn 0.727749 0.685844 -0.0
vn 0.727749 0.685844 0.0
vn 0.707109 0.707105 -0.0
vn 0.707109 0.707105 0.0
vn 0.68584 0.727752 -0.0
vn 0.68584 0.727752 0.0
vn 0.663977 0.747753 0.0
vn 0.641524 0.767103 -0.0
vn 0.663977 0.747753 0.0
vn 0.618513 0.785775 -0.0
vn 0.641524 0.767103 0.0
vn 0.594954 0.80376 -0.0
vn 0.618513 0.785775 0.0
vn 0.570876 0.821036 -0.0
vn 0.594954 0.80376 0.0
vn 0.546295 0.837593 -0.0
vn 0.570876 0.821036 0.0
vn 0.521234 0.853414 -0.0
vn 0.546295 0.837593 0.0
vn 0.521234 0.853414 0.0
vn 0.495718 0.868483 0.0
vn 0.469762 0.882793 -0.0
vn 0.495718 0.868483 0.0
vn 0.443396 0.896326 -0.0
vn 0.469762 0.882793 0.0
vn 0.443396 0.896326 0.0
vn 0.416641 0.909071 0.0
vn 0.389516 0.92102 -0.0
vn 0.416641 0.909071 0.0
vn 0.362056 0.932156 -0.0
vn 0.389516 0.92102 0.0
vn 0.362056 0.932156 0.0
vn 0.334272 0.942477 0.0
vn 0.306195 0.951969 -0.0
vn 0.334272 0.942477 0.0
vn 0.277852 0.960624 -0.0
vn 0.306195 0.951969 0.0
vn 0.249267 0.968435 -0.0
vn 0.277852 0.960624 0.0
vn 0.249267 0.968435 0.0
vn 0.220453 0.975398 0.0
vn 0.191456 0.981501 -0.0
vn 0.220453 0.975398 0.0
vn 0.191456 0.981501 0.0
vn 0.162285 0.986744 0.0
vn 0.162285 0.986744 0.0
vn 0.132977 0.991119 -0.0
vn 0.132977 0.991119 0.0
vn 0.103545 0.994625 0.0
vn 0.103545 0.994625 0.0
vn 0.074026 0.997256 -0.0
vn 0.074026 0.997256 0.0
vn 0.044443 0.999012 0.0
vn 0.044443 0.999012 0.0
vn 0.014819 0.99989 0.0
vn 0.014819 0.99989 0.0
vn -0.014819 0.99989 0.0
vn -0.014819 0.99989 0.0
vn -0.044443 0.999012 0.0
vn -0.044443 0.999012 0.0
vn -0.074026 0.997256 0.0
vn -0.074026 0.997256 0.0
vn -0.103545 0.994625 0.0
vn -0.103545 0.994625 0.0
vn -0.132977 0.991119 0.0
vn -0.132977 0.991119 0.0
vn -0.162285 0.986744 0.0
vn -0.162285 0.986744 0.0
vn -0.191456 0.981501 0.0
vn -0.191456 0.981501 0.0
vn -0.220453 0.975398 0.0
vn -0.220453 0.975398 0.0
vn -0.249267 0.968435 0.0
vn -0.277852 0.960624 0.0
vn -0.249267 0.968435 0.0
vn -0.277852 0.960624 0.0
vn -0.306195 0.951969 0.0
vn -0.334272 0.942477 0.0
vn -0.306195 0.951969 0.0
vn -0.362056 0.932156 0.0
vn -0.334272 0.942477 0.0
vn -0.389516 0.92102 0.0
vn -0.362056 0.932156 0.0
vn -0.416641 0.909071 0.0
vn -0.389516 0.92102 0.0
vn -0.416641 0.909071 0.0
vn -0.443396 0.896326 0.0
vn -0.469762 0.882793 0.0
vn -0.443396 0.896326 0.0
vn -0.469762 0.882793 0.0
vn -0.495718 0.868483 0.0
vn -0.521234 0.853414 0.0
vn -0.495718 0.868483 0.0
vn -0.521234 0.853414 0.0
vn -0.546295 0.837593 0.0
vn -0.546295 0.837593 0.0
vn -0.570876 0.821036 0.0
vn -0.570876 0.821036 0.0
vn -0.594954 0.80376 0.0
vn -0.594954 0.80376 0.0
vn -0.618513 0.785775 0.0
vn -0.618513 0.785775 0.0
vn -0.641524 0.767103 0.0
vn -0.641524 0.767103 0.0
vn -0.663977 0.747753 0.0
vn -0.663977 0.747753 0.0
vn -0.68584 0.727752 0.0
vn -0.68584 0.727752 0.0
vn -0.707109 0.707105 0.0
vn -0.707109 0.707105 0.0
vn -0.727749 0.685844 0.0
vn -0.727749 0.685844 0.0
vn -0.747754 0.663976 0.0
vn -0.747754 0.663976 0.0
vn -0.767102 0.641525 0.0
vn -0.767102 0.641525 0.0
vn -0.785776 0.618512 0.0
vn -0.785776 0.618512 0.0
vn -0.803759 0.594955 0.0
vn -0.803759 0.594955 0.0
vn -0.821037 0.570875 0.0
vn -0.821037 0.570875 0.0
vn -0.837593 0.546295 0.0
vn -0.837593 0.546295 0.0
vn -0.853413 0.521235 0.0
vn -0.853413 0.521235 0.0
vn -0.868485 0.495715 0.0
vn -0.868485 0.495715 0.0
vn -0.882792 0.469764 0.0
vn -0.882792 0.469764 0.0
vn -0.896326 0.443396 0.0
vn -0.896326 0.443396 0.0
vn -0.909073 0.416638 0.0
vn -0.909073 0.416638 0.0
vn -0.921018 0.38952 0.0
vn -0.921018 0.38952 0.0
vn -0.932157 0.362054 0.0
vn -0.932157 0.362054 0.0
vn -0.942476 0.334273 0.0
vn -0.942476 0.334273 0.0
vn -0.951968 0.306196 0.0
vn -0.951968 0.306196 0.0
vn -0.960624 0.277852 0.0
vn -0.960624 0.277852 0.0
vn -0.968435 0.249265 0.0
vn -0.968435 0.249265 0.0
vn -0.981502 0.191454 0.0
vn -0.975397 0.220457 0.0
vn -0.975397 0.220457 0.0
vn -0.986744 0.162287 0.0
vn -0.981502 0.191454 0.0
vn -0.986744 0.162287 0.0
vn -0.991119 0.132974 0.0
vn -0.991119 0.132974 0.0
vn -0.994625 0.103547 0.0
vn -0.997256 0.074026 0.0
vn -0.994625 0.103547 0.0
vn -0.997256 0.074026 0.0
vn -0.999012 0.044441 0.0
vn -0.999012 0.044441 0.0
vn -0.99989 0.014819 0.0
vn -0.99989 0.014819 0.0
vn -1.0 0.0 0.0
vn -1.0 0.0 0.0
vn -0.99989 -0.014819 0.0
vn -0.999012 -0.044441 0.0
vn -0.99989 -0.014819 0.0
vn -0.997256 -0.074026 0.0
vn -0.999012 -0.044441 0.0
vn -0.994625 -0.103547 0.0
vn -0.997256 -0.074026 0.0
vn -0.991119 -0.132974 0.0
vn -0.994625 -0.103547 0.0
vn -0.986744 -0.162287 0.0
vn -0.991119 -0.132974 0.0
vn -0.981502 -0.191454 0.0
vn -0.986744 -0.162287 0.0
vn -0.975397 -0.220457 0.0
vn -0.981502 -0.191454 0.0
vn -0.968435 -0.249265 0.0
vn -0.975397 -0.220457 0.0
vn -0.960624 -0.277852 0.0
vn -0.968435 -0.249265 0.0
vn -0.951968 -0.306196 0.0
vn -0.960624 -0.277852 0.0
vn -0.942476 -0.334273 0.0
vn -0.951968 -0.306196 0.0
vn -0.932157 -0.362054 0.0
vn -0.942476 -0.334273 0.0
vn -0.921018 -0.38952 0.0
vn -0.932157 -0.362054 0.0
vn -0.909073 -0.416638 0.0
vn -0.921018 -0.38952 0.0
vn -0.896326 -0.443396 0.0
vn -0.909073 -0.416638 0.0
vn -0.882792 -0.469764 0.0
vn -0.896326 -0.443396 0.0
vn -0.868485 -0.495715 0.0
vn -0.882792 -0.469764 0.0
vn -0.853413 -0.521235 0.0
vn -0.868485 -0.495715 0.0
vn -0.837593 -0.546295 0.0
vn -0.853413 -0.521235 0.0
vn -0.821037 -0.570875 0.0
vn -0.837593 -0.546295 0.0
vn -0.821037 -0.570875 0.0
vn -0.803759 -0.594955 0.0
vn -0.803759 -0.594955 0.0
vn -0.785776 -0.618512 0.0
vn -0.785776 -0.618512 0.0
vn -0.767102 -0.641525 0.0
vn -0.767102 -0.641525 0.0
vn -0.747754 -0.663976 0.0
vn -0.747754 -0.663976 0.0
vn -0.727749 -0.685844 0.0
vn -0.727749 -0.685844 0.0
vn -0.707109 -0.707105 0.0
vn -0.707109 -0.707105 0.0
vn -0.68584 -0.727752 0.0
vn -0.68584 -0.727752 0.0
vn -0.663977 -0.747753 0.0
vn -0.641524 -0.767103 0.0
vn -0.663977 -0.747753 0.0
vn -0.618513 -0.785775 0.0
vn -0.641524 -0.767103 0.0
vn -0.594954 -0.80376 0.0
vn -0.618513 -0.785775 0.0
vn -0.570876 -0.821036 0.0
vn -0.594954 -0.80376 0.0
vn -0.546295 -0.837593 0.0
vn -0.570876 -0.821036 0.0
vn -0.521234 -0.853414 0.0
vn -0.546295 -0.837593 0.0
vn -0.495718 -0.868483 0.0
vn -0.521234 -0.853414 0.0
vn -0.469762 -0.882793 0.0
vn -0.495718 -0.868483 0.0
vn -0.443396 -0.896326 0.0
vn -0.469762 -0.882793 0.0
vn -0.416641 -0.909071 0.0
vn -0.443396 -0.896326 0.0
vn -0.389516 -0.92102 0.0
vn -0.416641 -0.909071 0.0
vn -0.362056 -0.932156 0.0
vn -0.389516 -0.92102 0.0
vn -0.362056 -0.932156 0.0
vn -0.334272 -0.942477 0.0
vn -0.306195 -0.951969 0.0
vn -0.334272 -0.942477 -0.0
vn -0.277852 -0.960624 0.0
vn -0.306195 -0.951969 0.0
vn -0.249267 -0.968435 0.0
vn -0.277852 -0.960624 0.0
vn -0.249267 -0.968435 0.0
vn -0.220453 -0.975398 0.0
vn -0.191456 -0.981501 0.0
vn -0.220453 -0.975398 -0.0
vn -0.191456 -0.981501 0.0
vn -0.162285 -0.986744 0.0
vn -0.162285 -0.986744 0.0
vn -0.132977 -0.991119 0.0
vn -0.132977 -0.991119 0.0
vn -0.103545 -0.994625 -0.0
vn -0.103545 -0.994625 0.0
vn -0.074026 -0.997256 0.0
vn -0.074026 -0.997256 0.0
vn -0.044443 -0.999012 0.0
vn -0.044443 -0.999012 0.0
vn -0.014819 -0.99989 0.0
vn -0.014819 -0.99989 0.0
vn 0.014819 -0.99989 0.0
vn 0.014819 -0.99989 0.0
vn 0.044443 -0.999012 0.0
vn 0.044443 -0.999012 0.0
vn 0.074026 -0.997256 0.0
vn 0.074026 -0.997256 0.0
vn 0.103545 -0.994625 0.0
vn 0.103545 -0.994625 0.0
vn 0.132977 -0.991119 0.0
vn 0.132977 -0.991119 0.0
vn 0.162285 -0.986744 0.0
vn 0.162285 -0.986744 0.0
vn 0.191456 -0.981501 0.0
vn 0.191456 -0.981501 0.0
vn 0.220453 -0.975398 0.0
vn 0.220453 -0.975398 0.0
vn 0.249267 -0.968435 0.0
vn 0.249267 -0.968435 0.0
vn 0.277852 -0.960624 0.0
vn 0.277852 -0.960624 0.0
vn 0.306195 -0.951969 0.0
vn 0.306195 -0.951969 0.0
vn 0.334272 -0.942477 0.0
vn 0.362056 -0.932156 0.0
vn 0.334272 -0.942477 0.0
vn 0.362056 -0.932156 0.0
vn 0.389516 -0.92102 0.0
vn 0.389516 -0.92102 0.0
vn 0.416641 -0.909071 0.0
vn 0.416641 -0.909071 0.0
vn 0.443396 -0.896326 0.0
vn 0.443396 -0.896326 0.0
vn 0.469762 -0.882793 0.0
vn 0.469762 -0.882793 0.0
vn 0.495718 -0.868483 0.0
vn 0.521234 -0.853414 0.0
vn 0.495718 -0.868483 0.0
vn 0.521234 -0.853414 0.0
vn 0.546295 -0.837593 0.0
vn 0.546295 -0.837593 0.0
vn 0.570876 -0.821036 0.0
vn 0.570876 -0.821036 0.0
vn 0.594954 -0.80376 0.0
vn 0.594954 -0.80376 0.0
vn 0.618513 -0.785775 0.0
vn 0.618513 -0.785775 0.0
vn 0.641524 -0.767103 0.0
vn 0.641524 -0.767103 0.0
vn 0.663977 -0.747753 0.0
vn 0.663977 -0.747753 0.0
vn 0.68584 -0.727752 0.0
vn 0.68584 -0.727752 0.0
vn 0.707109 -0.707105 0.0
vn 0.707109 -0.707105 0.0
vn 0.727749 -0.685844 0.0
vn 0.727749 -0.685844 0.0
vn 0.747754 -0.663976 0.0
vn 0.747754 -0.663976 0.0
vn 0.767102 -0.641525 0.0
vn 0.767102 -0.641525 0.0
vn 0.785776 -0.618512 0.0
vn 0.785776 -0.618512 0.0
vn 0.803759 -0.594955 0.0
vn 0.803759 -0.594955 0.0
vn 0.821037 -0.570875 0.0
vn 0.821037 -0.570875 0.0
vn 0.837593 -0.546295 0.0
vn 0.837593 -0.546295 0.0
vn 0.853413 -0.521235 0.0
vn 0.853413 -0.521235 0.0
vn 0.868485 -0.495715 0.0
vn 0.868485 -0.495715 0.0
vn 0.882792 -0.469764 0.0
vn 0.882792 -0.469764 0.0
vn 0.896326 -0.443396 0.0
vn 0.896326 -0.443396 0.0
vn 0.909073 -0.416638 0.0
vn 0.909073 -0.416638 0.0
vn 0.921018 -0.38952 0.0
vn 0.921018 -0.38952 0.0
vn 0.932157 -0.362054 0.0
vn 0.932157 -0.362054 0.0
vn 0.942476 -0.334273 0.0
vn 0.942476 -0.334273 0.0
vn 0.951968 -0.306196 0.0
vn 0.951968 -0.306196 0.0
vn 0.960624 -0.277852 0.0
vn 0.960624 -0.277852 0.0
vn 0.968435 -0.249265 0.0
vn 0.968435 -0.249265 0.0
vn 0.975397 -0.220457 0.0
vn 0.975397 -0.220457 0.0
vn 0.981502 -0.191454 0.0
vn 0.986744 -0.162287 0.0
vn 0.981502 -0.191454 0.0
vn 0.986744 -0.162287 0.0
vn 0.991119 -0.132974 0.0
vn 0.991119 -0.132974 0.0
vn 0.994625 -0.103547 0.0
vn 0.994625 -0.103547 0.0
vn 0.997256 -0.074026 0.0
vn 0.997256 -0.074026 0.0
vn 0.999012 -0.044441 0.0
vn 0.99989 -0.014819 0.0
vn 0.999012 -0.044441 0.0
vn 0.99989 -0.014819 0.0
vn -0.845151 -0.534527 0.0
vn -0.845151 -0.534527 0.0
vn -0.8539 -0.520436 0.0
vn -0.8539 -0.520436 0.0
vn -0.862416 -0.5062 0.0
vn -0.862416 -0.5062 0.0
vn -0.870694 -0.491826 0.0
vn -0.870694 -0.491826 0.0
vn -0.878729 -0.47732 0.0
vn -0.886525 -0.46268 0.0
vn -0.878729 -0.47732 0.0
vn -0.89408 -0.447907 0.0
vn -0.886525 -0.46268 0.0
vn -0.901382 -0.433024 0.0
vn -0.89408 -0.447907 0.0
vn -0.908444 -0.418006 0.0
vn -0.901382 -0.433024 0.0
vn -0.91525 -0.402886 0.0
vn -0.908444 -0.418006 0.0
vn -0.921807 -0.387649 0.0
vn -0.91525 -0.402886 0.0
vn -0.928108 -0.37231 0.0
vn -0.921807 -0.387649 0.0
vn -0.934158 -0.356861 0.0
vn -0.928108 -0.37231 0.0
vn -0.939948 -0.341319 0.0
vn -0.934158 -0.356861 0.0
vn -0.945478 -0.325686 0.0
vn -0.939948 -0.341319 0.0
vn -0.945478 -0.325686 0.0
vn -0.950751 -0.309957 0.0
vn -0.950751 -0.309957 0.0
vn -0.955762 -0.294142 0.0
vn -0.955762 -0.294142 0.0
vn -0.960508 -0.278254 0.0
vn -0.960508 -0.278254 0.0
vn -0.964991 -0.262282 0.0
vn -0.964991 -0.262282 0.0
vn -0.969208 -0.246243 0.0
vn -0.969208 -0.246243 0.0
vn -0.973159 -0.230133 0.0
vn -0.973159 -0.230133 0.0
vn -0.976842 -0.213962 0.0
vn -0.976842 -0.213962 0.0
vn -0.980258 -0.197725 0.0
vn -0.980258 -0.197725 0.0
vn -0.983402 -0.181443 0.0
vn -0.983402 -0.181443 0.0
vn -0.986275 -0.165109 0.0
vn -0.986275 -0.165109 0.0
vn -0.988879 -0.148725 0.0
vn -0.991209 -0.132306 0.0
vn -0.988879 -0.148725 0.0
vn -0.993267 -0.115845 0.0
vn -0.991209 -0.132306 0.0
vn -0.995052 -0.099355 0.0
vn -0.993267 -0.115845 0.0
vn -0.996563 -0.082839 0.0
vn -0.995052 -0.099355 0.0
vn -0.9978 -0.066297 0.0
vn -0.996563 -0.082839 0.0
vn -0.998762 -0.049741 0.0
vn -0.9978 -0.066297 0.0
vn -0.99945 -0.033169 0.0
vn -0.998762 -0.049741 0.0
vn -0.999862 -0.016587 0.0
vn -0.99945 -0.033169 0.0
vn -1.0 0.0 0.0
vn -0.999862 -0.016587 0.0
vn -0.999862 0.016587 0.0
vn -1.0 0.0 0.0
vn -0.99945 0.033169 0.0
vn -0.999862 0.016587 0.0
vn -0.998762 0.049741 0.0
vn -0.99945 0.033169 0.0
vn -0.9978 0.066297 0.0
vn -0.998762 0.049741 0.0
vn -0.996563 0.082839 0.0
vn -0.9978 0.066297 0.0
vn -0.996563 0.082839 0.0
vn -0.995052 0.099355 0.0
vn -0.995052 0.099355 0.0
vn -0.993267 0.115845 0.0
vn -0.993267 0.115845 0.0
vn -0.991209 0.132306 0.0
vn -0.991209 0.132306 0.0
vn -0.988879 0.148725 0.0
vn -0.988879 0.148725 0.0
vn -0.986275 0.165109 0.0
vn -0.986275 0.165109 0.0
vn -0.983402 0.181443 0.0
vn -0.980258 0.197725 0.0
vn -0.983402 0.181443 0.0
vn -0.976842 0.213962 0.0
vn -0.980258 0.197725 0.0
vn -0.973159 0.230133 0.0
vn -0.976842 0.213962 0.0
vn -0.969208 0.246243 0.0
vn -0.973159 0.230133 0.0
vn -0.964991 0.262282 0.0
vn -0.969208 0.246243 0.0
vn -0.960508 0.278254 0.0
vn -0.964991 0.262282 0.0
vn -0.955762 0.294142 0.0
vn -0.960508 0.278254 0.0
vn -0.950751 0.309957 0.0
vn -0.955762 0.294142 0.0
vn -0.945478 0.325686 0.0
vn -0.950751 0.309957 0.0
vn -0.939948 0.341319 0.0
vn -0.945478 0.325686 0.0
vn -0.934158 0.356861 0.0
vn -0.939948 0.341319 0.0
vn -0.928108 0.37231 0.0
vn -0.934158 0.356861 0.0
vn -0.921807 0.387649 0.0
vn -0.928108 0.37231 0.0
vn -0.91525 0.402886 0.0
vn -0.921807 0.387649 0.0
vn -0.908444 0.418006 0.0
vn -0.91525 0.402886 0.0
vn -0.901382 0.433024 0.0
vn -0.908444 0.418006 0.0
vn -0.89408 0.447907 0.0
vn -0.901382 0.433024 0.0
vn -0.886525 0.46268 0.0
vn -0.89408 0.447907 0.0
vn -0.878729 0.47732 0.0
vn -0.886525 0.46268 0.0
vn -0.878729 0.47732 0.0
vn -0.870694 0.491826 0.0
vn -0.862416 0.5062 0.0
vn -0.870694 0.491826 0.0
vn -0.8539 0.520436 0.0
vn -0.862416 0.5062 0.0
vn -0.845151 0.534527 0.0
vn -0.8539 0.520436 0.0
vn -0.845151 0.534527 0.0
vn -1.0 0.0 0.0
vn -1.0 0.0 0.0
vn -0.726921 -0.686722 0.0
vn -0.726921 -0.686722 0.0
vn -0.996679 0.081425 0.0
vn -0.996679 0.081425 0.0
vn 0.0 1.0 0.0
vn 0.0 1.0 0.0
vn 0.766044 0.642788 -0.0
vn 0.766044 0.642788 0.0
vn 0.0 1.0 0.0
vn 0.0 1.0 0.0
vn -0.766044 0.642788 0.0
vn -0.766044 0.642788 0.0
vn 0.0 1.0 0.0
vn 0.0 1.0 0.0
vn 0.996679 0.081425 -0.0
vn 0.996679 0.081425 -0.0
vn 0.726921 -0.686722 0.0
vn 0.726921 -0.686722 0.0
vn 1.0 0.0 0.0
vn 1.0 0.0 -0.0
vn 0.845151 0.534527 -0.0
vn 0.845151 0.534527 -0.0
vn 0.8539 0.520436 -0.0
vn 0.8539 0.520436 -0.0
vn 0.862416 0.5062 -0.0
vn 0.862416 0.5062 -0.0
vn 0.870694 0.491826 -0.0
vn 0.870694 0.491826 -0.0
vn 0.878729 0.47732 -0.0
vn 0.886525 0.46268 -0.0
vn 0.878729 0.47732 -0.0
vn 0.89408 0.447907 -0.0
vn 0.886525 0.46268 -0.0
vn 0.901382 0.433024 -0.0
vn 0.89408 0.447907 -0.0
vn 0.908444 0.418006 -0.0
vn 0.901382 0.433024 -0.0
vn 0.91525 0.402886 -0.0
vn 0.908444 0.418006 -0.0
vn 0.921807 0.387649 -0.0
vn 0.91525 0.402886 -0.0
vn 0.928108 0.37231 -0.0
vn 0.921807 0.387649 -0.0
vn 0.934158 0.356861 -0.0
vn 0.928108 0.37231 -0.0
vn 0.939948 0.341319 -0.0
vn 0.934158 0.356861 -0.0
vn 0.945478 0.325686 -0.0
vn 0.939948 0.341319 -0.0
vn 0.945478 0.325686 -0.0
vn 0.950751 0.309957 -0.0
vn 0.950751 0.309957 -0.0
vn 0.955762 0.294142 -0.0
vn 0.955762 0.294142 -0.0
vn 0.960508 0.278254 -0.0
vn 0.960508 0.278254 -0.0
vn 0.964991 0.262282 -0.0
vn 0.964991 0.262282 -0.0
vn 0.969208 0.246243 -0.0
vn 0.969208 0.246243 -0.0
vn 0.973159 0.230133 -0.0
vn 0.973159 0.230133 -0.0
vn 0.976842 0.213962 -0.0
vn 0.976842 0.213962 -0.0
vn 0.980258 0.197725 -0.0
vn 0.980258 0.197725 -0.0
vn 0.983402 0.181443 -0.0
vn 0.983402 0.181443 -0.0
vn 0.986275 0.165109 -0.0
vn 0.986275 0.165109 -0.0
vn 0.988879 0.148725 -0.0
vn 0.991209 0.132306 -0.0
vn 0.988879 0.148725 -0.0
vn 0.993267 0.115845 -0.0
vn 0.991209 0.132306 -0.0
vn 0.995052 0.099355 -0.0
vn 0.993267 0.115845 -0.0
vn 0.996563 0.082839 -0.0
vn 0.995052 0.099355 -0.0
vn 0.9978 0.066297 -0.0
vn 0.996563 0.082839 -0.0
vn 0.998762 0.049741 -0.0
vn 0.9978 0.066297 -0.0
vn 0.99945 0.033169 -0.0
vn 0.998762 0.049741 -0.0
vn 0.999862 0.016587 -0.0
vn 0.99945 0.033169 -0.0
vn 1.0 0.0 -0.0
vn 0.999862 0.016587 -0.0
vn 0.999862 -0.016587 0.0
vn 1.0 0.0 0.0
vn 0.99945 -0.033169 0.0
vn 0.999862 -0.016587 0.0
vn 0.998762 -0.049741 0.0
vn 0.99945 -0.033169 0.0
vn 0.9978 -0.066297 0.0
vn 0.998762 -0.049741 0.0
vn 0.996563 -0.082839 0.0
vn 0.9978 -0.066297 0.0
vn 0.996563 -0.082839 0.0
vn 0.995052 -0.099355 0.0
vn 0.995052 -0.099355 0.0
vn 0.993267 -0.115845 0.0
vn 0.993267 -0.115845 0.0
vn 0.991209 -0.132306 0.0
vn 0.991209 -0.132306 0.0
vn 0.988879 -0.148725 0.0
vn 0.988879 -0.148725 0.0
vn 0.986275 -0.165109 0.0
vn 0.986275 -0.165109 0.0
vn 0.983402 -0.181443 0.0
vn 0.980258 -0.197725 0.0
vn 0.983402 -0.181443 0.0
vn 0.976842 -0.213962 0.0
vn 0.980258 -0.197725 0.0
vn 0.973159 -0.230133 0.0
vn 0.976842 -0.213962 0.0
vn 0.969208 -0.246243 0.0
vn 0.973159 -0.230133 0.0
vn 0.964991 -0.262282 0.0
vn 0.969208 -0.246243 0.0
vn 0.960508 -0.278254 0.0
vn 0.964991 -0.262282 0.0
vn 0.955762 -0.294142 0.0
vn 0.960508 -0.278254 0.0
vn 0.950751 -0.309957 0.0
vn 0.955762 -0.294142 0.0
vn 0.945478 -0.325686 0.0
vn 0.950751 -0.309957 0.0
vn 0.945478 -0.325686 0.0
vn 0.934158 -0.356861 0.0
vn 0.939948 -0.341319 0.0
vn 0.939948 -0.341319 0.0
vn 0.928108 -0.37231 0.0
vn 0.934158 -0.356861 0.0
vn 0.921807 -0.387649 0.0
vn 0.928108 -0.37231 0.0
vn 0.921807 -0.387649 0.0
vn 0.91525 -0.402886 0.0
vn 0.91525 -0.402886 0.0
vn 0.901382 -0.433024 0.0
vn 0.908444 -0.418006 0.0
vn 0.908444 -0.418006 0.0
vn 0.89408 -0.447907 0.0
vn 0.901382 -0.433024 0.0
vn 0.89408 -0.447907 0.0
vn 0.878729 -0.47732 0.0
vn 0.886525 -0.46268 0.0
vn 0.886525 -0.46268 0.0
vn 0.878729 -0.47732 0.0
vn 0.870694 -0.491826 0.0
vn 0.862416 -0.5062 0.0
vn 0.870694 -0.491826 0.0
vn 0.8539 -0.520436 0.0
vn 0.862416 -0.5062 0.0
vn 0.845151 -0.534527 0.0
vn 0.8539 -0.520436 0.0
vn 0.845151 -0.534527 0.0
vn 1.0 0.0 -0.0
vn 1.0 0.0 0.0
vn 0.726921 0.686722 -0.0
vn 0.726921 0.686722 0.0
vn 0.996679 -0.081425 0.0
vn 0.996679 -0.081425 0.0
vn 0.0 -1.0 0.0
vn 0.0 -1.0 0.0
vn -0.766044 -0.642788 0.0
vn -0.766044 -0.642788 0.0
vn 0.766044 -0.642788 0.0
vn 0.766044 -0.642788 0.0
vn 0.0 -1.0 0.0
vn 0.0 -1.0 0.0
vn -0.996679 -0.081425 0.0
vn -0.996679 -0.081425 0.0
vn -0.726921 0.686722 0.0
vn -0.726921 0.686722 0.0
vn -1.0 0.0 0.0
vn -1.0 0.0 0.0
vn 0.0 0.0 -1.0
vn 0.0 -0.0 -1.0
vn -0.0 0.0 -1.0
vn 0.0 0.0 -1.0
vn 0.0 -0.0 -1.0
vn 0.0 0.0 -1.0
vn 0.0 -0.0 -1.0
vn -0.0 0.0 -1.0
vn -0.0 0.0 -1.0
vn 0.0 -0.0 -1.0
vn -0.0 0.0 -1.0
vn 0.0 -0.0 -1.0
vn -0.0 0.0 -1.0
vn 0.0 -0.0 -1.0
vn -0.0 0.0 -1.0
vn 0.0 -0.0 -1.0
vn -0.0 0.0 -1.0
vn 0.0 -0.0 -1.0
vn -0.0 0.0 -1.0
vn 0.0 -0.0 -1.0
vn -0.0 0.0 -1.0
vn 0.0 -0.0 -1.0
vn -0.0 0.0 -1.0
vn 0.0 -0.0 -1.0
vn -0.0 0.0 -1.0
vn 0.0 -0.0 -1.0
vn -0.0 0.0 -1.0
vn 0.0 -0.0 -1.0
vn -0.0 0.0 -1.0
vn 0.0 -0.0 -1.0
vn -0.0 0.0 -1.0
vn 0.0 -0.0 -1.0
vn -0.0 0.0 -1.0
vn 0.0 -0.0 -1.0
vn -0.0 0.0 -1.0
vn 0.0 -0.0 -1.0
vn -0.0 0.0 -1.0
vn 0.0 -0.0 -1.0
vn -0.0 0.0 -1.0
vn 0.0 -0.0 -1.0
vn -0.0 0.0 -1.0
vn 0.0 -0.0 -1.0
vn -0.0 0.0 -1.0
vn 0.0 -0.0 -1.0
vn -0.0 0.0 -1.0
vn 0.0 -0.0 -1.0
vn -0.0 0.0 -1.0
vn 0.0 -0.0 -1.0
vn -0.0 0.0 -1.0
vn 0.0 0.0 -1.0
vn 0.0 -0.0 -1.0
vn -0.0 0.0 -1.0
vn 0.0 0.0 -1.0
vn 0.0 0.0 -1.0
vn 0.0 -0.0 -1.0
vn -0.0 0.0 -1.0
vn 0.0 0.0 -1.0
vn 0.0 -0.0 -1.0
vn -0.0 0.0 -1.0
vn 0.0 0.0 -1.0
vn 0.0 0.0 -1.0
vn 0.0 -0.0 -1.0
vn 0.0 -0.0 -1.0
vn -0.0 0.0 -1.0
vn 0.0 0.0 -1.0
vn 0.0 0.0 -1.0
vn 0.0 0.0 -1.0
vn 0.0 0.0 -1.0
vn 0.0 0.0 -1.0
vn 0.0 0.0 -1.0
vn 0.0 0.0 -1.0
vn 0.0 0.0 -1.0
vn 0.0 0.0 -1.0
vn -0.0 0.0 -1.0
vn 0.0 0.0 -1.0
vn 0.0 0.0 -1.0
vn 0.0 0.0 -1.0
vn 0.0 0.0 -1.0
vn 0.0 0.0 -1.0
vn 0.0 0.0 -1.0
vn 0.0 0.0 -1.0
vn 0.0 0.0 -1.0
vn 0.0 0.0 -1.0
vn 0.0 0.0 -1.0
vn 0.0 0.0 -1.0
vn 0.0 0.0 -1.0
vn 0.0 0.0 -1.0
vn 0.0 0.0 -1.0
vn 0.0 0.0 -1.0
vn 0.0 0.0 -1.0
vn 0.0 0.0 -1.0
vn 0.0 0.0 -1.0
vn 0.0 -0.0 -1.0
vn 0.0 -0.0 -1.0
vn 0.0 -0.0 -1.0
vn 0.0 -0.0 -1.0
vn 0.0 -0.0 -1.0
vn 0.0 -0.0 -1.0
vn 0.0 -0.0 -1.0
vn 0.0 -0.0 -1.0
vn 0.0 -0.0 -1.0
vn 0.0 -0.0 -1.0
vn 0.0 -0.0 -1.0
vn 0.0 -0.0 -1.0
vn 0.0 -0.0 -1.0
vn 0.0 -0.0 -1.0
vn 0.0 -0.0 -1.0
vn 0.0 -0.0 -1.0
vn 0.0 -0.0 -1.0
vn 0.0 -0.0 -1.0
vn 0.0 -0.0 -1.0
vn 0.0 -0.0 -1.0
vn 0.0 -0.0 -1.0
vn 0.0 -0.0 -1.0
vn 0.0 -0.0 -1.0
vn 0.0 -0.0 -1.0
vn 0.0 -0.0 -1.0
vn 0.0 -0.0 -1.0
vn 0.0 -0.0 -1.0
vn 0.0 -0.0 -1.0
vn 0.0 -0.0 -1.0
vn 0.0 0.0 -1.0
vn 0.0 -0.0 -1.0
vn 0.0 0.0 -1.0
vn 0.0 0.0 -1.0
vn 0.0 0.0 -1.0
vn 0.0 0.0 -1.0
vn 0.0 0.0 -1.0
vn 0.0 0.0 -1.0
vn 0.0 0.0 -1.0
vn 0.0 0.0 -1.0
vn 0.0 0.0 -1.0
vn 0.0 0.0 -1.0
vn 0.0 0.0 -1.0
vn 0.0 0.0 -1.0
vn 0.0 0.0 -1.0
vn 0.0 0.0 -1.0
vn 0.0 0.0 -1.0
vn 0.0 0.0 -1.0
vn 0.0 0.0 -1.0
vn 0.0 0.0 -1.0
vn 0.0 0.0 -1.0
vn 0.0 0.0 -1.0
vn -0.0 0.0 -1.0
vn 0.0 0.0 -1.0
vn 0.0 0.0 -1.0
vn 0.0 0.0 -1.0
vn 0.0 0.0 -1.0
vn 0.0 0.0 -1.0
vn 0.0 0.0 -1.0
vn 0.0 0.0 -1.0
vn 0.0 0.0 -1.0
vn 0.0 0.0 -1.0
vn 0.0 -0.0 -1.0
vn 0.0 0.0 -1.0
vn 0.0 0.0 -1.0
vn -0.0 0.0 -1.0
vn 0.0 0.0 -1.0
vn -0.0 0.0 -1.0
vn -0.0 0.0 -1.0
vn 0.0 0.0 -1.0
vn 0.0 0.0 -1.0
vn -0.0 0.0 -1.0
vn 0.0 0.0 -1.0
vn -0.0 0.0 -1.0
vn -0.0 0.0 -1.0
vn -0.0 0.0 -1.0
vn -0.0 0.0 -1.0
vn -0.0 0.0 -1.0
vn -0.0 0.0 -1.0
vn -0.0 0.0 -1.0
vn -0.0 0.0 -1.0
vn -0.0 0.0 -1.0
vn -0.0 0.0 -1.0
vn -0.0 0.0 -1.0
vn -0.0 0.0 -1.0
vn -0.0 0.0 -1.0
vn -0.0 0.0 -1.0
vn -0.0 0.0 -1.0
vn -0.0 0.0 -1.0
vn -0.0 0.0 -1.0
vn -0.0 0.0 -1.0
vn -0.0 0.0 -1.0
vn -0.0 0.0 -1.0
vn -0.0 0.0 -1.0
vn 0.0 -0.0 -1.0
vn 0.0 0.0 -1.0
vn 0.0 0.0 -1.0
vn 0.0 0.0 -1.0
vn 0.0 0.0 -1.0
vn 0.0 0.0 -1.0
vn 0.0 0.0 -1.0
vn 0.0 0.0 -1.0
vn 0.0 0.0 -1.0
vn 0.0 0.0 -1.0
vn 0.0 0.0 -1.0
vn 0.0 0.0 -1.0
vn 0.0 0.0 -1.0
vn 0.0 0.0 -1.0
vn 0.0 0.0 -1.0
vn 0.0 0.0 -1.0
vn 0.0 0.0 -1.0
vn 0.0 0.0 -1.0
vn 0.0 0.0 -1.0
vn 0.0 0.0 -1.0
vn 0.0 0.0 -1.0
vn 0.0 0.0 -1.0
vn -0.0 0.0 -1.0
vn 0.0 0.0 -1.0
vn -0.0 0.0 -1.0
vn -0.0 0.0 -1.0
vn -0.0 0.0 -1.0
vn 0.0 0.0 -1.0
vn -0.0 0.0 -1.0
vn 0.0 0.0 -1.0
vn -0.0 0.0 -1.0
vn -0.0 0.0 -1.0
vn 0.0 0.0 -1.0
vn -0.0 0.0 -1.0
vn -0.0 0.0 -1.0
vn -0.0 0.0 -1.0
vn -0.0 0.0 -1.0
vn -0.0 0.0 -1.0
vn -0.0 0.0 -1.0
vn -0.0 0.0 -1.0
vn -0.0 0.0 -1.0
vn -0.0 0.0 -1.0
vn 0.0 0.0 -1.0
vn 0.0 0.0 -1.0
vn 0.0 0.0 -1.0
vn 0.0 0.0 -1.0
vn 0.0 0.0 -1.0
vn 0.0 0.0 -1.0
vn 0.0 0.0 -1.0
vn 0.0 0.0 -1.0
vn 0.0 0.0 -1.0
vn 0.0 0.0 -1.0
vn 0.0 0.0 -1.0
vn 0.0 0.0 -1.0
vn 0.0 0.0 -1.0
vn 0.0 0.0 -1.0
vn 0.0 0.0 -1.0
vn 0.0 0.0 -1.0
vn 0.0 0.0 -1.0
vn 0.0 0.0 -1.0
vn 0.0 0.0 -1.0
vn 0.0 0.0 -1.0
vn 0.0 0.0 -1.0
vn 0.0 0.0 -1.0
vn 0.0 0.0 -1.0
vn 0.0 0.0 -1.0
vn 0.0 0.0 -1.0
vn 0.0 0.0 -1.0
vn 0.0 0.0 -1.0
vn 0.0 0.0 -1.0
vn 0.0 0.0 -1.0
vn 0.0 0.0 -1.0
vn 0.0 0.0 -1.0
vn 0.0 0.0 -1.0
vn 0.0 0.0 -1.0
vn 0.0 0.0 -1.0
vn 0.0 0.0 -1.0
vn 0.0 0.0 -1.0
vn 0.0 0.0 -1.0
vn 0.0 0.0 -1.0
vn 0.0 -0.0 -1.0
vn 0.0 0.0 -1.0
vn 0.0 0.0 -1.0
vn 0.0 0.0 -1.0
vn 0.0 0.0 -1.0
vn 0.0 0.0 -1.0
vn -0.0 0.0 -1.0
vn 0.0 -0.0 -1.0
vn 0.0 0.0 -1.0
vn 0.0 0.0 -1.0
vn 0.0 0.0 -1.0
vn 0.0 0.0 -1.0
vn 0.0 0.0 -1.0
vn 0.0 0.0 -1.0
vn 0.0 -0.0 -1.0
vn -0.0 0.0 -1.0
vn -0.0 -0.0 -1.0
vn -0.0 -0.0 -1.0
vn -0.0 -0.0 -1.0
vn -0.0 -0.0 -1.0
vn -0.0 -0.0 -1.0
vn -0.0 -0.0 -1.0
vn -0.0 -0.0 -1.0
vn -0.0 -0.0 -1.0
vn -0.0 -0.0 -1.0
vn -0.0 -0.0 -1.0
vn -0.0 -0.0 -1.0
vn -0.0 -0.0 -1.0
vn -0.0 -0.0 -1.0
vn -0.0 -0.0 -1.0
vn -0.0 -0.0 -1.0
vn -0.0 -0.0 -1.0
vn -0.0 -0.0 -1.0
vn -0.0 -0.0 -1.0
vn 0.0 -0.0 -1.0
vn 0.0 -0.0 -1.0
vn 0.0 -0.0 -1.0
vn 0.0 -0.0 -1.0
vn 0.0 -0.0 -1.0
vn 0.0 -0.0 -1.0
vn 0.0 -0.0 -1.0
vn 0.0 -0.0 -1.0
vn 0.0 -0.0 -1.0
vn 0.0 0.0 -1.0
vn 0.0 -0.0 -1.0
vn 0.0 -0.0 -1.0
vn 0.0 0.0 -1.0
vn 0.0 -0.0 -1.0
vn 0.0 0.0 -1.0
vn 0.0 -0.0 -1.0
vn 0.0 -0.0 -1.0
vn 0.0 0.0 -1.0
vn 0.0 -0.0 -1.0
vn 0.0 0.0 -1.0
vn 0.0 0.0 -1.0
vn 0.0 0.0 -1.0
vn 0.0 0.0 -1.0
vn 0.0 0.0 -1.0
vn 0.0 0.0 -1.0
vn 0.0 0.0 -1.0
vn 0.0 0.0 -1.0
vn 0.0 0.0 -1.0
vn 0.0 0.0 -1.0
vn 0.0 0.0 -1.0
vn 0.0 0.0 -1.0
vn 0.0 0.0 -1.0
vn 0.0 0.0 -1.0
vn 0.0 0.0 -1.0
vn 0.0 0.0 -1.0
vn 0.0 0.0 -1.0
vn 0.0 0.0 -1.0
vn 0.0 0.0 -1.0
vn 0.0 0.0 -1.0
vn 0.0 0.0 -1.0
vn 0.0 -0.0 -1.0
vn 0.0 0.0 -1.0
vn 0.0 0.0 -1.0
vn 0.0 0.0 -1.0
vn -0.0 0.0 -1.0
vn 0.0 0.0 -1.0
vn 0.0 0.0 -1.0
vn 0.0 0.0 -1.0
vn 0.0 0.0 -1.0
vn 0.0 0.0 -1.0
vn 0.0 0.0 -1.0
vn 0.0 0.0 -1.0
vn 0.0 0.0 -1.0
vn 0.0 0.0 -1.0
vn 0.0 0.0 -1.0
vn 0.0 0.0 -1.0
vn 0.0 0.0 -1.0
vn 0.0 0.0 -1.0
vn 0.0 0.0 -1.0
vn 0.0 0.0 -1.0
vn 0.0 0.0 -1.0
vn 0.0 -0.0 -1.0
vn 0.0 0.0 -1.0
vn 0.0 0.0 -1.0
vn 0.0 0.0 -1.0
vn 0.0 0.0 -1.0
vn 0.0 0.0 -1.0
vn 0.0 0.0 -1.0
vn 0.0 0.0 -1.0
vn 0.0 0.0 -1.0
vn 0.0 0.0 -1.0
vn -0.0 -0.0 -1.0
vn 0.0 -0.0 -1.0
vn 0.0 0.0 -1.0
vn -0.0 -0.0 -1.0
vn 0.0 0.0 1.0
vn 0.0 -0.0 1.0
vn 0.0 0.0 1.0
vn 0.0 0.0 1.0
vn 0.0 -0.0 1.0
vn 0.0 0.0 1.0
vn 0.0 0.0 1.0
vn 0.0 -0.0 1.0
vn 0.0 -0.0 1.0
vn 0.0 0.0 1.0
vn 0.0 0.0 1.0
vn 0.0 -0.0 1.0
vn 0.0 0.0 1.0
vn 0.0 -0.0 1.0
vn 0.0 -0.0 1.0
vn 0.0 0.0 1.0
vn 0.0 0.0 1.0
vn 0.0 -0.0 1.0
vn 0.0 -0.0 1.0
vn 0.0 0.0 1.0
vn 0.0 0.0 1.0
vn 0.0 -0.0 1.0
vn 0.0 0.0 1.0
vn 0.0 -0.0 1.0
vn 0.0 -0.0 1.0
vn 0.0 0.0 1.0
vn 0.0 -0.0 1.0
vn 0.0 0.0 1.0
vn 0.0 -0.0 1.0
vn 0.0 0.0 1.0
vn 0.0 -0.0 1.0
vn 0.0 0.0 1.0
vn 0.0 0.0 1.0
vn 0.0 -0.0 1.0
vn 0.0 -0.0 1.0
vn 0.0 0.0 1.0
vn 0.0 -0.0 1.0
vn 0.0 0.0 1.0
vn 0.0 -0.0 1.0
vn 0.0 0.0 1.0
vn 0.0 -0.0 1.0
vn 0.0 0.0 1.0
vn 0.0 0.0 1.0
vn 0.0 -0.0 1.0
vn 0.0 -0.0 1.0
vn 0.0 0.0 1.0
vn 0.0 0.0 1.0
vn 0.0 -0.0 1.0
vn 0.0 -0.0 1.0
vn 0.0 0.0 1.0
vn 0.0 0.0 1.0
vn 0.0 0.0 1.0
vn 0.0 -0.0 1.0
vn 0.0 0.0 1.0
vn 0.0 0.0 1.0
vn 0.0 -0.0 1.0
vn 0.0 0.0 1.0
vn 0.0 0.0 1.0
vn 0.0 0.0 1.0
vn 0.0 0.0 1.0
vn 0.0 0.0 1.0
vn 0.0 -0.0 1.0
vn 0.0 0.0 1.0
vn 0.0 0.0 1.0
vn 0.0 0.0 1.0
vn 0.0 0.0 1.0
vn 0.0 0.0 1.0
vn 0.0 0.0 1.0
vn 0.0 0.0 1.0
vn 0.0 0.0 1.0
vn 0.0 0.0 1.0
vn 0.0 0.0 1.0
vn 0.0 0.0 1.0
vn 0.0 0.0 1.0
vn 0.0 0.0 1.0
vn 0.0 0.0 1.0
vn 0.0 0.0 1.0
vn 0.0 0.0 1.0
vn 0.0 0.0 1.0
vn 0.0 0.0 1.0
vn 0.0 0.0 1.0
vn 0.0 0.0 1.0
vn 0.0 0.0 1.0
vn 0.0 0.0 1.0
vn 0.0 0.0 1.0
vn 0.0 0.0 1.0
vn 0.0 0.0 1.0
vn 0.0 0.0 1.0
vn 0.0 -0.0 1.0
vn 0.0 0.0 1.0
vn 0.0 0.0 1.0
vn 0.0 0.0 1.0
vn 0.0 0.0 1.0
vn 0.0 -0.0 1.0
vn 0.0 -0.0 1.0
vn 0.0 -0.0 1.0
vn 0.0 -0.0 1.0
vn 0.0 -0.0 1.0
vn 0.0 -0.0 1.0
vn 0.0 -0.0 1.0
vn 0.0 -0.0 1.0
vn 0.0 -0.0 1.0
vn 0.0 -0.0 1.0
vn 0.0 -0.0 1.0
vn 0.0 -0.0 1.0
vn 0.0 -0.0 1.0
vn 0.0 -0.0 1.0
vn 0.0 -0.0 1.0
vn 0.0 -0.0 1.0
vn 0.0 -0.0 1.0
vn 0.0 -0.0 1.0
vn 0.0 -0.0 1.0
vn 0.0 -0.0 1.0
vn 0.0 -0.0 1.0
vn 0.0 -0.0 1.0
vn 0.0 -0.0 1.0
vn 0.0 -0.0 1.0
vn 0.0 -0.0 1.0
vn 0.0 -0.0 1.0
vn 0.0 -0.0 1.0
vn 0.0 -0.0 1.0
vn 0.0 -0.0 1.0
vn 0.0 0.0 1.0
vn 0.0 -0.0 1.0
vn 0.0 0.0 1.0
vn 0.0 -0.0 1.0
vn 0.0 0.0 1.0
vn 0.0 0.0 1.0
vn 0.0 0.0 1.0
vn 0.0 0.0 1.0
vn 0.0 0.0 1.0
vn 0.0 0.0 1.0
vn 0.0 0.0 1.0
vn 0.0 0.0 1.0
vn 0.0 0.0 1.0
vn 0.0 0.0 1.0
vn 0.0 0.0 1.0
vn 0.0 0.0 1.0
vn 0.0 0.0 1.0
vn 0.0 0.0 1.0
vn 0.0 0.0 1.0
vn 0.0 0.0 1.0
vn 0.0 0.0 1.0
vn 0.0 0.0 1.0
vn 0.0 0.0 1.0
vn 0.0 0.0 1.0
vn 0.0 0.0 1.0
vn 0.0 0.0 1.0
vn 0.0 0.0 1.0
vn 0.0 0.0 1.0
vn 0.0 0.0 1.0
vn 0.0 0.0 1.0
vn 0.0 0.0 1.0
vn 0.0 0.0 1.0
vn 0.0 0.0 1.0
vn 0.0 0.0 1.0
vn 0.0 0.0 1.0
vn 0.0 0.0 1.0
vn 0.0 0.0 1.0
vn 0.0 0.0 1.0
vn 0.0 0.0 1.0
vn 0.0 0.0 1.0
vn 0.0 0.0 1.0
vn 0.0 0.0 1.0
vn 0.0 0.0 1.0
vn 0.0 0.0 1.0
vn 0.0 0.0 1.0
vn 0.0 0.0 1.0
vn 0.0 0.0 1.0
vn 0.0 0.0 1.0
vn 0.0 0.0 1.0
vn 0.0 0.0 1.0
vn 0.0 0.0 1.0
vn 0.0 0.0 1.0
vn 0.0 0.0 1.0
vn 0.0 0.0 1.0
vn 0.0 0.0 1.0
vn 0.0 0.0 1.0
vn 0.0 0.0 1.0
vn 0.0 0.0 1.0
vn 0.0 0.0 1.0
vn 0.0 0.0 1.0
vn 0.0 0.0 1.0
vn 0.0 0.0 1.0
vn 0.0 0.0 1.0
vn 0.0 -0.0 1.0
vn 0.0 0.0 1.0
vn 0.0 0.0 1.0
vn 0.0 0.0 1.0
vn 0.0 0.0 1.0
vn 0.0 0.0 1.0
vn 0.0 0.0 1.0
vn 0.0 0.0 1.0
vn 0.0 0.0 1.0
vn 0.0 0.0 1.0
vn 0.0 0.0 1.0
vn 0.0 0.0 1.0
vn 0.0 0.0 1.0
vn 0.0 0.0 1.0
vn 0.0 0.0 1.0
vn 0.0 0.0 1.0
vn 0.0 0.0 1.0
vn 0.0 0.0 1.0
vn 0.0 0.0 1.0
vn 0.0 0.0 1.0
vn 0.0 0.0 1.0
vn 0.0 0.0 1.0
vn 0.0 0.0 1.0
vn 0.0 0.0 1.0
vn 0.0 0.0 1.0
vn 0.0 0.0 1.0
vn 0.0 0.0 1.0
vn 0.0 0.0 1.0
vn 0.0 0.0 1.0
vn 0.0 0.0 1.0
vn 0.0 0.0 1.0
vn 0.0 0.0 1.0
vn 0.0 0.0 1.0
vn 0.0 0.0 1.0
vn 0.0 0.0 1.0
vn 0.0 0.0 1.0
vn 0.0 0.0 1.0
vn 0.0 0.0 1.0
vn 0.0 0.0 1.0
vn 0.0 0.0 1.0
vn 0.0 0.0 1.0
vn 0.0 0.0 1.0
vn 0.0 0.0 1.0
vn 0.0 0.0 1.0
vn 0.0 0.0 1.0
vn 0.0 0.0 1.0
vn 0.0 0.0 1.0
vn 0.0 0.0 1.0
vn 0.0 0.0 1.0
vn 0.0 0.0 1.0
vn 0.0 0.0 1.0
vn 0.0 0.0 1.0
vn 0.0 0.0 1.0
vn 0.0 0.0 1.0
vn 0.0 0.0 1.0
vn 0.0 0.0 1.0
vn 0.0 0.0 1.0
vn 0.0 0.0 1.0
vn 0.0 0.0 1.0
vn 0.0 0.0 1.0
vn 0.0 0.0 1.0
vn 0.0 0.0 1.0
vn 0.0 0.0 1.0
vn 0.0 0.0 1.0
vn 0.0 0.0 1.0
vn 0.0 0.0 1.0
vn 0.0 0.0 1.0
vn 0.0 0.0 1.0
vn 0.0 0.0 1.0
vn 0.0 0.0 1.0
vn 0.0 0.0 1.0
vn 0.0 0.0 1.0
vn 0.0 0.0 1.0
vn 0.0 0.0 1.0
vn 0.0 0.0 1.0
vn 0.0 0.0 1.0
vn 0.0 0.0 1.0
vn 0.0 0.0 1.0
vn 0.0 0.0 1.0
vn 0.0 0.0 1.0
vn 0.0 -0.0 1.0
vn 0.0 0.0 1.0
vn 0.0 0.0 1.0
vn 0.0 0.0 1.0
vn 0.0 0.0 1.0
vn 0.0 0.0 1.0
vn 0.0 0.0 1.0
vn 0.0 -0.0 1.0
vn 0.0 0.0 1.0
vn 0.0 0.0 1.0
vn 0.0 0.0 1.0
vn 0.0 0.0 1.0
vn 0.0 0.0 1.0
vn 0.0 0.0 1.0
vn 0.0 -0.0 1.0
vn 0.0 0.0 1.0
vn 0.0 -0.0 1.0
vn 0.0 -0.0 1.0
vn 0.0 -0.0 1.0
vn 0.0 -0.0 1.0
vn 0.0 -0.0 1.0
vn 0.0 -0.0 1.0
vn 0.0 -0.0 1.0
vn 0.0 -0.0 1.0
vn 0.0 -0.0 1.0
vn 0.0 -0.0 1.0
vn 0.0 -0.0 1.0
vn 0.0 -0.0 1.0
vn 0.0 -0.0 1.0
vn 0.0 -0.0 1.0
vn 0.0 -0.0 1.0
vn 0.0 -0.0 1.0
vn 0.0 -0.0 1.0
vn 0.0 -0.0 1.0
vn 0.0 -0.0 1.0
vn 0.0 -0.0 1.0
vn 0.0 -0.0 1.0
vn 0.0 -0.0 1.0
vn 0.0 -0.0 1.0
vn 0.0 -0.0 1.0
vn 0.0 -0.0 1.0
vn 0.0 -0.0 1.0
vn 0.0 -0.0 1.0
vn 0.0 0.0 1.0
vn 0.0 -0.0 1.0
vn 0.0 -0.0 1.0
vn 0.0 0.0 1.0
vn 0.0 -0.0 1.0
vn 0.0 0.0 1.0
vn 0.0 -0.0 1.0
vn 0.0 -0.0 1.0
vn 0.0 0.0 1.0
vn 0.0 -0.0 1.0
vn 0.0 -0.0 1.0
vn 0.0 0.0 1.0
vn 0.0 0.0 1.0
vn 0.0 0.0 1.0
vn 0.0 0.0 1.0
vn 0.0 0.0 1.0
vn 0.0 0.0 1.0
vn 0.0 0.0 1.0
vn 0.0 0.0 1.0
vn 0.0 0.0 1.0
vn 0.0 0.0 1.0
vn 0.0 0.0 1.0
vn 0.0 0.0 1.0
vn 0.0 0.0 1.0
vn 0.0 0.0 1.0
vn 0.0 0.0 1.0
vn 0.0 0.0 1.0
vn 0.0 0.0 1.0
vn 0.0 0.0 1.0
vn 0.0 0.0 1.0
vn 0.0 0.0 1.0
vn 0.0 0.0 1.0
vn 0.0 0.0 1.0
vn 0.0 -0.0 1.0
vn 0.0 0.0 1.0
vn 0.0 0.0 1.0
vn 0.0 0.0 1.0
vn 0.0 0.0 1.0
vn 0.0 0.0 1.0
vn 0.0 0.0 1.0
vn 0.0 0.0 1.0
vn 0.0 0.0 1.0
vn 0.0 0.0 1.0
vn 0.0 0.0 1.0
vn 0.0 0.0 1.0
vn 0.0 0.0 1.0
vn 0.0 0.0 1.0
vn 0.0 0.0 1.0
vn 0.0 0.0 1.0
vn 0.0 0.0 1.0
vn 0.0 0.0 1.0
vn 0.0 0.0 1.0
vn 0.0 0.0 1.0
vn 0.0 0.0 1.0
vn 0.0 0.0 1.0
vn 0.0 0.0 1.0
vn 0.0 0.0 1.0
vn 0.0 0.0 1.0
vn 0.0 0.0 1.0
vn 0.0 0.0 1.0
vn 0.0 0.0 1.0
vn 0.0 0.0 1.0
vn 0.0 -0.0 1.0
vn 0.0 -0.0 1.0
vn 0.0 0.0 1.0
vn 0.0 -0.0 1.0
vn 0.0 0.999417 0.034151
vn 0.0 0.999417 0.034151
vn 0.0 0.99476 0.102237
vn 0.0 0.99476 0.102237
vn 0.0 0.985456 0.169931
vn 0.0 0.985456 0.169931
vn 0.0 0.971567 0.236765
vn 0.0 0.971567 0.236765
vn 0.0 0.953148 0.302504
vn 0.0 0.953148 0.302504
vn 0.0 0.930274 0.366866
vn 0.0 0.930274 0.366866
vn 0.0 0.903073 0.429488
vn 0.0 0.903073 0.429488
vn 0.0 0.87166 0.490111
vn 0.0 0.87166 0.490111
vn 0.0 0.836181 0.548454
vn 0.0 0.836181 0.548454
vn 0.0 0.796801 0.604242
vn 0.0 0.796801 0.604242
vn 0.0 0.753726 0.657189
vn 0.0 0.753726 0.657189
vn 0.0 0.707096 0.707118
vn 0.0 0.707096 0.707118
vn 0.0 0.657212 0.753706
vn 0.0 0.657212 0.753706
vn 0.0 0.604242 0.796801
vn 0.0 0.604242 0.796801
vn 0.0 0.548454 0.836181
vn 0.0 0.548454 0.836181
vn 0.0 0.490095 0.871669
vn 0.0 0.490095 0.871669
vn 0.0 0.429496 0.903069
vn 0.0 0.429496 0.903069
vn 0.0 0.366866 0.930274
vn 0.0 0.366866 0.930274
vn 0.0 0.302504 0.953148
vn 0.0 0.302504 0.953148
vn 0.0 0.23676 0.971568
vn 0.0 0.23676 0.971568
vn 0.0 0.169906 0.98546
vn 0.0 0.169906 0.98546
vn 0.0 0.102258 0.994758
vn 0.0 0.102258 0.994758
vn 0.0 0.034152 0.999417
vn 0.0 0.034152 0.999417
vn 0.0 -0.034152 0.999417
vn 0.0 -0.034152 0.999417
vn 0.0 -0.102258 0.994758
vn 0.0 -0.102258 0.994758
vn 0.0 -0.169906 0.98546
vn 0.0 -0.169906 0.98546
vn 0.0 -0.23676 0.971568
vn 0.0 -0.23676 0.971568
vn 0.0 -0.302504 0.953148
vn 0.0 -0.302504 0.953148
vn 0.0 -0.366866 0.930274
vn 0.0 -0.366866 0.930274
vn 0.0 -0.429496 0.903069
vn 0.0 -0.429496 0.903069
vn 0.0 -0.490095 0.871669
vn 0.0 -0.490095 0.871669
vn 0.0 -0.548454 0.836181
vn 0.0 -0.548454 0.836181
vn 0.0 -0.604242 0.796801
vn 0.0 -0.604242 0.796801
vn 0.0 -0.657212 0.753706
vn 0.0 -0.657212 0.753706
vn 0.0 -0.707096 0.707118
vn 0.0 -0.707096 0.707118
vn 0.0 -0.753726 0.657189
vn 0.0 -0.753726 0.657189
vn 0.0 -0.796801 0.604242
vn 0.0 -0.796801 0.604242
vn 0.0 -0.836181 0.548454
vn 0.0 -0.836181 0.548454
vn 0.0 -0.87166 0.490111
vn 0.0 -0.87166 0.490111
vn 0.0 -0.903073 0.429488
vn 0.0 -0.903073 0.429488
vn 0.0 -0.930274 0.366866
vn 0.0 -0.930274 0.366866
vn 0.0 -0.953148 0.302504
vn 0.0 -0.953148 0.302504
vn 0.0 -0.971567 0.236765
vn 0.0 -0.971567 0.236765
vn 0.0 -0.985456 0.169931
vn 0.0 -0.985456 0.169931
vn 0.0 -0.99476 0.102237
vn 0.0 -0.99476 0.102237
vn 0.0 -0.999417 0.034151
vn 0.0 -0.999417 0.034151
vn -0.0 -0.999417 -0.034151
vn 0.0 -0.999417 -0.034151
vn 0.0 -0.99476 -0.102237
vn -0.0 -0.99476 -0.102237
vn 0.0 -0.985456 -0.169931
vn -0.0 -0.985456 -0.169931
vn 0.0 -0.971567 -0.236765
vn -0.0 -0.971567 -0.236765
vn 0.0 -0.953148 -0.302504
vn -0.0 -0.953148 -0.302504
vn 0.0 -0.930274 -0.366866
vn -0.0 -0.930274 -0.366866
vn 0.0 -0.903073 -0.429488
vn -0.0 -0.903073 -0.429488
vn 0.0 -0.87166 -0.490111
vn -0.0 -0.87166 -0.490111
vn 0.0 -0.836181 -0.548454
vn -0.0 -0.836181 -0.548454
vn 0.0 -0.796801 -0.604242
vn -0.0 -0.796801 -0.604242
vn 0.0 -0.753726 -0.657189
vn -0.0 -0.753726 -0.657189
vn 0.0 -0.707096 -0.707118
vn -0.0 -0.707096 -0.707118
vn 0.0 -0.657212 -0.753706
vn -0.0 -0.657212 -0.753706
vn 0.0 -0.604242 -0.796801
vn -0.0 -0.604242 -0.796801
vn 0.0 -0.548454 -0.836181
vn -0.0 -0.548454 -0.836181
vn 0.0 -0.490103 -0.871665
vn -0.0 -0.490103 -0.871665
vn 0.0 -0.429487 -0.903073
vn -0.0 -0.429487 -0.903073
vn 0.0 -0.366856 -0.930278
vn -0.0 -0.366856 -0.930278
vn 0.0 -0.302514 -0.953145
vn -0.0 -0.302514 -0.953145
vn 0.0 -0.23676 -0.971568
vn -0.0 -0.23676 -0.971568
vn 0.0 -0.169906 -0.98546
vn -0.0 -0.169906 -0.98546
vn 0.0 -0.102269 -0.994757
vn -0.0 -0.102269 -0.994757
vn 0.0 -0.034141 -0.999417
vn -0.0 -0.034141 -0.999417
vn 0.0 0.034141 -0.999417
vn 0.0 0.034141 -0.999417
vn 0.0 0.102269 -0.994757
vn 0.0 0.102269 -0.994757
vn 0.0 0.169906 -0.98546
vn 0.0 0.169906 -0.98546
vn 0.0 0.23676 -0.971568
vn 0.0 0.23676 -0.971568
vn 0.0 0.302514 -0.953145
vn 0.0 0.302514 -0.953145
vn 0.0 0.366856 -0.930278
vn 0.0 0.366856 -0.930278
vn 0.0 0.429487 -0.903073
vn 0.0 0.429487 -0.903073
vn 0.0 0.490103 -0.871665
vn 0.0 0.490103 -0.871665
vn 0.0 0.548454 -0.836181
vn 0.0 0.548454 -0.836181
vn 0.0 0.604242 -0.796801
vn 0.0 0.604242 -0.796801
vn 0.0 0.657212 -0.753706
vn 0.0 0.657212 -0.753706
vn 0.0 0.707096 -0.707118
vn 0.0 0.707096 -0.707118
vn 0.0 0.753726 -0.657189
vn 0.0 0.753726 -0.657189
vn 0.0 0.796801 -0.604242
vn 0.0 0.836181 -0.548454
vn 0.0 0.796801 -0.604242
vn 0.0 0.836181 -0.548454
vn 0.0 0.87166 -0.490111
vn 0.0 0.87166 -0.490111
vn 0.0 0.903073 -0.429488
vn 0.0 0.903073 -0.429488
vn 0.0 0.930274 -0.366866
vn 0.0 0.953148 -0.302504
vn 0.0 0.930274 -0.366866
vn 0.0 0.953148 -0.302504
vn 0.0 0.971567 -0.236765
vn 0.0 0.971567 -0.236765
vn 0.0 0.985456 -0.169931
vn 0.0 0.99476 -0.102237
vn 0.0 0.985456 -0.169931
vn 0.0 0.999417 -0.034151
vn 0.0 0.99476 -0.102237
vn 0.0 0.999417 -0.034151
vn 0.0 -0.0 -1.0
vn 0.0 0.0 -1.0
vn 0.0 -1.0 0.0
vn 0.0 -1.0 0.0
vn 0.0 0.0 1.0
vn 0.0 0.0 1.0
vn 0.0 0.978148 0.207912
vn -0.0 0.978148 0.207912
vn -0.0 0.988093 0.153861
vn 0.0 0.988093 0.153861
vn -0.0 0.994111 0.108368
vn 0.0 0.994111 0.108368
vn -0.0 0.998034 0.062667
vn 0.0 0.998034 0.062667
vn -0.0 0.999859 0.01679
vn 0.0 0.999859 0.01679
vn 0.0 0.999577 -0.029087
vn 0.0 0.999577 -0.029087
vn 0.0 0.997193 -0.074877
vn 0.0 0.997193 -0.074877
vn 0.0 0.992704 -0.120576
vn 0.0 0.992704 -0.120576
vn 0.0 0.986129 -0.165981
vn 0.0 0.986129 -0.165981
vn 0.0 0.97748 -0.21103
vn 0.0 0.97748 -0.21103
vn 0.0 0.966772 -0.255638
vn 0.0 0.966772 -0.255638
vn 0.0 0.954021 -0.299739
vn 0.0 0.954021 -0.299739
vn 0.0 0.939275 -0.343164
vn 0.0 0.939275 -0.343164
vn 0.0 0.922536 -0.385911
vn 0.0 0.922536 -0.385911
vn 0.0 0.903862 -0.427825
vn 0.0 0.903862 -0.427825
vn 0.0 0.883294 -0.46882
vn 0.0 0.883294 -0.46882
vn 0.0 0.860855 -0.508851
vn 0.0 0.860855 -0.508851
vn 0.0 0.836615 -0.547791
vn 0.0 0.836615 -0.547791
vn 0.0 0.810592 -0.585611
vn 0.0 0.810592 -0.585611
vn 0.0 0.782892 -0.622158
vn 0.0 0.782892 -0.622158
vn 0.0 0.753508 -0.657439
vn 0.0 0.753508 -0.657439
vn 0.0 0.722571 -0.691296
vn 0.0 0.722571 -0.691296
vn 0.0 0.690087 -0.723727
vn 0.0 0.690087 -0.723727
vn 0.0 0.656174 -0.754609
vn 0.0 0.656174 -0.754609
vn 0.0 0.620872 -0.783912
vn 0.0 0.620872 -0.783912
vn 0.0 0.584244 -0.811578
vn 0.0 0.584244 -0.811578
vn 0.0 0.546415 -0.837514
vn 0.0 0.546415 -0.837514
vn 0.0 0.507412 -0.861704
vn 0.0 0.507412 -0.861704
vn 0.0 0.467353 -0.884071
vn 0.0 0.467353 -0.884071
vn 0.0 0.426306 -0.904579
vn 0.0 0.426306 -0.904579
vn 0.0 0.384364 -0.923182
vn 0.0 0.384364 -0.923182
vn 0.0 0.341604 -0.939844
vn 0.0 0.341604 -0.939844
vn 0.0 0.29815 -0.954519
vn 0.0 0.29815 -0.954519
vn 1.0 0.0 0.0
vn 1.0 0.0 0.0
vn 1.0 0.0 0.0
vn 1.0 0.0 0.0
vn 1.0 0.0 0.0
vn 1.0 0.0 0.0
vn 1.0 -0.0 0.0
vn 1.0 0.0 0.0
vn 1.0 0.0 0.0
vn 1.0 0.0 0.0
vn 1.0 -0.0 0.0
vn 1.0 0.0 0.0
vn 1.0 0.0 0.0
vn 1.0 0.0 0.0
vn 1.0 0.0 0.0
vn 1.0 -0.0 0.0
vn 1.0 0.0 0.0
vn 1.0 0.0 0.0
vn 1.0 0.0 0.0
vn 1.0 0.0 0.0
vn 1.0 -0.0 0.0
vn 1.0 0.0 0.0
vn 1.0 0.0 0.0
vn 1.0 0.0 0.0
vn 1.0 0.0 0.0
vn 1.0 -0.0 0.0
vn 1.0 0.0 0.0
vn 1.0 0.0 0.0
vn 1.0 0.0 0.0
vn 1.0 0.0 0.0
vn 1.0 -0.0 0.0
vn 1.0 0.0 0.0
vn 1.0 0.0 0.0
vn 1.0 0.0 0.0
vn 1.0 -0.0 0.0
vn 1.0 0.0 0.0
vn 1.0 0.0 0.0
vn 1.0 0.0 0.0
vn 1.0 -0.0 0.0
vn 1.0 0.0 0.0
vn 1.0 0.0 0.0
vn 1.0 -0.0 0.0
vn 1.0 0.0 0.0
vn 1.0 0.0 0.0
vn 1.0 0.0 0.0
vn 1.0 -0.0 0.0
vn 1.0 0.0 0.0
vn 1.0 0.0 0.0
vn 1.0 -0.0 0.0
vn 1.0 0.0 0.0
vn 1.0 -0.0 0.0
vn 1.0 0.0 0.0
vn 1.0 0.0 0.0
vn 1.0 -0.0 0.0
vn 1.0 0.0 0.0
vn 1.0 -0.0 0.0
vn 1.0 0.0 0.0
vn 1.0 0.0 0.0
vn 1.0 0.0 0.0
vn 1.0 -0.0 0.0
vn 1.0 0.0 0.0
vn 1.0 -0.0 0.0
vn 1.0 0.0 0.0
vn 1.0 -0.0 0.0
vn 1.0 0.0 0.0
vn 1.0 0.0 0.0
vn 1.0 0.0 0.0
vn 1.0 0.0 0.0
vn 1.0 0.0 0.0
vn 1.0 0.0 0.0
vn 1.0 0.0 0.0
vn 1.0 0.0 0.0
vn 1.0 0.0 0.0
vn 1.0 0.0 0.0
vn 1.0 0.0 0.0
vn 1.0 0.0 0.0
vn 1.0 0.0 0.0
vn 1.0 0.0 0.0
vn 1.0 0.0 0.0
vn 1.0 0.0 0.0
vn 1.0 0.0 0.0
vn 1.0 0.0 0.0
vn 1.0 0.0 0.0
vn 1.0 0.0 0.0
vn 1.0 0.0 0.0
vn 1.0 0.0 0.0
vn 1.0 0.0 0.0
vn 1.0 0.0 0.0
vn 1.0 0.0 0.0
vn 1.0 0.0 0.0
vn 1.0 0.0 0.0
vn 1.0 0.0 0.0
vn 1.0 0.0 0.0
vn 1.0 0.0 0.0
vn 1.0 0.0 0.0
vn 1.0 0.0 0.0
vn 1.0 0.0 0.0
vn 1.0 0.0 0.0
vn 1.0 0.0 0.0
vn 1.0 0.0 0.0
vn 1.0 0.0 0.0
vn 1.0 0.0 0.0
vn 1.0 0.0 0.0
vn 1.0 0.0 0.0
vn 1.0 0.0 0.0
vn 1.0 0.0 0.0
vn 1.0 0.0 0.0
vn 1.0 0.0 0.0
vn 1.0 0.0 0.0
vn 1.0 0.0 0.0
vn 1.0 0.0 0.0
vn 1.0 0.0 0.0
vn 1.0 0.0 0.0
vn 1.0 0.0 0.0
vn 1.0 -0.0 0.0
vn 1.0 0.0 0.0
vn 1.0 0.0 0.0
vn 1.0 0.0 0.0
vn 1.0 0.0 0.0
vn 1.0 0.0 0.0
vn 1.0 0.0 0.0
vn 1.0 0.0 0.0
vn 1.0 0.0 0.0
vn 1.0 0.0 0.0
vn 1.0 0.0 0.0
vn 1.0 0.0 0.0
vn 1.0 0.0 0.0
vn 1.0 0.0 0.0
vn -1.0 0.0 0.0
vn -1.0 0.0 0.0
vn -1.0 0.0 0.0
vn -1.0 0.0 0.0
vn -1.0 0.0 0.0
vn -1.0 0.0 0.0
vn -1.0 0.0 0.0
vn -1.0 0.0 0.0
vn -1.0 0.0 0.0
vn -1.0 0.0 0.0
vn -1.0 0.0 0.0
vn -1.0 0.0 0.0
vn -1.0 0.0 0.0
vn -1.0 0.0 0.0
vn -1.0 0.0 0.0
vn -1.0 0.0 0.0
vn -1.0 0.0 0.0
vn -1.0 0.0 0.0
vn -1.0 0.0 0.0
vn -1.0 0.0 0.0
vn -1.0 0.0 0.0
vn -1.0 0.0 0.0
vn -1.0 0.0 0.0
vn -1.0 0.0 0.0
vn -1.0 0.0 0.0
vn -1.0 0.0 0.0
vn -1.0 0.0 0.0
vn -1.0 0.0 0.0
vn -1.0 0.0 0.0
vn -1.0 0.0 0.0
vn -1.0 0.0 0.0
vn -1.0 0.0 0.0
vn -1.0 0.0 0.0
vn -1.0 0.0 0.0
vn -1.0 0.0 0.0
vn -1.0 0.0 0.0
vn -1.0 0.0 0.0
vn -1.0 0.0 0.0
vn -1.0 0.0 0.0
vn -1.0 0.0 0.0
vn -1.0 0.0 0.0
vn -1.0 0.0 0.0
vn -1.0 0.0 0.0
vn -1.0 0.0 0.0
vn -1.0 0.0 0.0
vn -1.0 0.0 0.0
vn -1.0 0.0 0.0
vn -1.0 0.0 0.0
vn -1.0 0.0 0.0
vn -1.0 0.0 0.0
vn -1.0 0.0 0.0
vn -1.0 0.0 0.0
vn -1.0 0.0 0.0
vn -1.0 0.0 0.0
vn -1.0 0.0 0.0
vn -1.0 0.0 0.0
vn -1.0 0.0 0.0
vn -1.0 0.0 0.0
vn -1.0 0.0 0.0
vn -1.0 0.0 0.0
vn -1.0 0.0 0.0
vn -1.0 0.0 0.0
vn -1.0 0.0 0.0
vn -1.0 0.0 0.0
vn -1.0 0.0 0.0
vn -1.0 0.0 0.0
vn -1.0 0.0 0.0
vn -1.0 0.0 0.0
vn -1.0 0.0 0.0
vn -1.0 0.0 0.0
vn -1.0 0.0 0.0
vn -1.0 0.0 0.0
vn -1.0 0.0 0.0
vn -1.0 0.0 0.0
vn -1.0 0.0 0.0
vn -1.0 0.0 0.0
vn -1.0 0.0 0.0
vn -1.0 0.0 0.0
vn -1.0 0.0 0.0
vn -1.0 0.0 0.0
vn -1.0 0.0 0.0
vn -1.0 0.0 0.0
vn -1.0 0.0 0.0
vn -1.0 0.0 0.0
vn -1.0 0.0 0.0
vn -1.0 0.0 0.0
vn -1.0 0.0 0.0
vn -1.0 0.0 0.0
vn -1.0 0.0 0.0
vn -1.0 0.0 0.0
vn -1.0 0.0 0.0
vn -1.0 0.0 0.0
vn -1.0 0.0 0.0
vn -1.0 0.0 0.0
vn -1.0 0.0 0.0
vn -1.0 0.0 0.0
vn -1.0 0.0 0.0
vn -1.0 0.0 0.0
vn -1.0 0.0 0.0
vn -1.0 0.0 0.0
vn -1.0 0.0 0.0
vn -1.0 0.0 0.0
vn -1.0 0.0 0.0
vn -1.0 0.0 0.0
vn -1.0 0.0 0.0
vn -1.0 0.0 0.0
vn -1.0 0.0 0.0
vn -1.0 0.0 0.0
vn -1.0 0.0 0.0
vn -1.0 0.0 0.0
vn -1.0 0.0 0.0
vn -1.0 0.0 0.0
vn -1.0 0.0 0.0
vn -1.0 0.0 0.0
vn -1.0 0.0 0.0
vn -1.0 0.0 0.0
vn -1.0 0.0 0.0
vn -1.0 0.0 0.0
vn -1.0 0.0 0.0
vn -1.0 0.0 0.0
vn -1.0 0.0 0.0
vn -1.0 0.0 0.0
vn -1.0 0.0 0.0
vn -1.0 0.0 0.0
vn -1.0 0.0 0.0
vn -1.0 0.0 0.0
vn -1.0 0.0 0.0
vn -1.0 0.0 0.0
vn 0.0 -0.999417 0.034151
vn 0.0 -0.999417 0.034151
vn 0.0 -0.99476 0.102237
vn 0.0 -0.99476 0.102237
vn 0.0 -0.985456 0.169931
vn 0.0 -0.985456 0.169931
vn 0.0 -0.971567 0.236765
vn 0.0 -0.971567 0.236765
vn 0.0 -0.953148 0.302504
vn 0.0 -0.953148 0.302504
vn 0.0 -0.930274 0.366866
vn 0.0 -0.930274 0.366866
vn 0.0 -0.903073 0.429488
vn 0.0 -0.903073 0.429488
vn 0.0 -0.87166 0.490111
vn 0.0 -0.87166 0.490111
vn 0.0 -0.836181 0.548454
vn 0.0 -0.836181 0.548454
vn 0.0 -0.796801 0.604242
vn 0.0 -0.796801 0.604242
vn 0.0 -0.753726 0.657189
vn 0.0 -0.753726 0.657189
vn 0.0 -0.707096 0.707118
vn 0.0 -0.707096 0.707118
vn 0.0 -0.657212 0.753706
vn 0.0 -0.657212 0.753706
vn 0.0 -0.604242 0.796801
vn 0.0 -0.604242 0.796801
vn 0.0 -0.548454 0.836181
vn 0.0 -0.548454 0.836181
vn 0.0 -0.490095 0.871669
vn 0.0 -0.490095 0.871669
vn 0.0 -0.429496 0.903069
vn 0.0 -0.429496 0.903069
vn 0.0 -0.366866 0.930274
vn 0.0 -0.366866 0.930274
vn 0.0 -0.302504 0.953148
vn 0.0 -0.302504 0.953148
vn 0.0 -0.23676 0.971568
vn 0.0 -0.23676 0.971568
vn 0.0 -0.169906 0.98546
vn 0.0 -0.169906 0.98546
vn 0.0 -0.102258 0.994758
vn 0.0 -0.102258 0.994758
vn 0.0 -0.034152 0.999417
vn 0.0 -0.034152 0.999417
vn 0.0 0.034152 0.999417
vn -0.0 0.034152 0.999417
vn 0.0 0.102258 0.994758
vn -0.0 0.102258 0.994758
vn 0.0 0.169906 0.98546
vn -0.0 0.169906 0.98546
vn -0.0 0.23676 0.971568
vn 0.0 0.23676 0.971568
vn -0.0 0.302504 0.953148
vn 0.0 0.302504 0.953148
vn -0.0 0.366866 0.930274
vn 0.0 0.366866 0.930274
vn -0.0 0.429496 0.903069
vn 0.0 0.429496 0.903069
vn -0.0 0.490095 0.871669
vn 0.0 0.490095 0.871669
vn -0.0 0.548454 0.836181
vn 0.0 0.548454 0.836181
vn -0.0 0.604242 0.796801
vn 0.0 0.604242 0.796801
vn -0.0 0.657212 0.753706
vn 0.0 0.657212 0.753706
vn -0.0 0.707096 0.707118
vn 0.0 0.707096 0.707118
vn 0.0 0.753726 0.657189
vn -0.0 0.753726 0.657189
vn 0.0 0.796801 0.604242
vn -0.0 0.796801 0.604242
vn 0.0 0.836181 0.548454
vn -0.0 0.836181 0.548454
vn 0.0 0.87166 0.490111
vn -0.0 0.87166 0.490111
vn 0.0 0.903073 0.429488
vn -0.0 0.903073 0.429488
vn 0.0 0.930274 0.366866
vn -0.0 0.930274 0.366866
vn 0.0 0.953148 0.302504
vn -0.0 0.953148 0.302504
vn 0.0 0.971567 0.236765
vn -0.0 0.971567 0.236765
vn 0.0 0.985456 0.169931
vn -0.0 0.985456 0.169931
vn 0.0 0.99476 0.102237
vn -0.0 0.99476 0.102237
vn 0.0 0.999417 0.034151
vn -0.0 0.999417 0.034151
vn 0.0 0.999417 -0.034151
vn 0.0 0.999417 -0.034151
vn 0.0 0.99476 -0.102237
vn 0.0 0.99476 -0.102237
vn 0.0 0.985456 -0.169931
vn 0.0 0.985456 -0.169931
vn 0.0 0.971567 -0.236765
vn 0.0 0.971567 -0.236765
vn 0.0 0.953148 -0.302504
vn 0.0 0.953148 -0.302504
vn 0.0 0.930274 -0.366866
vn 0.0 0.930274 -0.366866
vn 0.0 0.903073 -0.429488
vn 0.0 0.903073 -0.429488
vn 0.0 0.87166 -0.490111
vn 0.0 0.87166 -0.490111
vn 0.0 0.836181 -0.548454
vn 0.0 0.836181 -0.548454
vn 0.0 0.796801 -0.604242
vn 0.0 0.796801 -0.604242
vn 0.0 0.753726 -0.657189
vn 0.0 0.753726 -0.657189
vn 0.0 0.707096 -0.707118
vn 0.0 0.707096 -0.707118
vn 0.0 0.657212 -0.753706
vn 0.0 0.657212 -0.753706
vn 0.0 0.604242 -0.796801
vn 0.0 0.604242 -0.796801
vn 0.0 0.548454 -0.836181
vn 0.0 0.548454 -0.836181
vn 0.0 0.490103 -0.871665
vn 0.0 0.490103 -0.871665
vn 0.0 0.429487 -0.903073
vn 0.0 0.429487 -0.903073
vn 0.0 0.366856 -0.930278
vn 0.0 0.366856 -0.930278
vn 0.0 0.302514 -0.953145
vn 0.0 0.302514 -0.953145
vn 0.0 0.23676 -0.971568
vn 0.0 0.23676 -0.971568
vn 0.0 0.169906 -0.98546
vn 0.0 0.169906 -0.98546
vn 0.0 0.102269 -0.994757
vn 0.0 0.102269 -0.994757
vn 0.0 0.034141 -0.999417
vn 0.0 0.034141 -0.999417
vn 0.0 -0.034141 -0.999417
vn 0.0 -0.034141 -0.999417
vn 0.0 -0.102269 -0.994757
vn 0.0 -0.102269 -0.994757
vn 0.0 -0.169906 -0.98546
vn 0.0 -0.169906 -0.98546
vn 0.0 -0.23676 -0.971568
vn 0.0 -0.23676 -0.971568
vn 0.0 -0.302514 -0.953145
vn 0.0 -0.302514 -0.953145
vn -0.0 -0.366856 -0.930278
vn 0.0 -0.366856 -0.930278
vn 0.0 -0.429487 -0.903073
vn 0.0 -0.429487 -0.903073
vn 0.0 -0.490103 -0.871665
vn 0.0 -0.490103 -0.871665
vn 0.0 -0.548454 -0.836181
vn 0.0 -0.548454 -0.836181
vn 0.0 -0.604242 -0.796801
vn 0.0 -0.604242 -0.796801
vn 0.0 -0.657212 -0.753706
vn 0.0 -0.657212 -0.753706
vn 0.0 -0.707096 -0.707118
vn 0.0 -0.707096 -0.707118
vn 0.0 -0.753726 -0.657189
vn 0.0 -0.753726 -0.657189
vn 0.0 -0.796801 -0.604242
vn -0.0 -0.836181 -0.548454
vn 0.0 -0.796801 -0.604242
vn 0.0 -0.836181 -0.548454
vn 0.0 -0.87166 -0.490111
vn 0.0 -0.87166 -0.490111
vn 0.0 -0.903073 -0.429488
vn 0.0 -0.903073 -0.429488
vn 0.0 -0.930274 -0.366866
vn -0.0 -0.953148 -0.302504
vn 0.0 -0.930274 -0.366866
vn 0.0 -0.953148 -0.302504
vn 0.0 -0.971567 -0.236765
vn 0.0 -0.971567 -0.236765
vn 0.0 -0.985456 -0.169931
vn -0.0 -0.99476 -0.102237
vn 0.0 -0.985456 -0.169931
vn -0.0 -0.999417 -0.034151
vn 0.0 -0.99476 -0.102237
vn 0.0 -0.999417 -0.034151
vn 0.0 0.0 -1.0
vn 0.0 0.0 -1.0
vn 0.0 1.0 0.0
vn 0.0 1.0 -0.0
vn 0.0 0.0 1.0
vn 0.0 0.0 1.0
vn 0.0 -0.978148 0.207912
vn 0.0 -0.978148 0.207912
vn 0.0 -0.988093 0.153861
vn 0.0 -0.988093 0.153861
vn 0.0 -0.994111 0.108368
vn 0.0 -0.994111 0.108368
vn 0.0 -0.998034 0.062667
vn 0.0 -0.998034 0.062667
vn 0.0 -0.999859 0.01679
vn 0.0 -0.999859 0.01679
vn -0.0 -0.999577 -0.029087
vn 0.0 -0.999577 -0.029087
vn -0.0 -0.997193 -0.074877
vn 0.0 -0.997193 -0.074877
vn -0.0 -0.992704 -0.120576
vn 0.0 -0.992704 -0.120576
vn 0.0 -0.986129 -0.165981
vn -0.0 -0.986129 -0.165981
vn 0.0 -0.97748 -0.21103
vn -0.0 -0.97748 -0.21103
vn 0.0 -0.966772 -0.255638
vn -0.0 -0.966772 -0.255638
vn 0.0 -0.954021 -0.299739
vn -0.0 -0.954021 -0.299739
vn 0.0 -0.939275 -0.343164
vn -0.0 -0.939275 -0.343164
vn -0.0 -0.922536 -0.385911
vn 0.0 -0.922536 -0.385911
vn 0.0 -0.903862 -0.427825
vn -0.0 -0.903862 -0.427825
vn -0.0 -0.883294 -0.46882
vn 0.0 -0.883294 -0.46882
vn -0.0 -0.860855 -0.508851
vn 0.0 -0.860855 -0.508851
vn -0.0 -0.836615 -0.547791
vn 0.0 -0.836615 -0.547791
vn -0.0 -0.810592 -0.585611
vn 0.0 -0.810592 -0.585611
vn -0.0 -0.782892 -0.622158
vn 0.0 -0.782892 -0.622158
vn -0.0 -0.753508 -0.657439
vn 0.0 -0.753508 -0.657439
vn -0.0 -0.722571 -0.691296
vn 0.0 -0.722571 -0.691296
vn -0.0 -0.690087 -0.723727
vn 0.0 -0.690087 -0.723727
vn -0.0 -0.656174 -0.754609
vn 0.0 -0.656174 -0.754609
vn -0.0 -0.620872 -0.783912
vn 0.0 -0.620872 -0.783912
vn -0.0 -0.584244 -0.811578
vn 0.0 -0.584244 -0.811578
vn -0.0 -0.546415 -0.837514
vn 0.0 -0.546415 -0.837514
vn -0.0 -0.507412 -0.861704
vn 0.0 -0.507412 -0.861704
vn -0.0 -0.467353 -0.884071
vn 0.0 -0.467353 -0.884071
vn -0.0 -0.426306 -0.904579
vn 0.0 -0.426306 -0.904579
vn -0.0 -0.384364 -0.923182
vn 0.0 -0.384364 -0.923182
vn -0.0 -0.341604 -0.939844
vn 0.0 -0.341604 -0.939844
vn -0.0 -0.29815 -0.954519
vn 0.0 -0.29815 -0.954519
vn -1.0 0.0 0.0
vn -1.0 0.0 0.0
vn -1.0 0.0 0.0
vn -1.0 0.0 -0.0
vn -1.0 0.0 0.0
vn -1.0 0.0 0.0
vn -1.0 -0.0 0.0
vn -1.0 0.0 0.0
vn -1.0 0.0 -0.0
vn -1.0 0.0 0.0
vn -1.0 -0.0 0.0
vn -1.0 0.0 -0.0
vn -1.0 0.0 0.0
vn -1.0 0.0 0.0
vn -1.0 0.0 0.0
vn -1.0 -0.0 0.0
vn -1.0 0.0 0.0
vn -1.0 0.0 0.0
vn -1.0 0.0 -0.0
vn -1.0 0.0 0.0
vn -1.0 -0.0 0.0
vn -1.0 0.0 0.0
vn -1.0 0.0 -0.0
vn -1.0 0.0 0.0
vn -1.0 0.0 0.0
vn -1.0 -0.0 0.0
vn -1.0 0.0 -0.0
vn -1.0 0.0 0.0
vn -1.0 0.0 0.0
vn -1.0 0.0 0.0
vn -1.0 -0.0 0.0
vn -1.0 0.0 0.0
vn -1.0 0.0 -0.0
vn -1.0 0.0 0.0
vn -1.0 -0.0 0.0
vn -1.0 0.0 -0.0
vn -1.0 0.0 0.0
vn -1.0 0.0 0.0
vn -1.0 -0.0 0.0
vn -1.0 0.0 0.0
vn -1.0 0.0 -0.0
vn -1.0 -0.0 0.0
vn -1.0 0.0 0.0
vn -1.0 0.0 0.0
vn -1.0 0.0 -0.0
vn -1.0 -0.0 0.0
vn -1.0 0.0 0.0
vn -1.0 0.0 -0.0
vn -1.0 -0.0 0.0
vn -1.0 0.0 0.0
vn -1.0 -0.0 0.0
vn -1.0 0.0 -0.0
vn -1.0 0.0 0.0
vn -1.0 -0.0 0.0
vn -1.0 0.0 0.0
vn -1.0 -0.0 0.0
vn -1.0 0.0 0.0
vn -1.0 0.0 0.0
vn -1.0 0.0 0.0
vn -1.0 -0.0 0.0
vn -1.0 0.0 0.0
vn -1.0 -0.0 0.0
vn -1.0 0.0 0.0
vn -1.0 -0.0 0.0
vn -1.0 0.0 0.0
vn -1.0 0.0 0.0
vn -1.0 0.0 0.0
vn -1.0 0.0 0.0
vn -1.0 0.0 0.0
vn -1.0 0.0 0.0
vn -1.0 0.0 0.0
vn -1.0 0.0 0.0
vn -1.0 0.0 0.0
vn -1.0 0.0 0.0
vn -1.0 0.0 0.0
vn -1.0 0.0 0.0
vn -1.0 0.0 0.0
vn -1.0 0.0 0.0
vn -1.0 0.0 0.0
vn -1.0 0.0 0.0
vn -1.0 0.0 0.0
vn -1.0 0.0 0.0
vn -1.0 0.0 0.0
vn -1.0 0.0 0.0
vn -1.0 0.0 0.0
vn -1.0 0.0 0.0
vn -1.0 0.0 0.0
vn -1.0 0.0 0.0
vn -1.0 0.0 0.0
vn -1.0 0.0 0.0
vn -1.0 0.0 0.0
vn -1.0 0.0 0.0
vn -1.0 0.0 0.0
vn -1.0 0.0 0.0
vn -1.0 0.0 0.0
vn -1.0 0.0 0.0
vn -1.0 0.0 0.0
vn -1.0 0.0 0.0
vn -1.0 0.0 0.0
vn -1.0 0.0 0.0
vn -1.0 0.0 -0.0
vn -1.0 0.0 0.0
vn -1.0 0.0 0.0
vn -1.0 0.0 0.0
vn -1.0 0.0 0.0
vn -1.0 0.0 0.0
vn -1.0 0.0 0.0
vn -1.0 0.0 0.0
vn -1.0 0.0 0.0
vn -1.0 0.0 0.0
vn -1.0 0.0 0.0
vn -1.0 0.0 0.0
vn -1.0 0.0 0.0
vn -1.0 0.0 0.0
vn -1.0 -0.0 0.0
vn -1.0 0.0 0.0
vn -1.0 0.0 0.0
vn -1.0 0.0 0.0
vn -1.0 0.0 0.0
vn -1.0 0.0 0.0
vn -1.0 0.0 0.0
vn -1.0 0.0 0.0
vn -1.0 0.0 0.0
vn -1.0 0.0 0.0
vn -1.0 0.0 0.0
vn -1.0 0.0 0.0
vn -1.0 0.0 0.0
vn -1.0 0.0 -0.0
vn 1.0 0.0 -0.0
vn 1.0 0.0 -0.0
vn 1.0 0.0 0.0
vn 1.0 0.0 -0.0
vn 1.0 0.0 0.0
vn 1.0 0.0 -0.0
vn 1.0 0.0 0.0
vn 1.0 0.0 0.0
vn 1.0 0.0 -0.0
vn 1.0 0.0 0.0
vn 1.0 0.0 -0.0
vn 1.0 0.0 0.0
vn 1.0 0.0 -0.0
vn 1.0 0.0 0.0
vn 1.0 0.0 -0.0
vn 1.0 0.0 0.0
vn 1.0 0.0 -0.0
vn 1.0 0.0 0.0
vn 1.0 0.0 0.0
vn 1.0 0.0 0.0
vn 1.0 0.0 -0.0
vn 1.0 0.0 0.0
vn 1.0 0.0 0.0
vn 1.0 0.0 -0.0
vn 1.0 0.0 0.0
vn 1.0 0.0 0.0
vn 1.0 0.0 0.0
vn 1.0 0.0 -0.0
vn 1.0 0.0 0.0
vn 1.0 0.0 0.0
vn 1.0 0.0 0.0
vn 1.0 0.0 0.0
vn 1.0 0.0 0.0
vn 1.0 0.0 0.0
vn 1.0 0.0 0.0
vn 1.0 0.0 0.0
vn 1.0 0.0 0.0
vn 1.0 0.0 0.0
vn 1.0 0.0 0.0
vn 1.0 0.0 0.0
vn 1.0 0.0 0.0
vn 1.0 0.0 0.0
vn 1.0 0.0 0.0
vn 1.0 0.0 0.0
vn 1.0 0.0 0.0
vn 1.0 0.0 -0.0
vn 1.0 0.0 0.0
vn 1.0 0.0 0.0
vn 1.0 0.0 0.0
vn 1.0 0.0 0.0
vn 1.0 0.0 -0.0
vn 1.0 0.0 0.0
vn 1.0 0.0 0.0
vn 1.0 0.0 -0.0
vn 1.0 0.0 0.0
vn 1.0 0.0 0.0
vn 1.0 0.0 0.0
vn 1.0 0.0 -0.0
vn 1.0 0.0 0.0
vn 1.0 0.0 0.0
vn 1.0 0.0 -0.0
vn 1.0 0.0 0.0
vn 1.0 0.0 0.0
vn 1.0 0.0 -0.0
vn 1.0 0.0 0.0
vn 1.0 0.0 0.0
vn 1.0 0.0 -0.0
vn 1.0 0.0 -0.0
vn 1.0 0.0 0.0
vn 1.0 0.0 -0.0
vn 1.0 0.0 -0.0
vn 1.0 0.0 0.0
vn 1.0 0.0 -0.0
vn 1.0 0.0 -0.0
vn 1.0 0.0 -0.0
vn 1.0 0.0 -0.0
vn 1.0 0.0 0.0
vn 1.0 0.0 -0.0
vn 1.0 0.0 -0.0
vn 1.0 0.0 -0.0
vn 1.0 0.0 0.0
vn 1.0 0.0 -0.0
vn 1.0 0.0 -0.0
vn 1.0 0.0 0.0
vn 1.0 0.0 -0.0
vn 1.0 0.0 -0.0
vn 1.0 0.0 0.0
vn 1.0 0.0 -0.0
vn 1.0 0.0 -0.0
vn 1.0 0.0 0.0
vn 1.0 0.0 -0.0
vn 1.0 0.0 0.0
vn 1.0 0.0 0.0
vn 1.0 0.0 0.0
vn 1.0 0.0 0.0
vn 1.0 0.0 0.0
vn 1.0 0.0 0.0
vn 1.0 0.0 0.0
vn 1.0 0.0 0.0
vn 1.0 0.0 0.0
vn 1.0 0.0 0.0
vn 1.0 0.0 0.0
vn 1.0 0.0 0.0
vn 1.0 0.0 -0.0
vn 1.0 0.0 0.0
vn 1.0 0.0 0.0
vn 1.0 0.0 0.0
vn 1.0 0.0 0.0
vn 1.0 0.0 0.0
vn 1.0 0.0 0.0
vn 1.0 0.0 0.0
vn 1.0 0.0 0.0
vn 1.0 0.0 0.0
vn 1.0 0.0 0.0
vn 1.0 0.0 0.0
vn 1.0 0.0 0.0
vn 1.0 0.0 0.0
vn 1.0 0.0 0.0
vn 1.0 0.0 0.0
vn 1.0 0.0 0.0
vn 1.0 0.0 0.0
vn 1.0 0.0 0.0
vn 1.0 0.0 0.0
vn 1.0 0.0 0.0
vn 1.0 0.0 0.0
vn 1.0 0.0 0.0
vn 1.0 0.0 0.0
vn 1.0 0.0 -0.0
vn 0.0 -0.999417 0.034151
vn 0.0 -0.999417 0.034151
vn 0.0 -0.99476 0.102237
vn 0.0 -0.99476 0.102237
vn 0.0 -0.985456 0.169931
vn 0.0 -0.985456 0.169931
vn 0.0 -0.971567 0.236765
vn 0.0 -0.971567 0.236765
vn 0.0 -0.953148 0.302504
vn 0.0 -0.953148 0.302504
vn 0.0 -0.930274 0.366866
vn 0.0 -0.930274 0.366866
vn 0.0 -0.903073 0.429488
vn 0.0 -0.903073 0.429488
vn 0.0 -0.87166 0.490111
vn 0.0 -0.87166 0.490111
vn 0.0 -0.836181 0.548454
vn 0.0 -0.836181 0.548454
vn 0.0 -0.796801 0.604242
vn 0.0 -0.796801 0.604242
vn 0.0 -0.753726 0.657189
vn 0.0 -0.753726 0.657189
vn 0.0 -0.707096 0.707118
vn 0.0 -0.707096 0.707118
vn 0.0 -0.657212 0.753706
vn 0.0 -0.657212 0.753706
vn 0.0 -0.604242 0.796801
vn 0.0 -0.604242 0.796801
vn 0.0 -0.548454 0.836181
vn 0.0 -0.548454 0.836181
vn 0.0 -0.490095 0.871669
vn 0.0 -0.490095 0.871669
vn 0.0 -0.429496 0.903069
vn 0.0 -0.429496 0.903069
vn 0.0 -0.366866 0.930274
vn 0.0 -0.366866 0.930274
vn 0.0 -0.302504 0.953148
vn 0.0 -0.302504 0.953148
vn 0.0 -0.23676 0.971568
vn 0.0 -0.23676 0.971568
vn 0.0 -0.169906 0.98546
vn 0.0 -0.169906 0.98546
vn 0.0 -0.102258 0.994758
vn 0.0 -0.102258 0.994758
vn 0.0 -0.034152 0.999417
vn 0.0 -0.034152 0.999417
vn 0.0 0.034152 0.999417
vn -0.0 0.034152 0.999417
vn 0.0 0.102258 0.994758
vn -0.0 0.102258 0.994758
vn 0.0 0.169906 0.98546
vn -0.0 0.169906 0.98546
vn -0.0 0.23676 0.971568
vn 0.0 0.23676 0.971568
vn -0.0 0.302504 0.953148
vn 0.0 0.302504 0.953148
vn 0.0 0.366866 0.930274
vn 0.0 0.366866 0.930274
vn -0.0 0.429496 0.903069
vn 0.0 0.429496 0.903069
vn -0.0 0.490095 0.871669
vn 0.0 0.490095 0.871669
vn -0.0 0.548454 0.836181
vn 0.0 0.548454 0.836181
vn -0.0 0.604242 0.796801
vn 0.0 0.604242 0.796801
vn -0.0 0.657212 0.753706
vn 0.0 0.657212 0.753706
vn -0.0 0.707096 0.707118
vn 0.0 0.707096 0.707118
vn 0.0 0.753726 0.657189
vn -0.0 0.753726 0.657189
vn 0.0 0.796801 0.604242
vn 0.0 0.836181 0.548454
vn -0.0 0.796801 0.604242
vn 0.0 0.836181 0.548454
vn 0.0 0.87166 0.490111
vn -0.0 0.87166 0.490111
vn 0.0 0.903073 0.429488
vn -0.0 0.903073 0.429488
vn 0.0 0.930274 0.366866
vn 0.0 0.953148 0.302504
vn -0.0 0.930274 0.366866
vn 0.0 0.953148 0.302504
vn 0.0 0.971567 0.236765
vn -0.0 0.971567 0.236765
vn 0.0 0.985456 0.169931
vn 0.0 0.99476 0.102237
vn -0.0 0.985456 0.169931
vn 0.0 0.999417 0.034151
vn 0.0 0.99476 0.102237
vn 0.0 0.999417 0.034151
vn 0.0 0.999417 -0.034151
vn 0.0 0.999417 -0.034151
vn 0.0 0.99476 -0.102237
vn 0.0 0.99476 -0.102237
vn 0.0 0.985456 -0.169931
vn 0.0 0.985456 -0.169931
vn 0.0 0.971567 -0.236765
vn 0.0 0.971567 -0.236765
vn 0.0 0.953148 -0.302504
vn 0.0 0.953148 -0.302504
vn 0.0 0.930274 -0.366866
vn 0.0 0.930274 -0.366866
vn 0.0 0.903073 -0.429488
vn 0.0 0.903073 -0.429488
vn 0.0 0.87166 -0.490111
vn 0.0 0.87166 -0.490111
vn 0.0 0.836181 -0.548454
vn 0.0 0.836181 -0.548454
vn 0.0 0.796801 -0.604242
vn 0.0 0.796801 -0.604242
vn 0.0 0.753726 -0.657189
vn 0.0 0.753726 -0.657189
vn 0.0 0.707096 -0.707118
vn 0.0 0.707096 -0.707118
vn 0.0 0.657212 -0.753706
vn 0.0 0.657212 -0.753706
vn 0.0 0.604242 -0.796801
vn 0.0 0.604242 -0.796801
vn 0.0 0.548454 -0.836181
vn 0.0 0.548454 -0.836181
vn 0.0 0.490103 -0.871665
vn 0.0 0.490103 -0.871665
vn 0.0 0.429487 -0.903073
vn 0.0 0.429487 -0.903073
vn 0.0 0.366856 -0.930278
vn 0.0 0.366856 -0.930278
vn 0.0 0.302514 -0.953145
vn 0.0 0.302514 -0.953145
vn 0.0 0.23676 -0.971568
vn 0.0 0.23676 -0.971568
vn 0.0 0.169906 -0.98546
vn 0.0 0.169906 -0.98546
vn 0.0 0.102269 -0.994757
vn 0.0 0.102269 -0.994757
vn 0.0 0.034141 -0.999417
vn 0.0 0.034141 -0.999417
vn 0.0 -0.034141 -0.999417
vn 0.0 -0.034141 -0.999417
vn 0.0 -0.102269 -0.994757
vn 0.0 -0.102269 -0.994757
vn 0.0 -0.169906 -0.98546
vn 0.0 -0.169906 -0.98546
vn 0.0 -0.23676 -0.971568
vn 0.0 -0.23676 -0.971568
vn 0.0 -0.302514 -0.953145
vn 0.0 -0.302514 -0.953145
vn 0.0 -0.366856 -0.930278
vn 0.0 -0.366856 -0.930278
vn 0.0 -0.429487 -0.903073
vn 0.0 -0.429487 -0.903073
vn 0.0 -0.490103 -0.871665
vn 0.0 -0.490103 -0.871665
vn 0.0 -0.548454 -0.836181
vn 0.0 -0.548454 -0.836181
vn 0.0 -0.604242 -0.796801
vn 0.0 -0.604242 -0.796801
vn 0.0 -0.657212 -0.753706
vn 0.0 -0.657212 -0.753706
vn 0.0 -0.707096 -0.707118
vn 0.0 -0.707096 -0.707118
vn 0.0 -0.753726 -0.657189
vn 0.0 -0.753726 -0.657189
vn 0.0 -0.796801 -0.604242
vn 0.0 -0.796801 -0.604242
vn 0.0 -0.836181 -0.548454
vn 0.0 -0.836181 -0.548454
vn 0.0 -0.87166 -0.490111
vn 0.0 -0.87166 -0.490111
vn 0.0 -0.903073 -0.429488
vn 0.0 -0.903073 -0.429488
vn 0.0 -0.930274 -0.366866
vn 0.0 -0.930274 -0.366866
vn 0.0 -0.953148 -0.302504
vn 0.0 -0.953148 -0.302504
vn 0.0 -0.971567 -0.236765
vn 0.0 -0.971567 -0.236765
vn 0.0 -0.985456 -0.169931
vn 0.0 -0.985456 -0.169931
vn 0.0 -0.99476 -0.102237
vn 0.0 -0.99476 -0.102237
vn 0.0 -0.999417 -0.034151
vn 0.0 -0.999417 -0.034151
vn 0.0 0.0 -1.0
vn 0.0 0.0 -1.0
vn -0.0 -1.0 0.0
vn 0.0 -1.0 -0.0
vn 0.0 0.0 1.0
vn 0.0 0.0 1.0
vn 0.0 0.978148 0.207912
vn 0.0 0.978148 0.207912
vn 0.0 0.29815 -0.954519
vn 0.0 0.29815 -0.954519
vn 0.0 0.341604 -0.939844
vn 0.0 0.341604 -0.939844
vn 0.0 0.384364 -0.923182
vn 0.0 0.384364 -0.923182
vn 0.0 0.426306 -0.904579
vn 0.0 0.426306 -0.904579
vn 0.0 0.467353 -0.884071
vn 0.0 0.467353 -0.884071
vn 0.0 0.507412 -0.861704
vn 0.0 0.507412 -0.861704
vn 0.0 0.546415 -0.837514
vn 0.0 0.546415 -0.837514
vn 0.0 0.584244 -0.811578
vn 0.0 0.584244 -0.811578
vn 0.0 0.620872 -0.783912
vn 0.0 0.620872 -0.783912
vn 0.0 0.656174 -0.754609
vn 0.0 0.656174 -0.754609
vn 0.0 0.690087 -0.723727
vn 0.0 0.690087 -0.723727
vn 0.0 0.722571 -0.691296
vn 0.0 0.722571 -0.691296
vn 0.0 0.753508 -0.657439
vn 0.0 0.753508 -0.657439
vn 0.0 0.782892 -0.622158
vn 0.0 0.782892 -0.622158
vn 0.0 0.810592 -0.585611
vn 0.0 0.810592 -0.585611
vn 0.0 0.836615 -0.547791
vn 0.0 0.836615 -0.547791
vn 0.0 0.860855 -0.508851
vn 0.0 0.860855 -0.508851
vn 0.0 0.883294 -0.46882
vn 0.0 0.883294 -0.46882
vn 0.0 0.903862 -0.427825
vn 0.0 0.903862 -0.427825
vn 0.0 0.922536 -0.385911
vn 0.0 0.922536 -0.385911
vn 0.0 0.939275 -0.343164
vn 0.0 0.939275 -0.343164
vn 0.0 0.954021 -0.299739
vn 0.0 0.954021 -0.299739
vn 0.0 0.966772 -0.255638
vn 0.0 0.966772 -0.255638
vn 0.0 0.97748 -0.21103
vn 0.0 0.97748 -0.21103
vn 0.0 0.986129 -0.165981
vn 0.0 0.986129 -0.165981
vn 0.0 0.992704 -0.120576
vn 0.0 0.992704 -0.120576
vn 0.0 0.997193 -0.074877
vn 0.0 0.997193 -0.074877
vn 0.0 0.999577 -0.029087
vn 0.0 0.999577 -0.029087
vn 0.0 0.999859 0.01679
vn 0.0 0.999859 0.01679
vn 0.0 0.998034 0.062667
vn 0.0 0.998034 0.062667
vn 0.0 0.994111 0.108368
vn 0.0 0.994111 0.108368
vn 0.0 0.988093 0.153861
vn 0.0 0.988093 0.153861
vn -1.0 0.0 0.0
vn -1.0 0.0 0.0
vn -1.0 0.0 0.0
vn -1.0 0.0 -0.0
vn -1.0 0.0 0.0
vn -1.0 0.0 0.0
vn -1.0 0.0 0.0
vn -1.0 0.0 0.0
vn -1.0 0.0 -0.0
vn -1.0 0.0 0.0
vn -1.0 0.0 0.0
vn -1.0 0.0 0.0
vn -1.0 0.0 -0.0
vn -1.0 0.0 0.0
vn -1.0 0.0 0.0
vn -1.0 0.0 0.0
vn -1.0 0.0 -0.0
vn -1.0 0.0 0.0
vn -1.0 0.0 0.0
vn -1.0 0.0 0.0
vn -1.0 0.0 0.0
vn -1.0 0.0 0.0
vn -1.0 0.0 -0.0
vn -1.0 0.0 0.0
vn -1.0 0.0 0.0
vn -1.0 0.0 0.0
vn -1.0 0.0 0.0
vn -1.0 0.0 0.0
vn -1.0 0.0 -0.0
vn -1.0 0.0 0.0
vn -1.0 0.0 0.0
vn -1.0 0.0 0.0
vn -1.0 0.0 -0.0
vn -1.0 0.0 0.0
vn -1.0 0.0 0.0
vn -1.0 0.0 0.0
vn -1.0 0.0 0.0
vn -1.0 0.0 -0.0
vn -1.0 0.0 0.0
vn -1.0 0.0 -0.0
vn -1.0 0.0 0.0
vn -1.0 0.0 0.0
vn -1.0 0.0 0.0
vn -1.0 0.0 0.0
vn -1.0 0.0 -0.0
vn -1.0 0.0 0.0
vn -1.0 0.0 -0.0
vn -1.0 0.0 0.0
vn -1.0 0.0 0.0
vn -1.0 0.0 0.0
vn -1.0 0.0 -0.0
vn -1.0 0.0 0.0
vn -1.0 0.0 0.0
vn -1.0 0.0 0.0
vn -1.0 0.0 0.0
vn -1.0 0.0 0.0
vn -1.0 0.0 0.0
vn -1.0 0.0 0.0
vn -1.0 0.0 0.0
vn -1.0 0.0 0.0
vn -1.0 0.0 0.0
vn -1.0 0.0 0.0
vn -1.0 0.0 0.0
vn -1.0 0.0 0.0
vn -1.0 0.0 0.0
vn -1.0 0.0 0.0
vn -1.0 0.0 0.0
vn -1.0 0.0 0.0
vn -1.0 0.0 0.0
vn -1.0 0.0 0.0
vn -1.0 0.0 0.0
vn -1.0 0.0 0.0
vn -1.0 0.0 0.0
vn -1.0 0.0 0.0
vn -1.0 0.0 0.0
vn -1.0 0.0 0.0
vn -1.0 0.0 0.0
vn -1.0 0.0 0.0
vn -1.0 0.0 0.0
vn -1.0 0.0 0.0
vn -1.0 0.0 0.0
vn -1.0 0.0 0.0
vn -1.0 0.0 0.0
vn -1.0 0.0 0.0
vn -1.0 0.0 0.0
vn -1.0 0.0 0.0
vn -1.0 0.0 0.0
vn -1.0 0.0 0.0
vn -1.0 0.0 0.0
vn -1.0 0.0 0.0
vn -1.0 0.0 0.0
vn -1.0 0.0 0.0
vn -1.0 0.0 0.0
vn -1.0 0.0 0.0
vn -1.0 0.0 0.0
vn -1.0 0.0 0.0
vn -1.0 0.0 0.0
vn -1.0 0.0 0.0
vn -1.0 0.0 0.0
vn -1.0 0.0 0.0
vn -1.0 0.0 0.0
vn -1.0 0.0 0.0
vn -1.0 0.0 -0.0
vn -1.0 0.0 0.0
vn -1.0 0.0 0.0
vn -1.0 0.0 0.0
vn -1.0 0.0 0.0
vn -1.0 0.0 0.0
vn -1.0 0.0 0.0
vn -1.0 0.0 0.0
vn -1.0 0.0 0.0
vn -1.0 0.0 0.0
vn -1.0 0.0 0.0
vn -1.0 0.0 0.0
vn -1.0 0.0 0.0
vn -1.0 0.0 0.0
vn -1.0 0.0 0.0
vn -1.0 0.0 0.0
vn -1.0 0.0 0.0
vn -1.0 0.0 0.0
vn -1.0 0.0 0.0
vn -1.0 0.0 0.0
vn -1.0 0.0 0.0
vn -1.0 0.0 0.0
vn -1.0 0.0 0.0
vn -1.0 0.0 0.0
vn -1.0 0.0 0.0
vn -1.0 0.0 0.0
vn 1.0 0.0 0.0
vn 1.0 0.0 0.0
vn 1.0 0.0 0.0
vn 1.0 0.0 0.0
vn 1.0 0.0 0.0
vn 1.0 0.0 0.0
vn 1.0 0.0 0.0
vn 1.0 0.0 0.0
vn 1.0 0.0 0.0
vn 1.0 0.0 0.0
vn 1.0 0.0 0.0
vn 1.0 0.0 0.0
vn 1.0 0.0 0.0
vn 1.0 0.0 0.0
vn 1.0 0.0 0.0
vn 1.0 0.0 0.0
vn 1.0 0.0 0.0
vn 1.0 0.0 0.0
vn 1.0 0.0 0.0
vn 1.0 0.0 0.0
vn 1.0 0.0 0.0
vn 1.0 0.0 0.0
vn 1.0 0.0 0.0
vn 1.0 0.0 0.0
vn 1.0 0.0 0.0
vn 1.0 0.0 0.0
vn 1.0 0.0 0.0
vn 1.0 0.0 0.0
vn 1.0 0.0 0.0
vn 1.0 0.0 0.0
vn 1.0 0.0 0.0
vn 1.0 0.0 0.0
vn 1.0 0.0 0.0
vn 1.0 0.0 0.0
vn 1.0 0.0 0.0
vn 1.0 0.0 0.0
vn 1.0 0.0 0.0
vn 1.0 0.0 0.0
vn 1.0 0.0 0.0
vn 1.0 0.0 0.0
vn 1.0 0.0 0.0
vn 1.0 0.0 0.0
vn 1.0 0.0 0.0
vn 1.0 0.0 0.0
vn 1.0 0.0 0.0
vn 1.0 0.0 0.0
vn 1.0 0.0 0.0
vn 1.0 0.0 0.0
vn 1.0 0.0 0.0
vn 1.0 0.0 0.0
vn 1.0 0.0 0.0
vn 1.0 0.0 0.0
vn 1.0 0.0 0.0
vn 1.0 0.0 0.0
vn 1.0 0.0 0.0
vn 1.0 0.0 0.0
vn 1.0 0.0 0.0
vn 1.0 0.0 0.0
vn 1.0 0.0 0.0
vn 1.0 0.0 0.0
vn 1.0 0.0 0.0
vn 1.0 0.0 0.0
vn 1.0 0.0 0.0
vn 1.0 0.0 0.0
vn 1.0 0.0 0.0
vn 1.0 0.0 0.0
vn 1.0 0.0 0.0
vn 1.0 0.0 0.0
vn 1.0 0.0 0.0
vn 1.0 0.0 0.0
vn 1.0 0.0 0.0
vn 1.0 0.0 0.0
vn 1.0 0.0 0.0
vn 1.0 0.0 0.0
vn 1.0 0.0 0.0
vn 1.0 0.0 0.0
vn 1.0 0.0 0.0
vn 1.0 0.0 0.0
vn 1.0 0.0 0.0
vn 1.0 0.0 0.0
vn 1.0 0.0 0.0
vn 1.0 0.0 0.0
vn 1.0 0.0 0.0
vn 1.0 0.0 0.0
vn 1.0 0.0 0.0
vn 1.0 0.0 0.0
vn 1.0 0.0 0.0
vn 1.0 0.0 0.0
vn 1.0 0.0 0.0
vn 1.0 0.0 0.0
vn 1.0 0.0 0.0
vn 1.0 0.0 0.0
vn 1.0 0.0 0.0
vn 1.0 0.0 0.0
vn 1.0 0.0 0.0
vn 1.0 0.0 0.0
vn 1.0 0.0 0.0
vn 1.0 0.0 0.0
vn 1.0 0.0 0.0
vn 1.0 0.0 0.0
vn 1.0 0.0 0.0
vn 1.0 0.0 0.0
vn 1.0 0.0 0.0
vn 1.0 0.0 0.0
vn 1.0 0.0 0.0
vn 1.0 0.0 0.0
vn 1.0 0.0 0.0
vn 1.0 0.0 0.0
vn 1.0 0.0 0.0
vn 1.0 0.0 0.0
vn 1.0 0.0 0.0
vn 1.0 0.0 0.0
vn 1.0 0.0 0.0
vn 1.0 0.0 0.0
vn 1.0 0.0 0.0
vn 1.0 0.0 0.0
vn 1.0 0.0 0.0
vn 1.0 0.0 0.0
vn 1.0 0.0 0.0
vn 1.0 0.0 0.0
vn 1.0 0.0 0.0
vn 1.0 0.0 0.0
vn 1.0 0.0 0.0
vn 1.0 0.0 0.0
vn 1.0 0.0 0.0
vn 1.0 0.0 0.0
vn 1.0 0.0 0.0
vn 1.0 0.0 0.0
f 1433//2865 1434//2865 1435//2865 
f 1435//2866 1436//2866 1437//2866 
f 1434//2867 1436//2867 1435//2867 
f 1437//2868 1438//2868 2945//2868 
f 1436//2869 1438//2869 1437//2869 
f 2945//2870 1439//2870 1440//2870 
f 1438//2871 1439//2871 2945//2871 
f 1440//2872 1441//2872 1442//2872 
f 1439//2873 1441//2873 1440//2873 
f 1442//2874 1443//2874 2949//2874 
f 1441//2875 1443//2875 1442//2875 
f 2949//2876 1444//2876 2951//2876 
f 1443//2877 1444//2877 2949//2877 
f 2951//2878 1445//2878 2953//2878 
f 1444//2879 1445//2879 2951//2879 
f 2953//2880 1446//2880 1447//2880 
f 1445//2881 1446//2881 2953//2881 
f 1447//2882 1448//2882 1449//2882 
f 1446//2883 1448//2883 1447//2883 
f 1449//2884 1450//2884 2957//2884 
f 1448//2885 1450//2885 1449//2885 
f 2957//2886 1451//2886 2959//2886 
f 1450//2887 1451//2887 2957//2887 
f 2959//2888 1452//2888 2961//2888 
f 1451//2889 1452//2889 2959//2889 
f 2961//2890 1453//2890 1454//2890 
f 1452//2891 1453//2891 2961//2891 
f 1454//2892 1455//2892 1456//2892 
f 1453//2893 1455//2893 1454//2893 
f 1456//2894 1457//2894 1458//2894 
f 1455//2895 1457//2895 1456//2895 
f 1458//2896 1459//2896 2966//2896 
f 1457//2897 1459//2897 1458//2897 
f 2966//2898 1460//2898 2968//2898 
f 1459//2899 1460//2899 2966//2899 
f 2968//2900 1461//2900 1462//2900 
f 1460//2901 1461//2901 2968//2901 
f 1462//2902 1463//2902 2971//2902 
f 1461//2903 1463//2903 1462//2903 
f 2971//2904 1464//2904 1465//2904 
f 1463//2905 1464//2905 2971//2905 
f 1464//2906 1466//2906 1465//2906 
f 1465//2907 1466//2907 1467//2907 
f 1466//2908 1468//2908 1467//2908 
f 1467//2909 1468//2909 2975//2909 
f 1468//2910 1469//2910 2975//2910 
f 2975//2911 1469//2911 2977//2911 
f 1469//2912 1470//2912 2977//2912 
f 2977//2913 1470//2913 1471//2913 
f 1470//2914 1472//2914 1471//2914 
f 1471//2915 1472//2915 1473//2915 
f 1472//2916 1474//2916 1473//2916 
f 1473//2917 1474//2917 1475//2917 
f 1474//2918 1476//2918 1475//2918 
f 1475//2919 1476//2919 2982//2919 
f 1476//2920 1477//2920 2982//2920 
f 2982//2921 1477//2921 2984//2921 
f 2984//2922 1478//2922 1479//2922 
f 1477//2923 1478//2923 2984//2923 
f 1479//2924 1480//2924 1481//2924 
f 1478//2925 1480//2925 1479//2925 
f 1481//2926 1482//2926 2988//2926 
f 1480//2927 1482//2927 1481//2927 
f 2988//2928 1483//2928 1484//2928 
f 1482//2929 1483//2929 2988//2929 
f 1484//2930 1485//2930 1486//2930 
f 1483//2931 1485//2931 1484//2931 
f 1486//2932 1487//2932 2992//2932 
f 1485//2933 1487//2933 1486//2933 
f 2992//2934 1488//2934 2994//2934 
f 1487//2935 1488//2935 2992//2935 
f 2994//2936 1489//2936 2996//2936 
f 1488//2937 1489//2937 2994//2937 
f 2996//2938 1490//2938 2998//2938 
f 1489//2939 1490//2939 2996//2939 
f 2998//2940 1491//2940 1492//2940 
f 1490//2941 1491//2941 2998//2941 
f 1491//2942 1493//2942 1492//2942 
f 1492//2943 1494//2943 1495//2943 
f 1495//2944 1494//2944 1496//2944 
f 1493//2945 1494//2945 1492//2945 
f 1496//2946 1497//2946 3002//2946 
f 1494//2947 1497//2947 1496//2947 
f 3002//2948 1498//2948 1499//2948 
f 1497//2949 1498//2949 3002//2949 
f 1499//2950 1500//2950 3006//2950 
f 1498//2951 1500//2951 1499//2951 
f 3006//2952 1501//2952 3008//2952 
f 1500//2953 1501//2953 3006//2953 
f 3008//2954 1502//2954 3009//2954 
f 1501//2955 1502//2955 3008//2955 
f 3009//2956 1503//2956 3012//2956 
f 1502//2957 1503//2957 3009//2957 
f 1503//2958 1504//2958 3012//2958 
f 3012//2959 1504//2959 3014//2959 
f 1504//2960 1505//2960 3014//2960 
f 3014//2961 1505//2961 1506//2961 
f 1505//2962 1507//2962 1506//2962 
f 1507//2963 1508//2963 1506//2963 
f 1506//2964 1508//2964 1509//2964 
f 1509//2965 1508//2965 3018//2965 
f 1508//2966 1510//2966 3018//2966 
f 3018//2967 1510//2967 1511//2967 
f 1510//2968 1512//2968 1511//2968 
f 1511//2969 1512//2969 3021//2969 
f 1512//2970 1513//2970 3021//2970 
f 3021//2971 1513//2971 1514//2971 
f 1513//2972 1515//2972 1514//2972 
f 1514//2973 1515//2973 1516//2973 
f 1515//2974 1517//2974 1516//2974 
f 1516//2975 1517//2975 1518//2975 
f 1517//2976 1519//2976 1518//2976 
f 1518//2977 1519//2977 1520//2977 
f 1519//2978 1521//2978 1520//2978 
f 1521//2979 1522//2979 1520//2979 
f 1520//2980 1522//2980 3026//2980 
f 3026//2981 1522//2981 1523//2981 
f 1522//2982 1524//2982 1523//2982 
f 1524//2983 1525//2983 1523//2983 
f 1523//2984 1525//2984 1526//2984 
f 1526//2985 1525//2985 3031//2985 
f 1525//2986 1527//2986 3031//2986 
f 3031//2987 1527//2987 3032//2987 
f 1527//2988 1528//2988 3032//2988 
f 3032//2989 1529//2989 1530//2989 
f 1530//2990 1529//2990 3035//2990 
f 1528//2991 1529//2991 3032//2991 
f 3035//2992 1531//2992 1532//2992 
f 1529//2993 1531//2993 3035//2993 
f 1531//2994 1533//2994 1532//2994 
f 1532//2995 1534//2995 1535//2995 
f 1535//2996 1534//2996 1536//2996 
f 1533//2997 1534//2997 1532//2997 
f 1534//2998 1537//2998 1536//2998 
f 1536//2999 1538//2999 3040//2999 
f 3040//3000 1538//3000 1539//3000 
f 1537//3001 1538//3001 1536//3001 
f 1539//3002 1540//3002 3043//3002 
f 1538//3003 1540//3003 1539//3003 
f 3043//3004 1541//3004 1542//3004 
f 1540//3005 1541//3005 3043//3005 
f 1541//3006 1543//3006 1542//3006 
f 1543//3007 1544//3007 1542//3007 
f 1542//3008 1544//3008 3047//3008 
f 1544//3009 1545//3009 3047//3009 
f 3047//3010 1545//3010 3049//3010 
f 3049//3011 1545//3011 1546//3011 
f 1545//3012 1547//3012 1546//3012 
f 1547//3013 1548//3013 1546//3013 
f 1546//3014 1548//3014 3051//3014 
f 3051//3015 1548//3015 1549//3015 
f 1548//3016 1550//3016 1549//3016 
f 1550//3017 1551//3017 1549//3017 
f 1549//3018 1551//3018 3054//3018 
f 3054//3019 1551//3019 1552//3019 
f 1551//3020 1553//3020 1552//3020 
f 1553//3021 1554//3021 1552//3021 
f 1552//3022 1554//3022 3057//3022 
f 3057//3023 1554//3023 1555//3023 
f 1554//3024 1556//3024 1555//3024 
f 1555//3025 1556//3025 1557//3025 
f 1556//3026 1558//3026 1557//3026 
f 1558//3027 1559//3027 1557//3027 
f 1557//3028 1559//3028 3062//3028 
f 1559//3029 1560//3029 3062//3029 
f 3062//3030 1560//3030 1561//3030 
f 1561//3031 1560//3031 3065//3031 
f 1560//3032 1562//3032 3065//3032 
f 3065//3033 1562//3033 1563//3033 
f 1562//3034 1564//3034 1563//3034 
f 1564//3035 1565//3035 1563//3035 
f 1563//3036 1565//3036 1566//3036 
f 1566//3037 1565//3037 3069//3037 
f 1565//3038 1567//3038 3069//3038 
f 3069//3039 1567//3039 3070//3039 
f 1567//3040 1568//3040 3070//3040 
f 1568//3041 1569//3041 3070//3041 
f 3070//3042 1569//3042 1570//3042 
f 1569//3043 1571//3043 1570//3043 
f 1570//3044 1571//3044 3073//3044 
f 3073//3045 1571//3045 3075//3045 
f 1571//3046 1572//3046 3075//3046 
f 3075//3047 1572//3047 1573//3047 
f 1572//3048 1574//3048 1573//3048 
f 1574//3049 1575//3049 1573//3049 
f 1573//3050 1575//3050 1576//3050 
f 1576//3051 1575//3051 1577//3051 
f 1575//3052 1578//3052 1577//3052 
f 1577//3053 1578//3053 1579//3053 
f 1578//3054 1580//3054 1579//3054 
f 1579//3055 1580//3055 1581//3055 
f 1580//3056 1582//3056 1581//3056 
f 1582//3057 1583//3057 1581//3057 
f 1581//3058 1583//3058 3083//3058 
f 3083//3059 1583//3059 1584//3059 
f 1583//3060 1585//3060 1584//3060 
f 1584//3061 1585//3061 1586//3061 
f 1585//3062 1587//3062 1586//3062 
f 1586//3063 1588//3063 1589//3063 
f 1589//3064 1588//3064 3088//3064 
f 1587//3065 1588//3065 1586//3065 
f 1588//3066 1590//3066 3088//3066 
f 3088//3067 1591//3067 3089//3067 
f 3089//3068 1591//3068 1592//3068 
f 1590//3069 1591//3069 3088//3069 
f 1591//3070 1593//3070 1592//3070 
f 1592//3071 1594//3071 1595//3071 
f 1593//3072 1594//3072 1592//3072 
f 1595//3073 1596//3073 3093//3073 
f 3093//3074 1596//3074 1597//3074 
f 1594//3075 1596//3075 1595//3075 
f 1596//3076 1598//3076 1597//3076 
f 1597//3077 1598//3077 1599//3077 
f 1597//3078 1599//3078 1600//3078 
f 1600//3079 1599//3079 2794//3079 
f 2794//3080 1601//3080 2796//3080 
f 1599//3081 1601//3081 2794//3081 
f 2796//3082 1602//3082 1603//3082 
f 1601//3083 1602//3083 2796//3083 
f 1603//3084 1604//3084 1605//3084 
f 1602//3085 1604//3085 1603//3085 
f 1605//3086 1606//3086 2800//3086 
f 1604//3087 1606//3087 1605//3087 
f 2800//3088 1607//3088 1608//3088 
f 1606//3089 1607//3089 2800//3089 
f 1608//3090 1609//3090 1610//3090 
f 1607//3091 1609//3091 1608//3091 
f 1610//3092 1611//3092 1612//3092 
f 1609//3093 1611//3093 1610//3093 
f 1612//3094 1613//3094 2805//3094 
f 1611//3095 1613//3095 1612//3095 
f 2805//3096 1614//3096 2807//3096 
f 1613//3097 1614//3097 2805//3097 
f 2807//3098 1615//3098 2809//3098 
f 1614//3099 1615//3099 2807//3099 
f 2809//3100 1616//3100 1617//3100 
f 1615//3101 1616//3101 2809//3101 
f 1617//3102 1618//3102 1619//3102 
f 1616//3103 1618//3103 1617//3103 
f 1619//3104 1620//3104 2813//3104 
f 1618//3105 1620//3105 1619//3105 
f 2813//3106 1621//3106 1622//3106 
f 1620//3107 1621//3107 2813//3107 
f 1622//3108 1623//3108 2816//3108 
f 1621//3109 1623//3109 1622//3109 
f 2816//3110 1624//3110 2818//3110 
f 1623//3111 1624//3111 2816//3111 
f 2818//3112 1625//3112 1626//3112 
f 1624//3113 1625//3113 2818//3113 
f 1626//3114 1627//3114 1628//3114 
f 1625//3115 1627//3115 1626//3115 
f 1628//3116 1629//3116 1630//3116 
f 1627//3117 1629//3117 1628//3117 
f 1630//3118 1631//3118 2822//3118 
f 1629//3119 1631//3119 1630//3119 
f 1631//3120 1632//3120 2822//3120 
f 2822//3121 1632//3121 1633//3121 
f 1632//3122 1634//3122 1633//3122 
f 1633//3123 1634//3123 1635//3123 
f 1634//3124 1636//3124 1635//3124 
f 1635//3125 1636//3125 1637//3125 
f 1636//3126 1638//3126 1637//3126 
f 1637//3127 1638//3127 1639//3127 
f 1638//3128 1640//3128 1639//3128 
f 1639//3129 1640//3129 2829//3129 
f 1640//3130 1641//3130 2829//3130 
f 2829//3131 1641//3131 1642//3131 
f 1641//3132 1643//3132 1642//3132 
f 1642//3133 1643//3133 2832//3133 
f 1643//3134 1644//3134 2832//3134 
f 2832//3135 1644//3135 2833//3135 
f 2833//3136 1645//3136 2836//3136 
f 1644//3137 1645//3137 2833//3137 
f 1645//3138 1646//3138 2836//3138 
f 2836//3139 1647//3139 2838//3139 
f 2838//3140 1647//3140 1648//3140 
f 1646//3141 1647//3141 2836//3141 
f 1647//3142 1649//3142 1648//3142 
f 1648//3143 1650//3143 1651//3143 
f 1651//3144 1650//3144 1652//3144 
f 1649//3145 1650//3145 1648//3145 
f 1652//3146 1653//3146 1654//3146 
f 1650//3147 1653//3147 1652//3147 
f 1654//3148 1655//3148 1656//3148 
f 1653//3149 1655//3149 1654//3149 
f 1656//3150 1657//3150 1658//3150 
f 1655//3151 1657//3151 1656//3151 
f 1657//3152 1659//3152 1658//3152 
f 1658//3153 1660//3153 1661//3153 
f 1661//3154 1660//3154 1662//3154 
f 1659//3155 1660//3155 1658//3155 
f 1660//3156 1663//3156 1662//3156 
f 1662//3157 1664//3157 2848//3157 
f 2848//3158 1664//3158 1665//3158 
f 1663//3159 1664//3159 1662//3159 
f 1664//3160 1666//3160 1665//3160 
f 1665//3161 1667//3161 2850//3161 
f 2850//3162 1667//3162 2853//3162 
f 1666//3163 1667//3163 1665//3163 
f 2853//3164 1668//3164 2855//3164 
f 1667//3165 1668//3165 2853//3165 
f 1668//3166 1669//3166 2855//3166 
f 2855//3167 1670//3167 1671//3167 
f 1671//3168 1670//3168 1672//3168 
f 1669//3169 1670//3169 2855//3169 
f 1670//3170 1673//3170 1672//3170 
f 1673//3171 1674//3171 1672//3171 
f 1672//3172 1674//3172 2859//3172 
f 2859//3173 1674//3173 1675//3173 
f 1674//3174 1676//3174 1675//3174 
f 1675//3175 1676//3175 2862//3175 
f 1676//3176 1677//3176 2862//3176 
f 2862//3177 1677//3177 2863//3177 
f 1677//3178 1678//3178 2863//3178 
f 2863//3179 1678//3179 1679//3179 
f 1678//3180 1680//3180 1679//3180 
f 1680//3181 1681//3181 1679//3181 
f 1679//3182 1681//3182 2866//3182 
f 2866//3183 1681//3183 2868//3183 
f 1681//3184 1682//3184 2868//3184 
f 1682//3185 1683//3185 2868//3185 
f 2868//3186 1683//3186 1684//3186 
f 1684//3187 1683//3187 2871//3187 
f 1683//3188 1685//3188 2871//3188 
f 1685//3189 1686//3189 2871//3189 
f 2871//3190 1686//3190 2874//3190 
f 2874//3191 1686//3191 1687//3191 
f 1686//3192 1688//3192 1687//3192 
f 1688//3193 1689//3193 1687//3193 
f 1687//3194 1689//3194 1690//3194 
f 1690//3195 1689//3195 2878//3195 
f 1689//3196 1691//3196 2878//3196 
f 2878//3197 1691//3197 1692//3197 
f 1691//3198 1693//3198 1692//3198 
f 1692//3199 1693//3199 1694//3199 
f 1693//3200 1695//3200 1694//3200 
f 1694//3201 1696//3201 1697//3201 
f 1695//3202 1696//3202 1694//3202 
f 1697//3203 1696//3203 2883//3203 
f 1696//3204 1698//3204 2883//3204 
f 2883//3205 1698//3205 1699//3205 
f 1699//3206 1700//3206 1701//3206 
f 1698//3207 1700//3207 1699//3207 
f 1700//3208 1702//3208 1701//3208 
f 1701//3209 1703//3209 2887//3209 
f 2887//3210 1703//3210 2889//3210 
f 1702//3211 1703//3211 1701//3211 
f 2889//3212 1704//3212 1705//3212 
f 1703//3213 1704//3213 2889//3213 
f 1704//3214 1706//3214 1705//3214 
f 1705//3215 1707//3215 2891//3215 
f 2891//3216 1707//3216 1708//3216 
f 1706//3217 1707//3217 1705//3217 
f 1708//3218 1709//3218 1710//3218 
f 1707//3219 1709//3219 1708//3219 
f 1710//3220 1711//3220 2896//3220 
f 1709//3221 1711//3221 1710//3221 
f 1711//3222 1712//3222 2896//3222 
f 2896//3223 1712//3223 1713//3223 
f 1712//3224 1714//3224 1713//3224 
f 1713//3225 1714//3225 1715//3225 
f 1714//3226 1716//3226 1715//3226 
f 1715//3227 1716//3227 1717//3227 
f 1716//3228 1718//3228 1717//3228 
f 1718//3229 1719//3229 1717//3229 
f 1717//3230 1719//3230 1720//3230 
f 1720//3231 1719//3231 1721//3231 
f 1719//3232 1722//3232 1721//3232 
f 1721//3233 1722//3233 1723//3233 
f 1722//3234 1724//3234 1723//3234 
f 1723//3235 1724//3235 1725//3235 
f 1724//3236 1726//3236 1725//3236 
f 1726//3237 1727//3237 1725//3237 
f 1725//3238 1727//3238 1728//3238 
f 1728//3239 1727//3239 2905//3239 
f 1727//3240 1729//3240 2905//3240 
f 2905//3241 1729//3241 1730//3241 
f 1729//3242 1731//3242 1730//3242 
f 1731//3243 1732//3243 1730//3243 
f 1730//3244 1732//3244 1733//3244 
f 1733//3245 1732//3245 2909//3245 
f 1732//3246 1734//3246 2909//3246 
f 2909//3247 1734//3247 1735//3247 
f 1734//3248 1736//3248 1735//3248 
f 1735//3249 1736//3249 1737//3249 
f 1736//3250 1738//3250 1737//3250 
f 1738//3251 1739//3251 1737//3251 
f 1737//3252 1739//3252 1740//3252 
f 1740//3253 1739//3253 1741//3253 
f 1739//3254 1742//3254 1741//3254 
f 1741//3255 1742//3255 2916//3255 
f 1742//3256 1743//3256 2916//3256 
f 1743//3257 1744//3257 2916//3257 
f 2916//3258 1744//3258 2917//3258 
f 2917//3259 1744//3259 2919//3259 
f 1744//3260 1745//3260 2919//3260 
f 2919//3261 1745//3261 1746//3261 
f 1745//3262 1747//3262 1746//3262 
f 1746//3263 1747//3263 1748//3263 
f 1747//3264 1749//3264 1748//3264 
f 1749//3265 1750//3265 1748//3265 
f 1748//3266 1750//3266 2924//3266 
f 2924//3267 1750//3267 1751//3267 
f 1750//3268 1752//3268 1751//3268 
f 1751//3269 1752//3269 1753//3269 
f 1752//3270 1754//3270 1753//3270 
f 1754//3271 1755//3271 1753//3271 
f 1753//3272 1755//3272 2928//3272 
f 1755//3273 1756//3273 2928//3273 
f 2928//3274 1756//3274 2930//3274 
f 2930//3275 1756//3275 1757//3275 
f 1757//3276 1758//3276 1759//3276 
f 1756//3277 1758//3277 1757//3277 
f 1759//3278 1760//3278 1761//3278 
f 1758//3279 1760//3279 1759//3279 
f 1761//3280 1762//3280 2934//3280 
f 1760//3281 1762//3281 1761//3281 
f 2934//3282 1763//3282 1764//3282 
f 1762//3283 1763//3283 2934//3283 
f 1763//3284 1765//3284 1764//3284 
f 1764//3285 1766//3285 1767//3285 
f 1767//3286 1766//3286 2938//3286 
f 1765//3287 1766//3287 1764//3287 
f 2938//3288 1768//3288 1769//3288 
f 1766//3289 1768//3289 2938//3289 
f 1768//3290 1770//3290 1769//3290 
f 1769//3291 1770//3291 1434//3291 
f 1769//3292 1434//3292 1433//3292 
f 1771//3293 1772//3293 1773//3293 
f 1774//3294 1773//3294 1775//3294 
f 1774//3295 1771//3295 1773//3295 
f 1776//3296 1775//3296 1777//3296 
f 1776//3297 1774//3297 1775//3297 
f 1778//3298 1777//3298 1779//3298 
f 1778//3299 1776//3299 1777//3299 
f 1780//3300 1779//3300 1781//3300 
f 1780//3301 1778//3301 1779//3301 
f 1782//3302 1780//3302 1781//3302 
f 1782//3303 1781//3303 1783//3303 
f 1784//3304 1782//3304 1783//3304 
f 1784//3305 1783//3305 1785//3305 
f 1786//3306 1784//3306 1785//3306 
f 1786//3307 1785//3307 1787//3307 
f 1788//3308 1786//3308 1787//3308 
f 1788//3309 1787//3309 1789//3309 
f 1790//3310 1788//3310 1789//3310 
f 1790//3311 1789//3311 1791//3311 
f 1792//3312 1790//3312 1791//3312 
f 1792//3313 1791//3313 1793//3313 
f 1794//3314 1792//3314 1793//3314 
f 1794//3315 1793//3315 1795//3315 
f 1796//3316 1794//3316 1795//3316 
f 1796//3317 1795//3317 1797//3317 
f 1798//3318 1796//3318 1797//3318 
f 1798//3319 1797//3319 1799//3319 
f 1800//3320 1798//3320 1799//3320 
f 1800//3321 1799//3321 1801//3321 
f 1802//3322 1800//3322 1801//3322 
f 1802//3323 1801//3323 1803//3323 
f 1804//3324 1802//3324 1803//3324 
f 1804//3325 1803//3325 1805//3325 
f 1806//3326 1804//3326 1805//3326 
f 1806//3327 1805//3327 1807//3327 
f 1808//3328 1806//3328 1807//3328 
f 1808//3329 1807//3329 1809//3329 
f 1810//3330 1808//3330 1809//3330 
f 1810//3331 1809//3331 1811//3331 
f 1812//3332 1810//3332 1811//3332 
f 1812//3333 1811//3333 1813//3333 
f 1814//3334 1812//3334 1813//3334 
f 1814//3335 1813//3335 1815//3335 
f 1816//3336 1815//3336 1817//3336 
f 1816//3337 1814//3337 1815//3337 
f 1818//3338 1817//3338 1819//3338 
f 1818//3339 1816//3339 1817//3339 
f 1820//3340 1819//3340 1821//3340 
f 1820//3341 1818//3341 1819//3341 
f 1822//3342 1821//3342 1823//3342 
f 1822//3343 1820//3343 1821//3343 
f 1824//3344 1823//3344 1825//3344 
f 1824//3345 1822//3345 1823//3345 
f 1826//3346 1825//3346 1827//3346 
f 1826//3347 1824//3347 1825//3347 
f 1828//3348 1827//3348 1829//3348 
f 1828//3349 1826//3349 1827//3349 
f 1830//3350 1829//3350 1831//3350 
f 1830//3351 1828//3351 1829//3351 
f 1832//3352 1830//3352 1831//3352 
f 1832//3353 1831//3353 1833//3353 
f 1834//3354 1832//3354 1833//3354 
f 1834//3355 1833//3355 1835//3355 
f 1836//3356 1834//3356 1835//3356 
f 1836//3357 1835//3357 1837//3357 
f 1838//3358 1836//3358 1837//3358 
f 1838//3359 1837//3359 1839//3359 
f 1840//3360 1838//3360 1839//3360 
f 1840//3361 1839//3361 1841//3361 
f 1842//3362 1840//3362 1841//3362 
f 1842//3363 1841//3363 1843//3363 
f 1844//3364 1842//3364 1843//3364 
f 1844//3365 1843//3365 1845//3365 
f 1846//3366 1844//3366 1845//3366 
f 1846//3367 1845//3367 1847//3367 
f 1848//3368 1846//3368 1847//3368 
f 1848//3369 1847//3369 1849//3369 
f 1850//3370 1848//3370 1849//3370 
f 1850//3371 1849//3371 1851//3371 
f 1852//3372 1850//3372 1851//3372 
f 1852//3373 1851//3373 1853//3373 
f 1854//3374 1852//3374 1853//3374 
f 1854//3375 1853//3375 1855//3375 
f 1856//3376 1855//3376 1857//3376 
f 1856//3377 1854//3377 1855//3377 
f 1858//3378 1857//3378 1859//3378 
f 1858//3379 1856//3379 1857//3379 
f 1860//3380 1859//3380 1861//3380 
f 1860//3381 1858//3381 1859//3381 
f 1862//3382 1861//3382 1863//3382 
f 1862//3383 1860//3383 1861//3383 
f 1864//3384 1863//3384 1865//3384 
f 1864//3385 1862//3385 1863//3385 
f 1866//3386 1865//3386 1867//3386 
f 1866//3387 1864//3387 1865//3387 
f 1868//3388 1867//3388 1869//3388 
f 1868//3389 1866//3389 1867//3389 
f 1870//3390 1869//3390 1871//3390 
f 1870//3391 1868//3391 1869//3391 
f 1872//3392 1871//3392 1873//3392 
f 1872//3393 1870//3393 1871//3393 
f 1874//3394 1873//3394 1875//3394 
f 1874//3395 1872//3395 1873//3395 
f 1876//3396 1875//3396 1877//3396 
f 1876//3397 1874//3397 1875//3397 
f 1878//3398 1877//3398 1879//3398 
f 1878//3399 1876//3399 1877//3399 
f 1880//3400 1879//3400 1881//3400 
f 1880//3401 1878//3401 1879//3401 
f 1882//3402 1880//3402 1881//3402 
f 1882//3403 1881//3403 1883//3403 
f 1884//3404 1882//3404 1883//3404 
f 1884//3405 1883//3405 1885//3405 
f 1886//3406 1884//3406 1885//3406 
f 1887//3407 1886//3407 1885//3407 
f 1887//3408 1888//3408 1889//3408 
f 1887//3409 1885//3409 1888//3409 
f 1890//3410 1887//3410 1889//3410 
f 1890//3411 1889//3411 1891//3411 
f 1892//3412 1890//3412 1891//3412 
f 1892//3413 1891//3413 1893//3413 
f 1894//3414 1892//3414 1893//3414 
f 1894//3415 1893//3415 1895//3415 
f 1896//3416 1894//3416 1895//3416 
f 1897//3417 1898//3417 1899//3417 
f 1897//3418 1895//3418 1898//3418 
f 1897//3419 1896//3419 1895//3419 
f 1900//3420 1899//3420 1901//3420 
f 1900//3421 1897//3421 1899//3421 
f 1902//3422 1901//3422 1903//3422 
f 1902//3423 1900//3423 1901//3423 
f 1904//3424 1903//3424 1905//3424 
f 1904//3425 1902//3425 1903//3425 
f 1906//3426 1904//3426 1905//3426 
f 1907//3427 1908//3427 1909//3427 
f 1907//3428 1905//3428 1908//3428 
f 1907//3429 1906//3429 1905//3429 
f 1910//3430 1909//3430 1911//3430 
f 1910//3431 1907//3431 1909//3431 
f 1912//3432 1910//3432 1911//3432 
f 1913//3433 1914//3433 1915//3433 
f 1913//3434 1911//3434 1914//3434 
f 1913//3435 1912//3435 1911//3435 
f 1916//3436 1913//3436 1915//3436 
f 1917//3437 1918//3437 1919//3437 
f 1917//3438 1915//3438 1918//3438 
f 1917//3439 1916//3439 1915//3439 
f 1920//3440 1919//3440 1921//3440 
f 1920//3441 1917//3441 1919//3441 
f 1922//3442 1920//3442 1921//3442 
f 1923//3443 1924//3443 1925//3443 
f 1923//3444 1921//3444 1924//3444 
f 1923//3445 1922//3445 1921//3445 
f 1926//3446 1925//3446 1927//3446 
f 1926//3447 1923//3447 1925//3447 
f 1928//3448 1926//3448 1927//3448 
f 1929//3449 1930//3449 1931//3449 
f 1929//3450 1927//3450 1930//3450 
f 1929//3451 1928//3451 1927//3451 
f 1932//3452 1929//3452 1931//3452 
f 1933//3453 1932//3453 1931//3453 
f 1933//3454 1934//3454 1935//3454 
f 1933//3455 1931//3455 1934//3455 
f 1936//3456 1933//3456 1935//3456 
f 1936//3457 1935//3457 1937//3457 
f 1938//3458 1936//3458 1937//3458 
f 1939//3459 1940//3459 1941//3459 
f 1939//3460 1937//3460 1940//3460 
f 1939//3461 1938//3461 1937//3461 
f 1942//3462 1939//3462 1941//3462 
f 1943//3463 1944//3463 1945//3463 
f 1943//3464 1941//3464 1944//3464 
f 1943//3465 1942//3465 1941//3465 
f 1946//3466 1945//3466 1947//3466 
f 1946//3467 1943//3467 1945//3467 
f 1948//3468 1946//3468 1947//3468 
f 1949//3469 1950//3469 1951//3469 
f 1949//3470 1947//3470 1950//3470 
f 1949//3471 1948//3471 1947//3471 
f 1952//3472 1949//3472 1951//3472 
f 1952//3473 1951//3473 1953//3473 
f 1954//3474 1952//3474 1953//3474 
f 1955//3475 1954//3475 1953//3475 
f 1955//3476 1956//3476 1957//3476 
f 1955//3477 1953//3477 1956//3477 
f 1958//3478 1955//3478 1957//3478 
f 1958//3479 1957//3479 1959//3479 
f 1960//3480 1958//3480 1959//3480 
f 1960//3481 1959//3481 1961//3481 
f 1962//3482 1960//3482 1961//3482 
f 1962//3483 1961//3483 1963//3483 
f 1964//3484 1962//3484 1963//3484 
f 1965//3485 1964//3485 1963//3485 
f 1965//3486 1966//3486 1967//3486 
f 1965//3487 1963//3487 1966//3487 
f 1968//3488 1965//3488 1967//3488 
f 1968//3489 1967//3489 1969//3489 
f 1970//3490 1968//3490 1969//3490 
f 1971//3491 1970//3491 1969//3491 
f 1971//3492 1972//3492 1973//3492 
f 1971//3493 1969//3493 1972//3493 
f 1974//3494 1971//3494 1973//3494 
f 1974//3495 1973//3495 1975//3495 
f 1976//3496 1974//3496 1975//3496 
f 1977//3497 1978//3497 1979//3497 
f 1977//3498 1975//3498 1978//3498 
f 1977//3499 1976//3499 1975//3499 
f 1980//3500 1977//3500 1979//3500 
f 1981//3501 1982//3501 1983//3501 
f 1981//3502 1979//3502 1982//3502 
f 1981//3503 1980//3503 1979//3503 
f 1984//3504 1981//3504 1983//3504 
f 1984//3505 1983//3505 1985//3505 
f 1986//3506 1984//3506 1985//3506 
f 1987//3507 1986//3507 1985//3507 
f 1987//3508 1988//3508 1989//3508 
f 1987//3509 1985//3509 1988//3509 
f 1990//3510 1987//3510 1989//3510 
f 1990//3511 1989//3511 1991//3511 
f 1992//3512 1990//3512 1991//3512 
f 1993//3513 1992//3513 1991//3513 
f 1993//3514 1991//3514 1994//3514 
f 1995//3515 1993//3515 1994//3515 
f 1995//3516 1996//3516 1997//3516 
f 1995//3517 1994//3517 1996//3517 
f 1998//3518 1995//3518 1997//3518 
f 1998//3519 1997//3519 1999//3519 
f 2000//3520 1998//3520 1999//3520 
f 2001//3521 2000//3521 1999//3521 
f 2001//3522 1999//3522 2002//3522 
f 2003//3523 2001//3523 2002//3523 
f 2003//3524 2004//3524 2005//3524 
f 2003//3525 2002//3525 2004//3525 
f 2006//3526 2003//3526 2005//3526 
f 2007//3527 2006//3527 2005//3527 
f 2007//3528 2005//3528 2008//3528 
f 2009//3529 2007//3529 2008//3529 
f 2009//3530 2008//3530 2010//3530 
f 2011//3531 2009//3531 2010//3531 
f 2011//3532 2010//3532 2012//3532 
f 2013//3533 2011//3533 2012//3533 
f 2013//3534 2014//3534 2015//3534 
f 2013//3535 2012//3535 2014//3535 
f 2016//3536 2013//3536 2015//3536 
f 2016//3537 2015//3537 2017//3537 
f 2018//3538 2016//3538 2017//3538 
f 2019//3539 2017//3539 2020//3539 
f 2019//3540 2018//3540 2017//3540 
f 2021//3541 2022//3541 2023//3541 
f 2021//3542 2020//3542 2022//3542 
f 2021//3543 2019//3543 2020//3543 
f 2024//3544 2021//3544 2023//3544 
f 2025//3545 2023//3545 2026//3545 
f 2025//3546 2024//3546 2023//3546 
f 2027//3547 2028//3547 2029//3547 
f 2027//3548 2026//3548 2028//3548 
f 2027//3549 2025//3549 2026//3549 
f 2030//3550 2027//3550 2029//3550 
f 2031//3551 2029//3551 2032//3551 
f 2031//3552 2030//3552 2029//3552 
f 2033//3553 2031//3553 2032//3553 
f 2033//3554 2034//3554 2035//3554 
f 2033//3555 2032//3555 2034//3555 
f 2036//3556 2033//3556 2035//3556 
f 2037//3557 2036//3557 2035//3557 
f 2037//3558 2038//3558 2039//3558 
f 2037//3559 2035//3559 2038//3559 
f 2040//3560 2037//3560 2039//3560 
f 2040//3561 2039//3561 2041//3561 
f 2042//3562 2040//3562 2041//3562 
f 2042//3563 2041//3563 2043//3563 
f 2044//3564 2042//3564 2043//3564 
f 2045//3565 2044//3565 2043//3565 
f 2045//3566 2046//3566 2047//3566 
f 2045//3567 2043//3567 2046//3567 
f 2048//3568 2045//3568 2047//3568 
f 2049//3569 2048//3569 2047//3569 
f 2049//3570 2047//3570 2050//3570 
f 2051//3571 2049//3571 2050//3571 
f 2051//3572 2052//3572 2053//3572 
f 2051//3573 2050//3573 2052//3573 
f 2054//3574 2051//3574 2053//3574 
f 2055//3575 2054//3575 2053//3575 
f 2055//3576 2053//3576 2056//3576 
f 2057//3577 2055//3577 2056//3577 
f 2057//3578 2056//3578 2058//3578 
f 2059//3579 2060//3579 2061//3579 
f 2059//3580 2058//3580 2060//3580 
f 2059//3581 2057//3581 2058//3581 
f 2062//3582 2059//3582 2061//3582 
f 2063//3583 2061//3583 2064//3583 
f 2063//3584 2062//3584 2061//3584 
f 2065//3585 2066//3585 2067//3585 
f 2065//3586 2064//3586 2066//3586 
f 2065//3587 2063//3587 2064//3587 
f 2068//3588 2065//3588 2067//3588 
f 2069//3589 2067//3589 2070//3589 
f 2069//3590 2068//3590 2067//3590 
f 2071//3591 2072//3591 2073//3591 
f 2071//3592 2070//3592 2072//3592 
f 2071//3593 2069//3593 2070//3593 
f 2074//3594 2071//3594 2073//3594 
f 2075//3595 2073//3595 2076//3595 
f 2075//3596 2074//3596 2073//3596 
f 2077//3597 2078//3597 2079//3597 
f 2077//3598 2076//3598 2078//3598 
f 2077//3599 2075//3599 2076//3599 
f 2080//3600 2077//3600 2079//3600 
f 2081//3601 2082//3601 2083//3601 
f 2081//3602 2079//3602 2082//3602 
f 2081//3603 2080//3603 2079//3603 
f 2084//3604 2081//3604 2083//3604 
f 2085//3605 2084//3605 2083//3605 
f 2085//3606 2086//3606 2087//3606 
f 2085//3607 2083//3607 2086//3607 
f 2088//3608 2085//3608 2087//3608 
f 2089//3609 2088//3609 2087//3609 
f 2089//3610 2087//3610 2090//3610 
f 2091//3611 2089//3611 2090//3611 
f 2091//3612 2092//3612 2093//3612 
f 2091//3613 2090//3613 2092//3613 
f 2094//3614 2091//3614 2093//3614 
f 2095//3615 2094//3615 2093//3615 
f 2095//3616 2093//3616 2096//3616 
f 2097//3617 2095//3617 2096//3617 
f 2097//3618 2096//3618 2098//3618 
f 2099//3619 2098//3619 2100//3619 
f 2099//3620 2097//3620 2098//3620 
f 2101//3621 2102//3621 2103//3621 
f 2101//3622 2100//3622 2102//3622 
f 2101//3623 2099//3623 2100//3623 
f 2104//3624 2101//3624 2103//3624 
f 2105//3625 2106//3625 2107//3625 
f 2105//3626 2103//3626 2106//3626 
f 2105//3627 2104//3627 2103//3627 
f 2108//3628 2105//3628 2107//3628 
f 2109//3629 2107//3629 2110//3629 
f 2109//3630 2108//3630 2107//3630 
f 2111//3631 2112//3631 2113//3631 
f 2111//3632 2110//3632 2112//3632 
f 2111//3633 2109//3633 2110//3633 
f 2114//3634 2111//3634 2113//3634 
f 2115//3635 2116//3635 2117//3635 
f 2115//3636 2113//3636 2116//3636 
f 2115//3637 2114//3637 2113//3637 
f 2118//3638 2115//3638 2117//3638 
f 2119//3639 2120//3639 2121//3639 
f 2119//3640 2117//3640 2120//3640 
f 2119//3641 2118//3641 2117//3641 
f 2122//3642 2121//3642 2123//3642 
f 2122//3643 2119//3643 2121//3643 
f 2124//3644 2122//3644 2123//3644 
f 2125//3645 2123//3645 2126//3645 
f 2125//3646 2124//3646 2123//3646 
f 2127//3647 2128//3647 2129//3647 
f 2127//3648 2126//3648 2128//3648 
f 2127//3649 2125//3649 2126//3649 
f 2130//3650 2127//3650 2129//3650 
f 2131//3651 2132//3651 2133//3651 
f 2131//3652 2129//3652 2132//3652 
f 2131//3653 2130//3653 2129//3653 
f 2134//3654 2131//3654 2133//3654 
f 2135//3655 2134//3655 2133//3655 
f 2135//3656 2133//3656 2136//3656 
f 2137//3657 2138//3657 2139//3657 
f 2137//3658 2136//3658 2138//3658 
f 2137//3659 2135//3659 2136//3659 
f 2140//3660 2137//3660 2139//3660 
f 2141//3661 2139//3661 2142//3661 
f 2141//3662 2140//3662 2139//3662 
f 2143//3663 2144//3663 2145//3663 
f 2143//3664 2142//3664 2144//3664 
f 2143//3665 2141//3665 2142//3665 
f 2146//3666 2143//3666 2145//3666 
f 2147//3667 2145//3667 2148//3667 
f 2147//3668 2146//3668 2145//3668 
f 2149//3669 2148//3669 2150//3669 
f 2149//3670 2147//3670 2148//3670 
f 2151//3671 2150//3671 2152//3671 
f 2151//3672 2149//3672 2150//3672 
f 2151//3673 2152//3673 2153//3673 
f 2154//3674 2153//3674 2155//3674 
f 2154//3675 2151//3675 2153//3675 
f 2156//3676 2155//3676 2157//3676 
f 2156//3677 2154//3677 2155//3677 
f 2158//3678 2157//3678 2159//3678 
f 2158//3679 2156//3679 2157//3679 
f 2160//3680 2159//3680 2161//3680 
f 2160//3681 2158//3681 2159//3681 
f 2162//3682 2160//3682 2161//3682 
f 2162//3683 2161//3683 2163//3683 
f 2164//3684 2162//3684 2163//3684 
f 2164//3685 2163//3685 2165//3685 
f 2166//3686 2164//3686 2165//3686 
f 2166//3687 2165//3687 2167//3687 
f 2168//3688 2166//3688 2167//3688 
f 2168//3689 2167//3689 2169//3689 
f 2170//3690 2168//3690 2169//3690 
f 2170//3691 2169//3691 2171//3691 
f 2172//3692 2170//3692 2171//3692 
f 2172//3693 2171//3693 2173//3693 
f 2174//3694 2172//3694 2173//3694 
f 2174//3695 2173//3695 2175//3695 
f 2176//3696 2174//3696 2175//3696 
f 2176//3697 2175//3697 2177//3697 
f 2178//3698 2176//3698 2177//3698 
f 2178//3699 2177//3699 2179//3699 
f 2180//3700 2178//3700 2179//3700 
f 2180//3701 2179//3701 2181//3701 
f 2182//3702 2180//3702 2181//3702 
f 2182//3703 2181//3703 2183//3703 
f 2184//3704 2182//3704 2183//3704 
f 2184//3705 2183//3705 2185//3705 
f 2186//3706 2184//3706 2185//3706 
f 2186//3707 2185//3707 2187//3707 
f 2188//3708 2186//3708 2187//3708 
f 2188//3709 2187//3709 2189//3709 
f 2190//3710 2188//3710 2189//3710 
f 2190//3711 2189//3711 2191//3711 
f 2192//3712 2190//3712 2191//3712 
f 2192//3713 2191//3713 2193//3713 
f 2194//3714 2192//3714 2193//3714 
f 2194//3715 2193//3715 2195//3715 
f 2196//3716 2195//3716 2197//3716 
f 2196//3717 2194//3717 2195//3717 
f 2198//3718 2197//3718 2199//3718 
f 2198//3719 2196//3719 2197//3719 
f 2200//3720 2199//3720 2201//3720 
f 2200//3721 2198//3721 2199//3721 
f 2202//3722 2201//3722 2203//3722 
f 2202//3723 2200//3723 2201//3723 
f 2204//3724 2203//3724 2205//3724 
f 2204//3725 2202//3725 2203//3725 
f 2206//3726 2205//3726 2207//3726 
f 2206//3727 2204//3727 2205//3727 
f 2208//3728 2207//3728 2209//3728 
f 2208//3729 2206//3729 2207//3729 
f 2210//3730 2209//3730 2211//3730 
f 2210//3731 2208//3731 2209//3731 
f 2212//3732 2210//3732 2211//3732 
f 2212//3733 2211//3733 2213//3733 
f 2214//3734 2212//3734 2213//3734 
f 2214//3735 2213//3735 2215//3735 
f 2216//3736 2214//3736 2215//3736 
f 2216//3737 2215//3737 2217//3737 
f 2218//3738 2216//3738 2217//3738 
f 2218//3739 2217//3739 2219//3739 
f 2220//3740 2218//3740 2219//3740 
f 2220//3741 2219//3741 2221//3741 
f 2222//3742 2220//3742 2221//3742 
f 2222//3743 2221//3743 2223//3743 
f 2224//3744 2222//3744 2223//3744 
f 2224//3745 2223//3745 2225//3745 
f 2226//3746 2224//3746 2225//3746 
f 2226//3747 2225//3747 2227//3747 
f 2228//3748 2226//3748 2227//3748 
f 2228//3749 2227//3749 2229//3749 
f 2230//3750 2228//3750 2229//3750 
f 2230//3751 2229//3751 2231//3751 
f 2232//3752 2230//3752 2231//3752 
f 2232//3753 2231//3753 2233//3753 
f 2234//3754 2232//3754 2233//3754 
f 2234//3755 2233//3755 2235//3755 
f 2236//3756 2235//3756 2237//3756 
f 2236//3757 2234//3757 2235//3757 
f 2238//3758 2237//3758 2239//3758 
f 2238//3759 2236//3759 2237//3759 
f 2240//3760 2239//3760 2241//3760 
f 2240//3761 2238//3761 2239//3761 
f 2242//3762 2241//3762 2243//3762 
f 2242//3763 2240//3763 2241//3763 
f 2244//3764 2243//3764 2245//3764 
f 2244//3765 2242//3765 2243//3765 
f 2246//3766 2245//3766 2247//3766 
f 2246//3767 2244//3767 2245//3767 
f 2248//3768 2247//3768 2249//3768 
f 2248//3769 2246//3769 2247//3769 
f 2250//3770 2249//3770 2251//3770 
f 2250//3771 2248//3771 2249//3771 
f 2252//3772 2251//3772 2253//3772 
f 2252//3773 2250//3773 2251//3773 
f 2254//3774 2253//3774 2255//3774 
f 2254//3775 2252//3775 2253//3775 
f 2256//3776 2255//3776 2257//3776 
f 2256//3777 2254//3777 2255//3777 
f 2258//3778 2257//3778 2259//3778 
f 2258//3779 2256//3779 2257//3779 
f 2260//3780 2259//3780 2261//3780 
f 2260//3781 2258//3781 2259//3781 
f 2262//3782 2260//3782 2261//3782 
f 2262//3783 2261//3783 2263//3783 
f 2264//3784 2262//3784 2263//3784 
f 2264//3785 2263//3785 2265//3785 
f 2266//3786 2264//3786 2265//3786 
f 2266//3787 2265//3787 2267//3787 
f 2268//3788 2266//3788 2267//3788 
f 2268//3789 2267//3789 2269//3789 
f 2270//3790 2268//3790 2269//3790 
f 2270//3791 2269//3791 2271//3791 
f 2272//3792 2270//3792 2271//3792 
f 2272//3793 2271//3793 2273//3793 
f 2274//3794 2272//3794 2273//3794 
f 2274//3795 2273//3795 2275//3795 
f 2276//3796 2275//3796 2277//3796 
f 2276//3797 2274//3797 2275//3797 
f 2278//3798 2277//3798 2279//3798 
f 2278//3799 2276//3799 2277//3799 
f 2280//3800 2279//3800 2281//3800 
f 2280//3801 2278//3801 2279//3801 
f 2282//3802 2280//3802 2281//3802 
f 2283//3803 2284//3803 2285//3803 
f 2283//3804 2281//3804 2284//3804 
f 2283//3805 2282//3805 2281//3805 
f 2286//3806 2283//3806 2285//3806 
f 2287//3807 2288//3807 2289//3807 
f 2287//3808 2285//3808 2288//3808 
f 2287//3809 2286//3809 2285//3809 
f 2290//3810 2289//3810 2291//3810 
f 2290//3811 2287//3811 2289//3811 
f 2292//3812 2290//3812 2291//3812 
f 2293//3813 2294//3813 2295//3813 
f 2293//3814 2291//3814 2294//3814 
f 2293//3815 2292//3815 2291//3815 
f 2296//3816 2295//3816 2297//3816 
f 2296//3817 2293//3817 2295//3817 
f 2298//3818 2296//3818 2297//3818 
f 2299//3819 2300//3819 2301//3819 
f 2299//3820 2297//3820 2300//3820 
f 2299//3821 2298//3821 2297//3821 
f 2302//3822 2299//3822 2301//3822 
f 2303//3823 2304//3823 2305//3823 
f 2303//3824 2301//3824 2304//3824 
f 2303//3825 2302//3825 2301//3825 
f 2306//3826 2305//3826 2307//3826 
f 2306//3827 2303//3827 2305//3827 
f 2308//3828 2306//3828 2307//3828 
f 2309//3829 2310//3829 2311//3829 
f 2309//3830 2307//3830 2310//3830 
f 2309//3831 2308//3831 2307//3831 
f 2312//3832 2311//3832 2313//3832 
f 2312//3833 2309//3833 2311//3833 
f 2314//3834 2312//3834 2313//3834 
f 2315//3835 2314//3835 2313//3835 
f 2315//3836 2316//3836 2317//3836 
f 2315//3837 2313//3837 2316//3837 
f 2318//3838 2317//3838 2319//3838 
f 2318//3839 2315//3839 2317//3839 
f 2320//3840 2319//3840 2321//3840 
f 2320//3841 2318//3841 2319//3841 
f 2322//3842 2321//3842 2323//3842 
f 2322//3843 2320//3843 2321//3843 
f 2324//3844 2322//3844 2323//3844 
f 2325//3845 2326//3845 2327//3845 
f 2325//3846 2323//3846 2326//3846 
f 2325//3847 2324//3847 2323//3847 
f 2328//3848 2325//3848 2327//3848 
f 2329//3849 2330//3849 2331//3849 
f 2329//3850 2327//3850 2330//3850 
f 2329//3851 2328//3851 2327//3851 
f 2332//3852 2329//3852 2331//3852 
f 2332//3853 2331//3853 2333//3853 
f 2334//3854 2332//3854 2333//3854 
f 2335//3855 2334//3855 2333//3855 
f 2335//3856 2336//3856 2337//3856 
f 2335//3857 2333//3857 2336//3857 
f 2338//3858 2335//3858 2337//3858 
f 2338//3859 2337//3859 2339//3859 
f 2340//3860 2338//3860 2339//3860 
f 2341//3861 2340//3861 2339//3861 
f 2341//3862 2342//3862 2343//3862 
f 2341//3863 2339//3863 2342//3863 
f 2344//3864 2341//3864 2343//3864 
f 2344//3865 2343//3865 2345//3865 
f 2346//3866 2344//3866 2345//3866 
f 2347//3867 2346//3867 2345//3867 
f 2347//3868 2348//3868 2349//3868 
f 2347//3869 2345//3869 2348//3869 
f 2350//3870 2347//3870 2349//3870 
f 2351//3871 2350//3871 2349//3871 
f 2351//3872 2352//3872 2353//3872 
f 2351//3873 2349//3873 2352//3873 
f 2354//3874 2351//3874 2353//3874 
f 2354//3875 2353//3875 2355//3875 
f 2356//3876 2354//3876 2355//3876 
f 2357//3877 2358//3877 2359//3877 
f 2357//3878 2355//3878 2358//3878 
f 2357//3879 2356//3879 2355//3879 
f 2360//3880 2359//3880 2361//3880 
f 2360//3881 2357//3881 2359//3881 
f 2362//3882 2360//3882 2361//3882 
f 2363//3883 2362//3883 2361//3883 
f 2363//3884 2364//3884 2365//3884 
f 2363//3885 2361//3885 2364//3885 
f 2366//3886 2363//3886 2365//3886 
f 2366//3887 2365//3887 2367//3887 
f 2368//3888 2366//3888 2367//3888 
f 2369//3889 2368//3889 2367//3889 
f 2369//3890 2370//3890 2371//3890 
f 2369//3891 2367//3891 2370//3891 
f 2372//3892 2369//3892 2371//3892 
f 2373//3893 2372//3893 2371//3893 
f 2373//3894 2374//3894 2375//3894 
f 2373//3895 2371//3895 2374//3895 
f 2376//3896 2373//3896 2375//3896 
f 2376//3897 2375//3897 2377//3897 
f 2378//3898 2376//3898 2377//3898 
f 2379//3899 2378//3899 2377//3899 
f 2379//3900 2377//3900 2380//3900 
f 2381//3901 2379//3901 2380//3901 
f 2381//3902 2380//3902 2382//3902 
f 2383//3903 2381//3903 2382//3903 
f 2383//3904 2382//3904 2384//3904 
f 2385//3905 2383//3905 2384//3905 
f 2385//3906 2386//3906 2387//3906 
f 2385//3907 2384//3907 2386//3907 
f 2388//3908 2385//3908 2387//3908 
f 2389//3909 2388//3909 2387//3909 
f 2389//3910 2387//3910 2390//3910 
f 2391//3911 2389//3911 2390//3911 
f 2391//3912 2392//3912 2393//3912 
f 2391//3913 2390//3913 2392//3913 
f 2394//3914 2391//3914 2393//3914 
f 2395//3915 2394//3915 2393//3915 
f 2395//3916 2393//3916 2396//3916 
f 2397//3917 2395//3917 2396//3917 
f 2397//3918 2398//3918 2399//3918 
f 2397//3919 2396//3919 2398//3919 
f 2400//3920 2397//3920 2399//3920 
f 2401//3921 2399//3921 2402//3921 
f 2401//3922 2400//3922 2399//3922 
f 2403//3923 2404//3923 2405//3923 
f 2403//3924 2402//3924 2404//3924 
f 2403//3925 2401//3925 2402//3925 
f 2406//3926 2405//3926 2407//3926 
f 2406//3927 2403//3927 2405//3927 
f 2408//3928 2406//3928 2407//3928 
f 2409//3929 2410//3929 2411//3929 
f 2409//3930 2407//3930 2410//3930 
f 2409//3931 2408//3931 2407//3931 
f 2412//3932 2409//3932 2411//3932 
f 2413//3933 2412//3933 2411//3933 
f 2413//3934 2411//3934 2414//3934 
f 2415//3935 2413//3935 2414//3935 
f 2415//3936 2416//3936 2417//3936 
f 2415//3937 2414//3937 2416//3937 
f 2418//3938 2415//3938 2417//3938 
f 2419//3939 2418//3939 2417//3939 
f 2419//3940 2417//3940 2420//3940 
f 2421//3941 2419//3941 2420//3941 
f 2421//3942 2420//3942 2422//3942 
f 2423//3943 2421//3943 2422//3943 
f 2423//3944 2424//3944 2425//3944 
f 2423//3945 2422//3945 2424//3945 
f 2426//3946 2423//3946 2425//3946 
f 2427//3947 2426//3947 2425//3947 
f 2427//3948 2425//3948 2428//3948 
f 2429//3949 2427//3949 2428//3949 
f 2429//3950 2430//3950 2431//3950 
f 2429//3951 2428//3951 2430//3951 
f 2432//3952 2429//3952 2431//3952 
f 2433//3953 2432//3953 2431//3953 
f 2433//3954 2431//3954 2434//3954 
f 2435//3955 2433//3955 2434//3955 
f 2435//3956 2436//3956 2437//3956 
f 2435//3957 2434//3957 2436//3957 
f 2438//3958 2435//3958 2437//3958 
f 2439//3959 2437//3959 2440//3959 
f 2439//3960 2438//3960 2437//3960 
f 2441//3961 2442//3961 2443//3961 
f 2441//3962 2440//3962 2442//3962 
f 2441//3963 2439//3963 2440//3963 
f 2444//3964 2441//3964 2443//3964 
f 2445//3965 2443//3965 2446//3965 
f 2445//3966 2444//3966 2443//3966 
f 2447//3967 2446//3967 2448//3967 
f 2447//3968 2445//3968 2446//3968 
f 2449//3969 2448//3969 2450//3969 
f 2449//3970 2447//3970 2448//3970 
f 2451//3971 2452//3971 2453//3971 
f 2451//3972 2450//3972 2452//3972 
f 2451//3973 2449//3973 2450//3973 
f 2454//3974 2451//3974 2453//3974 
f 2455//3975 2456//3975 2457//3975 
f 2455//3976 2453//3976 2456//3976 
f 2455//3977 2454//3977 2453//3977 
f 2458//3978 2455//3978 2457//3978 
f 2459//3979 2457//3979 2460//3979 
f 2459//3980 2458//3980 2457//3980 
f 2461//3981 2462//3981 2463//3981 
f 2461//3982 2460//3982 2462//3982 
f 2461//3983 2459//3983 2460//3983 
f 2464//3984 2461//3984 2463//3984 
f 2465//3985 2464//3985 2463//3985 
f 2465//3986 2466//3986 2467//3986 
f 2465//3987 2463//3987 2466//3987 
f 2468//3988 2465//3988 2467//3988 
f 2468//3989 2467//3989 2469//3989 
f 2470//3990 2468//3990 2469//3990 
f 2471//3991 2470//3991 2469//3991 
f 2471//3992 2472//3992 2473//3992 
f 2471//3993 2469//3993 2472//3993 
f 2474//3994 2471//3994 2473//3994 
f 2475//3995 2474//3995 2473//3995 
f 2475//3996 2476//3996 2477//3996 
f 2475//3997 2473//3997 2476//3997 
f 2478//3998 2475//3998 2477//3998 
f 2479//3999 2480//3999 2481//3999 
f 2479//4000 2477//4000 2480//4000 
f 2479//4001 2478//4001 2477//4001 
f 2482//4002 2479//4002 2481//4002 
f 2483//4003 2481//4003 2484//4003 
f 2483//4004 2482//4004 2481//4004 
f 2485//4005 2486//4005 2487//4005 
f 2485//4006 2484//4006 2486//4006 
f 2485//4007 2483//4007 2484//4007 
f 2488//4008 2485//4008 2487//4008 
f 2489//4009 2487//4009 2490//4009 
f 2489//4010 2488//4010 2487//4010 
f 2491//4011 2490//4011 2492//4011 
f 2491//4012 2489//4012 2490//4012 
f 2493//4013 2494//4013 2495//4013 
f 2493//4014 2492//4014 2494//4014 
f 2493//4015 2491//4015 2492//4015 
f 2496//4016 2493//4016 2495//4016 
f 2497//4017 2495//4017 2498//4017 
f 2497//4018 2496//4018 2495//4018 
f 2499//4019 2500//4019 2501//4019 
f 2499//4020 2498//4020 2500//4020 
f 2499//4021 2497//4021 2498//4021 
f 2502//4022 2501//4022 2503//4022 
f 2502//4023 2499//4023 2501//4023 
f 2504//4024 2502//4024 2503//4024 
f 2505//4025 2506//4025 2507//4025 
f 2505//4026 2503//4026 2506//4026 
f 2505//4027 2504//4027 2503//4027 
f 2508//4028 2505//4028 2507//4028 
f 2509//4029 2510//4029 2511//4029 
f 2509//4030 2507//4030 2510//4030 
f 2509//4031 2508//4031 2507//4031 
f 2512//4032 2511//4032 2513//4032 
f 2512//4033 2509//4033 2511//4033 
f 2514//4034 2512//4034 2513//4034 
f 2515//4035 2514//4035 2513//4035 
f 2515//4036 2513//4036 2516//4036 
f 2517//4037 2518//4037 2519//4037 
f 2517//4038 2516//4038 2518//4038 
f 2517//4039 2515//4039 2516//4039 
f 2520//4040 2517//4040 2519//4040 
f 2521//4041 2519//4041 2522//4041 
f 2521//4042 2520//4042 2519//4042 
f 2523//4043 2522//4043 2524//4043 
f 2523//4044 2521//4044 2522//4044 
f 2525//4045 2524//4045 2526//4045 
f 2525//4046 2523//4046 2524//4046 
f 2527//4047 2526//4047 2528//4047 
f 2527//4048 2525//4048 2526//4048 
f 2529//4049 2530//4049 1772//4049 
f 2529//4050 2528//4050 2530//4050 
f 2529//4051 2527//4051 2528//4051 
f 1771//4052 2529//4052 1772//4052 
f 1475//4053 2019//4053 2021//4053 
f 1473//4054 2021//4054 2024//4054 
f 1473//4055 1475//4055 2021//4055 
f 1471//4056 1473//4056 2024//4056 
f 1471//4057 2024//4057 2025//4057 
f 1471//4058 2025//4058 2027//4058 
f 2982//4059 2018//4059 2019//4059 
f 2982//4060 2019//4060 1475//4060 
f 2977//4061 2027//4061 2030//4061 
f 2977//4062 1471//4062 2027//4062 
f 2984//4063 2016//4063 2018//4063 
f 2984//4064 2018//4064 2982//4064 
f 2975//4065 2030//4065 2031//4065 
f 2975//4066 2977//4066 2030//4066 
f 1479//4067 2011//4067 2013//4067 
f 1479//4068 2013//4068 2016//4068 
f 1479//4069 2016//4069 2984//4069 
f 1467//4070 2031//4070 2033//4070 
f 1467//4071 2975//4071 2031//4071 
f 1481//4072 2009//4072 2011//4072 
f 1481//4073 2011//4073 1479//4073 
f 1465//4074 2033//4074 2036//4074 
f 1465//4075 2036//4075 2037//4075 
f 1465//4076 1467//4076 2033//4076 
f 2988//4077 2009//4077 1481//4077 
f 2988//4078 2007//4078 2009//4078 
f 2971//4079 2037//4079 2040//4079 
f 2971//4080 1465//4080 2037//4080 
f 1484//4081 2006//4081 2007//4081 
f 1484//4082 2007//4082 2988//4082 
f 1462//4083 2040//4083 2042//4083 
f 1462//4084 2971//4084 2040//4084 
f 1486//4085 2006//4085 1484//4085 
f 1486//4086 2003//4086 2006//4086 
f 2968//4087 2042//4087 2044//4087 
f 2968//4088 2044//4088 2045//4088 
f 2968//4089 1462//4089 2042//4089 
f 2992//4090 2001//4090 2003//4090 
f 2992//4091 2003//4091 1486//4091 
f 2966//4092 2045//4092 2048//4092 
f 2966//4093 2968//4093 2045//4093 
f 2994//4094 1998//4094 2000//4094 
f 2994//4095 2000//4095 2001//4095 
f 2994//4096 2001//4096 2992//4096 
f 1458//4097 2048//4097 2049//4097 
f 1458//4098 2966//4098 2048//4098 
f 2996//4099 1998//4099 2994//4099 
f 2996//4100 1995//4100 1998//4100 
f 1456//4101 2049//4101 2051//4101 
f 1456//4102 2051//4102 2054//4102 
f 1456//4103 1458//4103 2049//4103 
f 2998//4104 1993//4104 1995//4104 
f 2998//4105 1995//4105 2996//4105 
f 1454//4106 2054//4106 2055//4106 
f 1454//4107 1456//4107 2054//4107 
f 1492//4108 1992//4108 1993//4108 
f 1492//4109 1993//4109 2998//4109 
f 2961//4110 2055//4110 2057//4110 
f 2961//4111 1454//4111 2055//4111 
f 1495//4112 1990//4112 1992//4112 
f 1495//4113 1992//4113 1492//4113 
f 2959//4114 2057//4114 2059//4114 
f 2959//4115 2059//4115 2062//4115 
f 2959//4116 2961//4116 2057//4116 
f 1496//4117 1987//4117 1990//4117 
f 1496//4118 1990//4118 1495//4118 
f 2957//4119 2062//4119 2063//4119 
f 2957//4120 2959//4120 2062//4120 
f 3002//4121 1986//4121 1987//4121 
f 3002//4122 1987//4122 1496//4122 
f 1449//4123 2957//4123 2063//4123 
f 1449//4124 2063//4124 2065//4124 
f 1449//4125 2065//4125 2068//4125 
f 1499//4126 1984//4126 1986//4126 
f 1499//4127 1986//4127 3002//4127 
f 1447//4128 1449//4128 2068//4128 
f 1447//4129 2068//4129 2069//4129 
f 3006//4130 1980//4130 1981//4130 
f 3006//4131 1981//4131 1984//4131 
f 3006//4132 1984//4132 1499//4132 
f 2953//4133 1447//4133 2069//4133 
f 2953//4134 2069//4134 2071//4134 
f 3008//4135 1977//4135 1980//4135 
f 3008//4136 1980//4136 3006//4136 
f 2951//4137 2071//4137 2074//4137 
f 2951//4138 2074//4138 2075//4138 
f 2951//4139 2953//4139 2071//4139 
f 3009//4140 1976//4140 1977//4140 
f 3009//4141 1977//4141 3008//4141 
f 2949//4142 2951//4142 2075//4142 
f 2949//4143 2075//4143 2077//4143 
f 3012//4144 1974//4144 1976//4144 
f 3012//4145 1976//4145 3009//4145 
f 1442//4146 2949//4146 2077//4146 
f 1442//4147 2077//4147 2080//4147 
f 1442//4148 2080//4148 2081//4148 
f 3014//4149 1971//4149 1974//4149 
f 3014//4150 1974//4150 3012//4150 
f 1440//4151 1442//4151 2081//4151 
f 1440//4152 2081//4152 2084//4152 
f 1506//4153 1971//4153 3014//4153 
f 1506//4154 1970//4154 1971//4154 
f 2945//4155 1440//4155 2084//4155 
f 2945//4156 2084//4156 2085//4156 
f 2945//4157 2085//4157 2088//4157 
f 1509//4158 1970//4158 1506//4158 
f 1509//4159 1968//4159 1970//4159 
f 1437//4160 2945//4160 2088//4160 
f 1437//4161 2088//4161 2089//4161 
f 3018//4162 1968//4162 1509//4162 
f 3018//4163 1965//4163 1968//4163 
f 1435//4164 1437//4164 2089//4164 
f 1435//4165 2089//4165 2091//4165 
f 1435//4166 2091//4166 2094//4166 
f 1511//4167 1965//4167 3018//4167 
f 1511//4168 1964//4168 1965//4168 
f 1433//4169 1435//4169 2094//4169 
f 1433//4170 2094//4170 2095//4170 
f 1433//4171 2095//4171 2097//4171 
f 1433//4172 2097//4172 2099//4172 
f 1433//4173 2099//4173 2101//4173 
f 1433//4174 2101//4174 2104//4174 
f 1433//4175 2104//4175 2105//4175 
f 1433//4176 2105//4176 2108//4176 
f 1433//4177 2108//4177 2109//4177 
f 1433//4178 2109//4178 2111//4178 
f 1433//4179 2111//4179 2114//4179 
f 1433//4180 2114//4180 2115//4180 
f 1433//4181 2115//4181 2118//4181 
f 1433//4182 2118//4182 2119//4182 
f 1433//4183 2119//4183 2122//4183 
f 1433//4184 2122//4184 2124//4184 
f 1433//4185 2124//4185 2125//4185 
f 1433//4186 2125//4186 2127//4186 
f 1433//4187 2127//4187 2130//4187 
f 1433//4188 2130//4188 2131//4188 
f 1433//4189 2131//4189 2134//4189 
f 1433//4190 2134//4190 2135//4190 
f 1433//4191 2135//4191 2137//4191 
f 1433//4192 2137//4192 2140//4192 
f 1433//4193 2140//4193 2141//4193 
f 1433//4194 2141//4194 2143//4194 
f 1433//4195 2143//4195 2146//4195 
f 1433//4196 2146//4196 2147//4196 
f 1433//4197 2147//4197 2149//4197 
f 1433//4198 2149//4198 2151//4198 
f 3021//4199 1964//4199 1511//4199 
f 3021//4200 1960//4200 1962//4200 
f 3021//4201 1962//4201 1964//4201 
f 1514//4202 1960//4202 3021//4202 
f 1514//4203 1958//4203 1960//4203 
f 1516//4204 1958//4204 1514//4204 
f 1516//4205 1955//4205 1958//4205 
f 1518//4206 1955//4206 1516//4206 
f 1518//4207 1954//4207 1955//4207 
f 1520//4208 1954//4208 1518//4208 
f 1520//4209 1952//4209 1954//4209 
f 3026//4210 1952//4210 1520//4210 
f 3026//4211 1949//4211 1952//4211 
f 1523//4212 1949//4212 3026//4212 
f 1523//4213 1948//4213 1949//4213 
f 1526//4214 1946//4214 1948//4214 
f 1526//4215 1948//4215 1523//4215 
f 3031//4216 1943//4216 1946//4216 
f 3031//4217 1946//4217 1526//4217 
f 3032//4218 1939//4218 1942//4218 
f 3032//4219 1942//4219 1943//4219 
f 3032//4220 1943//4220 3031//4220 
f 1530//4221 1939//4221 3032//4221 
f 1530//4222 1938//4222 1939//4222 
f 3035//4223 1938//4223 1530//4223 
f 3035//4224 1936//4224 1938//4224 
f 1532//4225 1936//4225 3035//4225 
f 1532//4226 1933//4226 1936//4226 
f 1535//4227 1933//4227 1532//4227 
f 1535//4228 1932//4228 1933//4228 
f 1536//4229 1932//4229 1535//4229 
f 1536//4230 1929//4230 1932//4230 
f 3040//4231 1929//4231 1536//4231 
f 3040//4232 1928//4232 1929//4232 
f 1539//4233 1928//4233 3040//4233 
f 1539//4234 1926//4234 1928//4234 
f 3043//4235 1926//4235 1539//4235 
f 3043//4236 1922//4236 1923//4236 
f 3043//4237 1923//4237 1926//4237 
f 1542//4238 1922//4238 3043//4238 
f 1542//4239 1920//4239 1922//4239 
f 3047//4240 1920//4240 1542//4240 
f 3047//4241 1917//4241 1920//4241 
f 3049//4242 1917//4242 3047//4242 
f 3049//4243 1916//4243 1917//4243 
f 1546//4244 1916//4244 3049//4244 
f 1546//4245 1913//4245 1916//4245 
f 3051//4246 1913//4246 1546//4246 
f 3051//4247 1912//4247 1913//4247 
f 1549//4248 1912//4248 3051//4248 
f 1549//4249 1907//4249 1910//4249 
f 1549//4250 1910//4250 1912//4250 
f 3054//4251 1907//4251 1549//4251 
f 3054//4252 1906//4252 1907//4252 
f 1552//4253 1906//4253 3054//4253 
f 1552//4254 1904//4254 1906//4254 
f 3057//4255 1902//4255 1904//4255 
f 3057//4256 1904//4256 1552//4256 
f 1555//4257 1902//4257 3057//4257 
f 1555//4258 1900//4258 1902//4258 
f 1557//4259 1896//4259 1897//4259 
f 1557//4260 1897//4260 1900//4260 
f 1557//4261 1900//4261 1555//4261 
f 3062//4262 1896//4262 1557//4262 
f 3062//4263 1894//4263 1896//4263 
f 1561//4264 1892//4264 1894//4264 
f 1561//4265 1894//4265 3062//4265 
f 3065//4266 1890//4266 1892//4266 
f 3065//4267 1892//4267 1561//4267 
f 1563//4268 1887//4268 1890//4268 
f 1563//4269 1890//4269 3065//4269 
f 1886//4270 1563//4270 1566//4270 
f 1886//4271 1887//4271 1563//4271 
f 1884//4272 1886//4272 1566//4272 
f 1884//4273 1566//4273 3069//4273 
f 1882//4274 1884//4274 3069//4274 
f 1882//4275 3069//4275 3070//4275 
f 1880//4276 1882//4276 3070//4276 
f 1878//4277 1880//4277 3070//4277 
f 1878//4278 3070//4278 1570//4278 
f 1876//4279 1878//4279 1570//4279 
f 1876//4280 1570//4280 3073//4280 
f 1874//4281 1876//4281 3073//4281 
f 1874//4282 3073//4282 3075//4282 
f 1872//4283 1874//4283 3075//4283 
f 1870//4284 1872//4284 3075//4284 
f 1870//4285 3075//4285 1573//4285 
f 1868//4286 1870//4286 1573//4286 
f 1868//4287 1573//4287 1576//4287 
f 1769//4288 2174//4288 2176//4288 
f 1769//4289 2176//4289 2178//4289 
f 1769//4290 2178//4290 2180//4290 
f 1769//4291 2180//4291 2182//4291 
f 1769//4292 2182//4292 2184//4292 
f 1769//4293 2184//4293 2186//4293 
f 1769//4294 2186//4294 2188//4294 
f 1769//4295 2188//4295 2190//4295 
f 1769//4296 2190//4296 2192//4296 
f 1769//4297 2192//4297 2194//4297 
f 1769//4298 2194//4298 2196//4298 
f 1769//4299 2196//4299 2198//4299 
f 1769//4300 2198//4300 2200//4300 
f 1769//4301 2200//4301 2202//4301 
f 1769//4302 2202//4302 2204//4302 
f 1769//4303 2204//4303 2206//4303 
f 1769//4304 2206//4304 2208//4304 
f 1769//4305 2208//4305 2210//4305 
f 1769//4306 1433//4306 2151//4306 
f 1769//4307 2151//4307 2154//4307 
f 1769//4308 2154//4308 2156//4308 
f 1769//4309 2156//4309 2158//4309 
f 1769//4310 2158//4310 2160//4310 
f 1769//4311 2160//4311 2162//4311 
f 1769//4312 2162//4312 2164//4312 
f 1769//4313 2164//4313 2166//4313 
f 1769//4314 2166//4314 2168//4314 
f 1769//4315 2168//4315 2170//4315 
f 1769//4316 2170//4316 2172//4316 
f 1769//4317 2172//4317 2174//4317 
f 2938//4318 2210//4318 2212//4318 
f 2938//4319 2212//4319 2214//4319 
f 2938//4320 1769//4320 2210//4320 
f 1866//4321 1868//4321 1576//4321 
f 1866//4322 1576//4322 1577//4322 
f 1767//4323 2214//4323 2216//4323 
f 1767//4324 2938//4324 2214//4324 
f 1764//4325 2216//4325 2218//4325 
f 1764//4326 2218//4326 2220//4326 
f 1764//4327 1767//4327 2216//4327 
f 1864//4328 1866//4328 1577//4328 
f 2934//4329 2220//4329 2222//4329 
f 2934//4330 1764//4330 2220//4330 
f 1761//4331 2222//4331 2224//4331 
f 1761//4332 2224//4332 2226//4332 
f 1761//4333 2934//4333 2222//4333 
f 1862//4334 1577//4334 1579//4334 
f 1862//4335 1864//4335 1577//4335 
f 1759//4336 2226//4336 2228//4336 
f 1759//4337 1761//4337 2226//4337 
f 1757//4338 2228//4338 2230//4338 
f 1757//4339 2230//4339 2232//4339 
f 1757//4340 1759//4340 2228//4340 
f 2930//4341 2232//4341 2234//4341 
f 2930//4342 1757//4342 2232//4342 
f 1860//4343 1579//4343 1581//4343 
f 1860//4344 1862//4344 1579//4344 
f 2928//4345 2930//4345 2234//4345 
f 2928//4346 2234//4346 2236//4346 
f 1753//4347 2928//4347 2236//4347 
f 1753//4348 2236//4348 2238//4348 
f 1753//4349 2238//4349 2240//4349 
f 1858//4350 1860//4350 1581//4350 
f 1751//4351 1753//4351 2240//4351 
f 1751//4352 2240//4352 2242//4352 
f 2924//4353 2242//4353 2244//4353 
f 2924//4354 2244//4354 2246//4354 
f 2924//4355 1751//4355 2242//4355 
f 1856//4356 1858//4356 1581//4356 
f 1856//4357 1581//4357 3083//4357 
f 1748//4358 2246//4358 2248//4358 
f 1748//4359 2924//4359 2246//4359 
f 1746//4360 1748//4360 2248//4360 
f 1746//4361 2248//4361 2250//4361 
f 1854//4362 1856//4362 3083//4362 
f 1854//4363 3083//4363 1584//4363 
f 2919//4364 2250//4364 2252//4364 
f 2919//4365 2252//4365 2254//4365 
f 2919//4366 1746//4366 2250//4366 
f 1852//4367 1854//4367 1584//4367 
f 1852//4368 1584//4368 1586//4368 
f 2917//4369 2919//4369 2254//4369 
f 2917//4370 2254//4370 2256//4370 
f 2916//4371 2917//4371 2256//4371 
f 2916//4372 2256//4372 2258//4372 
f 1850//4373 1852//4373 1586//4373 
f 1741//4374 2916//4374 2258//4374 
f 1741//4375 2258//4375 2260//4375 
f 1741//4376 2260//4376 2262//4376 
f 1740//4377 1741//4377 2262//4377 
f 1740//4378 2262//4378 2264//4378 
f 1848//4379 1850//4379 1586//4379 
f 1848//4380 1586//4380 1589//4380 
f 1737//4381 2264//4381 2266//4381 
f 1737//4382 1740//4382 2264//4382 
f 1735//4383 1737//4383 2266//4383 
f 1846//4384 1848//4384 1589//4384 
f 1846//4385 1589//4385 3088//4385 
f 2268//4386 1735//4386 2266//4386 
f 1844//4387 1846//4387 3088//4387 
f 2270//4388 2909//4388 1735//4388 
f 2270//4389 1735//4389 2268//4389 
f 1842//4390 1844//4390 3088//4390 
f 1842//4391 3088//4391 3089//4391 
f 2272//4392 2909//4392 2270//4392 
f 2272//4393 1733//4393 2909//4393 
f 1840//4394 1842//4394 3089//4394 
f 1840//4395 3089//4395 1592//4395 
f 2274//4396 1733//4396 2272//4396 
f 2274//4397 1730//4397 1733//4397 
f 1838//4398 1840//4398 1592//4398 
f 2276//4399 1730//4399 2274//4399 
f 2276//4400 2905//4400 1730//4400 
f 1836//4401 1592//4401 1595//4401 
f 1836//4402 1838//4402 1592//4402 
f 2278//4403 2905//4403 2276//4403 
f 1834//4404 1595//4404 3093//4404 
f 1834//4405 1836//4405 1595//4405 
f 2280//4406 2905//4406 2278//4406 
f 2280//4407 1728//4407 2905//4407 
f 1832//4408 1834//4408 3093//4408 
f 2282//4409 1728//4409 2280//4409 
f 2282//4410 1725//4410 1728//4410 
f 1830//4411 1832//4411 3093//4411 
f 1830//4412 3093//4412 1597//4412 
f 2283//4413 1725//4413 2282//4413 
f 2283//4414 1723//4414 1725//4414 
f 1828//4415 1830//4415 1597//4415 
f 2286//4416 1723//4416 2283//4416 
f 2286//4417 1721//4417 1723//4417 
f 1826//4418 1828//4418 1597//4418 
f 2287//4419 1721//4419 2286//4419 
f 2287//4420 1720//4420 1721//4420 
f 1824//4421 1826//4421 1597//4421 
f 2290//4422 1720//4422 2287//4422 
f 1822//4423 1824//4423 1597//4423 
f 2292//4424 1720//4424 2290//4424 
f 2292//4425 1717//4425 1720//4425 
f 1820//4426 1822//4426 1597//4426 
f 2293//4427 1715//4427 1717//4427 
f 2293//4428 1717//4428 2292//4428 
f 1818//4429 1820//4429 1597//4429 
f 2296//4430 1715//4430 2293//4430 
f 2296//4431 1713//4431 1715//4431 
f 1816//4432 1818//4432 1597//4432 
f 2298//4433 1713//4433 2296//4433 
f 2298//4434 2896//4434 1713//4434 
f 1814//4435 1816//4435 1597//4435 
f 2299//4436 2896//4436 2298//4436 
f 2299//4437 1710//4437 2896//4437 
f 1812//4438 1814//4438 1597//4438 
f 2302//4439 1710//4439 2299//4439 
f 2302//4440 1708//4440 1710//4440 
f 1810//4441 1812//4441 1597//4441 
f 2303//4442 1708//4442 2302//4442 
f 1808//4443 1810//4443 1597//4443 
f 2306//4444 2891//4444 1708//4444 
f 2306//4445 1708//4445 2303//4445 
f 1806//4446 1808//4446 1597//4446 
f 2308//4447 2891//4447 2306//4447 
f 2308//4448 1705//4448 2891//4448 
f 1804//4449 1806//4449 1597//4449 
f 2309//4450 1705//4450 2308//4450 
f 2309//4451 2889//4451 1705//4451 
f 1802//4452 1804//4452 1597//4452 
f 2312//4453 2887//4453 2889//4453 
f 2312//4454 2889//4454 2309//4454 
f 1800//4455 1802//4455 1597//4455 
f 2314//4456 1701//4456 2887//4456 
f 2314//4457 2887//4457 2312//4457 
f 1798//4458 1800//4458 1597//4458 
f 2315//4459 1701//4459 2314//4459 
f 2315//4460 1699//4460 1701//4460 
f 1796//4461 1798//4461 1597//4461 
f 2318//4462 1699//4462 2315//4462 
f 2318//4463 2883//4463 1699//4463 
f 1794//4464 1796//4464 1597//4464 
f 2320//4465 2883//4465 2318//4465 
f 2320//4466 1697//4466 2883//4466 
f 1792//4467 1794//4467 1597//4467 
f 2322//4468 1697//4468 2320//4468 
f 1790//4469 1792//4469 1597//4469 
f 2324//4470 1694//4470 1697//4470 
f 2324//4471 1697//4471 2322//4471 
f 1788//4472 1790//4472 1597//4472 
f 2325//4473 1694//4473 2324//4473 
f 2325//4474 1692//4474 1694//4474 
f 1786//4475 1788//4475 1597//4475 
f 2328//4476 2878//4476 1692//4476 
f 2328//4477 1692//4477 2325//4477 
f 1784//4478 1786//4478 1597//4478 
f 2329//4479 2878//4479 2328//4479 
f 2329//4480 1690//4480 2878//4480 
f 1782//4481 1784//4481 1597//4481 
f 2332//4482 1687//4482 1690//4482 
f 2332//4483 1690//4483 2329//4483 
f 1780//4484 1782//4484 1597//4484 
f 2334//4485 1687//4485 2332//4485 
f 2334//4486 2874//4486 1687//4486 
f 1778//4487 1780//4487 1597//4487 
f 2335//4488 2874//4488 2334//4488 
f 2335//4489 2871//4489 2874//4489 
f 1776//4490 1778//4490 1597//4490 
f 2338//4491 1684//4491 2871//4491 
f 2338//4492 2871//4492 2335//4492 
f 1774//4493 1776//4493 1597//4493 
f 2340//4494 2868//4494 1684//4494 
f 2340//4495 1684//4495 2338//4495 
f 1771//4496 1774//4496 1597//4496 
f 1771//4497 1597//4497 1600//4497 
f 2341//4498 2868//4498 2340//4498 
f 2529//4499 1771//4499 1600//4499 
f 2344//4500 2868//4500 2341//4500 
f 2344//4501 2866//4501 2868//4501 
f 2527//4502 2529//4502 1600//4502 
f 2346//4503 2866//4503 2344//4503 
f 2346//4504 1679//4504 2866//4504 
f 2525//4505 2527//4505 1600//4505 
f 2347//4506 2863//4506 1679//4506 
f 2347//4507 1679//4507 2346//4507 
f 2523//4508 2525//4508 1600//4508 
f 2350//4509 2862//4509 2863//4509 
f 2350//4510 2863//4510 2347//4510 
f 2521//4511 2523//4511 1600//4511 
f 2351//4512 1675//4512 2862//4512 
f 2351//4513 2862//4513 2350//4513 
f 2520//4514 2521//4514 1600//4514 
f 2354//4515 1675//4515 2351//4515 
f 2354//4516 2859//4516 1675//4516 
f 2517//4517 2520//4517 1600//4517 
f 2356//4518 2859//4518 2354//4518 
f 2356//4519 1672//4519 2859//4519 
f 2515//4520 2517//4520 1600//4520 
f 2357//4521 1672//4521 2356//4521 
f 2357//4522 1671//4522 1672//4522 
f 2514//4523 2515//4523 1600//4523 
f 2360//4524 1671//4524 2357//4524 
f 2360//4525 2855//4525 1671//4525 
f 2512//4526 2514//4526 1600//4526 
f 2362//4527 2855//4527 2360//4527 
f 2509//4528 2512//4528 1600//4528 
f 2363//4529 2853//4529 2855//4529 
f 2363//4530 2855//4530 2362//4530 
f 2508//4531 2509//4531 1600//4531 
f 2366//4532 2853//4532 2363//4532 
f 2366//4533 2850//4533 2853//4533 
f 2505//4534 2508//4534 1600//4534 
f 2368//4535 1665//4535 2850//4535 
f 2368//4536 2850//4536 2366//4536 
f 2504//4537 2505//4537 1600//4537 
f 2369//4538 2848//4538 1665//4538 
f 2369//4539 1665//4539 2368//4539 
f 2502//4540 2504//4540 1600//4540 
f 2372//4541 1662//4541 2848//4541 
f 2372//4542 2848//4542 2369//4542 
f 2499//4543 2502//4543 1600//4543 
f 2373//4544 1661//4544 1662//4544 
f 2373//4545 1662//4545 2372//4545 
f 2497//4546 2499//4546 1600//4546 
f 2376//4547 1661//4547 2373//4547 
f 2376//4548 1658//4548 1661//4548 
f 2496//4549 2497//4549 1600//4549 
f 2378//4550 1658//4550 2376//4550 
f 2378//4551 1656//4551 1658//4551 
f 2493//4552 2496//4552 1600//4552 
f 2379//4553 1656//4553 2378//4553 
f 2491//4554 2493//4554 1600//4554 
f 2381//4555 1656//4555 2379//4555 
f 2381//4556 1654//4556 1656//4556 
f 2489//4557 2491//4557 1600//4557 
f 2383//4558 1652//4558 1654//4558 
f 2383//4559 1654//4559 2381//4559 
f 2488//4560 2489//4560 1600//4560 
f 2385//4561 1651//4561 1652//4561 
f 2385//4562 1652//4562 2383//4562 
f 2485//4563 2488//4563 1600//4563 
f 2388//4564 1648//4564 1651//4564 
f 2388//4565 1651//4565 2385//4565 
f 2483//4566 2485//4566 1600//4566 
f 2389//4567 2838//4567 1648//4567 
f 2389//4568 1648//4568 2388//4568 
f 2482//4569 2483//4569 1600//4569 
f 2391//4570 2836//4570 2838//4570 
f 2391//4571 2838//4571 2389//4571 
f 2479//4572 2482//4572 1600//4572 
f 2394//4573 2836//4573 2391//4573 
f 2478//4574 2479//4574 1600//4574 
f 2395//4575 2833//4575 2836//4575 
f 2395//4576 2836//4576 2394//4576 
f 2475//4577 2478//4577 1600//4577 
f 2397//4578 2832//4578 2833//4578 
f 2397//4579 2833//4579 2395//4579 
f 2474//4580 2475//4580 1600//4580 
f 2474//4581 1600//4581 2794//4581 
f 2400//4582 1642//4582 2832//4582 
f 2400//4583 2832//4583 2397//4583 
f 2471//4584 2474//4584 2794//4584 
f 2401//4585 2829//4585 1642//4585 
f 2401//4586 1642//4586 2400//4586 
f 2470//4587 2794//4587 2796//4587 
f 2470//4588 2471//4588 2794//4588 
f 2403//4589 1639//4589 2829//4589 
f 2403//4590 2829//4590 2401//4590 
f 2468//4591 2470//4591 2796//4591 
f 2468//4592 2796//4592 1603//4592 
f 2406//4593 1639//4593 2403//4593 
f 2465//4594 2468//4594 1603//4594 
f 2408//4595 1637//4595 1639//4595 
f 2408//4596 1639//4596 2406//4596 
f 2464//4597 2465//4597 1603//4597 
f 2464//4598 1603//4598 1605//4598 
f 2409//4599 1637//4599 2408//4599 
f 2409//4600 1635//4600 1637//4600 
f 2461//4601 2464//4601 1605//4601 
f 2461//4602 1605//4602 2800//4602 
f 2412//4603 1633//4603 1635//4603 
f 2412//4604 1635//4604 2409//4604 
f 2459//4605 2461//4605 2800//4605 
f 2413//4606 2822//4606 1633//4606 
f 2413//4607 1633//4607 2412//4607 
f 2458//4608 2459//4608 2800//4608 
f 2458//4609 2800//4609 1608//4609 
f 2415//4610 2822//4610 2413//4610 
f 2455//4611 2458//4611 1608//4611 
f 2455//4612 1608//4612 1610//4612 
f 2418//4613 1630//4613 2822//4613 
f 2418//4614 2822//4614 2415//4614 
f 2454//4615 2455//4615 1610//4615 
f 2419//4616 1628//4616 1630//4616 
f 2419//4617 1630//4617 2418//4617 
f 2451//4618 2454//4618 1610//4618 
f 2451//4619 1610//4619 1612//4619 
f 2421//4620 1626//4620 1628//4620 
f 2421//4621 1628//4621 2419//4621 
f 2449//4622 2451//4622 1612//4622 
f 2449//4623 1612//4623 2805//4623 
f 2423//4624 1626//4624 2421//4624 
f 2447//4625 2449//4625 2805//4625 
f 2447//4626 2805//4626 2807//4626 
f 2426//4627 2818//4627 1626//4627 
f 2426//4628 1626//4628 2423//4628 
f 2445//4629 2447//4629 2807//4629 
f 2427//4630 2818//4630 2426//4630 
f 2427//4631 2816//4631 2818//4631 
f 2444//4632 2445//4632 2807//4632 
f 2444//4633 2807//4633 2809//4633 
f 2429//4634 2816//4634 2427//4634 
f 2429//4635 1622//4635 2816//4635 
f 2441//4636 2444//4636 2809//4636 
f 2441//4637 2809//4637 1617//4637 
f 2432//4638 1622//4638 2429//4638 
f 2439//4639 2441//4639 1617//4639 
f 2433//4640 1622//4640 2432//4640 
f 2433//4641 2813//4641 1622//4641 
f 2435//4642 2813//4642 2433//4642 
f 2435//4643 1619//4643 2813//4643 
f 2438//4644 2439//4644 1617//4644 
f 2438//4645 1619//4645 2435//4645 
f 2438//4646 1617//4646 1619//4646 
f 1726//4647 2284//4647 2281//4647 
f 1727//4648 2281//4648 2279//4648 
f 1727//4649 1726//4649 2281//4649 
f 1724//4650 2285//4650 2284//4650 
f 1724//4651 2284//4651 1726//4651 
f 1729//4652 1727//4652 2279//4652 
f 1729//4653 2279//4653 2277//4653 
f 1729//4654 2277//4654 2275//4654 
f 1722//4655 2288//4655 2285//4655 
f 1722//4656 2285//4656 1724//4656 
f 1731//4657 2275//4657 2273//4657 
f 1731//4658 1729//4658 2275//4658 
f 1719//4659 2291//4659 2289//4659 
f 1719//4660 2289//4660 2288//4660 
f 1719//4661 2288//4661 1722//4661 
f 1732//4662 2273//4662 2271//4662 
f 1732//4663 1731//4663 2273//4663 
f 1718//4664 2294//4664 2291//4664 
f 1718//4665 2291//4665 1719//4665 
f 1734//4666 2271//4666 2269//4666 
f 1734//4667 1732//4667 2271//4667 
f 1716//4668 2295//4668 2294//4668 
f 1716//4669 2294//4669 1718//4669 
f 1736//4670 2269//4670 2267//4670 
f 1736//4671 2267//4671 2265//4671 
f 1736//4672 1734//4672 2269//4672 
f 1714//4673 2297//4673 2295//4673 
f 1714//4674 2295//4674 1716//4674 
f 1738//4675 1736//4675 2265//4675 
f 1738//4676 2265//4676 2263//4676 
f 1712//4677 2300//4677 2297//4677 
f 1712//4678 2297//4678 1714//4678 
f 1739//4679 1738//4679 2263//4679 
f 1739//4680 2263//4680 2261//4680 
f 1711//4681 2301//4681 2300//4681 
f 1711//4682 2300//4682 1712//4682 
f 1742//4683 2261//4683 2259//4683 
f 1742//4684 2259//4684 2257//4684 
f 1742//4685 1739//4685 2261//4685 
f 1709//4686 2305//4686 2304//4686 
f 1709//4687 2304//4687 2301//4687 
f 1709//4688 2301//4688 1711//4688 
f 1743//4689 2257//4689 2255//4689 
f 1743//4690 1742//4690 2257//4690 
f 1707//4691 2305//4691 1709//4691 
f 1707//4692 2307//4692 2305//4692 
f 1744//4693 2255//4693 2253//4693 
f 1744//4694 1743//4694 2255//4694 
f 1706//4695 2310//4695 2307//4695 
f 1706//4696 2307//4696 1707//4696 
f 1745//4697 2253//4697 2251//4697 
f 1745//4698 2251//4698 2249//4698 
f 1745//4699 1744//4699 2253//4699 
f 1704//4700 2311//4700 2310//4700 
f 1704//4701 2310//4701 1706//4701 
f 1747//4702 2249//4702 2247//4702 
f 1747//4703 1745//4703 2249//4703 
f 1703//4704 2313//4704 2311//4704 
f 1703//4705 2311//4705 1704//4705 
f 1749//4706 2247//4706 2245//4706 
f 1749//4707 1747//4707 2247//4707 
f 1702//4708 2316//4708 2313//4708 
f 1702//4709 2313//4709 1703//4709 
f 1750//4710 2245//4710 2243//4710 
f 1750//4711 2243//4711 2241//4711 
f 1750//4712 1749//4712 2245//4712 
f 1700//4713 2317//4713 2316//4713 
f 1700//4714 2316//4714 1702//4714 
f 1752//4715 2241//4715 2239//4715 
f 1752//4716 1750//4716 2241//4716 
f 1698//4717 2319//4717 2317//4717 
f 1698//4718 2317//4718 1700//4718 
f 1754//4719 1752//4719 2239//4719 
f 1754//4720 2239//4720 2237//4720 
f 1754//4721 2237//4721 2235//4721 
f 1696//4722 2323//4722 2321//4722 
f 1696//4723 2321//4723 2319//4723 
f 1696//4724 2319//4724 1698//4724 
f 1755//4725 1754//4725 2235//4725 
f 1755//4726 2235//4726 2233//4726 
f 1695//4727 2323//4727 1696//4727 
f 1695//4728 2326//4728 2323//4728 
f 1756//4729 1755//4729 2233//4729 
f 1756//4730 2233//4730 2231//4730 
f 1693//4731 2327//4731 2326//4731 
f 1693//4732 2326//4732 1695//4732 
f 1758//4733 1756//4733 2231//4733 
f 1758//4734 2231//4734 2229//4734 
f 1758//4735 2229//4735 2227//4735 
f 1691//4736 2330//4736 2327//4736 
f 1691//4737 2327//4737 1693//4737 
f 1760//4738 2227//4738 2225//4738 
f 1760//4739 1758//4739 2227//4739 
f 1689//4740 2331//4740 2330//4740 
f 1689//4741 2330//4741 1691//4741 
f 1762//4742 2225//4742 2223//4742 
f 1762//4743 2223//4743 2221//4743 
f 1762//4744 1760//4744 2225//4744 
f 1688//4745 2331//4745 1689//4745 
f 1688//4746 2333//4746 2331//4746 
f 1763//4747 1762//4747 2221//4747 
f 1763//4748 2221//4748 2219//4748 
f 1686//4749 2333//4749 1688//4749 
f 1686//4750 2336//4750 2333//4750 
f 1765//4751 2219//4751 2217//4751 
f 1765//4752 2217//4752 2215//4752 
f 1765//4753 1763//4753 2219//4753 
f 1685//4754 2336//4754 1686//4754 
f 1685//4755 2337//4755 2336//4755 
f 1766//4756 1765//4756 2215//4756 
f 1766//4757 2215//4757 2213//4757 
f 1683//4758 2337//4758 1685//4758 
f 1683//4759 2339//4759 2337//4759 
f 1768//4760 2213//4760 2211//4760 
f 1768//4761 2211//4761 2209//4761 
f 1768//4762 1766//4762 2213//4762 
f 1682//4763 2339//4763 1683//4763 
f 1682//4764 2343//4764 2342//4764 
f 1682//4765 2342//4765 2339//4765 
f 1770//4766 1768//4766 2209//4766 
f 1770//4767 2209//4767 2207//4767 
f 1770//4768 2207//4768 2205//4768 
f 1770//4769 2205//4769 2203//4769 
f 1770//4770 2203//4770 2201//4770 
f 1770//4771 2201//4771 2199//4771 
f 1770//4772 2199//4772 2197//4772 
f 1770//4773 2197//4773 2195//4773 
f 1770//4774 2195//4774 2193//4774 
f 1770//4775 2193//4775 2191//4775 
f 1770//4776 2191//4776 2189//4776 
f 1770//4777 2189//4777 2187//4777 
f 1770//4778 2187//4778 2185//4778 
f 1770//4779 2185//4779 2183//4779 
f 1770//4780 2183//4780 2181//4780 
f 1770//4781 2181//4781 2179//4781 
f 1770//4782 2179//4782 2177//4782 
f 1770//4783 2177//4783 2175//4783 
f 1770//4784 2175//4784 2173//4784 
f 1770//4785 2173//4785 2171//4785 
f 1770//4786 2171//4786 2169//4786 
f 1770//4787 2169//4787 2167//4787 
f 1770//4788 2167//4788 2165//4788 
f 1770//4789 2165//4789 2163//4789 
f 1770//4790 2163//4790 2161//4790 
f 1770//4791 2161//4791 2159//4791 
f 1770//4792 2159//4792 2157//4792 
f 1770//4793 2157//4793 2155//4793 
f 1770//4794 2155//4794 2153//4794 
f 1770//4795 2153//4795 2152//4795 
f 1681//4796 2343//4796 1682//4796 
f 1681//4797 2345//4797 2343//4797 
f 1680//4798 2345//4798 1681//4798 
f 1680//4799 2348//4799 2345//4799 
f 1678//4800 2348//4800 1680//4800 
f 1678//4801 2349//4801 2348//4801 
f 1677//4802 2349//4802 1678//4802 
f 1677//4803 2352//4803 2349//4803 
f 1676//4804 2352//4804 1677//4804 
f 1676//4805 2353//4805 2352//4805 
f 1674//4806 2353//4806 1676//4806 
f 1674//4807 2355//4807 2353//4807 
f 1673//4808 2358//4808 2355//4808 
f 1673//4809 2355//4809 1674//4809 
f 1670//4810 2359//4810 2358//4810 
f 1670//4811 2358//4811 1673//4811 
f 1669//4812 2364//4812 2361//4812 
f 1669//4813 2361//4813 2359//4813 
f 1669//4814 2359//4814 1670//4814 
f 1668//4815 2365//4815 2364//4815 
f 1668//4816 2364//4816 1669//4816 
f 1667//4817 2365//4817 1668//4817 
f 1667//4818 2367//4818 2365//4818 
f 1666//4819 2367//4819 1667//4819 
f 1666//4820 2370//4820 2367//4820 
f 1664//4821 2370//4821 1666//4821 
f 1664//4822 2371//4822 2370//4822 
f 1663//4823 2371//4823 1664//4823 
f 1663//4824 2374//4824 2371//4824 
f 1660//4825 2374//4825 1663//4825 
f 1660//4826 2375//4826 2374//4826 
f 1659//4827 2375//4827 1660//4827 
f 1659//4828 2377//4828 2375//4828 
f 1657//4829 2377//4829 1659//4829 
f 1657//4830 2382//4830 2380//4830 
f 1657//4831 2380//4831 2377//4831 
f 1655//4832 2382//4832 1657//4832 
f 1655//4833 2384//4833 2382//4833 
f 1653//4834 2384//4834 1655//4834 
f 1653//4835 2386//4835 2384//4835 
f 1650//4836 2386//4836 1653//4836 
f 1650//4837 2387//4837 2386//4837 
f 1649//4838 2387//4838 1650//4838 
f 1649//4839 2390//4839 2387//4839 
f 1647//4840 2390//4840 1649//4840 
f 1647//4841 2392//4841 2390//4841 
f 1646//4842 2392//4842 1647//4842 
f 1646//4843 2396//4843 2393//4843 
f 1646//4844 2393//4844 2392//4844 
f 1645//4845 2396//4845 1646//4845 
f 1645//4846 2398//4846 2396//4846 
f 1644//4847 2398//4847 1645//4847 
f 1644//4848 2399//4848 2398//4848 
f 1643//4849 2402//4849 2399//4849 
f 1643//4850 2399//4850 1644//4850 
f 1641//4851 2404//4851 2402//4851 
f 1641//4852 2402//4852 1643//4852 
f 1640//4853 2407//4853 2405//4853 
f 1640//4854 2405//4854 2404//4854 
f 1640//4855 2404//4855 1641//4855 
f 1638//4856 2410//4856 2407//4856 
f 1638//4857 2407//4857 1640//4857 
f 1636//4858 2410//4858 1638//4858 
f 1636//4859 2411//4859 2410//4859 
f 1634//4860 2414//4860 2411//4860 
f 1634//4861 2411//4861 1636//4861 
f 1632//4862 2414//4862 1634//4862 
f 1632//4863 2416//4863 2414//4863 
f 2417//4864 1632//4864 1631//4864 
f 2417//4865 2416//4865 1632//4865 
f 2420//4866 2417//4866 1631//4866 
f 2420//4867 1631//4867 1629//4867 
f 2422//4868 2420//4868 1629//4868 
f 2422//4869 1629//4869 1627//4869 
f 2424//4870 2422//4870 1627//4870 
f 2425//4871 2424//4871 1627//4871 
f 2425//4872 1627//4872 1625//4872 
f 2428//4873 2425//4873 1625//4873 
f 2428//4874 1625//4874 1624//4874 
f 2430//4875 2428//4875 1624//4875 
f 2430//4876 1624//4876 1623//4876 
f 2431//4877 2430//4877 1623//4877 
f 2434//4878 2431//4878 1623//4878 
f 2434//4879 1623//4879 1621//4879 
f 2436//4880 2434//4880 1621//4880 
f 2436//4881 1621//4881 1620//4881 
f 1434//4882 2129//4882 2128//4882 
f 1434//4883 2128//4883 2126//4883 
f 1434//4884 2126//4884 2123//4884 
f 1434//4885 2123//4885 2121//4885 
f 1434//4886 2121//4886 2120//4886 
f 1434//4887 2120//4887 2117//4887 
f 1434//4888 2117//4888 2116//4888 
f 1434//4889 2116//4889 2113//4889 
f 1434//4890 2113//4890 2112//4890 
f 1434//4891 2112//4891 2110//4891 
f 1434//4892 2110//4892 2107//4892 
f 1434//4893 2107//4893 2106//4893 
f 1434//4894 2106//4894 2103//4894 
f 1434//4895 2103//4895 2102//4895 
f 1434//4896 2102//4896 2100//4896 
f 1434//4897 2100//4897 2098//4897 
f 1434//4898 2098//4898 2096//4898 
f 1434//4899 2096//4899 2093//4899 
f 1434//4900 2152//4900 2150//4900 
f 1434//4901 2150//4901 2148//4901 
f 1434//4902 2148//4902 2145//4902 
f 1434//4903 2145//4903 2144//4903 
f 1434//4904 2144//4904 2142//4904 
f 1434//4905 2142//4905 2139//4905 
f 1434//4906 2139//4906 2138//4906 
f 1434//4907 2138//4907 2136//4907 
f 1434//4908 1770//4908 2152//4908 
f 1434//4909 2136//4909 2133//4909 
f 1434//4910 2133//4910 2132//4910 
f 1434//4911 2132//4911 2129//4911 
f 1436//4912 2093//4912 2092//4912 
f 1436//4913 2092//4913 2090//4913 
f 1436//4914 1434//4914 2093//4914 
f 2437//4915 2436//4915 1620//4915 
f 2437//4916 1620//4916 1618//4916 
f 1438//4917 2090//4917 2087//4917 
f 1438//4918 1436//4918 2090//4918 
f 1439//4919 2087//4919 2086//4919 
f 1439//4920 2086//4920 2083//4920 
f 1439//4921 1438//4921 2087//4921 
f 2440//4922 2437//4922 1618//4922 
f 1441//4923 2083//4923 2082//4923 
f 1441//4924 1439//4924 2083//4924 
f 1443//4925 2082//4925 2079//4925 
f 1443//4926 2079//4926 2078//4926 
f 1443//4927 1441//4927 2082//4927 
f 2442//4928 1618//4928 1616//4928 
f 2442//4929 2440//4929 1618//4929 
f 1444//4930 2078//4930 2076//4930 
f 1444//4931 1443//4931 2078//4931 
f 1445//4932 1444//4932 2076//4932 
f 1445//4933 2076//4933 2073//4933 
f 1445//4934 2073//4934 2072//4934 
f 1446//4935 2072//4935 2070//4935 
f 1446//4936 1445//4936 2072//4936 
f 2443//4937 1616//4937 1615//4937 
f 2443//4938 2442//4938 1616//4938 
f 1448//4939 1446//4939 2070//4939 
f 1448//4940 2070//4940 2067//4940 
f 1450//4941 2067//4941 2066//4941 
f 1450//4942 2066//4942 2064//4942 
f 1450//4943 1448//4943 2067//4943 
f 2446//4944 2443//4944 1615//4944 
f 1451//4945 1450//4945 2064//4945 
f 1451//4946 2064//4946 2061//4946 
f 1452//4947 1451//4947 2061//4947 
f 1452//4948 2061//4948 2060//4948 
f 1452//4949 2060//4949 2058//4949 
f 2448//4950 1615//4950 1614//4950 
f 2448//4951 2446//4951 1615//4951 
f 1453//4952 2058//4952 2056//4952 
f 1453//4953 1452//4953 2058//4953 
f 1455//4954 1453//4954 2056//4954 
f 1455//4955 2056//4955 2053//4955 
f 2450//4956 2448//4956 1614//4956 
f 2450//4957 1614//4957 1613//4957 
f 1457//4958 2053//4958 2052//4958 
f 1457//4959 2052//4959 2050//4959 
f 1457//4960 1455//4960 2053//4960 
f 2452//4961 2450//4961 1613//4961 
f 2452//4962 1613//4962 1611//4962 
f 1459//4963 1457//4963 2050//4963 
f 1459//4964 2050//4964 2047//4964 
f 1460//4965 1459//4965 2047//4965 
f 1460//4966 2047//4966 2046//4966 
f 2453//4967 2452//4967 1611//4967 
f 1461//4968 1460//4968 2046//4968 
f 1461//4969 2046//4969 2043//4969 
f 1461//4970 2043//4970 2041//4970 
f 1463//4971 2041//4971 2039//4971 
f 1463//4972 1461//4972 2041//4972 
f 2456//4973 2453//4973 1611//4973 
f 2456//4974 1611//4974 1609//4974 
f 1464//4975 2039//4975 2038//4975 
f 1464//4976 1463//4976 2039//4976 
f 1466//4977 1464//4977 2038//4977 
f 2035//4978 1466//4978 2038//4978 
f 2457//4979 2456//4979 1609//4979 
f 2457//4980 1609//4980 1607//4980 
f 2034//4981 1466//4981 2035//4981 
f 2034//4982 1468//4982 1466//4982 
f 2460//4983 2457//4983 1607//4983 
f 2032//4984 1469//4984 1468//4984 
f 2032//4985 1468//4985 2034//4985 
f 2462//4986 2460//4986 1607//4986 
f 2462//4987 1607//4987 1606//4987 
f 2029//4988 1470//4988 1469//4988 
f 2029//4989 1469//4989 2032//4989 
f 2463//4990 2462//4990 1606//4990 
f 2463//4991 1606//4991 1604//4991 
f 2028//4992 1472//4992 1470//4992 
f 2028//4993 1470//4993 2029//4993 
f 2466//4994 2463//4994 1604//4994 
f 2026//4995 1472//4995 2028//4995 
f 2467//4996 1604//4996 1602//4996 
f 2467//4997 2466//4997 1604//4997 
f 2023//4998 1472//4998 2026//4998 
f 2023//4999 1474//4999 1472//4999 
f 2469//5000 1602//5000 1601//5000 
f 2469//5001 2467//5001 1602//5001 
f 2022//5002 1474//5002 2023//5002 
f 2022//5003 1476//5003 1474//5003 
f 2472//5004 2469//5004 1601//5004 
f 2020//5005 1476//5005 2022//5005 
f 2020//5006 1477//5006 1476//5006 
f 2473//5007 2472//5007 1601//5007 
f 2473//5008 1601//5008 1599//5008 
f 2017//5009 1477//5009 2020//5009 
f 2017//5010 1478//5010 1477//5010 
f 2476//5011 2473//5011 1599//5011 
f 2015//5012 1478//5012 2017//5012 
f 2015//5013 1480//5013 1478//5013 
f 2477//5014 2476//5014 1599//5014 
f 2014//5015 1480//5015 2015//5015 
f 2480//5016 2477//5016 1599//5016 
f 2012//5017 1482//5017 1480//5017 
f 2012//5018 1480//5018 2014//5018 
f 2481//5019 2480//5019 1599//5019 
f 2010//5020 1482//5020 2012//5020 
f 2010//5021 1483//5021 1482//5021 
f 2484//5022 2481//5022 1599//5022 
f 2008//5023 1485//5023 1483//5023 
f 2008//5024 1483//5024 2010//5024 
f 2486//5025 2484//5025 1599//5025 
f 2005//5026 1485//5026 2008//5026 
f 2005//5027 1487//5027 1485//5027 
f 2487//5028 2486//5028 1599//5028 
f 2004//5029 1487//5029 2005//5029 
f 2004//5030 1488//5030 1487//5030 
f 2490//5031 2487//5031 1599//5031 
f 2002//5032 1488//5032 2004//5032 
f 2002//5033 1489//5033 1488//5033 
f 2492//5034 2490//5034 1599//5034 
f 1999//5035 1489//5035 2002//5035 
f 2494//5036 2492//5036 1599//5036 
f 1997//5037 1490//5037 1489//5037 
f 1997//5038 1489//5038 1999//5038 
f 2495//5039 2494//5039 1599//5039 
f 1996//5040 1490//5040 1997//5040 
f 1996//5041 1491//5041 1490//5041 
f 2498//5042 2495//5042 1599//5042 
f 1994//5043 1491//5043 1996//5043 
f 1994//5044 1493//5044 1491//5044 
f 2500//5045 2498//5045 1599//5045 
f 1991//5046 1494//5046 1493//5046 
f 1991//5047 1493//5047 1994//5047 
f 2501//5048 2500//5048 1599//5048 
f 1989//5049 1497//5049 1494//5049 
f 1989//5050 1494//5050 1991//5050 
f 2503//5051 2501//5051 1599//5051 
f 1988//5052 1498//5052 1497//5052 
f 1988//5053 1497//5053 1989//5053 
f 2506//5054 2503//5054 1599//5054 
f 1985//5055 1498//5055 1988//5055 
f 1985//5056 1500//5056 1498//5056 
f 2507//5057 2506//5057 1599//5057 
f 1983//5058 1500//5058 1985//5058 
f 1983//5059 1501//5059 1500//5059 
f 2510//5060 2507//5060 1599//5060 
f 1982//5061 1501//5061 1983//5061 
f 2511//5062 2510//5062 1599//5062 
f 1979//5063 1502//5063 1501//5063 
f 1979//5064 1501//5064 1982//5064 
f 2513//5065 2511//5065 1599//5065 
f 1978//5066 1502//5066 1979//5066 
f 1978//5067 1503//5067 1502//5067 
f 2516//5068 2513//5068 1599//5068 
f 1975//5069 1504//5069 1503//5069 
f 1975//5070 1503//5070 1978//5070 
f 2518//5071 2516//5071 1599//5071 
f 1973//5072 1505//5072 1504//5072 
f 1973//5073 1504//5073 1975//5073 
f 2519//5074 2518//5074 1599//5074 
f 1972//5075 1507//5075 1505//5075 
f 1972//5076 1505//5076 1973//5076 
f 2522//5077 2519//5077 1599//5077 
f 1969//5078 1508//5078 1507//5078 
f 1969//5079 1507//5079 1972//5079 
f 2524//5080 2522//5080 1599//5080 
f 1967//5081 1508//5081 1969//5081 
f 1967//5082 1510//5082 1508//5082 
f 2526//5083 2524//5083 1599//5083 
f 1966//5084 1510//5084 1967//5084 
f 1966//5085 1512//5085 1510//5085 
f 2528//5086 2526//5086 1599//5086 
f 1963//5087 1512//5087 1966//5087 
f 1963//5088 1513//5088 1512//5088 
f 2530//5089 2528//5089 1599//5089 
f 1961//5090 1513//5090 1963//5090 
f 1772//5091 2530//5091 1599//5091 
f 1772//5092 1599//5092 1598//5092 
f 1773//5093 1772//5093 1598//5093 
f 1959//5094 1515//5094 1513//5094 
f 1959//5095 1513//5095 1961//5095 
f 1775//5096 1773//5096 1598//5096 
f 1957//5097 1517//5097 1515//5097 
f 1957//5098 1515//5098 1959//5098 
f 1777//5099 1775//5099 1598//5099 
f 1956//5100 1519//5100 1517//5100 
f 1956//5101 1517//5101 1957//5101 
f 1779//5102 1777//5102 1598//5102 
f 1953//5103 1521//5103 1519//5103 
f 1953//5104 1519//5104 1956//5104 
f 1781//5105 1779//5105 1598//5105 
f 1951//5106 1522//5106 1521//5106 
f 1951//5107 1521//5107 1953//5107 
f 1783//5108 1781//5108 1598//5108 
f 1950//5109 1524//5109 1522//5109 
f 1950//5110 1522//5110 1951//5110 
f 1785//5111 1783//5111 1598//5111 
f 1947//5112 1525//5112 1524//5112 
f 1947//5113 1524//5113 1950//5113 
f 1787//5114 1785//5114 1598//5114 
f 1945//5115 1525//5115 1947//5115 
f 1945//5116 1527//5116 1525//5116 
f 1789//5117 1787//5117 1598//5117 
f 1944//5118 1527//5118 1945//5118 
f 1944//5119 1528//5119 1527//5119 
f 1791//5120 1789//5120 1598//5120 
f 1941//5121 1528//5121 1944//5121 
f 1793//5122 1791//5122 1598//5122 
f 1940//5123 1529//5123 1528//5123 
f 1940//5124 1528//5124 1941//5124 
f 1795//5125 1793//5125 1598//5125 
f 1937//5126 1531//5126 1529//5126 
f 1937//5127 1529//5127 1940//5127 
f 1797//5128 1795//5128 1598//5128 
f 1935//5129 1533//5129 1531//5129 
f 1935//5130 1531//5130 1937//5130 
f 1799//5131 1797//5131 1598//5131 
f 1934//5132 1534//5132 1533//5132 
f 1934//5133 1533//5133 1935//5133 
f 1801//5134 1799//5134 1598//5134 
f 1931//5135 1537//5135 1534//5135 
f 1931//5136 1534//5136 1934//5136 
f 1803//5137 1801//5137 1598//5137 
f 1930//5138 1538//5138 1537//5138 
f 1930//5139 1537//5139 1931//5139 
f 1805//5140 1803//5140 1598//5140 
f 1927//5141 1540//5141 1538//5141 
f 1927//5142 1538//5142 1930//5142 
f 1807//5143 1805//5143 1598//5143 
f 1925//5144 1540//5144 1927//5144 
f 1925//5145 1541//5145 1540//5145 
f 1809//5146 1807//5146 1598//5146 
f 1924//5147 1541//5147 1925//5147 
f 1811//5148 1809//5148 1598//5148 
f 1921//5149 1543//5149 1541//5149 
f 1921//5150 1541//5150 1924//5150 
f 1813//5151 1811//5151 1598//5151 
f 1919//5152 1544//5152 1543//5152 
f 1919//5153 1543//5153 1921//5153 
f 1815//5154 1813//5154 1598//5154 
f 1918//5155 1545//5155 1544//5155 
f 1918//5156 1544//5156 1919//5156 
f 1817//5157 1815//5157 1598//5157 
f 1915//5158 1547//5158 1545//5158 
f 1915//5159 1545//5159 1918//5159 
f 1819//5160 1817//5160 1598//5160 
f 1914//5161 1548//5161 1547//5161 
f 1914//5162 1547//5162 1915//5162 
f 1821//5163 1819//5163 1598//5163 
f 1911//5164 1550//5164 1548//5164 
f 1911//5165 1548//5165 1914//5165 
f 1823//5166 1821//5166 1598//5166 
f 1909//5167 1550//5167 1911//5167 
f 1825//5168 1823//5168 1598//5168 
f 1908//5169 1551//5169 1550//5169 
f 1908//5170 1550//5170 1909//5170 
f 1827//5171 1825//5171 1598//5171 
f 1905//5172 1553//5172 1551//5172 
f 1905//5173 1551//5173 1908//5173 
f 1829//5174 1827//5174 1598//5174 
f 1829//5175 1598//5175 1596//5175 
f 1903//5176 1554//5176 1553//5176 
f 1903//5177 1553//5177 1905//5177 
f 1831//5178 1829//5178 1596//5178 
f 1901//5179 1556//5179 1554//5179 
f 1901//5180 1554//5180 1903//5180 
f 1833//5181 1596//5181 1594//5181 
f 1833//5182 1831//5182 1596//5182 
f 1899//5183 1558//5183 1556//5183 
f 1899//5184 1556//5184 1901//5184 
f 1835//5185 1833//5185 1594//5185 
f 1835//5186 1594//5186 1593//5186 
f 1898//5187 1558//5187 1899//5187 
f 1837//5188 1835//5188 1593//5188 
f 1895//5189 1558//5189 1898//5189 
f 1895//5190 1559//5190 1558//5190 
f 1839//5191 1837//5191 1593//5191 
f 1839//5192 1593//5192 1591//5192 
f 1893//5193 1559//5193 1895//5193 
f 1893//5194 1560//5194 1559//5194 
f 1841//5195 1839//5195 1591//5195 
f 1841//5196 1591//5196 1590//5196 
f 1891//5197 1560//5197 1893//5197 
f 1891//5198 1562//5198 1560//5198 
f 1843//5199 1841//5199 1590//5199 
f 1889//5200 1564//5200 1562//5200 
f 1889//5201 1562//5201 1891//5201 
f 1845//5202 1843//5202 1590//5202 
f 1845//5203 1590//5203 1588//5203 
f 1888//5204 1564//5204 1889//5204 
f 1847//5205 1845//5205 1588//5205 
f 1847//5206 1588//5206 1587//5206 
f 1885//5207 1565//5207 1564//5207 
f 1885//5208 1564//5208 1888//5208 
f 1849//5209 1847//5209 1587//5209 
f 1883//5210 1567//5210 1565//5210 
f 1883//5211 1565//5211 1885//5211 
f 1851//5212 1849//5212 1587//5212 
f 1851//5213 1587//5213 1585//5213 
f 1881//5214 1568//5214 1567//5214 
f 1881//5215 1567//5215 1883//5215 
f 1853//5216 1851//5216 1585//5216 
f 1853//5217 1585//5217 1583//5217 
f 1879//5218 1568//5218 1881//5218 
f 1855//5219 1853//5219 1583//5219 
f 1855//5220 1583//5220 1582//5220 
f 1877//5221 1569//5221 1568//5221 
f 1877//5222 1568//5222 1879//5222 
f 1857//5223 1855//5223 1582//5223 
f 1875//5224 1571//5224 1569//5224 
f 1875//5225 1569//5225 1877//5225 
f 1859//5226 1857//5226 1582//5226 
f 1859//5227 1582//5227 1580//5227 
f 1873//5228 1571//5228 1875//5228 
f 1873//5229 1572//5229 1571//5229 
f 1871//5230 1572//5230 1873//5230 
f 1861//5231 1859//5231 1580//5231 
f 1861//5232 1580//5232 1578//5232 
f 1869//5233 1572//5233 1871//5233 
f 1869//5234 1574//5234 1572//5234 
f 1863//5235 1861//5235 1578//5235 
f 1867//5236 1574//5236 1869//5236 
f 1867//5237 1575//5237 1574//5237 
f 1865//5238 1863//5238 1578//5238 
f 1865//5239 1575//5239 1867//5239 
f 1865//5240 1578//5240 1575//5240 
f 2531//5241 2532//5241 2533//5241 
f 2533//5242 2532//5242 2534//5242 
f 2534//5243 2535//5243 2536//5243 
f 2532//5244 2535//5244 2534//5244 
f 2536//5245 2537//5245 2538//5245 
f 2535//5246 2537//5246 2536//5246 
f 2538//5247 2539//5247 2540//5247 
f 2537//5248 2539//5248 2538//5248 
f 2540//5249 2541//5249 2542//5249 
f 2539//5250 2541//5250 2540//5250 
f 2542//5251 2543//5251 2544//5251 
f 2541//5252 2543//5252 2542//5252 
f 2544//5253 2545//5253 2546//5253 
f 2543//5254 2545//5254 2544//5254 
f 2546//5255 2547//5255 2548//5255 
f 2545//5256 2547//5256 2546//5256 
f 2548//5257 2549//5257 2550//5257 
f 2547//5258 2549//5258 2548//5258 
f 2550//5259 2551//5259 2552//5259 
f 2549//5260 2551//5260 2550//5260 
f 2552//5261 2553//5261 2554//5261 
f 2551//5262 2553//5262 2552//5262 
f 2554//5263 2555//5263 2556//5263 
f 2553//5264 2555//5264 2554//5264 
f 2556//5265 2557//5265 2558//5265 
f 2555//5266 2557//5266 2556//5266 
f 2558//5267 2559//5267 2560//5267 
f 2557//5268 2559//5268 2558//5268 
f 2560//5269 2561//5269 2562//5269 
f 2559//5270 2561//5270 2560//5270 
f 2562//5271 2563//5271 2564//5271 
f 2561//5272 2563//5272 2562//5272 
f 2564//5273 2565//5273 2566//5273 
f 2563//5274 2565//5274 2564//5274 
f 2566//5275 2567//5275 2568//5275 
f 2565//5276 2567//5276 2566//5276 
f 2568//5277 2569//5277 2570//5277 
f 2567//5278 2569//5278 2568//5278 
f 2570//5279 2571//5279 2572//5279 
f 2569//5280 2571//5280 2570//5280 
f 2572//5281 2573//5281 2574//5281 
f 2571//5282 2573//5282 2572//5282 
f 2574//5283 2575//5283 2576//5283 
f 2573//5284 2575//5284 2574//5284 
f 2576//5285 2577//5285 2578//5285 
f 2575//5286 2577//5286 2576//5286 
f 2578//5287 2579//5287 2580//5287 
f 2577//5288 2579//5288 2578//5288 
f 2580//5289 2581//5289 2582//5289 
f 2579//5290 2581//5290 2580//5290 
f 2582//5291 2583//5291 2584//5291 
f 2581//5292 2583//5292 2582//5292 
f 2583//5293 2585//5293 2584//5293 
f 2584//5294 2585//5294 2586//5294 
f 2585//5295 2587//5295 2586//5295 
f 2586//5296 2587//5296 2588//5296 
f 2588//5297 2587//5297 2589//5297 
f 2587//5298 2590//5298 2589//5298 
f 2590//5299 2591//5299 2589//5299 
f 2589//5300 2591//5300 2592//5300 
f 2591//5301 2593//5301 2592//5301 
f 2592//5302 2593//5302 2594//5302 
f 2593//5303 2595//5303 2594//5303 
f 2594//5304 2595//5304 2596//5304 
f 2595//5305 2597//5305 2596//5305 
f 2596//5306 2597//5306 2598//5306 
f 2597//5307 2599//5307 2598//5307 
f 2598//5308 2599//5308 2600//5308 
f 2599//5309 2601//5309 2600//5309 
f 2600//5310 2601//5310 2602//5310 
f 2602//5311 2603//5311 2604//5311 
f 2601//5312 2603//5312 2602//5312 
f 2604//5313 2605//5313 2606//5313 
f 2606//5314 2605//5314 2607//5314 
f 2603//5315 2605//5315 2604//5315 
f 2605//5316 2608//5316 2607//5316 
f 2607//5317 2609//5317 2610//5317 
f 2608//5318 2609//5318 2607//5318 
f 2610//5319 2611//5319 2612//5319 
f 2609//5320 2611//5320 2610//5320 
f 2612//5321 2613//5321 2614//5321 
f 2614//5322 2613//5322 2615//5322 
f 2611//5323 2613//5323 2612//5323 
f 2613//5324 2616//5324 2615//5324 
f 2615//5325 2617//5325 2618//5325 
f 2616//5326 2617//5326 2615//5326 
f 2618//5327 2619//5327 2620//5327 
f 2620//5328 2619//5328 2621//5328 
f 2617//5329 2619//5329 2618//5329 
f 2621//5330 2622//5330 2623//5330 
f 2619//5331 2622//5331 2621//5331 
f 2622//5332 2624//5332 2623//5332 
f 2624//5333 2625//5333 2623//5333 
f 2623//5334 2625//5334 2626//5334 
f 2626//5335 2627//5335 2628//5335 
f 2625//5336 2627//5336 2626//5336 
f 2628//5337 2629//5337 2630//5337 
f 2627//5338 2629//5338 2628//5338 
f 2630//5339 2631//5339 2632//5339 
f 2629//5340 2631//5340 2630//5340 
f 2632//5341 2633//5341 2634//5341 
f 2631//5342 2633//5342 2632//5342 
f 2634//5343 2635//5343 2636//5343 
f 2633//5344 2635//5344 2634//5344 
f 2636//5345 2637//5345 2638//5345 
f 2635//5346 2637//5346 2636//5346 
f 2638//5347 2639//5347 2640//5347 
f 2637//5348 2639//5348 2638//5348 
f 2640//5349 2641//5349 2642//5349 
f 2639//5350 2641//5350 2640//5350 
f 2642//5351 2643//5351 2644//5351 
f 2641//5352 2643//5352 2642//5352 
f 2644//5353 2645//5353 2646//5353 
f 2643//5354 2645//5354 2644//5354 
f 2646//5355 2647//5355 2648//5355 
f 2645//5356 2647//5356 2646//5356 
f 2648//5357 2649//5357 2650//5357 
f 2647//5358 2649//5358 2648//5358 
f 2650//5359 2651//5359 2652//5359 
f 2649//5360 2651//5360 2650//5360 
f 2652//5361 2653//5361 2654//5361 
f 2651//5362 2653//5362 2652//5362 
f 2654//5363 2655//5363 2656//5363 
f 2653//5364 2655//5364 2654//5364 
f 2656//5365 2657//5365 2658//5365 
f 2655//5366 2657//5366 2656//5366 
f 2658//5367 2659//5367 2660//5367 
f 2657//5368 2659//5368 2658//5368 
f 2660//5369 2661//5369 2662//5369 
f 2659//5370 2661//5370 2660//5370 
f 2662//5371 2663//5371 2664//5371 
f 2661//5372 2663//5372 2662//5372 
f 2664//5373 2665//5373 2666//5373 
f 2663//5374 2665//5374 2664//5374 
f 2666//5375 2667//5375 2668//5375 
f 2665//5376 2667//5376 2666//5376 
f 2668//5377 2669//5377 2670//5377 
f 2667//5378 2669//5378 2668//5378 
f 2670//5379 2671//5379 2672//5379 
f 2669//5380 2671//5380 2670//5380 
f 2672//5381 2673//5381 2674//5381 
f 2671//5382 2673//5382 2672//5382 
f 2674//5383 2675//5383 2676//5383 
f 2673//5384 2675//5384 2674//5384 
f 2675//5385 2677//5385 2676//5385 
f 2676//5386 2677//5386 2678//5386 
f 2677//5387 2679//5387 2678//5387 
f 2678//5388 2679//5388 2680//5388 
f 2679//5389 2681//5389 2680//5389 
f 2680//5390 2681//5390 2682//5390 
f 2681//5391 2683//5391 2682//5391 
f 2682//5392 2683//5392 2684//5392 
f 2683//5393 2685//5393 2684//5393 
f 2684//5394 2685//5394 2686//5394 
f 2685//5395 2687//5395 2686//5395 
f 2686//5396 2687//5396 2688//5396 
f 2687//5397 2689//5397 2688//5397 
f 2688//5398 2689//5398 2690//5398 
f 2689//5399 2691//5399 2690//5399 
f 2690//5400 2691//5400 2692//5400 
f 2691//5401 2693//5401 2692//5401 
f 2692//5402 2693//5402 2694//5402 
f 2694//5403 2695//5403 2696//5403 
f 2693//5404 2695//5404 2694//5404 
f 2696//5405 2697//5405 2698//5405 
f 2695//5406 2697//5406 2696//5406 
f 2698//5407 2699//5407 2700//5407 
f 2697//5408 2699//5408 2698//5408 
f 2700//5409 2701//5409 2702//5409 
f 2699//5410 2701//5410 2700//5410 
f 2702//5411 2703//5411 2704//5411 
f 2701//5412 2703//5412 2702//5412 
f 2704//5413 2705//5413 2706//5413 
f 2703//5414 2705//5414 2704//5414 
f 2706//5415 2707//5415 2708//5415 
f 2705//5416 2707//5416 2706//5416 
f 2708//5417 2709//5417 2710//5417 
f 2707//5418 2709//5418 2708//5418 
f 2710//5419 2711//5419 2712//5419 
f 2709//5420 2711//5420 2710//5420 
f 2712//5421 2713//5421 2714//5421 
f 2711//5422 2713//5422 2712//5422 
f 2714//5423 2531//5423 2533//5423 
f 2713//5424 2531//5424 2714//5424 
f 2715//5425 2716//5425 2717//5425 
f 2718//5426 2715//5426 2717//5426 
f 2719//5427 2720//5427 2715//5427 
f 2719//5428 2715//5428 2718//5428 
f 2721//5429 2722//5429 2720//5429 
f 2721//5430 2720//5430 2719//5430 
f 2723//5431 2724//5431 2722//5431 
f 2723//5432 2722//5432 2721//5432 
f 2725//5433 2716//5433 2726//5433 
f 2725//5434 2717//5434 2716//5434 
f 2727//5435 2726//5435 2728//5435 
f 2727//5436 2725//5436 2726//5436 
f 2729//5437 2728//5437 2730//5437 
f 2729//5438 2727//5438 2728//5438 
f 2731//5439 2730//5439 2732//5439 
f 2731//5440 2729//5440 2730//5440 
f 2733//5441 2732//5441 2734//5441 
f 2733//5442 2731//5442 2732//5442 
f 2735//5443 2734//5443 2736//5443 
f 2735//5444 2733//5444 2734//5444 
f 2737//5445 2736//5445 2738//5445 
f 2737//5446 2735//5446 2736//5446 
f 2739//5447 2737//5447 2738//5447 
f 2739//5448 2738//5448 2740//5448 
f 2741//5449 2739//5449 2740//5449 
f 2741//5450 2740//5450 2742//5450 
f 2743//5451 2741//5451 2742//5451 
f 2743//5452 2742//5452 2744//5452 
f 2745//5453 2743//5453 2744//5453 
f 2745//5454 2744//5454 2746//5454 
f 2747//5455 2745//5455 2746//5455 
f 2747//5456 2746//5456 2748//5456 
f 2749//5457 2748//5457 2750//5457 
f 2749//5458 2747//5458 2748//5458 
f 2751//5459 2749//5459 2750//5459 
f 2751//5460 2750//5460 2752//5460 
f 2753//5461 2752//5461 2754//5461 
f 2753//5462 2751//5462 2752//5462 
f 2755//5463 2754//5463 2756//5463 
f 2755//5464 2753//5464 2754//5464 
f 2757//5465 2756//5465 2758//5465 
f 2757//5466 2755//5466 2756//5466 
f 2759//5467 2758//5467 2760//5467 
f 2759//5468 2757//5468 2758//5468 
f 2761//5469 2760//5469 2762//5469 
f 2761//5470 2759//5470 2760//5470 
f 2763//5471 2762//5471 2764//5471 
f 2763//5472 2761//5472 2762//5472 
f 2765//5473 2764//5473 2766//5473 
f 2765//5474 2763//5474 2764//5474 
f 2767//5475 2766//5475 2768//5475 
f 2767//5476 2765//5476 2766//5476 
f 2769//5477 2768//5477 2770//5477 
f 2769//5478 2767//5478 2768//5478 
f 2771//5479 2770//5479 2772//5479 
f 2771//5480 2769//5480 2770//5480 
f 2773//5481 2772//5481 2774//5481 
f 2773//5482 2771//5482 2772//5482 
f 2775//5483 2774//5483 2776//5483 
f 2775//5484 2773//5484 2774//5484 
f 2777//5485 2776//5485 2778//5485 
f 2777//5486 2775//5486 2776//5486 
f 2779//5487 2778//5487 2780//5487 
f 2779//5488 2777//5488 2778//5488 
f 2781//5489 2780//5489 2782//5489 
f 2781//5490 2779//5490 2780//5490 
f 2783//5491 2782//5491 2784//5491 
f 2783//5492 2781//5492 2782//5492 
f 2785//5493 2784//5493 2786//5493 
f 2785//5494 2783//5494 2784//5494 
f 2723//5495 2786//5495 2724//5495 
f 2723//5496 2785//5496 2786//5496 
f 2555//5497 2746//5497 2744//5497 
f 2553//5498 2750//5498 2748//5498 
f 2553//5499 2748//5499 2746//5499 
f 2553//5500 2746//5500 2555//5500 
f 2557//5501 2744//5501 2742//5501 
f 2557//5502 2742//5502 2740//5502 
f 2557//5503 2555//5503 2744//5503 
f 2551//5504 2752//5504 2750//5504 
f 2551//5505 2750//5505 2553//5505 
f 2559//5506 2740//5506 2738//5506 
f 2559//5507 2557//5507 2740//5507 
f 2549//5508 2754//5508 2752//5508 
f 2549//5509 2752//5509 2551//5509 
f 2561//5510 2738//5510 2736//5510 
f 2561//5511 2736//5511 2734//5511 
f 2561//5512 2559//5512 2738//5512 
f 2547//5513 2754//5513 2549//5513 
f 2547//5514 2758//5514 2756//5514 
f 2547//5515 2756//5515 2754//5515 
f 2563//5516 2734//5516 2732//5516 
f 2563//5517 2561//5517 2734//5517 
f 2545//5518 2760//5518 2758//5518 
f 2545//5519 2758//5519 2547//5519 
f 2565//5520 2732//5520 2730//5520 
f 2565//5521 2730//5521 2728//5521 
f 2565//5522 2563//5522 2732//5522 
f 2543//5523 2764//5523 2762//5523 
f 2543//5524 2762//5524 2760//5524 
f 2543//5525 2760//5525 2545//5525 
f 2567//5526 2565//5526 2728//5526 
f 2567//5527 2728//5527 2726//5527 
f 2541//5528 2766//5528 2764//5528 
f 2541//5529 2764//5529 2543//5529 
f 2569//5530 2567//5530 2726//5530 
f 2569//5531 2726//5531 2716//5531 
f 2539//5532 2770//5532 2768//5532 
f 2539//5533 2768//5533 2766//5533 
f 2539//5534 2766//5534 2541//5534 
f 2571//5535 2569//5535 2716//5535 
f 2537//5536 2770//5536 2539//5536 
f 2537//5537 2772//5537 2770//5537 
f 2573//5538 2571//5538 2716//5538 
f 2535//5539 2776//5539 2774//5539 
f 2535//5540 2774//5540 2772//5540 
f 2535//5541 2772//5541 2537//5541 
f 2575//5542 2573//5542 2716//5542 
f 2532//5543 2776//5543 2535//5543 
f 2532//5544 2778//5544 2776//5544 
f 2531//5545 2782//5545 2780//5545 
f 2531//5546 2780//5546 2778//5546 
f 2531//5547 2778//5547 2532//5547 
f 2577//5548 2575//5548 2716//5548 
f 2713//5549 2784//5549 2782//5549 
f 2713//5550 2782//5550 2531//5550 
f 2579//5551 2577//5551 2716//5551 
f 2711//5552 2724//5552 2786//5552 
f 2711//5553 2786//5553 2784//5553 
f 2711//5554 2784//5554 2713//5554 
f 2581//5555 2579//5555 2716//5555 
f 2709//5556 2724//5556 2711//5556 
f 2583//5557 2581//5557 2716//5557 
f 2707//5558 2724//5558 2709//5558 
f 2585//5559 2583//5559 2716//5559 
f 2705//5560 2724//5560 2707//5560 
f 2587//5561 2585//5561 2716//5561 
f 2703//5562 2724//5562 2705//5562 
f 2590//5563 2587//5563 2716//5563 
f 2701//5564 2724//5564 2703//5564 
f 2591//5565 2590//5565 2716//5565 
f 2699//5566 2724//5566 2701//5566 
f 2697//5567 2724//5567 2699//5567 
f 2695//5568 2724//5568 2697//5568 
f 2693//5569 2724//5569 2695//5569 
f 2691//5570 2724//5570 2693//5570 
f 2689//5571 2724//5571 2691//5571 
f 2687//5572 2724//5572 2689//5572 
f 2685//5573 2724//5573 2687//5573 
f 2715//5574 2635//5574 2633//5574 
f 2715//5575 2633//5575 2631//5575 
f 2715//5576 2631//5576 2629//5576 
f 2715//5577 2629//5577 2627//5577 
f 2715//5578 2627//5578 2625//5578 
f 2715//5579 2625//5579 2624//5579 
f 2715//5580 2624//5580 2622//5580 
f 2715//5581 2622//5581 2619//5581 
f 2715//5582 2619//5582 2617//5582 
f 2715//5583 2617//5583 2616//5583 
f 2715//5584 2616//5584 2613//5584 
f 2715//5585 2613//5585 2611//5585 
f 2715//5586 2611//5586 2609//5586 
f 2715//5587 2609//5587 2608//5587 
f 2715//5588 2608//5588 2605//5588 
f 2715//5589 2605//5589 2603//5589 
f 2715//5590 2603//5590 2601//5590 
f 2715//5591 2601//5591 2599//5591 
f 2715//5592 2599//5592 2597//5592 
f 2715//5593 2597//5593 2595//5593 
f 2715//5594 2595//5594 2593//5594 
f 2715//5595 2593//5595 2591//5595 
f 2715//5596 2591//5596 2716//5596 
f 2722//5597 2679//5597 2677//5597 
f 2722//5598 2677//5598 2675//5598 
f 2722//5599 2724//5599 2685//5599 
f 2722//5600 2675//5600 2673//5600 
f 2722//5601 2673//5601 2671//5601 
f 2722//5602 2671//5602 2669//5602 
f 2722//5603 2669//5603 2667//5603 
f 2722//5604 2667//5604 2665//5604 
f 2722//5605 2665//5605 2663//5605 
f 2722//5606 2663//5606 2661//5606 
f 2722//5607 2661//5607 2659//5607 
f 2722//5608 2685//5608 2683//5608 
f 2722//5609 2683//5609 2681//5609 
f 2722//5610 2681//5610 2679//5610 
f 2720//5611 2659//5611 2657//5611 
f 2720//5612 2657//5612 2655//5612 
f 2720//5613 2655//5613 2653//5613 
f 2720//5614 2653//5614 2651//5614 
f 2720//5615 2651//5615 2649//5615 
f 2720//5616 2649//5616 2647//5616 
f 2720//5617 2647//5617 2645//5617 
f 2720//5618 2645//5618 2643//5618 
f 2720//5619 2643//5619 2641//5619 
f 2720//5620 2641//5620 2639//5620 
f 2720//5621 2639//5621 2637//5621 
f 2720//5622 2637//5622 2635//5622 
f 2720//5623 2722//5623 2659//5623 
f 2720//5624 2635//5624 2715//5624 
f 2602//5625 2718//5625 2600//5625 
f 2598//5626 2600//5626 2718//5626 
f 2604//5627 2718//5627 2602//5627 
f 2596//5628 2598//5628 2718//5628 
f 2606//5629 2718//5629 2604//5629 
f 2594//5630 2596//5630 2718//5630 
f 2607//5631 2718//5631 2606//5631 
f 2592//5632 2718//5632 2717//5632 
f 2592//5633 2594//5633 2718//5633 
f 2610//5634 2718//5634 2607//5634 
f 2589//5635 2592//5635 2717//5635 
f 2612//5636 2718//5636 2610//5636 
f 2588//5637 2589//5637 2717//5637 
f 2614//5638 2718//5638 2612//5638 
f 2586//5639 2588//5639 2717//5639 
f 2615//5640 2718//5640 2614//5640 
f 2584//5641 2586//5641 2717//5641 
f 2618//5642 2718//5642 2615//5642 
f 2582//5643 2584//5643 2717//5643 
f 2620//5644 2718//5644 2618//5644 
f 2580//5645 2582//5645 2717//5645 
f 2621//5646 2718//5646 2620//5646 
f 2578//5647 2580//5647 2717//5647 
f 2623//5648 2718//5648 2621//5648 
f 2576//5649 2578//5649 2717//5649 
f 2626//5650 2718//5650 2623//5650 
f 2574//5651 2576//5651 2717//5651 
f 2628//5652 2718//5652 2626//5652 
f 2572//5653 2574//5653 2717//5653 
f 2630//5654 2718//5654 2628//5654 
f 2570//5655 2717//5655 2725//5655 
f 2570//5656 2572//5656 2717//5656 
f 2632//5657 2718//5657 2630//5657 
f 2568//5658 2725//5658 2727//5658 
f 2568//5659 2570//5659 2725//5659 
f 2634//5660 2718//5660 2632//5660 
f 2566//5661 2727//5661 2729//5661 
f 2566//5662 2729//5662 2731//5662 
f 2566//5663 2568//5663 2727//5663 
f 2636//5664 2718//5664 2634//5664 
f 2564//5665 2731//5665 2733//5665 
f 2564//5666 2566//5666 2731//5666 
f 2562//5667 2733//5667 2735//5667 
f 2562//5668 2735//5668 2737//5668 
f 2562//5669 2564//5669 2733//5669 
f 2560//5670 2737//5670 2739//5670 
f 2560//5671 2562//5671 2737//5671 
f 2558//5672 2739//5672 2741//5672 
f 2558//5673 2560//5673 2739//5673 
f 2743//5674 2558//5674 2741//5674 
f 2556//5675 2558//5675 2743//5675 
f 2745//5676 2556//5676 2743//5676 
f 2554//5677 2556//5677 2745//5677 
f 2747//5678 2554//5678 2745//5678 
f 2749//5679 2554//5679 2747//5679 
f 2749//5680 2552//5680 2554//5680 
f 2751//5681 2552//5681 2749//5681 
f 2751//5682 2550//5682 2552//5682 
f 2753//5683 2550//5683 2751//5683 
f 2753//5684 2548//5684 2550//5684 
f 2755//5685 2548//5685 2753//5685 
f 2757//5686 2548//5686 2755//5686 
f 2757//5687 2546//5687 2548//5687 
f 2759//5688 2544//5688 2546//5688 
f 2759//5689 2546//5689 2757//5689 
f 2761//5690 2544//5690 2759//5690 
f 2763//5691 2542//5691 2544//5691 
f 2763//5692 2544//5692 2761//5692 
f 2765//5693 2542//5693 2763//5693 
f 2765//5694 2540//5694 2542//5694 
f 2767//5695 2540//5695 2765//5695 
f 2769//5696 2540//5696 2767//5696 
f 2769//5697 2538//5697 2540//5697 
f 2771//5698 2538//5698 2769//5698 
f 2771//5699 2536//5699 2538//5699 
f 2773//5700 2536//5700 2771//5700 
f 2775//5701 2536//5701 2773//5701 
f 2775//5702 2534//5702 2536//5702 
f 2777//5703 2534//5703 2775//5703 
f 2777//5704 2533//5704 2534//5704 
f 2779//5705 2533//5705 2777//5705 
f 2781//5706 2533//5706 2779//5706 
f 2781//5707 2714//5707 2533//5707 
f 2783//5708 2714//5708 2781//5708 
f 2783//5709 2712//5709 2714//5709 
f 2719//5710 2636//5710 2638//5710 
f 2719//5711 2638//5711 2640//5711 
f 2719//5712 2640//5712 2642//5712 
f 2719//5713 2642//5713 2644//5713 
f 2719//5714 2644//5714 2646//5714 
f 2719//5715 2646//5715 2648//5715 
f 2719//5716 2648//5716 2650//5716 
f 2719//5717 2650//5717 2652//5717 
f 2719//5718 2652//5718 2654//5718 
f 2719//5719 2654//5719 2656//5719 
f 2719//5720 2656//5720 2658//5720 
f 2719//5721 2658//5721 2660//5721 
f 2719//5722 2718//5722 2636//5722 
f 2785//5723 2712//5723 2783//5723 
f 2723//5724 2712//5724 2785//5724 
f 2723//5725 2686//5725 2688//5725 
f 2723//5726 2688//5726 2690//5726 
f 2723//5727 2690//5727 2692//5727 
f 2723//5728 2692//5728 2694//5728 
f 2723//5729 2694//5729 2696//5729 
f 2723//5730 2696//5730 2698//5730 
f 2723//5731 2698//5731 2700//5731 
f 2723//5732 2700//5732 2702//5732 
f 2723//5733 2702//5733 2704//5733 
f 2723//5734 2704//5734 2706//5734 
f 2723//5735 2706//5735 2708//5735 
f 2723//5736 2708//5736 2710//5736 
f 2723//5737 2710//5737 2712//5737 
f 2721//5738 2719//5738 2660//5738 
f 2721//5739 2660//5739 2662//5739 
f 2721//5740 2662//5740 2664//5740 
f 2721//5741 2664//5741 2666//5741 
f 2721//5742 2666//5742 2668//5742 
f 2721//5743 2668//5743 2670//5743 
f 2721//5744 2670//5744 2672//5744 
f 2721//5745 2672//5745 2674//5745 
f 2721//5746 2674//5746 2676//5746 
f 2721//5747 2676//5747 2678//5747 
f 2721//5748 2678//5748 2680//5748 
f 2721//5749 2680//5749 2682//5749 
f 2721//5750 2682//5750 2684//5750 
f 2721//5751 2686//5751 2723//5751 
f 2721//5752 2684//5752 2686//5752 
f 2787//5753 2788//5753 2789//5753 
f 2787//5754 2789//5754 2790//5754 
f 2791//5755 1597//5755 1600//5755 
f 2791//5756 1600//5756 2792//5756 
f 2792//5757 1600//5757 2793//5757 
f 2793//5758 2794//5758 2795//5758 
f 1600//5759 2794//5759 2793//5759 
f 2795//5760 2796//5760 2797//5760 
f 2794//5761 2796//5761 2795//5761 
f 2797//5762 1603//5762 2798//5762 
f 2796//5763 1603//5763 2797//5763 
f 2798//5764 1605//5764 2799//5764 
f 1603//5765 1605//5765 2798//5765 
f 2799//5766 2800//5766 2801//5766 
f 1605//5767 2800//5767 2799//5767 
f 2801//5768 1608//5768 2802//5768 
f 2800//5769 1608//5769 2801//5769 
f 2802//5770 1610//5770 2803//5770 
f 1608//5771 1610//5771 2802//5771 
f 2803//5772 1612//5772 2804//5772 
f 1610//5773 1612//5773 2803//5773 
f 2804//5774 2805//5774 2806//5774 
f 1612//5775 2805//5775 2804//5775 
f 2806//5776 2807//5776 2808//5776 
f 2805//5777 2807//5777 2806//5777 
f 2808//5778 2809//5778 2810//5778 
f 2807//5779 2809//5779 2808//5779 
f 2810//5780 1617//5780 2811//5780 
f 2809//5781 1617//5781 2810//5781 
f 2811//5782 1619//5782 2812//5782 
f 1617//5783 1619//5783 2811//5783 
f 2812//5784 2813//5784 2814//5784 
f 1619//5785 2813//5785 2812//5785 
f 2814//5786 1622//5786 2815//5786 
f 2813//5787 1622//5787 2814//5787 
f 2815//5788 2816//5788 2817//5788 
f 1622//5789 2816//5789 2815//5789 
f 2817//5790 2818//5790 2819//5790 
f 2816//5791 2818//5791 2817//5791 
f 2819//5792 1626//5792 2820//5792 
f 2818//5793 1626//5793 2819//5793 
f 2820//5794 1628//5794 2821//5794 
f 1626//5795 1628//5795 2820//5795 
f 1628//5796 1630//5796 2821//5796 
f 2821//5797 2822//5797 2823//5797 
f 2823//5798 2822//5798 2824//5798 
f 1630//5799 2822//5799 2821//5799 
f 2822//5800 1633//5800 2824//5800 
f 2824//5801 1633//5801 2825//5801 
f 1633//5802 1635//5802 2825//5802 
f 2825//5803 1635//5803 2826//5803 
f 1635//5804 1637//5804 2826//5804 
f 2826//5805 1637//5805 2827//5805 
f 1637//5806 1639//5806 2827//5806 
f 2827//5807 1639//5807 2828//5807 
f 1639//5808 2829//5808 2828//5808 
f 2828//5809 2829//5809 2830//5809 
f 2829//5810 1642//5810 2830//5810 
f 2830//5811 1642//5811 2831//5811 
f 1642//5812 2832//5812 2831//5812 
f 2831//5813 2833//5813 2834//5813 
f 2834//5814 2833//5814 2835//5814 
f 2832//5815 2833//5815 2831//5815 
f 2835//5816 2836//5816 2837//5816 
f 2833//5817 2836//5817 2835//5817 
f 2837//5818 2838//5818 2839//5818 
f 2836//5819 2838//5819 2837//5819 
f 2839//5820 1648//5820 2840//5820 
f 2838//5821 1648//5821 2839//5821 
f 2840//5822 1651//5822 2841//5822 
f 1648//5823 1651//5823 2840//5823 
f 2841//5824 1652//5824 2842//5824 
f 1651//5825 1652//5825 2841//5825 
f 1652//5826 1654//5826 2842//5826 
f 2842//5827 1656//5827 2843//5827 
f 2843//5828 1656//5828 2844//5828 
f 1654//5829 1656//5829 2842//5829 
f 2844//5830 1658//5830 2845//5830 
f 1656//5831 1658//5831 2844//5831 
f 1658//5832 1661//5832 2845//5832 
f 2845//5833 1662//5833 2846//5833 
f 2846//5834 1662//5834 2847//5834 
f 1661//5835 1662//5835 2845//5835 
f 2847//5836 2848//5836 2849//5836 
f 1662//5837 2848//5837 2847//5837 
f 2848//5838 1665//5838 2849//5838 
f 2849//5839 2850//5839 2851//5839 
f 2851//5840 2850//5840 2852//5840 
f 1665//5841 2850//5841 2849//5841 
f 2852//5842 2853//5842 2854//5842 
f 2850//5843 2853//5843 2852//5843 
f 2854//5844 2855//5844 2856//5844 
f 2853//5845 2855//5845 2854//5845 
f 2855//5846 1671//5846 2856//5846 
f 2856//5847 1672//5847 2857//5847 
f 2857//5848 1672//5848 2858//5848 
f 1671//5849 1672//5849 2856//5849 
f 1672//5850 2859//5850 2858//5850 
f 2859//5851 1675//5851 2858//5851 
f 2858//5852 1675//5852 2860//5852 
f 2860//5853 1675//5853 2861//5853 
f 1675//5854 2862//5854 2861//5854 
f 2862//5855 2863//5855 2861//5855 
f 2861//5856 2863//5856 2864//5856 
f 2864//5857 2863//5857 2865//5857 
f 2863//5858 1679//5858 2865//5858 
f 1679//5859 2866//5859 2865//5859 
f 2865//5860 2866//5860 2867//5860 
f 2866//5861 2868//5861 2867//5861 
f 2867//5862 2868//5862 2869//5862 
f 2869//5863 2868//5863 2870//5863 
f 2868//5864 1684//5864 2870//5864 
f 1684//5865 2871//5865 2870//5865 
f 2870//5866 2871//5866 2872//5866 
f 2872//5867 2871//5867 2873//5867 
f 2871//5868 2874//5868 2873//5868 
f 2874//5869 1687//5869 2873//5869 
f 2873//5870 1687//5870 2875//5870 
f 2875//5871 1687//5871 2876//5871 
f 1687//5872 1690//5872 2876//5872 
f 2876//5873 1690//5873 2877//5873 
f 1690//5874 2878//5874 2877//5874 
f 2878//5875 1692//5875 2877//5875 
f 2877//5876 1692//5876 2879//5876 
f 2879//5877 1692//5877 2880//5877 
f 1692//5878 1694//5878 2880//5878 
f 2880//5879 1694//5879 2881//5879 
f 2881//5880 1697//5880 2882//5880 
f 1694//5881 1697//5881 2881//5881 
f 1697//5882 2883//5882 2882//5882 
f 2882//5883 1699//5883 2884//5883 
f 2884//5884 1699//5884 2885//5884 
f 2883//5885 1699//5885 2882//5885 
f 2885//5886 1701//5886 2886//5886 
f 1699//5887 1701//5887 2885//5887 
f 2886//5888 2887//5888 2888//5888 
f 1701//5889 2887//5889 2886//5889 
f 2888//5890 2889//5890 2890//5890 
f 2887//5891 2889//5891 2888//5891 
f 2889//5892 1705//5892 2890//5892 
f 2890//5893 2891//5893 2892//5893 
f 2892//5894 2891//5894 2893//5894 
f 1705//5895 2891//5895 2890//5895 
f 2891//5896 1708//5896 2893//5896 
f 2893//5897 1710//5897 2894//5897 
f 2894//5898 1710//5898 2895//5898 
f 1708//5899 1710//5899 2893//5899 
f 1710//5900 2896//5900 2895//5900 
f 2895//5901 2896//5901 2897//5901 
f 2896//5902 1713//5902 2897//5902 
f 1713//5903 1715//5903 2897//5903 
f 2897//5904 1715//5904 2898//5904 
f 2898//5905 1715//5905 2899//5905 
f 1715//5906 1717//5906 2899//5906 
f 1717//5907 1720//5907 2899//5907 
f 2899//5908 1720//5908 2900//5908 
f 1720//5909 1721//5909 2900//5909 
f 2900//5910 1721//5910 2901//5910 
f 2901//5911 1721//5911 2902//5911 
f 1721//5912 1723//5912 2902//5912 
f 1723//5913 1725//5913 2902//5913 
f 2902//5914 1725//5914 2903//5914 
f 2903//5915 1725//5915 2904//5915 
f 1725//5916 1728//5916 2904//5916 
f 1728//5917 2905//5917 2904//5917 
f 2904//5918 2905//5918 2906//5918 
f 2906//5919 2905//5919 2907//5919 
f 2905//5920 1730//5920 2907//5920 
f 2907//5921 1730//5921 2908//5921 
f 1730//5922 1733//5922 2908//5922 
f 1733//5923 2909//5923 2908//5923 
f 2908//5924 2909//5924 2910//5924 
f 2910//5925 2909//5925 2911//5925 
f 2909//5926 1735//5926 2911//5926 
f 1735//5927 1737//5927 2911//5927 
f 2911//5928 1737//5928 2912//5928 
f 2912//5929 1737//5929 2913//5929 
f 1737//5930 1740//5930 2913//5930 
f 1740//5931 1741//5931 2913//5931 
f 2913//5932 1741//5932 2914//5932 
f 2914//5933 1741//5933 2915//5933 
f 1741//5934 2916//5934 2915//5934 
f 2916//5935 2917//5935 2915//5935 
f 2915//5936 2917//5936 2918//5936 
f 2917//5937 2919//5937 2918//5937 
f 2918//5938 2919//5938 2920//5938 
f 2920//5939 2919//5939 2921//5939 
f 2919//5940 1746//5940 2921//5940 
f 2921//5941 1746//5941 2922//5941 
f 1746//5942 1748//5942 2922//5942 
f 2922//5943 1748//5943 2923//5943 
f 1748//5944 2924//5944 2923//5944 
f 2924//5945 1751//5945 2923//5945 
f 2923//5946 1751//5946 2925//5946 
f 2925//5947 1753//5947 2926//5947 
f 1751//5948 1753//5948 2925//5948 
f 2926//5949 1753//5949 2927//5949 
f 1753//5950 2928//5950 2927//5950 
f 2927//5951 2928//5951 2929//5951 
f 2928//5952 2930//5952 2929//5952 
f 2931//5953 1757//5953 2932//5953 
f 2930//5954 1757//5954 2929//5954 
f 2929//5955 1757//5955 2931//5955 
f 2932//5956 1759//5956 2933//5956 
f 1757//5957 1759//5957 2932//5957 
f 1759//5958 1761//5958 2933//5958 
f 2933//5959 2934//5959 2935//5959 
f 1761//5960 2934//5960 2933//5960 
f 2935//5961 1764//5961 2936//5961 
f 2936//5962 1764//5962 2937//5962 
f 2934//5963 1764//5963 2935//5963 
f 1764//5964 1767//5964 2937//5964 
f 2937//5965 2938//5965 2939//5965 
f 1767//5966 2938//5966 2937//5966 
f 2939//5967 1769//5967 2940//5967 
f 2938//5968 1769//5968 2939//5968 
f 2941//5969 1769//5969 1433//5969 
f 2940//5970 1769//5970 2941//5970 
f 2941//5971 1433//5971 2942//5971 
f 2942//5972 1435//5972 2943//5972 
f 1433//5973 1435//5973 2942//5973 
f 2943//5974 1437//5974 2944//5974 
f 1435//5975 1437//5975 2943//5975 
f 2944//5976 2945//5976 2946//5976 
f 1437//5977 2945//5977 2944//5977 
f 2946//5978 1440//5978 2947//5978 
f 2945//5979 1440//5979 2946//5979 
f 2947//5980 1442//5980 2948//5980 
f 1440//5981 1442//5981 2947//5981 
f 2948//5982 2949//5982 2950//5982 
f 1442//5983 2949//5983 2948//5983 
f 2950//5984 2951//5984 2952//5984 
f 2949//5985 2951//5985 2950//5985 
f 2952//5986 2953//5986 2954//5986 
f 2951//5987 2953//5987 2952//5987 
f 2954//5988 1447//5988 2955//5988 
f 2953//5989 1447//5989 2954//5989 
f 2955//5990 1449//5990 2956//5990 
f 1447//5991 1449//5991 2955//5991 
f 2956//5992 2957//5992 2958//5992 
f 1449//5993 2957//5993 2956//5993 
f 2958//5994 2959//5994 2960//5994 
f 2957//5995 2959//5995 2958//5995 
f 2960//5996 2961//5996 2962//5996 
f 2959//5997 2961//5997 2960//5997 
f 2962//5998 1454//5998 2963//5998 
f 2961//5999 1454//5999 2962//5999 
f 2963//6000 1456//6000 2964//6000 
f 1454//6001 1456//6001 2963//6001 
f 2964//6002 1458//6002 2965//6002 
f 1456//6003 1458//6003 2964//6003 
f 2965//6004 2966//6004 2967//6004 
f 1458//6005 2966//6005 2965//6005 
f 2967//6006 2968//6006 2969//6006 
f 2966//6007 2968//6007 2967//6007 
f 2969//6008 1462//6008 2970//6008 
f 2968//6009 1462//6009 2969//6009 
f 2970//6010 2971//6010 2972//6010 
f 1462//6011 2971//6011 2970//6011 
f 2971//6012 1465//6012 2972//6012 
f 2972//6013 1465//6013 2973//6013 
f 1465//6014 1467//6014 2973//6014 
f 2973//6015 1467//6015 2974//6015 
f 1467//6016 2975//6016 2974//6016 
f 2974//6017 2975//6017 2976//6017 
f 2975//6018 2977//6018 2976//6018 
f 2976//6019 2977//6019 2978//6019 
f 2977//6020 1471//6020 2978//6020 
f 2978//6021 1471//6021 2979//6021 
f 1471//6022 1473//6022 2979//6022 
f 2979//6023 1473//6023 2980//6023 
f 1473//6024 1475//6024 2980//6024 
f 2980//6025 1475//6025 2981//6025 
f 1475//6026 2982//6026 2981//6026 
f 2981//6027 2982//6027 2983//6027 
f 2983//6028 2984//6028 2985//6028 
f 2982//6029 2984//6029 2983//6029 
f 2985//6030 1479//6030 2986//6030 
f 2984//6031 1479//6031 2985//6031 
f 2986//6032 1481//6032 2987//6032 
f 1479//6033 1481//6033 2986//6033 
f 2987//6034 2988//6034 2989//6034 
f 1481//6035 2988//6035 2987//6035 
f 2989//6036 1484//6036 2990//6036 
f 2988//6037 1484//6037 2989//6037 
f 2990//6038 1486//6038 2991//6038 
f 1484//6039 1486//6039 2990//6039 
f 2991//6040 2992//6040 2993//6040 
f 1486//6041 2992//6041 2991//6041 
f 2993//6042 2994//6042 2995//6042 
f 2992//6043 2994//6043 2993//6043 
f 2995//6044 2996//6044 2997//6044 
f 2994//6045 2996//6045 2995//6045 
f 2997//6046 2998//6046 2999//6046 
f 2996//6047 2998//6047 2997//6047 
f 2999//6048 1492//6048 3000//6048 
f 2998//6049 1492//6049 2999//6049 
f 3000//6050 1495//6050 3001//6050 
f 1492//6051 1495//6051 3000//6051 
f 1495//6052 1496//6052 3001//6052 
f 3001//6053 3002//6053 3003//6053 
f 3003//6054 3002//6054 3004//6054 
f 1496//6055 3002//6055 3001//6055 
f 3004//6056 1499//6056 3005//6056 
f 3002//6057 1499//6057 3004//6057 
f 3005//6058 3006//6058 3007//6058 
f 1499//6059 3006//6059 3005//6059 
f 3006//6060 3008//6060 3007//6060 
f 3007//6061 3009//6061 3010//6061 
f 3010//6062 3009//6062 3011//6062 
f 3008//6063 3009//6063 3007//6063 
f 3009//6064 3012//6064 3011//6064 
f 3011//6065 3012//6065 3013//6065 
f 3012//6066 3014//6066 3013//6066 
f 3013//6067 3014//6067 3015//6067 
f 3014//6068 1506//6068 3015//6068 
f 1506//6069 1509//6069 3015//6069 
f 3015//6070 1509//6070 3016//6070 
f 3016//6071 1509//6071 3017//6071 
f 1509//6072 3018//6072 3017//6072 
f 3017//6073 3018//6073 3019//6073 
f 3018//6074 1511//6074 3019//6074 
f 3019//6075 1511//6075 3020//6075 
f 1511//6076 3021//6076 3020//6076 
f 3020//6077 3021//6077 3022//6077 
f 3021//6078 1514//6078 3022//6078 
f 1514//6079 1516//6079 3022//6079 
f 3022//6080 1516//6080 3023//6080 
f 3023//6081 1516//6081 3024//6081 
f 1516//6082 1518//6082 3024//6082 
f 1518//6083 1520//6083 3024//6083 
f 3024//6084 1520//6084 3025//6084 
f 1520//6085 3026//6085 3025//6085 
f 3025//6086 3026//6086 3027//6086 
f 3027//6087 3026//6087 3028//6087 
f 3026//6088 1523//6088 3028//6088 
f 1523//6089 1526//6089 3028//6089 
f 3028//6090 1526//6090 3029//6090 
f 3029//6091 1526//6091 3030//6091 
f 1526//6092 3031//6092 3030//6092 
f 3030//6093 3032//6093 3033//6093 
f 3031//6094 3032//6094 3030//6094 
f 3033//6095 3032//6095 3034//6095 
f 3032//6096 1530//6096 3034//6096 
f 3034//6097 3035//6097 3036//6097 
f 1530//6098 3035//6098 3034//6098 
f 3036//6099 1532//6099 3037//6099 
f 3037//6100 1532//6100 3038//6100 
f 3035//6101 1532//6101 3036//6101 
f 1532//6102 1535//6102 3038//6102 
f 3038//6103 1536//6103 3039//6103 
f 1535//6104 1536//6104 3038//6104 
f 3039//6105 3040//6105 3041//6105 
f 1536//6106 3040//6106 3039//6106 
f 3041//6107 1539//6107 3042//6107 
f 3040//6108 1539//6108 3041//6108 
f 3042//6109 3043//6109 3044//6109 
f 1539//6110 3043//6110 3042//6110 
f 3044//6111 1542//6111 3045//6111 
f 3045//6112 1542//6112 3046//6112 
f 3043//6113 1542//6113 3044//6113 
f 1542//6114 3047//6114 3046//6114 
f 3046//6115 3047//6115 3048//6115 
f 3047//6116 3049//6116 3048//6116 
f 3049//6117 1546//6117 3048//6117 
f 3048//6118 1546//6118 3050//6118 
f 1546//6119 3051//6119 3050//6119 
f 3050//6120 3051//6120 3052//6120 
f 3051//6121 1549//6121 3052//6121 
f 3052//6122 1549//6122 3053//6122 
f 1549//6123 3054//6123 3053//6123 
f 3053//6124 3054//6124 3055//6124 
f 3055//6125 3054//6125 3056//6125 
f 3054//6126 1552//6126 3056//6126 
f 1552//6127 3057//6127 3056//6127 
f 3056//6128 3057//6128 3058//6128 
f 3057//6129 1555//6129 3058//6129 
f 3058//6130 1555//6130 3059//6130 
f 1555//6131 1557//6131 3059//6131 
f 3059//6132 1557//6132 3060//6132 
f 3060//6133 1557//6133 3061//6133 
f 1557//6134 3062//6134 3061//6134 
f 3062//6135 1561//6135 3061//6135 
f 3061//6136 1561//6136 3063//6136 
f 3063//6137 1561//6137 3064//6137 
f 1561//6138 3065//6138 3064//6138 
f 3064//6139 3065//6139 3066//6139 
f 3065//6140 1563//6140 3066//6140 
f 1563//6141 1566//6141 3066//6141 
f 3066//6142 1566//6142 3067//6142 
f 3067//6143 1566//6143 3068//6143 
f 1566//6144 3069//6144 3068//6144 
f 3069//6145 3070//6145 3068//6145 
f 3068//6146 3070//6146 3071//6146 
f 3070//6147 1570//6147 3071//6147 
f 3071//6148 1570//6148 3072//6148 
f 1570//6149 3073//6149 3072//6149 
f 3072//6150 3073//6150 3074//6150 
f 3073//6151 3075//6151 3074//6151 
f 3074//6152 3075//6152 3076//6152 
f 3075//6153 1573//6153 3076//6153 
f 3076//6154 1573//6154 3077//6154 
f 3077//6155 1573//6155 3078//6155 
f 1573//6156 1576//6156 3078//6156 
f 1576//6157 1577//6157 3078//6157 
f 3078//6158 1577//6158 3079//6158 
f 3079//6159 1577//6159 3080//6159 
f 1577//6160 1579//6160 3080//6160 
f 3080//6161 1581//6161 3081//6161 
f 1579//6162 1581//6162 3080//6162 
f 3081//6163 1581//6163 3082//6163 
f 1581//6164 3083//6164 3082//6164 
f 3083//6165 1584//6165 3082//6165 
f 3082//6166 1584//6166 3084//6166 
f 1584//6167 1586//6167 3084//6167 
f 3084//6168 1586//6168 3085//6168 
f 3085//6169 1589//6169 3086//6169 
f 3086//6170 1589//6170 3087//6170 
f 1586//6171 1589//6171 3085//6171 
f 1589//6172 3088//6172 3087//6172 
f 3087//6173 3089//6173 3090//6173 
f 3088//6174 3089//6174 3087//6174 
f 3090//6175 1592//6175 3091//6175 
f 3089//6176 1592//6176 3090//6176 
f 3091//6177 1595//6177 3092//6177 
f 1592//6178 1595//6178 3091//6178 
f 3092//6179 3093//6179 3094//6179 
f 3094//6180 3093//6180 2791//6180 
f 1595//6181 3093//6181 3092//6181 
f 3093//6182 1597//6182 2791//6182 
f 3095//6183 3096//6183 3097//6183 
f 3098//6184 3095//6184 3097//6184 
f 3098//6185 3097//6185 3099//6185 
f 3100//6186 3098//6186 3099//6186 
f 3100//6187 3099//6187 3101//6187 
f 3102//6188 3100//6188 3101//6188 
f 3102//6189 3101//6189 3103//6189 
f 3104//6190 3102//6190 3103//6190 
f 3104//6191 3103//6191 3105//6191 
f 3106//6192 3105//6192 3107//6192 
f 3106//6193 3104//6193 3105//6193 
f 3108//6194 3107//6194 3109//6194 
f 3108//6195 3106//6195 3107//6195 
f 3110//6196 3109//6196 3111//6196 
f 3110//6197 3108//6197 3109//6197 
f 3112//6198 3111//6198 3113//6198 
f 3112//6199 3110//6199 3111//6199 
f 3114//6200 3113//6200 3115//6200 
f 3114//6201 3112//6201 3113//6201 
f 3116//6202 3115//6202 3117//6202 
f 3116//6203 3114//6203 3115//6203 
f 3118//6204 3117//6204 3119//6204 
f 3118//6205 3116//6205 3117//6205 
f 3120//6206 3119//6206 3121//6206 
f 3120//6207 3118//6207 3119//6207 
f 3122//6208 3121//6208 3123//6208 
f 3122//6209 3120//6209 3121//6209 
f 3124//6210 3123//6210 3125//6210 
f 3124//6211 3122//6211 3123//6211 
f 3126//6212 3124//6212 3125//6212 
f 3126//6213 3125//6213 3127//6213 
f 3128//6214 3126//6214 3127//6214 
f 3128//6215 3127//6215 3129//6215 
f 3130//6216 3128//6216 3129//6216 
f 3130//6217 3129//6217 3131//6217 
f 3132//6218 3130//6218 3131//6218 
f 3132//6219 3131//6219 3133//6219 
f 3134//6220 3132//6220 3133//6220 
f 3134//6221 3133//6221 3135//6221 
f 3136//6222 3134//6222 3135//6222 
f 3136//6223 3135//6223 3137//6223 
f 3138//6224 3136//6224 3137//6224 
f 3138//6225 3137//6225 3139//6225 
f 3140//6226 3138//6226 3139//6226 
f 3140//6227 3139//6227 3141//6227 
f 3142//6228 3140//6228 3141//6228 
f 3142//6229 3141//6229 3143//6229 
f 3144//6230 3142//6230 3143//6230 
f 3144//6231 3143//6231 3145//6231 
f 3146//6232 3144//6232 3145//6232 
f 3146//6233 3145//6233 3147//6233 
f 3148//6234 3147//6234 3149//6234 
f 3148//6235 3146//6235 3147//6235 
f 3150//6236 3149//6236 3151//6236 
f 3150//6237 3148//6237 3149//6237 
f 3152//6238 3151//6238 3153//6238 
f 3152//6239 3150//6239 3151//6239 
f 3154//6240 3153//6240 3155//6240 
f 3154//6241 3152//6241 3153//6241 
f 3156//6242 3155//6242 3157//6242 
f 3156//6243 3154//6243 3155//6243 
f 3158//6244 3157//6244 3159//6244 
f 3158//6245 3156//6245 3157//6245 
f 3160//6246 3159//6246 3161//6246 
f 3160//6247 3158//6247 3159//6247 
f 3162//6248 3161//6248 3163//6248 
f 3162//6249 3160//6249 3161//6249 
f 3164//6250 3163//6250 3165//6250 
f 3164//6251 3162//6251 3163//6251 
f 3166//6252 3165//6252 3167//6252 
f 3166//6253 3164//6253 3165//6253 
f 3168//6254 3167//6254 3169//6254 
f 3168//6255 3166//6255 3167//6255 
f 3170//6256 3169//6256 3171//6256 
f 3170//6257 3168//6257 3169//6257 
f 3172//6258 3171//6258 3173//6258 
f 3172//6259 3170//6259 3171//6259 
f 3174//6260 3173//6260 3175//6260 
f 3174//6261 3172//6261 3173//6261 
f 3176//6262 3174//6262 3175//6262 
f 3176//6263 3175//6263 3177//6263 
f 3178//6264 3176//6264 3177//6264 
f 3178//6265 3177//6265 3179//6265 
f 3180//6266 3178//6266 3179//6266 
f 3180//6267 3179//6267 3181//6267 
f 3182//6268 3180//6268 3181//6268 
f 3182//6269 3181//6269 3183//6269 
f 3184//6270 3182//6270 3183//6270 
f 3184//6271 3183//6271 3185//6271 
f 3186//6272 3184//6272 3185//6272 
f 3186//6273 3185//6273 3187//6273 
f 3188//6274 3187//6274 3189//6274 
f 3188//6275 3186//6275 3187//6275 
f 3190//6276 3189//6276 3191//6276 
f 3190//6277 3188//6277 3189//6277 
f 3192//6278 3191//6278 3193//6278 
f 3192//6279 3190//6279 3191//6279 
f 3194//6280 3193//6280 3195//6280 
f 3194//6281 3192//6281 3193//6281 
f 3196//6282 3195//6282 3197//6282 
f 3196//6283 3194//6283 3195//6283 
f 3198//6284 3197//6284 3199//6284 
f 3198//6285 3196//6285 3197//6285 
f 3200//6286 3199//6286 3201//6286 
f 3200//6287 3198//6287 3199//6287 
f 3202//6288 3201//6288 3203//6288 
f 3202//6289 3200//6289 3201//6289 
f 3204//6290 3203//6290 3205//6290 
f 3204//6291 3202//6291 3203//6291 
f 3206//6292 3205//6292 3207//6292 
f 3206//6293 3204//6293 3205//6293 
f 3208//6294 3207//6294 3209//6294 
f 3208//6295 3206//6295 3207//6295 
f 3210//6296 3209//6296 3211//6296 
f 3210//6297 3208//6297 3209//6297 
f 3212//6298 3211//6298 3213//6298 
f 3212//6299 3210//6299 3211//6299 
f 3214//6300 3213//6300 3215//6300 
f 3214//6301 3212//6301 3213//6301 
f 3216//6302 3215//6302 3217//6302 
f 3216//6303 3214//6303 3215//6303 
f 3218//6304 3217//6304 3219//6304 
f 3218//6305 3216//6305 3217//6305 
f 3220//6306 3219//6306 3221//6306 
f 3220//6307 3218//6307 3219//6307 
f 3222//6308 3221//6308 3223//6308 
f 3222//6309 3220//6309 3221//6309 
f 3224//6310 3223//6310 3225//6310 
f 3224//6311 3222//6311 3223//6311 
f 3226//6312 3224//6312 3225//6312 
f 3227//6313 3226//6313 3225//6313 
f 3227//6314 3228//6314 3229//6314 
f 3227//6315 3225//6315 3228//6315 
f 3230//6316 3229//6316 3231//6316 
f 3230//6317 3227//6317 3229//6317 
f 3232//6318 3231//6318 3233//6318 
f 3232//6319 3230//6319 3231//6319 
f 3234//6320 3232//6320 3233//6320 
f 3234//6321 3233//6321 3235//6321 
f 3234//6322 3235//6322 3236//6322 
f 3237//6323 3235//6323 3238//6323 
f 3236//6324 3235//6324 3237//6324 
f 3237//6325 3238//6325 3239//6325 
f 3237//6326 3239//6326 3240//6326 
f 3240//6327 3239//6327 3241//6327 
f 3240//6328 3241//6328 3242//6328 
f 3242//6329 3241//6329 3243//6329 
f 3242//6330 3243//6330 3244//6330 
f 3244//6331 3243//6331 3245//6331 
f 3244//6332 3245//6332 3246//6332 
f 3246//6333 3245//6333 3247//6333 
f 3246//6334 3247//6334 3248//6334 
f 3248//6335 3247//6335 3249//6335 
f 3248//6336 3249//6336 3250//6336 
f 3251//6337 3249//6337 3252//6337 
f 3250//6338 3249//6338 3251//6338 
f 3251//6339 3252//6339 3253//6339 
f 3251//6340 3253//6340 3254//6340 
f 3255//6341 3253//6341 3256//6341 
f 3254//6342 3253//6342 3255//6342 
f 3255//6343 3256//6343 3257//6343 
f 3258//6344 3255//6344 3257//6344 
f 3258//6345 3257//6345 3259//6345 
f 3260//6346 3258//6346 3259//6346 
f 3260//6347 3259//6347 3261//6347 
f 3262//6348 3260//6348 3261//6348 
f 3262//6349 3261//6349 3263//6349 
f 3264//6350 3262//6350 3263//6350 
f 3264//6351 3263//6351 3265//6351 
f 3266//6352 3265//6352 3267//6352 
f 3266//6353 3264//6353 3265//6353 
f 3268//6354 3267//6354 3269//6354 
f 3268//6355 3266//6355 3267//6355 
f 3270//6356 3269//6356 3271//6356 
f 3270//6357 3268//6357 3269//6357 
f 3272//6358 3271//6358 3273//6358 
f 3272//6359 3270//6359 3271//6359 
f 3274//6360 3273//6360 3275//6360 
f 3274//6361 3272//6361 3273//6361 
f 3276//6362 3275//6362 3277//6362 
f 3276//6363 3274//6363 3275//6363 
f 3278//6364 3277//6364 3279//6364 
f 3278//6365 3276//6365 3277//6365 
f 3280//6366 3279//6366 3281//6366 
f 3280//6367 3278//6367 3279//6367 
f 3282//6368 3281//6368 3283//6368 
f 3282//6369 3280//6369 3281//6369 
f 3284//6370 3283//6370 3285//6370 
f 3284//6371 3282//6371 3283//6371 
f 3286//6372 3284//6372 3285//6372 
f 3286//6373 3285//6373 3287//6373 
f 3288//6374 3286//6374 3287//6374 
f 3288//6375 3287//6375 3289//6375 
f 3290//6376 3288//6376 3289//6376 
f 3290//6377 3289//6377 3291//6377 
f 3292//6378 3290//6378 3291//6378 
f 3292//6379 3291//6379 3293//6379 
f 3294//6380 3292//6380 3293//6380 
f 3294//6381 3293//6381 3295//6381 
f 3296//6382 3294//6382 3295//6382 
f 3296//6383 3295//6383 3297//6383 
f 3298//6384 3296//6384 3297//6384 
f 3298//6385 3297//6385 3299//6385 
f 3300//6386 3298//6386 3299//6386 
f 3300//6387 3299//6387 3301//6387 
f 3302//6388 3300//6388 3301//6388 
f 3302//6389 3301//6389 3303//6389 
f 3304//6390 3302//6390 3303//6390 
f 3304//6391 3303//6391 3305//6391 
f 3306//6392 3304//6392 3305//6392 
f 3306//6393 3305//6393 3307//6393 
f 3308//6394 3307//6394 3309//6394 
f 3308//6395 3306//6395 3307//6395 
f 3310//6396 3309//6396 3311//6396 
f 3310//6397 3308//6397 3309//6397 
f 3312//6398 3311//6398 3313//6398 
f 3312//6399 3310//6399 3311//6399 
f 3314//6400 3313//6400 3315//6400 
f 3314//6401 3312//6401 3313//6401 
f 3316//6402 3315//6402 3317//6402 
f 3316//6403 3314//6403 3315//6403 
f 3318//6404 3317//6404 3319//6404 
f 3318//6405 3316//6405 3317//6405 
f 3320//6406 3319//6406 3321//6406 
f 3320//6407 3318//6407 3319//6407 
f 3322//6408 3321//6408 3323//6408 
f 3322//6409 3320//6409 3321//6409 
f 3324//6410 3323//6410 3325//6410 
f 3324//6411 3322//6411 3323//6411 
f 3326//6412 3325//6412 3327//6412 
f 3326//6413 3324//6413 3325//6413 
f 3328//6414 3327//6414 3329//6414 
f 3328//6415 3326//6415 3327//6415 
f 3330//6416 3329//6416 3331//6416 
f 3330//6417 3328//6417 3329//6417 
f 3332//6418 3331//6418 3333//6418 
f 3332//6419 3330//6419 3331//6419 
f 3334//6420 3333//6420 3335//6420 
f 3334//6421 3332//6421 3333//6421 
f 3336//6422 3334//6422 3335//6422 
f 3336//6423 3335//6423 3337//6423 
f 3338//6424 3336//6424 3337//6424 
f 3338//6425 3337//6425 3339//6425 
f 3340//6426 3338//6426 3339//6426 
f 3340//6427 3339//6427 3341//6427 
f 3342//6428 3340//6428 3341//6428 
f 3342//6429 3341//6429 3343//6429 
f 3344//6430 3342//6430 3343//6430 
f 3344//6431 3343//6431 3345//6431 
f 3346//6432 3344//6432 3345//6432 
f 3346//6433 3345//6433 3347//6433 
f 3348//6434 3347//6434 3349//6434 
f 3348//6435 3346//6435 3347//6435 
f 3350//6436 3349//6436 3351//6436 
f 3350//6437 3348//6437 3349//6437 
f 3352//6438 3351//6438 3353//6438 
f 3352//6439 3350//6439 3351//6439 
f 3354//6440 3353//6440 3355//6440 
f 3354//6441 3352//6441 3353//6441 
f 3356//6442 3355//6442 3357//6442 
f 3356//6443 3354//6443 3355//6443 
f 3358//6444 3357//6444 3359//6444 
f 3358//6445 3356//6445 3357//6445 
f 3360//6446 3359//6446 3361//6446 
f 3360//6447 3358//6447 3359//6447 
f 3362//6448 3361//6448 3363//6448 
f 3362//6449 3360//6449 3361//6449 
f 3364//6450 3363//6450 3365//6450 
f 3364//6451 3362//6451 3363//6451 
f 3366//6452 3364//6452 3365//6452 
f 3367//6453 3368//6453 3369//6453 
f 3367//6454 3365//6454 3368//6454 
f 3367//6455 3366//6455 3365//6455 
f 3370//6456 3369//6456 3371//6456 
f 3370//6457 3367//6457 3369//6457 
f 3372//6458 3371//6458 3373//6458 
f 3372//6459 3370//6459 3371//6459 
f 3374//6460 3372//6460 3373//6460 
f 3375//6461 3373//6461 3376//6461 
f 3375//6462 3374//6462 3373//6462 
f 3377//6463 3378//6463 3379//6463 
f 3377//6464 3376//6464 3378//6464 
f 3377//6465 3375//6465 3376//6465 
f 3380//6466 3379//6466 3381//6466 
f 3380//6467 3377//6467 3379//6467 
f 3382//6468 3380//6468 3381//6468 
f 3383//6469 3384//6469 3385//6469 
f 3383//6470 3381//6470 3384//6470 
f 3383//6471 3382//6471 3381//6471 
f 3386//6472 3383//6472 3385//6472 
f 3386//6473 3385//6473 3387//6473 
f 3388//6474 3387//6474 3389//6474 
f 3388//6475 3386//6475 3387//6475 
f 3390//6476 3389//6476 3391//6476 
f 3390//6477 3388//6477 3389//6477 
f 3392//6478 3391//6478 3393//6478 
f 3392//6479 3390//6479 3391//6479 
f 3394//6480 3392//6480 3393//6480 
f 3394//6481 3393//6481 3395//6481 
f 3394//6482 3395//6482 3396//6482 
f 3396//6483 3395//6483 3397//6483 
f 3396//6484 3397//6484 3398//6484 
f 3398//6485 3397//6485 3399//6485 
f 3398//6486 3399//6486 3400//6486 
f 3400//6487 3399//6487 3401//6487 
f 3400//6488 3401//6488 3402//6488 
f 3402//6489 3401//6489 2788//6489 
f 3402//6490 2788//6490 2787//6490 
f 2790//6491 2789//6491 3403//6491 
f 2790//6492 3403//6492 3404//6492 
f 3404//6493 3403//6493 3405//6493 
f 3404//6494 3405//6494 3406//6494 
f 3407//6495 3405//6495 3408//6495 
f 3406//6496 3405//6496 3407//6496 
f 3407//6497 3408//6497 3409//6497 
f 3407//6498 3409//6498 3410//6498 
f 3410//6499 3409//6499 3096//6499 
f 3410//6500 3096//6500 3095//6500 
f 3407//6501 3404//6501 3406//6501 
f 3410//6502 3404//6502 3407//6502 
f 2790//6503 3404//6503 3410//6503 
f 3095//6504 2790//6504 3410//6504 
f 2828//6505 2830//6505 2790//6505 
f 2827//6506 2790//6506 3095//6506 
f 2827//6507 2828//6507 2790//6507 
f 2831//6508 2790//6508 2830//6508 
f 2834//6509 2790//6509 2831//6509 
f 2826//6510 2827//6510 3095//6510 
f 2835//6511 2790//6511 2834//6511 
f 2825//6512 2826//6512 3095//6512 
f 2837//6513 2790//6513 2835//6513 
f 2824//6514 2825//6514 3095//6514 
f 2839//6515 2790//6515 2837//6515 
f 2823//6516 2824//6516 3095//6516 
f 2840//6517 2790//6517 2839//6517 
f 2821//6518 2823//6518 3095//6518 
f 2841//6519 2790//6519 2840//6519 
f 2820//6520 2821//6520 3095//6520 
f 2842//6521 2790//6521 2841//6521 
f 2819//6522 2820//6522 3095//6522 
f 2843//6523 2790//6523 2842//6523 
f 2817//6524 2819//6524 3095//6524 
f 2844//6525 2790//6525 2843//6525 
f 2815//6526 2817//6526 3095//6526 
f 2845//6527 2790//6527 2844//6527 
f 2814//6528 2815//6528 3095//6528 
f 2846//6529 2790//6529 2845//6529 
f 2812//6530 2814//6530 3095//6530 
f 2847//6531 2790//6531 2846//6531 
f 2811//6532 2812//6532 3095//6532 
f 2849//6533 2790//6533 2847//6533 
f 2810//6534 2811//6534 3095//6534 
f 2851//6535 2790//6535 2849//6535 
f 2808//6536 2810//6536 3095//6536 
f 2852//6537 2790//6537 2851//6537 
f 2806//6538 2808//6538 3095//6538 
f 2854//6539 2790//6539 2852//6539 
f 2804//6540 2806//6540 3095//6540 
f 2856//6541 2790//6541 2854//6541 
f 2803//6542 2804//6542 3095//6542 
f 2857//6543 2790//6543 2856//6543 
f 2802//6544 2803//6544 3095//6544 
f 2858//6545 2790//6545 2857//6545 
f 2801//6546 2802//6546 3095//6546 
f 2860//6547 2790//6547 2858//6547 
f 2799//6548 2801//6548 3095//6548 
f 2861//6549 2790//6549 2860//6549 
f 2798//6550 3095//6550 3098//6550 
f 2798//6551 2799//6551 3095//6551 
f 2864//6552 2790//6552 2861//6552 
f 2797//6553 3098//6553 3100//6553 
f 2797//6554 3100//6554 3102//6554 
f 2797//6555 2798//6555 3098//6555 
f 2865//6556 2790//6556 2864//6556 
f 2795//6557 3102//6557 3104//6557 
f 2795//6558 2797//6558 3102//6558 
f 2867//6559 2790//6559 2865//6559 
f 2793//6560 3104//6560 3106//6560 
f 2793//6561 3106//6561 3108//6561 
f 2793//6562 2795//6562 3104//6562 
f 2869//6563 2787//6563 2790//6563 
f 2869//6564 2790//6564 2867//6564 
f 2792//6565 3108//6565 3110//6565 
f 2792//6566 3110//6566 3112//6566 
f 2792//6567 3112//6567 3114//6567 
f 2792//6568 3114//6568 3116//6568 
f 2792//6569 3116//6569 3118//6569 
f 2792//6570 3118//6570 3120//6570 
f 2792//6571 3120//6571 3122//6571 
f 2792//6572 3122//6572 3124//6572 
f 2792//6573 3124//6573 3126//6573 
f 2792//6574 3126//6574 3128//6574 
f 2792//6575 3128//6575 3130//6575 
f 2792//6576 3130//6576 3132//6576 
f 2792//6577 3132//6577 3134//6577 
f 2792//6578 3134//6578 3136//6578 
f 2792//6579 3136//6579 3138//6579 
f 2792//6580 3138//6580 3140//6580 
f 2792//6581 3140//6581 3142//6581 
f 2792//6582 3142//6582 3144//6582 
f 2792//6583 3144//6583 3146//6583 
f 2792//6584 3146//6584 3148//6584 
f 2792//6585 3148//6585 3150//6585 
f 2792//6586 3150//6586 3152//6586 
f 2792//6587 3152//6587 3154//6587 
f 2792//6588 3154//6588 3156//6588 
f 2792//6589 3156//6589 3158//6589 
f 2792//6590 3158//6590 3160//6590 
f 2792//6591 3160//6591 3162//6591 
f 2792//6592 3162//6592 3164//6592 
f 2792//6593 2793//6593 3108//6593 
f 2870//6594 2787//6594 2869//6594 
f 2872//6595 2787//6595 2870//6595 
f 2873//6596 2787//6596 2872//6596 
f 2875//6597 2787//6597 2873//6597 
f 2876//6598 2787//6598 2875//6598 
f 2877//6599 2787//6599 2876//6599 
f 2879//6600 2787//6600 2877//6600 
f 2880//6601 2787//6601 2879//6601 
f 2881//6602 2787//6602 2880//6602 
f 2882//6603 2787//6603 2881//6603 
f 2884//6604 2787//6604 2882//6604 
f 2885//6605 2787//6605 2884//6605 
f 2886//6606 2787//6606 2885//6606 
f 2888//6607 2787//6607 2886//6607 
f 2890//6608 2787//6608 2888//6608 
f 2892//6609 2787//6609 2890//6609 
f 2893//6610 2787//6610 2892//6610 
f 2894//6611 2787//6611 2893//6611 
f 2895//6612 2787//6612 2894//6612 
f 2897//6613 2787//6613 2895//6613 
f 2898//6614 2787//6614 2897//6614 
f 2899//6615 2787//6615 2898//6615 
f 2900//6616 2787//6616 2899//6616 
f 2901//6617 2787//6617 2900//6617 
f 2902//6618 2787//6618 2901//6618 
f 2903//6619 2787//6619 2902//6619 
f 2904//6620 2787//6620 2903//6620 
f 2906//6621 2787//6621 2904//6621 
f 3398//6622 3400//6622 3402//6622 
f 3396//6623 3398//6623 3402//6623 
f 3396//6624 3402//6624 2787//6624 
f 2791//6625 3164//6625 3166//6625 
f 2791//6626 3166//6626 3168//6626 
f 2791//6627 3168//6627 3170//6627 
f 2791//6628 3170//6628 3172//6628 
f 2791//6629 3172//6629 3174//6629 
f 2791//6630 3174//6630 3176//6630 
f 2791//6631 3176//6631 3178//6631 
f 2791//6632 3178//6632 3180//6632 
f 2791//6633 3180//6633 3182//6633 
f 2791//6634 3182//6634 3184//6634 
f 2791//6635 3184//6635 3186//6635 
f 2791//6636 3186//6636 3188//6636 
f 2791//6637 3188//6637 3190//6637 
f 2791//6638 3190//6638 3192//6638 
f 2791//6639 3192//6639 3194//6639 
f 2791//6640 3194//6640 3196//6640 
f 2791//6641 3196//6641 3198//6641 
f 2791//6642 3198//6642 3200//6642 
f 2791//6643 3200//6643 3202//6643 
f 2791//6644 3202//6644 3204//6644 
f 2791//6645 3204//6645 3206//6645 
f 2791//6646 3206//6646 3208//6646 
f 2791//6647 3208//6647 3210//6647 
f 2791//6648 3210//6648 3212//6648 
f 2791//6649 3212//6649 3214//6649 
f 2791//6650 3214//6650 3216//6650 
f 2791//6651 3216//6651 3218//6651 
f 2791//6652 3218//6652 3220//6652 
f 2791//6653 3220//6653 3222//6653 
f 2791//6654 2792//6654 3164//6654 
f 3094//6655 3222//6655 3224//6655 
f 3094//6656 3224//6656 3226//6656 
f 3094//6657 2791//6657 3222//6657 
f 3092//6658 3226//6658 3227//6658 
f 3092//6659 3094//6659 3226//6659 
f 3091//6660 3092//6660 3227//6660 
f 3091//6661 3227//6661 3230//6661 
f 3091//6662 3230//6662 3232//6662 
f 3090//6663 3091//6663 3232//6663 
f 3090//6664 3232//6664 3234//6664 
f 3087//6665 3090//6665 3234//6665 
f 3086//6666 3087//6666 3234//6666 
f 3085//6667 3086//6667 3234//6667 
f 3084//6668 3085//6668 3234//6668 
f 3082//6669 3084//6669 3234//6669 
f 3081//6670 3082//6670 3234//6670 
f 3080//6671 3081//6671 3234//6671 
f 3079//6672 3080//6672 3234//6672 
f 3078//6673 3079//6673 3234//6673 
f 3077//6674 3078//6674 3234//6674 
f 3076//6675 3077//6675 3234//6675 
f 3074//6676 3076//6676 3234//6676 
f 3072//6677 3074//6677 3234//6677 
f 3071//6678 3072//6678 3234//6678 
f 3068//6679 3071//6679 3234//6679 
f 3067//6680 3068//6680 3234//6680 
f 3066//6681 3067//6681 3234//6681 
f 3064//6682 3066//6682 3234//6682 
f 3063//6683 3064//6683 3234//6683 
f 3061//6684 3063//6684 3234//6684 
f 3060//6685 3061//6685 3234//6685 
f 3394//6686 3396//6686 2787//6686 
f 3394//6687 2906//6687 2907//6687 
f 3394//6688 2907//6688 2908//6688 
f 3394//6689 2908//6689 2910//6689 
f 3394//6690 2910//6690 2911//6690 
f 3394//6691 2911//6691 2912//6691 
f 3394//6692 2912//6692 2913//6692 
f 3394//6693 2913//6693 2914//6693 
f 3394//6694 2914//6694 2915//6694 
f 3394//6695 2915//6695 2918//6695 
f 3394//6696 2918//6696 2920//6696 
f 3394//6697 2920//6697 2921//6697 
f 3394//6698 2921//6698 2922//6698 
f 3394//6699 2922//6699 2923//6699 
f 3394//6700 2923//6700 2925//6700 
f 3394//6701 2925//6701 2926//6701 
f 3394//6702 2926//6702 2927//6702 
f 3394//6703 2927//6703 2929//6703 
f 3394//6704 2929//6704 2931//6704 
f 3394//6705 2931//6705 2932//6705 
f 3394//6706 2932//6706 2933//6706 
f 3394//6707 2933//6707 2935//6707 
f 3394//6708 2787//6708 2906//6708 
f 3392//6709 2935//6709 2936//6709 
f 3392//6710 3394//6710 2935//6710 
f 3390//6711 3392//6711 2936//6711 
f 3388//6712 3390//6712 2936//6712 
f 3388//6713 2936//6713 2937//6713 
f 3386//6714 3388//6714 2937//6714 
f 3386//6715 2937//6715 2939//6715 
f 3383//6716 3386//6716 2939//6716 
f 3382//6717 3383//6717 2939//6717 
f 3382//6718 2939//6718 2940//6718 
f 3380//6719 3382//6719 2940//6719 
f 3377//6720 3380//6720 2940//6720 
f 3375//6721 3377//6721 2940//6721 
f 3374//6722 3375//6722 2940//6722 
f 3372//6723 3374//6723 2940//6723 
f 3370//6724 3372//6724 2940//6724 
f 3367//6725 3370//6725 2940//6725 
f 3366//6726 3367//6726 2940//6726 
f 3364//6727 3366//6727 2940//6727 
f 3362//6728 3364//6728 2940//6728 
f 3360//6729 3362//6729 2940//6729 
f 3358//6730 3360//6730 2940//6730 
f 3356//6731 3358//6731 2940//6731 
f 3354//6732 3356//6732 2940//6732 
f 3352//6733 3354//6733 2940//6733 
f 3350//6734 3352//6734 2940//6734 
f 3348//6735 3350//6735 2940//6735 
f 3346//6736 3348//6736 2940//6736 
f 3244//6737 3020//6737 3022//6737 
f 3244//6738 3022//6738 3023//6738 
f 3244//6739 3023//6739 3024//6739 
f 3244//6740 3024//6740 3025//6740 
f 3244//6741 3025//6741 3027//6741 
f 3244//6742 3027//6742 3028//6742 
f 3244//6743 3028//6743 3029//6743 
f 3244//6744 3029//6744 3030//6744 
f 3244//6745 3030//6745 3033//6745 
f 3244//6746 3033//6746 3034//6746 
f 3244//6747 3034//6747 3036//6747 
f 3244//6748 3036//6748 3037//6748 
f 3244//6749 3037//6749 3038//6749 
f 3244//6750 3038//6750 3039//6750 
f 3244//6751 3039//6751 3041//6751 
f 3244//6752 3041//6752 3042//6752 
f 3244//6753 3042//6753 3044//6753 
f 3244//6754 3044//6754 3045//6754 
f 3244//6755 3045//6755 3046//6755 
f 3244//6756 3046//6756 3048//6756 
f 3244//6757 3048//6757 3050//6757 
f 3244//6758 3050//6758 3052//6758 
f 3244//6759 3052//6759 3053//6759 
f 3244//6760 3053//6760 3055//6760 
f 3244//6761 3055//6761 3056//6761 
f 3244//6762 3056//6762 3058//6762 
f 3244//6763 3058//6763 3059//6763 
f 3244//6764 3059//6764 3060//6764 
f 3244//6765 3234//6765 3236//6765 
f 3244//6766 3060//6766 3234//6766 
f 3344//6767 3346//6767 2940//6767 
f 3342//6768 3344//6768 2940//6768 
f 3340//6769 3342//6769 2940//6769 
f 3338//6770 3340//6770 2940//6770 
f 3242//6771 3236//6771 3237//6771 
f 3242//6772 3237//6772 3240//6772 
f 3242//6773 3244//6773 3236//6773 
f 3336//6774 3338//6774 2940//6774 
f 3334//6775 3336//6775 2940//6775 
f 3332//6776 3334//6776 2940//6776 
f 3330//6777 3332//6777 2940//6777 
f 3328//6778 3330//6778 2940//6778 
f 3326//6779 3328//6779 2940//6779 
f 3324//6780 3326//6780 2940//6780 
f 3324//6781 2940//6781 2941//6781 
f 3322//6782 3324//6782 2941//6782 
f 3320//6783 3322//6783 2941//6783 
f 3318//6784 3320//6784 2941//6784 
f 3316//6785 3318//6785 2941//6785 
f 3314//6786 3316//6786 2941//6786 
f 3312//6787 3314//6787 2941//6787 
f 3310//6788 3312//6788 2941//6788 
f 3308//6789 3310//6789 2941//6789 
f 3306//6790 3308//6790 2941//6790 
f 3304//6791 3306//6791 2941//6791 
f 3302//6792 3304//6792 2941//6792 
f 3300//6793 3302//6793 2941//6793 
f 3298//6794 3300//6794 2941//6794 
f 3296//6795 3298//6795 2941//6795 
f 3294//6796 3296//6796 2941//6796 
f 3292//6797 3294//6797 2941//6797 
f 3290//6798 3292//6798 2941//6798 
f 3288//6799 3290//6799 2941//6799 
f 3286//6800 3288//6800 2941//6800 
f 3284//6801 3286//6801 2941//6801 
f 3282//6802 3284//6802 2941//6802 
f 3280//6803 3282//6803 2941//6803 
f 3278//6804 3280//6804 2941//6804 
f 3276//6805 3278//6805 2941//6805 
f 3274//6806 3276//6806 2941//6806 
f 3272//6807 3274//6807 2941//6807 
f 3270//6808 3272//6808 2941//6808 
f 3268//6809 2941//6809 2942//6809 
f 3268//6810 3270//6810 2941//6810 
f 3266//6811 3268//6811 2942//6811 
f 3264//6812 2942//6812 2943//6812 
f 3264//6813 3266//6813 2942//6813 
f 3262//6814 2943//6814 2944//6814 
f 3262//6815 3264//6815 2943//6815 
f 3260//6816 3262//6816 2944//6816 
f 3258//6817 2944//6817 2946//6817 
f 3258//6818 3260//6818 2944//6818 
f 3255//6819 2946//6819 2947//6819 
f 3255//6820 2947//6820 2948//6820 
f 3255//6821 2948//6821 2950//6821 
f 3255//6822 2950//6822 2952//6822 
f 3255//6823 2952//6823 2954//6823 
f 3255//6824 2954//6824 2955//6824 
f 3255//6825 2955//6825 2956//6825 
f 3255//6826 2956//6826 2958//6826 
f 3255//6827 2958//6827 2960//6827 
f 3255//6828 2960//6828 2962//6828 
f 3255//6829 2962//6829 2963//6829 
f 3255//6830 2963//6830 2964//6830 
f 3255//6831 2964//6831 2965//6831 
f 3255//6832 2965//6832 2967//6832 
f 3255//6833 2967//6833 2969//6833 
f 3255//6834 2969//6834 2970//6834 
f 3255//6835 2970//6835 2972//6835 
f 3255//6836 2972//6836 2973//6836 
f 3255//6837 2973//6837 2974//6837 
f 3255//6838 2974//6838 2976//6838 
f 3255//6839 2976//6839 2978//6839 
f 3255//6840 3258//6840 2946//6840 
f 3246//6841 2990//6841 2991//6841 
f 3246//6842 2991//6842 2993//6842 
f 3246//6843 2993//6843 2995//6843 
f 3246//6844 3020//6844 3244//6844 
f 3246//6845 2995//6845 2997//6845 
f 3246//6846 2997//6846 2999//6846 
f 3246//6847 2999//6847 3000//6847 
f 3246//6848 3000//6848 3001//6848 
f 3246//6849 3001//6849 3003//6849 
f 3246//6850 3003//6850 3004//6850 
f 3246//6851 3004//6851 3005//6851 
f 3246//6852 3005//6852 3007//6852 
f 3246//6853 3007//6853 3010//6853 
f 3246//6854 3010//6854 3011//6854 
f 3246//6855 3011//6855 3013//6855 
f 3246//6856 3013//6856 3015//6856 
f 3246//6857 3015//6857 3016//6857 
f 3246//6858 3016//6858 3017//6858 
f 3246//6859 3017//6859 3019//6859 
f 3246//6860 3019//6860 3020//6860 
f 3246//6861 3255//6861 2978//6861 
f 3246//6862 2978//6862 2979//6862 
f 3246//6863 2979//6863 2980//6863 
f 3246//6864 2980//6864 2981//6864 
f 3246//6865 2981//6865 2983//6865 
f 3246//6866 2983//6866 2985//6866 
f 3246//6867 2985//6867 2986//6867 
f 3246//6868 2986//6868 2987//6868 
f 3246//6869 2987//6869 2989//6869 
f 3246//6870 2989//6870 2990//6870 
f 3254//6871 3255//6871 3246//6871 
f 3248//6872 3254//6872 3246//6872 
f 3248//6873 3251//6873 3254//6873 
f 3250//6874 3251//6874 3248//6874 
f 3238//6875 3241//6875 3239//6875 
f 3235//6876 3241//6876 3238//6876 
f 3243//6877 3241//6877 3235//6877 
f 3233//6878 3243//6878 3235//6878 
f 1555//6879 3057//6879 3243//6879 
f 1552//6880 3243//6880 3057//6880 
f 1557//6881 3243//6881 3233//6881 
f 1557//6882 1555//6882 3243//6882 
f 3062//6883 1557//6883 3233//6883 
f 3054//6884 3243//6884 1552//6884 
f 1549//6885 3243//6885 3054//6885 
f 1561//6886 3062//6886 3233//6886 
f 3051//6887 3243//6887 1549//6887 
f 3065//6888 1561//6888 3233//6888 
f 1563//6889 3065//6889 3233//6889 
f 1546//6890 3243//6890 3051//6890 
f 3049//6891 3243//6891 1546//6891 
f 1566//6892 1563//6892 3233//6892 
f 3069//6893 1566//6893 3233//6893 
f 3047//6894 3243//6894 3049//6894 
f 1542//6895 3243//6895 3047//6895 
f 3070//6896 3069//6896 3233//6896 
f 3043//6897 3243//6897 1542//6897 
f 1570//6898 3070//6898 3233//6898 
f 3073//6899 1570//6899 3233//6899 
f 1539//6900 3243//6900 3043//6900 
f 3075//6901 3073//6901 3233//6901 
f 3040//6902 3243//6902 1539//6902 
f 1573//6903 3075//6903 3233//6903 
f 1536//6904 3243//6904 3040//6904 
f 1576//6905 1573//6905 3233//6905 
f 1535//6906 3243//6906 1536//6906 
f 1532//6907 3243//6907 1535//6907 
f 1577//6908 1576//6908 3233//6908 
f 1579//6909 1577//6909 3233//6909 
f 3035//6910 3243//6910 1532//6910 
f 1581//6911 1579//6911 3233//6911 
f 1530//6912 3243//6912 3035//6912 
f 3083//6913 1581//6913 3233//6913 
f 3032//6914 3243//6914 1530//6914 
f 1584//6915 3083//6915 3233//6915 
f 3031//6916 3243//6916 3032//6916 
f 1526//6917 3243//6917 3031//6917 
f 1586//6918 1584//6918 3233//6918 
f 1589//6919 1586//6919 3233//6919 
f 1523//6920 3243//6920 1526//6920 
f 3026//6921 3243//6921 1523//6921 
f 3088//6922 1589//6922 3233//6922 
f 3089//6923 3088//6923 3233//6923 
f 3089//6924 3233//6924 3231//6924 
f 1520//6925 3243//6925 3026//6925 
f 1518//6926 3243//6926 1520//6926 
f 1592//6927 3089//6927 3231//6927 
f 1592//6928 3231//6928 3229//6928 
f 1592//6929 3229//6929 3228//6929 
f 1595//6930 1592//6930 3228//6930 
f 1595//6931 3228//6931 3225//6931 
f 1516//6932 3243//6932 1518//6932 
f 1514//6933 3243//6933 1516//6933 
f 3093//6934 3225//6934 3223//6934 
f 3093//6935 3223//6935 3221//6935 
f 3093//6936 1595//6936 3225//6936 
f 1597//6937 3215//6937 3213//6937 
f 1597//6938 3213//6938 3211//6938 
f 1597//6939 3211//6939 3209//6939 
f 1597//6940 3209//6940 3207//6940 
f 1597//6941 3207//6941 3205//6941 
f 1597//6942 3205//6942 3203//6942 
f 1597//6943 3203//6943 3201//6943 
f 1597//6944 3201//6944 3199//6944 
f 1597//6945 3199//6945 3197//6945 
f 1597//6946 3197//6946 3195//6946 
f 1597//6947 3195//6947 3193//6947 
f 1597//6948 3193//6948 3191//6948 
f 1597//6949 3191//6949 3189//6949 
f 1597//6950 3189//6950 3187//6950 
f 1597//6951 3187//6951 3185//6951 
f 1597//6952 3185//6952 3183//6952 
f 1597//6953 3183//6953 3181//6953 
f 1597//6954 3181//6954 3179//6954 
f 1597//6955 3179//6955 3177//6955 
f 1597//6956 3177//6956 3175//6956 
f 1597//6957 3175//6957 3173//6957 
f 1597//6958 3173//6958 3171//6958 
f 1597//6959 3171//6959 3169//6959 
f 1597//6960 3169//6960 3167//6960 
f 1597//6961 3167//6961 3165//6961 
f 1597//6962 3165//6962 3163//6962 
f 1597//6963 3093//6963 3221//6963 
f 1597//6964 3221//6964 3219//6964 
f 1597//6965 3219//6965 3217//6965 
f 1597//6966 3217//6966 3215//6966 
f 3021//6967 3243//6967 1514//6967 
f 3021//6968 3245//6968 3243//6968 
f 1511//6969 3245//6969 3021//6969 
f 3018//6970 3245//6970 1511//6970 
f 1509//6971 3245//6971 3018//6971 
f 1506//6972 3245//6972 1509//6972 
f 3014//6973 3245//6973 1506//6973 
f 3012//6974 3245//6974 3014//6974 
f 3009//6975 3245//6975 3012//6975 
f 3008//6976 3245//6976 3009//6976 
f 3006//6977 3245//6977 3008//6977 
f 1499//6978 3245//6978 3006//6978 
f 3002//6979 3245//6979 1499//6979 
f 1496//6980 3245//6980 3002//6980 
f 1495//6981 3245//6981 1496//6981 
f 1492//6982 3245//6982 1495//6982 
f 2998//6983 3245//6983 1492//6983 
f 2996//6984 3245//6984 2998//6984 
f 2994//6985 3245//6985 2996//6985 
f 2992//6986 3245//6986 2994//6986 
f 1486//6987 3245//6987 2992//6987 
f 1484//6988 3245//6988 1486//6988 
f 2988//6989 3245//6989 1484//6989 
f 1481//6990 3245//6990 2988//6990 
f 1479//6991 3245//6991 1481//6991 
f 2984//6992 3245//6992 1479//6992 
f 2982//6993 3245//6993 2984//6993 
f 1475//6994 3245//6994 2982//6994 
f 1473//6995 3245//6995 1475//6995 
f 1471//6996 3245//6996 1473//6996 
f 3252//6997 3249//6997 3247//6997 
f 3253//6998 3252//6998 3247//6998 
f 3253//6999 3247//6999 3245//6999 
f 1600//7000 1597//7000 3163//7000 
f 1600//7001 3163//7001 3161//7001 
f 1600//7002 3161//7002 3159//7002 
f 1600//7003 3159//7003 3157//7003 
f 1600//7004 3157//7004 3155//7004 
f 1600//7005 3155//7005 3153//7005 
f 1600//7006 3153//7006 3151//7006 
f 1600//7007 3151//7007 3149//7007 
f 1600//7008 3149//7008 3147//7008 
f 1600//7009 3147//7009 3145//7009 
f 1600//7010 3145//7010 3143//7010 
f 1600//7011 3143//7011 3141//7011 
f 1600//7012 3141//7012 3139//7012 
f 1600//7013 3139//7013 3137//7013 
f 1600//7014 3137//7014 3135//7014 
f 1600//7015 3135//7015 3133//7015 
f 1600//7016 3133//7016 3131//7016 
f 1600//7017 3131//7017 3129//7017 
f 1600//7018 3129//7018 3127//7018 
f 1600//7019 3127//7019 3125//7019 
f 1600//7020 3125//7020 3123//7020 
f 1600//7021 3123//7021 3121//7021 
f 1600//7022 3121//7022 3119//7022 
f 1600//7023 3119//7023 3117//7023 
f 1600//7024 3117//7024 3115//7024 
f 1600//7025 3115//7025 3113//7025 
f 1600//7026 3113//7026 3111//7026 
f 1600//7027 3111//7027 3109//7027 
f 1600//7028 3109//7028 3107//7028 
f 2794//7029 3107//7029 3105//7029 
f 2794//7030 3105//7030 3103//7030 
f 2794//7031 1600//7031 3107//7031 
f 2796//7032 2794//7032 3103//7032 
f 2796//7033 3103//7033 3101//7033 
f 1603//7034 3101//7034 3099//7034 
f 1603//7035 2796//7035 3101//7035 
f 1603//7036 3099//7036 3097//7036 
f 1605//7037 1603//7037 3097//7037 
f 1605//7038 3097//7038 3096//7038 
f 2800//7039 1605//7039 3096//7039 
f 1608//7040 2800//7040 3096//7040 
f 1610//7041 1608//7041 3096//7041 
f 1612//7042 1610//7042 3096//7042 
f 2805//7043 1612//7043 3096//7043 
f 2807//7044 2805//7044 3096//7044 
f 2809//7045 2807//7045 3096//7045 
f 1617//7046 2809//7046 3096//7046 
f 1619//7047 1617//7047 3096//7047 
f 2813//7048 1619//7048 3096//7048 
f 1622//7049 2813//7049 3096//7049 
f 2816//7050 1622//7050 3096//7050 
f 2818//7051 2816//7051 3096//7051 
f 1626//7052 2818//7052 3096//7052 
f 1628//7053 1626//7053 3096//7053 
f 1630//7054 1628//7054 3096//7054 
f 2822//7055 1630//7055 3096//7055 
f 1633//7056 2822//7056 3096//7056 
f 1635//7057 1633//7057 3096//7057 
f 1637//7058 1635//7058 3096//7058 
f 1639//7059 1637//7059 3096//7059 
f 3256//7060 3253//7060 3245//7060 
f 3256//7061 1471//7061 2977//7061 
f 3256//7062 2977//7062 2975//7062 
f 3256//7063 2975//7063 1467//7063 
f 3256//7064 1467//7064 1465//7064 
f 3256//7065 1465//7065 2971//7065 
f 3256//7066 2971//7066 1462//7066 
f 3256//7067 1462//7067 2968//7067 
f 3256//7068 2968//7068 2966//7068 
f 3256//7069 2966//7069 1458//7069 
f 3256//7070 1458//7070 1456//7070 
f 3256//7071 1456//7071 1454//7071 
f 3256//7072 1454//7072 2961//7072 
f 3256//7073 2961//7073 2959//7073 
f 3256//7074 2959//7074 2957//7074 
f 3256//7075 2957//7075 1449//7075 
f 3256//7076 1449//7076 1447//7076 
f 3256//7077 1447//7077 2953//7077 
f 3256//7078 2953//7078 2951//7078 
f 3256//7079 2951//7079 2949//7079 
f 3256//7080 2949//7080 1442//7080 
f 3256//7081 1442//7081 1440//7081 
f 3256//7082 3245//7082 1471//7082 
f 3257//7083 3256//7083 1440//7083 
f 3257//7084 1440//7084 2945//7084 
f 3259//7085 3257//7085 2945//7085 
f 3261//7086 3259//7086 2945//7086 
f 3261//7087 2945//7087 1437//7087 
f 3263//7088 3261//7088 1437//7088 
f 3263//7089 1437//7089 1435//7089 
f 3265//7090 3263//7090 1435//7090 
f 3267//7091 3265//7091 1435//7091 
f 3267//7092 1435//7092 1433//7092 
f 3269//7093 3267//7093 1433//7093 
f 3271//7094 3269//7094 1433//7094 
f 3273//7095 3271//7095 1433//7095 
f 3275//7096 3273//7096 1433//7096 
f 3277//7097 3275//7097 1433//7097 
f 3279//7098 3277//7098 1433//7098 
f 3281//7099 3279//7099 1433//7099 
f 3283//7100 3281//7100 1433//7100 
f 3285//7101 3283//7101 1433//7101 
f 3287//7102 3285//7102 1433//7102 
f 3289//7103 3287//7103 1433//7103 
f 3291//7104 3289//7104 1433//7104 
f 3293//7105 3291//7105 1433//7105 
f 3295//7106 3293//7106 1433//7106 
f 3297//7107 3295//7107 1433//7107 
f 3299//7108 3297//7108 1433//7108 
f 3301//7109 3299//7109 1433//7109 
f 3303//7110 3301//7110 1433//7110 
f 2789//7111 3096//7111 3409//7111 
f 2789//7112 2868//7112 2866//7112 
f 2789//7113 2866//7113 1679//7113 
f 2789//7114 1679//7114 2863//7114 
f 2789//7115 2863//7115 2862//7115 
f 2789//7116 2862//7116 1675//7116 
f 2789//7117 1675//7117 2859//7117 
f 2789//7118 2859//7118 1672//7118 
f 2789//7119 1672//7119 1671//7119 
f 2789//7120 1671//7120 2855//7120 
f 2789//7121 2855//7121 2853//7121 
f 2789//7122 2853//7122 2850//7122 
f 2789//7123 2850//7123 1665//7123 
f 2789//7124 1665//7124 2848//7124 
f 2789//7125 2848//7125 1662//7125 
f 2789//7126 1662//7126 1661//7126 
f 2789//7127 1661//7127 1658//7127 
f 2789//7128 1658//7128 1656//7128 
f 2789//7129 1656//7129 1654//7129 
f 2789//7130 1654//7130 1652//7130 
f 2789//7131 1652//7131 1651//7131 
f 2789//7132 1651//7132 1648//7132 
f 2789//7133 1648//7133 2838//7133 
f 2789//7134 2838//7134 2836//7134 
f 2789//7135 2836//7135 2833//7135 
f 2789//7136 2833//7136 2832//7136 
f 2789//7137 2832//7137 1642//7137 
f 2789//7138 1642//7138 2829//7138 
f 2789//7139 2829//7139 1639//7139 
f 2789//7140 1639//7140 3096//7140 
f 3305//7141 3303//7141 1433//7141 
f 3307//7142 3305//7142 1433//7142 
f 3309//7143 3307//7143 1433//7143 
f 3311//7144 3309//7144 1433//7144 
f 3403//7145 3409//7145 3408//7145 
f 3403//7146 3408//7146 3405//7146 
f 3403//7147 2789//7147 3409//7147 
f 3313//7148 3311//7148 1433//7148 
f 3315//7149 3313//7149 1433//7149 
f 3317//7150 3315//7150 1433//7150 
f 3319//7151 3317//7151 1433//7151 
f 3321//7152 3319//7152 1433//7152 
f 3323//7153 3321//7153 1433//7153 
f 3325//7154 3323//7154 1433//7154 
f 3325//7155 1433//7155 1769//7155 
f 3327//7156 3325//7156 1769//7156 
f 3329//7157 3327//7157 1769//7157 
f 3331//7158 3329//7158 1769//7158 
f 3333//7159 3331//7159 1769//7159 
f 3335//7160 3333//7160 1769//7160 
f 3337//7161 3335//7161 1769//7161 
f 3339//7162 3337//7162 1769//7162 
f 3341//7163 3339//7163 1769//7163 
f 3343//7164 3341//7164 1769//7164 
f 3345//7165 3343//7165 1769//7165 
f 3347//7166 3345//7166 1769//7166 
f 3349//7167 3347//7167 1769//7167 
f 3351//7168 3349//7168 1769//7168 
f 3353//7169 3351//7169 1769//7169 
f 3355//7170 3353//7170 1769//7170 
f 3357//7171 3355//7171 1769//7171 
f 3359//7172 3357//7172 1769//7172 
f 3361//7173 3359//7173 1769//7173 
f 3363//7174 3361//7174 1769//7174 
f 3365//7175 3363//7175 1769//7175 
f 3368//7176 3365//7176 1769//7176 
f 3369//7177 3368//7177 1769//7177 
f 3371//7178 3369//7178 1769//7178 
f 3373//7179 3371//7179 1769//7179 
f 3376//7180 3373//7180 1769//7180 
f 3378//7181 3376//7181 1769//7181 
f 3379//7182 3378//7182 1769//7182 
f 3381//7183 1769//7183 2938//7183 
f 3381//7184 3379//7184 1769//7184 
f 3384//7185 3381//7185 2938//7185 
f 3385//7186 2938//7186 1767//7186 
f 3385//7187 3384//7187 2938//7187 
f 3387//7188 1767//7188 1764//7188 
f 3387//7189 3385//7189 1767//7189 
f 3389//7190 3387//7190 1764//7190 
f 3391//7191 1764//7191 2934//7191 
f 3391//7192 3389//7192 1764//7192 
f 3393//7193 3391//7193 2934//7193 
f 3393//7194 2934//7194 1761//7194 
f 3393//7195 1761//7195 1759//7195 
f 3393//7196 1759//7196 1757//7196 
f 3393//7197 1757//7197 2930//7197 
f 3393//7198 2930//7198 2928//7198 
f 3393//7199 2928//7199 1753//7199 
f 3393//7200 1753//7200 1751//7200 
f 3393//7201 1751//7201 2924//7201 
f 3393//7202 2924//7202 1748//7202 
f 3393//7203 1748//7203 1746//7203 
f 3393//7204 1746//7204 2919//7204 
f 3393//7205 2919//7205 2917//7205 
f 3393//7206 2917//7206 2916//7206 
f 3393//7207 2916//7207 1741//7207 
f 3393//7208 1741//7208 1740//7208 
f 3393//7209 1740//7209 1737//7209 
f 3393//7210 1737//7210 1735//7210 
f 3393//7211 1735//7211 2909//7211 
f 3393//7212 2909//7212 1733//7212 
f 3393//7213 1733//7213 1730//7213 
f 3393//7214 1730//7214 2905//7214 
f 2788//7215 1710//7215 1708//7215 
f 2788//7216 3393//7216 2905//7216 
f 2788//7217 1708//7217 2891//7217 
f 2788//7218 2868//7218 2789//7218 
f 2788//7219 2891//7219 1705//7219 
f 2788//7220 1705//7220 2889//7220 
f 2788//7221 2889//7221 2887//7221 
f 2788//7222 2887//7222 1701//7222 
f 2788//7223 1701//7223 1699//7223 
f 2788//7224 1699//7224 2883//7224 
f 2788//7225 2883//7225 1697//7225 
f 2788//7226 1697//7226 1694//7226 
f 2788//7227 1694//7227 1692//7227 
f 2788//7228 1692//7228 2878//7228 
f 2788//7229 2878//7229 1690//7229 
f 2788//7230 1690//7230 1687//7230 
f 2788//7231 1687//7231 2874//7231 
f 2788//7232 2874//7232 2871//7232 
f 2788//7233 2871//7233 1684//7233 
f 2788//7234 1684//7234 2868//7234 
f 2788//7235 2905//7235 1728//7235 
f 2788//7236 1728//7236 1725//7236 
f 2788//7237 1725//7237 1723//7237 
f 2788//7238 1723//7238 1721//7238 
f 2788//7239 1721//7239 1720//7239 
f 2788//7240 1720//7240 1717//7240 
f 2788//7241 1717//7241 1715//7241 
f 2788//7242 1715//7242 1713//7242 
f 2788//7243 1713//7243 2896//7243 
f 2788//7244 2896//7244 1710//7244 
f 3395//7245 3393//7245 2788//7245 
f 3401//7246 3395//7246 2788//7246 
f 3401//7247 3397//7247 3395//7247 
f 3399//7248 3397//7248 3401//7248 
f 3411//7249 3412//7249 3413//7249 
f 3413//7250 3412//7250 3414//7250 
f 3414//7251 3415//7251 3416//7251 
f 3412//7252 3415//7252 3414//7252 
f 3416//7253 3417//7253 3418//7253 
f 3415//7254 3417//7254 3416//7254 
f 3418//7255 3419//7255 3420//7255 
f 3417//7256 3419//7256 3418//7256 
f 3420//7257 3421//7257 3422//7257 
f 3419//7258 3421//7258 3420//7258 
f 3422//7259 3423//7259 3424//7259 
f 3421//7260 3423//7260 3422//7260 
f 3424//7261 3425//7261 3426//7261 
f 3423//7262 3425//7262 3424//7262 
f 3426//7263 3427//7263 3428//7263 
f 3425//7264 3427//7264 3426//7264 
f 3428//7265 3429//7265 3430//7265 
f 3427//7266 3429//7266 3428//7266 
f 3430//7267 3431//7267 3432//7267 
f 3429//7268 3431//7268 3430//7268 
f 3432//7269 3433//7269 3434//7269 
f 3431//7270 3433//7270 3432//7270 
f 3434//7271 3435//7271 3436//7271 
f 3433//7272 3435//7272 3434//7272 
f 3436//7273 3437//7273 3438//7273 
f 3435//7274 3437//7274 3436//7274 
f 3438//7275 3439//7275 3440//7275 
f 3437//7276 3439//7276 3438//7276 
f 3440//7277 3441//7277 3442//7277 
f 3439//7278 3441//7278 3440//7278 
f 3442//7279 3443//7279 3444//7279 
f 3441//7280 3443//7280 3442//7280 
f 3444//7281 3445//7281 3446//7281 
f 3443//7282 3445//7282 3444//7282 
f 3446//7283 3447//7283 3448//7283 
f 3445//7284 3447//7284 3446//7284 
f 3448//7285 3449//7285 3450//7285 
f 3447//7286 3449//7286 3448//7286 
f 3450//7287 3451//7287 3452//7287 
f 3449//7288 3451//7288 3450//7288 
f 3452//7289 3453//7289 3454//7289 
f 3451//7290 3453//7290 3452//7290 
f 3454//7291 3455//7291 3456//7291 
f 3453//7292 3455//7292 3454//7292 
f 3456//7293 3457//7293 3458//7293 
f 3455//7294 3457//7294 3456//7294 
f 3458//7295 3459//7295 3460//7295 
f 3457//7296 3459//7296 3458//7296 
f 3460//7297 3461//7297 3462//7297 
f 3459//7298 3461//7298 3460//7298 
f 3462//7299 3463//7299 3464//7299 
f 3461//7300 3463//7300 3462//7300 
f 3463//7301 3465//7301 3464//7301 
f 3464//7302 3465//7302 3466//7302 
f 3465//7303 3467//7303 3466//7303 
f 3466//7304 3467//7304 3468//7304 
f 3467//7305 3469//7305 3468//7305 
f 3468//7306 3469//7306 3470//7306 
f 3469//7307 3471//7307 3470//7307 
f 3470//7308 3471//7308 3472//7308 
f 3471//7309 3473//7309 3472//7309 
f 3472//7310 3473//7310 3474//7310 
f 3473//7311 3475//7311 3474//7311 
f 3474//7312 3475//7312 3476//7312 
f 3475//7313 3477//7313 3476//7313 
f 3476//7314 3477//7314 3478//7314 
f 3477//7315 3479//7315 3478//7315 
f 3478//7316 3479//7316 3480//7316 
f 3479//7317 3481//7317 3480//7317 
f 3480//7318 3481//7318 3482//7318 
f 3482//7319 3483//7319 3484//7319 
f 3481//7320 3483//7320 3482//7320 
f 3484//7321 3485//7321 3486//7321 
f 3483//7322 3485//7322 3484//7322 
f 3486//7323 3487//7323 3488//7323 
f 3485//7324 3487//7324 3486//7324 
f 3488//7325 3489//7325 3490//7325 
f 3487//7326 3489//7326 3488//7326 
f 3490//7327 3491//7327 3492//7327 
f 3489//7328 3491//7328 3490//7328 
f 3492//7329 3493//7329 3494//7329 
f 3491//7330 3493//7330 3492//7330 
f 3494//7331 3495//7331 3496//7331 
f 3493//7332 3495//7332 3494//7332 
f 3496//7333 3497//7333 3498//7333 
f 3495//7334 3497//7334 3496//7334 
f 3498//7335 3499//7335 3500//7335 
f 3497//7336 3499//7336 3498//7336 
f 3500//7337 3501//7337 3502//7337 
f 3499//7338 3501//7338 3500//7338 
f 3502//7339 3503//7339 3504//7339 
f 3501//7340 3503//7340 3502//7340 
f 3503//7341 3505//7341 3504//7341 
f 3504//7342 3505//7342 3506//7342 
f 3506//7343 3507//7343 3508//7343 
f 3505//7344 3507//7344 3506//7344 
f 3508//7345 3509//7345 3510//7345 
f 3507//7346 3509//7346 3508//7346 
f 3510//7347 3511//7347 3512//7347 
f 3509//7348 3511//7348 3510//7348 
f 3512//7349 3513//7349 3514//7349 
f 3511//7350 3513//7350 3512//7350 
f 3514//7351 3515//7351 3516//7351 
f 3513//7352 3515//7352 3514//7352 
f 3516//7353 3517//7353 3518//7353 
f 3515//7354 3517//7354 3516//7354 
f 3518//7355 3519//7355 3520//7355 
f 3517//7356 3519//7356 3518//7356 
f 3520//7357 3521//7357 3522//7357 
f 3519//7358 3521//7358 3520//7358 
f 3522//7359 3523//7359 3524//7359 
f 3521//7360 3523//7360 3522//7360 
f 3524//7361 3525//7361 3526//7361 
f 3523//7362 3525//7362 3524//7362 
f 3526//7363 3527//7363 3528//7363 
f 3525//7364 3527//7364 3526//7364 
f 3528//7365 3529//7365 3530//7365 
f 3527//7366 3529//7366 3528//7366 
f 3530//7367 3531//7367 3532//7367 
f 3529//7368 3531//7368 3530//7368 
f 3532//7369 3533//7369 3534//7369 
f 3531//7370 3533//7370 3532//7370 
f 3534//7371 3535//7371 3536//7371 
f 3533//7372 3535//7372 3534//7372 
f 3536//7373 3537//7373 3538//7373 
f 3535//7374 3537//7374 3536//7374 
f 3538//7375 3539//7375 3540//7375 
f 3537//7376 3539//7376 3538//7376 
f 3540//7377 3541//7377 3542//7377 
f 3539//7378 3541//7378 3540//7378 
f 3542//7379 3543//7379 3544//7379 
f 3541//7380 3543//7380 3542//7380 
f 3544//7381 3545//7381 3546//7381 
f 3543//7382 3545//7382 3544//7382 
f 3546//7383 3547//7383 3548//7383 
f 3545//7384 3547//7384 3546//7384 
f 3548//7385 3549//7385 3550//7385 
f 3547//7386 3549//7386 3548//7386 
f 3550//7387 3551//7387 3552//7387 
f 3549//7388 3551//7388 3550//7388 
f 3552//7389 3553//7389 3554//7389 
f 3551//7390 3553//7390 3552//7390 
f 3554//7391 3555//7391 3556//7391 
f 3553//7392 3555//7392 3554//7392 
f 3555//7393 3557//7393 3556//7393 
f 3556//7394 3557//7394 3558//7394 
f 3557//7395 3559//7395 3558//7395 
f 3558//7396 3559//7396 3560//7396 
f 3560//7397 3559//7397 3561//7397 
f 3559//7398 3562//7398 3561//7398 
f 3562//7399 3563//7399 3561//7399 
f 3561//7400 3563//7400 3564//7400 
f 3563//7401 3565//7401 3564//7401 
f 3564//7402 3565//7402 3566//7402 
f 3565//7403 3567//7403 3566//7403 
f 3566//7404 3567//7404 3568//7404 
f 3567//7405 3569//7405 3568//7405 
f 3568//7406 3569//7406 3570//7406 
f 3569//7407 3571//7407 3570//7407 
f 3570//7408 3571//7408 3572//7408 
f 3571//7409 3573//7409 3572//7409 
f 3572//7410 3573//7410 3574//7410 
f 3574//7411 3575//7411 3576//7411 
f 3573//7412 3575//7412 3574//7412 
f 3576//7413 3577//7413 3578//7413 
f 3578//7414 3577//7414 3579//7414 
f 3575//7415 3577//7415 3576//7415 
f 3577//7416 3580//7416 3579//7416 
f 3579//7417 3581//7417 3582//7417 
f 3580//7418 3581//7418 3579//7418 
f 3582//7419 3583//7419 3584//7419 
f 3581//7420 3583//7420 3582//7420 
f 3584//7421 3585//7421 3586//7421 
f 3586//7422 3585//7422 3587//7422 
f 3583//7423 3585//7423 3584//7423 
f 3585//7424 3588//7424 3587//7424 
f 3587//7425 3589//7425 3590//7425 
f 3588//7426 3589//7426 3587//7426 
f 3590//7427 3591//7427 3592//7427 
f 3592//7428 3591//7428 3593//7428 
f 3589//7429 3591//7429 3590//7429 
f 3593//7430 3594//7430 3413//7430 
f 3591//7431 3594//7431 3593//7431 
f 3594//7432 3411//7432 3413//7432 
f 3595//7433 3596//7433 3597//7433 
f 3598//7434 3595//7434 3597//7434 
f 3596//7435 3599//7435 3600//7435 
f 3597//7436 3596//7436 3600//7436 
f 3600//7437 3599//7437 3601//7437 
f 3600//7438 3601//7438 3602//7438 
f 3601//7439 3603//7439 3604//7439 
f 3602//7440 3601//7440 3604//7440 
f 3605//7441 3603//7441 3606//7441 
f 3605//7442 3604//7442 3603//7442 
f 3607//7443 3606//7443 3608//7443 
f 3607//7444 3605//7444 3606//7444 
f 3609//7445 3608//7445 3610//7445 
f 3609//7446 3607//7446 3608//7446 
f 3611//7447 3610//7447 3612//7447 
f 3611//7448 3609//7448 3610//7448 
f 3613//7449 3612//7449 3614//7449 
f 3613//7450 3611//7450 3612//7450 
f 3615//7451 3614//7451 3616//7451 
f 3615//7452 3613//7452 3614//7452 
f 3617//7453 3616//7453 3618//7453 
f 3617//7454 3615//7454 3616//7454 
f 3619//7455 3617//7455 3618//7455 
f 3619//7456 3618//7456 3620//7456 
f 3621//7457 3619//7457 3620//7457 
f 3621//7458 3620//7458 3622//7458 
f 3623//7459 3621//7459 3622//7459 
f 3623//7460 3622//7460 3624//7460 
f 3625//7461 3623//7461 3624//7461 
f 3625//7462 3624//7462 3626//7462 
f 3627//7463 3625//7463 3626//7463 
f 3627//7464 3626//7464 3628//7464 
f 3629//7465 3628//7465 3630//7465 
f 3629//7466 3627//7466 3628//7466 
f 3631//7467 3629//7467 3630//7467 
f 3631//7468 3630//7468 3632//7468 
f 3633//7469 3632//7469 3634//7469 
f 3633//7470 3631//7470 3632//7470 
f 3635//7471 3634//7471 3636//7471 
f 3635//7472 3633//7472 3634//7472 
f 3637//7473 3636//7473 3638//7473 
f 3637//7474 3635//7474 3636//7474 
f 3639//7475 3638//7475 3640//7475 
f 3639//7476 3637//7476 3638//7476 
f 3641//7477 3640//7477 3642//7477 
f 3641//7478 3639//7478 3640//7478 
f 3643//7479 3642//7479 3644//7479 
f 3643//7480 3641//7480 3642//7480 
f 3645//7481 3644//7481 3646//7481 
f 3645//7482 3643//7482 3644//7482 
f 3647//7483 3646//7483 3648//7483 
f 3647//7484 3645//7484 3646//7484 
f 3649//7485 3648//7485 3650//7485 
f 3649//7486 3647//7486 3648//7486 
f 3651//7487 3650//7487 3652//7487 
f 3651//7488 3649//7488 3650//7488 
f 3653//7489 3652//7489 3654//7489 
f 3653//7490 3651//7490 3652//7490 
f 3655//7491 3654//7491 3656//7491 
f 3655//7492 3653//7492 3654//7492 
f 3657//7493 3656//7493 3658//7493 
f 3657//7494 3655//7494 3656//7494 
f 3659//7495 3658//7495 3660//7495 
f 3659//7496 3657//7496 3658//7496 
f 3661//7497 3660//7497 3662//7497 
f 3661//7498 3659//7498 3660//7498 
f 3663//7499 3662//7499 3664//7499 
f 3663//7500 3661//7500 3662//7500 
f 3665//7501 3664//7501 3666//7501 
f 3665//7502 3663//7502 3664//7502 
f 3598//7503 3666//7503 3595//7503 
f 3598//7504 3665//7504 3666//7504 
f 3479//7505 3648//7505 3646//7505 
f 3481//7506 3646//7506 3644//7506 
f 3481//7507 3644//7507 3642//7507 
f 3481//7508 3479//7508 3646//7508 
f 3477//7509 3652//7509 3650//7509 
f 3477//7510 3650//7510 3648//7510 
f 3477//7511 3648//7511 3479//7511 
f 3483//7512 3642//7512 3640//7512 
f 3483//7513 3481//7513 3642//7513 
f 3475//7514 3654//7514 3652//7514 
f 3475//7515 3652//7515 3477//7515 
f 3485//7516 3483//7516 3640//7516 
f 3485//7517 3640//7517 3638//7517 
f 3473//7518 3658//7518 3656//7518 
f 3473//7519 3656//7519 3654//7519 
f 3473//7520 3654//7520 3475//7520 
f 3487//7521 3638//7521 3636//7521 
f 3487//7522 3636//7522 3634//7522 
f 3487//7523 3485//7523 3638//7523 
f 3471//7524 3660//7524 3658//7524 
f 3471//7525 3658//7525 3473//7525 
f 3489//7526 3634//7526 3632//7526 
f 3489//7527 3487//7527 3634//7527 
f 3469//7528 3664//7528 3662//7528 
f 3469//7529 3662//7529 3660//7529 
f 3469//7530 3660//7530 3471//7530 
f 3491//7531 3489//7531 3632//7531 
f 3491//7532 3632//7532 3630//7532 
f 3491//7533 3630//7533 3628//7533 
f 3467//7534 3666//7534 3664//7534 
f 3467//7535 3664//7535 3469//7535 
f 3493//7536 3628//7536 3626//7536 
f 3493//7537 3491//7537 3628//7537 
f 3465//7538 3595//7538 3666//7538 
f 3465//7539 3666//7539 3467//7539 
f 3495//7540 3493//7540 3626//7540 
f 3495//7541 3626//7541 3624//7541 
f 3495//7542 3624//7542 3622//7542 
f 3463//7543 3595//7543 3465//7543 
f 3497//7544 3622//7544 3620//7544 
f 3497//7545 3495//7545 3622//7545 
f 3461//7546 3595//7546 3463//7546 
f 3499//7547 3620//7547 3618//7547 
f 3499//7548 3618//7548 3616//7548 
f 3499//7549 3497//7549 3620//7549 
f 3459//7550 3595//7550 3461//7550 
f 3501//7551 3616//7551 3614//7551 
f 3501//7552 3499//7552 3616//7552 
f 3457//7553 3595//7553 3459//7553 
f 3503//7554 3614//7554 3612//7554 
f 3503//7555 3612//7555 3610//7555 
f 3503//7556 3501//7556 3614//7556 
f 3505//7557 3610//7557 3608//7557 
f 3505//7558 3503//7558 3610//7558 
f 3455//7559 3595//7559 3457//7559 
f 3507//7560 3505//7560 3608//7560 
f 3507//7561 3608//7561 3606//7561 
f 3507//7562 3606//7562 3603//7562 
f 3453//7563 3595//7563 3455//7563 
f 3509//7564 3507//7564 3603//7564 
f 3451//7565 3595//7565 3453//7565 
f 3511//7566 3509//7566 3603//7566 
f 3449//7567 3595//7567 3451//7567 
f 3513//7568 3511//7568 3603//7568 
f 3447//7569 3595//7569 3449//7569 
f 3515//7570 3513//7570 3603//7570 
f 3445//7571 3595//7571 3447//7571 
f 3517//7572 3515//7572 3603//7572 
f 3443//7573 3595//7573 3445//7573 
f 3519//7574 3517//7574 3603//7574 
f 3521//7575 3519//7575 3603//7575 
f 3523//7576 3521//7576 3603//7576 
f 3525//7577 3523//7577 3603//7577 
f 3527//7578 3525//7578 3603//7578 
f 3529//7579 3527//7579 3603//7579 
f 3531//7580 3529//7580 3603//7580 
f 3533//7581 3531//7581 3603//7581 
f 3596//7582 3443//7582 3441//7582 
f 3596//7583 3441//7583 3439//7583 
f 3596//7584 3439//7584 3437//7584 
f 3596//7585 3437//7585 3435//7585 
f 3596//7586 3435//7586 3433//7586 
f 3596//7587 3433//7587 3431//7587 
f 3596//7588 3431//7588 3429//7588 
f 3596//7589 3429//7589 3427//7589 
f 3596//7590 3427//7590 3425//7590 
f 3596//7591 3425//7591 3423//7591 
f 3596//7592 3423//7592 3421//7592 
f 3596//7593 3421//7593 3419//7593 
f 3596//7594 3419//7594 3417//7594 
f 3596//7595 3417//7595 3415//7595 
f 3596//7596 3415//7596 3412//7596 
f 3596//7597 3412//7597 3411//7597 
f 3596//7598 3411//7598 3594//7598 
f 3596//7599 3594//7599 3591//7599 
f 3596//7600 3591//7600 3589//7600 
f 3596//7601 3589//7601 3588//7601 
f 3596//7602 3588//7602 3585//7602 
f 3596//7603 3585//7603 3583//7603 
f 3596//7604 3595//7604 3443//7604 
f 3601//7605 3533//7605 3603//7605 
f 3601//7606 3559//7606 3557//7606 
f 3601//7607 3557//7607 3555//7607 
f 3601//7608 3555//7608 3553//7608 
f 3601//7609 3553//7609 3551//7609 
f 3601//7610 3551//7610 3549//7610 
f 3601//7611 3549//7611 3547//7611 
f 3601//7612 3547//7612 3545//7612 
f 3601//7613 3545//7613 3543//7613 
f 3601//7614 3543//7614 3541//7614 
f 3601//7615 3541//7615 3539//7615 
f 3601//7616 3539//7616 3537//7616 
f 3601//7617 3537//7617 3535//7617 
f 3601//7618 3535//7618 3533//7618 
f 3599//7619 3559//7619 3601//7619 
f 3599//7620 3583//7620 3581//7620 
f 3599//7621 3581//7621 3580//7621 
f 3599//7622 3580//7622 3577//7622 
f 3599//7623 3577//7623 3575//7623 
f 3599//7624 3575//7624 3573//7624 
f 3599//7625 3573//7625 3571//7625 
f 3599//7626 3571//7626 3569//7626 
f 3599//7627 3569//7627 3567//7627 
f 3599//7628 3567//7628 3565//7628 
f 3599//7629 3565//7629 3563//7629 
f 3599//7630 3563//7630 3562//7630 
f 3599//7631 3562//7631 3559//7631 
f 3599//7632 3596//7632 3583//7632 
f 3526//7633 3528//7633 3604//7633 
f 3524//7634 3526//7634 3604//7634 
f 3530//7635 3604//7635 3528//7635 
f 3522//7636 3524//7636 3604//7636 
f 3532//7637 3604//7637 3530//7637 
f 3520//7638 3522//7638 3604//7638 
f 3534//7639 3602//7639 3604//7639 
f 3534//7640 3604//7640 3532//7640 
f 3518//7641 3520//7641 3604//7641 
f 3536//7642 3602//7642 3534//7642 
f 3516//7643 3518//7643 3604//7643 
f 3538//7644 3602//7644 3536//7644 
f 3514//7645 3516//7645 3604//7645 
f 3540//7646 3602//7646 3538//7646 
f 3512//7647 3514//7647 3604//7647 
f 3542//7648 3602//7648 3540//7648 
f 3510//7649 3512//7649 3604//7649 
f 3544//7650 3602//7650 3542//7650 
f 3508//7651 3604//7651 3605//7651 
f 3508//7652 3605//7652 3607//7652 
f 3508//7653 3510//7653 3604//7653 
f 3546//7654 3602//7654 3544//7654 
f 3506//7655 3607//7655 3609//7655 
f 3506//7656 3508//7656 3607//7656 
f 3548//7657 3602//7657 3546//7657 
f 3504//7658 3609//7658 3611//7658 
f 3504//7659 3611//7659 3613//7659 
f 3504//7660 3506//7660 3609//7660 
f 3550//7661 3602//7661 3548//7661 
f 3502//7662 3613//7662 3615//7662 
f 3502//7663 3504//7663 3613//7663 
f 3552//7664 3602//7664 3550//7664 
f 3500//7665 3502//7665 3615//7665 
f 3500//7666 3615//7666 3617//7666 
f 3500//7667 3617//7667 3619//7667 
f 3554//7668 3602//7668 3552//7668 
f 3498//7669 3619//7669 3621//7669 
f 3498//7670 3500//7670 3619//7670 
f 3556//7671 3602//7671 3554//7671 
f 3496//7672 3498//7672 3621//7672 
f 3496//7673 3621//7673 3623//7673 
f 3496//7674 3623//7674 3625//7674 
f 3558//7675 3602//7675 3556//7675 
f 3494//7676 3625//7676 3627//7676 
f 3494//7677 3496//7677 3625//7677 
f 3560//7678 3600//7678 3602//7678 
f 3560//7679 3602//7679 3558//7679 
f 3492//7680 3627//7680 3629//7680 
f 3492//7681 3629//7681 3631//7681 
f 3492//7682 3494//7682 3627//7682 
f 3561//7683 3600//7683 3560//7683 
f 3490//7684 3492//7684 3631//7684 
f 3490//7685 3631//7685 3633//7685 
f 3564//7686 3600//7686 3561//7686 
f 3488//7687 3633//7687 3635//7687 
f 3488//7688 3635//7688 3637//7688 
f 3488//7689 3490//7689 3633//7689 
f 3566//7690 3600//7690 3564//7690 
f 3486//7691 3637//7691 3639//7691 
f 3486//7692 3488//7692 3637//7692 
f 3568//7693 3600//7693 3566//7693 
f 3484//7694 3639//7694 3641//7694 
f 3484//7695 3486//7695 3639//7695 
f 3570//7696 3600//7696 3568//7696 
f 3482//7697 3641//7697 3643//7697 
f 3482//7698 3484//7698 3641//7698 
f 3572//7699 3600//7699 3570//7699 
f 3645//7700 3482//7700 3643//7700 
f 3480//7701 3482//7701 3645//7701 
f 3574//7702 3600//7702 3572//7702 
f 3647//7703 3480//7703 3645//7703 
f 3478//7704 3480//7704 3647//7704 
f 3576//7705 3600//7705 3574//7705 
f 3578//7706 3600//7706 3576//7706 
f 3649//7707 3478//7707 3647//7707 
f 3579//7708 3600//7708 3578//7708 
f 3651//7709 3476//7709 3478//7709 
f 3651//7710 3478//7710 3649//7710 
f 3582//7711 3600//7711 3579//7711 
f 3584//7712 3600//7712 3582//7712 
f 3653//7713 3474//7713 3476//7713 
f 3653//7714 3476//7714 3651//7714 
f 3655//7715 3474//7715 3653//7715 
f 3657//7716 3472//7716 3474//7716 
f 3657//7717 3474//7717 3655//7717 
f 3659//7718 3472//7718 3657//7718 
f 3659//7719 3470//7719 3472//7719 
f 3661//7720 3470//7720 3659//7720 
f 3663//7721 3470//7721 3661//7721 
f 3663//7722 3468//7722 3470//7722 
f 3665//7723 3468//7723 3663//7723 
f 3665//7724 3466//7724 3468//7724 
f 3598//7725 3444//7725 3446//7725 
f 3598//7726 3446//7726 3448//7726 
f 3598//7727 3448//7727 3450//7727 
f 3598//7728 3450//7728 3452//7728 
f 3598//7729 3452//7729 3454//7729 
f 3598//7730 3454//7730 3456//7730 
f 3598//7731 3456//7731 3458//7731 
f 3598//7732 3458//7732 3460//7732 
f 3598//7733 3460//7733 3462//7733 
f 3598//7734 3462//7734 3464//7734 
f 3598//7735 3464//7735 3466//7735 
f 3598//7736 3466//7736 3665//7736 
f 3597//7737 3584//7737 3586//7737 
f 3597//7738 3586//7738 3587//7738 
f 3597//7739 3587//7739 3590//7739 
f 3597//7740 3590//7740 3592//7740 
f 3597//7741 3444//7741 3598//7741 
f 3597//7742 3592//7742 3593//7742 
f 3597//7743 3593//7743 3413//7743 
f 3597//7744 3413//7744 3414//7744 
f 3597//7745 3414//7745 3416//7745 
f 3597//7746 3416//7746 3418//7746 
f 3597//7747 3418//7747 3420//7747 
f 3597//7748 3420//7748 3422//7748 
f 3597//7749 3422//7749 3424//7749 
f 3597//7750 3424//7750 3426//7750 
f 3597//7751 3426//7751 3428//7751 
f 3597//7752 3428//7752 3430//7752 
f 3597//7753 3430//7753 3432//7753 
f 3597//7754 3432//7754 3434//7754 
f 3597//7755 3434//7755 3436//7755 
f 3597//7756 3436//7756 3438//7756 
f 3597//7757 3438//7757 3440//7757 
f 3597//7758 3440//7758 3442//7758 
f 3597//7759 3442//7759 3444//7759 
f 3597//7760 3600//7760 3584//7760 
f 3667//7761 3668//7761 3669//7761 
f 3669//7762 3668//7762 3670//7762 
f 3670//7763 3671//7763 3672//7763 
f 3668//7764 3671//7764 3670//7764 
f 3672//7765 3673//7765 3674//7765 
f 3671//7766 3673//7766 3672//7766 
f 3674//7767 3675//7767 3676//7767 
f 3673//7768 3675//7768 3674//7768 
f 3676//7769 3677//7769 3678//7769 
f 3675//7770 3677//7770 3676//7770 
f 3678//7771 3679//7771 3680//7771 
f 3677//7772 3679//7772 3678//7772 
f 3680//7773 3681//7773 3682//7773 
f 3679//7774 3681//7774 3680//7774 
f 3682//7775 3683//7775 3684//7775 
f 3681//7776 3683//7776 3682//7776 
f 3684//7777 3685//7777 3686//7777 
f 3683//7778 3685//7778 3684//7778 
f 3686//7779 3687//7779 3688//7779 
f 3685//7780 3687//7780 3686//7780 
f 3688//7781 3689//7781 3690//7781 
f 3687//7782 3689//7782 3688//7782 
f 3690//7783 3691//7783 3692//7783 
f 3689//7784 3691//7784 3690//7784 
f 3692//7785 3693//7785 3694//7785 
f 3691//7786 3693//7786 3692//7786 
f 3694//7787 3695//7787 3696//7787 
f 3693//7788 3695//7788 3694//7788 
f 3696//7789 3697//7789 3698//7789 
f 3695//7790 3697//7790 3696//7790 
f 3698//7791 3699//7791 3700//7791 
f 3697//7792 3699//7792 3698//7792 
f 3700//7793 3701//7793 3702//7793 
f 3699//7794 3701//7794 3700//7794 
f 3702//7795 3703//7795 3704//7795 
f 3701//7796 3703//7796 3702//7796 
f 3704//7797 3705//7797 3706//7797 
f 3703//7798 3705//7798 3704//7798 
f 3706//7799 3707//7799 3708//7799 
f 3705//7800 3707//7800 3706//7800 
f 3708//7801 3709//7801 3710//7801 
f 3707//7802 3709//7802 3708//7802 
f 3710//7803 3711//7803 3712//7803 
f 3709//7804 3711//7804 3710//7804 
f 3712//7805 3713//7805 3714//7805 
f 3711//7806 3713//7806 3712//7806 
f 3714//7807 3715//7807 3716//7807 
f 3713//7808 3715//7808 3714//7808 
f 3716//7809 3717//7809 3718//7809 
f 3715//7810 3717//7810 3716//7810 
f 3718//7811 3719//7811 3720//7811 
f 3717//7812 3719//7812 3718//7812 
f 3719//7813 3721//7813 3720//7813 
f 3720//7814 3721//7814 3722//7814 
f 3721//7815 3723//7815 3722//7815 
f 3722//7816 3723//7816 3724//7816 
f 3723//7817 3725//7817 3724//7817 
f 3724//7818 3725//7818 3726//7818 
f 3725//7819 3727//7819 3726//7819 
f 3726//7820 3727//7820 3728//7820 
f 3727//7821 3729//7821 3728//7821 
f 3728//7822 3729//7822 3730//7822 
f 3729//7823 3731//7823 3730//7823 
f 3730//7824 3731//7824 3732//7824 
f 3731//7825 3733//7825 3732//7825 
f 3732//7826 3733//7826 3734//7826 
f 3733//7827 3735//7827 3734//7827 
f 3734//7828 3735//7828 3736//7828 
f 3735//7829 3737//7829 3736//7829 
f 3736//7830 3737//7830 3738//7830 
f 3738//7831 3739//7831 3740//7831 
f 3737//7832 3739//7832 3738//7832 
f 3740//7833 3741//7833 3742//7833 
f 3739//7834 3741//7834 3740//7834 
f 3742//7835 3743//7835 3744//7835 
f 3741//7836 3743//7836 3742//7836 
f 3744//7837 3745//7837 3746//7837 
f 3743//7838 3745//7838 3744//7838 
f 3746//7839 3747//7839 3748//7839 
f 3745//7840 3747//7840 3746//7840 
f 3748//7841 3749//7841 3750//7841 
f 3747//7842 3749//7842 3748//7842 
f 3750//7843 3751//7843 3752//7843 
f 3749//7844 3751//7844 3750//7844 
f 3752//7845 3753//7845 3754//7845 
f 3751//7846 3753//7846 3752//7846 
f 3754//7847 3755//7847 3756//7847 
f 3753//7848 3755//7848 3754//7848 
f 3756//7849 3757//7849 3758//7849 
f 3755//7850 3757//7850 3756//7850 
f 3758//7851 3759//7851 3760//7851 
f 3757//7852 3759//7852 3758//7852 
f 3759//7853 3761//7853 3760//7853 
f 3760//7854 3761//7854 3762//7854 
f 3762//7855 3763//7855 3764//7855 
f 3761//7856 3763//7856 3762//7856 
f 3764//7857 3765//7857 3766//7857 
f 3763//7858 3765//7858 3764//7858 
f 3766//7859 3767//7859 3768//7859 
f 3765//7860 3767//7860 3766//7860 
f 3768//7861 3769//7861 3770//7861 
f 3767//7862 3769//7862 3768//7862 
f 3770//7863 3771//7863 3772//7863 
f 3769//7864 3771//7864 3770//7864 
f 3772//7865 3773//7865 3774//7865 
f 3771//7866 3773//7866 3772//7866 
f 3774//7867 3775//7867 3776//7867 
f 3773//7868 3775//7868 3774//7868 
f 3776//7869 3777//7869 3778//7869 
f 3775//7870 3777//7870 3776//7870 
f 3778//7871 3779//7871 3780//7871 
f 3777//7872 3779//7872 3778//7872 
f 3780//7873 3781//7873 3782//7873 
f 3779//7874 3781//7874 3780//7874 
f 3782//7875 3783//7875 3784//7875 
f 3781//7876 3783//7876 3782//7876 
f 3784//7877 3785//7877 3786//7877 
f 3783//7878 3785//7878 3784//7878 
f 3786//7879 3787//7879 3788//7879 
f 3785//7880 3787//7880 3786//7880 
f 3788//7881 3789//7881 3790//7881 
f 3787//7882 3789//7882 3788//7882 
f 3790//7883 3791//7883 3792//7883 
f 3789//7884 3791//7884 3790//7884 
f 3792//7885 3793//7885 3794//7885 
f 3791//7886 3793//7886 3792//7886 
f 3794//7887 3795//7887 3796//7887 
f 3793//7888 3795//7888 3794//7888 
f 3796//7889 3797//7889 3798//7889 
f 3795//7890 3797//7890 3796//7890 
f 3798//7891 3799//7891 3800//7891 
f 3797//7892 3799//7892 3798//7892 
f 3800//7893 3801//7893 3802//7893 
f 3799//7894 3801//7894 3800//7894 
f 3802//7895 3803//7895 3804//7895 
f 3801//7896 3803//7896 3802//7896 
f 3804//7897 3805//7897 3806//7897 
f 3803//7898 3805//7898 3804//7898 
f 3806//7899 3807//7899 3808//7899 
f 3805//7900 3807//7900 3806//7900 
f 3808//7901 3809//7901 3810//7901 
f 3807//7902 3809//7902 3808//7902 
f 3810//7903 3811//7903 3812//7903 
f 3809//7904 3811//7904 3810//7904 
f 3811//7905 3813//7905 3812//7905 
f 3812//7906 3813//7906 3814//7906 
f 3813//7907 3815//7907 3814//7907 
f 3814//7908 3815//7908 3816//7908 
f 3816//7909 3815//7909 3817//7909 
f 3815//7910 3818//7910 3817//7910 
f 3818//7911 3819//7911 3817//7911 
f 3817//7912 3819//7912 3820//7912 
f 3819//7913 3821//7913 3820//7913 
f 3820//7914 3821//7914 3822//7914 
f 3821//7915 3823//7915 3822//7915 
f 3822//7916 3823//7916 3824//7916 
f 3823//7917 3825//7917 3824//7917 
f 3824//7918 3825//7918 3826//7918 
f 3825//7919 3827//7919 3826//7919 
f 3826//7920 3827//7920 3828//7920 
f 3827//7921 3829//7921 3828//7921 
f 3828//7922 3829//7922 3830//7922 
f 3830//7923 3831//7923 3832//7923 
f 3829//7924 3831//7924 3830//7924 
f 3832//7925 3833//7925 3834//7925 
f 3834//7926 3833//7926 3835//7926 
f 3831//7927 3833//7927 3832//7927 
f 3833//7928 3836//7928 3835//7928 
f 3835//7929 3837//7929 3838//7929 
f 3836//7930 3837//7930 3835//7930 
f 3838//7931 3839//7931 3840//7931 
f 3837//7932 3839//7932 3838//7932 
f 3840//7933 3841//7933 3842//7933 
f 3842//7934 3841//7934 3843//7934 
f 3839//7935 3841//7935 3840//7935 
f 3841//7936 3844//7936 3843//7936 
f 3843//7937 3845//7937 3846//7937 
f 3844//7938 3845//7938 3843//7938 
f 3846//7939 3847//7939 3848//7939 
f 3848//7940 3847//7940 3849//7940 
f 3845//7941 3847//7941 3846//7941 
f 3849//7942 3850//7942 3669//7942 
f 3847//7943 3850//7943 3849//7943 
f 3850//7944 3667//7944 3669//7944 
f 3851//7945 3852//7945 3853//7945 
f 3854//7946 3851//7946 3853//7946 
f 3852//7947 3855//7947 3856//7947 
f 3853//7948 3852//7948 3856//7948 
f 3856//7949 3855//7949 3857//7949 
f 3856//7950 3857//7950 3858//7950 
f 3857//7951 3859//7951 3860//7951 
f 3858//7952 3857//7952 3860//7952 
f 3861//7953 3859//7953 3862//7953 
f 3861//7954 3860//7954 3859//7954 
f 3863//7955 3862//7955 3864//7955 
f 3863//7956 3861//7956 3862//7956 
f 3865//7957 3864//7957 3866//7957 
f 3865//7958 3863//7958 3864//7958 
f 3867//7959 3866//7959 3868//7959 
f 3867//7960 3865//7960 3866//7960 
f 3869//7961 3868//7961 3870//7961 
f 3869//7962 3867//7962 3868//7962 
f 3871//7963 3870//7963 3872//7963 
f 3871//7964 3869//7964 3870//7964 
f 3873//7965 3872//7965 3874//7965 
f 3873//7966 3871//7966 3872//7966 
f 3875//7967 3873//7967 3874//7967 
f 3875//7968 3874//7968 3876//7968 
f 3877//7969 3875//7969 3876//7969 
f 3877//7970 3876//7970 3878//7970 
f 3879//7971 3877//7971 3878//7971 
f 3879//7972 3878//7972 3880//7972 
f 3881//7973 3879//7973 3880//7973 
f 3881//7974 3880//7974 3882//7974 
f 3883//7975 3881//7975 3882//7975 
f 3883//7976 3882//7976 3884//7976 
f 3885//7977 3884//7977 3886//7977 
f 3885//7978 3883//7978 3884//7978 
f 3887//7979 3885//7979 3886//7979 
f 3887//7980 3886//7980 3888//7980 
f 3889//7981 3888//7981 3890//7981 
f 3889//7982 3887//7982 3888//7982 
f 3891//7983 3890//7983 3892//7983 
f 3891//7984 3889//7984 3890//7984 
f 3893//7985 3892//7985 3894//7985 
f 3893//7986 3891//7986 3892//7986 
f 3895//7987 3894//7987 3896//7987 
f 3895//7988 3893//7988 3894//7988 
f 3897//7989 3896//7989 3898//7989 
f 3897//7990 3895//7990 3896//7990 
f 3899//7991 3898//7991 3900//7991 
f 3899//7992 3897//7992 3898//7992 
f 3901//7993 3900//7993 3902//7993 
f 3901//7994 3899//7994 3900//7994 
f 3903//7995 3902//7995 3904//7995 
f 3903//7996 3901//7996 3902//7996 
f 3905//7997 3904//7997 3906//7997 
f 3905//7998 3903//7998 3904//7998 
f 3907//7999 3906//7999 3908//7999 
f 3907//8000 3905//8000 3906//8000 
f 3909//8001 3908//8001 3910//8001 
f 3909//8002 3907//8002 3908//8002 
f 3911//8003 3910//8003 3912//8003 
f 3911//8004 3909//8004 3910//8004 
f 3913//8005 3912//8005 3914//8005 
f 3913//8006 3911//8006 3912//8006 
f 3915//8007 3914//8007 3916//8007 
f 3915//8008 3913//8008 3914//8008 
f 3917//8009 3916//8009 3918//8009 
f 3917//8010 3915//8010 3916//8010 
f 3919//8011 3918//8011 3920//8011 
f 3919//8012 3917//8012 3918//8012 
f 3921//8013 3920//8013 3922//8013 
f 3921//8014 3919//8014 3920//8014 
f 3854//8015 3922//8015 3851//8015 
f 3854//8016 3921//8016 3922//8016 
f 3735//8017 3904//8017 3902//8017 
f 3737//8018 3902//8018 3900//8018 
f 3737//8019 3900//8019 3898//8019 
f 3737//8020 3735//8020 3902//8020 
f 3733//8021 3908//8021 3906//8021 
f 3733//8022 3906//8022 3904//8022 
f 3733//8023 3904//8023 3735//8023 
f 3739//8024 3898//8024 3896//8024 
f 3739//8025 3737//8025 3898//8025 
f 3731//8026 3910//8026 3908//8026 
f 3731//8027 3908//8027 3733//8027 
f 3741//8028 3739//8028 3896//8028 
f 3741//8029 3896//8029 3894//8029 
f 3729//8030 3914//8030 3912//8030 
f 3729//8031 3912//8031 3910//8031 
f 3729//8032 3910//8032 3731//8032 
f 3743//8033 3894//8033 3892//8033 
f 3743//8034 3892//8034 3890//8034 
f 3743//8035 3741//8035 3894//8035 
f 3727//8036 3916//8036 3914//8036 
f 3727//8037 3914//8037 3729//8037 
f 3745//8038 3890//8038 3888//8038 
f 3745//8039 3743//8039 3890//8039 
f 3725//8040 3920//8040 3918//8040 
f 3725//8041 3918//8041 3916//8041 
f 3725//8042 3916//8042 3727//8042 
f 3747//8043 3745//8043 3888//8043 
f 3747//8044 3888//8044 3886//8044 
f 3747//8045 3886//8045 3884//8045 
f 3723//8046 3922//8046 3920//8046 
f 3723//8047 3920//8047 3725//8047 
f 3749//8048 3884//8048 3882//8048 
f 3749//8049 3747//8049 3884//8049 
f 3721//8050 3851//8050 3922//8050 
f 3721//8051 3922//8051 3723//8051 
f 3751//8052 3749//8052 3882//8052 
f 3751//8053 3882//8053 3880//8053 
f 3751//8054 3880//8054 3878//8054 
f 3719//8055 3851//8055 3721//8055 
f 3753//8056 3878//8056 3876//8056 
f 3753//8057 3751//8057 3878//8057 
f 3717//8058 3851//8058 3719//8058 
f 3755//8059 3876//8059 3874//8059 
f 3755//8060 3874//8060 3872//8060 
f 3755//8061 3753//8061 3876//8061 
f 3715//8062 3851//8062 3717//8062 
f 3757//8063 3872//8063 3870//8063 
f 3757//8064 3755//8064 3872//8064 
f 3713//8065 3851//8065 3715//8065 
f 3759//8066 3870//8066 3868//8066 
f 3759//8067 3868//8067 3866//8067 
f 3759//8068 3757//8068 3870//8068 
f 3761//8069 3866//8069 3864//8069 
f 3761//8070 3759//8070 3866//8070 
f 3711//8071 3851//8071 3713//8071 
f 3763//8072 3761//8072 3864//8072 
f 3763//8073 3864//8073 3862//8073 
f 3763//8074 3862//8074 3859//8074 
f 3709//8075 3851//8075 3711//8075 
f 3765//8076 3763//8076 3859//8076 
f 3707//8077 3851//8077 3709//8077 
f 3767//8078 3765//8078 3859//8078 
f 3705//8079 3851//8079 3707//8079 
f 3769//8080 3767//8080 3859//8080 
f 3703//8081 3851//8081 3705//8081 
f 3771//8082 3769//8082 3859//8082 
f 3701//8083 3851//8083 3703//8083 
f 3773//8084 3771//8084 3859//8084 
f 3699//8085 3851//8085 3701//8085 
f 3775//8086 3773//8086 3859//8086 
f 3777//8087 3775//8087 3859//8087 
f 3779//8088 3777//8088 3859//8088 
f 3781//8089 3779//8089 3859//8089 
f 3783//8090 3781//8090 3859//8090 
f 3785//8091 3783//8091 3859//8091 
f 3787//8092 3785//8092 3859//8092 
f 3789//8093 3787//8093 3859//8093 
f 3852//8094 3699//8094 3697//8094 
f 3852//8095 3697//8095 3695//8095 
f 3852//8096 3695//8096 3693//8096 
f 3852//8097 3693//8097 3691//8097 
f 3852//8098 3691//8098 3689//8098 
f 3852//8099 3689//8099 3687//8099 
f 3852//8100 3687//8100 3685//8100 
f 3852//8101 3685//8101 3683//8101 
f 3852//8102 3683//8102 3681//8102 
f 3852//8103 3681//8103 3679//8103 
f 3852//8104 3679//8104 3677//8104 
f 3852//8105 3677//8105 3675//8105 
f 3852//8106 3675//8106 3673//8106 
f 3852//8107 3673//8107 3671//8107 
f 3852//8108 3671//8108 3668//8108 
f 3852//8109 3668//8109 3667//8109 
f 3852//8110 3667//8110 3850//8110 
f 3852//8111 3850//8111 3847//8111 
f 3852//8112 3847//8112 3845//8112 
f 3852//8113 3845//8113 3844//8113 
f 3852//8114 3844//8114 3841//8114 
f 3852//8115 3841//8115 3839//8115 
f 3852//8116 3851//8116 3699//8116 
f 3857//8117 3789//8117 3859//8117 
f 3857//8118 3815//8118 3813//8118 
f 3857//8119 3813//8119 3811//8119 
f 3857//8120 3811//8120 3809//8120 
f 3857//8121 3809//8121 3807//8121 
f 3857//8122 3807//8122 3805//8122 
f 3857//8123 3805//8123 3803//8123 
f 3857//8124 3803//8124 3801//8124 
f 3857//8125 3801//8125 3799//8125 
f 3857//8126 3799//8126 3797//8126 
f 3857//8127 3797//8127 3795//8127 
f 3857//8128 3795//8128 3793//8128 
f 3857//8129 3793//8129 3791//8129 
f 3857//8130 3791//8130 3789//8130 
f 3855//8131 3815//8131 3857//8131 
f 3855//8132 3839//8132 3837//8132 
f 3855//8133 3837//8133 3836//8133 
f 3855//8134 3836//8134 3833//8134 
f 3855//8135 3833//8135 3831//8135 
f 3855//8136 3831//8136 3829//8136 
f 3855//8137 3829//8137 3827//8137 
f 3855//8138 3827//8138 3825//8138 
f 3855//8139 3825//8139 3823//8139 
f 3855//8140 3823//8140 3821//8140 
f 3855//8141 3821//8141 3819//8141 
f 3855//8142 3819//8142 3818//8142 
f 3855//8143 3818//8143 3815//8143 
f 3855//8144 3852//8144 3839//8144 
f 3782//8145 3784//8145 3860//8145 
f 3780//8146 3782//8146 3860//8146 
f 3786//8147 3860//8147 3784//8147 
f 3778//8148 3780//8148 3860//8148 
f 3788//8149 3860//8149 3786//8149 
f 3776//8150 3778//8150 3860//8150 
f 3790//8151 3858//8151 3860//8151 
f 3790//8152 3860//8152 3788//8152 
f 3774//8153 3776//8153 3860//8153 
f 3792//8154 3858//8154 3790//8154 
f 3772//8155 3774//8155 3860//8155 
f 3794//8156 3858//8156 3792//8156 
f 3770//8157 3772//8157 3860//8157 
f 3796//8158 3858//8158 3794//8158 
f 3768//8159 3770//8159 3860//8159 
f 3798//8160 3858//8160 3796//8160 
f 3766//8161 3768//8161 3860//8161 
f 3800//8162 3858//8162 3798//8162 
f 3764//8163 3860//8163 3861//8163 
f 3764//8164 3861//8164 3863//8164 
f 3764//8165 3766//8165 3860//8165 
f 3802//8166 3858//8166 3800//8166 
f 3762//8167 3863//8167 3865//8167 
f 3762//8168 3764//8168 3863//8168 
f 3804//8169 3858//8169 3802//8169 
f 3760//8170 3865//8170 3867//8170 
f 3760//8171 3867//8171 3869//8171 
f 3760//8172 3762//8172 3865//8172 
f 3806//8173 3858//8173 3804//8173 
f 3758//8174 3869//8174 3871//8174 
f 3758//8175 3760//8175 3869//8175 
f 3808//8176 3858//8176 3806//8176 
f 3756//8177 3758//8177 3871//8177 
f 3756//8178 3871//8178 3873//8178 
f 3756//8179 3873//8179 3875//8179 
f 3810//8180 3858//8180 3808//8180 
f 3754//8181 3875//8181 3877//8181 
f 3754//8182 3756//8182 3875//8182 
f 3812//8183 3858//8183 3810//8183 
f 3752//8184 3754//8184 3877//8184 
f 3752//8185 3877//8185 3879//8185 
f 3752//8186 3879//8186 3881//8186 
f 3814//8187 3858//8187 3812//8187 
f 3750//8188 3881//8188 3883//8188 
f 3750//8189 3752//8189 3881//8189 
f 3816//8190 3856//8190 3858//8190 
f 3816//8191 3858//8191 3814//8191 
f 3748//8192 3883//8192 3885//8192 
f 3748//8193 3885//8193 3887//8193 
f 3748//8194 3750//8194 3883//8194 
f 3817//8195 3856//8195 3816//8195 
f 3746//8196 3748//8196 3887//8196 
f 3746//8197 3887//8197 3889//8197 
f 3820//8198 3856//8198 3817//8198 
f 3744//8199 3889//8199 3891//8199 
f 3744//8200 3891//8200 3893//8200 
f 3744//8201 3746//8201 3889//8201 
f 3822//8202 3856//8202 3820//8202 
f 3742//8203 3893//8203 3895//8203 
f 3742//8204 3744//8204 3893//8204 
f 3824//8205 3856//8205 3822//8205 
f 3740//8206 3895//8206 3897//8206 
f 3740//8207 3742//8207 3895//8207 
f 3826//8208 3856//8208 3824//8208 
f 3738//8209 3897//8209 3899//8209 
f 3738//8210 3740//8210 3897//8210 
f 3828//8211 3856//8211 3826//8211 
f 3901//8212 3738//8212 3899//8212 
f 3736//8213 3738//8213 3901//8213 
f 3830//8214 3856//8214 3828//8214 
f 3903//8215 3736//8215 3901//8215 
f 3734//8216 3736//8216 3903//8216 
f 3832//8217 3856//8217 3830//8217 
f 3834//8218 3856//8218 3832//8218 
f 3905//8219 3734//8219 3903//8219 
f 3835//8220 3856//8220 3834//8220 
f 3907//8221 3732//8221 3734//8221 
f 3907//8222 3734//8222 3905//8222 
f 3838//8223 3856//8223 3835//8223 
f 3840//8224 3856//8224 3838//8224 
f 3909//8225 3730//8225 3732//8225 
f 3909//8226 3732//8226 3907//8226 
f 3911//8227 3730//8227 3909//8227 
f 3913//8228 3728//8228 3730//8228 
f 3913//8229 3730//8229 3911//8229 
f 3915//8230 3728//8230 3913//8230 
f 3915//8231 3726//8231 3728//8231 
f 3917//8232 3726//8232 3915//8232 
f 3919//8233 3726//8233 3917//8233 
f 3919//8234 3724//8234 3726//8234 
f 3921//8235 3724//8235 3919//8235 
f 3921//8236 3722//8236 3724//8236 
f 3854//8237 3700//8237 3702//8237 
f 3854//8238 3702//8238 3704//8238 
f 3854//8239 3704//8239 3706//8239 
f 3854//8240 3706//8240 3708//8240 
f 3854//8241 3708//8241 3710//8241 
f 3854//8242 3710//8242 3712//8242 
f 3854//8243 3712//8243 3714//8243 
f 3854//8244 3714//8244 3716//8244 
f 3854//8245 3716//8245 3718//8245 
f 3854//8246 3718//8246 3720//8246 
f 3854//8247 3720//8247 3722//8247 
f 3854//8248 3722//8248 3921//8248 
f 3853//8249 3840//8249 3842//8249 
f 3853//8250 3842//8250 3843//8250 
f 3853//8251 3843//8251 3846//8251 
f 3853//8252 3846//8252 3848//8252 
f 3853//8253 3700//8253 3854//8253 
f 3853//8254 3848//8254 3849//8254 
f 3853//8255 3849//8255 3669//8255 
f 3853//8256 3669//8256 3670//8256 
f 3853//8257 3670//8257 3672//8257 
f 3853//8258 3672//8258 3674//8258 
f 3853//8259 3674//8259 3676//8259 
f 3853//8260 3676//8260 3678//8260 
f 3853//8261 3678//8261 3680//8261 
f 3853//8262 3680//8262 3682//8262 
f 3853//8263 3682//8263 3684//8263 
f 3853//8264 3684//8264 3686//8264 
f 3853//8265 3686//8265 3688//8265 
f 3853//8266 3688//8266 3690//8266 
f 3853//8267 3690//8267 3692//8267 
f 3853//8268 3692//8268 3694//8268 
f 3853//8269 3694//8269 3696//8269 
f 3853//8270 3696//8270 3698//8270 
f 3853//8271 3698//8271 3700//8271 
f 3853//8272 3856//8272 3840//8272 
f 3923//8273 3924//8273 3925//8273 
f 3925//8274 3924//8274 3926//8274 
f 3926//8275 3927//8275 3928//8275 
f 3924//8276 3927//8276 3926//8276 
f 3928//8277 3929//8277 3930//8277 
f 3927//8278 3929//8278 3928//8278 
f 3930//8279 3931//8279 3932//8279 
f 3929//8280 3931//8280 3930//8280 
f 3932//8281 3933//8281 3934//8281 
f 3931//8282 3933//8282 3932//8282 
f 3934//8283 3935//8283 3936//8283 
f 3933//8284 3935//8284 3934//8284 
f 3936//8285 3937//8285 3938//8285 
f 3935//8286 3937//8286 3936//8286 
f 3938//8287 3939//8287 3940//8287 
f 3937//8288 3939//8288 3938//8288 
f 3940//8289 3941//8289 3942//8289 
f 3939//8290 3941//8290 3940//8290 
f 3942//8291 3943//8291 3944//8291 
f 3941//8292 3943//8292 3942//8292 
f 3944//8293 3945//8293 3946//8293 
f 3943//8294 3945//8294 3944//8294 
f 3946//8295 3947//8295 3948//8295 
f 3945//8296 3947//8296 3946//8296 
f 3948//8297 3949//8297 3950//8297 
f 3947//8298 3949//8298 3948//8298 
f 3950//8299 3951//8299 3952//8299 
f 3949//8300 3951//8300 3950//8300 
f 3952//8301 3953//8301 3954//8301 
f 3951//8302 3953//8302 3952//8302 
f 3954//8303 3955//8303 3956//8303 
f 3953//8304 3955//8304 3954//8304 
f 3956//8305 3957//8305 3958//8305 
f 3955//8306 3957//8306 3956//8306 
f 3958//8307 3959//8307 3960//8307 
f 3957//8308 3959//8308 3958//8308 
f 3960//8309 3961//8309 3962//8309 
f 3959//8310 3961//8310 3960//8310 
f 3962//8311 3963//8311 3964//8311 
f 3961//8312 3963//8312 3962//8312 
f 3964//8313 3965//8313 3966//8313 
f 3963//8314 3965//8314 3964//8314 
f 3966//8315 3967//8315 3968//8315 
f 3965//8316 3967//8316 3966//8316 
f 3968//8317 3969//8317 3970//8317 
f 3967//8318 3969//8318 3968//8318 
f 3970//8319 3971//8319 3972//8319 
f 3969//8320 3971//8320 3970//8320 
f 3972//8321 3973//8321 3974//8321 
f 3971//8322 3973//8322 3972//8322 
f 3974//8323 3975//8323 3976//8323 
f 3973//8324 3975//8324 3974//8324 
f 3975//8325 3977//8325 3976//8325 
f 3976//8326 3977//8326 3978//8326 
f 3977//8327 3979//8327 3978//8327 
f 3978//8328 3979//8328 3980//8328 
f 3980//8329 3979//8329 3981//8329 
f 3979//8330 3982//8330 3981//8330 
f 3982//8331 3983//8331 3981//8331 
f 3981//8332 3983//8332 3984//8332 
f 3983//8333 3985//8333 3984//8333 
f 3984//8334 3985//8334 3986//8334 
f 3985//8335 3987//8335 3986//8335 
f 3986//8336 3987//8336 3988//8336 
f 3987//8337 3989//8337 3988//8337 
f 3988//8338 3989//8338 3990//8338 
f 3989//8339 3991//8339 3990//8339 
f 3990//8340 3991//8340 3992//8340 
f 3991//8341 3993//8341 3992//8341 
f 3992//8342 3993//8342 3994//8342 
f 3994//8343 3995//8343 3996//8343 
f 3993//8344 3995//8344 3994//8344 
f 3996//8345 3997//8345 3998//8345 
f 3998//8346 3997//8346 3999//8346 
f 3995//8347 3997//8347 3996//8347 
f 3997//8348 4000//8348 3999//8348 
f 3999//8349 4001//8349 4002//8349 
f 4000//8350 4001//8350 3999//8350 
f 4002//8351 4003//8351 4004//8351 
f 4001//8352 4003//8352 4002//8352 
f 4004//8353 4005//8353 4006//8353 
f 4006//8354 4005//8354 4007//8354 
f 4003//8355 4005//8355 4004//8355 
f 4005//8356 4008//8356 4007//8356 
f 4007//8357 4009//8357 4010//8357 
f 4008//8358 4009//8358 4007//8358 
f 4010//8359 4011//8359 4012//8359 
f 4012//8360 4011//8360 4013//8360 
f 4009//8361 4011//8361 4010//8361 
f 4013//8362 4014//8362 4015//8362 
f 4011//8363 4014//8363 4013//8363 
f 4014//8364 4016//8364 4015//8364 
f 4016//8365 4017//8365 4015//8365 
f 4015//8366 4017//8366 4018//8366 
f 4018//8367 4019//8367 4020//8367 
f 4017//8368 4019//8368 4018//8368 
f 4020//8369 4021//8369 4022//8369 
f 4019//8370 4021//8370 4020//8370 
f 4022//8371 4023//8371 4024//8371 
f 4021//8372 4023//8372 4022//8372 
f 4024//8373 4025//8373 4026//8373 
f 4023//8374 4025//8374 4024//8374 
f 4026//8375 4027//8375 4028//8375 
f 4025//8376 4027//8376 4026//8376 
f 4028//8377 4029//8377 4030//8377 
f 4027//8378 4029//8378 4028//8378 
f 4030//8379 4031//8379 4032//8379 
f 4029//8380 4031//8380 4030//8380 
f 4032//8381 4033//8381 4034//8381 
f 4031//8382 4033//8382 4032//8382 
f 4034//8383 4035//8383 4036//8383 
f 4033//8384 4035//8384 4034//8384 
f 4036//8385 4037//8385 4038//8385 
f 4035//8386 4037//8386 4036//8386 
f 4038//8387 4039//8387 4040//8387 
f 4037//8388 4039//8388 4038//8388 
f 4040//8389 4041//8389 4042//8389 
f 4039//8390 4041//8390 4040//8390 
f 4042//8391 4043//8391 4044//8391 
f 4041//8392 4043//8392 4042//8392 
f 4044//8393 4045//8393 4046//8393 
f 4043//8394 4045//8394 4044//8394 
f 4046//8395 4047//8395 4048//8395 
f 4045//8396 4047//8396 4046//8396 
f 4048//8397 4049//8397 4050//8397 
f 4047//8398 4049//8398 4048//8398 
f 4050//8399 4051//8399 4052//8399 
f 4049//8400 4051//8400 4050//8400 
f 4052//8401 4053//8401 4054//8401 
f 4051//8402 4053//8402 4052//8402 
f 4054//8403 4055//8403 4056//8403 
f 4053//8404 4055//8404 4054//8404 
f 4056//8405 4057//8405 4058//8405 
f 4055//8406 4057//8406 4056//8406 
f 4058//8407 4059//8407 4060//8407 
f 4057//8408 4059//8408 4058//8408 
f 4060//8409 4061//8409 4062//8409 
f 4059//8410 4061//8410 4060//8410 
f 4062//8411 4063//8411 4064//8411 
f 4061//8412 4063//8412 4062//8412 
f 4064//8413 4065//8413 4066//8413 
f 4063//8414 4065//8414 4064//8414 
f 4066//8415 4067//8415 4068//8415 
f 4065//8416 4067//8416 4066//8416 
f 4067//8417 4069//8417 4068//8417 
f 4068//8418 4069//8418 4070//8418 
f 4069//8419 4071//8419 4070//8419 
f 4070//8420 4071//8420 4072//8420 
f 4071//8421 4073//8421 4072//8421 
f 4072//8422 4073//8422 4074//8422 
f 4073//8423 4075//8423 4074//8423 
f 4074//8424 4075//8424 4076//8424 
f 4075//8425 4077//8425 4076//8425 
f 4076//8426 4077//8426 4078//8426 
f 4077//8427 4079//8427 4078//8427 
f 4078//8428 4079//8428 4080//8428 
f 4079//8429 4081//8429 4080//8429 
f 4080//8430 4081//8430 4082//8430 
f 4081//8431 4083//8431 4082//8431 
f 4082//8432 4083//8432 4084//8432 
f 4083//8433 4085//8433 4084//8433 
f 4084//8434 4085//8434 4086//8434 
f 4086//8435 4087//8435 4088//8435 
f 4085//8436 4087//8436 4086//8436 
f 4088//8437 4089//8437 4090//8437 
f 4087//8438 4089//8438 4088//8438 
f 4090//8439 4091//8439 4092//8439 
f 4089//8440 4091//8440 4090//8440 
f 4092//8441 4093//8441 4094//8441 
f 4091//8442 4093//8442 4092//8442 
f 4094//8443 4095//8443 4096//8443 
f 4093//8444 4095//8444 4094//8444 
f 4096//8445 4097//8445 4098//8445 
f 4095//8446 4097//8446 4096//8446 
f 4098//8447 4099//8447 4100//8447 
f 4097//8448 4099//8448 4098//8448 
f 4100//8449 4101//8449 4102//8449 
f 4099//8450 4101//8450 4100//8450 
f 4102//8451 4103//8451 4104//8451 
f 4101//8452 4103//8452 4102//8452 
f 4104//8453 4105//8453 4106//8453 
f 4103//8454 4105//8454 4104//8454 
f 4106//8455 3923//8455 3925//8455 
f 4105//8456 3923//8456 4106//8456 
f 4107//8457 4108//8457 4109//8457 
f 4110//8458 4107//8458 4109//8458 
f 4111//8459 4112//8459 4107//8459 
f 4111//8460 4107//8460 4110//8460 
f 4113//8461 4114//8461 4112//8461 
f 4113//8462 4112//8462 4111//8462 
f 4115//8463 4116//8463 4114//8463 
f 4115//8464 4114//8464 4113//8464 
f 4117//8465 4108//8465 4118//8465 
f 4117//8466 4109//8466 4108//8466 
f 4119//8467 4118//8467 4120//8467 
f 4119//8468 4117//8468 4118//8468 
f 4121//8469 4120//8469 4122//8469 
f 4121//8470 4119//8470 4120//8470 
f 4123//8471 4122//8471 4124//8471 
f 4123//8472 4121//8472 4122//8472 
f 4125//8473 4124//8473 4126//8473 
f 4125//8474 4123//8474 4124//8474 
f 4127//8475 4126//8475 4128//8475 
f 4127//8476 4125//8476 4126//8476 
f 4129//8477 4128//8477 4130//8477 
f 4129//8478 4127//8478 4128//8478 
f 4131//8479 4129//8479 4130//8479 
f 4131//8480 4130//8480 4132//8480 
f 4133//8481 4131//8481 4132//8481 
f 4133//8482 4132//8482 4134//8482 
f 4135//8483 4133//8483 4134//8483 
f 4135//8484 4134//8484 4136//8484 
f 4137//8485 4135//8485 4136//8485 
f 4137//8486 4136//8486 4138//8486 
f 4139//8487 4137//8487 4138//8487 
f 4139//8488 4138//8488 4140//8488 
f 4141//8489 4140//8489 4142//8489 
f 4141//8490 4139//8490 4140//8490 
f 4143//8491 4141//8491 4142//8491 
f 4143//8492 4142//8492 4144//8492 
f 4145//8493 4144//8493 4146//8493 
f 4145//8494 4143//8494 4144//8494 
f 4147//8495 4146//8495 4148//8495 
f 4147//8496 4145//8496 4146//8496 
f 4149//8497 4148//8497 4150//8497 
f 4149//8498 4147//8498 4148//8498 
f 4151//8499 4150//8499 4152//8499 
f 4151//8500 4149//8500 4150//8500 
f 4153//8501 4152//8501 4154//8501 
f 4153//8502 4151//8502 4152//8502 
f 4155//8503 4154//8503 4156//8503 
f 4155//8504 4153//8504 4154//8504 
f 4157//8505 4156//8505 4158//8505 
f 4157//8506 4155//8506 4156//8506 
f 4159//8507 4158//8507 4160//8507 
f 4159//8508 4157//8508 4158//8508 
f 4161//8509 4160//8509 4162//8509 
f 4161//8510 4159//8510 4160//8510 
f 4163//8511 4162//8511 4164//8511 
f 4163//8512 4161//8512 4162//8512 
f 4165//8513 4164//8513 4166//8513 
f 4165//8514 4163//8514 4164//8514 
f 4167//8515 4166//8515 4168//8515 
f 4167//8516 4165//8516 4166//8516 
f 4169//8517 4168//8517 4170//8517 
f 4169//8518 4167//8518 4168//8518 
f 4171//8519 4170//8519 4172//8519 
f 4171//8520 4169//8520 4170//8520 
f 4173//8521 4172//8521 4174//8521 
f 4173//8522 4171//8522 4172//8522 
f 4175//8523 4174//8523 4176//8523 
f 4175//8524 4173//8524 4174//8524 
f 4177//8525 4176//8525 4178//8525 
f 4177//8526 4175//8526 4176//8526 
f 4115//8527 4178//8527 4116//8527 
f 4115//8528 4177//8528 4178//8528 
f 3947//8529 4138//8529 4136//8529 
f 3945//8530 4142//8530 4140//8530 
f 3945//8531 4140//8531 4138//8531 
f 3945//8532 4138//8532 3947//8532 
f 3949//8533 4136//8533 4134//8533 
f 3949//8534 4134//8534 4132//8534 
f 3949//8535 3947//8535 4136//8535 
f 3943//8536 4144//8536 4142//8536 
f 3943//8537 4142//8537 3945//8537 
f 3951//8538 4132//8538 4130//8538 
f 3951//8539 3949//8539 4132//8539 
f 3941//8540 4146//8540 4144//8540 
f 3941//8541 4144//8541 3943//8541 
f 3953//8542 4130//8542 4128//8542 
f 3953//8543 4128//8543 4126//8543 
f 3953//8544 3951//8544 4130//8544 
f 3939//8545 4146//8545 3941//8545 
f 3939//8546 4150//8546 4148//8546 
f 3939//8547 4148//8547 4146//8547 
f 3955//8548 4126//8548 4124//8548 
f 3955//8549 3953//8549 4126//8549 
f 3937//8550 4152//8550 4150//8550 
f 3937//8551 4150//8551 3939//8551 
f 3957//8552 4124//8552 4122//8552 
f 3957//8553 4122//8553 4120//8553 
f 3957//8554 3955//8554 4124//8554 
f 3935//8555 4156//8555 4154//8555 
f 3935//8556 4154//8556 4152//8556 
f 3935//8557 4152//8557 3937//8557 
f 3959//8558 3957//8558 4120//8558 
f 3959//8559 4120//8559 4118//8559 
f 3933//8560 4158//8560 4156//8560 
f 3933//8561 4156//8561 3935//8561 
f 3961//8562 3959//8562 4118//8562 
f 3961//8563 4118//8563 4108//8563 
f 3931//8564 4162//8564 4160//8564 
f 3931//8565 4160//8565 4158//8565 
f 3931//8566 4158//8566 3933//8566 
f 3963//8567 3961//8567 4108//8567 
f 3929//8568 4162//8568 3931//8568 
f 3929//8569 4164//8569 4162//8569 
f 3965//8570 3963//8570 4108//8570 
f 3927//8571 4168//8571 4166//8571 
f 3927//8572 4166//8572 4164//8572 
f 3927//8573 4164//8573 3929//8573 
f 3967//8574 3965//8574 4108//8574 
f 3924//8575 4168//8575 3927//8575 
f 3924//8576 4170//8576 4168//8576 
f 3923//8577 4174//8577 4172//8577 
f 3923//8578 4172//8578 4170//8578 
f 3923//8579 4170//8579 3924//8579 
f 3969//8580 3967//8580 4108//8580 
f 4105//8581 4176//8581 4174//8581 
f 4105//8582 4174//8582 3923//8582 
f 3971//8583 3969//8583 4108//8583 
f 4103//8584 4116//8584 4178//8584 
f 4103//8585 4178//8585 4176//8585 
f 4103//8586 4176//8586 4105//8586 
f 3973//8587 3971//8587 4108//8587 
f 4101//8588 4116//8588 4103//8588 
f 3975//8589 3973//8589 4108//8589 
f 4099//8590 4116//8590 4101//8590 
f 3977//8591 3975//8591 4108//8591 
f 4097//8592 4116//8592 4099//8592 
f 3979//8593 3977//8593 4108//8593 
f 4095//8594 4116//8594 4097//8594 
f 3982//8595 3979//8595 4108//8595 
f 4093//8596 4116//8596 4095//8596 
f 3983//8597 3982//8597 4108//8597 
f 4091//8598 4116//8598 4093//8598 
f 4089//8599 4116//8599 4091//8599 
f 4087//8600 4116//8600 4089//8600 
f 4085//8601 4116//8601 4087//8601 
f 4083//8602 4116//8602 4085//8602 
f 4081//8603 4116//8603 4083//8603 
f 4079//8604 4116//8604 4081//8604 
f 4077//8605 4116//8605 4079//8605 
f 4107//8606 4027//8606 4025//8606 
f 4107//8607 4025//8607 4023//8607 
f 4107//8608 4023//8608 4021//8608 
f 4107//8609 4021//8609 4019//8609 
f 4107//8610 4019//8610 4017//8610 
f 4107//8611 4017//8611 4016//8611 
f 4107//8612 4016//8612 4014//8612 
f 4107//8613 4014//8613 4011//8613 
f 4107//8614 4011//8614 4009//8614 
f 4107//8615 4009//8615 4008//8615 
f 4107//8616 4008//8616 4005//8616 
f 4107//8617 4005//8617 4003//8617 
f 4107//8618 4003//8618 4001//8618 
f 4107//8619 4001//8619 4000//8619 
f 4107//8620 4000//8620 3997//8620 
f 4107//8621 3997//8621 3995//8621 
f 4107//8622 3995//8622 3993//8622 
f 4107//8623 3993//8623 3991//8623 
f 4107//8624 3991//8624 3989//8624 
f 4107//8625 3989//8625 3987//8625 
f 4107//8626 3987//8626 3985//8626 
f 4107//8627 3985//8627 3983//8627 
f 4107//8628 3983//8628 4108//8628 
f 4114//8629 4071//8629 4069//8629 
f 4114//8630 4069//8630 4067//8630 
f 4114//8631 4116//8631 4077//8631 
f 4114//8632 4067//8632 4065//8632 
f 4114//8633 4065//8633 4063//8633 
f 4114//8634 4063//8634 4061//8634 
f 4114//8635 4061//8635 4059//8635 
f 4114//8636 4059//8636 4057//8636 
f 4114//8637 4057//8637 4055//8637 
f 4114//8638 4055//8638 4053//8638 
f 4114//8639 4053//8639 4051//8639 
f 4114//8640 4077//8640 4075//8640 
f 4114//8641 4075//8641 4073//8641 
f 4114//8642 4073//8642 4071//8642 
f 4112//8643 4051//8643 4049//8643 
f 4112//8644 4049//8644 4047//8644 
f 4112//8645 4047//8645 4045//8645 
f 4112//8646 4045//8646 4043//8646 
f 4112//8647 4043//8647 4041//8647 
f 4112//8648 4041//8648 4039//8648 
f 4112//8649 4039//8649 4037//8649 
f 4112//8650 4037//8650 4035//8650 
f 4112//8651 4035//8651 4033//8651 
f 4112//8652 4033//8652 4031//8652 
f 4112//8653 4031//8653 4029//8653 
f 4112//8654 4029//8654 4027//8654 
f 4112//8655 4114//8655 4051//8655 
f 4112//8656 4027//8656 4107//8656 
f 3994//8657 4110//8657 3992//8657 
f 3990//8658 3992//8658 4110//8658 
f 3996//8659 4110//8659 3994//8659 
f 3988//8660 3990//8660 4110//8660 
f 3998//8661 4110//8661 3996//8661 
f 3986//8662 3988//8662 4110//8662 
f 3999//8663 4110//8663 3998//8663 
f 3984//8664 4110//8664 4109//8664 
f 3984//8665 3986//8665 4110//8665 
f 4002//8666 4110//8666 3999//8666 
f 3981//8667 3984//8667 4109//8667 
f 4004//8668 4110//8668 4002//8668 
f 3980//8669 3981//8669 4109//8669 
f 4006//8670 4110//8670 4004//8670 
f 3978//8671 3980//8671 4109//8671 
f 4007//8672 4110//8672 4006//8672 
f 3976//8673 3978//8673 4109//8673 
f 4010//8674 4110//8674 4007//8674 
f 3974//8675 3976//8675 4109//8675 
f 4012//8676 4110//8676 4010//8676 
f 3972//8677 3974//8677 4109//8677 
f 4013//8678 4110//8678 4012//8678 
f 3970//8679 3972//8679 4109//8679 
f 4015//8680 4110//8680 4013//8680 
f 3968//8681 3970//8681 4109//8681 
f 4018//8682 4110//8682 4015//8682 
f 3966//8683 3968//8683 4109//8683 
f 4020//8684 4110//8684 4018//8684 
f 3964//8685 3966//8685 4109//8685 
f 4022//8686 4110//8686 4020//8686 
f 3962//8687 4109//8687 4117//8687 
f 3962//8688 3964//8688 4109//8688 
f 4024//8689 4110//8689 4022//8689 
f 3960//8690 4117//8690 4119//8690 
f 3960//8691 3962//8691 4117//8691 
f 4026//8692 4110//8692 4024//8692 
f 3958//8693 4119//8693 4121//8693 
f 3958//8694 4121//8694 4123//8694 
f 3958//8695 3960//8695 4119//8695 
f 4028//8696 4110//8696 4026//8696 
f 3956//8697 4123//8697 4125//8697 
f 3956//8698 3958//8698 4123//8698 
f 3954//8699 4125//8699 4127//8699 
f 3954//8700 4127//8700 4129//8700 
f 3954//8701 3956//8701 4125//8701 
f 3952//8702 4129//8702 4131//8702 
f 3952//8703 3954//8703 4129//8703 
f 3950//8704 4131//8704 4133//8704 
f 3950//8705 3952//8705 4131//8705 
f 4135//8706 3950//8706 4133//8706 
f 3948//8707 3950//8707 4135//8707 
f 4137//8708 3948//8708 4135//8708 
f 3946//8709 3948//8709 4137//8709 
f 4139//8710 3946//8710 4137//8710 
f 4141//8711 3946//8711 4139//8711 
f 4141//8712 3944//8712 3946//8712 
f 4143//8713 3944//8713 4141//8713 
f 4143//8714 3942//8714 3944//8714 
f 4145//8715 3942//8715 4143//8715 
f 4145//8716 3940//8716 3942//8716 
f 4147//8717 3940//8717 4145//8717 
f 4149//8718 3940//8718 4147//8718 
f 4149//8719 3938//8719 3940//8719 
f 4151//8720 3936//8720 3938//8720 
f 4151//8721 3938//8721 4149//8721 
f 4153//8722 3936//8722 4151//8722 
f 4155//8723 3934//8723 3936//8723 
f 4155//8724 3936//8724 4153//8724 
f 4157//8725 3934//8725 4155//8725 
f 4157//8726 3932//8726 3934//8726 
f 4159//8727 3932//8727 4157//8727 
f 4161//8728 3932//8728 4159//8728 
f 4161//8729 3930//8729 3932//8729 
f 4163//8730 3930//8730 4161//8730 
f 4163//8731 3928//8731 3930//8731 
f 4165//8732 3928//8732 4163//8732 
f 4167//8733 3928//8733 4165//8733 
f 4167//8734 3926//8734 3928//8734 
f 4169//8735 3926//8735 4167//8735 
f 4169//8736 3925//8736 3926//8736 
f 4171//8737 3925//8737 4169//8737 
f 4173//8738 3925//8738 4171//8738 
f 4173//8739 4106//8739 3925//8739 
f 4175//8740 4106//8740 4173//8740 
f 4175//8741 4104//8741 4106//8741 
f 4111//8742 4028//8742 4030//8742 
f 4111//8743 4030//8743 4032//8743 
f 4111//8744 4032//8744 4034//8744 
f 4111//8745 4034//8745 4036//8745 
f 4111//8746 4036//8746 4038//8746 
f 4111//8747 4038//8747 4040//8747 
f 4111//8748 4040//8748 4042//8748 
f 4111//8749 4042//8749 4044//8749 
f 4111//8750 4044//8750 4046//8750 
f 4111//8751 4046//8751 4048//8751 
f 4111//8752 4048//8752 4050//8752 
f 4111//8753 4050//8753 4052//8753 
f 4111//8754 4110//8754 4028//8754 
f 4177//8755 4104//8755 4175//8755 
f 4115//8756 4104//8756 4177//8756 
f 4115//8757 4078//8757 4080//8757 
f 4115//8758 4080//8758 4082//8758 
f 4115//8759 4082//8759 4084//8759 
f 4115//8760 4084//8760 4086//8760 
f 4115//8761 4086//8761 4088//8761 
f 4115//8762 4088//8762 4090//8762 
f 4115//8763 4090//8763 4092//8763 
f 4115//8764 4092//8764 4094//8764 
f 4115//8765 4094//8765 4096//8765 
f 4115//8766 4096//8766 4098//8766 
f 4115//8767 4098//8767 4100//8767 
f 4115//8768 4100//8768 4102//8768 
f 4115//8769 4102//8769 4104//8769 
f 4113//8770 4111//8770 4052//8770 
f 4113//8771 4052//8771 4054//8771 
f 4113//8772 4054//8772 4056//8772 
f 4113//8773 4056//8773 4058//8773 
f 4113//8774 4058//8774 4060//8774 
f 4113//8775 4060//8775 4062//8775 
f 4113//8776 4062//8776 4064//8776 
f 4113//8777 4064//8777 4066//8777 
f 4113//8778 4066//8778 4068//8778 
f 4113//8779 4068//8779 4070//8779 
f 4113//8780 4070//8780 4072//8780 
f 4113//8781 4072//8781 4074//8781 
f 4113//8782 4074//8782 4076//8782 
f 4113//8783 4078//8783 4115//8783 
f 4113//8784 4076//8784 4078//8784 
