# FreeCAD v1.0 build0 Arch module
# https://www.freecad.org
mtllib STRUT.mtl
o SCX1200-3_STRUT_TW_000_1-HSC_SCX1200-3_STRUT_TW024 (Meshed)
usemtl color_cccce6
v -35.553558 910.467651 53952.886719
v -32.40889 910.467651 53948.699219
v -32.40889 -740.5 53948.699219
v -35.553558 -740.5 53952.886719
v -38.376694 910.467651 53957.292969
v -38.376694 -740.5 53957.292969
v -40.862507 910.467651 53961.898438
v -40.862507 -740.5 53961.898438
v -42.997093 910.467651 53966.679688
v -42.997093 -740.5 53966.679688
v -44.76852 910.467651 53971.605469
v -44.76852 -740.5 53971.605469
v -46.166878 910.467651 53976.652344
v -46.166878 -740.5 53976.652344
v -47.184345 910.467651 53981.785156
v -47.184345 -740.5 53981.785156
v -47.815231 910.467651 53986.980469
v -47.815231 -740.5 53986.980469
v -48.056011 910.467651 53992.210938
v -48.056011 -740.5 53992.210938
v -47.905338 910.467651 53997.445312
v -47.905338 -740.5 53997.445312
v -47.364056 910.467651 54002.652344
v -47.364056 -740.5 54002.652344
v -46.435184 910.467651 54007.800781
v -46.435184 -740.5 54007.800781
v -45.123928 910.467651 54012.871094
v -45.123928 -740.5 54012.871094
v -43.437614 910.467651 54017.824219
v -43.437614 -740.5 54017.824219
v -41.385674 910.467651 54022.640625
v -41.385674 -740.5 54022.640625
v -38.979584 910.467651 54027.289062
v -38.979584 -740.5 54027.289062
v -36.232796 910.467651 54031.746094
v -36.232796 -740.5 54031.746094
v -33.160675 -740.5 54035.984375
v -33.160675 910.467651 54035.984375
v -29.780403 -740.5 54039.984375
v -29.780403 910.467651 54039.984375
v -26.110882 910.467651 54043.714844
v -26.110882 -740.5 54043.714844
v -22.172632 -740.5 54047.164062
v -22.172632 910.467651 54047.164062
v -17.987679 -740.5 54050.308594
v -17.987679 910.467651 54050.308594
v -13.579427 910.467651 54053.132812
v -13.579427 -740.5 54053.132812
v -8.972527 910.467651 54055.617188
v -8.972527 -740.5 54055.617188
v -4.192744 -740.5 54057.753906
v -4.192744 910.467651 54057.753906
v 0.733192 910.467651 54059.523438
v 0.733192 -740.5 54059.523438
v 5.777732 -740.5 54060.921875
v 5.777732 910.467651 54060.921875
v 10.912666 -740.5 54061.941406
v 10.912666 910.467651 54061.941406
v 16.109278 -740.5 54062.570312
v 16.109278 910.467651 54062.570312
v 21.338505 910.467651 54062.8125
v 21.338505 -740.5 54062.8125
v 26.571102 -740.5 54062.660156
v 26.571102 910.467651 54062.660156
v 31.777809 910.467651 54062.121094
v 31.777809 -740.5 54062.121094
v 36.929508 -740.5 54061.191406
v 36.929508 910.467651 54061.191406
v 41.997387 -740.5 54059.878906
v 41.997387 910.467651 54059.878906
v 46.953102 -740.5 54058.191406
v 46.953102 910.467651 54058.191406
v 51.768944 -740.5 54056.140625
v 51.768944 910.467651 54056.140625
v 56.417976 -740.5 54053.734375
v 56.417976 910.467651 54053.734375
v 60.874203 -740.5 54050.988281
v 60.874203 910.467651 54050.988281
v 65.112701 -740.5 54047.917969
v 65.112701 910.467651 54047.917969
v 69.109772 -740.5 54044.535156
v 69.109772 910.467651 54044.535156
v 72.843048 -740.5 54040.867188
v 72.843048 910.467651 54040.867188
v 76.291672 910.467651 54036.929688
v 76.291672 -740.5 54036.929688
v 79.43634 -740.5 54032.742188
v 79.43634 910.467651 54032.742188
v 82.259476 -740.5 54028.335938
v 82.259476 910.467651 54028.335938
v 84.745293 -740.5 54023.726562
v 84.745293 910.467651 54023.726562
v 86.879875 -740.5 54018.949219
v 86.879875 910.467651 54018.949219
v 88.651306 -740.5 54014.023438
v 88.651306 910.467651 54014.023438
v 90.04966 -740.5 54008.976562
v 90.04966 910.467651 54008.976562
v 91.067123 -740.5 54003.84375
v 91.067123 910.467651 54003.84375
v 91.698013 -740.5 53998.644531
v 91.698013 910.467651 53998.644531
v 91.938797 -740.5 53993.417969
v 91.938797 910.467651 53993.417969
v 91.788124 -740.5 53988.183594
v 91.788124 910.467651 53988.183594
v 91.246841 -740.5 53982.976562
v 91.246841 910.467651 53982.976562
v 90.31797 -740.5 53977.828125
v 90.31797 910.467651 53977.828125
v 89.006714 -740.5 53972.757812
v 89.006714 910.467651 53972.757812
v 87.320396 -740.5 53967.800781
v 87.320396 910.467651 53967.800781
v 85.268456 -740.5 53962.988281
v 85.268456 910.467651 53962.988281
v 82.862366 -740.5 53958.335938
v 82.862366 910.467651 53958.335938
v 80.115578 -740.5 53953.882812
v 80.115578 910.467651 53953.882812
v 77.043457 -740.5 53949.644531
v 77.043457 910.467651 53949.644531
v 73.663185 -740.5 53945.644531
v 73.663185 910.467651 53945.644531
v 69.993668 910.467651 53941.914062
v 69.993668 -740.5 53941.914062
v 66.055412 -740.5 53938.464844
v 66.055412 910.467651 53938.464844
v 61.870461 910.467651 53935.320312
v 61.870461 -740.5 53935.320312
v 57.462208 910.467651 53932.496094
v 57.462208 -740.5 53932.496094
v 52.855309 910.467651 53930.011719
v 52.855309 -740.5 53930.011719
v 48.075527 910.467651 53927.875
v 48.075527 -740.5 53927.875
v 43.14959 -740.5 53926.105469
v 43.14959 910.467651 53926.105469
v 38.105049 910.467651 53924.707031
v 38.105049 -740.5 53924.707031
v 32.970116 910.467651 53923.6875
v 32.970116 -740.5 53923.6875
v 27.773506 -740.5 53923.058594
v 27.773506 910.467651 53923.058594
v 22.544279 910.467651 53922.816406
v 22.544279 -740.5 53922.816406
v 17.31168 910.467651 53922.96875
v 17.31168 -740.5 53922.96875
v 12.104974 -740.5 53923.507812
v 12.104974 910.467651 53923.507812
v 6.953276 910.467651 53924.4375
v 6.953276 -740.5 53924.4375
v 1.885397 -740.5 53925.75
v 1.885397 910.467651 53925.75
v -3.07032 910.467651 53927.433594
v -3.07032 -740.5 53927.433594
v -7.886161 910.467651 53929.488281
v -7.886161 -740.5 53929.488281
v -12.535194 910.467651 53931.894531
v -12.535194 -740.5 53931.894531
v -16.991421 910.467651 53934.640625
v -16.991421 -740.5 53934.640625
v -21.229919 910.467651 53937.710938
v -21.229919 -740.5 53937.710938
v -25.226986 910.467651 53941.09375
v -25.226986 -740.5 53941.09375
v -28.960268 910.467651 53944.761719
v -28.960268 -740.5 53944.761719
v 2074.83252 -615.0 55199.316406
v 2073.388428 -615.0 55194.285156
v 2073.388428 785.0 55194.285156
v 2074.83252 785.0 55199.316406
v 2075.89624 -615.0 55204.441406
v 2075.89624 785.0 55204.441406
v 2076.574219 -615.0 55209.632812
v 2076.574219 785.0 55209.632812
v 2076.862305 -615.0 55214.859375
v 2076.862305 785.0 55214.859375
v 2076.759033 -615.0 55220.09375
v 2076.759033 785.0 55220.09375
v 2076.264893 -615.0 55225.304688
v 2076.264893 785.0 55225.304688
v 2075.382812 -615.0 55230.464844
v 2075.382812 785.0 55230.464844
v 2074.117432 -615.0 55235.542969
v 2074.117432 785.0 55235.542969
v 2072.476074 -615.0 55240.515625
v 2072.476074 785.0 55240.515625
v 2070.467773 -615.0 55245.347656
v 2070.467773 785.0 55245.347656
v 2068.104004 -615.0 55250.019531
v 2068.104004 785.0 55250.019531
v 2065.397705 -615.0 55254.5
v 2065.397705 785.0 55254.5
v 2062.364014 -615.0 55258.765625
v 2062.364014 785.0 55258.765625
v 2059.02002 -615.0 55262.792969
v 2059.02002 785.0 55262.792969
v 2055.384521 785.0 55266.558594
v 2055.384521 -615.0 55266.558594
v 2051.477539 -615.0 55270.042969
v 2051.477539 785.0 55270.042969
v 2047.321289 -615.0 55273.226562
v 2047.321289 785.0 55273.226562
v 2042.938843 785.0 55276.089844
v 2042.938843 -615.0 55276.089844
v 2038.354614 -615.0 55278.617188
v 2038.354614 785.0 55278.617188
v 2033.59436 -615.0 55280.792969
v 2033.59436 785.0 55280.792969
v 2028.68457 785.0 55282.609375
v 2028.68457 -615.0 55282.609375
v 2023.652954 785.0 55284.054688
v 2023.652954 -615.0 55284.054688
v 2018.527466 -615.0 55285.117188
v 2018.527466 785.0 55285.117188
v 2013.336792 785.0 55285.796875
v 2013.336792 -615.0 55285.796875
v 2008.109985 -615.0 55286.085938
v 2008.109985 785.0 55286.085938
v 2002.876221 785.0 55285.980469
v 2002.876221 -615.0 55285.980469
v 1997.664795 785.0 55285.488281
v 1997.664795 -615.0 55285.488281
v 1992.504883 -615.0 55284.605469
v 1992.504883 785.0 55284.605469
v 1987.425293 -615.0 55283.339844
v 1987.425293 785.0 55283.339844
v 1982.45459 -615.0 55281.699219
v 1982.45459 785.0 55281.699219
v 1977.620361 -615.0 55279.691406
v 1977.620361 785.0 55279.691406
v 1972.949707 785.0 55277.324219
v 1972.949707 -615.0 55277.324219
v 1968.46875 785.0 55274.621094
v 1968.46875 -615.0 55274.621094
v 1964.202637 -615.0 55271.585938
v 1964.202637 785.0 55271.585938
v 1960.175171 785.0 55268.242188
v 1960.175171 -615.0 55268.242188
v 1956.408813 -615.0 55264.605469
v 1956.408813 785.0 55264.605469
v 1952.924683 785.0 55260.699219
v 1952.924683 -615.0 55260.699219
v 1949.742188 785.0 55256.542969
v 1949.742188 -615.0 55256.542969
v 1946.879272 785.0 55252.160156
v 1946.879272 -615.0 55252.160156
v 1944.351929 -615.0 55247.578125
v 1944.351929 785.0 55247.578125
v 1942.174072 785.0 55242.816406
v 1942.174072 -615.0 55242.816406
v 1940.358154 785.0 55237.90625
v 1940.358154 -615.0 55237.90625
v 1938.914185 785.0 55232.875
v 1938.914185 -615.0 55232.875
v 1937.85022 785.0 55227.75
v 1937.85022 -615.0 55227.75
v 1937.172363 785.0 55222.558594
v 1937.172363 -615.0 55222.558594
v 1936.884277 785.0 55217.332031
v 1936.884277 -615.0 55217.332031
v 1936.987549 785.0 55212.097656
v 1936.987549 -615.0 55212.097656
v 1937.481689 785.0 55206.886719
v 1937.481689 -615.0 55206.886719
v 1938.363892 785.0 55201.726562
v 1938.363892 -615.0 55201.726562
v 1939.62915 785.0 55196.648438
v 1939.62915 -615.0 55196.648438
v 1941.270508 785.0 55191.675781
v 1941.270508 -615.0 55191.675781
v 1943.278809 785.0 55186.84375
v 1943.278809 -615.0 55186.84375
v 1945.6427 785.0 55182.171875
v 1945.6427 -615.0 55182.171875
v 1948.348999 785.0 55177.691406
v 1948.348999 -615.0 55177.691406
v 1951.382568 785.0 55173.425781
v 1951.382568 -615.0 55173.425781
v 1954.726562 785.0 55169.398438
v 1954.726562 -615.0 55169.398438
v 1958.362183 785.0 55165.632812
v 1958.362183 -615.0 55165.632812
v 1962.269043 785.0 55162.148438
v 1962.269043 -615.0 55162.148438
v 1966.425293 -615.0 55158.964844
v 1966.425293 785.0 55158.964844
v 1970.807861 785.0 55156.101562
v 1970.807861 -615.0 55156.101562
v 1975.39209 -615.0 55153.574219
v 1975.39209 785.0 55153.574219
v 1980.152344 785.0 55151.394531
v 1980.152344 -615.0 55151.394531
v 1985.062012 -615.0 55149.582031
v 1985.062012 785.0 55149.582031
v 1990.093628 785.0 55148.136719
v 1990.093628 -615.0 55148.136719
v 1995.219116 -615.0 55147.074219
v 1995.219116 785.0 55147.074219
v 2000.409912 -615.0 55146.394531
v 2000.409912 785.0 55146.394531
v 2005.636719 785.0 55146.105469
v 2005.636719 -615.0 55146.105469
v 2010.870483 -615.0 55146.210938
v 2010.870483 785.0 55146.210938
v 2016.081787 -615.0 55146.703125
v 2016.081787 785.0 55146.703125
v 2021.241699 -615.0 55147.585938
v 2021.241699 785.0 55147.585938
v 2026.321289 785.0 55148.851562
v 2026.321289 -615.0 55148.851562
v 2031.292114 -615.0 55150.492188
v 2031.292114 785.0 55150.492188
v 2036.126221 -615.0 55152.5
v 2036.126221 785.0 55152.5
v 2040.796875 -615.0 55154.863281
v 2040.796875 785.0 55154.863281
v 2045.277832 -615.0 55157.570312
v 2045.277832 785.0 55157.570312
v 2049.543945 -615.0 55160.605469
v 2049.543945 785.0 55160.605469
v 2053.571533 -615.0 55163.949219
v 2053.571533 785.0 55163.949219
v 2057.337891 -615.0 55167.585938
v 2057.337891 785.0 55167.585938
v 2060.822021 -615.0 55171.492188
v 2060.822021 785.0 55171.492188
v 2064.004395 -615.0 55175.648438
v 2064.004395 785.0 55175.648438
v 2066.867432 -615.0 55180.03125
v 2066.867432 785.0 55180.03125
v 2069.394775 -615.0 55184.613281
v 2069.394775 785.0 55184.613281
v 2071.57251 785.0 55189.375
v 2071.57251 -615.0 55189.375
v 2992.039551 -309.833344 58189.457031
v 2990.115479 -314.383728 58199.886719
v 2991.427246 -311.70636 58192.777344
v 2990.783691 -313.228363 58196.265625
v 2988.032227 -315.551086 58211.175781
v 2989.429443 -315.160645 58203.601562
v 2988.732666 -315.551086 58207.378906
v 2987.335449 -315.160645 58214.949219
v 2985.981445 -313.228363 58222.289062
v 2986.649658 -314.383728 58218.667969
v 2992.614502 -307.628571 58186.34375
v 2984.725342 -309.833344 58229.097656
v 2985.337646 -311.70636 58225.777344
v 2993.145752 -305.114594 58183.464844
v 2983.619141 -305.114594 58235.089844
v 2984.150635 -307.628571 58232.210938
v 2994.056885 -299.26532 58178.523438
v 2983.136719 -302.317291 58237.707031
v 2993.628418 -302.317291 58180.847656
v 2994.42749 -295.98999 58176.515625
v 2982.708008 -299.26532 58240.027344
v 2982.337646 -295.98999 58242.035156
v 2994.73584 -292.524963 58174.847656
v 2982.029053 -292.524963 58243.707031
v 2994.979004 -288.905731 58173.527344
v 2981.785889 -288.905731 58245.027344
v 2995.154541 -285.169464 58172.578125
v 2981.610352 -285.169464 58245.976562
v 2995.260742 -281.354523 58172.0
v 2981.504395 -281.354523 58246.550781
v 2995.296143 -277.5 58171.808594
v 2981.46875 -277.5 58246.746094
v 2991.427246 -243.29364 58192.777344
v 2990.783691 -241.771637 58196.265625
v 2992.039551 -245.166656 58189.457031
v 2989.429443 -239.839355 58203.601562
v 2988.732666 -239.448898 58207.378906
v 2990.115479 -240.616257 58199.886719
v 2988.032227 -239.448898 58211.175781
v 2995.260742 -273.645477 58172.0
v 2981.504395 -273.645477 58246.550781
v 2987.335449 -239.839355 58214.949219
v 2995.154541 -269.830536 58172.578125
v 2981.610352 -269.830536 58245.976562
v 2994.979004 -266.094269 58173.527344
v 2981.785889 -266.094269 58245.027344
v 2986.649658 -240.616257 58218.667969
v 2985.981445 -241.771637 58222.289062
v 2994.42749 -259.01001 58176.515625
v 2982.029053 -262.475037 58243.707031
v 2994.73584 -262.475037 58174.847656
v 2985.337646 -243.29364 58225.777344
v 2984.725342 -245.166656 58229.097656
v 2982.708008 -255.73468 58240.027344
v 2982.337646 -259.01001 58242.035156
v 2993.628418 -252.682709 58180.847656
v 2994.056885 -255.73468 58178.523438
v 2984.150635 -247.371445 58232.210938
v 2992.614502 -247.371445 58186.34375
v 2983.136719 -252.682709 58237.707031
v 2983.619141 -249.885391 58235.089844
v 2993.145752 -249.885391 58183.464844
v -2575.095703 -277.5 57221.417969
v -2575.060303 -281.354523 57221.226562
v -2574.954102 -285.169464 57220.652344
v -2574.778564 -288.905731 57219.703125
v -2574.5354 -292.524963 57218.382812
v -2574.227051 -295.98999 57216.710938
v -2573.856445 -299.26532 57214.703125
v -2573.427734 -302.317291 57212.382812
v -2572.945312 -305.114594 57209.765625
v -2572.413818 -307.628571 57206.886719
v -2571.839111 -309.833344 57203.769531
v -2571.226807 -311.70636 57200.453125
v -2570.583252 -313.228363 57196.964844
v -2569.915039 -314.383728 57193.34375
v -2569.229004 -315.160645 57189.625
v -2568.532227 -315.551086 57185.851562
v -2567.831787 -315.551086 57182.054688
v -2567.13501 -315.160645 57178.277344
v -2566.448975 -314.383728 57174.5625
v -2565.780762 -313.228363 57170.941406
v -2565.137207 -311.70636 57167.453125
v -2564.524902 -309.833344 57164.132812
v -2563.950195 -307.628571 57161.019531
v -2563.418701 -305.114594 57158.136719
v -2562.936279 -302.317291 57155.523438
v -2562.507568 -299.26532 57153.199219
v -2562.136963 -295.98999 57151.191406
v -2561.828613 -292.524963 57149.519531
v -2561.585449 -288.905731 57148.203125
v -2561.409912 -285.169464 57147.25
v -2561.303711 -281.354523 57146.675781
v -2561.268311 -277.5 57146.484375
v -2561.303711 -273.645477 57146.675781
v -2561.409912 -269.830536 57147.25
v -2561.585449 -266.094269 57148.203125
v -2561.828613 -262.475037 57149.519531
v -2562.136963 -259.01001 57151.191406
v -2562.507568 -255.73468 57153.199219
v -2562.936279 -252.682709 57155.523438
v -2563.418701 -249.885391 57158.136719
v -2563.950195 -247.371445 57161.019531
v -2564.524902 -245.166656 57164.132812
v -2565.137207 -243.29364 57167.453125
v -2565.780762 -241.771637 57170.941406
v -2566.448975 -240.616257 57174.5625
v -2567.13501 -239.839355 57178.277344
v -2567.831787 -239.448898 57182.054688
v -2568.532227 -239.448898 57185.851562
v -2569.229004 -239.839355 57189.625
v -2569.915039 -240.616257 57193.34375
v -2570.583252 -241.771637 57196.964844
v -2571.226807 -243.29364 57200.453125
v -2571.839111 -245.166656 57203.769531
v -2572.413818 -247.371445 57206.886719
v -2572.945312 -249.885391 57209.765625
v -2573.427734 -252.682709 57212.382812
v -2573.856445 -255.73468 57214.703125
v -2574.227051 -259.01001 57216.710938
v -2574.5354 -262.475037 57218.382812
v -2574.778564 -266.094269 57219.703125
v -2574.954102 -269.830536 57220.652344
v -2575.060303 -273.645477 57221.226562
v -2538.850098 489.688934 57203.046875
v -2541.006836 489.688934 57206.007812
v -2541.006836 -319.688934 57206.007812
v -2538.850098 -319.688934 57203.046875
v -2537.014893 489.688934 57199.878906
v -2537.014893 -319.688934 57199.878906
v -2535.520996 489.688934 57196.53125
v -2535.520996 -319.688934 57196.53125
v -2534.384766 489.688934 57193.050781
v -2534.384766 -319.688934 57193.050781
v -2533.619141 489.688934 57189.464844
v -2533.619141 -319.688934 57189.464844
v -2533.232178 489.688934 57185.824219
v -2533.232178 -319.688934 57185.824219
v -2533.228027 489.688934 57182.160156
v -2533.228027 -319.688934 57182.160156
v -2533.606689 489.688934 57178.515625
v -2533.606689 -319.688934 57178.515625
v -2534.364258 489.688934 57174.933594
v -2534.364258 -319.688934 57174.933594
v -2535.492432 489.688934 57171.445312
v -2535.492432 -319.688934 57171.445312
v -2536.97876 489.688934 57168.097656
v -2536.97876 -319.688934 57168.097656
v -2538.806885 489.688934 57164.921875
v -2538.806885 -319.688934 57164.921875
v -2540.957031 489.688934 57161.957031
v -2540.957031 -319.688934 57161.957031
v -2543.405273 489.688934 57159.230469
v -2543.405273 -319.688934 57159.230469
v -2546.125 489.688934 57156.777344
v -2546.125 -319.688934 57156.777344
v -2549.086426 489.688934 57154.621094
v -2549.086426 -319.688934 57154.621094
v -2552.25708 489.688934 57152.785156
v -2552.25708 -319.688934 57152.785156
v -2555.602051 489.688934 57151.292969
v -2555.602051 -319.688934 57151.292969
v -2559.084961 489.688934 57150.15625
v -2559.084961 -319.688934 57150.15625
v -2562.667725 489.688934 57149.390625
v -2562.667725 -319.688934 57149.390625
v -2566.310547 489.688934 57149.003906
v -2566.310547 -319.688934 57149.003906
v -2569.974121 -319.688934 57149.0
v -2569.974121 489.688934 57149.0
v -2573.618164 489.688934 57149.375
v -2573.618164 -319.688934 57149.375
v -2577.202393 489.688934 57150.132812
v -2577.202393 -319.688934 57150.132812
v -2580.687744 -319.688934 57151.261719
v -2580.687744 489.688934 57151.261719
v -2584.036377 -319.688934 57152.75
v -2584.036377 489.688934 57152.75
v -2587.211182 489.688934 57154.578125
v -2587.211182 -319.688934 57154.578125
v -2590.17749 489.688934 57156.726562
v -2590.17749 -319.688934 57156.726562
v -2592.902588 489.688934 57159.175781
v -2592.902588 -319.688934 57159.175781
v -2595.357178 -319.688934 57161.894531
v -2595.357178 489.688934 57161.894531
v -2597.513916 -319.688934 57164.855469
v -2597.513916 489.688934 57164.855469
v -2599.349121 -319.688934 57168.027344
v -2599.349121 489.688934 57168.027344
v -2600.843018 -319.688934 57171.371094
v -2600.843018 489.688934 57171.371094
v -2601.979248 -319.688934 57174.855469
v -2601.979248 489.688934 57174.855469
v -2602.744873 -319.688934 57178.4375
v -2602.744873 489.688934 57178.4375
v -2603.131836 -319.688934 57182.082031
v -2603.131836 489.688934 57182.082031
v -2603.135986 -319.688934 57185.746094
v -2603.135986 489.688934 57185.746094
v -2602.757324 -319.688934 57189.386719
v -2602.757324 489.688934 57189.386719
v -2601.999756 489.688934 57192.972656
v -2601.999756 -319.688934 57192.972656
v -2600.871582 -319.688934 57196.457031
v -2600.871582 489.688934 57196.457031
v -2599.385254 489.688934 57199.804688
v -2599.385254 -319.688934 57199.804688
v -2597.557129 489.688934 57202.980469
v -2597.557129 -319.688934 57202.980469
v -2595.406982 489.688934 57205.949219
v -2595.406982 -319.688934 57205.949219
v -2592.95874 489.688934 57208.671875
v -2592.95874 -319.688934 57208.671875
v -2590.239014 489.688934 57211.128906
v -2590.239014 -319.688934 57211.128906
v -2587.277588 489.688934 57213.285156
v -2587.277588 -319.688934 57213.285156
v -2584.106934 489.688934 57215.121094
v -2584.106934 -319.688934 57215.121094
v -2580.761963 489.688934 57216.613281
v -2580.761963 -319.688934 57216.613281
v -2577.279053 489.688934 57217.75
v -2577.279053 -319.688934 57217.75
v -2573.696289 489.688934 57218.515625
v -2573.696289 -319.688934 57218.515625
v -2570.053467 489.688934 57218.902344
v -2570.053467 -319.688934 57218.902344
v -2566.389893 489.688934 57218.90625
v -2566.389893 -319.688934 57218.90625
v -2562.74585 489.688934 57218.527344
v -2562.74585 -319.688934 57218.527344
v -2559.161621 489.688934 57217.769531
v -2559.161621 -319.688934 57217.769531
v -2555.67627 489.688934 57216.640625
v -2555.67627 -319.688934 57216.640625
v -2552.327637 489.688934 57215.15625
v -2552.327637 -319.688934 57215.15625
v -2549.152832 489.688934 57213.328125
v -2549.152832 -319.688934 57213.328125
v -2546.186523 489.688934 57211.175781
v -2546.186523 -319.688934 57211.175781
v -2543.461426 489.688934 57208.730469
v -2543.461426 -319.688934 57208.730469
v -2295.704102 397.0 57220.035156
v -2295.704102 314.5 57220.035156
v -2293.430176 397.0 57217.542969
v -2293.430176 314.5 57217.542969
v -2290.882324 397.0 57215.335938
v -2290.882324 314.5 57215.335938
v -2288.095459 314.5 57213.4375
v -2288.095459 397.0 57213.4375
v -2285.106934 397.0 57211.875
v -2285.106934 314.5 57211.875
v -2281.957031 314.5 57210.667969
v -2281.957031 397.0 57210.667969
v -2278.688721 314.5 57209.835938
v -2278.688721 397.0 57209.835938
v -2275.345947 397.0 57209.390625
v -2275.345947 314.5 57209.390625
v -2271.974121 314.5 57209.335938
v -2271.974121 397.0 57209.335938
v -2268.618408 314.5 57209.671875
v -2268.618408 397.0 57209.671875
v -2265.324707 397.0 57210.398438
v -2265.324707 314.5 57210.398438
v -2262.137207 397.0 57211.5
v -2262.137207 314.5 57211.5
v -2259.099365 397.0 57212.960938
v -2259.099365 314.5 57212.960938
v -2256.251953 397.0 57214.769531
v -2256.251953 314.5 57214.769531
v -2253.633301 397.0 57216.894531
v -2253.633301 314.5 57216.894531
v -2251.279297 314.5 57219.308594
v -2251.279297 397.0 57219.308594
v -2249.22168 397.0 57221.980469
v -2249.22168 314.5 57221.980469
v -2247.488037 397.0 57224.875
v -2247.488037 314.5 57224.875
v -2246.102051 397.0 57227.949219
v -2246.102051 314.5 57227.949219
v -2245.082031 397.0 57231.164062
v -2245.082031 314.5 57231.164062
v -2244.442383 397.0 57234.472656
v -2244.442383 314.5 57234.472656
v -2244.191406 397.0 57237.835938
v -2244.191406 314.5 57237.835938
v -2244.33252 397.0 57241.207031
v -2244.33252 314.5 57241.207031
v -2244.86377 397.0 57244.535156
v -2244.86377 314.5 57244.535156
v -2245.778076 314.5 57247.78125
v -2247.063232 397.0 57250.902344
v -2247.063232 314.5 57250.902344
v -2248.701416 397.0 57253.847656
v -2248.701416 314.5 57253.847656
v -2250.670898 314.5 57256.585938
v -2250.670898 397.0 57256.585938
v -2252.944824 397.0 57259.078125
v -2252.944824 314.5 57259.078125
v -2255.492676 397.0 57261.285156
v -2255.492676 314.5 57261.285156
v -2258.279541 397.0 57263.183594
v -2258.279541 314.5 57263.183594
v -2261.268066 397.0 57264.746094
v -2261.268066 314.5 57264.746094
v -2264.417969 397.0 57265.953125
v -2264.417969 314.5 57265.953125
v -2267.686279 397.0 57266.785156
v -2267.686279 314.5 57266.785156
v -2271.029053 397.0 57267.230469
v -2271.029053 314.5 57267.230469
v -2274.401123 397.0 57267.285156
v -2274.401123 314.5 57267.285156
v -2277.756592 397.0 57266.949219
v -2277.756592 314.5 57266.949219
v -2281.050293 397.0 57266.222656
v -2281.050293 314.5 57266.222656
v -2284.237793 397.0 57265.121094
v -2284.237793 314.5 57265.121094
v -2287.275635 397.0 57263.660156
v -2287.275635 314.5 57263.660156
v -2290.123291 397.0 57261.851562
v -2290.123291 314.5 57261.851562
v -2292.741699 397.0 57259.726562
v -2292.741699 314.5 57259.726562
v -2295.095703 397.0 57257.3125
v -2295.095703 314.5 57257.3125
v -2297.15332 314.5 57254.640625
v -2297.15332 397.0 57254.640625
v -2298.886963 397.0 57251.746094
v -2298.886963 314.5 57251.746094
v -2300.273193 314.5 57248.671875
v -2300.273193 397.0 57248.671875
v -2301.292969 397.0 57245.457031
v -2301.292969 314.5 57245.457031
v -2301.932617 314.5 57242.148438
v -2301.932617 397.0 57242.148438
v -2302.183594 314.5 57238.785156
v -2302.183594 397.0 57238.785156
v -2302.04248 314.5 57235.414062
v -2302.04248 397.0 57235.414062
v -2301.51123 314.5 57232.085938
v -2301.51123 397.0 57232.085938
v -2300.596924 314.5 57228.839844
v -2300.596924 397.0 57228.839844
v -2299.311768 314.5 57225.71875
v -2299.311768 397.0 57225.71875
v -2297.673584 397.0 57222.773438
v -2297.673584 314.5 57222.773438
v -2541.006836 397.0 57206.007812
v -2541.006836 314.5 57206.007812
v -2543.461426 397.0 57208.730469
v -2543.461426 314.5 57208.730469
v -2546.186523 397.0 57211.175781
v -2546.186523 314.5 57211.175781
v -2549.152832 397.0 57213.328125
v -2549.152832 314.5 57213.328125
v -2552.327637 397.0 57215.15625
v -2552.327637 314.5 57215.15625
v -2555.67627 397.0 57216.640625
v -2555.67627 314.5 57216.640625
v -2559.161621 397.0 57217.769531
v -2559.161621 314.5 57217.769531
v -2562.74585 397.0 57218.527344
v -2562.74585 314.5 57218.527344
v -2566.389893 397.0 57218.90625
v -2566.389893 314.5 57218.90625
v -2570.053467 397.0 57218.902344
v -2570.053467 314.5 57218.902344
v -2573.696289 397.0 57218.515625
v -2573.696289 314.5 57218.515625
v -2577.279053 397.0 57217.75
v -2577.279053 314.5 57217.75
v -2580.761963 397.0 57216.613281
v -2580.761963 314.5 57216.613281
v -2584.106934 397.0 57215.121094
v -2584.106934 314.5 57215.121094
v -2587.277588 397.0 57213.285156
v -2587.277588 314.5 57213.285156
v -2590.239014 397.0 57211.128906
v -2590.239014 314.5 57211.128906
v -2592.95874 314.5 57208.671875
v -2592.95874 397.0 57208.671875
v -2595.406982 397.0 57205.949219
v -2595.406982 314.5 57205.949219
v -2597.557129 314.5 57202.980469
v -2597.557129 397.0 57202.980469
v -2599.385254 397.0 57199.804688
v -2599.385254 314.5 57199.804688
v -2600.871582 397.0 57196.457031
v -2600.871582 314.5 57196.457031
v -2601.999756 314.5 57192.972656
v -2601.999756 397.0 57192.972656
v -2602.757324 314.5 57189.386719
v -2602.757324 397.0 57189.386719
v -2603.135986 314.5 57185.746094
v -2603.135986 397.0 57185.746094
v -2603.131836 314.5 57182.082031
v -2603.131836 397.0 57182.082031
v -2602.744873 314.5 57178.4375
v -2602.744873 397.0 57178.4375
v -2601.979248 314.5 57174.855469
v -2601.979248 397.0 57174.855469
v -2600.843018 314.5 57171.371094
v -2600.843018 397.0 57171.371094
v -2599.349121 314.5 57168.027344
v -2599.349121 397.0 57168.027344
v -2597.513916 314.5 57164.855469
v -2597.513916 397.0 57164.855469
v -2595.357178 314.5 57161.894531
v -2595.357178 397.0 57161.894531
v -2592.902588 397.0 57159.175781
v -2592.902588 314.5 57159.175781
v -2590.17749 314.5 57156.726562
v -2590.17749 397.0 57156.726562
v -2587.211182 314.5 57154.578125
v -2587.211182 397.0 57154.578125
v -2584.036377 314.5 57152.75
v -2584.036377 397.0 57152.75
v -2580.687744 314.5 57151.261719
v -2580.687744 397.0 57151.261719
v -2577.202393 314.5 57150.132812
v -2577.202393 397.0 57150.132812
v -2573.618164 314.5 57149.375
v -2573.618164 397.0 57149.375
v -2569.974121 314.5 57149.0
v -2569.974121 397.0 57149.0
v -2566.310547 314.5 57149.003906
v -2566.310547 397.0 57149.003906
v -2562.667725 314.5 57149.390625
v -2562.667725 397.0 57149.390625
v -2559.084961 314.5 57150.15625
v -2559.084961 397.0 57150.15625
v -2555.602051 314.5 57151.292969
v -2555.602051 397.0 57151.292969
v -2552.25708 314.5 57152.785156
v -2552.25708 397.0 57152.785156
v -2549.086426 397.0 57154.621094
v -2549.086426 314.5 57154.621094
v -2546.125 397.0 57156.777344
v -2546.125 314.5 57156.777344
v -2543.405273 397.0 57159.230469
v -2543.405273 314.5 57159.230469
v -2540.957031 397.0 57161.957031
v -2540.957031 314.5 57161.957031
v -2538.806885 314.5 57164.921875
v -2538.806885 397.0 57164.921875
v -2536.97876 314.5 57168.097656
v -2536.97876 397.0 57168.097656
v -2535.492432 397.0 57171.445312
v -2535.492432 314.5 57171.445312
v -2534.364258 314.5 57174.933594
v -2534.364258 397.0 57174.933594
v -2533.606689 397.0 57178.515625
v -2533.606689 314.5 57178.515625
v -2533.228027 314.5 57182.160156
v -2533.228027 397.0 57182.160156
v -2533.232178 397.0 57185.824219
v -2533.232178 314.5 57185.824219
v -2533.619141 397.0 57189.464844
v -2533.619141 314.5 57189.464844
v -2534.384766 397.0 57193.050781
v -2534.384766 314.5 57193.050781
v -2535.520996 314.5 57196.53125
v -2535.520996 397.0 57196.53125
v -2537.014893 314.5 57199.878906
v -2537.014893 397.0 57199.878906
v -2538.850098 397.0 57203.046875
v -2538.850098 314.5 57203.046875
v -2301.564941 397.0 57387.476562
v -2301.564941 314.5 57387.476562
v -2216.008789 397.0 57282.066406
v -2216.008789 314.5 57282.066406
v -2212.952393 314.5 57277.753906
v -2212.952393 397.0 57277.753906
v -2210.220947 314.5 57273.226562
v -2210.220947 397.0 57273.226562
v -2207.828613 314.5 57268.511719
v -2207.828613 397.0 57268.511719
v -2205.788818 314.5 57263.636719
v -2205.788818 397.0 57263.636719
v -2204.112305 314.5 57258.625
v -2204.112305 397.0 57258.625
v -2202.808105 314.5 57253.5
v -2202.808105 397.0 57253.5
v -2201.883301 314.5 57248.296875
v -2201.883301 397.0 57248.296875
v -2201.342773 314.5 57243.039062
v -2201.342773 397.0 57243.039062
v -2201.189697 314.5 57237.753906
v -2201.189697 397.0 57237.753906
v -2201.424561 314.5 57232.472656
v -2201.424561 397.0 57232.472656
v -2202.046387 314.5 57227.222656
v -2202.046387 397.0 57227.222656
v -2203.051758 314.5 57222.03125
v -2203.051758 397.0 57222.03125
v -2204.435059 314.5 57216.929688
v -2204.435059 397.0 57216.929688
v -2206.188965 314.5 57211.945312
v -2206.188965 397.0 57211.945312
v -2208.304199 397.0 57207.097656
v -2208.304199 314.5 57207.097656
v -2210.769043 314.5 57202.421875
v -2210.769043 397.0 57202.421875
v -2213.570312 314.5 57197.941406
v -2216.693115 314.5 57193.675781
v -2216.693115 397.0 57193.675781
v -2220.120361 397.0 57189.648438
v -2220.120361 314.5 57189.648438
v -2223.83374 314.5 57185.886719
v -2223.83374 397.0 57185.886719
v -2227.812988 397.0 57182.40625
v -2227.812988 314.5 57182.40625
v -2728.928955 397.0 57064.953125
v -2723.468506 397.0 57057.910156
v -2723.468506 314.5 57057.910156
v -2728.928955 314.5 57064.953125
v -2734.070557 397.0 57072.234375
v -2734.070557 314.5 57072.234375
v -2738.882568 397.0 57079.734375
v -2738.882568 314.5 57079.734375
v -2743.355469 397.0 57087.441406
v -2743.355469 314.5 57087.441406
v -2747.480957 397.0 57095.339844
v -2747.480957 314.5 57095.339844
v -2751.250244 397.0 57103.417969
v -2751.250244 314.5 57103.417969
v -2754.65625 397.0 57111.652344
v -2754.65625 314.5 57111.652344
v -2757.691895 397.0 57120.03125
v -2757.691895 314.5 57120.03125
v -2760.351318 397.0 57128.535156
v -2760.351318 314.5 57128.535156
v -2762.62915 397.0 57137.152344
v -2762.62915 314.5 57137.152344
v -2764.520996 397.0 57145.859375
v -2764.520996 314.5 57145.859375
v -2766.022949 397.0 57154.644531
v -2766.022949 314.5 57154.644531
v -2767.13208 397.0 57163.484375
v -2767.13208 314.5 57163.484375
v -2767.846191 397.0 57172.367188
v -2767.846191 314.5 57172.367188
v -2768.164062 397.0 57181.273438
v -2768.164062 314.5 57181.273438
v -2768.084717 397.0 57190.1875
v -2768.084717 314.5 57190.1875
v -2767.608643 397.0 57199.085938
v -2767.608643 314.5 57199.085938
v -2766.736572 397.0 57207.953125
v -2766.736572 314.5 57207.953125
v -2765.470215 397.0 57216.773438
v -2765.470215 314.5 57216.773438
v -2763.812256 397.0 57225.53125
v -2763.812256 314.5 57225.53125
v -2761.765869 397.0 57234.203125
v -2761.765869 314.5 57234.203125
v -2759.335205 397.0 57242.777344
v -2759.335205 314.5 57242.777344
v -2756.524902 397.0 57251.234375
v -2756.524902 314.5 57251.234375
v -2753.34082 397.0 57259.558594
v -2753.34082 314.5 57259.558594
v -2749.788818 397.0 57267.730469
v -2749.788818 314.5 57267.730469
v -2745.876465 397.0 57275.738281
v -2745.876465 314.5 57275.738281
v -2741.611328 397.0 57283.5625
v -2741.611328 314.5 57283.5625
v -2737.001953 397.0 57291.191406
v -2737.001953 314.5 57291.191406
v -2732.057129 397.0 57298.601562
v -2732.057129 314.5 57298.601562
v -2726.787109 397.0 57305.789062
v -2726.787109 314.5 57305.789062
v -2721.202148 397.0 57312.734375
v -2721.202148 314.5 57312.734375
v -2715.313477 397.0 57319.421875
v -2715.313477 314.5 57319.421875
v -2709.132568 397.0 57325.84375
v -2709.132568 314.5 57325.84375
v -2702.671875 397.0 57331.980469
v -2702.671875 314.5 57331.980469
v -2695.944092 397.0 57337.824219
v -2695.944092 314.5 57337.824219
v -2688.962891 397.0 57343.363281
v -2688.962891 314.5 57343.363281
v -2681.741699 397.0 57348.585938
v -2681.741699 314.5 57348.585938
v -2674.294922 397.0 57353.480469
v -2674.294922 314.5 57353.480469
v -2666.637695 397.0 57358.039062
v -2666.637695 314.5 57358.039062
v -2658.784912 397.0 57362.253906
v -2658.784912 314.5 57362.253906
v -2650.752197 397.0 57366.113281
v -2650.752197 314.5 57366.113281
v -2642.555664 397.0 57369.609375
v -2642.555664 314.5 57369.609375
v -2634.211426 397.0 57372.738281
v -2634.211426 314.5 57372.738281
v -2625.73584 397.0 57375.492188
v -2625.73584 314.5 57375.492188
v -2617.14624 397.0 57377.867188
v -2617.14624 314.5 57377.867188
v -2608.459473 397.0 57379.855469
v -2608.459473 314.5 57379.855469
v -2599.692627 397.0 57381.453125
v -2599.692627 314.5 57381.453125
v -2509.891113 397.0 56953.457031
v -2509.891113 314.5 56953.457031
v -2559.683838 397.0 57014.800781
v -2559.683838 314.5 57014.800781
v -2562.575439 397.0 57018.0625
v -2562.575439 314.5 57018.0625
v -2565.73999 397.0 57021.058594
v -2565.73999 314.5 57021.058594
v -2569.15332 397.0 57023.769531
v -2569.15332 314.5 57023.769531
v -2572.789795 397.0 57026.171875
v -2572.789795 314.5 57026.171875
v -2576.621826 397.0 57028.25
v -2576.621826 314.5 57028.25
v -2580.619873 397.0 57029.984375
v -2580.619873 314.5 57029.984375
v -2584.753906 397.0 57031.363281
v -2584.753906 314.5 57031.363281
v -2588.992432 397.0 57032.378906
v -2588.992432 314.5 57032.378906
v -2593.303223 397.0 57033.019531
v -2593.303223 314.5 57033.019531
v -2597.653564 397.0 57033.285156
v -2597.653564 314.5 57033.285156
v -2602.010498 397.0 57033.167969
v -2602.010498 314.5 57033.167969
v -2606.340576 314.5 57032.675781
v -2606.340576 397.0 57032.675781
v -2691.958496 397.0 57019.089844
v -2691.958496 314.5 57019.089844
v 2940.871826 -323.5 58224.855469
v 2940.871826 493.5 58224.855469
v 2938.888428 493.5 58216.371094
v 2938.458496 -323.5 58212.03125
v 2938.458496 493.5 58212.03125
v 2938.408691 -323.5 58207.667969
v 2938.408691 493.5 58207.667969
v 2938.739014 -323.5 58203.320312
v 2938.739014 493.5 58203.320312
v 2939.44751 493.5 58199.015625
v 2940.528076 -323.5 58194.789062
v 2940.528076 493.5 58194.789062
v 2941.9729 -323.5 58190.671875
v 2941.9729 493.5 58190.671875
v 2943.77124 -323.5 58186.699219
v 2943.77124 493.5 58186.699219
v 2945.908691 -323.5 58182.898438
v 2945.908691 493.5 58182.898438
v 2948.369629 -323.5 58179.296875
v 2948.369629 493.5 58179.296875
v 2951.13501 -323.5 58175.921875
v 2951.13501 493.5 58175.921875
v 2954.184082 -323.5 58172.800781
v 2954.184082 493.5 58172.800781
v 2957.493164 -323.5 58169.960938
v 2961.037354 -323.5 58167.417969
v 2961.037354 493.5 58167.417969
v 2964.789795 -323.5 58165.195312
v 2964.789795 493.5 58165.195312
v 2968.72168 493.5 58163.304688
v 2972.803223 -323.5 58161.765625
v 2977.003418 -323.5 58160.589844
v 2977.003418 493.5 58160.589844
v 2981.290039 -323.5 58159.785156
v 2981.290039 493.5 58159.785156
v 2985.630859 -323.5 58159.351562
v 2985.630859 493.5 58159.351562
v 2989.992432 493.5 58159.304688
v 2994.341797 -323.5 58159.632812
v 2994.341797 493.5 58159.632812
v 2998.645996 -323.5 58160.34375
v 2998.645996 493.5 58160.34375
v 3002.871826 -323.5 58161.421875
v 3002.871826 493.5 58161.421875
v 3006.987549 -323.5 58162.867188
v 3006.987549 493.5 58162.867188
v 3010.96167 493.5 58164.667969
v 3010.96167 -323.5 58164.667969
v 3014.763916 -323.5 58166.804688
v 3014.763916 493.5 58166.804688
v 3018.365234 -323.5 58169.265625
v 3018.365234 493.5 58169.265625
v 3021.738525 -323.5 58172.03125
v 3021.738525 493.5 58172.03125
v 3024.85791 -323.5 58175.078125
v 3030.242432 -323.5 58181.933594
v 3030.242432 493.5 58181.933594
v 3032.466309 493.5 58185.683594
v 3035.893555 -323.5 58193.699219
v 3037.070557 493.5 58197.898438
v 3037.877197 -323.5 58202.183594
v 3037.877197 493.5 58202.183594
v 3038.306885 -323.5 58206.527344
v 3038.306885 493.5 58206.527344
v 3038.026367 493.5 58215.238281
v 3037.318115 493.5 58219.539062
v 3036.237305 -323.5 58223.765625
v 3036.237305 493.5 58223.765625
v 3034.79248 -323.5 58227.882812
v 3034.79248 493.5 58227.882812
v 3032.994385 493.5 58231.855469
v 3030.856689 -323.5 58235.660156
v 3030.856689 493.5 58235.660156
v 3028.395752 -323.5 58239.261719
v 3028.395752 493.5 58239.261719
v 3025.630371 -323.5 58242.632812
v 3025.630371 493.5 58242.632812
v 3022.581543 -323.5 58245.753906
v 3022.581543 493.5 58245.753906
v 3015.728027 -323.5 58251.136719
v 3015.728027 493.5 58251.136719
v 3011.97583 -323.5 58253.359375
v 3011.97583 493.5 58253.359375
v 3008.043701 -323.5 58255.25
v 3008.043701 493.5 58255.25
v 3003.962158 -323.5 58256.789062
v 3003.962158 493.5 58256.789062
v 2999.762207 -323.5 58257.964844
v 2999.762207 493.5 58257.964844
v 2995.475342 -323.5 58258.773438
v 2991.134766 493.5 58259.203125
v 2986.772949 -323.5 58259.25
v 2982.423584 -323.5 58258.921875
v 2982.423584 493.5 58258.921875
v 2978.119629 493.5 58258.214844
v 2973.893555 493.5 58257.132812
v 2969.778076 -323.5 58255.6875
v 2969.778076 493.5 58255.6875
v 2965.803955 -323.5 58253.890625
v 2965.803955 493.5 58253.890625
v 2962.001709 -323.5 58251.75
v 2962.001709 493.5 58251.75
v 2958.400146 -323.5 58249.289062
v 2955.026855 -323.5 58246.523438
v 2951.907471 493.5 58243.476562
v 2949.065674 493.5 58240.167969
v 2944.299072 493.5 58232.871094
v 2944.299072 -323.5 58232.871094
v 2942.410645 493.5 58228.9375
v -2250.670898 -327.0 57256.585938
v -2250.670898 -227.0 57256.585938
v -2248.701416 -327.0 57253.847656
v -2248.701416 -227.0 57253.847656
v -2247.063232 -327.0 57250.902344
v -2247.063232 -227.0 57250.902344
v -2245.778076 -327.0 57247.78125
v -2245.778076 -227.0 57247.78125
v -2244.86377 -327.0 57244.535156
v -2244.86377 -227.0 57244.535156
v -2244.33252 -327.0 57241.207031
v -2244.33252 -227.0 57241.207031
v -2244.191406 -327.0 57237.835938
v -2244.191406 -227.0 57237.835938
v -2244.442383 -327.0 57234.472656
v -2244.442383 -227.0 57234.472656
v -2245.082031 -327.0 57231.164062
v -2245.082031 -227.0 57231.164062
v -2246.102051 -327.0 57227.949219
v -2246.102051 -227.0 57227.949219
v -2247.488037 -327.0 57224.875
v -2247.488037 -227.0 57224.875
v -2249.22168 -327.0 57221.980469
v -2249.22168 -227.0 57221.980469
v -2251.279297 -327.0 57219.308594
v -2251.279297 -227.0 57219.308594
v -2253.633301 -327.0 57216.894531
v -2253.633301 -227.0 57216.894531
v -2256.251953 -227.0 57214.769531
v -2256.251953 -327.0 57214.769531
v -2259.099365 -327.0 57212.960938
v -2259.099365 -227.0 57212.960938
v -2262.137207 -327.0 57211.5
v -2262.137207 -227.0 57211.5
v -2265.324707 -227.0 57210.398438
v -2265.324707 -327.0 57210.398438
v -2268.618408 -227.0 57209.671875
v -2268.618408 -327.0 57209.671875
v -2271.974121 -327.0 57209.335938
v -2271.974121 -227.0 57209.335938
v -2275.345947 -227.0 57209.390625
v -2275.345947 -327.0 57209.390625
v -2278.688721 -327.0 57209.835938
v -2278.688721 -227.0 57209.835938
v -2281.957031 -227.0 57210.667969
v -2281.957031 -327.0 57210.667969
v -2285.106934 -327.0 57211.875
v -2285.106934 -227.0 57211.875
v -2288.095459 -227.0 57213.4375
v -2288.095459 -327.0 57213.4375
v -2290.882324 -327.0 57215.335938
v -2290.882324 -227.0 57215.335938
v -2293.430176 -227.0 57217.542969
v -2293.430176 -327.0 57217.542969
v -2295.704102 -227.0 57220.035156
v -2295.704102 -327.0 57220.035156
v -2297.673584 -227.0 57222.773438
v -2297.673584 -327.0 57222.773438
v -2299.311768 -227.0 57225.71875
v -2299.311768 -327.0 57225.71875
v -2300.596924 -227.0 57228.839844
v -2300.596924 -327.0 57228.839844
v -2301.51123 -227.0 57232.085938
v -2301.51123 -327.0 57232.085938
v -2302.04248 -327.0 57235.414062
v -2302.04248 -227.0 57235.414062
v -2302.183594 -227.0 57238.785156
v -2302.183594 -327.0 57238.785156
v -2301.932617 -327.0 57242.148438
v -2301.932617 -227.0 57242.148438
v -2301.292969 -227.0 57245.457031
v -2301.292969 -327.0 57245.457031
v -2300.273193 -227.0 57248.671875
v -2300.273193 -327.0 57248.671875
v -2298.886963 -327.0 57251.746094
v -2298.886963 -227.0 57251.746094
v -2297.15332 -227.0 57254.640625
v -2297.15332 -327.0 57254.640625
v -2295.095703 -327.0 57257.3125
v -2295.095703 -227.0 57257.3125
v -2292.741699 -327.0 57259.726562
v -2292.741699 -227.0 57259.726562
v -2290.123291 -327.0 57261.851562
v -2290.123291 -227.0 57261.851562
v -2287.275635 -327.0 57263.660156
v -2287.275635 -227.0 57263.660156
v -2284.237793 -327.0 57265.121094
v -2284.237793 -227.0 57265.121094
v -2281.050293 -227.0 57266.222656
v -2281.050293 -327.0 57266.222656
v -2277.756592 -327.0 57266.949219
v -2277.756592 -227.0 57266.949219
v -2274.401123 -227.0 57267.285156
v -2274.401123 -327.0 57267.285156
v -2271.029053 -327.0 57267.230469
v -2271.029053 -227.0 57267.230469
v -2267.686279 -327.0 57266.785156
v -2267.686279 -227.0 57266.785156
v -2264.417969 -327.0 57265.953125
v -2264.417969 -227.0 57265.953125
v -2261.268066 -327.0 57264.746094
v -2261.268066 -227.0 57264.746094
v -2258.279541 -327.0 57263.183594
v -2258.279541 -227.0 57263.183594
v -2255.492676 -327.0 57261.285156
v -2255.492676 -227.0 57261.285156
v -2252.944824 -327.0 57259.078125
v -2252.944824 -227.0 57259.078125
v -2541.006836 -327.0 57206.007812
v -2541.006836 -227.0 57206.007812
v -2538.850098 -327.0 57203.046875
v -2538.850098 -227.0 57203.046875
v -2537.014893 -327.0 57199.878906
v -2537.014893 -227.0 57199.878906
v -2535.520996 -327.0 57196.53125
v -2535.520996 -227.0 57196.53125
v -2534.384766 -327.0 57193.050781
v -2534.384766 -227.0 57193.050781
v -2533.619141 -327.0 57189.464844
v -2533.619141 -227.0 57189.464844
v -2533.232178 -327.0 57185.824219
v -2533.232178 -227.0 57185.824219
v -2533.228027 -327.0 57182.160156
v -2533.228027 -227.0 57182.160156
v -2533.606689 -327.0 57178.515625
v -2533.606689 -227.0 57178.515625
v -2534.364258 -327.0 57174.933594
v -2534.364258 -227.0 57174.933594
v -2535.492432 -327.0 57171.445312
v -2535.492432 -227.0 57171.445312
v -2536.97876 -327.0 57168.097656
v -2536.97876 -227.0 57168.097656
v -2538.806885 -327.0 57164.921875
v -2538.806885 -227.0 57164.921875
v -2540.957031 -327.0 57161.957031
v -2540.957031 -227.0 57161.957031
v -2543.405273 -327.0 57159.230469
v -2543.405273 -227.0 57159.230469
v -2546.125 -327.0 57156.777344
v -2546.125 -227.0 57156.777344
v -2549.086426 -227.0 57154.621094
v -2549.086426 -327.0 57154.621094
v -2552.25708 -327.0 57152.785156
v -2552.25708 -227.0 57152.785156
v -2555.602051 -227.0 57151.292969
v -2555.602051 -327.0 57151.292969
v -2559.084961 -327.0 57150.15625
v -2559.084961 -227.0 57150.15625
v -2562.667725 -227.0 57149.390625
v -2562.667725 -327.0 57149.390625
v -2566.310547 -227.0 57149.003906
v -2566.310547 -327.0 57149.003906
v -2569.974121 -327.0 57149.0
v -2569.974121 -227.0 57149.0
v -2573.618164 -227.0 57149.375
v -2573.618164 -327.0 57149.375
v -2577.202393 -227.0 57150.132812
v -2577.202393 -327.0 57150.132812
v -2580.687744 -227.0 57151.261719
v -2580.687744 -327.0 57151.261719
v -2584.036377 -327.0 57152.75
v -2584.036377 -227.0 57152.75
v -2587.211182 -227.0 57154.578125
v -2587.211182 -327.0 57154.578125
v -2590.17749 -227.0 57156.726562
v -2590.17749 -327.0 57156.726562
v -2592.902588 -227.0 57159.175781
v -2592.902588 -327.0 57159.175781
v -2595.357178 -227.0 57161.894531
v -2595.357178 -327.0 57161.894531
v -2597.513916 -227.0 57164.855469
v -2597.513916 -327.0 57164.855469
v -2599.349121 -227.0 57168.027344
v -2599.349121 -327.0 57168.027344
v -2600.843018 -227.0 57171.371094
v -2600.843018 -327.0 57171.371094
v -2601.979248 -227.0 57174.855469
v -2601.979248 -327.0 57174.855469
v -2602.744873 -227.0 57178.4375
v -2602.744873 -327.0 57178.4375
v -2603.131836 -227.0 57182.082031
v -2603.131836 -327.0 57182.082031
v -2603.135986 -227.0 57185.746094
v -2603.135986 -327.0 57185.746094
v -2602.757324 -227.0 57189.386719
v -2602.757324 -327.0 57189.386719
v -2601.999756 -227.0 57192.972656
v -2601.999756 -327.0 57192.972656
v -2600.871582 -227.0 57196.457031
v -2600.871582 -327.0 57196.457031
v -2599.385254 -327.0 57199.804688
v -2599.385254 -227.0 57199.804688
v -2597.557129 -327.0 57202.980469
v -2597.557129 -227.0 57202.980469
v -2595.406982 -327.0 57205.949219
v -2595.406982 -227.0 57205.949219
v -2592.95874 -327.0 57208.671875
v -2592.95874 -227.0 57208.671875
v -2590.239014 -227.0 57211.128906
v -2590.239014 -327.0 57211.128906
v -2587.277588 -327.0 57213.285156
v -2587.277588 -227.0 57213.285156
v -2584.106934 -327.0 57215.121094
v -2580.761963 -327.0 57216.613281
v -2580.761963 -227.0 57216.613281
v -2577.279053 -327.0 57217.75
v -2577.279053 -227.0 57217.75
v -2573.696289 -327.0 57218.515625
v -2573.696289 -227.0 57218.515625
v -2570.053467 -227.0 57218.902344
v -2570.053467 -327.0 57218.902344
v -2566.389893 -227.0 57218.90625
v -2566.389893 -327.0 57218.90625
v -2562.74585 -327.0 57218.527344
v -2562.74585 -227.0 57218.527344
v -2559.161621 -327.0 57217.769531
v -2559.161621 -227.0 57217.769531
v -2555.67627 -327.0 57216.640625
v -2555.67627 -227.0 57216.640625
v -2552.327637 -327.0 57215.15625
v -2552.327637 -227.0 57215.15625
v -2549.152832 -327.0 57213.328125
v -2549.152832 -227.0 57213.328125
v -2546.186523 -327.0 57211.175781
v -2546.186523 -227.0 57211.175781
v -2543.461426 -327.0 57208.730469
v -2543.461426 -227.0 57208.730469
v -2603.196777 -327.0 57277.621094
v -2597.2146 -327.0 57279.644531
v -2597.2146 -227.0 57279.644531
v -2603.196777 -227.0 57277.621094
v -2609.039551 -327.0 57275.226562
v -2609.039551 -227.0 57275.226562
v -2614.719238 -327.0 57272.464844
v -2614.719238 -227.0 57272.464844
v -2620.213379 -327.0 57269.351562
v -2620.213379 -227.0 57269.351562
v -2625.5 -327.0 57265.894531
v -2625.5 -227.0 57265.894531
v -2630.557861 -327.0 57262.113281
v -2630.557861 -227.0 57262.113281
v -2635.367188 -327.0 57258.019531
v -2635.367188 -227.0 57258.019531
v -2639.908447 -327.0 57253.632812
v -2639.908447 -227.0 57253.632812
v -2644.163574 -327.0 57248.964844
v -2644.163574 -227.0 57248.964844
v -2648.115723 -327.0 57244.039062
v -2648.115723 -227.0 57244.039062
v -2651.749268 -327.0 57238.875
v -2651.749268 -227.0 57238.875
v -2655.049316 -327.0 57233.492188
v -2655.049316 -227.0 57233.492188
v -2658.00293 -327.0 57227.910156
v -2658.00293 -227.0 57227.910156
v -2660.598389 -327.0 57222.152344
v -2660.598389 -227.0 57222.152344
v -2662.825439 -327.0 57216.242188
v -2662.825439 -227.0 57216.242188
v -2664.674805 -327.0 57210.203125
v -2664.674805 -227.0 57210.203125
v -2666.139404 -327.0 57204.0625
v -2666.139404 -227.0 57204.0625
v -2667.213379 -327.0 57197.835938
v -2667.213379 -227.0 57197.835938
v -2667.892334 -327.0 57191.558594
v -2667.892334 -227.0 57191.558594
v -2668.173584 -327.0 57185.25
v -2668.173584 -227.0 57185.25
v -2668.056152 -327.0 57178.9375
v -2668.056152 -227.0 57178.9375
v -2667.540283 -327.0 57172.640625
v -2667.540283 -227.0 57172.640625
v -2666.628174 -327.0 57166.394531
v -2666.628174 -227.0 57166.394531
v -2665.323486 -327.0 57160.214844
v -2665.323486 -227.0 57160.214844
v -2663.631592 -327.0 57154.128906
v -2663.631592 -227.0 57154.128906
v -2661.558594 -327.0 57148.164062
v -2661.558594 -227.0 57148.164062
v -2659.113525 -327.0 57142.339844
v -2659.113525 -227.0 57142.339844
v -2656.305664 -327.0 57136.683594
v -2656.305664 -227.0 57136.683594
v -2653.146484 -327.0 57131.214844
v -2653.146484 -227.0 57131.214844
v -2649.648193 -227.0 57125.957031
v -2649.648193 -327.0 57125.957031
v -2645.825195 -327.0 57120.933594
v -2645.825195 -227.0 57120.933594
v -2301.564941 -327.0 57387.476562
v -2301.564941 -227.0 57387.476562
v -2216.008789 -327.0 57282.066406
v -2216.008789 -227.0 57282.066406
v -2223.83374 -327.0 57185.886719
v -2227.812988 -327.0 57182.40625
v -2227.812988 -227.0 57182.40625
v -2223.83374 -227.0 57185.886719
v -2220.120361 -327.0 57189.648438
v -2220.120361 -227.0 57189.648438
v -2216.693115 -327.0 57193.675781
v -2216.693115 -227.0 57193.675781
v -2213.570312 -327.0 57197.941406
v -2213.570312 -227.0 57197.941406
v -2210.769043 -327.0 57202.421875
v -2208.304199 -327.0 57207.097656
v -2208.304199 -227.0 57207.097656
v -2206.188965 -327.0 57211.945312
v -2206.188965 -227.0 57211.945312
v -2204.435059 -327.0 57216.929688
v -2204.435059 -227.0 57216.929688
v -2203.051758 -327.0 57222.03125
v -2203.051758 -227.0 57222.03125
v -2202.046387 -327.0 57227.222656
v -2202.046387 -227.0 57227.222656
v -2201.424561 -327.0 57232.472656
v -2201.424561 -227.0 57232.472656
v -2201.189697 -227.0 57237.753906
v -2201.189697 -327.0 57237.753906
v -2201.342773 -227.0 57243.039062
v -2201.342773 -327.0 57243.039062
v -2201.883301 -227.0 57248.296875
v -2201.883301 -327.0 57248.296875
v -2202.808105 -227.0 57253.5
v -2202.808105 -327.0 57253.5
v -2204.112305 -227.0 57258.625
v -2204.112305 -327.0 57258.625
v -2205.788818 -227.0 57263.636719
v -2205.788818 -327.0 57263.636719
v -2207.828613 -227.0 57268.511719
v -2207.828613 -327.0 57268.511719
v -2210.220947 -227.0 57273.226562
v -2210.220947 -327.0 57273.226562
v -2212.952393 -227.0 57277.753906
v -2212.952393 -327.0 57277.753906
v -2509.891113 -327.0 56953.457031
v 3045.395752 275.0 58190.582031
v 3045.395752 375.0 58190.582031
v 3043.706543 275.0 58186.054688
v 3043.706543 375.0 58186.054688
v 3041.658447 275.0 58181.679688
v 3041.658447 375.0 58181.679688
v 3039.264893 275.0 58177.480469
v 3039.264893 375.0 58177.480469
v 3036.541504 275.0 58173.488281
v 3036.541504 375.0 58173.488281
v 3033.505615 275.0 58169.730469
v 3033.505615 375.0 58169.730469
v 3030.177002 275.0 58166.226562
v 3030.177002 375.0 58166.226562
v 3026.577393 275.0 58163.003906
v 3026.577393 375.0 58163.003906
v 3022.730225 275.0 58160.082031
v 3022.730225 375.0 58160.082031
v 3018.660156 275.0 58157.476562
v 3018.660156 375.0 58157.476562
v 3014.393799 275.0 58155.207031
v 3014.393799 375.0 58155.207031
v 3009.95874 275.0 58153.292969
v 3009.95874 375.0 58153.292969
v 3005.383789 275.0 58151.738281
v 3005.383789 375.0 58151.738281
v 3000.698486 275.0 58150.554688
v 3000.698486 375.0 58150.554688
v 2995.93335 275.0 58149.753906
v 2995.93335 375.0 58149.753906
v 2991.119385 275.0 58149.339844
v 2991.119385 375.0 58149.339844
v 2986.287354 275.0 58149.3125
v 2986.287354 375.0 58149.3125
v 2981.469238 275.0 58149.675781
v 2981.469238 375.0 58149.675781
v 2976.695801 275.0 58150.425781
v 2976.695801 375.0 58150.425781
v 2971.998047 275.0 58151.558594
v 2971.998047 375.0 58151.558594
v 2967.406738 275.0 58153.0625
v 2967.406738 375.0 58153.0625
v 2962.951416 275.0 58154.933594
v 2962.951416 375.0 58154.933594
v 2958.661133 275.0 58157.15625
v 2958.661133 375.0 58157.15625
v 2954.563477 275.0 58159.71875
v 2954.563477 375.0 58159.71875
v 2950.685059 275.0 58162.597656
v 2950.685059 375.0 58162.597656
v 2947.05127 275.0 58165.785156
v 2947.05127 375.0 58165.785156
v 2943.685547 275.0 58169.25
v 2943.685547 375.0 58169.25
v 2940.609619 275.0 58172.976562
v 2940.609619 375.0 58172.976562
v 2937.843506 275.0 58176.9375
v 2937.843506 375.0 58176.9375
v 2935.405273 275.0 58181.109375
v 2935.405273 375.0 58181.109375
v 2933.310547 275.0 58185.464844
v 2933.310547 375.0 58185.464844
v 2931.572998 275.0 58189.972656
v 2931.572998 375.0 58189.972656
v 2930.203857 275.0 58194.605469
v 2930.203857 375.0 58194.605469
v 2929.212158 275.0 58199.335938
v 2929.212158 375.0 58199.335938
v 2928.604004 275.0 58204.128906
v 2928.604004 375.0 58204.128906
v 2928.383545 275.0 58208.957031
v 2928.383545 375.0 58208.957031
v 2928.552246 275.0 58213.785156
v 2928.552246 375.0 58213.785156
v 2929.109131 275.0 58218.585938
v 2929.109131 375.0 58218.585938
v 2930.050293 275.0 58223.324219
v 2930.050293 375.0 58223.324219
v 2931.369629 275.0 58227.972656
v 2931.369629 375.0 58227.972656
v 2933.059082 375.0 58232.5
v 2933.059082 275.0 58232.5
v 2935.106934 375.0 58236.875
v 2935.106934 275.0 58236.875
v 2937.500488 375.0 58241.074219
v 2937.500488 275.0 58241.074219
v 2940.224121 375.0 58245.066406
v 2940.224121 275.0 58245.066406
v 2943.26001 375.0 58248.824219
v 2943.26001 275.0 58248.824219
v 2946.588379 375.0 58252.328125
v 2946.588379 275.0 58252.328125
v 2950.187988 375.0 58255.550781
v 2950.187988 275.0 58255.550781
v 2954.035156 375.0 58258.472656
v 2954.035156 275.0 58258.472656
v 2958.105225 375.0 58261.078125
v 2958.105225 275.0 58261.078125
v 2962.371582 375.0 58263.347656
v 2962.371582 275.0 58263.347656
v 2966.806641 375.0 58265.265625
v 2966.806641 275.0 58265.265625
v 2971.381592 375.0 58266.820312
v 2971.381592 275.0 58266.820312
v 2976.066895 375.0 58268.0
v 2976.066895 275.0 58268.0
v 2980.832031 375.0 58268.800781
v 2980.832031 275.0 58268.800781
v 2985.64624 375.0 58269.214844
v 2985.64624 275.0 58269.214844
v 2990.478027 375.0 58269.242188
v 2990.478027 275.0 58269.242188
v 2995.296387 375.0 58268.878906
v 2995.296387 275.0 58268.878906
v 3000.06958 375.0 58268.128906
v 3000.06958 275.0 58268.128906
v 3004.767334 375.0 58266.996094
v 3004.767334 275.0 58266.996094
v 3009.358643 375.0 58265.492188
v 3009.358643 275.0 58265.492188
v 3013.813965 375.0 58263.621094
v 3013.813965 275.0 58263.621094
v 3018.104492 375.0 58261.398438
v 3018.104492 275.0 58261.398438
v 3022.202148 375.0 58258.839844
v 3022.202148 275.0 58258.839844
v 3026.080322 375.0 58255.957031
v 3026.080322 275.0 58255.957031
v 3029.714111 375.0 58252.769531
v 3029.714111 275.0 58252.769531
v 3033.079834 375.0 58249.304688
v 3033.079834 275.0 58249.304688
v 3036.155762 375.0 58245.578125
v 3036.155762 275.0 58245.578125
v 3038.921875 375.0 58241.617188
v 3038.921875 275.0 58241.617188
v 3041.360107 375.0 58237.445312
v 3041.360107 275.0 58237.445312
v 3043.454834 375.0 58233.089844
v 3043.454834 275.0 58233.089844
v 3045.192383 375.0 58228.582031
v 3045.192383 275.0 58228.582031
v 3046.561523 375.0 58223.949219
v 3046.561523 275.0 58223.949219
v 3047.553467 375.0 58219.21875
v 3047.553467 275.0 58219.21875
v 3048.161621 375.0 58214.425781
v 3048.161621 275.0 58214.425781
v 3048.381836 375.0 58209.597656
v 3048.381836 275.0 58209.597656
v 3048.213135 375.0 58204.769531
v 3048.213135 275.0 58204.769531
v 3047.656494 375.0 58199.96875
v 3047.656494 275.0 58199.96875
v 3046.715332 375.0 58195.230469
v 3046.715332 275.0 58195.230469
v 3009.594482 275.0 58111.554688
v 3020.002686 375.0 58113.621094
v 3020.002686 275.0 58113.621094
v 3009.594482 375.0 58111.554688
v 3030.477539 375.0 58115.316406
v 3030.477539 275.0 58115.316406
v 3041.006104 375.0 58116.644531
v 3041.006104 275.0 58116.644531
v 3051.574707 375.0 58117.597656
v 3051.574707 275.0 58117.597656
v 3062.170654 375.0 58118.175781
v 3062.170654 275.0 58118.175781
v 3072.780273 375.0 58118.378906
v 3072.780273 275.0 58118.378906
v 3083.390381 375.0 58118.207031
v 3083.390381 275.0 58118.207031
v 3093.987793 375.0 58117.660156
v 3093.987793 275.0 58117.660156
v 3104.559326 375.0 58116.738281
v 3104.559326 275.0 58116.738281
v 3115.091797 375.0 58115.445312
v 3115.091797 275.0 58115.445312
v 3125.571533 375.0 58113.777344
v 3125.571533 275.0 58113.777344
v 3135.986084 375.0 58111.742188
v 3135.986084 275.0 58111.742188
v 3146.322021 375.0 58109.339844
v 3146.322021 275.0 58109.339844
v 3156.566406 375.0 58106.574219
v 3156.566406 275.0 58106.574219
v 3166.706787 375.0 58103.445312
v 3166.706787 275.0 58103.445312
v 3211.915283 375.0 58088.621094
v 3211.915283 275.0 58088.621094
v 3215.92041 375.0 58087.507812
v 3215.92041 275.0 58087.507812
v 3220.01123 375.0 58086.773438
v 3220.01123 275.0 58086.773438
v 3224.152344 375.0 58086.414062
v 3224.152344 275.0 58086.414062
v 3228.308838 375.0 58086.441406
v 3228.308838 275.0 58086.441406
v 3232.444824 375.0 58086.851562
v 3232.444824 275.0 58086.851562
v 3236.525635 375.0 58087.644531
v 3236.525635 275.0 58087.644531
v 3240.515869 375.0 58088.808594
v 3240.515869 275.0 58088.808594
v 3244.381836 375.0 58090.332031
v 3244.381836 275.0 58090.332031
v 3248.090332 375.0 58092.210938
v 3248.090332 275.0 58092.210938
v 3251.610107 375.0 58094.421875
v 3251.610107 275.0 58094.421875
v 3254.910645 375.0 58096.949219
v 3254.910645 275.0 58096.949219
v 3257.963867 375.0 58099.769531
v 3257.963867 275.0 58099.769531
v 3260.743896 375.0 58102.859375
v 3260.743896 275.0 58102.859375
v 3263.227051 375.0 58106.191406
v 3263.227051 275.0 58106.191406
v 3265.39209 375.0 58109.738281
v 3265.39209 275.0 58109.738281
v 3267.220459 375.0 58113.472656
v 3267.220459 275.0 58113.472656
v 3268.696533 375.0 58117.359375
v 3268.696533 275.0 58117.359375
v 3269.807861 375.0 58121.363281
v 3269.807861 275.0 58121.363281
v 3270.544922 375.0 58125.453125
v 3270.544922 275.0 58125.453125
v 3270.901367 375.0 58129.59375
v 3270.901367 275.0 58129.59375
v 3270.874268 375.0 58133.75
v 3270.874268 275.0 58133.75
v 3270.463867 375.0 58137.886719
v 3270.463867 275.0 58137.886719
v 3269.67334 375.0 58141.96875
v 3269.67334 275.0 58141.96875
v 3268.509766 375.0 58145.960938
v 3268.509766 275.0 58145.960938
v 3266.98291 375.0 58149.824219
v 3266.98291 275.0 58149.824219
v 3265.105957 375.0 58153.535156
v 3265.105957 275.0 58153.535156
v 3262.894775 375.0 58157.054688
v 3262.894775 275.0 58157.054688
v 3260.368408 375.0 58160.355469
v 3260.368408 275.0 58160.355469
v 3257.548096 375.0 58163.40625
v 3257.548096 275.0 58163.40625
v 3254.458252 375.0 58166.1875
v 3254.458252 275.0 58166.1875
v 3251.125 375.0 58168.671875
v 3251.125 275.0 58168.671875
v 3247.57666 375.0 58170.835938
v 3247.57666 275.0 58170.835938
v 3243.843994 375.0 58172.664062
v 3243.843994 275.0 58172.664062
v 3239.958496 375.0 58174.140625
v 3239.958496 275.0 58174.140625
v 3194.749756 275.0 58188.964844
v 3194.749756 375.0 58188.964844
v 3184.726562 375.0 58192.449219
v 3184.726562 275.0 58192.449219
v 3174.832764 375.0 58196.285156
v 3174.832764 275.0 58196.285156
v 3165.081055 375.0 58200.46875
v 3165.081055 275.0 58200.46875
v 3155.483154 375.0 58204.996094
v 3155.483154 275.0 58204.996094
v 3146.051514 375.0 58209.859375
v 3146.051514 275.0 58209.859375
v 3136.797607 375.0 58215.050781
v 3136.797607 275.0 58215.050781
v 3127.733154 375.0 58220.570312
v 3127.733154 275.0 58220.570312
v 3118.869629 275.0 58226.40625
v 3118.869629 375.0 58226.40625
v 3110.218018 275.0 58232.550781
v 3110.218018 375.0 58232.550781
v 3101.789062 275.0 58238.996094
v 3101.789062 375.0 58238.996094
v 3093.593262 275.0 58245.734375
v 3093.593262 375.0 58245.734375
v 3085.641113 275.0 58252.761719
v 3085.641113 375.0 58252.761719
v 3077.942627 275.0 58260.066406
v 3077.942627 375.0 58260.066406
v 3070.506836 275.0 58267.636719
v 3070.506836 375.0 58267.636719
v 3063.34375 275.0 58275.464844
v 3063.34375 375.0 58275.464844
v 3059.047119 275.0 58280.035156
v 3059.047119 375.0 58280.035156
v 3054.472656 275.0 58284.324219
v 3054.472656 375.0 58284.324219
v 3049.638184 275.0 58288.320312
v 3049.638184 375.0 58288.320312
v 3044.562744 275.0 58292.003906
v 3044.562744 375.0 58292.003906
v 3039.266357 275.0 58295.363281
v 3039.266357 375.0 58295.363281
v 3033.769531 275.0 58298.382812
v 3033.769531 375.0 58298.382812
v 3028.094482 275.0 58301.054688
v 3028.094482 375.0 58301.054688
v 3022.263184 275.0 58303.363281
v 3022.263184 375.0 58303.363281
v 3016.298584 275.0 58305.300781
v 3016.298584 375.0 58305.300781
v 3010.224121 275.0 58306.863281
v 3010.224121 375.0 58306.863281
v 3004.063721 275.0 58308.039062
v 3004.063721 375.0 58308.039062
v 2997.841797 275.0 58308.828125
v 2997.841797 375.0 58308.828125
v 2991.58252 275.0 58309.226562
v 2991.58252 375.0 58309.226562
v 2985.310791 275.0 58309.230469
v 2985.310791 375.0 58309.230469
v 2979.051025 275.0 58308.839844
v 2979.051025 375.0 58308.839844
v 2972.827881 275.0 58308.058594
v 2972.827881 375.0 58308.058594
v 2966.666016 275.0 58306.890625
v 2966.666016 375.0 58306.890625
v 2960.5896 275.0 58305.335938
v 2960.5896 375.0 58305.335938
v 2954.622559 275.0 58303.40625
v 2954.622559 375.0 58303.40625
v 2948.78833 275.0 58301.105469
v 2948.78833 375.0 58301.105469
v 2943.109863 275.0 58298.441406
v 2943.109863 375.0 58298.441406
v 2937.609375 275.0 58295.429688
v 2937.609375 375.0 58295.429688
v 2932.308594 275.0 58292.078125
v 2932.308594 375.0 58292.078125
v 2927.228516 275.0 58288.398438
v 2927.228516 375.0 58288.398438
v 2922.388672 275.0 58284.410156
v 2922.388672 375.0 58284.410156
v 2917.808838 275.0 58280.125
v 2917.808838 375.0 58280.125
v 2913.506348 275.0 58275.5625
v 2913.506348 375.0 58275.5625
v 2909.498535 275.0 58270.738281
v 2909.498535 375.0 58270.738281
v 2905.800781 275.0 58265.671875
v 2905.800781 375.0 58265.671875
v 2902.428223 275.0 58260.382812
v 2902.428223 375.0 58260.382812
v 2899.393555 275.0 58254.894531
v 2899.393555 375.0 58254.894531
v 2896.708984 275.0 58249.226562
v 2896.708984 375.0 58249.226562
v 2894.38501 275.0 58243.402344
v 2894.38501 375.0 58243.402344
v 2892.430664 275.0 58237.441406
v 2892.430664 375.0 58237.441406
v 2890.854004 275.0 58231.371094
v 2890.854004 375.0 58231.371094
v 2889.660645 275.0 58225.214844
v 2889.660645 375.0 58225.214844
v 2888.855957 275.0 58218.992188
v 2888.855957 375.0 58218.992188
v 2888.442627 275.0 58212.734375
v 2888.442627 375.0 58212.734375
v 2888.422363 275.0 58206.464844
v 2888.422363 375.0 58206.464844
v 2888.79541 275.0 58200.203125
v 2888.79541 375.0 58200.203125
v 2889.560059 275.0 58193.976562
v 2889.560059 375.0 58193.976562
v 2890.713379 275.0 58187.8125
v 2890.713379 375.0 58187.8125
v 2892.251221 275.0 58181.734375
v 2892.251221 375.0 58181.734375
v 2894.166992 275.0 58175.761719
v 2894.166992 375.0 58175.761719
v 2896.453125 275.0 58169.921875
v 2896.453125 375.0 58169.921875
v 2899.101318 275.0 58164.234375
v 2899.101318 375.0 58164.234375
v 2902.100342 275.0 58158.726562
v 2902.100342 375.0 58158.726562
v 2905.438965 275.0 58153.417969
v 2905.438965 375.0 58153.417969
v 2909.10376 275.0 58148.328125
v 2909.10376 375.0 58148.328125
v 2913.080566 275.0 58143.476562
v 2913.080566 375.0 58143.476562
v 2917.353516 275.0 58138.886719
v 2917.353516 375.0 58138.886719
v 2921.905762 275.0 58134.574219
v 2921.905762 375.0 58134.574219
v 2926.719482 275.0 58130.550781
v 2926.719482 375.0 58130.550781
v 2931.775879 275.0 58126.84375
v 2931.775879 375.0 58126.84375
v 2937.054932 275.0 58123.457031
v 2937.054932 375.0 58123.457031
v 2942.535889 275.0 58120.40625
v 2942.535889 375.0 58120.40625
v 2948.197021 275.0 58117.707031
v 2948.197021 375.0 58117.707031
v 2954.016357 275.0 58115.367188
v 2954.016357 375.0 58115.367188
v 2959.970947 275.0 58113.398438
v 2959.970947 375.0 58113.398438
v 2966.037109 275.0 58111.804688
v 2966.037109 375.0 58111.804688
v 2972.191406 275.0 58110.597656
v 2972.191406 375.0 58110.597656
v 2978.40918 275.0 58109.777344
v 2978.40918 375.0 58109.777344
v 2984.66626 275.0 58109.347656
v 2984.66626 375.0 58109.347656
v 2990.937988 275.0 58109.308594
v 2990.937988 375.0 58109.308594
v 2997.199707 275.0 58109.667969
v 2997.199707 375.0 58109.667969
v 3003.426758 275.0 58110.414062
v 3003.426758 375.0 58110.414062
v 3246.604004 275.0 58124.601562
v 3246.604004 375.0 58124.601562
v 3245.542725 275.0 58121.964844
v 3245.542725 375.0 58121.964844
v 3244.145752 375.0 58119.484375
v 3244.145752 275.0 58119.484375
v 3242.4375 375.0 58117.210938
v 3242.4375 275.0 58117.210938
v 3240.446777 375.0 58115.175781
v 3240.446777 275.0 58115.175781
v 3238.207764 375.0 58113.421875
v 3238.207764 275.0 58113.421875
v 3235.758789 375.0 58111.972656
v 3235.758789 275.0 58111.972656
v 3233.141602 375.0 58110.859375
v 3233.141602 275.0 58110.859375
v 3230.401367 375.0 58110.09375
v 3230.401367 275.0 58110.09375
v 3227.584717 375.0 58109.691406
v 3227.584717 275.0 58109.691406
v 3224.739746 375.0 58109.664062
v 3224.739746 275.0 58109.664062
v 3221.915283 375.0 58110.003906
v 3221.915283 275.0 58110.003906
v 3219.159668 375.0 58110.710938
v 3219.159668 275.0 58110.710938
v 3216.520264 375.0 58111.773438
v 3216.520264 275.0 58111.773438
v 3214.041748 375.0 58113.171875
v 3214.041748 275.0 58113.171875
v 3211.766602 375.0 58114.878906
v 3211.766602 275.0 58114.878906
v 3209.734131 375.0 58116.871094
v 3209.734131 275.0 58116.871094
v 3207.97876 375.0 58119.109375
v 3207.97876 275.0 58119.109375
v 3206.530762 375.0 58121.558594
v 3206.530762 275.0 58121.558594
v 3205.414795 375.0 58124.175781
v 3205.414795 275.0 58124.175781
v 3204.649902 375.0 58126.914062
v 3204.649902 275.0 58126.914062
v 3204.249268 375.0 58129.730469
v 3204.249268 275.0 58129.730469
v 3204.219727 375.0 58132.578125
v 3204.219727 275.0 58132.578125
v 3204.561768 375.0 58135.402344
v 3204.561768 275.0 58135.402344
v 3205.269775 375.0 58138.15625
v 3205.269775 275.0 58138.15625
v 3206.331055 275.0 58140.796875
v 3206.331055 375.0 58140.796875
v 3207.728027 275.0 58143.273438
v 3207.728027 375.0 58143.273438
v 3209.436279 275.0 58145.550781
v 3209.436279 375.0 58145.550781
v 3211.427002 275.0 58147.582031
v 3211.427002 375.0 58147.582031
v 3213.666016 275.0 58149.339844
v 3213.666016 375.0 58149.339844
v 3216.11499 275.0 58150.785156
v 3216.11499 375.0 58150.785156
v 3218.732178 275.0 58151.902344
v 3218.732178 375.0 58151.902344
v 3221.472412 275.0 58152.667969
v 3221.472412 375.0 58152.667969
v 3224.289062 275.0 58153.066406
v 3224.289062 375.0 58153.066406
v 3227.134033 275.0 58153.097656
v 3227.134033 375.0 58153.097656
v 3229.958252 275.0 58152.753906
v 3229.958252 375.0 58152.753906
v 3232.713867 275.0 58152.046875
v 3232.713867 375.0 58152.046875
v 3235.353516 275.0 58150.984375
v 3235.353516 375.0 58150.984375
v 3237.832031 275.0 58149.589844
v 3237.832031 375.0 58149.589844
v 3240.107178 275.0 58147.878906
v 3240.107178 375.0 58147.878906
v 3242.139648 275.0 58145.890625
v 3242.139648 375.0 58145.890625
v 3243.89502 275.0 58143.652344
v 3243.89502 375.0 58143.652344
v 3245.343018 275.0 58141.203125
v 3245.343018 375.0 58141.203125
v 3246.458984 275.0 58138.585938
v 3246.458984 375.0 58138.585938
v 3247.223633 275.0 58135.84375
v 3247.223633 375.0 58135.84375
v 3247.624268 275.0 58133.027344
v 3247.624268 375.0 58133.027344
v 3247.653809 275.0 58130.183594
v 3247.653809 375.0 58130.183594
v 3247.311768 275.0 58127.359375
v 3247.311768 375.0 58127.359375
v 792.001221 -872.811096 52885.390625
v 947.28772 -872.811096 53011.429688
v 785.531921 -957.188904 52893.359375
v 940.818481 -957.188904 53019.398438
v -2510.248535 -235.311081 56953.894531
v -2354.962158 -235.311081 57079.9375
v -2516.717773 -319.688934 56961.867188
v -2361.431396 -319.688934 57087.90625
v -2295.704102 497.0 57220.035156
v -2293.430176 497.0 57217.542969
v -2290.882324 497.0 57215.335938
v -2288.095459 497.0 57213.4375
v -2285.106934 497.0 57211.875
v -2281.957031 497.0 57210.667969
v -2278.688721 497.0 57209.835938
v -2275.345947 497.0 57209.390625
v -2271.974121 497.0 57209.335938
v -2268.618408 497.0 57209.671875
v -2265.324707 497.0 57210.398438
v -2262.137207 497.0 57211.5
v -2259.099365 497.0 57212.960938
v -2256.251953 497.0 57214.769531
v -2253.633301 497.0 57216.894531
v -2251.279297 497.0 57219.308594
v -2249.22168 497.0 57221.980469
v -2247.488037 497.0 57224.875
v -2246.102051 497.0 57227.949219
v -2245.082031 497.0 57231.164062
v -2244.442383 497.0 57234.472656
v -2244.191406 497.0 57237.835938
v -2244.33252 497.0 57241.207031
v -2244.86377 497.0 57244.535156
v -2245.778076 497.0 57247.78125
v -2245.778076 397.0 57247.78125
v -2247.063232 497.0 57250.902344
v -2248.701416 497.0 57253.847656
v -2250.670898 497.0 57256.585938
v -2252.944824 497.0 57259.078125
v -2255.492676 497.0 57261.285156
v -2258.279541 497.0 57263.183594
v -2261.268066 497.0 57264.746094
v -2264.417969 497.0 57265.953125
v -2267.686279 497.0 57266.785156
v -2271.029053 497.0 57267.230469
v -2274.401123 497.0 57267.285156
v -2277.756592 497.0 57266.949219
v -2281.050293 497.0 57266.222656
v -2284.237793 497.0 57265.121094
v -2287.275635 497.0 57263.660156
v -2290.123291 497.0 57261.851562
v -2292.741699 497.0 57259.726562
v -2295.095703 497.0 57257.3125
v -2297.15332 497.0 57254.640625
v -2298.886963 497.0 57251.746094
v -2300.273193 497.0 57248.671875
v -2301.292969 497.0 57245.457031
v -2301.932617 497.0 57242.148438
v -2302.183594 497.0 57238.785156
v -2302.04248 497.0 57235.414062
v -2301.51123 497.0 57232.085938
v -2300.596924 497.0 57228.839844
v -2299.311768 497.0 57225.71875
v -2297.673584 497.0 57222.773438
v -2595.357178 497.0 57161.894531
v -2592.902588 497.0 57159.175781
v -2590.17749 497.0 57156.726562
v -2587.211182 497.0 57154.578125
v -2584.036377 497.0 57152.75
v -2580.687744 497.0 57151.261719
v -2577.202393 497.0 57150.132812
v -2573.618164 497.0 57149.375
v -2569.974121 497.0 57149.0
v -2566.310547 497.0 57149.003906
v -2562.667725 497.0 57149.390625
v -2559.084961 497.0 57150.15625
v -2555.602051 497.0 57151.292969
v -2552.25708 497.0 57152.785156
v -2549.086426 497.0 57154.621094
v -2546.125 497.0 57156.777344
v -2543.405273 497.0 57159.230469
v -2540.957031 497.0 57161.957031
v -2538.806885 497.0 57164.921875
v -2536.97876 497.0 57168.097656
v -2535.492432 497.0 57171.445312
v -2534.364258 497.0 57174.933594
v -2533.606689 497.0 57178.515625
v -2533.228027 497.0 57182.160156
v -2533.232178 497.0 57185.824219
v -2533.619141 497.0 57189.464844
v -2534.384766 497.0 57193.050781
v -2535.520996 497.0 57196.53125
v -2537.014893 497.0 57199.878906
v -2538.850098 497.0 57203.046875
v -2541.006836 497.0 57206.007812
v -2543.461426 497.0 57208.730469
v -2546.186523 497.0 57211.175781
v -2549.152832 497.0 57213.328125
v -2552.327637 497.0 57215.15625
v -2555.67627 497.0 57216.640625
v -2559.161621 497.0 57217.769531
v -2562.74585 497.0 57218.527344
v -2566.389893 497.0 57218.90625
v -2570.053467 497.0 57218.902344
v -2573.696289 497.0 57218.515625
v -2577.279053 497.0 57217.75
v -2580.761963 497.0 57216.613281
v -2584.106934 497.0 57215.121094
v -2587.277588 497.0 57213.285156
v -2590.239014 497.0 57211.128906
v -2592.95874 497.0 57208.671875
v -2595.406982 497.0 57205.949219
v -2597.557129 497.0 57202.980469
v -2599.385254 497.0 57199.804688
v -2600.871582 497.0 57196.457031
v -2601.999756 497.0 57192.972656
v -2602.757324 497.0 57189.386719
v -2603.135986 497.0 57185.746094
v -2603.131836 497.0 57182.082031
v -2602.744873 497.0 57178.4375
v -2601.979248 497.0 57174.855469
v -2600.843018 497.0 57171.371094
v -2599.349121 497.0 57168.027344
v -2597.513916 497.0 57164.855469
v -2645.825195 497.0 57120.933594
v -2645.825195 397.0 57120.933594
v -2649.648193 397.0 57125.957031
v -2649.648193 497.0 57125.957031
v -2653.146484 397.0 57131.214844
v -2653.146484 497.0 57131.214844
v -2656.305664 497.0 57136.683594
v -2656.305664 397.0 57136.683594
v -2659.113525 497.0 57142.339844
v -2659.113525 397.0 57142.339844
v -2661.558594 497.0 57148.164062
v -2661.558594 397.0 57148.164062
v -2663.631592 497.0 57154.128906
v -2663.631592 397.0 57154.128906
v -2665.323486 497.0 57160.214844
v -2665.323486 397.0 57160.214844
v -2666.628174 497.0 57166.394531
v -2666.628174 397.0 57166.394531
v -2667.540283 497.0 57172.640625
v -2667.540283 397.0 57172.640625
v -2668.056152 497.0 57178.9375
v -2668.056152 397.0 57178.9375
v -2668.173584 497.0 57185.25
v -2668.173584 397.0 57185.25
v -2667.892334 497.0 57191.558594
v -2667.892334 397.0 57191.558594
v -2667.213379 497.0 57197.835938
v -2667.213379 397.0 57197.835938
v -2666.139404 497.0 57204.0625
v -2666.139404 397.0 57204.0625
v -2664.674805 497.0 57210.203125
v -2664.674805 397.0 57210.203125
v -2662.825439 497.0 57216.242188
v -2662.825439 397.0 57216.242188
v -2660.598389 497.0 57222.152344
v -2660.598389 397.0 57222.152344
v -2658.00293 497.0 57227.910156
v -2658.00293 397.0 57227.910156
v -2655.049316 497.0 57233.492188
v -2655.049316 397.0 57233.492188
v -2651.749268 497.0 57238.875
v -2651.749268 397.0 57238.875
v -2648.115723 497.0 57244.039062
v -2648.115723 397.0 57244.039062
v -2644.163574 497.0 57248.964844
v -2644.163574 397.0 57248.964844
v -2639.908447 497.0 57253.632812
v -2639.908447 397.0 57253.632812
v -2635.367188 497.0 57258.019531
v -2635.367188 397.0 57258.019531
v -2630.557861 497.0 57262.113281
v -2630.557861 397.0 57262.113281
v -2625.5 497.0 57265.894531
v -2625.5 397.0 57265.894531
v -2620.213379 497.0 57269.351562
v -2620.213379 397.0 57269.351562
v -2614.719238 497.0 57272.464844
v -2614.719238 397.0 57272.464844
v -2609.039551 497.0 57275.226562
v -2609.039551 397.0 57275.226562
v -2603.196777 497.0 57277.621094
v -2603.196777 397.0 57277.621094
v -2597.2146 497.0 57279.644531
v -2597.2146 397.0 57279.644531
v -2301.564941 497.0 57387.476562
v -2216.008789 497.0 57282.066406
v -2212.952393 497.0 57277.753906
v -2210.220947 497.0 57273.226562
v -2207.828613 497.0 57268.511719
v -2205.788818 497.0 57263.636719
v -2204.112305 497.0 57258.625
v -2202.808105 497.0 57253.5
v -2201.883301 497.0 57248.296875
v -2201.342773 497.0 57243.039062
v -2201.189697 497.0 57237.753906
v -2201.424561 497.0 57232.472656
v -2202.046387 497.0 57227.222656
v -2203.051758 497.0 57222.03125
v -2204.435059 497.0 57216.929688
v -2206.188965 497.0 57211.945312
v -2208.304199 497.0 57207.097656
v -2210.769043 497.0 57202.421875
v -2213.570312 397.0 57197.941406
v -2213.570312 497.0 57197.941406
v -2216.693115 497.0 57193.675781
v -2220.120361 497.0 57189.648438
v -2223.83374 497.0 57185.886719
v -2227.812988 497.0 57182.40625
v -2509.891113 497.0 56953.457031
v 938.42334 1109.5 52817.652344
v 938.42334 1060.5 52817.652344
v 940.697266 1109.5 52815.164062
v 940.697266 1060.5 52815.164062
v 943.244995 1060.5 52812.953125
v 943.244995 1109.5 52812.953125
v 946.031982 1109.5 52811.054688
v 946.031982 1060.5 52811.054688
v 949.020569 1060.5 52809.492188
v 949.020569 1109.5 52809.492188
v 952.170349 1060.5 52808.289062
v 952.170349 1109.5 52808.289062
v 955.43866 1060.5 52807.457031
v 955.43866 1109.5 52807.457031
v 958.781433 1060.5 52807.011719
v 958.781433 1109.5 52807.011719
v 962.153381 1060.5 52806.957031
v 962.153381 1109.5 52806.957031
v 965.508911 1060.5 52807.292969
v 965.508911 1109.5 52807.292969
v 968.802673 1109.5 52808.015625
v 968.802673 1060.5 52808.015625
v 971.990112 1060.5 52809.117188
v 971.990112 1109.5 52809.117188
v 975.028076 1109.5 52810.582031
v 975.028076 1060.5 52810.582031
v 977.875549 1109.5 52812.390625
v 977.875549 1060.5 52812.390625
v 980.494019 1109.5 52814.515625
v 980.494019 1060.5 52814.515625
v 982.848022 1109.5 52816.929688
v 982.848022 1060.5 52816.929688
v 984.905762 1060.5 52819.601562
v 984.905762 1109.5 52819.601562
v 986.639404 1109.5 52822.492188
v 986.639404 1060.5 52822.492188
v 988.025513 1109.5 52825.566406
v 988.025513 1060.5 52825.566406
v 989.045288 1060.5 52828.78125
v 989.045288 1109.5 52828.78125
v 989.685059 1109.5 52832.09375
v 989.685059 1060.5 52832.09375
v 989.936035 1060.5 52835.457031
v 989.936035 1109.5 52835.457031
v 989.794922 1109.5 52838.824219
v 989.794922 1060.5 52838.824219
v 989.263611 1109.5 52842.15625
v 989.263611 1060.5 52842.15625
v 988.349243 1060.5 52845.402344
v 988.349243 1109.5 52845.402344
v 987.064209 1109.5 52848.519531
v 987.064209 1060.5 52848.519531
v 985.425903 1109.5 52851.46875
v 985.425903 1060.5 52851.46875
v 983.456421 1109.5 52854.207031
v 983.456421 1060.5 52854.207031
v 981.182495 1109.5 52856.695312
v 981.182495 1060.5 52856.695312
v 978.634827 1109.5 52858.90625
v 978.634827 1060.5 52858.90625
v 975.847839 1109.5 52860.804688
v 975.847839 1060.5 52860.804688
v 972.859253 1109.5 52862.367188
v 972.859253 1060.5 52862.367188
v 969.709473 1109.5 52863.570312
v 969.709473 1060.5 52863.570312
v 966.441101 1109.5 52864.402344
v 966.441101 1060.5 52864.402344
v 963.098328 1109.5 52864.847656
v 963.098328 1060.5 52864.847656
v 959.726379 1109.5 52864.90625
v 959.726379 1060.5 52864.90625
v 956.37085 1109.5 52864.566406
v 956.37085 1060.5 52864.566406
v 953.077087 1109.5 52863.84375
v 953.077087 1060.5 52863.84375
v 949.889709 1109.5 52862.742188
v 949.889709 1060.5 52862.742188
v 946.851685 1109.5 52861.277344
v 946.851685 1060.5 52861.277344
v 944.004211 1109.5 52859.472656
v 944.004211 1060.5 52859.472656
v 941.385803 1109.5 52857.34375
v 941.385803 1060.5 52857.34375
v 939.031799 1060.5 52854.929688
v 939.031799 1109.5 52854.929688
v 936.97406 1109.5 52852.257812
v 936.97406 1060.5 52852.257812
v 935.240417 1109.5 52849.367188
v 935.240417 1060.5 52849.367188
v 933.854309 1060.5 52846.292969
v 933.854309 1109.5 52846.292969
v 932.834473 1109.5 52843.078125
v 932.834473 1060.5 52843.078125
v 932.194763 1060.5 52839.765625
v 932.194763 1109.5 52839.765625
v 931.943787 1060.5 52836.402344
v 931.943787 1109.5 52836.402344
v 932.0849 1060.5 52833.035156
v 932.0849 1109.5 52833.035156
v 932.616211 1060.5 52829.703125
v 932.616211 1109.5 52829.703125
v 933.530579 1060.5 52826.457031
v 933.530579 1109.5 52826.457031
v 934.815613 1109.5 52823.339844
v 934.815613 1060.5 52823.339844
v 936.453918 1060.5 52820.390625
v 936.453918 1109.5 52820.390625
v 780.354736 1109.5 52875.9375
v 780.354736 1060.5 52875.9375
v 761.365112 1109.5 52899.332031
v 761.365112 1060.5 52899.332031
v 939.94458 1109.5 53044.277344
v 939.94458 1060.5 53044.277344
v 958.934204 1109.5 53020.882812
v 958.934204 1060.5 53020.882812
v 955.052063 1060.5 53017.730469
v 955.052063 1109.5 53017.730469
v 1029.654297 1109.5 52856.691406
v 1027.658813 1109.5 52861.4375
v 1027.658813 1060.5 52861.4375
v 1029.654297 1060.5 52856.691406
v 1031.295654 1109.5 52851.8125
v 1031.295654 1060.5 52851.8125
v 1032.574219 1109.5 52846.828125
v 1032.574219 1060.5 52846.828125
v 1033.48291 1109.5 52841.761719
v 1033.48291 1060.5 52841.761719
v 1034.016846 1109.5 52836.640625
v 1034.016846 1060.5 52836.640625
v 1034.173096 1109.5 52831.496094
v 1034.173096 1060.5 52831.496094
v 1033.950928 1109.5 52826.355469
v 1033.950928 1060.5 52826.355469
v 1033.35144 1109.5 52821.242188
v 1033.35144 1060.5 52821.242188
v 1032.37793 1109.5 52816.1875
v 1032.37793 1060.5 52816.1875
v 1031.035767 1109.5 52811.21875
v 1031.035767 1060.5 52811.21875
v 1029.331909 1109.5 52806.359375
v 1029.331909 1060.5 52806.359375
v 1027.275879 1060.5 52801.640625
v 1027.275879 1109.5 52801.640625
v 1024.87854 1109.5 52797.085938
v 1024.87854 1060.5 52797.085938
v 1022.153137 1060.5 52792.722656
v 1022.153137 1109.5 52792.722656
v 1019.114136 1060.5 52788.566406
v 1019.114136 1109.5 52788.566406
v 1015.778137 1060.5 52784.648438
v 1015.778137 1109.5 52784.648438
v 1012.163086 1060.5 52780.984375
v 1012.163086 1109.5 52780.984375
v 1008.288574 1060.5 52777.59375
v 1008.288574 1109.5 52777.59375
v 1004.175537 1060.5 52774.5
v 1004.175537 1109.5 52774.5
v 999.846191 1060.5 52771.714844
v 999.846191 1109.5 52771.714844
v 995.324036 1060.5 52769.257812
v 995.324036 1109.5 52769.257812
v 990.633423 1060.5 52767.136719
v 990.633423 1109.5 52767.136719
v 985.799744 1060.5 52765.367188
v 985.799744 1109.5 52765.367188
v 980.849121 1060.5 52763.960938
v 980.849121 1109.5 52763.960938
v 975.80835 1060.5 52762.917969
v 975.80835 1109.5 52762.917969
v 970.704712 1060.5 52762.25
v 970.704712 1109.5 52762.25
v 965.565735 1060.5 52761.957031
v 965.565735 1109.5 52761.957031
v 960.41925 1060.5 52762.046875
v 960.41925 1109.5 52762.046875
v 955.293091 1060.5 52762.511719
v 955.293091 1109.5 52762.511719
v 950.214905 1060.5 52763.351562
v 950.214905 1109.5 52763.351562
v 945.212219 1060.5 52764.5625
v 945.212219 1109.5 52764.5625
v 940.312073 1060.5 52766.136719
v 940.312073 1109.5 52766.136719
v 935.540894 1060.5 52768.070312
v 935.540894 1109.5 52768.070312
v 930.924622 1060.5 52770.34375
v 930.924622 1109.5 52770.34375
v 926.488037 1060.5 52772.957031
v 926.488037 1109.5 52772.957031
v 922.25531 1060.5 52775.882812
v 922.25531 1109.5 52775.882812
v 784.236877 1109.5 52879.085938
v 784.236877 1060.5 52879.085938
v 983.456421 -939.5 52854.207031
v 983.456421 -890.5 52854.207031
v 985.425903 -939.5 52851.46875
v 985.425903 -890.5 52851.46875
v 987.064209 -939.5 52848.519531
v 987.064209 -890.5 52848.519531
v 988.349243 -939.5 52845.402344
v 988.349243 -890.5 52845.402344
v 989.263611 -939.5 52842.15625
v 989.263611 -890.5 52842.15625
v 989.794922 -939.5 52838.824219
v 989.794922 -890.5 52838.824219
v 989.936035 -939.5 52835.457031
v 989.936035 -890.5 52835.457031
v 989.685059 -939.5 52832.09375
v 989.685059 -890.5 52832.09375
v 989.045288 -939.5 52828.78125
v 989.045288 -890.5 52828.78125
v 988.025513 -939.5 52825.566406
v 988.025513 -890.5 52825.566406
v 986.639404 -939.5 52822.492188
v 986.639404 -890.5 52822.492188
v 984.905762 -939.5 52819.601562
v 984.905762 -890.5 52819.601562
v 982.848022 -939.5 52816.929688
v 982.848022 -890.5 52816.929688
v 980.494019 -939.5 52814.515625
v 980.494019 -890.5 52814.515625
v 977.875549 -890.5 52812.390625
v 977.875549 -939.5 52812.390625
v 975.028076 -939.5 52810.582031
v 975.028076 -890.5 52810.582031
v 971.990112 -939.5 52809.117188
v 971.990112 -890.5 52809.117188
v 968.802673 -890.5 52808.015625
v 968.802673 -939.5 52808.015625
v 965.508911 -939.5 52807.292969
v 965.508911 -890.5 52807.292969
v 962.153381 -890.5 52806.957031
v 962.153381 -939.5 52806.957031
v 958.781433 -939.5 52807.011719
v 958.781433 -890.5 52807.011719
v 955.43866 -890.5 52807.457031
v 955.43866 -939.5 52807.457031
v 952.170349 -890.5 52808.289062
v 952.170349 -939.5 52808.289062
v 949.020569 -890.5 52809.492188
v 949.020569 -939.5 52809.492188
v 946.031982 -890.5 52811.054688
v 946.031982 -939.5 52811.054688
v 943.244995 -890.5 52812.953125
v 943.244995 -939.5 52812.953125
v 940.697266 -890.5 52815.164062
v 940.697266 -939.5 52815.164062
v 938.42334 -939.5 52817.652344
v 938.42334 -890.5 52817.652344
v 936.453918 -890.5 52820.390625
v 936.453918 -939.5 52820.390625
v 934.815613 -939.5 52823.339844
v 934.815613 -890.5 52823.339844
v 933.530579 -939.5 52826.457031
v 933.530579 -890.5 52826.457031
v 932.616211 -890.5 52829.703125
v 932.616211 -939.5 52829.703125
v 932.0849 -890.5 52833.035156
v 932.0849 -939.5 52833.035156
v 931.943787 -939.5 52836.402344
v 931.943787 -890.5 52836.402344
v 932.194763 -890.5 52839.765625
v 932.194763 -939.5 52839.765625
v 932.834473 -890.5 52843.078125
v 932.834473 -939.5 52843.078125
v 933.854309 -890.5 52846.292969
v 933.854309 -939.5 52846.292969
v 935.240417 -890.5 52849.367188
v 935.240417 -939.5 52849.367188
v 936.97406 -939.5 52852.257812
v 936.97406 -890.5 52852.257812
v 939.031799 -890.5 52854.929688
v 939.031799 -939.5 52854.929688
v 941.385803 -939.5 52857.34375
v 941.385803 -890.5 52857.34375
v 944.004211 -890.5 52859.472656
v 944.004211 -939.5 52859.472656
v 946.851685 -890.5 52861.277344
v 946.851685 -939.5 52861.277344
v 949.889709 -939.5 52862.742188
v 949.889709 -890.5 52862.742188
v 953.077087 -939.5 52863.84375
v 953.077087 -890.5 52863.84375
v 956.37085 -939.5 52864.566406
v 956.37085 -890.5 52864.566406
v 959.726379 -939.5 52864.90625
v 959.726379 -890.5 52864.90625
v 963.098328 -939.5 52864.847656
v 963.098328 -890.5 52864.847656
v 966.441101 -939.5 52864.402344
v 966.441101 -890.5 52864.402344
v 969.709473 -890.5 52863.570312
v 969.709473 -939.5 52863.570312
v 972.859253 -939.5 52862.367188
v 972.859253 -890.5 52862.367188
v 975.847839 -939.5 52860.804688
v 975.847839 -890.5 52860.804688
v 978.634827 -939.5 52858.90625
v 978.634827 -890.5 52858.90625
v 981.182495 -939.5 52856.695312
v 981.182495 -890.5 52856.695312
v 761.365112 -939.5 52899.332031
v 761.365112 -890.5 52899.332031
v 780.354736 -939.5 52875.9375
v 780.354736 -890.5 52875.9375
v 939.94458 -939.5 53044.277344
v 939.94458 -890.5 53044.277344
v 958.934204 -939.5 53020.882812
v 958.934204 -890.5 53020.882812
v 955.052063 -939.5 53017.730469
v 955.052063 -890.5 53017.730469
v 922.25531 -939.5 52775.882812
v 922.25531 -890.5 52775.882812
v 926.488037 -890.5 52772.957031
v 926.488037 -939.5 52772.957031
v 930.924622 -890.5 52770.34375
v 930.924622 -939.5 52770.34375
v 935.540894 -890.5 52768.070312
v 935.540894 -939.5 52768.070312
v 940.312073 -890.5 52766.136719
v 940.312073 -939.5 52766.136719
v 945.212219 -890.5 52764.5625
v 945.212219 -939.5 52764.5625
v 950.214905 -890.5 52763.351562
v 950.214905 -939.5 52763.351562
v 955.293091 -890.5 52762.511719
v 955.293091 -939.5 52762.511719
v 960.41925 -890.5 52762.046875
v 960.41925 -939.5 52762.046875
v 965.565735 -890.5 52761.957031
v 965.565735 -939.5 52761.957031
v 970.704712 -890.5 52762.25
v 970.704712 -939.5 52762.25
v 975.80835 -939.5 52762.917969
v 975.80835 -890.5 52762.917969
v 980.849121 -939.5 52763.960938
v 980.849121 -890.5 52763.960938
v 985.799744 -939.5 52765.367188
v 985.799744 -890.5 52765.367188
v 990.633423 -939.5 52767.136719
v 990.633423 -890.5 52767.136719
v 995.324036 -939.5 52769.257812
v 995.324036 -890.5 52769.257812
v 999.846191 -939.5 52771.714844
v 999.846191 -890.5 52771.714844
v 1004.175537 -939.5 52774.5
v 1004.175537 -890.5 52774.5
v 1008.288574 -939.5 52777.59375
v 1008.288574 -890.5 52777.59375
v 1012.163086 -939.5 52780.984375
v 1012.163086 -890.5 52780.984375
v 1015.778137 -939.5 52784.648438
v 1015.778137 -890.5 52784.648438
v 1019.114136 -939.5 52788.566406
v 1019.114136 -890.5 52788.566406
v 1022.153137 -939.5 52792.722656
v 1022.153137 -890.5 52792.722656
v 1024.87854 -939.5 52797.085938
v 1024.87854 -890.5 52797.085938
v 1027.275879 -939.5 52801.640625
v 1027.275879 -890.5 52801.640625
v 1029.331909 -939.5 52806.359375
v 1029.331909 -890.5 52806.359375
v 1031.035767 -939.5 52811.21875
v 1031.035767 -890.5 52811.21875
v 1032.37793 -939.5 52816.1875
v 1032.37793 -890.5 52816.1875
v 1033.35144 -939.5 52821.242188
v 1033.35144 -890.5 52821.242188
v 1033.950928 -939.5 52826.355469
v 1033.950928 -890.5 52826.355469
v 1034.173096 -939.5 52831.496094
v 1034.173096 -890.5 52831.496094
v 1034.016846 -939.5 52836.640625
v 1034.016846 -890.5 52836.640625
v 1033.48291 -939.5 52841.761719
v 1033.48291 -890.5 52841.761719
v 1032.574219 -939.5 52846.828125
v 1032.574219 -890.5 52846.828125
v 1031.295654 -939.5 52851.8125
v 1031.295654 -890.5 52851.8125
v 1029.654297 -939.5 52856.691406
v 1029.654297 -890.5 52856.691406
v 1027.658813 -939.5 52861.4375
v 1027.658813 -890.5 52861.4375
v 784.236877 -939.5 52879.085938
v 784.236877 -890.5 52879.085938
v 1351.506348 -971.038574 52864.480469
v 1351.506348 -853.416321 52864.480469
v 1142.458618 -971.038574 52933.03125
v 1142.458618 -853.416321 52933.03125
v 1086.567993 -971.038574 52519.089844
v 1138.001465 -853.416321 52502.222656
v 1138.001465 -971.038574 52502.222656
v 1086.567993 -853.416321 52519.089844
v 1030.134155 -971.038574 52565.867188
v 1030.134155 -853.416321 52565.867188
v 1033.320679 -853.416321 52560.484375
v 1033.320679 -971.038574 52560.484375
v 1036.83728 -853.416321 52555.316406
v 1036.83728 -971.038574 52555.316406
v 1040.670044 -853.416321 52550.375
v 1040.670044 -971.038574 52550.375
v 1044.804199 -853.416321 52545.683594
v 1044.804199 -971.038574 52545.683594
v 1049.223511 -853.416321 52541.257812
v 1049.223511 -971.038574 52541.257812
v 1053.910645 -853.416321 52537.121094
v 1053.910645 -971.038574 52537.121094
v 1058.84729 -853.416321 52533.28125
v 1058.84729 -971.038574 52533.28125
v 1064.01416 -853.416321 52529.761719
v 1064.01416 -971.038574 52529.761719
v 1069.390991 -853.416321 52526.566406
v 1069.390991 -971.038574 52526.566406
v 1074.956909 -853.416321 52523.71875
v 1074.956909 -971.038574 52523.71875
v 1080.690063 -853.416321 52521.222656
v 1080.690063 -971.038574 52521.222656
v 971.570129 -971.038574 52905.003906
v 976.762634 -971.038574 52903.996094
v 976.762634 -853.416321 52903.996094
v 971.570129 -853.416321 52905.003906
v 966.316284 -971.038574 52905.621094
v 966.316284 -853.416321 52905.621094
v 961.031189 -971.038574 52905.835938
v 961.031189 -853.416321 52905.835938
v 955.744873 -971.038574 52905.648438
v 955.744873 -853.416321 52905.648438
v 950.487671 -971.038574 52905.066406
v 950.487671 -853.416321 52905.066406
v 945.28949 -971.038574 52904.085938
v 945.28949 -853.416321 52904.085938
v 940.180115 -971.038574 52902.71875
v 940.180115 -853.416321 52902.71875
v 935.188599 -971.038574 52900.96875
v 935.188599 -853.416321 52900.96875
v 930.343506 -971.038574 52898.847656
v 930.343506 -853.416321 52898.847656
v 925.672485 -971.038574 52896.363281
v 925.672485 -853.416321 52896.363281
v 921.202271 -971.038574 52893.535156
v 921.202271 -853.416321 52893.535156
v 916.958313 -971.038574 52890.378906
v 916.958313 -853.416321 52890.378906
v 912.964844 -971.038574 52886.910156
v 912.964844 -853.416321 52886.910156
v 909.244751 -971.038574 52883.152344
v 909.244751 -853.416321 52883.152344
v 905.819153 -971.038574 52879.121094
v 905.819153 -853.416321 52879.121094
v 902.707703 -971.038574 52874.84375
v 902.707703 -853.416321 52874.84375
v 899.928162 -971.038574 52870.34375
v 899.928162 -853.416321 52870.34375
v 897.496338 -971.038574 52865.644531
v 897.496338 -853.416321 52865.644531
v 895.426147 -971.038574 52860.777344
v 895.426147 -853.416321 52860.777344
v 893.729431 -971.038574 52855.765625
v 893.729431 -853.416321 52855.765625
v 892.415894 -971.038574 52850.644531
v 892.415894 -853.416321 52850.644531
v 891.492981 -971.038574 52845.433594
v 891.492981 -853.416321 52845.433594
v 890.966003 -971.038574 52840.171875
v 890.966003 -853.416321 52840.171875
v 890.837952 -971.038574 52834.882812
v 890.837952 -853.416321 52834.882812
v 891.109497 -971.038574 52829.601562
v 891.109497 -853.416321 52829.601562
v 891.779236 -971.038574 52824.355469
v 891.779236 -853.416321 52824.355469
v 892.843201 -853.416321 52819.171875
v 892.843201 -971.038574 52819.171875
v 894.29541 -971.038574 52814.085938
v 894.29541 -853.416321 52814.085938
v 896.127563 -853.416321 52809.125
v 896.127563 -971.038574 52809.125
v 898.329163 -853.416321 52804.316406
v 898.329163 -971.038574 52804.316406
v 900.887573 -971.038574 52799.6875
v 900.887573 -853.416321 52799.6875
v 903.78833 -853.416321 52795.261719
v 903.78833 -971.038574 52795.261719
v 1117.775635 -853.416321 52857.757812
v 1117.775635 -971.038574 52857.757812
v 933.292114 -971.038574 52844.863281
v 934.527466 -853.416321 52848.003906
v 934.527466 -971.038574 52848.003906
v 933.292114 -853.416321 52844.863281
v 936.118774 -853.416321 52850.976562
v 936.118774 -971.038574 52850.976562
v 938.044495 -853.416321 52853.746094
v 938.044495 -971.038574 52853.746094
v 940.278625 -853.416321 52856.269531
v 940.278625 -971.038574 52856.269531
v 942.790894 -853.416321 52858.519531
v 942.790894 -971.038574 52858.519531
v 945.547363 -853.416321 52860.464844
v 945.547363 -971.038574 52860.464844
v 948.510803 -853.416321 52862.074219
v 948.510803 -971.038574 52862.074219
v 951.641052 -853.416321 52863.328125
v 951.641052 -971.038574 52863.328125
v 954.895813 -853.416321 52864.210938
v 954.895813 -971.038574 52864.210938
v 958.231018 -853.416321 52864.710938
v 958.231018 -971.038574 52864.710938
v 961.601685 -853.416321 52864.820312
v 961.601685 -971.038574 52864.820312
v 964.962158 -853.416321 52864.535156
v 964.962158 -971.038574 52864.535156
v 968.266968 -853.416321 52863.863281
v 968.266968 -971.038574 52863.863281
v 971.471497 -853.416321 52862.8125
v 971.471497 -971.038574 52862.8125
v 974.532349 -853.416321 52861.398438
v 974.532349 -971.038574 52861.398438
v 977.408142 -853.416321 52859.636719
v 977.408142 -971.038574 52859.636719
v 980.059998 -853.416321 52857.550781
v 980.059998 -971.038574 52857.550781
v 982.452087 -853.416321 52855.175781
v 982.452087 -971.038574 52855.175781
v 984.551941 -853.416321 52852.535156
v 984.551941 -971.038574 52852.535156
v 986.331299 -853.416321 52849.671875
v 986.331299 -971.038574 52849.671875
v 987.766052 -853.416321 52846.621094
v 987.766052 -971.038574 52846.621094
v 988.836792 -853.416321 52843.421875
v 988.836792 -971.038574 52843.421875
v 989.528992 -853.416321 52840.121094
v 989.528992 -971.038574 52840.121094
v 989.833374 -853.416321 52836.761719
v 989.833374 -971.038574 52836.761719
v 989.745789 -853.416321 52833.390625
v 989.745789 -971.038574 52833.390625
v 989.267395 -853.416321 52830.054688
v 989.267395 -971.038574 52830.054688
v 988.404724 -853.416321 52826.792969
v 988.404724 -971.038574 52826.792969
v 987.169312 -853.416321 52823.65625
v 987.169312 -971.038574 52823.65625
v 985.578064 -853.416321 52820.679688
v 985.578064 -971.038574 52820.679688
v 983.652344 -853.416321 52817.914062
v 983.652344 -971.038574 52817.914062
v 981.418213 -853.416321 52815.386719
v 981.418213 -971.038574 52815.386719
v 978.905945 -853.416321 52813.136719
v 978.905945 -971.038574 52813.136719
v 976.149475 -853.416321 52811.195312
v 976.149475 -971.038574 52811.195312
v 973.186035 -853.416321 52809.585938
v 973.186035 -971.038574 52809.585938
v 970.055786 -853.416321 52808.328125
v 970.055786 -971.038574 52808.328125
v 966.801025 -853.416321 52807.445312
v 966.801025 -971.038574 52807.445312
v 963.46582 -853.416321 52806.945312
v 963.46582 -971.038574 52806.945312
v 960.095154 -853.416321 52806.839844
v 960.095154 -971.038574 52806.839844
v 956.73468 -853.416321 52807.121094
v 956.73468 -971.038574 52807.121094
v 953.429871 -853.416321 52807.792969
v 953.429871 -971.038574 52807.792969
v 950.225342 -853.416321 52808.84375
v 950.225342 -971.038574 52808.84375
v 947.16449 -853.416321 52810.261719
v 947.16449 -971.038574 52810.261719
v 944.288696 -853.416321 52812.023438
v 944.288696 -971.038574 52812.023438
v 941.636841 -971.038574 52814.105469
v 941.636841 -853.416321 52814.105469
v 939.244751 -853.416321 52816.484375
v 939.244751 -971.038574 52816.484375
v 937.144836 -853.416321 52819.121094
v 937.144836 -971.038574 52819.121094
v 935.36554 -971.038574 52821.984375
v 935.36554 -853.416321 52821.984375
v 933.930786 -853.416321 52825.039062
v 933.930786 -971.038574 52825.039062
v 932.860046 -853.416321 52828.234375
v 932.860046 -971.038574 52828.234375
v 932.167847 -853.416321 52831.535156
v 932.167847 -971.038574 52831.535156
v 931.863464 -971.038574 52834.894531
v 931.863464 -853.416321 52834.894531
v 931.95105 -853.416321 52838.265625
v 931.95105 -971.038574 52838.265625
v 932.429443 -971.038574 52841.605469
v 932.429443 -853.416321 52841.605469
v 1116.742432 -971.038574 52613.90625
v 1116.742432 -853.416321 52613.90625
v 1118.064575 -971.038574 52617.324219
v 1118.064575 -853.416321 52617.324219
v 1119.736572 -971.038574 52620.582031
v 1119.736572 -853.416321 52620.582031
v 1121.740234 -971.038574 52623.648438
v 1121.740234 -853.416321 52623.648438
v 1124.053467 -971.038574 52626.488281
v 1124.053467 -853.416321 52626.488281
v 1126.650879 -971.038574 52629.074219
v 1126.650879 -853.416321 52629.074219
v 1129.504272 -971.038574 52631.371094
v 1129.504272 -853.416321 52631.371094
v 1132.582153 -971.038574 52633.359375
v 1132.582153 -853.416321 52633.359375
v 1135.85083 -971.038574 52635.011719
v 1135.85083 -853.416321 52635.011719
v 1139.274536 -971.038574 52636.316406
v 1139.274536 -853.416321 52636.316406
v 1142.815796 -971.038574 52637.253906
v 1142.815796 -853.416321 52637.253906
v 1146.435791 -971.038574 52637.816406
v 1146.435791 -853.416321 52637.816406
v 1150.094727 -971.038574 52638.0
v 1150.094727 -853.416321 52638.0
v 1153.752686 -853.416321 52637.796875
v 1153.752686 -971.038574 52637.796875
v 1157.369507 -971.038574 52637.214844
v 1157.369507 -853.416321 52637.214844
v 1160.90564 -971.038574 52636.257812
v 1160.90564 -853.416321 52636.257812
v 1164.322266 -971.038574 52634.933594
v 1164.322266 -853.416321 52634.933594
v 1167.582031 -853.416321 52633.261719
v 1167.582031 -971.038574 52633.261719
v 1170.649048 -971.038574 52631.261719
v 1170.649048 -853.416321 52631.261719
v 1173.489868 -853.416321 52628.945312
v 1173.489868 -971.038574 52628.945312
v 1176.073364 -853.416321 52626.347656
v 1176.073364 -971.038574 52626.347656
v 1178.371216 -853.416321 52623.496094
v 1178.371216 -971.038574 52623.496094
v 1180.358154 -971.038574 52620.417969
v 1180.358154 -853.416321 52620.417969
v 1182.012451 -853.416321 52617.148438
v 1182.012451 -971.038574 52617.148438
v 1183.316162 -853.416321 52613.726562
v 1183.316162 -971.038574 52613.726562
v 1184.254761 -853.416321 52610.183594
v 1184.254761 -971.038574 52610.183594
v 1184.817993 -853.416321 52606.5625
v 1184.817993 -971.038574 52606.5625
v 1184.999878 -853.416321 52602.90625
v 1184.999878 -971.038574 52602.90625
v 1184.798218 -853.416321 52599.246094
v 1184.798218 -971.038574 52599.246094
v 1184.215332 -853.416321 52595.628906
v 1184.215332 -971.038574 52595.628906
v 1183.257568 -853.416321 52592.09375
v 1183.257568 -971.038574 52592.09375
v 1181.935425 -853.416321 52588.675781
v 1181.935425 -971.038574 52588.675781
v 1180.263428 -853.416321 52585.417969
v 1180.263428 -971.038574 52585.417969
v 1178.259766 -853.416321 52582.351562
v 1178.259766 -971.038574 52582.351562
v 1175.946533 -853.416321 52579.511719
v 1175.946533 -971.038574 52579.511719
v 1173.349121 -853.416321 52576.925781
v 1173.349121 -971.038574 52576.925781
v 1170.495728 -853.416321 52574.628906
v 1170.495728 -971.038574 52574.628906
v 1167.417847 -853.416321 52572.640625
v 1167.417847 -971.038574 52572.640625
v 1164.14917 -853.416321 52570.988281
v 1164.14917 -971.038574 52570.988281
v 1160.725464 -853.416321 52569.683594
v 1160.725464 -971.038574 52569.683594
v 1157.184204 -853.416321 52568.746094
v 1157.184204 -971.038574 52568.746094
v 1153.564209 -853.416321 52568.183594
v 1153.564209 -971.038574 52568.183594
v 1149.905273 -853.416321 52568.0
v 1149.905273 -971.038574 52568.0
v 1146.247314 -853.416321 52568.203125
v 1146.247314 -971.038574 52568.203125
v 1142.630493 -971.038574 52568.785156
v 1142.630493 -853.416321 52568.785156
v 1139.09436 -971.038574 52569.742188
v 1139.09436 -853.416321 52569.742188
v 1135.677734 -971.038574 52571.066406
v 1135.677734 -853.416321 52571.066406
v 1132.417969 -971.038574 52572.738281
v 1132.417969 -853.416321 52572.738281
v 1129.350952 -853.416321 52574.738281
v 1129.350952 -971.038574 52574.738281
v 1126.510132 -971.038574 52577.054688
v 1126.510132 -853.416321 52577.054688
v 1123.926636 -971.038574 52579.652344
v 1123.926636 -853.416321 52579.652344
v 1121.628784 -971.038574 52582.503906
v 1121.628784 -853.416321 52582.503906
v 1119.641846 -853.416321 52585.582031
v 1119.641846 -971.038574 52585.582031
v 1117.987549 -971.038574 52588.851562
v 1117.987549 -853.416321 52588.851562
v 1116.683838 -971.038574 52592.273438
v 1116.683838 -853.416321 52592.273438
v 1115.745239 -971.038574 52595.816406
v 1115.745239 -853.416321 52595.816406
v 1115.182007 -971.038574 52599.4375
v 1115.182007 -853.416321 52599.4375
v 1115.000122 -853.416321 52603.09375
v 1115.000122 -971.038574 52603.09375
v 1115.201782 -971.038574 52606.753906
v 1115.201782 -853.416321 52606.753906
v 1115.784668 -971.038574 52610.371094
v 1115.784668 -853.416321 52610.371094
v 1144.022461 -971.038574 52501.089844
v 1144.022461 -853.416321 52501.089844
v 1150.10144 -971.038574 52500.328125
v 1150.10144 -853.416321 52500.328125
v 1156.215698 -971.038574 52499.9375
v 1156.215698 -853.416321 52499.9375
v 1162.342407 -971.038574 52499.925781
v 1162.342407 -853.416321 52499.925781
v 1168.458374 -971.038574 52500.285156
v 1168.458374 -853.416321 52500.285156
v 1174.540771 -971.038574 52501.019531
v 1174.540771 -853.416321 52501.019531
v 1180.56665 -971.038574 52502.128906
v 1180.56665 -853.416321 52502.128906
v 1186.51355 -971.038574 52503.601562
v 1186.51355 -853.416321 52503.601562
v 1192.359009 -971.038574 52505.4375
v 1192.359009 -853.416321 52505.4375
v 1198.081055 -971.038574 52507.625
v 1198.081055 -853.416321 52507.625
v 1203.658447 -971.038574 52510.160156
v 1203.658447 -853.416321 52510.160156
v 1209.069946 -971.038574 52513.035156
v 1209.069946 -853.416321 52513.035156
v 1214.295532 -971.038574 52516.230469
v 1214.295532 -853.416321 52516.230469
v 1219.315308 -971.038574 52519.746094
v 1219.315308 -853.416321 52519.746094
v 1224.110718 -971.038574 52523.558594
v 1224.110718 -853.416321 52523.558594
v 1228.663452 -971.038574 52527.65625
v 1228.663452 -853.416321 52527.65625
v 1232.956665 -971.038574 52532.027344
v 1232.956665 -853.416321 52532.027344
v 1236.974243 -971.038574 52536.652344
v 1236.974243 -853.416321 52536.652344
v 1240.700928 -971.038574 52541.515625
v 1240.700928 -853.416321 52541.515625
v 1244.122803 -971.038574 52546.597656
v 1244.122803 -853.416321 52546.597656
v 1247.227051 -971.038574 52551.878906
v 1247.227051 -853.416321 52551.878906
v 1250.002075 -971.038574 52557.34375
v 1250.002075 -853.416321 52557.34375
v 1252.437378 -971.038574 52562.964844
v 1252.437378 -853.416321 52562.964844
v 1254.523804 -971.038574 52568.726562
v 1254.523804 -853.416321 52568.726562
v 2931.369629 -105.0 58227.972656
v 2930.050293 -205.0 58223.324219
v 2930.050293 -105.0 58223.324219
v 2931.369629 -205.0 58227.972656
v 2929.109131 -205.0 58218.585938
v 2929.109131 -105.0 58218.585938
v 2928.552246 -205.0 58213.785156
v 2928.552246 -105.0 58213.785156
v 2928.383545 -205.0 58208.957031
v 2928.383545 -105.0 58208.957031
v 2928.604004 -205.0 58204.128906
v 2928.604004 -105.0 58204.128906
v 2929.212158 -205.0 58199.335938
v 2929.212158 -105.0 58199.335938
v 2930.203857 -205.0 58194.605469
v 2930.203857 -105.0 58194.605469
v 2931.572998 -205.0 58189.972656
v 2931.572998 -105.0 58189.972656
v 2933.310547 -205.0 58185.464844
v 2933.310547 -105.0 58185.464844
v 2935.405273 -205.0 58181.109375
v 2935.405273 -105.0 58181.109375
v 2937.843506 -205.0 58176.9375
v 2937.843506 -105.0 58176.9375
v 2940.609619 -205.0 58172.976562
v 2940.609619 -105.0 58172.976562
v 2943.685547 -205.0 58169.25
v 2943.685547 -105.0 58169.25
v 2947.05127 -205.0 58165.785156
v 2947.05127 -105.0 58165.785156
v 2950.685059 -205.0 58162.597656
v 2950.685059 -105.0 58162.597656
v 2954.563477 -205.0 58159.71875
v 2954.563477 -105.0 58159.71875
v 2958.661133 -205.0 58157.15625
v 2958.661133 -105.0 58157.15625
v 2962.951416 -205.0 58154.933594
v 2962.951416 -105.0 58154.933594
v 2967.406738 -205.0 58153.0625
v 2967.406738 -105.0 58153.0625
v 2971.998047 -205.0 58151.558594
v 2971.998047 -105.0 58151.558594
v 2976.695801 -205.0 58150.425781
v 2976.695801 -105.0 58150.425781
v 2981.469238 -205.0 58149.675781
v 2981.469238 -105.0 58149.675781
v 2986.287354 -205.0 58149.3125
v 2986.287354 -105.0 58149.3125
v 2991.119385 -205.0 58149.339844
v 2991.119385 -105.0 58149.339844
v 2995.93335 -205.0 58149.753906
v 2995.93335 -105.0 58149.753906
v 3000.698486 -205.0 58150.554688
v 3000.698486 -105.0 58150.554688
v 3005.383789 -205.0 58151.738281
v 3005.383789 -105.0 58151.738281
v 3009.95874 -205.0 58153.292969
v 3009.95874 -105.0 58153.292969
v 3014.393799 -205.0 58155.207031
v 3014.393799 -105.0 58155.207031
v 3018.660156 -205.0 58157.476562
v 3018.660156 -105.0 58157.476562
v 3022.730225 -205.0 58160.082031
v 3022.730225 -105.0 58160.082031
v 3026.577393 -205.0 58163.003906
v 3026.577393 -105.0 58163.003906
v 3030.177002 -205.0 58166.226562
v 3030.177002 -105.0 58166.226562
v 3033.505615 -205.0 58169.730469
v 3033.505615 -105.0 58169.730469
v 3036.541504 -205.0 58173.488281
v 3036.541504 -105.0 58173.488281
v 3039.264893 -205.0 58177.480469
v 3039.264893 -105.0 58177.480469
v 3041.658447 -205.0 58181.679688
v 3041.658447 -105.0 58181.679688
v 3043.706543 -205.0 58186.054688
v 3043.706543 -105.0 58186.054688
v 3045.395752 -205.0 58190.582031
v 3045.395752 -105.0 58190.582031
v 3046.715332 -105.0 58195.230469
v 3046.715332 -205.0 58195.230469
v 3047.656494 -105.0 58199.96875
v 3047.656494 -205.0 58199.96875
v 3048.213135 -105.0 58204.769531
v 3048.213135 -205.0 58204.769531
v 3048.381836 -105.0 58209.597656
v 3048.381836 -205.0 58209.597656
v 3048.161621 -105.0 58214.425781
v 3048.161621 -205.0 58214.425781
v 3047.553467 -105.0 58219.21875
v 3047.553467 -205.0 58219.21875
v 3046.561523 -105.0 58223.949219
v 3046.561523 -205.0 58223.949219
v 3045.192383 -105.0 58228.582031
v 3045.192383 -205.0 58228.582031
v 3043.454834 -105.0 58233.089844
v 3043.454834 -205.0 58233.089844
v 3041.360107 -105.0 58237.445312
v 3041.360107 -205.0 58237.445312
v 3038.921875 -105.0 58241.617188
v 3038.921875 -205.0 58241.617188
v 3036.155762 -105.0 58245.578125
v 3036.155762 -205.0 58245.578125
v 3033.079834 -105.0 58249.304688
v 3033.079834 -205.0 58249.304688
v 3029.714111 -105.0 58252.769531
v 3029.714111 -205.0 58252.769531
v 3026.080322 -105.0 58255.957031
v 3026.080322 -205.0 58255.957031
v 3022.202148 -105.0 58258.839844
v 3022.202148 -205.0 58258.839844
v 3018.104492 -105.0 58261.398438
v 3018.104492 -205.0 58261.398438
v 3013.813965 -105.0 58263.621094
v 3013.813965 -205.0 58263.621094
v 3009.358643 -105.0 58265.492188
v 3009.358643 -205.0 58265.492188
v 3004.767334 -105.0 58266.996094
v 3004.767334 -205.0 58266.996094
v 3000.06958 -105.0 58268.128906
v 3000.06958 -205.0 58268.128906
v 2995.296387 -105.0 58268.878906
v 2995.296387 -205.0 58268.878906
v 2990.478027 -105.0 58269.242188
v 2990.478027 -205.0 58269.242188
v 2985.64624 -105.0 58269.214844
v 2985.64624 -205.0 58269.214844
v 2980.832031 -105.0 58268.800781
v 2980.832031 -205.0 58268.800781
v 2976.066895 -105.0 58268.0
v 2976.066895 -205.0 58268.0
v 2971.381592 -105.0 58266.820312
v 2971.381592 -205.0 58266.820312
v 2966.806641 -105.0 58265.265625
v 2966.806641 -205.0 58265.265625
v 2962.371582 -105.0 58263.347656
v 2962.371582 -205.0 58263.347656
v 2958.105225 -105.0 58261.078125
v 2958.105225 -205.0 58261.078125
v 2954.035156 -105.0 58258.472656
v 2954.035156 -205.0 58258.472656
v 2950.187988 -105.0 58255.550781
v 2950.187988 -205.0 58255.550781
v 2946.588379 -105.0 58252.328125
v 2946.588379 -205.0 58252.328125
v 2943.26001 -105.0 58248.824219
v 2943.26001 -205.0 58248.824219
v 2940.224121 -105.0 58245.066406
v 2940.224121 -205.0 58245.066406
v 2937.500488 -105.0 58241.074219
v 2937.500488 -205.0 58241.074219
v 2935.106934 -105.0 58236.875
v 2935.106934 -205.0 58236.875
v 2933.059082 -105.0 58232.5
v 2933.059082 -205.0 58232.5
v 3166.706787 -105.0 58103.445312
v 3156.566406 -205.0 58106.574219
v 3156.566406 -105.0 58106.574219
v 3166.706787 -205.0 58103.445312
v 3146.322021 -205.0 58109.339844
v 3146.322021 -105.0 58109.339844
v 3135.986084 -205.0 58111.742188
v 3135.986084 -105.0 58111.742188
v 3125.571533 -105.0 58113.777344
v 3125.571533 -205.0 58113.777344
v 3115.091797 -105.0 58115.445312
v 3115.091797 -205.0 58115.445312
v 3104.559326 -105.0 58116.738281
v 3104.559326 -205.0 58116.738281
v 3093.987793 -105.0 58117.660156
v 3093.987793 -205.0 58117.660156
v 3083.390381 -105.0 58118.207031
v 3083.390381 -205.0 58118.207031
v 3072.780273 -105.0 58118.378906
v 3072.780273 -205.0 58118.378906
v 3062.170654 -105.0 58118.175781
v 3062.170654 -205.0 58118.175781
v 3051.574707 -105.0 58117.597656
v 3051.574707 -205.0 58117.597656
v 3041.006104 -105.0 58116.644531
v 3041.006104 -205.0 58116.644531
v 3030.477539 -105.0 58115.316406
v 3030.477539 -205.0 58115.316406
v 3020.002686 -105.0 58113.621094
v 3020.002686 -205.0 58113.621094
v 3009.594482 -105.0 58111.554688
v 3009.594482 -205.0 58111.554688
v 3211.915283 -105.0 58088.621094
v 3211.915283 -205.0 58088.621094
v 3243.843994 -105.0 58172.664062
v 3239.958496 -105.0 58174.140625
v 3239.958496 -205.0 58174.140625
v 3243.843994 -205.0 58172.664062
v 3247.57666 -105.0 58170.835938
v 3247.57666 -205.0 58170.835938
v 3251.125 -105.0 58168.671875
v 3251.125 -205.0 58168.671875
v 3254.458252 -105.0 58166.1875
v 3254.458252 -205.0 58166.1875
v 3257.548096 -105.0 58163.40625
v 3257.548096 -205.0 58163.40625
v 3260.368408 -105.0 58160.355469
v 3260.368408 -205.0 58160.355469
v 3262.894775 -105.0 58157.054688
v 3262.894775 -205.0 58157.054688
v 3265.105957 -105.0 58153.535156
v 3265.105957 -205.0 58153.535156
v 3266.98291 -105.0 58149.824219
v 3266.98291 -205.0 58149.824219
v 3268.509766 -105.0 58145.960938
v 3268.509766 -205.0 58145.960938
v 3269.67334 -105.0 58141.96875
v 3269.67334 -205.0 58141.96875
v 3270.463867 -105.0 58137.886719
v 3270.463867 -205.0 58137.886719
v 3270.874268 -105.0 58133.75
v 3270.874268 -205.0 58133.75
v 3270.901367 -105.0 58129.59375
v 3270.901367 -205.0 58129.59375
v 3270.544922 -105.0 58125.453125
v 3270.544922 -205.0 58125.453125
v 3269.807861 -105.0 58121.363281
v 3269.807861 -205.0 58121.363281
v 3268.696533 -105.0 58117.359375
v 3268.696533 -205.0 58117.359375
v 3267.220459 -105.0 58113.472656
v 3267.220459 -205.0 58113.472656
v 3265.39209 -105.0 58109.738281
v 3265.39209 -205.0 58109.738281
v 3263.227051 -105.0 58106.191406
v 3263.227051 -205.0 58106.191406
v 3260.743896 -105.0 58102.859375
v 3260.743896 -205.0 58102.859375
v 3257.963867 -105.0 58099.769531
v 3257.963867 -205.0 58099.769531
v 3254.910645 -105.0 58096.949219
v 3254.910645 -205.0 58096.949219
v 3251.610107 -105.0 58094.421875
v 3251.610107 -205.0 58094.421875
v 3248.090332 -105.0 58092.210938
v 3248.090332 -205.0 58092.210938
v 3244.381836 -105.0 58090.332031
v 3244.381836 -205.0 58090.332031
v 3240.515869 -105.0 58088.808594
v 3240.515869 -205.0 58088.808594
v 3236.525635 -105.0 58087.644531
v 3236.525635 -205.0 58087.644531
v 3232.444824 -105.0 58086.851562
v 3232.444824 -205.0 58086.851562
v 3228.308838 -105.0 58086.441406
v 3228.308838 -205.0 58086.441406
v 3224.152344 -105.0 58086.414062
v 3224.152344 -205.0 58086.414062
v 3220.01123 -105.0 58086.773438
v 3220.01123 -205.0 58086.773438
v 3215.92041 -105.0 58087.507812
v 3215.92041 -205.0 58087.507812
v 3194.749756 -105.0 58188.964844
v 3194.749756 -205.0 58188.964844
v 3063.34375 -105.0 58275.464844
v 3070.506836 -205.0 58267.636719
v 3070.506836 -105.0 58267.636719
v 3063.34375 -205.0 58275.464844
v 3077.942627 -205.0 58260.066406
v 3077.942627 -105.0 58260.066406
v 3085.641113 -205.0 58252.761719
v 3085.641113 -105.0 58252.761719
v 3093.593262 -205.0 58245.734375
v 3093.593262 -105.0 58245.734375
v 3101.789062 -205.0 58238.996094
v 3101.789062 -105.0 58238.996094
v 3110.218018 -205.0 58232.550781
v 3110.218018 -105.0 58232.550781
v 3118.869629 -205.0 58226.40625
v 3118.869629 -105.0 58226.40625
v 3127.733154 -205.0 58220.570312
v 3127.733154 -105.0 58220.570312
v 3136.797607 -205.0 58215.050781
v 3136.797607 -105.0 58215.050781
v 3146.051514 -205.0 58209.859375
v 3146.051514 -105.0 58209.859375
v 3155.483154 -205.0 58204.996094
v 3155.483154 -105.0 58204.996094
v 3165.081055 -205.0 58200.46875
v 3165.081055 -105.0 58200.46875
v 3174.832764 -205.0 58196.285156
v 3174.832764 -105.0 58196.285156
v 3184.726562 -205.0 58192.449219
v 3184.726562 -105.0 58192.449219
v 3003.426758 -105.0 58110.414062
v 3003.426758 -205.0 58110.414062
v 2997.199707 -105.0 58109.667969
v 2997.199707 -205.0 58109.667969
v 2990.937988 -105.0 58109.308594
v 2990.937988 -205.0 58109.308594
v 2984.66626 -105.0 58109.347656
v 2984.66626 -205.0 58109.347656
v 2978.40918 -105.0 58109.777344
v 2978.40918 -205.0 58109.777344
v 2972.191406 -105.0 58110.597656
v 2972.191406 -205.0 58110.597656
v 2966.037109 -105.0 58111.804688
v 2966.037109 -205.0 58111.804688
v 2959.970947 -105.0 58113.398438
v 2959.970947 -205.0 58113.398438
v 2954.016357 -105.0 58115.367188
v 2954.016357 -205.0 58115.367188
v 2948.197021 -105.0 58117.707031
v 2948.197021 -205.0 58117.707031
v 2942.535889 -105.0 58120.40625
v 2942.535889 -205.0 58120.40625
v 2937.054932 -105.0 58123.457031
v 2937.054932 -205.0 58123.457031
v 2931.775879 -105.0 58126.84375
v 2931.775879 -205.0 58126.84375
v 2926.719482 -105.0 58130.550781
v 2926.719482 -205.0 58130.550781
v 2921.905762 -105.0 58134.574219
v 2921.905762 -205.0 58134.574219
v 2917.353516 -105.0 58138.886719
v 2917.353516 -205.0 58138.886719
v 2913.080566 -105.0 58143.476562
v 2913.080566 -205.0 58143.476562
v 2909.10376 -105.0 58148.328125
v 2909.10376 -205.0 58148.328125
v 2905.438965 -105.0 58153.417969
v 2905.438965 -205.0 58153.417969
v 2902.100342 -105.0 58158.726562
v 2902.100342 -205.0 58158.726562
v 2899.101318 -105.0 58164.234375
v 2899.101318 -205.0 58164.234375
v 2896.453125 -105.0 58169.921875
v 2896.453125 -205.0 58169.921875
v 2894.166992 -105.0 58175.761719
v 2894.166992 -205.0 58175.761719
v 2892.251221 -105.0 58181.734375
v 2892.251221 -205.0 58181.734375
v 2890.713379 -105.0 58187.8125
v 2890.713379 -205.0 58187.8125
v 2889.560059 -105.0 58193.976562
v 2889.560059 -205.0 58193.976562
v 2888.79541 -105.0 58200.203125
v 2888.79541 -205.0 58200.203125
v 2888.422363 -105.0 58206.464844
v 2888.422363 -205.0 58206.464844
v 2888.442627 -105.0 58212.734375
v 2888.442627 -205.0 58212.734375
v 2888.855957 -105.0 58218.992188
v 2888.855957 -205.0 58218.992188
v 2889.660645 -105.0 58225.214844
v 2889.660645 -205.0 58225.214844
v 2890.854004 -105.0 58231.371094
v 2890.854004 -205.0 58231.371094
v 2892.430664 -105.0 58237.441406
v 2892.430664 -205.0 58237.441406
v 2894.38501 -105.0 58243.402344
v 2894.38501 -205.0 58243.402344
v 2896.708984 -105.0 58249.226562
v 2896.708984 -205.0 58249.226562
v 2899.393555 -105.0 58254.894531
v 2899.393555 -205.0 58254.894531
v 2902.428223 -105.0 58260.382812
v 2902.428223 -205.0 58260.382812
v 2905.800781 -105.0 58265.671875
v 2905.800781 -205.0 58265.671875
v 2909.498535 -105.0 58270.738281
v 2909.498535 -205.0 58270.738281
v 2913.506348 -105.0 58275.5625
v 2913.506348 -205.0 58275.5625
v 2917.808838 -105.0 58280.125
v 2917.808838 -205.0 58280.125
v 2922.388672 -105.0 58284.410156
v 2922.388672 -205.0 58284.410156
v 2927.228516 -105.0 58288.398438
v 2927.228516 -205.0 58288.398438
v 2932.308594 -105.0 58292.078125
v 2932.308594 -205.0 58292.078125
v 2937.609375 -105.0 58295.429688
v 2937.609375 -205.0 58295.429688
v 2943.109863 -105.0 58298.441406
v 2943.109863 -205.0 58298.441406
v 2948.78833 -105.0 58301.105469
v 2948.78833 -205.0 58301.105469
v 2954.622559 -105.0 58303.40625
v 2954.622559 -205.0 58303.40625
v 2960.5896 -105.0 58305.335938
v 2960.5896 -205.0 58305.335938
v 2966.666016 -105.0 58306.890625
v 2966.666016 -205.0 58306.890625
v 2972.827881 -105.0 58308.058594
v 2972.827881 -205.0 58308.058594
v 2979.051025 -105.0 58308.839844
v 2979.051025 -205.0 58308.839844
v 2985.310791 -105.0 58309.230469
v 2985.310791 -205.0 58309.230469
v 2991.58252 -105.0 58309.226562
v 2991.58252 -205.0 58309.226562
v 2997.841797 -105.0 58308.828125
v 2997.841797 -205.0 58308.828125
v 3004.063721 -105.0 58308.039062
v 3004.063721 -205.0 58308.039062
v 3010.224121 -105.0 58306.863281
v 3010.224121 -205.0 58306.863281
v 3016.298584 -105.0 58305.300781
v 3016.298584 -205.0 58305.300781
v 3022.263184 -105.0 58303.363281
v 3022.263184 -205.0 58303.363281
v 3028.094482 -105.0 58301.054688
v 3028.094482 -205.0 58301.054688
v 3033.769531 -205.0 58298.382812
v 3033.769531 -105.0 58298.382812
v 3039.266357 -105.0 58295.363281
v 3039.266357 -205.0 58295.363281
v 3044.562744 -205.0 58292.003906
v 3044.562744 -105.0 58292.003906
v 3049.638184 -105.0 58288.320312
v 3049.638184 -205.0 58288.320312
v 3054.472656 -105.0 58284.324219
v 3054.472656 -205.0 58284.324219
v 3059.047119 -105.0 58280.035156
v 3059.047119 -205.0 58280.035156
v 3205.269775 -105.0 58138.15625
v 3204.561768 -205.0 58135.402344
v 3204.561768 -105.0 58135.402344
v 3205.269775 -205.0 58138.15625
v 3204.219727 -205.0 58132.578125
v 3204.219727 -105.0 58132.578125
v 3204.249268 -205.0 58129.730469
v 3204.249268 -105.0 58129.730469
v 3204.649902 -205.0 58126.914062
v 3204.649902 -105.0 58126.914062
v 3205.414795 -205.0 58124.175781
v 3205.414795 -105.0 58124.175781
v 3206.530762 -205.0 58121.558594
v 3206.530762 -105.0 58121.558594
v 3207.97876 -205.0 58119.109375
v 3207.97876 -105.0 58119.109375
v 3209.734131 -205.0 58116.871094
v 3209.734131 -105.0 58116.871094
v 3211.766602 -205.0 58114.878906
v 3211.766602 -105.0 58114.878906
v 3214.041748 -205.0 58113.171875
v 3214.041748 -105.0 58113.171875
v 3216.520264 -205.0 58111.773438
v 3216.520264 -105.0 58111.773438
v 3219.159668 -205.0 58110.710938
v 3219.159668 -105.0 58110.710938
v 3221.915283 -205.0 58110.003906
v 3221.915283 -105.0 58110.003906
v 3224.739746 -205.0 58109.664062
v 3224.739746 -105.0 58109.664062
v 3227.584717 -205.0 58109.691406
v 3227.584717 -105.0 58109.691406
v 3230.401367 -205.0 58110.09375
v 3230.401367 -105.0 58110.09375
v 3233.141602 -205.0 58110.859375
v 3233.141602 -105.0 58110.859375
v 3235.758789 -205.0 58111.972656
v 3235.758789 -105.0 58111.972656
v 3238.207764 -205.0 58113.421875
v 3238.207764 -105.0 58113.421875
v 3240.446777 -205.0 58115.175781
v 3240.446777 -105.0 58115.175781
v 3242.4375 -205.0 58117.210938
v 3242.4375 -105.0 58117.210938
v 3244.145752 -205.0 58119.484375
v 3244.145752 -105.0 58119.484375
v 3245.542725 -205.0 58121.964844
v 3245.542725 -105.0 58121.964844
v 3246.604004 -205.0 58124.601562
v 3246.604004 -105.0 58124.601562
v 3247.311768 -105.0 58127.359375
v 3247.311768 -205.0 58127.359375
v 3247.653809 -105.0 58130.183594
v 3247.653809 -205.0 58130.183594
v 3247.624268 -105.0 58133.027344
v 3247.624268 -205.0 58133.027344
v 3247.223633 -105.0 58135.84375
v 3247.223633 -205.0 58135.84375
v 3246.458984 -105.0 58138.585938
v 3246.458984 -205.0 58138.585938
v 3245.343018 -105.0 58141.203125
v 3245.343018 -205.0 58141.203125
v 3243.89502 -105.0 58143.652344
v 3243.89502 -205.0 58143.652344
v 3242.139648 -105.0 58145.890625
v 3242.139648 -205.0 58145.890625
v 3240.107178 -105.0 58147.878906
v 3240.107178 -205.0 58147.878906
v 3237.832031 -105.0 58149.589844
v 3237.832031 -205.0 58149.589844
v 3235.353516 -105.0 58150.984375
v 3235.353516 -205.0 58150.984375
v 3232.713867 -105.0 58152.046875
v 3232.713867 -205.0 58152.046875
v 3229.958252 -105.0 58152.753906
v 3229.958252 -205.0 58152.753906
v 3227.134033 -105.0 58153.097656
v 3227.134033 -205.0 58153.097656
v 3224.289062 -105.0 58153.066406
v 3224.289062 -205.0 58153.066406
v 3221.472412 -105.0 58152.667969
v 3221.472412 -205.0 58152.667969
v 3218.732178 -105.0 58151.902344
v 3218.732178 -205.0 58151.902344
v 3216.11499 -105.0 58150.785156
v 3216.11499 -205.0 58150.785156
v 3213.666016 -105.0 58149.339844
v 3213.666016 -205.0 58149.339844
v 3211.427002 -105.0 58147.582031
v 3211.427002 -205.0 58147.582031
v 3209.436279 -105.0 58145.550781
v 3209.436279 -205.0 58145.550781
v 3207.728027 -105.0 58143.273438
v 3207.728027 -205.0 58143.273438
v 3206.331055 -105.0 58140.796875
v 3206.331055 -205.0 58140.796875
v 3010.180664 501.349945 57954.816406
v 1340.056641 1138.835938 52861.65625
v 2820.137451 501.349945 58017.136719
v 1150.013428 1138.835938 52923.976562
v 3010.180664 400.647369 57954.816406
v 2820.137451 400.647369 58017.136719
v 1340.056641 1038.133301 52861.65625
v 1150.013428 1038.133301 52923.976562
v 2720.781494 493.5 58145.800781
v 2720.781494 401.5 58145.800781
v 2721.644043 493.5 58149.058594
v 2721.644043 401.5 58149.058594
v 2722.122559 493.5 58152.398438
v 2722.122559 401.5 58152.398438
v 2722.210205 493.5 58155.769531
v 2722.210205 401.5 58155.769531
v 2721.905762 493.5 58159.128906
v 2721.905762 401.5 58159.128906
v 2721.213623 493.5 58162.429688
v 2721.213623 401.5 58162.429688
v 2720.142822 493.5 58165.625
v 2720.142822 401.5 58165.625
v 2718.708008 493.5 58168.679688
v 2718.708008 401.5 58168.679688
v 2716.928711 493.5 58171.542969
v 2716.928711 401.5 58171.542969
v 2714.828857 493.5 58174.183594
v 2714.828857 401.5 58174.183594
v 2712.436768 493.5 58176.558594
v 2712.436768 401.5 58176.558594
v 2709.784912 493.5 58178.644531
v 2709.784912 401.5 58178.644531
v 2706.90918 493.5 58180.402344
v 2706.90918 401.5 58180.402344
v 2703.848145 493.5 58181.820312
v 2703.848145 401.5 58181.820312
v 2700.643799 493.5 58182.871094
v 2700.643799 401.5 58182.871094
v 2697.338867 493.5 58183.542969
v 2697.338867 401.5 58183.542969
v 2693.978516 493.5 58183.824219
v 2693.978516 401.5 58183.824219
v 2690.607666 493.5 58183.71875
v 2690.607666 401.5 58183.71875
v 2687.272461 493.5 58183.21875
v 2687.272461 401.5 58183.21875
v 2684.017822 493.5 58182.335938
v 2684.017822 401.5 58182.335938
v 2680.887451 493.5 58181.082031
v 2680.887451 401.5 58181.082031
v 2677.924072 493.5 58179.46875
v 2677.924072 401.5 58179.46875
v 2675.167725 493.5 58177.527344
v 2675.167725 401.5 58177.527344
v 2672.655273 493.5 58175.277344
v 2672.655273 401.5 58175.277344
v 2670.421143 493.5 58172.75
v 2670.421143 401.5 58172.75
v 2668.495605 493.5 58169.984375
v 2668.495605 401.5 58169.984375
v 2666.904297 493.5 58167.007812
v 2666.904297 401.5 58167.007812
v 2665.668945 493.5 58163.871094
v 2665.668945 401.5 58163.871094
v 2664.806152 401.5 58160.613281
v 2664.806152 493.5 58160.613281
v 2664.327881 401.5 58157.273438
v 2664.327881 493.5 58157.273438
v 2664.240234 401.5 58153.902344
v 2664.240234 493.5 58153.902344
v 2664.544678 401.5 58150.542969
v 2664.544678 493.5 58150.542969
v 2665.236816 401.5 58147.242188
v 2665.236816 493.5 58147.242188
v 2666.307617 401.5 58144.042969
v 2666.307617 493.5 58144.042969
v 2667.742188 401.5 58140.992188
v 2667.742188 493.5 58140.992188
v 2669.521484 401.5 58138.128906
v 2669.521484 493.5 58138.128906
v 2671.621582 401.5 58135.488281
v 2671.621582 493.5 58135.488281
v 2674.013672 401.5 58133.113281
v 2674.013672 493.5 58133.113281
v 2676.665527 401.5 58131.027344
v 2676.665527 493.5 58131.027344
v 2679.54126 401.5 58129.265625
v 2679.54126 493.5 58129.265625
v 2682.602051 401.5 58127.851562
v 2682.602051 493.5 58127.851562
v 2685.806641 401.5 58126.800781
v 2685.806641 493.5 58126.800781
v 2689.111328 401.5 58126.128906
v 2689.111328 493.5 58126.128906
v 2692.471924 401.5 58125.84375
v 2692.471924 493.5 58125.84375
v 2695.842529 401.5 58125.953125
v 2695.842529 493.5 58125.953125
v 2699.177734 401.5 58126.453125
v 2699.177734 493.5 58126.453125
v 2702.432617 401.5 58127.335938
v 2702.432617 493.5 58127.335938
v 2705.562744 401.5 58128.589844
v 2705.562744 493.5 58128.589844
v 2708.526123 401.5 58130.199219
v 2708.526123 493.5 58130.199219
v 2711.282715 401.5 58132.144531
v 2711.282715 493.5 58132.144531
v 2713.794922 401.5 58134.394531
v 2713.794922 493.5 58134.394531
v 2716.029053 401.5 58136.917969
v 2716.029053 493.5 58136.917969
v 2717.954834 401.5 58139.6875
v 2717.954834 493.5 58139.6875
v 2719.546143 401.5 58142.660156
v 2719.546143 493.5 58142.660156
v 2781.047607 493.5 58250.957031
v 2618.999023 493.5 58211.441406
v 2781.047607 401.5 58250.957031
v 2618.999023 401.5 58211.441406
v 2613.767822 493.5 58096.390625
v 2618.388428 493.5 58095.011719
v 2618.388428 401.5 58095.011719
v 2613.767822 401.5 58096.390625
v 2609.272461 493.5 58098.132812
v 2609.272461 401.5 58098.132812
v 2604.931885 493.5 58100.234375
v 2604.931885 401.5 58100.234375
v 2600.773926 493.5 58102.675781
v 2600.773926 401.5 58102.675781
v 2596.825684 493.5 58105.445312
v 2596.825684 401.5 58105.445312
v 2593.112061 493.5 58108.519531
v 2593.112061 401.5 58108.519531
v 2589.657715 493.5 58111.882812
v 2589.657715 401.5 58111.882812
v 2586.484619 493.5 58115.515625
v 2586.484619 401.5 58115.515625
v 2583.613281 493.5 58119.386719
v 2583.613281 401.5 58119.386719
v 2581.062256 493.5 58123.480469
v 2581.062256 401.5 58123.480469
v 2578.848145 493.5 58127.765625
v 2578.848145 401.5 58127.765625
v 2576.985107 493.5 58132.210938
v 2576.985107 401.5 58132.210938
v 2575.485352 493.5 58136.792969
v 2575.485352 401.5 58136.792969
v 2574.358154 493.5 58141.480469
v 2574.358154 401.5 58141.480469
v 2573.611328 493.5 58146.246094
v 2573.611328 401.5 58146.246094
v 2573.249268 493.5 58151.054688
v 2573.249268 401.5 58151.054688
v 2573.274658 493.5 58155.875
v 2573.274658 401.5 58155.875
v 2573.687012 493.5 58160.679688
v 2573.687012 401.5 58160.679688
v 2574.483887 493.5 58165.4375
v 2574.483887 401.5 58165.4375
v 2575.659912 493.5 58170.113281
v 2575.659912 401.5 58170.113281
v 2577.207764 493.5 58174.679688
v 2577.207764 401.5 58174.679688
v 2579.117432 493.5 58179.105469
v 2579.117432 401.5 58179.105469
v 2581.376465 493.5 58183.367188
v 2581.376465 401.5 58183.367188
v 2583.970215 493.5 58187.433594
v 2583.970215 401.5 58187.433594
v 2586.881836 493.5 58191.273438
v 2586.881836 401.5 58191.273438
v 2590.093018 493.5 58194.871094
v 2590.093018 401.5 58194.871094
v 2593.58252 493.5 58198.199219
v 2593.58252 401.5 58198.199219
v 2597.327881 493.5 58201.238281
v 2597.327881 401.5 58201.238281
v 2601.305176 493.5 58203.964844
v 2601.305176 401.5 58203.964844
v 2605.488281 493.5 58206.363281
v 2605.488281 401.5 58206.363281
v 2609.85083 493.5 58208.417969
v 2609.85083 401.5 58208.417969
v 2614.364014 493.5 58210.113281
v 2614.364014 401.5 58210.113281
v 2818.425049 493.5 58044.007812
v 2818.425049 401.5 58044.007812
v 2810.635254 493.5 58020.25
v 2810.635254 401.5 58020.25
v 3010.180664 493.5 57954.816406
v 3010.180664 401.5 57954.816406
v 3003.932129 493.5 58308.0625
v 2997.797363 493.5 58308.832031
v 2997.797363 401.5 58308.832031
v 3003.932129 401.5 58308.0625
v 3010.007324 493.5 58306.910156
v 3010.007324 401.5 58306.910156
v 3015.999756 493.5 58305.386719
v 3015.999756 401.5 58305.386719
v 3021.886719 493.5 58303.496094
v 3021.886719 401.5 58303.496094
v 3027.645752 493.5 58301.246094
v 3027.645752 401.5 58301.246094
v 3033.254395 493.5 58298.644531
v 3033.254395 401.5 58298.644531
v 3038.69165 493.5 58295.699219
v 3038.69165 401.5 58295.699219
v 3043.936523 493.5 58292.425781
v 3043.936523 401.5 58292.425781
v 3048.969238 493.5 58288.835938
v 3048.969238 401.5 58288.835938
v 3053.77002 493.5 58284.9375
v 3053.77002 401.5 58284.9375
v 3058.321045 493.5 58280.753906
v 3058.321045 401.5 58280.753906
v 3062.604492 493.5 58276.292969
v 3062.604492 401.5 58276.292969
v 3066.604248 493.5 58271.578125
v 3066.604248 401.5 58271.578125
v 3070.304932 493.5 58266.625
v 3070.304932 401.5 58266.625
v 3073.692627 493.5 58261.453125
v 3073.692627 401.5 58261.453125
v 3076.753906 493.5 58256.082031
v 3076.753906 401.5 58256.082031
v 3079.477539 493.5 58250.53125
v 3079.477539 401.5 58250.53125
v 3081.852783 493.5 58244.820312
v 3081.852783 401.5 58244.820312
v 3083.87085 493.5 58238.976562
v 3083.87085 401.5 58238.976562
v 3085.523682 493.5 58233.019531
v 3085.523682 401.5 58233.019531
v 3086.805176 493.5 58226.96875
v 3086.805176 401.5 58226.96875
v 3087.710449 493.5 58220.851562
v 3087.710449 401.5 58220.851562
v 3088.236084 493.5 58214.691406
v 3088.236084 401.5 58214.691406
v 3088.379883 493.5 58208.511719
v 3088.379883 401.5 58208.511719
v 3088.141357 493.5 58202.332031
v 3088.141357 401.5 58202.332031
v 3087.521484 493.5 58196.179688
v 3087.521484 401.5 58196.179688
v 3086.522461 401.5 58190.078125
v 3086.522461 493.5 58190.078125
v 3085.148438 493.5 58184.050781
v 3085.148438 401.5 58184.050781
v 3083.404297 401.5 58178.117188
v 3083.404297 493.5 58178.117188
v 2805.974609 493.5 58326.972656
v 2805.974609 401.5 58326.972656
v 2940.871826 401.5 58224.855469
v 2939.694824 493.5 58220.65625
v 2939.694824 401.5 58220.65625
v 2938.888428 401.5 58216.371094
v 2938.458496 401.5 58212.03125
v 2938.408691 401.5 58207.667969
v 2938.739014 401.5 58203.320312
v 2939.44751 401.5 58199.015625
v 2940.528076 401.5 58194.789062
v 2941.9729 401.5 58190.671875
v 2943.77124 401.5 58186.699219
v 2945.908691 401.5 58182.898438
v 2948.369629 401.5 58179.296875
v 2951.13501 401.5 58175.921875
v 2954.184082 401.5 58172.800781
v 2957.493164 493.5 58169.960938
v 2957.493164 401.5 58169.960938
v 2961.037354 401.5 58167.417969
v 2964.789795 401.5 58165.195312
v 2968.72168 401.5 58163.304688
v 2972.803223 493.5 58161.765625
v 2972.803223 401.5 58161.765625
v 2977.003418 401.5 58160.589844
v 2981.290039 401.5 58159.785156
v 2985.630859 401.5 58159.351562
v 2989.992432 401.5 58159.304688
v 2994.341797 401.5 58159.632812
v 2998.645996 401.5 58160.34375
v 3002.871826 401.5 58161.421875
v 3006.987549 401.5 58162.867188
v 3010.96167 401.5 58164.667969
v 3014.763916 401.5 58166.804688
v 3018.365234 401.5 58169.265625
v 3021.738525 401.5 58172.03125
v 3024.85791 401.5 58175.078125
v 3024.85791 493.5 58175.078125
v 3027.699707 401.5 58178.386719
v 3027.699707 493.5 58178.386719
v 3030.242432 401.5 58181.933594
v 3032.466309 401.5 58185.683594
v 3034.35498 401.5 58189.617188
v 3034.35498 493.5 58189.617188
v 3035.893555 493.5 58193.699219
v 3035.893555 401.5 58193.699219
v 3037.070557 401.5 58197.898438
v 3037.877197 401.5 58202.183594
v 3038.306885 401.5 58206.527344
v 3038.356934 493.5 58210.886719
v 3038.356934 401.5 58210.886719
v 3038.026367 401.5 58215.238281
v 3037.318115 401.5 58219.539062
v 3036.237305 401.5 58223.765625
v 3034.79248 401.5 58227.882812
v 3032.994385 401.5 58231.855469
v 3030.856689 401.5 58235.660156
v 3028.395752 401.5 58239.261719
v 3025.630371 401.5 58242.632812
v 3022.581543 401.5 58245.753906
v 3019.272461 493.5 58248.59375
v 3019.272461 401.5 58248.59375
v 3015.728027 401.5 58251.136719
v 3011.97583 401.5 58253.359375
v 3008.043701 401.5 58255.25
v 3003.962158 401.5 58256.789062
v 2999.762207 401.5 58257.964844
v 2995.475342 401.5 58258.773438
v 2995.475342 493.5 58258.773438
v 2991.134766 401.5 58259.203125
v 2986.772949 493.5 58259.25
v 2986.772949 401.5 58259.25
v 2982.423584 401.5 58258.921875
v 2978.119629 401.5 58258.214844
v 2973.893555 401.5 58257.132812
v 2969.778076 401.5 58255.6875
v 2965.803955 401.5 58253.890625
v 2962.001709 401.5 58251.75
v 2958.400146 493.5 58249.289062
v 2958.400146 401.5 58249.289062
v 2955.026855 401.5 58246.523438
v 2955.026855 493.5 58246.523438
v 2951.907471 401.5 58243.476562
v 2949.065674 401.5 58240.167969
v 2946.523193 493.5 58236.621094
v 2946.523193 401.5 58236.621094
v 2944.299072 401.5 58232.871094
v 2942.410645 401.5 58228.9375
v -2565.780762 483.228363 57170.941406
v -2568.532227 485.551086 57185.851562
v -2566.448975 484.383728 57174.5625
v -2567.13501 485.160645 57178.277344
v -2567.831787 485.551086 57182.054688
v -2569.229004 485.160645 57189.625
v -2564.524902 479.833344 57164.132812
v -2571.226807 481.70636 57200.453125
v -2565.137207 481.70636 57167.453125
v -2569.915039 484.383728 57193.34375
v -2570.583252 483.228363 57196.964844
v -2572.413818 477.628571 57206.886719
v -2571.839111 479.833344 57203.769531
v -2562.936279 472.317291 57155.523438
v -2572.945312 475.114594 57209.765625
v -2563.418701 475.114594 57158.136719
v -2563.950195 477.628571 57161.019531
v -2562.507568 469.26532 57153.199219
v -2573.856445 469.26532 57214.703125
v -2573.427734 472.317291 57212.382812
v -2561.828613 462.524963 57149.519531
v -2574.227051 465.98999 57216.710938
v -2562.136963 465.98999 57151.191406
v -2561.409912 455.169464 57147.25
v -2574.778564 458.905731 57219.703125
v -2561.585449 458.905731 57148.203125
v -2574.5354 462.524963 57218.382812
v -2561.268311 447.5 57146.484375
v -2575.060303 451.354523 57221.226562
v -2561.303711 451.354523 57146.675781
v -2574.954102 455.169464 57220.652344
v -2575.095703 447.5 57221.417969
v -2564.524902 415.166656 57164.132812
v -2565.137207 413.29364 57167.453125
v -2563.950195 417.371429 57161.019531
v -2565.780762 411.771637 57170.941406
v -2566.448975 410.616272 57174.5625
v -2561.303711 443.645477 57146.675781
v -2575.060303 443.645477 57221.226562
v -2568.532227 409.448914 57185.851562
v -2569.229004 409.839355 57189.625
v -2567.831787 409.448914 57182.054688
v -2567.13501 409.839355 57178.277344
v -2561.409912 439.830536 57147.25
v -2574.954102 439.830536 57220.652344
v -2569.915039 410.616272 57193.34375
v -2561.585449 436.094269 57148.203125
v -2574.778564 436.094269 57219.703125
v -2570.583252 411.771637 57196.964844
v -2562.136963 429.01001 57151.191406
v -2574.5354 432.475037 57218.382812
v -2561.828613 432.475037 57149.519531
v -2571.226807 413.29364 57200.453125
v -2571.839111 415.166656 57203.769531
v -2573.856445 425.73468 57214.703125
v -2574.227051 429.01001 57216.710938
v -2562.936279 422.682709 57155.523438
v -2562.507568 425.73468 57153.199219
v -2572.413818 417.371429 57206.886719
v -2572.945312 419.885406 57209.765625
v -2573.427734 422.682709 57212.382812
v -2563.418701 419.885406 57158.136719
v 2995.154541 455.169464 58172.578125
v 2994.42749 465.98999 58176.515625
v 2994.056885 469.26532 58178.523438
v 2994.73584 462.524963 58174.847656
v 2994.979004 458.905731 58173.527344
v 2995.260742 451.354523 58172.0
v 2993.628418 472.317291 58180.847656
v 2981.46875 447.5 58246.746094
v 2981.610352 455.169464 58245.976562
v 2981.504395 451.354523 58246.550781
v 2981.785889 458.905731 58245.027344
v 2982.029053 462.524963 58243.707031
v 2982.337646 465.98999 58242.035156
v 2982.708008 469.26532 58240.027344
v 2983.136719 472.317291 58237.707031
v 2983.619141 475.114594 58235.089844
v 2984.150635 477.628571 58232.210938
v 2984.725342 479.833344 58229.097656
v 2985.337646 481.70636 58225.777344
v 2985.981445 483.228363 58222.289062
v 2986.649658 484.383728 58218.667969
v 2987.335449 485.160645 58214.949219
v 2988.032227 485.551086 58211.175781
v 2988.732666 485.551086 58207.378906
v 2989.429443 485.160645 58203.601562
v 2990.115479 484.383728 58199.886719
v 2990.783691 483.228363 58196.265625
v 2991.427246 481.70636 58192.777344
v 2992.039551 479.833344 58189.457031
v 2992.614502 477.628571 58186.34375
v 2993.145752 475.114594 58183.464844
v 2995.296143 447.5 58171.808594
v 2994.42749 429.01001 58176.515625
v 2995.154541 439.830536 58172.578125
v 2995.260742 443.645477 58172.0
v 2994.979004 436.094269 58173.527344
v 2994.73584 432.475037 58174.847656
v 2993.628418 422.682709 58180.847656
v 2994.056885 425.73468 58178.523438
v 2993.145752 419.885406 58183.464844
v 2992.614502 417.371429 58186.34375
v 2992.039551 415.166656 58189.457031
v 2991.427246 413.29364 58192.777344
v 2990.783691 411.771637 58196.265625
v 2990.115479 410.616272 58199.886719
v 2989.429443 409.839355 58203.601562
v 2988.732666 409.448914 58207.378906
v 2988.032227 409.448914 58211.175781
v 2987.335449 409.839355 58214.949219
v 2981.610352 439.830536 58245.976562
v 2981.504395 443.645477 58246.550781
v 2986.649658 410.616272 58218.667969
v 2981.785889 436.094269 58245.027344
v 2985.981445 411.771637 58222.289062
v 2982.029053 432.475037 58243.707031
v 2985.337646 413.29364 58225.777344
v 2982.337646 429.01001 58242.035156
v 2984.725342 415.166656 58229.097656
v 2982.708008 425.73468 58240.027344
v 2984.150635 417.371429 58232.210938
v 2983.136719 422.682709 58237.707031
v 2983.619141 419.885406 58235.089844
v 1351.506348 1141.038574 52864.480469
v 1142.458618 1141.038574 52933.03125
v 1351.506348 1023.416321 52864.480469
v 1142.458618 1023.416321 52933.03125
v 1138.001465 1141.038574 52502.222656
v 1086.567993 1023.416321 52519.089844
v 1086.567993 1141.038574 52519.089844
v 1138.001465 1023.416321 52502.222656
v 1080.690063 1141.038574 52521.222656
v 1080.690063 1023.416321 52521.222656
v 1074.956909 1023.416321 52523.71875
v 1074.956909 1141.038574 52523.71875
v 1069.390991 1023.416321 52526.566406
v 1069.390991 1141.038574 52526.566406
v 1064.01416 1023.416321 52529.761719
v 1064.01416 1141.038574 52529.761719
v 1058.84729 1023.416321 52533.28125
v 1058.84729 1141.038574 52533.28125
v 1053.910645 1023.416321 52537.121094
v 1053.910645 1141.038574 52537.121094
v 1049.223511 1023.416321 52541.257812
v 1049.223511 1141.038574 52541.257812
v 1044.804199 1023.416321 52545.683594
v 1044.804199 1141.038574 52545.683594
v 1040.670044 1023.416321 52550.375
v 1040.670044 1141.038574 52550.375
v 1036.83728 1023.416321 52555.316406
v 1036.83728 1141.038574 52555.316406
v 1033.320679 1023.416321 52560.484375
v 1033.320679 1141.038574 52560.484375
v 1030.134155 1023.416321 52565.867188
v 1030.134155 1141.038574 52565.867188
v 900.887573 1141.038574 52799.6875
v 903.78833 1141.038574 52795.261719
v 903.78833 1023.416321 52795.261719
v 900.887573 1023.416321 52799.6875
v 898.329163 1141.038574 52804.316406
v 898.329163 1023.416321 52804.316406
v 896.127563 1141.038574 52809.125
v 896.127563 1023.416321 52809.125
v 894.29541 1141.038574 52814.085938
v 894.29541 1023.416321 52814.085938
v 892.843201 1141.038574 52819.171875
v 892.843201 1023.416321 52819.171875
v 891.779236 1141.038574 52824.355469
v 891.779236 1023.416321 52824.355469
v 891.109497 1141.038574 52829.601562
v 891.109497 1023.416321 52829.601562
v 890.837952 1141.038574 52834.882812
v 890.837952 1023.416321 52834.882812
v 890.966003 1141.038574 52840.171875
v 890.966003 1023.416321 52840.171875
v 891.492981 1141.038574 52845.433594
v 891.492981 1023.416321 52845.433594
v 892.415894 1141.038574 52850.644531
v 892.415894 1023.416321 52850.644531
v 893.729431 1141.038574 52855.765625
v 893.729431 1023.416321 52855.765625
v 895.426147 1141.038574 52860.777344
v 895.426147 1023.416321 52860.777344
v 897.496338 1141.038574 52865.644531
v 897.496338 1023.416321 52865.644531
v 899.928162 1141.038574 52870.34375
v 899.928162 1023.416321 52870.34375
v 902.707703 1141.038574 52874.84375
v 902.707703 1023.416321 52874.84375
v 905.819153 1141.038574 52879.121094
v 905.819153 1023.416321 52879.121094
v 909.244751 1141.038574 52883.152344
v 909.244751 1023.416321 52883.152344
v 912.964844 1141.038574 52886.910156
v 912.964844 1023.416321 52886.910156
v 916.958313 1023.416321 52890.378906
v 916.958313 1141.038574 52890.378906
v 921.202271 1023.416321 52893.535156
v 921.202271 1141.038574 52893.535156
v 925.672485 1023.416321 52896.363281
v 925.672485 1141.038574 52896.363281
v 930.343506 1023.416321 52898.847656
v 930.343506 1141.038574 52898.847656
v 935.188599 1023.416321 52900.96875
v 935.188599 1141.038574 52900.96875
v 940.180115 1023.416321 52902.71875
v 940.180115 1141.038574 52902.71875
v 945.28949 1023.416321 52904.085938
v 945.28949 1141.038574 52904.085938
v 950.487671 1023.416321 52905.066406
v 950.487671 1141.038574 52905.066406
v 955.744873 1023.416321 52905.648438
v 955.744873 1141.038574 52905.648438
v 961.031189 1023.416321 52905.835938
v 961.031189 1141.038574 52905.835938
v 966.316284 1023.416321 52905.621094
v 966.316284 1141.038574 52905.621094
v 971.570129 1023.416321 52905.003906
v 971.570129 1141.038574 52905.003906
v 976.762634 1023.416321 52903.996094
v 976.762634 1141.038574 52903.996094
v 1117.775635 1141.038574 52857.757812
v 1117.775635 1023.416321 52857.757812
v 988.387756 1141.038574 52826.796875
v 989.250427 1023.416321 52830.058594
v 989.250427 1141.038574 52830.058594
v 988.387756 1023.416321 52826.796875
v 989.728821 1023.416321 52833.398438
v 989.728821 1141.038574 52833.398438
v 989.816467 1023.416321 52836.769531
v 989.816467 1141.038574 52836.769531
v 989.512085 1023.416321 52840.125
v 989.512085 1141.038574 52840.125
v 988.819824 1023.416321 52843.425781
v 988.819824 1141.038574 52843.425781
v 987.749084 1023.416321 52846.625
v 987.749084 1141.038574 52846.625
v 986.314392 1023.416321 52849.675781
v 986.314392 1141.038574 52849.675781
v 984.535034 1023.416321 52852.542969
v 984.535034 1141.038574 52852.542969
v 982.43512 1023.416321 52855.179688
v 982.43512 1141.038574 52855.179688
v 980.043091 1023.416321 52857.558594
v 980.043091 1141.038574 52857.558594
v 977.391235 1023.416321 52859.640625
v 977.391235 1141.038574 52859.640625
v 974.515381 1023.416321 52861.402344
v 974.515381 1141.038574 52861.402344
v 971.454529 1023.416321 52862.820312
v 971.454529 1141.038574 52862.820312
v 968.250061 1023.416321 52863.871094
v 968.250061 1141.038574 52863.871094
v 964.94519 1023.416321 52864.542969
v 964.94519 1141.038574 52864.542969
v 961.584717 1023.416321 52864.824219
v 961.584717 1141.038574 52864.824219
v 958.214111 1023.416321 52864.714844
v 958.214111 1141.038574 52864.714844
v 954.878845 1023.416321 52864.21875
v 954.878845 1141.038574 52864.21875
v 951.624084 1023.416321 52863.332031
v 951.624084 1141.038574 52863.332031
v 948.493835 1141.038574 52862.078125
v 948.493835 1023.416321 52862.078125
v 945.530457 1023.416321 52860.46875
v 945.530457 1141.038574 52860.46875
v 942.773987 1023.416321 52858.527344
v 942.773987 1141.038574 52858.527344
v 940.261658 1141.038574 52856.277344
v 940.261658 1023.416321 52856.277344
v 938.027588 1023.416321 52853.75
v 938.027588 1141.038574 52853.75
v 936.101868 1141.038574 52850.980469
v 936.101868 1023.416321 52850.980469
v 934.510559 1141.038574 52848.007812
v 934.510559 1023.416321 52848.007812
v 933.275208 1023.416321 52844.871094
v 933.275208 1141.038574 52844.871094
v 932.412476 1023.416321 52841.609375
v 932.412476 1141.038574 52841.609375
v 931.934082 1023.416321 52838.273438
v 931.934082 1141.038574 52838.273438
v 931.846497 1023.416321 52834.902344
v 931.846497 1141.038574 52834.902344
v 932.150879 1023.416321 52831.542969
v 932.150879 1141.038574 52831.542969
v 932.843079 1023.416321 52828.242188
v 932.843079 1141.038574 52828.242188
v 933.913818 1023.416321 52825.042969
v 933.913818 1141.038574 52825.042969
v 935.348572 1023.416321 52821.992188
v 935.348572 1141.038574 52821.992188
v 937.12793 1023.416321 52819.125
v 937.12793 1141.038574 52819.125
v 939.227844 1023.416321 52816.488281
v 939.227844 1141.038574 52816.488281
v 941.619873 1023.416321 52814.109375
v 941.619873 1141.038574 52814.109375
v 944.271729 1023.416321 52812.027344
v 944.271729 1141.038574 52812.027344
v 947.147522 1023.416321 52810.265625
v 947.147522 1141.038574 52810.265625
v 950.208374 1023.416321 52808.851562
v 950.208374 1141.038574 52808.851562
v 953.412903 1023.416321 52807.800781
v 953.412903 1141.038574 52807.800781
v 956.717712 1023.416321 52807.128906
v 956.717712 1141.038574 52807.128906
v 960.078186 1023.416321 52806.84375
v 960.078186 1141.038574 52806.84375
v 963.448853 1023.416321 52806.953125
v 963.448853 1141.038574 52806.953125
v 966.784119 1023.416321 52807.453125
v 966.784119 1141.038574 52807.453125
v 970.038879 1023.416321 52808.335938
v 970.038879 1141.038574 52808.335938
v 973.169128 1023.416321 52809.589844
v 973.169128 1141.038574 52809.589844
v 976.132507 1023.416321 52811.199219
v 976.132507 1141.038574 52811.199219
v 978.888977 1023.416321 52813.140625
v 978.888977 1141.038574 52813.140625
v 981.401245 1023.416321 52815.390625
v 981.401245 1141.038574 52815.390625
v 983.635376 1023.416321 52817.917969
v 983.635376 1141.038574 52817.917969
v 985.561096 1023.416321 52820.6875
v 985.561096 1141.038574 52820.6875
v 987.152405 1023.416321 52823.660156
v 987.152405 1141.038574 52823.660156
v 1183.257568 1141.038574 52592.09375
v 1184.215332 1023.416321 52595.628906
v 1184.215332 1141.038574 52595.628906
v 1183.257568 1023.416321 52592.09375
v 1184.798218 1023.416321 52599.246094
v 1184.798218 1141.038574 52599.246094
v 1184.999878 1023.416321 52602.90625
v 1184.999878 1141.038574 52602.90625
v 1184.817993 1023.416321 52606.5625
v 1184.817993 1141.038574 52606.5625
v 1184.254761 1023.416321 52610.183594
v 1184.254761 1141.038574 52610.183594
v 1183.316162 1023.416321 52613.726562
v 1183.316162 1141.038574 52613.726562
v 1182.012451 1023.416321 52617.148438
v 1182.012451 1141.038574 52617.148438
v 1180.358154 1023.416321 52620.417969
v 1180.358154 1141.038574 52620.417969
v 1178.371216 1023.416321 52623.496094
v 1178.371216 1141.038574 52623.496094
v 1176.073364 1023.416321 52626.347656
v 1176.073364 1141.038574 52626.347656
v 1173.489868 1023.416321 52628.945312
v 1173.489868 1141.038574 52628.945312
v 1170.649048 1023.416321 52631.261719
v 1170.649048 1141.038574 52631.261719
v 1167.582031 1141.038574 52633.261719
v 1167.582031 1023.416321 52633.261719
v 1164.322266 1023.416321 52634.933594
v 1164.322266 1141.038574 52634.933594
v 1160.90564 1141.038574 52636.257812
v 1160.90564 1023.416321 52636.257812
v 1157.369507 1023.416321 52637.214844
v 1157.369507 1141.038574 52637.214844
v 1153.752686 1141.038574 52637.796875
v 1153.752686 1023.416321 52637.796875
v 1150.094727 1141.038574 52638.0
v 1150.094727 1023.416321 52638.0
v 1146.435791 1023.416321 52637.816406
v 1146.435791 1141.038574 52637.816406
v 1142.815796 1141.038574 52637.253906
v 1142.815796 1023.416321 52637.253906
v 1139.274536 1023.416321 52636.316406
v 1139.274536 1141.038574 52636.316406
v 1135.85083 1141.038574 52635.011719
v 1135.85083 1023.416321 52635.011719
v 1132.582153 1023.416321 52633.359375
v 1132.582153 1141.038574 52633.359375
v 1129.504272 1023.416321 52631.371094
v 1129.504272 1141.038574 52631.371094
v 1126.650879 1141.038574 52629.074219
v 1126.650879 1023.416321 52629.074219
v 1124.053467 1023.416321 52626.488281
v 1124.053467 1141.038574 52626.488281
v 1121.740234 1141.038574 52623.648438
v 1121.740234 1023.416321 52623.648438
v 1119.736572 1141.038574 52620.582031
v 1119.736572 1023.416321 52620.582031
v 1118.064575 1141.038574 52617.324219
v 1118.064575 1023.416321 52617.324219
v 1116.742432 1023.416321 52613.90625
v 1116.742432 1141.038574 52613.90625
v 1115.784668 1141.038574 52610.371094
v 1115.784668 1023.416321 52610.371094
v 1115.201782 1141.038574 52606.753906
v 1115.201782 1023.416321 52606.753906
v 1115.000122 1141.038574 52603.09375
v 1115.000122 1023.416321 52603.09375
v 1115.182007 1141.038574 52599.4375
v 1115.182007 1023.416321 52599.4375
v 1115.745239 1141.038574 52595.816406
v 1115.745239 1023.416321 52595.816406
v 1116.683838 1141.038574 52592.273438
v 1116.683838 1023.416321 52592.273438
v 1117.987549 1141.038574 52588.851562
v 1117.987549 1023.416321 52588.851562
v 1119.641846 1141.038574 52585.582031
v 1119.641846 1023.416321 52585.582031
v 1121.628784 1141.038574 52582.503906
v 1121.628784 1023.416321 52582.503906
v 1123.926636 1141.038574 52579.652344
v 1123.926636 1023.416321 52579.652344
v 1126.510132 1141.038574 52577.054688
v 1126.510132 1023.416321 52577.054688
v 1129.350952 1141.038574 52574.738281
v 1129.350952 1023.416321 52574.738281
v 1132.417969 1141.038574 52572.738281
v 1132.417969 1023.416321 52572.738281
v 1135.677734 1141.038574 52571.066406
v 1135.677734 1023.416321 52571.066406
v 1139.09436 1023.416321 52569.742188
v 1139.09436 1141.038574 52569.742188
v 1142.630493 1023.416321 52568.785156
v 1142.630493 1141.038574 52568.785156
v 1146.247314 1141.038574 52568.203125
v 1146.247314 1023.416321 52568.203125
v 1149.905273 1023.416321 52568.0
v 1149.905273 1141.038574 52568.0
v 1153.564209 1023.416321 52568.183594
v 1153.564209 1141.038574 52568.183594
v 1157.184204 1023.416321 52568.746094
v 1157.184204 1141.038574 52568.746094
v 1160.725464 1023.416321 52569.683594
v 1160.725464 1141.038574 52569.683594
v 1164.14917 1023.416321 52570.988281
v 1164.14917 1141.038574 52570.988281
v 1167.417847 1023.416321 52572.640625
v 1167.417847 1141.038574 52572.640625
v 1170.495728 1023.416321 52574.628906
v 1170.495728 1141.038574 52574.628906
v 1173.349121 1023.416321 52576.925781
v 1173.349121 1141.038574 52576.925781
v 1175.946533 1023.416321 52579.511719
v 1175.946533 1141.038574 52579.511719
v 1178.259766 1023.416321 52582.351562
v 1178.259766 1141.038574 52582.351562
v 1180.263428 1023.416321 52585.417969
v 1180.263428 1141.038574 52585.417969
v 1181.935425 1023.416321 52588.675781
v 1181.935425 1141.038574 52588.675781
v 1254.523804 1141.038574 52568.726562
v 1254.523804 1023.416321 52568.726562
v 1252.437378 1023.416321 52562.964844
v 1252.437378 1141.038574 52562.964844
v 1250.002075 1023.416321 52557.34375
v 1250.002075 1141.038574 52557.34375
v 1247.227051 1023.416321 52551.878906
v 1247.227051 1141.038574 52551.878906
v 1244.122803 1023.416321 52546.597656
v 1244.122803 1141.038574 52546.597656
v 1240.700928 1023.416321 52541.515625
v 1240.700928 1141.038574 52541.515625
v 1236.974243 1023.416321 52536.652344
v 1236.974243 1141.038574 52536.652344
v 1232.956665 1023.416321 52532.027344
v 1232.956665 1141.038574 52532.027344
v 1228.663452 1023.416321 52527.65625
v 1228.663452 1141.038574 52527.65625
v 1224.110718 1023.416321 52523.558594
v 1224.110718 1141.038574 52523.558594
v 1219.315308 1023.416321 52519.746094
v 1219.315308 1141.038574 52519.746094
v 1214.295532 1023.416321 52516.230469
v 1214.295532 1141.038574 52516.230469
v 1209.069946 1023.416321 52513.035156
v 1209.069946 1141.038574 52513.035156
v 1203.658447 1023.416321 52510.160156
v 1203.658447 1141.038574 52510.160156
v 1198.081055 1023.416321 52507.625
v 1198.081055 1141.038574 52507.625
v 1192.359009 1023.416321 52505.4375
v 1192.359009 1141.038574 52505.4375
v 1186.51355 1023.416321 52503.601562
v 1186.51355 1141.038574 52503.601562
v 1180.56665 1023.416321 52502.128906
v 1180.56665 1141.038574 52502.128906
v 1174.540771 1023.416321 52501.019531
v 1174.540771 1141.038574 52501.019531
v 1168.458374 1141.038574 52500.285156
v 1168.458374 1023.416321 52500.285156
v 1162.342407 1023.416321 52499.925781
v 1162.342407 1141.038574 52499.925781
v 1156.215698 1141.038574 52499.9375
v 1156.215698 1023.416321 52499.9375
v 1150.10144 1141.038574 52500.328125
v 1150.10144 1023.416321 52500.328125
v 1144.022461 1141.038574 52501.089844
v 1144.022461 1023.416321 52501.089844
v 785.531921 1127.188965 52893.359375
v 940.818481 1127.188965 53019.398438
v 792.001221 1042.811035 52885.390625
v 947.28772 1042.811035 53011.429688
v -2510.248535 405.311066 56953.894531
v -2354.962158 405.311066 57079.9375
v -2361.431396 489.688934 57087.90625
v -2516.717773 489.688934 56961.867188
v 2665.668945 -323.5 58163.871094
v 2665.668945 -231.5 58163.871094
v 2666.904297 -323.5 58167.007812
v 2666.904297 -231.5 58167.007812
v 2668.495605 -323.5 58169.984375
v 2668.495605 -231.5 58169.984375
v 2670.421143 -323.5 58172.75
v 2670.421143 -231.5 58172.75
v 2672.655273 -323.5 58175.277344
v 2672.655273 -231.5 58175.277344
v 2675.167725 -323.5 58177.527344
v 2675.167725 -231.5 58177.527344
v 2677.924072 -323.5 58179.46875
v 2677.924072 -231.5 58179.46875
v 2680.887451 -323.5 58181.082031
v 2680.887451 -231.5 58181.082031
v 2684.017822 -323.5 58182.335938
v 2684.017822 -231.5 58182.335938
v 2687.272461 -323.5 58183.21875
v 2687.272461 -231.5 58183.21875
v 2690.607666 -323.5 58183.71875
v 2690.607666 -231.5 58183.71875
v 2693.978516 -323.5 58183.824219
v 2693.978516 -231.5 58183.824219
v 2697.338867 -323.5 58183.542969
v 2697.338867 -231.5 58183.542969
v 2700.643799 -323.5 58182.871094
v 2700.643799 -231.5 58182.871094
v 2703.848145 -323.5 58181.820312
v 2703.848145 -231.5 58181.820312
v 2706.90918 -323.5 58180.402344
v 2706.90918 -231.5 58180.402344
v 2709.784912 -323.5 58178.644531
v 2709.784912 -231.5 58178.644531
v 2712.436768 -323.5 58176.558594
v 2712.436768 -231.5 58176.558594
v 2714.828857 -323.5 58174.183594
v 2714.828857 -231.5 58174.183594
v 2716.928711 -323.5 58171.542969
v 2716.928711 -231.5 58171.542969
v 2718.708008 -323.5 58168.679688
v 2718.708008 -231.5 58168.679688
v 2720.142822 -323.5 58165.625
v 2720.142822 -231.5 58165.625
v 2721.213623 -323.5 58162.429688
v 2721.213623 -231.5 58162.429688
v 2721.905762 -323.5 58159.128906
v 2721.905762 -231.5 58159.128906
v 2722.210205 -323.5 58155.769531
v 2722.210205 -231.5 58155.769531
v 2722.122559 -323.5 58152.398438
v 2722.122559 -231.5 58152.398438
v 2721.644043 -323.5 58149.058594
v 2721.644043 -231.5 58149.058594
v 2720.781494 -323.5 58145.800781
v 2720.781494 -231.5 58145.800781
v 2719.546143 -323.5 58142.660156
v 2719.546143 -231.5 58142.660156
v 2717.954834 -231.5 58139.6875
v 2717.954834 -323.5 58139.6875
v 2716.029053 -231.5 58136.917969
v 2716.029053 -323.5 58136.917969
v 2713.794922 -231.5 58134.394531
v 2713.794922 -323.5 58134.394531
v 2711.282715 -231.5 58132.144531
v 2711.282715 -323.5 58132.144531
v 2708.526123 -231.5 58130.199219
v 2708.526123 -323.5 58130.199219
v 2705.562744 -231.5 58128.589844
v 2705.562744 -323.5 58128.589844
v 2702.432617 -231.5 58127.335938
v 2702.432617 -323.5 58127.335938
v 2699.177734 -231.5 58126.453125
v 2699.177734 -323.5 58126.453125
v 2695.842529 -231.5 58125.953125
v 2695.842529 -323.5 58125.953125
v 2692.471924 -231.5 58125.84375
v 2692.471924 -323.5 58125.84375
v 2689.111328 -231.5 58126.128906
v 2689.111328 -323.5 58126.128906
v 2685.806641 -231.5 58126.800781
v 2685.806641 -323.5 58126.800781
v 2682.602051 -231.5 58127.851562
v 2682.602051 -323.5 58127.851562
v 2679.54126 -231.5 58129.265625
v 2679.54126 -323.5 58129.265625
v 2676.665527 -231.5 58131.027344
v 2676.665527 -323.5 58131.027344
v 2674.013672 -231.5 58133.113281
v 2674.013672 -323.5 58133.113281
v 2671.621582 -231.5 58135.488281
v 2671.621582 -323.5 58135.488281
v 2669.521484 -231.5 58138.128906
v 2669.521484 -323.5 58138.128906
v 2667.742188 -231.5 58140.992188
v 2667.742188 -323.5 58140.992188
v 2666.307617 -231.5 58144.042969
v 2666.307617 -323.5 58144.042969
v 2665.236816 -231.5 58147.242188
v 2665.236816 -323.5 58147.242188
v 2664.544678 -231.5 58150.542969
v 2664.544678 -323.5 58150.542969
v 2664.240234 -231.5 58153.902344
v 2664.240234 -323.5 58153.902344
v 2664.327881 -231.5 58157.273438
v 2664.327881 -323.5 58157.273438
v 2664.806152 -231.5 58160.613281
v 2664.806152 -323.5 58160.613281
v 2781.047607 -323.5 58250.957031
v 2781.047607 -231.5 58250.957031
v 2618.999023 -323.5 58211.441406
v 2618.999023 -231.5 58211.441406
v 2614.364014 -323.5 58210.113281
v 2614.364014 -231.5 58210.113281
v 2609.85083 -323.5 58208.417969
v 2609.85083 -231.5 58208.417969
v 2605.488281 -323.5 58206.363281
v 2605.488281 -231.5 58206.363281
v 2601.305176 -323.5 58203.964844
v 2601.305176 -231.5 58203.964844
v 2597.327881 -323.5 58201.238281
v 2597.327881 -231.5 58201.238281
v 2593.58252 -323.5 58198.199219
v 2593.58252 -231.5 58198.199219
v 2590.093018 -323.5 58194.871094
v 2590.093018 -231.5 58194.871094
v 2586.881836 -323.5 58191.273438
v 2586.881836 -231.5 58191.273438
v 2583.970215 -323.5 58187.433594
v 2583.970215 -231.5 58187.433594
v 2581.376465 -323.5 58183.367188
v 2581.376465 -231.5 58183.367188
v 2579.117432 -323.5 58179.105469
v 2579.117432 -231.5 58179.105469
v 2577.207764 -323.5 58174.679688
v 2577.207764 -231.5 58174.679688
v 2575.659912 -323.5 58170.113281
v 2575.659912 -231.5 58170.113281
v 2574.483887 -323.5 58165.4375
v 2574.483887 -231.5 58165.4375
v 2573.687012 -323.5 58160.679688
v 2573.687012 -231.5 58160.679688
v 2573.274658 -323.5 58155.875
v 2573.274658 -231.5 58155.875
v 2573.249268 -323.5 58151.054688
v 2573.249268 -231.5 58151.054688
v 2573.611328 -323.5 58146.246094
v 2573.611328 -231.5 58146.246094
v 2574.358154 -323.5 58141.480469
v 2574.358154 -231.5 58141.480469
v 2575.485352 -323.5 58136.792969
v 2575.485352 -231.5 58136.792969
v 2576.985107 -323.5 58132.210938
v 2576.985107 -231.5 58132.210938
v 2578.848145 -323.5 58127.765625
v 2578.848145 -231.5 58127.765625
v 2581.062256 -323.5 58123.480469
v 2581.062256 -231.5 58123.480469
v 2583.613281 -323.5 58119.386719
v 2583.613281 -231.5 58119.386719
v 2586.484619 -323.5 58115.515625
v 2586.484619 -231.5 58115.515625
v 2589.657715 -323.5 58111.882812
v 2589.657715 -231.5 58111.882812
v 2593.112061 -323.5 58108.519531
v 2593.112061 -231.5 58108.519531
v 2596.825684 -323.5 58105.445312
v 2596.825684 -231.5 58105.445312
v 2600.773926 -323.5 58102.675781
v 2600.773926 -231.5 58102.675781
v 2604.931885 -323.5 58100.234375
v 2604.931885 -231.5 58100.234375
v 2609.272461 -323.5 58098.132812
v 2609.272461 -231.5 58098.132812
v 2613.767822 -323.5 58096.390625
v 2613.767822 -231.5 58096.390625
v 2618.388428 -323.5 58095.011719
v 2618.388428 -231.5 58095.011719
v 2818.425049 -323.5 58044.007812
v 2818.425049 -231.5 58044.007812
v 2810.635254 -323.5 58020.25
v 2810.635254 -231.5 58020.25
v 3010.180664 -323.5 57954.816406
v 3010.180664 -231.5 57954.816406
v 3085.148438 -323.5 58184.050781
v 3083.404297 -323.5 58178.117188
v 3083.404297 -231.5 58178.117188
v 3085.148438 -231.5 58184.050781
v 3086.522461 -323.5 58190.078125
v 3086.522461 -231.5 58190.078125
v 3087.521484 -323.5 58196.179688
v 3087.521484 -231.5 58196.179688
v 3088.141357 -323.5 58202.332031
v 3088.141357 -231.5 58202.332031
v 3088.379883 -323.5 58208.511719
v 3088.379883 -231.5 58208.511719
v 3088.236084 -323.5 58214.691406
v 3088.236084 -231.5 58214.691406
v 3087.710449 -323.5 58220.851562
v 3087.710449 -231.5 58220.851562
v 3086.805176 -323.5 58226.96875
v 3086.805176 -231.5 58226.96875
v 3085.523682 -323.5 58233.019531
v 3085.523682 -231.5 58233.019531
v 3083.87085 -323.5 58238.976562
v 3083.87085 -231.5 58238.976562
v 3081.852783 -323.5 58244.820312
v 3081.852783 -231.5 58244.820312
v 3079.477539 -323.5 58250.53125
v 3079.477539 -231.5 58250.53125
v 3076.753906 -323.5 58256.082031
v 3076.753906 -231.5 58256.082031
v 3073.692627 -323.5 58261.453125
v 3073.692627 -231.5 58261.453125
v 3070.304932 -323.5 58266.625
v 3070.304932 -231.5 58266.625
v 3066.604248 -323.5 58271.578125
v 3066.604248 -231.5 58271.578125
v 3062.604492 -323.5 58276.292969
v 3062.604492 -231.5 58276.292969
v 3058.321045 -323.5 58280.753906
v 3058.321045 -231.5 58280.753906
v 3053.77002 -323.5 58284.9375
v 3053.77002 -231.5 58284.9375
v 3048.969238 -323.5 58288.835938
v 3048.969238 -231.5 58288.835938
v 3043.936523 -323.5 58292.425781
v 3043.936523 -231.5 58292.425781
v 3038.69165 -323.5 58295.699219
v 3038.69165 -231.5 58295.699219
v 3033.254395 -323.5 58298.644531
v 3033.254395 -231.5 58298.644531
v 3027.645752 -323.5 58301.246094
v 3027.645752 -231.5 58301.246094
v 3021.886719 -323.5 58303.496094
v 3021.886719 -231.5 58303.496094
v 3015.999756 -323.5 58305.386719
v 3015.999756 -231.5 58305.386719
v 3010.007324 -323.5 58306.910156
v 3010.007324 -231.5 58306.910156
v 3003.932129 -323.5 58308.0625
v 3003.932129 -231.5 58308.0625
v 2997.797363 -323.5 58308.832031
v 2997.797363 -231.5 58308.832031
v 2805.974609 -323.5 58326.972656
v 2805.974609 -231.5 58326.972656
v 3035.893555 -231.5 58193.699219
v 3034.35498 -323.5 58189.617188
v 3034.35498 -231.5 58189.617188
v 3032.466309 -323.5 58185.683594
v 3032.466309 -231.5 58185.683594
v 3030.242432 -231.5 58181.933594
v 3027.699707 -323.5 58178.386719
v 3027.699707 -231.5 58178.386719
v 3024.85791 -231.5 58175.078125
v 3021.738525 -231.5 58172.03125
v 3018.365234 -231.5 58169.265625
v 3014.763916 -231.5 58166.804688
v 3010.96167 -231.5 58164.667969
v 3006.987549 -231.5 58162.867188
v 3002.871826 -231.5 58161.421875
v 2998.645996 -231.5 58160.34375
v 2994.341797 -231.5 58159.632812
v 2989.992432 -323.5 58159.304688
v 2989.992432 -231.5 58159.304688
v 2985.630859 -231.5 58159.351562
v 2981.290039 -231.5 58159.785156
v 2977.003418 -231.5 58160.589844
v 2972.803223 -231.5 58161.765625
v 2968.72168 -323.5 58163.304688
v 2968.72168 -231.5 58163.304688
v 2964.789795 -231.5 58165.195312
v 2961.037354 -231.5 58167.417969
v 2957.493164 -231.5 58169.960938
v 2954.184082 -231.5 58172.800781
v 2951.13501 -231.5 58175.921875
v 2948.369629 -231.5 58179.296875
v 2945.908691 -231.5 58182.898438
v 2943.77124 -231.5 58186.699219
v 2941.9729 -231.5 58190.671875
v 2940.528076 -231.5 58194.789062
v 2939.44751 -323.5 58199.015625
v 2939.44751 -231.5 58199.015625
v 2938.739014 -231.5 58203.320312
v 2938.408691 -231.5 58207.667969
v 2938.458496 -231.5 58212.03125
v 2938.888428 -323.5 58216.371094
v 2938.888428 -231.5 58216.371094
v 2939.694824 -323.5 58220.65625
v 2939.694824 -231.5 58220.65625
v 2940.871826 -231.5 58224.855469
v 2942.410645 -231.5 58228.9375
v 2942.410645 -323.5 58228.9375
v 2944.299072 -231.5 58232.871094
v 2946.523193 -231.5 58236.621094
v 2946.523193 -323.5 58236.621094
v 2949.065674 -231.5 58240.167969
v 2949.065674 -323.5 58240.167969
v 2951.907471 -231.5 58243.476562
v 2951.907471 -323.5 58243.476562
v 2955.026855 -231.5 58246.523438
v 2958.400146 -231.5 58249.289062
v 2962.001709 -231.5 58251.75
v 2965.803955 -231.5 58253.890625
v 2969.778076 -231.5 58255.6875
v 2973.893555 -231.5 58257.132812
v 2973.893555 -323.5 58257.132812
v 2978.119629 -231.5 58258.214844
v 2978.119629 -323.5 58258.214844
v 2982.423584 -231.5 58258.921875
v 2986.772949 -231.5 58259.25
v 2991.134766 -231.5 58259.203125
v 2991.134766 -323.5 58259.203125
v 2995.475342 -231.5 58258.773438
v 2999.762207 -231.5 58257.964844
v 3003.962158 -231.5 58256.789062
v 3008.043701 -231.5 58255.25
v 3011.97583 -231.5 58253.359375
v 3015.728027 -231.5 58251.136719
v 3019.272461 -231.5 58248.59375
v 3019.272461 -323.5 58248.59375
v 3022.581543 -231.5 58245.753906
v 3025.630371 -231.5 58242.632812
v 3028.395752 -231.5 58239.261719
v 3030.856689 -231.5 58235.660156
v 3032.994385 -231.5 58231.855469
v 3032.994385 -323.5 58231.855469
v 3034.79248 -231.5 58227.882812
v 3036.237305 -231.5 58223.765625
v 3037.318115 -231.5 58219.539062
v 3037.318115 -323.5 58219.539062
v 3038.026367 -231.5 58215.238281
v 3038.026367 -323.5 58215.238281
v 3038.356934 -231.5 58210.886719
v 3038.356934 -323.5 58210.886719
v 3038.306885 -231.5 58206.527344
v 3037.877197 -231.5 58202.183594
v 3037.070557 -231.5 58197.898438
v 3037.070557 -323.5 58197.898438
v -2250.670898 -144.5 57256.585938
v -2248.701416 -144.5 57253.847656
v -2247.063232 -144.5 57250.902344
v -2245.778076 -144.5 57247.78125
v -2244.86377 -144.5 57244.535156
v -2244.33252 -144.5 57241.207031
v -2244.191406 -144.5 57237.835938
v -2244.442383 -144.5 57234.472656
v -2245.082031 -144.5 57231.164062
v -2246.102051 -144.5 57227.949219
v -2247.488037 -144.5 57224.875
v -2249.22168 -144.5 57221.980469
v -2251.279297 -144.5 57219.308594
v -2253.633301 -144.5 57216.894531
v -2256.251953 -144.5 57214.769531
v -2259.099365 -144.5 57212.960938
v -2262.137207 -144.5 57211.5
v -2265.324707 -144.5 57210.398438
v -2268.618408 -144.5 57209.671875
v -2271.974121 -144.5 57209.335938
v -2275.345947 -144.5 57209.390625
v -2278.688721 -144.5 57209.835938
v -2281.957031 -144.5 57210.667969
v -2285.106934 -144.5 57211.875
v -2288.095459 -144.5 57213.4375
v -2290.882324 -144.5 57215.335938
v -2293.430176 -144.5 57217.542969
v -2295.704102 -144.5 57220.035156
v -2297.673584 -144.5 57222.773438
v -2299.311768 -144.5 57225.71875
v -2300.596924 -144.5 57228.839844
v -2301.51123 -144.5 57232.085938
v -2302.04248 -144.5 57235.414062
v -2302.183594 -144.5 57238.785156
v -2301.932617 -144.5 57242.148438
v -2301.292969 -144.5 57245.457031
v -2300.273193 -144.5 57248.671875
v -2298.886963 -144.5 57251.746094
v -2297.15332 -144.5 57254.640625
v -2295.095703 -144.5 57257.3125
v -2292.741699 -144.5 57259.726562
v -2290.123291 -144.5 57261.851562
v -2287.275635 -144.5 57263.660156
v -2284.237793 -144.5 57265.121094
v -2281.050293 -144.5 57266.222656
v -2277.756592 -144.5 57266.949219
v -2274.401123 -144.5 57267.285156
v -2271.029053 -144.5 57267.230469
v -2267.686279 -144.5 57266.785156
v -2264.417969 -144.5 57265.953125
v -2261.268066 -144.5 57264.746094
v -2258.279541 -144.5 57263.183594
v -2255.492676 -144.5 57261.285156
v -2252.944824 -144.5 57259.078125
v -2541.006836 -144.5 57206.007812
v -2538.850098 -144.5 57203.046875
v -2537.014893 -144.5 57199.878906
v -2535.520996 -144.5 57196.53125
v -2534.384766 -144.5 57193.050781
v -2533.619141 -144.5 57189.464844
v -2533.232178 -144.5 57185.824219
v -2533.228027 -144.5 57182.160156
v -2533.606689 -144.5 57178.515625
v -2534.364258 -144.5 57174.933594
v -2535.492432 -144.5 57171.445312
v -2536.97876 -144.5 57168.097656
v -2538.806885 -144.5 57164.921875
v -2540.957031 -144.5 57161.957031
v -2543.405273 -144.5 57159.230469
v -2546.125 -144.5 57156.777344
v -2549.086426 -144.5 57154.621094
v -2552.25708 -144.5 57152.785156
v -2555.602051 -144.5 57151.292969
v -2559.084961 -144.5 57150.15625
v -2562.667725 -144.5 57149.390625
v -2566.310547 -144.5 57149.003906
v -2569.974121 -144.5 57149.0
v -2573.618164 -144.5 57149.375
v -2577.202393 -144.5 57150.132812
v -2580.687744 -144.5 57151.261719
v -2584.036377 -144.5 57152.75
v -2587.211182 -144.5 57154.578125
v -2590.17749 -144.5 57156.726562
v -2592.902588 -144.5 57159.175781
v -2595.357178 -144.5 57161.894531
v -2597.513916 -144.5 57164.855469
v -2599.349121 -144.5 57168.027344
v -2600.843018 -144.5 57171.371094
v -2601.979248 -144.5 57174.855469
v -2602.744873 -144.5 57178.4375
v -2603.131836 -144.5 57182.082031
v -2603.135986 -144.5 57185.746094
v -2602.757324 -144.5 57189.386719
v -2601.999756 -144.5 57192.972656
v -2600.871582 -144.5 57196.457031
v -2599.385254 -144.5 57199.804688
v -2597.557129 -144.5 57202.980469
v -2595.406982 -144.5 57205.949219
v -2592.95874 -144.5 57208.671875
v -2590.239014 -144.5 57211.128906
v -2587.277588 -144.5 57213.285156
v -2584.106934 -227.0 57215.121094
v -2584.106934 -144.5 57215.121094
v -2580.761963 -144.5 57216.613281
v -2577.279053 -144.5 57217.75
v -2573.696289 -144.5 57218.515625
v -2570.053467 -144.5 57218.902344
v -2566.389893 -144.5 57218.90625
v -2562.74585 -144.5 57218.527344
v -2559.161621 -144.5 57217.769531
v -2555.67627 -144.5 57216.640625
v -2552.327637 -144.5 57215.15625
v -2549.152832 -144.5 57213.328125
v -2546.186523 -144.5 57211.175781
v -2543.461426 -144.5 57208.730469
v -2227.812988 -144.5 57182.40625
v -2223.83374 -144.5 57185.886719
v -2220.120361 -144.5 57189.648438
v -2216.693115 -144.5 57193.675781
v -2213.570312 -144.5 57197.941406
v -2210.769043 -227.0 57202.421875
v -2210.769043 -144.5 57202.421875
v -2208.304199 -144.5 57207.097656
v -2206.188965 -144.5 57211.945312
v -2204.435059 -144.5 57216.929688
v -2203.051758 -144.5 57222.03125
v -2202.046387 -144.5 57227.222656
v -2201.424561 -144.5 57232.472656
v -2201.189697 -144.5 57237.753906
v -2201.342773 -144.5 57243.039062
v -2201.883301 -144.5 57248.296875
v -2202.808105 -144.5 57253.5
v -2204.112305 -144.5 57258.625
v -2205.788818 -144.5 57263.636719
v -2207.828613 -144.5 57268.511719
v -2210.220947 -144.5 57273.226562
v -2212.952393 -144.5 57277.753906
v -2216.008789 -144.5 57282.066406
v -2301.564941 -144.5 57387.476562
v -2599.692627 -227.0 57381.453125
v -2599.692627 -144.5 57381.453125
v -2608.459473 -227.0 57379.855469
v -2608.459473 -144.5 57379.855469
v -2617.14624 -227.0 57377.867188
v -2617.14624 -144.5 57377.867188
v -2625.73584 -227.0 57375.492188
v -2625.73584 -144.5 57375.492188
v -2634.211426 -227.0 57372.738281
v -2634.211426 -144.5 57372.738281
v -2642.555664 -227.0 57369.609375
v -2642.555664 -144.5 57369.609375
v -2650.752197 -227.0 57366.113281
v -2650.752197 -144.5 57366.113281
v -2658.784912 -227.0 57362.253906
v -2658.784912 -144.5 57362.253906
v -2666.637695 -227.0 57358.039062
v -2666.637695 -144.5 57358.039062
v -2674.294922 -227.0 57353.480469
v -2674.294922 -144.5 57353.480469
v -2681.741699 -227.0 57348.585938
v -2681.741699 -144.5 57348.585938
v -2688.962891 -227.0 57343.363281
v -2688.962891 -144.5 57343.363281
v -2695.944092 -227.0 57337.824219
v -2695.944092 -144.5 57337.824219
v -2702.671875 -227.0 57331.980469
v -2702.671875 -144.5 57331.980469
v -2709.132568 -227.0 57325.84375
v -2709.132568 -144.5 57325.84375
v -2715.313477 -227.0 57319.421875
v -2715.313477 -144.5 57319.421875
v -2721.202148 -227.0 57312.734375
v -2721.202148 -144.5 57312.734375
v -2726.787109 -227.0 57305.789062
v -2726.787109 -144.5 57305.789062
v -2732.057129 -227.0 57298.601562
v -2732.057129 -144.5 57298.601562
v -2737.001953 -227.0 57291.191406
v -2737.001953 -144.5 57291.191406
v -2741.611328 -227.0 57283.5625
v -2741.611328 -144.5 57283.5625
v -2745.876465 -227.0 57275.738281
v -2745.876465 -144.5 57275.738281
v -2749.788818 -227.0 57267.730469
v -2749.788818 -144.5 57267.730469
v -2753.34082 -227.0 57259.558594
v -2753.34082 -144.5 57259.558594
v -2756.524902 -227.0 57251.234375
v -2756.524902 -144.5 57251.234375
v -2759.335205 -227.0 57242.777344
v -2759.335205 -144.5 57242.777344
v -2761.765869 -227.0 57234.203125
v -2761.765869 -144.5 57234.203125
v -2763.812256 -227.0 57225.53125
v -2763.812256 -144.5 57225.53125
v -2765.470215 -227.0 57216.773438
v -2765.470215 -144.5 57216.773438
v -2766.736572 -227.0 57207.953125
v -2766.736572 -144.5 57207.953125
v -2767.608643 -227.0 57199.085938
v -2767.608643 -144.5 57199.085938
v -2768.084717 -227.0 57190.1875
v -2768.084717 -144.5 57190.1875
v -2768.164062 -227.0 57181.273438
v -2768.164062 -144.5 57181.273438
v -2767.846191 -227.0 57172.367188
v -2767.846191 -144.5 57172.367188
v -2767.13208 -227.0 57163.484375
v -2767.13208 -144.5 57163.484375
v -2766.022949 -227.0 57154.644531
v -2766.022949 -144.5 57154.644531
v -2764.520996 -227.0 57145.859375
v -2764.520996 -144.5 57145.859375
v -2762.62915 -227.0 57137.152344
v -2762.62915 -144.5 57137.152344
v -2760.351318 -227.0 57128.535156
v -2760.351318 -144.5 57128.535156
v -2757.691895 -227.0 57120.03125
v -2757.691895 -144.5 57120.03125
v -2754.65625 -227.0 57111.652344
v -2754.65625 -144.5 57111.652344
v -2751.250244 -227.0 57103.417969
v -2751.250244 -144.5 57103.417969
v -2747.480957 -227.0 57095.339844
v -2747.480957 -144.5 57095.339844
v -2743.355469 -227.0 57087.441406
v -2743.355469 -144.5 57087.441406
v -2738.882568 -227.0 57079.734375
v -2738.882568 -144.5 57079.734375
v -2734.070557 -227.0 57072.234375
v -2734.070557 -144.5 57072.234375
v -2728.928955 -227.0 57064.953125
v -2728.928955 -144.5 57064.953125
v -2723.468506 -227.0 57057.910156
v -2723.468506 -144.5 57057.910156
v -2509.891113 -227.0 56953.457031
v -2509.891113 -144.5 56953.457031
v -2559.683838 -227.0 57014.800781
v -2559.683838 -144.5 57014.800781
v -2606.340576 -227.0 57032.675781
v -2606.340576 -144.5 57032.675781
v -2602.010498 -227.0 57033.167969
v -2602.010498 -144.5 57033.167969
v -2597.653564 -227.0 57033.285156
v -2597.653564 -144.5 57033.285156
v -2593.303223 -227.0 57033.019531
v -2593.303223 -144.5 57033.019531
v -2588.992432 -227.0 57032.378906
v -2588.992432 -144.5 57032.378906
v -2584.753906 -227.0 57031.363281
v -2584.753906 -144.5 57031.363281
v -2580.619873 -227.0 57029.984375
v -2580.619873 -144.5 57029.984375
v -2576.621826 -227.0 57028.25
v -2576.621826 -144.5 57028.25
v -2572.789795 -227.0 57026.171875
v -2572.789795 -144.5 57026.171875
v -2569.15332 -227.0 57023.769531
v -2569.15332 -144.5 57023.769531
v -2565.73999 -227.0 57021.058594
v -2565.73999 -144.5 57021.058594
v -2562.575439 -227.0 57018.0625
v -2562.575439 -144.5 57018.0625
v -2691.958496 -227.0 57019.089844
v -2691.958496 -144.5 57019.089844
v 3010.180664 -331.349945 57954.816406
v 2820.137451 -331.349945 58017.136719
v 1340.056641 -968.835938 52861.65625
v 1150.013428 -968.835938 52923.976562
v 3010.180664 -230.647354 57954.816406
v 2820.137451 -230.647354 58017.136719
v 1340.056641 -868.133301 52861.65625
v 1150.013428 -868.133301 52923.976562
v -2420.861816 447.5 56891.683594
v -2417.717285 447.5 56887.496094
v -2417.717285 -277.5 56887.496094
v -2420.861816 -277.5 56891.683594
v -2423.685059 447.5 56896.089844
v -2423.685059 -277.5 56896.089844
v -2426.170898 447.5 56900.699219
v -2426.170898 -277.5 56900.699219
v -2428.30542 447.5 56905.476562
v -2428.30542 -277.5 56905.476562
v -2430.076904 447.5 56910.402344
v -2430.076904 -277.5 56910.402344
v -2431.475098 447.5 56915.449219
v -2431.475098 -277.5 56915.449219
v -2432.492676 447.5 56920.582031
v -2432.492676 -277.5 56920.582031
v -2433.123535 447.5 56925.78125
v -2433.123535 -277.5 56925.78125
v -2433.364258 447.5 56931.007812
v -2433.364258 -277.5 56931.007812
v -2433.213623 447.5 56936.242188
v -2433.213623 -277.5 56936.242188
v -2432.672363 447.5 56941.449219
v -2432.672363 -277.5 56941.449219
v -2431.743408 447.5 56946.601562
v -2431.743408 -277.5 56946.601562
v -2430.432129 447.5 56951.667969
v -2430.432129 -277.5 56951.667969
v -2428.74585 447.5 56956.625
v -2428.74585 -277.5 56956.625
v -2426.693848 447.5 56961.4375
v -2426.693848 -277.5 56961.4375
v -2424.287842 -277.5 56966.089844
v -2424.287842 447.5 56966.089844
v -2421.541016 447.5 56970.542969
v -2421.541016 -277.5 56970.542969
v -2418.468994 -277.5 56974.78125
v -2418.468994 447.5 56974.78125
v -2415.088623 -277.5 56978.78125
v -2415.088623 447.5 56978.78125
v -2411.419189 -277.5 56982.511719
v -2411.419189 447.5 56982.511719
v -2407.480957 -277.5 56985.960938
v -2407.480957 447.5 56985.960938
v -2403.295898 447.5 56989.105469
v -2403.295898 -277.5 56989.105469
v -2398.887695 -277.5 56991.929688
v -2398.887695 447.5 56991.929688
v -2394.280762 -277.5 56994.414062
v -2394.280762 447.5 56994.414062
v -2389.500977 447.5 56996.550781
v -2389.500977 -277.5 56996.550781
v -2384.575195 -277.5 56998.320312
v -2384.575195 447.5 56998.320312
v -2379.530518 -277.5 56999.71875
v -2379.530518 447.5 56999.71875
v -2374.395508 447.5 57000.738281
v -2374.395508 -277.5 57000.738281
v -2369.198975 -277.5 57001.367188
v -2369.198975 447.5 57001.367188
v -2363.969727 -277.5 57001.609375
v -2363.969727 447.5 57001.609375
v -2358.737305 -277.5 57001.457031
v -2358.737305 447.5 57001.457031
v -2353.530518 -277.5 57000.917969
v -2353.530518 447.5 57000.917969
v -2348.378662 -277.5 56999.988281
v -2348.378662 447.5 56999.988281
v -2343.310791 -277.5 56998.675781
v -2343.310791 447.5 56998.675781
v -2338.355225 447.5 56996.992188
v -2338.355225 -277.5 56996.992188
v -2333.539307 -277.5 56994.9375
v -2333.539307 447.5 56994.9375
v -2328.890381 -277.5 56992.53125
v -2328.890381 447.5 56992.53125
v -2324.434082 447.5 56989.785156
v -2324.434082 -277.5 56989.785156
v -2320.195557 -277.5 56986.714844
v -2320.195557 447.5 56986.714844
v -2316.198486 -277.5 56983.332031
v -2316.198486 447.5 56983.332031
v -2312.465332 -277.5 56979.664062
v -2312.465332 447.5 56979.664062
v -2309.016602 -277.5 56975.726562
v -2309.016602 447.5 56975.726562
v -2305.871826 -277.5 56971.539062
v -2305.871826 447.5 56971.539062
v -2303.048828 -277.5 56967.132812
v -2303.048828 447.5 56967.132812
v -2300.562988 -277.5 56962.527344
v -2300.562988 447.5 56962.527344
v -2298.428467 -277.5 56957.746094
v -2298.428467 447.5 56957.746094
v -2296.656982 -277.5 56952.820312
v -2296.656982 447.5 56952.820312
v -2295.258545 -277.5 56947.773438
v -2295.258545 447.5 56947.773438
v -2294.241211 -277.5 56942.640625
v -2294.241211 447.5 56942.640625
v -2293.610352 -277.5 56937.445312
v -2293.610352 447.5 56937.445312
v -2293.369385 -277.5 56932.214844
v -2293.369385 447.5 56932.214844
v -2293.520264 -277.5 56926.980469
v -2293.520264 447.5 56926.980469
v -2294.061523 -277.5 56921.773438
v -2294.061523 447.5 56921.773438
v -2294.990234 -277.5 56916.625
v -2294.990234 447.5 56916.625
v -2296.301514 -277.5 56911.554688
v -2296.301514 447.5 56911.554688
v -2297.987793 -277.5 56906.601562
v -2297.987793 447.5 56906.601562
v -2300.039795 -277.5 56901.785156
v -2300.039795 447.5 56901.785156
v -2302.445801 -277.5 56897.136719
v -2302.445801 447.5 56897.136719
v -2305.192627 -277.5 56892.679688
v -2305.192627 447.5 56892.679688
v -2308.264893 -277.5 56888.441406
v -2308.264893 447.5 56888.441406
v -2311.64502 -277.5 56884.441406
v -2311.64502 447.5 56884.441406
v -2315.314697 -277.5 56880.710938
v -2315.314697 447.5 56880.710938
v -2319.25293 -277.5 56877.261719
v -2319.25293 447.5 56877.261719
v -2323.437744 -277.5 56874.117188
v -2323.437744 447.5 56874.117188
v -2327.846191 -277.5 56871.292969
v -2327.846191 447.5 56871.292969
v -2332.452881 447.5 56868.808594
v -2332.452881 -277.5 56868.808594
v -2337.232666 447.5 56866.671875
v -2337.232666 -277.5 56866.671875
v -2342.158691 447.5 56864.902344
v -2342.158691 -277.5 56864.902344
v -2347.203125 -277.5 56863.503906
v -2347.203125 447.5 56863.503906
v -2352.338135 447.5 56862.484375
v -2352.338135 -277.5 56862.484375
v -2357.534668 447.5 56861.855469
v -2357.534668 -277.5 56861.855469
v -2362.763916 447.5 56861.613281
v -2362.763916 -277.5 56861.613281
v -2367.996582 447.5 56861.765625
v -2367.996582 -277.5 56861.765625
v -2373.203369 -277.5 56862.304688
v -2373.203369 447.5 56862.304688
v -2378.35498 -277.5 56863.234375
v -2378.35498 447.5 56863.234375
v -2383.422852 447.5 56864.546875
v -2383.422852 -277.5 56864.546875
v -2388.378662 447.5 56866.234375
v -2388.378662 -277.5 56866.234375
v -2393.194336 -277.5 56868.285156
v -2393.194336 447.5 56868.285156
v -2397.843506 447.5 56870.691406
v -2397.843506 -277.5 56870.691406
v -2402.299805 447.5 56873.4375
v -2402.299805 -277.5 56873.4375
v -2406.538086 447.5 56876.507812
v -2406.538086 -277.5 56876.507812
v -2410.535156 447.5 56879.890625
v -2410.535156 -277.5 56879.890625
v -2414.268555 -277.5 56883.558594
v -2414.268555 447.5 56883.558594
v 2881.851318 -315.0 57660.375
v 2880.407227 -315.0 57655.34375
v 2880.407227 485.0 57655.34375
v 2881.851318 485.0 57660.375
v 2882.915283 -315.0 57665.503906
v 2882.915283 485.0 57665.503906
v 2883.593018 -315.0 57670.691406
v 2883.593018 485.0 57670.691406
v 2883.881348 -315.0 57675.917969
v 2883.881348 485.0 57675.917969
v 2883.778076 -315.0 57681.152344
v 2883.778076 485.0 57681.152344
v 2883.283936 -315.0 57686.363281
v 2883.283936 485.0 57686.363281
v 2882.401611 -315.0 57691.523438
v 2882.401611 485.0 57691.523438
v 2881.13623 -315.0 57696.605469
v 2881.13623 485.0 57696.605469
v 2879.494873 -315.0 57701.574219
v 2879.494873 485.0 57701.574219
v 2877.486816 -315.0 57706.410156
v 2877.486816 485.0 57706.410156
v 2875.122803 -315.0 57711.078125
v 2875.122803 485.0 57711.078125
v 2872.416504 -315.0 57715.5625
v 2872.416504 485.0 57715.5625
v 2869.382812 -315.0 57719.828125
v 2869.382812 485.0 57719.828125
v 2866.038818 -315.0 57723.855469
v 2866.038818 485.0 57723.855469
v 2862.40332 485.0 57727.621094
v 2862.40332 -315.0 57727.621094
v 2858.496582 -315.0 57731.105469
v 2858.496582 485.0 57731.105469
v 2854.340088 485.0 57734.289062
v 2854.340088 -315.0 57734.289062
v 2849.957764 -315.0 57737.148438
v 2849.957764 485.0 57737.148438
v 2845.373535 -315.0 57739.679688
v 2845.373535 485.0 57739.679688
v 2840.613281 -315.0 57741.855469
v 2840.613281 485.0 57741.855469
v 2835.703613 485.0 57743.671875
v 2835.703613 -315.0 57743.671875
v 2830.671875 -315.0 57745.117188
v 2830.671875 485.0 57745.117188
v 2825.546387 -315.0 57746.179688
v 2825.546387 485.0 57746.179688
v 2820.355713 -315.0 57746.855469
v 2820.355713 485.0 57746.855469
v 2815.128906 485.0 57747.144531
v 2815.128906 -315.0 57747.144531
v 2809.89502 485.0 57747.042969
v 2809.89502 -315.0 57747.042969
v 2804.683594 -315.0 57746.546875
v 2804.683594 485.0 57746.546875
v 2799.523682 -315.0 57745.664062
v 2799.523682 485.0 57745.664062
v 2794.444092 485.0 57744.402344
v 2794.444092 -315.0 57744.402344
v 2789.473389 -315.0 57742.757812
v 2789.473389 485.0 57742.757812
v 2784.63916 -315.0 57740.75
v 2784.63916 485.0 57740.75
v 2779.968506 485.0 57738.386719
v 2779.968506 -315.0 57738.386719
v 2775.487549 485.0 57735.679688
v 2775.487549 -315.0 57735.679688
v 2771.221436 485.0 57732.648438
v 2771.221436 -315.0 57732.648438
v 2767.194092 -315.0 57729.304688
v 2767.194092 485.0 57729.304688
v 2763.427734 485.0 57725.667969
v 2763.427734 -315.0 57725.667969
v 2759.943604 485.0 57721.761719
v 2759.943604 -315.0 57721.761719
v 2756.760986 -315.0 57717.605469
v 2756.760986 485.0 57717.605469
v 2753.898193 485.0 57713.222656
v 2753.898193 -315.0 57713.222656
v 2751.37085 485.0 57708.636719
v 2751.37085 -315.0 57708.636719
v 2749.192871 -315.0 57703.878906
v 2749.192871 485.0 57703.878906
v 2747.376953 485.0 57698.96875
v 2747.376953 -315.0 57698.96875
v 2745.933105 485.0 57693.9375
v 2745.933105 -315.0 57693.9375
v 2744.869141 485.0 57688.808594
v 2744.869141 -315.0 57688.808594
v 2744.191162 485.0 57683.621094
v 2744.191162 -315.0 57683.621094
v 2743.903076 485.0 57678.394531
v 2743.903076 -315.0 57678.394531
v 2744.006348 485.0 57673.160156
v 2744.006348 -315.0 57673.160156
v 2744.500488 485.0 57667.949219
v 2744.500488 -315.0 57667.949219
v 2745.382812 485.0 57662.789062
v 2745.382812 -315.0 57662.789062
v 2746.647949 485.0 57657.707031
v 2746.647949 -315.0 57657.707031
v 2748.289307 485.0 57652.738281
v 2748.289307 -315.0 57652.738281
v 2750.297607 485.0 57647.902344
v 2750.297607 -315.0 57647.902344
v 2752.661621 485.0 57643.234375
v 2752.661621 -315.0 57643.234375
v 2755.36792 485.0 57638.75
v 2755.36792 -315.0 57638.75
v 2758.401611 485.0 57634.484375
v 2758.401611 -315.0 57634.484375
v 2761.745361 485.0 57630.457031
v 2761.745361 -315.0 57630.457031
v 2765.381104 485.0 57626.691406
v 2765.381104 -315.0 57626.691406
v 2769.287842 485.0 57623.207031
v 2769.287842 -315.0 57623.207031
v 2773.444092 485.0 57620.023438
v 2773.444092 -315.0 57620.023438
v 2777.82666 485.0 57617.164062
v 2777.82666 -315.0 57617.164062
v 2782.410889 -315.0 57614.636719
v 2782.410889 485.0 57614.636719
v 2787.171143 485.0 57612.457031
v 2787.171143 -315.0 57612.457031
v 2792.080811 -315.0 57610.640625
v 2792.080811 485.0 57610.640625
v 2797.112549 -315.0 57609.195312
v 2797.112549 485.0 57609.195312
v 2802.238037 485.0 57608.132812
v 2802.238037 -315.0 57608.132812
v 2807.428711 -315.0 57607.457031
v 2807.428711 485.0 57607.457031
v 2812.655518 485.0 57607.167969
v 2812.655518 -315.0 57607.167969
v 2817.889404 -315.0 57607.269531
v 2817.889404 485.0 57607.269531
v 2823.100586 -315.0 57607.765625
v 2823.100586 485.0 57607.765625
v 2828.260498 485.0 57608.648438
v 2828.260498 -315.0 57608.648438
v 2833.340088 -315.0 57609.914062
v 2833.340088 485.0 57609.914062
v 2838.311035 -315.0 57611.554688
v 2838.311035 485.0 57611.554688
v 2843.145264 485.0 57613.5625
v 2843.145264 -315.0 57613.5625
v 2847.815674 -315.0 57615.925781
v 2847.815674 485.0 57615.925781
v 2852.296631 485.0 57618.632812
v 2852.296631 -315.0 57618.632812
v 2856.562744 -315.0 57621.664062
v 2856.562744 485.0 57621.664062
v 2860.590332 -315.0 57625.007812
v 2860.590332 485.0 57625.007812
v 2864.356689 485.0 57628.644531
v 2864.356689 -315.0 57628.644531
v 2867.84082 -315.0 57632.550781
v 2867.84082 485.0 57632.550781
v 2871.023193 485.0 57636.707031
v 2871.023193 -315.0 57636.707031
v 2873.88623 -315.0 57641.089844
v 2873.88623 485.0 57641.089844
v 2876.413574 -315.0 57645.675781
v 2876.413574 485.0 57645.675781
v 2878.591309 -315.0 57650.433594
v 2878.591309 485.0 57650.433594
vn -0.799629 0.0 -0.600494
vn -0.799629 -0.0 -0.600494
vn -0.841999 -0.0 -0.539479
vn -0.841999 0.0 -0.539479
vn -0.879996 0.0 -0.47498
vn -0.879996 -0.0 -0.47498
vn -0.913131 0.0 -0.407667
vn -0.913131 -0.0 -0.407667
vn -0.941 0.0 -0.338406
vn -0.941 -0.0 -0.338406
vn -0.963693 0.0 -0.267014
vn -0.963693 -0.0 -0.267014
vn -0.980914 0.0 -0.194445
vn -0.980914 -0.0 -0.194445
vn -0.992707 0.0 -0.120548
vn -0.992707 -0.0 -0.120548
vn -0.998942 0.0 -0.045985
vn -0.998942 -0.0 -0.045985
vn -0.999586 0.0 0.028773
vn -0.999586 0.0 0.028773
vn -0.99464 0.0 0.103395
vn -0.99464 0.0 0.103395
vn -0.984111 0.0 0.177552
vn -0.984111 0.0 0.177552
vn -0.968148 0.0 0.250377
vn -0.968148 0.0 0.250377
vn -0.946642 0.0 0.322288
vn -0.946642 0.0 0.322288
vn -0.919989 0.0 0.391944
vn -0.919989 0.0 0.391944
vn -0.888083 0.0 0.459683
vn -0.888083 0.0 0.459683
vn -0.809668 0.0 0.586888
vn -0.851317 0.0 0.524651
vn -0.851317 0.0 0.524651
vn -0.763795 0.0 0.645459
vn -0.809668 0.0 0.586888
vn -0.763795 0.0 0.645459
vn -0.658856 0.0 0.752269
vn -0.712906 0.0 0.701259
vn -0.712906 0.0 0.701259
vn -0.600711 0.0 0.799466
vn -0.658856 0.0 0.752269
vn -0.600711 0.0 0.799466
vn -0.539452 0.0 0.842017
vn -0.539452 0.0 0.842017
vn -0.408111 0.0 0.912932
vn -0.474653 0.0 0.880173
vn -0.474653 0.0 0.880173
vn -0.408111 0.0 0.912932
vn -0.267143 0.0 0.963657
vn -0.338076 0.0 0.941119
vn -0.338076 0.0 0.941119
vn -0.194747 0.0 0.980854
vn -0.267143 0.0 0.963657
vn -0.120146 0.0 0.992756
vn -0.194747 0.0 0.980854
vn -0.120146 0.0 0.992756
vn -0.046265 0.0 0.998929
vn 0.029102 0.0 0.999577
vn -0.046265 0.0 0.998929
vn 0.029102 0.0 0.999577
vn 0.177594 0.0 0.984104
vn 0.102982 0.0 0.994683
vn 0.102982 0.0 0.994683
vn 0.250713 0.0 0.968062
vn 0.177594 0.0 0.984104
vn 0.32234 0.0 0.946624
vn 0.250713 0.0 0.968062
vn 0.391796 0.0 0.920052
vn 0.32234 0.0 0.946624
vn 0.459661 0.0 0.888095
vn 0.391796 0.0 0.920052
vn 0.524624 0.0 0.851334
vn 0.459661 0.0 0.888095
vn 0.586642 0.0 0.809846
vn 0.524624 0.0 0.851334
vn 0.646017 0.0 0.763323
vn 0.586642 0.0 0.809846
vn 0.70084 0.0 0.713318
vn 0.646017 0.0 0.763323
vn 0.70084 0.0 0.713318
vn 0.752263 0.0 0.658863
vn 0.752263 0.0 0.658863
vn 0.799629 0.0 0.600494
vn 0.841999 0.0 0.539479
vn 0.799629 0.0 0.600494
vn 0.880164 0.0 0.474669
vn 0.841999 0.0 0.539479
vn 0.880164 0.0 0.474669
vn 0.913007 0.0 0.407944
vn 0.913007 0.0 0.407944
vn 0.941 0.0 0.338407
vn 0.941 0.0 0.338407
vn 0.963693 0.0 0.267013
vn 0.963693 0.0 0.267013
vn 0.980914 0.0 0.194444
vn 0.980914 0.0 0.194444
vn 0.992718 0.0 0.12046
vn 0.992718 0.0 0.12046
vn 0.99894 0.0 0.04602
vn 0.99894 0.0 0.04602
vn 0.999586 0.0 -0.028773
vn 0.999586 0.0 -0.028773
vn 0.99464 0.0 -0.103395
vn 0.984111 0.0 -0.177552
vn 0.99464 0.0 -0.103395
vn 0.968148 0.0 -0.250377
vn 0.984111 0.0 -0.177552
vn 0.946719 0.0 -0.322061
vn 0.968148 0.0 -0.250377
vn 0.919874 0.0 -0.392214
vn 0.946719 0.0 -0.322061
vn 0.888241 0.0 -0.459379
vn 0.919874 0.0 -0.392214
vn 0.851112 0.0 -0.524985
vn 0.888241 0.0 -0.459379
vn 0.809668 0.0 -0.586888
vn 0.851112 0.0 -0.524985
vn 0.763795 0.0 -0.645459
vn 0.809668 0.0 -0.586888
vn 0.763795 0.0 -0.645459
vn 0.658856 0.0 -0.752269
vn 0.712907 0.0 -0.701259
vn 0.712907 0.0 -0.701259
vn 0.658856 0.0 -0.752269
vn 0.600711 0.0 -0.799466
vn 0.600711 0.0 -0.799466
vn 0.539452 0.0 -0.842017
vn 0.539452 0.0 -0.842017
vn 0.474653 0.0 -0.880173
vn 0.474653 0.0 -0.880173
vn 0.338076 0.0 -0.941119
vn 0.408111 0.0 -0.912932
vn 0.408111 0.0 -0.912932
vn 0.338076 0.0 -0.941119
vn 0.267143 0.0 -0.963657
vn 0.267143 0.0 -0.963657
vn 0.194747 0.0 -0.980854
vn 0.120146 0.0 -0.992756
vn 0.194747 0.0 -0.980854
vn 0.120146 0.0 -0.992756
vn 0.046265 0.0 -0.998929
vn 0.046265 0.0 -0.998929
vn -0.102982 -0.0 -0.994683
vn -0.029102 -0.0 -0.999577
vn -0.029102 0.0 -0.999577
vn -0.102982 -0.0 -0.994683
vn -0.250713 -0.0 -0.968062
vn -0.177594 -0.0 -0.984104
vn -0.177594 0.0 -0.984104
vn -0.250713 -0.0 -0.968062
vn -0.321672 -0.0 -0.946851
vn -0.321672 0.0 -0.946851
vn -0.392427 -0.0 -0.919783
vn -0.392427 0.0 -0.919783
vn -0.459661 -0.0 -0.888095
vn -0.459661 0.0 -0.888095
vn -0.524624 -0.0 -0.851334
vn -0.524624 0.0 -0.851334
vn -0.586642 -0.0 -0.809846
vn -0.586642 0.0 -0.809846
vn -0.646018 -0.0 -0.763322
vn -0.646018 0.0 -0.763322
vn -0.70084 -0.0 -0.713319
vn -0.70084 0.0 -0.713319
vn -0.752263 -0.0 -0.658863
vn -0.752263 0.0 -0.658863
vn 0.0 -1.0 0.0
vn 0.0 -1.0 -0.0
vn 0.0 -1.0 -0.0
vn 0.0 -1.0 -0.0
vn 0.0 -1.0 -0.0
vn 0.0 -1.0 -0.0
vn 0.0 -1.0 -0.0
vn 0.0 -1.0 -0.0
vn 0.0 -1.0 -0.0
vn 0.0 -1.0 -0.0
vn 0.0 -1.0 -0.0
vn 0.0 -1.0 -0.0
vn 0.0 -1.0 -0.0
vn 0.0 -1.0 -0.0
vn 0.0 -1.0 -0.0
vn 0.0 -1.0 -0.0
vn 0.0 -1.0 -0.0
vn 0.0 -1.0 -0.0
vn 0.0 -1.0 -0.0
vn 0.0 -1.0 -0.0
vn 0.0 -1.0 -0.0
vn 0.0 -1.0 -0.0
vn 0.0 -1.0 0.0
vn 0.0 -1.0 0.0
vn 0.0 -1.0 -0.0
vn 0.0 -1.0 -0.0
vn 0.0 -1.0 0.0
vn 0.0 -1.0 -0.0
vn 0.0 -1.0 0.0
vn 0.0 -1.0 0.0
vn 0.0 -1.0 0.0
vn 0.0 -1.0 -0.0
vn 0.0 -1.0 -0.0
vn 0.0 -1.0 0.0
vn 0.0 -1.0 0.0
vn 0.0 -1.0 -0.0
vn 0.0 -1.0 -0.0
vn 0.0 -1.0 -0.0
vn 0.0 -1.0 0.0
vn 0.0 -1.0 0.0
vn 0.0 -1.0 0.0
vn 0.0 -1.0 0.0
vn 0.0 -1.0 0.0
vn 0.0 -1.0 0.0
vn 0.0 -1.0 0.0
vn 0.0 -1.0 0.0
vn 0.0 -1.0 -0.0
vn 0.0 -1.0 0.0
vn 0.0 -1.0 -0.0
vn 0.0 -1.0 0.0
vn 0.0 -1.0 0.0
vn 0.0 -1.0 0.0
vn 0.0 -1.0 0.0
vn 0.0 -1.0 -0.0
vn 0.0 -1.0 -0.0
vn 0.0 -1.0 0.0
vn 0.0 -1.0 0.0
vn 0.0 -1.0 0.0
vn 0.0 -1.0 0.0
vn 0.0 -1.0 0.0
vn 0.0 -1.0 -0.0
vn 0.0 -1.0 0.0
vn 0.0 -1.0 0.0
vn 0.0 -1.0 0.0
vn 0.0 -1.0 0.0
vn 0.0 -1.0 0.0
vn 0.0 -1.0 -0.0
vn 0.0 -1.0 0.0
vn 0.0 -1.0 0.0
vn 0.0 -1.0 0.0
vn 0.0 -1.0 0.0
vn 0.0 -1.0 -0.0
vn 0.0 -1.0 0.0
vn 0.0 -1.0 0.0
vn 0.0 -1.0 -0.0
vn 0.0 -1.0 0.0
vn 0.0 -1.0 0.0
vn 0.0 -1.0 0.0
vn 0.0 -1.0 0.0
vn 0.0 -1.0 0.0
vn 0.0 -1.0 -0.0
vn 0.0 -1.0 -0.0
vn 0.0 1.0 -0.0
vn 0.0 1.0 -0.0
vn 0.0 1.0 -0.0
vn 0.0 1.0 -0.0
vn 0.0 1.0 -0.0
vn 0.0 1.0 -0.0
vn 0.0 1.0 0.0
vn 0.0 1.0 -0.0
vn 0.0 1.0 -0.0
vn 0.0 1.0 -0.0
vn 0.0 1.0 -0.0
vn 0.0 1.0 -0.0
vn 0.0 1.0 0.0
vn 0.0 1.0 -0.0
vn 0.0 1.0 0.0
vn 0.0 1.0 -0.0
vn 0.0 1.0 -0.0
vn 0.0 1.0 -0.0
vn 0.0 1.0 0.0
vn 0.0 1.0 0.0
vn 0.0 1.0 -0.0
vn 0.0 1.0 -0.0
vn 0.0 1.0 -0.0
vn 0.0 1.0 -0.0
vn 0.0 1.0 -0.0
vn 0.0 1.0 -0.0
vn 0.0 1.0 0.0
vn 0.0 1.0 0.0
vn -0.0 1.0 -0.0
vn 0.0 1.0 -0.0
vn 0.0 1.0 0.0
vn 0.0 1.0 0.0
vn 0.0 1.0 -0.0
vn 0.0 1.0 0.0
vn 0.0 1.0 0.0
vn 0.0 1.0 0.0
vn 0.0 1.0 0.0
vn 0.0 1.0 0.0
vn -0.0 1.0 -0.0
vn 0.0 1.0 -0.0
vn 0.0 1.0 0.0
vn -0.0 1.0 -0.0
vn 0.0 1.0 -0.0
vn 0.0 1.0 0.0
vn -0.0 1.0 -0.0
vn 0.0 1.0 -0.0
vn 0.0 1.0 0.0
vn 0.0 1.0 -0.0
vn 0.0 1.0 0.0
vn 0.0 1.0 0.0
vn 0.0 1.0 0.0
vn 0.0 1.0 0.0
vn 0.0 1.0 -0.0
vn 0.0 1.0 0.0
vn 0.0 1.0 0.0
vn 0.0 1.0 0.0
vn 0.0 1.0 0.0
vn -0.0 1.0 -0.0
vn 0.0 1.0 0.0
vn 0.0 1.0 -0.0
vn -0.0 1.0 -0.0
vn 0.0 1.0 0.0
vn 0.0 1.0 0.0
vn 0.0 1.0 0.0
vn -0.0 1.0 -0.0
vn 0.0 1.0 -0.0
vn -0.0 1.0 -0.0
vn 0.0 1.0 0.0
vn 0.0 1.0 0.0
vn 0.0 1.0 0.0
vn 0.0 1.0 0.0
vn 0.0 1.0 -0.0
vn -0.0 1.0 -0.0
vn 0.0 1.0 0.0
vn 0.0 1.0 -0.0
vn 0.0 1.0 0.0
vn 0.0 1.0 0.0
vn 0.0 1.0 0.0
vn 0.0 1.0 0.0
vn 0.0 1.0 0.0
vn 0.0 1.0 0.0
vn 0.0 1.0 0.0
vn 0.961191 0.0 -0.275885
vn 0.961191 0.0 -0.275885
vn 0.979132 0.0 -0.203224
vn 0.979132 0.0 -0.203224
vn 0.99158 0.0 -0.129497
vn 0.99158 0.0 -0.129497
vn 0.998484 0.0 -0.055036
vn 0.998484 0.0 -0.055036
vn 0.999805 0.0 0.019726
vn 0.999805 -0.0 0.019726
vn 0.995534 0.0 0.094404
vn 0.995534 -0.0 0.094404
vn 0.985702 0.0 0.168497
vn 0.985702 -0.0 0.168497
vn 0.970329 0.0 0.241789
vn 0.970329 -0.0 0.241789
vn 0.949607 0.0 0.313443
vn 0.949607 -0.0 0.313443
vn 0.923419 0.0 0.383794
vn 0.923419 -0.0 0.383794
vn 0.892291 -0.0 0.451461
vn 0.892291 0.0 0.451461
vn 0.855971 0.0 0.517025
vn 0.855971 -0.0 0.517025
vn 0.814923 -0.0 0.579569
vn 0.814923 0.0 0.579569
vn 0.719428 -0.0 0.694567
vn 0.769359 -0.0 0.638816
vn 0.769359 0.0 0.638816
vn 0.719428 -0.0 0.694567
vn 0.66559 -0.0 0.746317
vn 0.66559 0.0 0.746317
vn 0.54696 -0.0 0.837159
vn 0.608087 -0.0 0.79387
vn 0.608087 0.0 0.79387
vn 0.54696 -0.0 0.837159
vn 0.482801 -0.0 0.87573
vn 0.482801 0.0 0.87573
vn 0.346973 -0.0 0.937875
vn 0.415707 -0.0 0.909499
vn 0.415707 0.0 0.909499
vn 0.276082 -0.0 0.961134
vn 0.346973 -0.0 0.937875
vn 0.276082 -0.0 0.961134
vn 0.129836 -0.0 0.991536
vn 0.202982 -0.0 0.979182
vn 0.202982 0.0 0.979182
vn 0.129836 -0.0 0.991536
vn -0.020148 0.0 0.999797
vn 0.055219 -0.0 0.998474
vn 0.055219 0.0 0.998474
vn -0.094026 0.0 0.99557
vn -0.020148 0.0 0.999797
vn -0.094026 0.0 0.99557
vn -0.16864 0.0 0.985678
vn -0.16864 0.0 0.985678
vn -0.241767 0.0 0.970334
vn -0.241767 0.0 0.970334
vn -0.313428 0.0 0.949612
vn -0.313428 0.0 0.949612
vn -0.452075 0.0 0.89198
vn -0.383565 0.0 0.923514
vn -0.383565 0.0 0.923514
vn -0.516539 0.0 0.856264
vn -0.452075 0.0 0.89198
vn -0.516539 0.0 0.856264
vn -0.638777 0.0 0.769392
vn -0.579711 0.0 0.814822
vn -0.579711 0.0 0.814822
vn -0.638777 0.0 0.769392
vn -0.746279 0.0 0.665634
vn -0.694618 0.0 0.719379
vn -0.694618 0.0 0.719379
vn -0.793972 0.0 0.607955
vn -0.746279 0.0 0.665634
vn -0.837212 0.0 0.546879
vn -0.793972 0.0 0.607955
vn -0.837212 0.0 0.546879
vn -0.909397 0.0 0.415929
vn -0.875632 0.0 0.482979
vn -0.875632 0.0 0.482979
vn -0.937914 0.0 0.346868
vn -0.909397 0.0 0.415929
vn -0.937914 0.0 0.346868
vn -0.961197 0.0 0.275864
vn -0.979123 0.0 0.203269
vn -0.961197 0.0 0.275864
vn -0.991583 0.0 0.129474
vn -0.979123 0.0 0.203269
vn -0.991583 0.0 0.129474
vn -0.998484 0.0 0.055036
vn -0.998484 0.0 0.055036
vn -0.999805 0.0 -0.019726
vn -0.999805 0.0 -0.019726
vn -0.995534 0.0 -0.094404
vn -0.995534 0.0 -0.094404
vn -0.985698 0.0 -0.168519
vn -0.985698 0.0 -0.168519
vn -0.970334 0.0 -0.241767
vn -0.970334 0.0 -0.241767
vn -0.949607 0.0 -0.313443
vn -0.949607 0.0 -0.313443
vn -0.923419 0.0 -0.383794
vn -0.923419 0.0 -0.383794
vn -0.892281 0.0 -0.45148
vn -0.855971 0.0 -0.517025
vn -0.892281 0.0 -0.45148
vn -0.814934 0.0 -0.579554
vn -0.855971 0.0 -0.517025
vn -0.769359 0.0 -0.638816
vn -0.814934 0.0 -0.579554
vn -0.719416 0.0 -0.694579
vn -0.769359 0.0 -0.638816
vn -0.665602 0.0 -0.746307
vn -0.719416 0.0 -0.694579
vn -0.665602 0.0 -0.746307
vn -0.546949 0.0 -0.837166
vn -0.608087 0.0 -0.79387
vn -0.608087 0.0 -0.79387
vn -0.546949 0.0 -0.837166
vn -0.416324 0.0 -0.909216
vn -0.482801 0.0 -0.87573
vn -0.482801 0.0 -0.87573
vn -0.416324 0.0 -0.909216
vn -0.276082 0.0 -0.961134
vn -0.346324 0.0 -0.938115
vn -0.346324 0.0 -0.938115
vn -0.276082 0.0 -0.961134
vn -0.202982 0.0 -0.979182
vn -0.202982 0.0 -0.979182
vn -0.055219 0.0 -0.998474
vn -0.129833 0.0 -0.991536
vn -0.129833 0.0 -0.991536
vn -0.055219 0.0 -0.998474
vn 0.020148 0.0 -0.999797
vn 0.020148 0.0 -0.999797
vn 0.094028 0.0 -0.99557
vn 0.094028 0.0 -0.99557
vn 0.16864 0.0 -0.985678
vn 0.241767 0.0 -0.970334
vn 0.16864 0.0 -0.985678
vn 0.241767 0.0 -0.970334
vn 0.313421 0.0 -0.949614
vn 0.313421 0.0 -0.949614
vn 0.383574 0.0 -0.92351
vn 0.383574 0.0 -0.92351
vn 0.451481 0.0 -0.892281
vn 0.451481 0.0 -0.892281
vn 0.517086 0.0 -0.855934
vn 0.517086 0.0 -0.855934
vn 0.579711 0.0 -0.814822
vn 0.579711 0.0 -0.814822
vn 0.638766 0.0 -0.769401
vn 0.638766 0.0 -0.769401
vn 0.694618 0.0 -0.719379
vn 0.694618 0.0 -0.719379
vn 0.746279 0.0 -0.665634
vn 0.746279 0.0 -0.665634
vn 0.793983 0.0 -0.60794
vn 0.793983 0.0 -0.60794
vn 0.837201 0.0 -0.546895
vn 0.837201 0.0 -0.546895
vn 0.909406 0.0 -0.41591
vn 0.875632 0.0 -0.482979
vn 0.875632 0.0 -0.482979
vn 0.909406 0.0 -0.41591
vn 0.937914 0.0 -0.346868
vn 0.937914 0.0 -0.346868
vn -0.0 1.0 0.0
vn 0.0 1.0 0.0
vn -0.0 1.0 0.0
vn 0.0 1.0 0.0
vn 0.0 1.0 0.0
vn 0.0 1.0 0.0
vn 0.0 1.0 0.0
vn 0.0 1.0 0.0
vn 0.0 1.0 0.0
vn 0.0 1.0 0.0
vn 0.0 1.0 0.0
vn 0.0 1.0 0.0
vn 0.0 1.0 0.0
vn 0.0 1.0 0.0
vn 0.0 1.0 0.0
vn 0.0 1.0 0.0
vn 0.0 1.0 0.0
vn 0.0 1.0 0.0
vn 0.0 1.0 0.0
vn 0.0 1.0 0.0
vn 0.0 1.0 0.0
vn 0.0 1.0 0.0
vn 0.0 1.0 0.0
vn 0.0 1.0 0.0
vn 0.0 1.0 0.0
vn 0.0 1.0 0.0
vn 0.0 1.0 0.0
vn 0.0 1.0 0.0
vn 0.0 1.0 0.0
vn 0.0 1.0 0.0
vn 0.0 1.0 0.0
vn 0.0 1.0 0.0
vn 0.0 1.0 0.0
vn 0.0 1.0 0.0
vn 0.0 1.0 0.0
vn 0.0 1.0 0.0
vn 0.0 1.0 0.0
vn 0.0 1.0 0.0
vn 0.0 1.0 0.0
vn 0.0 1.0 0.0
vn 0.0 1.0 0.0
vn 0.0 1.0 0.0
vn 0.0 1.0 0.0
vn 0.0 1.0 0.0
vn 0.0 1.0 0.0
vn 0.0 1.0 0.0
vn 0.0 1.0 0.0
vn 0.0 1.0 0.0
vn 0.0 1.0 0.0
vn 0.0 1.0 0.0
vn 0.0 1.0 0.0
vn 0.0 1.0 -0.0
vn 0.0 1.0 0.0
vn 0.0 1.0 0.0
vn 0.0 1.0 0.0
vn 0.0 1.0 0.0
vn 0.0 1.0 0.0
vn 0.0 1.0 -0.0
vn 0.0 1.0 0.0
vn 0.0 1.0 0.0
vn 0.0 1.0 0.0
vn 0.0 1.0 -0.0
vn 0.0 1.0 0.0
vn 0.0 1.0 0.0
vn 0.0 1.0 0.0
vn 0.0 1.0 -0.0
vn 0.0 1.0 -0.0
vn 0.0 1.0 -0.0
vn 0.0 1.0 -0.0
vn 0.0 1.0 -0.0
vn 0.0 1.0 0.0
vn 0.0 1.0 0.0
vn 0.0 1.0 0.0
vn 0.0 1.0 0.0
vn 0.0 1.0 0.0
vn 0.0 1.0 -0.0
vn 0.0 1.0 -0.0
vn 0.0 1.0 -0.0
vn 0.0 1.0 0.0
vn 0.0 1.0 0.0
vn 0.0 1.0 -0.0
vn 0.0 1.0 0.0
vn 0.0 -1.0 0.0
vn 0.0 -1.0 0.0
vn 0.0 -1.0 0.0
vn 0.0 -1.0 0.0
vn 0.0 -1.0 0.0
vn 0.0 -1.0 0.0
vn 0.0 -1.0 0.0
vn 0.0 -1.0 0.0
vn 0.0 -1.0 0.0
vn 0.0 -1.0 0.0
vn 0.0 -1.0 0.0
vn 0.0 -1.0 0.0
vn 0.0 -1.0 0.0
vn 0.0 -1.0 0.0
vn 0.0 -1.0 0.0
vn 0.0 -1.0 0.0
vn 0.0 -1.0 0.0
vn 0.0 -1.0 0.0
vn -0.0 -1.0 0.0
vn 0.0 -1.0 0.0
vn 0.0 -1.0 0.0
vn 0.0 -1.0 0.0
vn 0.0 -1.0 0.0
vn 0.0 -1.0 0.0
vn 0.0 -1.0 0.0
vn 0.0 -1.0 0.0
vn -0.0 -1.0 0.0
vn 0.0 -1.0 0.0
vn -0.0 -1.0 0.0
vn -0.0 -1.0 0.0
vn 0.0 -1.0 0.0
vn 0.0 -1.0 0.0
vn 0.0 -1.0 0.0
vn 0.0 -1.0 0.0
vn 0.0 -1.0 0.0
vn -0.0 -1.0 0.0
vn -0.0 -1.0 0.0
vn -0.0 -1.0 0.0
vn 0.0 -1.0 0.0
vn 0.0 -1.0 0.0
vn 0.0 -1.0 0.0
vn 0.0 -1.0 0.0
vn -0.0 -1.0 0.0
vn -0.0 -1.0 0.0
vn 0.0 -1.0 0.0
vn 0.0 -1.0 0.0
vn 0.0 -1.0 0.0
vn 0.0 -1.0 0.0
vn 0.0 -1.0 0.0
vn 0.0 -1.0 0.0
vn 0.0 -1.0 0.0
vn 0.0 -1.0 0.0
vn -0.0 -1.0 0.0
vn 0.0 -1.0 0.0
vn -0.0 -1.0 0.0
vn -0.0 -1.0 0.0
vn -0.0 -1.0 0.0
vn -0.0 -1.0 0.0
vn 0.0 -1.0 0.0
vn -0.0 -1.0 0.0
vn 0.0 -1.0 0.0
vn -0.0 -1.0 0.0
vn 0.0 -1.0 0.0
vn 0.0 -1.0 0.0
vn 0.0 -1.0 0.0
vn -0.0 -1.0 0.0
vn -0.0 -1.0 0.0
vn 0.0 -1.0 0.0
vn -0.0 -1.0 0.0
vn 0.0 -1.0 0.0
vn 0.0 -1.0 0.0
vn -0.0 -1.0 -0.0
vn -0.0 -1.0 0.0
vn -0.0 -1.0 -0.0
vn -0.0 -1.0 0.0
vn -0.0 -1.0 0.0
vn -0.0 -1.0 0.0
vn 0.0 -1.0 0.0
vn -0.0 -1.0 0.0
vn 0.0 -1.0 0.0
vn 0.0 -1.0 0.0
vn 0.0 -1.0 0.0
vn 0.983365 0.000528 0.181642
vn 0.983376 0.00036 0.181581
vn 0.983419 -0.001273 0.181346
vn 0.983406 0.000149 0.181417
vn 0.983386 0.000551 0.181528
vn 0.983456 0.001063 0.181142
vn 0.9834 -0.000228 0.18145
vn 0.983302 -0.001144 0.181978
vn 0.9834 7.4e-05 0.18145
vn 0.98341 6.2e-05 0.181396
vn 0.983393 -0.000198 0.181491
vn 0.983396 3e-06 0.181471
vn 0.983399 0.000108 0.181457
vn 0.983397 9.6e-05 0.181466
vn 0.983399 0.000128 0.181457
vn 0.983399 9.1e-05 0.181457
vn 0.983396 -0.00019 0.181471
vn 0.983398 -3.5e-05 0.181459
vn 0.983398 0.00018 0.18146
vn 0.983398 -3.8e-05 0.181459
vn 0.983397 -0.000158 0.181469
vn 0.983398 2.7e-05 0.181459
vn 0.983399 0.000125 0.181456
vn 0.983397 -0.00013 0.181469
vn 0.983397 -0.0001 0.181466
vn 0.983399 0.000102 0.181456
vn 0.983398 0.000123 0.18146
vn 0.983397 -1e-06 0.181466
vn 0.983399 -2.1e-05 0.181456
vn 0.983398 -0.000101 0.18146
vn 0.983357 -0.000606 0.181684
vn 0.983443 0.001969 0.181205
vn 0.983406 0.000564 0.181417
vn 0.983398 2.1e-05 0.18146
vn 0.983399 0.000101 0.181456
vn 0.983386 -0.000551 0.181528
vn 0.983397 -0.000124 0.181466
vn 0.983398 -0.0 0.18146
vn 0.983399 0.000102 0.181456
vn 0.983397 -9.9e-05 0.181466
vn 0.983456 -0.001063 0.181141
vn 0.983397 0.000158 0.181469
vn 0.983397 -0.000129 0.181469
vn 0.983399 0.000125 0.181456
vn 0.983302 0.001144 0.181978
vn 0.983398 1.8e-05 0.181464
vn 0.9834 -0.00012 0.18145
vn 0.983393 0.000198 0.181491
vn 0.98341 -6.2e-05 0.181396
vn 0.983487 -0.000266 0.18098
vn 0.983398 -0.00013 0.18146
vn 0.983398 3.5e-05 0.18146
vn 0.983398 5e-06 0.181461
vn 0.983397 0.000204 0.181466
vn 0.9834 -0.000119 0.18145
vn 0.983399 -0.000182 0.181457
vn 0.983396 -3e-06 0.181471
vn 0.983396 -0.000104 0.181471
vn 0.983399 0.000177 0.181457
vn 0.983397 -9.8e-05 0.181466
vn -0.181222 -0.05144 0.982096
vn -0.18123 -0.050442 0.982146
vn -0.179372 -0.151305 0.972076
vn -0.179372 -0.151297 0.972077
vn -0.175691 -0.250176 0.952126
vn -0.175692 -0.250149 0.952133
vn -0.170133 -0.347795 0.922005
vn -0.170134 -0.347784 0.922009
vn -0.162908 -0.440494 0.882851
vn -0.162909 -0.440486 0.882855
vn -0.153992 -0.529001 0.834533
vn -0.153993 -0.528993 0.834537
vn -0.14356 -0.611648 0.777995
vn -0.143559 -0.611649 0.777995
vn -0.13147 -0.689267 0.712479
vn -0.131469 -0.689272 0.712474
vn -0.11822 -0.758656 0.640675
vn -0.118219 -0.758662 0.640669
vn -0.103703 -0.820611 0.561999
vn -0.103619 -0.820934 0.561543
vn -0.088029 -0.874454 0.477054
vn -0.088105 -0.874219 0.477472
vn -0.071552 -0.918978 0.387762
vn -0.071552 -0.918979 0.387761
vn -0.054325 -0.954135 0.294406
vn -0.054325 -0.954135 0.294406
vn -0.036519 -0.97954 0.19791
vn -0.036519 -0.97954 0.197906
vn -0.018369 -0.994863 0.099549
vn -0.018369 -0.994863 0.099548
vn 0.0 -1.0 0.0
vn -0.0 -1.0 0.0
vn 0.018351 -0.994873 -0.099449
vn 0.018351 -0.994873 -0.099449
vn 0.036555 -0.9795 -0.198102
vn 0.036554 -0.9795 -0.1981
vn 0.054326 -0.954133 -0.294413
vn 0.054325 -0.954135 -0.294406
vn 0.071552 -0.918979 -0.387761
vn 0.071552 -0.918976 -0.387766
vn 0.088028 -0.874456 -0.477051
vn 0.088028 -0.874455 -0.477054
vn 0.103701 -0.82062 -0.561987
vn 0.103702 -0.820615 -0.561994
vn 0.118133 -0.759074 -0.640196
vn 0.11822 -0.758657 -0.640674
vn 0.131559 -0.688749 -0.712963
vn 0.131469 -0.689278 -0.712469
vn 0.143473 -0.612265 -0.777526
vn 0.143473 -0.612265 -0.777526
vn 0.153992 -0.529001 -0.834533
vn 0.153992 -0.529002 -0.834532
vn 0.16291 -0.440475 -0.88286
vn 0.162981 -0.439674 -0.883246
vn 0.170192 -0.346908 -0.922328
vn 0.170134 -0.347784 -0.922009
vn 0.175648 -0.2511 -0.951891
vn 0.175692 -0.250149 -0.952133
vn 0.179372 -0.151305 -0.972076
vn 0.179346 -0.152281 -0.971929
vn 0.181231 -0.050419 -0.982147
vn 0.18123 -0.050435 -0.982147
vn 0.18123 0.050435 -0.982147
vn 0.179372 0.151305 -0.972076
vn 0.181231 0.050419 -0.982147
vn 0.175648 0.2511 -0.951891
vn 0.179346 0.152281 -0.971929
vn 0.175692 0.250149 -0.952133
vn 0.170193 0.346908 -0.922328
vn 0.170134 0.347784 -0.922009
vn 0.162908 0.440494 -0.882851
vn 0.162981 0.439674 -0.883246
vn 0.153992 0.529001 -0.834533
vn 0.153992 0.529002 -0.834532
vn 0.13156 0.688747 -0.712965
vn 0.143471 0.612279 -0.777515
vn 0.143473 0.612265 -0.777526
vn 0.118132 0.759078 -0.640191
vn 0.131469 0.689276 -0.71247
vn 0.11822 0.758661 -0.64067
vn 0.103702 0.820613 -0.561997
vn 0.103703 0.820611 -0.562
vn 0.088028 0.874455 -0.477054
vn 0.071552 0.918979 -0.387761
vn 0.088029 0.874451 -0.47706
vn 0.071552 0.918976 -0.387766
vn 0.054326 0.954134 -0.29441
vn 0.054326 0.954134 -0.29441
vn 0.036553 0.979501 -0.198094
vn 0.036554 0.979501 -0.198097
vn 0.018352 0.994873 -0.099453
vn 0.0 1.0 0.0
vn 0.018352 0.994873 -0.099453
vn 0.0 1.0 0.0
vn -0.01837 0.994863 0.099551
vn -0.01837 0.994863 0.099552
vn -0.036519 0.97954 0.197907
vn -0.036519 0.979541 0.197906
vn -0.071552 0.918979 0.387761
vn -0.054326 0.954134 0.29441
vn -0.054326 0.954134 0.29441
vn -0.071552 0.918978 0.387762
vn -0.088106 0.874219 0.477472
vn -0.088028 0.874455 0.477054
vn -0.11822 0.75866 0.640671
vn -0.103619 0.820932 0.561546
vn -0.103704 0.820609 0.562002
vn -0.13147 0.689265 0.712481
vn -0.118218 0.758666 0.640664
vn -0.13147 0.68927 0.712476
vn -0.14356 0.611648 0.777995
vn -0.143559 0.611649 0.777995
vn -0.153994 0.528984 0.834543
vn -0.153993 0.528993 0.834537
vn -0.162908 0.440494 0.882851
vn -0.162909 0.440486 0.882855
vn -0.170134 0.347775 0.922012
vn -0.170134 0.347784 0.922009
vn -0.175692 0.250154 0.952132
vn -0.175692 0.250149 0.952133
vn -0.179372 0.151305 0.972076
vn -0.179372 0.151297 0.972077
vn -0.181231 0.050419 0.982147
vn -0.181221 0.05144 0.982096
vn -0.983324 0.0 -0.181865
vn -0.983548 0.000126 -0.180648
vn -0.983339 -5.1e-05 -0.18178
vn -0.983436 5.8e-05 -0.181257
vn -0.983383 -1.6e-05 -0.181541
vn -0.983423 5.2e-05 -0.181328
vn -0.983376 -4.4e-05 -0.181582
vn -0.983444 0.000118 -0.181212
vn -0.983377 -6.4e-05 -0.181575
vn -0.983427 8.8e-05 -0.181306
vn -0.983405 1.4e-05 -0.181423
vn -0.983395 -2.4e-05 -0.181477
vn -0.983366 -0.000147 -0.181633
vn -0.98341 6e-05 -0.181396
vn -0.983406 4e-05 -0.181417
vn -0.983378 -0.000125 -0.181571
vn -0.983404 4.4e-05 -0.181428
vn -0.983397 -7e-06 -0.181467
vn -0.983486 -0.00106 -0.180981
vn -0.983395 -2.6e-05 -0.18148
vn -0.983611 -0.001479 -0.180299
vn -0.9834 3.1e-05 -0.181449
vn -0.983761 -0.00174 -0.179475
vn -0.983398 -5e-06 -0.181464
vn -0.983396 -2.8e-05 -0.181471
vn -0.983271 0.000385 -0.182146
vn -0.983401 7.8e-05 -0.181444
vn -0.983396 -9.8e-05 -0.181471
vn -0.983397 -6.2e-05 -0.181467
vn -0.983397 -2.1e-05 -0.181465
vn -0.983324 0.0 -0.181865
vn -0.983548 -0.000126 -0.180648
vn -0.983339 5.1e-05 -0.18178
vn -0.983436 -5.8e-05 -0.181257
vn -0.983383 1.6e-05 -0.181541
vn -0.983423 -5.2e-05 -0.181328
vn -0.983376 4.4e-05 -0.181582
vn -0.983444 -0.000118 -0.181212
vn -0.983377 6.4e-05 -0.181575
vn -0.983427 -8.8e-05 -0.181306
vn -0.983405 -1.4e-05 -0.181423
vn -0.983395 2.4e-05 -0.181477
vn -0.983366 0.000147 -0.181633
vn -0.98341 -6e-05 -0.181396
vn -0.983406 -4e-05 -0.181417
vn -0.983397 2.1e-05 -0.181465
vn -0.983378 0.000125 -0.181571
vn -0.983397 6.2e-05 -0.181467
vn -0.983404 -4.4e-05 -0.181428
vn -0.983396 9.8e-05 -0.181471
vn -0.983397 7e-06 -0.181467
vn -0.983402 -0.000118 -0.181438
vn -0.983402 -3e-05 -0.181441
vn -0.983399 -4e-05 -0.181454
vn -0.983389 8.7e-05 -0.181513
vn -0.983396 2.8e-05 -0.181471
vn -0.98341 -0.000126 -0.181397
vn -0.98339 0.000143 -0.181507
vn -0.983393 6.9e-05 -0.181491
vn -0.983408 -0.000129 -0.181408
vn 0.808304 0.0 0.588766
vn 0.808304 0.0 0.588766
vn 0.865294 0.0 0.501265
vn 0.865294 0.0 0.501265
vn 0.913198 0.0 0.407516
vn 0.913198 0.0 0.407516
vn 0.950626 0.0 0.31034
vn 0.950626 0.0 0.31034
vn 0.977958 0.0 0.208802
vn 0.977958 0.0 0.208802
vn 0.994399 0.0 0.105695
vn 0.994399 0.0 0.105695
vn 0.999999 0.0 0.001133
vn 0.999999 0.0 0.001133
vn 0.994646 0.0 -0.103342
vn 0.994646 0.0 -0.103342
vn 0.978359 0.0 -0.206914
vn 0.978359 0.0 -0.206914
vn 0.951476 0.0 -0.307725
vn 0.951476 0.0 -0.307725
vn 0.913965 0.0 -0.405792
vn 0.913965 0.0 -0.405792
vn 0.866664 0.0 -0.498892
vn 0.866664 0.0 -0.498892
vn 0.809528 0.0 -0.587081
vn 0.809528 0.0 -0.587081
vn 0.744062 0.0 -0.66811
vn 0.744062 0.0 -0.66811
vn 0.669775 0.0 -0.742564
vn 0.669775 0.0 -0.742564
vn 0.588615 0.0 -0.808413
vn 0.588615 0.0 -0.808413
vn 0.501097 0.0 -0.865391
vn 0.501097 0.0 -0.865391
vn 0.4074 0.0 -0.91325
vn 0.4074 0.0 -0.91325
vn 0.310264 0.0 -0.95065
vn 0.310264 0.0 -0.95065
vn 0.208978 0.0 -0.97792
vn 0.208978 0.0 -0.97792
vn 0.001066 0.0 -0.999999
vn 0.105566 0.0 -0.994412
vn 0.105566 0.0 -0.994412
vn 0.001066 0.0 -0.999999
vn -0.102367 -0.0 -0.994747
vn -0.102367 0.0 -0.994747
vn -0.30814 -0.0 -0.951341
vn -0.206857 -0.0 -0.978371
vn -0.206857 0.0 -0.978371
vn -0.406138 -0.0 -0.913812
vn -0.30814 -0.0 -0.951341
vn -0.406138 -0.0 -0.913812
vn -0.499007 -0.0 -0.866598
vn -0.499007 0.0 -0.866598
vn -0.586585 -0.0 -0.809888
vn -0.586585 0.0 -0.809888
vn -0.742246 -0.0 -0.670128
vn -0.668457 -0.0 -0.743751
vn -0.668457 0.0 -0.743751
vn -0.742246 -0.0 -0.670128
vn -0.808304 -0.0 -0.588766
vn -0.865562 -0.0 -0.500803
vn -0.808304 -0.0 -0.588766
vn -0.913021 -0.0 -0.407913
vn -0.865562 -0.0 -0.500803
vn -0.950728 -0.0 -0.310026
vn -0.913021 -0.0 -0.407913
vn -0.977912 -0.0 -0.209019
vn -0.950728 -0.0 -0.310026
vn -0.994411 -0.0 -0.105583
vn -0.977912 -0.0 -0.209019
vn -0.999999 -0.0 -0.001133
vn -0.994411 -0.0 -0.105583
vn -0.994635 0.0 0.103452
vn -0.999999 -0.0 -0.001133
vn -0.994635 0.0 0.103452
vn -0.978405 0.0 0.206699
vn -0.951374 0.0 0.308037
vn -0.978405 0.0 0.206699
vn -0.951374 0.0 0.308037
vn -0.913965 0.0 0.405792
vn -0.913965 0.0 0.405792
vn -0.866664 0.0 0.498892
vn -0.866664 0.0 0.498892
vn -0.809895 0.0 0.586575
vn -0.809895 0.0 0.586575
vn -0.743586 0.0 0.668641
vn -0.743586 0.0 0.668641
vn -0.670362 0.0 0.742034
vn -0.670362 0.0 0.742034
vn -0.588615 0.0 0.808413
vn -0.588615 0.0 0.808413
vn -0.501097 0.0 0.865391
vn -0.501097 0.0 0.865391
vn -0.4074 0.0 0.91325
vn -0.4074 0.0 0.91325
vn -0.310264 0.0 0.95065
vn -0.310264 0.0 0.95065
vn -0.208978 0.0 0.97792
vn -0.208978 0.0 0.97792
vn -0.105566 0.0 0.994412
vn -0.105566 0.0 0.994412
vn -0.001066 0.0 0.999999
vn -0.001066 0.0 0.999999
vn 0.103422 0.0 0.994638
vn 0.103422 0.0 0.994638
vn 0.206857 0.0 0.978371
vn 0.206857 0.0 0.978371
vn 0.30814 0.0 0.951341
vn 0.30814 0.0 0.951341
vn 0.405248 0.0 0.914207
vn 0.405248 0.0 0.914207
vn 0.499007 0.0 0.866598
vn 0.499007 0.0 0.866598
vn 0.587284 0.0 0.809381
vn 0.587284 0.0 0.809381
vn 0.667866 0.0 0.744281
vn 0.667866 0.0 0.744281
vn 0.742724 0.0 0.669597
vn 0.742724 0.0 0.669597
vn 0.0 -1.0 -0.0
vn 0.0 -1.0 -0.0
vn 0.0 -1.0 0.0
vn 0.0 -1.0 -0.0
vn 0.0 -1.0 -0.0
vn 0.0 -1.0 -0.0
vn 0.0 -1.0 -0.0
vn 0.0 -1.0 -0.0
vn 0.0 -1.0 -0.0
vn 0.0 -1.0 -0.0
vn 0.0 -1.0 -0.0
vn 0.0 -1.0 -0.0
vn 0.0 -1.0 -0.0
vn 0.0 -1.0 -0.0
vn 0.0 -1.0 -0.0
vn 0.0 -1.0 -0.0
vn 0.0 -1.0 -0.0
vn 0.0 -1.0 0.0
vn 0.0 -1.0 -0.0
vn 0.0 -1.0 -0.0
vn 0.0 -1.0 -0.0
vn 0.0 -1.0 -0.0
vn 0.0 -1.0 0.0
vn 0.0 -1.0 0.0
vn 0.0 -1.0 0.0
vn 0.0 -1.0 -0.0
vn 0.0 -1.0 0.0
vn 0.0 -1.0 0.0
vn 0.0 -1.0 0.0
vn 0.0 -1.0 0.0
vn 0.0 -1.0 0.0
vn 0.0 -1.0 0.0
vn 0.0 -1.0 0.0
vn 0.0 -1.0 0.0
vn 0.0 -1.0 0.0
vn 0.0 -1.0 -0.0
vn 0.0 -1.0 -0.0
vn 0.0 -1.0 -0.0
vn 0.0 -1.0 -0.0
vn 0.0 -1.0 0.0
vn 0.0 -1.0 0.0
vn 0.0 -1.0 -0.0
vn 0.0 -1.0 0.0
vn 0.0 -1.0 0.0
vn 0.0 -1.0 0.0
vn 0.0 -1.0 0.0
vn 0.0 -1.0 0.0
vn 0.0 -1.0 0.0
vn 0.0 -1.0 0.0
vn 0.0 -1.0 -0.0
vn 0.0 -1.0 -0.0
vn 0.0 -1.0 0.0
vn 0.0 -1.0 0.0
vn 0.0 -1.0 0.0
vn 0.0 -1.0 0.0
vn 0.0 -1.0 0.0
vn 0.0 -1.0 0.0
vn 0.0 -1.0 0.0
vn 0.0 1.0 0.0
vn 0.0 1.0 -0.0
vn 0.0 1.0 0.0
vn 0.0 1.0 0.0
vn 0.0 1.0 0.0
vn 0.0 1.0 0.0
vn 0.0 1.0 -0.0
vn 0.0 1.0 -0.0
vn 0.0 1.0 0.0
vn 0.0 1.0 0.0
vn 0.0 1.0 0.0
vn 0.0 1.0 0.0
vn 0.0 1.0 -0.0
vn 0.0 1.0 -0.0
vn 0.0 1.0 -0.0
vn 0.0 1.0 0.0
vn 0.0 1.0 0.0
vn 0.0 1.0 0.0
vn 0.0 1.0 -0.0
vn 0.0 1.0 0.0
vn 0.0 1.0 0.0
vn 0.0 1.0 -0.0
vn 0.0 1.0 0.0
vn 0.0 1.0 0.0
vn 0.0 1.0 -0.0
vn 0.0 1.0 -0.0
vn 0.0 1.0 -0.0
vn 0.0 1.0 0.0
vn 0.0 1.0 0.0
vn 0.0 1.0 -0.0
vn 0.0 1.0 -0.0
vn -0.0 1.0 -0.0
vn -0.0 1.0 -0.0
vn 0.0 1.0 0.0
vn -0.0 1.0 -0.0
vn 0.0 1.0 0.0
vn 0.0 1.0 0.0
vn 0.0 1.0 0.0
vn 0.0 1.0 -0.0
vn -0.0 1.0 -0.0
vn -0.0 1.0 -0.0
vn -0.0 1.0 -0.0
vn 0.0 1.0 -0.0
vn 0.0 1.0 0.0
vn 0.0 1.0 0.0
vn -0.0 1.0 -0.0
vn 0.0 1.0 0.0
vn -0.0 1.0 -0.0
vn -0.0 1.0 -0.0
vn -0.0 1.0 -0.0
vn -0.0 1.0 -0.0
vn -0.0 1.0 -0.0
vn -0.0 1.0 0.0
vn 0.0 1.0 0.0
vn 0.0 1.0 -0.0
vn 0.0 1.0 0.0
vn -0.0 1.0 0.0
vn 0.0 1.0 0.0
vn 0.738714 0.0 0.674019
vn 0.654743 0.0 0.755852
vn 0.738714 0.0 0.674019
vn 0.654743 0.0 0.755852
vn 0.562993 0.0 0.826462
vn 0.463328 0.0 0.886187
vn 0.562993 -0.0 0.826462
vn 0.463328 0.0 0.886187
vn 0.357825 0.0 0.933789
vn 0.357825 -0.0 0.933789
vn 0.246706 0.0 0.96909
vn 0.13205 0.0 0.991243
vn 0.246706 -0.0 0.96909
vn 0.13205 0.0 0.991243
vn 0.016217 0.0 0.999868
vn 0.016217 -0.0 0.999868
vn -0.099611 0.0 0.995026
vn -0.215413 0.0 0.976523
vn -0.099611 0.0 0.995026
vn -0.215413 0.0 0.976523
vn -0.326633 0.0 0.945151
vn -0.326633 0.0 0.945151
vn -0.4334 0.0 0.901202
vn -0.4334 0.0 0.901202
vn -0.536159 0.0 0.844117
vn -0.536159 0.0 0.844117
vn -0.630118 0.0 0.776499
vn -0.630118 0.0 0.776499
vn -0.715957 0.0 0.698145
vn -0.79229 0.0 0.610144
vn -0.715957 0.0 0.698145
vn -0.857895 0.0 0.513825
vn -0.79229 0.0 0.610144
vn -0.911634 0.0 0.411003
vn -0.857895 0.0 0.513825
vn -0.953173 0.0 0.302427
vn -0.911634 0.0 0.411003
vn -0.98182 0.0 0.189815
vn -0.953173 0.0 0.302427
vn -0.997227 0.0 0.074416
vn -0.98182 0.0 0.189815
vn -0.999125 -0.0 -0.041823
vn -0.997227 0.0 0.074416
vn -0.987498 -0.0 -0.157629
vn -0.999125 0.0 -0.041823
vn -0.962547 -0.0 -0.271115
vn -0.987498 0.0 -0.157629
vn -0.924678 -0.0 -0.38075
vn -0.962547 0.0 -0.271115
vn -0.873918 -0.0 -0.486073
vn -0.924678 0.0 -0.38075
vn -0.873918 0.0 -0.486073
vn -0.811827 0.0 -0.583898
vn -0.811827 0.0 -0.583898
vn -0.738714 -0.0 -0.674019
vn -0.654743 -0.0 -0.755852
vn -0.738714 0.0 -0.674019
vn -0.562993 -0.0 -0.826462
vn -0.654743 0.0 -0.755852
vn -0.463328 -0.0 -0.886187
vn -0.562993 0.0 -0.826462
vn -0.357825 -0.0 -0.933789
vn -0.463328 0.0 -0.886187
vn -0.246706 -0.0 -0.96909
vn -0.357825 0.0 -0.933789
vn -0.13205 -0.0 -0.991243
vn -0.246706 0.0 -0.96909
vn -0.016216 -0.0 -0.999869
vn -0.13205 0.0 -0.991243
vn 0.099618 0.0 -0.995026
vn -0.016216 0.0 -0.999869
vn 0.215413 0.0 -0.976523
vn 0.099618 0.0 -0.995026
vn 0.215413 0.0 -0.976523
vn 0.326633 0.0 -0.945151
vn 0.326633 0.0 -0.945151
vn 0.4334 0.0 -0.901202
vn 0.4334 0.0 -0.901202
vn 0.536126 0.0 -0.844138
vn 0.536126 0.0 -0.844138
vn 0.630154 0.0 -0.77647
vn 0.715957 0.0 -0.698145
vn 0.630154 0.0 -0.77647
vn 0.715957 0.0 -0.698145
vn 0.79229 0.0 -0.610144
vn 0.857895 0.0 -0.513825
vn 0.79229 0.0 -0.610144
vn 0.857895 0.0 -0.513825
vn 0.911607 0.0 -0.411063
vn 0.953193 0.0 -0.302361
vn 0.911607 0.0 -0.411063
vn 0.953193 0.0 -0.302361
vn 0.98182 0.0 -0.189815
vn 0.98182 0.0 -0.189815
vn 0.997227 0.0 -0.074416
vn 0.997227 0.0 -0.074416
vn 0.999125 0.0 0.041823
vn 0.999125 -0.0 0.041823
vn 0.987498 0.0 0.157629
vn 0.987498 -0.0 0.157629
vn 0.962547 0.0 0.271115
vn 0.962547 -0.0 0.271115
vn 0.924678 0.0 0.38075
vn 0.873918 0.0 0.486073
vn 0.924678 -0.0 0.38075
vn 0.873918 0.0 0.486073
vn 0.811827 0.0 0.583898
vn 0.811827 -0.0 0.583898
vn -0.742724 -0.0 -0.669597
vn -0.667866 -0.0 -0.744281
vn -0.742724 0.0 -0.669597
vn -0.587284 -0.0 -0.809381
vn -0.667866 0.0 -0.744281
vn -0.499007 -0.0 -0.866598
vn -0.587284 0.0 -0.809381
vn -0.405248 -0.0 -0.914207
vn -0.499007 0.0 -0.866598
vn -0.30814 -0.0 -0.951341
vn -0.405248 0.0 -0.914207
vn -0.206857 -0.0 -0.978371
vn -0.30814 0.0 -0.951341
vn -0.103422 -0.0 -0.994638
vn -0.206857 0.0 -0.978371
vn 0.001066 0.0 -1.0
vn -0.103422 0.0 -0.994638
vn 0.001066 0.0 -1.0
vn 0.105566 0.0 -0.994412
vn 0.105566 0.0 -0.994412
vn 0.208978 0.0 -0.97792
vn 0.208978 0.0 -0.97792
vn 0.310264 0.0 -0.95065
vn 0.4074 0.0 -0.91325
vn 0.310264 0.0 -0.95065
vn 0.501097 0.0 -0.865391
vn 0.4074 0.0 -0.91325
vn 0.588615 0.0 -0.808413
vn 0.501097 0.0 -0.865391
vn 0.588615 0.0 -0.808413
vn 0.670362 0.0 -0.742034
vn 0.743586 0.0 -0.66864
vn 0.670362 0.0 -0.742034
vn 0.743586 0.0 -0.66864
vn 0.809895 0.0 -0.586575
vn 0.866664 0.0 -0.498892
vn 0.809895 0.0 -0.586575
vn 0.913965 0.0 -0.405792
vn 0.866664 0.0 -0.498892
vn 0.913965 0.0 -0.405792
vn 0.951374 0.0 -0.308037
vn 0.951374 0.0 -0.308037
vn 0.978405 0.0 -0.206699
vn 0.978405 0.0 -0.206699
vn 0.994634 0.0 -0.103452
vn 0.994634 0.0 -0.103452
vn 0.999999 0.0 0.001133
vn 0.999999 -0.0 0.001133
vn 0.994411 0.0 0.105583
vn 0.994411 -0.0 0.105583
vn 0.977912 0.0 0.209019
vn 0.977912 -0.0 0.209019
vn 0.950728 0.0 0.310026
vn 0.950728 -0.0 0.310026
vn 0.913021 0.0 0.407913
vn 0.913021 -0.0 0.407913
vn 0.865562 0.0 0.500803
vn 0.865562 -0.0 0.500803
vn 0.808304 0.0 0.588766
vn 0.808304 -0.0 0.588766
vn 0.742246 0.0 0.670128
vn 0.742246 0.0 0.670128
vn 0.668456 0.0 0.743751
vn 0.668456 -0.0 0.743751
vn 0.586585 0.0 0.809888
vn 0.586585 -0.0 0.809888
vn 0.499007 0.0 0.866598
vn 0.499007 -0.0 0.866598
vn 0.406138 0.0 0.913812
vn 0.406138 -0.0 0.913812
vn 0.30814 0.0 0.951341
vn 0.30814 -0.0 0.951341
vn 0.206857 0.0 0.978371
vn 0.206857 -0.0 0.978371
vn 0.102367 0.0 0.994747
vn 0.102367 -0.0 0.994747
vn -0.001066 0.0 1.0
vn -0.001066 0.0 1.0
vn -0.105566 0.0 0.994412
vn -0.105566 0.0 0.994412
vn -0.208978 0.0 0.97792
vn -0.208978 0.0 0.97792
vn -0.310264 0.0 0.95065
vn -0.310264 0.0 0.95065
vn -0.4074 0.0 0.91325
vn -0.501097 0.0 0.865391
vn -0.4074 0.0 0.91325
vn -0.588615 0.0 0.808413
vn -0.501097 0.0 0.865391
vn -0.669775 0.0 0.742564
vn -0.588615 0.0 0.808413
vn -0.744062 0.0 0.66811
vn -0.669775 0.0 0.742564
vn -0.744062 0.0 0.66811
vn -0.809528 0.0 0.587081
vn -0.809528 0.0 0.587081
vn -0.866664 0.0 0.498892
vn -0.913965 0.0 0.405792
vn -0.866664 0.0 0.498892
vn -0.913965 0.0 0.405792
vn -0.951475 0.0 0.307725
vn -0.978359 0.0 0.206914
vn -0.951475 0.0 0.307725
vn -0.978359 0.0 0.206914
vn -0.994646 0.0 0.103342
vn -0.999999 -0.0 -0.001133
vn -0.994646 0.0 0.103342
vn -0.994399 -0.0 -0.105695
vn -0.999999 0.0 -0.001133
vn -0.977958 -0.0 -0.208802
vn -0.994399 0.0 -0.105695
vn -0.977958 0.0 -0.208802
vn -0.950626 0.0 -0.31034
vn -0.950626 0.0 -0.31034
vn -0.913198 0.0 -0.407516
vn -0.865294 -0.0 -0.501265
vn -0.913198 0.0 -0.407516
vn -0.865294 0.0 -0.501265
vn -0.808304 0.0 -0.588766
vn -0.808304 0.0 -0.588766
vn 0.776437 0.0 0.630195
vn 0.776437 0.0 0.630195
vn 0.815872 0.0 0.578233
vn 0.856236 0.0 0.516586
vn 0.815872 0.0 0.578233
vn 0.89177 0.0 0.452488
vn 0.856236 0.0 0.516586
vn 0.922502 0.0 0.385993
vn 0.89177 0.0 0.452488
vn 0.948345 0.0 0.317239
vn 0.922502 0.0 0.385993
vn 0.969113 0.0 0.246618
vn 0.948345 0.0 0.317239
vn 0.984569 0.0 0.174998
vn 0.969113 0.0 0.246618
vn 0.994757 0.0 0.102266
vn 0.984569 0.0 0.174998
vn 0.999581 0.0 0.028951
vn 0.994757 0.0 0.102266
vn 0.999013 0.0 -0.044427
vn 0.999581 0.0 0.028951
vn 0.993059 0.0 -0.117621
vn 0.999013 0.0 -0.044427
vn 0.981759 0.0 -0.190128
vn 0.993059 0.0 -0.117621
vn 0.965149 0.0 -0.261702
vn 0.981759 0.0 -0.190128
vn 0.943304 0.0 -0.331931
vn 0.965149 0.0 -0.261702
vn 0.943304 0.0 -0.331931
vn 0.916547 0.0 -0.399928
vn 0.884614 0.0 -0.466325
vn 0.916547 0.0 -0.399928
vn 0.884614 0.0 -0.466325
vn 0.806885 0.0 -0.590709
vn 0.847915 0.0 -0.530132
vn 0.847915 0.0 -0.530132
vn 0.806885 0.0 -0.590709
vn 0.711665 0.0 -0.702519
vn 0.761566 0.0 -0.648088
vn 0.761566 0.0 -0.648088
vn 0.711665 0.0 -0.702519
vn 0.658358 0.0 -0.752705
vn 0.658358 0.0 -0.752705
vn -0.790298 0.0 -0.612722
vn -0.790298 -0.0 -0.612722
vn -0.816868 0.0 -0.576825
vn -0.816868 -0.0 -0.576825
vn -0.841659 0.0 -0.54001
vn -0.841659 -0.0 -0.54001
vn -0.864894 0.0 -0.501955
vn -0.864894 -0.0 -0.501955
vn -0.886375 0.0 -0.462969
vn -0.886375 -0.0 -0.462969
vn -0.906205 0.0 -0.422839
vn -0.906205 -0.0 -0.422839
vn -0.924069 0.0 -0.382225
vn -0.924069 -0.0 -0.382225
vn -0.940197 0.0 -0.34063
vn -0.940197 -0.0 -0.34063
vn -0.954418 0.0 -0.298475
vn -0.954418 -0.0 -0.298475
vn -0.966794 -0.0 -0.255558
vn -0.966794 0.0 -0.255558
vn -0.977199 -0.0 -0.212324
vn -0.977199 0.0 -0.212324
vn -0.985698 -0.0 -0.16852
vn -0.985698 0.0 -0.16852
vn -0.99222 -0.0 -0.124493
vn -0.99222 0.0 -0.124493
vn -0.996784 -0.0 -0.080134
vn -0.996784 0.0 -0.080134
vn -0.999364 -0.0 -0.035668
vn -0.999364 0.0 -0.035668
vn -0.99996 0.0 0.008901
vn -0.99996 0.0 0.008901
vn -0.998572 0.0 0.053424
vn -0.998572 0.0 0.053424
vn -0.995199 0.0 0.097876
vn -0.995199 0.0 0.097876
vn -0.98985 0.0 0.142116
vn -0.98985 0.0 0.142116
vn -0.982548 0.0 0.186008
vn -0.982548 0.0 0.186008
vn -0.973268 0.0 0.229672
vn -0.973268 0.0 0.229672
vn -0.962088 0.0 0.272738
vn -0.962088 0.0 0.272738
vn -0.948976 0.0 0.315348
vn -0.948976 0.0 0.315348
vn -0.934003 0.0 0.357264
vn -0.934003 0.0 0.357264
vn -0.917111 0.0 0.398633
vn -0.917111 0.0 0.398633
vn -0.898498 0.0 0.438977
vn -0.898498 0.0 0.438977
vn -0.878019 0.0 0.478626
vn -0.878019 0.0 0.478626
vn -0.855903 0.0 0.517136
vn -0.855903 0.0 0.517136
vn -0.831806 0.0 0.555067
vn -0.831806 0.0 0.555067
vn -0.806449 0.0 0.591304
vn -0.806449 0.0 0.591304
vn -0.779295 0.0 0.626657
vn -0.779295 0.0 0.626657
vn -0.750509 0.0 0.66086
vn -0.750509 0.0 0.66086
vn -0.720495 0.0 0.69346
vn -0.720495 0.0 0.69346
vn -0.688694 0.0 0.725052
vn -0.688694 0.0 0.725052
vn -0.655764 0.0 0.754966
vn -0.655764 0.0 0.754966
vn -0.621549 0.0 0.783375
vn -0.621549 0.0 0.783375
vn -0.586033 0.0 0.810287
vn -0.586033 0.0 0.810287
vn -0.549251 0.0 0.835657
vn -0.549251 0.0 0.835657
vn -0.511544 0.0 0.859257
vn -0.511544 0.0 0.859257
vn -0.472918 0.0 0.881106
vn -0.472918 0.0 0.881106
vn -0.433066 0.0 0.901362
vn -0.433066 0.0 0.901362
vn -0.392335 0.0 0.919823
vn -0.392335 0.0 0.919823
vn -0.351105 0.0 0.936336
vn -0.351105 0.0 0.936336
vn -0.309019 0.0 0.951056
vn -0.309019 0.0 0.951056
vn -0.266498 0.0 0.963836
vn -0.266498 0.0 0.963836
vn -0.223116 0.0 0.974792
vn -0.223116 0.0 0.974792
vn -0.179286 0.0 0.983797
vn -0.179286 0.0 0.983797
vn -0.0202 0.0 0.999796
vn -0.0202 0.0 0.999796
vn 0.630196 0.0 -0.776436
vn 0.630196 0.0 -0.776436
vn -0.776418 -0.0 -0.630218
vn -0.776418 -0.0 -0.630218
vn -0.748286 -0.0 -0.663376
vn -0.687515 -0.0 -0.726171
vn -0.748286 0.0 -0.663376
vn -0.621932 -0.0 -0.783072
vn -0.687515 0.0 -0.726171
vn -0.551205 -0.0 -0.83437
vn -0.621932 0.0 -0.783072
vn -0.476716 -0.0 -0.879057
vn -0.551205 0.0 -0.83437
vn -0.397972 -0.0 -0.917397
vn -0.476716 0.0 -0.879057
vn -0.316413 -0.0 -0.948622
vn -0.397972 0.0 -0.917397
vn -0.233021 -0.0 -0.972472
vn -0.316413 0.0 -0.948622
vn -0.146995 -0.0 -0.989137
vn -0.233021 0.0 -0.972472
vn -0.060945 -0.0 -0.998141
vn -0.146995 0.0 -0.989137
vn 0.026887 0.0 -0.999638
vn -0.060945 0.0 -0.998141
vn 0.026887 0.0 -0.999638
vn 0.11294 0.0 -0.993602
vn 0.11294 0.0 -0.993602
vn 0.15672 0.0 -0.987643
vn 0.15672 0.0 -0.987643
vn -0.776422 -0.0 -0.630213
vn -0.776422 -0.0 -0.630213
vn -0.0 -1.0 0.0
vn 0.0 -1.0 0.0
vn 0.0 -1.0 0.0
vn 0.0 -1.0 0.0
vn -0.0 -1.0 0.0
vn 0.0 -1.0 0.0
vn 0.0 -1.0 0.0
vn 0.0 -1.0 0.0
vn -0.0 -1.0 0.0
vn -0.0 -1.0 0.0
vn 0.0 -1.0 0.0
vn 0.0 -1.0 0.0
vn -0.0 -1.0 0.0
vn -0.0 -1.0 0.0
vn 0.0 -1.0 0.0
vn 0.0 -1.0 0.0
vn -0.0 -1.0 0.0
vn 0.0 -1.0 0.0
vn 0.0 -1.0 0.0
vn -0.0 -1.0 0.0
vn 0.0 -1.0 0.0
vn 0.0 -1.0 0.0
vn 0.0 -1.0 0.0
vn -0.0 -1.0 0.0
vn 0.0 -1.0 0.0
vn 0.0 -1.0 0.0
vn 0.0 -1.0 0.0
vn -0.0 -1.0 0.0
vn 0.0 -1.0 0.0
vn 0.0 -1.0 0.0
vn 0.0 -1.0 0.0
vn 0.0 -1.0 0.0
vn 0.0 -1.0 0.0
vn -0.0 -1.0 0.0
vn 0.0 -1.0 0.0
vn 0.0 -1.0 0.0
vn 0.0 -1.0 0.0
vn -0.0 -1.0 0.0
vn 0.0 -1.0 0.0
vn 0.0 -1.0 0.0
vn -0.0 -1.0 0.0
vn 0.0 -1.0 0.0
vn 0.0 -1.0 0.0
vn 0.0 -1.0 0.0
vn -0.0 -1.0 0.0
vn 0.0 -1.0 0.0
vn 0.0 -1.0 0.0
vn 0.0 -1.0 0.0
vn 0.0 -1.0 0.0
vn 0.0 -1.0 0.0
vn -0.0 -1.0 0.0
vn 0.0 -1.0 0.0
vn 0.0 -1.0 0.0
vn -0.0 -1.0 0.0
vn -0.0 -1.0 0.0
vn 0.0 -1.0 0.0
vn 0.0 -1.0 0.0
vn 0.0 -1.0 0.0
vn -0.0 -1.0 0.0
vn 0.0 -1.0 0.0
vn 0.0 -1.0 0.0
vn -0.0 -1.0 0.0
vn 0.0 -1.0 0.0
vn 0.0 -1.0 0.0
vn -0.0 -1.0 0.0
vn 0.0 -1.0 0.0
vn -0.0 -1.0 -0.0
vn 0.0 -1.0 0.0
vn 0.0 -1.0 0.0
vn -0.0 -1.0 -0.0
vn -0.0 -1.0 0.0
vn 0.0 -1.0 0.0
vn -0.0 -1.0 0.0
vn 0.0 -1.0 0.0
vn -0.0 -1.0 0.0
vn 0.0 -1.0 0.0
vn -0.0 -1.0 0.0
vn 0.0 -1.0 0.0
vn 0.0 -1.0 0.0
vn 0.0 -1.0 0.0
vn -0.0 -1.0 0.0
vn 0.0 -1.0 0.0
vn 0.0 -1.0 0.0
vn 0.0 -1.0 0.0
vn -0.0 -1.0 0.0
vn 0.0 -1.0 0.0
vn -0.0 -1.0 0.0
vn -0.0 -1.0 0.0
vn -0.0 -1.0 0.0
vn 0.0 -1.0 0.0
vn -0.0 -1.0 0.0
vn 0.0 -1.0 0.0
vn 0.0 -1.0 0.0
vn -0.0 -1.0 0.0
vn 0.0 -1.0 0.0
vn -0.0 -1.0 0.0
vn 0.0 -1.0 0.0
vn -0.0 -1.0 0.0
vn -0.0 -1.0 0.0
vn 0.0 -1.0 0.0
vn -0.0 -1.0 0.0
vn 0.0 -1.0 0.0
vn 0.0 -1.0 0.0
vn -0.0 -1.0 0.0
vn -0.0 -1.0 0.0
vn 0.0 -1.0 0.0
vn 0.0 -1.0 0.0
vn -0.0 -1.0 0.0
vn -0.0 -1.0 0.0
vn -0.0 -1.0 0.0
vn 0.0 -1.0 0.0
vn 0.0 -1.0 0.0
vn -0.0 -1.0 0.0
vn 0.0 -1.0 0.0
vn 0.0 -1.0 0.0
vn 0.0 -1.0 0.0
vn -0.0 -1.0 0.0
vn 0.0 -1.0 0.0
vn -0.0 -1.0 0.0
vn 0.0 -1.0 0.0
vn 0.0 -1.0 0.0
vn -0.0 -1.0 0.0
vn 0.0 -1.0 0.0
vn 0.0 -1.0 0.0
vn 0.0 -1.0 0.0
vn -0.0 -1.0 0.0
vn 0.0 -1.0 0.0
vn 0.0 -1.0 0.0
vn 0.0 -1.0 0.0
vn -0.0 -1.0 0.0
vn -0.0 -1.0 0.0
vn 0.0 -1.0 0.0
vn 0.0 -1.0 0.0
vn 0.0 -1.0 0.0
vn -0.0 -1.0 0.0
vn -0.0 -1.0 0.0
vn 0.0 -1.0 0.0
vn 0.0 -1.0 0.0
vn -0.0 -1.0 0.0
vn -0.0 -1.0 0.0
vn 0.0 -1.0 0.0
vn 0.0 -1.0 0.0
vn -0.0 -1.0 0.0
vn 0.0 -1.0 0.0
vn 0.0 -1.0 0.0
vn -0.0 -1.0 0.0
vn -0.0 -1.0 0.0
vn -0.0 -1.0 0.0
vn 0.0 -1.0 0.0
vn 0.0 -1.0 0.0
vn -0.0 -1.0 0.0
vn -0.0 -1.0 0.0
vn 0.0 -1.0 0.0
vn -0.0 -1.0 0.0
vn 0.0 -1.0 0.0
vn 0.0 -1.0 0.0
vn 0.0 -1.0 0.0
vn 0.0 -1.0 0.0
vn 0.0 -1.0 0.0
vn 0.0 -1.0 0.0
vn 0.0 -1.0 0.0
vn 0.0 -1.0 0.0
vn -0.0 -1.0 0.0
vn 0.0 -1.0 0.0
vn 0.0 -1.0 0.0
vn 0.0 -1.0 0.0
vn -0.0 -1.0 0.0
vn 0.0 -1.0 0.0
vn 0.0 -1.0 0.0
vn -0.0 -1.0 0.0
vn 0.0 -1.0 0.0
vn 0.0 -1.0 0.0
vn -0.0 -1.0 0.0
vn 0.0 -1.0 0.0
vn 0.0 -1.0 0.0
vn 0.0 -1.0 0.0
vn -0.0 -1.0 0.0
vn 0.0 -1.0 0.0
vn -0.0 -1.0 0.0
vn -0.0 -1.0 0.0
vn 0.0 -1.0 0.0
vn 0.0 -1.0 0.0
vn 0.0 -1.0 0.0
vn 0.0 -1.0 0.0
vn 0.0 -1.0 0.0
vn 0.0 -1.0 0.0
vn 0.0 -1.0 0.0
vn 0.0 -1.0 0.0
vn -0.0 -1.0 0.0
vn 0.0 -1.0 0.0
vn -0.0 -1.0 0.0
vn -0.0 -1.0 0.0
vn -0.0 -1.0 0.0
vn -0.0 -1.0 0.0
vn -0.0 -1.0 0.0
vn -0.0 -1.0 0.0
vn -0.0 -1.0 0.0
vn -0.0 -1.0 0.0
vn -0.0 -1.0 0.0
vn 0.0 -1.0 0.0
vn 0.0 -1.0 0.0
vn -0.0 -1.0 0.0
vn 0.0 1.0 0.0
vn 0.0 1.0 0.0
vn 0.0 1.0 0.0
vn 0.0 1.0 0.0
vn 0.0 1.0 0.0
vn 0.0 1.0 0.0
vn 0.0 1.0 0.0
vn 0.0 1.0 0.0
vn 0.0 1.0 0.0
vn -0.0 1.0 0.0
vn -0.0 1.0 0.0
vn 0.0 1.0 0.0
vn 0.0 1.0 0.0
vn 0.0 1.0 0.0
vn 0.0 1.0 0.0
vn 0.0 1.0 0.0
vn -0.0 1.0 0.0
vn -0.0 1.0 0.0
vn 0.0 1.0 0.0
vn 0.0 1.0 0.0
vn 0.0 1.0 0.0
vn 0.0 1.0 0.0
vn 0.0 1.0 0.0
vn -0.0 1.0 0.0
vn -0.0 1.0 0.0
vn -0.0 1.0 0.0
vn 0.0 1.0 0.0
vn 0.0 1.0 0.0
vn 0.0 1.0 0.0
vn -0.0 1.0 0.0
vn -0.0 1.0 0.0
vn 0.0 1.0 0.0
vn 0.0 1.0 0.0
vn 0.0 1.0 0.0
vn 0.0 1.0 0.0
vn 0.0 1.0 0.0
vn -0.0 1.0 0.0
vn -0.0 1.0 0.0
vn 0.0 1.0 0.0
vn 0.0 1.0 0.0
vn 0.0 1.0 0.0
vn 0.0 1.0 0.0
vn -0.0 1.0 0.0
vn -0.0 1.0 0.0
vn -0.0 1.0 0.0
vn 0.0 1.0 0.0
vn 0.0 1.0 0.0
vn 0.0 1.0 0.0
vn 0.0 1.0 0.0
vn -0.0 1.0 0.0
vn 0.0 1.0 0.0
vn 0.0 1.0 0.0
vn 0.0 1.0 0.0
vn 0.0 1.0 0.0
vn 0.0 1.0 0.0
vn 0.0 1.0 0.0
vn -0.0 1.0 0.0
vn 0.0 1.0 0.0
vn 0.0 1.0 0.0
vn 0.0 1.0 0.0
vn 0.0 1.0 0.0
vn 0.0 1.0 0.0
vn 0.0 1.0 0.0
vn 0.0 1.0 0.0
vn 0.0 1.0 0.0
vn 0.0 1.0 0.0
vn 0.0 1.0 0.0
vn 0.0 1.0 0.0
vn 0.0 1.0 0.0
vn 0.0 1.0 0.0
vn 0.0 1.0 0.0
vn 0.0 1.0 0.0
vn 0.0 1.0 0.0
vn 0.0 1.0 0.0
vn 0.0 1.0 0.0
vn 0.0 1.0 0.0
vn 0.0 1.0 0.0
vn -0.0 1.0 0.0
vn 0.0 1.0 0.0
vn 0.0 1.0 0.0
vn -0.0 1.0 0.0
vn 0.0 1.0 0.0
vn 0.0 1.0 0.0
vn -0.0 1.0 0.0
vn 0.0 1.0 0.0
vn 0.0 1.0 0.0
vn -0.0 1.0 0.0
vn -0.0 1.0 0.0
vn 0.0 1.0 0.0
vn -0.0 1.0 0.0
vn -0.0 1.0 0.0
vn 0.0 1.0 0.0
vn -0.0 1.0 0.0
vn -0.0 1.0 0.0
vn 0.0 1.0 0.0
vn -0.0 1.0 0.0
vn -0.0 1.0 0.0
vn 0.0 1.0 0.0
vn -0.0 1.0 0.0
vn 0.0 1.0 0.0
vn -0.0 1.0 0.0
vn 0.0 1.0 0.0
vn -0.0 1.0 0.0
vn 0.0 1.0 0.0
vn -0.0 1.0 0.0
vn -0.0 1.0 0.0
vn 0.0 1.0 0.0
vn 0.0 1.0 0.0
vn -0.0 1.0 0.0
vn -0.0 1.0 0.0
vn -0.0 1.0 0.0
vn -0.0 1.0 0.0
vn 0.0 1.0 0.0
vn -0.0 1.0 0.0
vn 0.0 1.0 0.0
vn -0.0 1.0 0.0
vn -0.0 1.0 0.0
vn 0.0 1.0 0.0
vn -0.0 1.0 0.0
vn 0.0 1.0 0.0
vn -0.0 1.0 0.0
vn 0.0 1.0 0.0
vn 0.0 1.0 0.0
vn 0.0 1.0 0.0
vn 0.0 1.0 0.0
vn -0.0 1.0 0.0
vn 0.0 1.0 0.0
vn -0.0 1.0 0.0
vn 0.0 1.0 0.0
vn 0.0 1.0 0.0
vn -0.0 1.0 0.0
vn 0.0 1.0 0.0
vn 0.0 1.0 0.0
vn -0.0 1.0 0.0
vn 0.0 1.0 0.0
vn 0.0 1.0 0.0
vn -0.0 1.0 0.0
vn 0.0 1.0 0.0
vn 0.0 1.0 0.0
vn -0.0 1.0 0.0
vn -0.0 1.0 0.0
vn 0.0 1.0 0.0
vn 0.0 1.0 0.0
vn 0.0 1.0 0.0
vn 0.0 1.0 0.0
vn 0.0 1.0 0.0
vn 0.0 1.0 0.0
vn 0.0 1.0 0.0
vn 0.0 1.0 0.0
vn 0.0 1.0 0.0
vn 0.0 1.0 0.0
vn 0.0 1.0 0.0
vn 0.0 1.0 0.0
vn 0.0 1.0 0.0
vn 0.0 1.0 0.0
vn 0.0 1.0 0.0
vn 0.0 1.0 0.0
vn 0.0 1.0 0.0
vn 0.0 1.0 0.0
vn 0.0 1.0 0.0
vn 0.0 1.0 0.0
vn 0.0 1.0 0.0
vn -0.0 1.0 0.0
vn -0.0 1.0 0.0
vn -0.0 1.0 0.0
vn -0.0 1.0 0.0
vn -0.0 1.0 0.0
vn -0.0 1.0 0.0
vn -0.0 1.0 0.0
vn 0.0 1.0 0.0
vn 0.0 1.0 0.0
vn 0.0 1.0 0.0
vn 0.0 1.0 0.0
vn 0.0 1.0 0.0
vn -0.0 1.0 0.0
vn 0.0 1.0 0.0
vn 0.0 1.0 0.0
vn 0.0 1.0 0.0
vn 0.0 1.0 0.0
vn 0.0 1.0 0.0
vn -0.0 1.0 0.0
vn 0.0 1.0 0.0
vn 0.0 1.0 0.0
vn 0.0 1.0 0.0
vn -0.0 1.0 0.0
vn 0.0 1.0 0.0
vn 0.0 1.0 0.0
vn 0.0 1.0 0.0
vn 0.0 1.0 0.0
vn 0.0 1.0 0.0
vn -0.0 1.0 0.0
vn 0.0 1.0 0.0
vn 0.0 1.0 0.0
vn 0.0 1.0 0.0
vn -0.0 1.0 0.0
vn 0.0 1.0 0.0
vn 0.0 1.0 0.0
vn 0.0 1.0 0.0
vn 0.0 1.0 0.0
vn 0.0 1.0 0.0
vn 0.0 1.0 0.0
vn 0.0 1.0 0.0
vn -0.962891 0.0 0.269889
vn -0.962891 0.0 0.269889
vn -0.98275 0.0 0.184938
vn -0.98275 0.0 0.184938
vn -0.995129 0.0 0.098584
vn -0.995129 0.0 0.098584
vn -0.999935 0.0 0.011414
vn -0.999935 0.0 0.011414
vn -0.997126 0.0 -0.075759
vn -0.997126 0.0 -0.075759
vn -0.986725 0.0 -0.162402
vn -0.986725 0.0 -0.162402
vn -0.968838 0.0 -0.247694
vn -0.968838 0.0 -0.247694
vn -0.943586 0.0 -0.331128
vn -0.943586 0.0 -0.331128
vn -0.911006 0.0 -0.412394
vn -0.911006 0.0 -0.412394
vn -0.871623 0.0 -0.490176
vn -0.871623 0.0 -0.490176
vn -0.825659 0.0 -0.56417
vn -0.825659 0.0 -0.56417
vn -0.773506 0.0 -0.633789
vn -0.773506 0.0 -0.633789
vn -0.715312 0.0 -0.698805
vn -0.715312 0.0 -0.698805
vn -0.651252 0.0 -0.758861
vn -0.651252 0.0 -0.758861
vn -0.582968 0.0 -0.812495
vn -0.582968 0.0 -0.812495
vn -0.509631 0.0 -0.860393
vn -0.509631 0.0 -0.860393
vn -0.433349 0.0 -0.901226
vn -0.433349 0.0 -0.901226
vn -0.352828 0.0 -0.935688
vn -0.352828 0.0 -0.935688
vn -0.269572 0.0 -0.96298
vn -0.269572 0.0 -0.96298
vn -0.184498 0.0 -0.982833
vn -0.184498 0.0 -0.982833
vn -0.099393 0.0 -0.995048
vn -0.099393 0.0 -0.995048
vn -0.010747 0.0 -0.999942
vn -0.010747 0.0 -0.999942
vn 0.075228 0.0 -0.997166
vn 0.075228 0.0 -0.997166
vn 0.162965 0.0 -0.986632
vn 0.162965 0.0 -0.986632
vn 0.247209 0.0 -0.968962
vn 0.247209 0.0 -0.968962
vn 0.412732 0.0 -0.910853
vn 0.331333 0.0 -0.943514
vn 0.331333 0.0 -0.943514
vn 0.412732 0.0 -0.910853
vn 0.489905 0.0 -0.871776
vn 0.489905 0.0 -0.871776
vn 0.564196 0.0 -0.825641
vn 0.564196 0.0 -0.825641
vn 0.698743 0.0 -0.715372
vn 0.634015 0.0 -0.773321
vn 0.634015 0.0 -0.773321
vn 0.698743 0.0 -0.715372
vn 0.758592 0.0 -0.651565
vn 0.758592 0.0 -0.651565
vn 0.812731 0.0 -0.58264
vn 0.812731 0.0 -0.58264
vn 0.860125 0.0 -0.510083
vn 0.860125 0.0 -0.510083
vn 0.935739 0.0 -0.352693
vn 0.901474 0.0 -0.432833
vn 0.901474 0.0 -0.432833
vn 0.935739 0.0 -0.352693
vn 0.962891 0.0 -0.269889
vn 0.962891 0.0 -0.269889
vn 0.98274 0.0 -0.184992
vn 0.98274 0.0 -0.184992
vn 0.995143 0.0 -0.09844
vn 0.995143 0.0 -0.09844
vn 0.999934 0.0 -0.01148
vn 0.999934 0.0 -0.01148
vn 0.997127 -0.0 0.075747
vn 0.997127 0.0 0.075747
vn 0.98671 0.0 0.162491
vn 0.98671 -0.0 0.162491
vn 0.968825 0.0 0.247747
vn 0.968825 -0.0 0.247747
vn 0.943586 0.0 0.331128
vn 0.943586 -0.0 0.331128
vn 0.911027 0.0 0.412347
vn 0.911027 -0.0 0.412347
vn 0.871814 0.0 0.489836
vn 0.871814 -0.0 0.489836
vn 0.825659 0.0 0.56417
vn 0.825659 -0.0 0.56417
vn 0.773146 -0.0 0.634228
vn 0.773146 0.0 0.634228
vn 0.71534 0.0 0.698777
vn 0.71534 -0.0 0.698777
vn 0.651252 -0.0 0.758861
vn 0.651252 0.0 0.758861
vn 0.582942 -0.0 0.812514
vn 0.582942 0.0 0.812514
vn 0.509655 -0.0 0.860379
vn 0.509655 0.0 0.860379
vn 0.433328 -0.0 0.901236
vn 0.433328 0.0 0.901236
vn 0.352828 -0.0 0.935688
vn 0.352828 0.0 0.935688
vn 0.269586 -0.0 0.962976
vn 0.269586 0.0 0.962976
vn 0.185353 -0.0 0.982672
vn 0.185353 0.0 0.982672
vn 0.098512 -0.0 0.995136
vn 0.098512 0.0 0.995136
vn 0.010746 -0.0 0.999942
vn 0.010746 0.0 0.999942
vn -0.075228 0.0 0.997166
vn -0.075228 0.0 0.997166
vn -0.162102 0.0 0.986774
vn -0.162102 0.0 0.986774
vn -0.248036 0.0 0.968751
vn -0.248036 0.0 0.968751
vn -0.33135 0.0 0.943508
vn -0.33135 0.0 0.943508
vn -0.411989 0.0 0.911189
vn -0.411989 0.0 0.911189
vn -0.490585 0.0 0.871393
vn -0.490585 0.0 0.871393
vn -0.56417 0.0 0.825659
vn -0.56417 0.0 0.825659
vn -0.634015 0.0 0.773321
vn -0.634015 0.0 0.773321
vn -0.698743 0.0 0.715372
vn -0.698743 0.0 0.715372
vn -0.758592 0.0 0.651565
vn -0.758592 0.0 0.651565
vn -0.8601 0.0 0.510125
vn -0.812757 0.0 0.582603
vn -0.812757 0.0 0.582603
vn -0.8601 0.0 0.510125
vn -0.901496 0.0 0.432787
vn -0.901496 0.0 0.432787
vn -0.935721 0.0 0.352742
vn -0.935721 0.0 0.352742
vn 0.0 1.0 0.0
vn 0.0 1.0 0.0
vn -0.0 1.0 0.0
vn -0.0 1.0 0.0
vn 0.0 1.0 0.0
vn 0.0 1.0 0.0
vn 0.0 1.0 0.0
vn 0.0 1.0 0.0
vn 0.0 1.0 0.0
vn 0.0 1.0 0.0
vn 0.0 1.0 0.0
vn 0.0 1.0 0.0
vn 0.0 1.0 0.0
vn 0.0 1.0 0.0
vn 0.0 1.0 0.0
vn 0.0 1.0 0.0
vn 0.0 1.0 0.0
vn 0.0 1.0 0.0
vn 0.0 1.0 0.0
vn 0.0 1.0 0.0
vn 0.0 1.0 0.0
vn 0.0 1.0 0.0
vn 0.0 1.0 0.0
vn 0.0 1.0 0.0
vn 0.0 1.0 0.0
vn 0.0 1.0 0.0
vn 0.0 1.0 0.0
vn 0.0 1.0 0.0
vn 0.0 1.0 0.0
vn 0.0 1.0 0.0
vn 0.0 1.0 0.0
vn 0.0 1.0 0.0
vn 0.0 1.0 0.0
vn 0.0 1.0 0.0
vn 0.0 1.0 0.0
vn 0.0 1.0 0.0
vn 0.0 1.0 0.0
vn 0.0 1.0 0.0
vn 0.0 1.0 0.0
vn 0.0 1.0 0.0
vn 0.0 1.0 0.0
vn 0.0 1.0 0.0
vn 0.0 1.0 0.0
vn 0.0 1.0 0.0
vn 0.0 1.0 0.0
vn 0.0 1.0 0.0
vn 0.0 1.0 -0.0
vn 0.0 1.0 -0.0
vn 0.0 1.0 0.0
vn 0.0 1.0 0.0
vn 0.0 1.0 0.0
vn 0.0 1.0 -0.0
vn 0.0 1.0 -0.0
vn 0.0 1.0 -0.0
vn 0.0 1.0 -0.0
vn -0.0 1.0 0.0
vn 0.0 1.0 0.0
vn 0.0 1.0 0.0
vn 0.0 1.0 0.0
vn 0.0 1.0 0.0
vn 0.0 1.0 0.0
vn 0.0 1.0 0.0
vn 0.0 1.0 -0.0
vn 0.0 1.0 -0.0
vn 0.0 1.0 -0.0
vn 0.0 1.0 -0.0
vn 0.0 1.0 0.0
vn 0.0 1.0 0.0
vn 0.0 1.0 -0.0
vn 0.0 1.0 0.0
vn 0.0 -1.0 0.0
vn 0.0 -1.0 0.0
vn 0.0 -1.0 0.0
vn 0.0 -1.0 0.0
vn 0.0 -1.0 0.0
vn 0.0 -1.0 0.0
vn 0.0 -1.0 0.0
vn 0.0 -1.0 0.0
vn 0.0 -1.0 0.0
vn 0.0 -1.0 0.0
vn 0.0 -1.0 0.0
vn 0.0 -1.0 0.0
vn 0.0 -1.0 0.0
vn 0.0 -1.0 0.0
vn 0.0 -1.0 0.0
vn 0.0 -1.0 0.0
vn 0.0 -1.0 0.0
vn 0.0 -1.0 0.0
vn 0.0 -1.0 0.0
vn 0.0 -1.0 0.0
vn 0.0 -1.0 0.0
vn -0.0 -1.0 0.0
vn -0.0 -1.0 0.0
vn 0.0 -1.0 0.0
vn 0.0 -1.0 0.0
vn 0.0 -1.0 0.0
vn 0.0 -1.0 0.0
vn -0.0 -1.0 0.0
vn 0.0 -1.0 0.0
vn 0.0 -1.0 0.0
vn 0.0 -1.0 0.0
vn 0.0 -1.0 0.0
vn 0.0 -1.0 0.0
vn -0.0 -1.0 0.0
vn 0.0 -1.0 0.0
vn -0.0 -1.0 0.0
vn 0.0 -1.0 0.0
vn 0.0 -1.0 0.0
vn 0.0 -1.0 0.0
vn -0.0 -1.0 0.0
vn -0.0 -1.0 0.0
vn 0.0 -1.0 0.0
vn -0.0 -1.0 0.0
vn 0.0 -1.0 0.0
vn 0.0 -1.0 0.0
vn 0.0 -1.0 0.0
vn -0.0 -1.0 0.0
vn -0.0 -1.0 0.0
vn 0.0 -1.0 0.0
vn 0.0 -1.0 0.0
vn 0.0 -1.0 0.0
vn 0.0 -1.0 0.0
vn -0.0 -1.0 0.0
vn -0.0 -1.0 0.0
vn -0.0 -1.0 0.0
vn 0.0 -1.0 0.0
vn 0.0 -1.0 0.0
vn 0.0 -1.0 0.0
vn -0.0 -1.0 0.0
vn -0.0 -1.0 -0.0
vn -0.0 -1.0 0.0
vn 0.0 -1.0 0.0
vn -0.0 -1.0 -0.0
vn -0.0 -1.0 0.0
vn -0.0 -1.0 0.0
vn -0.0 -1.0 0.0
vn -0.0 -1.0 0.0
vn -0.0 -1.0 0.0
vn 0.0 -1.0 0.0
vn 0.0 -1.0 0.0
vn -0.811827 0.0 -0.583898
vn -0.873918 0.0 -0.486073
vn -0.811827 0.0 -0.583898
vn -0.924678 0.0 -0.38075
vn -0.873918 0.0 -0.486073
vn -0.962547 0.0 -0.271115
vn -0.924678 0.0 -0.38075
vn -0.987498 0.0 -0.157629
vn -0.962547 0.0 -0.271115
vn -0.999125 0.0 -0.041823
vn -0.987498 0.0 -0.157629
vn -0.997227 0.0 0.074416
vn -0.999125 0.0 -0.041823
vn -0.98182 0.0 0.189815
vn -0.997227 0.0 0.074416
vn -0.953173 0.0 0.302427
vn -0.98182 0.0 0.189815
vn -0.911634 0.0 0.411003
vn -0.953173 0.0 0.302427
vn -0.911634 0.0 0.411003
vn -0.857895 0.0 0.513825
vn -0.857895 0.0 0.513825
vn -0.79229 0.0 0.610144
vn -0.79229 0.0 0.610144
vn -0.715957 0.0 0.698145
vn -0.715957 0.0 0.698145
vn -0.630118 0.0 0.776499
vn -0.630118 0.0 0.776499
vn -0.536159 0.0 0.844117
vn -0.4334 0.0 0.901202
vn -0.536159 0.0 0.844117
vn -0.4334 0.0 0.901202
vn -0.326633 0.0 0.945151
vn -0.326633 0.0 0.945151
vn -0.215413 0.0 0.976523
vn -0.099611 0.0 0.995026
vn -0.215413 0.0 0.976523
vn -0.099611 0.0 0.995026
vn 0.016217 0.0 0.999869
vn 0.13205 -0.0 0.991243
vn 0.016217 0.0 0.999869
vn 0.13205 0.0 0.991243
vn 0.246706 0.0 0.96909
vn 0.357825 -0.0 0.933789
vn 0.246706 0.0 0.96909
vn 0.357825 0.0 0.933789
vn 0.463328 0.0 0.886187
vn 0.562993 -0.0 0.826462
vn 0.463328 0.0 0.886187
vn 0.562993 0.0 0.826462
vn 0.654743 0.0 0.755852
vn 0.654743 0.0 0.755852
vn 0.738714 0.0 0.674019
vn 0.738714 0.0 0.674019
vn 0.811827 0.0 0.583898
vn 0.811827 0.0 0.583898
vn 0.873918 0.0 0.486073
vn 0.873918 0.0 0.486073
vn 0.924678 0.0 0.38075
vn 0.924678 0.0 0.38075
vn 0.962547 0.0 0.271115
vn 0.987498 -0.0 0.157629
vn 0.962547 0.0 0.271115
vn 0.987498 0.0 0.157629
vn 0.999125 0.0 0.041823
vn 0.997227 0.0 -0.074416
vn 0.999125 0.0 0.041823
vn 0.997227 0.0 -0.074416
vn 0.98182 0.0 -0.189815
vn 0.98182 0.0 -0.189815
vn 0.953193 0.0 -0.302361
vn 0.911607 0.0 -0.411063
vn 0.953193 0.0 -0.302361
vn 0.911607 0.0 -0.411063
vn 0.857895 0.0 -0.513825
vn 0.79229 0.0 -0.610144
vn 0.857895 0.0 -0.513825
vn 0.79229 0.0 -0.610144
vn 0.715957 0.0 -0.698145
vn 0.715957 0.0 -0.698145
vn 0.630154 0.0 -0.77647
vn 0.536126 0.0 -0.844138
vn 0.630154 0.0 -0.77647
vn 0.4334 0.0 -0.901202
vn 0.536126 0.0 -0.844138
vn 0.4334 0.0 -0.901202
vn 0.326633 0.0 -0.945151
vn 0.215413 0.0 -0.976523
vn 0.326633 0.0 -0.945151
vn 0.215413 0.0 -0.976523
vn 0.099618 0.0 -0.995026
vn -0.016216 0.0 -0.999869
vn 0.099618 0.0 -0.995026
vn -0.13205 0.0 -0.991243
vn -0.016216 0.0 -0.999869
vn -0.246706 0.0 -0.96909
vn -0.13205 0.0 -0.991243
vn -0.357825 0.0 -0.933789
vn -0.246706 0.0 -0.96909
vn -0.463328 0.0 -0.886187
vn -0.357825 0.0 -0.933789
vn -0.562993 0.0 -0.826462
vn -0.463328 0.0 -0.886187
vn -0.654743 0.0 -0.755852
vn -0.562993 0.0 -0.826462
vn -0.738714 0.0 -0.674019
vn -0.654743 0.0 -0.755852
vn -0.738714 0.0 -0.674019
vn -0.808304 0.0 -0.588766
vn -0.865294 0.0 -0.501265
vn -0.808304 0.0 -0.588766
vn -0.913198 0.0 -0.407516
vn -0.865294 0.0 -0.501265
vn -0.950626 0.0 -0.31034
vn -0.913198 0.0 -0.407516
vn -0.977958 0.0 -0.208801
vn -0.950626 0.0 -0.31034
vn -0.994399 0.0 -0.105695
vn -0.977958 0.0 -0.208801
vn -0.999999 0.0 -0.001133
vn -0.994399 0.0 -0.105695
vn -0.994646 0.0 0.103342
vn -0.999999 0.0 -0.001133
vn -0.978359 0.0 0.206914
vn -0.994646 0.0 0.103342
vn -0.978359 0.0 0.206914
vn -0.951475 0.0 0.307725
vn -0.951475 0.0 0.307725
vn -0.913965 0.0 0.405792
vn -0.913965 0.0 0.405792
vn -0.866664 0.0 0.498892
vn -0.809528 0.0 0.587081
vn -0.866664 0.0 0.498892
vn -0.744062 0.0 0.66811
vn -0.809528 0.0 0.587081
vn -0.669775 0.0 0.742565
vn -0.744062 0.0 0.66811
vn -0.669775 0.0 0.742565
vn -0.588615 0.0 0.808413
vn -0.501097 0.0 0.865391
vn -0.588615 0.0 0.808413
vn -0.501097 0.0 0.865391
vn -0.4074 0.0 0.91325
vn -0.310264 0.0 0.95065
vn -0.4074 0.0 0.91325
vn -0.310264 0.0 0.95065
vn -0.208978 0.0 0.97792
vn -0.208978 0.0 0.97792
vn -0.105566 0.0 0.994412
vn -0.001066 0.0 0.999999
vn -0.105566 0.0 0.994412
vn -0.001066 0.0 0.999999
vn 0.102367 0.0 0.994747
vn 0.102367 0.0 0.994747
vn 0.206857 0.0 0.978371
vn 0.206857 0.0 0.978371
vn 0.30814 0.0 0.951341
vn 0.406138 -0.0 0.913812
vn 0.30814 0.0 0.951341
vn 0.406138 0.0 0.913812
vn 0.499007 0.0 0.866598
vn 0.499007 0.0 0.866598
vn 0.586585 0.0 0.809887
vn 0.586585 0.0 0.809887
vn 0.668457 0.0 0.743751
vn 0.668457 0.0 0.743751
vn 0.742246 0.0 0.670128
vn 0.742246 0.0 0.670128
vn 0.808304 0.0 0.588766
vn 0.808304 0.0 0.588766
vn 0.865562 0.0 0.500803
vn 0.865562 0.0 0.500803
vn 0.913021 0.0 0.407913
vn 0.913021 0.0 0.407913
vn 0.950728 0.0 0.310026
vn 0.950728 0.0 0.310026
vn 0.977912 0.0 0.209019
vn 0.977912 0.0 0.209019
vn 0.994411 0.0 0.105583
vn 0.994411 0.0 0.105583
vn 0.999999 0.0 0.001133
vn 0.999999 0.0 0.001133
vn 0.994634 0.0 -0.103452
vn 0.994634 0.0 -0.103452
vn 0.978405 0.0 -0.206699
vn 0.978405 0.0 -0.206699
vn 0.951374 0.0 -0.308037
vn 0.951374 0.0 -0.308037
vn 0.913965 0.0 -0.405792
vn 0.913965 0.0 -0.405792
vn 0.866664 0.0 -0.498892
vn 0.809895 0.0 -0.586575
vn 0.866664 0.0 -0.498892
vn 0.809895 0.0 -0.586575
vn 0.743586 0.0 -0.66864
vn 0.743586 0.0 -0.66864
vn 0.670362 0.0 -0.742034
vn 0.588615 0.0 -0.808413
vn 0.670362 0.0 -0.742034
vn 0.501097 0.0 -0.865391
vn 0.588615 0.0 -0.808413
vn 0.4074 0.0 -0.91325
vn 0.501097 0.0 -0.865391
vn 0.310264 0.0 -0.95065
vn 0.4074 0.0 -0.91325
vn 0.208978 0.0 -0.97792
vn 0.310264 0.0 -0.95065
vn 0.208978 0.0 -0.97792
vn 0.105566 0.0 -0.994412
vn 0.105566 0.0 -0.994412
vn 0.001066 0.0 -0.999999
vn -0.103422 0.0 -0.994638
vn 0.001066 0.0 -0.999999
vn -0.206857 0.0 -0.978371
vn -0.103422 0.0 -0.994638
vn -0.30814 0.0 -0.951341
vn -0.206857 0.0 -0.978371
vn -0.405248 0.0 -0.914207
vn -0.30814 0.0 -0.951341
vn -0.499007 0.0 -0.866598
vn -0.405248 0.0 -0.914207
vn -0.587284 0.0 -0.809381
vn -0.499007 0.0 -0.866598
vn -0.667866 0.0 -0.744281
vn -0.587284 0.0 -0.809381
vn -0.742724 0.0 -0.669597
vn -0.667866 0.0 -0.744281
vn -0.742724 0.0 -0.669597
vn -0.320412 0.0 0.947278
vn -0.320412 0.0 0.947278
vn -0.379217 0.0 0.925308
vn -0.379217 0.0 0.925308
vn -0.43729 0.0 0.899321
vn -0.43729 0.0 0.899321
vn -0.493005 0.0 0.870027
vn -0.493005 0.0 0.870027
vn -0.547293 0.0 0.836941
vn -0.547293 0.0 0.836941
vn -0.598768 0.0 0.800922
vn -0.598768 0.0 0.800922
vn -0.648184 0.0 0.761484
vn -0.648184 0.0 0.761484
vn -0.694763 0.0 0.719239
vn -0.694763 0.0 0.719239
vn -0.739032 0.0 0.673671
vn -0.739032 0.0 0.673671
vn -0.779978 0.0 0.625807
vn -0.779978 0.0 0.625807
vn -0.817838 0.0 0.575448
vn -0.817838 0.0 0.575448
vn -0.852537 0.0 0.522666
vn -0.852537 0.0 0.522666
vn -0.883891 0.0 0.467692
vn -0.883891 0.0 0.467692
vn -0.911658 0.0 0.41095
vn -0.911658 0.0 0.41095
vn -0.935769 0.0 0.352614
vn -0.935769 0.0 0.352614
vn -0.95617 0.0 0.292812
vn -0.95617 0.0 0.292812
vn -0.972715 0.0 0.232002
vn -0.972715 0.0 0.232002
vn -0.985449 0.0 0.169973
vn -0.985449 0.0 0.169973
vn -0.994202 0.0 0.107532
vn -0.994202 0.0 0.107532
vn -0.999008 0.0 0.044538
vn -0.999008 0.0 0.044538
vn -0.999827 0.0 -0.0186
vn -0.999827 0.0 -0.0186
vn -0.996661 0.0 -0.081651
vn -0.996661 0.0 -0.081651
vn -0.989505 0.0 -0.144496
vn -0.989505 0.0 -0.144496
vn -0.978431 0.0 -0.206572
vn -0.978431 0.0 -0.206572
vn -0.963462 0.0 -0.267843
vn -0.963462 0.0 -0.267843
vn -0.944582 0.0 -0.328276
vn -0.944582 0.0 -0.328276
vn -0.922044 0.0 -0.387084
vn -0.922044 0.0 -0.387084
vn -0.895707 0.0 -0.444645
vn -0.895707 0.0 -0.444645
vn -0.832555 0.0 -0.553942
vn -0.865902 0.0 -0.500213
vn -0.865902 0.0 -0.500213
vn -0.832555 0.0 -0.553942
vn -0.795766 0.0 -0.605604
vn -0.795766 0.0 -0.605604
vn -0.34265 0.0 0.939463
vn -0.34265 0.0 0.939463
vn 0.776437 -0.0 0.630195
vn 0.776437 -0.0 0.630195
vn 0.658357 0.0 -0.752705
vn 0.658357 0.0 -0.752705
vn 0.711665 0.0 -0.702519
vn 0.711665 0.0 -0.702519
vn 0.761566 0.0 -0.648088
vn 0.761566 0.0 -0.648088
vn 0.806885 0.0 -0.590709
vn 0.806885 0.0 -0.590709
vn 0.847915 0.0 -0.530132
vn 0.847915 0.0 -0.530132
vn 0.884613 0.0 -0.466325
vn 0.884613 0.0 -0.466325
vn 0.916547 0.0 -0.399928
vn 0.916547 0.0 -0.399928
vn 0.943304 0.0 -0.331931
vn 0.943304 0.0 -0.331931
vn 0.965149 0.0 -0.261702
vn 0.965149 0.0 -0.261702
vn 0.981759 0.0 -0.190128
vn 0.981759 0.0 -0.190128
vn 0.999013 0.0 -0.044427
vn 0.993059 0.0 -0.117621
vn 0.993059 0.0 -0.117621
vn 0.999581 -0.0 0.028951
vn 0.999013 0.0 -0.044427
vn 0.994757 -0.0 0.102266
vn 0.999581 -0.0 0.028951
vn 0.994757 -0.0 0.102266
vn 0.984569 -0.0 0.174998
vn 0.969113 -0.0 0.246618
vn 0.984569 -0.0 0.174998
vn 0.948346 -0.0 0.317239
vn 0.969113 -0.0 0.246618
vn 0.922502 -0.0 0.385993
vn 0.948346 -0.0 0.317239
vn 0.89177 -0.0 0.452488
vn 0.922502 -0.0 0.385993
vn 0.856236 -0.0 0.516586
vn 0.89177 -0.0 0.452488
vn 0.815872 -0.0 0.578233
vn 0.856236 -0.0 0.516586
vn 0.815872 -0.0 0.578233
vn 0.630196 0.0 -0.776436
vn 0.630196 0.0 -0.776436
vn -0.776433 0.0 -0.6302
vn -0.776433 0.0 -0.6302
vn 0.0 1.0 -0.0
vn 0.0 1.0 0.0
vn 0.0 1.0 -0.0
vn -0.0 1.0 0.0
vn 0.0 1.0 0.0
vn 0.0 1.0 -0.0
vn 0.0 1.0 -0.0
vn 0.0 1.0 -0.0
vn 0.0 1.0 0.0
vn 0.0 1.0 -0.0
vn 0.0 1.0 0.0
vn 0.0 1.0 -0.0
vn 0.0 1.0 0.0
vn 0.0 1.0 0.0
vn 0.0 1.0 -0.0
vn 0.0 1.0 -0.0
vn 0.0 1.0 0.0
vn 0.0 1.0 0.0
vn 0.0 1.0 -0.0
vn 0.0 1.0 -0.0
vn 0.0 1.0 -0.0
vn 0.0 1.0 0.0
vn 0.0 1.0 -0.0
vn 0.0 1.0 0.0
vn 0.0 1.0 0.0
vn 0.0 1.0 -0.0
vn 0.0 1.0 0.0
vn 0.0 1.0 0.0
vn 0.0 1.0 0.0
vn 0.0 1.0 -0.0
vn 0.0 1.0 -0.0
vn 0.0 1.0 -0.0
vn 0.0 1.0 0.0
vn 0.0 1.0 -0.0
vn 0.0 1.0 0.0
vn 0.0 1.0 -0.0
vn 0.0 1.0 0.0
vn 0.0 1.0 -0.0
vn 0.0 1.0 0.0
vn 0.0 1.0 -0.0
vn 0.0 1.0 0.0
vn 0.0 1.0 -0.0
vn 0.0 1.0 0.0
vn 0.0 1.0 -0.0
vn 0.0 1.0 0.0
vn 0.0 1.0 -0.0
vn 0.0 1.0 0.0
vn 0.0 1.0 0.0
vn 0.0 1.0 0.0
vn -0.0 1.0 -0.0
vn -0.0 1.0 -0.0
vn 0.0 1.0 -0.0
vn 0.0 1.0 -0.0
vn 0.0 1.0 -0.0
vn 0.0 1.0 -0.0
vn 0.0 1.0 -0.0
vn 0.0 1.0 -0.0
vn 0.0 1.0 -0.0
vn 0.0 1.0 -0.0
vn 0.0 1.0 -0.0
vn 0.0 1.0 -0.0
vn 0.0 1.0 0.0
vn 0.0 1.0 0.0
vn 0.0 1.0 0.0
vn 0.0 1.0 0.0
vn 0.0 1.0 0.0
vn 0.0 1.0 0.0
vn 0.0 1.0 0.0
vn 0.0 1.0 0.0
vn 0.0 1.0 0.0
vn 0.0 1.0 -0.0
vn 0.0 1.0 0.0
vn 0.0 1.0 -0.0
vn 0.0 1.0 0.0
vn 0.0 1.0 0.0
vn 0.0 1.0 0.0
vn 0.0 1.0 -0.0
vn 0.0 1.0 0.0
vn 0.0 1.0 0.0
vn 0.0 1.0 -0.0
vn 0.0 1.0 0.0
vn 0.0 1.0 0.0
vn 0.0 1.0 -0.0
vn 0.0 1.0 -0.0
vn 0.0 1.0 -0.0
vn 0.0 1.0 0.0
vn 0.0 1.0 -0.0
vn 0.0 1.0 -0.0
vn 0.0 1.0 0.0
vn 0.0 1.0 -0.0
vn 0.0 1.0 -0.0
vn 0.0 1.0 0.0
vn 0.0 1.0 -0.0
vn 0.0 1.0 -0.0
vn 0.0 1.0 0.0
vn 0.0 1.0 0.0
vn 0.0 1.0 -0.0
vn 0.0 1.0 0.0
vn 0.0 1.0 0.0
vn 0.0 1.0 0.0
vn 0.0 1.0 0.0
vn 0.0 1.0 0.0
vn 0.0 1.0 0.0
vn 0.0 1.0 -0.0
vn -0.0 1.0 -0.0
vn -0.0 1.0 -0.0
vn -0.0 1.0 -0.0
vn -0.0 1.0 -0.0
vn -0.0 1.0 -0.0
vn -0.0 1.0 -0.0
vn 0.0 1.0 -0.0
vn 0.0 1.0 -0.0
vn 0.0 1.0 -0.0
vn 0.0 1.0 -0.0
vn 0.0 1.0 0.0
vn 0.0 1.0 0.0
vn 0.0 1.0 -0.0
vn 0.0 1.0 0.0
vn 0.0 1.0 0.0
vn 0.0 1.0 -0.0
vn 0.0 1.0 -0.0
vn 0.0 1.0 0.0
vn 0.0 1.0 0.0
vn 0.0 1.0 0.0
vn 0.0 1.0 0.0
vn 0.0 1.0 0.0
vn 0.0 1.0 0.0
vn 0.0 1.0 0.0
vn 0.0 1.0 0.0
vn 0.0 1.0 0.0
vn 0.0 1.0 0.0
vn 0.0 1.0 0.0
vn 0.0 1.0 -0.0
vn 0.0 1.0 0.0
vn 0.0 1.0 0.0
vn 0.0 1.0 -0.0
vn 0.0 1.0 0.0
vn 0.0 1.0 0.0
vn 0.0 1.0 -0.0
vn 0.0 1.0 -0.0
vn 0.0 1.0 0.0
vn 0.0 1.0 -0.0
vn 0.0 1.0 -0.0
vn 0.0 1.0 0.0
vn 0.0 1.0 0.0
vn 0.0 1.0 -0.0
vn 0.0 1.0 0.0
vn 0.0 1.0 -0.0
vn 0.0 1.0 -0.0
vn 0.0 1.0 0.0
vn 0.0 1.0 0.0
vn 0.0 1.0 -0.0
vn 0.0 1.0 0.0
vn 0.0 1.0 0.0
vn 0.0 1.0 -0.0
vn 0.0 1.0 -0.0
vn 0.0 1.0 0.0
vn 0.0 1.0 -0.0
vn 0.0 1.0 -0.0
vn 0.0 1.0 0.0
vn 0.0 1.0 0.0
vn 0.0 1.0 -0.0
vn 0.0 1.0 0.0
vn 0.0 1.0 -0.0
vn 0.0 1.0 -0.0
vn 0.0 1.0 0.0
vn 0.0 1.0 0.0
vn 0.0 1.0 -0.0
vn 0.0 1.0 0.0
vn 0.0 1.0 0.0
vn 0.0 1.0 -0.0
vn 0.0 1.0 0.0
vn 0.0 -1.0 0.0
vn 0.0 -1.0 0.0
vn 0.0 -1.0 0.0
vn 0.0 -1.0 0.0
vn 0.0 -1.0 0.0
vn 0.0 -1.0 0.0
vn 0.0 -1.0 0.0
vn 0.0 -1.0 0.0
vn 0.0 -1.0 0.0
vn 0.0 -1.0 0.0
vn 0.0 -1.0 0.0
vn 0.0 -1.0 0.0
vn 0.0 -1.0 0.0
vn 0.0 -1.0 0.0
vn 0.0 -1.0 0.0
vn 0.0 -1.0 0.0
vn 0.0 -1.0 -0.0
vn 0.0 -1.0 -0.0
vn 0.0 -1.0 0.0
vn 0.0 -1.0 0.0
vn 0.0 -1.0 -0.0
vn 0.0 -1.0 -0.0
vn 0.0 -1.0 0.0
vn 0.0 -1.0 0.0
vn 0.0 -1.0 -0.0
vn 0.0 -1.0 0.0
vn 0.0 -1.0 0.0
vn 0.0 -1.0 -0.0
vn 0.0 -1.0 -0.0
vn 0.0 -1.0 0.0
vn 0.0 -1.0 -0.0
vn 0.0 -1.0 0.0
vn 0.0 -1.0 -0.0
vn 0.0 -1.0 0.0
vn 0.0 -1.0 -0.0
vn 0.0 -1.0 0.0
vn 0.0 -1.0 -0.0
vn 0.0 -1.0 0.0
vn 0.0 -1.0 0.0
vn 0.0 -1.0 0.0
vn 0.0 -1.0 0.0
vn 0.0 -1.0 0.0
vn 0.0 -1.0 0.0
vn 0.0 -1.0 0.0
vn 0.0 -1.0 0.0
vn 0.0 -1.0 0.0
vn 0.0 -1.0 0.0
vn 0.0 -1.0 0.0
vn 0.0 -1.0 0.0
vn 0.0 -1.0 0.0
vn 0.0 -1.0 0.0
vn 0.0 -1.0 0.0
vn 0.0 -1.0 0.0
vn 0.0 -1.0 0.0
vn 0.0 -1.0 0.0
vn 0.0 -1.0 0.0
vn 0.0 -1.0 0.0
vn 0.0 -1.0 0.0
vn 0.0 -1.0 0.0
vn 0.0 -1.0 0.0
vn 0.0 -1.0 0.0
vn 0.0 -1.0 0.0
vn 0.0 -1.0 0.0
vn 0.0 -1.0 0.0
vn 0.0 -1.0 0.0
vn 0.0 -1.0 0.0
vn 0.0 -1.0 0.0
vn 0.0 -1.0 0.0
vn 0.0 -1.0 0.0
vn 0.0 -1.0 0.0
vn 0.0 -1.0 0.0
vn 0.0 -1.0 0.0
vn 0.0 -1.0 0.0
vn 0.0 -1.0 0.0
vn 0.0 -1.0 0.0
vn 0.0 -1.0 0.0
vn 0.0 -1.0 0.0
vn 0.0 -1.0 0.0
vn 0.0 -1.0 -0.0
vn 0.0 -1.0 0.0
vn 0.0 -1.0 0.0
vn 0.0 -1.0 0.0
vn 0.0 -1.0 0.0
vn 0.0 -1.0 0.0
vn 0.0 -1.0 0.0
vn 0.0 -1.0 0.0
vn 0.0 -1.0 0.0
vn 0.0 -1.0 0.0
vn 0.0 -1.0 0.0
vn 0.0 -1.0 0.0
vn 0.0 -1.0 0.0
vn 0.0 -1.0 0.0
vn 0.0 -1.0 0.0
vn 0.0 -1.0 0.0
vn 0.0 -1.0 0.0
vn 0.0 -1.0 0.0
vn 0.0 -1.0 -0.0
vn 0.0 -1.0 0.0
vn 0.0 -1.0 0.0
vn 0.0 -1.0 0.0
vn 0.0 -1.0 0.0
vn 0.0 -1.0 0.0
vn 0.0 -1.0 0.0
vn 0.0 -1.0 0.0
vn 0.0 -1.0 0.0
vn 0.0 -1.0 -0.0
vn 0.0 -1.0 0.0
vn 0.0 -1.0 0.0
vn 0.0 -1.0 0.0
vn 0.0 -1.0 -0.0
vn 0.0 -1.0 0.0
vn 0.0 -1.0 0.0
vn 0.0 -1.0 0.0
vn 0.0 -1.0 0.0
vn 0.0 -1.0 -0.0
vn 0.0 -1.0 0.0
vn 0.0 -1.0 0.0
vn 0.0 -1.0 0.0
vn 0.0 -1.0 -0.0
vn 0.0 -1.0 -0.0
vn 0.0 -1.0 -0.0
vn -0.0 -1.0 0.0
vn 0.0 -1.0 -0.0
vn 0.0 -1.0 -0.0
vn 0.0 -1.0 -0.0
vn 0.0 -1.0 -0.0
vn 0.0 -1.0 -0.0
vn 0.0 -1.0 -0.0
vn 0.0 -1.0 -0.0
vn 0.0 -1.0 -0.0
vn 0.0 -1.0 0.0
vn 0.0 -1.0 -0.0
vn 0.0 -1.0 0.0
vn 0.0 -1.0 -0.0
vn 0.0 -1.0 0.0
vn 0.0 -1.0 0.0
vn 0.0 -1.0 -0.0
vn 0.0 -1.0 -0.0
vn 0.0 -1.0 0.0
vn 0.0 -1.0 0.0
vn 0.0 -1.0 -0.0
vn 0.0 -1.0 0.0
vn 0.0 -1.0 0.0
vn 0.0 -1.0 0.0
vn 0.0 -1.0 -0.0
vn 0.0 -1.0 0.0
vn 0.0 -1.0 -0.0
vn 0.0 -1.0 0.0
vn 0.0 -1.0 -0.0
vn 0.0 -1.0 -0.0
vn 0.0 -1.0 -0.0
vn 0.0 -1.0 -0.0
vn 0.0 -1.0 -0.0
vn 0.0 -1.0 -0.0
vn 0.0 -1.0 -0.0
vn 0.0 -1.0 -0.0
vn 0.0 -1.0 0.0
vn 0.0 -1.0 0.0
vn 0.0 -1.0 0.0
vn 0.0 -1.0 0.0
vn 0.0 -1.0 0.0
vn 0.0 -1.0 0.0
vn 0.0 -1.0 0.0
vn 0.0 -1.0 0.0
vn 0.0 -1.0 0.0
vn 0.0 -1.0 -0.0
vn 0.0 -1.0 -0.0
vn 0.0 -1.0 -0.0
vn 0.0 -1.0 0.0
vn 0.0 -1.0 -0.0
vn 0.0 -1.0 0.0
vn 0.0 -1.0 0.0
vn -0.936909 0.0 0.349573
vn -0.905672 0.0 0.423978
vn -0.936909 0.0 0.349573
vn -0.868777 0.0 0.495203
vn -0.905672 0.0 0.423978
vn -0.826088 0.0 0.563541
vn -0.868777 0.0 0.495203
vn -0.826088 0.0 0.563541
vn -0.777867 0.0 0.628429
vn -0.777867 0.0 0.628429
vn -0.72501 0.0 0.688739
vn -0.72501 0.0 0.688739
vn -0.667019 0.0 0.74504
vn -0.604824 0.0 0.796359
vn -0.667019 0.0 0.74504
vn -0.539145 0.0 0.842213
vn -0.604824 0.0 0.796359
vn -0.469644 0.0 0.882856
vn -0.539145 0.0 0.842213
vn -0.396248 0.0 0.918143
vn -0.469644 0.0 0.882856
vn -0.321755 0.0 0.946823
vn -0.396248 0.0 0.918143
vn -0.244924 0.0 0.969542
vn -0.321755 0.0 0.946823
vn -0.165726 0.0 0.986172
vn -0.244924 0.0 0.969542
vn -0.085696 0.0 0.996321
vn -0.165726 0.0 0.986172
vn -0.005659 0.0 0.999984
vn -0.085696 0.0 0.996321
vn 0.075186 -0.0 0.99717
vn -0.005659 0.0 0.999984
vn 0.155215 -0.0 0.987881
vn 0.075186 0.0 0.99717
vn 0.23442 -0.0 0.972135
vn 0.155215 0.0 0.987881
vn 0.311281 -0.0 0.950318
vn 0.23442 0.0 0.972135
vn 0.387208 -0.0 0.921993
vn 0.311281 0.0 0.950318
vn 0.460002 -0.0 0.887918
vn 0.387208 0.0 0.921993
vn 0.530217 -0.0 0.847862
vn 0.460002 0.0 0.887918
vn 0.59603 -0.0 0.802962
vn 0.530217 0.0 0.847862
vn 0.659434 -0.0 0.751763
vn 0.59603 0.0 0.802962
vn 0.717292 -0.0 0.696772
vn 0.659434 0.0 0.751763
vn 0.771219 -0.0 0.636569
vn 0.717292 0.0 0.696772
vn 0.819868 -0.0 0.572553
vn 0.771219 0.0 0.636569
vn 0.863361 -0.0 0.504587
vn 0.819868 0.0 0.572553
vn 0.901192 -0.0 0.433421
vn 0.863361 0.0 0.504587
vn 0.933084 -0.0 0.35966
vn 0.901192 0.0 0.433421
vn 0.933084 0.0 0.35966
vn 0.958998 -0.0 0.283414
vn 0.958998 0.0 0.283414
vn 0.978724 -0.0 0.205181
vn 0.978724 0.0 0.205181
vn 0.992046 -0.0 0.125875
vn 0.992046 0.0 0.125875
vn 0.998959 -0.0 0.045614
vn 0.998959 0.0 0.045614
vn 0.99939 0.0 -0.03492
vn 0.99939 0.0 -0.03492
vn 0.993339 0.0 -0.115226
vn 0.993339 0.0 -0.115226
vn 0.980838 0.0 -0.194823
vn 0.980838 0.0 -0.194823
vn 0.962003 0.0 -0.273039
vn 0.962003 0.0 -0.273039
vn 0.936893 0.0 -0.349617
vn 0.936893 0.0 -0.349617
vn 0.905692 0.0 -0.423937
vn 0.905692 0.0 -0.423937
vn 0.868777 0.0 -0.495203
vn 0.868777 0.0 -0.495203
vn 0.826065 0.0 -0.563575
vn 0.826065 0.0 -0.563575
vn 0.777867 0.0 -0.628429
vn 0.777867 0.0 -0.628429
vn 0.725035 0.0 -0.688712
vn 0.725035 0.0 -0.688712
vn 0.667019 0.0 -0.74504
vn 0.667019 0.0 -0.74504
vn 0.604824 0.0 -0.796359
vn 0.604824 0.0 -0.796359
vn 0.539145 0.0 -0.842213
vn 0.539145 0.0 -0.842213
vn 0.469644 0.0 -0.882856
vn 0.469644 0.0 -0.882856
vn 0.39693 0.0 -0.917849
vn 0.39693 0.0 -0.917849
vn 0.321755 0.0 -0.946823
vn 0.321755 0.0 -0.946823
vn 0.244164 0.0 -0.969734
vn 0.244164 0.0 -0.969734
vn 0.165726 0.0 -0.986172
vn 0.165726 0.0 -0.986172
vn 0.085692 0.0 -0.996322
vn 0.085692 0.0 -0.996322
vn 0.005659 0.0 -0.999984
vn 0.005659 0.0 -0.999984
vn -0.075182 0.0 -0.99717
vn -0.075182 -0.0 -0.99717
vn -0.155223 0.0 -0.987879
vn -0.155223 -0.0 -0.987879
vn -0.23442 0.0 -0.972135
vn -0.23442 -0.0 -0.972135
vn -0.311281 0.0 -0.950318
vn -0.311281 -0.0 -0.950318
vn -0.387208 0.0 -0.921993
vn -0.387208 -0.0 -0.921993
vn -0.459981 0.0 -0.887929
vn -0.459981 -0.0 -0.887929
vn -0.529635 0.0 -0.848225
vn -0.529635 -0.0 -0.848225
vn -0.596575 0.0 -0.802557
vn -0.596575 -0.0 -0.802557
vn -0.659434 0.0 -0.751763
vn -0.659434 -0.0 -0.751763
vn -0.717292 0.0 -0.696772
vn -0.717292 -0.0 -0.696772
vn -0.771219 0.0 -0.636569
vn -0.771219 -0.0 -0.636569
vn -0.819868 0.0 -0.572553
vn -0.819868 -0.0 -0.572553
vn -0.863361 0.0 -0.504587
vn -0.863361 -0.0 -0.504587
vn -0.901192 -0.0 -0.433421
vn -0.901192 0.0 -0.433421
vn -0.933084 -0.0 -0.35966
vn -0.933084 0.0 -0.35966
vn -0.958998 -0.0 -0.283414
vn -0.958998 0.0 -0.283414
vn -0.978714 -0.0 -0.205229
vn -0.978714 0.0 -0.205229
vn -0.992046 -0.0 -0.125875
vn -0.992046 0.0 -0.125875
vn -0.998961 -0.0 -0.045563
vn -0.998961 0.0 -0.045563
vn -0.99939 0.0 0.03492
vn -0.99939 0.0 0.03492
vn -0.993345 0.0 0.115176
vn -0.993345 0.0 0.115176
vn -0.980838 0.0 0.194823
vn -0.980838 0.0 0.194823
vn -0.96199 0.0 0.273086
vn -0.96199 0.0 0.273086
vn 0.194735 0.0 -0.980856
vn 0.194735 0.0 -0.980856
vn 0.159767 0.0 -0.987155
vn 0.159767 0.0 -0.987155
vn 0.125153 0.0 -0.992137
vn 0.125153 0.0 -0.992137
vn 0.08982 0.0 -0.995958
vn 0.08982 0.0 -0.995958
vn 0.05448 0.0 -0.998515
vn 0.05448 0.0 -0.998515
vn 0.019142 0.0 -0.999817
vn 0.019142 0.0 -0.999817
vn -0.016197 0.0 -0.999869
vn -0.016197 -0.0 -0.999869
vn -0.051536 0.0 -0.998671
vn -0.051536 -0.0 -0.998671
vn -0.086874 0.0 -0.996219
vn -0.086874 -0.0 -0.996219
vn -0.121846 0.0 -0.992549
vn -0.121846 -0.0 -0.992549
vn -0.157183 0.0 -0.98757
vn -0.157183 -0.0 -0.98757
vn -0.191787 0.0 -0.981437
vn -0.191787 -0.0 -0.981437
vn -0.226392 0.0 -0.974036
vn -0.226392 -0.0 -0.974036
vn -0.260634 0.0 -0.965438
vn -0.260634 -0.0 -0.965438
vn -0.294842 0.0 -0.955546
vn -0.294842 -0.0 -0.955546
vn -0.311584 0.0 -0.950219
vn -0.311584 0.0 -0.950219
vn -0.26781 0.0 -0.963472
vn -0.176693 0.0 -0.984266
vn -0.26781 0.0 -0.963472
vn -0.086457 0.0 -0.996256
vn -0.176693 0.0 -0.984266
vn 0.006578 0.0 -0.999978
vn -0.086457 0.0 -0.996256
vn 0.098684 0.0 -0.995119
vn 0.006578 0.0 -0.999978
vn 0.190749 0.0 -0.981639
vn 0.098684 0.0 -0.995119
vn 0.280054 0.0 -0.959984
vn 0.190749 0.0 -0.981639
vn 0.280054 0.0 -0.959984
vn 0.366625 0.0 -0.930369
vn 0.366625 0.0 -0.930369
vn 0.451952 0.0 -0.892042
vn 0.451952 0.0 -0.892042
vn 0.531914 0.0 -0.846798
vn 0.531914 0.0 -0.846798
vn 0.607967 0.0 -0.793963
vn 0.607967 0.0 -0.793963
vn 0.678534 0.0 -0.734569
vn 0.678534 0.0 -0.734569
vn 0.743393 0.0 -0.668854
vn 0.801829 0.0 -0.597553
vn 0.743393 0.0 -0.668854
vn 0.853549 0.0 -0.521013
vn 0.801829 0.0 -0.597553
vn 0.89813 0.0 -0.439729
vn 0.853549 0.0 -0.521013
vn 0.934854 0.0 -0.355033
vn 0.89813 0.0 -0.439729
vn 0.963572 0.0 -0.26745
vn 0.934854 0.0 -0.355033
vn 0.984146 0.0 -0.17736
vn 0.963572 0.0 -0.26745
vn 0.996315 0.0 -0.085768
vn 0.984146 0.0 -0.17736
vn 0.999979 -0.0 0.00652
vn 0.996315 0.0 -0.085768
vn 0.995115 -0.0 0.098724
vn 0.999979 -0.0 0.00652
vn 0.981759 -0.0 0.190128
vn 0.995115 -0.0 0.098724
vn 0.960053 -0.0 0.27982
vn 0.981759 -0.0 0.190128
vn 0.930001 -0.0 0.367557
vn 0.960053 -0.0 0.27982
vn 0.892351 -0.0 0.451342
vn 0.930001 -0.0 0.367557
vn 0.846755 -0.0 0.531983
vn 0.892351 -0.0 0.451342
vn 0.794098 -0.0 0.60779
vn 0.846755 -0.0 0.531983
vn 0.734299 -0.0 0.678827
vn 0.794098 -0.0 0.60779
vn 0.669017 -0.0 0.743247
vn 0.734299 -0.0 0.678827
vn 0.597601 -0.0 0.801793
vn 0.669017 -0.0 0.743247
vn 0.520685 -0.0 0.853749
vn 0.597601 -0.0 0.801793
vn 0.439844 -0.0 0.898074
vn 0.520685 -0.0 0.853749
vn 0.355233 -0.0 0.934778
vn 0.439844 -0.0 0.898074
vn 0.355233 -0.0 0.934778
vn 0.311583 -0.0 0.950219
vn 0.311583 -0.0 0.950219
vn 0.328356 0.0 0.944554
vn 0.328356 0.0 0.944554
vn 0.361492 0.0 0.932375
vn 0.361492 0.0 0.932375
vn 0.394261 0.0 0.918999
vn 0.394261 0.0 0.918999
vn 0.426621 0.0 0.90443
vn 0.426621 0.0 0.90443
vn 0.458296 0.0 0.8888
vn 0.458296 0.0 0.8888
vn 0.489265 0.0 0.872135
vn 0.489265 0.0 0.872135
vn 0.520087 0.0 0.854113
vn 0.549924 -0.0 0.835215
vn 0.520087 0.0 0.854113
vn 0.57904 -0.0 0.815299
vn 0.549924 0.0 0.835215
vn 0.607429 -0.0 0.794374
vn 0.57904 0.0 0.815299
vn 0.635078 -0.0 0.772448
vn 0.607429 0.0 0.794374
vn 0.662191 -0.0 0.749335
vn 0.635078 0.0 0.772448
vn 0.68831 -0.0 0.725417
vn 0.662191 0.0 0.749335
vn 0.713417 -0.0 0.70074
vn 0.68831 0.0 0.725417
vn 0.73775 -0.0 0.675074
vn 0.713417 0.0 0.70074
vn 0.73775 0.0 0.675074
vn 0.728585 0.0 0.684955
vn 0.728585 -0.0 0.684955
vn 0.683984 0.0 0.729497
vn 0.683984 -0.0 0.729497
vn 0.637109 0.0 0.770774
vn 0.637109 -0.0 0.770774
vn 0.587375 0.0 0.809315
vn 0.587375 -0.0 0.809315
vn 0.535621 0.0 0.844459
vn 0.535621 -0.0 0.844459
vn 0.481463 -0.0 0.876467
vn 0.481463 0.0 0.876467
vn 0.425962 -0.0 0.904741
vn 0.425962 0.0 0.904741
vn 0.3681 -0.0 0.929786
vn 0.3681 0.0 0.929786
vn 0.308943 -0.0 0.951081
vn 0.308943 0.0 0.951081
vn 0.249115 -0.0 0.968474
vn 0.249115 0.0 0.968474
vn 0.187477 -0.0 0.982269
vn 0.187477 0.0 0.982269
vn 0.125812 -0.0 0.992054
vn 0.125812 0.0 0.992054
vn 0.063527 -0.0 0.99798
vn 0.063527 0.0 0.99798
vn 0.000623 -0.0 1.0
vn 0.000623 0.0 1.0
vn -0.062281 0.0 0.998059
vn -0.062281 0.0 0.998059
vn -0.124562 0.0 0.992212
vn -0.124562 0.0 0.992212
vn -0.186232 0.0 0.982506
vn -0.186232 0.0 0.982506
vn -0.247871 0.0 0.968793
vn -0.247871 0.0 0.968793
vn -0.307701 0.0 0.951483
vn -0.307701 0.0 0.951483
vn -0.366863 0.0 0.930275
vn -0.366863 0.0 0.930275
vn -0.424732 0.0 0.905319
vn -0.424732 0.0 0.905319
vn -0.480259 0.0 0.877127
vn -0.480259 0.0 0.877127
vn -0.534415 0.0 0.845222
vn -0.534415 0.0 0.845222
vn -0.586615 0.0 0.809866
vn -0.586615 0.0 0.809866
vn -0.635947 0.0 0.771732
vn -0.635947 0.0 0.771732
vn -0.683225 0.0 0.730208
vn -0.683225 0.0 0.730208
vn -0.727533 0.0 0.686072
vn -0.727533 0.0 0.686072
vn -0.76919 0.0 0.63902
vn -0.76919 0.0 0.63902
vn -0.807742 0.0 0.589536
vn -0.807742 0.0 0.589536
vn -0.843171 0.0 0.537646
vn -0.843171 0.0 0.537646
vn -0.875129 0.0 0.48389
vn -0.875129 0.0 0.48389
vn -0.903754 0.0 0.428053
vn -0.903754 0.0 0.428053
vn -0.928791 0.0 0.370605
vn -0.928791 0.0 0.370605
vn -0.950232 0.0 0.311542
vn -0.950232 0.0 0.311542
vn -0.967885 0.0 0.251392
vn -0.967885 0.0 0.251392
vn -0.981726 0.0 0.190303
vn -0.981726 0.0 0.190303
vn -0.991742 0.0 0.128248
vn -0.991742 0.0 0.128248
vn -0.997826 0.0 0.065907
vn -0.997826 0.0 0.065907
vn -0.999995 0.0 0.003232
vn -0.999995 0.0 0.003232
vn -0.99823 0.0 -0.05947
vn -0.99823 0.0 -0.05947
vn -0.992544 0.0 -0.121889
vn -0.992544 0.0 -0.121889
vn -0.982943 0.0 -0.183912
vn -0.982943 0.0 -0.183912
vn -0.969451 0.0 -0.245283
vn -0.969451 0.0 -0.245283
vn -0.952215 0.0 -0.30543
vn -0.952215 0.0 -0.30543
vn -0.93119 0.0 -0.364534
vn -0.93119 0.0 -0.364534
vn -0.906548 0.0 -0.422103
vn -0.906548 0.0 -0.422103
vn -0.878246 0.0 -0.478208
vn -0.878246 0.0 -0.478208
vn -0.846508 0.0 -0.532376
vn -0.846508 0.0 -0.532376
vn -0.811526 0.0 -0.584316
vn -0.811526 0.0 -0.584316
vn -0.773383 0.0 -0.633939
vn -0.773383 0.0 -0.633939
vn -0.731922 0.0 -0.681388
vn -0.731922 0.0 -0.681388
vn -0.687732 0.0 -0.725965
vn -0.687732 0.0 -0.725965
vn -0.641313 0.0 -0.76728
vn -0.641313 0.0 -0.76728
vn -0.591261 0.0 -0.806481
vn -0.591261 0.0 -0.806481
vn -0.539972 0.0 -0.841683
vn -0.539972 0.0 -0.841683
vn -0.48635 0.0 -0.873764
vn -0.48635 0.0 -0.873764
vn -0.430381 0.0 -0.902647
vn -0.430381 0.0 -0.902647
vn -0.373054 0.0 -0.927809
vn -0.373054 0.0 -0.927809
vn -0.313915 0.0 -0.949451
vn -0.313915 0.0 -0.949451
vn -0.254104 0.0 -0.967177
vn -0.254104 0.0 -0.967177
vn -0.192461 0.0 -0.981304
vn -0.192461 0.0 -0.981304
vn -0.130797 0.0 -0.991409
vn -0.130797 0.0 -0.991409
vn -0.068511 0.0 -0.99765
vn -0.068511 0.0 -0.99765
vn -0.006228 0.0 -0.999981
vn -0.006228 0.0 -0.999981
vn 0.057298 0.0 -0.998357
vn 0.057298 0.0 -0.998357
vn 0.118964 0.0 -0.992899
vn 0.118964 0.0 -0.992899
vn 0.181851 0.0 -0.983326
vn 0.181851 0.0 -0.983326
vn -0.927675 0.0 0.373389
vn -0.927675 0.0 0.373389
vn -0.871319 0.0 0.490717
vn -0.871319 0.0 0.490717
vn -0.799464 0.0 0.600714
vn -0.799464 0.0 0.600714
vn -0.714868 0.0 0.69926
vn -0.714868 0.0 0.69926
vn -0.616665 0.0 0.787226
vn -0.616665 0.0 0.787226
vn -0.509275 0.0 0.860604
vn -0.509275 0.0 0.860604
vn -0.391431 0.0 0.920207
vn -0.391431 0.0 0.920207
vn -0.269095 0.0 0.963114
vn -0.269095 0.0 0.963114
vn -0.141409 0.0 0.989951
vn -0.141409 0.0 0.989951
vn -0.009611 0.0 0.999954
vn -0.009611 0.0 0.999954
vn 0.11946 0.0 0.992839
vn 0.11946 0.0 0.992839
vn 0.248528 0.0 0.968625
vn 0.248528 0.0 0.968625
vn 0.373431 0.0 0.927658
vn 0.373431 0.0 0.927658
vn 0.491401 0.0 0.870933
vn 0.491401 0.0 0.870933
vn 0.600151 0.0 0.799887
vn 0.600151 0.0 0.799887
vn 0.699994 0.0 0.714149
vn 0.699994 0.0 0.714149
vn 0.786878 0.0 0.617109
vn 0.786878 0.0 0.617109
vn 0.860814 0.0 0.50892
vn 0.860814 0.0 0.50892
vn 0.919867 0.0 0.392231
vn 0.919867 0.0 0.392231
vn 0.963131 0.0 0.269034
vn 0.963131 0.0 0.269034
vn 0.990033 0.0 0.140833
vn 0.990033 0.0 0.140833
vn 0.999946 0.0 0.010373
vn 0.999946 0.0 0.010373
vn 0.992746 0.0 -0.120231
vn 0.992746 0.0 -0.120231
vn 0.968505 0.0 -0.248995
vn 0.968505 0.0 -0.248995
vn 0.927866 0.0 -0.372914
vn 0.870988 0.0 -0.491305
vn 0.927866 0.0 -0.372914
vn 0.799959 0.0 -0.600055
vn 0.870988 0.0 -0.491305
vn 0.714196 0.0 -0.699946
vn 0.799959 0.0 -0.600055
vn 0.617515 0.0 -0.786559
vn 0.714196 0.0 -0.699946
vn 0.508258 0.0 -0.861205
vn 0.617515 0.0 -0.786559
vn 0.392594 0.0 -0.919712
vn 0.508258 0.0 -0.861205
vn 0.269095 0.0 -0.963114
vn 0.392594 0.0 -0.919712
vn 0.140064 0.0 -0.990143
vn 0.269095 0.0 -0.963114
vn 0.010984 0.0 -0.99994
vn 0.140064 0.0 -0.990143
vn -0.120823 0.0 -0.992674
vn 0.010984 0.0 -0.99994
vn -0.248528 0.0 -0.968625
vn -0.120823 0.0 -0.992674
vn -0.248528 0.0 -0.968625
vn -0.373402 0.0 -0.92767
vn -0.373402 0.0 -0.92767
vn -0.490359 0.0 -0.87152
vn -0.490359 0.0 -0.87152
vn -0.601029 0.0 -0.799227
vn -0.601029 0.0 -0.799227
vn -0.699293 0.0 -0.714835
vn -0.699293 0.0 -0.714835
vn -0.786878 0.0 -0.617109
vn -0.860814 0.0 -0.50892
vn -0.786878 0.0 -0.617109
vn -0.919867 0.0 -0.392231
vn -0.860814 0.0 -0.50892
vn -0.963252 0.0 -0.268599
vn -0.919867 0.0 -0.392231
vn -0.990033 0.0 -0.140833
vn -0.963252 0.0 -0.268599
vn -0.999946 0.0 -0.010387
vn -0.990033 0.0 -0.140833
vn -0.992746 0.0 0.120231
vn -0.999946 0.0 -0.010387
vn -0.96861 0.0 0.248584
vn -0.992746 0.0 0.120231
vn -0.96861 0.0 0.248584
vn 0.0 1.0 -0.0
vn 0.0 1.0 -0.0
vn 0.0 1.0 -0.0
vn 0.0 1.0 0.0
vn 0.0 1.0 -0.0
vn 0.0 1.0 -0.0
vn -0.0 1.0 0.0
vn 0.0 1.0 -0.0
vn 0.0 1.0 0.0
vn 0.0 1.0 -0.0
vn -0.0 1.0 0.0
vn 0.0 1.0 0.0
vn 0.0 1.0 -0.0
vn 0.0 1.0 -0.0
vn -0.0 1.0 0.0
vn 0.0 1.0 0.0
vn -0.0 1.0 0.0
vn 0.0 1.0 0.0
vn -0.0 1.0 0.0
vn 0.0 1.0 -0.0
vn 0.0 1.0 -0.0
vn -0.0 1.0 0.0
vn 0.0 1.0 0.0
vn -0.0 1.0 0.0
vn 0.0 1.0 -0.0
vn -0.0 1.0 0.0
vn 0.0 1.0 0.0
vn -0.0 1.0 0.0
vn 0.0 1.0 -0.0
vn 0.0 1.0 -0.0
vn 0.0 1.0 0.0
vn -0.0 1.0 0.0
vn 0.0 1.0 -0.0
vn 0.0 1.0 0.0
vn 0.0 1.0 0.0
vn 0.0 1.0 -0.0
vn -0.0 1.0 0.0
vn 0.0 1.0 -0.0
vn 0.0 1.0 0.0
vn 0.0 1.0 -0.0
vn 0.0 1.0 0.0
vn 0.0 1.0 -0.0
vn 0.0 1.0 0.0
vn 0.0 1.0 0.0
vn 0.0 1.0 -0.0
vn 0.0 1.0 0.0
vn 0.0 1.0 -0.0
vn 0.0 1.0 0.0
vn 0.0 1.0 0.0
vn 0.0 1.0 0.0
vn 0.0 1.0 0.0
vn 0.0 1.0 0.0
vn 0.0 1.0 -0.0
vn 0.0 1.0 0.0
vn 0.0 1.0 0.0
vn 0.0 1.0 0.0
vn -0.0 1.0 0.0
vn 0.0 1.0 0.0
vn -0.0 1.0 0.0
vn 0.0 1.0 0.0
vn 0.0 1.0 0.0
vn -0.0 1.0 0.0
vn 0.0 1.0 0.0
vn 0.0 1.0 0.0
vn 0.0 1.0 -0.0
vn -0.0 1.0 0.0
vn 0.0 1.0 0.0
vn 0.0 1.0 0.0
vn 0.0 1.0 0.0
vn -0.0 1.0 0.0
vn 0.0 1.0 0.0
vn -0.0 1.0 0.0
vn -0.0 1.0 0.0
vn -0.0 1.0 0.0
vn 0.0 1.0 0.0
vn 0.0 1.0 0.0
vn 0.0 1.0 0.0
vn 0.0 1.0 -0.0
vn 0.0 1.0 -0.0
vn 0.0 1.0 -0.0
vn 0.0 1.0 -0.0
vn 0.0 1.0 -0.0
vn 0.0 1.0 -0.0
vn 0.0 1.0 -0.0
vn 0.0 1.0 0.0
vn 0.0 1.0 -0.0
vn 0.0 1.0 -0.0
vn 0.0 1.0 0.0
vn -0.0 1.0 0.0
vn 0.0 1.0 0.0
vn -0.0 1.0 0.0
vn 0.0 1.0 0.0
vn -0.0 1.0 0.0
vn 0.0 1.0 0.0
vn -0.0 1.0 0.0
vn 0.0 1.0 0.0
vn -0.0 1.0 0.0
vn 0.0 1.0 0.0
vn 0.0 1.0 -0.0
vn 0.0 1.0 -0.0
vn -0.0 1.0 0.0
vn 0.0 1.0 0.0
vn -0.0 1.0 0.0
vn 0.0 1.0 -0.0
vn 0.0 1.0 0.0
vn 0.0 1.0 -0.0
vn -0.0 1.0 0.0
vn 0.0 1.0 -0.0
vn 0.0 1.0 0.0
vn -0.0 1.0 0.0
vn 0.0 1.0 0.0
vn 0.0 1.0 -0.0
vn 0.0 1.0 -0.0
vn -0.0 1.0 0.0
vn 0.0 1.0 0.0
vn 0.0 1.0 0.0
vn 0.0 1.0 -0.0
vn -0.0 1.0 0.0
vn 0.0 1.0 0.0
vn 0.0 1.0 -0.0
vn -0.0 1.0 0.0
vn -0.0 1.0 0.0
vn -0.0 1.0 0.0
vn -0.0 1.0 0.0
vn 0.0 1.0 0.0
vn -0.0 1.0 -0.0
vn -0.0 1.0 0.0
vn 0.0 1.0 0.0
vn -0.0 1.0 0.0
vn -0.0 1.0 -0.0
vn -0.0 1.0 0.0
vn 0.0 1.0 0.0
vn -0.0 1.0 0.0
vn -0.0 1.0 0.0
vn 0.0 1.0 -0.0
vn 0.0 1.0 0.0
vn -0.0 1.0 0.0
vn -0.0 1.0 0.0
vn 0.0 1.0 0.0
vn 0.0 1.0 0.0
vn -0.0 1.0 0.0
vn 0.0 1.0 0.0
vn 0.0 1.0 0.0
vn 0.0 1.0 0.0
vn 0.0 1.0 0.0
vn -0.0 1.0 0.0
vn 0.0 1.0 0.0
vn 0.0 1.0 0.0
vn -0.0 1.0 0.0
vn -0.0 1.0 0.0
vn 0.0 1.0 0.0
vn 0.0 1.0 0.0
vn 0.0 1.0 0.0
vn -0.0 1.0 0.0
vn 0.0 1.0 -0.0
vn 0.0 1.0 0.0
vn -0.0 1.0 0.0
vn 0.0 1.0 0.0
vn -0.0 1.0 0.0
vn 0.0 1.0 0.0
vn -0.0 1.0 0.0
vn 0.0 1.0 -0.0
vn 0.0 1.0 0.0
vn -0.0 1.0 0.0
vn -0.0 1.0 0.0
vn -0.0 1.0 0.0
vn 0.0 1.0 0.0
vn 0.0 1.0 0.0
vn -0.0 1.0 0.0
vn 0.0 1.0 -0.0
vn 0.0 1.0 0.0
vn 0.0 1.0 -0.0
vn 0.0 1.0 0.0
vn -0.0 1.0 0.0
vn 0.0 1.0 0.0
vn 0.0 1.0 -0.0
vn 0.0 1.0 -0.0
vn 0.0 1.0 0.0
vn 0.0 1.0 0.0
vn -0.0 1.0 0.0
vn -0.0 1.0 0.0
vn 0.0 1.0 -0.0
vn 0.0 1.0 0.0
vn 0.0 1.0 -0.0
vn 0.0 1.0 0.0
vn 0.0 1.0 0.0
vn -0.0 1.0 0.0
vn 0.0 1.0 -0.0
vn 0.0 1.0 0.0
vn 0.0 1.0 0.0
vn -0.0 1.0 0.0
vn 0.0 1.0 -0.0
vn 0.0 1.0 0.0
vn -0.0 1.0 0.0
vn 0.0 1.0 0.0
vn 0.0 1.0 -0.0
vn 0.0 1.0 0.0
vn -0.0 1.0 0.0
vn 0.0 1.0 -0.0
vn 0.0 1.0 0.0
vn 0.0 1.0 0.0
vn 0.0 1.0 -0.0
vn 0.0 1.0 0.0
vn 0.0 1.0 0.0
vn -0.0 1.0 0.0
vn -0.0 1.0 0.0
vn 0.0 1.0 0.0
vn -0.0 1.0 0.0
vn -0.0 1.0 0.0
vn 0.0 1.0 -0.0
vn 0.0 1.0 0.0
vn -0.0 1.0 0.0
vn -0.0 1.0 0.0
vn 0.0 1.0 -0.0
vn 0.0 1.0 0.0
vn -0.0 1.0 0.0
vn 0.0 1.0 -0.0
vn -0.0 1.0 0.0
vn 0.0 1.0 0.0
vn 0.0 1.0 -0.0
vn -0.0 1.0 0.0
vn 0.0 1.0 0.0
vn -0.0 1.0 0.0
vn -0.0 1.0 0.0
vn 0.0 1.0 0.0
vn -0.0 1.0 0.0
vn 0.0 1.0 -0.0
vn -0.0 1.0 0.0
vn 0.0 1.0 0.0
vn -0.0 1.0 0.0
vn -0.0 1.0 0.0
vn 0.0 1.0 -0.0
vn 0.0 1.0 0.0
vn 0.0 1.0 -0.0
vn -0.0 1.0 0.0
vn 0.0 1.0 -0.0
vn 0.0 1.0 -0.0
vn -0.0 1.0 0.0
vn 0.0 1.0 0.0
vn 0.0 1.0 -0.0
vn 0.0 1.0 -0.0
vn -0.0 1.0 0.0
vn 0.0 1.0 0.0
vn 0.0 1.0 -0.0
vn 0.0 1.0 -0.0
vn -0.0 1.0 0.0
vn 0.0 1.0 0.0
vn 0.0 1.0 -0.0
vn 0.0 1.0 -0.0
vn -0.0 1.0 0.0
vn 0.0 1.0 0.0
vn 0.0 1.0 -0.0
vn -0.0 1.0 0.0
vn 0.0 1.0 0.0
vn 0.0 1.0 -0.0
vn -0.0 1.0 0.0
vn 0.0 1.0 0.0
vn 0.0 1.0 -0.0
vn 0.0 1.0 -0.0
vn 0.0 1.0 0.0
vn -0.0 1.0 0.0
vn 0.0 -1.0 -0.0
vn 0.0 -1.0 -0.0
vn 0.0 -1.0 -0.0
vn 0.0 -1.0 0.0
vn 0.0 -1.0 -0.0
vn 0.0 -1.0 -0.0
vn 0.0 -1.0 0.0
vn 0.0 -1.0 -0.0
vn 0.0 -1.0 0.0
vn 0.0 -1.0 -0.0
vn 0.0 -1.0 0.0
vn 0.0 -1.0 -0.0
vn 0.0 -1.0 0.0
vn 0.0 -1.0 -0.0
vn 0.0 -1.0 0.0
vn -0.0 -1.0 0.0
vn 0.0 -1.0 -0.0
vn 0.0 -1.0 0.0
vn 0.0 -1.0 0.0
vn 0.0 -1.0 -0.0
vn 0.0 -1.0 -0.0
vn -0.0 -1.0 0.0
vn 0.0 -1.0 -0.0
vn 0.0 -1.0 -0.0
vn 0.0 -1.0 0.0
vn -0.0 -1.0 0.0
vn 0.0 -1.0 -0.0
vn -0.0 -1.0 0.0
vn 0.0 -1.0 0.0
vn 0.0 -1.0 -0.0
vn 0.0 -1.0 -0.0
vn -0.0 -1.0 0.0
vn 0.0 -1.0 0.0
vn 0.0 -1.0 -0.0
vn -0.0 -1.0 0.0
vn -0.0 -1.0 0.0
vn 0.0 -1.0 0.0
vn 0.0 -1.0 -0.0
vn -0.0 -1.0 0.0
vn 0.0 -1.0 0.0
vn 0.0 -1.0 -0.0
vn -0.0 -1.0 0.0
vn 0.0 -1.0 0.0
vn 0.0 -1.0 -0.0
vn -0.0 -1.0 0.0
vn 0.0 -1.0 0.0
vn 0.0 -1.0 -0.0
vn -0.0 -1.0 0.0
vn -0.0 -1.0 0.0
vn -0.0 -1.0 0.0
vn 0.0 -1.0 0.0
vn 0.0 -1.0 -0.0
vn 0.0 -1.0 0.0
vn 0.0 -1.0 0.0
vn 0.0 -1.0 0.0
vn 0.0 -1.0 0.0
vn 0.0 -1.0 0.0
vn 0.0 -1.0 0.0
vn 0.0 -1.0 0.0
vn 0.0 -1.0 0.0
vn 0.0 -1.0 0.0
vn 0.0 -1.0 0.0
vn 0.0 -1.0 0.0
vn 0.0 -1.0 0.0
vn -0.0 -1.0 -0.0
vn 0.0 -1.0 0.0
vn 0.0 -1.0 0.0
vn 0.0 -1.0 -0.0
vn 0.0 -1.0 0.0
vn 0.0 -1.0 -0.0
vn 0.0 -1.0 0.0
vn 0.0 -1.0 -0.0
vn 0.0 -1.0 0.0
vn 0.0 -1.0 -0.0
vn 0.0 -1.0 -0.0
vn 0.0 -1.0 0.0
vn 0.0 -1.0 0.0
vn 0.0 -1.0 -0.0
vn 0.0 -1.0 -0.0
vn 0.0 -1.0 -0.0
vn 0.0 -1.0 -0.0
vn 0.0 -1.0 -0.0
vn 0.0 -1.0 -0.0
vn 0.0 -1.0 -0.0
vn 0.0 -1.0 0.0
vn 0.0 -1.0 0.0
vn 0.0 -1.0 0.0
vn 0.0 -1.0 -0.0
vn 0.0 -1.0 0.0
vn 0.0 -1.0 0.0
vn 0.0 -1.0 -0.0
vn 0.0 -1.0 0.0
vn 0.0 -1.0 -0.0
vn 0.0 -1.0 0.0
vn 0.0 -1.0 -0.0
vn 0.0 -1.0 0.0
vn 0.0 -1.0 -0.0
vn 0.0 -1.0 -0.0
vn 0.0 -1.0 -0.0
vn 0.0 -1.0 0.0
vn 0.0 -1.0 0.0
vn 0.0 -1.0 0.0
vn 0.0 -1.0 -0.0
vn 0.0 -1.0 0.0
vn 0.0 -1.0 -0.0
vn 0.0 -1.0 0.0
vn 0.0 -1.0 -0.0
vn 0.0 -1.0 0.0
vn 0.0 -1.0 0.0
vn 0.0 -1.0 0.0
vn 0.0 -1.0 -0.0
vn 0.0 -1.0 -0.0
vn 0.0 -1.0 0.0
vn 0.0 -1.0 -0.0
vn 0.0 -1.0 0.0
vn 0.0 -1.0 -0.0
vn 0.0 -1.0 0.0
vn 0.0 -1.0 0.0
vn 0.0 -1.0 -0.0
vn 0.0 -1.0 -0.0
vn 0.0 -1.0 -0.0
vn 0.0 -1.0 0.0
vn 0.0 -1.0 -0.0
vn 0.0 -1.0 -0.0
vn 0.0 -1.0 0.0
vn 0.0 -1.0 -0.0
vn 0.0 -1.0 -0.0
vn 0.0 -1.0 -0.0
vn 0.0 -1.0 0.0
vn 0.0 -1.0 -0.0
vn 0.0 -1.0 -0.0
vn 0.0 -1.0 -0.0
vn 0.0 -1.0 0.0
vn 0.0 -1.0 0.0
vn 0.0 -1.0 -0.0
vn 0.0 -1.0 -0.0
vn 0.0 -1.0 -0.0
vn 0.0 -1.0 0.0
vn 0.0 -1.0 0.0
vn 0.0 -1.0 -0.0
vn 0.0 -1.0 -0.0
vn 0.0 -1.0 0.0
vn 0.0 -1.0 -0.0
vn 0.0 -1.0 0.0
vn 0.0 -1.0 -0.0
vn 0.0 -1.0 0.0
vn 0.0 -1.0 -0.0
vn 0.0 -1.0 -0.0
vn 0.0 -1.0 0.0
vn 0.0 -1.0 0.0
vn 0.0 -1.0 -0.0
vn 0.0 -1.0 0.0
vn 0.0 -1.0 0.0
vn 0.0 -1.0 0.0
vn 0.0 -1.0 -0.0
vn 0.0 -1.0 0.0
vn 0.0 -1.0 0.0
vn 0.0 -1.0 0.0
vn 0.0 -1.0 0.0
vn 0.0 -1.0 0.0
vn 0.0 -1.0 0.0
vn 0.0 -1.0 -0.0
vn 0.0 -1.0 0.0
vn 0.0 -1.0 0.0
vn 0.0 -1.0 0.0
vn 0.0 -1.0 0.0
vn 0.0 -1.0 0.0
vn 0.0 -1.0 0.0
vn 0.0 -1.0 0.0
vn 0.0 -1.0 -0.0
vn 0.0 -1.0 0.0
vn 0.0 -1.0 -0.0
vn 0.0 -1.0 0.0
vn 0.0 -1.0 0.0
vn 0.0 -1.0 0.0
vn 0.0 -1.0 -0.0
vn 0.0 -1.0 -0.0
vn -0.0 -1.0 0.0
vn 0.0 -1.0 0.0
vn 0.0 -1.0 0.0
vn 0.0 -1.0 0.0
vn -0.0 -1.0 0.0
vn 0.0 -1.0 -0.0
vn 0.0 -1.0 -0.0
vn -0.0 -1.0 0.0
vn 0.0 -1.0 0.0
vn 0.0 -1.0 0.0
vn 0.0 -1.0 -0.0
vn -0.0 -1.0 0.0
vn 0.0 -1.0 0.0
vn 0.0 -1.0 0.0
vn 0.0 -1.0 -0.0
vn 0.0 -1.0 0.0
vn 0.0 -1.0 0.0
vn -0.0 -1.0 0.0
vn 0.0 -1.0 -0.0
vn 0.0 -1.0 -0.0
vn 0.0 -1.0 0.0
vn -0.0 -1.0 0.0
vn 0.0 -1.0 -0.0
vn 0.0 -1.0 -0.0
vn -0.0 -1.0 0.0
vn 0.0 -1.0 -0.0
vn 0.0 -1.0 0.0
vn 0.0 -1.0 -0.0
vn 0.0 -1.0 -0.0
vn 0.0 -1.0 0.0
vn 0.0 -1.0 -0.0
vn -0.0 -1.0 0.0
vn 0.0 -1.0 -0.0
vn 0.0 -1.0 0.0
vn 0.0 -1.0 -0.0
vn 0.0 -1.0 -0.0
vn -0.0 -1.0 0.0
vn 0.0 -1.0 0.0
vn 0.0 -1.0 -0.0
vn -0.0 -1.0 0.0
vn 0.0 -1.0 -0.0
vn 0.0 -1.0 0.0
vn -0.0 -1.0 0.0
vn 0.0 -1.0 -0.0
vn 0.0 -1.0 0.0
vn 0.0 -1.0 -0.0
vn 0.0 -1.0 -0.0
vn 0.0 -1.0 0.0
vn 0.0 -1.0 -0.0
vn -0.0 -1.0 0.0
vn 0.0 -1.0 -0.0
vn 0.0 -1.0 0.0
vn 0.0 -1.0 -0.0
vn 0.0 -1.0 -0.0
vn 0.0 -1.0 0.0
vn 0.0 -1.0 0.0
vn 0.0 -1.0 -0.0
vn 0.0 -1.0 -0.0
vn 0.0 -1.0 0.0
vn 0.0 -1.0 -0.0
vn 0.0 -1.0 0.0
vn 0.0 -1.0 0.0
vn 0.0 -1.0 -0.0
vn 0.0 -1.0 -0.0
vn 0.0 -1.0 0.0
vn 0.0 -1.0 0.0
vn 0.0 -1.0 -0.0
vn 0.0 -1.0 -0.0
vn 0.0 -1.0 0.0
vn 0.0 -1.0 0.0
vn 0.0 -1.0 -0.0
vn 0.0 -1.0 -0.0
vn 0.0 -1.0 0.0
vn 0.0 -1.0 0.0
vn 0.0 -1.0 -0.0
vn 0.0 -1.0 0.0
vn 0.0 -1.0 0.0
vn 0.0 -1.0 -0.0
vn 0.0 -1.0 0.0
vn 0.0 -1.0 0.0
vn 0.0 -1.0 -0.0
vn 0.0 -1.0 -0.0
vn 0.0 -1.0 0.0
vn 0.0 -1.0 0.0
vn 0.625586 -0.120755 -0.770753
vn 0.625586 -0.120755 -0.770753
vn 0.07611 0.992681 -0.093769
vn 0.076109 0.992681 -0.09377
vn -0.625583 0.12079 0.77075
vn -0.625598 0.120754 0.770744
vn -0.076109 -0.99268 0.09377
vn -0.076109 -0.992681 0.09377
vn 0.776432 -1.2e-05 0.630201
vn 0.776432 -1.2e-05 0.630201
vn -0.776432 1.2e-05 -0.630201
vn -0.776434 -1.7e-05 -0.630199
vn 0.738714 0.0 0.674019
vn 0.738714 0.0 0.674019
vn 0.654743 0.0 0.755852
vn 0.654743 -0.0 0.755852
vn 0.562993 0.0 0.826462
vn 0.562993 -0.0 0.826462
vn 0.463328 0.0 0.886187
vn 0.463328 -0.0 0.886187
vn 0.357825 0.0 0.933789
vn 0.357825 -0.0 0.933789
vn 0.246706 0.0 0.96909
vn 0.246706 -0.0 0.96909
vn 0.13205 0.0 0.991243
vn 0.13205 -0.0 0.991243
vn 0.016217 0.0 0.999869
vn -0.099611 0.0 0.995026
vn 0.016217 -0.0 0.999869
vn -0.099611 0.0 0.995026
vn -0.215413 0.0 0.976523
vn -0.326633 0.0 0.945151
vn -0.215413 0.0 0.976523
vn -0.326633 0.0 0.945151
vn -0.4334 0.0 0.901202
vn -0.4334 0.0 0.901202
vn -0.536159 0.0 0.844117
vn -0.536159 0.0 0.844117
vn -0.630118 0.0 0.776499
vn -0.630118 0.0 0.776499
vn -0.715957 0.0 0.698145
vn -0.79229 0.0 0.610144
vn -0.715957 0.0 0.698145
vn -0.857895 0.0 0.513825
vn -0.79229 0.0 0.610144
vn -0.911634 0.0 0.411003
vn -0.857895 0.0 0.513825
vn -0.953173 0.0 0.302427
vn -0.911634 0.0 0.411003
vn -0.98182 0.0 0.189815
vn -0.953173 0.0 0.302427
vn -0.997227 0.0 0.074416
vn -0.98182 0.0 0.189815
vn -0.999125 -0.0 -0.041823
vn -0.997227 0.0 0.074416
vn -0.999125 0.0 -0.041823
vn -0.987498 0.0 -0.157629
vn -0.962547 -0.0 -0.271115
vn -0.987498 0.0 -0.157629
vn -0.924678 -0.0 -0.38075
vn -0.962547 0.0 -0.271115
vn -0.873918 -0.0 -0.486073
vn -0.924678 0.0 -0.38075
vn -0.811827 -0.0 -0.583898
vn -0.873918 0.0 -0.486073
vn -0.811827 0.0 -0.583898
vn -0.738714 -0.0 -0.674019
vn -0.654743 -0.0 -0.755852
vn -0.738714 0.0 -0.674019
vn -0.562993 -0.0 -0.826462
vn -0.654743 0.0 -0.755852
vn -0.463328 -0.0 -0.886187
vn -0.562993 0.0 -0.826462
vn -0.357825 -0.0 -0.933789
vn -0.463328 0.0 -0.886187
vn -0.246706 -0.0 -0.96909
vn -0.357825 0.0 -0.933789
vn -0.13205 -0.0 -0.991243
vn -0.246706 0.0 -0.96909
vn -0.016216 -0.0 -0.999869
vn -0.13205 0.0 -0.991243
vn 0.099618 0.0 -0.995026
vn -0.016216 0.0 -0.999869
vn 0.215413 0.0 -0.976523
vn 0.099618 0.0 -0.995026
vn 0.215413 0.0 -0.976523
vn 0.326633 0.0 -0.945151
vn 0.326633 0.0 -0.945151
vn 0.4334 0.0 -0.901202
vn 0.4334 0.0 -0.901202
vn 0.536126 0.0 -0.844138
vn 0.536126 0.0 -0.844138
vn 0.630154 0.0 -0.77647
vn 0.715957 0.0 -0.698145
vn 0.630154 0.0 -0.77647
vn 0.715957 0.0 -0.698145
vn 0.79229 0.0 -0.610144
vn 0.79229 0.0 -0.610144
vn 0.857895 0.0 -0.513825
vn 0.911607 0.0 -0.411063
vn 0.857895 0.0 -0.513825
vn 0.911607 0.0 -0.411063
vn 0.953193 0.0 -0.302361
vn 0.953193 0.0 -0.302361
vn 0.98182 0.0 -0.189815
vn 0.98182 0.0 -0.189815
vn 0.997227 0.0 -0.074416
vn 0.999125 0.0 0.041823
vn 0.997227 0.0 -0.074416
vn 0.999125 0.0 0.041823
vn 0.987498 0.0 0.157629
vn 0.962547 0.0 0.271115
vn 0.987498 -0.0 0.157629
vn 0.962547 0.0 0.271115
vn 0.924678 0.0 0.38075
vn 0.924678 -0.0 0.38075
vn 0.873918 0.0 0.486073
vn 0.873918 -0.0 0.486073
vn 0.811827 0.0 0.583898
vn 0.811827 -0.0 0.583898
vn 0.742246 0.0 0.670128
vn 0.742246 0.0 0.670128
vn 0.668457 0.0 0.743751
vn 0.668457 -0.0 0.743751
vn 0.586585 0.0 0.809887
vn 0.586585 -0.0 0.809887
vn 0.499007 0.0 0.866598
vn 0.499007 -0.0 0.866598
vn 0.406138 0.0 0.913812
vn 0.406138 -0.0 0.913812
vn 0.30814 0.0 0.951341
vn 0.30814 -0.0 0.951341
vn 0.206857 0.0 0.978371
vn 0.206857 -0.0 0.978371
vn 0.102367 0.0 0.994747
vn 0.102367 -0.0 0.994747
vn -0.001066 0.0 0.999999
vn -0.001066 0.0 0.999999
vn -0.105566 0.0 0.994412
vn -0.105566 0.0 0.994412
vn -0.208978 0.0 0.97792
vn -0.208978 0.0 0.97792
vn -0.310264 0.0 0.95065
vn -0.4074 0.0 0.91325
vn -0.310264 0.0 0.95065
vn -0.4074 0.0 0.91325
vn -0.501097 0.0 0.865391
vn -0.588615 0.0 0.808413
vn -0.501097 0.0 0.865391
vn -0.588615 0.0 0.808413
vn -0.669775 0.0 0.742565
vn -0.744062 0.0 0.66811
vn -0.669775 0.0 0.742565
vn -0.809528 0.0 0.587081
vn -0.744062 0.0 0.66811
vn -0.866664 0.0 0.498892
vn -0.809528 0.0 0.587081
vn -0.866664 0.0 0.498892
vn -0.913965 0.0 0.405792
vn -0.951475 0.0 0.307725
vn -0.913965 0.0 0.405792
vn -0.951475 0.0 0.307725
vn -0.978359 0.0 0.206914
vn -0.994646 0.0 0.103342
vn -0.978359 0.0 0.206914
vn -0.999999 -0.0 -0.001133
vn -0.994646 0.0 0.103342
vn -0.999999 0.0 -0.001133
vn -0.994399 0.0 -0.105695
vn -0.977958 -0.0 -0.208801
vn -0.994399 0.0 -0.105695
vn -0.950626 -0.0 -0.31034
vn -0.977958 0.0 -0.208801
vn -0.913198 -0.0 -0.407516
vn -0.950626 0.0 -0.31034
vn -0.913198 0.0 -0.407516
vn -0.865294 0.0 -0.501265
vn -0.808304 -0.0 -0.588766
vn -0.865294 0.0 -0.501265
vn -0.808304 0.0 -0.588766
vn -0.742724 -0.0 -0.669597
vn -0.667866 -0.0 -0.744281
vn -0.742724 0.0 -0.669597
vn -0.587284 -0.0 -0.809381
vn -0.667866 0.0 -0.744281
vn -0.499007 -0.0 -0.866598
vn -0.587284 0.0 -0.809381
vn -0.405248 -0.0 -0.914207
vn -0.499007 0.0 -0.866598
vn -0.30814 -0.0 -0.951341
vn -0.405248 0.0 -0.914207
vn -0.206857 -0.0 -0.978371
vn -0.30814 0.0 -0.951341
vn -0.103422 -0.0 -0.994638
vn -0.206857 0.0 -0.978371
vn 0.001066 0.0 -0.999999
vn -0.103422 0.0 -0.994638
vn 0.001066 0.0 -0.999999
vn 0.105566 0.0 -0.994412
vn 0.105566 0.0 -0.994412
vn 0.208978 0.0 -0.97792
vn 0.208978 0.0 -0.97792
vn 0.310264 0.0 -0.95065
vn 0.4074 0.0 -0.91325
vn 0.310264 0.0 -0.95065
vn 0.501097 0.0 -0.865391
vn 0.4074 0.0 -0.91325
vn 0.588615 0.0 -0.808413
vn 0.501097 0.0 -0.865391
vn 0.588615 0.0 -0.808413
vn 0.670362 0.0 -0.742034
vn 0.670362 0.0 -0.742034
vn 0.743586 0.0 -0.66864
vn 0.809895 0.0 -0.586575
vn 0.743586 0.0 -0.66864
vn 0.866664 0.0 -0.498892
vn 0.809895 0.0 -0.586575
vn 0.866664 0.0 -0.498892
vn 0.913965 0.0 -0.405792
vn 0.913965 0.0 -0.405792
vn 0.951374 0.0 -0.308037
vn 0.978405 0.0 -0.206699
vn 0.951374 0.0 -0.308037
vn 0.978405 0.0 -0.206699
vn 0.994634 0.0 -0.103452
vn 0.999999 0.0 0.001133
vn 0.994634 0.0 -0.103452
vn 0.999999 0.0 0.001133
vn 0.994411 0.0 0.105583
vn 0.994411 -0.0 0.105583
vn 0.977912 0.0 0.209019
vn 0.977912 -0.0 0.209019
vn 0.950728 0.0 0.310026
vn 0.950728 -0.0 0.310026
vn 0.913021 0.0 0.407913
vn 0.913021 -0.0 0.407913
vn 0.865562 0.0 0.500803
vn 0.808304 0.0 0.588766
vn 0.865562 -0.0 0.500803
vn 0.808304 0.0 0.588766
vn -0.795766 -0.0 -0.605604
vn -0.832555 -0.0 -0.553942
vn -0.795766 -0.0 -0.605604
vn -0.832555 -0.0 -0.553942
vn -0.865902 -0.0 -0.500213
vn -0.865902 0.0 -0.500213
vn -0.895707 -0.0 -0.444645
vn -0.895707 0.0 -0.444645
vn -0.922044 -0.0 -0.387084
vn -0.922044 0.0 -0.387084
vn -0.944582 -0.0 -0.328276
vn -0.944582 0.0 -0.328276
vn -0.963462 -0.0 -0.267843
vn -0.963462 0.0 -0.267843
vn -0.978431 -0.0 -0.206572
vn -0.978431 0.0 -0.206572
vn -0.989505 -0.0 -0.144496
vn -0.989505 0.0 -0.144496
vn -0.996661 0.0 -0.081651
vn -0.996661 -0.0 -0.081651
vn -0.999827 0.0 -0.0186
vn -0.999827 -0.0 -0.0186
vn -0.999008 0.0 0.044538
vn -0.999008 0.0 0.044538
vn -0.994202 0.0 0.107532
vn -0.994202 0.0 0.107532
vn -0.985449 0.0 0.169973
vn -0.985449 0.0 0.169973
vn -0.972715 0.0 0.232002
vn -0.972715 0.0 0.232002
vn -0.95617 0.0 0.292812
vn -0.95617 0.0 0.292812
vn -0.935769 0.0 0.352614
vn -0.935769 0.0 0.352614
vn -0.911658 0.0 0.41095
vn -0.911658 0.0 0.41095
vn -0.883891 0.0 0.467692
vn -0.883891 0.0 0.467692
vn -0.852537 0.0 0.522666
vn -0.852537 0.0 0.522666
vn -0.817838 0.0 0.575448
vn -0.817838 0.0 0.575448
vn -0.779978 0.0 0.625807
vn -0.779978 0.0 0.625807
vn -0.739032 0.0 0.673671
vn -0.739032 0.0 0.673671
vn -0.694763 0.0 0.719239
vn -0.694763 0.0 0.719239
vn -0.648184 0.0 0.761484
vn -0.648184 0.0 0.761484
vn -0.598768 0.0 0.800922
vn -0.598768 0.0 0.800922
vn -0.547293 0.0 0.836941
vn -0.547293 0.0 0.836941
vn -0.493005 0.0 0.870027
vn -0.493005 0.0 0.870027
vn -0.43729 0.0 0.899321
vn -0.43729 0.0 0.899321
vn -0.379217 0.0 0.925308
vn -0.379217 0.0 0.925308
vn -0.320412 0.0 0.947278
vn -0.320412 0.0 0.947278
vn -0.34265 0.0 0.939463
vn -0.34265 0.0 0.939463
vn 0.776437 0.0 0.630195
vn 0.776437 0.0 0.630195
vn 0.815872 0.0 0.578233
vn 0.856236 0.0 0.516586
vn 0.815872 0.0 0.578233
vn 0.89177 0.0 0.452488
vn 0.856236 0.0 0.516586
vn 0.922502 0.0 0.385993
vn 0.89177 0.0 0.452488
vn 0.948346 0.0 0.317239
vn 0.922502 0.0 0.385993
vn 0.969113 0.0 0.246618
vn 0.948346 0.0 0.317239
vn 0.984569 0.0 0.174998
vn 0.969113 0.0 0.246618
vn 0.994757 0.0 0.102266
vn 0.984569 0.0 0.174998
vn 0.999581 0.0 0.028951
vn 0.994757 0.0 0.102266
vn 0.999013 0.0 -0.044427
vn 0.999581 0.0 0.028951
vn 0.993059 0.0 -0.117621
vn 0.999013 0.0 -0.044427
vn 0.981759 0.0 -0.190128
vn 0.993059 0.0 -0.117621
vn 0.965149 0.0 -0.261702
vn 0.981759 0.0 -0.190128
vn 0.943304 0.0 -0.331931
vn 0.965149 0.0 -0.261702
vn 0.943304 0.0 -0.331931
vn 0.916547 0.0 -0.399928
vn 0.884613 0.0 -0.466325
vn 0.916547 0.0 -0.399928
vn 0.847915 0.0 -0.530132
vn 0.884613 0.0 -0.466325
vn 0.806885 0.0 -0.590709
vn 0.847915 0.0 -0.530132
vn 0.761566 0.0 -0.648088
vn 0.806885 0.0 -0.590709
vn 0.711665 0.0 -0.702519
vn 0.761566 0.0 -0.648088
vn 0.658357 0.0 -0.752705
vn 0.711665 0.0 -0.702519
vn 0.658357 0.0 -0.752705
vn 0.630196 0.0 -0.776436
vn 0.630196 0.0 -0.776436
vn -0.776433 -0.0 -0.6302
vn -0.776433 -0.0 -0.6302
vn 0.0 -1.0 0.0
vn 0.0 -1.0 0.0
vn -0.0 -1.0 0.0
vn 0.0 -1.0 0.0
vn -0.0 -1.0 0.0
vn 0.0 -1.0 0.0
vn -0.0 -1.0 0.0
vn 0.0 -1.0 0.0
vn -0.0 -1.0 0.0
vn 0.0 -1.0 0.0
vn -0.0 -1.0 0.0
vn 0.0 -1.0 0.0
vn -0.0 -1.0 0.0
vn 0.0 -1.0 0.0
vn -0.0 -1.0 0.0
vn 0.0 -1.0 0.0
vn 0.0 -1.0 0.0
vn -0.0 -1.0 0.0
vn 0.0 -1.0 0.0
vn 0.0 -1.0 0.0
vn -0.0 -1.0 0.0
vn 0.0 -1.0 0.0
vn 0.0 -1.0 0.0
vn 0.0 -1.0 0.0
vn 0.0 -1.0 0.0
vn 0.0 -1.0 0.0
vn -0.0 -1.0 0.0
vn 0.0 -1.0 0.0
vn -0.0 -1.0 0.0
vn 0.0 -1.0 0.0
vn -0.0 -1.0 0.0
vn 0.0 -1.0 0.0
vn 0.0 -1.0 0.0
vn 0.0 -1.0 0.0
vn 0.0 -1.0 0.0
vn -0.0 -1.0 0.0
vn 0.0 -1.0 0.0
vn 0.0 -1.0 0.0
vn 0.0 -1.0 0.0
vn 0.0 -1.0 0.0
vn 0.0 -1.0 0.0
vn -0.0 -1.0 0.0
vn 0.0 -1.0 0.0
vn 0.0 -1.0 0.0
vn -0.0 -1.0 0.0
vn 0.0 -1.0 0.0
vn -0.0 -1.0 0.0
vn 0.0 -1.0 0.0
vn 0.0 -1.0 0.0
vn -0.0 -1.0 0.0
vn 0.0 -1.0 0.0
vn 0.0 -1.0 0.0
vn -0.0 -1.0 0.0
vn -0.0 -1.0 -0.0
vn 0.0 -1.0 0.0
vn -0.0 -1.0 -0.0
vn -0.0 -1.0 0.0
vn 0.0 -1.0 0.0
vn 0.0 -1.0 0.0
vn -0.0 -1.0 0.0
vn -0.0 -1.0 0.0
vn 0.0 -1.0 0.0
vn -0.0 -1.0 0.0
vn 0.0 -1.0 0.0
vn 0.0 -1.0 0.0
vn 0.0 -1.0 0.0
vn -0.0 -1.0 0.0
vn 0.0 -1.0 0.0
vn 0.0 -1.0 0.0
vn -0.0 -1.0 0.0
vn 0.0 -1.0 0.0
vn 0.0 -1.0 0.0
vn 0.0 -1.0 0.0
vn -0.0 -1.0 0.0
vn -0.0 -1.0 0.0
vn -0.0 -1.0 0.0
vn 0.0 -1.0 0.0
vn 0.0 -1.0 0.0
vn -0.0 -1.0 0.0
vn -0.0 -1.0 0.0
vn 0.0 -1.0 0.0
vn -0.0 -1.0 0.0
vn 0.0 -1.0 0.0
vn 0.0 -1.0 0.0
vn -0.0 -1.0 0.0
vn -0.0 -1.0 0.0
vn -0.0 -1.0 0.0
vn 0.0 -1.0 0.0
vn 0.0 -1.0 0.0
vn 0.0 -1.0 0.0
vn -0.0 -1.0 0.0
vn -0.0 -1.0 0.0
vn 0.0 -1.0 0.0
vn 0.0 -1.0 0.0
vn -0.0 -1.0 0.0
vn -0.0 -1.0 0.0
vn 0.0 -1.0 0.0
vn -0.0 -1.0 0.0
vn -0.0 -1.0 0.0
vn 0.0 -1.0 0.0
vn 0.0 -1.0 0.0
vn 0.0 -1.0 0.0
vn -0.0 -1.0 0.0
vn -0.0 -1.0 0.0
vn 0.0 -1.0 0.0
vn 0.0 -1.0 0.0
vn -0.0 -1.0 0.0
vn 0.0 -1.0 0.0
vn -0.0 -1.0 0.0
vn 0.0 -1.0 0.0
vn 0.0 -1.0 0.0
vn 0.0 -1.0 0.0
vn -0.0 -1.0 0.0
vn 0.0 -1.0 0.0
vn 0.0 -1.0 0.0
vn -0.0 -1.0 0.0
vn 0.0 -1.0 0.0
vn 0.0 -1.0 0.0
vn -0.0 -1.0 0.0
vn 0.0 -1.0 0.0
vn 0.0 -1.0 0.0
vn 0.0 -1.0 0.0
vn 0.0 -1.0 0.0
vn -0.0 -1.0 0.0
vn -0.0 -1.0 0.0
vn -0.0 -1.0 0.0
vn -0.0 -1.0 0.0
vn -0.0 -1.0 0.0
vn 0.0 -1.0 0.0
vn 0.0 -1.0 0.0
vn 0.0 -1.0 0.0
vn 0.0 -1.0 0.0
vn 0.0 -1.0 0.0
vn 0.0 -1.0 0.0
vn 0.0 -1.0 0.0
vn -0.0 -1.0 0.0
vn 0.0 -1.0 0.0
vn 0.0 -1.0 0.0
vn 0.0 -1.0 0.0
vn -0.0 -1.0 0.0
vn -0.0 -1.0 0.0
vn 0.0 -1.0 0.0
vn -0.0 -1.0 0.0
vn 0.0 -1.0 0.0
vn -0.0 -1.0 0.0
vn -0.0 -1.0 0.0
vn 0.0 -1.0 0.0
vn -0.0 -1.0 0.0
vn -0.0 -1.0 0.0
vn 0.0 -1.0 0.0
vn 0.0 -1.0 0.0
vn 0.0 -1.0 0.0
vn 0.0 -1.0 0.0
vn 0.0 -1.0 0.0
vn 0.0 -1.0 0.0
vn 0.0 -1.0 0.0
vn -0.0 -1.0 0.0
vn 0.0 -1.0 0.0
vn -0.0 -1.0 0.0
vn -0.0 -1.0 0.0
vn -0.0 -1.0 0.0
vn -0.0 -1.0 0.0
vn -0.0 -1.0 0.0
vn -0.0 -1.0 0.0
vn -0.0 -1.0 0.0
vn -0.0 -1.0 0.0
vn -0.0 -1.0 0.0
vn -0.0 -1.0 0.0
vn 0.0 -1.0 0.0
vn 0.0 -1.0 0.0
vn 0.0 -1.0 0.0
vn -0.0 -1.0 0.0
vn 0.0 1.0 0.0
vn 0.0 1.0 0.0
vn 0.0 1.0 0.0
vn 0.0 1.0 0.0
vn 0.0 1.0 0.0
vn 0.0 1.0 0.0
vn 0.0 1.0 0.0
vn -0.0 1.0 0.0
vn 0.0 1.0 0.0
vn 0.0 1.0 0.0
vn 0.0 1.0 0.0
vn 0.0 1.0 0.0
vn -0.0 1.0 0.0
vn -0.0 1.0 0.0
vn 0.0 1.0 0.0
vn 0.0 1.0 0.0
vn 0.0 1.0 0.0
vn 0.0 1.0 0.0
vn -0.0 1.0 0.0
vn 0.0 1.0 0.0
vn 0.0 1.0 0.0
vn 0.0 1.0 0.0
vn 0.0 1.0 0.0
vn 0.0 1.0 0.0
vn -0.0 1.0 0.0
vn -0.0 1.0 0.0
vn 0.0 1.0 0.0
vn 0.0 1.0 0.0
vn 0.0 1.0 0.0
vn -0.0 1.0 0.0
vn -0.0 1.0 0.0
vn 0.0 1.0 0.0
vn 0.0 1.0 0.0
vn 0.0 1.0 0.0
vn 0.0 1.0 0.0
vn -0.0 1.0 0.0
vn 0.0 1.0 0.0
vn 0.0 1.0 0.0
vn 0.0 1.0 0.0
vn -0.0 1.0 0.0
vn 0.0 1.0 0.0
vn 0.0 1.0 0.0
vn 0.0 1.0 0.0
vn 0.0 1.0 0.0
vn 0.0 1.0 0.0
vn 0.0 1.0 0.0
vn 0.0 1.0 0.0
vn 0.0 1.0 0.0
vn 0.0 1.0 0.0
vn 0.0 1.0 0.0
vn 0.0 1.0 0.0
vn 0.0 1.0 0.0
vn 0.0 1.0 0.0
vn 0.0 1.0 0.0
vn 0.0 1.0 0.0
vn 0.0 1.0 0.0
vn 0.0 1.0 0.0
vn 0.0 1.0 0.0
vn 0.0 1.0 0.0
vn 0.0 1.0 0.0
vn 0.0 1.0 0.0
vn 0.0 1.0 0.0
vn 0.0 1.0 0.0
vn 0.0 1.0 0.0
vn 0.0 1.0 0.0
vn 0.0 1.0 0.0
vn 0.0 1.0 0.0
vn 0.0 1.0 0.0
vn 0.0 1.0 0.0
vn 0.0 1.0 0.0
vn 0.0 1.0 0.0
vn 0.0 1.0 0.0
vn 0.0 1.0 0.0
vn 0.0 1.0 0.0
vn 0.0 1.0 0.0
vn 0.0 1.0 0.0
vn 0.0 1.0 0.0
vn 0.0 1.0 0.0
vn -0.0 1.0 0.0
vn -0.0 1.0 0.0
vn -0.0 1.0 0.0
vn -0.0 1.0 0.0
vn 0.0 1.0 0.0
vn -0.0 1.0 0.0
vn 0.0 1.0 0.0
vn -0.0 1.0 0.0
vn -0.0 1.0 0.0
vn 0.0 1.0 0.0
vn -0.0 1.0 0.0
vn 0.0 1.0 0.0
vn -0.0 1.0 0.0
vn 0.0 1.0 0.0
vn 0.0 1.0 0.0
vn 0.0 1.0 0.0
vn -0.0 1.0 0.0
vn 0.0 1.0 0.0
vn 0.0 1.0 0.0
vn -0.0 1.0 0.0
vn 0.0 1.0 0.0
vn 0.0 1.0 0.0
vn -0.0 1.0 0.0
vn 0.0 1.0 0.0
vn 0.0 1.0 0.0
vn -0.0 1.0 0.0
vn 0.0 1.0 0.0
vn 0.0 1.0 0.0
vn -0.0 1.0 0.0
vn 0.0 1.0 0.0
vn 0.0 1.0 0.0
vn -0.0 1.0 0.0
vn -0.0 1.0 0.0
vn 0.0 1.0 0.0
vn 0.0 1.0 0.0
vn 0.0 1.0 0.0
vn 0.0 1.0 0.0
vn 0.0 1.0 0.0
vn 0.0 1.0 0.0
vn 0.0 1.0 0.0
vn 0.0 1.0 0.0
vn 0.0 1.0 0.0
vn 0.0 1.0 0.0
vn 0.0 1.0 0.0
vn 0.0 1.0 0.0
vn 0.0 1.0 0.0
vn 0.0 1.0 0.0
vn 0.0 1.0 0.0
vn 0.0 1.0 0.0
vn 0.0 1.0 0.0
vn 0.0 1.0 0.0
vn 0.0 1.0 0.0
vn 0.0 1.0 0.0
vn 0.0 1.0 0.0
vn -0.0 1.0 0.0
vn -0.0 1.0 0.0
vn -0.0 1.0 0.0
vn -0.0 1.0 0.0
vn -0.0 1.0 0.0
vn -0.0 1.0 0.0
vn -0.0 1.0 0.0
vn 0.0 1.0 0.0
vn 0.0 1.0 0.0
vn 0.0 1.0 0.0
vn 0.0 1.0 0.0
vn -0.0 1.0 0.0
vn 0.0 1.0 0.0
vn 0.0 1.0 0.0
vn 0.0 1.0 0.0
vn 0.0 1.0 0.0
vn 0.0 1.0 0.0
vn -0.0 1.0 0.0
vn 0.0 1.0 0.0
vn 0.0 1.0 0.0
vn 0.0 1.0 0.0
vn 0.0 1.0 0.0
vn -0.0 1.0 0.0
vn 0.0 1.0 0.0
vn 0.0 1.0 0.0
vn 0.0 1.0 0.0
vn 0.0 1.0 0.0
vn -0.0 1.0 0.0
vn 0.0 1.0 0.0
vn 0.0 1.0 0.0
vn 0.0 1.0 0.0
vn -0.0 1.0 0.0
vn 0.0 1.0 0.0
vn 0.0 1.0 0.0
vn 0.0 1.0 0.0
vn 0.0 1.0 0.0
vn 0.0 1.0 0.0
vn 0.0 1.0 0.0
vn 0.0 1.0 0.0
vn 0.0 1.0 0.0
vn 0.738187 0.0 0.674596
vn 0.738187 0.0 0.674596
vn 0.655422 0.0 0.755263
vn 0.562976 0.0 0.826473
vn 0.655422 -0.0 0.755263
vn 0.562976 0.0 0.826473
vn 0.46332 0.0 0.886191
vn 0.46332 -0.0 0.886191
vn 0.356826 0.0 0.934171
vn 0.356826 -0.0 0.934171
vn 0.246706 0.0 0.96909
vn 0.246706 -0.0 0.96909
vn 0.13205 0.0 0.991243
vn 0.13205 -0.0 0.991243
vn 0.016216 0.0 0.999869
vn 0.016216 -0.0 0.999869
vn -0.099617 0.0 0.995026
vn -0.214304 0.0 0.976767
vn -0.099617 0.0 0.995026
vn -0.214304 0.0 0.976767
vn -0.326639 0.0 0.945149
vn -0.434326 0.0 0.900756
vn -0.326639 0.0 0.945149
vn -0.434326 0.0 0.900756
vn -0.536151 0.0 0.844122
vn -0.536151 0.0 0.844122
vn -0.630145 0.0 0.776478
vn -0.715957 0.0 0.698145
vn -0.630145 0.0 0.776478
vn -0.715957 0.0 0.698145
vn -0.792273 0.0 0.610167
vn -0.857589 0.0 0.514336
vn -0.792273 0.0 0.610167
vn -0.91162 0.0 0.411033
vn -0.857589 0.0 0.514336
vn -0.91162 0.0 0.411033
vn -0.953193 0.0 0.302361
vn -0.981855 0.0 0.189634
vn -0.953193 0.0 0.302361
vn -0.981855 0.0 0.189634
vn -0.997227 0.0 0.074416
vn -0.999123 -0.0 -0.041872
vn -0.997227 0.0 0.074416
vn -0.987524 -0.0 -0.157466
vn -0.999123 0.0 -0.041872
vn -0.987524 0.0 -0.157466
vn -0.962542 0.0 -0.271131
vn -0.924523 -0.0 -0.381127
vn -0.962542 0.0 -0.271131
vn -0.874176 -0.0 -0.485609
vn -0.924523 0.0 -0.381127
vn -0.811827 -0.0 -0.583898
vn -0.874176 0.0 -0.485609
vn -0.811827 0.0 -0.583898
vn -0.738187 -0.0 -0.674596
vn -0.655431 -0.0 -0.755255
vn -0.738187 0.0 -0.674596
vn -0.562976 -0.0 -0.826473
vn -0.655431 0.0 -0.755255
vn -0.46332 -0.0 -0.886191
vn -0.562976 0.0 -0.826473
vn -0.356826 -0.0 -0.934171
vn -0.46332 0.0 -0.886191
vn -0.246702 -0.0 -0.969091
vn -0.356826 0.0 -0.934171
vn -0.13205 -0.0 -0.991243
vn -0.246702 0.0 -0.969091
vn -0.017374 -0.0 -0.999849
vn -0.13205 0.0 -0.991243
vn 0.100763 0.0 -0.99491
vn -0.017374 0.0 -0.999849
vn 0.214304 0.0 -0.976767
vn 0.100763 0.0 -0.99491
vn 0.214304 0.0 -0.976767
vn 0.326644 0.0 -0.945147
vn 0.326644 0.0 -0.945147
vn 0.434319 0.0 -0.900759
vn 0.434319 0.0 -0.900759
vn 0.535325 0.0 -0.844646
vn 0.535325 0.0 -0.844646
vn 0.630851 0.0 -0.775904
vn 0.630851 0.0 -0.775904
vn 0.715957 0.0 -0.698145
vn 0.792273 0.0 -0.610167
vn 0.715957 0.0 -0.698145
vn 0.857589 0.0 -0.514336
vn 0.792273 0.0 -0.610167
vn 0.857589 0.0 -0.514336
vn 0.91162 0.0 -0.411033
vn 0.953188 0.0 -0.302377
vn 0.91162 0.0 -0.411033
vn 0.953188 0.0 -0.302377
vn 0.981858 0.0 -0.189616
vn 0.981858 0.0 -0.189616
vn 0.997227 0.0 -0.074416
vn 0.997227 0.0 -0.074416
vn 0.999123 0.0 0.041872
vn 0.999123 -0.0 0.041872
vn 0.987524 0.0 0.157466
vn 0.987524 -0.0 0.157466
vn 0.962542 0.0 0.271131
vn 0.924523 0.0 0.381127
vn 0.962542 -0.0 0.271131
vn 0.924523 0.0 0.381127
vn 0.874176 0.0 0.485609
vn 0.811835 0.0 0.583887
vn 0.874176 -0.0 0.485609
vn 0.811835 0.0 0.583887
vn -0.776413 -0.0 -0.630224
vn -0.776413 -0.0 -0.630224
vn -0.630198 0.0 0.776434
vn -0.630198 0.0 0.776434
vn 0.776413 0.0 0.630224
vn 0.776413 0.0 0.630224
vn 0.630364 0.0 -0.7763
vn 0.630364 0.0 -0.7763
vn 0.921835 0.0 0.387583
vn 0.921835 0.0 0.387583
vn 0.947802 0.0 0.318859
vn 0.947802 0.0 0.318859
vn 0.96864 0.0 0.24847
vn 0.96864 0.0 0.24847
vn 0.984294 0.0 0.176539
vn 0.984294 0.0 0.176539
vn 0.994609 0.0 0.1037
vn 0.994609 0.0 0.1037
vn 0.999539 0.0 0.030358
vn 0.999539 0.0 0.030358
vn 0.999067 0.0 -0.043178
vn 0.999067 0.0 -0.043178
vn 0.993197 0.0 -0.116444
vn 0.993197 0.0 -0.116444
vn 0.981954 0.0 -0.18912
vn 0.981954 0.0 -0.18912
vn 0.9654 0.0 -0.260775
vn 0.9654 0.0 -0.260775
vn 0.943672 0.0 -0.330883
vn 0.916757 0.0 -0.399445
vn 0.943672 0.0 -0.330883
vn 0.916757 0.0 -0.399445
vn 0.884907 0.0 -0.465767
vn 0.848142 0.0 -0.529769
vn 0.884907 0.0 -0.465767
vn 0.80723 0.0 -0.590237
vn 0.848142 0.0 -0.529769
vn 0.76139 0.0 -0.648294
vn 0.80723 0.0 -0.590237
vn 0.711852 0.0 -0.70233
vn 0.76139 0.0 -0.648294
vn 0.658552 0.0 -0.752536
vn 0.711852 0.0 -0.70233
vn 0.601115 0.0 -0.799162
vn 0.658552 0.0 -0.752536
vn 0.541033 0.0 -0.841001
vn 0.601115 0.0 -0.799162
vn 0.477414 0.0 -0.878679
vn 0.541033 0.0 -0.841001
vn 0.412031 0.0 -0.91117
vn 0.477414 0.0 -0.878679
vn 0.343772 0.0 -0.939053
vn 0.412031 0.0 -0.91117
vn 0.273245 0.0 -0.961944
vn 0.343772 0.0 -0.939053
vn 0.202615 0.0 -0.979258
vn 0.273245 0.0 -0.961944
vn 0.129774 0.0 -0.991544
vn 0.202615 0.0 -0.979258
vn 0.056917 0.0 -0.998379
vn 0.129774 0.0 -0.991544
vn -0.017455 -0.0 -0.999848
vn 0.056917 0.0 -0.998379
vn -0.09031 -0.0 -0.995914
vn -0.017455 -0.0 -0.999848
vn -0.163166 -0.0 -0.986599
vn -0.09031 -0.0 -0.995914
vn -0.235263 -0.0 -0.971932
vn -0.163166 -0.0 -0.986599
vn -0.305863 -0.0 -0.952075
vn -0.235263 -0.0 -0.971932
vn -0.305863 -0.0 -0.952075
vn -0.375594 -0.0 -0.926784
vn -0.441811 -0.0 -0.897108
vn -0.375594 -0.0 -0.926784
vn -0.507529 -0.0 -0.861635
vn -0.441811 -0.0 -0.897108
vn -0.56861 -0.0 -0.822607
vn -0.507529 -0.0 -0.861635
vn -0.56861 -0.0 -0.822607
vn -0.598846 -0.0 -0.800865
vn -0.598846 -0.0 -0.800865
vn 0.629893 0.0 -0.776682
vn 0.629893 0.0 -0.776682
vn 0.906916 0.0 0.421313
vn 0.906916 0.0 0.421313
vn 0.0 1.0 -0.0
vn 0.0 1.0 -0.0
vn 0.0 1.0 -0.0
vn -0.0 1.0 0.0
vn 0.0 1.0 -0.0
vn 0.0 1.0 -0.0
vn 0.0 1.0 0.0
vn 0.0 1.0 -0.0
vn 0.0 1.0 -0.0
vn -0.0 1.0 0.0
vn 0.0 1.0 0.0
vn 0.0 1.0 -0.0
vn 0.0 1.0 0.0
vn 0.0 1.0 0.0
vn -0.0 1.0 0.0
vn 0.0 1.0 -0.0
vn 0.0 1.0 -0.0
vn 0.0 1.0 0.0
vn 0.0 1.0 0.0
vn 0.0 1.0 -0.0
vn 0.0 1.0 -0.0
vn 0.0 1.0 -0.0
vn 0.0 1.0 0.0
vn 0.0 1.0 0.0
vn 0.0 1.0 0.0
vn 0.0 1.0 -0.0
vn 0.0 1.0 -0.0
vn 0.0 1.0 -0.0
vn 0.0 1.0 0.0
vn 0.0 1.0 0.0
vn 0.0 1.0 -0.0
vn 0.0 1.0 0.0
vn 0.0 1.0 -0.0
vn 0.0 1.0 -0.0
vn 0.0 1.0 -0.0
vn 0.0 1.0 0.0
vn 0.0 1.0 -0.0
vn 0.0 1.0 -0.0
vn 0.0 1.0 -0.0
vn 0.0 1.0 -0.0
vn 0.0 1.0 0.0
vn 0.0 1.0 -0.0
vn 0.0 1.0 0.0
vn 0.0 1.0 -0.0
vn 0.0 1.0 -0.0
vn 0.0 1.0 -0.0
vn -0.0 1.0 0.0
vn 0.0 1.0 0.0
vn 0.0 1.0 -0.0
vn -0.0 1.0 0.0
vn -0.0 1.0 0.0
vn 0.0 1.0 -0.0
vn 0.0 1.0 -0.0
vn 0.0 1.0 0.0
vn -0.0 1.0 0.0
vn 0.0 1.0 -0.0
vn 0.0 1.0 -0.0
vn 0.0 1.0 0.0
vn 0.0 1.0 -0.0
vn -0.0 1.0 -0.0
vn 0.0 1.0 0.0
vn 0.0 1.0 -0.0
vn 0.0 1.0 -0.0
vn 0.0 1.0 0.0
vn 0.0 1.0 -0.0
vn 0.0 1.0 0.0
vn 0.0 1.0 0.0
vn 0.0 1.0 0.0
vn 0.0 1.0 0.0
vn 0.0 1.0 0.0
vn 0.0 1.0 0.0
vn 0.0 1.0 0.0
vn 0.0 1.0 0.0
vn -0.0 1.0 -0.0
vn -0.0 1.0 -0.0
vn -0.0 1.0 -0.0
vn -0.0 1.0 -0.0
vn 0.0 1.0 -0.0
vn 0.0 1.0 0.0
vn 0.0 1.0 0.0
vn 0.0 1.0 0.0
vn 0.0 1.0 0.0
vn 0.0 1.0 0.0
vn 0.0 1.0 -0.0
vn 0.0 1.0 -0.0
vn 0.0 1.0 -0.0
vn 0.0 1.0 -0.0
vn 0.0 1.0 -0.0
vn 0.0 1.0 -0.0
vn 0.0 1.0 -0.0
vn 0.0 1.0 -0.0
vn 0.0 1.0 -0.0
vn 0.0 1.0 -0.0
vn 0.0 1.0 0.0
vn 0.0 1.0 -0.0
vn 0.0 1.0 -0.0
vn 0.0 1.0 0.0
vn 0.0 -1.0 0.0
vn 0.0 -1.0 0.0
vn 0.0 -1.0 0.0
vn 0.0 -1.0 0.0
vn 0.0 -1.0 0.0
vn 0.0 -1.0 0.0
vn 0.0 -1.0 0.0
vn 0.0 -1.0 0.0
vn 0.0 -1.0 0.0
vn 0.0 -1.0 0.0
vn 0.0 -1.0 0.0
vn 0.0 -1.0 -0.0
vn 0.0 -1.0 0.0
vn 0.0 -1.0 0.0
vn 0.0 -1.0 0.0
vn 0.0 -1.0 0.0
vn 0.0 -1.0 -0.0
vn 0.0 -1.0 0.0
vn 0.0 -1.0 0.0
vn 0.0 -1.0 -0.0
vn 0.0 -1.0 -0.0
vn 0.0 -1.0 0.0
vn 0.0 -1.0 -0.0
vn 0.0 -1.0 0.0
vn 0.0 -1.0 -0.0
vn 0.0 -1.0 -0.0
vn 0.0 -1.0 0.0
vn -0.0 -1.0 0.0
vn -0.0 -1.0 0.0
vn 0.0 -1.0 -0.0
vn -0.0 -1.0 0.0
vn 0.0 -1.0 -0.0
vn -0.0 -1.0 0.0
vn 0.0 -1.0 -0.0
vn 0.0 -1.0 0.0
vn 0.0 -1.0 0.0
vn 0.0 -1.0 -0.0
vn 0.0 -1.0 0.0
vn 0.0 -1.0 0.0
vn 0.0 -1.0 0.0
vn 0.0 -1.0 0.0
vn 0.0 -1.0 0.0
vn 0.0 -1.0 0.0
vn 0.0 -1.0 0.0
vn -0.0 -1.0 -0.0
vn -0.0 -1.0 0.0
vn -0.0 -1.0 0.0
vn -0.0 -1.0 0.0
vn -0.0 -1.0 0.0
vn -0.0 -1.0 0.0
vn -0.0 -1.0 0.0
vn -0.0 -1.0 0.0
vn -0.0 -1.0 0.0
vn 0.0 -1.0 0.0
vn 0.0 -1.0 0.0
vn 0.0 -1.0 0.0
vn 0.0 -1.0 0.0
vn 0.0 -1.0 0.0
vn 0.0 -1.0 0.0
vn 0.0 -1.0 0.0
vn 0.0 -1.0 0.0
vn 0.0 -1.0 0.0
vn 0.0 -1.0 0.0
vn 0.0 -1.0 0.0
vn 0.0 -1.0 0.0
vn 0.0 -1.0 0.0
vn 0.0 -1.0 0.0
vn 0.0 -1.0 0.0
vn 0.0 -1.0 0.0
vn 0.0 -1.0 0.0
vn 0.0 -1.0 0.0
vn 0.0 -1.0 0.0
vn 0.0 -1.0 0.0
vn 0.0 -1.0 0.0
vn 0.0 -1.0 0.0
vn 0.0 -1.0 -0.0
vn 0.0 -1.0 0.0
vn 0.0 -1.0 -0.0
vn 0.0 -1.0 -0.0
vn 0.0 -1.0 -0.0
vn 0.0 -1.0 -0.0
vn 0.0 -1.0 -0.0
vn 0.0 -1.0 -0.0
vn 0.0 -1.0 -0.0
vn 0.0 -1.0 -0.0
vn 0.0 -1.0 -0.0
vn 0.0 -1.0 0.0
vn 0.0 -1.0 -0.0
vn 0.0 -1.0 -0.0
vn 0.0 -1.0 0.0
vn 0.0 -1.0 0.0
vn 0.0 -1.0 0.0
vn 0.0 -1.0 -0.0
vn 0.0 -1.0 0.0
vn 0.0 -1.0 -0.0
vn 0.0 -1.0 0.0
vn 0.0 -1.0 0.0
vn -0.811827 0.0 -0.583898
vn -0.874176 0.0 -0.485609
vn -0.811827 0.0 -0.583898
vn -0.924523 0.0 -0.381127
vn -0.874176 0.0 -0.485609
vn -0.962542 0.0 -0.271131
vn -0.924523 0.0 -0.381127
vn -0.987524 0.0 -0.157466
vn -0.962542 0.0 -0.271131
vn -0.999123 0.0 -0.041872
vn -0.987524 0.0 -0.157466
vn -0.997227 0.0 0.074416
vn -0.999123 0.0 -0.041872
vn -0.981855 0.0 0.189634
vn -0.997227 0.0 0.074416
vn -0.953193 0.0 0.302361
vn -0.981855 0.0 0.189634
vn -0.91162 0.0 0.411033
vn -0.953193 0.0 0.302361
vn -0.91162 0.0 0.411033
vn -0.857589 0.0 0.514336
vn -0.857589 0.0 0.514336
vn -0.792273 0.0 0.610167
vn -0.792273 0.0 0.610167
vn -0.715957 0.0 0.698145
vn -0.715957 0.0 0.698145
vn -0.630145 0.0 0.776478
vn -0.630145 0.0 0.776478
vn -0.536151 0.0 0.844122
vn -0.434326 0.0 0.900756
vn -0.536151 0.0 0.844122
vn -0.434326 0.0 0.900756
vn -0.326639 0.0 0.945149
vn -0.214304 0.0 0.976767
vn -0.326639 0.0 0.945149
vn -0.214304 0.0 0.976767
vn -0.099617 0.0 0.995026
vn 0.016216 -0.0 0.999869
vn -0.099617 0.0 0.995026
vn 0.016216 0.0 0.999869
vn 0.13205 0.0 0.991243
vn 0.13205 0.0 0.991243
vn 0.246706 0.0 0.96909
vn 0.246706 0.0 0.96909
vn 0.356826 0.0 0.934171
vn 0.356826 0.0 0.934171
vn 0.46332 0.0 0.886191
vn 0.46332 0.0 0.886191
vn 0.562976 0.0 0.826473
vn 0.562976 0.0 0.826473
vn 0.655422 0.0 0.755263
vn 0.738187 -0.0 0.674596
vn 0.655422 0.0 0.755263
vn 0.738187 0.0 0.674596
vn 0.811835 0.0 0.583887
vn 0.874176 -0.0 0.485609
vn 0.811835 0.0 0.583887
vn 0.924523 -0.0 0.381127
vn 0.874176 0.0 0.485609
vn 0.924523 0.0 0.381127
vn 0.962542 0.0 0.271131
vn 0.962542 0.0 0.271131
vn 0.987524 0.0 0.157466
vn 0.999123 -0.0 0.041872
vn 0.987524 0.0 0.157466
vn 0.999123 0.0 0.041872
vn 0.997227 0.0 -0.074416
vn 0.997227 0.0 -0.074416
vn 0.981858 0.0 -0.189616
vn 0.981858 0.0 -0.189616
vn 0.953188 0.0 -0.302377
vn 0.953188 0.0 -0.302377
vn 0.91162 0.0 -0.411033
vn 0.857589 0.0 -0.514336
vn 0.91162 0.0 -0.411033
vn 0.857589 0.0 -0.514336
vn 0.792273 0.0 -0.610167
vn 0.792273 0.0 -0.610167
vn 0.715957 0.0 -0.698145
vn 0.715957 0.0 -0.698145
vn 0.630851 0.0 -0.775904
vn 0.630851 0.0 -0.775904
vn 0.535325 0.0 -0.844646
vn 0.434319 0.0 -0.900759
vn 0.535325 0.0 -0.844646
vn 0.326644 0.0 -0.945147
vn 0.434319 0.0 -0.900759
vn 0.214304 0.0 -0.976767
vn 0.326644 0.0 -0.945147
vn 0.100763 0.0 -0.99491
vn 0.214304 0.0 -0.976767
vn -0.017374 0.0 -0.999849
vn 0.100763 0.0 -0.99491
vn -0.13205 0.0 -0.991243
vn -0.017374 0.0 -0.999849
vn -0.13205 0.0 -0.991243
vn -0.246702 0.0 -0.969091
vn -0.356826 0.0 -0.934171
vn -0.246702 -0.0 -0.969091
vn -0.46332 0.0 -0.886191
vn -0.356826 0.0 -0.934171
vn -0.562976 0.0 -0.826473
vn -0.46332 0.0 -0.886191
vn -0.655431 0.0 -0.755255
vn -0.562976 0.0 -0.826473
vn -0.738187 0.0 -0.674596
vn -0.655431 0.0 -0.755255
vn -0.738187 0.0 -0.674596
vn -0.776413 0.0 -0.630224
vn -0.776413 0.0 -0.630224
vn -0.630198 0.0 0.776434
vn -0.630198 0.0 0.776434
vn 0.776413 -0.0 0.630224
vn 0.776413 -0.0 0.630224
vn 0.630364 0.0 -0.7763
vn 0.630364 0.0 -0.7763
vn -0.56861 0.0 -0.822607
vn -0.507529 0.0 -0.861635
vn -0.56861 0.0 -0.822607
vn -0.441811 0.0 -0.897108
vn -0.507529 0.0 -0.861635
vn -0.375594 0.0 -0.926784
vn -0.441811 0.0 -0.897108
vn -0.305863 0.0 -0.952075
vn -0.375594 0.0 -0.926784
vn -0.235263 0.0 -0.971932
vn -0.305863 0.0 -0.952075
vn -0.235263 0.0 -0.971932
vn -0.163166 0.0 -0.986599
vn -0.163166 0.0 -0.986599
vn -0.09031 0.0 -0.995914
vn -0.09031 0.0 -0.995914
vn -0.017455 0.0 -0.999848
vn -0.017455 0.0 -0.999848
vn 0.056917 0.0 -0.998379
vn 0.056917 0.0 -0.998379
vn 0.129774 0.0 -0.991544
vn 0.129774 0.0 -0.991544
vn 0.202615 0.0 -0.979258
vn 0.202615 0.0 -0.979258
vn 0.273245 0.0 -0.961944
vn 0.273245 0.0 -0.961944
vn 0.343772 0.0 -0.939053
vn 0.343772 0.0 -0.939053
vn 0.412031 0.0 -0.91117
vn 0.412031 0.0 -0.91117
vn 0.477414 0.0 -0.878679
vn 0.477414 0.0 -0.878679
vn 0.541033 0.0 -0.841001
vn 0.541033 0.0 -0.841001
vn 0.601115 0.0 -0.799162
vn 0.601115 0.0 -0.799162
vn 0.658552 0.0 -0.752536
vn 0.658552 0.0 -0.752536
vn 0.711852 0.0 -0.70233
vn 0.711852 0.0 -0.70233
vn 0.76139 0.0 -0.648294
vn 0.76139 0.0 -0.648294
vn 0.80723 0.0 -0.590237
vn 0.80723 0.0 -0.590237
vn 0.848142 0.0 -0.529769
vn 0.848142 0.0 -0.529769
vn 0.884907 0.0 -0.465767
vn 0.884907 0.0 -0.465767
vn 0.916757 0.0 -0.399445
vn 0.916757 0.0 -0.399445
vn 0.943672 0.0 -0.330883
vn 0.943672 0.0 -0.330883
vn 0.9654 0.0 -0.260775
vn 0.9654 0.0 -0.260775
vn 0.981954 0.0 -0.18912
vn 0.981954 0.0 -0.18912
vn 0.993197 0.0 -0.116444
vn 0.993197 0.0 -0.116444
vn 0.999067 0.0 -0.043178
vn 0.999067 0.0 -0.043178
vn 0.999539 0.0 0.030358
vn 0.999539 -0.0 0.030358
vn 0.994609 -0.0 0.1037
vn 0.994609 0.0 0.1037
vn 0.984294 -0.0 0.176539
vn 0.984294 0.0 0.176539
vn 0.96864 -0.0 0.24847
vn 0.96864 0.0 0.24847
vn 0.947802 -0.0 0.318859
vn 0.947802 0.0 0.318859
vn 0.921835 -0.0 0.387583
vn 0.921835 0.0 0.387583
vn -0.598846 0.0 -0.800865
vn -0.598846 0.0 -0.800865
vn 0.629893 0.0 -0.776682
vn 0.629893 0.0 -0.776682
vn 0.906916 -0.0 0.421313
vn 0.906916 -0.0 0.421313
vn 0.0 -1.0 0.0
vn 0.0 -1.0 -0.0
vn 0.0 -1.0 0.0
vn 0.0 -1.0 0.0
vn 0.0 -1.0 0.0
vn 0.0 -1.0 0.0
vn 0.0 -1.0 0.0
vn 0.0 -1.0 0.0
vn 0.0 -1.0 -0.0
vn 0.0 -1.0 0.0
vn 0.0 -1.0 0.0
vn 0.0 -1.0 0.0
vn 0.0 -1.0 0.0
vn 0.0 -1.0 0.0
vn 0.0 -1.0 0.0
vn 0.0 -1.0 0.0
vn 0.0 -1.0 0.0
vn 0.0 -1.0 0.0
vn 0.0 -1.0 0.0
vn 0.0 -1.0 0.0
vn 0.0 -1.0 0.0
vn 0.0 -1.0 0.0
vn 0.0 -1.0 0.0
vn 0.0 -1.0 0.0
vn 0.0 -1.0 -0.0
vn 0.0 -1.0 0.0
vn 0.0 -1.0 0.0
vn 0.0 -1.0 -0.0
vn 0.0 -1.0 -0.0
vn 0.0 -1.0 0.0
vn 0.0 -1.0 0.0
vn 0.0 -1.0 -0.0
vn 0.0 -1.0 0.0
vn 0.0 -1.0 0.0
vn 0.0 -1.0 -0.0
vn 0.0 -1.0 -0.0
vn 0.0 -1.0 0.0
vn 0.0 -1.0 0.0
vn 0.0 -1.0 -0.0
vn 0.0 -1.0 0.0
vn 0.0 -1.0 0.0
vn 0.0 -1.0 0.0
vn 0.0 -1.0 0.0
vn 0.0 -1.0 0.0
vn 0.0 -1.0 0.0
vn 0.0 -1.0 0.0
vn 0.0 -1.0 0.0
vn 0.0 -1.0 0.0
vn 0.0 -1.0 0.0
vn 0.0 -1.0 0.0
vn 0.0 -1.0 0.0
vn 0.0 -1.0 0.0
vn 0.0 -1.0 0.0
vn 0.0 -1.0 0.0
vn 0.0 -1.0 0.0
vn 0.0 -1.0 0.0
vn 0.0 -1.0 0.0
vn 0.0 -1.0 0.0
vn 0.0 -1.0 0.0
vn 0.0 -1.0 0.0
vn 0.0 -1.0 0.0
vn 0.0 -1.0 0.0
vn 0.0 -1.0 0.0
vn 0.0 -1.0 0.0
vn 0.0 -1.0 -0.0
vn 0.0 -1.0 -0.0
vn 0.0 -1.0 -0.0
vn 0.0 -1.0 -0.0
vn 0.0 -1.0 -0.0
vn 0.0 -1.0 0.0
vn 0.0 -1.0 -0.0
vn 0.0 -1.0 -0.0
vn 0.0 -1.0 -0.0
vn 0.0 -1.0 0.0
vn 0.0 -1.0 0.0
vn 0.0 -1.0 0.0
vn 0.0 -1.0 -0.0
vn 0.0 -1.0 0.0
vn 0.0 -1.0 0.0
vn 0.0 -1.0 0.0
vn 0.0 -1.0 0.0
vn 0.0 -1.0 0.0
vn 0.0 -1.0 -0.0
vn 0.0 -1.0 0.0
vn 0.0 -1.0 0.0
vn 0.0 -1.0 0.0
vn 0.0 -1.0 -0.0
vn 0.0 -1.0 0.0
vn 0.0 -1.0 0.0
vn 0.0 -1.0 0.0
vn 0.0 -1.0 0.0
vn 0.0 -1.0 0.0
vn 0.0 -1.0 -0.0
vn 0.0 -1.0 -0.0
vn 0.0 -1.0 0.0
vn 0.0 -1.0 -0.0
vn 0.0 -1.0 0.0
vn 0.0 1.0 -0.0
vn 0.0 1.0 -0.0
vn 0.0 1.0 0.0
vn 0.0 1.0 0.0
vn -0.0 1.0 0.0
vn 0.0 1.0 -0.0
vn 0.0 1.0 0.0
vn 0.0 1.0 0.0
vn 0.0 1.0 -0.0
vn 0.0 1.0 -0.0
vn 0.0 1.0 -0.0
vn 0.0 1.0 0.0
vn 0.0 1.0 0.0
vn 0.0 1.0 0.0
vn 0.0 1.0 -0.0
vn 0.0 1.0 -0.0
vn 0.0 1.0 -0.0
vn 0.0 1.0 0.0
vn 0.0 1.0 0.0
vn 0.0 1.0 -0.0
vn 0.0 1.0 -0.0
vn 0.0 1.0 0.0
vn 0.0 1.0 -0.0
vn 0.0 1.0 -0.0
vn 0.0 1.0 -0.0
vn 0.0 1.0 0.0
vn 0.0 1.0 -0.0
vn 0.0 1.0 0.0
vn 0.0 1.0 -0.0
vn 0.0 1.0 -0.0
vn 0.0 1.0 -0.0
vn 0.0 1.0 -0.0
vn 0.0 1.0 -0.0
vn 0.0 1.0 0.0
vn 0.0 1.0 -0.0
vn 0.0 1.0 0.0
vn 0.0 1.0 -0.0
vn 0.0 1.0 -0.0
vn 0.0 1.0 -0.0
vn 0.0 1.0 0.0
vn 0.0 1.0 -0.0
vn 0.0 1.0 -0.0
vn 0.0 1.0 0.0
vn 0.0 1.0 -0.0
vn 0.0 1.0 -0.0
vn 0.0 1.0 -0.0
vn 0.0 1.0 -0.0
vn 0.0 1.0 -0.0
vn 0.0 1.0 0.0
vn -0.0 1.0 -0.0
vn 0.0 1.0 0.0
vn -0.0 1.0 0.0
vn 0.0 1.0 -0.0
vn -0.0 1.0 0.0
vn 0.0 1.0 -0.0
vn 0.0 1.0 0.0
vn 0.0 1.0 -0.0
vn 0.0 1.0 -0.0
vn 0.0 1.0 0.0
vn 0.0 1.0 -0.0
vn 0.0 1.0 0.0
vn 0.0 1.0 -0.0
vn -0.0 1.0 -0.0
vn -0.0 1.0 -0.0
vn -0.0 1.0 -0.0
vn -0.0 1.0 -0.0
vn 0.0 1.0 -0.0
vn 0.0 1.0 0.0
vn 0.0 1.0 0.0
vn 0.0 1.0 0.0
vn 0.0 1.0 0.0
vn 0.0 1.0 0.0
vn 0.0 1.0 0.0
vn 0.0 1.0 -0.0
vn 0.0 1.0 -0.0
vn 0.0 1.0 0.0
vn 0.0 1.0 0.0
vn 0.0 1.0 0.0
vn 0.0 1.0 0.0
vn 0.0 1.0 0.0
vn 0.0 1.0 0.0
vn 0.0 1.0 0.0
vn 0.0 1.0 0.0
vn 0.0 1.0 -0.0
vn 0.0 1.0 -0.0
vn 0.0 1.0 -0.0
vn 0.0 1.0 -0.0
vn 0.0 1.0 -0.0
vn 0.0 1.0 -0.0
vn 0.0 1.0 -0.0
vn 0.0 1.0 -0.0
vn 0.0 1.0 -0.0
vn 0.0 1.0 -0.0
vn 0.0 1.0 0.0
vn 0.0 1.0 -0.0
vn 0.0 1.0 0.0
vn 0.0 1.0 -0.0
vn 0.311594 -0.0 0.950215
vn 0.311594 -0.0 0.950215
vn -0.311613 0.0 -0.950209
vn -0.311613 0.0 -0.950209
vn -0.860522 0.0 -0.509413
vn -0.826749 0.0 -0.562571
vn -0.860522 0.0 -0.509413
vn -0.790169 0.0 -0.612889
vn -0.826749 0.0 -0.562571
vn -0.75026 0.0 -0.661143
vn -0.790169 0.0 -0.612889
vn -0.707624 0.0 -0.706589
vn -0.75026 0.0 -0.661143
vn -0.661713 0.0 -0.749757
vn -0.707624 0.0 -0.706589
vn -0.613964 0.0 -0.789334
vn -0.661713 0.0 -0.749757
vn -0.562973 0.0 -0.826476
vn -0.613964 0.0 -0.789334
vn -0.510872 0.0 -0.859657
vn -0.562973 0.0 -0.826476
vn -0.455473 0.0 -0.89025
vn -0.510872 0.0 -0.859657
vn -0.399186 0.0 -0.91687
vn -0.455473 0.0 -0.89025
vn -0.399186 0.0 -0.91687
vn -0.341091 0.0 -0.94003
vn -0.341091 0.0 -0.94003
vn 0.190534 0.0 0.981681
vn 0.190534 -0.0 0.981681
vn 0.116671 -0.0 0.993171
vn 0.116671 0.0 0.993171
vn 0.040617 -0.0 0.999175
vn 0.040617 0.0 0.999175
vn -0.035447 0.0 0.999372
vn -0.035447 0.0 0.999372
vn -0.110039 0.0 0.993927
vn -0.110039 0.0 0.993927
vn -0.185349 0.0 0.982673
vn -0.185349 0.0 0.982673
vn -0.25849 0.0 0.966014
vn -0.25849 0.0 0.966014
vn -0.33085 0.0 0.943683
vn -0.33085 0.0 0.943683
vn -0.401036 0.0 0.916063
vn -0.401036 0.0 0.916063
vn -0.469582 0.0 0.882889
vn -0.469582 0.0 0.882889
vn -0.534646 0.0 0.845076
vn -0.534646 0.0 0.845076
vn -0.596762 0.0 0.802418
vn -0.596762 0.0 0.802418
vn -0.655766 0.0 0.754964
vn -0.655766 0.0 0.754964
vn -0.710664 0.0 0.703531
vn -0.710664 0.0 0.703531
vn -0.762029 0.0 0.647543
vn -0.762029 0.0 0.647543
vn -0.808677 0.0 0.588253
vn -0.808677 0.0 0.588253
vn -0.850787 0.0 0.525511
vn -0.850787 0.0 0.525511
vn -0.888126 0.0 0.459601
vn -0.888126 0.0 0.459601
vn -0.92022 0.0 0.391403
vn -0.92022 0.0 0.391403
vn -0.947191 0.0 0.320671
vn -0.947191 0.0 0.320671
vn -0.968644 0.0 0.248453
vn -0.968644 0.0 0.248453
vn -0.984676 0.0 0.174397
vn -0.984676 0.0 0.174397
vn -0.995022 0.0 0.099655
vn -0.995022 0.0 0.099655
vn -0.999707 0.0 0.024204
vn -0.999707 0.0 0.024204
vn -0.998681 0.0 -0.051349
vn -0.998681 0.0 -0.051349
vn -0.979578 0.0 -0.201064
vn -0.991949 0.0 -0.126636
vn -0.991949 0.0 -0.126636
vn -0.979578 0.0 -0.201064
vn -0.93807 0.0 -0.346444
vn -0.96157 0.0 -0.274561
vn -0.96157 0.0 -0.274561
vn -0.909232 0.0 -0.416289
vn -0.93807 0.0 -0.346444
vn -0.909232 0.0 -0.416289
vn -0.836365 0.0 -0.548173
vn -0.875215 0.0 -0.483734
vn -0.875215 0.0 -0.483734
vn -0.836365 0.0 -0.548173
vn -0.950218 0.0 0.311587
vn -0.950218 0.0 0.311587
vn 0.930597 0.0 -0.366046
vn 0.930597 0.0 -0.366046
vn 0.881626 0.0 -0.471948
vn 0.881626 0.0 -0.471948
vn 0.821032 0.0 -0.570883
vn 0.821032 0.0 -0.570883
vn 0.748723 0.0 -0.662883
vn 0.748723 0.0 -0.662883
vn 0.667154 0.0 -0.74492
vn 0.667154 0.0 -0.74492
vn 0.576598 0.0 -0.817028
vn 0.576598 0.0 -0.817028
vn 0.477241 0.0 -0.878773
vn 0.477241 0.0 -0.878773
vn 0.371852 0.0 -0.928292
vn 0.371852 0.0 -0.928292
vn 0.261779 0.0 -0.965128
vn 0.261779 0.0 -0.965128
vn 0.148259 0.0 -0.988949
vn 0.148259 0.0 -0.988949
vn 0.032432 0.0 -0.999474
vn 0.032432 0.0 -0.999474
vn -0.084552 -0.0 -0.996419
vn -0.084552 0.0 -0.996419
vn -0.199227 0.0 -0.979953
vn -0.199227 -0.0 -0.979953
vn -0.311582 0.0 -0.950219
vn -0.311582 -0.0 -0.950219
vn -0.419391 0.0 -0.907806
vn -0.419391 -0.0 -0.907806
vn -0.522376 0.0 -0.852715
vn -0.522376 -0.0 -0.852715
vn -0.61825 0.0 -0.785982
vn -0.61825 -0.0 -0.785982
vn -0.704567 0.0 -0.709637
vn -0.704567 -0.0 -0.709637
vn -0.782694 0.0 -0.622407
vn -0.782694 -0.0 -0.622407
vn -0.849354 0.0 -0.527823
vn -0.849354 -0.0 -0.527823
vn -0.904922 0.0 -0.425576
vn -0.904922 -0.0 -0.425576
vn -0.948297 0.0 -0.317384
vn -0.948297 -0.0 -0.317384
vn -0.978711 0.0 -0.205243
vn -0.978711 -0.0 -0.205243
vn -0.99592 0.0 -0.090237
vn -0.99592 -0.0 -0.090237
vn -0.999663 0.0 0.025973
vn -0.999663 0.0 0.025973
vn -0.989873 0.0 0.141954
vn -0.989873 0.0 0.141954
vn -0.966758 0.0 0.255692
vn -0.966758 0.0 0.255692
vn -0.930435 0.0 0.366457
vn -0.930435 0.0 0.366457
vn -0.881891 0.0 0.471452
vn -0.881891 0.0 0.471452
vn -0.820654 0.0 0.571426
vn -0.820654 0.0 0.571426
vn -0.749231 0.0 0.662308
vn -0.749231 0.0 0.662308
vn -0.667154 0.0 0.74492
vn -0.667154 0.0 0.74492
vn -0.575824 0.0 0.817573
vn -0.575824 0.0 0.817573
vn -0.477241 0.0 0.878773
vn -0.477241 0.0 0.878773
vn -0.37285 0.0 0.927892
vn -0.37285 0.0 0.927892
vn -0.261779 0.0 0.965128
vn -0.261779 0.0 0.965128
vn -0.148259 0.0 0.988949
vn -0.148259 0.0 0.988949
vn -0.031275 0.0 0.999511
vn -0.031275 0.0 0.999511
vn 0.083402 0.0 0.996516
vn 0.083402 0.0 0.996516
vn 0.199227 0.0 0.979953
vn 0.199227 0.0 0.979953
vn 0.311582 0.0 0.950219
vn 0.311582 0.0 0.950219
vn 0.420345 0.0 0.907364
vn 0.420345 0.0 0.907364
vn 0.522376 0.0 0.852715
vn 0.617534 -0.0 0.786544
vn 0.522376 0.0 0.852715
vn 0.617534 0.0 0.786544
vn 0.70515 0.0 0.709058
vn 0.70515 0.0 0.709058
vn 0.782236 0.0 0.622982
vn 0.849362 -0.0 0.52781
vn 0.782236 0.0 0.622982
vn 0.849362 0.0 0.52781
vn 0.905132 0.0 0.425131
vn 0.905132 0.0 0.425131
vn 0.94818 0.0 0.317732
vn 0.94818 0.0 0.317732
vn 0.978711 0.0 0.205243
vn 0.99592 -0.0 0.090237
vn 0.978711 0.0 0.205243
vn 0.99592 0.0 0.090237
vn 0.999663 0.0 -0.025973
vn 0.989897 0.0 -0.141791
vn 0.999663 0.0 -0.025973
vn 0.966683 0.0 -0.255978
vn 0.989897 0.0 -0.141791
vn 0.966683 0.0 -0.255978
vn 0.932655 0.0 -0.360771
vn 0.889671 0.0 -0.456603
vn 0.932655 0.0 -0.360771
vn 0.837132 0.0 -0.547002
vn 0.889671 0.0 -0.456603
vn 0.77533 0.0 -0.631556
vn 0.837132 0.0 -0.547002
vn 0.70554 0.0 -0.70867
vn 0.77533 0.0 -0.631556
vn 0.627049 0.0 -0.778979
vn 0.70554 0.0 -0.70867
vn 0.542619 0.0 -0.839979
vn 0.627049 0.0 -0.778979
vn 0.451142 0.0 -0.892452
vn 0.542619 0.0 -0.839979
vn 0.356095 0.0 -0.93445
vn 0.451142 0.0 -0.892452
vn 0.356095 0.0 -0.93445
vn 0.25592 0.0 -0.966698
vn 0.25592 0.0 -0.966698
vn 0.153544 0.0 -0.988142
vn 0.153544 0.0 -0.988142
vn 0.050114 0.0 -0.998743
vn 0.050114 0.0 -0.998743
vn -0.055444 0.0 -0.998462
vn -0.055444 -0.0 -0.998462
vn -0.158879 0.0 -0.987298
vn -0.261245 0.0 -0.965273
vn -0.158879 0.0 -0.987298
vn -0.361387 0.0 -0.932416
vn -0.261245 0.0 -0.965273
vn -0.361387 0.0 -0.932416
vn -0.45636 0.0 -0.889795
vn -0.546224 0.0 -0.837639
vn -0.45636 -0.0 -0.889795
vn -0.546224 0.0 -0.837639
vn -0.631946 0.0 -0.775013
vn -0.631946 -0.0 -0.775013
vn -0.709037 0.0 -0.705172
vn -0.709037 -0.0 -0.705172
vn -0.778653 0.0 -0.627455
vn -0.840166 0.0 -0.542329
vn -0.778653 -0.0 -0.627455
vn -0.840166 0.0 -0.542329
vn -0.892285 0.0 -0.451473
vn -0.892285 -0.0 -0.451473
vn -0.934475 0.0 -0.356029
vn -0.934475 -0.0 -0.356029
vn -0.966654 0.0 -0.256085
vn -0.966654 -0.0 -0.256085
vn -0.988118 0.0 -0.153694
vn -0.988118 -0.0 -0.153694
vn -0.998765 0.0 -0.049685
vn -0.998765 -0.0 -0.049685
vn -0.998486 0.0 0.055013
vn -0.998486 0.0 0.055013
vn -0.987264 0.0 0.159091
vn -0.987264 0.0 0.159091
vn -0.965204 0.0 0.261498
vn -0.965204 0.0 0.261498
vn -0.932655 0.0 0.360771
vn -0.932655 0.0 0.360771
vn -0.889671 0.0 0.456603
vn -0.889671 0.0 0.456603
vn -0.837132 0.0 0.547002
vn -0.837132 0.0 0.547002
vn -0.77533 0.0 0.631556
vn -0.77533 0.0 0.631556
vn -0.70554 0.0 0.70867
vn -0.70554 0.0 0.70867
vn -0.627049 0.0 0.778979
vn -0.627049 0.0 0.778979
vn -0.542619 0.0 0.839979
vn -0.542619 0.0 0.839979
vn -0.451142 0.0 0.892452
vn -0.451142 0.0 0.892452
vn -0.356095 0.0 0.93445
vn -0.356095 0.0 0.93445
vn -0.25592 0.0 0.966698
vn -0.25592 0.0 0.966698
vn -0.153544 0.0 0.988142
vn -0.153544 0.0 0.988142
vn -0.050114 0.0 0.998743
vn -0.050114 0.0 0.998743
vn 0.055444 0.0 0.998462
vn 0.158879 -0.0 0.987298
vn 0.055444 0.0 0.998462
vn 0.261245 -0.0 0.965273
vn 0.158879 0.0 0.987298
vn 0.361387 -0.0 0.932416
vn 0.261245 0.0 0.965273
vn 0.45636 -0.0 0.889795
vn 0.361387 0.0 0.932416
vn 0.45636 0.0 0.889795
vn 0.546224 0.0 0.837639
vn 0.631946 -0.0 0.775013
vn 0.546224 0.0 0.837639
vn 0.709037 -0.0 0.705172
vn 0.631946 0.0 0.775013
vn 0.778653 -0.0 0.627455
vn 0.709037 0.0 0.705172
vn 0.778653 0.0 0.627455
vn 0.840166 0.0 0.542329
vn 0.892285 -0.0 0.451473
vn 0.840166 0.0 0.542329
vn 0.934475 -0.0 0.356029
vn 0.892285 0.0 0.451473
vn 0.966654 -0.0 0.256085
vn 0.934475 0.0 0.356029
vn 0.988118 -0.0 0.153694
vn 0.966654 0.0 0.256085
vn 0.988118 0.0 0.153694
vn 0.998765 0.0 0.049685
vn 0.998486 0.0 -0.055013
vn 0.998765 0.0 0.049685
vn 0.987264 0.0 -0.159091
vn 0.998486 0.0 -0.055013
vn 0.987264 0.0 -0.159091
vn 0.965204 0.0 -0.261498
vn 0.965204 0.0 -0.261498
vn -0.1849 0.0 -0.982757
vn -0.1849 0.0 -0.982757
vn -0.124331 0.0 -0.992241
vn -0.124331 0.0 -0.992241
vn -0.063758 0.0 -0.997965
vn -0.063758 0.0 -0.997965
vn -0.001913 0.0 -0.999998
vn -0.001913 0.0 -0.999998
vn 0.058659 0.0 -0.998278
vn 0.058659 0.0 -0.998278
vn 0.119867 0.0 -0.99279
vn 0.119867 0.0 -0.99279
vn 0.181059 0.0 -0.983472
vn 0.181059 0.0 -0.983472
vn 0.240374 0.0 -0.97068
vn 0.240374 0.0 -0.97068
vn 0.299647 0.0 -0.95405
vn 0.299647 0.0 -0.95405
vn 0.357089 0.0 -0.93407
vn 0.357089 0.0 -0.93407
vn 0.4138 0.0 -0.910368
vn 0.4138 0.0 -0.910368
vn 0.469173 0.0 -0.883106
vn 0.469173 0.0 -0.883106
vn 0.521676 0.0 -0.853144
vn 0.521676 0.0 -0.853144
vn 0.573658 0.0 -0.819095
vn 0.573658 0.0 -0.819095
vn 0.622321 0.0 -0.782763
vn 0.622321 0.0 -0.782763
vn 0.668982 0.0 -0.743278
vn 0.668982 0.0 -0.743278
vn 0.713434 0.0 -0.700723
vn 0.713434 0.0 -0.700723
vn 0.754942 0.0 -0.655792
vn 0.754942 0.0 -0.655792
vn 0.793751 0.0 -0.608243
vn 0.793751 0.0 -0.608243
vn 0.829491 0.0 -0.55852
vn 0.829491 0.0 -0.55852
vn 0.862103 0.0 -0.506733
vn 0.862103 0.0 -0.506733
vn 0.89163 0.0 -0.452766
vn 0.89163 0.0 -0.452766
vn 0.917586 0.0 -0.397538
vn 0.917586 0.0 -0.397538
vn 0.940251 0.0 -0.340482
vn 0.940251 0.0 -0.340482
vn -0.875927 0.0 -0.482443
vn -0.875927 0.0 -0.482443
vn 0.311578 -0.0 0.95022
vn 0.311578 -0.0 0.95022
vn 0.950216 0.0 -0.311591
vn 0.950216 0.0 -0.311591
vn 0.0 1.0 0.0
vn 0.0 1.0 0.0
vn 0.0 1.0 0.0
vn 0.0 1.0 0.0
vn 0.0 1.0 0.0
vn 0.0 1.0 0.0
vn 0.0 1.0 0.0
vn 0.0 1.0 0.0
vn 0.0 1.0 0.0
vn 0.0 1.0 0.0
vn 0.0 1.0 0.0
vn 0.0 1.0 0.0
vn 0.0 1.0 0.0
vn 0.0 1.0 0.0
vn 0.0 1.0 0.0
vn 0.0 1.0 0.0
vn 0.0 1.0 0.0
vn 0.0 1.0 0.0
vn 0.0 1.0 0.0
vn 0.0 1.0 0.0
vn 0.0 1.0 0.0
vn 0.0 1.0 0.0
vn 0.0 1.0 0.0
vn 0.0 1.0 0.0
vn 0.0 1.0 0.0
vn 0.0 1.0 0.0
vn 0.0 1.0 0.0
vn 0.0 1.0 0.0
vn 0.0 1.0 0.0
vn 0.0 1.0 0.0
vn 0.0 1.0 0.0
vn 0.0 1.0 0.0
vn 0.0 1.0 0.0
vn 0.0 1.0 0.0
vn 0.0 1.0 0.0
vn 0.0 1.0 0.0
vn 0.0 1.0 0.0
vn 0.0 1.0 0.0
vn 0.0 1.0 0.0
vn 0.0 1.0 0.0
vn 0.0 1.0 0.0
vn -0.0 1.0 0.0
vn 0.0 1.0 0.0
vn 0.0 1.0 0.0
vn 0.0 1.0 0.0
vn -0.0 1.0 0.0
vn -0.0 1.0 0.0
vn 0.0 1.0 0.0
vn 0.0 1.0 0.0
vn -0.0 1.0 0.0
vn 0.0 1.0 0.0
vn 0.0 1.0 0.0
vn -0.0 1.0 0.0
vn 0.0 1.0 0.0
vn 0.0 1.0 0.0
vn 0.0 1.0 0.0
vn 0.0 1.0 0.0
vn 0.0 1.0 0.0
vn 0.0 1.0 0.0
vn 0.0 1.0 0.0
vn 0.0 1.0 0.0
vn 0.0 1.0 0.0
vn 0.0 1.0 0.0
vn 0.0 1.0 0.0
vn 0.0 1.0 0.0
vn 0.0 1.0 0.0
vn 0.0 1.0 0.0
vn 0.0 1.0 0.0
vn 0.0 1.0 0.0
vn -0.0 1.0 0.0
vn -0.0 1.0 0.0
vn -0.0 1.0 0.0
vn -0.0 1.0 0.0
vn -0.0 1.0 0.0
vn -0.0 1.0 0.0
vn -0.0 1.0 0.0
vn -0.0 1.0 0.0
vn -0.0 1.0 0.0
vn -0.0 1.0 0.0
vn 0.0 1.0 0.0
vn 0.0 1.0 0.0
vn 0.0 1.0 0.0
vn 0.0 1.0 0.0
vn 0.0 1.0 0.0
vn 0.0 1.0 0.0
vn 0.0 1.0 0.0
vn 0.0 1.0 0.0
vn 0.0 1.0 0.0
vn 0.0 1.0 0.0
vn 0.0 1.0 0.0
vn 0.0 1.0 0.0
vn 0.0 1.0 0.0
vn 0.0 1.0 0.0
vn 0.0 1.0 0.0
vn 0.0 1.0 0.0
vn 0.0 1.0 0.0
vn 0.0 1.0 0.0
vn 0.0 1.0 0.0
vn 0.0 1.0 0.0
vn 0.0 1.0 0.0
vn 0.0 1.0 -0.0
vn 0.0 1.0 -0.0
vn 0.0 1.0 0.0
vn 0.0 1.0 0.0
vn 0.0 1.0 0.0
vn 0.0 1.0 0.0
vn 0.0 1.0 0.0
vn 0.0 1.0 -0.0
vn 0.0 1.0 0.0
vn 0.0 1.0 0.0
vn 0.0 1.0 0.0
vn 0.0 1.0 0.0
vn 0.0 1.0 0.0
vn 0.0 1.0 0.0
vn 0.0 1.0 0.0
vn -0.0 1.0 0.0
vn 0.0 1.0 0.0
vn 0.0 1.0 0.0
vn 0.0 1.0 0.0
vn 0.0 1.0 0.0
vn 0.0 1.0 0.0
vn 0.0 1.0 0.0
vn 0.0 1.0 0.0
vn 0.0 1.0 0.0
vn 0.0 1.0 0.0
vn 0.0 1.0 0.0
vn 0.0 1.0 0.0
vn 0.0 1.0 0.0
vn 0.0 1.0 0.0
vn 0.0 1.0 0.0
vn 0.0 1.0 0.0
vn 0.0 1.0 0.0
vn 0.0 1.0 0.0
vn 0.0 1.0 0.0
vn 0.0 1.0 0.0
vn 0.0 1.0 0.0
vn 0.0 1.0 0.0
vn 0.0 1.0 0.0
vn 0.0 1.0 0.0
vn 0.0 1.0 0.0
vn 0.0 1.0 0.0
vn 0.0 1.0 0.0
vn 0.0 1.0 0.0
vn 0.0 1.0 0.0
vn 0.0 1.0 0.0
vn 0.0 1.0 0.0
vn 0.0 1.0 0.0
vn 0.0 1.0 0.0
vn 0.0 1.0 0.0
vn 0.0 1.0 0.0
vn 0.0 1.0 0.0
vn 0.0 1.0 0.0
vn 0.0 1.0 0.0
vn 0.0 1.0 0.0
vn 0.0 1.0 0.0
vn 0.0 1.0 0.0
vn 0.0 1.0 0.0
vn 0.0 1.0 0.0
vn 0.0 1.0 0.0
vn 0.0 1.0 0.0
vn 0.0 1.0 0.0
vn 0.0 1.0 0.0
vn 0.0 1.0 0.0
vn 0.0 1.0 0.0
vn 0.0 1.0 0.0
vn 0.0 1.0 0.0
vn 0.0 1.0 0.0
vn 0.0 1.0 0.0
vn 0.0 1.0 0.0
vn 0.0 1.0 0.0
vn 0.0 1.0 0.0
vn 0.0 1.0 0.0
vn 0.0 1.0 0.0
vn 0.0 1.0 0.0
vn 0.0 1.0 0.0
vn 0.0 1.0 0.0
vn 0.0 1.0 0.0
vn 0.0 1.0 0.0
vn 0.0 1.0 0.0
vn 0.0 1.0 0.0
vn 0.0 1.0 0.0
vn 0.0 1.0 0.0
vn 0.0 1.0 0.0
vn 0.0 1.0 0.0
vn 0.0 1.0 0.0
vn 0.0 1.0 0.0
vn 0.0 1.0 0.0
vn 0.0 1.0 0.0
vn 0.0 1.0 0.0
vn 0.0 1.0 0.0
vn 0.0 -1.0 0.0
vn -0.0 -1.0 0.0
vn 0.0 -1.0 0.0
vn 0.0 -1.0 0.0
vn 0.0 -1.0 0.0
vn 0.0 -1.0 0.0
vn -0.0 -1.0 0.0
vn 0.0 -1.0 0.0
vn 0.0 -1.0 0.0
vn -0.0 -1.0 0.0
vn 0.0 -1.0 0.0
vn 0.0 -1.0 0.0
vn 0.0 -1.0 0.0
vn 0.0 -1.0 0.0
vn 0.0 -1.0 0.0
vn -0.0 -1.0 0.0
vn 0.0 -1.0 0.0
vn 0.0 -1.0 0.0
vn 0.0 -1.0 0.0
vn 0.0 -1.0 0.0
vn 0.0 -1.0 0.0
vn 0.0 -1.0 0.0
vn 0.0 -1.0 0.0
vn 0.0 -1.0 0.0
vn 0.0 -1.0 0.0
vn 0.0 -1.0 0.0
vn 0.0 -1.0 0.0
vn 0.0 -1.0 0.0
vn 0.0 -1.0 0.0
vn 0.0 -1.0 0.0
vn 0.0 -1.0 0.0
vn 0.0 -1.0 0.0
vn 0.0 -1.0 0.0
vn 0.0 -1.0 0.0
vn 0.0 -1.0 0.0
vn 0.0 -1.0 0.0
vn 0.0 -1.0 0.0
vn 0.0 -1.0 0.0
vn 0.0 -1.0 0.0
vn 0.0 -1.0 0.0
vn 0.0 -1.0 0.0
vn 0.0 -1.0 0.0
vn 0.0 -1.0 0.0
vn 0.0 -1.0 0.0
vn 0.0 -1.0 0.0
vn 0.0 -1.0 0.0
vn 0.0 -1.0 0.0
vn 0.0 -1.0 0.0
vn 0.0 -1.0 0.0
vn 0.0 -1.0 0.0
vn 0.0 -1.0 0.0
vn -0.0 -1.0 0.0
vn 0.0 -1.0 0.0
vn -0.0 -1.0 0.0
vn 0.0 -1.0 0.0
vn 0.0 -1.0 0.0
vn -0.0 -1.0 0.0
vn 0.0 -1.0 0.0
vn 0.0 -1.0 0.0
vn 0.0 -1.0 0.0
vn 0.0 -1.0 0.0
vn 0.0 -1.0 0.0
vn 0.0 -1.0 0.0
vn 0.0 -1.0 0.0
vn 0.0 -1.0 0.0
vn 0.0 -1.0 0.0
vn -0.0 -1.0 0.0
vn 0.0 -1.0 0.0
vn 0.0 -1.0 0.0
vn 0.0 -1.0 0.0
vn 0.0 -1.0 0.0
vn 0.0 -1.0 0.0
vn -0.0 -1.0 0.0
vn 0.0 -1.0 0.0
vn 0.0 -1.0 0.0
vn -0.0 -1.0 0.0
vn 0.0 -1.0 0.0
vn -0.0 -1.0 0.0
vn 0.0 -1.0 0.0
vn -0.0 -1.0 0.0
vn 0.0 -1.0 0.0
vn -0.0 -1.0 0.0
vn 0.0 -1.0 0.0
vn 0.0 -1.0 0.0
vn 0.0 -1.0 0.0
vn -0.0 -1.0 0.0
vn 0.0 -1.0 0.0
vn 0.0 -1.0 0.0
vn -0.0 -1.0 0.0
vn 0.0 -1.0 0.0
vn 0.0 -1.0 0.0
vn -0.0 -1.0 0.0
vn 0.0 -1.0 0.0
vn -0.0 -1.0 0.0
vn 0.0 -1.0 0.0
vn 0.0 -1.0 0.0
vn 0.0 -1.0 0.0
vn 0.0 -1.0 0.0
vn 0.0 -1.0 0.0
vn 0.0 -1.0 0.0
vn 0.0 -1.0 0.0
vn 0.0 -1.0 0.0
vn 0.0 -1.0 0.0
vn 0.0 -1.0 0.0
vn 0.0 -1.0 0.0
vn 0.0 -1.0 0.0
vn 0.0 -1.0 0.0
vn 0.0 -1.0 0.0
vn 0.0 -1.0 0.0
vn 0.0 -1.0 0.0
vn 0.0 -1.0 0.0
vn 0.0 -1.0 0.0
vn 0.0 -1.0 0.0
vn 0.0 -1.0 0.0
vn 0.0 -1.0 0.0
vn -0.0 -1.0 0.0
vn -0.0 -1.0 0.0
vn 0.0 -1.0 0.0
vn 0.0 -1.0 0.0
vn 0.0 -1.0 0.0
vn 0.0 -1.0 0.0
vn 0.0 -1.0 0.0
vn -0.0 -1.0 0.0
vn -0.0 -1.0 0.0
vn 0.0 -1.0 0.0
vn -0.0 -1.0 0.0
vn 0.0 -1.0 0.0
vn 0.0 -1.0 0.0
vn 0.0 -1.0 0.0
vn -0.0 -1.0 0.0
vn 0.0 -1.0 0.0
vn 0.0 -1.0 0.0
vn 0.0 -1.0 0.0
vn 0.0 -1.0 0.0
vn 0.0 -1.0 0.0
vn 0.0 -1.0 0.0
vn 0.0 -1.0 0.0
vn 0.0 -1.0 0.0
vn 0.0 -1.0 0.0
vn 0.0 -1.0 0.0
vn 0.0 -1.0 0.0
vn 0.0 -1.0 0.0
vn 0.0 -1.0 0.0
vn 0.0 -1.0 0.0
vn 0.0 -1.0 0.0
vn 0.0 -1.0 0.0
vn 0.0 -1.0 0.0
vn 0.0 -1.0 0.0
vn 0.0 -1.0 0.0
vn 0.0 -1.0 0.0
vn 0.0 -1.0 0.0
vn 0.0 -1.0 0.0
vn 0.0 -1.0 0.0
vn 0.0 -1.0 0.0
vn 0.0 -1.0 0.0
vn 0.0 -1.0 0.0
vn 0.0 -1.0 0.0
vn 0.0 -1.0 0.0
vn 0.0 -1.0 0.0
vn 0.0 -1.0 0.0
vn 0.0 -1.0 0.0
vn 0.0 -1.0 0.0
vn 0.0 -1.0 0.0
vn 0.0 -1.0 0.0
vn 0.0 -1.0 0.0
vn 0.0 -1.0 0.0
vn 0.0 -1.0 0.0
vn 0.0 -1.0 0.0
vn 0.0 -1.0 0.0
vn 0.0 -1.0 0.0
vn 0.0 -1.0 0.0
vn 0.0 -1.0 0.0
vn -0.0 -1.0 0.0
vn -0.0 -1.0 0.0
vn -0.0 -1.0 0.0
vn -0.0 -1.0 0.0
vn 0.0 -1.0 0.0
vn -0.0 -1.0 0.0
vn 0.0 -1.0 0.0
vn 0.0 -1.0 0.0
vn 0.0 -1.0 0.0
vn 0.0 -1.0 0.0
vn 0.0 -1.0 0.0
vn 0.0 -1.0 0.0
vn 0.0 -1.0 0.0
vn 0.0 -1.0 0.0
vn 0.0 -1.0 0.0
vn 0.0 -1.0 0.0
vn 0.0 -1.0 0.0
vn 0.0 -1.0 0.0
vn 0.962003 0.0 -0.273039
vn 0.962003 0.0 -0.273039
vn 0.980838 0.0 -0.194823
vn 0.980838 0.0 -0.194823
vn 0.993339 0.0 -0.115226
vn 0.993339 0.0 -0.115226
vn 0.99939 0.0 -0.03492
vn 0.99939 0.0 -0.03492
vn 0.998959 -0.0 0.045614
vn 0.998959 0.0 0.045614
vn 0.992046 -0.0 0.125875
vn 0.992046 0.0 0.125875
vn 0.978724 0.0 0.205181
vn 0.978724 -0.0 0.205181
vn 0.958998 0.0 0.283414
vn 0.958998 -0.0 0.283414
vn 0.933084 0.0 0.35966
vn 0.933084 -0.0 0.35966
vn 0.901192 0.0 0.433421
vn 0.901192 -0.0 0.433421
vn 0.863361 0.0 0.504587
vn 0.863361 -0.0 0.504587
vn 0.819868 0.0 0.572553
vn 0.819868 -0.0 0.572553
vn 0.771219 0.0 0.636569
vn 0.771219 -0.0 0.636569
vn 0.717292 0.0 0.696772
vn 0.717292 -0.0 0.696772
vn 0.659434 0.0 0.751763
vn 0.659434 -0.0 0.751763
vn 0.59603 0.0 0.802962
vn 0.59603 -0.0 0.802962
vn 0.530217 0.0 0.847862
vn 0.530217 -0.0 0.847862
vn 0.460002 0.0 0.887918
vn 0.460002 -0.0 0.887918
vn 0.387208 0.0 0.921993
vn 0.387208 -0.0 0.921993
vn 0.311281 0.0 0.950318
vn 0.311281 -0.0 0.950318
vn 0.23442 0.0 0.972135
vn 0.23442 -0.0 0.972135
vn 0.155215 0.0 0.987881
vn 0.155215 -0.0 0.987881
vn 0.075186 0.0 0.99717
vn 0.075186 -0.0 0.99717
vn -0.005659 0.0 0.999984
vn -0.005659 0.0 0.999984
vn -0.085696 0.0 0.996321
vn -0.085696 0.0 0.996321
vn -0.165726 0.0 0.986172
vn -0.165726 0.0 0.986172
vn -0.244924 0.0 0.969542
vn -0.244924 0.0 0.969542
vn -0.321755 0.0 0.946823
vn -0.321755 0.0 0.946823
vn -0.396248 0.0 0.918143
vn -0.396248 0.0 0.918143
vn -0.469644 0.0 0.882856
vn -0.469644 0.0 0.882856
vn -0.539145 0.0 0.842213
vn -0.539145 0.0 0.842213
vn -0.604824 0.0 0.796359
vn -0.604824 0.0 0.796359
vn -0.667019 0.0 0.74504
vn -0.667019 0.0 0.74504
vn -0.72501 0.0 0.688739
vn -0.72501 0.0 0.688739
vn -0.777867 0.0 0.628429
vn -0.777867 0.0 0.628429
vn -0.826088 0.0 0.563541
vn -0.826088 0.0 0.563541
vn -0.868777 0.0 0.495203
vn -0.868777 0.0 0.495203
vn -0.905672 0.0 0.423978
vn -0.905672 0.0 0.423978
vn -0.936909 0.0 0.349573
vn -0.936909 0.0 0.349573
vn -0.96199 0.0 0.273086
vn -0.980838 0.0 0.194823
vn -0.96199 0.0 0.273086
vn -0.993345 0.0 0.115176
vn -0.980838 0.0 0.194823
vn -0.99939 0.0 0.03492
vn -0.993345 0.0 0.115176
vn -0.99939 0.0 0.03492
vn -0.998961 -0.0 -0.045563
vn -0.998961 0.0 -0.045563
vn -0.992046 -0.0 -0.125875
vn -0.992046 0.0 -0.125875
vn -0.978714 -0.0 -0.205229
vn -0.958998 -0.0 -0.283414
vn -0.978714 0.0 -0.205229
vn -0.933084 -0.0 -0.35966
vn -0.958998 0.0 -0.283414
vn -0.901192 -0.0 -0.433421
vn -0.933084 0.0 -0.35966
vn -0.863361 -0.0 -0.504587
vn -0.901192 0.0 -0.433421
vn -0.819868 -0.0 -0.572553
vn -0.863361 0.0 -0.504587
vn -0.771219 -0.0 -0.636569
vn -0.819868 0.0 -0.572553
vn -0.717292 -0.0 -0.696772
vn -0.771219 0.0 -0.636569
vn -0.659434 -0.0 -0.751763
vn -0.717292 0.0 -0.696772
vn -0.596575 -0.0 -0.802557
vn -0.659434 0.0 -0.751763
vn -0.529635 -0.0 -0.848225
vn -0.596575 0.0 -0.802557
vn -0.459981 -0.0 -0.887929
vn -0.529635 0.0 -0.848225
vn -0.387208 -0.0 -0.921993
vn -0.459981 0.0 -0.887929
vn -0.311281 -0.0 -0.950318
vn -0.387208 0.0 -0.921993
vn -0.23442 -0.0 -0.972135
vn -0.311281 0.0 -0.950318
vn -0.155223 -0.0 -0.987879
vn -0.23442 0.0 -0.972135
vn -0.075182 -0.0 -0.99717
vn -0.155223 0.0 -0.987879
vn 0.005659 0.0 -0.999984
vn -0.075182 0.0 -0.99717
vn 0.085692 0.0 -0.996322
vn 0.005659 0.0 -0.999984
vn 0.165726 0.0 -0.986172
vn 0.085692 0.0 -0.996322
vn 0.244164 0.0 -0.969734
vn 0.165726 0.0 -0.986172
vn 0.321755 0.0 -0.946823
vn 0.244164 0.0 -0.969734
vn 0.39693 0.0 -0.917849
vn 0.321755 0.0 -0.946823
vn 0.469644 0.0 -0.882856
vn 0.39693 0.0 -0.917849
vn 0.539145 0.0 -0.842213
vn 0.469644 0.0 -0.882856
vn 0.539145 0.0 -0.842213
vn 0.604824 0.0 -0.796359
vn 0.604824 0.0 -0.796359
vn 0.667019 0.0 -0.74504
vn 0.667019 0.0 -0.74504
vn 0.725035 0.0 -0.688712
vn 0.725035 0.0 -0.688712
vn 0.777867 0.0 -0.628429
vn 0.777867 0.0 -0.628429
vn 0.826065 0.0 -0.563575
vn 0.826065 0.0 -0.563575
vn 0.868777 0.0 -0.495203
vn 0.868777 0.0 -0.495203
vn 0.905692 0.0 -0.423937
vn 0.905692 0.0 -0.423937
vn 0.936893 0.0 -0.349617
vn 0.936893 0.0 -0.349617
vn -0.294842 0.0 -0.955546
vn -0.294842 0.0 -0.955546
vn -0.260634 0.0 -0.965438
vn -0.260634 0.0 -0.965438
vn -0.226392 0.0 -0.974036
vn -0.191787 -0.0 -0.981437
vn -0.226392 0.0 -0.974036
vn -0.157183 -0.0 -0.98757
vn -0.191787 0.0 -0.981437
vn -0.121846 -0.0 -0.992549
vn -0.157183 0.0 -0.98757
vn -0.086874 -0.0 -0.996219
vn -0.121846 0.0 -0.992549
vn -0.051536 -0.0 -0.998671
vn -0.086874 0.0 -0.996219
vn -0.016197 -0.0 -0.999869
vn -0.051536 0.0 -0.998671
vn 0.019142 0.0 -0.999817
vn -0.016197 0.0 -0.999869
vn 0.05448 0.0 -0.998515
vn 0.019142 0.0 -0.999817
vn 0.08982 0.0 -0.995958
vn 0.05448 0.0 -0.998515
vn 0.125153 0.0 -0.992137
vn 0.08982 0.0 -0.995958
vn 0.159767 0.0 -0.987155
vn 0.125153 0.0 -0.992137
vn 0.194735 0.0 -0.980856
vn 0.159767 0.0 -0.987155
vn 0.194735 0.0 -0.980856
vn -0.311584 0.0 -0.950219
vn -0.311584 -0.0 -0.950219
vn 0.355233 0.0 0.934778
vn 0.355233 0.0 0.934778
vn 0.439844 0.0 0.898074
vn 0.439844 0.0 0.898074
vn 0.520685 0.0 0.853749
vn 0.520685 0.0 0.853749
vn 0.597601 0.0 0.801793
vn 0.597601 0.0 0.801793
vn 0.669017 0.0 0.743247
vn 0.669017 0.0 0.743247
vn 0.734299 0.0 0.678827
vn 0.734299 0.0 0.678827
vn 0.794098 0.0 0.60779
vn 0.794098 0.0 0.60779
vn 0.846755 0.0 0.531983
vn 0.846755 0.0 0.531983
vn 0.892351 0.0 0.451342
vn 0.892351 0.0 0.451342
vn 0.930001 0.0 0.367557
vn 0.930001 0.0 0.367557
vn 0.960053 0.0 0.27982
vn 0.960053 0.0 0.27982
vn 0.981759 0.0 0.190128
vn 0.981759 0.0 0.190128
vn 0.995115 0.0 0.098724
vn 0.995115 0.0 0.098724
vn 0.999979 0.0 0.00652
vn 0.999979 0.0 0.00652
vn 0.996315 0.0 -0.085768
vn 0.996315 0.0 -0.085768
vn 0.984146 0.0 -0.17736
vn 0.984146 0.0 -0.17736
vn 0.963572 0.0 -0.26745
vn 0.963572 0.0 -0.26745
vn 0.934854 0.0 -0.355033
vn 0.934854 0.0 -0.355033
vn 0.89813 0.0 -0.439729
vn 0.89813 0.0 -0.439729
vn 0.853549 0.0 -0.521013
vn 0.853549 0.0 -0.521013
vn 0.801829 0.0 -0.597553
vn 0.801829 0.0 -0.597553
vn 0.743393 0.0 -0.668854
vn 0.743393 0.0 -0.668854
vn 0.678534 0.0 -0.734569
vn 0.678534 0.0 -0.734569
vn 0.607967 0.0 -0.793963
vn 0.607967 0.0 -0.793963
vn 0.531914 0.0 -0.846798
vn 0.531914 0.0 -0.846798
vn 0.451952 0.0 -0.892042
vn 0.451952 0.0 -0.892042
vn 0.366625 0.0 -0.930369
vn 0.366625 0.0 -0.930369
vn 0.280054 0.0 -0.959984
vn 0.280054 0.0 -0.959984
vn 0.190749 0.0 -0.981639
vn 0.190749 0.0 -0.981639
vn 0.098684 0.0 -0.995119
vn 0.098684 0.0 -0.995119
vn 0.006578 0.0 -0.999978
vn 0.006578 0.0 -0.999978
vn -0.086457 0.0 -0.996256
vn -0.086457 -0.0 -0.996256
vn -0.176693 -0.0 -0.984266
vn -0.176693 0.0 -0.984266
vn -0.26781 -0.0 -0.963472
vn -0.26781 0.0 -0.963472
vn 0.311583 0.0 0.950219
vn 0.311583 0.0 0.950219
vn 0.73775 0.0 0.675074
vn 0.73775 -0.0 0.675074
vn 0.713417 0.0 0.70074
vn 0.713417 -0.0 0.70074
vn 0.68831 0.0 0.725417
vn 0.68831 -0.0 0.725417
vn 0.662191 0.0 0.749335
vn 0.662191 -0.0 0.749335
vn 0.635078 0.0 0.772448
vn 0.635078 -0.0 0.772448
vn 0.607429 0.0 0.794374
vn 0.607429 -0.0 0.794374
vn 0.57904 0.0 0.815299
vn 0.57904 -0.0 0.815299
vn 0.549924 0.0 0.835215
vn 0.549924 -0.0 0.835215
vn 0.520087 0.0 0.854113
vn 0.520087 -0.0 0.854113
vn 0.489265 0.0 0.872135
vn 0.489265 -0.0 0.872135
vn 0.458296 0.0 0.8888
vn 0.458296 -0.0 0.8888
vn 0.426621 0.0 0.90443
vn 0.426621 -0.0 0.90443
vn 0.394261 0.0 0.918999
vn 0.394261 -0.0 0.918999
vn 0.361492 0.0 0.932375
vn 0.361492 -0.0 0.932375
vn 0.328356 0.0 0.944554
vn 0.328356 -0.0 0.944554
vn 0.181851 0.0 -0.983326
vn 0.181851 0.0 -0.983326
vn 0.118964 0.0 -0.992899
vn 0.118964 0.0 -0.992899
vn 0.057298 0.0 -0.998357
vn 0.057298 0.0 -0.998357
vn -0.006228 0.0 -0.999981
vn -0.006228 -0.0 -0.999981
vn -0.068511 0.0 -0.99765
vn -0.068511 -0.0 -0.99765
vn -0.130797 -0.0 -0.991409
vn -0.130797 0.0 -0.991409
vn -0.192461 -0.0 -0.981304
vn -0.192461 0.0 -0.981304
vn -0.254104 -0.0 -0.967177
vn -0.254104 0.0 -0.967177
vn -0.313915 -0.0 -0.949451
vn -0.313915 0.0 -0.949451
vn -0.373054 -0.0 -0.927809
vn -0.373054 0.0 -0.927809
vn -0.430381 -0.0 -0.902647
vn -0.430381 0.0 -0.902647
vn -0.48635 -0.0 -0.873764
vn -0.48635 0.0 -0.873764
vn -0.539972 -0.0 -0.841683
vn -0.539972 0.0 -0.841683
vn -0.591261 -0.0 -0.806481
vn -0.591261 0.0 -0.806481
vn -0.641313 -0.0 -0.76728
vn -0.641313 0.0 -0.76728
vn -0.687732 -0.0 -0.725965
vn -0.687732 0.0 -0.725965
vn -0.731922 0.0 -0.681388
vn -0.731922 -0.0 -0.681388
vn -0.773383 0.0 -0.633939
vn -0.773383 -0.0 -0.633939
vn -0.811526 0.0 -0.584316
vn -0.811526 -0.0 -0.584316
vn -0.846508 0.0 -0.532376
vn -0.846508 -0.0 -0.532376
vn -0.878246 0.0 -0.478208
vn -0.878246 -0.0 -0.478208
vn -0.906548 0.0 -0.422103
vn -0.906548 -0.0 -0.422103
vn -0.93119 0.0 -0.364534
vn -0.93119 -0.0 -0.364534
vn -0.952215 0.0 -0.30543
vn -0.952215 -0.0 -0.30543
vn -0.969451 0.0 -0.245283
vn -0.969451 -0.0 -0.245283
vn -0.982943 -0.0 -0.183912
vn -0.982943 0.0 -0.183912
vn -0.992544 0.0 -0.121889
vn -0.992544 -0.0 -0.121889
vn -0.99823 -0.0 -0.05947
vn -0.99823 0.0 -0.05947
vn -0.999995 0.0 0.003232
vn -0.999995 0.0 0.003232
vn -0.997826 0.0 0.065907
vn -0.997826 0.0 0.065907
vn -0.991742 0.0 0.128248
vn -0.991742 0.0 0.128248
vn -0.981726 0.0 0.190303
vn -0.981726 0.0 0.190303
vn -0.967885 0.0 0.251392
vn -0.967885 0.0 0.251392
vn -0.950232 0.0 0.311542
vn -0.950232 0.0 0.311542
vn -0.928791 0.0 0.370605
vn -0.928791 0.0 0.370605
vn -0.903754 0.0 0.428053
vn -0.903754 0.0 0.428053
vn -0.875129 0.0 0.48389
vn -0.875129 0.0 0.48389
vn -0.843171 0.0 0.537646
vn -0.843171 0.0 0.537646
vn -0.807742 0.0 0.589536
vn -0.807742 0.0 0.589536
vn -0.76919 0.0 0.63902
vn -0.76919 0.0 0.63902
vn -0.727533 0.0 0.686072
vn -0.727533 0.0 0.686072
vn -0.683225 0.0 0.730208
vn -0.683225 0.0 0.730208
vn -0.635947 0.0 0.771732
vn -0.635947 0.0 0.771732
vn -0.586615 0.0 0.809866
vn -0.586615 0.0 0.809866
vn -0.534415 0.0 0.845222
vn -0.534415 0.0 0.845222
vn -0.480259 0.0 0.877127
vn -0.480259 0.0 0.877127
vn -0.424732 0.0 0.905319
vn -0.424732 0.0 0.905319
vn -0.366863 0.0 0.930275
vn -0.366863 0.0 0.930275
vn -0.307701 0.0 0.951483
vn -0.307701 0.0 0.951483
vn -0.247871 0.0 0.968793
vn -0.247871 0.0 0.968793
vn -0.186232 0.0 0.982506
vn -0.186232 0.0 0.982506
vn -0.124562 0.0 0.992212
vn -0.124562 0.0 0.992212
vn -0.062281 0.0 0.998059
vn -0.062281 0.0 0.998059
vn 0.000623 0.0 1.0
vn 0.000623 0.0 1.0
vn 0.063527 0.0 0.99798
vn 0.063527 0.0 0.99798
vn 0.125812 0.0 0.992054
vn 0.125812 0.0 0.992054
vn 0.187477 0.0 0.982269
vn 0.187477 0.0 0.982269
vn 0.249115 0.0 0.968474
vn 0.249115 0.0 0.968474
vn 0.308943 0.0 0.951081
vn 0.308943 0.0 0.951081
vn 0.425962 0.0 0.904741
vn 0.3681 0.0 0.929786
vn 0.3681 0.0 0.929786
vn 0.425962 0.0 0.904741
vn 0.535621 0.0 0.844459
vn 0.481463 0.0 0.876467
vn 0.481463 0.0 0.876467
vn 0.535621 0.0 0.844459
vn 0.587375 0.0 0.809315
vn 0.587375 0.0 0.809315
vn 0.637109 0.0 0.770774
vn 0.637109 0.0 0.770774
vn 0.683984 0.0 0.729497
vn 0.683984 0.0 0.729497
vn 0.728585 0.0 0.684955
vn 0.728585 0.0 0.684955
vn 0.968505 0.0 -0.248995
vn 0.968505 0.0 -0.248995
vn 0.992746 0.0 -0.120231
vn 0.992746 0.0 -0.120231
vn 0.999946 0.0 0.010373
vn 0.999946 -0.0 0.010373
vn 0.990033 0.0 0.140833
vn 0.990033 -0.0 0.140833
vn 0.963131 0.0 0.269034
vn 0.963131 -0.0 0.269034
vn 0.919867 0.0 0.392231
vn 0.919867 -0.0 0.392231
vn 0.860814 0.0 0.50892
vn 0.860814 -0.0 0.50892
vn 0.786878 0.0 0.617109
vn 0.786878 -0.0 0.617109
vn 0.699994 0.0 0.714149
vn 0.699994 -0.0 0.714149
vn 0.600151 0.0 0.799887
vn 0.600151 -0.0 0.799887
vn 0.491401 0.0 0.870933
vn 0.491401 -0.0 0.870933
vn 0.373431 -0.0 0.927658
vn 0.373431 0.0 0.927658
vn 0.248528 -0.0 0.968625
vn 0.248528 0.0 0.968625
vn 0.11946 -0.0 0.992839
vn 0.11946 0.0 0.992839
vn -0.009611 0.0 0.999954
vn -0.009611 0.0 0.999954
vn -0.141409 0.0 0.989951
vn -0.141409 0.0 0.989951
vn -0.269095 0.0 0.963114
vn -0.269095 0.0 0.963114
vn -0.391431 0.0 0.920207
vn -0.391431 0.0 0.920207
vn -0.509275 0.0 0.860604
vn -0.509275 0.0 0.860604
vn -0.616665 0.0 0.787226
vn -0.616665 0.0 0.787226
vn -0.714868 0.0 0.69926
vn -0.714868 0.0 0.69926
vn -0.799464 0.0 0.600714
vn -0.799464 0.0 0.600714
vn -0.871319 0.0 0.490717
vn -0.871319 0.0 0.490717
vn -0.927675 0.0 0.373389
vn -0.927675 0.0 0.373389
vn -0.96861 0.0 0.248584
vn -0.992746 0.0 0.120231
vn -0.96861 0.0 0.248584
vn -0.999946 -0.0 -0.010387
vn -0.992746 0.0 0.120231
vn -0.990033 -0.0 -0.140833
vn -0.999946 0.0 -0.010387
vn -0.963252 -0.0 -0.268599
vn -0.990033 0.0 -0.140833
vn -0.919867 -0.0 -0.392231
vn -0.963252 0.0 -0.268599
vn -0.860814 -0.0 -0.50892
vn -0.919867 0.0 -0.392231
vn -0.786878 -0.0 -0.617109
vn -0.860814 0.0 -0.50892
vn -0.699293 -0.0 -0.714835
vn -0.786878 0.0 -0.617109
vn -0.601029 -0.0 -0.799227
vn -0.699293 0.0 -0.714835
vn -0.490359 -0.0 -0.87152
vn -0.601029 0.0 -0.799227
vn -0.373402 -0.0 -0.92767
vn -0.490359 0.0 -0.87152
vn -0.373402 0.0 -0.92767
vn -0.248528 -0.0 -0.968625
vn -0.248528 0.0 -0.968625
vn -0.120823 -0.0 -0.992674
vn -0.120823 0.0 -0.992674
vn 0.010984 0.0 -0.99994
vn 0.010984 0.0 -0.99994
vn 0.140064 0.0 -0.990143
vn 0.140064 0.0 -0.990143
vn 0.269095 0.0 -0.963114
vn 0.392594 0.0 -0.919712
vn 0.269095 0.0 -0.963114
vn 0.508258 0.0 -0.861205
vn 0.392594 0.0 -0.919712
vn 0.617515 0.0 -0.786559
vn 0.508258 0.0 -0.861205
vn 0.714196 0.0 -0.699946
vn 0.617515 0.0 -0.786559
vn 0.799959 0.0 -0.600055
vn 0.714196 0.0 -0.699946
vn 0.870988 0.0 -0.491305
vn 0.799959 0.0 -0.600055
vn 0.927866 0.0 -0.372914
vn 0.870988 0.0 -0.491305
vn 0.927866 0.0 -0.372914
vn 0.0 -1.0 -0.0
vn 0.0 -1.0 -0.0
vn 0.0 -1.0 -0.0
vn 0.0 -1.0 0.0
vn 0.0 -1.0 -0.0
vn 0.0 -1.0 -0.0
vn 0.0 -1.0 0.0
vn 0.0 -1.0 -0.0
vn 0.0 -1.0 0.0
vn 0.0 -1.0 -0.0
vn 0.0 -1.0 0.0
vn 0.0 -1.0 -0.0
vn 0.0 -1.0 0.0
vn 0.0 -1.0 -0.0
vn 0.0 -1.0 0.0
vn -0.0 -1.0 0.0
vn 0.0 -1.0 -0.0
vn 0.0 -1.0 0.0
vn 0.0 -1.0 0.0
vn 0.0 -1.0 -0.0
vn 0.0 -1.0 -0.0
vn -0.0 -1.0 0.0
vn 0.0 -1.0 -0.0
vn 0.0 -1.0 -0.0
vn 0.0 -1.0 0.0
vn -0.0 -1.0 0.0
vn 0.0 -1.0 -0.0
vn -0.0 -1.0 0.0
vn 0.0 -1.0 0.0
vn 0.0 -1.0 -0.0
vn 0.0 -1.0 -0.0
vn -0.0 -1.0 0.0
vn 0.0 -1.0 0.0
vn 0.0 -1.0 -0.0
vn -0.0 -1.0 0.0
vn -0.0 -1.0 0.0
vn 0.0 -1.0 0.0
vn 0.0 -1.0 -0.0
vn -0.0 -1.0 0.0
vn 0.0 -1.0 0.0
vn 0.0 -1.0 -0.0
vn -0.0 -1.0 0.0
vn 0.0 -1.0 0.0
vn 0.0 -1.0 -0.0
vn -0.0 -1.0 0.0
vn 0.0 -1.0 0.0
vn 0.0 -1.0 -0.0
vn -0.0 -1.0 0.0
vn -0.0 -1.0 0.0
vn -0.0 -1.0 0.0
vn 0.0 -1.0 0.0
vn 0.0 -1.0 -0.0
vn 0.0 -1.0 0.0
vn 0.0 -1.0 0.0
vn 0.0 -1.0 0.0
vn 0.0 -1.0 0.0
vn 0.0 -1.0 0.0
vn 0.0 -1.0 0.0
vn 0.0 -1.0 0.0
vn 0.0 -1.0 0.0
vn 0.0 -1.0 0.0
vn 0.0 -1.0 0.0
vn 0.0 -1.0 0.0
vn 0.0 -1.0 0.0
vn -0.0 -1.0 -0.0
vn 0.0 -1.0 0.0
vn 0.0 -1.0 0.0
vn 0.0 -1.0 -0.0
vn 0.0 -1.0 0.0
vn 0.0 -1.0 -0.0
vn 0.0 -1.0 0.0
vn 0.0 -1.0 -0.0
vn 0.0 -1.0 0.0
vn 0.0 -1.0 -0.0
vn 0.0 -1.0 -0.0
vn 0.0 -1.0 0.0
vn 0.0 -1.0 0.0
vn 0.0 -1.0 -0.0
vn 0.0 -1.0 -0.0
vn 0.0 -1.0 -0.0
vn 0.0 -1.0 -0.0
vn 0.0 -1.0 -0.0
vn 0.0 -1.0 -0.0
vn 0.0 -1.0 -0.0
vn 0.0 -1.0 0.0
vn 0.0 -1.0 0.0
vn 0.0 -1.0 0.0
vn 0.0 -1.0 -0.0
vn 0.0 -1.0 0.0
vn 0.0 -1.0 -0.0
vn 0.0 -1.0 0.0
vn 0.0 -1.0 -0.0
vn 0.0 -1.0 0.0
vn 0.0 -1.0 -0.0
vn 0.0 -1.0 0.0
vn 0.0 -1.0 -0.0
vn 0.0 -1.0 0.0
vn 0.0 -1.0 -0.0
vn 0.0 -1.0 -0.0
vn 0.0 -1.0 -0.0
vn 0.0 -1.0 0.0
vn 0.0 -1.0 0.0
vn 0.0 -1.0 0.0
vn 0.0 -1.0 -0.0
vn 0.0 -1.0 0.0
vn 0.0 -1.0 -0.0
vn 0.0 -1.0 0.0
vn 0.0 -1.0 -0.0
vn 0.0 -1.0 0.0
vn 0.0 -1.0 0.0
vn 0.0 -1.0 0.0
vn 0.0 -1.0 -0.0
vn 0.0 -1.0 0.0
vn 0.0 -1.0 -0.0
vn 0.0 -1.0 -0.0
vn 0.0 -1.0 0.0
vn 0.0 -1.0 0.0
vn 0.0 -1.0 -0.0
vn 0.0 -1.0 0.0
vn 0.0 -1.0 -0.0
vn 0.0 -1.0 -0.0
vn 0.0 -1.0 0.0
vn 0.0 -1.0 -0.0
vn 0.0 -1.0 -0.0
vn 0.0 -1.0 0.0
vn 0.0 -1.0 -0.0
vn 0.0 -1.0 -0.0
vn 0.0 -1.0 -0.0
vn 0.0 -1.0 0.0
vn 0.0 -1.0 -0.0
vn 0.0 -1.0 -0.0
vn 0.0 -1.0 -0.0
vn 0.0 -1.0 0.0
vn 0.0 -1.0 0.0
vn 0.0 -1.0 -0.0
vn 0.0 -1.0 -0.0
vn 0.0 -1.0 -0.0
vn 0.0 -1.0 0.0
vn 0.0 -1.0 0.0
vn 0.0 -1.0 -0.0
vn 0.0 -1.0 -0.0
vn 0.0 -1.0 0.0
vn 0.0 -1.0 -0.0
vn 0.0 -1.0 0.0
vn 0.0 -1.0 -0.0
vn 0.0 -1.0 0.0
vn 0.0 -1.0 -0.0
vn 0.0 -1.0 -0.0
vn 0.0 -1.0 0.0
vn 0.0 -1.0 0.0
vn 0.0 -1.0 -0.0
vn 0.0 -1.0 0.0
vn 0.0 -1.0 0.0
vn 0.0 -1.0 0.0
vn 0.0 -1.0 -0.0
vn 0.0 -1.0 0.0
vn 0.0 -1.0 0.0
vn 0.0 -1.0 0.0
vn 0.0 -1.0 0.0
vn 0.0 -1.0 0.0
vn 0.0 -1.0 0.0
vn 0.0 -1.0 -0.0
vn 0.0 -1.0 0.0
vn 0.0 -1.0 0.0
vn 0.0 -1.0 0.0
vn 0.0 -1.0 0.0
vn 0.0 -1.0 0.0
vn 0.0 -1.0 0.0
vn 0.0 -1.0 0.0
vn 0.0 -1.0 -0.0
vn 0.0 -1.0 0.0
vn 0.0 -1.0 -0.0
vn 0.0 -1.0 0.0
vn 0.0 -1.0 0.0
vn 0.0 -1.0 0.0
vn 0.0 -1.0 -0.0
vn 0.0 -1.0 -0.0
vn -0.0 -1.0 0.0
vn 0.0 -1.0 0.0
vn 0.0 -1.0 0.0
vn 0.0 -1.0 0.0
vn 0.0 -1.0 -0.0
vn -0.0 -1.0 0.0
vn 0.0 -1.0 -0.0
vn -0.0 -1.0 0.0
vn 0.0 -1.0 0.0
vn 0.0 -1.0 0.0
vn 0.0 -1.0 -0.0
vn -0.0 -1.0 0.0
vn 0.0 -1.0 0.0
vn 0.0 -1.0 0.0
vn 0.0 -1.0 -0.0
vn 0.0 -1.0 0.0
vn 0.0 -1.0 0.0
vn -0.0 -1.0 0.0
vn 0.0 -1.0 -0.0
vn 0.0 -1.0 -0.0
vn 0.0 -1.0 0.0
vn -0.0 -1.0 0.0
vn 0.0 -1.0 -0.0
vn 0.0 -1.0 -0.0
vn -0.0 -1.0 0.0
vn 0.0 -1.0 -0.0
vn 0.0 -1.0 0.0
vn 0.0 -1.0 -0.0
vn 0.0 -1.0 -0.0
vn 0.0 -1.0 0.0
vn 0.0 -1.0 -0.0
vn 0.0 -1.0 -0.0
vn -0.0 -1.0 0.0
vn 0.0 -1.0 0.0
vn 0.0 -1.0 -0.0
vn 0.0 -1.0 -0.0
vn -0.0 -1.0 0.0
vn 0.0 -1.0 0.0
vn 0.0 -1.0 -0.0
vn -0.0 -1.0 0.0
vn 0.0 -1.0 -0.0
vn 0.0 -1.0 0.0
vn -0.0 -1.0 0.0
vn 0.0 -1.0 -0.0
vn 0.0 -1.0 0.0
vn 0.0 -1.0 -0.0
vn 0.0 -1.0 -0.0
vn 0.0 -1.0 0.0
vn 0.0 -1.0 -0.0
vn -0.0 -1.0 0.0
vn 0.0 -1.0 -0.0
vn 0.0 -1.0 0.0
vn 0.0 -1.0 -0.0
vn 0.0 -1.0 -0.0
vn 0.0 -1.0 0.0
vn 0.0 -1.0 0.0
vn 0.0 -1.0 -0.0
vn 0.0 -1.0 -0.0
vn 0.0 -1.0 0.0
vn 0.0 -1.0 -0.0
vn 0.0 -1.0 0.0
vn 0.0 -1.0 0.0
vn 0.0 -1.0 -0.0
vn 0.0 -1.0 -0.0
vn 0.0 -1.0 0.0
vn 0.0 -1.0 0.0
vn 0.0 -1.0 -0.0
vn 0.0 -1.0 -0.0
vn 0.0 -1.0 0.0
vn 0.0 -1.0 0.0
vn 0.0 -1.0 -0.0
vn 0.0 -1.0 -0.0
vn 0.0 -1.0 0.0
vn 0.0 -1.0 0.0
vn 0.0 -1.0 -0.0
vn 0.0 -1.0 0.0
vn 0.0 -1.0 0.0
vn 0.0 -1.0 -0.0
vn 0.0 -1.0 0.0
vn 0.0 -1.0 0.0
vn 0.0 -1.0 -0.0
vn 0.0 -1.0 -0.0
vn 0.0 -1.0 0.0
vn 0.0 -1.0 0.0
vn 0.0 1.0 -0.0
vn 0.0 1.0 -0.0
vn 0.0 1.0 -0.0
vn 0.0 1.0 0.0
vn 0.0 1.0 -0.0
vn 0.0 1.0 -0.0
vn -0.0 1.0 0.0
vn 0.0 1.0 -0.0
vn 0.0 1.0 0.0
vn 0.0 1.0 -0.0
vn -0.0 1.0 0.0
vn 0.0 1.0 0.0
vn 0.0 1.0 -0.0
vn -0.0 1.0 0.0
vn 0.0 1.0 -0.0
vn 0.0 1.0 0.0
vn -0.0 1.0 0.0
vn 0.0 1.0 0.0
vn -0.0 1.0 0.0
vn 0.0 1.0 -0.0
vn 0.0 1.0 -0.0
vn 0.0 1.0 0.0
vn -0.0 1.0 0.0
vn -0.0 1.0 0.0
vn 0.0 1.0 -0.0
vn 0.0 1.0 0.0
vn -0.0 1.0 0.0
vn -0.0 1.0 0.0
vn 0.0 1.0 -0.0
vn 0.0 1.0 -0.0
vn 0.0 1.0 0.0
vn -0.0 1.0 0.0
vn 0.0 1.0 -0.0
vn 0.0 1.0 0.0
vn -0.0 1.0 0.0
vn 0.0 1.0 0.0
vn 0.0 1.0 -0.0
vn 0.0 1.0 -0.0
vn 0.0 1.0 0.0
vn 0.0 1.0 -0.0
vn 0.0 1.0 0.0
vn 0.0 1.0 0.0
vn 0.0 1.0 -0.0
vn 0.0 1.0 0.0
vn 0.0 1.0 -0.0
vn 0.0 1.0 0.0
vn 0.0 1.0 -0.0
vn 0.0 1.0 0.0
vn 0.0 1.0 0.0
vn 0.0 1.0 0.0
vn 0.0 1.0 0.0
vn 0.0 1.0 0.0
vn 0.0 1.0 -0.0
vn 0.0 1.0 0.0
vn 0.0 1.0 0.0
vn 0.0 1.0 0.0
vn -0.0 1.0 0.0
vn 0.0 1.0 0.0
vn -0.0 1.0 0.0
vn 0.0 1.0 0.0
vn 0.0 1.0 0.0
vn -0.0 1.0 0.0
vn 0.0 1.0 0.0
vn 0.0 1.0 0.0
vn 0.0 1.0 -0.0
vn -0.0 1.0 0.0
vn 0.0 1.0 0.0
vn 0.0 1.0 0.0
vn 0.0 1.0 0.0
vn -0.0 1.0 0.0
vn -0.0 1.0 0.0
vn 0.0 1.0 0.0
vn 0.0 1.0 0.0
vn -0.0 1.0 0.0
vn -0.0 1.0 0.0
vn 0.0 1.0 0.0
vn 0.0 1.0 0.0
vn 0.0 1.0 -0.0
vn 0.0 1.0 -0.0
vn 0.0 1.0 -0.0
vn 0.0 1.0 -0.0
vn 0.0 1.0 -0.0
vn 0.0 1.0 -0.0
vn 0.0 1.0 -0.0
vn 0.0 1.0 0.0
vn 0.0 1.0 -0.0
vn 0.0 1.0 -0.0
vn 0.0 1.0 0.0
vn 0.0 1.0 0.0
vn -0.0 1.0 0.0
vn 0.0 1.0 0.0
vn -0.0 1.0 0.0
vn 0.0 1.0 0.0
vn -0.0 1.0 0.0
vn 0.0 1.0 0.0
vn -0.0 1.0 0.0
vn 0.0 1.0 0.0
vn 0.0 1.0 -0.0
vn 0.0 1.0 -0.0
vn -0.0 1.0 0.0
vn 0.0 1.0 0.0
vn -0.0 1.0 0.0
vn 0.0 1.0 -0.0
vn 0.0 1.0 0.0
vn 0.0 1.0 -0.0
vn -0.0 1.0 0.0
vn 0.0 1.0 -0.0
vn 0.0 1.0 0.0
vn -0.0 1.0 0.0
vn 0.0 1.0 0.0
vn 0.0 1.0 -0.0
vn 0.0 1.0 -0.0
vn -0.0 1.0 0.0
vn 0.0 1.0 0.0
vn 0.0 1.0 0.0
vn 0.0 1.0 -0.0
vn -0.0 1.0 0.0
vn -0.0 1.0 0.0
vn 0.0 1.0 0.0
vn 0.0 1.0 -0.0
vn -0.0 1.0 0.0
vn -0.0 1.0 0.0
vn -0.0 1.0 0.0
vn -0.0 1.0 0.0
vn 0.0 1.0 0.0
vn -0.0 1.0 -0.0
vn -0.0 1.0 0.0
vn 0.0 1.0 0.0
vn -0.0 1.0 0.0
vn -0.0 1.0 -0.0
vn -0.0 1.0 0.0
vn 0.0 1.0 0.0
vn -0.0 1.0 0.0
vn -0.0 1.0 0.0
vn 0.0 1.0 -0.0
vn -0.0 1.0 0.0
vn -0.0 1.0 0.0
vn 0.0 1.0 0.0
vn 0.0 1.0 0.0
vn 0.0 1.0 0.0
vn 0.0 1.0 0.0
vn -0.0 1.0 0.0
vn 0.0 1.0 0.0
vn 0.0 1.0 0.0
vn 0.0 1.0 0.0
vn -0.0 1.0 0.0
vn 0.0 1.0 0.0
vn 0.0 1.0 0.0
vn -0.0 1.0 0.0
vn -0.0 1.0 0.0
vn 0.0 1.0 0.0
vn 0.0 1.0 0.0
vn 0.0 1.0 0.0
vn -0.0 1.0 0.0
vn 0.0 1.0 -0.0
vn 0.0 1.0 0.0
vn -0.0 1.0 0.0
vn 0.0 1.0 0.0
vn -0.0 1.0 0.0
vn 0.0 1.0 0.0
vn -0.0 1.0 0.0
vn 0.0 1.0 -0.0
vn 0.0 1.0 0.0
vn -0.0 1.0 0.0
vn -0.0 1.0 0.0
vn -0.0 1.0 0.0
vn 0.0 1.0 0.0
vn 0.0 1.0 0.0
vn -0.0 1.0 0.0
vn 0.0 1.0 -0.0
vn 0.0 1.0 0.0
vn 0.0 1.0 -0.0
vn 0.0 1.0 0.0
vn -0.0 1.0 0.0
vn 0.0 1.0 0.0
vn 0.0 1.0 -0.0
vn 0.0 1.0 -0.0
vn 0.0 1.0 0.0
vn 0.0 1.0 0.0
vn -0.0 1.0 0.0
vn -0.0 1.0 0.0
vn 0.0 1.0 -0.0
vn 0.0 1.0 0.0
vn 0.0 1.0 -0.0
vn 0.0 1.0 0.0
vn 0.0 1.0 0.0
vn -0.0 1.0 0.0
vn 0.0 1.0 -0.0
vn 0.0 1.0 0.0
vn 0.0 1.0 0.0
vn -0.0 1.0 0.0
vn 0.0 1.0 -0.0
vn 0.0 1.0 0.0
vn -0.0 1.0 0.0
vn 0.0 1.0 0.0
vn 0.0 1.0 -0.0
vn 0.0 1.0 0.0
vn -0.0 1.0 0.0
vn 0.0 1.0 -0.0
vn 0.0 1.0 0.0
vn 0.0 1.0 0.0
vn 0.0 1.0 -0.0
vn 0.0 1.0 0.0
vn 0.0 1.0 0.0
vn -0.0 1.0 0.0
vn -0.0 1.0 0.0
vn 0.0 1.0 0.0
vn -0.0 1.0 0.0
vn 0.0 1.0 -0.0
vn -0.0 1.0 0.0
vn 0.0 1.0 0.0
vn -0.0 1.0 0.0
vn -0.0 1.0 0.0
vn 0.0 1.0 -0.0
vn 0.0 1.0 0.0
vn -0.0 1.0 0.0
vn 0.0 1.0 -0.0
vn -0.0 1.0 0.0
vn 0.0 1.0 0.0
vn 0.0 1.0 -0.0
vn -0.0 1.0 0.0
vn 0.0 1.0 0.0
vn -0.0 1.0 0.0
vn -0.0 1.0 0.0
vn 0.0 1.0 0.0
vn -0.0 1.0 0.0
vn 0.0 1.0 -0.0
vn -0.0 1.0 0.0
vn 0.0 1.0 0.0
vn -0.0 1.0 0.0
vn -0.0 1.0 0.0
vn 0.0 1.0 -0.0
vn 0.0 1.0 0.0
vn 0.0 1.0 -0.0
vn -0.0 1.0 0.0
vn 0.0 1.0 -0.0
vn 0.0 1.0 -0.0
vn -0.0 1.0 0.0
vn 0.0 1.0 0.0
vn 0.0 1.0 -0.0
vn 0.0 1.0 -0.0
vn -0.0 1.0 0.0
vn 0.0 1.0 0.0
vn 0.0 1.0 -0.0
vn 0.0 1.0 -0.0
vn -0.0 1.0 0.0
vn 0.0 1.0 0.0
vn 0.0 1.0 -0.0
vn 0.0 1.0 -0.0
vn -0.0 1.0 0.0
vn 0.0 1.0 0.0
vn 0.0 1.0 -0.0
vn -0.0 1.0 0.0
vn 0.0 1.0 0.0
vn 0.0 1.0 -0.0
vn -0.0 1.0 0.0
vn 0.0 1.0 0.0
vn 0.0 1.0 -0.0
vn 0.0 1.0 -0.0
vn 0.0 1.0 0.0
vn -0.0 1.0 0.0
vn 0.036801 0.993002 0.112222
vn 0.036801 0.993002 0.112222
vn 0.311601 0.0 0.950213
vn 0.311601 0.0 0.950213
vn -0.036801 -0.993002 -0.112222
vn -0.036801 -0.993002 -0.112222
vn -0.311601 0.0 -0.950213
vn -0.311601 0.0 -0.950213
vn -0.950217 0.0 0.31159
vn -0.950217 0.0 0.31159
vn 0.950217 0.0 -0.31159
vn 0.950217 0.0 -0.31159
vn -0.966692 0.0 0.255944
vn -0.989892 0.0 0.141827
vn -0.966692 0.0 0.255944
vn -0.999662 0.0 0.025991
vn -0.989892 0.0 0.141827
vn -0.995919 -0.0 -0.090255
vn -0.999662 0.0 0.025991
vn -0.978715 -0.0 -0.205226
vn -0.995919 0.0 -0.090255
vn -0.948175 -0.0 -0.317749
vn -0.978715 0.0 -0.205226
vn -0.905125 -0.0 -0.425145
vn -0.948175 0.0 -0.317749
vn -0.849362 -0.0 -0.52781
vn -0.905125 0.0 -0.425145
vn -0.782694 -0.0 -0.622407
vn -0.849362 0.0 -0.52781
vn -0.704567 -0.0 -0.709637
vn -0.782694 0.0 -0.622407
vn -0.704567 0.0 -0.709637
vn -0.61825 -0.0 -0.785982
vn -0.61825 0.0 -0.785982
vn -0.521541 -0.0 -0.853226
vn -0.521541 0.0 -0.853226
vn -0.420324 -0.0 -0.907374
vn -0.420324 0.0 -0.907374
vn -0.311598 -0.0 -0.950214
vn -0.19922 -0.0 -0.979955
vn -0.311598 0.0 -0.950214
vn -0.083405 -0.0 -0.996516
vn -0.19922 0.0 -0.979955
vn 0.031273 0.0 -0.999511
vn -0.083405 0.0 -0.996516
vn 0.148259 0.0 -0.988949
vn 0.031273 0.0 -0.999511
vn 0.261788 0.0 -0.965125
vn 0.148259 0.0 -0.988949
vn 0.37184 0.0 -0.928297
vn 0.261788 0.0 -0.965125
vn 0.478142 0.0 -0.878282
vn 0.37184 0.0 -0.928297
vn 0.575841 0.0 -0.817562
vn 0.478142 0.0 -0.878282
vn 0.667127 0.0 -0.744944
vn 0.575841 0.0 -0.817562
vn 0.749231 0.0 -0.662308
vn 0.667127 0.0 -0.744944
vn 0.820679 0.0 -0.571389
vn 0.749231 0.0 -0.662308
vn 0.881884 0.0 -0.471467
vn 0.820679 0.0 -0.571389
vn 0.930441 0.0 -0.366441
vn 0.881884 0.0 -0.471467
vn 0.930441 0.0 -0.366441
vn 0.966674 0.0 -0.256012
vn 0.966674 0.0 -0.256012
vn 0.989902 0.0 -0.141756
vn 0.989902 0.0 -0.141756
vn 0.999662 0.0 -0.025991
vn 0.999662 0.0 -0.025991
vn 0.995919 0.0 0.090255
vn 0.995919 -0.0 0.090255
vn 0.978715 0.0 0.205226
vn 0.978715 -0.0 0.205226
vn 0.948292 0.0 0.3174
vn 0.948292 -0.0 0.3174
vn 0.904943 0.0 0.425532
vn 0.904943 -0.0 0.425532
vn 0.849362 0.0 0.52781
vn 0.849362 -0.0 0.52781
vn 0.782659 0.0 0.622451
vn 0.782659 -0.0 0.622451
vn 0.704567 0.0 0.709637
vn 0.704567 -0.0 0.709637
vn 0.61825 -0.0 0.785982
vn 0.61825 0.0 0.785982
vn 0.522384 -0.0 0.85271
vn 0.522384 0.0 0.85271
vn 0.419398 0.0 0.907802
vn 0.419398 -0.0 0.907802
vn 0.311576 0.0 0.950221
vn 0.311576 -0.0 0.950221
vn 0.199234 0.0 0.979952
vn 0.199234 -0.0 0.979952
vn 0.084549 0.0 0.996419
vn 0.084549 -0.0 0.996419
vn -0.032433 0.0 0.999474
vn -0.032433 0.0 0.999474
vn -0.148259 0.0 0.988949
vn -0.148259 0.0 0.988949
vn -0.26177 0.0 0.96513
vn -0.26177 0.0 0.96513
vn -0.371865 0.0 0.928287
vn -0.371865 0.0 0.928287
vn -0.477248 0.0 0.878768
vn -0.477248 0.0 0.878768
vn -0.576581 0.0 0.81704
vn -0.576581 0.0 0.81704
vn -0.667163 0.0 0.744912
vn -0.667163 0.0 0.744912
vn -0.748723 0.0 0.662883
vn -0.748723 0.0 0.662883
vn -0.821023 0.0 0.570895
vn -0.821023 0.0 0.570895
vn -0.881626 0.0 0.471948
vn -0.881626 0.0 0.471948
vn -0.930597 0.0 0.366046
vn -0.930597 0.0 0.366046
vn -0.236909 0.0 0.971532
vn -0.236909 0.0 0.971532
vn -0.285963 0.0 -0.958241
vn -0.285963 -0.0 -0.958241
vn -0.361363 -0.0 -0.932425
vn -0.361363 0.0 -0.932425
vn -0.435777 -0.0 -0.900055
vn -0.435777 0.0 -0.900055
vn -0.506334 -0.0 -0.862337
vn -0.506334 0.0 -0.862337
vn -0.574264 -0.0 -0.81867
vn -0.574264 0.0 -0.81867
vn -0.637675 -0.0 -0.770305
vn -0.637675 0.0 -0.770305
vn -0.6976 -0.0 -0.716488
vn -0.6976 0.0 -0.716488
vn -0.753153 -0.0 -0.657845
vn -0.753153 0.0 -0.657845
vn -0.803174 0.0 -0.595745
vn -0.803174 -0.0 -0.595745
vn -0.848703 0.0 -0.52887
vn -0.848703 -0.0 -0.52887
vn -0.888416 0.0 -0.459039
vn -0.888416 -0.0 -0.459039
vn -0.922278 0.0 -0.386528
vn -0.922278 -0.0 -0.386528
vn -0.950386 -0.0 -0.311073
vn -0.950386 0.0 -0.311073
vn -0.972284 0.0 -0.233804
vn -0.972284 -0.0 -0.233804
vn -0.987942 -0.0 -0.154822
vn -0.987942 0.0 -0.154822
vn -0.997177 -0.0 -0.075082
vn -0.997177 0.0 -0.075082
vn -0.999986 0.0 0.005267
vn -0.999986 0.0 0.005267
vn -0.996337 0.0 0.085509
vn -0.996337 0.0 0.085509
vn -0.986262 0.0 0.165187
vn -0.986262 0.0 0.165187
vn -0.969796 0.0 0.243917
vn -0.969796 0.0 0.243917
vn -0.947071 0.0 0.321024
vn -0.947071 0.0 0.321024
vn -0.918173 0.0 0.39618
vn -0.918173 0.0 0.39618
vn -0.883545 0.0 0.468346
vn -0.883545 0.0 0.468346
vn -0.843094 0.0 0.537766
vn -0.843094 0.0 0.537766
vn -0.796828 0.0 0.604207
vn -0.796828 0.0 0.604207
vn -0.746042 0.0 0.665899
vn -0.746042 0.0 0.665899
vn -0.690176 0.0 0.723642
vn -0.690176 0.0 0.723642
vn -0.630088 0.0 0.776524
vn -0.630088 0.0 0.776524
vn -0.565426 0.0 0.824799
vn -0.565426 0.0 0.824799
vn -0.497403 0.0 0.867519
vn -0.497403 0.0 0.867519
vn -0.42609 0.0 0.904681
vn -0.42609 0.0 0.904681
vn -0.351645 0.0 0.936133
vn -0.351645 0.0 0.936133
vn -0.275457 0.0 0.961313
vn -0.275457 0.0 0.961313
vn -0.247068 -0.0 -0.968998
vn -0.247068 -0.0 -0.968998
vn -0.950225 0.0 0.311563
vn -0.950225 0.0 0.311563
vn -0.311589 -0.0 -0.950217
vn -0.311589 -0.0 -0.950217
vn 0.124462 0.0 0.992224
vn 0.124462 0.0 0.992224
vn 0.186357 0.0 0.982482
vn 0.186357 0.0 0.982482
vn 0.246389 0.0 0.969171
vn 0.246389 0.0 0.969171
vn 0.305773 0.0 0.952105
vn 0.305773 0.0 0.952105
vn 0.363904 0.0 0.931437
vn 0.363904 0.0 0.931437
vn 0.420785 0.0 0.90716
vn 0.420785 0.0 0.90716
vn 0.4763 0.0 0.879283
vn 0.4763 0.0 0.879283
vn 0.529463 0.0 0.848333
vn 0.529463 0.0 0.848333
vn 0.580708 0.0 0.814112
vn 0.580708 0.0 0.814112
vn 0.630379 0.0 0.776288
vn 0.630379 0.0 0.776288
vn 0.676763 0.0 0.736201
vn 0.676763 0.0 0.736201
vn 0.721311 0.0 0.692612
vn 0.721311 0.0 0.692612
vn 0.762566 0.0 0.64691
vn 0.762566 0.0 0.64691
vn 0.801098 0.0 0.598533
vn 0.801098 0.0 0.598533
vn 0.836519 0.0 0.547939
vn 0.836519 0.0 0.547939
vn 0.868794 0.0 0.495173
vn 0.868794 0.0 0.495173
vn 0.89775 0.0 0.440504
vn 0.89775 0.0 0.440504
vn 0.923324 0.0 0.384021
vn 0.923324 0.0 0.384021
vn 0.945224 0.0 0.326421
vn 0.945224 0.0 0.326421
vn 0.963597 0.0 0.267359
vn 0.963597 0.0 0.267359
vn 0.9783 0.0 0.207194
vn 0.9783 0.0 0.207194
vn 0.989226 0.0 0.146394
vn 0.989226 0.0 0.146394
vn 0.996379 0.0 0.085019
vn 0.996379 0.0 0.085019
vn 0.999729 0.0 0.023263
vn 0.999729 0.0 0.023263
vn 0.999256 0.0 -0.03857
vn 0.999256 0.0 -0.03857
vn 0.98686 0.0 -0.161581
vn 0.994963 0.0 -0.100246
vn 0.994963 0.0 -0.100246
vn 0.98686 0.0 -0.161581
vn 0.959411 0.0 -0.282012
vn 0.974987 0.0 -0.222263
vn 0.974987 0.0 -0.222263
vn 0.959411 0.0 -0.282012
vn 0.09415 0.0 0.995558
vn 0.09415 0.0 0.995558
vn -0.950215 0.0 0.311594
vn -0.950215 0.0 0.311594
vn 0.962891 0.0 -0.269889
vn 0.98275 0.0 -0.184938
vn 0.962891 0.0 -0.269889
vn 0.995129 0.0 -0.098584
vn 0.98275 0.0 -0.184938
vn 0.999935 0.0 -0.011414
vn 0.995129 0.0 -0.098584
vn 0.997126 0.0 0.075759
vn 0.999935 0.0 -0.011414
vn 0.986725 0.0 0.162402
vn 0.997126 0.0 0.075759
vn 0.986725 0.0 0.162402
vn 0.968838 0.0 0.247694
vn 0.968838 0.0 0.247694
vn 0.943586 0.0 0.331128
vn 0.943586 0.0 0.331128
vn 0.911006 0.0 0.412394
vn 0.871623 0.0 0.490176
vn 0.911006 0.0 0.412394
vn 0.825659 0.0 0.56417
vn 0.871623 0.0 0.490176
vn 0.773506 0.0 0.633789
vn 0.825659 0.0 0.56417
vn 0.715312 0.0 0.698805
vn 0.773506 0.0 0.633789
vn 0.651252 0.0 0.758861
vn 0.715312 0.0 0.698805
vn 0.582968 0.0 0.812495
vn 0.651252 0.0 0.758861
vn 0.509631 0.0 0.860393
vn 0.582968 0.0 0.812495
vn 0.509631 0.0 0.860393
vn 0.433349 0.0 0.901226
vn 0.352828 0.0 0.935688
vn 0.433349 -0.0 0.901226
vn 0.269572 0.0 0.96298
vn 0.352828 0.0 0.935688
vn 0.184498 0.0 0.982833
vn 0.269572 0.0 0.96298
vn 0.099393 0.0 0.995048
vn 0.184498 0.0 0.982833
vn 0.099393 0.0 0.995048
vn 0.010747 0.0 0.999942
vn -0.075228 0.0 0.997166
vn 0.010747 -0.0 0.999942
vn -0.075228 0.0 0.997166
vn -0.162965 0.0 0.986632
vn -0.162965 0.0 0.986632
vn -0.247209 0.0 0.968962
vn -0.247209 0.0 0.968962
vn -0.331333 0.0 0.943514
vn -0.331333 0.0 0.943514
vn -0.412732 0.0 0.910853
vn -0.489905 0.0 0.871776
vn -0.412732 0.0 0.910853
vn -0.489905 0.0 0.871776
vn -0.564196 0.0 0.825641
vn -0.564196 0.0 0.825641
vn -0.634015 0.0 0.773321
vn -0.634015 0.0 0.773321
vn -0.698744 0.0 0.715372
vn -0.698744 0.0 0.715372
vn -0.758592 0.0 0.651565
vn -0.758592 0.0 0.651565
vn -0.812731 0.0 0.58264
vn -0.812731 0.0 0.58264
vn -0.860125 0.0 0.510083
vn -0.860125 0.0 0.510083
vn -0.901474 0.0 0.432833
vn -0.901474 0.0 0.432833
vn -0.935739 0.0 0.352693
vn -0.935739 0.0 0.352693
vn -0.962891 0.0 0.269889
vn -0.98274 0.0 0.184992
vn -0.962891 0.0 0.269889
vn -0.995143 0.0 0.09844
vn -0.98274 0.0 0.184992
vn -0.999934 0.0 0.01148
vn -0.995143 0.0 0.09844
vn -0.997127 -0.0 -0.075747
vn -0.999934 0.0 0.01148
vn -0.98671 -0.0 -0.162491
vn -0.997127 0.0 -0.075747
vn -0.98671 0.0 -0.162491
vn -0.968825 -0.0 -0.247747
vn -0.968825 0.0 -0.247747
vn -0.943586 -0.0 -0.331128
vn -0.943586 0.0 -0.331128
vn -0.911027 -0.0 -0.412347
vn -0.871814 -0.0 -0.489836
vn -0.911027 0.0 -0.412347
vn -0.825659 -0.0 -0.56417
vn -0.871814 0.0 -0.489836
vn -0.773146 -0.0 -0.634228
vn -0.825659 0.0 -0.56417
vn -0.71534 -0.0 -0.698777
vn -0.773146 0.0 -0.634228
vn -0.651252 -0.0 -0.758861
vn -0.71534 0.0 -0.698777
vn -0.651252 0.0 -0.758861
vn -0.582942 0.0 -0.812514
vn -0.509655 -0.0 -0.860379
vn -0.582942 0.0 -0.812514
vn -0.509655 0.0 -0.860379
vn -0.433328 0.0 -0.901236
vn -0.352828 -0.0 -0.935688
vn -0.433328 0.0 -0.901236
vn -0.269586 -0.0 -0.962976
vn -0.352828 0.0 -0.935688
vn -0.269586 0.0 -0.962976
vn -0.185353 0.0 -0.982672
vn -0.098512 -0.0 -0.995136
vn -0.185353 0.0 -0.982672
vn -0.010746 -0.0 -0.999942
vn -0.098512 0.0 -0.995136
vn -0.010746 0.0 -0.999942
vn 0.075228 0.0 -0.997166
vn 0.162102 0.0 -0.986774
vn 0.075228 0.0 -0.997166
vn 0.162102 0.0 -0.986774
vn 0.248036 0.0 -0.968751
vn 0.33135 0.0 -0.943508
vn 0.248036 0.0 -0.968751
vn 0.411989 0.0 -0.911189
vn 0.33135 0.0 -0.943508
vn 0.411989 0.0 -0.911189
vn 0.490585 0.0 -0.871393
vn 0.56417 0.0 -0.825659
vn 0.490585 0.0 -0.871393
vn 0.56417 0.0 -0.825659
vn 0.634015 0.0 -0.773321
vn 0.698744 0.0 -0.715372
vn 0.634015 0.0 -0.773321
vn 0.698744 0.0 -0.715372
vn 0.758592 0.0 -0.651565
vn 0.758592 0.0 -0.651565
vn 0.812757 0.0 -0.582603
vn 0.812757 0.0 -0.582603
vn 0.8601 0.0 -0.510125
vn 0.8601 0.0 -0.510125
vn 0.901496 0.0 -0.432787
vn 0.901496 0.0 -0.432787
vn 0.935721 0.0 -0.352742
vn 0.935721 0.0 -0.352742
vn 0.950217 0.0 -0.31159
vn 0.950217 0.0 -0.31159
vn -0.0 -1.0 0.0
vn 0.0 -1.0 0.0
vn 0.0 -1.0 0.0
vn 0.0 -1.0 0.0
vn 0.0 -1.0 0.0
vn 0.0 -1.0 0.0
vn 0.0 -1.0 0.0
vn -0.0 -1.0 0.0
vn 0.0 -1.0 0.0
vn 0.0 -1.0 0.0
vn 0.0 -1.0 0.0
vn 0.0 -1.0 0.0
vn 0.0 -1.0 0.0
vn 0.0 -1.0 0.0
vn 0.0 -1.0 0.0
vn 0.0 -1.0 0.0
vn -0.0 -1.0 0.0
vn 0.0 -1.0 0.0
vn 0.0 -1.0 0.0
vn 0.0 -1.0 0.0
vn 0.0 -1.0 0.0
vn 0.0 -1.0 0.0
vn 0.0 -1.0 0.0
vn 0.0 -1.0 0.0
vn 0.0 -1.0 0.0
vn 0.0 -1.0 0.0
vn -0.0 -1.0 0.0
vn 0.0 -1.0 0.0
vn 0.0 -1.0 0.0
vn 0.0 -1.0 0.0
vn 0.0 -1.0 0.0
vn 0.0 -1.0 0.0
vn 0.0 -1.0 0.0
vn 0.0 -1.0 0.0
vn 0.0 -1.0 0.0
vn 0.0 -1.0 0.0
vn 0.0 -1.0 0.0
vn 0.0 -1.0 0.0
vn 0.0 -1.0 0.0
vn 0.0 -1.0 0.0
vn 0.0 -1.0 0.0
vn 0.0 -1.0 0.0
vn 0.0 -1.0 0.0
vn 0.0 -1.0 0.0
vn 0.0 -1.0 0.0
vn 0.0 -1.0 0.0
vn 0.0 -1.0 0.0
vn 0.0 -1.0 0.0
vn 0.0 -1.0 0.0
vn 0.0 -1.0 0.0
vn 0.0 -1.0 0.0
vn 0.0 -1.0 0.0
vn 0.0 -1.0 0.0
vn 0.0 -1.0 0.0
vn 0.0 -1.0 0.0
vn 0.0 -1.0 0.0
vn 0.0 -1.0 0.0
vn 0.0 -1.0 0.0
vn 0.0 -1.0 0.0
vn 0.0 -1.0 0.0
vn 0.0 -1.0 0.0
vn 0.0 -1.0 0.0
vn 0.0 -1.0 0.0
vn 0.0 -1.0 0.0
vn 0.0 -1.0 0.0
vn 0.0 -1.0 0.0
vn 0.0 -1.0 0.0
vn 0.0 -1.0 0.0
vn 0.0 -1.0 0.0
vn 0.0 -1.0 0.0
vn 0.0 -1.0 0.0
vn -0.0 -1.0 0.0
vn 0.0 -1.0 0.0
vn 0.0 -1.0 0.0
vn 0.0 -1.0 0.0
vn 0.0 -1.0 0.0
vn 0.0 -1.0 0.0
vn 0.0 -1.0 0.0
vn 0.0 -1.0 0.0
vn 0.0 -1.0 0.0
vn 0.0 -1.0 0.0
vn 0.0 -1.0 0.0
vn 0.0 -1.0 0.0
vn 0.0 -1.0 0.0
vn 0.0 -1.0 0.0
vn 0.0 -1.0 0.0
vn 0.0 -1.0 0.0
vn -0.0 -1.0 0.0
vn 0.0 -1.0 0.0
vn 0.0 -1.0 0.0
vn 0.0 -1.0 0.0
vn 0.0 -1.0 0.0
vn 0.0 -1.0 0.0
vn 0.0 -1.0 0.0
vn 0.0 -1.0 0.0
vn 0.0 -1.0 0.0
vn 0.0 -1.0 0.0
vn 0.0 -1.0 0.0
vn 0.0 -1.0 0.0
vn 0.0 -1.0 0.0
vn 0.0 -1.0 0.0
vn 0.0 -1.0 0.0
vn 0.0 -1.0 0.0
vn 0.0 -1.0 0.0
vn 0.0 -1.0 0.0
vn 0.0 -1.0 0.0
vn 0.0 -1.0 0.0
vn 0.0 -1.0 0.0
vn 0.0 -1.0 0.0
vn 0.0 -1.0 0.0
vn 0.0 -1.0 0.0
vn 0.0 -1.0 0.0
vn 0.0 -1.0 0.0
vn 0.0 -1.0 0.0
vn 0.0 -1.0 0.0
vn 0.0 -1.0 0.0
vn 0.0 -1.0 0.0
vn 0.0 -1.0 0.0
vn 0.0 -1.0 0.0
vn 0.0 -1.0 0.0
vn 0.0 -1.0 0.0
vn 0.0 -1.0 0.0
vn 0.0 -1.0 0.0
vn 0.0 -1.0 0.0
vn -0.0 -1.0 0.0
vn -0.0 -1.0 0.0
vn -0.0 -1.0 0.0
vn -0.0 -1.0 0.0
vn -0.0 -1.0 0.0
vn -0.0 -1.0 0.0
vn -0.0 -1.0 0.0
vn 0.0 -1.0 0.0
vn 0.0 -1.0 0.0
vn 0.0 -1.0 0.0
vn 0.0 -1.0 0.0
vn 0.0 -1.0 0.0
vn 0.0 -1.0 0.0
vn 0.0 -1.0 0.0
vn 0.0 -1.0 0.0
vn 0.0 -1.0 0.0
vn 0.0 -1.0 0.0
vn 0.0 -1.0 0.0
vn 0.0 -1.0 0.0
vn 0.0 -1.0 0.0
vn 0.0 -1.0 0.0
vn 0.0 -1.0 0.0
vn 0.0 -1.0 0.0
vn 0.0 -1.0 0.0
vn 0.0 -1.0 0.0
vn 0.0 -1.0 0.0
vn 0.0 -1.0 0.0
vn 0.0 -1.0 0.0
vn 0.0 -1.0 0.0
vn 0.0 -1.0 0.0
vn 0.0 -1.0 0.0
vn 0.0 -1.0 0.0
vn 0.0 -1.0 0.0
vn 0.0 -1.0 0.0
vn 0.0 -1.0 0.0
vn 0.0 -1.0 0.0
vn 0.0 -1.0 0.0
vn 0.0 -1.0 0.0
vn 0.0 -1.0 0.0
vn 0.0 -1.0 0.0
vn 0.0 -1.0 0.0
vn 0.0 -1.0 0.0
vn 0.0 -1.0 0.0
vn 0.0 -1.0 0.0
vn 0.0 -1.0 0.0
vn 0.0 -1.0 0.0
vn 0.0 -1.0 0.0
vn 0.0 -1.0 0.0
vn 0.0 -1.0 0.0
vn 0.0 -1.0 0.0
vn -0.0 -1.0 0.0
vn 0.0 -1.0 0.0
vn 0.0 -1.0 0.0
vn -0.0 -1.0 0.0
vn 0.0 -1.0 0.0
vn 0.0 -1.0 0.0
vn 0.0 -1.0 0.0
vn -0.0 -1.0 0.0
vn 0.0 -1.0 0.0
vn 0.0 -1.0 0.0
vn -0.0 -1.0 0.0
vn 0.0 -1.0 0.0
vn 0.0 -1.0 0.0
vn -0.0 -1.0 0.0
vn 0.0 -1.0 0.0
vn 0.0 -1.0 0.0
vn -0.0 -1.0 0.0
vn 0.0 -1.0 0.0
vn 0.0 -1.0 0.0
vn 0.0 -1.0 0.0
vn 0.0 -1.0 0.0
vn 0.0 -1.0 0.0
vn 0.0 -1.0 0.0
vn 0.0 1.0 0.0
vn 0.0 1.0 0.0
vn 0.0 1.0 0.0
vn 0.0 1.0 0.0
vn 0.0 1.0 0.0
vn 0.0 1.0 0.0
vn 0.0 1.0 0.0
vn 0.0 1.0 0.0
vn 0.0 1.0 0.0
vn 0.0 1.0 0.0
vn 0.0 1.0 0.0
vn 0.0 1.0 0.0
vn 0.0 1.0 0.0
vn 0.0 1.0 0.0
vn 0.0 1.0 0.0
vn 0.0 1.0 0.0
vn 0.0 1.0 0.0
vn 0.0 1.0 0.0
vn 0.0 1.0 0.0
vn 0.0 1.0 0.0
vn 0.0 1.0 0.0
vn 0.0 1.0 0.0
vn 0.0 1.0 0.0
vn 0.0 1.0 0.0
vn 0.0 1.0 0.0
vn 0.0 1.0 0.0
vn 0.0 1.0 0.0
vn 0.0 1.0 0.0
vn 0.0 1.0 0.0
vn 0.0 1.0 0.0
vn 0.0 1.0 0.0
vn 0.0 1.0 0.0
vn 0.0 1.0 0.0
vn -0.0 1.0 0.0
vn -0.0 1.0 0.0
vn -0.0 1.0 0.0
vn -0.0 1.0 0.0
vn 0.0 1.0 0.0
vn 0.0 1.0 0.0
vn 0.0 1.0 0.0
vn 0.0 1.0 0.0
vn 0.0 1.0 0.0
vn -0.0 1.0 0.0
vn -0.0 1.0 0.0
vn -0.0 1.0 0.0
vn -0.0 1.0 0.0
vn 0.0 1.0 0.0
vn 0.0 1.0 0.0
vn 0.0 1.0 0.0
vn 0.0 1.0 0.0
vn 0.0 1.0 0.0
vn 0.0 1.0 0.0
vn 0.0 1.0 0.0
vn 0.0 1.0 0.0
vn 0.0 1.0 0.0
vn 0.0 1.0 0.0
vn 0.0 1.0 0.0
vn 0.0 1.0 0.0
vn 0.0 1.0 0.0
vn 0.0 1.0 0.0
vn 0.0 1.0 0.0
vn 0.0 1.0 0.0
vn 0.0 1.0 0.0
vn 0.0 1.0 0.0
vn 0.0 1.0 0.0
vn 0.0 1.0 0.0
vn 0.0 1.0 0.0
vn 0.0 1.0 0.0
vn 0.0 1.0 0.0
vn 0.0 1.0 0.0
vn 0.0 1.0 0.0
vn 0.0 1.0 0.0
vn 0.0 1.0 0.0
vn 0.0 1.0 0.0
vn 0.0 1.0 0.0
vn 0.0 1.0 -0.0
vn 0.0 1.0 0.0
vn 0.0 1.0 -0.0
vn 0.0 1.0 0.0
vn 0.0 1.0 0.0
vn 0.0 1.0 0.0
vn 0.0 1.0 0.0
vn 0.0 1.0 0.0
vn 0.0 1.0 0.0
vn 0.0 1.0 0.0
vn 0.0 1.0 0.0
vn 0.0 1.0 0.0
vn 0.0 1.0 0.0
vn 0.0 1.0 0.0
vn 0.0 1.0 0.0
vn 0.0 1.0 0.0
vn 0.0 1.0 0.0
vn 0.0 1.0 0.0
vn 0.0 1.0 0.0
vn 0.0 1.0 0.0
vn 0.0 1.0 0.0
vn 0.0 1.0 0.0
vn 0.0 1.0 0.0
vn 0.0 1.0 0.0
vn 0.0 1.0 0.0
vn 0.0 1.0 0.0
vn 0.0 1.0 0.0
vn 0.0 1.0 0.0
vn 0.0 1.0 0.0
vn 0.0 1.0 0.0
vn 0.0 1.0 0.0
vn 0.0 1.0 0.0
vn 0.0 1.0 0.0
vn 0.0 1.0 0.0
vn 0.0 1.0 0.0
vn 0.0 1.0 0.0
vn 0.0 1.0 0.0
vn 0.0 1.0 0.0
vn 0.0 1.0 0.0
vn 0.0 1.0 0.0
vn 0.0 1.0 0.0
vn 0.0 1.0 0.0
vn 0.0 1.0 0.0
vn 0.0 1.0 0.0
vn 0.0 1.0 0.0
vn 0.0 1.0 0.0
vn 0.0 1.0 0.0
vn 0.0 1.0 0.0
vn 0.0 1.0 0.0
vn 0.0 1.0 0.0
vn 0.0 1.0 0.0
vn 0.0 1.0 0.0
vn 0.0 1.0 0.0
vn 0.0 1.0 0.0
vn -0.0 1.0 0.0
vn 0.0 1.0 0.0
vn 0.0 1.0 0.0
vn -0.0 1.0 0.0
vn 0.0 1.0 0.0
vn 0.0 1.0 0.0
vn -0.0 1.0 0.0
vn 0.0 1.0 0.0
vn 0.0 1.0 0.0
vn 0.0 1.0 0.0
vn 0.0 1.0 0.0
vn 0.0 1.0 0.0
vn 0.0 1.0 0.0
vn 0.0 1.0 0.0
vn 0.0 1.0 0.0
vn 0.0 1.0 0.0
vn 0.0 1.0 0.0
vn 0.0 1.0 0.0
vn 0.0 1.0 0.0
vn 0.0 1.0 0.0
vn 0.0 1.0 0.0
vn 0.0 1.0 0.0
vn 0.0 1.0 0.0
vn 0.0 1.0 0.0
vn 0.0 1.0 0.0
vn 0.0 1.0 0.0
vn 0.0 1.0 0.0
vn 0.0 1.0 0.0
vn 0.0 1.0 0.0
vn 0.0 1.0 0.0
vn 0.0 1.0 0.0
vn 0.0 1.0 0.0
vn 0.0 1.0 0.0
vn 0.0 1.0 0.0
vn 0.0 1.0 0.0
vn 0.0 1.0 0.0
vn 0.0 1.0 0.0
vn 0.0 1.0 0.0
vn 0.0 1.0 0.0
vn 0.0 1.0 0.0
vn 0.0 1.0 0.0
vn -0.0 1.0 0.0
vn -0.0 1.0 0.0
vn -0.0 1.0 0.0
vn -0.0 1.0 0.0
vn 0.0 1.0 0.0
vn 0.0 1.0 0.0
vn 0.0 1.0 0.0
vn 0.0 1.0 0.0
vn 0.0 1.0 0.0
vn 0.0 1.0 0.0
vn 0.0 1.0 0.0
vn 0.0 1.0 0.0
vn 0.0 1.0 0.0
vn 0.0 1.0 0.0
vn 0.0 1.0 0.0
vn 0.0 1.0 0.0
vn 0.0 1.0 0.0
vn 0.0 1.0 0.0
vn 0.0 1.0 0.0
vn 0.0 1.0 0.0
vn 0.0 1.0 0.0
vn 0.0 1.0 0.0
vn 0.0 1.0 0.0
vn 0.0 1.0 0.0
vn 0.0 1.0 0.0
vn 0.0 1.0 0.0
vn 0.0 1.0 0.0
vn -0.983396 1.7e-05 -0.181475
vn -0.983419 -0.001273 -0.181346
vn -0.983406 0.000149 -0.181417
vn -0.983384 0.000444 -0.181539
vn -0.983397 0.000212 -0.181469
vn -0.983397 9.7e-05 -0.181469
vn -0.983413 0.00019 -0.18138
vn -0.983376 -0.00036 -0.181581
vn -0.983394 -0.000136 -0.181481
vn -0.983196 -0.001806 -0.182546
vn -0.983399 -2.9e-05 -0.181457
vn -0.983399 -7.6e-05 -0.181458
vn -0.983399 0.000174 -0.181458
vn -0.983396 -8.9e-05 -0.181471
vn -0.9834 0.000117 -0.18145
vn -0.983398 5.2e-05 -0.18146
vn -0.983761 0.00174 -0.179475
vn -0.983398 7e-06 -0.181462
vn -0.983398 4.4e-05 -0.181463
vn -0.983398 -3.3e-05 -0.181463
vn -0.983398 3.5e-05 -0.18146
vn -0.983399 8.8e-05 -0.181456
vn -0.983399 -7.1e-05 -0.181456
vn -0.983271 -0.000385 -0.182146
vn -0.983399 -8.4e-05 -0.181457
vn -0.983398 -2.1e-05 -0.181463
vn -0.983398 -6.3e-05 -0.181463
vn -0.983333 8e-06 -0.181816
vn -0.983399 8.3e-05 -0.181456
vn -0.983397 2.1e-05 -0.181465
vn -0.983545 0.001275 -0.180658
vn -0.983376 -0.00036 -0.181581
vn -0.983398 2.1e-05 -0.181463
vn -0.983397 -2.1e-05 -0.181465
vn -0.983405 -0.001666 -0.181416
vn -0.983397 -0.000654 -0.181467
vn -0.983399 6.4e-05 -0.181457
vn -0.983398 -6.2e-05 -0.181463
vn -0.983394 0.000587 -0.181484
vn -0.983394 -9.6e-05 -0.181485
vn -0.983397 0.00024 -0.181467
vn -0.983399 -8.8e-05 -0.181456
vn -0.983399 -0.000102 -0.181457
vn -0.983396 1.3e-05 -0.181474
vn -0.983399 -4.2e-05 -0.181459
vn -0.983399 7e-05 -0.181459
vn -0.983399 0.000125 -0.181456
vn -0.983486 -0.00106 -0.180981
vn -0.983395 -3.5e-05 -0.181476
vn -0.983292 0.00033 -0.182037
vn -0.983398 -5.2e-05 -0.18146
vn -0.983398 3.5e-05 -0.18146
vn -0.983398 5e-06 -0.181461
vn -0.983398 -3.5e-05 -0.181461
vn -0.983393 0.000262 -0.181491
vn -0.983761 -0.00174 -0.179475
vn -0.983399 -0.000174 -0.181458
vn -0.983399 7.6e-05 -0.181458
vn -0.983398 -7e-06 -0.181462
vn -0.983398 -0.000104 -0.181461
vn 0.983405 5.8e-05 0.181424
vn 0.98322 -0.000319 0.182426
vn 0.983763 0.000623 0.179474
vn 0.98346 0.000134 0.181124
vn 0.983289 -0.000215 0.182051
vn 0.983218 0.000152 0.182437
vn 0.983222 0.00015 0.182414
vn 0.983503 -8.7e-05 0.180894
vn 0.983362 7.3e-05 0.181659
vn 0.983407 8e-06 0.181412
vn 0.983318 0.000162 0.181895
vn 0.983455 -0.000118 0.181153
vn 0.983368 8.7e-05 0.181622
vn 0.983377 6.4e-05 0.181575
vn 0.983427 -8.8e-05 0.181306
vn 0.983388 4.3e-05 0.181514
vn 0.983396 1.6e-05 0.181474
vn 0.983421 -9.2e-05 0.181338
vn 0.983373 0.000134 0.181597
vn 0.983406 -4e-05 0.181417
vn 0.983408 -5e-05 0.181407
vn 0.983377 0.000147 0.181573
vn 0.983397 8e-06 0.181467
vn 0.983402 -3e-05 0.181441
vn 0.983409 -9.1e-05 0.181404
vn 0.983387 0.000123 0.181521
vn 0.983398 5e-06 0.181464
vn 0.983403 -6.8e-05 0.181433
vn 0.983399 2.1e-05 0.181456
vn 0.983399 -1e-05 0.181454
vn 0.983257 0.000242 0.182222
vn 0.98349 -0.000232 0.180962
vn 0.982954 0.001027 0.183848
vn 0.983597 -0.00072 0.180379
vn 0.983422 -4.2e-05 0.18133
vn 0.983433 -8.8e-05 0.181272
vn 0.983399 -2.1e-05 0.181456
vn 0.983398 -5e-06 0.181464
vn 0.983387 -0.000123 0.181521
vn 0.983409 9.1e-05 0.181404
vn 0.983402 3e-05 0.181441
vn 0.983397 -8e-06 0.181467
vn 0.983377 -0.000147 0.181573
vn 0.983408 5e-05 0.181407
vn 0.983399 1.9e-05 0.181454
vn 0.983406 4e-05 0.181417
vn 0.983373 -0.000134 0.181597
vn 0.983218 -0.000152 0.182437
vn 0.983421 9.2e-05 0.181338
vn 0.983222 -0.00015 0.182414
vn 0.983396 -1.6e-05 0.181474
vn 0.983503 8.7e-05 0.180894
vn 0.983388 -4.3e-05 0.181514
vn 0.983362 -7.3e-05 0.181659
vn 0.983427 8.8e-05 0.181306
vn 0.983407 -8e-06 0.181412
vn 0.983377 -6.4e-05 0.181575
vn 0.983318 -0.000162 0.181895
vn 0.983368 -8.7e-05 0.181622
vn 0.983455 0.000118 0.181153
vn -0.181231 0.050435 0.982146
vn -0.181221 0.051425 0.982097
vn -0.179372 0.151305 0.972076
vn -0.179372 0.151309 0.972076
vn -0.175692 0.250154 0.952132
vn -0.175692 0.250149 0.952133
vn -0.170134 0.347775 0.922012
vn -0.170134 0.347784 0.922009
vn -0.162908 0.440494 0.882851
vn -0.162909 0.440477 0.882859
vn -0.153994 0.528984 0.834543
vn -0.153992 0.529002 0.834532
vn -0.14356 0.611648 0.777995
vn -0.143559 0.611649 0.777995
vn -0.13147 0.689267 0.712479
vn -0.131469 0.689272 0.712474
vn -0.118219 0.758662 0.640669
vn -0.11822 0.758656 0.640675
vn -0.103618 0.820936 0.56154
vn -0.103703 0.820612 0.561997
vn -0.088029 0.874451 0.47706
vn -0.088105 0.87422 0.477469
vn -0.071553 0.918975 0.38777
vn -0.071552 0.918976 0.387766
vn -0.054325 0.954135 0.294406
vn -0.054325 0.954135 0.294406
vn -0.036519 0.97954 0.197911
vn -0.036519 0.97954 0.197907
vn -0.018369 0.994863 0.099547
vn -0.018369 0.994863 0.099548
vn 0.0 1.0 0.0
vn 0.0 1.0 -0.0
vn 0.018351 0.994873 -0.099449
vn 0.036555 0.9795 -0.198102
vn 0.018351 0.994873 -0.099449
vn 0.036554 0.9795 -0.1981
vn 0.054325 0.954135 -0.294406
vn 0.054325 0.954135 -0.294406
vn 0.071553 0.918975 -0.38777
vn 0.071552 0.918976 -0.387766
vn 0.088029 0.874451 -0.47706
vn 0.103701 0.82062 -0.561987
vn 0.088028 0.874455 -0.477054
vn 0.103703 0.820611 -0.561999
vn 0.118221 0.758656 -0.640675
vn 0.11813 0.759084 -0.640185
vn 0.13147 0.689267 -0.712479
vn 0.13156 0.688749 -0.712963
vn 0.143471 0.612279 -0.777515
vn 0.143472 0.612272 -0.777521
vn 0.153992 0.529001 -0.834533
vn 0.16298 0.43968 -0.883243
vn 0.153992 0.529002 -0.834532
vn 0.16291 0.440477 -0.882859
vn 0.170134 0.347775 -0.922012
vn 0.175691 0.250176 -0.952126
vn 0.170193 0.346909 -0.922328
vn 0.179345 0.152291 -0.971927
vn 0.175649 0.251082 -0.951896
vn 0.179372 0.151309 -0.972076
vn 0.181231 0.050419 -0.982147
vn 0.18123 0.050435 -0.982147
vn 0.181231 -0.050419 -0.982147
vn 0.18123 -0.050435 -0.982147
vn 0.179345 -0.152291 -0.971927
vn 0.175693 -0.250154 -0.952132
vn 0.179372 -0.151309 -0.972076
vn 0.175648 -0.251082 -0.951896
vn 0.170135 -0.347775 -0.922012
vn 0.162981 -0.43968 -0.883243
vn 0.170192 -0.346909 -0.922328
vn 0.162909 -0.440477 -0.882859
vn 0.153992 -0.529001 -0.834533
vn 0.143471 -0.612279 -0.777515
vn 0.153992 -0.529002 -0.834532
vn 0.143472 -0.612272 -0.777521
vn 0.131469 -0.689279 -0.712468
vn 0.131559 -0.688749 -0.712963
vn 0.118131 -0.759084 -0.640185
vn 0.11822 -0.758656 -0.640675
vn 0.103703 -0.820611 -0.561999
vn 0.103701 -0.82062 -0.561987
vn 0.088028 -0.874456 -0.477051
vn 0.088028 -0.874455 -0.477054
vn 0.071552 -0.918979 -0.387761
vn 0.071552 -0.918976 -0.387766
vn 0.054326 -0.954133 -0.294413
vn 0.054325 -0.954135 -0.294406
vn 0.036555 -0.9795 -0.198102
vn 0.036554 -0.9795 -0.1981
vn 0.018351 -0.994873 -0.099449
vn 0.018351 -0.994873 -0.099449
vn 0.0 -1.0 0.0
vn 0.0 -1.0 0.0
vn -0.018369 -0.994863 0.099549
vn -0.018369 -0.994863 0.099548
vn -0.036519 -0.97954 0.197906
vn -0.036519 -0.97954 0.197907
vn -0.054325 -0.954135 0.294406
vn -0.054325 -0.954135 0.294406
vn -0.071552 -0.918979 0.387761
vn -0.071552 -0.918976 0.387766
vn -0.08803 -0.874451 0.47706
vn -0.088105 -0.87422 0.477469
vn -0.103703 -0.820612 0.561997
vn -0.103619 -0.820936 0.56154
vn -0.11822 -0.758656 0.640675
vn -0.118219 -0.758662 0.640669
vn -0.13147 -0.689267 0.712479
vn -0.131469 -0.689272 0.712474
vn -0.14356 -0.611648 0.777995
vn -0.143559 -0.611649 0.777995
vn -0.153992 -0.529001 0.834533
vn -0.153992 -0.529002 0.834532
vn -0.162908 -0.440494 0.882851
vn -0.162909 -0.440477 0.882859
vn -0.170133 -0.347795 0.922005
vn -0.170134 -0.347784 0.922009
vn -0.175691 -0.250176 0.952126
vn -0.175692 -0.250149 0.952133
vn -0.179372 -0.151305 0.972076
vn -0.179372 -0.151309 0.972076
vn -0.181222 -0.051448 0.982096
vn -0.18123 -0.050435 0.982147
vn 0.311594 0.0 0.950215
vn 0.311594 0.0 0.950215
vn -0.311613 0.0 -0.950209
vn -0.311613 -0.0 -0.950209
vn -0.341091 0.0 -0.94003
vn -0.399186 -0.0 -0.91687
vn -0.341091 -0.0 -0.94003
vn -0.455473 -0.0 -0.89025
vn -0.399186 -0.0 -0.91687
vn -0.510872 -0.0 -0.859657
vn -0.455473 -0.0 -0.89025
vn -0.562973 -0.0 -0.826476
vn -0.510872 -0.0 -0.859657
vn -0.613964 -0.0 -0.789334
vn -0.562973 -0.0 -0.826476
vn -0.661713 -0.0 -0.749757
vn -0.613964 -0.0 -0.789334
vn -0.707624 -0.0 -0.706589
vn -0.661713 -0.0 -0.749757
vn -0.75026 -0.0 -0.661143
vn -0.707624 -0.0 -0.706589
vn -0.790169 -0.0 -0.612889
vn -0.75026 -0.0 -0.661143
vn -0.826749 -0.0 -0.562571
vn -0.790169 -0.0 -0.612889
vn -0.860522 -0.0 -0.509413
vn -0.826749 -0.0 -0.562571
vn -0.860522 -0.0 -0.509413
vn -0.836365 0.0 -0.548173
vn -0.836365 -0.0 -0.548173
vn -0.875215 -0.0 -0.483734
vn -0.875215 0.0 -0.483734
vn -0.909232 -0.0 -0.416289
vn -0.909232 0.0 -0.416289
vn -0.93807 -0.0 -0.346444
vn -0.93807 0.0 -0.346444
vn -0.96157 -0.0 -0.274561
vn -0.96157 0.0 -0.274561
vn -0.979578 -0.0 -0.201064
vn -0.979578 0.0 -0.201064
vn -0.991949 -0.0 -0.126636
vn -0.991949 0.0 -0.126636
vn -0.998681 0.0 -0.051349
vn -0.998681 -0.0 -0.051349
vn -0.999707 0.0 0.024204
vn -0.999707 0.0 0.024204
vn -0.995022 0.0 0.099655
vn -0.995022 0.0 0.099655
vn -0.984676 0.0 0.174397
vn -0.984676 0.0 0.174397
vn -0.968644 0.0 0.248453
vn -0.968644 0.0 0.248453
vn -0.947191 0.0 0.320671
vn -0.947191 0.0 0.320671
vn -0.92022 0.0 0.391403
vn -0.92022 0.0 0.391403
vn -0.888126 0.0 0.459601
vn -0.888126 0.0 0.459601
vn -0.850787 0.0 0.525511
vn -0.850787 0.0 0.525511
vn -0.808677 0.0 0.588253
vn -0.808677 0.0 0.588253
vn -0.762029 0.0 0.647543
vn -0.762029 0.0 0.647543
vn -0.655766 0.0 0.754964
vn -0.710664 0.0 0.703531
vn -0.710664 0.0 0.703531
vn -0.596762 0.0 0.802418
vn -0.655766 0.0 0.754964
vn -0.534646 0.0 0.845076
vn -0.596762 0.0 0.802418
vn -0.469582 0.0 0.882889
vn -0.534646 0.0 0.845076
vn -0.401036 0.0 0.916063
vn -0.469582 0.0 0.882889
vn -0.33085 0.0 0.943683
vn -0.401036 0.0 0.916063
vn -0.25849 0.0 0.966014
vn -0.33085 0.0 0.943683
vn -0.185349 0.0 0.982673
vn -0.25849 0.0 0.966014
vn -0.110039 0.0 0.993927
vn -0.185349 0.0 0.982673
vn -0.035447 0.0 0.999372
vn -0.110039 0.0 0.993927
vn 0.040617 0.0 0.999175
vn -0.035447 0.0 0.999372
vn 0.116671 0.0 0.993171
vn 0.040617 0.0 0.999175
vn 0.190534 0.0 0.981681
vn 0.116671 0.0 0.993171
vn 0.190534 0.0 0.981681
vn -0.950218 0.0 0.311587
vn -0.950218 0.0 0.311587
vn -0.966758 0.0 0.255692
vn -0.966758 0.0 0.255692
vn -0.989897 0.0 0.141791
vn -0.989897 0.0 0.141791
vn -0.999662 0.0 0.025991
vn -0.999662 0.0 0.025991
vn -0.995911 0.0 -0.090341
vn -0.995911 0.0 -0.090341
vn -0.978707 0.0 -0.205261
vn -0.978707 0.0 -0.205261
vn -0.948297 0.0 -0.317384
vn -0.948297 0.0 -0.317384
vn -0.904929 0.0 -0.425562
vn -0.904929 0.0 -0.425562
vn -0.849677 0.0 -0.527304
vn -0.849677 0.0 -0.527304
vn -0.782236 0.0 -0.622982
vn -0.782236 0.0 -0.622982
vn -0.705159 0.0 -0.709049
vn -0.705159 0.0 -0.709049
vn -0.617534 0.0 -0.786544
vn -0.617534 0.0 -0.786544
vn -0.522368 0.0 -0.85272
vn -0.522368 0.0 -0.85272
vn -0.420345 0.0 -0.907364
vn -0.420345 0.0 -0.907364
vn -0.311587 0.0 -0.950218
vn -0.311587 0.0 -0.950218
vn -0.199223 0.0 -0.979954
vn -0.199223 0.0 -0.979954
vn -0.083402 0.0 -0.996516
vn -0.083402 0.0 -0.996516
vn 0.032433 0.0 -0.999474
vn 0.032433 0.0 -0.999474
vn 0.147123 0.0 -0.989118
vn 0.147123 0.0 -0.989118
vn 0.262857 0.0 -0.964835
vn 0.371852 0.0 -0.928292
vn 0.262857 0.0 -0.964835
vn 0.371852 0.0 -0.928292
vn 0.477248 0.0 -0.878768
vn 0.477248 0.0 -0.878768
vn 0.575824 0.0 -0.817573
vn 0.667145 0.0 -0.744928
vn 0.575824 0.0 -0.817573
vn 0.667145 0.0 -0.744928
vn 0.74924 0.0 -0.662298
vn 0.821032 0.0 -0.570883
vn 0.74924 0.0 -0.662298
vn 0.881626 0.0 -0.471948
vn 0.821032 0.0 -0.570883
vn 0.881626 0.0 -0.471948
vn 0.930441 0.0 -0.366441
vn 0.930441 0.0 -0.366441
vn 0.966754 0.0 -0.255709
vn 0.966754 0.0 -0.255709
vn 0.989873 0.0 -0.141954
vn 0.989873 0.0 -0.141954
vn 0.999663 0.0 -0.025973
vn 0.999663 0.0 -0.025973
vn 0.99592 0.0 0.090237
vn 0.99592 -0.0 0.090237
vn 0.978711 0.0 0.205243
vn 0.978711 -0.0 0.205243
vn 0.948297 0.0 0.317384
vn 0.948297 -0.0 0.317384
vn 0.904922 0.0 0.425576
vn 0.904922 -0.0 0.425576
vn 0.849677 0.0 0.527304
vn 0.849677 -0.0 0.527304
vn 0.782236 0.0 0.622982
vn 0.782236 -0.0 0.622982
vn 0.705159 0.0 0.709049
vn 0.705159 -0.0 0.709049
vn 0.617534 -0.0 0.786544
vn 0.617534 0.0 0.786544
vn 0.522376 -0.0 0.852715
vn 0.522376 0.0 0.852715
vn 0.419391 0.0 0.907806
vn 0.419391 -0.0 0.907806
vn 0.311582 0.0 0.950219
vn 0.311582 -0.0 0.950219
vn 0.199227 0.0 0.979953
vn 0.199227 -0.0 0.979953
vn 0.084552 0.0 0.996419
vn 0.084552 -0.0 0.996419
vn -0.032432 0.0 0.999474
vn -0.032432 0.0 0.999474
vn -0.148256 0.0 0.988949
vn -0.148256 0.0 0.988949
vn -0.261779 0.0 0.965128
vn -0.261779 0.0 0.965128
vn -0.371852 0.0 0.928292
vn -0.371852 0.0 0.928292
vn -0.477248 0.0 0.878768
vn -0.477248 0.0 0.878768
vn -0.575824 0.0 0.817573
vn -0.575824 0.0 0.817573
vn -0.667154 0.0 0.74492
vn -0.667154 0.0 0.74492
vn -0.749231 0.0 0.662308
vn -0.749231 0.0 0.662308
vn -0.821032 0.0 0.570883
vn -0.821032 0.0 0.570883
vn -0.881626 0.0 0.471948
vn -0.881626 0.0 0.471948
vn -0.930441 0.0 0.366441
vn -0.930441 0.0 0.366441
vn -0.965204 0.0 0.261498
vn -0.965204 0.0 0.261498
vn -0.987264 0.0 0.159091
vn -0.987264 0.0 0.159091
vn -0.998486 0.0 0.055013
vn -0.998486 0.0 0.055013
vn -0.998765 0.0 -0.049685
vn -0.998765 0.0 -0.049685
vn -0.988118 0.0 -0.153694
vn -0.988118 0.0 -0.153694
vn -0.966654 0.0 -0.256085
vn -0.966654 0.0 -0.256085
vn -0.934475 0.0 -0.356029
vn -0.934475 0.0 -0.356029
vn -0.892285 0.0 -0.451473
vn -0.892285 0.0 -0.451473
vn -0.840166 0.0 -0.542329
vn -0.840166 0.0 -0.542329
vn -0.778653 0.0 -0.627455
vn -0.778653 0.0 -0.627455
vn -0.709037 0.0 -0.705172
vn -0.709037 0.0 -0.705172
vn -0.631946 0.0 -0.775013
vn -0.546224 -0.0 -0.837639
vn -0.631946 0.0 -0.775013
vn -0.546224 0.0 -0.837639
vn -0.45636 0.0 -0.889795
vn -0.361387 -0.0 -0.932416
vn -0.45636 0.0 -0.889795
vn -0.361387 0.0 -0.932416
vn -0.261245 0.0 -0.965273
vn -0.261245 0.0 -0.965273
vn -0.158879 -0.0 -0.987298
vn -0.055444 -0.0 -0.998462
vn -0.158879 0.0 -0.987298
vn -0.055444 0.0 -0.998462
vn 0.050114 0.0 -0.998743
vn 0.153544 0.0 -0.988142
vn 0.050114 0.0 -0.998743
vn 0.153544 0.0 -0.988142
vn 0.25592 0.0 -0.966698
vn 0.356095 0.0 -0.93445
vn 0.25592 0.0 -0.966698
vn 0.356095 0.0 -0.93445
vn 0.451142 0.0 -0.892452
vn 0.451142 0.0 -0.892452
vn 0.542619 0.0 -0.839979
vn 0.627049 0.0 -0.778979
vn 0.542619 0.0 -0.839979
vn 0.627049 0.0 -0.778979
vn 0.70554 0.0 -0.70867
vn 0.77533 0.0 -0.631556
vn 0.70554 0.0 -0.70867
vn 0.837132 0.0 -0.547002
vn 0.77533 0.0 -0.631556
vn 0.889671 0.0 -0.456603
vn 0.837132 0.0 -0.547002
vn 0.889671 0.0 -0.456603
vn 0.932655 0.0 -0.360771
vn 0.932655 0.0 -0.360771
vn 0.965204 0.0 -0.261498
vn 0.987264 0.0 -0.159091
vn 0.965204 0.0 -0.261498
vn 0.998486 0.0 -0.055013
vn 0.987264 0.0 -0.159091
vn 0.998765 0.0 0.049685
vn 0.998486 0.0 -0.055013
vn 0.988118 0.0 0.153694
vn 0.998765 0.0 0.049685
vn 0.966654 0.0 0.256085
vn 0.988118 0.0 0.153694
vn 0.934475 0.0 0.356029
vn 0.966654 0.0 0.256085
vn 0.892285 0.0 0.451473
vn 0.934475 0.0 0.356029
vn 0.840166 0.0 0.542329
vn 0.892285 0.0 0.451473
vn 0.840166 0.0 0.542329
vn 0.778653 0.0 0.627455
vn 0.778653 0.0 0.627455
vn 0.709037 0.0 0.705172
vn 0.709037 0.0 0.705172
vn 0.631946 0.0 0.775013
vn 0.546224 0.0 0.837639
vn 0.631946 0.0 0.775013
vn 0.45636 0.0 0.889795
vn 0.546224 0.0 0.837639
vn 0.45636 0.0 0.889795
vn 0.361387 0.0 0.932416
vn 0.361387 -0.0 0.932416
vn 0.261245 0.0 0.965273
vn 0.158879 0.0 0.987298
vn 0.261245 -0.0 0.965273
vn 0.158879 0.0 0.987298
vn 0.055444 0.0 0.998462
vn 0.055444 -0.0 0.998462
vn -0.050114 0.0 0.998743
vn -0.050114 0.0 0.998743
vn -0.153544 0.0 0.988142
vn -0.153544 0.0 0.988142
vn -0.25592 0.0 0.966698
vn -0.25592 0.0 0.966698
vn -0.356095 0.0 0.93445
vn -0.356095 0.0 0.93445
vn -0.451142 0.0 0.892452
vn -0.451142 0.0 0.892452
vn -0.542619 0.0 0.839979
vn -0.542619 0.0 0.839979
vn -0.627049 0.0 0.778979
vn -0.627049 0.0 0.778979
vn -0.70554 0.0 0.70867
vn -0.70554 0.0 0.70867
vn -0.77533 0.0 0.631556
vn -0.77533 0.0 0.631556
vn -0.837132 0.0 0.547002
vn -0.837132 0.0 0.547002
vn -0.889671 0.0 0.456603
vn -0.932655 0.0 0.360771
vn -0.889671 0.0 0.456603
vn -0.932655 0.0 0.360771
vn 0.940251 0.0 -0.340482
vn 0.917586 0.0 -0.397538
vn 0.940251 0.0 -0.340482
vn 0.89163 0.0 -0.452766
vn 0.917586 0.0 -0.397538
vn 0.862103 0.0 -0.506733
vn 0.89163 0.0 -0.452766
vn 0.829491 0.0 -0.55852
vn 0.862103 0.0 -0.506733
vn 0.793751 0.0 -0.608243
vn 0.829491 0.0 -0.55852
vn 0.754942 0.0 -0.655792
vn 0.793751 0.0 -0.608243
vn 0.713434 0.0 -0.700723
vn 0.754942 0.0 -0.655792
vn 0.668982 0.0 -0.743278
vn 0.713434 0.0 -0.700723
vn 0.622321 0.0 -0.782763
vn 0.668982 0.0 -0.743278
vn 0.573658 0.0 -0.819095
vn 0.622321 0.0 -0.782763
vn 0.521676 0.0 -0.853144
vn 0.573658 0.0 -0.819095
vn 0.521676 0.0 -0.853144
vn 0.469173 0.0 -0.883106
vn 0.469173 0.0 -0.883106
vn 0.4138 0.0 -0.910368
vn 0.4138 0.0 -0.910368
vn 0.357089 0.0 -0.93407
vn 0.299647 0.0 -0.95405
vn 0.357089 0.0 -0.93407
vn 0.240374 0.0 -0.97068
vn 0.299647 0.0 -0.95405
vn 0.181059 0.0 -0.983472
vn 0.240374 0.0 -0.97068
vn 0.181059 0.0 -0.983472
vn 0.058659 0.0 -0.998278
vn 0.119867 0.0 -0.99279
vn 0.119867 0.0 -0.99279
vn 0.058659 0.0 -0.998278
vn -0.001913 -0.0 -0.999998
vn -0.001913 0.0 -0.999998
vn -0.063758 -0.0 -0.997965
vn -0.063758 0.0 -0.997965
vn -0.124331 -0.0 -0.992241
vn -0.124331 0.0 -0.992241
vn -0.1849 -0.0 -0.982757
vn -0.1849 0.0 -0.982757
vn -0.875927 -0.0 -0.482443
vn -0.875927 -0.0 -0.482443
vn 0.311578 0.0 0.95022
vn 0.311578 0.0 0.95022
vn 0.950216 0.0 -0.311591
vn 0.950216 0.0 -0.311591
vn 0.0 -1.0 -0.0
vn 0.0 -1.0 0.0
vn 0.0 -1.0 0.0
vn 0.0 -1.0 0.0
vn 0.0 -1.0 0.0
vn 0.0 -1.0 0.0
vn 0.0 -1.0 0.0
vn 0.0 -1.0 0.0
vn 0.0 -1.0 0.0
vn 0.0 -1.0 0.0
vn 0.0 -1.0 0.0
vn 0.0 -1.0 -0.0
vn 0.0 -1.0 0.0
vn 0.0 -1.0 0.0
vn 0.0 -1.0 -0.0
vn 0.0 -1.0 0.0
vn 0.0 -1.0 -0.0
vn -0.0 -1.0 0.0
vn 0.0 -1.0 0.0
vn 0.0 -1.0 -0.0
vn -0.0 -1.0 0.0
vn -0.0 -1.0 0.0
vn 0.0 -1.0 0.0
vn -0.0 -1.0 0.0
vn -0.0 -1.0 0.0
vn 0.0 -1.0 -0.0
vn 0.0 -1.0 0.0
vn -0.0 -1.0 0.0
vn -0.0 -1.0 0.0
vn 0.0 -1.0 -0.0
vn 0.0 -1.0 0.0
vn -0.0 -1.0 0.0
vn -0.0 -1.0 0.0
vn 0.0 -1.0 -0.0
vn 0.0 -1.0 0.0
vn -0.0 -1.0 0.0
vn -0.0 -1.0 0.0
vn 0.0 -1.0 -0.0
vn 0.0 -1.0 0.0
vn -0.0 -1.0 0.0
vn -0.0 -1.0 0.0
vn 0.0 -1.0 -0.0
vn 0.0 -1.0 0.0
vn 0.0 -1.0 -0.0
vn 0.0 -1.0 0.0
vn 0.0 -1.0 0.0
vn 0.0 -1.0 0.0
vn 0.0 -1.0 0.0
vn 0.0 -1.0 0.0
vn 0.0 -1.0 0.0
vn 0.0 -1.0 0.0
vn 0.0 -1.0 0.0
vn 0.0 -1.0 0.0
vn 0.0 -1.0 0.0
vn 0.0 -1.0 0.0
vn 0.0 -1.0 0.0
vn 0.0 -1.0 0.0
vn 0.0 -1.0 0.0
vn 0.0 -1.0 0.0
vn 0.0 -1.0 0.0
vn 0.0 -1.0 0.0
vn 0.0 -1.0 0.0
vn 0.0 -1.0 0.0
vn 0.0 -1.0 0.0
vn 0.0 -1.0 0.0
vn 0.0 -1.0 0.0
vn 0.0 -1.0 -0.0
vn 0.0 -1.0 -0.0
vn 0.0 -1.0 -0.0
vn 0.0 -1.0 0.0
vn 0.0 -1.0 0.0
vn 0.0 -1.0 -0.0
vn 0.0 -1.0 0.0
vn 0.0 -1.0 -0.0
vn 0.0 -1.0 0.0
vn 0.0 -1.0 -0.0
vn 0.0 -1.0 -0.0
vn 0.0 -1.0 -0.0
vn 0.0 -1.0 0.0
vn 0.0 -1.0 -0.0
vn 0.0 -1.0 0.0
vn 0.0 -1.0 0.0
vn 0.0 -1.0 -0.0
vn 0.0 -1.0 -0.0
vn 0.0 -1.0 -0.0
vn 0.0 -1.0 -0.0
vn 0.0 -1.0 0.0
vn 0.0 -1.0 0.0
vn -0.0 -1.0 0.0
vn 0.0 -1.0 -0.0
vn 0.0 -1.0 0.0
vn 0.0 -1.0 0.0
vn 0.0 -1.0 0.0
vn 0.0 -1.0 -0.0
vn 0.0 -1.0 -0.0
vn 0.0 -1.0 -0.0
vn 0.0 -1.0 0.0
vn 0.0 -1.0 0.0
vn 0.0 -1.0 -0.0
vn -0.0 -1.0 0.0
vn 0.0 -1.0 0.0
vn 0.0 -1.0 0.0
vn 0.0 -1.0 -0.0
vn -0.0 -1.0 0.0
vn 0.0 -1.0 0.0
vn 0.0 -1.0 0.0
vn 0.0 -1.0 -0.0
vn -0.0 -1.0 0.0
vn 0.0 -1.0 -0.0
vn -0.0 -1.0 0.0
vn 0.0 -1.0 -0.0
vn -0.0 -1.0 0.0
vn -0.0 -1.0 0.0
vn 0.0 -1.0 -0.0
vn 0.0 -1.0 -0.0
vn -0.0 -1.0 0.0
vn 0.0 -1.0 -0.0
vn 0.0 -1.0 -0.0
vn -0.0 -1.0 0.0
vn 0.0 -1.0 -0.0
vn 0.0 -1.0 -0.0
vn 0.0 -1.0 -0.0
vn 0.0 -1.0 -0.0
vn 0.0 -1.0 -0.0
vn 0.0 -1.0 -0.0
vn -0.0 -1.0 0.0
vn 0.0 -1.0 -0.0
vn 0.0 -1.0 -0.0
vn 0.0 -1.0 0.0
vn -0.0 -1.0 0.0
vn 0.0 -1.0 -0.0
vn 0.0 -1.0 0.0
vn 0.0 -1.0 0.0
vn 0.0 -1.0 -0.0
vn 0.0 -1.0 -0.0
vn 0.0 -1.0 0.0
vn 0.0 -1.0 -0.0
vn -0.0 -1.0 0.0
vn 0.0 -1.0 0.0
vn 0.0 -1.0 -0.0
vn -0.0 -1.0 0.0
vn 0.0 -1.0 -0.0
vn 0.0 -1.0 0.0
vn 0.0 -1.0 0.0
vn 0.0 -1.0 -0.0
vn 0.0 -1.0 0.0
vn 0.0 -1.0 -0.0
vn 0.0 -1.0 -0.0
vn -0.0 -1.0 0.0
vn 0.0 -1.0 0.0
vn 0.0 -1.0 0.0
vn 0.0 -1.0 -0.0
vn 0.0 -1.0 0.0
vn 0.0 -1.0 -0.0
vn 0.0 -1.0 -0.0
vn 0.0 -1.0 0.0
vn 0.0 -1.0 0.0
vn 0.0 -1.0 0.0
vn 0.0 -1.0 0.0
vn 0.0 -1.0 0.0
vn 0.0 -1.0 0.0
vn 0.0 -1.0 0.0
vn 0.0 -1.0 0.0
vn 0.0 -1.0 0.0
vn 0.0 -1.0 0.0
vn 0.0 -1.0 -0.0
vn -0.0 -1.0 0.0
vn 0.0 -1.0 -0.0
vn 0.0 -1.0 0.0
vn 0.0 -1.0 -0.0
vn 0.0 -1.0 0.0
vn 0.0 -1.0 0.0
vn 0.0 -1.0 -0.0
vn 0.0 -1.0 0.0
vn 0.0 -1.0 -0.0
vn 0.0 -1.0 -0.0
vn 0.0 -1.0 -0.0
vn 0.0 -1.0 -0.0
vn 0.0 -1.0 -0.0
vn 0.0 -1.0 -0.0
vn 0.0 -1.0 -0.0
vn 0.0 -1.0 -0.0
vn 0.0 -1.0 -0.0
vn 0.0 -1.0 -0.0
vn 0.0 -1.0 0.0
vn 0.0 -1.0 0.0
vn 0.0 -1.0 -0.0
vn 0.0 -1.0 0.0
vn 0.0 -1.0 0.0
vn 0.0 -1.0 -0.0
vn 0.0 1.0 -0.0
vn 0.0 1.0 -0.0
vn 0.0 1.0 0.0
vn 0.0 1.0 -0.0
vn 0.0 1.0 0.0
vn 0.0 1.0 -0.0
vn 0.0 1.0 -0.0
vn 0.0 1.0 -0.0
vn 0.0 1.0 -0.0
vn -0.0 1.0 0.0
vn 0.0 1.0 0.0
vn 0.0 1.0 -0.0
vn 0.0 1.0 -0.0
vn -0.0 1.0 0.0
vn 0.0 1.0 -0.0
vn 0.0 1.0 -0.0
vn 0.0 1.0 0.0
vn -0.0 1.0 -0.0
vn -0.0 1.0 0.0
vn -0.0 1.0 0.0
vn 0.0 1.0 -0.0
vn 0.0 1.0 -0.0
vn 0.0 1.0 -0.0
vn -0.0 1.0 0.0
vn -0.0 1.0 0.0
vn -0.0 1.0 0.0
vn 0.0 1.0 -0.0
vn 0.0 1.0 -0.0
vn 0.0 1.0 0.0
vn 0.0 1.0 -0.0
vn 0.0 1.0 -0.0
vn -0.0 1.0 0.0
vn 0.0 1.0 0.0
vn -0.0 1.0 0.0
vn 0.0 1.0 -0.0
vn 0.0 1.0 -0.0
vn 0.0 1.0 0.0
vn -0.0 1.0 0.0
vn 0.0 1.0 -0.0
vn -0.0 1.0 0.0
vn 0.0 1.0 -0.0
vn -0.0 1.0 0.0
vn 0.0 1.0 0.0
vn -0.0 1.0 0.0
vn 0.0 1.0 0.0
vn -0.0 1.0 0.0
vn 0.0 1.0 0.0
vn -0.0 1.0 -0.0
vn -0.0 1.0 0.0
vn 0.0 1.0 0.0
vn -0.0 1.0 -0.0
vn -0.0 1.0 0.0
vn -0.0 1.0 0.0
vn 0.0 1.0 0.0
vn -0.0 1.0 -0.0
vn -0.0 1.0 0.0
vn -0.0 1.0 0.0
vn -0.0 1.0 0.0
vn 0.0 1.0 0.0
vn -0.0 1.0 -0.0
vn 0.0 1.0 0.0
vn -0.0 1.0 0.0
vn -0.0 1.0 0.0
vn -0.0 1.0 -0.0
vn 0.0 1.0 0.0
vn -0.0 1.0 0.0
vn -0.0 1.0 -0.0
vn 0.0 1.0 -0.0
vn 0.0 1.0 0.0
vn 0.0 1.0 -0.0
vn 0.0 1.0 -0.0
vn 0.0 1.0 -0.0
vn 0.0 1.0 0.0
vn 0.0 1.0 0.0
vn 0.0 1.0 0.0
vn 0.0 1.0 0.0
vn 0.0 1.0 0.0
vn 0.0 1.0 0.0
vn -0.0 1.0 0.0
vn -0.0 1.0 0.0
vn -0.0 1.0 0.0
vn -0.0 1.0 0.0
vn -0.0 1.0 0.0
vn -0.0 1.0 -0.0
vn -0.0 1.0 -0.0
vn -0.0 1.0 -0.0
vn -0.0 1.0 -0.0
vn -0.0 1.0 -0.0
vn 0.0 1.0 -0.0
vn 0.0 1.0 -0.0
vn 0.0 1.0 -0.0
vn 0.0 1.0 -0.0
vn 0.0 1.0 -0.0
vn 0.0 1.0 -0.0
vn 0.0 1.0 -0.0
vn 0.0 1.0 -0.0
vn -0.0 1.0 0.0
vn 0.0 1.0 -0.0
vn 0.0 1.0 -0.0
vn 0.0 1.0 0.0
vn 0.0 1.0 -0.0
vn -0.0 1.0 0.0
vn 0.0 1.0 0.0
vn 0.0 1.0 -0.0
vn -0.0 1.0 0.0
vn 0.0 1.0 0.0
vn 0.0 1.0 0.0
vn -0.0 1.0 0.0
vn 0.0 1.0 0.0
vn 0.0 1.0 0.0
vn 0.0 1.0 0.0
vn 0.0 1.0 0.0
vn 0.0 1.0 0.0
vn 0.0 1.0 0.0
vn 0.0 1.0 0.0
vn 0.0 1.0 0.0
vn 0.0 1.0 0.0
vn 0.0 1.0 0.0
vn 0.0 1.0 0.0
vn 0.0 1.0 0.0
vn 0.0 1.0 0.0
vn 0.0 1.0 0.0
vn 0.0 1.0 -0.0
vn 0.0 1.0 0.0
vn 0.0 1.0 -0.0
vn -0.0 1.0 0.0
vn 0.0 1.0 0.0
vn 0.0 1.0 -0.0
vn 0.0 1.0 0.0
vn 0.0 1.0 -0.0
vn 0.0 1.0 -0.0
vn 0.0 1.0 0.0
vn 0.0 1.0 0.0
vn 0.0 1.0 -0.0
vn 0.0 1.0 0.0
vn 0.0 1.0 -0.0
vn 0.0 1.0 0.0
vn 0.0 1.0 -0.0
vn 0.0 1.0 -0.0
vn 0.0 1.0 0.0
vn 0.0 1.0 -0.0
vn 0.0 1.0 -0.0
vn 0.0 1.0 -0.0
vn 0.0 1.0 0.0
vn -0.0 1.0 0.0
vn 0.0 1.0 -0.0
vn -0.0 1.0 0.0
vn -0.0 1.0 0.0
vn 0.0 1.0 -0.0
vn -0.0 1.0 0.0
vn 0.0 1.0 -0.0
vn 0.0 1.0 -0.0
vn -0.0 1.0 -0.0
vn -0.0 1.0 -0.0
vn -0.0 1.0 -0.0
vn -0.0 1.0 -0.0
vn -0.0 1.0 0.0
vn -0.0 1.0 0.0
vn -0.0 1.0 0.0
vn -0.0 1.0 0.0
vn -0.0 1.0 0.0
vn 0.0 1.0 0.0
vn 0.0 1.0 -0.0
vn -0.0 1.0 0.0
vn 0.0 1.0 0.0
vn -0.0 1.0 0.0
vn -0.0 1.0 0.0
vn 0.0 1.0 -0.0
vn 0.0 1.0 -0.0
vn 0.0 1.0 0.0
vn -0.0 1.0 0.0
vn 0.0 1.0 -0.0
vn -0.0 1.0 0.0
vn 0.0 1.0 -0.0
vn 0.0 1.0 0.0
vn 0.0 1.0 -0.0
vn -0.0 1.0 0.0
vn 0.0 1.0 -0.0
vn 0.0 1.0 0.0
vn -0.0 1.0 0.0
vn 0.0 1.0 0.0
vn 0.0 1.0 -0.0
vn -0.0 1.0 0.0
vn 0.0 1.0 -0.0
vn 0.0 1.0 0.0
vn 0.0 1.0 -0.0
vn -0.0 1.0 0.0
vn 0.0 1.0 -0.0
vn 0.0 1.0 0.0
vn -0.0 1.0 0.0
vn 0.625586 0.120755 -0.770753
vn 0.625586 0.120754 -0.770753
vn 0.076109 -0.99268 -0.09377
vn 0.07611 -0.992681 -0.093769
vn -0.625583 -0.12079 0.77075
vn -0.625598 -0.120754 0.770744
vn -0.076109 0.99268 0.09377
vn -0.076109 0.992681 0.09377
vn 0.776432 1.2e-05 0.630201
vn 0.776432 1.1e-05 0.630201
vn -0.776434 1.8e-05 -0.630199
vn -0.776431 -1.2e-05 -0.630202
vn 0.930441 0.0 -0.366441
vn 0.881884 0.0 -0.471467
vn 0.930441 0.0 -0.366441
vn 0.820679 0.0 -0.571389
vn 0.881884 0.0 -0.471467
vn 0.749231 0.0 -0.662308
vn 0.820679 0.0 -0.571389
vn 0.667127 0.0 -0.744944
vn 0.749231 0.0 -0.662308
vn 0.575841 0.0 -0.817562
vn 0.667127 0.0 -0.744944
vn 0.478142 0.0 -0.878282
vn 0.575841 0.0 -0.817562
vn 0.37184 0.0 -0.928297
vn 0.478142 0.0 -0.878282
vn 0.261788 0.0 -0.965125
vn 0.37184 0.0 -0.928297
vn 0.148259 0.0 -0.988949
vn 0.261788 0.0 -0.965125
vn 0.148259 0.0 -0.988949
vn 0.031273 0.0 -0.999511
vn 0.031273 0.0 -0.999511
vn -0.083405 0.0 -0.996516
vn -0.083405 0.0 -0.996516
vn -0.19922 0.0 -0.979955
vn -0.19922 0.0 -0.979955
vn -0.311598 0.0 -0.950214
vn -0.420324 0.0 -0.907374
vn -0.311598 0.0 -0.950214
vn -0.521541 0.0 -0.853226
vn -0.420324 0.0 -0.907374
vn -0.61825 0.0 -0.785982
vn -0.521541 0.0 -0.853226
vn -0.704567 0.0 -0.709637
vn -0.61825 0.0 -0.785982
vn -0.782694 0.0 -0.622407
vn -0.704567 0.0 -0.709637
vn -0.849362 0.0 -0.52781
vn -0.782694 0.0 -0.622407
vn -0.905125 0.0 -0.425145
vn -0.849362 0.0 -0.52781
vn -0.948175 0.0 -0.317749
vn -0.905125 0.0 -0.425145
vn -0.978715 0.0 -0.205226
vn -0.948175 0.0 -0.317749
vn -0.995919 0.0 -0.090255
vn -0.978715 0.0 -0.205226
vn -0.999662 0.0 0.025991
vn -0.995919 0.0 -0.090255
vn -0.989892 0.0 0.141827
vn -0.999662 0.0 0.025991
vn -0.966692 0.0 0.255944
vn -0.989892 0.0 0.141827
vn -0.966692 0.0 0.255944
vn -0.930597 0.0 0.366046
vn -0.930597 0.0 0.366046
vn -0.881626 0.0 0.471948
vn -0.881626 0.0 0.471948
vn -0.821023 0.0 0.570895
vn -0.821023 0.0 0.570895
vn -0.748723 0.0 0.662883
vn -0.748723 0.0 0.662883
vn -0.667163 0.0 0.744912
vn -0.667163 0.0 0.744912
vn -0.576581 0.0 0.81704
vn -0.576581 0.0 0.81704
vn -0.477248 0.0 0.878768
vn -0.477248 0.0 0.878768
vn -0.371865 0.0 0.928287
vn -0.371865 0.0 0.928287
vn -0.26177 0.0 0.96513
vn -0.26177 0.0 0.96513
vn -0.148259 0.0 0.988949
vn -0.148259 0.0 0.988949
vn -0.032433 0.0 0.999474
vn -0.032433 0.0 0.999474
vn 0.084549 0.0 0.996419
vn 0.084549 0.0 0.996419
vn 0.199234 0.0 0.979952
vn 0.199234 0.0 0.979952
vn 0.311576 0.0 0.950221
vn 0.311576 0.0 0.950221
vn 0.419398 0.0 0.907802
vn 0.419398 0.0 0.907802
vn 0.522384 0.0 0.85271
vn 0.522384 0.0 0.85271
vn 0.61825 0.0 0.785982
vn 0.61825 0.0 0.785982
vn 0.704567 0.0 0.709637
vn 0.704567 0.0 0.709637
vn 0.782659 0.0 0.622451
vn 0.782659 0.0 0.622451
vn 0.849362 0.0 0.52781
vn 0.849362 0.0 0.52781
vn 0.904943 0.0 0.425532
vn 0.904943 0.0 0.425532
vn 0.948292 0.0 0.3174
vn 0.948292 0.0 0.3174
vn 0.978715 0.0 0.205226
vn 0.978715 0.0 0.205226
vn 0.995919 0.0 0.090255
vn 0.995919 0.0 0.090255
vn 0.999662 0.0 -0.025991
vn 0.999662 0.0 -0.025991
vn 0.989902 0.0 -0.141756
vn 0.989902 0.0 -0.141756
vn 0.966674 0.0 -0.256012
vn 0.966674 0.0 -0.256012
vn -0.236909 0.0 0.971532
vn -0.236909 0.0 0.971532
vn -0.275457 0.0 0.961313
vn -0.275457 0.0 0.961313
vn -0.351645 0.0 0.936133
vn -0.351645 0.0 0.936133
vn -0.42609 0.0 0.904681
vn -0.42609 0.0 0.904681
vn -0.497403 0.0 0.867519
vn -0.497403 0.0 0.867519
vn -0.565426 0.0 0.824799
vn -0.565426 0.0 0.824799
vn -0.630088 0.0 0.776524
vn -0.630088 0.0 0.776524
vn -0.690176 0.0 0.723642
vn -0.690176 0.0 0.723642
vn -0.746042 0.0 0.665899
vn -0.746042 0.0 0.665899
vn -0.796828 0.0 0.604207
vn -0.796828 0.0 0.604207
vn -0.843094 0.0 0.537766
vn -0.843094 0.0 0.537766
vn -0.883545 0.0 0.468346
vn -0.883545 0.0 0.468346
vn -0.918173 0.0 0.39618
vn -0.918173 0.0 0.39618
vn -0.947071 0.0 0.321024
vn -0.947071 0.0 0.321024
vn -0.969796 0.0 0.243917
vn -0.969796 0.0 0.243917
vn -0.986262 0.0 0.165187
vn -0.986262 0.0 0.165187
vn -0.996337 0.0 0.085509
vn -0.996337 0.0 0.085509
vn -0.999986 0.0 0.005267
vn -0.999986 0.0 0.005267
vn -0.997177 0.0 -0.075082
vn -0.997177 0.0 -0.075082
vn -0.987942 0.0 -0.154822
vn -0.987942 0.0 -0.154822
vn -0.972284 0.0 -0.233804
vn -0.972284 0.0 -0.233804
vn -0.950386 0.0 -0.311073
vn -0.950386 0.0 -0.311073
vn -0.922278 0.0 -0.386528
vn -0.922278 0.0 -0.386528
vn -0.888416 0.0 -0.459039
vn -0.888416 0.0 -0.459039
vn -0.848703 0.0 -0.52887
vn -0.848703 0.0 -0.52887
vn -0.803174 0.0 -0.595745
vn -0.803174 0.0 -0.595745
vn -0.753153 0.0 -0.657845
vn -0.753153 0.0 -0.657845
vn -0.6976 0.0 -0.716488
vn -0.6976 0.0 -0.716488
vn -0.637675 0.0 -0.770305
vn -0.637675 0.0 -0.770305
vn -0.574264 0.0 -0.81867
vn -0.574264 0.0 -0.81867
vn -0.506334 0.0 -0.862337
vn -0.506334 0.0 -0.862337
vn -0.435777 0.0 -0.900055
vn -0.435777 0.0 -0.900055
vn -0.361363 0.0 -0.932425
vn -0.361363 0.0 -0.932425
vn -0.285963 0.0 -0.958241
vn -0.285963 0.0 -0.958241
vn -0.247068 0.0 -0.968998
vn -0.247068 0.0 -0.968998
vn -0.950225 0.0 0.311563
vn -0.950225 0.0 0.311563
vn -0.311589 0.0 -0.950217
vn -0.311589 0.0 -0.950217
vn 0.959411 0.0 -0.282012
vn 0.959411 0.0 -0.282012
vn 0.974987 0.0 -0.222263
vn 0.974987 0.0 -0.222263
vn 0.98686 0.0 -0.161581
vn 0.98686 0.0 -0.161581
vn 0.994963 0.0 -0.100246
vn 0.994963 0.0 -0.100246
vn 0.999256 0.0 -0.03857
vn 0.999256 0.0 -0.03857
vn 0.999729 -0.0 0.023263
vn 0.999729 0.0 0.023263
vn 0.996379 -0.0 0.085019
vn 0.996379 0.0 0.085019
vn 0.989226 -0.0 0.146394
vn 0.989226 0.0 0.146394
vn 0.9783 -0.0 0.207194
vn 0.9783 0.0 0.207194
vn 0.963597 -0.0 0.267359
vn 0.963597 0.0 0.267359
vn 0.945224 0.0 0.326421
vn 0.945224 -0.0 0.326421
vn 0.923324 0.0 0.384021
vn 0.923324 -0.0 0.384021
vn 0.89775 0.0 0.440504
vn 0.89775 -0.0 0.440504
vn 0.868794 -0.0 0.495173
vn 0.868794 0.0 0.495173
vn 0.836519 0.0 0.547939
vn 0.836519 -0.0 0.547939
vn 0.801098 -0.0 0.598533
vn 0.801098 0.0 0.598533
vn 0.762566 -0.0 0.64691
vn 0.762566 0.0 0.64691
vn 0.721311 -0.0 0.692612
vn 0.721311 0.0 0.692612
vn 0.676763 -0.0 0.736201
vn 0.676763 0.0 0.736201
vn 0.630379 -0.0 0.776288
vn 0.630379 0.0 0.776288
vn 0.580708 -0.0 0.814112
vn 0.580708 0.0 0.814112
vn 0.529463 -0.0 0.848333
vn 0.529463 0.0 0.848333
vn 0.4763 -0.0 0.879283
vn 0.4763 0.0 0.879283
vn 0.420785 -0.0 0.90716
vn 0.420785 0.0 0.90716
vn 0.363904 -0.0 0.931437
vn 0.363904 0.0 0.931437
vn 0.305773 -0.0 0.952105
vn 0.305773 0.0 0.952105
vn 0.246389 -0.0 0.969171
vn 0.246389 0.0 0.969171
vn 0.186357 -0.0 0.982482
vn 0.186357 0.0 0.982482
vn 0.124462 -0.0 0.992224
vn 0.124462 0.0 0.992224
vn 0.09415 -0.0 0.995558
vn 0.09415 -0.0 0.995558
vn -0.950215 0.0 0.311594
vn -0.950215 0.0 0.311594
vn -0.935739 0.0 0.352693
vn -0.901474 0.0 0.432833
vn -0.935739 0.0 0.352693
vn -0.860125 0.0 0.510083
vn -0.901474 0.0 0.432833
vn -0.812731 0.0 0.58264
vn -0.860125 0.0 0.510083
vn -0.758592 0.0 0.651565
vn -0.812731 0.0 0.58264
vn -0.698744 0.0 0.715372
vn -0.758592 0.0 0.651565
vn -0.698744 0.0 0.715372
vn -0.634015 0.0 0.773321
vn -0.634015 0.0 0.773321
vn -0.564196 0.0 0.825641
vn -0.564196 0.0 0.825641
vn -0.489905 0.0 0.871776
vn -0.412732 0.0 0.910853
vn -0.489905 0.0 0.871776
vn -0.331333 0.0 0.943514
vn -0.412732 0.0 0.910853
vn -0.247209 0.0 0.968962
vn -0.331333 0.0 0.943514
vn -0.162965 0.0 0.986632
vn -0.247209 0.0 0.968962
vn -0.075228 0.0 0.997166
vn -0.162965 0.0 0.986632
vn 0.010747 -0.0 0.999942
vn -0.075228 0.0 0.997166
vn 0.099393 -0.0 0.995048
vn 0.010747 0.0 0.999942
vn 0.184498 -0.0 0.982833
vn 0.099393 0.0 0.995048
vn 0.269572 -0.0 0.96298
vn 0.184498 0.0 0.982833
vn 0.352828 -0.0 0.935688
vn 0.269572 0.0 0.96298
vn 0.433349 -0.0 0.901226
vn 0.352828 0.0 0.935688
vn 0.509631 -0.0 0.860393
vn 0.433349 0.0 0.901226
vn 0.582968 -0.0 0.812495
vn 0.509631 0.0 0.860393
vn 0.651252 -0.0 0.758861
vn 0.582968 0.0 0.812495
vn 0.715312 -0.0 0.698805
vn 0.651252 0.0 0.758861
vn 0.773506 -0.0 0.633789
vn 0.715312 0.0 0.698805
vn 0.825659 -0.0 0.56417
vn 0.773506 0.0 0.633789
vn 0.871623 -0.0 0.490176
vn 0.825659 0.0 0.56417
vn 0.911006 -0.0 0.412394
vn 0.871623 0.0 0.490176
vn 0.943586 -0.0 0.331128
vn 0.911006 0.0 0.412394
vn 0.968838 -0.0 0.247694
vn 0.943586 0.0 0.331128
vn 0.986725 -0.0 0.162402
vn 0.968838 0.0 0.247694
vn 0.997126 -0.0 0.075759
vn 0.986725 0.0 0.162402
vn 0.997126 0.0 0.075759
vn 0.999935 0.0 -0.011414
vn 0.999935 0.0 -0.011414
vn 0.995129 0.0 -0.098584
vn 0.995129 0.0 -0.098584
vn 0.98275 0.0 -0.184938
vn 0.98275 0.0 -0.184938
vn 0.962891 0.0 -0.269889
vn 0.962891 0.0 -0.269889
vn 0.935721 0.0 -0.352742
vn 0.935721 0.0 -0.352742
vn 0.901496 0.0 -0.432787
vn 0.901496 0.0 -0.432787
vn 0.8601 0.0 -0.510125
vn 0.8601 0.0 -0.510125
vn 0.812757 0.0 -0.582603
vn 0.812757 0.0 -0.582603
vn 0.758592 0.0 -0.651565
vn 0.758592 0.0 -0.651565
vn 0.698744 0.0 -0.715372
vn 0.698744 0.0 -0.715372
vn 0.634015 0.0 -0.773321
vn 0.634015 0.0 -0.773321
vn 0.56417 0.0 -0.825659
vn 0.56417 0.0 -0.825659
vn 0.490585 0.0 -0.871393
vn 0.490585 0.0 -0.871393
vn 0.411989 0.0 -0.911189
vn 0.411989 0.0 -0.911189
vn 0.33135 0.0 -0.943508
vn 0.33135 0.0 -0.943508
vn 0.248036 0.0 -0.968751
vn 0.248036 0.0 -0.968751
vn 0.162102 0.0 -0.986774
vn 0.162102 0.0 -0.986774
vn 0.075228 0.0 -0.997166
vn 0.075228 0.0 -0.997166
vn -0.010746 0.0 -0.999942
vn -0.010746 -0.0 -0.999942
vn -0.098512 0.0 -0.995136
vn -0.098512 -0.0 -0.995136
vn -0.185353 0.0 -0.982672
vn -0.185353 -0.0 -0.982672
vn -0.269586 0.0 -0.962976
vn -0.269586 -0.0 -0.962976
vn -0.352828 0.0 -0.935688
vn -0.352828 -0.0 -0.935688
vn -0.433328 0.0 -0.901236
vn -0.433328 -0.0 -0.901236
vn -0.509655 0.0 -0.860379
vn -0.509655 -0.0 -0.860379
vn -0.582942 0.0 -0.812514
vn -0.582942 -0.0 -0.812514
vn -0.651252 0.0 -0.758861
vn -0.651252 -0.0 -0.758861
vn -0.71534 0.0 -0.698777
vn -0.71534 -0.0 -0.698777
vn -0.773146 0.0 -0.634228
vn -0.773146 -0.0 -0.634228
vn -0.825659 0.0 -0.56417
vn -0.825659 -0.0 -0.56417
vn -0.871814 0.0 -0.489836
vn -0.871814 -0.0 -0.489836
vn -0.911027 0.0 -0.412347
vn -0.911027 -0.0 -0.412347
vn -0.943586 0.0 -0.331128
vn -0.943586 -0.0 -0.331128
vn -0.968825 0.0 -0.247747
vn -0.968825 -0.0 -0.247747
vn -0.98671 0.0 -0.162491
vn -0.98671 -0.0 -0.162491
vn -0.997127 -0.0 -0.075747
vn -0.997127 0.0 -0.075747
vn -0.999934 0.0 0.01148
vn -0.999934 0.0 0.01148
vn -0.995143 0.0 0.09844
vn -0.995143 0.0 0.09844
vn -0.98274 0.0 0.184992
vn -0.98274 0.0 0.184992
vn -0.962891 0.0 0.269889
vn -0.962891 0.0 0.269889
vn 0.950217 0.0 -0.31159
vn 0.950217 0.0 -0.31159
vn -0.0 1.0 0.0
vn 0.0 1.0 0.0
vn 0.0 1.0 0.0
vn 0.0 1.0 -0.0
vn 0.0 1.0 0.0
vn 0.0 1.0 0.0
vn 0.0 1.0 0.0
vn 0.0 1.0 0.0
vn 0.0 1.0 0.0
vn 0.0 1.0 0.0
vn 0.0 1.0 0.0
vn 0.0 1.0 0.0
vn -0.0 1.0 0.0
vn 0.0 1.0 0.0
vn -0.0 1.0 0.0
vn 0.0 1.0 0.0
vn -0.0 1.0 0.0
vn 0.0 1.0 0.0
vn 0.0 1.0 -0.0
vn -0.0 1.0 0.0
vn -0.0 1.0 0.0
vn 0.0 1.0 0.0
vn -0.0 1.0 0.0
vn 0.0 1.0 -0.0
vn 0.0 1.0 0.0
vn 0.0 1.0 -0.0
vn 0.0 1.0 -0.0
vn -0.0 1.0 0.0
vn 0.0 1.0 0.0
vn 0.0 1.0 -0.0
vn 0.0 1.0 0.0
vn 0.0 1.0 0.0
vn 0.0 1.0 0.0
vn 0.0 1.0 0.0
vn 0.0 1.0 0.0
vn 0.0 1.0 0.0
vn 0.0 1.0 0.0
vn 0.0 1.0 -0.0
vn 0.0 1.0 0.0
vn 0.0 1.0 0.0
vn 0.0 1.0 -0.0
vn 0.0 1.0 0.0
vn 0.0 1.0 0.0
vn 0.0 1.0 0.0
vn 0.0 1.0 -0.0
vn 0.0 1.0 0.0
vn 0.0 1.0 -0.0
vn 0.0 1.0 0.0
vn 0.0 1.0 0.0
vn 0.0 1.0 -0.0
vn 0.0 1.0 0.0
vn 0.0 1.0 0.0
vn 0.0 1.0 -0.0
vn 0.0 1.0 0.0
vn 0.0 1.0 0.0
vn 0.0 1.0 0.0
vn -0.0 1.0 0.0
vn 0.0 1.0 0.0
vn -0.0 1.0 0.0
vn 0.0 1.0 0.0
vn 0.0 1.0 0.0
vn -0.0 1.0 0.0
vn 0.0 1.0 0.0
vn -0.0 1.0 0.0
vn 0.0 1.0 0.0
vn -0.0 1.0 0.0
vn 0.0 1.0 0.0
vn -0.0 1.0 0.0
vn 0.0 1.0 0.0
vn -0.0 1.0 0.0
vn -0.0 1.0 0.0
vn -0.0 1.0 0.0
vn -0.0 1.0 0.0
vn -0.0 1.0 0.0
vn 0.0 1.0 0.0
vn -0.0 1.0 0.0
vn -0.0 1.0 0.0
vn -0.0 1.0 0.0
vn 0.0 1.0 0.0
vn 0.0 1.0 0.0
vn 0.0 1.0 0.0
vn 0.0 1.0 0.0
vn -0.0 1.0 0.0
vn 0.0 1.0 0.0
vn 0.0 1.0 0.0
vn -0.0 1.0 0.0
vn -0.0 1.0 0.0
vn 0.0 1.0 0.0
vn -0.0 1.0 0.0
vn 0.0 1.0 0.0
vn -0.0 1.0 0.0
vn 0.0 1.0 0.0
vn 0.0 1.0 0.0
vn 0.0 1.0 0.0
vn 0.0 1.0 0.0
vn 0.0 1.0 0.0
vn -0.0 1.0 0.0
vn 0.0 1.0 0.0
vn 0.0 1.0 0.0
vn -0.0 1.0 0.0
vn -0.0 1.0 0.0
vn 0.0 1.0 0.0
vn 0.0 1.0 0.0
vn 0.0 1.0 0.0
vn 0.0 1.0 0.0
vn 0.0 1.0 0.0
vn 0.0 1.0 0.0
vn 0.0 1.0 0.0
vn 0.0 1.0 0.0
vn -0.0 1.0 0.0
vn -0.0 1.0 0.0
vn -0.0 1.0 0.0
vn -0.0 1.0 0.0
vn -0.0 1.0 0.0
vn 0.0 1.0 0.0
vn -0.0 1.0 0.0
vn -0.0 1.0 0.0
vn 0.0 1.0 0.0
vn 0.0 1.0 -0.0
vn 0.0 1.0 -0.0
vn 0.0 1.0 -0.0
vn 0.0 1.0 -0.0
vn 0.0 1.0 -0.0
vn 0.0 1.0 0.0
vn 0.0 1.0 -0.0
vn 0.0 1.0 -0.0
vn 0.0 1.0 -0.0
vn -0.0 1.0 0.0
vn 0.0 1.0 -0.0
vn 0.0 1.0 -0.0
vn 0.0 1.0 -0.0
vn 0.0 1.0 -0.0
vn 0.0 1.0 0.0
vn 0.0 1.0 0.0
vn 0.0 1.0 0.0
vn 0.0 1.0 0.0
vn -0.0 1.0 0.0
vn -0.0 1.0 0.0
vn -0.0 1.0 0.0
vn -0.0 1.0 0.0
vn -0.0 1.0 0.0
vn -0.0 1.0 0.0
vn -0.0 1.0 0.0
vn -0.0 1.0 0.0
vn -0.0 1.0 0.0
vn -0.0 1.0 0.0
vn -0.0 1.0 0.0
vn -0.0 1.0 0.0
vn -0.0 1.0 0.0
vn 0.0 1.0 0.0
vn 0.0 1.0 -0.0
vn 0.0 1.0 -0.0
vn 0.0 1.0 -0.0
vn 0.0 1.0 0.0
vn -0.0 1.0 0.0
vn -0.0 1.0 0.0
vn -0.0 1.0 0.0
vn 0.0 1.0 -0.0
vn -0.0 1.0 0.0
vn -0.0 1.0 0.0
vn -0.0 1.0 0.0
vn -0.0 1.0 0.0
vn -0.0 1.0 0.0
vn -0.0 1.0 0.0
vn 0.0 1.0 -0.0
vn -0.0 1.0 0.0
vn 0.0 1.0 -0.0
vn 0.0 1.0 -0.0
vn 0.0 1.0 -0.0
vn 0.0 1.0 -0.0
vn 0.0 1.0 -0.0
vn 0.0 1.0 -0.0
vn 0.0 1.0 -0.0
vn 0.0 1.0 -0.0
vn 0.0 1.0 -0.0
vn 0.0 1.0 -0.0
vn 0.0 1.0 -0.0
vn -0.0 1.0 0.0
vn 0.0 1.0 0.0
vn 0.0 1.0 -0.0
vn -0.0 1.0 0.0
vn 0.0 1.0 0.0
vn -0.0 1.0 0.0
vn 0.0 1.0 0.0
vn -0.0 1.0 0.0
vn 0.0 1.0 -0.0
vn 0.0 1.0 -0.0
vn 0.0 1.0 -0.0
vn 0.0 1.0 -0.0
vn 0.0 1.0 -0.0
vn 0.0 1.0 -0.0
vn 0.0 1.0 -0.0
vn 0.0 1.0 0.0
vn 0.0 1.0 0.0
vn 0.0 1.0 0.0
vn 0.0 1.0 0.0
vn 0.0 1.0 0.0
vn 0.0 -1.0 -0.0
vn 0.0 -1.0 0.0
vn 0.0 -1.0 -0.0
vn 0.0 -1.0 -0.0
vn 0.0 -1.0 0.0
vn 0.0 -1.0 -0.0
vn 0.0 -1.0 -0.0
vn 0.0 -1.0 0.0
vn 0.0 -1.0 0.0
vn 0.0 -1.0 -0.0
vn 0.0 -1.0 -0.0
vn 0.0 -1.0 -0.0
vn 0.0 -1.0 -0.0
vn 0.0 -1.0 0.0
vn 0.0 -1.0 0.0
vn 0.0 -1.0 -0.0
vn 0.0 -1.0 0.0
vn 0.0 -1.0 -0.0
vn 0.0 -1.0 0.0
vn 0.0 -1.0 -0.0
vn 0.0 -1.0 -0.0
vn 0.0 -1.0 0.0
vn 0.0 -1.0 -0.0
vn 0.0 -1.0 -0.0
vn 0.0 -1.0 0.0
vn 0.0 -1.0 0.0
vn 0.0 -1.0 -0.0
vn 0.0 -1.0 -0.0
vn 0.0 -1.0 0.0
vn 0.0 -1.0 -0.0
vn 0.0 -1.0 0.0
vn 0.0 -1.0 -0.0
vn 0.0 -1.0 -0.0
vn -0.0 -1.0 0.0
vn 0.0 -1.0 0.0
vn 0.0 -1.0 -0.0
vn 0.0 -1.0 -0.0
vn 0.0 -1.0 0.0
vn -0.0 -1.0 0.0
vn 0.0 -1.0 -0.0
vn 0.0 -1.0 -0.0
vn 0.0 -1.0 0.0
vn 0.0 -1.0 -0.0
vn -0.0 -1.0 0.0
vn 0.0 -1.0 0.0
vn 0.0 -1.0 -0.0
vn 0.0 -1.0 -0.0
vn 0.0 -1.0 -0.0
vn 0.0 -1.0 -0.0
vn 0.0 -1.0 0.0
vn 0.0 -1.0 -0.0
vn 0.0 -1.0 0.0
vn 0.0 -1.0 -0.0
vn 0.0 -1.0 0.0
vn 0.0 -1.0 -0.0
vn 0.0 -1.0 0.0
vn 0.0 -1.0 -0.0
vn 0.0 -1.0 0.0
vn 0.0 -1.0 -0.0
vn 0.0 -1.0 0.0
vn 0.0 -1.0 -0.0
vn 0.0 -1.0 0.0
vn 0.0 -1.0 -0.0
vn 0.0 -1.0 0.0
vn 0.0 -1.0 -0.0
vn 0.0 -1.0 0.0
vn 0.0 -1.0 0.0
vn 0.0 -1.0 0.0
vn 0.0 -1.0 -0.0
vn 0.0 -1.0 0.0
vn 0.0 -1.0 0.0
vn 0.0 -1.0 0.0
vn 0.0 -1.0 0.0
vn 0.0 -1.0 0.0
vn 0.0 -1.0 0.0
vn 0.0 -1.0 0.0
vn 0.0 -1.0 0.0
vn -0.0 -1.0 0.0
vn -0.0 -1.0 0.0
vn -0.0 -1.0 0.0
vn -0.0 -1.0 0.0
vn -0.0 -1.0 0.0
vn -0.0 -1.0 0.0
vn -0.0 -1.0 0.0
vn -0.0 -1.0 -0.0
vn -0.0 -1.0 -0.0
vn -0.0 -1.0 -0.0
vn -0.0 -1.0 -0.0
vn -0.0 -1.0 0.0
vn -0.0 -1.0 0.0
vn -0.0 -1.0 0.0
vn -0.0 -1.0 0.0
vn 0.0 -1.0 -0.0
vn -0.0 -1.0 0.0
vn 0.0 -1.0 -0.0
vn 0.0 -1.0 -0.0
vn 0.0 -1.0 -0.0
vn 0.0 -1.0 -0.0
vn 0.0 -1.0 -0.0
vn 0.0 -1.0 -0.0
vn 0.0 -1.0 -0.0
vn 0.0 -1.0 -0.0
vn 0.0 -1.0 -0.0
vn 0.0 -1.0 -0.0
vn 0.0 -1.0 0.0
vn 0.0 -1.0 -0.0
vn 0.0 -1.0 -0.0
vn 0.0 -1.0 0.0
vn 0.0 -1.0 0.0
vn 0.0 -1.0 0.0
vn 0.0 -1.0 0.0
vn 0.0 -1.0 0.0
vn 0.0 -1.0 0.0
vn 0.0 -1.0 -0.0
vn 0.0 -1.0 0.0
vn 0.0 -1.0 0.0
vn 0.0 -1.0 -0.0
vn 0.0 -1.0 0.0
vn 0.0 -1.0 -0.0
vn 0.0 -1.0 0.0
vn 0.0 -1.0 -0.0
vn 0.0 -1.0 0.0
vn 0.0 -1.0 -0.0
vn 0.0 -1.0 0.0
vn 0.0 -1.0 -0.0
vn 0.0 -1.0 0.0
vn 0.0 -1.0 -0.0
vn 0.0 -1.0 0.0
vn 0.0 -1.0 -0.0
vn 0.0 -1.0 -0.0
vn 0.0 -1.0 -0.0
vn 0.0 -1.0 -0.0
vn 0.0 -1.0 0.0
vn -0.0 -1.0 0.0
vn -0.0 -1.0 0.0
vn -0.0 -1.0 0.0
vn -0.0 -1.0 0.0
vn -0.0 -1.0 0.0
vn -0.0 -1.0 0.0
vn -0.0 -1.0 0.0
vn -0.0 -1.0 0.0
vn -0.0 -1.0 0.0
vn -0.0 -1.0 0.0
vn -0.0 -1.0 0.0
vn 0.0 -1.0 -0.0
vn 0.0 -1.0 -0.0
vn 0.0 -1.0 -0.0
vn 0.0 -1.0 -0.0
vn 0.0 -1.0 -0.0
vn 0.0 -1.0 -0.0
vn 0.0 -1.0 -0.0
vn -0.0 -1.0 0.0
vn 0.0 -1.0 -0.0
vn 0.0 -1.0 -0.0
vn 0.0 -1.0 -0.0
vn 0.0 -1.0 -0.0
vn 0.0 -1.0 -0.0
vn 0.0 -1.0 -0.0
vn 0.0 -1.0 -0.0
vn 0.0 -1.0 -0.0
vn 0.0 -1.0 -0.0
vn 0.0 -1.0 -0.0
vn 0.0 -1.0 -0.0
vn 0.0 -1.0 -0.0
vn 0.0 -1.0 -0.0
vn 0.0 -1.0 -0.0
vn 0.0 -1.0 -0.0
vn 0.0 -1.0 -0.0
vn 0.0 -1.0 0.0
vn -0.0 -1.0 0.0
vn 0.0 -1.0 -0.0
vn 0.0 -1.0 0.0
vn 0.0 -1.0 -0.0
vn 0.0 -1.0 0.0
vn 0.0 -1.0 -0.0
vn 0.0 -1.0 0.0
vn 0.0 -1.0 -0.0
vn 0.0 -1.0 0.0
vn 0.0 -1.0 -0.0
vn 0.0 -1.0 -0.0
vn 0.0 -1.0 0.0
vn 0.0 -1.0 0.0
vn 0.0 -1.0 0.0
vn 0.0 -1.0 0.0
vn 0.0 -1.0 0.0
vn 0.0 -1.0 0.0
vn 0.0 -1.0 0.0
vn 0.0 -1.0 -0.0
vn 0.0 -1.0 0.0
vn 0.0 -1.0 0.0
vn 0.0 -1.0 0.0
vn 0.0 -1.0 0.0
vn 0.0 -1.0 0.0
vn 0.0 -1.0 0.0
vn 0.0 -1.0 0.0
vn 0.0 -1.0 0.0
vn 0.0 -1.0 0.0
vn -0.811827 0.0 -0.583898
vn -0.873918 0.0 -0.486073
vn -0.811827 0.0 -0.583898
vn -0.924678 0.0 -0.38075
vn -0.873918 0.0 -0.486073
vn -0.962547 0.0 -0.271115
vn -0.924678 0.0 -0.38075
vn -0.987498 0.0 -0.157629
vn -0.962547 0.0 -0.271115
vn -0.999125 0.0 -0.041823
vn -0.987498 0.0 -0.157629
vn -0.997227 0.0 0.074416
vn -0.999125 0.0 -0.041823
vn -0.98182 0.0 0.189815
vn -0.997227 0.0 0.074416
vn -0.953173 0.0 0.302427
vn -0.98182 0.0 0.189815
vn -0.911634 0.0 0.411003
vn -0.953173 0.0 0.302427
vn -0.911634 0.0 0.411003
vn -0.857895 0.0 0.513825
vn -0.857895 0.0 0.513825
vn -0.79229 0.0 0.610144
vn -0.79229 0.0 0.610144
vn -0.715957 0.0 0.698145
vn -0.715957 0.0 0.698145
vn -0.630118 0.0 0.776499
vn -0.630118 0.0 0.776499
vn -0.536159 0.0 0.844117
vn -0.536159 0.0 0.844117
vn -0.4334 0.0 0.901202
vn -0.326633 0.0 0.945151
vn -0.4334 0.0 0.901202
vn -0.326633 0.0 0.945151
vn -0.215413 0.0 0.976523
vn -0.215413 0.0 0.976523
vn -0.099611 0.0 0.995026
vn -0.099611 0.0 0.995026
vn 0.016217 0.0 0.999868
vn 0.13205 -0.0 0.991243
vn 0.016217 0.0 0.999868
vn 0.13205 0.0 0.991243
vn 0.246706 0.0 0.96909
vn 0.246706 0.0 0.96909
vn 0.357825 0.0 0.933789
vn 0.463328 -0.0 0.886187
vn 0.357825 0.0 0.933789
vn 0.463328 0.0 0.886187
vn 0.562993 0.0 0.826462
vn 0.654743 -0.0 0.755852
vn 0.562993 0.0 0.826462
vn 0.654743 0.0 0.755852
vn 0.738714 0.0 0.674019
vn 0.738714 0.0 0.674019
vn 0.811827 0.0 0.583898
vn 0.811827 0.0 0.583898
vn 0.873918 0.0 0.486073
vn 0.873918 0.0 0.486073
vn 0.924678 0.0 0.38075
vn 0.962547 -0.0 0.271115
vn 0.924678 0.0 0.38075
vn 0.962547 0.0 0.271115
vn 0.987498 0.0 0.157629
vn 0.987498 0.0 0.157629
vn 0.999125 0.0 0.041823
vn 0.999125 0.0 0.041823
vn 0.997227 0.0 -0.074416
vn 0.98182 0.0 -0.189815
vn 0.997227 0.0 -0.074416
vn 0.953193 0.0 -0.302361
vn 0.98182 0.0 -0.189815
vn 0.911607 0.0 -0.411063
vn 0.953193 0.0 -0.302361
vn 0.911607 0.0 -0.411063
vn 0.857895 0.0 -0.513825
vn 0.79229 0.0 -0.610144
vn 0.857895 0.0 -0.513825
vn 0.79229 0.0 -0.610144
vn 0.715957 0.0 -0.698145
vn 0.715957 0.0 -0.698145
vn 0.630154 0.0 -0.77647
vn 0.536126 0.0 -0.844138
vn 0.630154 0.0 -0.77647
vn 0.4334 0.0 -0.901202
vn 0.536126 0.0 -0.844138
vn 0.4334 0.0 -0.901202
vn 0.326633 0.0 -0.945151
vn 0.215413 0.0 -0.976523
vn 0.326633 0.0 -0.945151
vn 0.099618 0.0 -0.995026
vn 0.215413 0.0 -0.976523
vn -0.016216 0.0 -0.999869
vn 0.099618 0.0 -0.995026
vn -0.13205 0.0 -0.991243
vn -0.016216 0.0 -0.999869
vn -0.246706 0.0 -0.96909
vn -0.13205 0.0 -0.991243
vn -0.357825 0.0 -0.933789
vn -0.246706 0.0 -0.96909
vn -0.463328 0.0 -0.886187
vn -0.357825 0.0 -0.933789
vn -0.463328 0.0 -0.886187
vn -0.562993 0.0 -0.826462
vn -0.654743 0.0 -0.755852
vn -0.562993 -0.0 -0.826462
vn -0.738714 0.0 -0.674019
vn -0.654743 0.0 -0.755852
vn -0.738714 0.0 -0.674019
vn -0.808304 0.0 -0.588766
vn -0.865294 0.0 -0.501265
vn -0.808304 0.0 -0.588766
vn -0.913198 0.0 -0.407516
vn -0.865294 0.0 -0.501265
vn -0.950626 0.0 -0.31034
vn -0.913198 0.0 -0.407516
vn -0.977958 0.0 -0.208802
vn -0.950626 0.0 -0.31034
vn -0.994399 0.0 -0.105695
vn -0.977958 0.0 -0.208802
vn -0.999999 0.0 -0.001133
vn -0.994399 0.0 -0.105695
vn -0.994646 0.0 0.103342
vn -0.999999 0.0 -0.001133
vn -0.978359 0.0 0.206914
vn -0.994646 0.0 0.103342
vn -0.978359 0.0 0.206914
vn -0.951475 0.0 0.307725
vn -0.951475 0.0 0.307725
vn -0.913965 0.0 0.405792
vn -0.913965 0.0 0.405792
vn -0.866664 0.0 0.498892
vn -0.809528 0.0 0.587081
vn -0.866664 0.0 0.498892
vn -0.809528 0.0 0.587081
vn -0.744062 0.0 0.66811
vn -0.669775 0.0 0.742564
vn -0.744062 0.0 0.66811
vn -0.588615 0.0 0.808413
vn -0.669775 0.0 0.742564
vn -0.501097 0.0 0.865391
vn -0.588615 0.0 0.808413
vn -0.501097 0.0 0.865391
vn -0.4074 0.0 0.91325
vn -0.310264 0.0 0.95065
vn -0.4074 0.0 0.91325
vn -0.310264 0.0 0.95065
vn -0.208978 0.0 0.97792
vn -0.208978 0.0 0.97792
vn -0.105566 0.0 0.994412
vn -0.105566 0.0 0.994412
vn -0.001066 0.0 1.0
vn -0.001066 0.0 1.0
vn 0.102367 0.0 0.994747
vn 0.102367 0.0 0.994747
vn 0.206857 0.0 0.978371
vn 0.206857 0.0 0.978371
vn 0.30814 0.0 0.951341
vn 0.30814 0.0 0.951341
vn 0.406138 0.0 0.913812
vn 0.406138 0.0 0.913812
vn 0.499007 0.0 0.866598
vn 0.499007 0.0 0.866598
vn 0.586585 0.0 0.809888
vn 0.668456 -0.0 0.743751
vn 0.586585 0.0 0.809888
vn 0.668456 0.0 0.743751
vn 0.742246 0.0 0.670128
vn 0.742246 0.0 0.670128
vn 0.808304 0.0 0.588766
vn 0.808304 0.0 0.588766
vn 0.865562 0.0 0.500803
vn 0.865562 0.0 0.500803
vn 0.913021 0.0 0.407913
vn 0.913021 0.0 0.407913
vn 0.950728 0.0 0.310026
vn 0.950728 0.0 0.310026
vn 0.977912 0.0 0.209019
vn 0.977912 0.0 0.209019
vn 0.994411 0.0 0.105583
vn 0.994411 0.0 0.105583
vn 0.999999 0.0 0.001133
vn 0.999999 0.0 0.001133
vn 0.994634 0.0 -0.103452
vn 0.994634 0.0 -0.103452
vn 0.978405 0.0 -0.206699
vn 0.978405 0.0 -0.206699
vn 0.951374 0.0 -0.308037
vn 0.951374 0.0 -0.308037
vn 0.913965 0.0 -0.405792
vn 0.913965 0.0 -0.405792
vn 0.866664 0.0 -0.498892
vn 0.866664 0.0 -0.498892
vn 0.809895 0.0 -0.586575
vn 0.809895 0.0 -0.586575
vn 0.743586 0.0 -0.66864
vn 0.670362 0.0 -0.742034
vn 0.743586 0.0 -0.66864
vn 0.670362 0.0 -0.742034
vn 0.588615 0.0 -0.808413
vn 0.501097 0.0 -0.865391
vn 0.588615 0.0 -0.808413
vn 0.4074 0.0 -0.91325
vn 0.501097 0.0 -0.865391
vn 0.4074 0.0 -0.91325
vn 0.310264 0.0 -0.95065
vn 0.208978 0.0 -0.97792
vn 0.310264 0.0 -0.95065
vn 0.105566 0.0 -0.994412
vn 0.208978 0.0 -0.97792
vn 0.001066 0.0 -1.0
vn 0.105566 0.0 -0.994412
vn 0.001066 0.0 -1.0
vn -0.103422 0.0 -0.994638
vn -0.206857 0.0 -0.978371
vn -0.103422 -0.0 -0.994638
vn -0.30814 0.0 -0.951341
vn -0.206857 0.0 -0.978371
vn -0.30814 0.0 -0.951341
vn -0.405248 0.0 -0.914207
vn -0.405248 -0.0 -0.914207
vn -0.499007 0.0 -0.866598
vn -0.587284 0.0 -0.809381
vn -0.499007 -0.0 -0.866598
vn -0.587284 0.0 -0.809381
vn -0.667866 0.0 -0.744281
vn -0.667866 -0.0 -0.744281
vn -0.742724 0.0 -0.669597
vn -0.742724 -0.0 -0.669597
vn 0.658358 0.0 -0.752705
vn 0.658358 0.0 -0.752705
vn 0.711665 0.0 -0.702519
vn 0.711665 0.0 -0.702519
vn 0.761566 0.0 -0.648088
vn 0.761566 0.0 -0.648088
vn 0.806885 0.0 -0.590709
vn 0.806885 0.0 -0.590709
vn 0.847915 0.0 -0.530132
vn 0.847915 0.0 -0.530132
vn 0.884614 0.0 -0.466325
vn 0.884614 0.0 -0.466325
vn 0.916547 0.0 -0.399928
vn 0.916547 0.0 -0.399928
vn 0.943304 0.0 -0.331931
vn 0.943304 0.0 -0.331931
vn 0.965149 0.0 -0.261702
vn 0.965149 0.0 -0.261702
vn 0.981759 0.0 -0.190128
vn 0.981759 0.0 -0.190128
vn 0.993059 0.0 -0.117621
vn 0.993059 0.0 -0.117621
vn 0.999013 0.0 -0.044427
vn 0.999013 0.0 -0.044427
vn 0.999581 -0.0 0.028951
vn 0.999581 0.0 0.028951
vn 0.994757 0.0 0.102266
vn 0.994757 -0.0 0.102266
vn 0.984569 -0.0 0.174998
vn 0.984569 0.0 0.174998
vn 0.969113 -0.0 0.246618
vn 0.969113 0.0 0.246618
vn 0.948345 -0.0 0.317239
vn 0.948345 0.0 0.317239
vn 0.922502 -0.0 0.385993
vn 0.922502 0.0 0.385993
vn 0.89177 -0.0 0.452488
vn 0.89177 0.0 0.452488
vn 0.856236 -0.0 0.516586
vn 0.856236 0.0 0.516586
vn 0.815872 -0.0 0.578233
vn 0.815872 0.0 0.578233
vn 0.776437 -0.0 0.630195
vn 0.776437 -0.0 0.630195
vn -0.0202 0.0 0.999796
vn -0.0202 0.0 0.999796
vn -0.179286 0.0 0.983797
vn -0.179286 0.0 0.983797
vn -0.223116 0.0 0.974792
vn -0.223116 0.0 0.974792
vn -0.266498 0.0 0.963836
vn -0.266498 0.0 0.963836
vn -0.309019 0.0 0.951056
vn -0.309019 0.0 0.951056
vn -0.351105 0.0 0.936336
vn -0.351105 0.0 0.936336
vn -0.392335 0.0 0.919823
vn -0.392335 0.0 0.919823
vn -0.433066 0.0 0.901362
vn -0.433066 0.0 0.901362
vn -0.472918 0.0 0.881106
vn -0.472918 0.0 0.881106
vn -0.511544 0.0 0.859257
vn -0.511544 0.0 0.859257
vn -0.549251 0.0 0.835657
vn -0.549251 0.0 0.835657
vn -0.586033 0.0 0.810287
vn -0.586033 0.0 0.810287
vn -0.621549 0.0 0.783375
vn -0.621549 0.0 0.783375
vn -0.655764 0.0 0.754966
vn -0.655764 0.0 0.754966
vn -0.688694 0.0 0.725052
vn -0.688694 0.0 0.725052
vn -0.720495 0.0 0.69346
vn -0.720495 0.0 0.69346
vn -0.750509 0.0 0.66086
vn -0.750509 0.0 0.66086
vn -0.779295 0.0 0.626657
vn -0.779295 0.0 0.626657
vn -0.806449 0.0 0.591304
vn -0.806449 0.0 0.591304
vn -0.831806 0.0 0.555067
vn -0.831806 0.0 0.555067
vn -0.855903 0.0 0.517136
vn -0.855903 0.0 0.517136
vn -0.878019 0.0 0.478626
vn -0.878019 0.0 0.478626
vn -0.898498 0.0 0.438977
vn -0.898498 0.0 0.438977
vn -0.917111 0.0 0.398633
vn -0.917111 0.0 0.398633
vn -0.934003 0.0 0.357264
vn -0.934003 0.0 0.357264
vn -0.948976 0.0 0.315348
vn -0.948976 0.0 0.315348
vn -0.962088 0.0 0.272738
vn -0.962088 0.0 0.272738
vn -0.973268 0.0 0.229672
vn -0.973268 0.0 0.229672
vn -0.982548 0.0 0.186008
vn -0.982548 0.0 0.186008
vn -0.98985 0.0 0.142116
vn -0.98985 0.0 0.142116
vn -0.995199 0.0 0.097876
vn -0.995199 0.0 0.097876
vn -0.998572 0.0 0.053424
vn -0.998572 0.0 0.053424
vn -0.99996 0.0 0.008901
vn -0.99996 0.0 0.008901
vn -0.999364 0.0 -0.035668
vn -0.999364 0.0 -0.035668
vn -0.996784 0.0 -0.080134
vn -0.996784 0.0 -0.080134
vn -0.99222 0.0 -0.124493
vn -0.99222 0.0 -0.124493
vn -0.985698 0.0 -0.16852
vn -0.985698 0.0 -0.16852
vn -0.977199 0.0 -0.212324
vn -0.977199 0.0 -0.212324
vn -0.966794 0.0 -0.255558
vn -0.966794 0.0 -0.255558
vn -0.954418 0.0 -0.298475
vn -0.954418 0.0 -0.298475
vn -0.940197 0.0 -0.34063
vn -0.940197 0.0 -0.34063
vn -0.924069 0.0 -0.382225
vn -0.924069 0.0 -0.382225
vn -0.906205 0.0 -0.422839
vn -0.906205 0.0 -0.422839
vn -0.886375 0.0 -0.462969
vn -0.886375 0.0 -0.462969
vn -0.864894 0.0 -0.501955
vn -0.864894 0.0 -0.501955
vn -0.841659 0.0 -0.54001
vn -0.841659 0.0 -0.54001
vn -0.816868 0.0 -0.576825
vn -0.816868 0.0 -0.576825
vn -0.790298 0.0 -0.612722
vn -0.790298 0.0 -0.612722
vn 0.630196 0.0 -0.776436
vn 0.630196 0.0 -0.776436
vn -0.776418 0.0 -0.630218
vn -0.776418 0.0 -0.630218
vn 0.11294 0.0 -0.993602
vn 0.026887 0.0 -0.999638
vn 0.11294 0.0 -0.993602
vn -0.060945 0.0 -0.998141
vn 0.026887 0.0 -0.999638
vn -0.146995 0.0 -0.989137
vn -0.060945 0.0 -0.998141
vn -0.233021 0.0 -0.972472
vn -0.146995 0.0 -0.989137
vn -0.316413 0.0 -0.948622
vn -0.233021 0.0 -0.972472
vn -0.397972 0.0 -0.917397
vn -0.316413 0.0 -0.948622
vn -0.476716 0.0 -0.879057
vn -0.397972 0.0 -0.917397
vn -0.551205 0.0 -0.83437
vn -0.476716 0.0 -0.879057
vn -0.621932 0.0 -0.783072
vn -0.551205 0.0 -0.83437
vn -0.687515 0.0 -0.726171
vn -0.621932 0.0 -0.783072
vn -0.748286 0.0 -0.663376
vn -0.687515 0.0 -0.726171
vn -0.748286 0.0 -0.663376
vn 0.15672 0.0 -0.987643
vn 0.15672 0.0 -0.987643
vn -0.776422 0.0 -0.630213
vn -0.776422 0.0 -0.630213
vn 0.0 1.0 -0.0
vn 0.0 1.0 0.0
vn 0.0 1.0 -0.0
vn -0.0 1.0 0.0
vn 0.0 1.0 -0.0
vn 0.0 1.0 -0.0
vn 0.0 1.0 0.0
vn 0.0 1.0 -0.0
vn 0.0 1.0 0.0
vn 0.0 1.0 -0.0
vn 0.0 1.0 -0.0
vn 0.0 1.0 0.0
vn 0.0 1.0 0.0
vn 0.0 1.0 0.0
vn 0.0 1.0 -0.0
vn 0.0 1.0 -0.0
vn 0.0 1.0 0.0
vn 0.0 1.0 0.0
vn 0.0 1.0 -0.0
vn 0.0 1.0 -0.0
vn 0.0 1.0 -0.0
vn 0.0 1.0 0.0
vn 0.0 1.0 0.0
vn 0.0 1.0 0.0
vn 0.0 1.0 -0.0
vn 0.0 1.0 -0.0
vn 0.0 1.0 0.0
vn 0.0 1.0 0.0
vn 0.0 1.0 0.0
vn 0.0 1.0 -0.0
vn 0.0 1.0 -0.0
vn 0.0 1.0 -0.0
vn 0.0 1.0 0.0
vn 0.0 1.0 -0.0
vn 0.0 1.0 0.0
vn 0.0 1.0 -0.0
vn 0.0 1.0 0.0
vn 0.0 1.0 -0.0
vn 0.0 1.0 0.0
vn 0.0 1.0 -0.0
vn 0.0 1.0 0.0
vn 0.0 1.0 -0.0
vn 0.0 1.0 0.0
vn 0.0 1.0 -0.0
vn 0.0 1.0 0.0
vn 0.0 1.0 -0.0
vn 0.0 1.0 0.0
vn 0.0 1.0 0.0
vn 0.0 1.0 0.0
vn -0.0 1.0 -0.0
vn -0.0 1.0 -0.0
vn 0.0 1.0 -0.0
vn 0.0 1.0 -0.0
vn 0.0 1.0 -0.0
vn 0.0 1.0 -0.0
vn 0.0 1.0 -0.0
vn 0.0 1.0 -0.0
vn 0.0 1.0 -0.0
vn 0.0 1.0 -0.0
vn 0.0 1.0 -0.0
vn 0.0 1.0 -0.0
vn 0.0 1.0 0.0
vn 0.0 1.0 0.0
vn 0.0 1.0 0.0
vn 0.0 1.0 0.0
vn 0.0 1.0 0.0
vn 0.0 1.0 0.0
vn 0.0 1.0 0.0
vn 0.0 1.0 0.0
vn 0.0 1.0 0.0
vn 0.0 1.0 -0.0
vn 0.0 1.0 0.0
vn 0.0 1.0 0.0
vn 0.0 1.0 0.0
vn 0.0 1.0 -0.0
vn 0.0 1.0 0.0
vn 0.0 1.0 -0.0
vn 0.0 1.0 0.0
vn 0.0 1.0 0.0
vn 0.0 1.0 -0.0
vn 0.0 1.0 0.0
vn 0.0 1.0 -0.0
vn 0.0 1.0 0.0
vn 0.0 1.0 0.0
vn 0.0 1.0 -0.0
vn 0.0 1.0 -0.0
vn 0.0 1.0 -0.0
vn 0.0 1.0 -0.0
vn 0.0 1.0 0.0
vn 0.0 1.0 0.0
vn 0.0 1.0 0.0
vn 0.0 1.0 -0.0
vn 0.0 1.0 -0.0
vn 0.0 1.0 -0.0
vn 0.0 1.0 0.0
vn 0.0 1.0 0.0
vn 0.0 1.0 -0.0
vn 0.0 1.0 -0.0
vn 0.0 1.0 -0.0
vn 0.0 1.0 0.0
vn 0.0 1.0 -0.0
vn 0.0 1.0 -0.0
vn 0.0 1.0 0.0
vn 0.0 1.0 -0.0
vn 0.0 1.0 0.0
vn 0.0 1.0 -0.0
vn 0.0 1.0 0.0
vn 0.0 1.0 -0.0
vn 0.0 1.0 0.0
vn 0.0 1.0 -0.0
vn 0.0 1.0 0.0
vn 0.0 1.0 -0.0
vn 0.0 1.0 0.0
vn 0.0 1.0 -0.0
vn 0.0 1.0 0.0
vn 0.0 1.0 -0.0
vn 0.0 1.0 0.0
vn 0.0 1.0 -0.0
vn 0.0 1.0 0.0
vn 0.0 1.0 -0.0
vn 0.0 1.0 0.0
vn 0.0 1.0 0.0
vn 0.0 1.0 0.0
vn -0.0 1.0 -0.0
vn -0.0 1.0 -0.0
vn -0.0 1.0 -0.0
vn -0.0 1.0 -0.0
vn -0.0 1.0 -0.0
vn -0.0 1.0 -0.0
vn 0.0 1.0 -0.0
vn 0.0 1.0 -0.0
vn 0.0 1.0 -0.0
vn 0.0 1.0 -0.0
vn 0.0 1.0 0.0
vn 0.0 1.0 0.0
vn 0.0 1.0 0.0
vn 0.0 1.0 -0.0
vn 0.0 1.0 0.0
vn 0.0 1.0 0.0
vn 0.0 1.0 0.0
vn 0.0 1.0 -0.0
vn 0.0 1.0 0.0
vn 0.0 1.0 0.0
vn 0.0 1.0 -0.0
vn 0.0 1.0 0.0
vn 0.0 1.0 0.0
vn 0.0 1.0 0.0
vn 0.0 1.0 -0.0
vn 0.0 1.0 -0.0
vn 0.0 1.0 -0.0
vn 0.0 1.0 0.0
vn 0.0 1.0 0.0
vn 0.0 1.0 -0.0
vn 0.0 1.0 0.0
vn 0.0 1.0 -0.0
vn 0.0 1.0 0.0
vn 0.0 1.0 -0.0
vn 0.0 1.0 0.0
vn 0.0 1.0 -0.0
vn 0.0 1.0 -0.0
vn 0.0 1.0 0.0
vn 0.0 1.0 -0.0
vn 0.0 1.0 0.0
vn 0.0 1.0 0.0
vn 0.0 1.0 -0.0
vn 0.0 1.0 0.0
vn 0.0 1.0 0.0
vn 0.0 1.0 -0.0
vn 0.0 1.0 0.0
vn 0.0 1.0 -0.0
vn 0.0 1.0 -0.0
vn 0.0 1.0 0.0
vn 0.0 1.0 -0.0
vn 0.0 1.0 0.0
vn 0.0 1.0 -0.0
vn 0.0 1.0 0.0
vn 0.0 1.0 -0.0
vn 0.0 1.0 0.0
vn 0.0 1.0 -0.0
vn 0.0 1.0 0.0
vn 0.0 1.0 -0.0
vn 0.0 1.0 -0.0
vn 0.0 1.0 0.0
vn 0.0 1.0 0.0
vn 0.0 1.0 -0.0
vn 0.0 1.0 0.0
vn 0.0 1.0 0.0
vn 0.0 1.0 -0.0
vn 0.0 1.0 -0.0
vn 0.0 1.0 0.0
vn 0.0 1.0 -0.0
vn 0.0 1.0 0.0
vn 0.0 1.0 0.0
vn 0.0 1.0 -0.0
vn 0.0 1.0 -0.0
vn 0.0 1.0 0.0
vn 0.0 1.0 0.0
vn 0.0 1.0 0.0
vn -0.0 1.0 0.0
vn 0.0 1.0 -0.0
vn 0.0 1.0 0.0
vn -0.0 1.0 0.0
vn 0.0 -1.0 0.0
vn 0.0 -1.0 0.0
vn 0.0 -1.0 0.0
vn 0.0 -1.0 0.0
vn 0.0 -1.0 0.0
vn 0.0 -1.0 0.0
vn 0.0 -1.0 0.0
vn 0.0 -1.0 0.0
vn 0.0 -1.0 0.0
vn 0.0 -1.0 0.0
vn 0.0 -1.0 0.0
vn 0.0 -1.0 0.0
vn 0.0 -1.0 0.0
vn 0.0 -1.0 0.0
vn 0.0 -1.0 0.0
vn 0.0 -1.0 0.0
vn 0.0 -1.0 -0.0
vn 0.0 -1.0 -0.0
vn 0.0 -1.0 0.0
vn 0.0 -1.0 -0.0
vn 0.0 -1.0 -0.0
vn 0.0 -1.0 0.0
vn 0.0 -1.0 0.0
vn 0.0 -1.0 -0.0
vn 0.0 -1.0 0.0
vn 0.0 -1.0 0.0
vn 0.0 -1.0 -0.0
vn 0.0 -1.0 -0.0
vn 0.0 -1.0 0.0
vn 0.0 -1.0 0.0
vn 0.0 -1.0 -0.0
vn 0.0 -1.0 0.0
vn 0.0 -1.0 -0.0
vn 0.0 -1.0 0.0
vn 0.0 -1.0 -0.0
vn 0.0 -1.0 0.0
vn 0.0 -1.0 -0.0
vn 0.0 -1.0 0.0
vn 0.0 -1.0 0.0
vn 0.0 -1.0 0.0
vn 0.0 -1.0 0.0
vn 0.0 -1.0 0.0
vn 0.0 -1.0 0.0
vn 0.0 -1.0 0.0
vn 0.0 -1.0 0.0
vn 0.0 -1.0 0.0
vn 0.0 -1.0 0.0
vn 0.0 -1.0 0.0
vn 0.0 -1.0 0.0
vn 0.0 -1.0 0.0
vn 0.0 -1.0 0.0
vn 0.0 -1.0 0.0
vn 0.0 -1.0 0.0
vn 0.0 -1.0 0.0
vn 0.0 -1.0 0.0
vn 0.0 -1.0 0.0
vn 0.0 -1.0 0.0
vn 0.0 -1.0 0.0
vn 0.0 -1.0 0.0
vn 0.0 -1.0 0.0
vn 0.0 -1.0 0.0
vn 0.0 -1.0 0.0
vn 0.0 -1.0 0.0
vn 0.0 -1.0 0.0
vn 0.0 -1.0 0.0
vn 0.0 -1.0 0.0
vn 0.0 -1.0 0.0
vn 0.0 -1.0 0.0
vn 0.0 -1.0 0.0
vn 0.0 -1.0 0.0
vn 0.0 -1.0 0.0
vn 0.0 -1.0 0.0
vn 0.0 -1.0 0.0
vn 0.0 -1.0 0.0
vn 0.0 -1.0 0.0
vn 0.0 -1.0 0.0
vn 0.0 -1.0 0.0
vn 0.0 -1.0 0.0
vn 0.0 -1.0 0.0
vn 0.0 -1.0 0.0
vn 0.0 -1.0 0.0
vn 0.0 -1.0 0.0
vn 0.0 -1.0 0.0
vn 0.0 -1.0 -0.0
vn 0.0 -1.0 0.0
vn 0.0 -1.0 0.0
vn 0.0 -1.0 0.0
vn 0.0 -1.0 0.0
vn 0.0 -1.0 0.0
vn 0.0 -1.0 0.0
vn 0.0 -1.0 0.0
vn 0.0 -1.0 0.0
vn 0.0 -1.0 0.0
vn 0.0 -1.0 0.0
vn 0.0 -1.0 0.0
vn 0.0 -1.0 0.0
vn 0.0 -1.0 0.0
vn 0.0 -1.0 0.0
vn 0.0 -1.0 0.0
vn 0.0 -1.0 0.0
vn 0.0 -1.0 0.0
vn 0.0 -1.0 0.0
vn 0.0 -1.0 0.0
vn 0.0 -1.0 0.0
vn 0.0 -1.0 0.0
vn 0.0 -1.0 -0.0
vn 0.0 -1.0 0.0
vn 0.0 -1.0 0.0
vn 0.0 -1.0 0.0
vn 0.0 -1.0 0.0
vn 0.0 -1.0 0.0
vn 0.0 -1.0 0.0
vn 0.0 -1.0 0.0
vn 0.0 -1.0 0.0
vn 0.0 -1.0 0.0
vn 0.0 -1.0 0.0
vn 0.0 -1.0 0.0
vn 0.0 -1.0 0.0
vn 0.0 -1.0 -0.0
vn 0.0 -1.0 -0.0
vn 0.0 -1.0 0.0
vn 0.0 -1.0 0.0
vn 0.0 -1.0 0.0
vn 0.0 -1.0 0.0
vn 0.0 -1.0 -0.0
vn 0.0 -1.0 0.0
vn 0.0 -1.0 0.0
vn 0.0 -1.0 0.0
vn 0.0 -1.0 0.0
vn 0.0 -1.0 0.0
vn 0.0 -1.0 -0.0
vn 0.0 -1.0 -0.0
vn 0.0 -1.0 -0.0
vn 0.0 -1.0 -0.0
vn 0.0 -1.0 -0.0
vn 0.0 -1.0 -0.0
vn 0.0 -1.0 -0.0
vn 0.0 -1.0 -0.0
vn 0.0 -1.0 -0.0
vn 0.0 -1.0 -0.0
vn 0.0 -1.0 -0.0
vn 0.0 -1.0 -0.0
vn 0.0 -1.0 -0.0
vn 0.0 -1.0 0.0
vn 0.0 -1.0 0.0
vn 0.0 -1.0 -0.0
vn 0.0 -1.0 0.0
vn 0.0 -1.0 0.0
vn 0.0 -1.0 -0.0
vn 0.0 -1.0 0.0
vn 0.0 -1.0 0.0
vn 0.0 -1.0 -0.0
vn 0.0 -1.0 0.0
vn 0.0 -1.0 0.0
vn 0.0 -1.0 0.0
vn 0.0 -1.0 -0.0
vn 0.0 -1.0 0.0
vn 0.0 -1.0 0.0
vn 0.0 -1.0 -0.0
vn 0.0 -1.0 0.0
vn 0.0 -1.0 0.0
vn 0.0 -1.0 0.0
vn 0.0 -1.0 -0.0
vn 0.0 -1.0 0.0
vn 0.0 -1.0 -0.0
vn 0.0 -1.0 -0.0
vn 0.0 -1.0 0.0
vn 0.0 -1.0 -0.0
vn 0.0 -1.0 0.0
vn 0.0 -1.0 -0.0
vn 0.0 -1.0 -0.0
vn 0.0 -1.0 0.0
vn 0.0 -1.0 -0.0
vn 0.0 -1.0 0.0
vn 0.0 -1.0 -0.0
vn 0.0 -1.0 -0.0
vn 0.0 -1.0 -0.0
vn 0.0 -1.0 0.0
vn 0.0 -1.0 0.0
vn 0.0 -1.0 0.0
vn 0.0 -1.0 -0.0
vn 0.0 -1.0 -0.0
vn 0.0 -1.0 0.0
vn 0.0 -1.0 -0.0
vn 0.0 -1.0 0.0
vn 0.0 -1.0 -0.0
vn 0.0 -1.0 0.0
vn 0.0 -1.0 -0.0
vn 0.0 -1.0 0.0
vn 0.0 -1.0 -0.0
vn 0.0 -1.0 0.0
vn 0.0 -1.0 -0.0
vn 0.0 -1.0 -0.0
vn 0.0 -1.0 0.0
vn 0.0 -1.0 0.0
vn 0.0 -1.0 -0.0
vn 0.0 -1.0 0.0
vn 0.0 -1.0 0.0
vn 0.0 -1.0 0.0
vn 0.0 -1.0 -0.0
vn 0.0 -1.0 -0.0
vn 0.0 -1.0 -0.0
vn 0.036801 -0.993002 0.112222
vn 0.036801 -0.993002 0.112222
vn 0.311601 0.0 0.950213
vn 0.311601 0.0 0.950213
vn -0.036801 0.993002 -0.112222
vn -0.036801 0.993002 -0.112222
vn -0.311601 0.0 -0.950213
vn -0.311601 0.0 -0.950213
vn -0.950216 0.0 0.31159
vn -0.950216 0.0 0.31159
vn 0.950217 0.0 -0.31159
vn 0.950216 0.0 -0.31159
vn -0.799642 0.0 -0.600477
vn -0.799642 -0.0 -0.600477
vn -0.84199 -0.0 -0.539493
vn -0.84199 0.0 -0.539493
vn -0.880163 0.0 -0.474672
vn -0.880163 -0.0 -0.474672
vn -0.913011 0.0 -0.407934
vn -0.913011 -0.0 -0.407934
vn -0.940997 0.0 -0.338416
vn -0.940997 -0.0 -0.338416
vn -0.963701 0.0 -0.266985
vn -0.963701 -0.0 -0.266985
vn -0.98091 0.0 -0.194465
vn -0.98091 -0.0 -0.194465
vn -0.992719 0.0 -0.120454
vn -0.992719 -0.0 -0.120454
vn -0.998941 0.0 -0.046009
vn -0.998941 -0.0 -0.046009
vn -0.999586 0.0 0.028766
vn -0.999586 0.0 0.028766
vn -0.994641 0.0 0.103391
vn -0.994641 0.0 0.103391
vn -0.984132 0.0 0.177437
vn -0.984132 0.0 0.177437
vn -0.9681 0.0 0.250562
vn -0.9681 0.0 0.250562
vn -0.946721 0.0 0.322055
vn -0.946721 0.0 0.322055
vn -0.888247 0.0 0.459366
vn -0.91987 0.0 0.392223
vn -0.91987 0.0 0.392223
vn -0.888247 0.0 0.459366
vn -0.809677 0.0 0.586876
vn -0.851108 0.0 0.52499
vn -0.851108 0.0 0.52499
vn -0.763786 0.0 0.64547
vn -0.809677 0.0 0.586876
vn -0.712915 0.0 0.701251
vn -0.763786 0.0 0.64547
vn -0.658858 0.0 0.752268
vn -0.712915 0.0 0.701251
vn -0.658858 0.0 0.752268
vn -0.539456 0.0 0.842014
vn -0.600701 0.0 0.799474
vn -0.600701 0.0 0.799474
vn -0.47465 0.0 0.880174
vn -0.539456 0.0 0.842014
vn -0.47465 0.0 0.880174
vn -0.338085 0.0 0.941116
vn -0.40811 0.0 0.912933
vn -0.40811 0.0 0.912933
vn -0.267136 0.0 0.963659
vn -0.338085 0.0 0.941116
vn -0.267136 0.0 0.963659
vn -0.194744 0.0 0.980854
vn -0.120147 0.0 0.992756
vn -0.194744 0.0 0.980854
vn -0.046264 0.0 0.998929
vn -0.120147 0.0 0.992756
vn -0.046264 0.0 0.998929
vn 0.029103 0.0 0.999576
vn 0.10298 0.0 0.994683
vn 0.029103 0.0 0.999576
vn 0.177588 0.0 0.984105
vn 0.10298 0.0 0.994683
vn 0.250713 0.0 0.968062
vn 0.177588 0.0 0.984105
vn 0.250713 0.0 0.968062
vn 0.392422 0.0 0.919785
vn 0.32168 0.0 0.946848
vn 0.32168 0.0 0.946848
vn 0.459669 0.0 0.88809
vn 0.392422 0.0 0.919785
vn 0.459669 0.0 0.88809
vn 0.58664 0.0 0.809848
vn 0.524618 0.0 0.851338
vn 0.524618 0.0 0.851338
vn 0.646017 0.0 0.763323
vn 0.58664 0.0 0.809848
vn 0.700852 0.0 0.713307
vn 0.646017 0.0 0.763323
vn 0.752253 0.0 0.658874
vn 0.700852 0.0 0.713307
vn 0.752253 0.0 0.658874
vn 0.799619 0.0 0.600507
vn 0.842011 0.0 0.53946
vn 0.799619 0.0 0.600507
vn 0.879994 0.0 0.474984
vn 0.842011 0.0 0.53946
vn 0.879994 0.0 0.474984
vn 0.913135 0.0 0.407656
vn 0.913135 0.0 0.407656
vn 0.940997 0.0 0.338416
vn 0.940997 0.0 0.338416
vn 0.963689 0.0 0.267028
vn 0.963689 0.0 0.267028
vn 0.980918 0.0 0.19442
vn 0.980918 0.0 0.19442
vn 0.992708 0.0 0.120543
vn 0.992708 0.0 0.120543
vn 0.998941 0.0 0.046021
vn 0.998941 0.0 0.046021
vn 0.999585 0.0 -0.028813
vn 0.999585 0.0 -0.028813
vn 0.994641 0.0 -0.103391
vn 0.984117 0.0 -0.177522
vn 0.994641 0.0 -0.103391
vn 0.968147 0.0 -0.250381
vn 0.984117 0.0 -0.177522
vn 0.946644 0.0 -0.322282
vn 0.968147 0.0 -0.250381
vn 0.919985 0.0 -0.391954
vn 0.946644 0.0 -0.322282
vn 0.88809 0.0 -0.45967
vn 0.919985 0.0 -0.391954
vn 0.851314 0.0 -0.524657
vn 0.88809 0.0 -0.45967
vn 0.809655 0.0 -0.586906
vn 0.851314 0.0 -0.524657
vn 0.763809 0.0 -0.645443
vn 0.809655 0.0 -0.586906
vn 0.712891 0.0 -0.701274
vn 0.763809 0.0 -0.645443
vn 0.658858 0.0 -0.752268
vn 0.712891 0.0 -0.701274
vn 0.600724 0.0 -0.799457
vn 0.658858 0.0 -0.752268
vn 0.539435 0.0 -0.842027
vn 0.600724 0.0 -0.799457
vn 0.539435 0.0 -0.842027
vn 0.47467 0.0 -0.880164
vn 0.47467 0.0 -0.880164
vn 0.40811 0.0 -0.912933
vn 0.40811 0.0 -0.912933
vn 0.267148 0.0 -0.963655
vn 0.33807 0.0 -0.941121
vn 0.33807 0.0 -0.941121
vn 0.267148 0.0 -0.963655
vn 0.194744 0.0 -0.980854
vn 0.194744 0.0 -0.980854
vn 0.120147 0.0 -0.992756
vn 0.120147 0.0 -0.992756
vn 0.046264 0.0 -0.998929
vn 0.046264 0.0 -0.998929
vn -0.10298 -0.0 -0.994683
vn -0.029102 -0.0 -0.999576
vn -0.029102 0.0 -0.999576
vn -0.177597 -0.0 -0.984103
vn -0.10298 -0.0 -0.994683
vn -0.177597 -0.0 -0.984103
vn -0.250713 -0.0 -0.968062
vn -0.250713 0.0 -0.968062
vn -0.391807 -0.0 -0.920047
vn -0.322335 -0.0 -0.946626
vn -0.322335 0.0 -0.946626
vn -0.391807 -0.0 -0.920047
vn -0.45965 -0.0 -0.8881
vn -0.45965 0.0 -0.8881
vn -0.524618 -0.0 -0.851338
vn -0.524618 0.0 -0.851338
vn -0.586662 -0.0 -0.809832
vn -0.586662 0.0 -0.809832
vn -0.700828 -0.0 -0.71333
vn -0.646017 -0.0 -0.763323
vn -0.646017 0.0 -0.763323
vn -0.752253 -0.0 -0.658874
vn -0.700828 -0.0 -0.71333
vn -0.752253 -0.0 -0.658874
vn 0.0 -1.0 0.0
vn 0.0 -1.0 0.0
vn 0.0 -1.0 0.0
vn 0.0 -1.0 -0.0
vn 0.0 -1.0 0.0
vn 0.0 -1.0 0.0
vn 0.0 -1.0 -0.0
vn 0.0 -1.0 0.0
vn 0.0 -1.0 0.0
vn 0.0 -1.0 0.0
vn 0.0 -1.0 0.0
vn 0.0 -1.0 0.0
vn 0.0 -1.0 0.0
vn 0.0 -1.0 -0.0
vn 0.0 -1.0 0.0
vn 0.0 -1.0 0.0
vn 0.0 -1.0 -0.0
vn 0.0 -1.0 0.0
vn 0.0 -1.0 0.0
vn 0.0 -1.0 0.0
vn 0.0 -1.0 0.0
vn 0.0 -1.0 0.0
vn 0.0 -1.0 -0.0
vn 0.0 -1.0 0.0
vn 0.0 -1.0 -0.0
vn 0.0 -1.0 0.0
vn 0.0 -1.0 0.0
vn 0.0 -1.0 -0.0
vn 0.0 -1.0 0.0
vn 0.0 -1.0 0.0
vn 0.0 -1.0 0.0
vn 0.0 -1.0 0.0
vn 0.0 -1.0 0.0
vn 0.0 -1.0 0.0
vn 0.0 -1.0 0.0
vn 0.0 -1.0 0.0
vn 0.0 -1.0 0.0
vn 0.0 -1.0 0.0
vn 0.0 -1.0 0.0
vn 0.0 -1.0 0.0
vn 0.0 -1.0 0.0
vn 0.0 -1.0 0.0
vn 0.0 -1.0 0.0
vn 0.0 -1.0 0.0
vn 0.0 -1.0 0.0
vn 0.0 -1.0 0.0
vn 0.0 -1.0 0.0
vn 0.0 -1.0 0.0
vn 0.0 -1.0 0.0
vn 0.0 -1.0 0.0
vn 0.0 -1.0 0.0
vn 0.0 -1.0 0.0
vn 0.0 -1.0 0.0
vn 0.0 -1.0 0.0
vn 0.0 -1.0 0.0
vn 0.0 -1.0 0.0
vn 0.0 -1.0 0.0
vn 0.0 -1.0 0.0
vn 0.0 -1.0 0.0
vn 0.0 -1.0 0.0
vn 0.0 -1.0 0.0
vn 0.0 -1.0 0.0
vn 0.0 -1.0 0.0
vn 0.0 -1.0 0.0
vn 0.0 -1.0 0.0
vn 0.0 -1.0 0.0
vn 0.0 -1.0 0.0
vn 0.0 -1.0 0.0
vn 0.0 -1.0 0.0
vn 0.0 -1.0 0.0
vn 0.0 -1.0 0.0
vn 0.0 -1.0 0.0
vn 0.0 -1.0 0.0
vn 0.0 -1.0 0.0
vn 0.0 -1.0 0.0
vn 0.0 -1.0 0.0
vn 0.0 -1.0 0.0
vn 0.0 -1.0 0.0
vn 0.0 -1.0 0.0
vn 0.0 -1.0 0.0
vn 0.0 -1.0 0.0
vn 0.0 -1.0 0.0
vn 0.0 1.0 0.0
vn 0.0 1.0 -0.0
vn 0.0 1.0 -0.0
vn 0.0 1.0 -0.0
vn 0.0 1.0 -0.0
vn 0.0 1.0 -0.0
vn 0.0 1.0 -0.0
vn 0.0 1.0 -0.0
vn 0.0 1.0 0.0
vn 0.0 1.0 0.0
vn 0.0 1.0 0.0
vn 0.0 1.0 -0.0
vn 0.0 1.0 -0.0
vn 0.0 1.0 -0.0
vn 0.0 1.0 0.0
vn 0.0 1.0 0.0
vn 0.0 1.0 0.0
vn 0.0 1.0 0.0
vn 0.0 1.0 0.0
vn 0.0 1.0 0.0
vn 0.0 1.0 -0.0
vn 0.0 1.0 -0.0
vn 0.0 1.0 -0.0
vn 0.0 1.0 -0.0
vn 0.0 1.0 -0.0
vn 0.0 1.0 -0.0
vn 0.0 1.0 -0.0
vn 0.0 1.0 -0.0
vn 0.0 1.0 0.0
vn 0.0 1.0 0.0
vn 0.0 1.0 0.0
vn 0.0 1.0 0.0
vn 0.0 1.0 -0.0
vn 0.0 1.0 -0.0
vn 0.0 1.0 -0.0
vn 0.0 1.0 -0.0
vn 0.0 1.0 0.0
vn 0.0 1.0 0.0
vn -0.0 1.0 -0.0
vn 0.0 1.0 0.0
vn 0.0 1.0 0.0
vn -0.0 1.0 -0.0
vn -0.0 1.0 -0.0
vn 0.0 1.0 0.0
vn -0.0 1.0 -0.0
vn 0.0 1.0 0.0
vn 0.0 1.0 -0.0
vn -0.0 1.0 -0.0
vn 0.0 1.0 0.0
vn 0.0 1.0 0.0
vn 0.0 1.0 0.0
vn -0.0 1.0 -0.0
vn 0.0 1.0 -0.0
vn 0.0 1.0 -0.0
vn -0.0 1.0 -0.0
vn 0.0 1.0 0.0
vn 0.0 1.0 0.0
vn 0.0 1.0 0.0
vn -0.0 1.0 -0.0
vn -0.0 1.0 -0.0
vn 0.0 1.0 0.0
vn 0.0 1.0 -0.0
vn -0.0 1.0 -0.0
vn -0.0 1.0 -0.0
vn -0.0 1.0 -0.0
vn 0.0 1.0 0.0
vn 0.0 1.0 0.0
vn 0.0 1.0 0.0
vn 0.0 1.0 0.0
vn 0.0 1.0 0.0
vn 0.0 1.0 0.0
vn 0.0 1.0 -0.0
vn 0.0 1.0 0.0
vn 0.0 1.0 -0.0
vn 0.0 1.0 0.0
vn 0.0 1.0 -0.0
vn 0.0 1.0 0.0
vn 0.0 1.0 0.0
vn 0.0 1.0 0.0
vn 0.0 1.0 0.0
vn 0.0 1.0 0.0
vn 0.0 1.0 0.0
vn 0.961191 0.0 -0.275885
vn 0.961191 0.0 -0.275885
vn 0.979154 0.0 -0.20312
vn 0.979154 0.0 -0.20312
vn 0.991573 0.0 -0.129547
vn 0.991573 0.0 -0.129547
vn 0.998482 0.0 -0.055083
vn 0.998482 0.0 -0.055083
vn 0.999805 0.0 0.019726
vn 0.999805 -0.0 0.019726
vn 0.995534 0.0 0.094404
vn 0.995534 -0.0 0.094404
vn 0.985694 0.0 0.168542
vn 0.985694 -0.0 0.168542
vn 0.970372 0.0 0.241614
vn 0.970372 -0.0 0.241614
vn 0.949534 0.0 0.313665
vn 0.949534 -0.0 0.313665
vn 0.923545 0.0 0.383489
vn 0.923545 -0.0 0.383489
vn 0.89212 -0.0 0.451799
vn 0.89212 0.0 0.451799
vn 0.85617 0.0 0.516694
vn 0.85617 -0.0 0.516694
vn 0.814923 -0.0 0.579569
vn 0.814923 0.0 0.579569
vn 0.719428 -0.0 0.694567
vn 0.769359 -0.0 0.638816
vn 0.769359 0.0 0.638816
vn 0.719428 -0.0 0.694567
vn 0.608064 -0.0 0.793888
vn 0.665613 -0.0 0.746297
vn 0.665613 0.0 0.746297
vn 0.608064 -0.0 0.793888
vn 0.546447 -0.0 0.837494
vn 0.546447 0.0 0.837494
vn 0.483373 -0.0 0.875414
vn 0.483373 0.0 0.875414
vn 0.34698 -0.0 0.937872
vn 0.415707 -0.0 0.909499
vn 0.415707 0.0 0.909499
vn 0.34698 -0.0 0.937872
vn 0.276076 -0.0 0.961136
vn 0.276076 0.0 0.961136
vn 0.202982 -0.0 0.979182
vn 0.202982 0.0 0.979182
vn 0.055219 -0.0 0.998474
vn 0.129102 -0.0 0.991631
vn 0.129102 0.0 0.991631
vn -0.019401 0.0 0.999812
vn 0.055219 -0.0 0.998474
vn -0.019401 0.0 0.999812
vn -0.094765 0.0 0.9955
vn -0.094765 0.0 0.9955
vn -0.16864 0.0 0.985678
vn -0.241065 0.0 0.970509
vn -0.16864 0.0 0.985678
vn -0.241065 0.0 0.970509
vn -0.314101 0.0 0.94939
vn -0.314101 0.0 0.94939
vn -0.451481 0.0 0.892281
vn -0.383565 0.0 0.923514
vn -0.383565 0.0 0.923514
vn -0.451481 0.0 0.892281
vn -0.517086 0.0 0.855934
vn -0.579215 0.0 0.815175
vn -0.517086 0.0 0.855934
vn -0.579215 0.0 0.815175
vn -0.694618 0.0 0.719379
vn -0.638789 0.0 0.769382
vn -0.638789 0.0 0.769382
vn -0.746279 0.0 0.665634
vn -0.694618 0.0 0.719379
vn -0.746279 0.0 0.665634
vn -0.837223 0.0 0.546862
vn -0.793961 0.0 0.607969
vn -0.793961 0.0 0.607969
vn -0.875806 0.0 0.482663
vn -0.837223 0.0 0.546862
vn -0.875806 0.0 0.482663
vn -0.937914 0.0 0.346868
vn -0.909259 0.0 0.416231
vn -0.909259 0.0 0.416231
vn -0.937914 0.0 0.346868
vn -0.961203 0.0 0.275842
vn -0.979154 0.0 0.20312
vn -0.961203 0.0 0.275842
vn -0.991567 0.0 0.129593
vn -0.979154 0.0 0.20312
vn -0.991567 0.0 0.129593
vn -0.998484 0.0 0.055036
vn -0.998484 0.0 0.055036
vn -0.999805 0.0 -0.019726
vn -0.999805 0.0 -0.019726
vn -0.995534 0.0 -0.094404
vn -0.995534 0.0 -0.094404
vn -0.985694 0.0 -0.168542
vn -0.985694 0.0 -0.168542
vn -0.970383 0.0 -0.24157
vn -0.970383 0.0 -0.24157
vn -0.949534 0.0 -0.313665
vn -0.949534 0.0 -0.313665
vn -0.923529 0.0 -0.383529
vn -0.923529 0.0 -0.383529
vn -0.89212 0.0 -0.451799
vn -0.85617 0.0 -0.516694
vn -0.89212 0.0 -0.451799
vn -0.814923 0.0 -0.579569
vn -0.85617 0.0 -0.516694
vn -0.769382 0.0 -0.638789
vn -0.814923 0.0 -0.579569
vn -0.719405 0.0 -0.694591
vn -0.769382 0.0 -0.638789
vn -0.665613 0.0 -0.746297
vn -0.719405 0.0 -0.694591
vn -0.608087 0.0 -0.79387
vn -0.665613 0.0 -0.746297
vn -0.546426 0.0 -0.837507
vn -0.608087 0.0 -0.79387
vn -0.546426 0.0 -0.837507
vn -0.416324 0.0 -0.909216
vn -0.482801 0.0 -0.87573
vn -0.482801 0.0 -0.87573
vn -0.416324 0.0 -0.909216
vn -0.34698 0.0 -0.937872
vn -0.34698 0.0 -0.937872
vn -0.202982 0.0 -0.979182
vn -0.276076 0.0 -0.961136
vn -0.276076 0.0 -0.961136
vn -0.202982 0.0 -0.979182
vn -0.055219 0.0 -0.998474
vn -0.129102 0.0 -0.991631
vn -0.129102 0.0 -0.991631
vn -0.055219 0.0 -0.998474
vn 0.019401 0.0 -0.999812
vn 0.019401 0.0 -0.999812
vn 0.16864 0.0 -0.985678
vn 0.094769 0.0 -0.995499
vn 0.094769 0.0 -0.995499
vn 0.16864 0.0 -0.985678
vn 0.241767 0.0 -0.970334
vn 0.241767 0.0 -0.970334
vn 0.313414 0.0 -0.949617
vn 0.383565 0.0 -0.923514
vn 0.313414 0.0 -0.949617
vn 0.383565 0.0 -0.923514
vn 0.517086 0.0 -0.855934
vn 0.4515 0.0 -0.892271
vn 0.4515 0.0 -0.892271
vn 0.517086 0.0 -0.855934
vn 0.579215 0.0 -0.815175
vn 0.579215 0.0 -0.815175
vn 0.694618 0.0 -0.719379
vn 0.638766 0.0 -0.769401
vn 0.638766 0.0 -0.769401
vn 0.694618 0.0 -0.719379
vn 0.793983 0.0 -0.60794
vn 0.746279 0.0 -0.665634
vn 0.746279 0.0 -0.665634
vn 0.793983 0.0 -0.60794
vn 0.837201 0.0 -0.546895
vn 0.837201 0.0 -0.546895
vn 0.875806 0.0 -0.482663
vn 0.875806 0.0 -0.482663
vn 0.909277 0.0 -0.416192
vn 0.909277 0.0 -0.416192
vn 0.937914 0.0 -0.346868
vn 0.937914 0.0 -0.346868
vn 0.0 1.0 0.0
vn -0.0 1.0 0.0
vn 0.0 1.0 0.0
vn -0.0 1.0 0.0
vn 0.0 1.0 0.0
vn 0.0 1.0 0.0
vn 0.0 1.0 0.0
vn -0.0 1.0 0.0
vn 0.0 1.0 0.0
vn 0.0 1.0 0.0
vn 0.0 1.0 0.0
vn 0.0 1.0 0.0
vn 0.0 1.0 0.0
vn 0.0 1.0 0.0
vn 0.0 1.0 0.0
vn 0.0 1.0 0.0
vn 0.0 1.0 0.0
vn 0.0 1.0 0.0
vn 0.0 1.0 0.0
vn 0.0 1.0 0.0
vn 0.0 1.0 0.0
vn 0.0 1.0 0.0
vn 0.0 1.0 0.0
vn 0.0 1.0 0.0
vn 0.0 1.0 0.0
vn 0.0 1.0 0.0
vn 0.0 1.0 0.0
vn 0.0 1.0 0.0
vn 0.0 1.0 0.0
vn 0.0 1.0 0.0
vn 0.0 1.0 0.0
vn 0.0 1.0 0.0
vn 0.0 1.0 0.0
vn 0.0 1.0 0.0
vn 0.0 1.0 0.0
vn 0.0 1.0 0.0
vn 0.0 1.0 0.0
vn 0.0 1.0 0.0
vn 0.0 1.0 0.0
vn 0.0 1.0 0.0
vn 0.0 1.0 0.0
vn 0.0 1.0 0.0
vn 0.0 1.0 0.0
vn 0.0 1.0 0.0
vn 0.0 1.0 0.0
vn 0.0 1.0 0.0
vn 0.0 1.0 0.0
vn 0.0 1.0 0.0
vn 0.0 1.0 0.0
vn 0.0 1.0 0.0
vn 0.0 1.0 0.0
vn 0.0 1.0 0.0
vn 0.0 1.0 0.0
vn 0.0 1.0 0.0
vn 0.0 1.0 -0.0
vn 0.0 1.0 -0.0
vn 0.0 1.0 0.0
vn 0.0 1.0 0.0
vn 0.0 1.0 0.0
vn 0.0 1.0 -0.0
vn 0.0 1.0 0.0
vn 0.0 1.0 0.0
vn 0.0 1.0 0.0
vn 0.0 1.0 0.0
vn 0.0 1.0 0.0
vn 0.0 1.0 0.0
vn 0.0 1.0 0.0
vn 0.0 1.0 0.0
vn 0.0 1.0 -0.0
vn 0.0 1.0 -0.0
vn 0.0 1.0 0.0
vn 0.0 1.0 -0.0
vn 0.0 1.0 0.0
vn 0.0 1.0 0.0
vn 0.0 1.0 -0.0
vn 0.0 1.0 0.0
vn 0.0 1.0 0.0
vn 0.0 1.0 0.0
vn 0.0 1.0 0.0
vn 0.0 1.0 0.0
vn 0.0 1.0 0.0
vn 0.0 1.0 -0.0
vn 0.0 -1.0 0.0
vn 0.0 -1.0 0.0
vn 0.0 -1.0 0.0
vn 0.0 -1.0 0.0
vn 0.0 -1.0 0.0
vn 0.0 -1.0 0.0
vn 0.0 -1.0 0.0
vn 0.0 -1.0 0.0
vn 0.0 -1.0 0.0
vn 0.0 -1.0 0.0
vn 0.0 -1.0 0.0
vn 0.0 -1.0 0.0
vn 0.0 -1.0 0.0
vn 0.0 -1.0 0.0
vn 0.0 -1.0 0.0
vn 0.0 -1.0 0.0
vn -0.0 -1.0 0.0
vn -0.0 -1.0 0.0
vn -0.0 -1.0 0.0
vn 0.0 -1.0 0.0
vn 0.0 -1.0 0.0
vn 0.0 -1.0 0.0
vn 0.0 -1.0 0.0
vn 0.0 -1.0 0.0
vn 0.0 -1.0 0.0
vn 0.0 -1.0 0.0
vn -0.0 -1.0 0.0
vn -0.0 -1.0 0.0
vn 0.0 -1.0 0.0
vn 0.0 -1.0 0.0
vn 0.0 -1.0 0.0
vn 0.0 -1.0 0.0
vn 0.0 -1.0 0.0
vn -0.0 -1.0 0.0
vn 0.0 -1.0 0.0
vn 0.0 -1.0 0.0
vn 0.0 -1.0 0.0
vn 0.0 -1.0 0.0
vn -0.0 -1.0 0.0
vn 0.0 -1.0 0.0
vn 0.0 -1.0 0.0
vn 0.0 -1.0 0.0
vn 0.0 -1.0 0.0
vn 0.0 -1.0 0.0
vn 0.0 -1.0 0.0
vn 0.0 -1.0 0.0
vn -0.0 -1.0 0.0
vn 0.0 -1.0 0.0
vn 0.0 -1.0 0.0
vn 0.0 -1.0 0.0
vn 0.0 -1.0 0.0
vn 0.0 -1.0 0.0
vn 0.0 -1.0 0.0
vn -0.0 -1.0 0.0
vn 0.0 -1.0 0.0
vn 0.0 -1.0 0.0
vn 0.0 -1.0 0.0
vn 0.0 -1.0 0.0
vn 0.0 -1.0 0.0
vn 0.0 -1.0 0.0
vn 0.0 -1.0 0.0
vn -0.0 -1.0 0.0
vn -0.0 -1.0 0.0
vn 0.0 -1.0 0.0
vn 0.0 -1.0 0.0
vn -0.0 -1.0 0.0
vn 0.0 -1.0 0.0
vn 0.0 -1.0 0.0
vn 0.0 -1.0 0.0
vn 0.0 -1.0 0.0
vn 0.0 -1.0 0.0
vn 0.0 -1.0 0.0
vn -0.0 -1.0 -0.0
vn 0.0 -1.0 0.0
vn 0.0 -1.0 0.0
vn 0.0 -1.0 0.0
vn 0.0 -1.0 0.0
vn 0.0 -1.0 0.0
vn 0.0 -1.0 0.0
vn 0.0 -1.0 0.0
vn 0.0 -1.0 0.0
vn -0.0 -1.0 -0.0
f 1//1 2//1 3//1 
f 1//2 3//2 4//2 
f 5//3 4//3 6//3 
f 5//4 1//4 4//4 
f 7//5 5//5 6//5 
f 7//6 6//6 8//6 
f 9//7 7//7 8//7 
f 9//8 8//8 10//8 
f 11//9 9//9 10//9 
f 11//10 10//10 12//10 
f 13//11 11//11 12//11 
f 13//12 12//12 14//12 
f 15//13 13//13 14//13 
f 15//14 14//14 16//14 
f 17//15 15//15 16//15 
f 17//16 16//16 18//16 
f 19//17 17//17 18//17 
f 19//18 18//18 20//18 
f 21//19 19//19 20//19 
f 21//20 20//20 22//20 
f 23//21 22//21 24//21 
f 23//22 21//22 22//22 
f 25//23 23//23 24//23 
f 25//24 24//24 26//24 
f 27//25 26//25 28//25 
f 27//26 25//26 26//26 
f 29//27 28//27 30//27 
f 29//28 27//28 28//28 
f 31//29 30//29 32//29 
f 31//30 29//30 30//30 
f 33//31 32//31 34//31 
f 33//32 31//32 32//32 
f 35//33 36//33 37//33 
f 35//34 34//34 36//34 
f 35//35 33//35 34//35 
f 38//36 37//36 39//36 
f 38//37 35//37 37//37 
f 40//38 38//38 39//38 
f 41//39 42//39 43//39 
f 41//40 39//40 42//40 
f 41//41 40//41 39//41 
f 44//42 43//42 45//42 
f 44//43 41//43 43//43 
f 46//44 44//44 45//44 
f 47//45 45//45 48//45 
f 47//46 46//46 45//46 
f 49//47 50//47 51//47 
f 49//48 48//48 50//48 
f 49//49 47//49 48//49 
f 52//50 49//50 51//50 
f 53//51 54//51 55//51 
f 53//52 51//52 54//52 
f 53//53 52//53 51//53 
f 56//54 55//54 57//54 
f 56//55 53//55 55//55 
f 58//56 57//56 59//56 
f 58//57 56//57 57//57 
f 60//58 58//58 59//58 
f 61//59 60//59 59//59 
f 61//60 62//60 63//60 
f 61//61 59//61 62//61 
f 64//62 61//62 63//62 
f 65//63 66//63 67//63 
f 65//64 63//64 66//64 
f 65//65 64//65 63//65 
f 68//66 67//66 69//66 
f 68//67 65//67 67//67 
f 70//68 69//68 71//68 
f 70//69 68//69 69//69 
f 72//70 71//70 73//70 
f 72//71 70//71 71//71 
f 74//72 73//72 75//72 
f 74//73 72//73 73//73 
f 76//74 75//74 77//74 
f 76//75 74//75 75//75 
f 78//76 77//76 79//76 
f 78//77 76//77 77//77 
f 80//78 79//78 81//78 
f 80//79 78//79 79//79 
f 82//80 81//80 83//80 
f 82//81 80//81 81//81 
f 84//82 82//82 83//82 
f 85//83 83//83 86//83 
f 85//84 84//84 83//84 
f 85//85 86//85 87//85 
f 88//86 87//86 89//86 
f 88//87 85//87 87//87 
f 90//88 89//88 91//88 
f 90//89 88//89 89//89 
f 92//90 90//90 91//90 
f 92//91 91//91 93//91 
f 94//92 92//92 93//92 
f 94//93 93//93 95//93 
f 96//94 94//94 95//94 
f 96//95 95//95 97//95 
f 98//96 96//96 97//96 
f 98//97 97//97 99//97 
f 100//98 98//98 99//98 
f 100//99 99//99 101//99 
f 102//100 100//100 101//100 
f 102//101 101//101 103//101 
f 104//102 102//102 103//102 
f 104//103 103//103 105//103 
f 106//104 104//104 105//104 
f 106//105 105//105 107//105 
f 108//106 107//106 109//106 
f 108//107 106//107 107//107 
f 110//108 109//108 111//108 
f 110//109 108//109 109//109 
f 112//110 111//110 113//110 
f 112//111 110//111 111//111 
f 114//112 113//112 115//112 
f 114//113 112//113 113//113 
f 116//114 115//114 117//114 
f 116//115 114//115 115//115 
f 118//116 117//116 119//116 
f 118//117 116//117 117//117 
f 120//118 119//118 121//118 
f 120//119 118//119 119//119 
f 122//120 121//120 123//120 
f 122//121 120//121 121//121 
f 124//122 122//122 123//122 
f 125//123 126//123 127//123 
f 125//124 123//124 126//124 
f 125//125 124//125 123//125 
f 128//126 125//126 127//126 
f 129//127 127//127 130//127 
f 129//128 128//128 127//128 
f 131//129 130//129 132//129 
f 131//130 129//130 130//130 
f 133//131 132//131 134//131 
f 133//132 131//132 132//132 
f 135//133 136//133 137//133 
f 135//134 134//134 136//134 
f 135//135 133//135 134//135 
f 138//136 135//136 137//136 
f 139//137 137//137 140//137 
f 139//138 138//138 137//138 
f 141//139 139//139 140//139 
f 141//140 142//140 143//140 
f 141//141 140//141 142//141 
f 144//142 141//142 143//142 
f 145//143 144//143 143//143 
f 145//144 143//144 146//144 
f 147//145 148//145 149//145 
f 147//146 146//146 148//146 
f 147//147 145//147 146//147 
f 150//148 147//148 149//148 
f 151//149 152//149 153//149 
f 151//150 149//150 152//150 
f 151//151 150//151 149//151 
f 154//152 151//152 153//152 
f 155//153 153//153 156//153 
f 155//154 154//154 153//154 
f 157//155 156//155 158//155 
f 157//156 155//156 156//156 
f 159//157 158//157 160//157 
f 159//158 157//158 158//158 
f 161//159 160//159 162//159 
f 161//160 159//160 160//160 
f 163//161 162//161 164//161 
f 163//162 161//162 162//162 
f 165//163 164//163 166//163 
f 165//164 163//164 164//164 
f 167//165 166//165 168//165 
f 167//166 165//166 166//166 
f 2//167 168//167 3//167 
f 2//168 167//168 168//168 
f 63//169 67//169 66//169 
f 55//170 51//170 57//170 
f 54//171 51//171 55//171 
f 48//172 43//172 50//172 
f 45//173 43//173 48//173 
f 43//174 39//174 50//174 
f 42//175 39//175 43//175 
f 37//176 34//176 39//176 
f 36//177 34//177 37//177 
f 34//178 32//178 39//178 
f 51//179 32//179 57//179 
f 57//180 32//180 59//180 
f 50//181 32//181 51//181 
f 39//182 32//182 50//182 
f 32//183 30//183 59//183 
f 62//184 26//184 63//184 
f 59//185 26//185 62//185 
f 28//186 26//186 30//186 
f 30//187 26//187 59//187 
f 26//188 24//188 63//188 
f 69//189 18//189 71//189 
f 67//190 18//190 69//190 
f 22//191 18//191 24//191 
f 20//192 18//192 22//192 
f 24//193 18//193 63//193 
f 63//194 18//194 67//194 
f 107//195 111//195 109//195 
f 71//196 14//196 73//196 
f 16//197 14//197 18//197 
f 18//198 14//198 71//198 
f 113//199 117//199 115//199 
f 75//200 10//200 77//200 
f 73//201 10//201 75//201 
f 12//202 10//202 14//202 
f 14//203 10//203 73//203 
f 81//204 8//204 83//204 
f 79//205 8//205 81//205 
f 77//206 8//206 79//206 
f 10//207 8//207 77//207 
f 113//208 123//208 117//208 
f 107//209 123//209 111//209 
f 119//210 123//210 121//210 
f 117//211 123//211 119//211 
f 111//212 123//212 113//212 
f 105//213 123//213 107//213 
f 6//214 4//214 8//214 
f 83//215 168//215 86//215 
f 3//216 168//216 4//216 
f 86//217 168//217 87//217 
f 4//218 168//218 8//218 
f 8//219 168//219 83//219 
f 168//220 164//220 87//220 
f 166//221 164//221 168//221 
f 89//222 164//222 91//222 
f 87//223 164//223 89//223 
f 130//224 134//224 132//224 
f 127//225 134//225 130//225 
f 126//226 134//226 127//226 
f 123//227 134//227 126//227 
f 164//228 162//228 91//228 
f 91//229 162//229 93//229 
f 105//230 136//230 123//230 
f 123//231 136//231 134//231 
f 162//232 156//232 93//232 
f 160//233 156//233 162//233 
f 158//234 156//234 160//234 
f 93//235 156//235 95//235 
f 105//236 142//236 136//236 
f 137//237 142//237 140//237 
f 136//238 142//238 137//238 
f 156//239 153//239 95//239 
f 95//240 153//240 97//240 
f 153//241 149//241 97//241 
f 152//242 149//242 153//242 
f 97//243 149//243 99//243 
f 105//244 148//244 142//244 
f 149//245 148//245 99//245 
f 143//246 148//246 146//246 
f 142//247 148//247 143//247 
f 103//248 148//248 105//248 
f 101//249 148//249 103//249 
f 99//250 148//250 101//250 
f 112//251 114//251 110//251 
f 116//252 118//252 114//252 
f 118//253 122//253 114//253 
f 120//254 122//254 118//254 
f 122//255 124//255 114//255 
f 124//256 125//256 114//256 
f 92//257 88//257 90//257 
f 129//258 131//258 128//258 
f 131//259 133//259 128//259 
f 128//260 133//260 125//260 
f 133//261 135//261 125//261 
f 125//262 135//262 114//262 
f 82//263 78//263 80//263 
f 138//264 139//264 135//264 
f 78//265 74//265 76//265 
f 135//266 141//266 114//266 
f 139//267 141//267 135//267 
f 114//268 141//268 110//268 
f 72//269 68//269 70//269 
f 74//270 68//270 72//270 
f 106//271 147//271 104//271 
f 108//272 147//272 106//272 
f 110//273 147//273 108//273 
f 141//274 147//274 110//274 
f 144//275 147//275 141//275 
f 145//276 147//276 144//276 
f 102//277 151//277 100//277 
f 104//278 151//278 102//278 
f 150//279 151//279 147//279 
f 147//280 151//280 104//280 
f 65//281 61//281 64//281 
f 100//282 154//282 98//282 
f 151//283 154//283 100//283 
f 68//284 60//284 65//284 
f 65//285 60//285 61//285 
f 68//286 58//286 60//286 
f 96//287 157//287 94//287 
f 98//288 157//288 96//288 
f 155//289 157//289 154//289 
f 154//290 157//290 98//290 
f 94//291 161//291 92//291 
f 159//292 161//292 157//292 
f 157//293 161//293 94//293 
f 53//294 49//294 52//294 
f 163//295 165//295 161//295 
f 161//296 165//296 92//296 
f 92//297 167//297 88//297 
f 165//298 167//298 92//298 
f 49//299 46//299 47//299 
f 56//300 46//300 53//300 
f 53//301 46//301 49//301 
f 88//302 2//302 85//302 
f 167//303 2//303 88//303 
f 85//304 2//304 84//304 
f 46//305 41//305 44//305 
f 56//306 41//306 46//306 
f 58//307 41//307 56//307 
f 1//308 5//308 2//308 
f 58//309 40//309 41//309 
f 2//310 7//310 84//310 
f 5//311 7//311 2//311 
f 82//312 7//312 78//312 
f 78//313 7//313 74//313 
f 84//314 7//314 82//314 
f 9//315 11//315 7//315 
f 7//316 13//316 74//316 
f 11//317 13//317 7//317 
f 35//318 31//318 33//318 
f 35//319 29//319 31//319 
f 38//320 29//320 35//320 
f 40//321 29//321 38//321 
f 13//322 17//322 74//322 
f 15//323 17//323 13//323 
f 40//324 27//324 29//324 
f 17//325 19//325 74//325 
f 74//326 19//326 68//326 
f 58//327 25//327 40//327 
f 40//328 25//328 27//328 
f 68//329 21//329 58//329 
f 19//330 21//330 68//330 
f 21//331 23//331 58//331 
f 58//332 23//332 25//332 
f 169//333 170//333 171//333 
f 169//334 171//334 172//334 
f 173//335 172//335 174//335 
f 173//336 169//336 172//336 
f 175//337 173//337 174//337 
f 175//338 174//338 176//338 
f 177//339 175//339 176//339 
f 177//340 176//340 178//340 
f 179//341 177//341 178//341 
f 179//342 178//342 180//342 
f 181//343 179//343 180//343 
f 181//344 180//344 182//344 
f 183//345 181//345 182//345 
f 183//346 182//346 184//346 
f 185//347 183//347 184//347 
f 185//348 184//348 186//348 
f 187//349 185//349 186//349 
f 187//350 186//350 188//350 
f 189//351 187//351 188//351 
f 189//352 188//352 190//352 
f 191//353 190//353 192//353 
f 191//354 189//354 190//354 
f 193//355 191//355 192//355 
f 193//356 192//356 194//356 
f 195//357 194//357 196//357 
f 195//358 193//358 194//358 
f 197//359 198//359 199//359 
f 197//360 196//360 198//360 
f 197//361 195//361 196//361 
f 200//362 197//362 199//362 
f 201//363 199//363 202//363 
f 201//364 200//364 199//364 
f 203//365 204//365 205//365 
f 203//366 202//366 204//366 
f 203//367 201//367 202//367 
f 206//368 203//368 205//368 
f 207//369 205//369 208//369 
f 207//370 206//370 205//370 
f 209//371 210//371 211//371 
f 209//372 208//372 210//372 
f 209//373 207//373 208//373 
f 212//374 211//374 213//374 
f 212//375 209//375 211//375 
f 214//376 212//376 213//376 
f 215//377 216//377 217//377 
f 215//378 213//378 216//378 
f 215//379 214//379 213//379 
f 218//380 215//380 217//380 
f 219//381 220//381 221//381 
f 219//382 217//382 220//382 
f 219//383 218//383 217//383 
f 222//384 221//384 223//384 
f 222//385 219//385 221//385 
f 224//386 222//386 223//386 
f 225//387 224//387 223//387 
f 225//388 223//388 226//388 
f 227//389 225//389 226//389 
f 227//390 226//390 228//390 
f 229//391 227//391 228//391 
f 229//392 228//392 230//392 
f 231//393 232//393 233//393 
f 231//394 230//394 232//394 
f 231//395 229//395 230//395 
f 234//396 233//396 235//396 
f 234//397 231//397 233//397 
f 236//398 234//398 235//398 
f 237//399 238//399 239//399 
f 237//400 235//400 238//400 
f 237//401 236//401 235//401 
f 240//402 237//402 239//402 
f 241//403 242//403 243//403 
f 241//404 239//404 242//404 
f 241//405 240//405 239//405 
f 244//406 243//406 245//406 
f 244//407 241//407 243//407 
f 246//408 245//408 247//408 
f 246//409 244//409 245//409 
f 248//410 246//410 247//410 
f 249//411 250//411 251//411 
f 249//412 247//412 250//412 
f 249//413 248//413 247//413 
f 252//414 251//414 253//414 
f 252//415 249//415 251//415 
f 254//416 252//416 253//416 
f 254//417 253//417 255//417 
f 256//418 255//418 257//418 
f 256//419 254//419 255//419 
f 258//420 257//420 259//420 
f 258//421 256//421 257//421 
f 260//422 258//422 259//422 
f 260//423 259//423 261//423 
f 262//424 260//424 261//424 
f 262//425 261//425 263//425 
f 264//426 262//426 263//426 
f 264//427 263//427 265//427 
f 266//428 264//428 265//428 
f 266//429 265//429 267//429 
f 268//430 266//430 267//430 
f 268//431 267//431 269//431 
f 270//432 268//432 269//432 
f 270//433 269//433 271//433 
f 272//434 270//434 271//434 
f 272//435 271//435 273//435 
f 274//436 272//436 273//436 
f 274//437 273//437 275//437 
f 276//438 275//438 277//438 
f 276//439 274//439 275//439 
f 278//440 277//440 279//440 
f 278//441 276//441 277//441 
f 280//442 279//442 281//442 
f 280//443 278//443 279//443 
f 282//444 281//444 283//444 
f 282//445 280//445 281//445 
f 284//446 283//446 285//446 
f 284//447 282//447 283//447 
f 286//448 284//448 285//448 
f 287//449 288//449 289//449 
f 287//450 285//450 288//450 
f 287//451 286//451 285//451 
f 290//452 287//452 289//452 
f 291//453 292//453 293//453 
f 291//454 289//454 292//454 
f 291//455 290//455 289//455 
f 294//456 291//456 293//456 
f 295//457 296//457 297//457 
f 295//458 293//458 296//458 
f 295//459 294//459 293//459 
f 298//460 295//460 297//460 
f 299//461 297//461 300//461 
f 299//462 298//462 297//462 
f 301//463 302//463 303//463 
f 301//464 300//464 302//464 
f 301//465 299//465 300//465 
f 304//466 301//466 303//466 
f 305//467 303//467 306//467 
f 305//468 304//468 303//468 
f 307//469 306//469 308//469 
f 307//470 305//470 306//470 
f 309//471 307//471 308//471 
f 309//472 310//472 311//472 
f 309//473 308//473 310//473 
f 312//474 309//474 311//474 
f 313//475 312//475 311//475 
f 313//476 311//476 314//476 
f 315//477 314//477 316//477 
f 315//478 313//478 314//478 
f 317//479 316//479 318//479 
f 317//480 315//480 316//480 
f 319//481 318//481 320//481 
f 319//482 317//482 318//482 
f 321//483 320//483 322//483 
f 321//484 319//484 320//484 
f 323//485 322//485 324//485 
f 323//486 321//486 322//486 
f 325//487 324//487 326//487 
f 325//488 323//488 324//488 
f 327//489 326//489 328//489 
f 327//490 325//490 326//490 
f 329//491 328//491 330//491 
f 329//492 327//492 328//492 
f 331//493 330//493 332//493 
f 331//494 329//494 330//494 
f 333//495 334//495 335//495 
f 333//496 332//496 334//496 
f 333//497 331//497 332//497 
f 336//498 333//498 335//498 
f 170//499 335//499 171//499 
f 170//500 336//500 335//500 
f 232//501 230//501 233//501 
f 235//502 239//502 238//502 
f 223//503 221//503 226//503 
f 239//504 243//504 242//504 
f 235//505 243//505 239//505 
f 235//506 245//506 243//506 
f 233//507 245//507 235//507 
f 220//508 217//508 221//508 
f 245//509 250//509 247//509 
f 216//510 213//510 217//510 
f 245//511 251//511 250//511 
f 211//512 210//512 213//512 
f 210//513 208//513 213//513 
f 255//514 259//514 257//514 
f 253//515 259//515 255//515 
f 251//516 261//516 253//516 
f 253//517 261//517 259//517 
f 205//518 204//518 208//518 
f 233//519 267//519 245//519 
f 245//520 267//520 251//520 
f 251//521 267//521 261//521 
f 263//522 267//522 265//522 
f 261//523 267//523 263//523 
f 202//524 198//524 204//524 
f 199//525 198//525 202//525 
f 267//526 271//526 269//526 
f 196//527 192//527 198//527 
f 194//528 192//528 196//528 
f 198//529 192//529 204//529 
f 221//530 277//530 226//530 
f 228//531 277//531 230//531 
f 226//532 277//532 228//532 
f 233//533 277//533 267//533 
f 267//534 277//534 271//534 
f 273//535 277//535 275//535 
f 271//536 277//536 273//536 
f 230//537 277//537 233//537 
f 190//538 188//538 192//538 
f 192//539 188//539 204//539 
f 186//540 182//540 188//540 
f 184//541 182//541 186//541 
f 188//542 182//542 204//542 
f 281//543 285//543 283//543 
f 217//544 288//544 221//544 
f 279//545 288//545 281//545 
f 277//546 288//546 279//546 
f 221//547 288//547 277//547 
f 281//548 288//548 285//548 
f 180//549 176//549 182//549 
f 178//550 176//550 180//550 
f 288//551 292//551 289//551 
f 174//552 172//552 176//552 
f 176//553 172//553 182//553 
f 213//554 296//554 217//554 
f 292//555 296//555 293//555 
f 288//556 296//556 292//556 
f 217//557 296//557 288//557 
f 171//558 335//558 172//558 
f 208//559 300//559 213//559 
f 296//560 300//560 297//560 
f 213//561 300//561 296//561 
f 334//562 332//562 335//562 
f 208//563 303//563 300//563 
f 204//564 303//564 208//564 
f 300//565 303//565 302//565 
f 330//566 328//566 332//566 
f 172//567 326//567 182//567 
f 335//568 326//568 172//568 
f 332//569 326//569 335//569 
f 328//570 326//570 332//570 
f 182//571 326//571 204//571 
f 303//572 308//572 306//572 
f 204//573 311//573 303//573 
f 303//574 311//574 308//574 
f 308//575 311//575 310//575 
f 322//576 320//576 324//576 
f 320//577 318//577 324//577 
f 324//578 318//578 326//578 
f 326//579 316//579 204//579 
f 204//580 316//580 311//580 
f 318//581 316//581 326//581 
f 311//582 316//582 314//582 
f 276//583 278//583 274//583 
f 272//584 268//584 270//584 
f 274//585 268//585 272//585 
f 280//586 282//586 278//586 
f 284//587 286//587 282//587 
f 282//588 286//588 278//588 
f 266//589 262//589 264//589 
f 268//590 262//590 266//590 
f 287//591 290//591 286//591 
f 262//592 258//592 260//592 
f 262//593 256//593 258//593 
f 268//594 256//594 262//594 
f 291//595 295//595 290//595 
f 294//596 295//596 291//596 
f 256//597 252//597 254//597 
f 256//598 248//598 252//598 
f 252//599 248//599 249//599 
f 301//600 304//600 299//600 
f 307//601 309//601 305//601 
f 256//602 237//602 248//602 
f 268//603 237//603 256//603 
f 241//604 237//604 240//604 
f 244//605 237//605 241//605 
f 246//606 237//606 244//606 
f 248//607 237//607 246//607 
f 274//608 237//608 268//608 
f 312//609 313//609 309//609 
f 237//610 234//610 236//610 
f 313//611 315//611 309//611 
f 315//612 317//612 309//612 
f 234//613 229//613 231//613 
f 274//614 227//614 237//614 
f 237//615 227//615 234//615 
f 234//616 227//616 229//616 
f 278//617 227//617 274//617 
f 321//618 323//618 319//618 
f 319//619 325//619 317//619 
f 323//620 325//620 319//620 
f 225//621 222//621 224//621 
f 227//622 222//622 225//622 
f 278//623 222//623 227//623 
f 286//624 222//624 278//624 
f 327//625 329//625 325//625 
f 329//626 331//626 325//626 
f 219//627 215//627 218//627 
f 222//628 215//628 219//628 
f 286//629 215//629 222//629 
f 290//630 214//630 286//630 
f 295//631 214//631 290//631 
f 298//632 214//632 295//632 
f 299//633 214//633 298//633 
f 286//634 214//634 215//634 
f 333//635 336//635 331//635 
f 214//636 209//636 212//636 
f 170//637 169//637 336//637 
f 331//638 173//638 325//638 
f 169//639 173//639 336//639 
f 336//640 173//640 331//640 
f 214//641 203//641 209//641 
f 305//642 203//642 304//642 
f 304//643 203//643 299//643 
f 309//644 203//644 305//644 
f 207//645 203//645 206//645 
f 209//646 203//646 207//646 
f 299//647 203//647 214//647 
f 175//648 177//648 173//648 
f 177//649 179//649 173//649 
f 203//650 200//650 201//650 
f 179//651 181//651 173//651 
f 203//652 197//652 200//652 
f 203//653 195//653 197//653 
f 183//654 185//654 181//654 
f 173//655 187//655 325//655 
f 185//656 187//656 181//656 
f 181//657 187//657 173//657 
f 317//658 187//658 309//658 
f 325//659 187//659 317//659 
f 309//660 189//660 203//660 
f 187//661 189//661 309//661 
f 203//662 189//662 195//662 
f 193//663 189//663 191//663 
f 195//664 189//664 193//664 
f 337//665 338//665 339//665 
f 339//666 338//666 340//666 
f 338//667 341//667 342//667 
f 342//668 341//668 343//668 
f 338//669 344//669 341//669 
f 344//670 345//670 346//670 
f 347//671 348//671 337//671 
f 345//672 348//672 349//672 
f 337//673 348//673 338//673 
f 344//674 348//674 345//674 
f 338//675 348//675 344//675 
f 350//676 351//676 347//676 
f 348//677 351//677 352//677 
f 347//678 351//678 348//678 
f 353//679 354//679 355//679 
f 355//680 354//680 350//680 
f 350//681 354//681 351//681 
f 356//682 357//682 353//682 
f 353//683 357//683 354//683 
f 356//684 358//684 357//684 
f 359//685 360//685 356//685 
f 356//686 360//686 358//686 
f 361//687 362//687 359//687 
f 359//688 362//688 360//688 
f 363//689 364//689 361//689 
f 361//690 364//690 362//690 
f 365//691 366//691 363//691 
f 363//692 366//692 364//692 
f 367//693 368//693 365//693 
f 365//694 368//694 366//694 
f 369//695 370//695 371//695 
f 372//696 373//696 374//696 
f 373//697 375//697 374//697 
f 376//698 377//698 367//698 
f 367//699 377//699 368//699 
f 375//700 378//700 374//700 
f 379//701 380//701 376//701 
f 376//702 380//702 377//702 
f 381//703 382//703 379//703 
f 379//704 382//704 380//704 
f 383//705 384//705 378//705 
f 385//706 386//706 387//706 
f 387//707 386//707 381//707 
f 381//708 386//708 382//708 
f 388//709 389//709 384//709 
f 374//710 389//710 370//710 
f 370//711 389//711 371//711 
f 378//712 389//712 374//712 
f 384//713 389//713 378//713 
f 386//714 390//714 391//714 
f 392//715 390//715 393//715 
f 393//716 390//716 385//716 
f 385//717 390//717 386//717 
f 371//718 394//718 395//718 
f 389//719 394//719 371//719 
f 392//720 396//720 390//720 
f 395//721 397//721 398//721 
f 398//722 397//722 392//722 
f 392//723 397//723 396//723 
f 394//724 397//724 395//724 
f 366//725 368//725 399//725 
f 366//726 399//726 400//726 
f 364//727 400//727 401//727 
f 364//728 366//728 400//728 
f 362//729 401//729 402//729 
f 362//730 364//730 401//730 
f 360//731 402//731 403//731 
f 360//732 362//732 402//732 
f 358//733 403//733 404//733 
f 358//734 360//734 403//734 
f 357//735 404//735 405//735 
f 357//736 358//736 404//736 
f 354//737 405//737 406//737 
f 354//738 357//738 405//738 
f 351//739 406//739 407//739 
f 351//740 354//740 406//740 
f 352//741 407//741 408//741 
f 352//742 351//742 407//742 
f 348//743 352//743 408//743 
f 348//744 408//744 409//744 
f 349//745 348//745 409//745 
f 349//746 409//746 410//746 
f 345//747 349//747 410//747 
f 345//748 410//748 411//748 
f 346//749 411//749 412//749 
f 346//750 345//750 411//750 
f 344//751 346//751 412//751 
f 344//752 412//752 413//752 
f 341//753 413//753 414//753 
f 341//754 344//754 413//754 
f 343//755 414//755 415//755 
f 343//756 341//756 414//756 
f 342//757 415//757 416//757 
f 342//758 343//758 415//758 
f 338//759 416//759 417//759 
f 338//760 342//760 416//760 
f 340//761 417//761 418//761 
f 340//762 338//762 417//762 
f 339//763 418//763 419//763 
f 339//764 340//764 418//764 
f 337//765 419//765 420//765 
f 337//766 339//766 419//766 
f 347//767 420//767 421//767 
f 347//768 337//768 420//768 
f 350//769 421//769 422//769 
f 350//770 347//770 421//770 
f 355//771 422//771 423//771 
f 355//772 350//772 422//772 
f 353//773 423//773 424//773 
f 353//774 355//774 423//774 
f 356//775 424//775 425//775 
f 356//776 353//776 424//776 
f 359//777 425//777 426//777 
f 359//778 356//778 425//778 
f 361//779 426//779 427//779 
f 361//780 359//780 426//780 
f 363//781 427//781 428//781 
f 363//782 361//782 427//782 
f 365//783 428//783 429//783 
f 365//784 363//784 428//784 
f 367//785 429//785 430//785 
f 367//786 365//786 429//786 
f 376//787 367//787 430//787 
f 376//788 431//788 432//788 
f 376//789 430//789 431//789 
f 379//790 432//790 433//790 
f 379//791 376//791 432//791 
f 381//792 379//792 433//792 
f 387//793 433//793 434//793 
f 387//794 381//794 433//794 
f 385//795 434//795 435//795 
f 385//796 387//796 434//796 
f 393//797 435//797 436//797 
f 393//798 385//798 435//798 
f 392//799 437//799 438//799 
f 392//800 436//800 437//800 
f 392//801 393//801 436//801 
f 398//802 438//802 439//802 
f 398//803 392//803 438//803 
f 395//804 398//804 439//804 
f 371//805 395//805 439//805 
f 371//806 439//806 440//806 
f 369//807 371//807 440//807 
f 369//808 441//808 442//808 
f 369//809 440//809 441//809 
f 370//810 369//810 442//810 
f 374//811 442//811 443//811 
f 374//812 370//812 442//812 
f 372//813 443//813 444//813 
f 372//814 374//814 443//814 
f 373//815 372//815 444//815 
f 373//816 445//816 446//816 
f 373//817 444//817 445//817 
f 375//818 373//818 446//818 
f 378//819 446//819 447//819 
f 378//820 375//820 446//820 
f 383//821 447//821 448//821 
f 383//822 378//822 447//822 
f 384//823 449//823 450//823 
f 384//824 448//824 449//824 
f 384//825 383//825 448//825 
f 388//826 384//826 450//826 
f 389//827 450//827 451//827 
f 389//828 388//828 450//828 
f 394//829 452//829 453//829 
f 394//830 451//830 452//830 
f 394//831 389//831 451//831 
f 397//832 453//832 454//832 
f 397//833 394//833 453//833 
f 396//834 397//834 454//834 
f 390//835 454//835 455//835 
f 390//836 396//836 454//836 
f 391//837 455//837 456//837 
f 391//838 390//838 455//838 
f 386//839 456//839 457//839 
f 386//840 391//840 456//840 
f 382//841 457//841 458//841 
f 382//842 386//842 457//842 
f 380//843 458//843 459//843 
f 380//844 382//844 458//844 
f 377//845 459//845 460//845 
f 377//846 380//846 459//846 
f 368//847 460//847 399//847 
f 368//848 377//848 460//848 
f 430//849 429//849 428//849 
f 430//850 428//850 427//850 
f 430//851 427//851 426//851 
f 430//852 426//852 425//852 
f 430//853 425//853 424//853 
f 430//854 424//854 423//854 
f 430//855 423//855 422//855 
f 430//856 422//856 421//856 
f 430//857 421//857 420//857 
f 430//858 420//858 419//858 
f 430//859 419//859 418//859 
f 430//860 418//860 417//860 
f 430//861 417//861 416//861 
f 430//862 416//862 415//862 
f 414//863 430//863 415//863 
f 413//864 430//864 414//864 
f 412//865 430//865 413//865 
f 411//866 430//866 412//866 
f 409//867 411//867 410//867 
f 409//868 430//868 411//868 
f 407//869 409//869 408//869 
f 407//870 430//870 409//870 
f 405//871 407//871 406//871 
f 405//872 430//872 407//872 
f 404//873 430//873 405//873 
f 402//874 404//874 403//874 
f 402//875 430//875 404//875 
f 401//876 430//876 402//876 
f 400//877 430//877 401//877 
f 399//878 430//878 400//878 
f 432//879 431//879 430//879 
f 433//880 432//880 430//880 
f 434//881 433//881 430//881 
f 435//882 434//882 430//882 
f 436//883 435//883 430//883 
f 437//884 436//884 430//884 
f 438//885 437//885 430//885 
f 439//886 438//886 430//886 
f 440//887 439//887 430//887 
f 441//888 440//888 430//888 
f 442//889 441//889 430//889 
f 443//890 442//890 430//890 
f 444//891 443//891 430//891 
f 445//892 444//892 430//892 
f 446//893 445//893 430//893 
f 460//894 430//894 399//894 
f 447//895 446//895 430//895 
f 459//896 430//896 460//896 
f 448//897 447//897 430//897 
f 458//898 430//898 459//898 
f 449//899 448//899 430//899 
f 457//900 430//900 458//900 
f 450//901 449//901 430//901 
f 456//902 430//902 457//902 
f 451//903 450//903 430//903 
f 455//904 430//904 456//904 
f 452//905 451//905 430//905 
f 454//906 430//906 455//906 
f 453//907 452//907 430//907 
f 453//908 430//908 454//908 
f 461//909 462//909 463//909 
f 461//910 463//910 464//910 
f 465//911 464//911 466//911 
f 465//912 461//912 464//912 
f 467//913 466//913 468//913 
f 467//914 465//914 466//914 
f 469//915 468//915 470//915 
f 469//916 467//916 468//916 
f 471//917 470//917 472//917 
f 471//918 469//918 470//918 
f 473//919 472//919 474//919 
f 473//920 471//920 472//920 
f 475//921 474//921 476//921 
f 475//922 473//922 474//922 
f 477//923 476//923 478//923 
f 477//924 475//924 476//924 
f 479//925 477//925 478//925 
f 479//926 478//926 480//926 
f 481//927 479//927 480//927 
f 481//928 480//928 482//928 
f 483//929 481//929 482//929 
f 483//930 482//930 484//930 
f 485//931 483//931 484//931 
f 485//932 484//932 486//932 
f 487//933 486//933 488//933 
f 487//934 485//934 486//934 
f 489//935 488//935 490//935 
f 489//936 487//936 488//936 
f 491//937 489//937 490//937 
f 491//938 490//938 492//938 
f 493//939 491//939 492//939 
f 493//940 492//940 494//940 
f 495//941 494//941 496//941 
f 495//942 493//942 494//942 
f 497//943 496//943 498//943 
f 497//944 495//944 496//944 
f 499//945 498//945 500//945 
f 499//946 497//946 498//946 
f 501//947 500//947 502//947 
f 501//948 499//948 500//948 
f 503//949 504//949 505//949 
f 503//950 502//950 504//950 
f 503//951 501//951 502//951 
f 506//952 503//952 505//952 
f 507//953 505//953 508//953 
f 507//954 506//954 505//954 
f 509//955 510//955 511//955 
f 509//956 508//956 510//956 
f 509//957 507//957 508//957 
f 512//958 511//958 513//958 
f 512//959 509//959 511//959 
f 514//960 512//960 513//960 
f 515//961 513//961 516//961 
f 515//962 514//962 513//962 
f 517//963 516//963 518//963 
f 517//964 515//964 516//964 
f 519//965 520//965 521//965 
f 519//966 518//966 520//966 
f 519//967 517//967 518//967 
f 522//968 519//968 521//968 
f 522//969 521//969 523//969 
f 524//970 523//970 525//970 
f 524//971 522//971 523//971 
f 526//972 525//972 527//972 
f 526//973 524//973 525//973 
f 528//974 527//974 529//974 
f 528//975 526//975 527//975 
f 530//976 529//976 531//976 
f 530//977 528//977 529//977 
f 532//978 531//978 533//978 
f 532//979 530//979 531//979 
f 534//980 533//980 535//980 
f 534//981 532//981 533//981 
f 536//982 535//982 537//982 
f 536//983 534//983 535//983 
f 538//984 536//984 537//984 
f 539//985 538//985 537//985 
f 539//986 540//986 541//986 
f 539//987 537//987 540//987 
f 542//988 539//988 541//988 
f 543//989 542//989 541//989 
f 543//990 541//990 544//990 
f 545//991 543//991 544//991 
f 545//992 544//992 546//992 
f 547//993 545//993 546//993 
f 547//994 546//994 548//994 
f 549//995 548//995 550//995 
f 549//996 547//996 548//996 
f 551//997 550//997 552//997 
f 551//998 549//998 550//998 
f 553//999 552//999 554//999 
f 553//1000 551//1000 552//1000 
f 555//1001 554//1001 556//1001 
f 555//1002 553//1002 554//1002 
f 557//1003 556//1003 558//1003 
f 557//1004 555//1004 556//1004 
f 559//1005 558//1005 560//1005 
f 559//1006 557//1006 558//1006 
f 561//1007 560//1007 562//1007 
f 561//1008 559//1008 560//1008 
f 563//1009 562//1009 564//1009 
f 563//1010 561//1010 562//1010 
f 565//1011 564//1011 566//1011 
f 565//1012 563//1012 564//1012 
f 567//1013 566//1013 568//1013 
f 567//1014 565//1014 566//1014 
f 569//1015 568//1015 570//1015 
f 569//1016 567//1016 568//1016 
f 571//1017 570//1017 572//1017 
f 571//1018 569//1018 570//1018 
f 573//1019 572//1019 574//1019 
f 573//1020 571//1020 572//1020 
f 575//1021 574//1021 576//1021 
f 575//1022 573//1022 574//1022 
f 577//1023 576//1023 578//1023 
f 577//1024 575//1024 576//1024 
f 579//1025 578//1025 580//1025 
f 579//1026 577//1026 578//1026 
f 462//1027 580//1027 463//1027 
f 462//1028 579//1028 580//1028 
f 560//1029 556//1029 562//1029 
f 558//1030 556//1030 560//1030 
f 576//1031 580//1031 578//1031 
f 554//1032 552//1032 556//1032 
f 562//1033 544//1033 564//1033 
f 550//1034 544//1034 552//1034 
f 548//1035 544//1035 550//1035 
f 546//1036 544//1036 548//1036 
f 556//1037 544//1037 562//1037 
f 552//1038 544//1038 556//1038 
f 541//1039 537//1039 544//1039 
f 540//1040 537//1040 541//1040 
f 537//1041 535//1041 544//1041 
f 566//1042 535//1042 568//1042 
f 564//1043 535//1043 566//1043 
f 544//1044 535//1044 564//1044 
f 474//1045 478//1045 476//1045 
f 535//1046 531//1046 568//1046 
f 574//1047 531//1047 576//1047 
f 572//1048 531//1048 574//1048 
f 570//1049 531//1049 572//1049 
f 568//1050 531//1050 570//1050 
f 533//1051 531//1051 535//1051 
f 529//1052 525//1052 531//1052 
f 527//1053 525//1053 529//1053 
f 576//1054 525//1054 580//1054 
f 531//1055 525//1055 576//1055 
f 484//1056 488//1056 486//1056 
f 482//1057 488//1057 484//1057 
f 480//1058 488//1058 482//1058 
f 478//1059 490//1059 480//1059 
f 480//1060 490//1060 488//1060 
f 523//1061 521//1061 525//1061 
f 525//1062 520//1062 580//1062 
f 521//1063 520//1063 525//1063 
f 466//1064 518//1064 468//1064 
f 464//1065 518//1065 466//1065 
f 463//1066 518//1066 464//1066 
f 580//1067 518//1067 463//1067 
f 520//1068 518//1068 580//1068 
f 492//1069 496//1069 494//1069 
f 468//1070 516//1070 470//1070 
f 518//1071 516//1071 468//1071 
f 496//1072 500//1072 498//1072 
f 490//1073 500//1073 492//1073 
f 492//1074 500//1074 496//1074 
f 490//1075 502//1075 500//1075 
f 513//1076 510//1076 516//1076 
f 511//1077 510//1077 513//1077 
f 472//1078 510//1078 474//1078 
f 470//1079 510//1079 472//1079 
f 474//1080 510//1080 478//1080 
f 478//1081 510//1081 490//1081 
f 490//1082 510//1082 502//1082 
f 516//1083 510//1083 470//1083 
f 508//1084 505//1084 510//1084 
f 502//1085 505//1085 504//1085 
f 510//1086 505//1086 502//1086 
f 475//1087 471//1087 473//1087 
f 477//1088 471//1088 475//1088 
f 467//1089 461//1089 465//1089 
f 469//1090 462//1090 467//1090 
f 471//1091 462//1091 469//1091 
f 467//1092 462//1092 461//1092 
f 491//1093 495//1093 489//1093 
f 493//1094 495//1094 491//1094 
f 577//1095 573//1095 575//1095 
f 579//1096 573//1096 577//1096 
f 462//1097 573//1097 579//1097 
f 471//1098 573//1098 462//1098 
f 497//1099 501//1099 495//1099 
f 499//1100 501//1100 497//1100 
f 503//1101 506//1101 501//1101 
f 471//1102 567//1102 573//1102 
f 571//1103 567//1103 569//1103 
f 573//1104 567//1104 571//1104 
f 506//1105 507//1105 501//1105 
f 471//1106 563//1106 567//1106 
f 567//1107 563//1107 565//1107 
f 479//1108 563//1108 477//1108 
f 477//1109 563//1109 471//1109 
f 479//1110 561//1110 563//1110 
f 481//1111 561//1111 479//1111 
f 483//1112 561//1112 481//1112 
f 485//1113 561//1113 483//1113 
f 485//1114 559//1114 561//1114 
f 485//1115 557//1115 559//1115 
f 487//1116 557//1116 485//1116 
f 489//1117 557//1117 487//1117 
f 514//1118 517//1118 512//1118 
f 515//1119 517//1119 514//1119 
f 557//1120 553//1120 555//1120 
f 519//1121 522//1121 517//1121 
f 553//1122 549//1122 551//1122 
f 489//1123 549//1123 557//1123 
f 557//1124 549//1124 553//1124 
f 495//1125 549//1125 489//1125 
f 517//1126 524//1126 512//1126 
f 522//1127 524//1127 517//1127 
f 524//1128 526//1128 512//1128 
f 501//1129 545//1129 495//1129 
f 549//1130 545//1130 547//1130 
f 495//1131 545//1131 549//1131 
f 528//1132 530//1132 526//1132 
f 545//1133 542//1133 543//1133 
f 530//1134 532//1134 526//1134 
f 509//1135 534//1135 507//1135 
f 512//1136 534//1136 509//1136 
f 526//1137 534//1137 512//1137 
f 532//1138 534//1138 526//1138 
f 536//1139 538//1139 534//1139 
f 542//1140 538//1140 539//1140 
f 507//1141 538//1141 501//1141 
f 501//1142 538//1142 545//1142 
f 534//1143 538//1143 507//1143 
f 545//1144 538//1144 542//1144 
f 581//1145 582//1145 583//1145 
f 583//1146 584//1146 585//1146 
f 582//1147 584//1147 583//1147 
f 584//1148 586//1148 585//1148 
f 585//1149 587//1149 588//1149 
f 588//1150 587//1150 589//1150 
f 586//1151 587//1151 585//1151 
f 587//1152 590//1152 589//1152 
f 589//1153 591//1153 592//1153 
f 590//1154 591//1154 589//1154 
f 592//1155 593//1155 594//1155 
f 594//1156 593//1156 595//1156 
f 591//1157 593//1157 592//1157 
f 593//1158 596//1158 595//1158 
f 595//1159 597//1159 598//1159 
f 596//1160 597//1160 595//1160 
f 598//1161 599//1161 600//1161 
f 600//1162 599//1162 601//1162 
f 597//1163 599//1163 598//1163 
f 599//1164 602//1164 601//1164 
f 601//1165 602//1165 603//1165 
f 602//1166 604//1166 603//1166 
f 603//1167 604//1167 605//1167 
f 604//1168 606//1168 605//1168 
f 605//1169 606//1169 607//1169 
f 606//1170 608//1170 607//1170 
f 607//1171 608//1171 609//1171 
f 608//1172 610//1172 609//1172 
f 609//1173 611//1173 612//1173 
f 612//1174 611//1174 613//1174 
f 610//1175 611//1175 609//1175 
f 613//1176 614//1176 615//1176 
f 611//1177 614//1177 613//1177 
f 615//1178 616//1178 617//1178 
f 614//1179 616//1179 615//1179 
f 617//1180 618//1180 619//1180 
f 616//1181 618//1181 617//1181 
f 619//1182 620//1182 621//1182 
f 618//1183 620//1183 619//1183 
f 621//1184 622//1184 623//1184 
f 620//1185 622//1185 621//1185 
f 623//1186 624//1186 625//1186 
f 622//1187 624//1187 623//1187 
f 625//1188 626//1188 627//1188 
f 624//1189 626//1189 625//1189 
f 627//1190 628//1190 1976//1190 
f 626//1191 628//1191 627//1191 
f 1976//1192 629//1192 630//1192 
f 628//1193 629//1193 1976//1193 
f 630//1194 631//1194 632//1194 
f 629//1195 631//1195 630//1195 
f 631//1196 633//1196 632//1196 
f 632//1197 634//1197 635//1197 
f 633//1198 634//1198 632//1198 
f 635//1199 634//1199 636//1199 
f 636//1200 637//1200 638//1200 
f 634//1201 637//1201 636//1201 
f 638//1202 639//1202 640//1202 
f 637//1203 639//1203 638//1203 
f 640//1204 641//1204 642//1204 
f 639//1205 641//1205 640//1205 
f 642//1206 643//1206 644//1206 
f 641//1207 643//1207 642//1207 
f 644//1208 645//1208 646//1208 
f 643//1209 645//1209 644//1209 
f 646//1210 647//1210 648//1210 
f 645//1211 647//1211 646//1211 
f 648//1212 649//1212 650//1212 
f 647//1213 649//1213 648//1213 
f 650//1214 651//1214 652//1214 
f 649//1215 651//1215 650//1215 
f 652//1216 653//1216 654//1216 
f 651//1217 653//1217 652//1217 
f 653//1218 655//1218 654//1218 
f 654//1219 655//1219 656//1219 
f 655//1220 657//1220 656//1220 
f 656//1221 657//1221 658//1221 
f 657//1222 659//1222 658//1222 
f 658//1223 659//1223 660//1223 
f 659//1224 661//1224 660//1224 
f 660//1225 661//1225 662//1225 
f 662//1226 663//1226 664//1226 
f 661//1227 663//1227 662//1227 
f 663//1228 665//1228 664//1228 
f 664//1229 666//1229 667//1229 
f 667//1230 666//1230 668//1230 
f 665//1231 666//1231 664//1231 
f 666//1232 669//1232 668//1232 
f 668//1233 670//1233 671//1233 
f 671//1234 670//1234 672//1234 
f 669//1235 670//1235 668//1235 
f 670//1236 673//1236 672//1236 
f 672//1237 674//1237 675//1237 
f 673//1238 674//1238 672//1238 
f 675//1239 676//1239 677//1239 
f 674//1240 676//1240 675//1240 
f 677//1241 678//1241 679//1241 
f 676//1242 678//1242 677//1242 
f 679//1243 680//1243 681//1243 
f 678//1244 680//1244 679//1244 
f 681//1245 682//1245 683//1245 
f 680//1246 682//1246 681//1246 
f 683//1247 684//1247 685//1247 
f 685//1248 684//1248 686//1248 
f 682//1249 684//1249 683//1249 
f 684//1250 687//1250 686//1250 
f 686//1251 582//1251 581//1251 
f 687//1252 582//1252 686//1252 
f 688//1253 689//1253 690//1253 
f 690//1254 691//1254 692//1254 
f 689//1255 691//1255 690//1255 
f 692//1256 693//1256 694//1256 
f 691//1257 693//1257 692//1257 
f 694//1258 695//1258 696//1258 
f 693//1259 695//1259 694//1259 
f 696//1260 697//1260 698//1260 
f 695//1261 697//1261 696//1261 
f 698//1262 699//1262 700//1262 
f 697//1263 699//1263 698//1263 
f 700//1264 701//1264 702//1264 
f 699//1265 701//1265 700//1265 
f 702//1266 703//1266 704//1266 
f 701//1267 703//1267 702//1267 
f 704//1268 705//1268 706//1268 
f 703//1269 705//1269 704//1269 
f 705//1270 707//1270 706//1270 
f 706//1271 707//1271 708//1271 
f 707//1272 709//1272 708//1272 
f 708//1273 709//1273 710//1273 
f 709//1274 711//1274 710//1274 
f 710//1275 711//1275 712//1275 
f 712//1276 713//1276 714//1276 
f 711//1277 713//1277 712//1277 
f 714//1278 715//1278 716//1278 
f 713//1279 715//1279 714//1279 
f 716//1280 717//1280 718//1280 
f 715//1281 717//1281 716//1281 
f 717//1282 719//1282 718//1282 
f 718//1283 720//1283 721//1283 
f 721//1284 720//1284 722//1284 
f 719//1285 720//1285 718//1285 
f 720//1286 723//1286 722//1286 
f 722//1287 724//1287 725//1287 
f 725//1288 724//1288 726//1288 
f 723//1289 724//1289 722//1289 
f 726//1290 727//1290 728//1290 
f 724//1291 727//1291 726//1291 
f 727//1292 729//1292 728//1292 
f 728//1293 730//1293 731//1293 
f 729//1294 730//1294 728//1294 
f 731//1295 732//1295 733//1295 
f 730//1296 732//1296 731//1296 
f 733//1297 734//1297 735//1297 
f 732//1298 734//1298 733//1298 
f 735//1299 736//1299 737//1299 
f 734//1300 736//1300 735//1300 
f 737//1301 738//1301 739//1301 
f 736//1302 738//1302 737//1302 
f 739//1303 740//1303 741//1303 
f 738//1304 740//1304 739//1304 
f 741//1305 742//1305 743//1305 
f 740//1306 742//1306 741//1306 
f 743//1307 744//1307 745//1307 
f 742//1308 744//1308 743//1308 
f 745//1309 746//1309 747//1309 
f 744//1310 746//1310 745//1310 
f 747//1311 748//1311 749//1311 
f 746//1312 748//1312 747//1312 
f 749//1313 748//1313 750//1313 
f 748//1314 751//1314 750//1314 
f 750//1315 752//1315 753//1315 
f 751//1316 752//1316 750//1316 
f 753//1317 754//1317 755//1317 
f 752//1318 754//1318 753//1318 
f 755//1319 756//1319 757//1319 
f 754//1320 756//1320 755//1320 
f 757//1321 758//1321 759//1321 
f 756//1322 758//1322 757//1322 
f 759//1323 760//1323 761//1323 
f 758//1324 760//1324 759//1324 
f 761//1325 762//1325 763//1325 
f 760//1326 762//1326 761//1326 
f 763//1327 764//1327 765//1327 
f 762//1328 764//1328 763//1328 
f 764//1329 766//1329 765//1329 
f 765//1330 766//1330 767//1330 
f 766//1331 768//1331 767//1331 
f 767//1332 768//1332 769//1332 
f 769//1333 770//1333 771//1333 
f 768//1334 770//1334 769//1334 
f 771//1335 772//1335 773//1335 
f 770//1336 772//1336 771//1336 
f 773//1337 774//1337 775//1337 
f 775//1338 774//1338 776//1338 
f 772//1339 774//1339 773//1339 
f 776//1340 777//1340 778//1340 
f 774//1341 777//1341 776//1341 
f 778//1342 779//1342 780//1342 
f 777//1343 779//1343 778//1343 
f 780//1344 781//1344 782//1344 
f 779//1345 781//1345 780//1345 
f 781//1346 783//1346 782//1346 
f 782//1347 784//1347 785//1347 
f 783//1348 784//1348 782//1348 
f 785//1349 786//1349 787//1349 
f 787//1350 786//1350 788//1350 
f 784//1351 786//1351 785//1351 
f 786//1352 789//1352 788//1352 
f 788//1353 790//1353 791//1353 
f 791//1354 790//1354 792//1354 
f 789//1355 790//1355 788//1355 
f 790//1356 793//1356 792//1356 
f 792//1357 794//1357 795//1357 
f 795//1358 794//1358 796//1358 
f 793//1359 794//1359 792//1359 
f 796//1360 797//1360 798//1360 
f 794//1361 797//1361 796//1361 
f 798//1362 799//1362 800//1362 
f 797//1363 799//1363 798//1363 
f 799//1364 801//1364 800//1364 
f 800//1365 802//1365 803//1365 
f 801//1366 802//1366 800//1366 
f 803//1367 804//1367 805//1367 
f 805//1368 804//1368 806//1368 
f 802//1369 804//1369 803//1369 
f 804//1370 807//1370 806//1370 
f 806//1371 689//1371 688//1371 
f 807//1372 689//1372 806//1372 
f 808//1373 809//1373 810//1373 
f 810//1374 809//1374 811//1374 
f 810//1375 811//1375 812//1375 
f 813//1376 812//1376 814//1376 
f 813//1377 810//1377 812//1377 
f 815//1378 814//1378 816//1378 
f 815//1379 813//1379 814//1379 
f 817//1380 816//1380 818//1380 
f 817//1381 815//1381 816//1381 
f 819//1382 818//1382 820//1382 
f 819//1383 817//1383 818//1383 
f 821//1384 820//1384 822//1384 
f 821//1385 819//1385 820//1385 
f 823//1386 822//1386 824//1386 
f 823//1387 821//1387 822//1387 
f 825//1388 824//1388 826//1388 
f 825//1389 823//1389 824//1389 
f 827//1390 826//1390 828//1390 
f 827//1391 825//1391 826//1391 
f 829//1392 828//1392 830//1392 
f 829//1393 827//1393 828//1393 
f 831//1394 830//1394 832//1394 
f 831//1395 829//1395 830//1395 
f 833//1396 832//1396 834//1396 
f 833//1397 831//1397 832//1397 
f 835//1398 834//1398 836//1398 
f 835//1399 833//1399 834//1399 
f 837//1400 836//1400 838//1400 
f 837//1401 835//1401 836//1401 
f 839//1402 837//1402 838//1402 
f 840//1403 839//1403 838//1403 
f 840//1404 841//1404 842//1404 
f 840//1405 838//1405 841//1405 
f 843//1406 840//1406 842//1406 
f 2148//1407 844//1407 845//1407 
f 2148//1408 842//1408 844//1408 
f 2148//1409 843//1409 842//1409 
f 846//1410 2148//1410 845//1410 
f 847//1411 848//1411 849//1411 
f 847//1412 845//1412 848//1412 
f 847//1413 846//1413 845//1413 
f 850//1414 847//1414 849//1414 
f 851//1415 849//1415 852//1415 
f 851//1416 850//1416 849//1416 
f 853//1417 854//1417 855//1417 
f 853//1418 855//1418 856//1418 
f 857//1419 853//1419 856//1419 
f 857//1420 856//1420 858//1420 
f 859//1421 857//1421 858//1421 
f 859//1422 858//1422 860//1422 
f 861//1423 859//1423 860//1423 
f 861//1424 860//1424 862//1424 
f 863//1425 861//1425 862//1425 
f 863//1426 862//1426 864//1426 
f 865//1427 863//1427 864//1427 
f 865//1428 864//1428 866//1428 
f 867//1429 865//1429 866//1429 
f 867//1430 866//1430 868//1430 
f 869//1431 867//1431 868//1431 
f 869//1432 868//1432 870//1432 
f 871//1433 869//1433 870//1433 
f 871//1434 870//1434 872//1434 
f 873//1435 872//1435 874//1435 
f 873//1436 871//1436 872//1436 
f 875//1437 874//1437 876//1437 
f 875//1438 873//1438 874//1438 
f 877//1439 876//1439 878//1439 
f 877//1440 875//1440 876//1440 
f 879//1441 878//1441 880//1441 
f 879//1442 877//1442 878//1442 
f 881//1443 880//1443 882//1443 
f 881//1444 879//1444 880//1444 
f 883//1445 882//1445 884//1445 
f 883//1446 881//1446 882//1446 
f 885//1447 884//1447 886//1447 
f 885//1448 883//1448 884//1448 
f 887//1449 886//1449 888//1449 
f 887//1450 885//1450 886//1450 
f 889//1451 888//1451 890//1451 
f 889//1452 887//1452 888//1452 
f 891//1453 890//1453 892//1453 
f 891//1454 889//1454 890//1454 
f 893//1455 892//1455 894//1455 
f 893//1456 891//1456 892//1456 
f 895//1457 894//1457 896//1457 
f 895//1458 893//1458 894//1458 
f 897//1459 896//1459 898//1459 
f 897//1460 895//1460 896//1460 
f 899//1461 898//1461 900//1461 
f 899//1462 897//1462 898//1462 
f 901//1463 900//1463 902//1463 
f 901//1464 899//1464 900//1464 
f 903//1465 902//1465 904//1465 
f 903//1466 901//1466 902//1466 
f 905//1467 904//1467 906//1467 
f 905//1468 903//1468 904//1468 
f 907//1469 905//1469 906//1469 
f 907//1470 906//1470 908//1470 
f 909//1471 907//1471 908//1471 
f 909//1472 908//1472 910//1472 
f 911//1473 909//1473 910//1473 
f 911//1474 910//1474 912//1474 
f 913//1475 912//1475 914//1475 
f 913//1476 911//1476 912//1476 
f 915//1477 914//1477 916//1477 
f 915//1478 913//1478 914//1478 
f 917//1479 916//1479 918//1479 
f 917//1480 915//1480 916//1480 
f 919//1481 918//1481 920//1481 
f 919//1482 917//1482 918//1482 
f 921//1483 920//1483 922//1483 
f 921//1484 919//1484 920//1484 
f 923//1485 922//1485 924//1485 
f 923//1486 921//1486 922//1486 
f 925//1487 924//1487 926//1487 
f 925//1488 923//1488 924//1488 
f 927//1489 926//1489 928//1489 
f 927//1490 925//1490 926//1490 
f 929//1491 928//1491 930//1491 
f 929//1492 927//1492 928//1492 
f 931//1493 930//1493 932//1493 
f 931//1494 929//1494 930//1494 
f 933//1495 932//1495 934//1495 
f 933//1496 931//1496 932//1496 
f 935//1497 934//1497 936//1497 
f 935//1498 933//1498 934//1498 
f 937//1499 936//1499 938//1499 
f 937//1500 935//1500 936//1500 
f 939//1501 938//1501 940//1501 
f 939//1502 937//1502 938//1502 
f 941//1503 940//1503 942//1503 
f 941//1504 939//1504 940//1504 
f 943//1505 942//1505 944//1505 
f 943//1506 941//1506 942//1506 
f 945//1507 944//1507 946//1507 
f 945//1508 943//1508 944//1508 
f 947//1509 946//1509 948//1509 
f 947//1510 945//1510 946//1510 
f 947//1511 948//1511 808//1511 
f 808//1512 948//1512 809//1512 
f 949//1513 851//1513 950//1513 
f 851//1514 852//1514 950//1514 
f 949//1515 950//1515 951//1515 
f 951//1516 950//1516 952//1516 
f 951//1517 952//1517 953//1517 
f 953//1518 954//1518 955//1518 
f 952//1519 954//1519 953//1519 
f 955//1520 956//1520 957//1520 
f 954//1521 956//1521 955//1521 
f 957//1522 958//1522 959//1522 
f 956//1523 958//1523 957//1523 
f 959//1524 960//1524 961//1524 
f 958//1525 960//1525 959//1525 
f 961//1526 962//1526 963//1526 
f 960//1527 962//1527 961//1527 
f 963//1528 964//1528 965//1528 
f 962//1529 964//1529 963//1529 
f 965//1530 966//1530 967//1530 
f 964//1531 966//1531 965//1531 
f 967//1532 968//1532 969//1532 
f 966//1533 968//1533 967//1533 
f 969//1534 970//1534 971//1534 
f 968//1535 970//1535 969//1535 
f 971//1536 972//1536 973//1536 
f 970//1537 972//1537 971//1537 
f 972//1538 974//1538 973//1538 
f 973//1539 975//1539 976//1539 
f 974//1540 975//1540 973//1540 
f 977//1541 976//1541 978//1541 
f 976//1542 975//1542 978//1542 
f 977//1543 978//1543 854//1543 
f 854//1544 978//1544 855//1544 
f 975//1545 855//1545 978//1545 
f 968//1546 762//1546 970//1546 
f 968//1547 764//1547 762//1547 
f 966//1548 764//1548 968//1548 
f 762//1549 760//1549 970//1549 
f 970//1550 760//1550 972//1550 
f 966//1551 766//1551 764//1551 
f 964//1552 766//1552 966//1552 
f 760//1553 758//1553 972//1553 
f 972//1554 758//1554 974//1554 
f 964//1555 768//1555 766//1555 
f 962//1556 768//1556 964//1556 
f 758//1557 756//1557 974//1557 
f 974//1558 756//1558 975//1558 
f 962//1559 770//1559 768//1559 
f 960//1560 770//1560 962//1560 
f 756//1561 754//1561 975//1561 
f 960//1562 772//1562 770//1562 
f 958//1563 772//1563 960//1563 
f 754//1564 752//1564 975//1564 
f 958//1565 774//1565 772//1565 
f 956//1566 774//1566 958//1566 
f 975//1567 751//1567 855//1567 
f 752//1568 751//1568 975//1568 
f 954//1569 777//1569 956//1569 
f 956//1570 777//1570 774//1570 
f 855//1571 748//1571 856//1571 
f 751//1572 748//1572 855//1572 
f 952//1573 779//1573 954//1573 
f 954//1574 779//1574 777//1574 
f 860//1575 746//1575 862//1575 
f 858//1576 746//1576 860//1576 
f 856//1577 746//1577 858//1577 
f 748//1578 746//1578 856//1578 
f 952//1579 781//1579 779//1579 
f 864//1580 744//1580 866//1580 
f 862//1581 744//1581 864//1581 
f 746//1582 744//1582 862//1582 
f 950//1583 783//1583 952//1583 
f 952//1584 783//1584 781//1584 
f 744//1585 742//1585 866//1585 
f 868//1586 742//1586 870//1586 
f 866//1587 742//1587 868//1587 
f 950//1588 784//1588 783//1588 
f 742//1589 740//1589 870//1589 
f 874//1590 740//1590 876//1590 
f 872//1591 740//1591 874//1591 
f 870//1592 740//1592 872//1592 
f 878//1593 738//1593 880//1593 
f 876//1594 738//1594 878//1594 
f 740//1595 738//1595 876//1595 
f 882//1596 736//1596 884//1596 
f 880//1597 736//1597 882//1597 
f 738//1598 736//1598 880//1598 
f 736//1599 734//1599 884//1599 
f 886//1600 734//1600 888//1600 
f 884//1601 734//1601 886//1601 
f 734//1602 890//1602 888//1602 
f 732//1603 890//1603 734//1603 
f 732//1604 892//1604 890//1604 
f 732//1605 894//1605 892//1605 
f 730//1606 894//1606 732//1606 
f 730//1607 896//1607 894//1607 
f 730//1608 898//1608 896//1608 
f 729//1609 898//1609 730//1609 
f 729//1610 900//1610 898//1610 
f 596//1611 593//1611 852//1611 
f 852//1612 597//1612 596//1612 
f 729//1613 902//1613 900//1613 
f 593//1614 591//1614 852//1614 
f 852//1615 591//1615 950//1615 
f 852//1616 599//1616 597//1616 
f 591//1617 590//1617 950//1617 
f 852//1618 602//1618 599//1618 
f 590//1619 587//1619 950//1619 
f 852//1620 604//1620 602//1620 
f 587//1621 586//1621 950//1621 
f 784//1622 586//1622 786//1622 
f 950//1623 586//1623 784//1623 
f 852//1624 606//1624 604//1624 
f 586//1625 584//1625 786//1625 
f 786//1626 584//1626 789//1626 
f 852//1627 608//1627 606//1627 
f 789//1628 582//1628 790//1628 
f 584//1629 582//1629 789//1629 
f 729//1630 904//1630 902//1630 
f 727//1631 904//1631 729//1631 
f 849//1632 610//1632 852//1632 
f 848//1633 610//1633 849//1633 
f 852//1634 610//1634 608//1634 
f 582//1635 687//1635 790//1635 
f 790//1636 687//1636 793//1636 
f 848//1637 611//1637 610//1637 
f 845//1638 611//1638 848//1638 
f 793//1639 684//1639 794//1639 
f 687//1640 684//1640 793//1640 
f 845//1641 614//1641 611//1641 
f 844//1642 614//1642 845//1642 
f 842//1643 614//1643 844//1643 
f 794//1644 682//1644 797//1644 
f 684//1645 682//1645 794//1645 
f 727//1646 906//1646 904//1646 
f 842//1647 616//1647 614//1647 
f 841//1648 616//1648 842//1648 
f 682//1649 680//1649 797//1649 
f 797//1650 680//1650 799//1650 
f 841//1651 618//1651 616//1651 
f 838//1652 618//1652 841//1652 
f 836//1653 618//1653 838//1653 
f 680//1654 678//1654 799//1654 
f 801//1655 678//1655 802//1655 
f 799//1656 678//1656 801//1656 
f 834//1657 620//1657 836//1657 
f 836//1658 620//1658 618//1658 
f 834//1659 832//1659 620//1659 
f 727//1660 908//1660 906//1660 
f 724//1661 908//1661 727//1661 
f 802//1662 676//1662 804//1662 
f 678//1663 676//1663 802//1663 
f 832//1664 622//1664 620//1664 
f 804//1665 674//1665 807//1665 
f 676//1666 674//1666 804//1666 
f 832//1667 830//1667 622//1667 
f 830//1668 624//1668 622//1668 
f 807//1669 673//1669 689//1669 
f 674//1670 673//1670 807//1670 
f 724//1671 910//1671 908//1671 
f 830//1672 828//1672 624//1672 
f 689//1673 670//1673 691//1673 
f 673//1674 670//1674 689//1674 
f 670//1675 669//1675 691//1675 
f 624//1676 826//1676 626//1676 
f 828//1677 826//1677 624//1677 
f 724//1678 912//1678 910//1678 
f 723//1679 912//1679 724//1679 
f 826//1680 824//1680 626//1680 
f 626//1681 824//1681 628//1681 
f 723//1682 914//1682 912//1682 
f 824//1683 822//1683 628//1683 
f 822//1684 820//1684 628//1684 
f 628//1685 820//1685 629//1685 
f 723//1686 916//1686 914//1686 
f 820//1687 818//1687 629//1687 
f 629//1688 818//1688 631//1688 
f 723//1689 918//1689 916//1689 
f 720//1690 918//1690 723//1690 
f 818//1691 816//1691 631//1691 
f 816//1692 814//1692 631//1692 
f 631//1693 814//1693 633//1693 
f 720//1694 920//1694 918//1694 
f 814//1695 812//1695 633//1695 
f 719//1696 922//1696 720//1696 
f 720//1697 922//1697 920//1697 
f 812//1698 811//1698 633//1698 
f 633//1699 811//1699 634//1699 
f 645//1700 811//1700 647//1700 
f 643//1701 811//1701 645//1701 
f 641//1702 811//1702 643//1702 
f 639//1703 811//1703 641//1703 
f 637//1704 811//1704 639//1704 
f 634//1705 811//1705 637//1705 
f 719//1706 924//1706 922//1706 
f 717//1707 926//1707 719//1707 
f 719//1708 926//1708 924//1708 
f 717//1709 928//1709 926//1709 
f 717//1710 930//1710 928//1710 
f 715//1711 932//1711 717//1711 
f 717//1712 932//1712 930//1712 
f 715//1713 934//1713 932//1713 
f 713//1714 936//1714 715//1714 
f 715//1715 936//1715 934//1715 
f 713//1716 938//1716 936//1716 
f 711//1717 940//1717 713//1717 
f 713//1718 940//1718 938//1718 
f 711//1719 942//1719 940//1719 
f 711//1720 944//1720 942//1720 
f 709//1721 946//1721 711//1721 
f 711//1722 946//1722 944//1722 
f 707//1723 948//1723 709//1723 
f 705//1724 948//1724 707//1724 
f 703//1725 948//1725 705//1725 
f 701//1726 948//1726 703//1726 
f 699//1727 948//1727 701//1727 
f 697//1728 948//1728 699//1728 
f 695//1729 948//1729 697//1729 
f 693//1730 948//1730 695//1730 
f 709//1731 948//1731 946//1731 
f 691//1732 809//1732 693//1732 
f 811//1733 809//1733 647//1733 
f 693//1734 809//1734 948//1734 
f 666//1735 809//1735 669//1735 
f 665//1736 809//1736 666//1736 
f 663//1737 809//1737 665//1737 
f 661//1738 809//1738 663//1738 
f 659//1739 809//1739 661//1739 
f 657//1740 809//1740 659//1740 
f 655//1741 809//1741 657//1741 
f 653//1742 809//1742 655//1742 
f 651//1743 809//1743 653//1743 
f 649//1744 809//1744 651//1744 
f 647//1745 809//1745 649//1745 
f 669//1746 809//1746 691//1746 
f 891//1747 733//1747 889//1747 
f 893//1748 733//1748 891//1748 
f 733//1749 735//1749 889//1749 
f 885//1750 735//1750 883//1750 
f 887//1751 735//1751 885//1751 
f 889//1752 735//1752 887//1752 
f 893//1753 731//1753 733//1753 
f 895//1754 731//1754 893//1754 
f 897//1755 731//1755 895//1755 
f 881//1756 737//1756 879//1756 
f 883//1757 737//1757 881//1757 
f 735//1758 737//1758 883//1758 
f 897//1759 728//1759 731//1759 
f 899//1760 728//1760 897//1760 
f 901//1761 728//1761 899//1761 
f 903//1762 728//1762 901//1762 
f 877//1763 739//1763 875//1763 
f 879//1764 739//1764 877//1764 
f 737//1765 739//1765 879//1765 
f 903//1766 726//1766 728//1766 
f 905//1767 726//1767 903//1767 
f 907//1768 726//1768 905//1768 
f 739//1769 741//1769 875//1769 
f 871//1770 741//1770 869//1770 
f 873//1771 741//1771 871//1771 
f 875//1772 741//1772 873//1772 
f 907//1773 725//1773 726//1773 
f 909//1774 725//1774 907//1774 
f 911//1775 725//1775 909//1775 
f 867//1776 743//1776 865//1776 
f 869//1777 743//1777 867//1777 
f 741//1778 743//1778 869//1778 
f 911//1779 722//1779 725//1779 
f 913//1780 722//1780 911//1780 
f 915//1781 722//1781 913//1781 
f 917//1782 722//1782 915//1782 
f 863//1783 745//1783 861//1783 
f 865//1784 745//1784 863//1784 
f 743//1785 745//1785 865//1785 
f 917//1786 721//1786 722//1786 
f 919//1787 721//1787 917//1787 
f 921//1788 721//1788 919//1788 
f 857//1789 747//1789 853//1789 
f 859//1790 747//1790 857//1790 
f 861//1791 747//1791 859//1791 
f 745//1792 747//1792 861//1792 
f 921//1793 718//1793 721//1793 
f 923//1794 718//1794 921//1794 
f 925//1795 718//1795 923//1795 
f 853//1796 749//1796 854//1796 
f 747//1797 749//1797 853//1797 
f 854//1798 976//1798 977//1798 
f 925//1799 716//1799 718//1799 
f 927//1800 716//1800 925//1800 
f 929//1801 716//1801 927//1801 
f 931//1802 716//1802 929//1802 
f 854//1803 750//1803 976//1803 
f 749//1804 750//1804 854//1804 
f 931//1805 714//1805 716//1805 
f 933//1806 714//1806 931//1806 
f 935//1807 714//1807 933//1807 
f 750//1808 753//1808 976//1808 
f 935//1809 712//1809 714//1809 
f 937//1810 712//1810 935//1810 
f 939//1811 712//1811 937//1811 
f 753//1812 755//1812 976//1812 
f 939//1813 710//1813 712//1813 
f 941//1814 710//1814 939//1814 
f 943//1815 710//1815 941//1815 
f 945//1816 710//1816 943//1816 
f 976//1817 757//1817 973//1817 
f 755//1818 757//1818 976//1818 
f 945//1819 708//1819 710//1819 
f 947//1820 708//1820 945//1820 
f 973//1821 759//1821 971//1821 
f 757//1822 759//1822 973//1822 
f 947//1823 706//1823 708//1823 
f 971//1824 761//1824 969//1824 
f 759//1825 761//1825 971//1825 
f 947//1826 704//1826 706//1826 
f 969//1827 763//1827 967//1827 
f 761//1828 763//1828 969//1828 
f 947//1829 702//1829 704//1829 
f 967//1830 765//1830 965//1830 
f 763//1831 765//1831 967//1831 
f 947//1832 700//1832 702//1832 
f 965//1833 767//1833 963//1833 
f 765//1834 767//1834 965//1834 
f 947//1835 698//1835 700//1835 
f 963//1836 769//1836 961//1836 
f 767//1837 769//1837 963//1837 
f 947//1838 696//1838 698//1838 
f 961//1839 771//1839 959//1839 
f 769//1840 771//1840 961//1840 
f 947//1841 694//1841 696//1841 
f 959//1842 773//1842 957//1842 
f 771//1843 773//1843 959//1843 
f 947//1844 692//1844 694//1844 
f 773//1845 775//1845 957//1845 
f 775//1846 955//1846 957//1846 
f 775//1847 776//1847 955//1847 
f 776//1848 953//1848 955//1848 
f 776//1849 778//1849 953//1849 
f 778//1850 951//1850 953//1850 
f 778//1851 780//1851 951//1851 
f 780//1852 782//1852 951//1852 
f 785//1853 949//1853 782//1853 
f 782//1854 949//1854 951//1854 
f 947//1855 808//1855 692//1855 
f 692//1856 808//1856 690//1856 
f 806//1857 675//1857 805//1857 
f 805//1858 677//1858 803//1858 
f 675//1859 677//1859 805//1859 
f 688//1860 672//1860 806//1860 
f 806//1861 672//1861 675//1861 
f 800//1862 679//1862 798//1862 
f 803//1863 679//1863 800//1863 
f 677//1864 679//1864 803//1864 
f 690//1865 671//1865 688//1865 
f 688//1866 671//1866 672//1866 
f 798//1867 681//1867 796//1867 
f 679//1868 681//1868 798//1868 
f 808//1869 668//1869 690//1869 
f 690//1870 668//1870 671//1870 
f 681//1871 683//1871 796//1871 
f 796//1872 683//1872 795//1872 
f 808//1873 667//1873 668//1873 
f 795//1874 685//1874 792//1874 
f 683//1875 685//1875 795//1875 
f 808//1876 664//1876 667//1876 
f 792//1877 686//1877 791//1877 
f 685//1878 686//1878 792//1878 
f 808//1879 662//1879 664//1879 
f 791//1880 581//1880 788//1880 
f 686//1881 581//1881 791//1881 
f 808//1882 660//1882 662//1882 
f 788//1883 583//1883 787//1883 
f 581//1884 583//1884 788//1884 
f 808//1885 658//1885 660//1885 
f 787//1886 585//1886 785//1886 
f 785//1887 585//1887 949//1887 
f 583//1888 585//1888 787//1888 
f 808//1889 656//1889 658//1889 
f 585//1890 588//1890 949//1890 
f 808//1891 654//1891 656//1891 
f 588//1892 589//1892 949//1892 
f 808//1893 652//1893 654//1893 
f 589//1894 592//1894 949//1894 
f 808//1895 650//1895 652//1895 
f 808//1896 648//1896 650//1896 
f 808//1897 646//1897 648//1897 
f 594//1898 851//1898 592//1898 
f 595//1899 851//1899 594//1899 
f 598//1900 851//1900 595//1900 
f 600//1901 851//1901 598//1901 
f 601//1902 851//1902 600//1902 
f 603//1903 851//1903 601//1903 
f 605//1904 851//1904 603//1904 
f 607//1905 851//1905 605//1905 
f 609//1906 851//1906 607//1906 
f 592//1907 851//1907 949//1907 
f 808//1908 810//1908 646//1908 
f 636//1909 810//1909 635//1909 
f 638//1910 810//1910 636//1910 
f 640//1911 810//1911 638//1911 
f 642//1912 810//1912 640//1912 
f 644//1913 810//1913 642//1913 
f 646//1914 810//1914 644//1914 
f 635//1915 810//1915 632//1915 
f 609//1916 850//1916 851//1916 
f 810//1917 813//1917 632//1917 
f 609//1918 847//1918 850//1918 
f 612//1919 847//1919 609//1919 
f 813//1920 815//1920 632//1920 
f 632//1921 815//1921 630//1921 
f 612//1922 846//1922 847//1922 
f 613//1923 846//1923 612//1923 
f 815//1924 817//1924 630//1924 
f 613//1925 2148//1925 846//1925 
f 817//1926 819//1926 630//1926 
f 630//1927 819//1927 1976//1927 
f 613//1928 843//1928 2148//1928 
f 615//1929 843//1929 613//1929 
f 819//1930 821//1930 1976//1930 
f 1976//1931 821//1931 627//1931 
f 615//1932 840//1932 843//1932 
f 617//1933 840//1933 615//1933 
f 821//1934 823//1934 627//1934 
f 617//1935 839//1935 840//1935 
f 823//1936 825//1936 627//1936 
f 627//1937 825//1937 625//1937 
f 617//1938 837//1938 839//1938 
f 619//1939 837//1939 617//1939 
f 825//1940 827//1940 625//1940 
f 625//1941 827//1941 623//1941 
f 619//1942 835//1942 837//1942 
f 827//1943 829//1943 623//1943 
f 621//1944 833//1944 619//1944 
f 619//1945 833//1945 835//1945 
f 623//1946 831//1946 621//1946 
f 829//1947 831//1947 623//1947 
f 621//1948 831//1948 833//1948 
f 4573//1949 979//1949 980//1949 
f 4573//1950 980//1950 3692//1950 
f 4571//1951 3692//1951 981//1951 
f 4571//1952 4573//1952 3692//1952 
f 982//1953 981//1953 983//1953 
f 982//1954 4571//1954 981//1954 
f 984//1955 983//1955 985//1955 
f 984//1956 982//1956 983//1956 
f 986//1957 985//1957 987//1957 
f 986//1958 984//1958 985//1958 
f 4566//1959 986//1959 987//1959 
f 4566//1960 987//1960 988//1960 
f 989//1961 4566//1961 988//1961 
f 989//1962 988//1962 990//1962 
f 991//1963 989//1963 990//1963 
f 991//1964 990//1964 992//1964 
f 993//1965 991//1965 992//1965 
f 993//1966 992//1966 994//1966 
f 995//1967 993//1967 994//1967 
f 995//1968 994//1968 996//1968 
f 997//1969 995//1969 996//1969 
f 997//1970 996//1970 998//1970 
f 999//1971 998//1971 1000//1971 
f 999//1972 997//1972 998//1972 
f 1001//1973 999//1973 1000//1973 
f 1001//1974 1000//1974 1002//1974 
f 1003//1975 1002//1975 3706//1975 
f 1003//1976 1001//1976 1002//1976 
f 1004//1977 3706//1977 1005//1977 
f 1004//1978 1003//1978 3706//1978 
f 1006//1979 1005//1979 1007//1979 
f 1006//1980 1004//1980 1005//1980 
f 4554//1981 1007//1981 1008//1981 
f 4554//1982 1006//1982 1007//1982 
f 1009//1983 1008//1983 3711//1983 
f 1009//1984 4554//1984 1008//1984 
f 1010//1985 3711//1985 1011//1985 
f 1010//1986 1009//1986 3711//1986 
f 1012//1987 1011//1987 1013//1987 
f 1012//1988 1010//1988 1011//1988 
f 1014//1989 1013//1989 1015//1989 
f 1014//1990 1012//1990 1013//1990 
f 4548//1991 1015//1991 1016//1991 
f 4548//1992 1014//1992 1015//1992 
f 1017//1993 1016//1993 1018//1993 
f 1017//1994 4548//1994 1016//1994 
f 1019//1995 1018//1995 1020//1995 
f 1019//1996 1017//1996 1018//1996 
f 1021//1997 1020//1997 1022//1997 
f 1021//1998 1019//1998 1020//1998 
f 1023//1999 1024//1999 1025//1999 
f 1023//2000 1022//2000 1024//2000 
f 1023//2001 1021//2001 1022//2001 
f 1026//2002 1023//2002 1025//2002 
f 1027//2003 1025//2003 1028//2003 
f 1027//2004 1026//2004 1025//2004 
f 1029//2005 1028//2005 1030//2005 
f 1029//2006 1027//2006 1028//2006 
f 1031//2007 1032//2007 3726//2007 
f 1031//2008 1030//2008 1032//2008 
f 1031//2009 1029//2009 1030//2009 
f 1033//2010 1031//2010 3726//2010 
f 4537//2011 3726//2011 3728//2011 
f 4537//2012 1033//2012 3726//2012 
f 1034//2013 3728//2013 1035//2013 
f 1034//2014 4537//2014 3728//2014 
f 4534//2015 1035//2015 1036//2015 
f 4534//2016 1034//2016 1035//2016 
f 4532//2017 3732//2017 3733//2017 
f 4532//2018 1036//2018 3732//2018 
f 4532//2019 4534//2019 1036//2019 
f 1037//2020 4532//2020 3733//2020 
f 4623//2021 1037//2021 3733//2021 
f 4623//2022 3733//2022 1038//2022 
f 1039//2023 1038//2023 1040//2023 
f 1039//2024 4623//2024 1038//2024 
f 1041//2025 1040//2025 1042//2025 
f 1041//2026 1039//2026 1040//2026 
f 4619//2027 1042//2027 3738//2027 
f 4619//2028 1041//2028 1042//2028 
f 4617//2029 3738//2029 1043//2029 
f 4617//2030 4619//2030 3738//2030 
f 4615//2031 4617//2031 1043//2031 
f 4615//2032 1043//2032 1044//2032 
f 1045//2033 4615//2033 1044//2033 
f 1045//2034 1044//2034 1046//2034 
f 1047//2035 1045//2035 1046//2035 
f 1047//2036 1046//2036 1048//2036 
f 4611//2037 1047//2037 1048//2037 
f 4611//2038 1048//2038 1049//2038 
f 1050//2039 4611//2039 1049//2039 
f 1050//2040 1049//2040 1051//2040 
f 1052//2041 1050//2041 1051//2041 
f 1052//2042 1051//2042 1053//2042 
f 1054//2043 1053//2043 1055//2043 
f 1054//2044 1052//2044 1053//2044 
f 1056//2045 1054//2045 1055//2045 
f 1056//2046 1055//2046 1057//2046 
f 4605//2047 1057//2047 3749//2047 
f 4605//2048 1056//2048 1057//2048 
f 1058//2049 3749//2049 1059//2049 
f 1058//2050 4605//2050 3749//2050 
f 1060//2051 1059//2051 1061//2051 
f 1060//2052 1058//2052 1059//2052 
f 1062//2053 1061//2053 1063//2053 
f 1062//2054 1060//2054 1061//2054 
f 1064//2055 1063//2055 1065//2055 
f 1064//2056 1062//2056 1063//2056 
f 1066//2057 1065//2057 1067//2057 
f 1066//2058 1064//2058 1065//2058 
f 1068//2059 1067//2059 3757//2059 
f 1068//2060 1066//2060 1067//2060 
f 4597//2061 3757//2061 1069//2061 
f 4597//2062 1068//2062 3757//2062 
f 1070//2063 1069//2063 3759//2063 
f 1070//2064 4597//2064 1069//2064 
f 1071//2065 3759//2065 1072//2065 
f 1071//2066 1070//2066 3759//2066 
f 4593//2067 1072//2067 1073//2067 
f 4593//2068 1071//2068 1072//2068 
f 4591//2069 1073//2069 1074//2069 
f 4591//2070 4593//2070 1073//2070 
f 1075//2071 1074//2071 1076//2071 
f 1075//2072 4591//2072 1074//2072 
f 1077//2073 1076//2073 1078//2073 
f 1077//2074 1075//2074 1076//2074 
f 1079//2075 1078//2075 1080//2075 
f 1079//2076 1077//2076 1078//2076 
f 1081//2077 1080//2077 3767//2077 
f 1081//2078 1079//2078 1080//2078 
f 1082//2079 3767//2079 3770//2079 
f 1082//2080 1081//2080 3767//2080 
f 4584//2081 1082//2081 3770//2081 
f 4584//2082 3770//2082 1083//2082 
f 4582//2083 1083//2083 1084//2083 
f 4582//2084 4584//2084 1083//2084 
f 4580//2085 3773//2085 1085//2085 
f 4580//2086 1084//2086 3773//2086 
f 4580//2087 4582//2087 1084//2087 
f 1086//2088 4580//2088 1085//2088 
f 4577//2089 1085//2089 1087//2089 
f 4577//2090 1086//2090 1085//2090 
f 979//2091 1087//2091 980//2091 
f 979//2092 4577//2092 1087//2092 
f 1076//2093 1080//2093 1078//2093 
f 1080//2094 3770//2094 3767//2094 
f 1074//2095 1072//2095 1076//2095 
f 1073//2096 1072//2096 1074//2096 
f 1080//2097 1083//2097 3770//2097 
f 1083//2098 3773//2098 1084//2098 
f 1083//2099 1085//2099 3773//2099 
f 3759//2100 1067//2100 1072//2100 
f 1069//2101 1067//2101 3759//2101 
f 3757//2102 1067//2102 1069//2102 
f 1083//2103 3692//2103 1085//2103 
f 1087//2104 3692//2104 980//2104 
f 1085//2105 3692//2105 1087//2105 
f 1083//2106 983//2106 3692//2106 
f 3692//2107 983//2107 981//2107 
f 3749//2108 1057//2108 1059//2108 
f 1083//2109 990//2109 983//2109 
f 987//2110 990//2110 988//2110 
f 985//2111 990//2111 987//2111 
f 983//2112 990//2112 985//2112 
f 1080//2113 990//2113 1083//2113 
f 1055//2114 1049//2114 1057//2114 
f 1053//2115 1049//2115 1055//2115 
f 1051//2116 1049//2116 1053//2116 
f 1049//2117 1048//2117 1057//2117 
f 992//2118 996//2118 994//2118 
f 990//2119 996//2119 992//2119 
f 1080//2120 996//2120 990//2120 
f 1076//2121 996//2121 1080//2121 
f 1046//2122 1044//2122 1048//2122 
f 996//2123 1000//2123 998//2123 
f 1076//2124 1000//2124 996//2124 
f 1072//2125 1000//2125 1076//2125 
f 1044//2126 1043//2126 1048//2126 
f 1000//2127 3706//2127 1002//2127 
f 1072//2128 3706//2128 1000//2128 
f 3738//2129 1042//2129 1043//2129 
f 1042//2130 1040//2130 1043//2130 
f 3706//2131 1007//2131 1005//2131 
f 1072//2132 1007//2132 3706//2132 
f 1067//2133 1007//2133 1072//2133 
f 1008//2134 1011//2134 3711//2134 
f 1007//2135 1011//2135 1008//2135 
f 1065//2136 1011//2136 1067//2136 
f 1063//2137 1011//2137 1065//2137 
f 1067//2138 1011//2138 1007//2138 
f 3732//2139 1036//2139 3733//2139 
f 3733//2140 1036//2140 1038//2140 
f 1011//2141 1015//2141 1013//2141 
f 1061//2142 1015//2142 1063//2142 
f 1063//2143 1015//2143 1011//2143 
f 1035//2144 3728//2144 1036//2144 
f 1036//2145 3728//2145 1038//2145 
f 1038//2146 3726//2146 1040//2146 
f 3728//2147 3726//2147 1038//2147 
f 1015//2148 1018//2148 1016//2148 
f 1057//2149 1018//2149 1059//2149 
f 1059//2150 1018//2150 1061//2150 
f 1061//2151 1018//2151 1015//2151 
f 1018//2152 1022//2152 1020//2152 
f 1048//2153 1022//2153 1057//2153 
f 1057//2154 1022//2154 1018//2154 
f 1032//2155 1028//2155 3726//2155 
f 1030//2156 1028//2156 1032//2156 
f 1040//2157 1028//2157 1043//2157 
f 3726//2158 1028//2158 1040//2158 
f 1022//2159 1025//2159 1024//2159 
f 1048//2160 1025//2160 1022//2160 
f 1028//2161 1025//2161 1043//2161 
f 1043//2162 1025//2162 1048//2162 
f 989//2163 986//2163 4566//2163 
f 991//2164 986//2164 989//2164 
f 997//2165 1001//2165 995//2165 
f 999//2166 1001//2166 997//2166 
f 986//2167 982//2167 984//2167 
f 1003//2168 1006//2168 1001//2168 
f 1004//2169 1006//2169 1003//2169 
f 1006//2170 4554//2170 1001//2170 
f 979//2171 1086//2171 4577//2171 
f 4573//2172 1086//2172 979//2172 
f 4571//2173 1086//2173 4573//2173 
f 982//2174 1086//2174 4571//2174 
f 1009//2175 1012//2175 4554//2175 
f 1010//2176 1012//2176 1009//2176 
f 982//2177 4584//2177 1086//2177 
f 4580//2178 4584//2178 4582//2178 
f 1086//2179 4584//2179 4580//2179 
f 4548//2180 1017//2180 1014//2180 
f 4584//2181 1081//2181 1082//2181 
f 982//2182 1081//2182 4584//2182 
f 986//2183 1081//2183 982//2183 
f 1019//2184 1021//2184 1017//2184 
f 1021//2185 1023//2185 1017//2185 
f 1081//2186 1077//2186 1079//2186 
f 986//2187 1077//2187 1081//2187 
f 986//2188 1075//2188 1077//2188 
f 991//2189 1075//2189 986//2189 
f 1026//2190 1027//2190 1023//2190 
f 993//2191 4591//2191 991//2191 
f 991//2192 4591//2192 1075//2192 
f 995//2193 4591//2193 993//2193 
f 1001//2194 4591//2194 995//2194 
f 1001//2195 4593//2195 4591//2195 
f 1029//2196 1031//2196 1027//2196 
f 1001//2197 1071//2197 4593//2197 
f 1031//2198 1033//2198 1027//2198 
f 4554//2199 4597//2199 1001//2199 
f 1071//2200 4597//2200 1070//2200 
f 1001//2201 4597//2201 1071//2201 
f 4537//2202 4534//2202 1033//2202 
f 1034//2203 4534//2203 4537//2203 
f 4597//2204 1066//2204 1068//2204 
f 4532//2205 1037//2205 4534//2205 
f 1066//2206 1062//2206 1064//2206 
f 4554//2207 1062//2207 4597//2207 
f 4597//2208 1062//2208 1066//2208 
f 4534//2209 4623//2209 1033//2209 
f 1037//2210 4623//2210 4534//2210 
f 1012//2211 1060//2211 4554//2211 
f 1014//2212 1060//2212 1012//2212 
f 4554//2213 1060//2213 1062//2213 
f 1060//2214 4605//2214 1058//2214 
f 1041//2215 4619//2215 1039//2215 
f 4619//2216 4617//2216 1039//2216 
f 1017//2217 1054//2217 1014//2217 
f 4605//2218 1054//2218 1056//2218 
f 1014//2219 1054//2219 1060//2219 
f 1060//2220 1054//2220 4605//2220 
f 1039//2221 1045//2221 4623//2221 
f 4615//2222 1045//2222 4617//2222 
f 4617//2223 1045//2223 1039//2223 
f 1054//2224 1050//2224 1052//2224 
f 1045//2225 1047//2225 4623//2225 
f 4623//2226 1047//2226 1033//2226 
f 1047//2227 4611//2227 1033//2227 
f 1023//2228 4611//2228 1017//2228 
f 1027//2229 4611//2229 1023//2229 
f 1033//2230 4611//2230 1027//2230 
f 1017//2231 4611//2231 1054//2231 
f 1054//2232 4611//2232 1050//2232 
f 1088//2233 1089//2233 1090//2233 
f 1090//2234 1091//2234 1092//2234 
f 1089//2235 1091//2235 1090//2235 
f 1092//2236 1093//2236 1094//2236 
f 1091//2237 1093//2237 1092//2237 
f 1094//2238 1095//2238 1096//2238 
f 1093//2239 1095//2239 1094//2239 
f 1096//2240 1097//2240 1098//2240 
f 1095//2241 1097//2241 1096//2241 
f 1098//2242 1099//2242 1100//2242 
f 1097//2243 1099//2243 1098//2243 
f 1100//2244 1101//2244 1102//2244 
f 1099//2245 1101//2245 1100//2245 
f 1102//2246 1103//2246 1104//2246 
f 1101//2247 1103//2247 1102//2247 
f 1104//2248 1105//2248 1106//2248 
f 1103//2249 1105//2249 1104//2249 
f 1106//2250 1107//2250 1108//2250 
f 1105//2251 1107//2251 1106//2251 
f 1107//2252 1109//2252 1108//2252 
f 1108//2253 1109//2253 1110//2253 
f 1109//2254 1111//2254 1110//2254 
f 1110//2255 1111//2255 1112//2255 
f 1111//2256 1113//2256 1112//2256 
f 1112//2257 1113//2257 1114//2257 
f 1113//2258 1115//2258 1114//2258 
f 1115//2259 1116//2259 1114//2259 
f 1114//2260 1116//2260 1117//2260 
f 1117//2261 1116//2261 1118//2261 
f 1118//2262 1119//2262 1120//2262 
f 1116//2263 1119//2263 1118//2263 
f 1119//2264 1121//2264 1120//2264 
f 1120//2265 1122//2265 1123//2265 
f 1121//2266 1122//2266 1120//2266 
f 1123//2267 1124//2267 1125//2267 
f 1125//2268 1124//2268 1126//2268 
f 1122//2269 1124//2269 1123//2269 
f 1124//2270 1127//2270 1126//2270 
f 1126//2271 1128//2271 1129//2271 
f 1129//2272 1128//2272 1130//2272 
f 1127//2273 1128//2273 1126//2273 
f 1128//2274 1131//2274 1130//2274 
f 1130//2275 1132//2275 1133//2275 
f 1133//2276 1132//2276 1134//2276 
f 1131//2277 1132//2277 1130//2277 
f 1132//2278 1135//2278 1134//2278 
f 1134//2279 1136//2279 1137//2279 
f 1137//2280 1136//2280 1138//2280 
f 1135//2281 1136//2281 1134//2281 
f 1136//2282 1139//2282 1138//2282 
f 1138//2283 1140//2283 1141//2283 
f 1139//2284 1140//2284 1138//2284 
f 1141//2285 1142//2285 1143//2285 
f 1140//2286 1142//2286 1141//2286 
f 1143//2287 1144//2287 1145//2287 
f 1142//2288 1144//2288 1143//2288 
f 1145//2289 1146//2289 1147//2289 
f 1144//2290 1146//2290 1145//2290 
f 1147//2291 1148//2291 1149//2291 
f 1146//2292 1148//2292 1147//2292 
f 1149//2293 1150//2293 1151//2293 
f 1151//2294 1150//2294 1152//2294 
f 1148//2295 1150//2295 1149//2295 
f 1150//2296 1153//2296 1152//2296 
f 1152//2297 1154//2297 1155//2297 
f 1155//2298 1154//2298 1156//2298 
f 1153//2299 1154//2299 1152//2299 
f 1154//2300 1157//2300 1156//2300 
f 1156//2301 1158//2301 1159//2301 
f 1157//2302 1158//2302 1156//2302 
f 1159//2303 1160//2303 1161//2303 
f 1161//2304 1160//2304 1162//2304 
f 1158//2305 1160//2305 1159//2305 
f 1160//2306 1163//2306 1162//2306 
f 1162//2307 1164//2307 1165//2307 
f 1165//2308 1164//2308 1166//2308 
f 1163//2309 1164//2309 1162//2309 
f 1164//2310 1167//2310 1166//2310 
f 1166//2311 1167//2311 1168//2311 
f 1167//2312 1169//2312 1168//2312 
f 1168//2313 1169//2313 1170//2313 
f 1170//2314 1171//2314 1172//2314 
f 1169//2315 1171//2315 1170//2315 
f 1172//2316 1173//2316 1174//2316 
f 1171//2317 1173//2317 1172//2317 
f 1173//2318 1175//2318 1174//2318 
f 1174//2319 1176//2319 1177//2319 
f 1177//2320 1176//2320 1178//2320 
f 1175//2321 1176//2321 1174//2321 
f 1176//2322 1179//2322 1178//2322 
f 1178//2323 1180//2323 1181//2323 
f 1181//2324 1180//2324 1182//2324 
f 1179//2325 1180//2325 1178//2325 
f 1182//2326 1183//2326 1184//2326 
f 1180//2327 1183//2327 1182//2327 
f 1184//2328 1185//2328 1186//2328 
f 1183//2329 1185//2329 1184//2329 
f 1186//2330 1187//2330 1188//2330 
f 1185//2331 1187//2331 1186//2331 
f 1188//2332 1189//2332 1190//2332 
f 1187//2333 1189//2333 1188//2333 
f 1190//2334 1191//2334 1192//2334 
f 1189//2335 1191//2335 1190//2335 
f 1192//2336 1193//2336 1194//2336 
f 1191//2337 1193//2337 1192//2337 
f 1194//2338 1195//2338 1088//2338 
f 1193//2339 1195//2339 1194//2339 
f 1195//2340 1089//2340 1088//2340 
f 1196//2341 1197//2341 1198//2341 
f 1198//2342 1199//2342 1200//2342 
f 1197//2343 1199//2343 1198//2343 
f 1200//2344 1201//2344 1202//2344 
f 1199//2345 1201//2345 1200//2345 
f 1202//2346 1203//2346 1204//2346 
f 1201//2347 1203//2347 1202//2347 
f 1204//2348 1205//2348 1206//2348 
f 1203//2349 1205//2349 1204//2349 
f 1206//2350 1207//2350 1208//2350 
f 1205//2351 1207//2351 1206//2351 
f 1208//2352 1209//2352 1210//2352 
f 1207//2353 1209//2353 1208//2353 
f 1210//2354 1211//2354 1212//2354 
f 1209//2355 1211//2355 1210//2355 
f 1212//2356 1213//2356 1214//2356 
f 1211//2357 1213//2357 1212//2357 
f 1213//2358 1215//2358 1214//2358 
f 1214//2359 1215//2359 1216//2359 
f 1215//2360 1217//2360 1216//2360 
f 1216//2361 1217//2361 1218//2361 
f 1217//2362 1219//2362 1218//2362 
f 1218//2363 1219//2363 1220//2363 
f 1220//2364 1221//2364 1222//2364 
f 1219//2365 1221//2365 1220//2365 
f 1222//2366 1223//2366 1224//2366 
f 1221//2367 1223//2367 1222//2367 
f 1224//2368 1225//2368 1226//2368 
f 1223//2369 1225//2369 1224//2369 
f 1225//2370 1227//2370 1226//2370 
f 1226//2371 1228//2371 1229//2371 
f 1229//2372 1228//2372 1230//2372 
f 1227//2373 1228//2373 1226//2373 
f 1228//2374 1231//2374 1230//2374 
f 1230//2375 1232//2375 1233//2375 
f 1233//2376 1232//2376 1234//2376 
f 1231//2377 1232//2377 1230//2377 
f 1232//2378 1235//2378 1234//2378 
f 1234//2379 1236//2379 1237//2379 
f 1235//2380 1236//2380 1234//2380 
f 1237//2381 1238//2381 1239//2381 
f 1239//2382 1238//2382 1240//2382 
f 1236//2383 1238//2383 1237//2383 
f 1238//2384 1241//2384 1240//2384 
f 1240//2385 1242//2385 1243//2385 
f 1241//2386 1242//2386 1240//2386 
f 1243//2387 1244//2387 1245//2387 
f 1242//2388 1244//2388 1243//2388 
f 1245//2389 1246//2389 1247//2389 
f 1247//2390 1246//2390 1248//2390 
f 1244//2391 1246//2391 1245//2391 
f 1246//2392 1249//2392 1248//2392 
f 1248//2393 1250//2393 1251//2393 
f 1249//2394 1250//2394 1248//2394 
f 1251//2395 1252//2395 1253//2395 
f 1250//2396 1252//2396 1251//2396 
f 1253//2397 1254//2397 1255//2397 
f 1252//2398 1254//2398 1253//2398 
f 1255//2399 1256//2399 1257//2399 
f 1254//2400 1256//2400 1255//2400 
f 1257//2401 1258//2401 1259//2401 
f 1256//2402 1258//2402 1257//2402 
f 1259//2403 1260//2403 1261//2403 
f 1258//2404 1260//2404 1259//2404 
f 1261//2405 1262//2405 1263//2405 
f 1260//2406 1262//2406 1261//2406 
f 1263//2407 1264//2407 1265//2407 
f 1262//2408 1264//2408 1263//2408 
f 1265//2409 1266//2409 1267//2409 
f 1264//2410 1266//2410 1265//2410 
f 1267//2411 1268//2411 1269//2411 
f 1266//2412 1268//2412 1267//2412 
f 1269//2413 1270//2413 1271//2413 
f 1268//2414 1270//2414 1269//2414 
f 1271//2415 1272//2415 1273//2415 
f 1270//2416 1272//2416 1271//2416 
f 1272//2417 1274//2417 1273//2417 
f 1273//2418 1274//2418 1275//2418 
f 1274//2419 1276//2419 1275//2419 
f 1275//2420 1276//2420 1277//2420 
f 1277//2421 1276//2421 1278//2421 
f 1276//2422 1279//2422 1278//2422 
f 1278//2423 1279//2423 1280//2423 
f 1280//2424 1281//2424 1282//2424 
f 1279//2425 1281//2425 1280//2425 
f 1281//2426 1283//2426 1282//2426 
f 1282//2427 1283//2427 1284//2427 
f 1283//2428 1285//2428 1284//2428 
f 1284//2429 1286//2429 1287//2429 
f 1287//2430 1286//2430 1288//2430 
f 1285//2431 1286//2431 1284//2431 
f 1288//2432 1289//2432 1290//2432 
f 1286//2433 1289//2433 1288//2433 
f 1290//2434 4725//2434 1291//2434 
f 1289//2435 4725//2435 1290//2435 
f 1291//2436 1292//2436 1293//2436 
f 4725//2437 1292//2437 1291//2437 
f 1293//2438 1294//2438 1295//2438 
f 1292//2439 1294//2439 1293//2439 
f 1294//2440 1296//2440 1295//2440 
f 1295//2441 1297//2441 1298//2441 
f 1296//2442 1297//2442 1295//2442 
f 1298//2443 1299//2443 1300//2443 
f 1300//2444 1299//2444 1301//2444 
f 1297//2445 1299//2445 1298//2445 
f 1301//2446 1302//2446 1303//2446 
f 1299//2447 1302//2447 1301//2447 
f 1303//2448 1304//2448 1305//2448 
f 1302//2449 1304//2449 1303//2449 
f 1305//2450 1306//2450 1307//2450 
f 1304//2451 1306//2451 1305//2451 
f 1307//2452 1308//2452 1309//2452 
f 1306//2453 1308//2453 1307//2453 
f 1309//2454 1310//2454 1311//2454 
f 1308//2455 1310//2455 1309//2455 
f 1311//2456 1312//2456 1313//2456 
f 1310//2457 1312//2457 1311//2457 
f 1313//2458 1314//2458 1196//2458 
f 1312//2459 1314//2459 1313//2459 
f 1314//2460 1197//2460 1196//2460 
f 1315//2461 1316//2461 1317//2461 
f 1315//2462 1317//2462 1318//2462 
f 1319//2463 1318//2463 1320//2463 
f 1319//2464 1315//2464 1318//2464 
f 1321//2465 1320//2465 1322//2465 
f 1321//2466 1319//2466 1320//2466 
f 1323//2467 1322//2467 1324//2467 
f 1323//2468 1321//2468 1322//2468 
f 1325//2469 1324//2469 1326//2469 
f 1325//2470 1323//2470 1324//2470 
f 1327//2471 1326//2471 1328//2471 
f 1327//2472 1325//2472 1326//2472 
f 1329//2473 1328//2473 1330//2473 
f 1329//2474 1327//2474 1328//2474 
f 1331//2475 1330//2475 1332//2475 
f 1331//2476 1329//2476 1330//2476 
f 1333//2477 1332//2477 1334//2477 
f 1333//2478 1331//2478 1332//2478 
f 1335//2479 1333//2479 1334//2479 
f 1335//2480 1334//2480 1336//2480 
f 1337//2481 1335//2481 1336//2481 
f 1337//2482 1336//2482 1338//2482 
f 1339//2483 1337//2483 1338//2483 
f 1339//2484 1338//2484 1340//2484 
f 1341//2485 1340//2485 1342//2485 
f 1341//2486 1339//2486 1340//2486 
f 1343//2487 1341//2487 1342//2487 
f 1343//2488 1342//2488 1344//2488 
f 1345//2489 1344//2489 1346//2489 
f 1345//2490 1343//2490 1344//2490 
f 1347//2491 1346//2491 1348//2491 
f 1347//2492 1345//2492 1346//2492 
f 1349//2493 1348//2493 1350//2493 
f 1349//2494 1347//2494 1348//2494 
f 1351//2495 1350//2495 1352//2495 
f 1351//2496 1349//2496 1350//2496 
f 1353//2497 1352//2497 1354//2497 
f 1353//2498 1351//2498 1352//2498 
f 1355//2499 1354//2499 1356//2499 
f 1355//2500 1353//2500 1354//2500 
f 1357//2501 1356//2501 1358//2501 
f 1357//2502 1355//2502 1356//2502 
f 1359//2503 1358//2503 1360//2503 
f 1359//2504 1357//2504 1358//2504 
f 1361//2505 1360//2505 1362//2505 
f 1361//2506 1359//2506 1360//2506 
f 1363//2507 1362//2507 1364//2507 
f 1363//2508 1361//2508 1362//2508 
f 1365//2509 1364//2509 1366//2509 
f 1365//2510 1363//2510 1364//2510 
f 1367//2511 1366//2511 1368//2511 
f 1367//2512 1365//2512 1366//2512 
f 1369//2513 1368//2513 1370//2513 
f 1369//2514 1367//2514 1368//2514 
f 1371//2515 1370//2515 1372//2515 
f 1371//2516 1369//2516 1370//2516 
f 1373//2517 1374//2517 1375//2517 
f 1373//2518 1372//2518 1374//2518 
f 1373//2519 1371//2519 1372//2519 
f 1376//2520 1373//2520 1375//2520 
f 1377//2521 1375//2521 1378//2521 
f 1377//2522 1376//2522 1375//2522 
f 1379//2523 1380//2523 1316//2523 
f 1316//2524 1380//2524 1317//2524 
f 1381//2525 1382//2525 1379//2525 
f 1379//2526 1382//2526 1380//2526 
f 1383//2527 1384//2527 1385//2527 
f 1383//2528 1385//2528 1386//2528 
f 1387//2529 1386//2529 1388//2529 
f 1387//2530 1383//2530 1386//2530 
f 1389//2531 1388//2531 1390//2531 
f 1389//2532 1387//2532 1388//2532 
f 1391//2533 1390//2533 1392//2533 
f 1391//2534 1389//2534 1390//2534 
f 1393//2535 1392//2535 4744//2535 
f 1393//2536 1391//2536 1392//2536 
f 1394//2537 4744//2537 1395//2537 
f 1394//2538 1393//2538 4744//2538 
f 1396//2539 1395//2539 1397//2539 
f 1396//2540 1394//2540 1395//2540 
f 1398//2541 1397//2541 1399//2541 
f 1398//2542 1396//2542 1397//2542 
f 1400//2543 1399//2543 1401//2543 
f 1400//2544 1398//2544 1399//2544 
f 1402//2545 1401//2545 1403//2545 
f 1402//2546 1400//2546 1401//2546 
f 1404//2547 1405//2547 1406//2547 
f 1404//2548 1403//2548 1405//2548 
f 1404//2549 1402//2549 1403//2549 
f 1407//2550 1406//2550 1408//2550 
f 1407//2551 1404//2551 1406//2551 
f 1409//2552 1408//2552 1410//2552 
f 1409//2553 1407//2553 1408//2553 
f 1411//2554 1409//2554 1410//2554 
f 1411//2555 1410//2555 1412//2555 
f 1413//2556 1412//2556 1414//2556 
f 1413//2557 1411//2557 1412//2557 
f 1415//2558 1414//2558 1416//2558 
f 1415//2559 1413//2559 1414//2559 
f 1417//2560 1416//2560 1418//2560 
f 1417//2561 1415//2561 1416//2561 
f 1419//2562 1418//2562 1420//2562 
f 1419//2563 1417//2563 1418//2563 
f 1421//2564 1420//2564 1422//2564 
f 1421//2565 1419//2565 1420//2565 
f 1423//2566 1422//2566 1382//2566 
f 1423//2567 1421//2567 1422//2567 
f 1381//2568 1423//2568 1382//2568 
f 1424//2569 4859//2569 1384//2569 
f 1384//2570 4859//2570 1385//2570 
f 1377//2571 1378//2571 1424//2571 
f 1424//2572 1378//2572 4859//2572 
f 1403//2573 1103//2573 1405//2573 
f 1406//2574 1101//2574 1408//2574 
f 1405//2575 1101//2575 1406//2575 
f 1103//2576 1101//2576 1405//2576 
f 1403//2577 1105//2577 1103//2577 
f 1401//2578 1105//2578 1403//2578 
f 1399//2579 1105//2579 1401//2579 
f 1101//2580 1099//2580 1408//2580 
f 1408//2581 1099//2581 1410//2581 
f 1397//2582 1107//2582 1399//2582 
f 1399//2583 1107//2583 1105//2583 
f 1395//2584 1107//2584 1397//2584 
f 1412//2585 1097//2585 1414//2585 
f 1410//2586 1097//2586 1412//2586 
f 1099//2587 1097//2587 1410//2587 
f 4744//2588 1109//2588 1395//2588 
f 1395//2589 1109//2589 1107//2589 
f 1414//2590 1095//2590 1416//2590 
f 1097//2591 1095//2591 1414//2591 
f 1392//2592 1111//2592 4744//2592 
f 1390//2593 1111//2593 1392//2593 
f 4744//2594 1111//2594 1109//2594 
f 1095//2595 1093//2595 1416//2595 
f 1418//2596 1093//2596 1420//2596 
f 1416//2597 1093//2597 1418//2597 
f 1388//2598 1113//2598 1390//2598 
f 1390//2599 1113//2599 1111//2599 
f 1422//2600 1091//2600 1382//2600 
f 1420//2601 1091//2601 1422//2601 
f 1093//2602 1091//2602 1420//2602 
f 1386//2603 1115//2603 1388//2603 
f 1385//2604 1115//2604 1386//2604 
f 1388//2605 1115//2605 1113//2605 
f 1091//2606 1089//2606 1382//2606 
f 1385//2607 1116//2607 1115//2607 
f 1089//2608 1195//2608 1382//2608 
f 1385//2609 1119//2609 1116//2609 
f 1195//2610 1193//2610 1382//2610 
f 1385//2611 1121//2611 1119//2611 
f 1193//2612 1191//2612 1382//2612 
f 1385//2613 1122//2613 1121//2613 
f 1191//2614 1189//2614 1382//2614 
f 1385//2615 1124//2615 1122//2615 
f 1189//2616 1187//2616 1382//2616 
f 1385//2617 1127//2617 1124//2617 
f 1187//2618 1185//2618 1382//2618 
f 1385//2619 1128//2619 1127//2619 
f 1385//2620 1131//2620 1128//2620 
f 1385//2621 1132//2621 1131//2621 
f 1183//2622 1380//2622 1185//2622 
f 1180//2623 1380//2623 1183//2623 
f 1179//2624 1380//2624 1180//2624 
f 1176//2625 1380//2625 1179//2625 
f 1175//2626 1380//2626 1176//2626 
f 1173//2627 1380//2627 1175//2627 
f 1171//2628 1380//2628 1173//2628 
f 1169//2629 1380//2629 1171//2629 
f 1167//2630 1380//2630 1169//2630 
f 1164//2631 1380//2631 1167//2631 
f 1163//2632 1380//2632 1164//2632 
f 1185//2633 1380//2633 1382//2633 
f 1136//2634 4859//2634 1139//2634 
f 1135//2635 4859//2635 1136//2635 
f 1132//2636 4859//2636 1135//2636 
f 1385//2637 4859//2637 1132//2637 
f 1146//2638 1211//2638 1148//2638 
f 1146//2639 1213//2639 1211//2639 
f 1144//2640 1213//2640 1146//2640 
f 1144//2641 1215//2641 1213//2641 
f 1142//2642 1215//2642 1144//2642 
f 1211//2643 1209//2643 1148//2643 
f 1148//2644 1209//2644 1150//2644 
f 1209//2645 1207//2645 1150//2645 
f 1150//2646 1207//2646 1153//2646 
f 1140//2647 1217//2647 1142//2647 
f 1142//2648 1217//2648 1215//2648 
f 1207//2649 1205//2649 1153//2649 
f 1139//2650 1219//2650 1140//2650 
f 1140//2651 1219//2651 1217//2651 
f 1205//2652 1203//2652 1153//2652 
f 1153//2653 1203//2653 1154//2653 
f 1139//2654 1221//2654 1219//2654 
f 4859//2655 1221//2655 1139//2655 
f 1203//2656 1201//2656 1154//2656 
f 1154//2657 1201//2657 1157//2657 
f 4859//2658 1223//2658 1221//2658 
f 1201//2659 1199//2659 1157//2659 
f 1157//2660 1199//2660 1158//2660 
f 4859//2661 1225//2661 1223//2661 
f 1199//2662 1197//2662 1158//2662 
f 1158//2663 1197//2663 1160//2663 
f 4859//2664 1227//2664 1225//2664 
f 1197//2665 1314//2665 1160//2665 
f 1160//2666 1314//2666 1163//2666 
f 1163//2667 1314//2667 1380//2667 
f 4859//2668 1228//2668 1227//2668 
f 1314//2669 1312//2669 1380//2669 
f 4859//2670 1231//2670 1228//2670 
f 4859//2671 1232//2671 1231//2671 
f 4859//2672 1235//2672 1232//2672 
f 4859//2673 1236//2673 1235//2673 
f 4859//2674 1238//2674 1236//2674 
f 4859//2675 1241//2675 1238//2675 
f 1312//2676 1317//2676 1380//2676 
f 1310//2677 1317//2677 1312//2677 
f 1308//2678 1317//2678 1310//2678 
f 1306//2679 1317//2679 1308//2679 
f 1304//2680 1317//2680 1306//2680 
f 1302//2681 1317//2681 1304//2681 
f 1299//2682 1317//2682 1302//2682 
f 1297//2683 1317//2683 1299//2683 
f 1296//2684 1317//2684 1297//2684 
f 1294//2685 1317//2685 1296//2685 
f 1292//2686 1317//2686 1294//2686 
f 1292//2687 1318//2687 1317//2687 
f 1292//2688 1320//2688 1318//2688 
f 4725//2689 1320//2689 1292//2689 
f 4725//2690 1322//2690 1320//2690 
f 4725//2691 1324//2691 1322//2691 
f 1289//2692 1324//2692 4725//2692 
f 1286//2693 1326//2693 1289//2693 
f 1289//2694 1326//2694 1324//2694 
f 1286//2695 1328//2695 1326//2695 
f 1254//2696 1378//2696 1256//2696 
f 1252//2697 1378//2697 1254//2697 
f 1250//2698 1378//2698 1252//2698 
f 1249//2699 1378//2699 1250//2699 
f 1246//2700 1378//2700 1249//2700 
f 1244//2701 1378//2701 1246//2701 
f 1242//2702 1378//2702 1244//2702 
f 1241//2703 1378//2703 1242//2703 
f 4859//2704 1378//2704 1241//2704 
f 1285//2705 1330//2705 1286//2705 
f 1286//2706 1330//2706 1328//2706 
f 1256//2707 1375//2707 1258//2707 
f 1378//2708 1375//2708 1256//2708 
f 1285//2709 1332//2709 1330//2709 
f 1258//2710 1374//2710 1260//2710 
f 1375//2711 1374//2711 1258//2711 
f 1283//2712 1334//2712 1285//2712 
f 1285//2713 1334//2713 1332//2713 
f 1374//2714 1372//2714 1260//2714 
f 1281//2715 1336//2715 1283//2715 
f 1283//2716 1336//2716 1334//2716 
f 1260//2717 1370//2717 1262//2717 
f 1372//2718 1370//2718 1260//2718 
f 1281//2719 1338//2719 1336//2719 
f 1370//2720 1368//2720 1262//2720 
f 1279//2721 1340//2721 1281//2721 
f 1281//2722 1340//2722 1338//2722 
f 1262//2723 1366//2723 1264//2723 
f 1368//2724 1366//2724 1262//2724 
f 1279//2725 1342//2725 1340//2725 
f 1264//2726 1364//2726 1266//2726 
f 1366//2727 1364//2727 1264//2727 
f 1276//2728 1344//2728 1279//2728 
f 1279//2729 1344//2729 1342//2729 
f 1364//2730 1362//2730 1266//2730 
f 1274//2731 1346//2731 1276//2731 
f 1276//2732 1346//2732 1344//2732 
f 1266//2733 1360//2733 1268//2733 
f 1362//2734 1360//2734 1266//2734 
f 1274//2735 1348//2735 1346//2735 
f 1360//2736 1358//2736 1268//2736 
f 1272//2737 1350//2737 1274//2737 
f 1274//2738 1350//2738 1348//2738 
f 1268//2739 1356//2739 1270//2739 
f 1358//2740 1356//2740 1268//2740 
f 1272//2741 1352//2741 1350//2741 
f 1272//2742 1354//2742 1352//2742 
f 1270//2743 1354//2743 1272//2743 
f 1356//2744 1354//2744 1270//2744 
f 1379//2745 1184//2745 1381//2745 
f 1182//2746 1184//2746 1379//2746 
f 1379//2747 1181//2747 1182//2747 
f 1184//2748 1186//2748 1381//2748 
f 1379//2749 1178//2749 1181//2749 
f 1186//2750 1188//2750 1381//2750 
f 1379//2751 1177//2751 1178//2751 
f 1188//2752 1190//2752 1381//2752 
f 1379//2753 1174//2753 1177//2753 
f 1190//2754 1192//2754 1381//2754 
f 1379//2755 1172//2755 1174//2755 
f 1192//2756 1194//2756 1381//2756 
f 1379//2757 1170//2757 1172//2757 
f 1194//2758 1088//2758 1381//2758 
f 1379//2759 1168//2759 1170//2759 
f 1088//2760 1090//2760 1381//2760 
f 1423//2761 1090//2761 1421//2761 
f 1381//2762 1090//2762 1423//2762 
f 1379//2763 1166//2763 1168//2763 
f 1090//2764 1092//2764 1421//2764 
f 1419//2765 1092//2765 1417//2765 
f 1421//2766 1092//2766 1419//2766 
f 1379//2767 1165//2767 1166//2767 
f 1092//2768 1094//2768 1417//2768 
f 1417//2769 1094//2769 1415//2769 
f 1379//2770 1162//2770 1165//2770 
f 1094//2771 1096//2771 1415//2771 
f 1413//2772 1096//2772 1411//2772 
f 1415//2773 1096//2773 1413//2773 
f 1096//2774 1098//2774 1411//2774 
f 1411//2775 1098//2775 1409//2775 
f 1098//2776 1100//2776 1409//2776 
f 1409//2777 1100//2777 1407//2777 
f 1100//2778 1404//2778 1407//2778 
f 1100//2779 1102//2779 1404//2779 
f 1102//2780 1402//2780 1404//2780 
f 1102//2781 1104//2781 1402//2781 
f 1104//2782 1400//2782 1402//2782 
f 1106//2783 1398//2783 1104//2783 
f 1104//2784 1398//2784 1400//2784 
f 1106//2785 1396//2785 1398//2785 
f 1108//2786 1394//2786 1106//2786 
f 1106//2787 1394//2787 1396//2787 
f 1108//2788 1393//2788 1394//2788 
f 1110//2789 1393//2789 1108//2789 
f 1110//2790 1391//2790 1393//2790 
f 1110//2791 1389//2791 1391//2791 
f 1112//2792 1389//2792 1110//2792 
f 1112//2793 1387//2793 1389//2793 
f 1114//2794 1387//2794 1112//2794 
f 1114//2795 1383//2795 1387//2795 
f 1316//2796 1300//2796 1301//2796 
f 1301//2797 1303//2797 1316//2797 
f 1316//2798 1298//2798 1300//2798 
f 1303//2799 1305//2799 1316//2799 
f 1316//2800 1295//2800 1298//2800 
f 1114//2801 1384//2801 1383//2801 
f 1117//2802 1384//2802 1114//2802 
f 1118//2803 1384//2803 1117//2803 
f 1120//2804 1384//2804 1118//2804 
f 1123//2805 1384//2805 1120//2805 
f 1125//2806 1384//2806 1123//2806 
f 1126//2807 1384//2807 1125//2807 
f 1129//2808 1384//2808 1126//2808 
f 1130//2809 1384//2809 1129//2809 
f 1133//2810 1384//2810 1130//2810 
f 1305//2811 1307//2811 1316//2811 
f 1316//2812 1293//2812 1295//2812 
f 1307//2813 1309//2813 1316//2813 
f 1315//2814 1291//2814 1316//2814 
f 1319//2815 1291//2815 1315//2815 
f 1316//2816 1291//2816 1293//2816 
f 1316//2817 1311//2817 1379//2817 
f 1309//2818 1311//2818 1316//2818 
f 1321//2819 1290//2819 1319//2819 
f 1323//2820 1290//2820 1321//2820 
f 1319//2821 1290//2821 1291//2821 
f 1162//2822 1313//2822 1161//2822 
f 1379//2823 1313//2823 1162//2823 
f 1311//2824 1313//2824 1379//2824 
f 1325//2825 1288//2825 1323//2825 
f 1323//2826 1288//2826 1290//2826 
f 1161//2827 1196//2827 1159//2827 
f 1313//2828 1196//2828 1161//2828 
f 1327//2829 1287//2829 1325//2829 
f 1329//2830 1287//2830 1327//2830 
f 1325//2831 1287//2831 1288//2831 
f 1159//2832 1198//2832 1156//2832 
f 1196//2833 1198//2833 1159//2833 
f 1331//2834 1284//2834 1329//2834 
f 1333//2835 1284//2835 1331//2835 
f 1329//2836 1284//2836 1287//2836 
f 1156//2837 1200//2837 1155//2837 
f 1198//2838 1200//2838 1156//2838 
f 1335//2839 1282//2839 1333//2839 
f 1333//2840 1282//2840 1284//2840 
f 1155//2841 1202//2841 1152//2841 
f 1200//2842 1202//2842 1155//2842 
f 1337//2843 1280//2843 1335//2843 
f 1339//2844 1280//2844 1337//2844 
f 1335//2845 1280//2845 1282//2845 
f 1202//2846 1204//2846 1152//2846 
f 1341//2847 1278//2847 1339//2847 
f 1343//2848 1278//2848 1341//2848 
f 1339//2849 1278//2849 1280//2849 
f 1152//2850 1206//2850 1151//2850 
f 1204//2851 1206//2851 1152//2851 
f 1345//2852 1277//2852 1343//2852 
f 1343//2853 1277//2853 1278//2853 
f 1151//2854 1208//2854 1149//2854 
f 1206//2855 1208//2855 1151//2855 
f 1347//2856 1275//2856 1345//2856 
f 1349//2857 1275//2857 1347//2857 
f 1345//2858 1275//2858 1277//2858 
f 1149//2859 1210//2859 1147//2859 
f 1208//2860 1210//2860 1149//2860 
f 1351//2861 1273//2861 1349//2861 
f 1349//2862 1273//2862 1275//2862 
f 1147//2863 1212//2863 1145//2863 
f 1210//2864 1212//2864 1147//2864 
f 1351//2865 1353//2865 1273//2865 
f 1273//2866 1353//2866 1271//2866 
f 1212//2867 1214//2867 1145//2867 
f 1145//2868 1214//2868 1143//2868 
f 1353//2869 1355//2869 1271//2869 
f 1271//2870 1355//2870 1269//2870 
f 1214//2871 1216//2871 1143//2871 
f 1143//2872 1216//2872 1141//2872 
f 1216//2873 1218//2873 1141//2873 
f 1141//2874 1218//2874 1138//2874 
f 1355//2875 1357//2875 1269//2875 
f 1218//2876 1220//2876 1138//2876 
f 1357//2877 1359//2877 1269//2877 
f 1269//2878 1359//2878 1267//2878 
f 1359//2879 1361//2879 1267//2879 
f 1361//2880 1363//2880 1267//2880 
f 1267//2881 1363//2881 1265//2881 
f 1265//2882 1365//2882 1263//2882 
f 1363//2883 1365//2883 1265//2883 
f 1365//2884 1367//2884 1263//2884 
f 1263//2885 1369//2885 1261//2885 
f 1367//2886 1369//2886 1263//2886 
f 1369//2887 1371//2887 1261//2887 
f 1371//2888 1373//2888 1261//2888 
f 1261//2889 1373//2889 1259//2889 
f 1373//2890 1376//2890 1259//2890 
f 1259//2891 1376//2891 1257//2891 
f 1376//2892 1377//2892 1257//2892 
f 1243//2893 1377//2893 1240//2893 
f 1245//2894 1377//2894 1243//2894 
f 1247//2895 1377//2895 1245//2895 
f 1248//2896 1377//2896 1247//2896 
f 1251//2897 1377//2897 1248//2897 
f 1253//2898 1377//2898 1251//2898 
f 1255//2899 1377//2899 1253//2899 
f 1257//2900 1377//2900 1255//2900 
f 1226//2901 1424//2901 1224//2901 
f 1229//2902 1424//2902 1226//2902 
f 1230//2903 1424//2903 1229//2903 
f 1233//2904 1424//2904 1230//2904 
f 1234//2905 1424//2905 1233//2905 
f 1237//2906 1424//2906 1234//2906 
f 1239//2907 1424//2907 1237//2907 
f 1240//2908 1424//2908 1239//2908 
f 1220//2909 1424//2909 1138//2909 
f 1134//2910 1424//2910 1133//2910 
f 1137//2911 1424//2911 1134//2911 
f 1138//2912 1424//2912 1137//2912 
f 1377//2913 1424//2913 1240//2913 
f 1133//2914 1424//2914 1384//2914 
f 1222//2915 1424//2915 1220//2915 
f 1224//2916 1424//2916 1222//2916 
f 1425//2917 1426//2917 1427//2917 
f 1427//2918 1428//2918 1429//2918 
f 1426//2919 1428//2919 1427//2919 
f 1429//2920 1430//2920 1431//2920 
f 1428//2921 1430//2921 1429//2921 
f 1431//2922 1432//2922 1433//2922 
f 1430//2923 1432//2923 1431//2923 
f 1432//2924 1434//2924 1433//2924 
f 1433//2925 1434//2925 1435//2925 
f 1434//2926 1436//2926 1435//2926 
f 1435//2927 1436//2927 1437//2927 
f 1436//2928 1438//2928 1437//2928 
f 1437//2929 1438//2929 1439//2929 
f 1439//2930 1440//2930 1441//2930 
f 1438//2931 1440//2931 1439//2931 
f 1441//2932 1442//2932 1443//2932 
f 1440//2933 1442//2933 1441//2933 
f 1443//2934 1444//2934 1445//2934 
f 1442//2935 1444//2935 1443//2935 
f 1445//2936 1446//2936 1447//2936 
f 1444//2937 1446//2937 1445//2937 
f 1447//2938 1448//2938 1449//2938 
f 1446//2939 1448//2939 1447//2939 
f 1449//2940 1450//2940 1451//2940 
f 1448//2941 1450//2941 1449//2941 
f 1451//2942 1452//2942 1453//2942 
f 1450//2943 1452//2943 1451//2943 
f 1453//2944 1454//2944 1455//2944 
f 1452//2945 1454//2945 1453//2945 
f 1455//2946 1456//2946 1457//2946 
f 1454//2947 1456//2947 1455//2947 
f 1457//2948 1458//2948 1459//2948 
f 1456//2949 1458//2949 1457//2949 
f 1459//2950 1460//2950 1461//2950 
f 1458//2951 1460//2951 1459//2951 
f 1461//2952 1462//2952 1463//2952 
f 1460//2953 1462//2953 1461//2953 
f 1463//2954 1464//2954 1465//2954 
f 1462//2955 1464//2955 1463//2955 
f 1465//2956 1466//2956 1467//2956 
f 1464//2957 1466//2957 1465//2957 
f 1467//2958 1468//2958 1469//2958 
f 1466//2959 1468//2959 1467//2959 
f 1469//2960 1470//2960 1471//2960 
f 1468//2961 1470//2961 1469//2961 
f 1471//2962 1472//2962 1473//2962 
f 1470//2963 1472//2963 1471//2963 
f 1473//2964 1474//2964 1475//2964 
f 1472//2965 1474//2965 1473//2965 
f 1475//2966 1476//2966 1477//2966 
f 1474//2967 1476//2967 1475//2967 
f 1477//2968 1478//2968 1479//2968 
f 1476//2969 1478//2969 1477//2969 
f 1479//2970 1480//2970 1481//2970 
f 1478//2971 1480//2971 1479//2971 
f 1481//2972 1482//2972 1483//2972 
f 1480//2973 1482//2973 1481//2973 
f 1483//2974 1484//2974 1485//2974 
f 1482//2975 1484//2975 1483//2975 
f 1485//2976 1486//2976 1487//2976 
f 1484//2977 1486//2977 1485//2977 
f 1486//2978 1488//2978 1487//2978 
f 1487//2979 1488//2979 1489//2979 
f 1488//2980 1490//2980 1489//2980 
f 1489//2981 1490//2981 1491//2981 
f 1490//2982 1492//2982 1491//2982 
f 1491//2983 1492//2983 1493//2983 
f 1492//2984 1494//2984 1493//2984 
f 1493//2985 1494//2985 1495//2985 
f 1494//2986 1496//2986 1495//2986 
f 1495//2987 1496//2987 1497//2987 
f 1496//2988 1498//2988 1497//2988 
f 1497//2989 1498//2989 1499//2989 
f 1498//2990 1500//2990 1499//2990 
f 1499//2991 1500//2991 1501//2991 
f 1500//2992 1502//2992 1501//2992 
f 1501//2993 1502//2993 1503//2993 
f 1502//2994 1504//2994 1503//2994 
f 1503//2995 1505//2995 1506//2995 
f 1504//2996 1505//2996 1503//2996 
f 1506//2997 1507//2997 1508//2997 
f 1505//2998 1507//2998 1506//2998 
f 1508//2999 1509//2999 1510//2999 
f 1507//3000 1509//3000 1508//3000 
f 1510//3001 1511//3001 1512//3001 
f 1509//3002 1511//3002 1510//3002 
f 1511//3003 1513//3003 1512//3003 
f 1512//3004 1513//3004 1514//3004 
f 1513//3005 1515//3005 1514//3005 
f 1514//3006 1515//3006 1516//3006 
f 1516//3007 1517//3007 1518//3007 
f 1515//3008 1517//3008 1516//3008 
f 1518//3009 1519//3009 1520//3009 
f 1517//3010 1519//3010 1518//3010 
f 1520//3011 1521//3011 1522//3011 
f 1519//3012 1521//3012 1520//3012 
f 1522//3013 1523//3013 1524//3013 
f 1521//3014 1523//3014 1522//3014 
f 1524//3015 1525//3015 1526//3015 
f 1523//3016 1525//3016 1524//3016 
f 1526//3017 1527//3017 1528//3017 
f 1525//3018 1527//3018 1526//3018 
f 1528//3019 1529//3019 1530//3019 
f 1527//3020 1529//3020 1528//3020 
f 1530//3021 1531//3021 1532//3021 
f 1529//3022 1531//3022 1530//3022 
f 1532//3023 1533//3023 1534//3023 
f 1531//3024 1533//3024 1532//3024 
f 1534//3025 1535//3025 1536//3025 
f 1533//3026 1535//3026 1534//3026 
f 1536//3027 1537//3027 1538//3027 
f 1535//3028 1537//3028 1536//3028 
f 1538//3029 1539//3029 1540//3029 
f 1537//3030 1539//3030 1538//3030 
f 1540//3031 1541//3031 1542//3031 
f 1539//3032 1541//3032 1540//3032 
f 1542//3033 1543//3033 1544//3033 
f 1541//3034 1543//3034 1542//3034 
f 1544//3035 1545//3035 1546//3035 
f 1543//3036 1545//3036 1544//3036 
f 1546//3037 1547//3037 1548//3037 
f 1545//3038 1547//3038 1546//3038 
f 1548//3039 1549//3039 1550//3039 
f 1547//3040 1549//3040 1548//3040 
f 1550//3041 1551//3041 1552//3041 
f 1549//3042 1551//3042 1550//3042 
f 1552//3043 1553//3043 1554//3043 
f 1551//3044 1553//3044 1552//3044 
f 1554//3045 1555//3045 1556//3045 
f 1553//3046 1555//3046 1554//3046 
f 1556//3047 1557//3047 1558//3047 
f 1555//3048 1557//3048 1556//3048 
f 1558//3049 1559//3049 1560//3049 
f 1557//3050 1559//3050 1558//3050 
f 1560//3051 1561//3051 1562//3051 
f 1559//3052 1561//3052 1560//3052 
f 1561//3053 1563//3053 1562//3053 
f 1562//3054 1563//3054 1564//3054 
f 1563//3055 1565//3055 1564//3055 
f 1564//3056 1565//3056 1566//3056 
f 1565//3057 1567//3057 1566//3057 
f 1566//3058 1567//3058 1568//3058 
f 1567//3059 1569//3059 1568//3059 
f 1568//3060 1569//3060 1570//3060 
f 1569//3061 1571//3061 1570//3061 
f 1570//3062 1571//3062 1572//3062 
f 1571//3063 1573//3063 1572//3063 
f 1572//3064 1573//3064 1574//3064 
f 1573//3065 1575//3065 1574//3065 
f 1574//3066 1575//3066 1576//3066 
f 1575//3067 1577//3067 1576//3067 
f 1576//3068 1577//3068 1578//3068 
f 1577//3069 1579//3069 1578//3069 
f 1578//3070 1579//3070 1580//3070 
f 1579//3071 1426//3071 1580//3071 
f 1580//3072 1426//3072 1425//3072 
f 1581//3073 1582//3073 1583//3073 
f 1584//3074 1582//3074 1581//3074 
f 1583//3075 1585//3075 1586//3075 
f 1582//3076 1585//3076 1583//3076 
f 1586//3077 1587//3077 1588//3077 
f 1585//3078 1587//3078 1586//3078 
f 1588//3079 1589//3079 1590//3079 
f 1587//3080 1589//3080 1588//3080 
f 1590//3081 1591//3081 1592//3081 
f 1589//3082 1591//3082 1590//3082 
f 1592//3083 1593//3083 1594//3083 
f 1591//3084 1593//3084 1592//3084 
f 1594//3085 1595//3085 1596//3085 
f 1593//3086 1595//3086 1594//3086 
f 1596//3087 1597//3087 1598//3087 
f 1595//3088 1597//3088 1596//3088 
f 1598//3089 1599//3089 1600//3089 
f 1597//3090 1599//3090 1598//3090 
f 1600//3091 1601//3091 1602//3091 
f 1599//3092 1601//3092 1600//3092 
f 1602//3093 1603//3093 1604//3093 
f 1601//3094 1603//3094 1602//3094 
f 1604//3095 1605//3095 1606//3095 
f 1603//3096 1605//3096 1604//3096 
f 1606//3097 1607//3097 1608//3097 
f 1605//3098 1607//3098 1606//3098 
f 1608//3099 1609//3099 1610//3099 
f 1607//3100 1609//3100 1608//3100 
f 1610//3101 1611//3101 1612//3101 
f 1609//3102 1611//3102 1610//3102 
f 1612//3103 1613//3103 1614//3103 
f 1612//3104 1611//3104 1613//3104 
f 1614//3105 1613//3105 1615//3105 
f 1616//3106 1615//3106 1617//3106 
f 1616//3107 1614//3107 1615//3107 
f 1618//3108 1617//3108 1619//3108 
f 1618//3109 1616//3109 1617//3109 
f 1620//3110 1619//3110 1621//3110 
f 1620//3111 1618//3111 1619//3111 
f 1622//3112 1621//3112 1623//3112 
f 1622//3113 1620//3113 1621//3113 
f 1624//3114 1623//3114 1625//3114 
f 1624//3115 1622//3115 1623//3115 
f 1626//3116 1625//3116 1627//3116 
f 1626//3117 1624//3117 1625//3117 
f 1628//3118 1626//3118 1627//3118 
f 1628//3119 1627//3119 1629//3119 
f 1630//3120 1628//3120 1629//3120 
f 1630//3121 1629//3121 1631//3121 
f 1632//3122 1630//3122 1631//3122 
f 1632//3123 1631//3123 1633//3123 
f 1634//3124 1632//3124 1633//3124 
f 1634//3125 1633//3125 1635//3125 
f 1636//3126 1634//3126 1635//3126 
f 1636//3127 1635//3127 1637//3127 
f 1638//3128 1636//3128 1637//3128 
f 1638//3129 1637//3129 1639//3129 
f 1640//3130 1639//3130 1641//3130 
f 1640//3131 1638//3131 1639//3131 
f 1642//3132 1641//3132 1643//3132 
f 1642//3133 1640//3133 1641//3133 
f 1644//3134 1643//3134 1645//3134 
f 1644//3135 1642//3135 1643//3135 
f 1646//3136 1645//3136 1647//3136 
f 1646//3137 1644//3137 1645//3137 
f 1648//3138 1647//3138 1649//3138 
f 1648//3139 1646//3139 1647//3139 
f 1650//3140 1649//3140 1651//3140 
f 1650//3141 1648//3141 1649//3141 
f 1652//3142 1651//3142 1653//3142 
f 1652//3143 1650//3143 1651//3143 
f 1654//3144 1653//3144 1655//3144 
f 1654//3145 1652//3145 1653//3145 
f 1656//3146 1655//3146 1657//3146 
f 1656//3147 1654//3147 1655//3147 
f 1658//3148 1657//3148 1659//3148 
f 1658//3149 1656//3149 1657//3149 
f 1660//3150 1659//3150 1661//3150 
f 1660//3151 1658//3151 1659//3151 
f 1662//3152 1661//3152 1663//3152 
f 1662//3153 1660//3153 1661//3153 
f 1664//3154 1663//3154 1665//3154 
f 1664//3155 1662//3155 1663//3155 
f 1666//3156 1665//3156 1667//3156 
f 1666//3157 1664//3157 1665//3157 
f 1668//3158 1667//3158 1669//3158 
f 1668//3159 1666//3159 1667//3159 
f 1670//3160 1669//3160 1671//3160 
f 1670//3161 1668//3161 1669//3161 
f 1672//3162 1671//3162 1673//3162 
f 1672//3163 1670//3163 1671//3163 
f 1674//3164 1673//3164 1675//3164 
f 1674//3165 1672//3165 1673//3165 
f 1676//3166 1675//3166 1677//3166 
f 1676//3167 1674//3167 1675//3167 
f 1678//3168 1677//3168 1679//3168 
f 1678//3169 1676//3169 1677//3169 
f 1680//3170 1679//3170 1681//3170 
f 1680//3171 1678//3171 1679//3171 
f 1682//3172 1680//3172 1681//3172 
f 1682//3173 1681//3173 1683//3173 
f 1683//3174 1681//3174 1684//3174 
f 1683//3175 1685//3175 1686//3175 
f 1684//3176 1685//3176 1683//3176 
f 1686//3177 1687//3177 1688//3177 
f 1685//3178 1687//3178 1686//3178 
f 1688//3179 1689//3179 1690//3179 
f 1687//3180 1689//3180 1688//3180 
f 1690//3181 1691//3181 1692//3181 
f 1689//3182 1691//3182 1690//3182 
f 1692//3183 1693//3183 1694//3183 
f 1691//3184 1693//3184 1692//3184 
f 1694//3185 1695//3185 1696//3185 
f 1693//3186 1695//3186 1694//3186 
f 1696//3187 1697//3187 1698//3187 
f 1698//3188 1697//3188 1699//3188 
f 1695//3189 1697//3189 1696//3189 
f 1699//3190 1700//3190 1701//3190 
f 1697//3191 1700//3191 1699//3191 
f 1701//3192 1702//3192 1703//3192 
f 1700//3193 1702//3193 1701//3193 
f 1703//3194 1704//3194 1705//3194 
f 1702//3195 1704//3195 1703//3195 
f 1705//3196 1706//3196 1707//3196 
f 1704//3197 1706//3197 1705//3197 
f 1707//3198 1708//3198 1709//3198 
f 1706//3199 1708//3199 1707//3199 
f 1709//3200 1710//3200 1711//3200 
f 1708//3201 1710//3201 1709//3201 
f 1711//3202 1712//3202 1713//3202 
f 1710//3203 1712//3203 1711//3203 
f 1712//3204 1714//3204 1713//3204 
f 1715//3205 1713//3205 1714//3205 
f 1715//3206 1714//3206 1716//3206 
f 1717//3207 1715//3207 1716//3207 
f 1717//3208 1716//3208 1718//3208 
f 1719//3209 1717//3209 1718//3209 
f 1719//3210 1718//3210 1720//3210 
f 1721//3211 1719//3211 1720//3211 
f 1721//3212 1720//3212 1722//3212 
f 1723//3213 1721//3213 1722//3213 
f 1723//3214 1722//3214 1724//3214 
f 1725//3215 1724//3215 1726//3215 
f 1725//3216 1723//3216 1724//3216 
f 1727//3217 1726//3217 1728//3217 
f 1727//3218 1725//3218 1726//3218 
f 1729//3219 1728//3219 1730//3219 
f 1729//3220 1727//3220 1728//3220 
f 1731//3221 1730//3221 1732//3221 
f 1731//3222 1729//3222 1730//3222 
f 1733//3223 1732//3223 1734//3223 
f 1733//3224 1731//3224 1732//3224 
f 1735//3225 1734//3225 1736//3225 
f 1735//3226 1733//3226 1734//3226 
f 1737//3227 1736//3227 1738//3227 
f 1737//3228 1735//3228 1736//3228 
f 1739//3229 1738//3229 1740//3229 
f 1739//3230 1737//3230 1738//3230 
f 1741//3231 1740//3231 1742//3231 
f 1741//3232 1739//3232 1740//3232 
f 1743//3233 1742//3233 1744//3233 
f 1743//3234 1741//3234 1742//3234 
f 1745//3235 1744//3235 1746//3235 
f 1745//3236 1743//3236 1744//3236 
f 1747//3237 1745//3237 1746//3237 
f 1747//3238 1746//3238 1748//3238 
f 1749//3239 1747//3239 1748//3239 
f 1749//3240 1748//3240 1750//3240 
f 1751//3241 1749//3241 1750//3241 
f 1751//3242 1750//3242 1752//3242 
f 1753//3243 1751//3243 1752//3243 
f 1753//3244 1752//3244 1754//3244 
f 1755//3245 1753//3245 1754//3245 
f 1755//3246 1754//3246 1756//3246 
f 1757//3247 1755//3247 1756//3247 
f 1757//3248 1756//3248 1758//3248 
f 1759//3249 1757//3249 1758//3249 
f 1759//3250 1758//3250 1760//3250 
f 1761//3251 1759//3251 1760//3251 
f 1761//3252 1760//3252 1762//3252 
f 1763//3253 1761//3253 1762//3253 
f 1763//3254 1762//3254 1764//3254 
f 1765//3255 1764//3255 1766//3255 
f 1765//3256 1763//3256 1764//3256 
f 1767//3257 1765//3257 1766//3257 
f 1767//3258 1766//3258 1768//3258 
f 1769//3259 1768//3259 1770//3259 
f 1769//3260 1767//3260 1768//3260 
f 1771//3261 1770//3261 1772//3261 
f 1771//3262 1769//3262 1770//3262 
f 1773//3263 1772//3263 1774//3263 
f 1773//3264 1771//3264 1772//3264 
f 1775//3265 1774//3265 1776//3265 
f 1775//3266 1773//3266 1774//3266 
f 1777//3267 1776//3267 1778//3267 
f 1777//3268 1775//3268 1776//3268 
f 1779//3269 1778//3269 1780//3269 
f 1779//3270 1777//3270 1778//3270 
f 1781//3271 1780//3271 1782//3271 
f 1781//3272 1779//3272 1780//3272 
f 1783//3273 1782//3273 1784//3273 
f 1783//3274 1781//3274 1782//3274 
f 1785//3275 1784//3275 1786//3275 
f 1785//3276 1783//3276 1784//3276 
f 1787//3277 1786//3277 1788//3277 
f 1787//3278 1785//3278 1786//3278 
f 1789//3279 1788//3279 1790//3279 
f 1789//3280 1787//3280 1788//3280 
f 1791//3281 1790//3281 1792//3281 
f 1791//3282 1789//3282 1790//3282 
f 1793//3283 1792//3283 1794//3283 
f 1793//3284 1791//3284 1792//3284 
f 1795//3285 1793//3285 1794//3285 
f 1795//3286 1794//3286 1796//3286 
f 1797//3287 1795//3287 1796//3287 
f 1797//3288 1796//3288 1798//3288 
f 1799//3289 1797//3289 1798//3289 
f 1799//3290 1798//3290 1800//3290 
f 1801//3291 1799//3291 1800//3291 
f 1801//3292 1800//3292 1802//3292 
f 1803//3293 1801//3293 1802//3293 
f 1803//3294 1802//3294 1804//3294 
f 1805//3295 1804//3295 1806//3295 
f 1805//3296 1803//3296 1804//3296 
f 1807//3297 1806//3297 1808//3297 
f 1807//3298 1805//3298 1806//3298 
f 1809//3299 1808//3299 1810//3299 
f 1809//3300 1807//3300 1808//3300 
f 1811//3301 1810//3301 1812//3301 
f 1811//3302 1809//3302 1810//3302 
f 1813//3303 1812//3303 1814//3303 
f 1813//3304 1811//3304 1812//3304 
f 1815//3305 1814//3305 1816//3305 
f 1815//3306 1813//3306 1814//3306 
f 1817//3307 1816//3307 1818//3307 
f 1817//3308 1815//3308 1816//3308 
f 1819//3309 1818//3309 1820//3309 
f 1819//3310 1817//3310 1818//3310 
f 1821//3311 1820//3311 1822//3311 
f 1821//3312 1819//3312 1820//3312 
f 1823//3313 1822//3313 1824//3313 
f 1823//3314 1821//3314 1822//3314 
f 1825//3315 1824//3315 1826//3315 
f 1825//3316 1823//3316 1824//3316 
f 1827//3317 1826//3317 1828//3317 
f 1827//3318 1825//3318 1826//3318 
f 1829//3319 1828//3319 1830//3319 
f 1829//3320 1827//3320 1828//3320 
f 1831//3321 1830//3321 1832//3321 
f 1831//3322 1829//3322 1830//3322 
f 1833//3323 1832//3323 1834//3323 
f 1833//3324 1831//3324 1832//3324 
f 1835//3325 1834//3325 1836//3325 
f 1835//3326 1833//3326 1834//3326 
f 1837//3327 1836//3327 1838//3327 
f 1837//3328 1835//3328 1836//3328 
f 1839//3329 1838//3329 1840//3329 
f 1839//3330 1837//3330 1838//3330 
f 1841//3331 1840//3331 1842//3331 
f 1841//3332 1839//3332 1840//3332 
f 1843//3333 1842//3333 1844//3333 
f 1843//3334 1841//3334 1842//3334 
f 1845//3335 1844//3335 1846//3335 
f 1845//3336 1843//3336 1844//3336 
f 1581//3337 1845//3337 1846//3337 
f 1581//3338 1846//3338 1584//3338 
f 1847//3339 1848//3339 1849//3339 
f 1848//3340 1850//3340 1849//3340 
f 1849//3341 1851//3341 1852//3341 
f 1850//3342 1851//3342 1849//3342 
f 1852//3343 1853//3343 1854//3343 
f 1851//3344 1853//3344 1852//3344 
f 1854//3345 1855//3345 1856//3345 
f 1853//3346 1855//3346 1854//3346 
f 1856//3347 1857//3347 1858//3347 
f 1855//3348 1857//3348 1856//3348 
f 1858//3349 1859//3349 1860//3349 
f 1857//3350 1859//3350 1858//3350 
f 1860//3351 1861//3351 1862//3351 
f 1859//3352 1861//3352 1860//3352 
f 1862//3353 1863//3353 1864//3353 
f 1861//3354 1863//3354 1862//3354 
f 1864//3355 1865//3355 1866//3355 
f 1863//3356 1865//3356 1864//3356 
f 1866//3357 1867//3357 1868//3357 
f 1865//3358 1867//3358 1866//3358 
f 1868//3359 1869//3359 1870//3359 
f 1867//3360 1869//3360 1868//3360 
f 1869//3361 1871//3361 1870//3361 
f 1870//3362 1871//3362 1872//3362 
f 1871//3363 1873//3363 1872//3363 
f 1872//3364 1873//3364 1874//3364 
f 1873//3365 1875//3365 1874//3365 
f 1874//3366 1875//3366 1876//3366 
f 1876//3367 1877//3367 1878//3367 
f 1875//3368 1877//3368 1876//3368 
f 1877//3369 1879//3369 1878//3369 
f 1878//3370 1879//3370 1880//3370 
f 1880//3371 1881//3371 1882//3371 
f 1879//3372 1881//3372 1880//3372 
f 1882//3373 1883//3373 1884//3373 
f 1881//3374 1883//3374 1882//3374 
f 1884//3375 1885//3375 1886//3375 
f 1883//3376 1885//3376 1884//3376 
f 1886//3377 1887//3377 1888//3377 
f 1885//3378 1887//3378 1886//3378 
f 1888//3379 1889//3379 1890//3379 
f 1887//3380 1889//3380 1888//3380 
f 1890//3381 1891//3381 1892//3381 
f 1889//3382 1891//3382 1890//3382 
f 1892//3383 1893//3383 1894//3383 
f 1891//3384 1893//3384 1892//3384 
f 1894//3385 1895//3385 1896//3385 
f 1893//3386 1895//3386 1894//3386 
f 1896//3387 1895//3387 1897//3387 
f 1897//3388 1898//3388 1899//3388 
f 1895//3389 1898//3389 1897//3389 
f 1899//3390 1900//3390 1901//3390 
f 1898//3391 1900//3391 1899//3391 
f 1901//3392 1902//3392 1903//3392 
f 1900//3393 1902//3393 1901//3393 
f 1903//3394 1904//3394 1905//3394 
f 1902//3395 1904//3395 1903//3395 
f 1905//3396 1906//3396 1907//3396 
f 1904//3397 1906//3397 1905//3397 
f 1907//3398 1908//3398 1909//3398 
f 1906//3399 1908//3399 1907//3399 
f 1909//3400 1910//3400 1911//3400 
f 1908//3401 1910//3401 1909//3401 
f 1911//3402 1912//3402 1913//3402 
f 1910//3403 1912//3403 1911//3403 
f 1913//3404 1914//3404 1915//3404 
f 1912//3405 1914//3405 1913//3405 
f 1915//3406 1916//3406 1917//3406 
f 1914//3407 1916//3407 1915//3407 
f 1917//3408 1918//3408 1919//3408 
f 1916//3409 1918//3409 1917//3409 
f 1918//3410 1920//3410 1919//3410 
f 1919//3411 1920//3411 1921//3411 
f 1920//3412 1922//3412 1921//3412 
f 1921//3413 1922//3413 1923//3413 
f 1922//3414 1924//3414 1923//3414 
f 1923//3415 1924//3415 1925//3415 
f 1924//3416 1926//3416 1925//3416 
f 1925//3417 1926//3417 1927//3417 
f 1926//3418 1928//3418 1927//3418 
f 1927//3419 1928//3419 1929//3419 
f 1929//3420 1930//3420 1931//3420 
f 1928//3421 1930//3421 1929//3421 
f 1931//3422 1932//3422 1933//3422 
f 1930//3423 1932//3423 1931//3423 
f 1933//3424 1934//3424 1935//3424 
f 1932//3425 1934//3425 1933//3425 
f 1935//3426 1936//3426 1937//3426 
f 1934//3427 1936//3427 1935//3427 
f 1937//3428 1938//3428 1939//3428 
f 1936//3429 1938//3429 1937//3429 
f 1939//3430 1940//3430 1941//3430 
f 1938//3431 1940//3431 1939//3431 
f 1941//3432 1942//3432 1847//3432 
f 1940//3433 1942//3433 1941//3433 
f 1942//3434 1848//3434 1847//3434 
f 1629//3435 1859//3435 1631//3435 
f 1627//3436 1861//3436 1629//3436 
f 1625//3437 1861//3437 1627//3437 
f 1629//3438 1861//3438 1859//3438 
f 1633//3439 1857//3439 1635//3439 
f 1631//3440 1857//3440 1633//3440 
f 1859//3441 1857//3441 1631//3441 
f 1623//3442 1863//3442 1625//3442 
f 1625//3443 1863//3443 1861//3443 
f 1635//3444 1855//3444 1637//3444 
f 1857//3445 1855//3445 1635//3445 
f 1623//3446 1865//3446 1863//3446 
f 1621//3447 1865//3447 1623//3447 
f 1637//3448 1853//3448 1639//3448 
f 1855//3449 1853//3449 1637//3449 
f 1619//3450 1867//3450 1621//3450 
f 1617//3451 1867//3451 1619//3451 
f 1621//3452 1867//3452 1865//3452 
f 1853//3453 1851//3453 1639//3453 
f 1641//3454 1851//3454 1643//3454 
f 1639//3455 1851//3455 1641//3455 
f 1615//3456 1869//3456 1617//3456 
f 1617//3457 1869//3457 1867//3457 
f 1851//3458 1850//3458 1643//3458 
f 1643//3459 1850//3459 1645//3459 
f 1613//3460 1871//3460 1615//3460 
f 1615//3461 1871//3461 1869//3461 
f 1850//3462 1848//3462 1645//3462 
f 1647//3463 1848//3463 1649//3463 
f 1645//3464 1848//3464 1647//3464 
f 1613//3465 1873//3465 1871//3465 
f 1848//3466 1942//3466 1649//3466 
f 1649//3467 1942//3467 1651//3467 
f 1613//3468 1875//3468 1873//3468 
f 1653//3469 1940//3469 1655//3469 
f 1651//3470 1940//3470 1653//3470 
f 1942//3471 1940//3471 1651//3471 
f 1613//3472 1877//3472 1875//3472 
f 1655//3473 1938//3473 1657//3473 
f 1940//3474 1938//3474 1655//3474 
f 1613//3475 1879//3475 1877//3475 
f 1938//3476 1936//3476 1657//3476 
f 1657//3477 1936//3477 1659//3477 
f 1659//3478 1934//3478 1661//3478 
f 1936//3479 1934//3479 1659//3479 
f 1934//3480 1663//3480 1661//3480 
f 1934//3481 1932//3481 1663//3481 
f 1881//3482 1611//3482 1883//3482 
f 1879//3483 1611//3483 1881//3483 
f 1613//3484 1611//3484 1879//3484 
f 1932//3485 1665//3485 1663//3485 
f 1611//3486 1885//3486 1883//3486 
f 1932//3487 1930//3487 1665//3487 
f 1611//3488 1887//3488 1885//3488 
f 1930//3489 1667//3489 1665//3489 
f 1611//3490 1889//3490 1887//3490 
f 1928//3491 1669//3491 1930//3491 
f 1930//3492 1669//3492 1667//3492 
f 1609//3493 1891//3493 1611//3493 
f 1611//3494 1891//3494 1889//3494 
f 1609//3495 1893//3495 1891//3495 
f 1926//3496 1671//3496 1928//3496 
f 1928//3497 1671//3497 1669//3497 
f 1609//3498 1895//3498 1893//3498 
f 1609//3499 1607//3499 1895//3499 
f 1924//3500 1673//3500 1926//3500 
f 1926//3501 1673//3501 1671//3501 
f 1924//3502 1675//3502 1673//3502 
f 1924//3503 1677//3503 1675//3503 
f 1922//3504 1677//3504 1924//3504 
f 1922//3505 1679//3505 1677//3505 
f 1920//3506 1679//3506 1922//3506 
f 1918//3507 1681//3507 1920//3507 
f 1916//3508 1681//3508 1918//3508 
f 1914//3509 1681//3509 1916//3509 
f 1912//3510 1681//3510 1914//3510 
f 1920//3511 1681//3511 1679//3511 
f 1912//3512 1684//3512 1681//3512 
f 1910//3513 1684//3513 1912//3513 
f 1908//3514 1684//3514 1910//3514 
f 1906//3515 1684//3515 1908//3515 
f 1904//3516 1684//3516 1906//3516 
f 1902//3517 1684//3517 1904//3517 
f 1900//3518 1684//3518 1902//3518 
f 1900//3519 1685//3519 1684//3519 
f 1898//3520 1685//3520 1900//3520 
f 1895//3521 1685//3521 1898//3521 
f 1607//3522 1687//3522 1895//3522 
f 1605//3523 1687//3523 1607//3523 
f 1895//3524 1687//3524 1685//3524 
f 1603//3525 1689//3525 1605//3525 
f 1605//3526 1689//3526 1687//3526 
f 1601//3527 1691//3527 1603//3527 
f 1603//3528 1691//3528 1689//3528 
f 1599//3529 1693//3529 1601//3529 
f 1601//3530 1693//3530 1691//3530 
f 1597//3531 1695//3531 1599//3531 
f 1599//3532 1695//3532 1693//3532 
f 1582//3533 1446//3533 1585//3533 
f 1585//3534 1444//3534 1587//3534 
f 1446//3535 1444//3535 1585//3535 
f 1582//3536 1448//3536 1446//3536 
f 1444//3537 1442//3537 1587//3537 
f 1584//3538 1450//3538 1582//3538 
f 1582//3539 1450//3539 1448//3539 
f 1587//3540 1440//3540 1589//3540 
f 1442//3541 1440//3541 1587//3541 
f 1846//3542 1452//3542 1584//3542 
f 1584//3543 1452//3543 1450//3543 
f 1440//3544 1438//3544 1589//3544 
f 1846//3545 1454//3545 1452//3545 
f 1844//3546 1454//3546 1846//3546 
f 1589//3547 1436//3547 1591//3547 
f 1438//3548 1436//3548 1589//3548 
f 1842//3549 1456//3549 1844//3549 
f 1844//3550 1456//3550 1454//3550 
f 1591//3551 1434//3551 1593//3551 
f 1436//3552 1434//3552 1591//3552 
f 1597//3553 1697//3553 1695//3553 
f 1842//3554 1458//3554 1456//3554 
f 1840//3555 1458//3555 1842//3555 
f 1838//3556 1458//3556 1840//3556 
f 1434//3557 1432//3557 1593//3557 
f 1836//3558 1460//3558 1838//3558 
f 1838//3559 1460//3559 1458//3559 
f 1593//3560 1430//3560 1595//3560 
f 1432//3561 1430//3561 1593//3561 
f 1836//3562 1462//3562 1460//3562 
f 1834//3563 1462//3563 1836//3563 
f 1595//3564 1428//3564 1597//3564 
f 1430//3565 1428//3565 1595//3565 
f 1834//3566 1464//3566 1462//3566 
f 1832//3567 1464//3567 1834//3567 
f 1428//3568 1426//3568 1597//3568 
f 1597//3569 1426//3569 1697//3569 
f 1832//3570 1466//3570 1464//3570 
f 1830//3571 1466//3571 1832//3571 
f 1828//3572 1466//3572 1830//3572 
f 1426//3573 1579//3573 1697//3573 
f 1697//3574 1579//3574 1700//3574 
f 1826//3575 1468//3575 1828//3575 
f 1828//3576 1468//3576 1466//3576 
f 1579//3577 1577//3577 1700//3577 
f 1577//3578 1702//3578 1700//3578 
f 1826//3579 1470//3579 1468//3579 
f 1824//3580 1470//3580 1826//3580 
f 1577//3581 1575//3581 1702//3581 
f 1824//3582 1472//3582 1470//3582 
f 1822//3583 1472//3583 1824//3583 
f 1820//3584 1472//3584 1822//3584 
f 1575//3585 1573//3585 1702//3585 
f 1573//3586 1704//3586 1702//3586 
f 1820//3587 1474//3587 1472//3587 
f 1818//3588 1474//3588 1820//3588 
f 1573//3589 1571//3589 1704//3589 
f 1818//3590 1476//3590 1474//3590 
f 1816//3591 1476//3591 1818//3591 
f 1816//3592 1478//3592 1476//3592 
f 1814//3593 1478//3593 1816//3593 
f 1571//3594 1706//3594 1704//3594 
f 1569//3595 1706//3595 1571//3595 
f 1569//3596 1567//3596 1706//3596 
f 1814//3597 1480//3597 1478//3597 
f 1812//3598 1480//3598 1814//3598 
f 1810//3599 1480//3599 1812//3599 
f 1808//3600 1482//3600 1810//3600 
f 1810//3601 1482//3601 1480//3601 
f 1567//3602 1708//3602 1706//3602 
f 1565//3603 1708//3603 1567//3603 
f 1565//3604 1563//3604 1708//3604 
f 1808//3605 1484//3605 1482//3605 
f 1808//3606 1806//3606 1484//3606 
f 1806//3607 1486//3607 1484//3607 
f 1561//3608 1710//3608 1563//3608 
f 1563//3609 1710//3609 1708//3609 
f 1806//3610 1804//3610 1486//3610 
f 1804//3611 1802//3611 1486//3611 
f 1486//3612 1802//3612 1488//3612 
f 1561//3613 1712//3613 1710//3613 
f 1559//3614 1712//3614 1561//3614 
f 1557//3615 1712//3615 1559//3615 
f 1802//3616 1800//3616 1488//3616 
f 1488//3617 1800//3617 1490//3617 
f 1800//3618 1798//3618 1490//3618 
f 1490//3619 1798//3619 1492//3619 
f 1557//3620 1714//3620 1712//3620 
f 1555//3621 1714//3621 1557//3621 
f 1798//3622 1796//3622 1492//3622 
f 1492//3623 1796//3623 1494//3623 
f 1555//3624 1716//3624 1714//3624 
f 1553//3625 1716//3625 1555//3625 
f 1796//3626 1794//3626 1494//3626 
f 1553//3627 1718//3627 1716//3627 
f 1551//3628 1718//3628 1553//3628 
f 1494//3629 1792//3629 1496//3629 
f 1794//3630 1792//3630 1494//3630 
f 1551//3631 1720//3631 1718//3631 
f 1549//3632 1720//3632 1551//3632 
f 1496//3633 1790//3633 1498//3633 
f 1792//3634 1790//3634 1496//3634 
f 1549//3635 1722//3635 1720//3635 
f 1498//3636 1788//3636 1500//3636 
f 1790//3637 1788//3637 1498//3637 
f 1549//3638 1724//3638 1722//3638 
f 1547//3639 1724//3639 1549//3639 
f 1788//3640 1786//3640 1500//3640 
f 1547//3641 1726//3641 1724//3641 
f 1545//3642 1726//3642 1547//3642 
f 1786//3643 1784//3643 1500//3643 
f 1500//3644 1784//3644 1502//3644 
f 1545//3645 1728//3645 1726//3645 
f 1543//3646 1728//3646 1545//3646 
f 1784//3647 1782//3647 1502//3647 
f 1502//3648 1782//3648 1504//3648 
f 1543//3649 1730//3649 1728//3649 
f 1541//3650 1730//3650 1543//3650 
f 1504//3651 1780//3651 1505//3651 
f 1782//3652 1780//3652 1504//3652 
f 1541//3653 1732//3653 1730//3653 
f 1505//3654 1778//3654 1507//3654 
f 1780//3655 1778//3655 1505//3655 
f 1541//3656 1734//3656 1732//3656 
f 1539//3657 1734//3657 1541//3657 
f 1778//3658 1776//3658 1507//3658 
f 1539//3659 1736//3659 1734//3659 
f 1537//3660 1736//3660 1539//3660 
f 1507//3661 1774//3661 1509//3661 
f 1776//3662 1774//3662 1507//3662 
f 1537//3663 1738//3663 1736//3663 
f 1535//3664 1738//3664 1537//3664 
f 1774//3665 1772//3665 1509//3665 
f 1509//3666 1772//3666 1511//3666 
f 1535//3667 1740//3667 1738//3667 
f 1511//3668 1770//3668 1513//3668 
f 1772//3669 1770//3669 1511//3669 
f 1535//3670 1742//3670 1740//3670 
f 1533//3671 1742//3671 1535//3671 
f 1770//3672 1768//3672 1513//3672 
f 1533//3673 1744//3673 1742//3673 
f 1531//3674 1744//3674 1533//3674 
f 1513//3675 1766//3675 1515//3675 
f 1768//3676 1766//3676 1513//3676 
f 1531//3677 1746//3677 1744//3677 
f 1529//3678 1746//3678 1531//3678 
f 1515//3679 1764//3679 1517//3679 
f 1766//3680 1764//3680 1515//3680 
f 1529//3681 1748//3681 1746//3681 
f 1527//3682 1748//3682 1529//3682 
f 1517//3683 1762//3683 1519//3683 
f 1764//3684 1762//3684 1517//3684 
f 1527//3685 1750//3685 1748//3685 
f 1519//3686 1760//3686 1521//3686 
f 1762//3687 1760//3687 1519//3687 
f 1527//3688 1752//3688 1750//3688 
f 1525//3689 1752//3689 1527//3689 
f 1760//3690 1758//3690 1521//3690 
f 1525//3691 1754//3691 1752//3691 
f 1523//3692 1754//3692 1525//3692 
f 1521//3693 1756//3693 1523//3693 
f 1523//3694 1756//3694 1754//3694 
f 1758//3695 1756//3695 1521//3695 
f 1666//3696 1931//3696 1664//3696 
f 1662//3697 1933//3697 1660//3697 
f 1664//3698 1933//3698 1662//3698 
f 1931//3699 1933//3699 1664//3699 
f 1668//3700 1929//3700 1666//3700 
f 1670//3701 1929//3701 1668//3701 
f 1666//3702 1929//3702 1931//3702 
f 1660//3703 1935//3703 1658//3703 
f 1933//3704 1935//3704 1660//3704 
f 1672//3705 1927//3705 1670//3705 
f 1670//3706 1927//3706 1929//3706 
f 1658//3707 1937//3707 1656//3707 
f 1935//3708 1937//3708 1658//3708 
f 1674//3709 1925//3709 1672//3709 
f 1672//3710 1925//3710 1927//3710 
f 1654//3711 1939//3711 1652//3711 
f 1656//3712 1939//3712 1654//3712 
f 1937//3713 1939//3713 1656//3713 
f 1674//3714 1923//3714 1925//3714 
f 1676//3715 1923//3715 1674//3715 
f 1678//3716 1923//3716 1676//3716 
f 1652//3717 1941//3717 1650//3717 
f 1939//3718 1941//3718 1652//3718 
f 1680//3719 1921//3719 1678//3719 
f 1678//3720 1921//3720 1923//3720 
f 1650//3721 1847//3721 1648//3721 
f 1941//3722 1847//3722 1650//3722 
f 1648//3723 1847//3723 1646//3723 
f 1680//3724 1919//3724 1921//3724 
f 1682//3725 1919//3725 1680//3725 
f 1847//3726 1849//3726 1646//3726 
f 1646//3727 1849//3727 1644//3727 
f 1682//3728 1917//3728 1919//3728 
f 1849//3729 1852//3729 1644//3729 
f 1642//3730 1852//3730 1640//3730 
f 1644//3731 1852//3731 1642//3731 
f 1682//3732 1915//3732 1917//3732 
f 1852//3733 1854//3733 1640//3733 
f 1640//3734 1854//3734 1638//3734 
f 1682//3735 1913//3735 1915//3735 
f 1854//3736 1856//3736 1638//3736 
f 1638//3737 1856//3737 1636//3737 
f 1682//3738 1911//3738 1913//3738 
f 1856//3739 1858//3739 1636//3739 
f 1636//3740 1858//3740 1634//3740 
f 1858//3741 1632//3741 1634//3741 
f 1858//3742 1860//3742 1632//3742 
f 1909//3743 1683//3743 1907//3743 
f 1911//3744 1683//3744 1909//3744 
f 1682//3745 1683//3745 1911//3745 
f 1860//3746 1630//3746 1632//3746 
f 1860//3747 1862//3747 1630//3747 
f 1683//3748 1905//3748 1907//3748 
f 1683//3749 1903//3749 1905//3749 
f 1862//3750 1628//3750 1630//3750 
f 1683//3751 1901//3751 1903//3751 
f 1864//3752 1626//3752 1862//3752 
f 1862//3753 1626//3753 1628//3753 
f 1686//3754 1899//3754 1683//3754 
f 1683//3755 1899//3755 1901//3755 
f 1686//3756 1897//3756 1899//3756 
f 1866//3757 1624//3757 1864//3757 
f 1864//3758 1624//3758 1626//3758 
f 1686//3759 1896//3759 1897//3759 
f 1686//3760 1688//3760 1896//3760 
f 1868//3761 1622//3761 1866//3761 
f 1866//3762 1622//3762 1624//3762 
f 1868//3763 1620//3763 1622//3763 
f 1868//3764 1618//3764 1620//3764 
f 1870//3765 1618//3765 1868//3765 
f 1870//3766 1616//3766 1618//3766 
f 1872//3767 1616//3767 1870//3767 
f 1872//3768 1614//3768 1616//3768 
f 1874//3769 1614//3769 1872//3769 
f 1876//3770 1614//3770 1874//3770 
f 1878//3771 1614//3771 1876//3771 
f 1880//3772 1614//3772 1878//3772 
f 1882//3773 1612//3773 1880//3773 
f 1884//3774 1612//3774 1882//3774 
f 1886//3775 1612//3775 1884//3775 
f 1888//3776 1612//3776 1886//3776 
f 1890//3777 1612//3777 1888//3777 
f 1892//3778 1612//3778 1890//3778 
f 1880//3779 1612//3779 1614//3779 
f 1892//3780 1610//3780 1612//3780 
f 1894//3781 1610//3781 1892//3781 
f 1896//3782 1610//3782 1894//3782 
f 1688//3783 1608//3783 1896//3783 
f 1896//3784 1608//3784 1610//3784 
f 1688//3785 1606//3785 1608//3785 
f 1690//3786 1606//3786 1688//3786 
f 1690//3787 1604//3787 1606//3787 
f 1692//3788 1604//3788 1690//3788 
f 1692//3789 1602//3789 1604//3789 
f 1694//3790 1602//3790 1692//3790 
f 1694//3791 1600//3791 1602//3791 
f 1696//3792 1600//3792 1694//3792 
f 1711//3793 1562//3793 1709//3793 
f 1709//3794 1564//3794 1707//3794 
f 1562//3795 1564//3795 1709//3795 
f 1711//3796 1560//3796 1562//3796 
f 1564//3797 1566//3797 1707//3797 
f 1713//3798 1558//3798 1711//3798 
f 1711//3799 1558//3799 1560//3799 
f 1707//3800 1568//3800 1705//3800 
f 1566//3801 1568//3801 1707//3801 
f 1715//3802 1556//3802 1713//3802 
f 1713//3803 1556//3803 1558//3803 
f 1568//3804 1570//3804 1705//3804 
f 1715//3805 1554//3805 1556//3805 
f 1717//3806 1554//3806 1715//3806 
f 1705//3807 1572//3807 1703//3807 
f 1570//3808 1572//3808 1705//3808 
f 1719//3809 1552//3809 1717//3809 
f 1717//3810 1552//3810 1554//3810 
f 1703//3811 1574//3811 1701//3811 
f 1572//3812 1574//3812 1703//3812 
f 1696//3813 1598//3813 1600//3813 
f 1698//3814 1598//3814 1696//3814 
f 1721//3815 1550//3815 1719//3815 
f 1723//3816 1550//3816 1721//3816 
f 1719//3817 1550//3817 1552//3817 
f 1574//3818 1576//3818 1701//3818 
f 1725//3819 1548//3819 1723//3819 
f 1723//3820 1548//3820 1550//3820 
f 1576//3821 1578//3821 1701//3821 
f 1701//3822 1578//3822 1699//3822 
f 1727//3823 1546//3823 1725//3823 
f 1725//3824 1546//3824 1548//3824 
f 1578//3825 1580//3825 1699//3825 
f 1699//3826 1580//3826 1698//3826 
f 1729//3827 1544//3827 1727//3827 
f 1727//3828 1544//3828 1546//3828 
f 1698//3829 1425//3829 1598//3829 
f 1580//3830 1425//3830 1698//3830 
f 1731//3831 1542//3831 1729//3831 
f 1733//3832 1542//3832 1731//3832 
f 1729//3833 1542//3833 1544//3833 
f 1598//3834 1427//3834 1596//3834 
f 1425//3835 1427//3835 1598//3835 
f 1735//3836 1540//3836 1733//3836 
f 1733//3837 1540//3837 1542//3837 
f 1427//3838 1429//3838 1596//3838 
f 1429//3839 1594//3839 1596//3839 
f 1737//3840 1538//3840 1735//3840 
f 1735//3841 1538//3841 1540//3841 
f 1429//3842 1431//3842 1594//3842 
f 1739//3843 1536//3843 1737//3843 
f 1741//3844 1536//3844 1739//3844 
f 1737//3845 1536//3845 1538//3845 
f 1431//3846 1433//3846 1594//3846 
f 1433//3847 1592//3847 1594//3847 
f 1743//3848 1534//3848 1741//3848 
f 1741//3849 1534//3849 1536//3849 
f 1433//3850 1435//3850 1592//3850 
f 1745//3851 1532//3851 1743//3851 
f 1743//3852 1532//3852 1534//3852 
f 1747//3853 1530//3853 1745//3853 
f 1745//3854 1530//3854 1532//3854 
f 1435//3855 1590//3855 1592//3855 
f 1437//3856 1590//3856 1435//3856 
f 1437//3857 1439//3857 1590//3857 
f 1749//3858 1528//3858 1747//3858 
f 1751//3859 1528//3859 1749//3859 
f 1747//3860 1528//3860 1530//3860 
f 1753//3861 1526//3861 1751//3861 
f 1751//3862 1526//3862 1528//3862 
f 1439//3863 1588//3863 1590//3863 
f 1441//3864 1588//3864 1439//3864 
f 1441//3865 1443//3865 1588//3865 
f 1753//3866 1524//3866 1526//3866 
f 1753//3867 1755//3867 1524//3867 
f 1755//3868 1522//3868 1524//3868 
f 1443//3869 1586//3869 1588//3869 
f 1445//3870 1586//3870 1443//3870 
f 1755//3871 1757//3871 1522//3871 
f 1757//3872 1759//3872 1522//3872 
f 1522//3873 1759//3873 1520//3873 
f 1445//3874 1583//3874 1586//3874 
f 1447//3875 1583//3875 1445//3875 
f 1449//3876 1583//3876 1447//3876 
f 1520//3877 1761//3877 1518//3877 
f 1759//3878 1761//3878 1520//3878 
f 1761//3879 1763//3879 1518//3879 
f 1518//3880 1763//3880 1516//3880 
f 1449//3881 1581//3881 1583//3881 
f 1451//3882 1581//3882 1449//3882 
f 1763//3883 1765//3883 1516//3883 
f 1516//3884 1765//3884 1514//3884 
f 1451//3885 1845//3885 1581//3885 
f 1453//3886 1845//3886 1451//3886 
f 1765//3887 1767//3887 1514//3887 
f 1453//3888 1843//3888 1845//3888 
f 1455//3889 1843//3889 1453//3889 
f 1514//3890 1769//3890 1512//3890 
f 1767//3891 1769//3891 1514//3891 
f 1455//3892 1841//3892 1843//3892 
f 1457//3893 1841//3893 1455//3893 
f 1512//3894 1771//3894 1510//3894 
f 1769//3895 1771//3895 1512//3895 
f 1457//3896 1839//3896 1841//3896 
f 1510//3897 1773//3897 1508//3897 
f 1771//3898 1773//3898 1510//3898 
f 1457//3899 1837//3899 1839//3899 
f 1459//3900 1837//3900 1457//3900 
f 1773//3901 1775//3901 1508//3901 
f 1459//3902 1835//3902 1837//3902 
f 1461//3903 1835//3903 1459//3903 
f 1508//3904 1777//3904 1506//3904 
f 1775//3905 1777//3905 1508//3905 
f 1461//3906 1833//3906 1835//3906 
f 1463//3907 1833//3907 1461//3907 
f 1777//3908 1779//3908 1506//3908 
f 1506//3909 1779//3909 1503//3909 
f 1463//3910 1831//3910 1833//3910 
f 1465//3911 1831//3911 1463//3911 
f 1503//3912 1781//3912 1501//3912 
f 1779//3913 1781//3913 1503//3913 
f 1465//3914 1829//3914 1831//3914 
f 1501//3915 1783//3915 1499//3915 
f 1781//3916 1783//3916 1501//3916 
f 1465//3917 1827//3917 1829//3917 
f 1467//3918 1827//3918 1465//3918 
f 1783//3919 1785//3919 1499//3919 
f 1467//3920 1825//3920 1827//3920 
f 1469//3921 1825//3921 1467//3921 
f 1499//3922 1787//3922 1497//3922 
f 1785//3923 1787//3923 1499//3923 
f 1469//3924 1823//3924 1825//3924 
f 1471//3925 1823//3925 1469//3925 
f 1787//3926 1789//3926 1497//3926 
f 1497//3927 1789//3927 1495//3927 
f 1471//3928 1821//3928 1823//3928 
f 1495//3929 1791//3929 1493//3929 
f 1789//3930 1791//3930 1495//3930 
f 1471//3931 1819//3931 1821//3931 
f 1473//3932 1819//3932 1471//3932 
f 1791//3933 1793//3933 1493//3933 
f 1473//3934 1817//3934 1819//3934 
f 1475//3935 1817//3935 1473//3935 
f 1493//3936 1795//3936 1491//3936 
f 1793//3937 1795//3937 1493//3937 
f 1475//3938 1815//3938 1817//3938 
f 1477//3939 1815//3939 1475//3939 
f 1491//3940 1797//3940 1489//3940 
f 1795//3941 1797//3941 1491//3941 
f 1477//3942 1813//3942 1815//3942 
f 1479//3943 1813//3943 1477//3943 
f 1489//3944 1799//3944 1487//3944 
f 1797//3945 1799//3945 1489//3945 
f 1479//3946 1811//3946 1813//3946 
f 1487//3947 1801//3947 1485//3947 
f 1799//3948 1801//3948 1487//3948 
f 1479//3949 1809//3949 1811//3949 
f 1481//3950 1809//3950 1479//3950 
f 1801//3951 1803//3951 1485//3951 
f 1481//3952 1807//3952 1809//3952 
f 1483//3953 1807//3953 1481//3953 
f 1485//3954 1805//3954 1483//3954 
f 1803//3955 1805//3955 1485//3955 
f 1483//3956 1805//3956 1807//3956 
f 1943//3957 1944//3957 1945//3957 
f 1945//3958 1944//3958 1946//3958 
f 1947//3959 1948//3959 1943//3959 
f 1943//3960 1948//3960 1944//3960 
f 1949//3961 1950//3961 1947//3961 
f 1947//3962 1950//3962 1948//3962 
f 1945//3963 1946//3963 1949//3963 
f 1949//3964 1946//3964 1950//3964 
f 1948//3965 1950//3965 1944//3965 
f 1944//3966 1950//3966 1946//3966 
f 1945//3967 1949//3967 1943//3967 
f 1949//3968 1947//3968 1943//3968 
f 1951//3969 581//3969 1952//3969 
f 581//3970 583//3970 1952//3970 
f 1952//3971 585//3971 1953//3971 
f 583//3972 585//3972 1952//3972 
f 1953//3973 588//3973 1954//3973 
f 585//3974 588//3974 1953//3974 
f 1954//3975 589//3975 1955//3975 
f 588//3976 589//3976 1954//3976 
f 1955//3977 592//3977 1956//3977 
f 589//3978 592//3978 1955//3978 
f 1956//3979 594//3979 1957//3979 
f 592//3980 594//3980 1956//3980 
f 1957//3981 595//3981 1958//3981 
f 594//3982 595//3982 1957//3982 
f 1958//3983 598//3983 1959//3983 
f 1959//3984 598//3984 1960//3984 
f 595//3985 598//3985 1958//3985 
f 598//3986 600//3986 1960//3986 
f 1960//3987 601//3987 1961//3987 
f 1961//3988 601//3988 1962//3988 
f 600//3989 601//3989 1960//3989 
f 601//3990 603//3990 1962//3990 
f 603//3991 605//3991 1962//3991 
f 1962//3992 605//3992 1963//3992 
f 1963//3993 605//3993 1964//3993 
f 605//3994 607//3994 1964//3994 
f 1964//3995 607//3995 1965//3995 
f 607//3996 609//3996 1965//3996 
f 1965//3997 612//3997 1966//3997 
f 1966//3998 612//3998 1967//3998 
f 609//3999 612//3999 1965//3999 
f 1967//4000 613//4000 1968//4000 
f 612//4001 613//4001 1967//4001 
f 1968//4002 615//4002 1969//4002 
f 613//4003 615//4003 1968//4003 
f 1969//4004 617//4004 1970//4004 
f 615//4005 617//4005 1969//4005 
f 1970//4006 619//4006 1971//4006 
f 617//4007 619//4007 1970//4007 
f 1971//4008 621//4008 1972//4008 
f 619//4009 621//4009 1971//4009 
f 1972//4010 623//4010 1973//4010 
f 621//4011 623//4011 1972//4011 
f 623//4012 625//4012 1973//4012 
f 1973//4013 627//4013 1974//4013 
f 1974//4014 627//4014 1975//4014 
f 625//4015 627//4015 1973//4015 
f 1975//4016 1976//4016 1977//4016 
f 627//4017 1976//4017 1975//4017 
f 1977//4018 630//4018 1978//4018 
f 1976//4019 630//4019 1977//4019 
f 1978//4020 632//4020 1979//4020 
f 630//4021 632//4021 1978//4021 
f 632//4022 635//4022 1979//4022 
f 1979//4023 635//4023 1980//4023 
f 1980//4024 636//4024 1981//4024 
f 635//4025 636//4025 1980//4025 
f 1981//4026 638//4026 1982//4026 
f 636//4027 638//4027 1981//4027 
f 1982//4028 640//4028 1983//4028 
f 638//4029 640//4029 1982//4029 
f 1983//4030 642//4030 1984//4030 
f 640//4031 642//4031 1983//4031 
f 1984//4032 644//4032 1985//4032 
f 642//4033 644//4033 1984//4033 
f 1985//4034 646//4034 1986//4034 
f 644//4035 646//4035 1985//4035 
f 1986//4036 648//4036 1987//4036 
f 646//4037 648//4037 1986//4037 
f 1987//4038 650//4038 1988//4038 
f 648//4039 650//4039 1987//4039 
f 1988//4040 652//4040 1989//4040 
f 650//4041 652//4041 1988//4041 
f 652//4042 654//4042 1989//4042 
f 1989//4043 654//4043 1990//4043 
f 654//4044 656//4044 1990//4044 
f 1990//4045 656//4045 1991//4045 
f 656//4046 658//4046 1991//4046 
f 1991//4047 658//4047 1992//4047 
f 658//4048 660//4048 1992//4048 
f 1992//4049 660//4049 1993//4049 
f 1993//4050 662//4050 1994//4050 
f 660//4051 662//4051 1993//4051 
f 662//4052 664//4052 1994//4052 
f 1994//4053 667//4053 1995//4053 
f 664//4054 667//4054 1994//4054 
f 1995//4055 668//4055 1996//4055 
f 1996//4056 668//4056 1997//4056 
f 667//4057 668//4057 1995//4057 
f 668//4058 671//4058 1997//4058 
f 1997//4059 672//4059 1998//4059 
f 671//4060 672//4060 1997//4060 
f 1998//4061 675//4061 1999//4061 
f 672//4062 675//4062 1998//4062 
f 1999//4063 677//4063 2000//4063 
f 2000//4064 677//4064 2001//4064 
f 675//4065 677//4065 1999//4065 
f 677//4066 679//4066 2001//4066 
f 2001//4067 681//4067 2002//4067 
f 2002//4068 681//4068 2003//4068 
f 679//4069 681//4069 2001//4069 
f 681//4070 683//4070 2003//4070 
f 2003//4071 685//4071 2004//4071 
f 683//4072 685//4072 2003//4072 
f 2004//4073 686//4073 2005//4073 
f 685//4074 686//4074 2004//4074 
f 2005//4075 581//4075 1951//4075 
f 686//4076 581//4076 2005//4076 
f 2006//4077 749//4077 2007//4077 
f 749//4078 750//4078 2007//4078 
f 2007//4079 753//4079 2008//4079 
f 750//4080 753//4080 2007//4080 
f 2008//4081 755//4081 2009//4081 
f 753//4082 755//4082 2008//4082 
f 2009//4083 757//4083 2010//4083 
f 755//4084 757//4084 2009//4084 
f 2010//4085 759//4085 2011//4085 
f 757//4086 759//4086 2010//4086 
f 2011//4087 761//4087 2012//4087 
f 759//4088 761//4088 2011//4088 
f 2012//4089 763//4089 2013//4089 
f 761//4090 763//4090 2012//4090 
f 2013//4091 765//4091 2014//4091 
f 763//4092 765//4092 2013//4092 
f 765//4093 767//4093 2014//4093 
f 2014//4094 767//4094 2015//4094 
f 767//4095 769//4095 2015//4095 
f 2015//4096 769//4096 2016//4096 
f 2016//4097 769//4097 2017//4097 
f 769//4098 771//4098 2017//4098 
f 2017//4099 771//4099 2018//4099 
f 2018//4100 773//4100 2019//4100 
f 771//4101 773//4101 2018//4101 
f 773//4102 775//4102 2019//4102 
f 2019//4103 775//4103 2020//4103 
f 2020//4104 776//4104 2021//4104 
f 775//4105 776//4105 2020//4105 
f 776//4106 778//4106 2021//4106 
f 2021//4107 780//4107 2022//4107 
f 2022//4108 780//4108 2023//4108 
f 778//4109 780//4109 2021//4109 
f 2023//4110 782//4110 2024//4110 
f 780//4111 782//4111 2023//4111 
f 2024//4112 785//4112 2025//4112 
f 782//4113 785//4113 2024//4113 
f 785//4114 787//4114 2025//4114 
f 2025//4115 788//4115 2026//4115 
f 2026//4116 788//4116 2027//4116 
f 787//4117 788//4117 2025//4117 
f 788//4118 791//4118 2027//4118 
f 2027//4119 792//4119 2028//4119 
f 2028//4120 792//4120 2029//4120 
f 791//4121 792//4121 2027//4121 
f 2029//4122 795//4122 2030//4122 
f 792//4123 795//4123 2029//4123 
f 795//4124 796//4124 2030//4124 
f 2030//4125 798//4125 2031//4125 
f 2031//4126 798//4126 2032//4126 
f 796//4127 798//4127 2030//4127 
f 2032//4128 800//4128 2033//4128 
f 798//4129 800//4129 2032//4129 
f 2033//4130 803//4130 2034//4130 
f 800//4131 803//4131 2033//4131 
f 803//4132 805//4132 2034//4132 
f 2034//4133 806//4133 2035//4133 
f 2035//4134 806//4134 2036//4134 
f 805//4135 806//4135 2034//4135 
f 806//4136 688//4136 2036//4136 
f 2036//4137 688//4137 2037//4137 
f 2037//4138 690//4138 2038//4138 
f 688//4139 690//4139 2037//4139 
f 2038//4140 692//4140 2039//4140 
f 690//4141 692//4141 2038//4141 
f 2039//4142 694//4142 2040//4142 
f 692//4143 694//4143 2039//4143 
f 2040//4144 696//4144 2041//4144 
f 694//4145 696//4145 2040//4145 
f 2041//4146 698//4146 2042//4146 
f 696//4147 698//4147 2041//4147 
f 2042//4148 700//4148 2043//4148 
f 698//4149 700//4149 2042//4149 
f 2043//4150 702//4150 2044//4150 
f 700//4151 702//4151 2043//4151 
f 2044//4152 704//4152 2045//4152 
f 702//4153 704//4153 2044//4153 
f 704//4154 706//4154 2045//4154 
f 2045//4155 706//4155 2046//4155 
f 706//4156 708//4156 2046//4156 
f 2046//4157 708//4157 2047//4157 
f 708//4158 710//4158 2047//4158 
f 2047//4159 710//4159 2048//4159 
f 2048//4160 712//4160 2049//4160 
f 710//4161 712//4161 2048//4161 
f 2049//4162 714//4162 2050//4162 
f 712//4163 714//4163 2049//4163 
f 2050//4164 716//4164 2051//4164 
f 714//4165 716//4165 2050//4165 
f 716//4166 718//4166 2051//4166 
f 2051//4167 721//4167 2052//4167 
f 718//4168 721//4168 2051//4168 
f 2052//4169 722//4169 2053//4169 
f 2053//4170 722//4170 2054//4170 
f 721//4171 722//4171 2052//4171 
f 2054//4172 725//4172 2055//4172 
f 722//4173 725//4173 2054//4173 
f 725//4174 726//4174 2055//4174 
f 2055//4175 728//4175 2056//4175 
f 726//4176 728//4176 2055//4176 
f 2056//4177 731//4177 2057//4177 
f 2057//4178 731//4178 2058//4178 
f 728//4179 731//4179 2056//4179 
f 731//4180 733//4180 2058//4180 
f 2058//4181 735//4181 2059//4181 
f 2059//4182 735//4182 2060//4182 
f 733//4183 735//4183 2058//4183 
f 735//4184 737//4184 2060//4184 
f 2060//4185 739//4185 2061//4185 
f 737//4186 739//4186 2060//4186 
f 2061//4187 741//4187 2062//4187 
f 739//4188 741//4188 2061//4188 
f 2062//4189 743//4189 2063//4189 
f 741//4190 743//4190 2062//4190 
f 2063//4191 745//4191 2064//4191 
f 743//4192 745//4192 2063//4192 
f 2064//4193 747//4193 2065//4193 
f 2065//4194 747//4194 2006//4194 
f 745//4195 747//4195 2064//4195 
f 747//4196 749//4196 2006//4196 
f 2066//4197 2067//4197 2068//4197 
f 2069//4198 2068//4198 2070//4198 
f 2069//4199 2066//4199 2068//4199 
f 2071//4200 2069//4200 2070//4200 
f 2072//4201 2070//4201 2073//4201 
f 2072//4202 2071//4202 2070//4202 
f 2074//4203 2073//4203 2075//4203 
f 2074//4204 2072//4204 2073//4204 
f 2076//4205 2075//4205 2077//4205 
f 2076//4206 2074//4206 2075//4206 
f 2078//4207 2077//4207 2079//4207 
f 2078//4208 2076//4208 2077//4208 
f 2080//4209 2079//4209 2081//4209 
f 2080//4210 2078//4210 2079//4210 
f 2082//4211 2081//4211 2083//4211 
f 2082//4212 2080//4212 2081//4212 
f 2084//4213 2083//4213 2085//4213 
f 2084//4214 2082//4214 2083//4214 
f 2086//4215 2084//4215 2085//4215 
f 2086//4216 2085//4216 2087//4216 
f 2088//4217 2086//4217 2087//4217 
f 2088//4218 2087//4218 2089//4218 
f 2090//4219 2088//4219 2089//4219 
f 2090//4220 2089//4220 2091//4220 
f 2092//4221 2091//4221 2093//4221 
f 2092//4222 2090//4222 2091//4222 
f 2094//4223 2092//4223 2093//4223 
f 2094//4224 2093//4224 2095//4224 
f 2096//4225 2095//4225 2097//4225 
f 2096//4226 2094//4226 2095//4226 
f 2098//4227 2097//4227 2099//4227 
f 2098//4228 2096//4228 2097//4228 
f 2100//4229 2099//4229 2101//4229 
f 2100//4230 2098//4230 2099//4230 
f 2102//4231 2101//4231 2103//4231 
f 2102//4232 2100//4232 2101//4232 
f 2104//4233 2103//4233 2105//4233 
f 2104//4234 2102//4234 2103//4234 
f 2106//4235 2105//4235 2107//4235 
f 2106//4236 2104//4236 2105//4236 
f 2108//4237 2107//4237 2109//4237 
f 2108//4238 2106//4238 2107//4238 
f 2110//4239 2109//4239 2111//4239 
f 2110//4240 2108//4240 2109//4240 
f 2112//4241 2111//4241 2113//4241 
f 2112//4242 2110//4242 2111//4242 
f 2114//4243 2113//4243 2115//4243 
f 2114//4244 2112//4244 2113//4244 
f 2116//4245 2115//4245 2117//4245 
f 2116//4246 2114//4246 2115//4246 
f 2118//4247 2117//4247 2119//4247 
f 2118//4248 2116//4248 2117//4248 
f 2120//4249 2119//4249 2121//4249 
f 2120//4250 2118//4250 2119//4250 
f 2122//4251 2121//4251 2123//4251 
f 2122//4252 2120//4252 2121//4252 
f 2124//4253 2123//4253 2125//4253 
f 2124//4254 2122//4254 2123//4254 
f 2126//4255 2125//4255 2127//4255 
f 2126//4256 2124//4256 2125//4256 
f 2128//4257 2127//4257 2129//4257 
f 2128//4258 2126//4258 2127//4258 
f 2130//4259 2128//4259 808//4259 
f 2128//4260 2129//4260 808//4260 
f 2130//4261 808//4261 2131//4261 
f 2131//4262 808//4262 810//4262 
f 2131//4263 810//4263 813//4263 
f 2132//4264 813//4264 815//4264 
f 2132//4265 2131//4265 813//4265 
f 2133//4266 815//4266 817//4266 
f 2133//4267 2132//4267 815//4267 
f 2134//4268 817//4268 819//4268 
f 2134//4269 2133//4269 817//4269 
f 2135//4270 819//4270 821//4270 
f 2135//4271 2134//4271 819//4271 
f 2136//4272 821//4272 823//4272 
f 2136//4273 2135//4273 821//4273 
f 2137//4274 823//4274 825//4274 
f 2137//4275 2136//4275 823//4275 
f 2138//4276 825//4276 827//4276 
f 2138//4277 2137//4277 825//4277 
f 2139//4278 827//4278 829//4278 
f 2139//4279 2138//4279 827//4279 
f 2140//4280 829//4280 831//4280 
f 2140//4281 2139//4281 829//4281 
f 2141//4282 831//4282 833//4282 
f 2141//4283 2140//4283 831//4283 
f 2142//4284 833//4284 835//4284 
f 2142//4285 2141//4285 833//4285 
f 2143//4286 835//4286 837//4286 
f 2143//4287 2142//4287 835//4287 
f 2144//4288 837//4288 839//4288 
f 2144//4289 2143//4289 837//4289 
f 2145//4290 2144//4290 839//4290 
f 2145//4291 839//4291 840//4291 
f 2146//4292 840//4292 843//4292 
f 2146//4293 2145//4293 840//4293 
f 2147//4294 843//4294 2148//4294 
f 2147//4295 2146//4295 843//4295 
f 2149//4296 2148//4296 846//4296 
f 2149//4297 2147//4297 2148//4297 
f 2150//4298 846//4298 847//4298 
f 2150//4299 2149//4299 846//4299 
f 2151//4300 847//4300 850//4300 
f 2151//4301 2150//4301 847//4301 
f 2152//4302 850//4302 851//4302 
f 2152//4303 2151//4303 850//4303 
f 2153//4304 2152//4304 851//4304 
f 2154//4305 2153//4305 949//4305 
f 2153//4306 851//4306 949//4306 
f 2154//4307 949//4307 2066//4307 
f 2066//4308 949//4308 2067//4308 
f 949//4309 765//4309 2067//4309 
f 2067//4310 765//4310 763//4310 
f 763//4311 761//4311 2067//4311 
f 949//4312 767//4312 765//4312 
f 761//4313 759//4313 2067//4313 
f 949//4314 769//4314 767//4314 
f 759//4315 757//4315 2067//4315 
f 949//4316 771//4316 769//4316 
f 757//4317 755//4317 2067//4317 
f 949//4318 773//4318 771//4318 
f 755//4319 753//4319 2067//4319 
f 949//4320 775//4320 773//4320 
f 753//4321 750//4321 2067//4321 
f 949//4322 776//4322 775//4322 
f 750//4323 749//4323 2067//4323 
f 2067//4324 749//4324 2068//4324 
f 949//4325 778//4325 776//4325 
f 749//4326 747//4326 2068//4326 
f 2068//4327 747//4327 2070//4327 
f 949//4328 780//4328 778//4328 
f 747//4329 745//4329 2070//4329 
f 2073//4330 745//4330 2075//4330 
f 2070//4331 745//4331 2073//4331 
f 949//4332 782//4332 780//4332 
f 2077//4333 743//4333 2079//4333 
f 2075//4334 743//4334 2077//4334 
f 745//4335 743//4335 2075//4335 
f 949//4336 785//4336 782//4336 
f 743//4337 741//4337 2079//4337 
f 2079//4338 741//4338 2081//4338 
f 741//4339 739//4339 2081//4339 
f 2083//4340 739//4340 2085//4340 
f 2081//4341 739//4341 2083//4341 
f 2087//4342 737//4342 2089//4342 
f 2085//4343 737//4343 2087//4343 
f 739//4344 737//4344 2085//4344 
f 2089//4345 735//4345 2091//4345 
f 737//4346 735//4346 2089//4346 
f 735//4347 733//4347 2091//4347 
f 733//4348 2093//4348 2091//4348 
f 733//4349 2095//4349 2093//4349 
f 731//4350 2095//4350 733//4350 
f 731//4351 2097//4351 2095//4351 
f 731//4352 2099//4352 2097//4352 
f 728//4353 2099//4353 731//4353 
f 728//4354 2101//4354 2099//4354 
f 726//4355 2101//4355 728//4355 
f 726//4356 2103//4356 2101//4356 
f 726//4357 2105//4357 2103//4357 
f 725//4358 2105//4358 726//4358 
f 725//4359 2107//4359 2105//4359 
f 725//4360 2109//4360 2107//4360 
f 722//4361 2109//4361 725//4361 
f 595//4362 594//4362 851//4362 
f 851//4363 598//4363 595//4363 
f 594//4364 592//4364 851//4364 
f 851//4365 592//4365 949//4365 
f 851//4366 600//4366 598//4366 
f 722//4367 2111//4367 2109//4367 
f 721//4368 2111//4368 722//4368 
f 592//4369 589//4369 949//4369 
f 851//4370 601//4370 600//4370 
f 589//4371 588//4371 949//4371 
f 851//4372 603//4372 601//4372 
f 949//4373 585//4373 785//4373 
f 785//4374 585//4374 787//4374 
f 588//4375 585//4375 949//4375 
f 851//4376 605//4376 603//4376 
f 787//4377 583//4377 788//4377 
f 585//4378 583//4378 787//4378 
f 721//4379 2113//4379 2111//4379 
f 851//4380 607//4380 605//4380 
f 788//4381 581//4381 791//4381 
f 583//4382 581//4382 788//4382 
f 850//4383 609//4383 851//4383 
f 847//4384 609//4384 850//4384 
f 851//4385 609//4385 607//4385 
f 791//4386 686//4386 792//4386 
f 581//4387 686//4387 791//4387 
f 718//4388 2115//4388 721//4388 
f 721//4389 2115//4389 2113//4389 
f 846//4390 612//4390 847//4390 
f 847//4391 612//4391 609//4391 
f 792//4392 685//4392 795//4392 
f 686//4393 685//4393 792//4393 
f 2148//4394 613//4394 846//4394 
f 843//4395 613//4395 2148//4395 
f 846//4396 613//4396 612//4396 
f 718//4397 2117//4397 2115//4397 
f 795//4398 683//4398 796//4398 
f 685//4399 683//4399 795//4399 
f 840//4400 615//4400 843//4400 
f 843//4401 615//4401 613//4401 
f 796//4402 681//4402 798//4402 
f 683//4403 681//4403 796//4403 
f 716//4404 2119//4404 718//4404 
f 718//4405 2119//4405 2117//4405 
f 839//4406 617//4406 840//4406 
f 837//4407 617//4407 839//4407 
f 840//4408 617//4408 615//4408 
f 800//4409 679//4409 803//4409 
f 798//4410 679//4410 800//4410 
f 681//4411 679//4411 798//4411 
f 714//4412 2121//4412 716//4412 
f 716//4413 2121//4413 2119//4413 
f 837//4414 619//4414 617//4414 
f 835//4415 619//4415 837//4415 
f 835//4416 833//4416 619//4416 
f 679//4417 677//4417 803//4417 
f 803//4418 677//4418 805//4418 
f 714//4419 2123//4419 2121//4419 
f 833//4420 621//4420 619//4420 
f 677//4421 675//4421 805//4421 
f 805//4422 675//4422 806//4422 
f 833//4423 831//4423 621//4423 
f 712//4424 2125//4424 714//4424 
f 714//4425 2125//4425 2123//4425 
f 831//4426 623//4426 621//4426 
f 675//4427 672//4427 806//4427 
f 806//4428 672//4428 688//4428 
f 712//4429 2127//4429 2125//4429 
f 831//4430 829//4430 623//4430 
f 688//4431 671//4431 690//4431 
f 672//4432 671//4432 688//4432 
f 710//4433 2129//4433 712//4433 
f 708//4434 2129//4434 710//4434 
f 706//4435 2129//4435 708//4435 
f 704//4436 2129//4436 706//4436 
f 702//4437 2129//4437 704//4437 
f 700//4438 2129//4438 702//4438 
f 698//4439 2129//4439 700//4439 
f 696//4440 2129//4440 698//4440 
f 694//4441 2129//4441 696//4441 
f 692//4442 2129//4442 694//4442 
f 712//4443 2129//4443 2127//4443 
f 671//4444 668//4444 690//4444 
f 623//4445 827//4445 625//4445 
f 829//4446 827//4446 623//4446 
f 625//4447 825//4447 627//4447 
f 827//4448 825//4448 625//4448 
f 825//4449 823//4449 627//4449 
f 627//4450 821//4450 1976//4450 
f 823//4451 821//4451 627//4451 
f 1976//4452 819//4452 630//4452 
f 821//4453 819//4453 1976//4453 
f 819//4454 817//4454 630//4454 
f 630//4455 815//4455 632//4455 
f 817//4456 815//4456 630//4456 
f 815//4457 813//4457 632//4457 
f 632//4458 810//4458 635//4458 
f 644//4459 810//4459 646//4459 
f 642//4460 810//4460 644//4460 
f 640//4461 810//4461 642//4461 
f 638//4462 810//4462 640//4462 
f 636//4463 810//4463 638//4463 
f 635//4464 810//4464 636//4464 
f 813//4465 810//4465 632//4465 
f 690//4466 808//4466 692//4466 
f 668//4467 808//4467 690//4467 
f 667//4468 808//4468 668//4468 
f 664//4469 808//4469 667//4469 
f 662//4470 808//4470 664//4470 
f 660//4471 808//4471 662//4471 
f 658//4472 808//4472 660//4472 
f 656//4473 808//4473 658//4473 
f 654//4474 808//4474 656//4474 
f 652//4475 808//4475 654//4475 
f 650//4476 808//4476 652//4476 
f 648//4477 808//4477 650//4477 
f 646//4478 808//4478 648//4478 
f 692//4479 808//4479 2129//4479 
f 810//4480 808//4480 646//4480 
f 2092//4481 2058//4481 2090//4481 
f 2094//4482 2058//4482 2092//4482 
f 2058//4483 2059//4483 2090//4483 
f 2090//4484 2059//4484 2088//4484 
f 2096//4485 2057//4485 2094//4485 
f 2098//4486 2057//4486 2096//4486 
f 2094//4487 2057//4487 2058//4487 
f 2086//4488 2060//4488 2084//4488 
f 2088//4489 2060//4489 2086//4489 
f 2059//4490 2060//4490 2088//4490 
f 2100//4491 2056//4491 2098//4491 
f 2098//4492 2056//4492 2057//4492 
f 2082//4493 2061//4493 2080//4493 
f 2084//4494 2061//4494 2082//4494 
f 2060//4495 2061//4495 2084//4495 
f 2100//4496 2055//4496 2056//4496 
f 2102//4497 2055//4497 2100//4497 
f 2104//4498 2055//4498 2102//4498 
f 2080//4499 2062//4499 2078//4499 
f 2061//4500 2062//4500 2080//4500 
f 2106//4501 2054//4501 2104//4501 
f 2108//4502 2054//4502 2106//4502 
f 2104//4503 2054//4503 2055//4503 
f 2062//4504 2063//4504 2078//4504 
f 2076//4505 2063//4505 2074//4505 
f 2078//4506 2063//4506 2076//4506 
f 2108//4507 2053//4507 2054//4507 
f 2110//4508 2053//4508 2108//4508 
f 2063//4509 2064//4509 2074//4509 
f 2072//4510 2064//4510 2071//4510 
f 2074//4511 2064//4511 2072//4511 
f 2112//4512 2052//4512 2110//4512 
f 2114//4513 2052//4513 2112//4513 
f 2110//4514 2052//4514 2053//4514 
f 2064//4515 2065//4515 2071//4515 
f 2071//4516 2065//4516 2069//4516 
f 2114//4517 2051//4517 2052//4517 
f 2116//4518 2051//4518 2114//4518 
f 2118//4519 2051//4519 2116//4519 
f 2069//4520 2006//4520 2066//4520 
f 2065//4521 2006//4521 2069//4521 
f 2120//4522 2050//4522 2118//4522 
f 2118//4523 2050//4523 2051//4523 
f 2006//4524 2007//4524 2066//4524 
f 2122//4525 2049//4525 2120//4525 
f 2124//4526 2049//4526 2122//4526 
f 2120//4527 2049//4527 2050//4527 
f 2007//4528 2008//4528 2066//4528 
f 2126//4529 2048//4529 2124//4529 
f 2128//4530 2048//4530 2126//4530 
f 2124//4531 2048//4531 2049//4531 
f 2008//4532 2009//4532 2066//4532 
f 2128//4533 2047//4533 2048//4533 
f 2009//4534 2010//4534 2066//4534 
f 2128//4535 2046//4535 2047//4535 
f 2010//4536 2011//4536 2066//4536 
f 2128//4537 2045//4537 2046//4537 
f 2011//4538 2012//4538 2066//4538 
f 2128//4539 2044//4539 2045//4539 
f 2012//4540 2013//4540 2066//4540 
f 2128//4541 2043//4541 2044//4541 
f 2013//4542 2014//4542 2066//4542 
f 2128//4543 2042//4543 2043//4543 
f 2128//4544 2041//4544 2042//4544 
f 2128//4545 2040//4545 2041//4545 
f 2128//4546 2039//4546 2040//4546 
f 2128//4547 2038//4547 2039//4547 
f 2021//4548 2154//4548 2020//4548 
f 2022//4549 2154//4549 2021//4549 
f 2023//4550 2154//4550 2022//4550 
f 2024//4551 2154//4551 2023//4551 
f 2014//4552 2154//4552 2066//4552 
f 2015//4553 2154//4553 2014//4553 
f 2016//4554 2154//4554 2015//4554 
f 2017//4555 2154//4555 2016//4555 
f 2018//4556 2154//4556 2017//4556 
f 2019//4557 2154//4557 2018//4557 
f 2020//4558 2154//4558 2019//4558 
f 2128//4559 2130//4559 2038//4559 
f 2038//4560 2130//4560 2037//4560 
f 2035//4561 1999//4561 2034//4561 
f 2034//4562 2000//4562 2033//4562 
f 1999//4563 2000//4563 2034//4563 
f 2036//4564 1998//4564 2035//4564 
f 2035//4565 1998//4565 1999//4565 
f 2032//4566 2001//4566 2031//4566 
f 2033//4567 2001//4567 2032//4567 
f 2000//4568 2001//4568 2033//4568 
f 2037//4569 1997//4569 2036//4569 
f 2036//4570 1997//4570 1998//4570 
f 2031//4571 2002//4571 2030//4571 
f 2001//4572 2002//4572 2031//4572 
f 2130//4573 1996//4573 2037//4573 
f 2037//4574 1996//4574 1997//4574 
f 2030//4575 2003//4575 2029//4575 
f 2002//4576 2003//4576 2030//4576 
f 2130//4577 1995//4577 1996//4577 
f 2029//4578 2004//4578 2028//4578 
f 2003//4579 2004//4579 2029//4579 
f 2130//4580 1994//4580 1995//4580 
f 2028//4581 2005//4581 2027//4581 
f 2004//4582 2005//4582 2028//4582 
f 2130//4583 1993//4583 1994//4583 
f 2027//4584 1951//4584 2026//4584 
f 2005//4585 1951//4585 2027//4585 
f 2130//4586 1992//4586 1993//4586 
f 2026//4587 1952//4587 2025//4587 
f 1951//4588 1952//4588 2026//4588 
f 2130//4589 1991//4589 1992//4589 
f 2025//4590 1953//4590 2024//4590 
f 2024//4591 1953//4591 2154//4591 
f 1952//4592 1953//4592 2025//4592 
f 2130//4593 1990//4593 1991//4593 
f 1953//4594 1954//4594 2154//4594 
f 2130//4595 1989//4595 1990//4595 
f 1954//4596 1955//4596 2154//4596 
f 2130//4597 1988//4597 1989//4597 
f 1955//4598 1956//4598 2154//4598 
f 2130//4599 1987//4599 1988//4599 
f 2130//4600 1986//4600 1987//4600 
f 2130//4601 1985//4601 1986//4601 
f 1956//4602 2153//4602 2154//4602 
f 1957//4603 2153//4603 1956//4603 
f 1958//4604 2153//4604 1957//4604 
f 1959//4605 2153//4605 1958//4605 
f 1960//4606 2153//4606 1959//4606 
f 1961//4607 2153//4607 1960//4607 
f 1962//4608 2153//4608 1961//4608 
f 1963//4609 2153//4609 1962//4609 
f 1964//4610 2153//4610 1963//4610 
f 1965//4611 2153//4611 1964//4611 
f 2130//4612 2131//4612 1985//4612 
f 1980//4613 2131//4613 1979//4613 
f 1981//4614 2131//4614 1980//4614 
f 1982//4615 2131//4615 1981//4615 
f 1983//4616 2131//4616 1982//4616 
f 1984//4617 2131//4617 1983//4617 
f 1985//4618 2131//4618 1984//4618 
f 1979//4619 2131//4619 1978//4619 
f 1965//4620 2152//4620 2153//4620 
f 2131//4621 2132//4621 1978//4621 
f 1965//4622 2151//4622 2152//4622 
f 1966//4623 2151//4623 1965//4623 
f 1978//4624 2133//4624 1977//4624 
f 2132//4625 2133//4625 1978//4625 
f 1966//4626 2150//4626 2151//4626 
f 1967//4627 2150//4627 1966//4627 
f 2133//4628 2134//4628 1977//4628 
f 1967//4629 2149//4629 2150//4629 
f 1977//4630 2135//4630 1975//4630 
f 2134//4631 2135//4631 1977//4631 
f 1968//4632 2147//4632 1967//4632 
f 1967//4633 2147//4633 2149//4633 
f 2135//4634 2136//4634 1975//4634 
f 1975//4635 2136//4635 1974//4635 
f 1969//4636 2146//4636 1968//4636 
f 1968//4637 2146//4637 2147//4637 
f 2136//4638 2137//4638 1974//4638 
f 1969//4639 2145//4639 2146//4639 
f 1974//4640 2138//4640 1973//4640 
f 2137//4641 2138//4641 1974//4641 
f 1970//4642 2144//4642 1969//4642 
f 1969//4643 2144//4643 2145//4643 
f 1973//4644 2139//4644 1972//4644 
f 2138//4645 2139//4645 1973//4645 
f 1970//4646 2143//4646 2144//4646 
f 2139//4647 2140//4647 1972//4647 
f 1970//4648 2142//4648 2143//4648 
f 1971//4649 2142//4649 1970//4649 
f 2140//4650 2141//4650 1972//4650 
f 1971//4651 2141//4651 2142//4651 
f 1972//4652 2141//4652 1971//4652 
f 2155//4653 2156//4653 2157//4653 
f 2156//4654 2158//4654 2157//4654 
f 2157//4655 2159//4655 2160//4655 
f 2160//4656 2159//4656 2161//4656 
f 2158//4657 2159//4657 2157//4657 
f 2159//4658 2162//4658 2161//4658 
f 2161//4659 2163//4659 2164//4659 
f 2162//4660 2163//4660 2161//4660 
f 2164//4661 2165//4661 2166//4661 
f 2163//4662 2165//4662 2164//4662 
f 2166//4663 2167//4663 2168//4663 
f 2165//4664 2167//4664 2166//4664 
f 2168//4665 2169//4665 2170//4665 
f 2167//4666 2169//4666 2168//4666 
f 2170//4667 2171//4667 2172//4667 
f 2169//4668 2171//4668 2170//4668 
f 2172//4669 2173//4669 2174//4669 
f 2174//4670 2173//4670 2175//4670 
f 2171//4671 2173//4671 2172//4671 
f 2173//4672 2176//4672 2175//4672 
f 2175//4673 2177//4673 2178//4673 
f 2178//4674 2177//4674 2179//4674 
f 2176//4675 2177//4675 2175//4675 
f 2177//4676 2180//4676 2179//4676 
f 2179//4677 2180//4677 2181//4677 
f 2180//4678 2182//4678 2181//4678 
f 2181//4679 2182//4679 2183//4679 
f 2183//4680 2184//4680 2185//4680 
f 2182//4681 2184//4681 2183//4681 
f 2184//4682 2186//4682 2185//4682 
f 2185//4683 2187//4683 2188//4683 
f 2188//4684 2187//4684 2189//4684 
f 2186//4685 2187//4685 2185//4685 
f 2189//4686 2190//4686 2191//4686 
f 2187//4687 2190//4687 2189//4687 
f 2190//4688 2192//4688 2191//4688 
f 2191//4689 2193//4689 2194//4689 
f 2194//4690 2193//4690 2195//4690 
f 2192//4691 2193//4691 2191//4691 
f 2193//4692 2196//4692 2195//4692 
f 2195//4693 2197//4693 2198//4693 
f 2198//4694 2197//4694 2199//4694 
f 2196//4695 2197//4695 2195//4695 
f 2199//4696 2200//4696 2201//4696 
f 2197//4697 2200//4697 2199//4697 
f 2200//4698 2202//4698 2201//4698 
f 2201//4699 2203//4699 2204//4699 
f 2204//4700 2203//4700 2205//4700 
f 2202//4701 2203//4701 2201//4701 
f 2205//4702 2206//4702 2207//4702 
f 2203//4703 2206//4703 2205//4703 
f 2207//4704 2208//4704 2209//4704 
f 2206//4705 2208//4705 2207//4705 
f 2208//4706 2210//4706 2209//4706 
f 2209//4707 2210//4707 2211//4707 
f 2211//4708 2212//4708 2213//4708 
f 2210//4709 2212//4709 2211//4709 
f 2213//4710 2214//4710 2215//4710 
f 2212//4711 2214//4711 2213//4711 
f 2215//4712 2216//4712 2217//4712 
f 2214//4713 2216//4713 2215//4713 
f 2217//4714 2218//4714 2219//4714 
f 2216//4715 2218//4715 2217//4715 
f 2219//4716 2220//4716 2221//4716 
f 2218//4717 2220//4717 2219//4717 
f 2221//4718 2222//4718 2223//4718 
f 2220//4719 2222//4719 2221//4719 
f 2223//4720 2224//4720 2225//4720 
f 2222//4721 2224//4721 2223//4721 
f 2225//4722 2226//4722 2227//4722 
f 2224//4723 2226//4723 2225//4723 
f 2227//4724 2228//4724 2229//4724 
f 2226//4725 2228//4725 2227//4725 
f 2228//4726 2230//4726 2229//4726 
f 2229//4727 2230//4727 2231//4727 
f 2230//4728 2232//4728 2231//4728 
f 2231//4729 2232//4729 2233//4729 
f 2232//4730 2234//4730 2233//4730 
f 2233//4731 2234//4731 2235//4731 
f 2234//4732 2236//4732 2235//4732 
f 2235//4733 2236//4733 2237//4733 
f 2236//4734 2238//4734 2237//4734 
f 2237//4735 2239//4735 2240//4735 
f 2240//4736 2239//4736 2241//4736 
f 2238//4737 2239//4737 2237//4737 
f 2241//4738 2242//4738 2243//4738 
f 2239//4739 2242//4739 2241//4739 
f 2242//4740 2244//4740 2243//4740 
f 2243//4741 2245//4741 2246//4741 
f 2246//4742 2245//4742 2247//4742 
f 2244//4743 2245//4743 2243//4743 
f 2245//4744 2248//4744 2247//4744 
f 2247//4745 2249//4745 2250//4745 
f 2248//4746 2249//4746 2247//4746 
f 2250//4747 2251//4747 2252//4747 
f 2249//4748 2251//4748 2250//4748 
f 2252//4749 2253//4749 2254//4749 
f 2251//4750 2253//4750 2252//4750 
f 2254//4751 2255//4751 2256//4751 
f 2253//4752 2255//4752 2254//4752 
f 2256//4753 2257//4753 2258//4753 
f 2258//4754 2257//4754 2259//4754 
f 2255//4755 2257//4755 2256//4755 
f 2257//4756 2260//4756 2259//4756 
f 2259//4757 2261//4757 2262//4757 
f 2262//4758 2261//4758 2155//4758 
f 2260//4759 2261//4759 2259//4759 
f 2261//4760 2156//4760 2155//4760 
f 2263//4761 2264//4761 2265//4761 
f 2265//4762 2264//4762 2266//4762 
f 2265//4763 2266//4763 2267//4763 
f 2267//4764 2266//4764 2268//4764 
f 2267//4765 2268//4765 2269//4765 
f 2269//4766 2268//4766 2270//4766 
f 2269//4767 2271//4767 2272//4767 
f 2269//4768 2270//4768 2271//4768 
f 2273//4769 2274//4769 2275//4769 
f 2273//4770 2275//4770 2276//4770 
f 2277//4771 2276//4771 2278//4771 
f 2277//4772 2273//4772 2276//4772 
f 2279//4773 2278//4773 2280//4773 
f 2279//4774 2277//4774 2278//4774 
f 2281//4775 2280//4775 2282//4775 
f 2281//4776 2279//4776 2280//4776 
f 2283//4777 2282//4777 2284//4777 
f 2283//4778 2281//4778 2282//4778 
f 2285//4779 2283//4779 2284//4779 
f 2285//4780 2284//4780 2286//4780 
f 2287//4781 2285//4781 2286//4781 
f 2287//4782 2286//4782 2288//4782 
f 2289//4783 2287//4783 2288//4783 
f 2289//4784 2288//4784 2290//4784 
f 2291//4785 2289//4785 2290//4785 
f 2291//4786 2290//4786 2292//4786 
f 2293//4787 2291//4787 2292//4787 
f 2293//4788 2292//4788 2294//4788 
f 2295//4789 2293//4789 2294//4789 
f 2295//4790 2296//4790 2297//4790 
f 2295//4791 2294//4791 2296//4791 
f 2298//4792 2295//4792 2297//4792 
f 2299//4793 2298//4793 2297//4793 
f 2299//4794 2300//4794 2301//4794 
f 2299//4795 2297//4795 2300//4795 
f 2302//4796 2301//4796 2303//4796 
f 2302//4797 2299//4797 2301//4797 
f 2304//4798 2303//4798 2305//4798 
f 2304//4799 2302//4799 2303//4799 
f 2306//4800 2305//4800 2307//4800 
f 2306//4801 2304//4801 2305//4801 
f 2308//4802 2307//4802 2309//4802 
f 2308//4803 2306//4803 2307//4803 
f 2310//4804 2309//4804 2311//4804 
f 2310//4805 2308//4805 2309//4805 
f 2312//4806 2311//4806 2313//4806 
f 2312//4807 2310//4807 2311//4807 
f 2314//4808 2313//4808 2315//4808 
f 2314//4809 2312//4809 2313//4809 
f 2316//4810 2315//4810 2317//4810 
f 2316//4811 2314//4811 2315//4811 
f 2318//4812 2317//4812 2319//4812 
f 2318//4813 2316//4813 2317//4813 
f 2320//4814 2319//4814 2321//4814 
f 2320//4815 2318//4815 2319//4815 
f 2322//4816 2321//4816 2323//4816 
f 2322//4817 2320//4817 2321//4817 
f 2324//4818 2323//4818 2325//4818 
f 2324//4819 2322//4819 2323//4819 
f 2326//4820 2325//4820 2327//4820 
f 2326//4821 2324//4821 2325//4821 
f 2328//4822 2327//4822 2329//4822 
f 2328//4823 2326//4823 2327//4823 
f 2330//4824 2329//4824 2331//4824 
f 2330//4825 2328//4825 2329//4825 
f 2332//4826 2331//4826 2333//4826 
f 2332//4827 2330//4827 2331//4827 
f 2334//4828 2333//4828 2335//4828 
f 2334//4829 2332//4829 2333//4829 
f 2336//4830 2335//4830 2337//4830 
f 2336//4831 2334//4831 2335//4831 
f 2338//4832 2336//4832 2337//4832 
f 2338//4833 2337//4833 2339//4833 
f 2340//4834 2339//4834 2341//4834 
f 2340//4835 2338//4835 2339//4835 
f 2342//4836 2341//4836 2343//4836 
f 2342//4837 2340//4837 2341//4837 
f 2344//4838 2343//4838 2345//4838 
f 2344//4839 2342//4839 2343//4839 
f 2346//4840 2344//4840 2345//4840 
f 2347//4841 2346//4841 2348//4841 
f 2346//4842 2345//4842 2348//4842 
f 2347//4843 2264//4843 2263//4843 
f 2347//4844 2348//4844 2264//4844 
f 2274//4845 2272//4845 2275//4845 
f 2272//4846 2271//4846 2275//4846 
f 2293//4847 2191//4847 2291//4847 
f 2295//4848 2191//4848 2293//4848 
f 2291//4849 2194//4849 2289//4849 
f 2191//4850 2194//4850 2291//4850 
f 2298//4851 2189//4851 2295//4851 
f 2299//4852 2189//4852 2298//4852 
f 2295//4853 2189//4853 2191//4853 
f 2287//4854 2195//4854 2285//4854 
f 2289//4855 2195//4855 2287//4855 
f 2194//4856 2195//4856 2289//4856 
f 2299//4857 2188//4857 2189//4857 
f 2302//4858 2188//4858 2299//4858 
f 2283//4859 2198//4859 2281//4859 
f 2285//4860 2198//4860 2283//4860 
f 2195//4861 2198//4861 2285//4861 
f 2304//4862 2185//4862 2302//4862 
f 2306//4863 2185//4863 2304//4863 
f 2302//4864 2185//4864 2188//4864 
f 2281//4865 2199//4865 2279//4865 
f 2198//4866 2199//4866 2281//4866 
f 2308//4867 2183//4867 2306//4867 
f 2310//4868 2183//4868 2308//4868 
f 2306//4869 2183//4869 2185//4869 
f 2277//4870 2201//4870 2273//4870 
f 2279//4871 2201//4871 2277//4871 
f 2199//4872 2201//4872 2279//4872 
f 2312//4873 2181//4873 2310//4873 
f 2314//4874 2181//4874 2312//4874 
f 2310//4875 2181//4875 2183//4875 
f 2273//4876 2204//4876 2274//4876 
f 2201//4877 2204//4877 2273//4877 
f 2314//4878 2179//4878 2181//4878 
f 2316//4879 2179//4879 2314//4879 
f 2318//4880 2179//4880 2316//4880 
f 2204//4881 2205//4881 2274//4881 
f 2318//4882 2178//4882 2179//4882 
f 2320//4883 2178//4883 2318//4883 
f 2205//4884 2207//4884 2274//4884 
f 2322//4885 2175//4885 2320//4885 
f 2324//4886 2175//4886 2322//4886 
f 2320//4887 2175//4887 2178//4887 
f 2207//4888 2209//4888 2274//4888 
f 2324//4889 2174//4889 2175//4889 
f 2326//4890 2174//4890 2324//4890 
f 2328//4891 2174//4891 2326//4891 
f 2209//4892 2211//4892 2274//4892 
f 2330//4893 2172//4893 2328//4893 
f 2328//4894 2172//4894 2174//4894 
f 2211//4895 2213//4895 2274//4895 
f 2332//4896 2170//4896 2330//4896 
f 2334//4897 2170//4897 2332//4897 
f 2330//4898 2170//4898 2172//4898 
f 2213//4899 2215//4899 2274//4899 
f 2334//4900 2168//4900 2170//4900 
f 2336//4901 2168//4901 2334//4901 
f 2336//4902 2338//4902 2168//4902 
f 2215//4903 2217//4903 2274//4903 
f 2338//4904 2166//4904 2168//4904 
f 2338//4905 2340//4905 2166//4905 
f 2217//4906 2219//4906 2274//4906 
f 2340//4907 2164//4907 2166//4907 
f 2340//4908 2342//4908 2164//4908 
f 2342//4909 2344//4909 2164//4909 
f 2164//4910 2344//4910 2161//4910 
f 2344//4911 2346//4911 2161//4911 
f 2157//4912 2346//4912 2155//4912 
f 2160//4913 2346//4913 2157//4913 
f 2161//4914 2346//4914 2160//4914 
f 2346//4915 2262//4915 2155//4915 
f 2346//4916 2259//4916 2262//4916 
f 2346//4917 2258//4917 2259//4917 
f 2346//4918 2256//4918 2258//4918 
f 2346//4919 2254//4919 2256//4919 
f 2219//4920 2272//4920 2274//4920 
f 2221//4921 2272//4921 2219//4921 
f 2223//4922 2272//4922 2221//4922 
f 2225//4923 2272//4923 2223//4923 
f 2227//4924 2272//4924 2225//4924 
f 2229//4925 2272//4925 2227//4925 
f 2231//4926 2272//4926 2229//4926 
f 2233//4927 2272//4927 2231//4927 
f 2235//4928 2272//4928 2233//4928 
f 2237//4929 2272//4929 2235//4929 
f 2272//4930 2267//4930 2269//4930 
f 2346//4931 2347//4931 2254//4931 
f 2237//4932 2347//4932 2272//4932 
f 2240//4933 2347//4933 2237//4933 
f 2241//4934 2347//4934 2240//4934 
f 2243//4935 2347//4935 2241//4935 
f 2246//4936 2347//4936 2243//4936 
f 2247//4937 2347//4937 2246//4937 
f 2250//4938 2347//4938 2247//4938 
f 2252//4939 2347//4939 2250//4939 
f 2254//4940 2347//4940 2252//4940 
f 2263//4941 2265//4941 2347//4941 
f 2347//4942 2265//4942 2272//4942 
f 2272//4943 2265//4943 2267//4943 
f 2268//4944 2271//4944 2270//4944 
f 2271//4945 2220//4945 2275//4945 
f 2220//4946 2218//4946 2275//4946 
f 2271//4947 2222//4947 2220//4947 
f 2218//4948 2216//4948 2275//4948 
f 2271//4949 2224//4949 2222//4949 
f 2216//4950 2214//4950 2275//4950 
f 2271//4951 2226//4951 2224//4951 
f 2214//4952 2212//4952 2275//4952 
f 2271//4953 2228//4953 2226//4953 
f 2212//4954 2210//4954 2275//4954 
f 2271//4955 2230//4955 2228//4955 
f 2210//4956 2208//4956 2275//4956 
f 2271//4957 2232//4957 2230//4957 
f 2208//4958 2206//4958 2275//4958 
f 2271//4959 2234//4959 2232//4959 
f 2275//4960 2203//4960 2276//4960 
f 2206//4961 2203//4961 2275//4961 
f 2271//4962 2236//4962 2234//4962 
f 2278//4963 2202//4963 2280//4963 
f 2276//4964 2202//4964 2278//4964 
f 2203//4965 2202//4965 2276//4965 
f 2280//4966 2200//4966 2282//4966 
f 2202//4967 2200//4967 2280//4967 
f 2284//4968 2197//4968 2286//4968 
f 2282//4969 2197//4969 2284//4969 
f 2200//4970 2197//4970 2282//4970 
f 2288//4971 2196//4971 2290//4971 
f 2286//4972 2196//4972 2288//4972 
f 2197//4973 2196//4973 2286//4973 
f 2290//4974 2193//4974 2292//4974 
f 2196//4975 2193//4975 2290//4975 
f 2292//4976 2192//4976 2294//4976 
f 2193//4977 2192//4977 2292//4977 
f 2190//4978 2296//4978 2192//4978 
f 2192//4979 2296//4979 2294//4979 
f 2268//4980 2266//4980 2271//4980 
f 2190//4981 2297//4981 2296//4981 
f 2187//4982 2300//4982 2190//4982 
f 2190//4983 2300//4983 2297//4983 
f 2187//4984 2301//4984 2300//4984 
f 2186//4985 2301//4985 2187//4985 
f 2271//4986 2348//4986 2236//4986 
f 2266//4987 2348//4987 2271//4987 
f 2251//4988 2348//4988 2253//4988 
f 2249//4989 2348//4989 2251//4989 
f 2248//4990 2348//4990 2249//4990 
f 2245//4991 2348//4991 2248//4991 
f 2244//4992 2348//4992 2245//4992 
f 2242//4993 2348//4993 2244//4993 
f 2239//4994 2348//4994 2242//4994 
f 2238//4995 2348//4995 2239//4995 
f 2236//4996 2348//4996 2238//4996 
f 2266//4997 2264//4997 2348//4997 
f 2186//4998 2303//4998 2301//4998 
f 2186//4999 2305//4999 2303//4999 
f 2184//5000 2305//5000 2186//5000 
f 2184//5001 2307//5001 2305//5001 
f 2184//5002 2309//5002 2307//5002 
f 2182//5003 2309//5003 2184//5003 
f 2182//5004 2311//5004 2309//5004 
f 2182//5005 2313//5005 2311//5005 
f 2180//5006 2313//5006 2182//5006 
f 2180//5007 2315//5007 2313//5007 
f 2180//5008 2317//5008 2315//5008 
f 2177//5009 2317//5009 2180//5009 
f 2176//5010 2319//5010 2177//5010 
f 2177//5011 2319//5011 2317//5011 
f 2176//5012 2321//5012 2319//5012 
f 2176//5013 2323//5013 2321//5013 
f 2173//5014 2323//5014 2176//5014 
f 2173//5015 2325//5015 2323//5015 
f 2171//5016 2327//5016 2173//5016 
f 2173//5017 2327//5017 2325//5017 
f 2169//5018 2329//5018 2171//5018 
f 2171//5019 2329//5019 2327//5019 
f 2348//5020 2345//5020 2253//5020 
f 2159//5021 2345//5021 2162//5021 
f 2158//5022 2345//5022 2159//5022 
f 2156//5023 2345//5023 2158//5023 
f 2261//5024 2345//5024 2156//5024 
f 2260//5025 2345//5025 2261//5025 
f 2257//5026 2345//5026 2260//5026 
f 2255//5027 2345//5027 2257//5027 
f 2253//5028 2345//5028 2255//5028 
f 2169//5029 2331//5029 2329//5029 
f 2345//5030 2343//5030 2162//5030 
f 2162//5031 2343//5031 2163//5031 
f 2167//5032 2333//5032 2169//5032 
f 2169//5033 2333//5033 2331//5033 
f 2343//5034 2341//5034 2163//5034 
f 2167//5035 2335//5035 2333//5035 
f 2163//5036 2339//5036 2165//5036 
f 2341//5037 2339//5037 2163//5037 
f 2165//5038 2337//5038 2167//5038 
f 2167//5039 2337//5039 2335//5039 
f 2339//5040 2337//5040 2165//5040 
f 2349//5041 2350//5041 2351//5041 
f 2351//5042 2352//5042 2353//5042 
f 2350//5043 2352//5043 2351//5043 
f 2353//5044 2354//5044 2355//5044 
f 2352//5045 2354//5045 2353//5045 
f 2355//5046 2356//5046 2357//5046 
f 2354//5047 2356//5047 2355//5047 
f 2357//5048 2358//5048 2359//5048 
f 2356//5049 2358//5049 2357//5049 
f 2359//5050 2360//5050 2361//5050 
f 2358//5051 2360//5051 2359//5051 
f 2361//5052 2362//5052 2363//5052 
f 2360//5053 2362//5053 2361//5053 
f 2363//5054 2364//5054 2365//5054 
f 2362//5055 2364//5055 2363//5055 
f 2365//5056 2366//5056 2367//5056 
f 2364//5057 2366//5057 2365//5057 
f 2367//5058 2368//5058 2369//5058 
f 2366//5059 2368//5059 2367//5059 
f 2368//5060 2370//5060 2369//5060 
f 2369//5061 2370//5061 2371//5061 
f 2370//5062 2372//5062 2371//5062 
f 2371//5063 2372//5063 2373//5063 
f 2372//5064 2374//5064 2373//5064 
f 2373//5065 2374//5065 2375//5065 
f 2374//5066 2376//5066 2375//5066 
f 2375//5067 2377//5067 2378//5067 
f 2376//5068 2377//5068 2375//5068 
f 2378//5069 2377//5069 2379//5069 
f 2379//5070 2380//5070 2381//5070 
f 2377//5071 2380//5071 2379//5071 
f 2380//5072 2382//5072 2381//5072 
f 2381//5073 2383//5073 2384//5073 
f 2384//5074 2383//5074 2385//5074 
f 2382//5075 2383//5075 2381//5075 
f 2383//5076 2386//5076 2385//5076 
f 2385//5077 2387//5077 2388//5077 
f 2388//5078 2387//5078 2389//5078 
f 2386//5079 2387//5079 2385//5079 
f 2387//5080 2390//5080 2389//5080 
f 2389//5081 2391//5081 2392//5081 
f 2390//5082 2391//5082 2389//5082 
f 2392//5083 2393//5083 2394//5083 
f 2391//5084 2393//5084 2392//5084 
f 2394//5085 2395//5085 2396//5085 
f 2393//5086 2395//5086 2394//5086 
f 2396//5087 2397//5087 2398//5087 
f 2395//5088 2397//5088 2396//5088 
f 2398//5089 2399//5089 2400//5089 
f 2397//5090 2399//5090 2398//5090 
f 2400//5091 2401//5091 2402//5091 
f 2402//5092 2401//5092 2403//5092 
f 2399//5093 2401//5093 2400//5093 
f 2401//5094 2404//5094 2403//5094 
f 2403//5095 2405//5095 2406//5095 
f 2406//5096 2405//5096 2407//5096 
f 2404//5097 2405//5097 2403//5097 
f 2407//5098 2408//5098 2409//5098 
f 2405//5099 2408//5099 2407//5099 
f 2408//5100 2410//5100 2409//5100 
f 2409//5101 2411//5101 2412//5101 
f 2410//5102 2411//5102 2409//5102 
f 2412//5103 2413//5103 2414//5103 
f 2414//5104 2413//5104 2415//5104 
f 2411//5105 2413//5105 2412//5105 
f 2413//5106 2416//5106 2415//5106 
f 2415//5107 2417//5107 2418//5107 
f 2416//5108 2417//5108 2415//5108 
f 2418//5109 2419//5109 2420//5109 
f 2417//5110 2419//5110 2418//5110 
f 2420//5111 2421//5111 2422//5111 
f 2419//5112 2421//5112 2420//5112 
f 2422//5113 2423//5113 2424//5113 
f 2424//5114 2423//5114 2425//5114 
f 2421//5115 2423//5115 2422//5115 
f 2423//5116 2426//5116 2425//5116 
f 2426//5117 2427//5117 2425//5117 
f 2425//5118 2427//5118 2428//5118 
f 2428//5119 2427//5119 2429//5119 
f 2427//5120 2430//5120 2429//5120 
f 2430//5121 2431//5121 2429//5121 
f 2429//5122 2431//5122 2432//5122 
f 2432//5123 2433//5123 2434//5123 
f 2434//5124 2433//5124 2435//5124 
f 2431//5125 2433//5125 2432//5125 
f 2435//5126 2436//5126 2437//5126 
f 2433//5127 2436//5127 2435//5127 
f 2437//5128 2438//5128 2439//5128 
f 2436//5129 2438//5129 2437//5129 
f 2439//5130 2440//5130 2441//5130 
f 2438//5131 2440//5131 2439//5131 
f 2441//5132 2442//5132 2443//5132 
f 2440//5133 2442//5133 2441//5133 
f 2443//5134 2444//5134 2445//5134 
f 2442//5135 2444//5135 2443//5135 
f 2444//5136 2446//5136 2445//5136 
f 2445//5137 2447//5137 2448//5137 
f 2448//5138 2447//5138 2449//5138 
f 2446//5139 2447//5139 2445//5139 
f 2449//5140 2450//5140 2451//5140 
f 2447//5141 2450//5141 2449//5141 
f 2451//5142 2452//5142 2453//5142 
f 2450//5143 2452//5143 2451//5143 
f 2453//5144 2454//5144 2455//5144 
f 2452//5145 2454//5145 2453//5145 
f 2455//5146 2456//5146 2349//5146 
f 2454//5147 2456//5147 2455//5147 
f 2456//5148 2350//5148 2349//5148 
f 2457//5149 2458//5149 2459//5149 
f 2459//5150 2458//5150 2460//5150 
f 2461//5151 2462//5151 2457//5151 
f 2457//5152 2462//5152 2458//5152 
f 2463//5153 2464//5153 2461//5153 
f 2461//5154 2464//5154 2462//5154 
f 2465//5155 2464//5155 2463//5155 
f 2465//5156 2466//5156 2464//5156 
f 2467//5157 2468//5157 2469//5157 
f 2470//5158 2469//5158 2471//5158 
f 2470//5159 2467//5159 2469//5159 
f 2472//5160 2471//5160 2473//5160 
f 2472//5161 2470//5161 2471//5161 
f 2474//5162 2473//5162 2475//5162 
f 2474//5163 2472//5163 2473//5163 
f 2476//5164 2475//5164 2477//5164 
f 2476//5165 2474//5165 2475//5165 
f 2478//5166 2477//5166 2479//5166 
f 2478//5167 2476//5167 2477//5167 
f 2480//5168 2478//5168 2479//5168 
f 2480//5169 2479//5169 2481//5169 
f 2482//5170 2480//5170 2481//5170 
f 2482//5171 2481//5171 2483//5171 
f 2484//5172 2482//5172 2483//5172 
f 2484//5173 2483//5173 2485//5173 
f 2486//5174 2484//5174 2485//5174 
f 2486//5175 2485//5175 2487//5175 
f 2488//5176 2486//5176 2487//5176 
f 2489//5177 2488//5177 2487//5177 
f 2489//5178 2487//5178 2490//5178 
f 2491//5179 2490//5179 2492//5179 
f 2491//5180 2489//5180 2490//5180 
f 2493//5181 2492//5181 2494//5181 
f 2493//5182 2491//5182 2492//5182 
f 2495//5183 2494//5183 2496//5183 
f 2495//5184 2493//5184 2494//5184 
f 2497//5185 2496//5185 2498//5185 
f 2497//5186 2495//5186 2496//5186 
f 2499//5187 2498//5187 2500//5187 
f 2499//5188 2497//5188 2498//5188 
f 2501//5189 2500//5189 2502//5189 
f 2501//5190 2499//5190 2500//5190 
f 2503//5191 2502//5191 2504//5191 
f 2503//5192 2501//5192 2502//5192 
f 2505//5193 2504//5193 2506//5193 
f 2505//5194 2503//5194 2504//5194 
f 2507//5195 2506//5195 2508//5195 
f 2507//5196 2505//5196 2506//5196 
f 2509//5197 2508//5197 2510//5197 
f 2509//5198 2507//5198 2508//5198 
f 2511//5199 2510//5199 2512//5199 
f 2511//5200 2509//5200 2510//5200 
f 2513//5201 2512//5201 2514//5201 
f 2513//5202 2511//5202 2512//5202 
f 2515//5203 2514//5203 2516//5203 
f 2515//5204 2513//5204 2514//5204 
f 2517//5205 2516//5205 2518//5205 
f 2517//5206 2515//5206 2516//5206 
f 2519//5207 2518//5207 2520//5207 
f 2519//5208 2517//5208 2518//5208 
f 2521//5209 2520//5209 2522//5209 
f 2521//5210 2519//5210 2520//5210 
f 2523//5211 2522//5211 2524//5211 
f 2523//5212 2521//5212 2522//5212 
f 2525//5213 2524//5213 2526//5213 
f 2525//5214 2523//5214 2524//5214 
f 2527//5215 2526//5215 2528//5215 
f 2527//5216 2525//5216 2526//5216 
f 2529//5217 2527//5217 2528//5217 
f 2529//5218 2528//5218 2530//5218 
f 2531//5219 2530//5219 2532//5219 
f 2531//5220 2529//5220 2530//5220 
f 2533//5221 2532//5221 2534//5221 
f 2533//5222 2531//5222 2532//5222 
f 2535//5223 2534//5223 2536//5223 
f 2535//5224 2533//5224 2534//5224 
f 2537//5225 2536//5225 2538//5225 
f 2537//5226 2535//5226 2536//5226 
f 2539//5227 2538//5227 2540//5227 
f 2539//5228 2537//5228 2538//5228 
f 2467//5229 2541//5229 2468//5229 
f 2541//5230 2542//5230 2468//5230 
f 2459//5231 2542//5231 2541//5231 
f 2459//5232 2460//5232 2542//5232 
f 2539//5233 2540//5233 2465//5233 
f 2465//5234 2540//5234 2466//5234 
f 2461//5235 2465//5235 2463//5235 
f 2461//5236 2457//5236 2465//5236 
f 2443//5237 2445//5237 2465//5237 
f 2465//5238 2441//5238 2443//5238 
f 2445//5239 2448//5239 2465//5239 
f 2465//5240 2448//5240 2539//5240 
f 2465//5241 2439//5241 2441//5241 
f 2448//5242 2449//5242 2539//5242 
f 2465//5243 2437//5243 2439//5243 
f 2449//5244 2451//5244 2539//5244 
f 2465//5245 2435//5245 2437//5245 
f 2451//5246 2453//5246 2539//5246 
f 2457//5247 2541//5247 2465//5247 
f 2465//5248 2434//5248 2435//5248 
f 2453//5249 2455//5249 2539//5249 
f 2465//5250 2432//5250 2434//5250 
f 2457//5251 2459//5251 2541//5251 
f 2455//5252 2349//5252 2539//5252 
f 2465//5253 2429//5253 2432//5253 
f 2541//5254 2429//5254 2465//5254 
f 2349//5255 2351//5255 2539//5255 
f 2541//5256 2428//5256 2429//5256 
f 2351//5257 2353//5257 2539//5257 
f 2541//5258 2425//5258 2428//5258 
f 2539//5259 2355//5259 2537//5259 
f 2353//5260 2355//5260 2539//5260 
f 2541//5261 2424//5261 2425//5261 
f 2535//5262 2357//5262 2533//5262 
f 2537//5263 2357//5263 2535//5263 
f 2355//5264 2357//5264 2537//5264 
f 2541//5265 2422//5265 2424//5265 
f 2533//5266 2359//5266 2531//5266 
f 2357//5267 2359//5267 2533//5267 
f 2541//5268 2420//5268 2422//5268 
f 2529//5269 2361//5269 2527//5269 
f 2531//5270 2361//5270 2529//5270 
f 2359//5271 2361//5271 2531//5271 
f 2541//5272 2418//5272 2420//5272 
f 2361//5273 2363//5273 2527//5273 
f 2363//5274 2525//5274 2527//5274 
f 2541//5275 2415//5275 2418//5275 
f 2541//5276 2414//5276 2415//5276 
f 2365//5277 2523//5277 2363//5277 
f 2363//5278 2523//5278 2525//5278 
f 2367//5279 2521//5279 2365//5279 
f 2365//5280 2521//5280 2523//5280 
f 2367//5281 2519//5281 2521//5281 
f 2367//5282 2517//5282 2519//5282 
f 2369//5283 2517//5283 2367//5283 
f 2369//5284 2515//5284 2517//5284 
f 2371//5285 2513//5285 2369//5285 
f 2369//5286 2513//5286 2515//5286 
f 2371//5287 2511//5287 2513//5287 
f 2373//5288 2511//5288 2371//5288 
f 2373//5289 2509//5289 2511//5289 
f 2373//5290 2507//5290 2509//5290 
f 2375//5291 2507//5291 2373//5291 
f 2375//5292 2505//5292 2507//5292 
f 2375//5293 2503//5293 2505//5293 
f 2378//5294 2503//5294 2375//5294 
f 2378//5295 2501//5295 2503//5295 
f 2378//5296 2499//5296 2501//5296 
f 2379//5297 2499//5297 2378//5297 
f 2379//5298 2497//5298 2499//5298 
f 2406//5299 2467//5299 2403//5299 
f 2407//5300 2467//5300 2406//5300 
f 2409//5301 2467//5301 2407//5301 
f 2412//5302 2467//5302 2409//5302 
f 2414//5303 2467//5303 2412//5303 
f 2541//5304 2467//5304 2414//5304 
f 2400//5305 2467//5305 2398//5305 
f 2402//5306 2467//5306 2400//5306 
f 2403//5307 2467//5307 2402//5307 
f 2379//5308 2495//5308 2497//5308 
f 2381//5309 2495//5309 2379//5309 
f 2467//5310 2470//5310 2398//5310 
f 2398//5311 2470//5311 2396//5311 
f 2381//5312 2493//5312 2495//5312 
f 2384//5313 2493//5313 2381//5313 
f 2470//5314 2472//5314 2396//5314 
f 2384//5315 2491//5315 2493//5315 
f 2472//5316 2474//5316 2396//5316 
f 2396//5317 2474//5317 2394//5317 
f 2384//5318 2489//5318 2491//5318 
f 2385//5319 2489//5319 2384//5319 
f 2474//5320 2476//5320 2394//5320 
f 2394//5321 2476//5321 2392//5321 
f 2385//5322 2488//5322 2489//5322 
f 2476//5323 2478//5323 2392//5323 
f 2385//5324 2486//5324 2488//5324 
f 2388//5325 2486//5325 2385//5325 
f 2478//5326 2480//5326 2392//5326 
f 2392//5327 2480//5327 2389//5327 
f 2388//5328 2484//5328 2486//5328 
f 2389//5329 2484//5329 2388//5329 
f 2389//5330 2482//5330 2484//5330 
f 2480//5331 2482//5331 2389//5331 
f 2526//5332 2364//5332 2528//5332 
f 2524//5333 2364//5333 2526//5333 
f 2530//5334 2362//5334 2532//5334 
f 2528//5335 2362//5335 2530//5335 
f 2364//5336 2362//5336 2528//5336 
f 2522//5337 2366//5337 2524//5337 
f 2524//5338 2366//5338 2364//5338 
f 2532//5339 2360//5339 2534//5339 
f 2362//5340 2360//5340 2532//5340 
f 2520//5341 2368//5341 2522//5341 
f 2518//5342 2368//5342 2520//5342 
f 2522//5343 2368//5343 2366//5343 
f 2536//5344 2358//5344 2538//5344 
f 2534//5345 2358//5345 2536//5345 
f 2360//5346 2358//5346 2534//5346 
f 2516//5347 2370//5347 2518//5347 
f 2514//5348 2370//5348 2516//5348 
f 2518//5349 2370//5349 2368//5349 
f 2538//5350 2356//5350 2540//5350 
f 2358//5351 2356//5351 2538//5351 
f 2512//5352 2372//5352 2514//5352 
f 2514//5353 2372//5353 2370//5353 
f 2356//5354 2354//5354 2540//5354 
f 2510//5355 2374//5355 2512//5355 
f 2508//5356 2374//5356 2510//5356 
f 2512//5357 2374//5357 2372//5357 
f 2354//5358 2352//5358 2540//5358 
f 2508//5359 2376//5359 2374//5359 
f 2506//5360 2376//5360 2508//5360 
f 2504//5361 2376//5361 2506//5361 
f 2352//5362 2350//5362 2540//5362 
f 2502//5363 2377//5363 2504//5363 
f 2500//5364 2377//5364 2502//5364 
f 2504//5365 2377//5365 2376//5365 
f 2350//5366 2456//5366 2540//5366 
f 2500//5367 2380//5367 2377//5367 
f 2498//5368 2380//5368 2500//5368 
f 2496//5369 2380//5369 2498//5369 
f 2456//5370 2454//5370 2540//5370 
f 2496//5371 2382//5371 2380//5371 
f 2494//5372 2382//5372 2496//5372 
f 2454//5373 2452//5373 2540//5373 
f 2494//5374 2383//5374 2382//5374 
f 2492//5375 2383//5375 2494//5375 
f 2490//5376 2383//5376 2492//5376 
f 2452//5377 2450//5377 2540//5377 
f 2487//5378 2386//5378 2490//5378 
f 2485//5379 2386//5379 2487//5379 
f 2490//5380 2386//5380 2383//5380 
f 2450//5381 2447//5381 2540//5381 
f 2485//5382 2387//5382 2386//5382 
f 2483//5383 2387//5383 2485//5383 
f 2483//5384 2390//5384 2387//5384 
f 2481//5385 2390//5385 2483//5385 
f 2481//5386 2479//5386 2390//5386 
f 2390//5387 2479//5387 2391//5387 
f 2479//5388 2477//5388 2391//5388 
f 2477//5389 2475//5389 2391//5389 
f 2391//5390 2475//5390 2393//5390 
f 2475//5391 2473//5391 2393//5391 
f 2393//5392 2473//5392 2395//5392 
f 2473//5393 2471//5393 2395//5393 
f 2447//5394 2466//5394 2540//5394 
f 2446//5395 2466//5395 2447//5395 
f 2444//5396 2466//5396 2446//5396 
f 2442//5397 2466//5397 2444//5397 
f 2440//5398 2466//5398 2442//5398 
f 2438//5399 2466//5399 2440//5399 
f 2436//5400 2466//5400 2438//5400 
f 2433//5401 2466//5401 2436//5401 
f 2431//5402 2466//5402 2433//5402 
f 2430//5403 2466//5403 2431//5403 
f 2395//5404 2469//5404 2397//5404 
f 2471//5405 2469//5405 2395//5405 
f 2469//5406 2468//5406 2397//5406 
f 2401//5407 2468//5407 2404//5407 
f 2399//5408 2468//5408 2401//5408 
f 2397//5409 2468//5409 2399//5409 
f 2411//5410 2468//5410 2413//5410 
f 2410//5411 2468//5411 2411//5411 
f 2408//5412 2468//5412 2410//5412 
f 2405//5413 2468//5413 2408//5413 
f 2404//5414 2468//5414 2405//5414 
f 2466//5415 2462//5415 2464//5415 
f 2430//5416 2542//5416 2466//5416 
f 2468//5417 2542//5417 2413//5417 
f 2427//5418 2542//5418 2430//5418 
f 2426//5419 2542//5419 2427//5419 
f 2423//5420 2542//5420 2426//5420 
f 2421//5421 2542//5421 2423//5421 
f 2419//5422 2542//5422 2421//5422 
f 2417//5423 2542//5423 2419//5423 
f 2416//5424 2542//5424 2417//5424 
f 2413//5425 2542//5425 2416//5425 
f 2460//5426 2458//5426 2542//5426 
f 2466//5427 2458//5427 2462//5427 
f 2542//5428 2458//5428 2466//5428 
f 2543//5429 2544//5429 2545//5429 
f 2545//5430 2544//5430 2546//5430 
f 2547//5431 2548//5431 2549//5431 
f 2547//5432 2550//5432 2548//5432 
f 2551//5433 2552//5433 2553//5433 
f 2554//5434 2553//5434 2555//5434 
f 2554//5435 2551//5435 2553//5435 
f 2556//5436 2555//5436 2557//5436 
f 2556//5437 2554//5437 2555//5437 
f 2558//5438 2557//5438 2559//5438 
f 2558//5439 2556//5439 2557//5439 
f 2560//5440 2559//5440 2561//5440 
f 2560//5441 2558//5441 2559//5441 
f 2562//5442 2561//5442 2563//5442 
f 2562//5443 2560//5443 2561//5443 
f 2564//5444 2563//5444 2565//5444 
f 2564//5445 2562//5445 2563//5445 
f 2566//5446 2565//5446 2567//5446 
f 2566//5447 2564//5447 2565//5447 
f 2568//5448 2567//5448 2569//5448 
f 2568//5449 2566//5449 2567//5449 
f 2570//5450 2569//5450 2571//5450 
f 2570//5451 2568//5451 2569//5451 
f 2572//5452 2571//5452 2573//5452 
f 2572//5453 2570//5453 2571//5453 
f 2574//5454 2572//5454 2573//5454 
f 2547//5455 2573//5455 2550//5455 
f 2547//5456 2574//5456 2573//5456 
f 2575//5457 2576//5457 2577//5457 
f 2575//5458 2577//5458 2578//5458 
f 2579//5459 2578//5459 2580//5459 
f 2579//5460 2575//5460 2578//5460 
f 2581//5461 2580//5461 2582//5461 
f 2581//5462 2579//5462 2580//5462 
f 2583//5463 2582//5463 2584//5463 
f 2583//5464 2581//5464 2582//5464 
f 2585//5465 2584//5465 2586//5465 
f 2585//5466 2583//5466 2584//5466 
f 2587//5467 2586//5467 2588//5467 
f 2587//5468 2585//5468 2586//5468 
f 2589//5469 2588//5469 2590//5469 
f 2589//5470 2587//5470 2588//5470 
f 2591//5471 2589//5471 2590//5471 
f 2591//5472 2590//5472 2592//5472 
f 2593//5473 2591//5473 2592//5473 
f 2593//5474 2592//5474 2594//5474 
f 2595//5475 2593//5475 2594//5475 
f 2595//5476 2594//5476 2596//5476 
f 2597//5477 2595//5477 2596//5477 
f 2597//5478 2596//5478 2598//5478 
f 2599//5479 2597//5479 2598//5479 
f 2599//5480 2598//5480 2600//5480 
f 2601//5481 2600//5481 2602//5481 
f 2601//5482 2599//5482 2600//5482 
f 2603//5483 2601//5483 2602//5483 
f 2603//5484 2602//5484 2604//5484 
f 2605//5485 2604//5485 2606//5485 
f 2605//5486 2603//5486 2604//5486 
f 2607//5487 2606//5487 2608//5487 
f 2607//5488 2605//5488 2606//5488 
f 2609//5489 2608//5489 2610//5489 
f 2609//5490 2607//5490 2608//5490 
f 2611//5491 2610//5491 2612//5491 
f 2611//5492 2609//5492 2610//5492 
f 2613//5493 2612//5493 2614//5493 
f 2613//5494 2611//5494 2612//5494 
f 2615//5495 2614//5495 2616//5495 
f 2615//5496 2613//5496 2614//5496 
f 2617//5497 2616//5497 2618//5497 
f 2617//5498 2615//5498 2616//5498 
f 2619//5499 2618//5499 2620//5499 
f 2619//5500 2617//5500 2618//5500 
f 2621//5501 2620//5501 2622//5501 
f 2621//5502 2619//5502 2620//5502 
f 2623//5503 2622//5503 2624//5503 
f 2623//5504 2621//5504 2622//5504 
f 2625//5505 2624//5505 2626//5505 
f 2625//5506 2623//5506 2624//5506 
f 2627//5507 2628//5507 2629//5507 
f 2627//5508 2626//5508 2628//5508 
f 2627//5509 2625//5509 2626//5509 
f 2630//5510 2627//5510 2629//5510 
f 2631//5511 2632//5511 2633//5511 
f 2631//5512 2629//5512 2632//5512 
f 2631//5513 2630//5513 2629//5513 
f 2634//5514 2633//5514 2635//5514 
f 2634//5515 2631//5515 2633//5515 
f 2636//5516 2634//5516 2635//5516 
f 2637//5517 2638//5517 2639//5517 
f 2637//5518 2635//5518 2638//5518 
f 2637//5519 2636//5519 2635//5519 
f 2640//5520 2637//5520 2639//5520 
f 2545//5521 2641//5521 2642//5521 
f 2545//5522 2546//5522 2641//5522 
f 2643//5523 2644//5523 2645//5523 
f 2646//5524 2644//5524 2643//5524 
f 2645//5525 2647//5525 2648//5525 
f 2644//5526 2647//5526 2645//5526 
f 2648//5527 2649//5527 2650//5527 
f 2647//5528 2649//5528 2648//5528 
f 2650//5529 2651//5529 2652//5529 
f 2649//5530 2651//5530 2650//5530 
f 2652//5531 2653//5531 2654//5531 
f 2651//5532 2653//5532 2652//5532 
f 2654//5533 2655//5533 2656//5533 
f 2653//5534 2655//5534 2654//5534 
f 2656//5535 2657//5535 2658//5535 
f 2655//5536 2657//5536 2656//5536 
f 2658//5537 2659//5537 2660//5537 
f 2657//5538 2659//5538 2658//5538 
f 2660//5539 2661//5539 2662//5539 
f 2659//5540 2661//5540 2660//5540 
f 2662//5541 2663//5541 2664//5541 
f 2661//5542 2663//5542 2662//5542 
f 2663//5543 2665//5543 2664//5543 
f 2664//5544 2665//5544 2666//5544 
f 2665//5545 2667//5545 2666//5545 
f 2666//5546 2667//5546 2668//5546 
f 2668//5547 2669//5547 2670//5547 
f 2667//5548 2669//5548 2668//5548 
f 2670//5549 2671//5549 2672//5549 
f 2669//5550 2671//5550 2670//5550 
f 2672//5551 2673//5551 2674//5551 
f 2671//5552 2673//5552 2672//5552 
f 2674//5553 2675//5553 2676//5553 
f 2673//5554 2675//5554 2674//5554 
f 2676//5555 2677//5555 2678//5555 
f 2675//5556 2677//5556 2676//5556 
f 2678//5557 2679//5557 2680//5557 
f 2677//5558 2679//5558 2678//5558 
f 2680//5559 2681//5559 2682//5559 
f 2679//5560 2681//5560 2680//5560 
f 2682//5561 2683//5561 2684//5561 
f 2681//5562 2683//5562 2682//5562 
f 2684//5563 2685//5563 2686//5563 
f 2683//5564 2685//5564 2684//5564 
f 2686//5565 2687//5565 2688//5565 
f 2685//5566 2687//5566 2686//5566 
f 2688//5567 2689//5567 2690//5567 
f 2687//5568 2689//5568 2688//5568 
f 2690//5569 2691//5569 2692//5569 
f 2689//5570 2691//5570 2690//5570 
f 2692//5571 2693//5571 2694//5571 
f 2691//5572 2693//5572 2692//5572 
f 2694//5573 2695//5573 2696//5573 
f 2693//5574 2695//5574 2694//5574 
f 2696//5575 2697//5575 2698//5575 
f 2695//5576 2697//5576 2696//5576 
f 2698//5577 2699//5577 2700//5577 
f 2697//5578 2699//5578 2698//5578 
f 2700//5579 2701//5579 2702//5579 
f 2699//5580 2701//5580 2700//5580 
f 2702//5581 2703//5581 2704//5581 
f 2701//5582 2703//5582 2702//5582 
f 2704//5583 2705//5583 2706//5583 
f 2703//5584 2705//5584 2704//5584 
f 2706//5585 2707//5585 2708//5585 
f 2705//5586 2707//5586 2706//5586 
f 2708//5587 2709//5587 2710//5587 
f 2707//5588 2709//5588 2708//5588 
f 2710//5589 2711//5589 2712//5589 
f 2709//5590 2711//5590 2710//5590 
f 2712//5591 2713//5591 2714//5591 
f 2711//5592 2713//5592 2712//5592 
f 2714//5593 2715//5593 2716//5593 
f 2713//5594 2715//5594 2714//5594 
f 2716//5595 2717//5595 2718//5595 
f 2715//5596 2717//5596 2716//5596 
f 2717//5597 2719//5597 2718//5597 
f 2718//5598 2719//5598 2720//5598 
f 2719//5599 2721//5599 2720//5599 
f 2720//5600 2721//5600 2722//5600 
f 2722//5601 2723//5601 2724//5601 
f 2721//5602 2723//5602 2722//5602 
f 2724//5603 2725//5603 2726//5603 
f 2723//5604 2725//5604 2724//5604 
f 2726//5605 2727//5605 2728//5605 
f 2725//5606 2727//5606 2726//5606 
f 2728//5607 2729//5607 2730//5607 
f 2730//5608 2729//5608 2731//5608 
f 2727//5609 2729//5609 2728//5609 
f 2729//5610 2732//5610 2731//5610 
f 2731//5611 2733//5611 2734//5611 
f 2732//5612 2733//5612 2731//5612 
f 2734//5613 2735//5613 2736//5613 
f 2736//5614 2735//5614 2737//5614 
f 2733//5615 2735//5615 2734//5615 
f 2735//5616 2738//5616 2737//5616 
f 2737//5617 2739//5617 2740//5617 
f 2738//5618 2739//5618 2737//5618 
f 2740//5619 2741//5619 2742//5619 
f 2739//5620 2741//5620 2740//5620 
f 2742//5621 2743//5621 2744//5621 
f 2744//5622 2743//5622 2745//5622 
f 2741//5623 2743//5623 2742//5623 
f 2743//5624 2746//5624 2745//5624 
f 2745//5625 2747//5625 2748//5625 
f 2748//5626 2747//5626 2749//5626 
f 2746//5627 2747//5627 2745//5627 
f 2749//5628 2750//5628 2643//5628 
f 2747//5629 2750//5629 2749//5629 
f 2750//5630 2646//5630 2643//5630 
f 2751//5631 2752//5631 2753//5631 
f 2753//5632 2754//5632 2755//5632 
f 2752//5633 2754//5633 2753//5633 
f 2755//5634 2756//5634 2757//5634 
f 2754//5635 2756//5635 2755//5635 
f 2757//5636 2758//5636 2759//5636 
f 2756//5637 2758//5637 2757//5637 
f 2759//5638 2760//5638 2761//5638 
f 2758//5639 2760//5639 2759//5639 
f 2761//5640 2762//5640 2763//5640 
f 2760//5641 2762//5641 2761//5641 
f 2763//5642 2764//5642 2765//5642 
f 2762//5643 2764//5643 2763//5643 
f 2765//5644 2766//5644 2767//5644 
f 2764//5645 2766//5645 2765//5645 
f 2767//5646 2768//5646 2769//5646 
f 2766//5647 2768//5647 2767//5647 
f 2768//5648 2770//5648 2769//5648 
f 2769//5649 2770//5649 2771//5649 
f 2770//5650 2772//5650 2771//5650 
f 2771//5651 2772//5651 2773//5651 
f 2772//5652 2774//5652 2773//5652 
f 2773//5653 2774//5653 2775//5653 
f 2774//5654 2776//5654 2775//5654 
f 2775//5655 2777//5655 2778//5655 
f 2776//5656 2777//5656 2775//5656 
f 2778//5657 2777//5657 2779//5657 
f 2779//5658 2780//5658 2781//5658 
f 2777//5659 2780//5659 2779//5659 
f 2781//5660 2782//5660 2783//5660 
f 2780//5661 2782//5661 2781//5661 
f 2782//5662 2784//5662 2783//5662 
f 2783//5663 2785//5663 2786//5663 
f 2786//5664 2785//5664 2787//5664 
f 2784//5665 2785//5665 2783//5665 
f 2785//5666 2788//5666 2787//5666 
f 2787//5667 2789//5667 2790//5667 
f 2788//5668 2789//5668 2787//5668 
f 2790//5669 2791//5669 2792//5669 
f 2789//5670 2791//5670 2790//5670 
f 2792//5671 2793//5671 2794//5671 
f 2794//5672 2793//5672 2795//5672 
f 2791//5673 2793//5673 2792//5673 
f 2793//5674 2796//5674 2795//5674 
f 2795//5675 2797//5675 2798//5675 
f 2796//5676 2797//5676 2795//5676 
f 2798//5677 2799//5677 2800//5677 
f 2797//5678 2799//5678 2798//5678 
f 2800//5679 2801//5679 2802//5679 
f 2799//5680 2801//5680 2800//5680 
f 2802//5681 2803//5681 2804//5681 
f 2801//5682 2803//5682 2802//5682 
f 2804//5683 2805//5683 2806//5683 
f 2803//5684 2805//5684 2804//5684 
f 2806//5685 2807//5685 2808//5685 
f 2805//5686 2807//5686 2806//5686 
f 2808//5687 2809//5687 2810//5687 
f 2807//5688 2809//5688 2808//5688 
f 2810//5689 2811//5689 2812//5689 
f 2809//5690 2811//5690 2810//5690 
f 2812//5691 2813//5691 2814//5691 
f 2811//5692 2813//5692 2812//5692 
f 2814//5693 2815//5693 2816//5693 
f 2813//5694 2815//5694 2814//5694 
f 2816//5695 2817//5695 2818//5695 
f 2815//5696 2817//5696 2816//5696 
f 2818//5697 2819//5697 2820//5697 
f 2817//5698 2819//5698 2818//5698 
f 2820//5699 2821//5699 2822//5699 
f 2819//5700 2821//5700 2820//5700 
f 2822//5701 2823//5701 2824//5701 
f 2821//5702 2823//5702 2822//5702 
f 2824//5703 2825//5703 2826//5703 
f 2823//5704 2825//5704 2824//5704 
f 2826//5705 2827//5705 2828//5705 
f 2825//5706 2827//5706 2826//5706 
f 2827//5707 2829//5707 2828//5707 
f 2828//5708 2829//5708 2830//5708 
f 2829//5709 2831//5709 2830//5709 
f 2830//5710 2831//5710 2832//5710 
f 2832//5711 2833//5711 2834//5711 
f 2831//5712 2833//5712 2832//5712 
f 2834//5713 2835//5713 2836//5713 
f 2833//5714 2835//5714 2834//5714 
f 2836//5715 2837//5715 2838//5715 
f 2838//5716 2837//5716 2839//5716 
f 2835//5717 2837//5717 2836//5717 
f 2839//5718 2840//5718 2841//5718 
f 2837//5719 2840//5719 2839//5719 
f 2841//5720 2842//5720 2843//5720 
f 2840//5721 2842//5721 2841//5721 
f 2843//5722 2844//5722 2845//5722 
f 2842//5723 2844//5723 2843//5723 
f 2844//5724 2846//5724 2845//5724 
f 2845//5725 2847//5725 2848//5725 
f 2848//5726 2847//5726 2849//5726 
f 2846//5727 2847//5727 2845//5727 
f 2849//5728 2850//5728 2851//5728 
f 2847//5729 2850//5729 2849//5729 
f 2851//5730 2852//5730 2853//5730 
f 2850//5731 2852//5731 2851//5731 
f 2852//5732 2854//5732 2853//5732 
f 2853//5733 2855//5733 2856//5733 
f 2856//5734 2855//5734 2857//5734 
f 2854//5735 2855//5735 2853//5735 
f 2857//5736 2858//5736 2859//5736 
f 2855//5737 2858//5737 2857//5737 
f 2859//5738 2860//5738 2861//5738 
f 2858//5739 2860//5739 2859//5739 
f 2861//5740 2862//5740 2863//5740 
f 2860//5741 2862//5741 2861//5741 
f 2862//5742 2864//5742 2863//5742 
f 2863//5743 2865//5743 2866//5743 
f 2866//5744 2865//5744 2867//5744 
f 2864//5745 2865//5745 2863//5745 
f 2867//5746 2868//5746 2869//5746 
f 2865//5747 2868//5747 2867//5747 
f 2868//5748 2870//5748 2869//5748 
f 2869//5749 2752//5749 2751//5749 
f 2870//5750 2752//5750 2869//5750 
f 2871//5751 2549//5751 2548//5751 
f 2871//5752 2548//5752 2872//5752 
f 2873//5753 2872//5753 2874//5753 
f 2873//5754 2871//5754 2872//5754 
f 2875//5755 2874//5755 2876//5755 
f 2875//5756 2873//5756 2874//5756 
f 2877//5757 2876//5757 2878//5757 
f 2877//5758 2875//5758 2876//5758 
f 2879//5759 2878//5759 2880//5759 
f 2879//5760 2877//5760 2878//5760 
f 2881//5761 2880//5761 2882//5761 
f 2881//5762 2879//5762 2880//5762 
f 2883//5763 2882//5763 2884//5763 
f 2883//5764 2881//5764 2882//5764 
f 2885//5765 2884//5765 2886//5765 
f 2885//5766 2883//5766 2884//5766 
f 2887//5767 2886//5767 2888//5767 
f 2887//5768 2885//5768 2886//5768 
f 2889//5769 2888//5769 2890//5769 
f 2889//5770 2887//5770 2888//5770 
f 2891//5771 2890//5771 2892//5771 
f 2891//5772 2889//5772 2890//5772 
f 2893//5773 2891//5773 2892//5773 
f 2893//5774 2892//5774 2894//5774 
f 2895//5775 2893//5775 2894//5775 
f 2895//5776 2894//5776 2896//5776 
f 2897//5777 2895//5777 2896//5777 
f 2897//5778 2896//5778 2898//5778 
f 2899//5779 2897//5779 2898//5779 
f 2899//5780 2898//5780 2900//5780 
f 2901//5781 2900//5781 2902//5781 
f 2901//5782 2899//5782 2900//5782 
f 2903//5783 2902//5783 2904//5783 
f 2903//5784 2901//5784 2902//5784 
f 2905//5785 2904//5785 2906//5785 
f 2905//5786 2903//5786 2904//5786 
f 2907//5787 2906//5787 2908//5787 
f 2907//5788 2905//5788 2906//5788 
f 2909//5789 2908//5789 2910//5789 
f 2909//5790 2907//5790 2908//5790 
f 2911//5791 2910//5791 2912//5791 
f 2911//5792 2909//5792 2910//5792 
f 2913//5793 2912//5793 2914//5793 
f 2913//5794 2911//5794 2912//5794 
f 2915//5795 2914//5795 2916//5795 
f 2915//5796 2913//5796 2914//5796 
f 2917//5797 2916//5797 2918//5797 
f 2917//5798 2915//5798 2916//5798 
f 2640//5799 2639//5799 2551//5799 
f 2551//5800 2639//5800 2552//5800 
f 2642//5801 2641//5801 2576//5801 
f 2576//5802 2641//5802 2577//5802 
f 2543//5803 2917//5803 2544//5803 
f 2917//5804 2918//5804 2544//5804 
f 2594//5805 2657//5805 2596//5805 
f 2592//5806 2657//5806 2594//5806 
f 2657//5807 2655//5807 2596//5807 
f 2596//5808 2655//5808 2598//5808 
f 2592//5809 2659//5809 2657//5809 
f 2590//5810 2659//5810 2592//5810 
f 2600//5811 2653//5811 2602//5811 
f 2598//5812 2653//5812 2600//5812 
f 2655//5813 2653//5813 2598//5813 
f 2588//5814 2661//5814 2590//5814 
f 2586//5815 2661//5815 2588//5815 
f 2590//5816 2661//5816 2659//5816 
f 2653//5817 2651//5817 2602//5817 
f 2602//5818 2651//5818 2604//5818 
f 2586//5819 2663//5819 2661//5819 
f 2584//5820 2663//5820 2586//5820 
f 2582//5821 2663//5821 2584//5821 
f 2606//5822 2649//5822 2608//5822 
f 2604//5823 2649//5823 2606//5823 
f 2651//5824 2649//5824 2604//5824 
f 2580//5825 2665//5825 2582//5825 
f 2582//5826 2665//5826 2663//5826 
f 2649//5827 2647//5827 2608//5827 
f 2608//5828 2647//5828 2610//5828 
f 2578//5829 2667//5829 2580//5829 
f 2577//5830 2667//5830 2578//5830 
f 2580//5831 2667//5831 2665//5831 
f 2612//5832 2644//5832 2614//5832 
f 2610//5833 2644//5833 2612//5833 
f 2647//5834 2644//5834 2610//5834 
f 2577//5835 2669//5835 2667//5835 
f 2614//5836 2646//5836 2616//5836 
f 2644//5837 2646//5837 2614//5837 
f 2577//5838 2671//5838 2669//5838 
f 2618//5839 2750//5839 2620//5839 
f 2616//5840 2750//5840 2618//5840 
f 2646//5841 2750//5841 2616//5841 
f 2577//5842 2673//5842 2671//5842 
f 2620//5843 2747//5843 2622//5843 
f 2750//5844 2747//5844 2620//5844 
f 2577//5845 2675//5845 2673//5845 
f 2624//5846 2746//5846 2626//5846 
f 2622//5847 2746//5847 2624//5847 
f 2747//5848 2746//5848 2622//5848 
f 2577//5849 2677//5849 2675//5849 
f 2628//5850 2743//5850 2629//5850 
f 2626//5851 2743//5851 2628//5851 
f 2746//5852 2743//5852 2626//5852 
f 2577//5853 2679//5853 2677//5853 
f 2629//5854 2741//5854 2632//5854 
f 2743//5855 2741//5855 2629//5855 
f 2577//5856 2681//5856 2679//5856 
f 2632//5857 2739//5857 2633//5857 
f 2741//5858 2739//5858 2632//5858 
f 2577//5859 2683//5859 2681//5859 
f 2739//5860 2635//5860 2633//5860 
f 2739//5861 2738//5861 2635//5861 
f 2738//5862 2638//5862 2635//5862 
f 2735//5863 2638//5863 2738//5863 
f 2735//5864 2639//5864 2638//5864 
f 2733//5865 2639//5865 2735//5865 
f 2733//5866 2732//5866 2639//5866 
f 2732//5867 2729//5867 2639//5867 
f 2729//5868 2727//5868 2639//5868 
f 2727//5869 2725//5869 2639//5869 
f 2725//5870 2723//5870 2639//5870 
f 2723//5871 2721//5871 2639//5871 
f 2721//5872 2719//5872 2639//5872 
f 2577//5873 2641//5873 2683//5873 
f 2701//5874 2641//5874 2703//5874 
f 2699//5875 2641//5875 2701//5875 
f 2697//5876 2641//5876 2699//5876 
f 2695//5877 2641//5877 2697//5877 
f 2693//5878 2641//5878 2695//5878 
f 2691//5879 2641//5879 2693//5879 
f 2689//5880 2641//5880 2691//5880 
f 2687//5881 2641//5881 2689//5881 
f 2685//5882 2641//5882 2687//5882 
f 2683//5883 2641//5883 2685//5883 
f 2546//5884 2544//5884 2641//5884 
f 2641//5885 2766//5885 2703//5885 
f 2703//5886 2766//5886 2705//5886 
f 2641//5887 2768//5887 2766//5887 
f 2705//5888 2764//5888 2707//5888 
f 2766//5889 2764//5889 2705//5889 
f 2641//5890 2770//5890 2768//5890 
f 2764//5891 2762//5891 2707//5891 
f 2707//5892 2762//5892 2709//5892 
f 2641//5893 2772//5893 2770//5893 
f 2709//5894 2760//5894 2711//5894 
f 2762//5895 2760//5895 2709//5895 
f 2641//5896 2774//5896 2772//5896 
f 2760//5897 2758//5897 2711//5897 
f 2711//5898 2758//5898 2713//5898 
f 2641//5899 2776//5899 2774//5899 
f 2758//5900 2756//5900 2713//5900 
f 2641//5901 2777//5901 2776//5901 
f 2641//5902 2780//5902 2777//5902 
f 2641//5903 2782//5903 2780//5903 
f 2641//5904 2784//5904 2782//5904 
f 2754//5905 2552//5905 2756//5905 
f 2752//5906 2552//5906 2754//5906 
f 2719//5907 2552//5907 2639//5907 
f 2717//5908 2552//5908 2719//5908 
f 2756//5909 2552//5909 2713//5909 
f 2715//5910 2552//5910 2717//5910 
f 2713//5911 2552//5911 2715//5911 
f 2870//5912 2552//5912 2752//5912 
f 2870//5913 2868//5913 2552//5913 
f 2544//5914 2785//5914 2641//5914 
f 2641//5915 2785//5915 2784//5915 
f 2868//5916 2865//5916 2552//5916 
f 2544//5917 2788//5917 2785//5917 
f 2865//5918 2864//5918 2552//5918 
f 2544//5919 2789//5919 2788//5919 
f 2552//5920 2862//5920 2553//5920 
f 2864//5921 2862//5921 2552//5921 
f 2544//5922 2791//5922 2789//5922 
f 2862//5923 2555//5923 2553//5923 
f 2862//5924 2860//5924 2555//5924 
f 2544//5925 2793//5925 2791//5925 
f 2860//5926 2557//5926 2555//5926 
f 2860//5927 2559//5927 2557//5927 
f 2858//5928 2559//5928 2860//5928 
f 2858//5929 2561//5929 2559//5929 
f 2858//5930 2563//5930 2561//5930 
f 2855//5931 2563//5931 2858//5931 
f 2855//5932 2565//5932 2563//5932 
f 2855//5933 2567//5933 2565//5933 
f 2855//5934 2569//5934 2567//5934 
f 2854//5935 2569//5935 2855//5935 
f 2854//5936 2571//5936 2569//5936 
f 2852//5937 2573//5937 2854//5937 
f 2854//5938 2573//5938 2571//5938 
f 2852//5939 2550//5939 2573//5939 
f 2850//5940 2550//5940 2852//5940 
f 2847//5941 2550//5941 2850//5941 
f 2846//5942 2550//5942 2847//5942 
f 2844//5943 2550//5943 2846//5943 
f 2809//5944 2918//5944 2811//5944 
f 2807//5945 2918//5945 2809//5945 
f 2805//5946 2918//5946 2807//5946 
f 2803//5947 2918//5947 2805//5947 
f 2801//5948 2918//5948 2803//5948 
f 2799//5949 2918//5949 2801//5949 
f 2797//5950 2918//5950 2799//5950 
f 2796//5951 2918//5951 2797//5951 
f 2793//5952 2918//5952 2796//5952 
f 2544//5953 2918//5953 2793//5953 
f 2811//5954 2916//5954 2813//5954 
f 2918//5955 2916//5955 2811//5955 
f 2842//5956 2548//5956 2844//5956 
f 2840//5957 2548//5957 2842//5957 
f 2837//5958 2548//5958 2840//5958 
f 2844//5959 2548//5959 2550//5959 
f 2835//5960 2548//5960 2837//5960 
f 2916//5961 2914//5961 2813//5961 
f 2835//5962 2872//5962 2548//5962 
f 2813//5963 2912//5963 2815//5963 
f 2914//5964 2912//5964 2813//5964 
f 2835//5965 2874//5965 2872//5965 
f 2833//5966 2874//5966 2835//5966 
f 2912//5967 2910//5967 2815//5967 
f 2833//5968 2876//5968 2874//5968 
f 2815//5969 2908//5969 2817//5969 
f 2910//5970 2908//5970 2815//5970 
f 2833//5971 2878//5971 2876//5971 
f 2831//5972 2878//5972 2833//5972 
f 2908//5973 2906//5973 2817//5973 
f 2831//5974 2880//5974 2878//5974 
f 2817//5975 2904//5975 2819//5975 
f 2906//5976 2904//5976 2817//5976 
f 2831//5977 2882//5977 2880//5977 
f 2829//5978 2882//5978 2831//5978 
f 2904//5979 2902//5979 2819//5979 
f 2829//5980 2884//5980 2882//5980 
f 2902//5981 2900//5981 2819//5981 
f 2819//5982 2900//5982 2821//5982 
f 2829//5983 2886//5983 2884//5983 
f 2827//5984 2886//5984 2829//5984 
f 2900//5985 2898//5985 2821//5985 
f 2827//5986 2888//5986 2886//5986 
f 2825//5987 2888//5987 2827//5987 
f 2898//5988 2896//5988 2821//5988 
f 2821//5989 2896//5989 2823//5989 
f 2825//5990 2890//5990 2888//5990 
f 2896//5991 2894//5991 2823//5991 
f 2825//5992 2892//5992 2890//5992 
f 2894//5993 2892//5993 2823//5993 
f 2823//5994 2892//5994 2825//5994 
f 2637//5995 2737//5995 2636//5995 
f 2737//5996 2740//5996 2636//5996 
f 2634//5997 2740//5997 2631//5997 
f 2636//5998 2740//5998 2634//5998 
f 2637//5999 2736//5999 2737//5999 
f 2640//6000 2736//6000 2637//6000 
f 2740//6001 2742//6001 2631//6001 
f 2631//6002 2742//6002 2630//6002 
f 2640//6003 2734//6003 2736//6003 
f 2742//6004 2744//6004 2630//6004 
f 2627//6005 2744//6005 2625//6005 
f 2630//6006 2744//6006 2627//6006 
f 2640//6007 2731//6007 2734//6007 
f 2623//6008 2745//6008 2621//6008 
f 2625//6009 2745//6009 2623//6009 
f 2744//6010 2745//6010 2625//6010 
f 2640//6011 2730//6011 2731//6011 
f 2745//6012 2748//6012 2621//6012 
f 2621//6013 2748//6013 2619//6013 
f 2640//6014 2728//6014 2730//6014 
f 2617//6015 2749//6015 2615//6015 
f 2619//6016 2749//6016 2617//6016 
f 2748//6017 2749//6017 2619//6017 
f 2640//6018 2726//6018 2728//6018 
f 2615//6019 2643//6019 2613//6019 
f 2749//6020 2643//6020 2615//6020 
f 2640//6021 2724//6021 2726//6021 
f 2643//6022 2645//6022 2613//6022 
f 2611//6023 2645//6023 2609//6023 
f 2613//6024 2645//6024 2611//6024 
f 2640//6025 2722//6025 2724//6025 
f 2645//6026 2648//6026 2609//6026 
f 2609//6027 2648//6027 2607//6027 
f 2551//6028 2720//6028 2640//6028 
f 2640//6029 2720//6029 2722//6029 
f 2605//6030 2650//6030 2603//6030 
f 2607//6031 2650//6031 2605//6031 
f 2648//6032 2650//6032 2607//6032 
f 2551//6033 2718//6033 2720//6033 
f 2603//6034 2652//6034 2601//6034 
f 2650//6035 2652//6035 2603//6035 
f 2551//6036 2716//6036 2718//6036 
f 2652//6037 2654//6037 2601//6037 
f 2599//6038 2654//6038 2597//6038 
f 2601//6039 2654//6039 2599//6039 
f 2551//6040 2714//6040 2716//6040 
f 2597//6041 2656//6041 2595//6041 
f 2654//6042 2656//6042 2597//6042 
f 2656//6043 2658//6043 2595//6043 
f 2658//6044 2593//6044 2595//6044 
f 2658//6045 2591//6045 2593//6045 
f 2660//6046 2591//6046 2658//6046 
f 2660//6047 2589//6047 2591//6047 
f 2662//6048 2589//6048 2660//6048 
f 2662//6049 2587//6049 2589//6049 
f 2662//6050 2585//6050 2587//6050 
f 2664//6051 2585//6051 2662//6051 
f 2664//6052 2583//6052 2585//6052 
f 2562//6053 2857//6053 2560//6053 
f 2564//6054 2857//6054 2562//6054 
f 2564//6055 2856//6055 2857//6055 
f 2566//6056 2856//6056 2564//6056 
f 2568//6057 2856//6057 2566//6057 
f 2570//6058 2856//6058 2568//6058 
f 2558//6059 2859//6059 2556//6059 
f 2560//6060 2859//6060 2558//6060 
f 2857//6061 2859//6061 2560//6061 
f 2570//6062 2853//6062 2856//6062 
f 2572//6063 2853//6063 2570//6063 
f 2574//6064 2853//6064 2572//6064 
f 2554//6065 2861//6065 2551//6065 
f 2556//6066 2861//6066 2554//6066 
f 2859//6067 2861//6067 2556//6067 
f 2547//6068 2851//6068 2574//6068 
f 2574//6069 2851//6069 2853//6069 
f 2861//6070 2863//6070 2551//6070 
f 2547//6071 2849//6071 2851//6071 
f 2666//6072 2581//6072 2664//6072 
f 2664//6073 2581//6073 2583//6073 
f 2863//6074 2866//6074 2551//6074 
f 2547//6075 2848//6075 2849//6075 
f 2866//6076 2867//6076 2551//6076 
f 2547//6077 2845//6077 2848//6077 
f 2668//6078 2579//6078 2666//6078 
f 2666//6079 2579//6079 2581//6079 
f 2867//6080 2869//6080 2551//6080 
f 2549//6081 2843//6081 2547//6081 
f 2547//6082 2843//6082 2845//6082 
f 2869//6083 2751//6083 2551//6083 
f 2549//6084 2841//6084 2843//6084 
f 2668//6085 2575//6085 2579//6085 
f 2751//6086 2753//6086 2551//6086 
f 2549//6087 2839//6087 2841//6087 
f 2753//6088 2755//6088 2551//6088 
f 2551//6089 2755//6089 2714//6089 
f 2549//6090 2838//6090 2839//6090 
f 2668//6091 2576//6091 2575//6091 
f 2670//6092 2576//6092 2668//6092 
f 2672//6093 2576//6093 2670//6093 
f 2674//6094 2576//6094 2672//6094 
f 2676//6095 2576//6095 2674//6095 
f 2678//6096 2576//6096 2676//6096 
f 2680//6097 2576//6097 2678//6097 
f 2682//6098 2576//6098 2680//6098 
f 2684//6099 2576//6099 2682//6099 
f 2871//6100 2836//6100 2549//6100 
f 2873//6101 2836//6101 2871//6101 
f 2549//6102 2836//6102 2838//6102 
f 2714//6103 2757//6103 2712//6103 
f 2755//6104 2757//6104 2714//6104 
f 2875//6105 2834//6105 2873//6105 
f 2877//6106 2834//6106 2875//6106 
f 2873//6107 2834//6107 2836//6107 
f 2757//6108 2759//6108 2712//6108 
f 2712//6109 2759//6109 2710//6109 
f 2879//6110 2832//6110 2877//6110 
f 2881//6111 2832//6111 2879//6111 
f 2877//6112 2832//6112 2834//6112 
f 2759//6113 2761//6113 2710//6113 
f 2710//6114 2761//6114 2708//6114 
f 2761//6115 2763//6115 2708//6115 
f 2708//6116 2763//6116 2706//6116 
f 2883//6117 2830//6117 2881//6117 
f 2885//6118 2830//6118 2883//6118 
f 2881//6119 2830//6119 2832//6119 
f 2887//6120 2828//6120 2885//6120 
f 2885//6121 2828//6121 2830//6121 
f 2763//6122 2765//6122 2706//6122 
f 2706//6123 2765//6123 2704//6123 
f 2889//6124 2826//6124 2887//6124 
f 2887//6125 2826//6125 2828//6125 
f 2826//6126 2891//6126 2824//6126 
f 2889//6127 2891//6127 2826//6127 
f 2891//6128 2893//6128 2824//6128 
f 2824//6129 2895//6129 2822//6129 
f 2893//6130 2895//6130 2824//6130 
f 2895//6131 2897//6131 2822//6131 
f 2897//6132 2899//6132 2822//6132 
f 2822//6133 2899//6133 2820//6133 
f 2899//6134 2901//6134 2820//6134 
f 2820//6135 2903//6135 2818//6135 
f 2901//6136 2903//6136 2820//6136 
f 2903//6137 2905//6137 2818//6137 
f 2818//6138 2907//6138 2816//6138 
f 2905//6139 2907//6139 2818//6139 
f 2907//6140 2909//6140 2816//6140 
f 2816//6141 2911//6141 2814//6141 
f 2909//6142 2911//6142 2816//6142 
f 2911//6143 2913//6143 2814//6143 
f 2814//6144 2915//6144 2812//6144 
f 2913//6145 2915//6145 2814//6145 
f 2806//6146 2917//6146 2804//6146 
f 2808//6147 2917//6147 2806//6147 
f 2810//6148 2917//6148 2808//6148 
f 2812//6149 2917//6149 2810//6149 
f 2915//6150 2917//6150 2812//6150 
f 2795//6151 2917//6151 2794//6151 
f 2798//6152 2917//6152 2795//6152 
f 2800//6153 2917//6153 2798//6153 
f 2802//6154 2917//6154 2800//6154 
f 2804//6155 2917//6155 2802//6155 
f 2686//6156 2642//6156 2684//6156 
f 2688//6157 2642//6157 2686//6157 
f 2690//6158 2642//6158 2688//6158 
f 2692//6159 2642//6159 2690//6159 
f 2694//6160 2642//6160 2692//6160 
f 2696//6161 2642//6161 2694//6161 
f 2698//6162 2642//6162 2696//6162 
f 2700//6163 2642//6163 2698//6163 
f 2702//6164 2642//6164 2700//6164 
f 2704//6165 2642//6165 2702//6165 
f 2765//6166 2642//6166 2704//6166 
f 2767//6167 2642//6167 2765//6167 
f 2769//6168 2642//6168 2767//6168 
f 2771//6169 2642//6169 2769//6169 
f 2773//6170 2642//6170 2771//6170 
f 2684//6171 2642//6171 2576//6171 
f 2775//6172 2642//6172 2773//6172 
f 2778//6173 2642//6173 2775//6173 
f 2779//6174 2642//6174 2778//6174 
f 2781//6175 2642//6175 2779//6175 
f 2783//6176 2642//6176 2781//6176 
f 2786//6177 2642//6177 2783//6177 
f 2917//6178 2543//6178 2794//6178 
f 2786//6179 2543//6179 2642//6179 
f 2642//6180 2543//6180 2545//6180 
f 2787//6181 2543//6181 2786//6181 
f 2790//6182 2543//6182 2787//6182 
f 2792//6183 2543//6183 2790//6183 
f 2794//6184 2543//6184 2792//6184 
f 2919//6185 2920//6185 2921//6185 
f 2922//6186 2920//6186 2919//6186 
f 2921//6187 2923//6187 2924//6187 
f 2920//6188 2923//6188 2921//6188 
f 2924//6189 2925//6189 2926//6189 
f 2923//6190 2925//6190 2924//6190 
f 2926//6191 2927//6191 2928//6191 
f 2925//6192 2927//6192 2926//6192 
f 2927//6193 2929//6193 2928//6193 
f 2928//6194 2929//6194 2930//6194 
f 2929//6195 2931//6195 2930//6195 
f 2930//6196 2931//6196 2932//6196 
f 2932//6197 2933//6197 2934//6197 
f 2931//6198 2933//6198 2932//6198 
f 2934//6199 2935//6199 2936//6199 
f 2933//6200 2935//6200 2934//6200 
f 2936//6201 2937//6201 2938//6201 
f 2935//6202 2937//6202 2936//6202 
f 2938//6203 2939//6203 2940//6203 
f 2937//6204 2939//6204 2938//6204 
f 2940//6205 2941//6205 2942//6205 
f 2939//6206 2941//6206 2940//6206 
f 2942//6207 2943//6207 2944//6207 
f 2941//6208 2943//6208 2942//6208 
f 2944//6209 2945//6209 2946//6209 
f 2943//6210 2945//6210 2944//6210 
f 2946//6211 2947//6211 2948//6211 
f 2945//6212 2947//6212 2946//6212 
f 2948//6213 2949//6213 2950//6213 
f 2947//6214 2949//6214 2948//6214 
f 2950//6215 2951//6215 2952//6215 
f 2949//6216 2951//6216 2950//6216 
f 2952//6217 2953//6217 2954//6217 
f 2951//6218 2953//6218 2952//6218 
f 2954//6219 2955//6219 2956//6219 
f 2953//6220 2955//6220 2954//6220 
f 2956//6221 2957//6221 2958//6221 
f 2955//6222 2957//6222 2956//6222 
f 2958//6223 2959//6223 2960//6223 
f 2957//6224 2959//6224 2958//6224 
f 2960//6225 2961//6225 2962//6225 
f 2959//6226 2961//6226 2960//6226 
f 2962//6227 2963//6227 2964//6227 
f 2961//6228 2963//6228 2962//6228 
f 2964//6229 2965//6229 2966//6229 
f 2963//6230 2965//6230 2964//6230 
f 2966//6231 2967//6231 2968//6231 
f 2965//6232 2967//6232 2966//6232 
f 2968//6233 2969//6233 2970//6233 
f 2967//6234 2969//6234 2968//6234 
f 2970//6235 2971//6235 2972//6235 
f 2969//6236 2971//6236 2970//6236 
f 2972//6237 2973//6237 2974//6237 
f 2971//6238 2973//6238 2972//6238 
f 2974//6239 2975//6239 2976//6239 
f 2973//6240 2975//6240 2974//6240 
f 2976//6241 2977//6241 2978//6241 
f 2975//6242 2977//6242 2976//6242 
f 2977//6243 2979//6243 2978//6243 
f 2978//6244 2979//6244 2980//6244 
f 2979//6245 2981//6245 2980//6245 
f 2980//6246 2981//6246 2982//6246 
f 2981//6247 2983//6247 2982//6247 
f 2982//6248 2983//6248 2984//6248 
f 2983//6249 2985//6249 2984//6249 
f 2984//6250 2985//6250 2986//6250 
f 2985//6251 2987//6251 2986//6251 
f 2986//6252 2987//6252 2988//6252 
f 2987//6253 2989//6253 2988//6253 
f 2988//6254 2989//6254 2990//6254 
f 2989//6255 2991//6255 2990//6255 
f 2990//6256 2991//6256 2992//6256 
f 2991//6257 2993//6257 2992//6257 
f 2992//6258 2993//6258 2994//6258 
f 2993//6259 2995//6259 2994//6259 
f 2994//6260 2995//6260 2996//6260 
f 2995//6261 2997//6261 2996//6261 
f 2996//6262 2997//6262 2998//6262 
f 2998//6263 2997//6263 2999//6263 
f 2999//6264 3000//6264 3001//6264 
f 2997//6265 3000//6265 2999//6265 
f 3001//6266 3002//6266 3003//6266 
f 3000//6267 3002//6267 3001//6267 
f 3003//6268 3004//6268 3005//6268 
f 3002//6269 3004//6269 3003//6269 
f 3004//6270 3006//6270 3005//6270 
f 3005//6271 3006//6271 3007//6271 
f 3006//6272 3008//6272 3007//6272 
f 3007//6273 3008//6273 3009//6273 
f 3008//6274 3010//6274 3009//6274 
f 3009//6275 3010//6275 3011//6275 
f 3011//6276 3012//6276 3013//6276 
f 3010//6277 3012//6277 3011//6277 
f 3013//6278 3014//6278 3015//6278 
f 3012//6279 3014//6279 3013//6279 
f 3015//6280 3016//6280 3017//6280 
f 3014//6281 3016//6281 3015//6281 
f 3017//6282 3018//6282 3019//6282 
f 3016//6283 3018//6283 3017//6283 
f 3019//6284 3020//6284 3021//6284 
f 3018//6285 3020//6285 3019//6285 
f 3021//6286 3022//6286 3023//6286 
f 3020//6287 3022//6287 3021//6287 
f 3023//6288 3024//6288 3025//6288 
f 3022//6289 3024//6289 3023//6289 
f 3025//6290 3026//6290 3027//6290 
f 3024//6291 3026//6291 3025//6291 
f 3027//6292 3028//6292 3029//6292 
f 3026//6293 3028//6293 3027//6293 
f 3029//6294 3030//6294 3031//6294 
f 3028//6295 3030//6295 3029//6295 
f 3031//6296 3032//6296 3033//6296 
f 3030//6297 3032//6297 3031//6297 
f 3033//6298 3034//6298 3035//6298 
f 3032//6299 3034//6299 3033//6299 
f 3035//6300 3036//6300 3037//6300 
f 3034//6301 3036//6301 3035//6301 
f 3037//6302 3038//6302 3039//6302 
f 3036//6303 3038//6303 3037//6303 
f 3039//6304 3040//6304 3041//6304 
f 3038//6305 3040//6305 3039//6305 
f 3041//6306 3042//6306 3043//6306 
f 3040//6307 3042//6307 3041//6307 
f 3043//6308 3044//6308 3045//6308 
f 3042//6309 3044//6309 3043//6309 
f 3045//6310 3046//6310 3047//6310 
f 3044//6311 3046//6311 3045//6311 
f 3047//6312 3048//6312 3049//6312 
f 3046//6313 3048//6313 3047//6313 
f 3049//6314 3050//6314 3051//6314 
f 3048//6315 3050//6315 3049//6315 
f 3051//6316 3052//6316 3053//6316 
f 3050//6317 3052//6317 3051//6317 
f 3053//6318 3054//6318 3055//6318 
f 3052//6319 3054//6319 3053//6319 
f 3055//6320 3056//6320 3057//6320 
f 3054//6321 3056//6321 3055//6321 
f 3057//6322 3058//6322 3059//6322 
f 3056//6323 3058//6323 3057//6323 
f 3058//6324 3060//6324 3059//6324 
f 3059//6325 3060//6325 3061//6325 
f 3060//6326 3062//6326 3061//6326 
f 3061//6327 3062//6327 3063//6327 
f 3062//6328 3064//6328 3063//6328 
f 3063//6329 3064//6329 3065//6329 
f 3064//6330 3066//6330 3065//6330 
f 3065//6331 3066//6331 3067//6331 
f 3066//6332 3068//6332 3067//6332 
f 3067//6333 3068//6333 3069//6333 
f 3068//6334 3070//6334 3069//6334 
f 3069//6335 3070//6335 3071//6335 
f 3070//6336 3072//6336 3071//6336 
f 3071//6337 3072//6337 3073//6337 
f 3072//6338 3074//6338 3073//6338 
f 3074//6339 2922//6339 3073//6339 
f 3073//6340 2922//6340 2919//6340 
f 3075//6341 3076//6341 3077//6341 
f 3078//6342 3076//6342 3075//6342 
f 3077//6343 3079//6343 3080//6343 
f 3076//6344 3079//6344 3077//6344 
f 3080//6345 3081//6345 3082//6345 
f 3082//6346 3081//6346 3083//6346 
f 3079//6347 3081//6347 3080//6347 
f 3083//6348 3084//6348 3085//6348 
f 3081//6349 3084//6349 3083//6349 
f 3085//6350 3086//6350 3087//6350 
f 3084//6351 3086//6351 3085//6351 
f 3087//6352 3088//6352 3089//6352 
f 3086//6353 3088//6353 3087//6353 
f 3089//6354 3090//6354 3091//6354 
f 3088//6355 3090//6355 3089//6355 
f 3091//6356 3092//6356 3093//6356 
f 3090//6357 3092//6357 3091//6357 
f 3093//6358 3094//6358 3095//6358 
f 3092//6359 3094//6359 3093//6359 
f 3095//6360 3096//6360 3097//6360 
f 3094//6361 3096//6361 3095//6361 
f 3097//6362 3098//6362 3099//6362 
f 3096//6363 3098//6363 3097//6363 
f 3099//6364 3100//6364 3101//6364 
f 3098//6365 3100//6365 3099//6365 
f 3101//6366 3102//6366 3103//6366 
f 3100//6367 3102//6367 3101//6367 
f 3103//6368 3104//6368 3105//6368 
f 3102//6369 3104//6369 3103//6369 
f 3104//6370 3106//6370 3105//6370 
f 3107//6371 3078//6371 3075//6371 
f 3107//6372 3108//6372 3078//6372 
f 3109//6373 3110//6373 3111//6373 
f 3109//6374 3111//6374 3112//6374 
f 3113//6375 3112//6375 3114//6375 
f 3113//6376 3109//6376 3112//6376 
f 3115//6377 3114//6377 3116//6377 
f 3115//6378 3113//6378 3114//6378 
f 3117//6379 3116//6379 3118//6379 
f 3117//6380 3115//6380 3116//6380 
f 3119//6381 3118//6381 3120//6381 
f 3119//6382 3117//6382 3118//6382 
f 3121//6383 3120//6383 3122//6383 
f 3121//6384 3119//6384 3120//6384 
f 3123//6385 3121//6385 3122//6385 
f 3123//6386 3122//6386 3124//6386 
f 3125//6387 3123//6387 3124//6387 
f 3125//6388 3124//6388 3126//6388 
f 3127//6389 3125//6389 3126//6389 
f 3127//6390 3126//6390 3128//6390 
f 3129//6391 3127//6391 3128//6391 
f 3129//6392 3128//6392 3130//6392 
f 3131//6393 3129//6393 3130//6393 
f 3131//6394 3130//6394 3132//6394 
f 3133//6395 3131//6395 3132//6395 
f 3133//6396 3132//6396 3134//6396 
f 3135//6397 3134//6397 3136//6397 
f 3135//6398 3133//6398 3134//6398 
f 3137//6399 3135//6399 3136//6399 
f 3137//6400 3136//6400 3138//6400 
f 3139//6401 3138//6401 3140//6401 
f 3139//6402 3137//6402 3138//6402 
f 3141//6403 3140//6403 3142//6403 
f 3141//6404 3139//6404 3140//6404 
f 3143//6405 3142//6405 3144//6405 
f 3143//6406 3141//6406 3142//6406 
f 3145//6407 3144//6407 3146//6407 
f 3145//6408 3143//6408 3144//6408 
f 3147//6409 3146//6409 3148//6409 
f 3147//6410 3145//6410 3146//6410 
f 3149//6411 3148//6411 3150//6411 
f 3149//6412 3147//6412 3148//6412 
f 3151//6413 3150//6413 3152//6413 
f 3151//6414 3149//6414 3150//6414 
f 3153//6415 3152//6415 3154//6415 
f 3153//6416 3151//6416 3152//6416 
f 3155//6417 3154//6417 3156//6417 
f 3155//6418 3153//6418 3154//6418 
f 3157//6419 3156//6419 3158//6419 
f 3157//6420 3155//6420 3156//6420 
f 3159//6421 3158//6421 3160//6421 
f 3159//6422 3157//6422 3158//6422 
f 3161//6423 3160//6423 3162//6423 
f 3161//6424 3159//6424 3160//6424 
f 3163//6425 3162//6425 3164//6425 
f 3163//6426 3161//6426 3162//6426 
f 3165//6427 3164//6427 3166//6427 
f 3165//6428 3163//6428 3164//6428 
f 3167//6429 3166//6429 3168//6429 
f 3167//6430 3165//6430 3166//6430 
f 3169//6431 3168//6431 3170//6431 
f 3169//6432 3167//6432 3168//6432 
f 3171//6433 3170//6433 3172//6433 
f 3171//6434 3169//6434 3170//6434 
f 3173//6435 3171//6435 3172//6435 
f 3173//6436 3172//6436 3174//6436 
f 3175//6437 3174//6437 3176//6437 
f 3175//6438 3173//6438 3174//6438 
f 3107//6439 3176//6439 3108//6439 
f 3107//6440 3175//6440 3176//6440 
f 3177//6441 3178//6441 3110//6441 
f 3110//6442 3178//6442 3111//6442 
f 3179//6443 3180//6443 3181//6443 
f 3182//6444 3180//6444 3179//6444 
f 3181//6445 3183//6445 3184//6445 
f 3180//6446 3183//6446 3181//6446 
f 3184//6447 3185//6447 3186//6447 
f 3183//6448 3185//6448 3184//6448 
f 3186//6449 3187//6449 3188//6449 
f 3185//6450 3187//6450 3186//6450 
f 3188//6451 3189//6451 3190//6451 
f 3187//6452 3189//6452 3188//6452 
f 3190//6453 3191//6453 3192//6453 
f 3189//6454 3191//6454 3190//6454 
f 3192//6455 3193//6455 3194//6455 
f 3191//6456 3193//6456 3192//6456 
f 3194//6457 3195//6457 3196//6457 
f 3193//6458 3195//6458 3194//6458 
f 3196//6459 3197//6459 3198//6459 
f 3195//6460 3197//6460 3196//6460 
f 3198//6461 3199//6461 3200//6461 
f 3197//6462 3199//6462 3198//6462 
f 3200//6463 3201//6463 3202//6463 
f 3199//6464 3201//6464 3200//6464 
f 3202//6465 3203//6465 3204//6465 
f 3201//6466 3203//6466 3202//6466 
f 3204//6467 3205//6467 3206//6467 
f 3203//6468 3205//6468 3204//6468 
f 3206//6469 3207//6469 3208//6469 
f 3205//6470 3207//6470 3206//6470 
f 3208//6471 3178//6471 3177//6471 
f 3207//6472 3178//6472 3208//6472 
f 3209//6473 3105//6473 3106//6473 
f 3209//6474 3106//6474 3210//6474 
f 3211//6475 3209//6475 3210//6475 
f 3211//6476 3210//6476 3212//6476 
f 3213//6477 3211//6477 3212//6477 
f 3213//6478 3212//6478 3214//6478 
f 3215//6479 3213//6479 3214//6479 
f 3215//6480 3214//6480 3216//6480 
f 3217//6481 3215//6481 3216//6481 
f 3217//6482 3216//6482 3218//6482 
f 3219//6483 3218//6483 3220//6483 
f 3219//6484 3217//6484 3218//6484 
f 3221//6485 3220//6485 3222//6485 
f 3221//6486 3219//6486 3220//6486 
f 3223//6487 3222//6487 3224//6487 
f 3223//6488 3221//6488 3222//6488 
f 3225//6489 3224//6489 3226//6489 
f 3225//6490 3223//6490 3224//6490 
f 3227//6491 3226//6491 3228//6491 
f 3227//6492 3225//6492 3226//6492 
f 3229//6493 3228//6493 3230//6493 
f 3229//6494 3227//6494 3228//6494 
f 3231//6495 3230//6495 3232//6495 
f 3231//6496 3229//6496 3230//6496 
f 3233//6497 3232//6497 3234//6497 
f 3233//6498 3231//6498 3232//6498 
f 3235//6499 3234//6499 3236//6499 
f 3235//6500 3233//6500 3234//6500 
f 3237//6501 3236//6501 3238//6501 
f 3237//6502 3235//6502 3236//6502 
f 3239//6503 3238//6503 3240//6503 
f 3239//6504 3237//6504 3238//6504 
f 3241//6505 3239//6505 3240//6505 
f 3241//6506 3240//6506 3242//6506 
f 3243//6507 3241//6507 3242//6507 
f 3243//6508 3242//6508 3244//6508 
f 3245//6509 3243//6509 3244//6509 
f 3245//6510 3244//6510 3246//6510 
f 3247//6511 3245//6511 3246//6511 
f 3247//6512 3246//6512 3248//6512 
f 3249//6513 3247//6513 3248//6513 
f 3249//6514 3248//6514 3250//6514 
f 3251//6515 3249//6515 3250//6515 
f 3251//6516 3250//6516 3252//6516 
f 3253//6517 3251//6517 3252//6517 
f 3253//6518 3252//6518 3254//6518 
f 3255//6519 3253//6519 3254//6519 
f 3255//6520 3254//6520 3256//6520 
f 3257//6521 3255//6521 3256//6521 
f 3257//6522 3256//6522 3258//6522 
f 3259//6523 3258//6523 3260//6523 
f 3259//6524 3257//6524 3258//6524 
f 3261//6525 3259//6525 3260//6525 
f 3261//6526 3260//6526 3262//6526 
f 3263//6527 3262//6527 3264//6527 
f 3263//6528 3261//6528 3262//6528 
f 3265//6529 3264//6529 3266//6529 
f 3265//6530 3263//6530 3264//6530 
f 3267//6531 3266//6531 3268//6531 
f 3267//6532 3265//6532 3266//6532 
f 3269//6533 3268//6533 3270//6533 
f 3269//6534 3267//6534 3268//6534 
f 3271//6535 3270//6535 3272//6535 
f 3271//6536 3269//6536 3270//6536 
f 3273//6537 3272//6537 3274//6537 
f 3273//6538 3271//6538 3272//6538 
f 3275//6539 3274//6539 3276//6539 
f 3275//6540 3273//6540 3274//6540 
f 3277//6541 3276//6541 3278//6541 
f 3277//6542 3275//6542 3276//6542 
f 3279//6543 3278//6543 3280//6543 
f 3279//6544 3277//6544 3278//6544 
f 3281//6545 3280//6545 3282//6545 
f 3281//6546 3279//6546 3280//6546 
f 3283//6547 3282//6547 3284//6547 
f 3283//6548 3281//6548 3282//6548 
f 3285//6549 3284//6549 3286//6549 
f 3285//6550 3283//6550 3284//6550 
f 3287//6551 3286//6551 3288//6551 
f 3287//6552 3285//6552 3286//6552 
f 3289//6553 3287//6553 3288//6553 
f 3289//6554 3288//6554 3290//6554 
f 3291//6555 3289//6555 3290//6555 
f 3291//6556 3290//6556 3292//6556 
f 3293//6557 3291//6557 3292//6557 
f 3293//6558 3292//6558 3294//6558 
f 3295//6559 3293//6559 3294//6559 
f 3295//6560 3294//6560 3296//6560 
f 3297//6561 3295//6561 3296//6561 
f 3297//6562 3296//6562 3298//6562 
f 3299//6563 3298//6563 3300//6563 
f 3299//6564 3297//6564 3298//6564 
f 3301//6565 3300//6565 3302//6565 
f 3301//6566 3299//6566 3300//6566 
f 3303//6567 3302//6567 3304//6567 
f 3303//6568 3301//6568 3302//6568 
f 3305//6569 3304//6569 3306//6569 
f 3305//6570 3303//6570 3304//6570 
f 3307//6571 3306//6571 3308//6571 
f 3307//6572 3305//6572 3306//6572 
f 3309//6573 3308//6573 3310//6573 
f 3309//6574 3307//6574 3308//6574 
f 3311//6575 3310//6575 3312//6575 
f 3311//6576 3309//6576 3310//6576 
f 3313//6577 3312//6577 3314//6577 
f 3313//6578 3311//6578 3312//6578 
f 3315//6579 3314//6579 3316//6579 
f 3315//6580 3313//6580 3314//6580 
f 3317//6581 3316//6581 3318//6581 
f 3317//6582 3315//6582 3316//6582 
f 3319//6583 3318//6583 3320//6583 
f 3319//6584 3317//6584 3318//6584 
f 3321//6585 3320//6585 3322//6585 
f 3321//6586 3319//6586 3320//6586 
f 3323//6587 3322//6587 3324//6587 
f 3323//6588 3321//6588 3322//6588 
f 3325//6589 3324//6589 3326//6589 
f 3325//6590 3323//6590 3324//6590 
f 3327//6591 3328//6591 3329//6591 
f 3327//6592 3326//6592 3328//6592 
f 3327//6593 3325//6593 3326//6593 
f 3330//6594 3327//6594 3329//6594 
f 3331//6595 3332//6595 3333//6595 
f 3331//6596 3329//6596 3332//6596 
f 3331//6597 3330//6597 3329//6597 
f 3334//6598 3331//6598 3333//6598 
f 3335//6599 3333//6599 3336//6599 
f 3335//6600 3334//6600 3333//6600 
f 3337//6601 3336//6601 3338//6601 
f 3337//6602 3335//6602 3336//6602 
f 3339//6603 3338//6603 3340//6603 
f 3339//6604 3337//6604 3338//6604 
f 3179//6605 3339//6605 3340//6605 
f 3179//6606 3340//6606 3182//6606 
f 3341//6607 3342//6607 3343//6607 
f 3344//6608 3342//6608 3341//6608 
f 3343//6609 3345//6609 3346//6609 
f 3342//6610 3345//6610 3343//6610 
f 3346//6611 3347//6611 3348//6611 
f 3345//6612 3347//6612 3346//6612 
f 3348//6613 3349//6613 3350//6613 
f 3347//6614 3349//6614 3348//6614 
f 3350//6615 3351//6615 3352//6615 
f 3349//6616 3351//6616 3350//6616 
f 3352//6617 3353//6617 3354//6617 
f 3351//6618 3353//6618 3352//6618 
f 3354//6619 3355//6619 3356//6619 
f 3353//6620 3355//6620 3354//6620 
f 3356//6621 3357//6621 3358//6621 
f 3355//6622 3357//6622 3356//6622 
f 3358//6623 3359//6623 3360//6623 
f 3357//6624 3359//6624 3358//6624 
f 3360//6625 3361//6625 3362//6625 
f 3359//6626 3361//6626 3360//6626 
f 3362//6627 3363//6627 3364//6627 
f 3361//6628 3363//6628 3362//6628 
f 3363//6629 3365//6629 3364//6629 
f 3364//6630 3365//6630 3366//6630 
f 3365//6631 3367//6631 3366//6631 
f 3366//6632 3367//6632 3368//6632 
f 3367//6633 3369//6633 3368//6633 
f 3368//6634 3369//6634 3370//6634 
f 3370//6635 3371//6635 3372//6635 
f 3369//6636 3371//6636 3370//6636 
f 3371//6637 3373//6637 3372//6637 
f 3372//6638 3373//6638 3374//6638 
f 3374//6639 3375//6639 3376//6639 
f 3373//6640 3375//6640 3374//6640 
f 3376//6641 3377//6641 3378//6641 
f 3375//6642 3377//6642 3376//6642 
f 3378//6643 3379//6643 3380//6643 
f 3377//6644 3379//6644 3378//6644 
f 3380//6645 3381//6645 3382//6645 
f 3379//6646 3381//6646 3380//6646 
f 3382//6647 3383//6647 3384//6647 
f 3381//6648 3383//6648 3382//6648 
f 3384//6649 3385//6649 3386//6649 
f 3383//6650 3385//6650 3384//6650 
f 3386//6651 3387//6651 3388//6651 
f 3385//6652 3387//6652 3386//6652 
f 3388//6653 3389//6653 3390//6653 
f 3387//6654 3389//6654 3388//6654 
f 3390//6655 3389//6655 3391//6655 
f 3391//6656 3392//6656 3393//6656 
f 3389//6657 3392//6657 3391//6657 
f 3393//6658 3394//6658 3395//6658 
f 3392//6659 3394//6659 3393//6659 
f 3395//6660 3396//6660 3397//6660 
f 3394//6661 3396//6661 3395//6661 
f 3397//6662 3398//6662 3399//6662 
f 3396//6663 3398//6663 3397//6663 
f 3399//6664 3400//6664 3401//6664 
f 3398//6665 3400//6665 3399//6665 
f 3401//6666 3402//6666 3403//6666 
f 3400//6667 3402//6667 3401//6667 
f 3403//6668 3404//6668 3405//6668 
f 3402//6669 3404//6669 3403//6669 
f 3405//6670 3406//6670 3407//6670 
f 3404//6671 3406//6671 3405//6671 
f 3407//6672 3408//6672 3409//6672 
f 3406//6673 3408//6673 3407//6673 
f 3409//6674 3410//6674 3411//6674 
f 3408//6675 3410//6675 3409//6675 
f 3411//6676 3412//6676 3413//6676 
f 3410//6677 3412//6677 3411//6677 
f 3412//6678 3414//6678 3413//6678 
f 3413//6679 3414//6679 3415//6679 
f 3414//6680 3416//6680 3415//6680 
f 3415//6681 3416//6681 3417//6681 
f 3416//6682 3418//6682 3417//6682 
f 3417//6683 3418//6683 3419//6683 
f 3418//6684 3420//6684 3419//6684 
f 3419//6685 3420//6685 3421//6685 
f 3420//6686 3422//6686 3421//6686 
f 3421//6687 3422//6687 3423//6687 
f 3423//6688 3424//6688 3425//6688 
f 3422//6689 3424//6689 3423//6689 
f 3425//6690 3426//6690 3427//6690 
f 3424//6691 3426//6691 3425//6691 
f 3427//6692 3428//6692 3429//6692 
f 3426//6693 3428//6693 3427//6693 
f 3429//6694 3430//6694 3431//6694 
f 3428//6695 3430//6695 3429//6695 
f 3431//6696 3432//6696 3433//6696 
f 3430//6697 3432//6697 3431//6697 
f 3433//6698 3434//6698 3435//6698 
f 3432//6699 3434//6699 3433//6699 
f 3435//6700 3436//6700 3341//6700 
f 3434//6701 3436//6701 3435//6701 
f 3436//6702 3344//6702 3341//6702 
f 3126//6703 3402//6703 3128//6703 
f 3130//6704 3400//6704 3132//6704 
f 3128//6705 3400//6705 3130//6705 
f 3402//6706 3400//6706 3128//6706 
f 3124//6707 3404//6707 3126//6707 
f 3122//6708 3404//6708 3124//6708 
f 3126//6709 3404//6709 3402//6709 
f 3132//6710 3398//6710 3134//6710 
f 3400//6711 3398//6711 3132//6711 
f 3120//6712 3406//6712 3122//6712 
f 3122//6713 3406//6713 3404//6713 
f 3134//6714 3396//6714 3136//6714 
f 3398//6715 3396//6715 3134//6715 
f 3118//6716 3408//6716 3120//6716 
f 3120//6717 3408//6717 3406//6717 
f 3138//6718 3394//6718 3140//6718 
f 3136//6719 3394//6719 3138//6719 
f 3396//6720 3394//6720 3136//6720 
f 3118//6721 3410//6721 3408//6721 
f 3116//6722 3410//6722 3118//6722 
f 3114//6723 3410//6723 3116//6723 
f 3140//6724 3392//6724 3142//6724 
f 3394//6725 3392//6725 3140//6725 
f 3112//6726 3412//6726 3114//6726 
f 3114//6727 3412//6727 3410//6727 
f 3142//6728 3389//6728 3144//6728 
f 3392//6729 3389//6729 3142//6729 
f 3144//6730 3389//6730 3146//6730 
f 3112//6731 3414//6731 3412//6731 
f 3111//6732 3414//6732 3112//6732 
f 3389//6733 3387//6733 3146//6733 
f 3146//6734 3387//6734 3148//6734 
f 3111//6735 3416//6735 3414//6735 
f 3387//6736 3385//6736 3148//6736 
f 3150//6737 3385//6737 3152//6737 
f 3148//6738 3385//6738 3150//6738 
f 3111//6739 3418//6739 3416//6739 
f 3385//6740 3383//6740 3152//6740 
f 3152//6741 3383//6741 3154//6741 
f 3111//6742 3420//6742 3418//6742 
f 3383//6743 3381//6743 3154//6743 
f 3154//6744 3381//6744 3156//6744 
f 3111//6745 3422//6745 3420//6745 
f 3381//6746 3379//6746 3156//6746 
f 3156//6747 3379//6747 3158//6747 
f 3379//6748 3160//6748 3158//6748 
f 3379//6749 3377//6749 3160//6749 
f 3424//6750 3178//6750 3426//6750 
f 3422//6751 3178//6751 3424//6751 
f 3111//6752 3178//6752 3422//6752 
f 3377//6753 3162//6753 3160//6753 
f 3377//6754 3375//6754 3162//6754 
f 3178//6755 3428//6755 3426//6755 
f 3178//6756 3430//6756 3428//6756 
f 3375//6757 3164//6757 3162//6757 
f 3178//6758 3432//6758 3430//6758 
f 3373//6759 3166//6759 3375//6759 
f 3375//6760 3166//6760 3164//6760 
f 3207//6761 3434//6761 3178//6761 
f 3178//6762 3434//6762 3432//6762 
f 3207//6763 3436//6763 3434//6763 
f 3371//6764 3168//6764 3373//6764 
f 3373//6765 3168//6765 3166//6765 
f 3207//6766 3344//6766 3436//6766 
f 3207//6767 3205//6767 3344//6767 
f 3369//6768 3170//6768 3371//6768 
f 3371//6769 3170//6769 3168//6769 
f 3369//6770 3172//6770 3170//6770 
f 3369//6771 3174//6771 3172//6771 
f 3367//6772 3174//6772 3369//6772 
f 3367//6773 3176//6773 3174//6773 
f 3365//6774 3176//6774 3367//6774 
f 3365//6775 3108//6775 3176//6775 
f 3363//6776 3108//6776 3365//6776 
f 3361//6777 3108//6777 3363//6777 
f 3359//6778 3108//6778 3361//6778 
f 3357//6779 3108//6779 3359//6779 
f 3355//6780 3078//6780 3357//6780 
f 3353//6781 3078//6781 3355//6781 
f 3351//6782 3078//6782 3353//6782 
f 3349//6783 3078//6783 3351//6783 
f 3347//6784 3078//6784 3349//6784 
f 3345//6785 3078//6785 3347//6785 
f 3357//6786 3078//6786 3108//6786 
f 3345//6787 3076//6787 3078//6787 
f 3342//6788 3076//6788 3345//6788 
f 3344//6789 3076//6789 3342//6789 
f 3205//6790 3079//6790 3344//6790 
f 3344//6791 3079//6791 3076//6791 
f 3203//6792 3079//6792 3205//6792 
f 3203//6793 3081//6793 3079//6793 
f 3201//6794 3081//6794 3203//6794 
f 3201//6795 3084//6795 3081//6795 
f 3199//6796 3084//6796 3201//6796 
f 3199//6797 3086//6797 3084//6797 
f 3197//6798 3086//6798 3199//6798 
f 3197//6799 3088//6799 3086//6799 
f 3195//6800 3088//6800 3197//6800 
f 3180//6801 3018//6801 3183//6801 
f 3183//6802 3016//6802 3185//6802 
f 3018//6803 3016//6803 3183//6803 
f 3180//6804 3020//6804 3018//6804 
f 3016//6805 3014//6805 3185//6805 
f 3182//6806 3022//6806 3180//6806 
f 3180//6807 3022//6807 3020//6807 
f 3185//6808 3012//6808 3187//6808 
f 3014//6809 3012//6809 3185//6809 
f 3340//6810 3024//6810 3182//6810 
f 3182//6811 3024//6811 3022//6811 
f 3012//6812 3010//6812 3187//6812 
f 3340//6813 3026//6813 3024//6813 
f 3338//6814 3026//6814 3340//6814 
f 3010//6815 3008//6815 3187//6815 
f 3187//6816 3008//6816 3189//6816 
f 3336//6817 3028//6817 3338//6817 
f 3338//6818 3028//6818 3026//6818 
f 3008//6819 3006//6819 3189//6819 
f 3189//6820 3006//6820 3191//6820 
f 3195//6821 3090//6821 3088//6821 
f 3333//6822 3030//6822 3336//6822 
f 3332//6823 3030//6823 3333//6823 
f 3336//6824 3030//6824 3028//6824 
f 3006//6825 3004//6825 3191//6825 
f 3329//6826 3032//6826 3332//6826 
f 3332//6827 3032//6827 3030//6827 
f 3191//6828 3002//6828 3193//6828 
f 3004//6829 3002//6829 3191//6829 
f 3328//6830 3034//6830 3329//6830 
f 3329//6831 3034//6831 3032//6831 
f 3002//6832 3000//6832 3193//6832 
f 3193//6833 3000//6833 3195//6833 
f 3326//6834 3036//6834 3328//6834 
f 3328//6835 3036//6835 3034//6835 
f 3195//6836 2997//6836 3090//6836 
f 3000//6837 2997//6837 3195//6837 
f 3324//6838 3038//6838 3326//6838 
f 3322//6839 3038//6839 3324//6839 
f 3326//6840 3038//6840 3036//6840 
f 3090//6841 2995//6841 3092//6841 
f 2997//6842 2995//6842 3090//6842 
f 3320//6843 3040//6843 3322//6843 
f 3322//6844 3040//6844 3038//6844 
f 2995//6845 2993//6845 3092//6845 
f 2993//6846 3094//6846 3092//6846 
f 3318//6847 3042//6847 3320//6847 
f 3320//6848 3042//6848 3040//6848 
f 2993//6849 2991//6849 3094//6849 
f 3316//6850 3044//6850 3318//6850 
f 3314//6851 3044//6851 3316//6851 
f 3318//6852 3044//6852 3042//6852 
f 2991//6853 2989//6853 3094//6853 
f 2989//6854 3096//6854 3094//6854 
f 3312//6855 3046//6855 3314//6855 
f 3314//6856 3046//6856 3044//6856 
f 2989//6857 2987//6857 3096//6857 
f 3310//6858 3048//6858 3312//6858 
f 3312//6859 3048//6859 3046//6859 
f 3308//6860 3050//6860 3310//6860 
f 3310//6861 3050//6861 3048//6861 
f 2987//6862 3098//6862 3096//6862 
f 2985//6863 3098//6863 2987//6863 
f 2985//6864 2983//6864 3098//6864 
f 3306//6865 3052//6865 3308//6865 
f 3304//6866 3052//6866 3306//6866 
f 3308//6867 3052//6867 3050//6867 
f 3302//6868 3054//6868 3304//6868 
f 3304//6869 3054//6869 3052//6869 
f 2983//6870 3100//6870 3098//6870 
f 2981//6871 3100//6871 2983//6871 
f 2981//6872 2979//6872 3100//6872 
f 3302//6873 3056//6873 3054//6873 
f 3302//6874 3300//6874 3056//6874 
f 3300//6875 3058//6875 3056//6875 
f 2979//6876 3102//6876 3100//6876 
f 2977//6877 3102//6877 2979//6877 
f 3300//6878 3298//6878 3058//6878 
f 3298//6879 3296//6879 3058//6879 
f 3058//6880 3296//6880 3060//6880 
f 2977//6881 3104//6881 3102//6881 
f 2975//6882 3104//6882 2977//6882 
f 2973//6883 3104//6883 2975//6883 
f 3296//6884 3294//6884 3060//6884 
f 3060//6885 3294//6885 3062//6885 
f 3294//6886 3292//6886 3062//6886 
f 3062//6887 3292//6887 3064//6887 
f 2973//6888 3106//6888 3104//6888 
f 2971//6889 3106//6889 2973//6889 
f 3292//6890 3290//6890 3064//6890 
f 3064//6891 3290//6891 3066//6891 
f 2969//6892 3210//6892 2971//6892 
f 2971//6893 3210//6893 3106//6893 
f 3290//6894 3288//6894 3066//6894 
f 2969//6895 3212//6895 3210//6895 
f 2967//6896 3212//6896 2969//6896 
f 3066//6897 3286//6897 3068//6897 
f 3288//6898 3286//6898 3066//6898 
f 2967//6899 3214//6899 3212//6899 
f 2965//6900 3214//6900 2967//6900 
f 3068//6901 3284//6901 3070//6901 
f 3286//6902 3284//6902 3068//6902 
f 2965//6903 3216//6903 3214//6903 
f 3070//6904 3282//6904 3072//6904 
f 3284//6905 3282//6905 3070//6905 
f 2965//6906 3218//6906 3216//6906 
f 2963//6907 3218//6907 2965//6907 
f 3282//6908 3280//6908 3072//6908 
f 2963//6909 3220//6909 3218//6909 
f 2961//6910 3220//6910 2963//6910 
f 3280//6911 3278//6911 3072//6911 
f 3072//6912 3278//6912 3074//6912 
f 2961//6913 3222//6913 3220//6913 
f 2959//6914 3222//6914 2961//6914 
f 3278//6915 3276//6915 3074//6915 
f 3074//6916 3276//6916 2922//6916 
f 2959//6917 3224//6917 3222//6917 
f 2957//6918 3224//6918 2959//6918 
f 2922//6919 3274//6919 2920//6919 
f 3276//6920 3274//6920 2922//6920 
f 2957//6921 3226//6921 3224//6921 
f 2920//6922 3272//6922 2923//6922 
f 3274//6923 3272//6923 2920//6923 
f 2957//6924 3228//6924 3226//6924 
f 2955//6925 3228//6925 2957//6925 
f 3272//6926 3270//6926 2923//6926 
f 2955//6927 3230//6927 3228//6927 
f 2953//6928 3230//6928 2955//6928 
f 2923//6929 3268//6929 2925//6929 
f 3270//6930 3268//6930 2923//6930 
f 2953//6931 3232//6931 3230//6931 
f 2951//6932 3232//6932 2953//6932 
f 3268//6933 3266//6933 2925//6933 
f 2925//6934 3266//6934 2927//6934 
f 2951//6935 3234//6935 3232//6935 
f 2927//6936 3264//6936 2929//6936 
f 3266//6937 3264//6937 2927//6937 
f 2951//6938 3236//6938 3234//6938 
f 2949//6939 3236//6939 2951//6939 
f 3264//6940 3262//6940 2929//6940 
f 2949//6941 3238//6941 3236//6941 
f 2947//6942 3238//6942 2949//6942 
f 2929//6943 3260//6943 2931//6943 
f 3262//6944 3260//6944 2929//6944 
f 2947//6945 3240//6945 3238//6945 
f 2945//6946 3240//6946 2947//6946 
f 2931//6947 3258//6947 2933//6947 
f 3260//6948 3258//6948 2931//6948 
f 2945//6949 3242//6949 3240//6949 
f 2943//6950 3242//6950 2945//6950 
f 2933//6951 3256//6951 2935//6951 
f 3258//6952 3256//6952 2933//6952 
f 2943//6953 3244//6953 3242//6953 
f 2935//6954 3254//6954 2937//6954 
f 3256//6955 3254//6955 2935//6955 
f 2943//6956 3246//6956 3244//6956 
f 2941//6957 3246//6957 2943//6957 
f 3254//6958 3252//6958 2937//6958 
f 2941//6959 3248//6959 3246//6959 
f 2939//6960 3248//6960 2941//6960 
f 2937//6961 3250//6961 2939//6961 
f 3252//6962 3250//6962 2937//6962 
f 2939//6963 3250//6963 3248//6963 
f 3161//6964 3378//6964 3159//6964 
f 3163//6965 3376//6965 3161//6965 
f 3165//6966 3376//6966 3163//6966 
f 3161//6967 3376//6967 3378//6967 
f 3157//6968 3380//6968 3155//6968 
f 3159//6969 3380//6969 3157//6969 
f 3378//6970 3380//6970 3159//6970 
f 3167//6971 3374//6971 3165//6971 
f 3165//6972 3374//6972 3376//6972 
f 3155//6973 3382//6973 3153//6973 
f 3380//6974 3382//6974 3155//6974 
f 3167//6975 3372//6975 3374//6975 
f 3169//6976 3372//6976 3167//6976 
f 3382//6977 3384//6977 3153//6977 
f 3153//6978 3384//6978 3151//6978 
f 3171//6979 3370//6979 3169//6979 
f 3173//6980 3370//6980 3171//6980 
f 3169//6981 3370//6981 3372//6981 
f 3384//6982 3386//6982 3151//6982 
f 3149//6983 3386//6983 3147//6983 
f 3151//6984 3386//6984 3149//6984 
f 3173//6985 3368//6985 3370//6985 
f 3175//6986 3368//6986 3173//6986 
f 3386//6987 3388//6987 3147//6987 
f 3147//6988 3388//6988 3145//6988 
f 3175//6989 3366//6989 3368//6989 
f 3107//6990 3366//6990 3175//6990 
f 3388//6991 3390//6991 3145//6991 
f 3143//6992 3390//6992 3141//6992 
f 3145//6993 3390//6993 3143//6993 
f 3107//6994 3364//6994 3366//6994 
f 3390//6995 3391//6995 3141//6995 
f 3141//6996 3391//6996 3139//6996 
f 3107//6997 3362//6997 3364//6997 
f 3391//6998 3393//6998 3139//6998 
f 3137//6999 3393//6999 3135//6999 
f 3139//7000 3393//7000 3137//7000 
f 3107//7001 3360//7001 3362//7001 
f 3135//7002 3395//7002 3133//7002 
f 3393//7003 3395//7003 3135//7003 
f 3107//7004 3358//7004 3360//7004 
f 3133//7005 3397//7005 3131//7005 
f 3395//7006 3397//7006 3133//7006 
f 3131//7007 3399//7007 3129//7007 
f 3397//7008 3399//7008 3131//7008 
f 3399//7009 3127//7009 3129//7009 
f 3399//7010 3401//7010 3127//7010 
f 3356//7011 3075//7011 3354//7011 
f 3358//7012 3075//7012 3356//7012 
f 3107//7013 3075//7013 3358//7013 
f 3401//7014 3125//7014 3127//7014 
f 3075//7015 3352//7015 3354//7015 
f 3401//7016 3403//7016 3125//7016 
f 3075//7017 3350//7017 3352//7017 
f 3403//7018 3123//7018 3125//7018 
f 3075//7019 3348//7019 3350//7019 
f 3405//7020 3121//7020 3403//7020 
f 3403//7021 3121//7021 3123//7021 
f 3077//7022 3346//7022 3075//7022 
f 3075//7023 3346//7023 3348//7023 
f 3077//7024 3343//7024 3346//7024 
f 3407//7025 3119//7025 3405//7025 
f 3405//7026 3119//7026 3121//7026 
f 3077//7027 3341//7027 3343//7027 
f 3077//7028 3080//7028 3341//7028 
f 3409//7029 3117//7029 3407//7029 
f 3407//7030 3117//7030 3119//7030 
f 3409//7031 3115//7031 3117//7031 
f 3409//7032 3113//7032 3115//7032 
f 3411//7033 3113//7033 3409//7033 
f 3413//7034 3109//7034 3411//7034 
f 3411//7035 3109//7035 3113//7035 
f 3413//7036 3110//7036 3109//7036 
f 3415//7037 3110//7037 3413//7037 
f 3417//7038 3110//7038 3415//7038 
f 3419//7039 3110//7039 3417//7039 
f 3421//7040 3110//7040 3419//7040 
f 3421//7041 3177//7041 3110//7041 
f 3423//7042 3177//7042 3421//7042 
f 3425//7043 3177//7043 3423//7043 
f 3427//7044 3177//7044 3425//7044 
f 3429//7045 3177//7045 3427//7045 
f 3431//7046 3177//7046 3429//7046 
f 3433//7047 3177//7047 3431//7047 
f 3433//7048 3208//7048 3177//7048 
f 3435//7049 3208//7049 3433//7049 
f 3341//7050 3208//7050 3435//7050 
f 3080//7051 3206//7051 3341//7051 
f 3341//7052 3206//7052 3208//7052 
f 3082//7053 3204//7053 3080//7053 
f 3080//7054 3204//7054 3206//7054 
f 3083//7055 3202//7055 3082//7055 
f 3082//7056 3202//7056 3204//7056 
f 3085//7057 3200//7057 3083//7057 
f 3083//7058 3200//7058 3202//7058 
f 3087//7059 3198//7059 3085//7059 
f 3085//7060 3198//7060 3200//7060 
f 3103//7061 2978//7061 3101//7061 
f 3101//7062 2980//7062 3099//7062 
f 2978//7063 2980//7063 3101//7063 
f 3103//7064 2976//7064 2978//7064 
f 2980//7065 2982//7065 3099//7065 
f 3105//7066 2974//7066 3103//7066 
f 3103//7067 2974//7067 2976//7067 
f 3099//7068 2984//7068 3097//7068 
f 2982//7069 2984//7069 3099//7069 
f 3209//7070 2972//7070 3105//7070 
f 3105//7071 2972//7071 2974//7071 
f 2984//7072 2986//7072 3097//7072 
f 3209//7073 2970//7073 2972//7073 
f 3211//7074 2970//7074 3209//7074 
f 3097//7075 2988//7075 3095//7075 
f 2986//7076 2988//7076 3097//7076 
f 3211//7077 2968//7077 2970//7077 
f 3213//7078 2968//7078 3211//7078 
f 3095//7079 2990//7079 3093//7079 
f 2988//7080 2990//7080 3095//7080 
f 3089//7081 3196//7081 3087//7081 
f 3087//7082 3196//7082 3198//7082 
f 3213//7083 2966//7083 2968//7083 
f 3215//7084 2966//7084 3213//7084 
f 3217//7085 2966//7085 3215//7085 
f 2990//7086 2992//7086 3093//7086 
f 3219//7087 2964//7087 3217//7087 
f 3217//7088 2964//7088 2966//7088 
f 3093//7089 2994//7089 3091//7089 
f 2992//7090 2994//7090 3093//7090 
f 3219//7091 2962//7091 2964//7091 
f 3221//7092 2962//7092 3219//7092 
f 3091//7093 2996//7093 3089//7093 
f 2994//7094 2996//7094 3091//7094 
f 3221//7095 2960//7095 2962//7095 
f 3223//7096 2960//7096 3221//7096 
f 2996//7097 2998//7097 3089//7097 
f 3089//7098 2998//7098 3196//7098 
f 3225//7099 2958//7099 3223//7099 
f 3227//7100 2958//7100 3225//7100 
f 3223//7101 2958//7101 2960//7101 
f 2998//7102 2999//7102 3196//7102 
f 3196//7103 2999//7103 3194//7103 
f 3227//7104 2956//7104 2958//7104 
f 3229//7105 2956//7105 3227//7105 
f 2999//7106 3001//7106 3194//7106 
f 3001//7107 3192//7107 3194//7107 
f 3229//7108 2954//7108 2956//7108 
f 3231//7109 2954//7109 3229//7109 
f 3001//7110 3003//7110 3192//7110 
f 3231//7111 2952//7111 2954//7111 
f 3233//7112 2952//7112 3231//7112 
f 3235//7113 2952//7113 3233//7113 
f 3003//7114 3005//7114 3192//7114 
f 3005//7115 3190//7115 3192//7115 
f 3235//7116 2950//7116 2952//7116 
f 3237//7117 2950//7117 3235//7117 
f 3005//7118 3007//7118 3190//7118 
f 3237//7119 2948//7119 2950//7119 
f 3239//7120 2948//7120 3237//7120 
f 3239//7121 2946//7121 2948//7121 
f 3241//7122 2946//7122 3239//7122 
f 3007//7123 3188//7123 3190//7123 
f 3009//7124 3188//7124 3007//7124 
f 3009//7125 3011//7125 3188//7125 
f 3241//7126 2944//7126 2946//7126 
f 3243//7127 2944//7127 3241//7127 
f 3245//7128 2944//7128 3243//7128 
f 3247//7129 2942//7129 3245//7129 
f 3245//7130 2942//7130 2944//7130 
f 3011//7131 3186//7131 3188//7131 
f 3013//7132 3186//7132 3011//7132 
f 3013//7133 3015//7133 3186//7133 
f 3247//7134 2940//7134 2942//7134 
f 3247//7135 3249//7135 2940//7135 
f 3249//7136 2938//7136 2940//7136 
f 3017//7137 3184//7137 3015//7137 
f 3015//7138 3184//7138 3186//7138 
f 3249//7139 3251//7139 2938//7139 
f 3251//7140 3253//7140 2938//7140 
f 2938//7141 3253//7141 2936//7141 
f 3017//7142 3181//7142 3184//7142 
f 3019//7143 3181//7143 3017//7143 
f 3021//7144 3181//7144 3019//7144 
f 3253//7145 3255//7145 2936//7145 
f 2936//7146 3255//7146 2934//7146 
f 3255//7147 3257//7147 2934//7147 
f 2934//7148 3257//7148 2932//7148 
f 3021//7149 3179//7149 3181//7149 
f 3023//7150 3179//7150 3021//7150 
f 3257//7151 3259//7151 2932//7151 
f 2932//7152 3259//7152 2930//7152 
f 3023//7153 3339//7153 3179//7153 
f 3025//7154 3339//7154 3023//7154 
f 3259//7155 3261//7155 2930//7155 
f 3025//7156 3337//7156 3339//7156 
f 3027//7157 3337//7157 3025//7157 
f 2930//7158 3263//7158 2928//7158 
f 3261//7159 3263//7159 2930//7159 
f 3027//7160 3335//7160 3337//7160 
f 3029//7161 3335//7161 3027//7161 
f 2928//7162 3265//7162 2926//7162 
f 3263//7163 3265//7163 2928//7163 
f 3029//7164 3334//7164 3335//7164 
f 2926//7165 3267//7165 2924//7165 
f 3265//7166 3267//7166 2926//7166 
f 3029//7167 3331//7167 3334//7167 
f 3031//7168 3331//7168 3029//7168 
f 3267//7169 3269//7169 2924//7169 
f 3031//7170 3330//7170 3331//7170 
f 3033//7171 3330//7171 3031//7171 
f 2924//7172 3271//7172 2921//7172 
f 3269//7173 3271//7173 2924//7173 
f 3033//7174 3327//7174 3330//7174 
f 3035//7175 3327//7175 3033//7175 
f 3271//7176 3273//7176 2921//7176 
f 2921//7177 3273//7177 2919//7177 
f 3035//7178 3325//7178 3327//7178 
f 3037//7179 3325//7179 3035//7179 
f 2919//7180 3275//7180 3073//7180 
f 3273//7181 3275//7181 2919//7181 
f 3037//7182 3323//7182 3325//7182 
f 3073//7183 3277//7183 3071//7183 
f 3275//7184 3277//7184 3073//7184 
f 3037//7185 3321//7185 3323//7185 
f 3039//7186 3321//7186 3037//7186 
f 3277//7187 3279//7187 3071//7187 
f 3039//7188 3319//7188 3321//7188 
f 3041//7189 3319//7189 3039//7189 
f 3071//7190 3281//7190 3069//7190 
f 3279//7191 3281//7191 3071//7191 
f 3041//7192 3317//7192 3319//7192 
f 3043//7193 3317//7193 3041//7193 
f 3281//7194 3283//7194 3069//7194 
f 3069//7195 3283//7195 3067//7195 
f 3043//7196 3315//7196 3317//7196 
f 3067//7197 3285//7197 3065//7197 
f 3283//7198 3285//7198 3067//7198 
f 3043//7199 3313//7199 3315//7199 
f 3045//7200 3313//7200 3043//7200 
f 3285//7201 3287//7201 3065//7201 
f 3045//7202 3311//7202 3313//7202 
f 3047//7203 3311//7203 3045//7203 
f 3065//7204 3289//7204 3063//7204 
f 3287//7205 3289//7205 3065//7205 
f 3047//7206 3309//7206 3311//7206 
f 3049//7207 3309//7207 3047//7207 
f 3063//7208 3291//7208 3061//7208 
f 3289//7209 3291//7209 3063//7209 
f 3049//7210 3307//7210 3309//7210 
f 3051//7211 3307//7211 3049//7211 
f 3061//7212 3293//7212 3059//7212 
f 3291//7213 3293//7213 3061//7213 
f 3051//7214 3305//7214 3307//7214 
f 3059//7215 3295//7215 3057//7215 
f 3293//7216 3295//7216 3059//7216 
f 3051//7217 3303//7217 3305//7217 
f 3053//7218 3303//7218 3051//7218 
f 3295//7219 3297//7219 3057//7219 
f 3053//7220 3301//7220 3303//7220 
f 3055//7221 3301//7221 3053//7221 
f 3057//7222 3299//7222 3055//7222 
f 3055//7223 3299//7223 3301//7223 
f 3297//7224 3299//7224 3057//7224 
f 3437//7225 3438//7225 3439//7225 
f 3438//7226 3440//7226 3439//7226 
f 3437//7227 3439//7227 3441//7227 
f 3441//7228 3439//7228 3442//7228 
f 3443//7229 3441//7229 3444//7229 
f 3441//7230 3442//7230 3444//7230 
f 3443//7231 3440//7231 3438//7231 
f 3443//7232 3444//7232 3440//7232 
f 3442//7233 3439//7233 3444//7233 
f 3444//7234 3439//7234 3440//7234 
f 3438//7235 3437//7235 3443//7235 
f 3437//7236 3441//7236 3443//7236 
f 3445//7237 3446//7237 3447//7237 
f 3447//7238 3448//7238 3449//7238 
f 3446//7239 3448//7239 3447//7239 
f 3449//7240 3450//7240 3451//7240 
f 3448//7241 3450//7241 3449//7241 
f 3451//7242 3452//7242 3453//7242 
f 3450//7243 3452//7243 3451//7243 
f 3453//7244 3454//7244 3455//7244 
f 3452//7245 3454//7245 3453//7245 
f 3455//7246 3456//7246 3457//7246 
f 3454//7247 3456//7247 3455//7247 
f 3457//7248 3458//7248 3459//7248 
f 3456//7249 3458//7249 3457//7249 
f 3459//7250 3460//7250 3461//7250 
f 3458//7251 3460//7251 3459//7251 
f 3461//7252 3462//7252 3463//7252 
f 3460//7253 3462//7253 3461//7253 
f 3463//7254 3464//7254 3465//7254 
f 3462//7255 3464//7255 3463//7255 
f 3464//7256 3466//7256 3465//7256 
f 3465//7257 3466//7257 3467//7257 
f 3466//7258 3468//7258 3467//7258 
f 3467//7259 3468//7259 3469//7259 
f 3468//7260 3470//7260 3469//7260 
f 3469//7261 3470//7261 3471//7261 
f 3470//7262 3472//7262 3471//7262 
f 3471//7263 3472//7263 3473//7263 
f 3473//7264 3474//7264 3475//7264 
f 3472//7265 3474//7265 3473//7265 
f 3475//7266 3476//7266 3477//7266 
f 3474//7267 3476//7267 3475//7267 
f 3477//7268 3478//7268 3479//7268 
f 3476//7269 3478//7269 3477//7269 
f 3479//7270 3480//7270 3481//7270 
f 3478//7271 3480//7271 3479//7271 
f 3481//7272 3482//7272 3483//7272 
f 3480//7273 3482//7273 3481//7273 
f 3483//7274 3484//7274 3485//7274 
f 3482//7275 3484//7275 3483//7275 
f 3485//7276 3486//7276 3487//7276 
f 3484//7277 3486//7277 3485//7277 
f 3487//7278 3488//7278 3489//7278 
f 3486//7279 3488//7279 3487//7279 
f 3489//7280 3490//7280 3491//7280 
f 3488//7281 3490//7281 3489//7281 
f 3491//7282 3492//7282 3493//7282 
f 3490//7283 3492//7283 3491//7283 
f 3493//7284 3494//7284 3495//7284 
f 3492//7285 3494//7285 3493//7285 
f 3495//7286 3496//7286 3497//7286 
f 3494//7287 3496//7287 3495//7287 
f 3497//7288 3498//7288 3499//7288 
f 3496//7289 3498//7289 3497//7289 
f 3498//7290 3500//7290 3499//7290 
f 3499//7291 3501//7291 3502//7291 
f 3500//7292 3501//7292 3499//7292 
f 3502//7293 3503//7293 3504//7293 
f 3501//7294 3503//7294 3502//7294 
f 3504//7295 3505//7295 3506//7295 
f 3503//7296 3505//7296 3504//7296 
f 3506//7297 3507//7297 3508//7297 
f 3505//7298 3507//7298 3506//7298 
f 3508//7299 3509//7299 3510//7299 
f 3507//7300 3509//7300 3508//7300 
f 3510//7301 3511//7301 3512//7301 
f 3509//7302 3511//7302 3510//7302 
f 3512//7303 3513//7303 3514//7303 
f 3511//7304 3513//7304 3512//7304 
f 3514//7305 3515//7305 3516//7305 
f 3513//7306 3515//7306 3514//7306 
f 3516//7307 3517//7307 3518//7307 
f 3515//7308 3517//7308 3516//7308 
f 3518//7309 3519//7309 3520//7309 
f 3517//7310 3519//7310 3518//7310 
f 3519//7311 3521//7311 3520//7311 
f 3520//7312 3521//7312 3522//7312 
f 3521//7313 3523//7313 3522//7313 
f 3522//7314 3523//7314 3524//7314 
f 3524//7315 3525//7315 3526//7315 
f 3523//7316 3525//7316 3524//7316 
f 3526//7317 3527//7317 3528//7317 
f 3525//7318 3527//7318 3526//7318 
f 3528//7319 3529//7319 3530//7319 
f 3527//7320 3529//7320 3528//7320 
f 3530//7321 3531//7321 3532//7321 
f 3529//7322 3531//7322 3530//7322 
f 3532//7323 3533//7323 3534//7323 
f 3531//7324 3533//7324 3532//7324 
f 3534//7325 3535//7325 3536//7325 
f 3533//7326 3535//7326 3534//7326 
f 3536//7327 3537//7327 3538//7327 
f 3535//7328 3537//7328 3536//7328 
f 3538//7329 3539//7329 3540//7329 
f 3537//7330 3539//7330 3538//7330 
f 3540//7331 3541//7331 3542//7331 
f 3539//7332 3541//7332 3540//7332 
f 3542//7333 3543//7333 3544//7333 
f 3541//7334 3543//7334 3542//7334 
f 3544//7335 3545//7335 3546//7335 
f 3543//7336 3545//7336 3544//7336 
f 3546//7337 3547//7337 3548//7337 
f 3545//7338 3547//7338 3546//7338 
f 3548//7339 3549//7339 3550//7339 
f 3547//7340 3549//7340 3548//7340 
f 3550//7341 3551//7341 3552//7341 
f 3549//7342 3551//7342 3550//7342 
f 3552//7343 3446//7343 3445//7343 
f 3551//7344 3446//7344 3552//7344 
f 3553//7345 3554//7345 3555//7345 
f 3554//7346 3556//7346 3555//7346 
f 3557//7347 3558//7347 3559//7347 
f 3557//7348 3559//7348 3560//7348 
f 3561//7349 3560//7349 3562//7349 
f 3561//7350 3557//7350 3560//7350 
f 3563//7351 3562//7351 3564//7351 
f 3563//7352 3561//7352 3562//7352 
f 3565//7353 3564//7353 3566//7353 
f 3565//7354 3563//7354 3564//7354 
f 3567//7355 3566//7355 3568//7355 
f 3567//7356 3565//7356 3566//7356 
f 3569//7357 3568//7357 3570//7357 
f 3569//7358 3567//7358 3568//7358 
f 3571//7359 3570//7359 3572//7359 
f 3571//7360 3569//7360 3570//7360 
f 3573//7361 3572//7361 3574//7361 
f 3573//7362 3571//7362 3572//7362 
f 3575//7363 3573//7363 3574//7363 
f 3575//7364 3574//7364 3576//7364 
f 3577//7365 3575//7365 3576//7365 
f 3577//7366 3576//7366 3578//7366 
f 3579//7367 3577//7367 3578//7367 
f 3579//7368 3578//7368 3580//7368 
f 3581//7369 3579//7369 3580//7369 
f 3581//7370 3580//7370 3582//7370 
f 3583//7371 3582//7371 3584//7371 
f 3583//7372 3581//7372 3582//7372 
f 3585//7373 3583//7373 3584//7373 
f 3585//7374 3584//7374 3586//7374 
f 3587//7375 3586//7375 3588//7375 
f 3587//7376 3585//7376 3586//7376 
f 3589//7377 3588//7377 3590//7377 
f 3589//7378 3587//7378 3588//7378 
f 3591//7379 3590//7379 3592//7379 
f 3591//7380 3589//7380 3590//7380 
f 3593//7381 3592//7381 3594//7381 
f 3593//7382 3591//7382 3592//7382 
f 3595//7383 3594//7383 3596//7383 
f 3595//7384 3593//7384 3594//7384 
f 3597//7385 3596//7385 3598//7385 
f 3597//7386 3595//7386 3596//7386 
f 3599//7387 3598//7387 3600//7387 
f 3599//7388 3597//7388 3598//7388 
f 3601//7389 3600//7389 3602//7389 
f 3601//7390 3599//7390 3600//7390 
f 3603//7391 3602//7391 3604//7391 
f 3603//7392 3601//7392 3602//7392 
f 3605//7393 3604//7393 3606//7393 
f 3605//7394 3603//7394 3604//7394 
f 3607//7395 3606//7395 3608//7395 
f 3607//7396 3605//7396 3606//7396 
f 3609//7397 3608//7397 3610//7397 
f 3609//7398 3607//7398 3608//7398 
f 3611//7399 3610//7399 3612//7399 
f 3611//7400 3609//7400 3610//7400 
f 3613//7401 3612//7401 3614//7401 
f 3613//7402 3611//7402 3612//7402 
f 3615//7403 3614//7403 3616//7403 
f 3615//7404 3613//7404 3614//7404 
f 3617//7405 3616//7405 3618//7405 
f 3617//7406 3615//7406 3616//7406 
f 3619//7407 3618//7407 3620//7407 
f 3619//7408 3617//7408 3618//7408 
f 3621//7409 3620//7409 3622//7409 
f 3621//7410 3619//7410 3620//7410 
f 3554//7411 3622//7411 3556//7411 
f 3554//7412 3621//7412 3622//7412 
f 3623//7413 3624//7413 3558//7413 
f 3558//7414 3624//7414 3559//7414 
f 3625//7415 3624//7415 3623//7415 
f 3625//7416 3626//7416 3624//7416 
f 3627//7417 3628//7417 3625//7417 
f 3625//7418 3628//7418 3626//7418 
f 3629//7419 3630//7419 3631//7419 
f 3629//7420 3631//7420 3632//7420 
f 3633//7421 3632//7421 3634//7421 
f 3633//7422 3629//7422 3632//7422 
f 3635//7423 3634//7423 3636//7423 
f 3635//7424 3633//7424 3634//7424 
f 3637//7425 3636//7425 3638//7425 
f 3637//7426 3635//7426 3636//7426 
f 3639//7427 3638//7427 3640//7427 
f 3639//7428 3637//7428 3638//7428 
f 3641//7429 3640//7429 3642//7429 
f 3641//7430 3639//7430 3640//7430 
f 3643//7431 3642//7431 3644//7431 
f 3643//7432 3641//7432 3642//7432 
f 3645//7433 3644//7433 3646//7433 
f 3645//7434 3643//7434 3644//7434 
f 3647//7435 3646//7435 3648//7435 
f 3647//7436 3645//7436 3646//7436 
f 3649//7437 3648//7437 3650//7437 
f 3649//7438 3647//7438 3648//7438 
f 3651//7439 3649//7439 3650//7439 
f 3651//7440 3650//7440 3652//7440 
f 3653//7441 3651//7441 3652//7441 
f 3653//7442 3652//7442 3654//7442 
f 3655//7443 3653//7443 3654//7443 
f 3655//7444 3654//7444 3656//7444 
f 3657//7445 3656//7445 3658//7445 
f 3657//7446 3655//7446 3656//7446 
f 3659//7447 3657//7447 3658//7447 
f 3659//7448 3658//7448 3660//7448 
f 3661//7449 3660//7449 3662//7449 
f 3661//7450 3659//7450 3660//7450 
f 3663//7451 3662//7451 3664//7451 
f 3663//7452 3661//7452 3662//7452 
f 3665//7453 3664//7453 3666//7453 
f 3665//7454 3663//7454 3664//7454 
f 3667//7455 3666//7455 3668//7455 
f 3667//7456 3665//7456 3666//7456 
f 3669//7457 3668//7457 3670//7457 
f 3669//7458 3667//7458 3668//7458 
f 3671//7459 3670//7459 3672//7459 
f 3671//7460 3669//7460 3670//7460 
f 3673//7461 3672//7461 3674//7461 
f 3673//7462 3671//7462 3672//7462 
f 3675//7463 3674//7463 3676//7463 
f 3675//7464 3673//7464 3674//7464 
f 3677//7465 3676//7465 3678//7465 
f 3677//7466 3675//7466 3676//7466 
f 3679//7467 3678//7467 3680//7467 
f 3679//7468 3677//7468 3678//7468 
f 3681//7469 3682//7469 3683//7469 
f 3681//7470 3680//7470 3682//7470 
f 3681//7471 3679//7471 3680//7471 
f 3684//7472 3681//7472 3683//7472 
f 3685//7473 3686//7473 3687//7473 
f 3685//7474 3683//7474 3686//7474 
f 3685//7475 3684//7475 3683//7475 
f 3688//7476 3685//7476 3687//7476 
f 3689//7477 3690//7477 3630//7477 
f 3630//7478 3690//7478 3631//7478 
f 3553//7479 3555//7479 3689//7479 
f 3689//7480 3555//7480 3690//7480 
f 980//7481 3691//7481 3692//7481 
f 3692//7482 3693//7482 981//7482 
f 3691//7483 3693//7483 3692//7483 
f 981//7484 3694//7484 983//7484 
f 3693//7485 3694//7485 981//7485 
f 983//7486 3695//7486 985//7486 
f 3694//7487 3695//7487 983//7487 
f 985//7488 3696//7488 987//7488 
f 3695//7489 3696//7489 985//7489 
f 987//7490 3697//7490 988//7490 
f 3696//7491 3697//7491 987//7491 
f 3697//7492 3698//7492 988//7492 
f 988//7493 3698//7493 990//7493 
f 3698//7494 3699//7494 990//7494 
f 990//7495 3699//7495 992//7495 
f 3699//7496 3700//7496 992//7496 
f 992//7497 3700//7497 994//7497 
f 994//7498 3701//7498 996//7498 
f 3700//7499 3701//7499 994//7499 
f 996//7500 3702//7500 998//7500 
f 3701//7501 3702//7501 996//7501 
f 998//7502 3703//7502 1000//7502 
f 3702//7503 3703//7503 998//7503 
f 1000//7504 3704//7504 1002//7504 
f 3703//7505 3704//7505 1000//7505 
f 1002//7506 3705//7506 3706//7506 
f 3704//7507 3705//7507 1002//7507 
f 3706//7508 3707//7508 1005//7508 
f 3705//7509 3707//7509 3706//7509 
f 1005//7510 3708//7510 1007//7510 
f 3707//7511 3708//7511 1005//7511 
f 3708//7512 3709//7512 1007//7512 
f 1007//7513 3710//7513 1008//7513 
f 1008//7514 3710//7514 3711//7514 
f 3709//7515 3710//7515 1007//7515 
f 3711//7516 3712//7516 1011//7516 
f 3710//7517 3712//7517 3711//7517 
f 1011//7518 3713//7518 1013//7518 
f 3712//7519 3713//7519 1011//7519 
f 1013//7520 3714//7520 1015//7520 
f 3713//7521 3714//7521 1013//7521 
f 3714//7522 3715//7522 1015//7522 
f 1015//7523 3716//7523 1016//7523 
f 1016//7524 3716//7524 1018//7524 
f 3715//7525 3716//7525 1015//7525 
f 3716//7526 3717//7526 1018//7526 
f 1018//7527 3718//7527 1020//7527 
f 3717//7528 3718//7528 1018//7528 
f 1020//7529 3719//7529 1022//7529 
f 3718//7530 3719//7530 1020//7530 
f 1022//7531 3720//7531 1024//7531 
f 3719//7532 3720//7532 1022//7532 
f 1024//7533 3721//7533 1025//7533 
f 1025//7534 3721//7534 1028//7534 
f 3720//7535 3721//7535 1024//7535 
f 3721//7536 3722//7536 1028//7536 
f 1028//7537 3723//7537 1030//7537 
f 3722//7538 3723//7538 1028//7538 
f 1030//7539 3724//7539 1032//7539 
f 3723//7540 3724//7540 1030//7540 
f 1032//7541 3725//7541 3726//7541 
f 3724//7542 3725//7542 1032//7542 
f 3725//7543 3727//7543 3726//7543 
f 3726//7544 3727//7544 3728//7544 
f 3728//7545 3727//7545 1035//7545 
f 3727//7546 3729//7546 1035//7546 
f 1035//7547 3729//7547 1036//7547 
f 3729//7548 3730//7548 1036//7548 
f 3730//7549 3731//7549 1036//7549 
f 1036//7550 3731//7550 3732//7550 
f 3732//7551 3731//7551 3733//7551 
f 3731//7552 3734//7552 3733//7552 
f 3733//7553 3734//7553 1038//7553 
f 1038//7554 3735//7554 1040//7554 
f 3734//7555 3735//7555 1038//7555 
f 1040//7556 3736//7556 1042//7556 
f 3735//7557 3736//7557 1040//7557 
f 1042//7558 3737//7558 3738//7558 
f 3736//7559 3737//7559 1042//7559 
f 3738//7560 3739//7560 1043//7560 
f 3737//7561 3739//7561 3738//7561 
f 1043//7562 3740//7562 1044//7562 
f 3739//7563 3740//7563 1043//7563 
f 3740//7564 3741//7564 1044//7564 
f 1044//7565 3741//7565 1046//7565 
f 3741//7566 3742//7566 1046//7566 
f 1046//7567 3742//7567 1048//7567 
f 3742//7568 3743//7568 1048//7568 
f 1048//7569 3743//7569 1049//7569 
f 1049//7570 3744//7570 1051//7570 
f 3743//7571 3744//7571 1049//7571 
f 1051//7572 3745//7572 1053//7572 
f 3744//7573 3745//7573 1051//7573 
f 1053//7574 3746//7574 1055//7574 
f 3745//7575 3746//7575 1053//7575 
f 1055//7576 3747//7576 1057//7576 
f 3746//7577 3747//7577 1055//7577 
f 1057//7578 3748//7578 3749//7578 
f 3747//7579 3748//7579 1057//7579 
f 3748//7580 3750//7580 3749//7580 
f 3749//7581 3751//7581 1059//7581 
f 1059//7582 3751//7582 1061//7582 
f 3750//7583 3751//7583 3749//7583 
f 3751//7584 3752//7584 1061//7584 
f 1061//7585 3753//7585 1063//7585 
f 1063//7586 3753//7586 1065//7586 
f 3752//7587 3753//7587 1061//7587 
f 1065//7588 3754//7588 1067//7588 
f 3753//7589 3754//7589 1065//7589 
f 3754//7590 3755//7590 1067//7590 
f 1067//7591 3756//7591 3757//7591 
f 3757//7592 3756//7592 1069//7592 
f 3755//7593 3756//7593 1067//7593 
f 1069//7594 3758//7594 3759//7594 
f 3756//7595 3758//7595 1069//7595 
f 3758//7596 3760//7596 3759//7596 
f 3759//7597 3761//7597 1072//7597 
f 1072//7598 3761//7598 1073//7598 
f 3760//7599 3761//7599 3759//7599 
f 3761//7600 3762//7600 1073//7600 
f 1073//7601 3763//7601 1074//7601 
f 1074//7602 3763//7602 1076//7602 
f 3762//7603 3763//7603 1073//7603 
f 1076//7604 3764//7604 1078//7604 
f 3763//7605 3764//7605 1076//7605 
f 3764//7606 3765//7606 1078//7606 
f 1078//7607 3766//7607 1080//7607 
f 1080//7608 3766//7608 3767//7608 
f 3765//7609 3766//7609 1078//7609 
f 3766//7610 3768//7610 3767//7610 
f 3767//7611 3769//7611 3770//7611 
f 3770//7612 3769//7612 1083//7612 
f 3768//7613 3769//7613 3767//7613 
f 3769//7614 3771//7614 1083//7614 
f 3771//7615 3772//7615 1083//7615 
f 1083//7616 3772//7616 1084//7616 
f 1084//7617 3772//7617 3773//7617 
f 3772//7618 3774//7618 3773//7618 
f 3774//7619 3775//7619 3773//7619 
f 3773//7620 3775//7620 1085//7620 
f 3775//7621 3776//7621 1085//7621 
f 1085//7622 3776//7622 1087//7622 
f 1087//7623 3776//7623 980//7623 
f 3776//7624 3691//7624 980//7624 
f 3688//7625 3687//7625 3627//7625 
f 3627//7626 3687//7626 3628//7626 
f 3513//7627 3511//7627 3559//7627 
f 3559//7628 3515//7628 3513//7628 
f 3566//7629 3509//7629 3568//7629 
f 3564//7630 3509//7630 3566//7630 
f 3562//7631 3509//7631 3564//7631 
f 3560//7632 3509//7632 3562//7632 
f 3559//7633 3509//7633 3560//7633 
f 3511//7634 3509//7634 3559//7634 
f 3559//7635 3517//7635 3515//7635 
f 3580//7636 3507//7636 3582//7636 
f 3578//7637 3507//7637 3580//7637 
f 3576//7638 3507//7638 3578//7638 
f 3574//7639 3507//7639 3576//7639 
f 3572//7640 3507//7640 3574//7640 
f 3570//7641 3507//7641 3572//7641 
f 3568//7642 3507//7642 3570//7642 
f 3509//7643 3507//7643 3568//7643 
f 3559//7644 3519//7644 3517//7644 
f 3596//7645 3505//7645 3598//7645 
f 3594//7646 3505//7646 3596//7646 
f 3592//7647 3505//7647 3594//7647 
f 3590//7648 3505//7648 3592//7648 
f 3588//7649 3505//7649 3590//7649 
f 3586//7650 3505//7650 3588//7650 
f 3584//7651 3505//7651 3586//7651 
f 3582//7652 3505//7652 3584//7652 
f 3507//7653 3505//7653 3582//7653 
f 3559//7654 3521//7654 3519//7654 
f 3608//7655 3503//7655 3610//7655 
f 3606//7656 3503//7656 3608//7656 
f 3604//7657 3503//7657 3606//7657 
f 3602//7658 3503//7658 3604//7658 
f 3600//7659 3503//7659 3602//7659 
f 3598//7660 3503//7660 3600//7660 
f 3505//7661 3503//7661 3598//7661 
f 3559//7662 3523//7662 3521//7662 
f 3620//7663 3501//7663 3622//7663 
f 3618//7664 3501//7664 3620//7664 
f 3616//7665 3501//7665 3618//7665 
f 3614//7666 3501//7666 3616//7666 
f 3612//7667 3501//7667 3614//7667 
f 3610//7668 3501//7668 3612//7668 
f 3503//7669 3501//7669 3610//7669 
f 3559//7670 3525//7670 3523//7670 
f 3622//7671 3500//7671 3556//7671 
f 3501//7672 3500//7672 3622//7672 
f 3559//7673 3527//7673 3525//7673 
f 3500//7674 3498//7674 3556//7674 
f 3559//7675 3529//7675 3527//7675 
f 3498//7676 3496//7676 3556//7676 
f 3559//7677 3531//7677 3529//7677 
f 3496//7678 3494//7678 3556//7678 
f 3494//7679 3492//7679 3556//7679 
f 3492//7680 3490//7680 3556//7680 
f 3490//7681 3488//7681 3556//7681 
f 3488//7682 3486//7682 3556//7682 
f 3486//7683 3484//7683 3556//7683 
f 3484//7684 3482//7684 3556//7684 
f 3482//7685 3480//7685 3556//7685 
f 3551//7686 3624//7686 3446//7686 
f 3549//7687 3624//7687 3551//7687 
f 3547//7688 3624//7688 3549//7688 
f 3545//7689 3624//7689 3547//7689 
f 3543//7690 3624//7690 3545//7690 
f 3541//7691 3624//7691 3543//7691 
f 3539//7692 3624//7692 3541//7692 
f 3450//7693 3624//7693 3452//7693 
f 3448//7694 3624//7694 3450//7694 
f 3446//7695 3624//7695 3448//7695 
f 3480//7696 3555//7696 3556//7696 
f 3624//7697 3555//7697 3452//7697 
f 3478//7698 3555//7698 3480//7698 
f 3476//7699 3555//7699 3478//7699 
f 3474//7700 3555//7700 3476//7700 
f 3472//7701 3555//7701 3474//7701 
f 3470//7702 3555//7702 3472//7702 
f 3468//7703 3555//7703 3470//7703 
f 3466//7704 3555//7704 3468//7704 
f 3464//7705 3555//7705 3466//7705 
f 3462//7706 3555//7706 3464//7706 
f 3460//7707 3555//7707 3462//7707 
f 3458//7708 3555//7708 3460//7708 
f 3456//7709 3555//7709 3458//7709 
f 3454//7710 3555//7710 3456//7710 
f 3452//7711 3555//7711 3454//7711 
f 3626//7712 3628//7712 3624//7712 
f 3624//7713 3700//7713 3555//7713 
f 3701//7714 3700//7714 3624//7714 
f 3624//7715 3702//7715 3701//7715 
f 3700//7716 3699//7716 3555//7716 
f 3624//7717 3703//7717 3702//7717 
f 3699//7718 3698//7718 3555//7718 
f 3624//7719 3704//7719 3703//7719 
f 3698//7720 3697//7720 3555//7720 
f 3624//7721 3705//7721 3704//7721 
f 3697//7722 3696//7722 3555//7722 
f 3624//7723 3707//7723 3705//7723 
f 3696//7724 3695//7724 3555//7724 
f 3624//7725 3708//7725 3707//7725 
f 3695//7726 3694//7726 3555//7726 
f 3624//7727 3709//7727 3708//7727 
f 3694//7728 3693//7728 3555//7728 
f 3624//7729 3710//7729 3709//7729 
f 3693//7730 3691//7730 3555//7730 
f 3624//7731 3712//7731 3710//7731 
f 3628//7732 3712//7732 3624//7732 
f 3691//7733 3776//7733 3555//7733 
f 3555//7734 3776//7734 3690//7734 
f 3628//7735 3713//7735 3712//7735 
f 3776//7736 3775//7736 3690//7736 
f 3628//7737 3714//7737 3713//7737 
f 3775//7738 3774//7738 3690//7738 
f 3628//7739 3715//7739 3714//7739 
f 3774//7740 3772//7740 3690//7740 
f 3628//7741 3716//7741 3715//7741 
f 3772//7742 3771//7742 3690//7742 
f 3628//7743 3717//7743 3716//7743 
f 3771//7744 3769//7744 3690//7744 
f 3628//7745 3718//7745 3717//7745 
f 3769//7746 3768//7746 3690//7746 
f 3628//7747 3719//7747 3718//7747 
f 3628//7748 3720//7748 3719//7748 
f 3628//7749 3721//7749 3720//7749 
f 3768//7750 3631//7750 3690//7750 
f 3766//7751 3631//7751 3768//7751 
f 3765//7752 3631//7752 3766//7752 
f 3764//7753 3631//7753 3765//7753 
f 3763//7754 3631//7754 3764//7754 
f 3762//7755 3631//7755 3763//7755 
f 3761//7756 3631//7756 3762//7756 
f 3760//7757 3631//7757 3761//7757 
f 3758//7758 3631//7758 3760//7758 
f 3756//7759 3631//7759 3758//7759 
f 3756//7760 3632//7760 3631//7760 
f 3755//7761 3632//7761 3756//7761 
f 3755//7762 3634//7762 3632//7762 
f 3755//7763 3636//7763 3634//7763 
f 3754//7764 3636//7764 3755//7764 
f 3731//7765 3687//7765 3734//7765 
f 3730//7766 3687//7766 3731//7766 
f 3729//7767 3687//7767 3730//7767 
f 3727//7768 3687//7768 3729//7768 
f 3725//7769 3687//7769 3727//7769 
f 3724//7770 3687//7770 3725//7770 
f 3723//7771 3687//7771 3724//7771 
f 3722//7772 3687//7772 3723//7772 
f 3721//7773 3687//7773 3722//7773 
f 3628//7774 3687//7774 3721//7774 
f 3754//7775 3638//7775 3636//7775 
f 3753//7776 3638//7776 3754//7776 
f 3734//7777 3686//7777 3735//7777 
f 3687//7778 3686//7778 3734//7778 
f 3753//7779 3640//7779 3638//7779 
f 3735//7780 3683//7780 3736//7780 
f 3686//7781 3683//7781 3735//7781 
f 3753//7782 3642//7782 3640//7782 
f 3752//7783 3642//7783 3753//7783 
f 3683//7784 3682//7784 3736//7784 
f 3752//7785 3644//7785 3642//7785 
f 3751//7786 3644//7786 3752//7786 
f 3736//7787 3680//7787 3737//7787 
f 3682//7788 3680//7788 3736//7788 
f 3751//7789 3646//7789 3644//7789 
f 3737//7790 3678//7790 3739//7790 
f 3680//7791 3678//7791 3737//7791 
f 3751//7792 3648//7792 3646//7792 
f 3750//7793 3648//7793 3751//7793 
f 3739//7794 3676//7794 3740//7794 
f 3678//7795 3676//7795 3739//7795 
f 3750//7796 3650//7796 3648//7796 
f 3748//7797 3650//7797 3750//7797 
f 3676//7798 3674//7798 3740//7798 
f 3748//7799 3652//7799 3650//7799 
f 3747//7800 3652//7800 3748//7800 
f 3674//7801 3672//7801 3740//7801 
f 3740//7802 3672//7802 3741//7802 
f 3747//7803 3654//7803 3652//7803 
f 3672//7804 3670//7804 3741//7804 
f 3741//7805 3670//7805 3742//7805 
f 3747//7806 3656//7806 3654//7806 
f 3746//7807 3656//7807 3747//7807 
f 3670//7808 3668//7808 3742//7808 
f 3746//7809 3658//7809 3656//7809 
f 3745//7810 3658//7810 3746//7810 
f 3668//7811 3666//7811 3742//7811 
f 3742//7812 3666//7812 3743//7812 
f 3745//7813 3660//7813 3658//7813 
f 3666//7814 3664//7814 3743//7814 
f 3743//7815 3664//7815 3744//7815 
f 3745//7816 3662//7816 3660//7816 
f 3664//7817 3662//7817 3744//7817 
f 3744//7818 3662//7818 3745//7818 
f 3559//7819 3624//7819 3531//7819 
f 3531//7820 3624//7820 3533//7820 
f 3533//7821 3624//7821 3535//7821 
f 3535//7822 3624//7822 3537//7822 
f 3537//7823 3624//7823 3539//7823 
f 3485//7824 3487//7824 3554//7824 
f 3554//7825 3483//7825 3485//7825 
f 3487//7826 3489//7826 3554//7826 
f 3554//7827 3481//7827 3483//7827 
f 3489//7828 3491//7828 3554//7828 
f 3553//7829 3479//7829 3554//7829 
f 3554//7830 3479//7830 3481//7830 
f 3491//7831 3493//7831 3554//7831 
f 3553//7832 3477//7832 3479//7832 
f 3493//7833 3495//7833 3554//7833 
f 3553//7834 3475//7834 3477//7834 
f 3495//7835 3497//7835 3554//7835 
f 3553//7836 3473//7836 3475//7836 
f 3497//7837 3499//7837 3554//7837 
f 3554//7838 3499//7838 3621//7838 
f 3553//7839 3471//7839 3473//7839 
f 3611//7840 3502//7840 3609//7840 
f 3613//7841 3502//7841 3611//7841 
f 3615//7842 3502//7842 3613//7842 
f 3617//7843 3502//7843 3615//7843 
f 3619//7844 3502//7844 3617//7844 
f 3621//7845 3502//7845 3619//7845 
f 3499//7846 3502//7846 3621//7846 
f 3553//7847 3469//7847 3471//7847 
f 3502//7848 3504//7848 3609//7848 
f 3599//7849 3504//7849 3597//7849 
f 3601//7850 3504//7850 3599//7850 
f 3603//7851 3504//7851 3601//7851 
f 3605//7852 3504//7852 3603//7852 
f 3607//7853 3504//7853 3605//7853 
f 3609//7854 3504//7854 3607//7854 
f 3553//7855 3467//7855 3469//7855 
f 3504//7856 3506//7856 3597//7856 
f 3583//7857 3506//7857 3581//7857 
f 3585//7858 3506//7858 3583//7858 
f 3587//7859 3506//7859 3585//7859 
f 3589//7860 3506//7860 3587//7860 
f 3591//7861 3506//7861 3589//7861 
f 3593//7862 3506//7862 3591//7862 
f 3595//7863 3506//7863 3593//7863 
f 3597//7864 3506//7864 3595//7864 
f 3553//7865 3465//7865 3467//7865 
f 3575//7866 3508//7866 3573//7866 
f 3577//7867 3508//7867 3575//7867 
f 3579//7868 3508//7868 3577//7868 
f 3581//7869 3508//7869 3579//7869 
f 3506//7870 3508//7870 3581//7870 
f 3508//7871 3571//7871 3573//7871 
f 3553//7872 3463//7872 3465//7872 
f 3553//7873 3461//7873 3463//7873 
f 3508//7874 3569//7874 3571//7874 
f 3553//7875 3459//7875 3461//7875 
f 3510//7876 3567//7876 3508//7876 
f 3508//7877 3567//7877 3569//7877 
f 3553//7878 3457//7878 3459//7878 
f 3510//7879 3565//7879 3567//7879 
f 3553//7880 3455//7880 3457//7880 
f 3510//7881 3563//7881 3565//7881 
f 3553//7882 3453//7882 3455//7882 
f 3553//7883 3451//7883 3453//7883 
f 3510//7884 3561//7884 3563//7884 
f 3510//7885 3557//7885 3561//7885 
f 3512//7886 3558//7886 3510//7886 
f 3514//7887 3558//7887 3512//7887 
f 3516//7888 3558//7888 3514//7888 
f 3518//7889 3558//7889 3516//7889 
f 3520//7890 3558//7890 3518//7890 
f 3522//7891 3558//7891 3520//7891 
f 3524//7892 3558//7892 3522//7892 
f 3526//7893 3558//7893 3524//7893 
f 3510//7894 3558//7894 3557//7894 
f 3526//7895 3528//7895 3558//7895 
f 3528//7896 3530//7896 3558//7896 
f 3530//7897 3532//7897 3558//7897 
f 3630//7898 1076//7898 1078//7898 
f 1078//7899 1080//7899 3630//7899 
f 3630//7900 1074//7900 1076//7900 
f 1080//7901 3767//7901 3630//7901 
f 3630//7902 3767//7902 3689//7902 
f 3630//7903 1073//7903 1074//7903 
f 3767//7904 3770//7904 3689//7904 
f 3630//7905 1072//7905 1073//7905 
f 3770//7906 1083//7906 3689//7906 
f 3630//7907 3759//7907 1072//7907 
f 1083//7908 1084//7908 3689//7908 
f 3630//7909 1069//7909 3759//7909 
f 1084//7910 3773//7910 3689//7910 
f 3629//7911 3757//7911 3630//7911 
f 3630//7912 3757//7912 1069//7912 
f 3773//7913 1085//7913 3689//7913 
f 3633//7914 1067//7914 3629//7914 
f 3635//7915 1067//7915 3633//7915 
f 3629//7916 1067//7916 3757//7916 
f 1085//7917 1087//7917 3689//7917 
f 3689//7918 1087//7918 3553//7918 
f 3637//7919 1065//7919 3635//7919 
f 3635//7920 1065//7920 1067//7920 
f 1087//7921 980//7921 3553//7921 
f 3639//7922 1063//7922 3637//7922 
f 3641//7923 1063//7923 3639//7923 
f 3637//7924 1063//7924 1065//7924 
f 980//7925 3692//7925 3553//7925 
f 3643//7926 1061//7926 3641//7926 
f 3641//7927 1061//7927 1063//7927 
f 3692//7928 981//7928 3553//7928 
f 3645//7929 1059//7929 3643//7929 
f 3647//7930 1059//7930 3645//7930 
f 3643//7931 1059//7931 1061//7931 
f 981//7932 983//7932 3553//7932 
f 3649//7933 3749//7933 3647//7933 
f 3647//7934 3749//7934 1059//7934 
f 983//7935 985//7935 3553//7935 
f 3651//7936 1057//7936 3649//7936 
f 3649//7937 1057//7937 3749//7937 
f 985//7938 987//7938 3553//7938 
f 3653//7939 1055//7939 3651//7939 
f 3655//7940 1055//7940 3653//7940 
f 3651//7941 1055//7941 1057//7941 
f 987//7942 988//7942 3553//7942 
f 3657//7943 1053//7943 3655//7943 
f 3655//7944 1053//7944 1055//7944 
f 988//7945 990//7945 3553//7945 
f 3659//7946 1051//7946 3657//7946 
f 3657//7947 1051//7947 1053//7947 
f 990//7948 992//7948 3553//7948 
f 3659//7949 3661//7949 1051//7949 
f 3661//7950 1049//7950 1051//7950 
f 3661//7951 3663//7951 1049//7951 
f 3663//7952 1048//7952 1049//7952 
f 1048//7953 3665//7953 1046//7953 
f 3663//7954 3665//7954 1048//7954 
f 3665//7955 3667//7955 1046//7955 
f 1046//7956 3669//7956 1044//7956 
f 3667//7957 3669//7957 1046//7957 
f 3669//7958 3671//7958 1044//7958 
f 1044//7959 3671//7959 1043//7959 
f 3671//7960 3673//7960 1043//7960 
f 1043//7961 3675//7961 3738//7961 
f 3673//7962 3675//7962 1043//7962 
f 3675//7963 3677//7963 3738//7963 
f 3738//7964 3677//7964 1042//7964 
f 3677//7965 3679//7965 1042//7965 
f 1042//7966 3679//7966 1040//7966 
f 3679//7967 3681//7967 1040//7967 
f 1040//7968 3684//7968 1038//7968 
f 3681//7969 3684//7969 1040//7969 
f 1038//7970 3685//7970 3733//7970 
f 3684//7971 3685//7971 1038//7971 
f 3542//7972 3623//7972 3540//7972 
f 3544//7973 3623//7973 3542//7973 
f 3546//7974 3623//7974 3544//7974 
f 3548//7975 3623//7975 3546//7975 
f 3550//7976 3623//7976 3548//7976 
f 3552//7977 3623//7977 3550//7977 
f 3445//7978 3623//7978 3552//7978 
f 994//7979 3623//7979 992//7979 
f 996//7980 3623//7980 994//7980 
f 998//7981 3623//7981 996//7981 
f 1000//7982 3623//7982 998//7982 
f 3553//7983 3623//7983 3451//7983 
f 1002//7984 3623//7984 1000//7984 
f 3706//7985 3623//7985 1002//7985 
f 1005//7986 3623//7986 3706//7986 
f 1007//7987 3623//7987 1005//7987 
f 1008//7988 3623//7988 1007//7988 
f 3711//7989 3623//7989 1008//7989 
f 992//7990 3623//7990 3553//7990 
f 3447//7991 3623//7991 3445//7991 
f 3449//7992 3623//7992 3447//7992 
f 3451//7993 3623//7993 3449//7993 
f 1028//7994 3688//7994 1025//7994 
f 1030//7995 3688//7995 1028//7995 
f 1032//7996 3688//7996 1030//7996 
f 3726//7997 3688//7997 1032//7997 
f 3728//7998 3688//7998 3726//7998 
f 1035//7999 3688//7999 3728//7999 
f 1036//8000 3688//8000 1035//8000 
f 3732//8001 3688//8001 1036//8001 
f 3733//8002 3688//8002 3732//8002 
f 3685//8003 3688//8003 3733//8003 
f 3688//8004 3627//8004 1025//8004 
f 1011//8005 3627//8005 3711//8005 
f 1013//8006 3627//8006 1011//8006 
f 1015//8007 3627//8007 1013//8007 
f 1016//8008 3627//8008 1015//8008 
f 1018//8009 3627//8009 1016//8009 
f 1020//8010 3627//8010 1018//8010 
f 1022//8011 3627//8011 1020//8011 
f 1024//8012 3627//8012 1022//8012 
f 1025//8013 3627//8013 1024//8013 
f 3623//8014 3627//8014 3625//8014 
f 3711//8015 3627//8015 3623//8015 
f 3623//8016 3558//8016 3532//8016 
f 3623//8017 3532//8017 3534//8017 
f 3623//8018 3534//8018 3536//8018 
f 3623//8019 3536//8019 3538//8019 
f 3623//8020 3538//8020 3540//8020 
f 3777//8021 3778//8021 3779//8021 
f 3779//8022 3778//8022 3780//8022 
f 3780//8023 3778//8023 3781//8023 
f 3777//8024 3782//8024 3778//8024 
f 3783//8025 3784//8025 3785//8025 
f 3785//8026 3784//8026 3777//8026 
f 3782//8027 3784//8027 3786//8027 
f 3786//8028 3784//8028 3787//8028 
f 3777//8029 3784//8029 3782//8029 
f 3784//8030 3788//8030 3789//8030 
f 3783//8031 3788//8031 3784//8031 
f 3790//8032 3791//8032 3792//8032 
f 3792//8033 3791//8033 3793//8033 
f 3793//8034 3791//8034 3783//8034 
f 3783//8035 3791//8035 3788//8035 
f 3794//8036 3795//8036 3790//8036 
f 3791//8037 3795//8037 3796//8037 
f 3790//8038 3795//8038 3791//8038 
f 3797//8039 3798//8039 3799//8039 
f 3799//8040 3798//8040 3794//8040 
f 3794//8041 3798//8041 3795//8041 
f 3800//8042 3801//8042 3802//8042 
f 3802//8043 3801//8043 3797//8043 
f 3798//8044 3801//8044 3803//8044 
f 3797//8045 3801//8045 3798//8045 
f 3804//8046 3805//8046 3806//8046 
f 3806//8047 3805//8047 3800//8047 
f 3801//8048 3805//8048 3807//8048 
f 3800//8049 3805//8049 3801//8049 
f 3804//8050 3808//8050 3805//8050 
f 3809//8051 3810//8051 3811//8051 
f 3812//8052 3813//8052 3810//8052 
f 3814//8053 3815//8053 3804//8053 
f 3804//8054 3815//8054 3808//8054 
f 3816//8055 3817//8055 3818//8055 
f 3818//8056 3817//8056 3819//8056 
f 3820//8057 3821//8057 3814//8057 
f 3814//8058 3821//8058 3815//8058 
f 3819//8059 3822//8059 3813//8059 
f 3813//8060 3822//8060 3810//8060 
f 3817//8061 3822//8061 3819//8061 
f 3823//8062 3824//8062 3820//8062 
f 3820//8063 3824//8063 3821//8063 
f 3822//8064 3825//8064 3810//8064 
f 3826//8065 3827//8065 3828//8065 
f 3828//8066 3827//8066 3823//8066 
f 3823//8067 3827//8067 3824//8067 
f 3829//8068 3830//8068 3825//8068 
f 3825//8069 3830//8069 3810//8069 
f 3827//8070 3831//8070 3832//8070 
f 3833//8071 3831//8071 3834//8071 
f 3834//8072 3831//8072 3826//8072 
f 3826//8073 3831//8073 3827//8073 
f 3810//8074 3835//8074 3811//8074 
f 3830//8075 3835//8075 3810//8075 
f 3831//8076 3836//8076 3837//8076 
f 3811//8077 3836//8077 3838//8077 
f 3838//8078 3836//8078 3833//8078 
f 3833//8079 3836//8079 3831//8079 
f 3835//8080 3836//8080 3811//8080 
f 3839//8081 3840//8081 3841//8081 
f 3839//8082 3842//8082 3840//8082 
f 3839//8083 3843//8083 3842//8083 
f 3844//8084 3841//8084 3845//8084 
f 3844//8085 3839//8085 3841//8085 
f 3846//8086 3847//8086 3848//8086 
f 3846//8087 3849//8087 3847//8087 
f 3846//8088 3850//8088 3849//8088 
f 3846//8089 3851//8089 3850//8089 
f 3846//8090 3852//8090 3851//8090 
f 3846//8091 3853//8091 3852//8091 
f 3846//8092 3854//8092 3853//8092 
f 3846//8093 3855//8093 3854//8093 
f 3846//8094 3856//8094 3855//8094 
f 3846//8095 3857//8095 3856//8095 
f 3846//8096 3858//8096 3857//8096 
f 3846//8097 3859//8097 3858//8097 
f 3846//8098 3860//8098 3859//8098 
f 3846//8099 3861//8099 3860//8099 
f 3846//8100 3862//8100 3861//8100 
f 3846//8101 3863//8101 3862//8101 
f 3846//8102 3864//8102 3863//8102 
f 3846//8103 3865//8103 3864//8103 
f 3846//8104 3866//8104 3865//8104 
f 3846//8105 3867//8105 3866//8105 
f 3846//8106 3868//8106 3867//8106 
f 3846//8107 3869//8107 3868//8107 
f 3846//8108 3845//8108 3869//8108 
f 3846//8109 3870//8109 3844//8109 
f 3846//8110 3844//8110 3845//8110 
f 3871//8111 3872//8111 3873//8111 
f 3871//8112 3874//8112 3872//8112 
f 3871//8113 3875//8113 3874//8113 
f 3876//8114 3877//8114 3871//8114 
f 3878//8115 3871//8115 3873//8115 
f 3878//8116 3876//8116 3871//8116 
f 3846//8117 3873//8117 3870//8117 
f 3846//8118 3879//8118 3878//8118 
f 3846//8119 3880//8119 3879//8119 
f 3846//8120 3881//8120 3880//8120 
f 3846//8121 3882//8121 3881//8121 
f 3846//8122 3883//8122 3882//8122 
f 3846//8123 3884//8123 3883//8123 
f 3846//8124 3885//8124 3884//8124 
f 3846//8125 3878//8125 3873//8125 
f 3886//8126 3885//8126 3846//8126 
f 3887//8127 3886//8127 3846//8127 
f 3888//8128 3846//8128 3889//8128 
f 3890//8129 3887//8129 3846//8129 
f 3891//8130 3846//8130 3888//8130 
f 3892//8131 3890//8131 3846//8131 
f 3893//8132 3846//8132 3891//8132 
f 3894//8133 3892//8133 3846//8133 
f 3895//8134 3846//8134 3893//8134 
f 3896//8135 3894//8135 3846//8135 
f 3897//8136 3846//8136 3895//8136 
f 3898//8137 3896//8137 3846//8137 
f 3899//8138 3846//8138 3897//8138 
f 3900//8139 3898//8139 3846//8139 
f 3900//8140 3846//8140 3899//8140 
f 3805//8141 3808//8141 3846//8141 
f 3805//8142 3846//8142 3848//8142 
f 3807//8143 3848//8143 3847//8143 
f 3807//8144 3805//8144 3848//8144 
f 3801//8145 3847//8145 3849//8145 
f 3801//8146 3807//8146 3847//8146 
f 3803//8147 3849//8147 3850//8147 
f 3803//8148 3801//8148 3849//8148 
f 3798//8149 3850//8149 3851//8149 
f 3798//8150 3803//8150 3850//8150 
f 3795//8151 3851//8151 3852//8151 
f 3795//8152 3798//8152 3851//8152 
f 3796//8153 3852//8153 3853//8153 
f 3796//8154 3795//8154 3852//8154 
f 3791//8155 3853//8155 3854//8155 
f 3791//8156 3796//8156 3853//8156 
f 3788//8157 3791//8157 3854//8157 
f 3788//8158 3854//8158 3855//8158 
f 3789//8159 3788//8159 3855//8159 
f 3789//8160 3855//8160 3856//8160 
f 3784//8161 3856//8161 3857//8161 
f 3784//8162 3789//8162 3856//8162 
f 3787//8163 3857//8163 3858//8163 
f 3787//8164 3784//8164 3857//8164 
f 3786//8165 3858//8165 3859//8165 
f 3786//8166 3787//8166 3858//8166 
f 3782//8167 3859//8167 3860//8167 
f 3782//8168 3786//8168 3859//8168 
f 3778//8169 3860//8169 3861//8169 
f 3778//8170 3782//8170 3860//8170 
f 3781//8171 3861//8171 3862//8171 
f 3781//8172 3778//8172 3861//8172 
f 3780//8173 3862//8173 3863//8173 
f 3780//8174 3863//8174 3864//8174 
f 3780//8175 3781//8175 3862//8175 
f 3779//8176 3780//8176 3864//8176 
f 3777//8177 3864//8177 3865//8177 
f 3777//8178 3779//8178 3864//8178 
f 3785//8179 3865//8179 3866//8179 
f 3785//8180 3777//8180 3865//8180 
f 3783//8181 3866//8181 3867//8181 
f 3783//8182 3867//8182 3868//8182 
f 3783//8183 3785//8183 3866//8183 
f 3793//8184 3783//8184 3868//8184 
f 3792//8185 3868//8185 3869//8185 
f 3792//8186 3793//8186 3868//8186 
f 3790//8187 3869//8187 3845//8187 
f 3790//8188 3792//8188 3869//8188 
f 3794//8189 3845//8189 3841//8189 
f 3794//8190 3790//8190 3845//8190 
f 3799//8191 3841//8191 3840//8191 
f 3799//8192 3840//8192 3842//8192 
f 3799//8193 3794//8193 3841//8193 
f 3797//8194 3799//8194 3842//8194 
f 3802//8195 3842//8195 3843//8195 
f 3802//8196 3843//8196 3839//8196 
f 3802//8197 3797//8197 3842//8197 
f 3800//8198 3839//8198 3844//8198 
f 3800//8199 3802//8199 3839//8199 
f 3806//8200 3800//8200 3844//8200 
f 3804//8201 3844//8201 3870//8201 
f 3804//8202 3806//8202 3844//8202 
f 3804//8203 3870//8203 3873//8203 
f 3814//8204 3804//8204 3873//8204 
f 3820//8205 3873//8205 3872//8205 
f 3820//8206 3872//8206 3874//8206 
f 3820//8207 3814//8207 3873//8207 
f 3823//8208 3820//8208 3874//8208 
f 3828//8209 3874//8209 3875//8209 
f 3828//8210 3875//8210 3871//8210 
f 3828//8211 3823//8211 3874//8211 
f 3826//8212 3828//8212 3871//8212 
f 3834//8213 3871//8213 3877//8213 
f 3834//8214 3877//8214 3876//8214 
f 3834//8215 3826//8215 3871//8215 
f 3833//8216 3834//8216 3876//8216 
f 3838//8217 3876//8217 3878//8217 
f 3838//8218 3833//8218 3876//8218 
f 3811//8219 3838//8219 3878//8219 
f 3811//8220 3878//8220 3879//8220 
f 3809//8221 3811//8221 3879//8221 
f 3809//8222 3879//8222 3880//8222 
f 3810//8223 3880//8223 3881//8223 
f 3810//8224 3809//8224 3880//8224 
f 3812//8225 3881//8225 3882//8225 
f 3812//8226 3810//8226 3881//8226 
f 3813//8227 3882//8227 3883//8227 
f 3813//8228 3812//8228 3882//8228 
f 3819//8229 3883//8229 3884//8229 
f 3819//8230 3813//8230 3883//8230 
f 3818//8231 3884//8231 3885//8231 
f 3818//8232 3819//8232 3884//8232 
f 3816//8233 3885//8233 3886//8233 
f 3816//8234 3818//8234 3885//8234 
f 3817//8235 3886//8235 3887//8235 
f 3817//8236 3816//8236 3886//8236 
f 3822//8237 3887//8237 3890//8237 
f 3822//8238 3817//8238 3887//8238 
f 3825//8239 3890//8239 3892//8239 
f 3825//8240 3822//8240 3890//8240 
f 3829//8241 3892//8241 3894//8241 
f 3829//8242 3825//8242 3892//8242 
f 3830//8243 3894//8243 3896//8243 
f 3830//8244 3829//8244 3894//8244 
f 3835//8245 3896//8245 3898//8245 
f 3835//8246 3830//8246 3896//8246 
f 3836//8247 3898//8247 3900//8247 
f 3836//8248 3835//8248 3898//8248 
f 3837//8249 3900//8249 3899//8249 
f 3837//8250 3836//8250 3900//8250 
f 3831//8251 3899//8251 3897//8251 
f 3831//8252 3837//8252 3899//8252 
f 3832//8253 3897//8253 3895//8253 
f 3832//8254 3831//8254 3897//8254 
f 3827//8255 3895//8255 3893//8255 
f 3827//8256 3832//8256 3895//8256 
f 3824//8257 3893//8257 3891//8257 
f 3824//8258 3827//8258 3893//8258 
f 3821//8259 3891//8259 3888//8259 
f 3821//8260 3824//8260 3891//8260 
f 3815//8261 3888//8261 3889//8261 
f 3815//8262 3821//8262 3888//8262 
f 3808//8263 3889//8263 3846//8263 
f 3808//8264 3815//8264 3889//8264 
f 3901//8265 3902//8265 3903//8265 
f 3902//8266 3904//8266 3903//8266 
f 3905//8267 3906//8267 3907//8267 
f 3905//8268 3908//8268 3906//8268 
f 3909//8269 3907//8269 3906//8269 
f 3909//8270 3910//8270 3911//8270 
f 3909//8271 3906//8271 3910//8271 
f 3912//8272 3911//8272 3913//8272 
f 3912//8273 3909//8273 3911//8273 
f 3914//8274 3913//8274 3915//8274 
f 3914//8275 3912//8275 3913//8275 
f 3916//8276 3915//8276 3917//8276 
f 3916//8277 3914//8277 3915//8277 
f 3918//8278 3917//8278 3919//8278 
f 3918//8279 3916//8279 3917//8279 
f 3920//8280 3919//8280 3921//8280 
f 3920//8281 3918//8281 3919//8281 
f 3922//8282 3921//8282 3923//8282 
f 3922//8283 3920//8283 3921//8283 
f 3924//8284 3923//8284 3925//8284 
f 3924//8285 3922//8285 3923//8285 
f 3926//8286 3925//8286 3927//8286 
f 3926//8287 3924//8287 3925//8287 
f 3928//8288 3927//8288 3929//8288 
f 3928//8289 3926//8289 3927//8289 
f 3930//8290 3929//8290 3931//8290 
f 3930//8291 3928//8291 3929//8291 
f 3932//8292 3930//8292 3931//8292 
f 3933//8293 3934//8293 3935//8293 
f 3933//8294 3935//8294 3936//8294 
f 3937//8295 3936//8295 3938//8295 
f 3937//8296 3933//8296 3936//8296 
f 3939//8297 3938//8297 3940//8297 
f 3939//8298 3937//8298 3938//8298 
f 3941//8299 3940//8299 3942//8299 
f 3941//8300 3939//8300 3940//8300 
f 3943//8301 3942//8301 3944//8301 
f 3943//8302 3941//8302 3942//8302 
f 3945//8303 3944//8303 3946//8303 
f 3945//8304 3943//8304 3944//8304 
f 3947//8305 3946//8305 3948//8305 
f 3947//8306 3945//8306 3946//8306 
f 3949//8307 3947//8307 3948//8307 
f 3949//8308 3948//8308 3950//8308 
f 3951//8309 3949//8309 3950//8309 
f 3951//8310 3950//8310 3952//8310 
f 3953//8311 3951//8311 3952//8311 
f 3953//8312 3952//8312 3954//8312 
f 3955//8313 3953//8313 3954//8313 
f 3955//8314 3954//8314 3956//8314 
f 3957//8315 3955//8315 3956//8315 
f 3957//8316 3956//8316 3958//8316 
f 3959//8317 3958//8317 3960//8317 
f 3959//8318 3957//8318 3958//8318 
f 3961//8319 3959//8319 3960//8319 
f 3961//8320 3960//8320 3962//8320 
f 3963//8321 3962//8321 3964//8321 
f 3963//8322 3961//8322 3962//8322 
f 3965//8323 3964//8323 3966//8323 
f 3965//8324 3963//8324 3964//8324 
f 3967//8325 3966//8325 3968//8325 
f 3967//8326 3965//8326 3966//8326 
f 3969//8327 3968//8327 3970//8327 
f 3969//8328 3967//8328 3968//8328 
f 3971//8329 3972//8329 3973//8329 
f 3971//8330 3970//8330 3972//8330 
f 3971//8331 3969//8331 3970//8331 
f 3974//8332 3973//8332 3975//8332 
f 3974//8333 3971//8333 3973//8333 
f 3976//8334 3975//8334 3977//8334 
f 3976//8335 3974//8335 3975//8335 
f 3978//8336 3977//8336 3979//8336 
f 3978//8337 3976//8337 3977//8337 
f 3980//8338 3979//8338 3981//8338 
f 3980//8339 3978//8339 3979//8339 
f 3982//8340 3981//8340 3983//8340 
f 3982//8341 3980//8341 3981//8341 
f 3984//8342 3983//8342 3985//8342 
f 3984//8343 3982//8343 3983//8343 
f 3986//8344 3985//8344 3987//8344 
f 3986//8345 3984//8345 3985//8345 
f 3988//8346 3987//8346 3989//8346 
f 3988//8347 3986//8347 3987//8347 
f 3990//8348 3989//8348 3991//8348 
f 3990//8349 3988//8349 3989//8349 
f 3992//8350 3991//8350 3993//8350 
f 3992//8351 3990//8351 3991//8351 
f 3994//8352 3993//8352 3995//8352 
f 3994//8353 3992//8353 3993//8353 
f 3996//8354 3995//8354 3997//8354 
f 3996//8355 3994//8355 3995//8355 
f 3998//8356 3996//8356 3997//8356 
f 3999//8357 3904//8357 3902//8357 
f 3999//8358 4000//8358 3904//8358 
f 4001//8359 4002//8359 4003//8359 
f 4004//8360 4002//8360 4001//8360 
f 4003//8361 4005//8361 4006//8361 
f 4002//8362 4005//8362 4003//8362 
f 4006//8363 4007//8363 4008//8363 
f 4005//8364 4007//8364 4006//8364 
f 4008//8365 4009//8365 4010//8365 
f 4007//8366 4009//8366 4008//8366 
f 4010//8367 4011//8367 4012//8367 
f 4009//8368 4011//8368 4010//8368 
f 4012//8369 4013//8369 4014//8369 
f 4011//8370 4013//8370 4012//8370 
f 4014//8371 4015//8371 4016//8371 
f 4013//8372 4015//8372 4014//8372 
f 4016//8373 4017//8373 4018//8373 
f 4015//8374 4017//8374 4016//8374 
f 4018//8375 4019//8375 4020//8375 
f 4017//8376 4019//8376 4018//8376 
f 4020//8377 4021//8377 4022//8377 
f 4019//8378 4021//8378 4020//8378 
f 4021//8379 4023//8379 4022//8379 
f 4022//8380 4023//8380 4024//8380 
f 4023//8381 4025//8381 4024//8381 
f 4024//8382 4025//8382 4026//8382 
f 4026//8383 4027//8383 4028//8383 
f 4025//8384 4027//8384 4026//8384 
f 4028//8385 4029//8385 4030//8385 
f 4027//8386 4029//8386 4028//8386 
f 4030//8387 4031//8387 4032//8387 
f 4029//8388 4031//8388 4030//8388 
f 4032//8389 4033//8389 4034//8389 
f 4031//8390 4033//8390 4032//8390 
f 4034//8391 4035//8391 4036//8391 
f 4033//8392 4035//8392 4034//8392 
f 4036//8393 4037//8393 4038//8393 
f 4035//8394 4037//8394 4036//8394 
f 4038//8395 4039//8395 4040//8395 
f 4040//8396 4039//8396 4041//8396 
f 4037//8397 4039//8397 4038//8397 
f 4039//8398 4042//8398 4041//8398 
f 4041//8399 4043//8399 4044//8399 
f 4042//8400 4043//8400 4041//8400 
f 4044//8401 4045//8401 4046//8401 
f 4046//8402 4045//8402 4047//8402 
f 4043//8403 4045//8403 4044//8403 
f 4045//8404 4048//8404 4047//8404 
f 4047//8405 4049//8405 4050//8405 
f 4050//8406 4049//8406 4051//8406 
f 4048//8407 4049//8407 4047//8407 
f 4051//8408 4052//8408 4053//8408 
f 4049//8409 4052//8409 4051//8409 
f 4052//8410 4054//8410 4053//8410 
f 4053//8411 4055//8411 4056//8411 
f 4054//8412 4055//8412 4053//8412 
f 4056//8413 4057//8413 4058//8413 
f 4055//8414 4057//8414 4056//8414 
f 4058//8415 4059//8415 4060//8415 
f 4057//8416 4059//8416 4058//8416 
f 4060//8417 4061//8417 4062//8417 
f 4059//8418 4061//8418 4060//8418 
f 4062//8419 4063//8419 4064//8419 
f 4061//8420 4063//8420 4062//8420 
f 4064//8421 4065//8421 4066//8421 
f 4063//8422 4065//8422 4064//8422 
f 4066//8423 4067//8423 4068//8423 
f 4065//8424 4067//8424 4066//8424 
f 4068//8425 4069//8425 4070//8425 
f 4067//8426 4069//8426 4068//8426 
f 4070//8427 4071//8427 4072//8427 
f 4069//8428 4071//8428 4070//8428 
f 4072//8429 4073//8429 4074//8429 
f 4071//8430 4073//8430 4072//8430 
f 4074//8431 4075//8431 4076//8431 
f 4073//8432 4075//8432 4074//8432 
f 4075//8433 4077//8433 4076//8433 
f 4076//8434 4077//8434 4078//8434 
f 4077//8435 4079//8435 4078//8435 
f 4078//8436 4079//8436 4080//8436 
f 4080//8437 4081//8437 4082//8437 
f 4079//8438 4081//8438 4080//8438 
f 4082//8439 4083//8439 4084//8439 
f 4081//8440 4083//8440 4082//8440 
f 4084//8441 4085//8441 4086//8441 
f 4083//8442 4085//8442 4084//8442 
f 4086//8443 4087//8443 4088//8443 
f 4085//8444 4087//8444 4086//8444 
f 4088//8445 4089//8445 4090//8445 
f 4087//8446 4089//8446 4088//8446 
f 4090//8447 4091//8447 4092//8447 
f 4089//8448 4091//8448 4090//8448 
f 4092//8449 4093//8449 4094//8449 
f 4091//8450 4093//8450 4092//8450 
f 4094//8451 4095//8451 4096//8451 
f 4093//8452 4095//8452 4094//8452 
f 4096//8453 4097//8453 4098//8453 
f 4095//8454 4097//8454 4096//8454 
f 4098//8455 4099//8455 4100//8455 
f 4097//8456 4099//8456 4098//8456 
f 4100//8457 4101//8457 4102//8457 
f 4099//8458 4101//8458 4100//8458 
f 4102//8459 4103//8459 4104//8459 
f 4101//8460 4103//8460 4102//8460 
f 4104//8461 4105//8461 4106//8461 
f 4103//8462 4105//8462 4104//8462 
f 4106//8463 4107//8463 4108//8463 
f 4105//8464 4107//8464 4106//8464 
f 4108//8465 4004//8465 4001//8465 
f 4107//8466 4004//8466 4108//8466 
f 4109//8467 4110//8467 4111//8467 
f 4112//8468 4110//8468 4109//8468 
f 4111//8469 4113//8469 4114//8469 
f 4110//8470 4113//8470 4111//8470 
f 4114//8471 4115//8471 4116//8471 
f 4113//8472 4115//8472 4114//8472 
f 4116//8473 4117//8473 4118//8473 
f 4115//8474 4117//8474 4116//8474 
f 4118//8475 4119//8475 4120//8475 
f 4117//8476 4119//8476 4118//8476 
f 4120//8477 4121//8477 4122//8477 
f 4119//8478 4121//8478 4120//8478 
f 4122//8479 4123//8479 4124//8479 
f 4121//8480 4123//8480 4122//8480 
f 4124//8481 4125//8481 4126//8481 
f 4123//8482 4125//8482 4124//8482 
f 4125//8483 4127//8483 4126//8483 
f 4126//8484 4127//8484 4128//8484 
f 4127//8485 4129//8485 4128//8485 
f 4128//8486 4129//8486 4130//8486 
f 4130//8487 4131//8487 4132//8487 
f 4129//8488 4131//8488 4130//8488 
f 4132//8489 4133//8489 4134//8489 
f 4134//8490 4133//8490 4135//8490 
f 4131//8491 4133//8491 4132//8491 
f 4133//8492 4136//8492 4135//8492 
f 4135//8493 4137//8493 4138//8493 
f 4138//8494 4137//8494 4139//8494 
f 4136//8495 4137//8495 4135//8495 
f 4137//8496 4140//8496 4139//8496 
f 4140//8497 4141//8497 4139//8497 
f 4139//8498 4141//8498 4142//8498 
f 4142//8499 4141//8499 4143//8499 
f 4143//8500 4144//8500 4145//8500 
f 4141//8501 4144//8501 4143//8501 
f 4144//8502 4146//8502 4145//8502 
f 4145//8503 4147//8503 4148//8503 
f 4148//8504 4147//8504 4149//8504 
f 4146//8505 4147//8505 4145//8505 
f 4147//8506 4150//8506 4149//8506 
f 4149//8507 4151//8507 4152//8507 
f 4152//8508 4151//8508 4153//8508 
f 4150//8509 4151//8509 4149//8509 
f 4151//8510 4154//8510 4153//8510 
f 4153//8511 4155//8511 4156//8511 
f 4154//8512 4155//8512 4153//8512 
f 4156//8513 4157//8513 4158//8513 
f 4158//8514 4157//8514 4159//8514 
f 4155//8515 4157//8515 4156//8515 
f 4157//8516 4160//8516 4159//8516 
f 4159//8517 4161//8517 4162//8517 
f 4162//8518 4161//8518 4163//8518 
f 4160//8519 4161//8519 4159//8519 
f 4163//8520 4164//8520 4165//8520 
f 4161//8521 4164//8521 4163//8521 
f 4165//8522 4166//8522 4167//8522 
f 4164//8523 4166//8523 4165//8523 
f 4166//8524 4168//8524 4167//8524 
f 4167//8525 4169//8525 4170//8525 
f 4168//8526 4169//8526 4167//8526 
f 4170//8527 4169//8527 4171//8527 
f 4171//8528 4172//8528 4173//8528 
f 4169//8529 4172//8529 4171//8529 
f 4173//8530 4174//8530 4175//8530 
f 4172//8531 4174//8531 4173//8531 
f 4175//8532 4176//8532 4177//8532 
f 4174//8533 4176//8533 4175//8533 
f 4177//8534 4178//8534 4179//8534 
f 4176//8535 4178//8535 4177//8535 
f 4179//8536 4180//8536 4181//8536 
f 4178//8537 4180//8537 4179//8537 
f 4181//8538 4182//8538 4183//8538 
f 4180//8539 4182//8539 4181//8539 
f 4183//8540 4184//8540 4185//8540 
f 4182//8541 4184//8541 4183//8541 
f 4185//8542 4186//8542 4187//8542 
f 4184//8543 4186//8543 4185//8543 
f 4186//8544 4188//8544 4187//8544 
f 4187//8545 4188//8545 4189//8545 
f 4188//8546 4190//8546 4189//8546 
f 4189//8547 4190//8547 4191//8547 
f 4190//8548 4192//8548 4191//8548 
f 4191//8549 4192//8549 4193//8549 
f 4193//8550 4194//8550 4195//8550 
f 4192//8551 4194//8551 4193//8551 
f 4195//8552 4196//8552 4197//8552 
f 4194//8553 4196//8553 4195//8553 
f 4196//8554 4198//8554 4197//8554 
f 4197//8555 4199//8555 4200//8555 
f 4198//8556 4199//8556 4197//8556 
f 4200//8557 4201//8557 4202//8557 
f 4202//8558 4201//8558 4203//8558 
f 4199//8559 4201//8559 4200//8559 
f 4201//8560 4204//8560 4203//8560 
f 4203//8561 4205//8561 4206//8561 
f 4204//8562 4205//8562 4203//8562 
f 4206//8563 4207//8563 4208//8563 
f 4205//8564 4207//8564 4206//8564 
f 4208//8565 4209//8565 4210//8565 
f 4207//8566 4209//8566 4208//8566 
f 4210//8567 4211//8567 4212//8567 
f 4209//8568 4211//8568 4210//8568 
f 4212//8569 4213//8569 4214//8569 
f 4211//8570 4213//8570 4212//8570 
f 4214//8571 4215//8571 4216//8571 
f 4213//8572 4215//8572 4214//8572 
f 4216//8573 4217//8573 4218//8573 
f 4215//8574 4217//8574 4216//8574 
f 4218//8575 4219//8575 4220//8575 
f 4217//8576 4219//8576 4218//8576 
f 4220//8577 4221//8577 4222//8577 
f 4219//8578 4221//8578 4220//8578 
f 4222//8579 4223//8579 4224//8579 
f 4221//8580 4223//8580 4222//8580 
f 4224//8581 4225//8581 4226//8581 
f 4223//8582 4225//8582 4224//8582 
f 4226//8583 4227//8583 4228//8583 
f 4228//8584 4227//8584 4109//8584 
f 4225//8585 4227//8585 4226//8585 
f 4227//8586 4112//8586 4109//8586 
f 4229//8587 4230//8587 4231//8587 
f 4232//8588 4231//8588 4233//8588 
f 4232//8589 4229//8589 4231//8589 
f 4234//8590 4233//8590 4235//8590 
f 4234//8591 4232//8591 4233//8591 
f 4236//8592 4235//8592 4237//8592 
f 4236//8593 4234//8593 4235//8593 
f 4238//8594 4237//8594 4239//8594 
f 4238//8595 4236//8595 4237//8595 
f 4240//8596 4239//8596 4241//8596 
f 4240//8597 4238//8597 4239//8597 
f 4242//8598 4241//8598 4243//8598 
f 4242//8599 4240//8599 4241//8599 
f 4244//8600 4243//8600 4245//8600 
f 4244//8601 4242//8601 4243//8601 
f 4246//8602 4245//8602 4247//8602 
f 4246//8603 4244//8603 4245//8603 
f 4248//8604 4247//8604 4249//8604 
f 4248//8605 4246//8605 4247//8605 
f 4250//8606 4249//8606 4251//8606 
f 4250//8607 4248//8607 4249//8607 
f 4252//8608 4251//8608 4253//8608 
f 4252//8609 4250//8609 4251//8609 
f 4254//8610 4252//8610 4253//8610 
f 4254//8611 4253//8611 4255//8611 
f 4256//8612 4254//8612 4255//8612 
f 4256//8613 4255//8613 4257//8613 
f 4258//8614 4256//8614 4257//8614 
f 4258//8615 4257//8615 4259//8615 
f 4260//8616 4259//8616 4261//8616 
f 4260//8617 4258//8617 4259//8617 
f 4262//8618 4261//8618 4263//8618 
f 4262//8619 4260//8619 4261//8619 
f 4264//8620 4263//8620 4265//8620 
f 4264//8621 4262//8621 4263//8621 
f 4266//8622 4264//8622 4265//8622 
f 4267//8623 4268//8623 4269//8623 
f 4267//8624 4265//8624 4268//8624 
f 4267//8625 4266//8625 4265//8625 
f 4270//8626 4267//8626 4269//8626 
f 4271//8627 4269//8627 4272//8627 
f 4271//8628 4270//8628 4269//8628 
f 4273//8629 4272//8629 4274//8629 
f 4273//8630 4271//8630 4272//8630 
f 4275//8631 4274//8631 4276//8631 
f 4275//8632 4273//8632 4274//8632 
f 3905//8633 4276//8633 3908//8633 
f 3905//8634 4275//8634 4276//8634 
f 3934//8635 3932//8635 3935//8635 
f 3932//8636 3931//8636 3935//8636 
f 3998//8637 3997//8637 3999//8637 
f 3999//8638 3997//8638 4000//8638 
f 3901//8639 3903//8639 4229//8639 
f 4229//8640 3903//8640 4230//8640 
f 3904//8641 4000//8641 3903//8641 
f 4125//8642 4123//8642 4230//8642 
f 4123//8643 4121//8643 4230//8643 
f 4230//8644 4127//8644 4125//8644 
f 3903//8645 4127//8645 4230//8645 
f 3903//8646 4129//8646 4127//8646 
f 4121//8647 4119//8647 4230//8647 
f 4119//8648 4117//8648 4230//8648 
f 3903//8649 4131//8649 4129//8649 
f 4117//8650 4115//8650 4230//8650 
f 3903//8651 4133//8651 4131//8651 
f 4115//8652 4113//8652 4230//8652 
f 3903//8653 4136//8653 4133//8653 
f 4000//8654 4136//8654 3903//8654 
f 4113//8655 4110//8655 4230//8655 
f 4000//8656 4137//8656 4136//8656 
f 4110//8657 4112//8657 4230//8657 
f 4230//8658 4112//8658 4231//8658 
f 4000//8659 4140//8659 4137//8659 
f 4112//8660 4227//8660 4231//8660 
f 4233//8661 4227//8661 4235//8661 
f 4231//8662 4227//8662 4233//8662 
f 4000//8663 4141//8663 4140//8663 
f 4237//8664 4225//8664 4239//8664 
f 4235//8665 4225//8665 4237//8665 
f 4227//8666 4225//8666 4235//8666 
f 4000//8667 4144//8667 4141//8667 
f 4241//8668 4223//8668 4243//8668 
f 4239//8669 4223//8669 4241//8669 
f 4225//8670 4223//8670 4239//8670 
f 4000//8671 4146//8671 4144//8671 
f 4245//8672 4221//8672 4247//8672 
f 4243//8673 4221//8673 4245//8673 
f 4223//8674 4221//8674 4243//8674 
f 4000//8675 4147//8675 4146//8675 
f 4249//8676 4219//8676 4251//8676 
f 4247//8677 4219//8677 4249//8677 
f 4221//8678 4219//8678 4247//8678 
f 4000//8679 4150//8679 4147//8679 
f 4253//8680 4217//8680 4255//8680 
f 4251//8681 4217//8681 4253//8681 
f 4219//8682 4217//8682 4251//8682 
f 4000//8683 4151//8683 4150//8683 
f 4217//8684 4215//8684 4255//8684 
f 4000//8685 4154//8685 4151//8685 
f 4215//8686 4257//8686 4255//8686 
f 4000//8687 4155//8687 4154//8687 
f 4213//8688 4259//8688 4215//8688 
f 4215//8689 4259//8689 4257//8689 
f 4211//8690 4261//8690 4213//8690 
f 4213//8691 4261//8691 4259//8691 
f 4211//8692 4263//8692 4261//8692 
f 4211//8693 4265//8693 4263//8693 
f 4209//8694 4265//8694 4211//8694 
f 4209//8695 4268//8695 4265//8695 
f 3997//8696 4015//8696 4000//8696 
f 4015//8697 4013//8697 4000//8697 
f 3997//8698 4017//8698 4015//8698 
f 4013//8699 4011//8699 4000//8699 
f 4207//8700 4269//8700 4209//8700 
f 4209//8701 4269//8701 4268//8701 
f 3997//8702 4019//8702 4017//8702 
f 4011//8703 4009//8703 4000//8703 
f 3997//8704 4021//8704 4019//8704 
f 4009//8705 4007//8705 4000//8705 
f 3997//8706 4023//8706 4021//8706 
f 4007//8707 4005//8707 4000//8707 
f 3997//8708 4025//8708 4023//8708 
f 4005//8709 4002//8709 4000//8709 
f 4207//8710 4272//8710 4269//8710 
f 3997//8711 4027//8711 4025//8711 
f 4002//8712 4004//8712 4000//8712 
f 3997//8713 4029//8713 4027//8713 
f 4004//8714 4107//8714 4000//8714 
f 4205//8715 4274//8715 4207//8715 
f 4207//8716 4274//8716 4272//8716 
f 3995//8717 4031//8717 3997//8717 
f 3993//8718 4031//8718 3995//8718 
f 3997//8719 4031//8719 4029//8719 
f 4107//8720 4105//8720 4000//8720 
f 3991//8721 4033//8721 3993//8721 
f 3993//8722 4033//8722 4031//8722 
f 4205//8723 4276//8723 4274//8723 
f 4105//8724 4103//8724 4000//8724 
f 4000//8725 4103//8725 4155//8725 
f 3991//8726 4035//8726 4033//8726 
f 3989//8727 4035//8727 3991//8727 
f 3987//8728 4035//8728 3989//8728 
f 4155//8729 4101//8729 4157//8729 
f 4103//8730 4101//8730 4155//8730 
f 3987//8731 4037//8731 4035//8731 
f 3985//8732 4037//8732 3987//8732 
f 3983//8733 4037//8733 3985//8733 
f 4204//8734 3908//8734 4205//8734 
f 4201//8735 3908//8735 4204//8735 
f 4199//8736 3908//8736 4201//8736 
f 4198//8737 3908//8737 4199//8737 
f 4205//8738 3908//8738 4276//8738 
f 4101//8739 4099//8739 4157//8739 
f 4157//8740 4099//8740 4160//8740 
f 3983//8741 4039//8741 4037//8741 
f 3981//8742 4039//8742 3983//8742 
f 4099//8743 4097//8743 4160//8743 
f 4160//8744 4097//8744 4161//8744 
f 3981//8745 4042//8745 4039//8745 
f 3979//8746 4042//8746 3981//8746 
f 4097//8747 4095//8747 4161//8747 
f 4161//8748 4095//8748 4164//8748 
f 3979//8749 3977//8749 4042//8749 
f 4042//8750 3977//8750 4043//8750 
f 4095//8751 4093//8751 4164//8751 
f 4164//8752 4093//8752 4166//8752 
f 4043//8753 3975//8753 4045//8753 
f 3977//8754 3975//8754 4043//8754 
f 3975//8755 3973//8755 4045//8755 
f 4045//8756 3972//8756 4048//8756 
f 3973//8757 3972//8757 4045//8757 
f 3972//8758 3970//8758 4048//8758 
f 4048//8759 3970//8759 4049//8759 
f 3970//8760 3968//8760 4049//8760 
f 4196//8761 3906//8761 4198//8761 
f 4194//8762 3906//8762 4196//8762 
f 4192//8763 3906//8763 4194//8763 
f 4190//8764 3906//8764 4192//8764 
f 4198//8765 3906//8765 3908//8765 
f 4049//8766 3966//8766 4052//8766 
f 3968//8767 3966//8767 4049//8767 
f 4188//8768 3910//8768 4190//8768 
f 4190//8769 3910//8769 3906//8769 
f 4052//8770 3964//8770 4054//8770 
f 3966//8771 3964//8771 4052//8771 
f 4188//8772 3911//8772 3910//8772 
f 4188//8773 3913//8773 3911//8773 
f 4186//8774 3913//8774 4188//8774 
f 3964//8775 3962//8775 4054//8775 
f 4186//8776 3915//8776 3913//8776 
f 3962//8777 3960//8777 4054//8777 
f 4054//8778 3960//8778 4055//8778 
f 4186//8779 3917//8779 3915//8779 
f 3960//8780 3958//8780 4055//8780 
f 4055//8781 3958//8781 4057//8781 
f 4184//8782 3919//8782 4186//8782 
f 4186//8783 3919//8783 3917//8783 
f 4184//8784 3921//8784 3919//8784 
f 3958//8785 3956//8785 4057//8785 
f 4184//8786 3923//8786 3921//8786 
f 4182//8787 3923//8787 4184//8787 
f 3956//8788 3954//8788 4057//8788 
f 4057//8789 3954//8789 4059//8789 
f 4182//8790 3925//8790 3923//8790 
f 4182//8791 3927//8791 3925//8791 
f 4180//8792 3927//8792 4182//8792 
f 4180//8793 3929//8793 3927//8793 
f 4178//8794 3931//8794 4180//8794 
f 4176//8795 3931//8795 4178//8795 
f 4174//8796 3931//8796 4176//8796 
f 4172//8797 3931//8797 4174//8797 
f 4169//8798 3931//8798 4172//8798 
f 4180//8799 3931//8799 3929//8799 
f 4093//8800 3931//8800 4166//8800 
f 4091//8801 3931//8801 4093//8801 
f 4089//8802 3931//8802 4091//8802 
f 4087//8803 3931//8803 4089//8803 
f 4168//8804 3931//8804 4169//8804 
f 4166//8805 3931//8805 4168//8805 
f 3954//8806 3952//8806 4059//8806 
f 4059//8807 3952//8807 4061//8807 
f 3952//8808 3950//8808 4061//8808 
f 3950//8809 3948//8809 4061//8809 
f 4061//8810 3948//8810 4063//8810 
f 3948//8811 3946//8811 4063//8811 
f 3946//8812 3944//8812 4063//8812 
f 4063//8813 3944//8813 4065//8813 
f 3944//8814 3942//8814 4065//8814 
f 4065//8815 3942//8815 4067//8815 
f 4087//8816 3935//8816 3931//8816 
f 4085//8817 3935//8817 4087//8817 
f 4083//8818 3935//8818 4085//8818 
f 4081//8819 3935//8819 4083//8819 
f 4079//8820 3935//8820 4081//8820 
f 4077//8821 3935//8821 4079//8821 
f 4075//8822 3935//8822 4077//8822 
f 4073//8823 3935//8823 4075//8823 
f 4071//8824 3935//8824 4073//8824 
f 3942//8825 3940//8825 4067//8825 
f 4071//8826 3936//8826 3935//8826 
f 4069//8827 3936//8827 4071//8827 
f 3940//8828 3938//8828 4067//8828 
f 4069//8829 3938//8829 3936//8829 
f 4067//8830 3938//8830 4069//8830 
f 4258//8831 4216//8831 4256//8831 
f 4260//8832 4216//8832 4258//8832 
f 4260//8833 4214//8833 4216//8833 
f 4262//8834 4214//8834 4260//8834 
f 4262//8835 4212//8835 4214//8835 
f 4264//8836 4212//8836 4262//8836 
f 4266//8837 4212//8837 4264//8837 
f 4254//8838 4218//8838 4252//8838 
f 4256//8839 4218//8839 4254//8839 
f 4216//8840 4218//8840 4256//8840 
f 4266//8841 4210//8841 4212//8841 
f 4267//8842 4210//8842 4266//8842 
f 4270//8843 4210//8843 4267//8843 
f 4218//8844 4220//8844 4252//8844 
f 4250//8845 4220//8845 4248//8845 
f 4252//8846 4220//8846 4250//8846 
f 4270//8847 4208//8847 4210//8847 
f 4271//8848 4208//8848 4270//8848 
f 4273//8849 4208//8849 4271//8849 
f 4220//8850 4222//8850 4248//8850 
f 4246//8851 4222//8851 4244//8851 
f 4248//8852 4222//8852 4246//8852 
f 4273//8853 4206//8853 4208//8853 
f 4275//8854 4206//8854 4273//8854 
f 3905//8855 4206//8855 4275//8855 
f 4222//8856 4224//8856 4244//8856 
f 4242//8857 4224//8857 4240//8857 
f 4244//8858 4224//8858 4242//8858 
f 3905//8859 4203//8859 4206//8859 
f 4238//8860 4226//8860 4236//8860 
f 4240//8861 4226//8861 4238//8861 
f 4224//8862 4226//8862 4240//8862 
f 3905//8863 4202//8863 4203//8863 
f 4226//8864 4228//8864 4236//8864 
f 4234//8865 4228//8865 4232//8865 
f 4236//8866 4228//8866 4234//8866 
f 3905//8867 4200//8867 4202//8867 
f 4228//8868 4109//8868 4232//8868 
f 4232//8869 4109//8869 4229//8869 
f 3907//8870 4197//8870 3905//8870 
f 3905//8871 4197//8871 4200//8871 
f 4109//8872 4111//8872 4229//8872 
f 3907//8873 4195//8873 4197//8873 
f 4111//8874 4114//8874 4229//8874 
f 3907//8875 4193//8875 4195//8875 
f 4114//8876 4116//8876 4229//8876 
f 3907//8877 4191//8877 4193//8877 
f 4116//8878 4118//8878 4229//8878 
f 3909//8879 4189//8879 3907//8879 
f 3907//8880 4189//8880 4191//8880 
f 4118//8881 4120//8881 4229//8881 
f 3912//8882 4187//8882 3909//8882 
f 3914//8883 4187//8883 3912//8883 
f 3909//8884 4187//8884 4189//8884 
f 4120//8885 4122//8885 4229//8885 
f 3916//8886 4185//8886 3914//8886 
f 3918//8887 4185//8887 3916//8887 
f 3920//8888 4185//8888 3918//8888 
f 3914//8889 4185//8889 4187//8889 
f 4122//8890 4124//8890 4229//8890 
f 3920//8891 4183//8891 4185//8891 
f 3922//8892 4183//8892 3920//8892 
f 3924//8893 4183//8893 3922//8893 
f 4124//8894 4126//8894 4229//8894 
f 3924//8895 4181//8895 4183//8895 
f 3926//8896 4181//8896 3924//8896 
f 4126//8897 4128//8897 4229//8897 
f 3926//8898 3928//8898 4181//8898 
f 3928//8899 4179//8899 4181//8899 
f 3928//8900 3930//8900 4179//8900 
f 3930//8901 3932//8901 4179//8901 
f 4175//8902 3932//8902 4173//8902 
f 4177//8903 3932//8903 4175//8903 
f 4179//8904 3932//8904 4177//8904 
f 3932//8905 4171//8905 4173//8905 
f 3932//8906 4170//8906 4171//8906 
f 3932//8907 4167//8907 4170//8907 
f 3932//8908 4165//8908 4167//8908 
f 4130//8909 3901//8909 4128//8909 
f 4132//8910 3901//8910 4130//8910 
f 4128//8911 3901//8911 4229//8911 
f 4134//8912 3901//8912 4132//8912 
f 4135//8913 3901//8913 4134//8913 
f 4138//8914 3999//8914 4135//8914 
f 4139//8915 3999//8915 4138//8915 
f 4142//8916 3999//8916 4139//8916 
f 4143//8917 3999//8917 4142//8917 
f 4145//8918 3999//8918 4143//8918 
f 4148//8919 3999//8919 4145//8919 
f 4149//8920 3999//8920 4148//8920 
f 4152//8921 3999//8921 4149//8921 
f 4153//8922 3999//8922 4152//8922 
f 4156//8923 3999//8923 4153//8923 
f 4135//8924 3999//8924 3901//8924 
f 4163//8925 4096//8925 4162//8925 
f 4162//8926 4098//8926 4159//8926 
f 4096//8927 4098//8927 4162//8927 
f 4165//8928 4094//8928 4163//8928 
f 3932//8929 4094//8929 4165//8929 
f 4163//8930 4094//8930 4096//8930 
f 4159//8931 4100//8931 4158//8931 
f 4098//8932 4100//8932 4159//8932 
f 3932//8933 4092//8933 4094//8933 
f 4158//8934 4102//8934 4156//8934 
f 4100//8935 4102//8935 4158//8935 
f 3932//8936 4090//8936 4092//8936 
f 4156//8937 4104//8937 3999//8937 
f 4102//8938 4104//8938 4156//8938 
f 3932//8939 4088//8939 4090//8939 
f 4104//8940 4106//8940 3999//8940 
f 4106//8941 4108//8941 3999//8941 
f 4108//8942 4001//8942 3999//8942 
f 4001//8943 4003//8943 3999//8943 
f 4003//8944 4006//8944 3999//8944 
f 4006//8945 4008//8945 3999//8945 
f 4078//8946 3934//8946 4076//8946 
f 4080//8947 3934//8947 4078//8947 
f 4082//8948 3934//8948 4080//8948 
f 4084//8949 3934//8949 4082//8949 
f 4086//8950 3934//8950 4084//8950 
f 4088//8951 3934//8951 4086//8951 
f 3932//8952 3934//8952 4088//8952 
f 4008//8953 4010//8953 3999//8953 
f 3934//8954 4074//8954 4076//8954 
f 4010//8955 4012//8955 3999//8955 
f 3933//8956 4072//8956 3934//8956 
f 3934//8957 4072//8957 4074//8957 
f 4012//8958 4014//8958 3999//8958 
f 3933//8959 4070//8959 4072//8959 
f 3933//8960 3937//8960 4070//8960 
f 4014//8961 4016//8961 3999//8961 
f 3937//8962 4068//8962 4070//8962 
f 3999//8963 3902//8963 3901//8963 
f 3937//8964 3939//8964 4068//8964 
f 4068//8965 3941//8965 4066//8965 
f 3939//8966 3941//8966 4068//8966 
f 4066//8967 3943//8967 4064//8967 
f 3941//8968 3943//8968 4066//8968 
f 3943//8969 3945//8969 4064//8969 
f 4064//8970 3947//8970 4062//8970 
f 3945//8971 3947//8971 4064//8971 
f 3947//8972 3949//8972 4062//8972 
f 4062//8973 3951//8973 4060//8973 
f 3949//8974 3951//8974 4062//8974 
f 3951//8975 3953//8975 4060//8975 
f 4060//8976 3953//8976 4058//8976 
f 3953//8977 3955//8977 4058//8977 
f 3955//8978 3957//8978 4058//8978 
f 4058//8979 3957//8979 4056//8979 
f 3957//8980 3959//8980 4056//8980 
f 4056//8981 3959//8981 4053//8981 
f 4016//8982 3998//8982 3999//8982 
f 4018//8983 3998//8983 4016//8983 
f 4020//8984 3998//8984 4018//8984 
f 4022//8985 3998//8985 4020//8985 
f 4024//8986 3998//8986 4022//8986 
f 4026//8987 3998//8987 4024//8987 
f 4028//8988 3998//8988 4026//8988 
f 4030//8989 3998//8989 4028//8989 
f 4032//8990 3998//8990 4030//8990 
f 3959//8991 3961//8991 4053//8991 
f 4032//8992 3996//8992 3998//8992 
f 4053//8993 3963//8993 4051//8993 
f 3961//8994 3963//8994 4053//8994 
f 4032//8995 3994//8995 3996//8995 
f 4034//8996 3994//8996 4032//8996 
f 3963//8997 3965//8997 4051//8997 
f 4051//8998 3965//8998 4050//8998 
f 4034//8999 3992//8999 3994//8999 
f 4036//9000 3992//9000 4034//9000 
f 3965//9001 3967//9001 4050//9001 
f 4036//9002 3990//9002 3992//9002 
f 3967//9003 3969//9003 4050//9003 
f 4050//9004 3969//9004 4047//9004 
f 4036//9005 3988//9005 3990//9005 
f 4038//9006 3988//9006 4036//9006 
f 3969//9007 3971//9007 4047//9007 
f 4047//9008 3971//9008 4046//9008 
f 4038//9009 3986//9009 3988//9009 
f 3971//9010 3974//9010 4046//9010 
f 4038//9011 3984//9011 3986//9011 
f 4040//9012 3984//9012 4038//9012 
f 3974//9013 3976//9013 4046//9013 
f 4046//9014 3976//9014 4044//9014 
f 4040//9015 3982//9015 3984//9015 
f 4041//9016 3982//9016 4040//9016 
f 3976//9017 3978//9017 4044//9017 
f 4044//9018 3978//9018 4041//9018 
f 4041//9019 3980//9019 3982//9019 
f 3978//9020 3980//9020 4041//9020 
f 4277//9021 4278//9021 4279//9021 
f 4279//9022 4278//9022 4280//9022 
f 4279//9023 4280//9023 4281//9023 
f 4281//9024 4280//9024 4282//9024 
f 4281//9025 4283//9025 4284//9025 
f 4281//9026 4282//9026 4283//9026 
f 4284//9027 4283//9027 4277//9027 
f 4277//9028 4283//9028 4278//9028 
f 4282//9029 4280//9029 4283//9029 
f 4283//9030 4280//9030 4278//9030 
f 4277//9031 4281//9031 4284//9031 
f 4279//9032 4281//9032 4277//9032 
f 4285//9033 4286//9033 4287//9033 
f 4287//9034 4288//9034 4289//9034 
f 4286//9035 4288//9035 4287//9035 
f 4289//9036 4290//9036 4291//9036 
f 4288//9037 4290//9037 4289//9037 
f 4291//9038 4292//9038 4293//9038 
f 4290//9039 4292//9039 4291//9039 
f 4293//9040 4294//9040 4295//9040 
f 4292//9041 4294//9041 4293//9041 
f 4295//9042 4296//9042 4297//9042 
f 4294//9043 4296//9043 4295//9043 
f 4297//9044 4298//9044 4299//9044 
f 4296//9045 4298//9045 4297//9045 
f 4299//9046 4300//9046 4301//9046 
f 4298//9047 4300//9047 4299//9047 
f 4301//9048 4302//9048 4303//9048 
f 4300//9049 4302//9049 4301//9049 
f 4303//9050 4304//9050 4305//9050 
f 4302//9051 4304//9051 4303//9051 
f 4304//9052 4306//9052 4305//9052 
f 4305//9053 4306//9053 4307//9053 
f 4306//9054 4308//9054 4307//9054 
f 4307//9055 4308//9055 4309//9055 
f 4308//9056 4310//9056 4309//9056 
f 4309//9057 4310//9057 4311//9057 
f 4310//9058 4312//9058 4311//9058 
f 4311//9059 4312//9059 4313//9059 
f 4313//9060 4314//9060 4315//9060 
f 4312//9061 4314//9061 4313//9061 
f 4315//9062 4316//9062 4317//9062 
f 4314//9063 4316//9063 4315//9063 
f 4317//9064 4318//9064 4319//9064 
f 4316//9065 4318//9065 4317//9065 
f 4319//9066 4320//9066 4321//9066 
f 4318//9067 4320//9067 4319//9067 
f 4321//9068 4322//9068 4323//9068 
f 4320//9069 4322//9069 4321//9069 
f 4323//9070 4324//9070 4325//9070 
f 4322//9071 4324//9071 4323//9071 
f 4325//9072 4326//9072 4327//9072 
f 4324//9073 4326//9073 4325//9073 
f 4327//9074 4328//9074 4329//9074 
f 4326//9075 4328//9075 4327//9075 
f 4329//9076 4330//9076 4331//9076 
f 4328//9077 4330//9077 4329//9077 
f 4331//9078 4332//9078 4333//9078 
f 4330//9079 4332//9079 4331//9079 
f 4333//9080 4334//9080 4335//9080 
f 4332//9081 4334//9081 4333//9081 
f 4335//9082 4336//9082 4337//9082 
f 4334//9083 4336//9083 4335//9083 
f 4337//9084 4338//9084 4339//9084 
f 4336//9085 4338//9085 4337//9085 
f 4338//9086 4340//9086 4339//9086 
f 4339//9087 4340//9087 4341//9087 
f 4340//9088 4342//9088 4341//9088 
f 4341//9089 4343//9089 4344//9089 
f 4342//9090 4343//9090 4341//9090 
f 4344//9091 4345//9091 4346//9091 
f 4343//9092 4345//9092 4344//9092 
f 4346//9093 4347//9093 4348//9093 
f 4345//9094 4347//9094 4346//9094 
f 4348//9095 4349//9095 4350//9095 
f 4347//9096 4349//9096 4348//9096 
f 4350//9097 4351//9097 4352//9097 
f 4349//9098 4351//9098 4350//9098 
f 4352//9099 4353//9099 4354//9099 
f 4351//9100 4353//9100 4352//9100 
f 4354//9101 4355//9101 4356//9101 
f 4353//9102 4355//9102 4354//9102 
f 4356//9103 4357//9103 4358//9103 
f 4355//9104 4357//9104 4356//9104 
f 4358//9105 4359//9105 4360//9105 
f 4357//9106 4359//9106 4358//9106 
f 4359//9107 4361//9107 4360//9107 
f 4360//9108 4361//9108 4362//9108 
f 4361//9109 4363//9109 4362//9109 
f 4362//9110 4363//9110 4364//9110 
f 4364//9111 4365//9111 4366//9111 
f 4363//9112 4365//9112 4364//9112 
f 4366//9113 4367//9113 4368//9113 
f 4365//9114 4367//9114 4366//9114 
f 4368//9115 4369//9115 4370//9115 
f 4367//9116 4369//9116 4368//9116 
f 4370//9117 4371//9117 4372//9117 
f 4369//9118 4371//9118 4370//9118 
f 4372//9119 4373//9119 4374//9119 
f 4371//9120 4373//9120 4372//9120 
f 4374//9121 4375//9121 4376//9121 
f 4373//9122 4375//9122 4374//9122 
f 4376//9123 4377//9123 4378//9123 
f 4375//9124 4377//9124 4376//9124 
f 4378//9125 4379//9125 4380//9125 
f 4377//9126 4379//9126 4378//9126 
f 4380//9127 4381//9127 4382//9127 
f 4379//9128 4381//9128 4380//9128 
f 4382//9129 4383//9129 4384//9129 
f 4381//9130 4383//9130 4382//9130 
f 4384//9131 4385//9131 4386//9131 
f 4383//9132 4385//9132 4384//9132 
f 4386//9133 4387//9133 4388//9133 
f 4385//9134 4387//9134 4386//9134 
f 4388//9135 4389//9135 4390//9135 
f 4387//9136 4389//9136 4388//9136 
f 4390//9137 4391//9137 4392//9137 
f 4389//9138 4391//9138 4390//9138 
f 4392//9139 4286//9139 4285//9139 
f 4391//9140 4286//9140 4392//9140 
f 4393//9141 4394//9141 4395//9141 
f 4395//9142 4394//9142 4396//9142 
f 4397//9143 4395//9143 4396//9143 
f 4397//9144 4396//9144 4398//9144 
f 4399//9145 4398//9145 4400//9145 
f 4399//9146 4397//9146 4398//9146 
f 4401//9147 4400//9147 4402//9147 
f 4401//9148 4399//9148 4400//9148 
f 4403//9149 4402//9149 4404//9149 
f 4403//9150 4401//9150 4402//9150 
f 4405//9151 4404//9151 4406//9151 
f 4405//9152 4403//9152 4404//9152 
f 4407//9153 4406//9153 4408//9153 
f 4407//9154 4405//9154 4406//9154 
f 4409//9155 4408//9155 4410//9155 
f 4409//9156 4407//9156 4408//9156 
f 4411//9157 4410//9157 4412//9157 
f 4411//9158 4409//9158 4410//9158 
f 4413//9159 4411//9159 4412//9159 
f 4413//9160 4412//9160 4414//9160 
f 4415//9161 4413//9161 4414//9161 
f 4415//9162 4414//9162 4416//9162 
f 4417//9163 4415//9163 4416//9163 
f 4417//9164 4416//9164 4418//9164 
f 4419//9165 4417//9165 4418//9165 
f 4419//9166 4418//9166 4420//9166 
f 4421//9167 4420//9167 4422//9167 
f 4421//9168 4419//9168 4420//9168 
f 4423//9169 4421//9169 4422//9169 
f 4423//9170 4422//9170 4424//9170 
f 4425//9171 4424//9171 4426//9171 
f 4425//9172 4423//9172 4424//9172 
f 4427//9173 4426//9173 4428//9173 
f 4427//9174 4425//9174 4426//9174 
f 4429//9175 4428//9175 4430//9175 
f 4429//9176 4427//9176 4428//9176 
f 4431//9177 4430//9177 4432//9177 
f 4431//9178 4429//9178 4430//9178 
f 4433//9179 4432//9179 4434//9179 
f 4433//9180 4431//9180 4432//9180 
f 4435//9181 4434//9181 4436//9181 
f 4435//9182 4433//9182 4434//9182 
f 4437//9183 4436//9183 4438//9183 
f 4437//9184 4435//9184 4436//9184 
f 4439//9185 4438//9185 4440//9185 
f 4439//9186 4437//9186 4438//9186 
f 4441//9187 4440//9187 4442//9187 
f 4441//9188 4439//9188 4440//9188 
f 4443//9189 4442//9189 4444//9189 
f 4443//9190 4441//9190 4442//9190 
f 4445//9191 4444//9191 4446//9191 
f 4445//9192 4443//9192 4444//9192 
f 4447//9193 4446//9193 4448//9193 
f 4447//9194 4445//9194 4446//9194 
f 4449//9195 4448//9195 4450//9195 
f 4449//9196 4447//9196 4448//9196 
f 4451//9197 4450//9197 4452//9197 
f 4451//9198 4449//9198 4450//9198 
f 4453//9199 4452//9199 4454//9199 
f 4453//9200 4451//9200 4452//9200 
f 4455//9201 4454//9201 4456//9201 
f 4455//9202 4453//9202 4454//9202 
f 4457//9203 4456//9203 4458//9203 
f 4457//9204 4455//9204 4456//9204 
f 4459//9205 4458//9205 4460//9205 
f 4459//9206 4457//9206 4458//9206 
f 4461//9207 4460//9207 4462//9207 
f 4461//9208 4459//9208 4460//9208 
f 4461//9209 4462//9209 4463//9209 
f 4463//9210 4462//9210 4464//9210 
f 4463//9211 4464//9211 4465//9211 
f 4465//9212 4464//9212 4466//9212 
f 4465//9213 4466//9213 4467//9213 
f 4467//9214 4466//9214 4468//9214 
f 4469//9215 4470//9215 4471//9215 
f 4469//9216 4471//9216 4472//9216 
f 4473//9217 4472//9217 4474//9217 
f 4473//9218 4469//9218 4472//9218 
f 4475//9219 4474//9219 4476//9219 
f 4475//9220 4473//9220 4474//9220 
f 4477//9221 4476//9221 4478//9221 
f 4477//9222 4475//9222 4476//9222 
f 4479//9223 4478//9223 4480//9223 
f 4479//9224 4477//9224 4478//9224 
f 4481//9225 4480//9225 4482//9225 
f 4481//9226 4479//9226 4480//9226 
f 4483//9227 4482//9227 4484//9227 
f 4483//9228 4481//9228 4482//9228 
f 4485//9229 4484//9229 4486//9229 
f 4485//9230 4483//9230 4484//9230 
f 4487//9231 4486//9231 4488//9231 
f 4487//9232 4485//9232 4486//9232 
f 4489//9233 4488//9233 4490//9233 
f 4489//9234 4487//9234 4488//9234 
f 4491//9235 4489//9235 4490//9235 
f 4491//9236 4490//9236 4492//9236 
f 4493//9237 4491//9237 4492//9237 
f 4493//9238 4492//9238 4494//9238 
f 4495//9239 4493//9239 4494//9239 
f 4495//9240 4494//9240 4496//9240 
f 4497//9241 4496//9241 4498//9241 
f 4497//9242 4495//9242 4496//9242 
f 4499//9243 4497//9243 4498//9243 
f 4499//9244 4498//9244 4500//9244 
f 4501//9245 4500//9245 4502//9245 
f 4501//9246 4499//9246 4500//9246 
f 4503//9247 4502//9247 4504//9247 
f 4503//9248 4501//9248 4502//9248 
f 4505//9249 4504//9249 4506//9249 
f 4505//9250 4503//9250 4504//9250 
f 4507//9251 4506//9251 4508//9251 
f 4507//9252 4505//9252 4506//9252 
f 4509//9253 4508//9253 4510//9253 
f 4509//9254 4507//9254 4508//9254 
f 4511//9255 4510//9255 4512//9255 
f 4511//9256 4509//9256 4510//9256 
f 4513//9257 4512//9257 4514//9257 
f 4513//9258 4511//9258 4512//9258 
f 4515//9259 4514//9259 4516//9259 
f 4515//9260 4513//9260 4514//9260 
f 4517//9261 4516//9261 4518//9261 
f 4517//9262 4515//9262 4516//9262 
f 4519//9263 4518//9263 4520//9263 
f 4519//9264 4517//9264 4518//9264 
f 4521//9265 4520//9265 4522//9265 
f 4521//9266 4519//9266 4520//9266 
f 4523//9267 4522//9267 4524//9267 
f 4523//9268 4521//9268 4522//9268 
f 4525//9269 4524//9269 4526//9269 
f 4525//9270 4523//9270 4524//9270 
f 4527//9271 4526//9271 4528//9271 
f 4527//9272 4525//9272 4526//9272 
f 4529//9273 4527//9273 4530//9273 
f 4527//9274 4528//9274 4530//9274 
f 4529//9275 4530//9275 4393//9275 
f 4393//9276 4530//9276 4394//9276 
f 1037//9277 4531//9277 4532//9277 
f 4532//9278 4533//9278 4534//9278 
f 4531//9279 4533//9279 4532//9279 
f 4534//9280 4535//9280 1034//9280 
f 4533//9281 4535//9281 4534//9281 
f 1034//9282 4536//9282 4537//9282 
f 4535//9283 4536//9283 1034//9283 
f 4537//9284 4538//9284 1033//9284 
f 4536//9285 4538//9285 4537//9285 
f 1033//9286 4539//9286 1031//9286 
f 4538//9287 4539//9287 1033//9287 
f 4539//9288 4540//9288 1031//9288 
f 1031//9289 4540//9289 1029//9289 
f 4540//9290 4541//9290 1029//9290 
f 1029//9291 4541//9291 1027//9291 
f 4541//9292 4542//9292 1027//9292 
f 1027//9293 4542//9293 1026//9293 
f 1026//9294 4543//9294 1023//9294 
f 4542//9295 4543//9295 1026//9295 
f 1023//9296 4544//9296 1021//9296 
f 4543//9297 4544//9297 1023//9297 
f 1021//9298 4545//9298 1019//9298 
f 4544//9299 4545//9299 1021//9299 
f 1019//9300 4546//9300 1017//9300 
f 4545//9301 4546//9301 1019//9301 
f 1017//9302 4547//9302 4548//9302 
f 4546//9303 4547//9303 1017//9303 
f 4548//9304 4549//9304 1014//9304 
f 4547//9305 4549//9305 4548//9305 
f 1014//9306 4550//9306 1012//9306 
f 4549//9307 4550//9307 1014//9307 
f 1012//9308 4551//9308 1010//9308 
f 4550//9309 4551//9309 1012//9309 
f 1010//9310 4552//9310 1009//9310 
f 4551//9311 4552//9311 1010//9311 
f 1009//9312 4553//9312 4554//9312 
f 4552//9313 4553//9313 1009//9313 
f 4554//9314 4555//9314 1006//9314 
f 4553//9315 4555//9315 4554//9315 
f 1006//9316 4556//9316 1004//9316 
f 4555//9317 4556//9317 1006//9317 
f 1004//9318 4557//9318 1003//9318 
f 4556//9319 4557//9319 1004//9319 
f 1003//9320 4558//9320 1001//9320 
f 4557//9321 4558//9321 1003//9321 
f 1001//9322 4559//9322 999//9322 
f 4558//9323 4559//9323 1001//9323 
f 999//9324 4560//9324 997//9324 
f 4559//9325 4560//9325 999//9325 
f 997//9326 4561//9326 995//9326 
f 4560//9327 4561//9327 997//9327 
f 995//9328 4562//9328 993//9328 
f 4561//9329 4562//9329 995//9329 
f 993//9330 4563//9330 991//9330 
f 4562//9331 4563//9331 993//9331 
f 991//9332 4564//9332 989//9332 
f 4563//9333 4564//9333 991//9333 
f 989//9334 4565//9334 4566//9334 
f 4564//9335 4565//9335 989//9335 
f 4566//9336 4567//9336 986//9336 
f 4565//9337 4567//9337 4566//9337 
f 986//9338 4568//9338 984//9338 
f 4567//9339 4568//9339 986//9339 
f 4568//9340 4569//9340 984//9340 
f 984//9341 4569//9341 982//9341 
f 4569//9342 4570//9342 982//9342 
f 982//9343 4570//9343 4571//9343 
f 4570//9344 4572//9344 4571//9344 
f 4571//9345 4572//9345 4573//9345 
f 4572//9346 4574//9346 4573//9346 
f 4573//9347 4574//9347 979//9347 
f 4574//9348 4575//9348 979//9348 
f 979//9349 4576//9349 4577//9349 
f 4575//9350 4576//9350 979//9350 
f 4577//9351 4578//9351 1086//9351 
f 4576//9352 4578//9352 4577//9352 
f 1086//9353 4579//9353 4580//9353 
f 4578//9354 4579//9354 1086//9354 
f 4580//9355 4581//9355 4582//9355 
f 4579//9356 4581//9356 4580//9356 
f 4582//9357 4583//9357 4584//9357 
f 4581//9358 4583//9358 4582//9358 
f 4583//9359 4585//9359 4584//9359 
f 4584//9360 4585//9360 1082//9360 
f 1082//9361 4586//9361 1081//9361 
f 4585//9362 4586//9362 1082//9362 
f 1081//9363 4587//9363 1079//9363 
f 4586//9364 4587//9364 1081//9364 
f 1079//9365 4588//9365 1077//9365 
f 4587//9366 4588//9366 1079//9366 
f 4588//9367 4589//9367 1077//9367 
f 1077//9368 4589//9368 1075//9368 
f 1075//9369 4590//9369 4591//9369 
f 4589//9370 4590//9370 1075//9370 
f 4591//9371 4592//9371 4593//9371 
f 4590//9372 4592//9372 4591//9372 
f 4593//9373 4594//9373 1071//9373 
f 4592//9374 4594//9374 4593//9374 
f 1071//9375 4595//9375 1070//9375 
f 4594//9376 4595//9376 1071//9376 
f 1070//9377 4596//9377 4597//9377 
f 4595//9378 4596//9378 1070//9378 
f 4597//9379 4598//9379 1068//9379 
f 4596//9380 4598//9380 4597//9380 
f 1068//9381 4599//9381 1066//9381 
f 4598//9382 4599//9382 1068//9382 
f 1066//9383 4600//9383 1064//9383 
f 4599//9384 4600//9384 1066//9384 
f 1064//9385 4601//9385 1062//9385 
f 4600//9386 4601//9386 1064//9386 
f 1062//9387 4602//9387 1060//9387 
f 4601//9388 4602//9388 1062//9388 
f 1060//9389 4603//9389 1058//9389 
f 4602//9390 4603//9390 1060//9390 
f 1058//9391 4604//9391 4605//9391 
f 4603//9392 4604//9392 1058//9392 
f 4605//9393 4606//9393 1056//9393 
f 4604//9394 4606//9394 4605//9394 
f 1056//9395 4607//9395 1054//9395 
f 4606//9396 4607//9396 1056//9396 
f 1054//9397 4608//9397 1052//9397 
f 4607//9398 4608//9398 1054//9398 
f 1052//9399 4609//9399 1050//9399 
f 4608//9400 4609//9400 1052//9400 
f 1050//9401 4610//9401 4611//9401 
f 4609//9402 4610//9402 1050//9402 
f 4611//9403 4612//9403 1047//9403 
f 4610//9404 4612//9404 4611//9404 
f 1047//9405 4613//9405 1045//9405 
f 4612//9406 4613//9406 1047//9406 
f 1045//9407 4614//9407 4615//9407 
f 4613//9408 4614//9408 1045//9408 
f 4615//9409 4616//9409 4617//9409 
f 4614//9410 4616//9410 4615//9410 
f 4616//9411 4618//9411 4617//9411 
f 4617//9412 4618//9412 4619//9412 
f 4618//9413 4620//9413 4619//9413 
f 4619//9414 4620//9414 1041//9414 
f 4620//9415 4621//9415 1041//9415 
f 1041//9416 4621//9416 1039//9416 
f 4621//9417 4622//9417 1039//9417 
f 1039//9418 4622//9418 4623//9418 
f 4622//9419 4531//9419 4623//9419 
f 4623//9420 4531//9420 1037//9420 
f 4467//9421 4468//9421 4470//9421 
f 4470//9422 4468//9422 4471//9422 
f 4466//9423 4464//9423 4468//9423 
f 4468//9424 4543//9424 4471//9424 
f 4543//9425 4542//9425 4471//9425 
f 4468//9426 4544//9426 4543//9426 
f 4542//9427 4541//9427 4471//9427 
f 4468//9428 4545//9428 4544//9428 
f 4541//9429 4540//9429 4471//9429 
f 4468//9430 4546//9430 4545//9430 
f 4540//9431 4539//9431 4471//9431 
f 4468//9432 4547//9432 4546//9432 
f 4539//9433 4538//9433 4471//9433 
f 4468//9434 4549//9434 4547//9434 
f 4538//9435 4536//9435 4471//9435 
f 4468//9436 4550//9436 4549//9436 
f 4536//9437 4535//9437 4471//9437 
f 4468//9438 4551//9438 4550//9438 
f 4535//9439 4533//9439 4471//9439 
f 4468//9440 4552//9440 4551//9440 
f 4471//9441 4531//9441 4472//9441 
f 4533//9442 4531//9442 4471//9442 
f 4464//9443 4553//9443 4468//9443 
f 4468//9444 4553//9444 4552//9444 
f 4531//9445 4622//9445 4472//9445 
f 4472//9446 4622//9446 4474//9446 
f 4464//9447 4555//9447 4553//9447 
f 4476//9448 4621//9448 4478//9448 
f 4474//9449 4621//9449 4476//9449 
f 4622//9450 4621//9450 4474//9450 
f 4464//9451 4556//9451 4555//9451 
f 4478//9452 4620//9452 4480//9452 
f 4621//9453 4620//9453 4478//9453 
f 4464//9454 4557//9454 4556//9454 
f 4480//9455 4618//9455 4482//9455 
f 4620//9456 4618//9456 4480//9456 
f 4464//9457 4558//9457 4557//9457 
f 4484//9458 4616//9458 4486//9458 
f 4482//9459 4616//9459 4484//9459 
f 4618//9460 4616//9460 4482//9460 
f 4464//9461 4559//9461 4558//9461 
f 4486//9462 4614//9462 4488//9462 
f 4616//9463 4614//9463 4486//9463 
f 4464//9464 4560//9464 4559//9464 
f 4490//9465 4613//9465 4492//9465 
f 4488//9466 4613//9466 4490//9466 
f 4614//9467 4613//9467 4488//9467 
f 4464//9468 4561//9468 4560//9468 
f 4613//9469 4612//9469 4492//9469 
f 4464//9470 4562//9470 4561//9470 
f 4612//9471 4494//9471 4492//9471 
f 4612//9472 4610//9472 4494//9472 
f 4464//9473 4563//9473 4562//9473 
f 4610//9474 4496//9474 4494//9474 
f 4610//9475 4609//9475 4496//9475 
f 4464//9476 4564//9476 4563//9476 
f 4609//9477 4498//9477 4496//9477 
f 4609//9478 4500//9478 4498//9478 
f 4608//9479 4500//9479 4609//9479 
f 4608//9480 4502//9480 4500//9480 
f 4607//9481 4502//9481 4608//9481 
f 4607//9482 4504//9482 4502//9482 
f 4607//9483 4506//9483 4504//9483 
f 4606//9484 4506//9484 4607//9484 
f 4606//9485 4508//9485 4506//9485 
f 4604//9486 4508//9486 4606//9486 
f 4604//9487 4510//9487 4508//9487 
f 4603//9488 4510//9488 4604//9488 
f 4603//9489 4512//9489 4510//9489 
f 4602//9490 4514//9490 4603//9490 
f 4603//9491 4514//9491 4512//9491 
f 4353//9492 4351//9492 4464//9492 
f 4351//9493 4349//9493 4464//9493 
f 4349//9494 4347//9494 4464//9494 
f 4347//9495 4345//9495 4464//9495 
f 4601//9496 4516//9496 4602//9496 
f 4602//9497 4516//9497 4514//9497 
f 4345//9498 4343//9498 4464//9498 
f 4343//9499 4342//9499 4464//9499 
f 4342//9500 4340//9500 4464//9500 
f 4601//9501 4518//9501 4516//9501 
f 4363//9502 4462//9502 4365//9502 
f 4361//9503 4462//9503 4363//9503 
f 4462//9504 4367//9504 4365//9504 
f 4340//9505 4338//9505 4464//9505 
f 4462//9506 4369//9506 4367//9506 
f 4601//9507 4520//9507 4518//9507 
f 4600//9508 4520//9508 4601//9508 
f 4338//9509 4336//9509 4464//9509 
f 4462//9510 4371//9510 4369//9510 
f 4336//9511 4334//9511 4464//9511 
f 4600//9512 4522//9512 4520//9512 
f 4599//9513 4522//9513 4600//9513 
f 4462//9514 4373//9514 4371//9514 
f 4462//9515 4375//9515 4373//9515 
f 4599//9516 4524//9516 4522//9516 
f 4462//9517 4377//9517 4375//9517 
f 4599//9518 4526//9518 4524//9518 
f 4598//9519 4526//9519 4599//9519 
f 4462//9520 4379//9520 4377//9520 
f 4598//9521 4528//9521 4526//9521 
f 4596//9522 4528//9522 4598//9522 
f 4595//9523 4528//9523 4596//9523 
f 4594//9524 4528//9524 4595//9524 
f 4592//9525 4528//9525 4594//9525 
f 4590//9526 4528//9526 4592//9526 
f 4589//9527 4528//9527 4590//9527 
f 4588//9528 4528//9528 4589//9528 
f 4587//9529 4528//9529 4588//9529 
f 4586//9530 4528//9530 4587//9530 
f 4462//9531 4381//9531 4379//9531 
f 4460//9532 4383//9532 4462//9532 
f 4458//9533 4383//9533 4460//9533 
f 4456//9534 4383//9534 4458//9534 
f 4454//9535 4383//9535 4456//9535 
f 4452//9536 4383//9536 4454//9536 
f 4462//9537 4383//9537 4381//9537 
f 4450//9538 4385//9538 4452//9538 
f 4448//9539 4385//9539 4450//9539 
f 4452//9540 4385//9540 4383//9540 
f 4448//9541 4446//9541 4385//9541 
f 4446//9542 4444//9542 4385//9542 
f 4444//9543 4442//9543 4385//9543 
f 4442//9544 4440//9544 4385//9544 
f 4440//9545 4438//9545 4385//9545 
f 4385//9546 4438//9546 4387//9546 
f 4438//9547 4436//9547 4387//9547 
f 4436//9548 4434//9548 4387//9548 
f 4464//9549 4394//9549 4564//9549 
f 4334//9550 4394//9550 4464//9550 
f 4574//9551 4394//9551 4575//9551 
f 4572//9552 4394//9552 4574//9552 
f 4570//9553 4394//9553 4572//9553 
f 4569//9554 4394//9554 4570//9554 
f 4568//9555 4394//9555 4569//9555 
f 4567//9556 4394//9556 4568//9556 
f 4565//9557 4394//9557 4567//9557 
f 4564//9558 4394//9558 4565//9558 
f 4332//9559 4394//9559 4334//9559 
f 4330//9560 4394//9560 4332//9560 
f 4328//9561 4394//9561 4330//9561 
f 4326//9562 4394//9562 4328//9562 
f 4324//9563 4394//9563 4326//9563 
f 4322//9564 4394//9564 4324//9564 
f 4320//9565 4394//9565 4322//9565 
f 4318//9566 4394//9566 4320//9566 
f 4316//9567 4394//9567 4318//9567 
f 4314//9568 4394//9568 4316//9568 
f 4312//9569 4394//9569 4314//9569 
f 4310//9570 4394//9570 4312//9570 
f 4308//9571 4394//9571 4310//9571 
f 4306//9572 4394//9572 4308//9572 
f 4575//9573 4394//9573 4576//9573 
f 4434//9574 4432//9574 4387//9574 
f 4432//9575 4430//9575 4387//9575 
f 4430//9576 4428//9576 4387//9576 
f 4428//9577 4426//9577 4387//9577 
f 4426//9578 4424//9578 4387//9578 
f 4424//9579 4422//9579 4387//9579 
f 4387//9580 4422//9580 4389//9580 
f 4422//9581 4420//9581 4389//9581 
f 4420//9582 4418//9582 4389//9582 
f 4418//9583 4416//9583 4389//9583 
f 4416//9584 4414//9584 4389//9584 
f 4414//9585 4412//9585 4389//9585 
f 4412//9586 4410//9586 4389//9586 
f 4389//9587 4410//9587 4391//9587 
f 4410//9588 4408//9588 4391//9588 
f 4306//9589 4396//9589 4394//9589 
f 4304//9590 4396//9590 4306//9590 
f 4302//9591 4396//9591 4304//9591 
f 4300//9592 4396//9592 4302//9592 
f 4298//9593 4396//9593 4300//9593 
f 4296//9594 4396//9594 4298//9594 
f 4294//9595 4396//9595 4296//9595 
f 4292//9596 4396//9596 4294//9596 
f 4290//9597 4396//9597 4292//9597 
f 4288//9598 4396//9598 4290//9598 
f 4286//9599 4396//9599 4288//9599 
f 4408//9600 4406//9600 4391//9600 
f 4286//9601 4398//9601 4396//9601 
f 4391//9602 4398//9602 4286//9602 
f 4406//9603 4404//9603 4391//9603 
f 4391//9604 4400//9604 4398//9604 
f 4404//9605 4402//9605 4391//9605 
f 4391//9606 4402//9606 4400//9606 
f 4394//9607 4530//9607 4576//9607 
f 4586//9608 4530//9608 4528//9608 
f 4585//9609 4530//9609 4586//9609 
f 4583//9610 4530//9610 4585//9610 
f 4581//9611 4530//9611 4583//9611 
f 4579//9612 4530//9612 4581//9612 
f 4578//9613 4530//9613 4579//9613 
f 4576//9614 4530//9614 4578//9614 
f 4464//9615 4462//9615 4361//9615 
f 4464//9616 4361//9616 4359//9616 
f 4464//9617 4359//9617 4357//9617 
f 4464//9618 4357//9618 4355//9618 
f 4464//9619 4355//9619 4353//9619 
f 4495//9620 4611//9620 4493//9620 
f 4495//9621 1050//9621 4611//9621 
f 4497//9622 1050//9622 4495//9622 
f 4499//9623 1050//9623 4497//9623 
f 4611//9624 1047//9624 4493//9624 
f 4493//9625 1047//9625 4491//9625 
f 4501//9626 1052//9626 4499//9626 
f 4499//9627 1052//9627 1050//9627 
f 1047//9628 1045//9628 4491//9628 
f 4489//9629 1045//9629 4487//9629 
f 4491//9630 1045//9630 4489//9630 
f 4503//9631 1054//9631 4501//9631 
f 4505//9632 1054//9632 4503//9632 
f 4501//9633 1054//9633 1052//9633 
f 1045//9634 4615//9634 4487//9634 
f 4487//9635 4615//9635 4485//9635 
f 4505//9636 1056//9636 1054//9636 
f 4507//9637 1056//9637 4505//9637 
f 4615//9638 4617//9638 4485//9638 
f 4483//9639 4617//9639 4481//9639 
f 4485//9640 4617//9640 4483//9640 
f 4507//9641 4605//9641 1056//9641 
f 4509//9642 4605//9642 4507//9642 
f 4481//9643 4619//9643 4479//9643 
f 4617//9644 4619//9644 4481//9644 
f 4509//9645 1058//9645 4605//9645 
f 4511//9646 1058//9646 4509//9646 
f 4513//9647 1058//9647 4511//9647 
f 4479//9648 1041//9648 4477//9648 
f 4619//9649 1041//9649 4479//9649 
f 4513//9650 1060//9650 1058//9650 
f 4515//9651 1060//9651 4513//9651 
f 1041//9652 1039//9652 4477//9652 
f 4475//9653 1039//9653 4473//9653 
f 4477//9654 1039//9654 4475//9654 
f 4517//9655 1062//9655 4515//9655 
f 4519//9656 1062//9656 4517//9656 
f 4515//9657 1062//9657 1060//9657 
f 4473//9658 4623//9658 4469//9658 
f 1039//9659 4623//9659 4473//9659 
f 4521//9660 1064//9660 4519//9660 
f 4519//9661 1064//9661 1062//9661 
f 4623//9662 1037//9662 4469//9662 
f 4469//9663 1037//9663 4470//9663 
f 4521//9664 1066//9664 1064//9664 
f 4523//9665 1066//9665 4521//9665 
f 4525//9666 1066//9666 4523//9666 
f 1037//9667 4532//9667 4470//9667 
f 4527//9668 1068//9668 4525//9668 
f 4525//9669 1068//9669 1066//9669 
f 4532//9670 4534//9670 4470//9670 
f 4527//9671 4597//9671 1068//9671 
f 4534//9672 1034//9672 4470//9672 
f 4527//9673 1070//9673 4597//9673 
f 1034//9674 4537//9674 4470//9674 
f 4527//9675 1071//9675 1070//9675 
f 4537//9676 1033//9676 4470//9676 
f 4527//9677 4593//9677 1071//9677 
f 1033//9678 1031//9678 4470//9678 
f 4527//9679 4591//9679 4593//9679 
f 1031//9680 1029//9680 4470//9680 
f 4527//9681 1075//9681 4591//9681 
f 1029//9682 1027//9682 4470//9682 
f 4527//9683 1077//9683 1075//9683 
f 1027//9684 1026//9684 4470//9684 
f 4527//9685 1079//9685 1077//9685 
f 4527//9686 1081//9686 1079//9686 
f 1023//9687 4467//9687 1026//9687 
f 1026//9688 4467//9688 4470//9688 
f 1021//9689 4467//9689 1023//9689 
f 1019//9690 4467//9690 1021//9690 
f 1017//9691 4467//9691 1019//9691 
f 4548//9692 4467//9692 1017//9692 
f 1014//9693 4467//9693 4548//9693 
f 1012//9694 4467//9694 1014//9694 
f 1010//9695 4467//9695 1012//9695 
f 1009//9696 4467//9696 1010//9696 
f 4527//9697 4529//9697 1081//9697 
f 1086//9698 4529//9698 4577//9698 
f 4580//9699 4529//9699 1086//9699 
f 4582//9700 4529//9700 4580//9700 
f 4584//9701 4529//9701 4582//9701 
f 1082//9702 4529//9702 4584//9702 
f 1081//9703 4529//9703 1082//9703 
f 989//9704 4393//9704 991//9704 
f 4566//9705 4393//9705 989//9705 
f 986//9706 4393//9706 4566//9706 
f 984//9707 4393//9707 986//9707 
f 982//9708 4393//9708 984//9708 
f 4571//9709 4393//9709 982//9709 
f 4573//9710 4393//9710 4571//9710 
f 979//9711 4393//9711 4573//9711 
f 4529//9712 4393//9712 4577//9712 
f 4577//9713 4393//9713 979//9713 
f 4554//9714 4463//9714 1009//9714 
f 1006//9715 4463//9715 4554//9715 
f 1004//9716 4463//9716 1006//9716 
f 1003//9717 4463//9717 1004//9717 
f 1001//9718 4463//9718 1003//9718 
f 999//9719 4463//9719 1001//9719 
f 997//9720 4463//9720 999//9720 
f 995//9721 4463//9721 997//9721 
f 993//9722 4463//9722 995//9722 
f 991//9723 4463//9723 993//9723 
f 4393//9724 4463//9724 991//9724 
f 1009//9725 4463//9725 4467//9725 
f 4463//9726 4465//9726 4467//9726 
f 4325//9727 4327//9727 4393//9727 
f 4393//9728 4323//9728 4325//9728 
f 4327//9729 4329//9729 4393//9729 
f 4393//9730 4321//9730 4323//9730 
f 4329//9731 4331//9731 4393//9731 
f 4393//9732 4319//9732 4321//9732 
f 4393//9733 4333//9733 4463//9733 
f 4331//9734 4333//9734 4393//9734 
f 4393//9735 4317//9735 4319//9735 
f 4333//9736 4335//9736 4463//9736 
f 4393//9737 4315//9737 4317//9737 
f 4335//9738 4337//9738 4463//9738 
f 4393//9739 4313//9739 4315//9739 
f 4337//9740 4339//9740 4463//9740 
f 4393//9741 4311//9741 4313//9741 
f 4339//9742 4341//9742 4463//9742 
f 4393//9743 4309//9743 4311//9743 
f 4341//9744 4344//9744 4463//9744 
f 4393//9745 4307//9745 4309//9745 
f 4344//9746 4346//9746 4463//9746 
f 4393//9747 4305//9747 4307//9747 
f 4346//9748 4348//9748 4463//9748 
f 4348//9749 4350//9749 4463//9749 
f 4350//9750 4352//9750 4463//9750 
f 4352//9751 4354//9751 4463//9751 
f 4393//9752 4395//9752 4305//9752 
f 4287//9753 4395//9753 4285//9753 
f 4289//9754 4395//9754 4287//9754 
f 4291//9755 4395//9755 4289//9755 
f 4293//9756 4395//9756 4291//9756 
f 4295//9757 4395//9757 4293//9757 
f 4297//9758 4395//9758 4295//9758 
f 4299//9759 4395//9759 4297//9759 
f 4301//9760 4395//9760 4299//9760 
f 4303//9761 4395//9761 4301//9761 
f 4305//9762 4395//9762 4303//9762 
f 4285//9763 4397//9763 4392//9763 
f 4395//9764 4397//9764 4285//9764 
f 4397//9765 4399//9765 4392//9765 
f 4399//9766 4401//9766 4392//9766 
f 4401//9767 4403//9767 4392//9767 
f 4403//9768 4405//9768 4392//9768 
f 4405//9769 4407//9769 4392//9769 
f 4407//9770 4409//9770 4392//9770 
f 4392//9771 4409//9771 4390//9771 
f 4409//9772 4411//9772 4390//9772 
f 4411//9773 4413//9773 4390//9773 
f 4413//9774 4415//9774 4390//9774 
f 4415//9775 4417//9775 4390//9775 
f 4364//9776 4461//9776 4362//9776 
f 4366//9777 4461//9777 4364//9777 
f 4368//9778 4461//9778 4366//9778 
f 4370//9779 4461//9779 4368//9779 
f 4372//9780 4461//9780 4370//9780 
f 4374//9781 4461//9781 4372//9781 
f 4376//9782 4461//9782 4374//9782 
f 4378//9783 4461//9783 4376//9783 
f 4380//9784 4461//9784 4378//9784 
f 4382//9785 4461//9785 4380//9785 
f 4384//9786 4461//9786 4382//9786 
f 4417//9787 4419//9787 4390//9787 
f 4384//9788 4459//9788 4461//9788 
f 4390//9789 4421//9789 4388//9789 
f 4419//9790 4421//9790 4390//9790 
f 4384//9791 4457//9791 4459//9791 
f 4421//9792 4423//9792 4388//9792 
f 4384//9793 4455//9793 4457//9793 
f 4423//9794 4425//9794 4388//9794 
f 4384//9795 4453//9795 4455//9795 
f 4425//9796 4427//9796 4388//9796 
f 4384//9797 4451//9797 4453//9797 
f 4386//9798 4451//9798 4384//9798 
f 4427//9799 4429//9799 4388//9799 
f 4386//9800 4449//9800 4451//9800 
f 4429//9801 4431//9801 4388//9801 
f 4386//9802 4447//9802 4449//9802 
f 4431//9803 4433//9803 4388//9803 
f 4386//9804 4445//9804 4447//9804 
f 4433//9805 4435//9805 4388//9805 
f 4386//9806 4443//9806 4445//9806 
f 4388//9807 4437//9807 4386//9807 
f 4435//9808 4437//9808 4388//9808 
f 4386//9809 4441//9809 4443//9809 
f 4437//9810 4439//9810 4386//9810 
f 4386//9811 4439//9811 4441//9811 
f 4461//9812 4463//9812 4362//9812 
f 4362//9813 4463//9813 4360//9813 
f 4360//9814 4463//9814 4358//9814 
f 4358//9815 4463//9815 4356//9815 
f 4356//9816 4463//9816 4354//9816 
f 1089//9817 4624//9817 1091//9817 
f 1091//9818 4625//9818 1093//9818 
f 4624//9819 4625//9819 1091//9819 
f 1093//9820 4626//9820 1095//9820 
f 4625//9821 4626//9821 1093//9821 
f 1095//9822 4627//9822 1097//9822 
f 4626//9823 4627//9823 1095//9823 
f 1097//9824 4628//9824 1099//9824 
f 4627//9825 4628//9825 1097//9825 
f 1099//9826 4629//9826 1101//9826 
f 4628//9827 4629//9827 1099//9827 
f 1101//9828 4630//9828 1103//9828 
f 4629//9829 4630//9829 1101//9829 
f 1103//9830 4631//9830 1105//9830 
f 4630//9831 4631//9831 1103//9831 
f 1105//9832 4632//9832 1107//9832 
f 4631//9833 4632//9833 1105//9833 
f 1107//9834 4633//9834 1109//9834 
f 4632//9835 4633//9835 1107//9835 
f 4633//9836 4634//9836 1109//9836 
f 1109//9837 4634//9837 1111//9837 
f 4634//9838 4635//9838 1111//9838 
f 1111//9839 4635//9839 1113//9839 
f 4635//9840 4636//9840 1113//9840 
f 1113//9841 4636//9841 1115//9841 
f 4636//9842 4637//9842 1115//9842 
f 4637//9843 4638//9843 1115//9843 
f 1115//9844 4638//9844 1116//9844 
f 1116//9845 4638//9845 1119//9845 
f 4638//9846 4639//9846 1119//9846 
f 1119//9847 4640//9847 1121//9847 
f 1121//9848 4640//9848 1122//9848 
f 4639//9849 4640//9849 1119//9849 
f 4640//9850 4641//9850 1122//9850 
f 1122//9851 4642//9851 1124//9851 
f 4641//9852 4642//9852 1122//9852 
f 1124//9853 4643//9853 1127//9853 
f 4642//9854 4643//9854 1124//9854 
f 1127//9855 4644//9855 1128//9855 
f 1128//9856 4644//9856 1131//9856 
f 4643//9857 4644//9857 1127//9857 
f 4644//9858 4645//9858 1131//9858 
f 1131//9859 4646//9859 1132//9859 
f 4645//9860 4646//9860 1131//9860 
f 1132//9861 4647//9861 1135//9861 
f 1135//9862 4647//9862 1136//9862 
f 4646//9863 4647//9863 1132//9863 
f 4647//9864 4648//9864 1136//9864 
f 1136//9865 4649//9865 1139//9865 
f 1139//9866 4649//9866 1140//9866 
f 4648//9867 4649//9867 1136//9867 
f 4649//9868 4650//9868 1140//9868 
f 1140//9869 4651//9869 1142//9869 
f 4650//9870 4651//9870 1140//9870 
f 1142//9871 4652//9871 1144//9871 
f 4651//9872 4652//9872 1142//9872 
f 1144//9873 4653//9873 1146//9873 
f 4652//9874 4653//9874 1144//9874 
f 1146//9875 4654//9875 1148//9875 
f 1148//9876 4654//9876 1150//9876 
f 4653//9877 4654//9877 1146//9877 
f 4654//9878 4655//9878 1150//9878 
f 1150//9879 4656//9879 1153//9879 
f 4655//9880 4656//9880 1150//9880 
f 1153//9881 4657//9881 1154//9881 
f 4656//9882 4657//9882 1153//9882 
f 1154//9883 4658//9883 1157//9883 
f 1157//9884 4658//9884 1158//9884 
f 4657//9885 4658//9885 1154//9885 
f 1158//9886 4659//9886 1160//9886 
f 4658//9887 4659//9887 1158//9887 
f 1160//9888 4660//9888 1163//9888 
f 4659//9889 4660//9889 1160//9889 
f 4660//9890 4661//9890 1163//9890 
f 1163//9891 4662//9891 1164//9891 
f 1164//9892 4662//9892 1167//9892 
f 4661//9893 4662//9893 1163//9893 
f 4662//9894 4663//9894 1167//9894 
f 1167//9895 4663//9895 1169//9895 
f 4663//9896 4664//9896 1169//9896 
f 1169//9897 4664//9897 1171//9897 
f 1171//9898 4665//9898 1173//9898 
f 4664//9899 4665//9899 1171//9899 
f 1173//9900 4666//9900 1175//9900 
f 4665//9901 4666//9901 1173//9901 
f 4666//9902 4667//9902 1175//9902 
f 1175//9903 4668//9903 1176//9903 
f 1176//9904 4668//9904 1179//9904 
f 4667//9905 4668//9905 1175//9905 
f 1179//9906 4669//9906 1180//9906 
f 4668//9907 4669//9907 1179//9907 
f 1180//9908 4670//9908 1183//9908 
f 4669//9909 4670//9909 1180//9909 
f 1183//9910 4671//9910 1185//9910 
f 4670//9911 4671//9911 1183//9911 
f 1185//9912 4672//9912 1187//9912 
f 4671//9913 4672//9913 1185//9913 
f 1187//9914 4673//9914 1189//9914 
f 4672//9915 4673//9915 1187//9915 
f 1189//9916 4674//9916 1191//9916 
f 4673//9917 4674//9917 1189//9917 
f 4674//9918 4675//9918 1191//9918 
f 1191//9919 4676//9919 1193//9919 
f 1193//9920 4676//9920 1195//9920 
f 4675//9921 4676//9921 1191//9921 
f 1195//9922 4677//9922 1089//9922 
f 4676//9923 4677//9923 1195//9923 
f 4677//9924 4624//9924 1089//9924 
f 1197//9925 4678//9925 1199//9925 
f 1199//9926 4679//9926 1201//9926 
f 4678//9927 4679//9927 1199//9927 
f 1201//9928 4680//9928 1203//9928 
f 4679//9929 4680//9929 1201//9929 
f 1203//9930 4681//9930 1205//9930 
f 4680//9931 4681//9931 1203//9931 
f 1205//9932 4682//9932 1207//9932 
f 4681//9933 4682//9933 1205//9933 
f 1207//9934 4683//9934 1209//9934 
f 4682//9935 4683//9935 1207//9935 
f 1209//9936 4684//9936 1211//9936 
f 4683//9937 4684//9937 1209//9937 
f 1211//9938 4685//9938 1213//9938 
f 4684//9939 4685//9939 1211//9939 
f 1213//9940 4686//9940 1215//9940 
f 4685//9941 4686//9941 1213//9941 
f 4686//9942 4687//9942 1215//9942 
f 1215//9943 4687//9943 1217//9943 
f 4687//9944 4688//9944 1217//9944 
f 1217//9945 4688//9945 1219//9945 
f 4688//9946 4689//9946 1219//9946 
f 1219//9947 4689//9947 1221//9947 
f 1221//9948 4690//9948 1223//9948 
f 4689//9949 4690//9949 1221//9949 
f 4690//9950 4691//9950 1223//9950 
f 1223//9951 4692//9951 1225//9951 
f 1225//9952 4692//9952 1227//9952 
f 4691//9953 4692//9953 1223//9953 
f 1227//9954 4693//9954 1228//9954 
f 4692//9955 4693//9955 1227//9955 
f 1228//9956 4694//9956 1231//9956 
f 4693//9957 4694//9957 1228//9957 
f 4694//9958 4695//9958 1231//9958 
f 1231//9959 4696//9959 1232//9959 
f 1232//9960 4696//9960 1235//9960 
f 4695//9961 4696//9961 1231//9961 
f 4696//9962 4697//9962 1235//9962 
f 1235//9963 4698//9963 1236//9963 
f 4697//9964 4698//9964 1235//9964 
f 1236//9965 4699//9965 1238//9965 
f 4698//9966 4699//9966 1236//9966 
f 1238//9967 4700//9967 1241//9967 
f 4699//9968 4700//9968 1238//9968 
f 1241//9969 4701//9969 1242//9969 
f 4700//9970 4701//9970 1241//9970 
f 1242//9971 4702//9971 1244//9971 
f 4701//9972 4702//9972 1242//9972 
f 1244//9973 4703//9973 1246//9973 
f 4702//9974 4703//9974 1244//9974 
f 1246//9975 4704//9975 1249//9975 
f 4703//9976 4704//9976 1246//9976 
f 1249//9977 4705//9977 1250//9977 
f 4704//9978 4705//9978 1249//9978 
f 1250//9979 4706//9979 1252//9979 
f 1252//9980 4706//9980 1254//9980 
f 4705//9981 4706//9981 1250//9981 
f 4706//9982 4707//9982 1254//9982 
f 1254//9983 4708//9983 1256//9983 
f 4707//9984 4708//9984 1254//9984 
f 1256//9985 4709//9985 1258//9985 
f 4708//9986 4709//9986 1256//9986 
f 1258//9987 4710//9987 1260//9987 
f 4709//9988 4710//9988 1258//9988 
f 1260//9989 4711//9989 1262//9989 
f 4710//9990 4711//9990 1260//9990 
f 1262//9991 4712//9991 1264//9991 
f 4711//9992 4712//9992 1262//9992 
f 1264//9993 4713//9993 1266//9993 
f 4712//9994 4713//9994 1264//9994 
f 1266//9995 4714//9995 1268//9995 
f 4713//9996 4714//9996 1266//9996 
f 1268//9997 4715//9997 1270//9997 
f 4714//9998 4715//9998 1268//9998 
f 1270//9999 4716//9999 1272//9999 
f 4715//10000 4716//10000 1270//10000 
f 4716//10001 4717//10001 1272//10001 
f 1272//10002 4717//10002 1274//10002 
f 4717//10003 4718//10003 1274//10003 
f 1274//10004 4718//10004 1276//10004 
f 1276//10005 4719//10005 1279//10005 
f 4718//10006 4719//10006 1276//10006 
f 1279//10007 4719//10007 1281//10007 
f 4719//10008 4720//10008 1281//10008 
f 4720//10009 4721//10009 1281//10009 
f 1281//10010 4721//10010 1283//10010 
f 1283//10011 4722//10011 1285//10011 
f 1285//10012 4722//10012 1286//10012 
f 4721//10013 4722//10013 1283//10013 
f 4722//10014 4723//10014 1286//10014 
f 1286//10015 4724//10015 1289//10015 
f 1289//10016 4724//10016 4725//10016 
f 4723//10017 4724//10017 1286//10017 
f 4725//10018 4726//10018 1292//10018 
f 4724//10019 4726//10019 4725//10019 
f 4726//10020 4727//10020 1292//10020 
f 1292//10021 4728//10021 1294//10021 
f 1294//10022 4728//10022 1296//10022 
f 4727//10023 4728//10023 1292//10023 
f 1296//10024 4729//10024 1297//10024 
f 4728//10025 4729//10025 1296//10025 
f 1297//10026 4730//10026 1299//10026 
f 4729//10027 4730//10027 1297//10027 
f 4730//10028 4731//10028 1299//10028 
f 1299//10029 4732//10029 1302//10029 
f 1302//10030 4732//10030 1304//10030 
f 4731//10031 4732//10031 1299//10031 
f 1304//10032 4733//10032 1306//10032 
f 4732//10033 4733//10033 1304//10033 
f 4733//10034 4734//10034 1306//10034 
f 1306//10035 4735//10035 1308//10035 
f 4734//10036 4735//10036 1306//10036 
f 1308//10037 4736//10037 1310//10037 
f 1310//10038 4736//10038 1312//10038 
f 4735//10039 4736//10039 1308//10039 
f 4736//10040 4737//10040 1312//10040 
f 1312//10041 4738//10041 1314//10041 
f 4737//10042 4738//10042 1312//10042 
f 1314//10043 4678//10043 1197//10043 
f 4738//10044 4678//10044 1314//10044 
f 1386//10045 1385//10045 4739//10045 
f 1386//10046 4739//10046 4740//10046 
f 1388//10047 4740//10047 4741//10047 
f 1388//10048 1386//10048 4740//10048 
f 1390//10049 4741//10049 4742//10049 
f 1390//10050 1388//10050 4741//10050 
f 1392//10051 4742//10051 4743//10051 
f 1392//10052 1390//10052 4742//10052 
f 4744//10053 4743//10053 4745//10053 
f 4744//10054 1392//10054 4743//10054 
f 1395//10055 4745//10055 4746//10055 
f 1395//10056 4744//10056 4745//10056 
f 1397//10057 4746//10057 4747//10057 
f 1397//10058 1395//10058 4746//10058 
f 1399//10059 4747//10059 4748//10059 
f 1399//10060 1397//10060 4747//10060 
f 1401//10061 4748//10061 4749//10061 
f 1401//10062 1399//10062 4748//10062 
f 1403//10063 4749//10063 4750//10063 
f 1403//10064 1401//10064 4749//10064 
f 1405//10065 4750//10065 4751//10065 
f 1405//10066 1403//10066 4750//10066 
f 1406//10067 4751//10067 4752//10067 
f 1406//10068 1405//10068 4751//10068 
f 1408//10069 4752//10069 4753//10069 
f 1408//10070 1406//10070 4752//10070 
f 1410//10071 1408//10071 4753//10071 
f 1410//10072 4753//10072 4754//10072 
f 1412//10073 4754//10073 4755//10073 
f 1412//10074 1410//10074 4754//10074 
f 1414//10075 4755//10075 4756//10075 
f 1414//10076 1412//10076 4755//10076 
f 1416//10077 4756//10077 4757//10077 
f 1416//10078 1414//10078 4756//10078 
f 1418//10079 4757//10079 4758//10079 
f 1418//10080 1416//10080 4757//10080 
f 1420//10081 4758//10081 4759//10081 
f 1420//10082 1418//10082 4758//10082 
f 1422//10083 4759//10083 4760//10083 
f 1422//10084 1420//10084 4759//10084 
f 1382//10085 4760//10085 4761//10085 
f 1382//10086 1422//10086 4760//10086 
f 1380//10087 1382//10087 4762//10087 
f 1382//10088 4761//10088 4762//10088 
f 4763//10089 1380//10089 4764//10089 
f 1380//10090 4762//10090 4764//10090 
f 4765//10091 4763//10091 4764//10091 
f 4765//10092 4764//10092 4766//10092 
f 4767//10093 4765//10093 4766//10093 
f 4767//10094 4766//10094 4768//10094 
f 4769//10095 4767//10095 4768//10095 
f 4769//10096 4768//10096 4770//10096 
f 4771//10097 4769//10097 4770//10097 
f 4771//10098 4770//10098 4772//10098 
f 4773//10099 4771//10099 4772//10099 
f 4773//10100 4772//10100 4774//10100 
f 4775//10101 4773//10101 4774//10101 
f 4775//10102 4774//10102 4776//10102 
f 4777//10103 4775//10103 4776//10103 
f 4777//10104 4776//10104 4778//10104 
f 4779//10105 4777//10105 4778//10105 
f 4779//10106 4778//10106 4780//10106 
f 4781//10107 4779//10107 4780//10107 
f 4781//10108 4780//10108 4782//10108 
f 4783//10109 4782//10109 4784//10109 
f 4783//10110 4781//10110 4782//10110 
f 4785//10111 4784//10111 4786//10111 
f 4785//10112 4783//10112 4784//10112 
f 4787//10113 4786//10113 4788//10113 
f 4787//10114 4785//10114 4786//10114 
f 4789//10115 4788//10115 4790//10115 
f 4789//10116 4787//10116 4788//10116 
f 4791//10117 4790//10117 4792//10117 
f 4791//10118 4789//10118 4790//10118 
f 4793//10119 4792//10119 4794//10119 
f 4793//10120 4791//10120 4792//10120 
f 4795//10121 4794//10121 4796//10121 
f 4795//10122 4793//10122 4794//10122 
f 4797//10123 4796//10123 4798//10123 
f 4797//10124 4795//10124 4796//10124 
f 4799//10125 4798//10125 4800//10125 
f 4799//10126 4797//10126 4798//10126 
f 4801//10127 4800//10127 4802//10127 
f 4801//10128 4799//10128 4800//10128 
f 4803//10129 4802//10129 4804//10129 
f 4803//10130 4801//10130 4802//10130 
f 4805//10131 4804//10131 4806//10131 
f 4805//10132 4803//10132 4804//10132 
f 4807//10133 4806//10133 4808//10133 
f 4807//10134 4805//10134 4806//10134 
f 4809//10135 4808//10135 4810//10135 
f 4809//10136 4807//10136 4808//10136 
f 4811//10137 4810//10137 4812//10137 
f 4811//10138 4809//10138 4810//10138 
f 4813//10139 4812//10139 4814//10139 
f 4813//10140 4811//10140 4812//10140 
f 4815//10141 4814//10141 4816//10141 
f 4815//10142 4813//10142 4814//10142 
f 4817//10143 4815//10143 4816//10143 
f 4817//10144 4816//10144 4818//10144 
f 4819//10145 4817//10145 4818//10145 
f 4819//10146 4818//10146 4820//10146 
f 4821//10147 4819//10147 4820//10147 
f 4821//10148 4820//10148 4822//10148 
f 4823//10149 4822//10149 4824//10149 
f 4823//10150 4821//10150 4822//10150 
f 4825//10151 4824//10151 4826//10151 
f 4825//10152 4823//10152 4824//10152 
f 4827//10153 4826//10153 4828//10153 
f 4827//10154 4825//10154 4826//10154 
f 4829//10155 4828//10155 4830//10155 
f 4829//10156 4827//10156 4828//10156 
f 4831//10157 4830//10157 4832//10157 
f 4831//10158 4829//10158 4830//10158 
f 4833//10159 4832//10159 4834//10159 
f 4833//10160 4831//10160 4832//10160 
f 4835//10161 4834//10161 4836//10161 
f 4835//10162 4833//10162 4834//10162 
f 4837//10163 4836//10163 4838//10163 
f 4837//10164 4835//10164 4836//10164 
f 4839//10165 4838//10165 4840//10165 
f 4839//10166 4837//10166 4838//10166 
f 4841//10167 4840//10167 4842//10167 
f 4841//10168 4839//10168 4840//10168 
f 4843//10169 4842//10169 4844//10169 
f 4843//10170 4841//10170 4842//10170 
f 4845//10171 4844//10171 4846//10171 
f 4845//10172 4843//10172 4844//10172 
f 4847//10173 4846//10173 4848//10173 
f 4847//10174 4845//10174 4846//10174 
f 4849//10175 4848//10175 4850//10175 
f 4849//10176 4847//10176 4848//10176 
f 4851//10177 4850//10177 4852//10177 
f 4851//10178 4849//10178 4850//10178 
f 4853//10179 4852//10179 4854//10179 
f 4853//10180 4851//10180 4852//10180 
f 4855//10181 4854//10181 4856//10181 
f 4855//10182 4853//10182 4854//10182 
f 4857//10183 4856//10183 4858//10183 
f 4857//10184 4855//10184 4856//10184 
f 4859//10185 4860//10185 1385//10185 
f 1385//10186 4860//10186 4739//10186 
f 4861//10187 4862//10187 4859//10187 
f 4859//10188 4862//10188 4860//10188 
f 4863//10189 4864//10189 4865//10189 
f 4865//10190 4866//10190 4867//10190 
f 4864//10191 4866//10191 4865//10191 
f 4867//10192 4868//10192 4869//10192 
f 4866//10193 4868//10193 4867//10193 
f 4869//10194 4870//10194 4871//10194 
f 4868//10195 4870//10195 4869//10195 
f 4871//10196 4872//10196 4873//10196 
f 4870//10197 4872//10197 4871//10197 
f 4873//10198 4874//10198 4875//10198 
f 4872//10199 4874//10199 4873//10199 
f 4875//10200 4876//10200 4877//10200 
f 4874//10201 4876//10201 4875//10201 
f 4877//10202 4878//10202 4879//10202 
f 4876//10203 4878//10203 4877//10203 
f 4879//10204 4880//10204 4881//10204 
f 4878//10205 4880//10205 4879//10205 
f 4881//10206 4882//10206 4883//10206 
f 4880//10207 4882//10207 4881//10207 
f 4883//10208 4884//10208 4885//10208 
f 4882//10209 4884//10209 4883//10209 
f 4885//10210 4886//10210 4861//10210 
f 4884//10211 4886//10211 4885//10211 
f 4886//10212 4862//10212 4861//10212 
f 4863//10213 4887//10213 4864//10213 
f 4887//10214 4888//10214 4864//10214 
f 4857//10215 4858//10215 4887//10215 
f 4887//10216 4858//10216 4888//10216 
f 4750//10217 4631//10217 4751//10217 
f 4752//10218 4630//10218 4753//10218 
f 4751//10219 4630//10219 4752//10219 
f 4631//10220 4630//10220 4751//10220 
f 4749//10221 4632//10221 4750//10221 
f 4748//10222 4632//10222 4749//10222 
f 4750//10223 4632//10223 4631//10223 
f 4630//10224 4629//10224 4753//10224 
f 4753//10225 4629//10225 4754//10225 
f 4747//10226 4633//10226 4748//10226 
f 4746//10227 4633//10227 4747//10227 
f 4748//10228 4633//10228 4632//10228 
f 4755//10229 4628//10229 4756//10229 
f 4754//10230 4628//10230 4755//10230 
f 4629//10231 4628//10231 4754//10231 
f 4745//10232 4634//10232 4746//10232 
f 4746//10233 4634//10233 4633//10233 
f 4756//10234 4627//10234 4757//10234 
f 4628//10235 4627//10235 4756//10235 
f 4743//10236 4635//10236 4745//10236 
f 4742//10237 4635//10237 4743//10237 
f 4745//10238 4635//10238 4634//10238 
f 4758//10239 4626//10239 4759//10239 
f 4757//10240 4626//10240 4758//10240 
f 4627//10241 4626//10241 4757//10241 
f 4741//10242 4636//10242 4742//10242 
f 4742//10243 4636//10243 4635//10243 
f 4760//10244 4625//10244 4761//10244 
f 4759//10245 4625//10245 4760//10245 
f 4626//10246 4625//10246 4759//10246 
f 4740//10247 4637//10247 4741//10247 
f 4739//10248 4637//10248 4740//10248 
f 4741//10249 4637//10249 4636//10249 
f 4625//10250 4624//10250 4761//10250 
f 4739//10251 4638//10251 4637//10251 
f 4624//10252 4677//10252 4761//10252 
f 4739//10253 4639//10253 4638//10253 
f 4677//10254 4676//10254 4761//10254 
f 4739//10255 4640//10255 4639//10255 
f 4676//10256 4675//10256 4761//10256 
f 4739//10257 4641//10257 4640//10257 
f 4675//10258 4674//10258 4761//10258 
f 4739//10259 4642//10259 4641//10259 
f 4674//10260 4673//10260 4761//10260 
f 4739//10261 4643//10261 4642//10261 
f 4673//10262 4672//10262 4761//10262 
f 4739//10263 4644//10263 4643//10263 
f 4739//10264 4645//10264 4644//10264 
f 4739//10265 4646//10265 4645//10265 
f 4671//10266 4762//10266 4672//10266 
f 4670//10267 4762//10267 4671//10267 
f 4669//10268 4762//10268 4670//10268 
f 4668//10269 4762//10269 4669//10269 
f 4667//10270 4762//10270 4668//10270 
f 4666//10271 4762//10271 4667//10271 
f 4665//10272 4762//10272 4666//10272 
f 4664//10273 4762//10273 4665//10273 
f 4663//10274 4762//10274 4664//10274 
f 4662//10275 4762//10275 4663//10275 
f 4661//10276 4762//10276 4662//10276 
f 4672//10277 4762//10277 4761//10277 
f 4648//10278 4860//10278 4649//10278 
f 4647//10279 4860//10279 4648//10279 
f 4646//10280 4860//10280 4647//10280 
f 4739//10281 4860//10281 4646//10281 
f 4653//10282 4685//10282 4654//10282 
f 4653//10283 4686//10283 4685//10283 
f 4652//10284 4686//10284 4653//10284 
f 4652//10285 4687//10285 4686//10285 
f 4651//10286 4687//10286 4652//10286 
f 4685//10287 4684//10287 4654//10287 
f 4654//10288 4684//10288 4655//10288 
f 4650//10289 4688//10289 4651//10289 
f 4651//10290 4688//10290 4687//10290 
f 4684//10291 4683//10291 4655//10291 
f 4655//10292 4683//10292 4656//10292 
f 4683//10293 4682//10293 4656//10293 
f 4649//10294 4689//10294 4650//10294 
f 4650//10295 4689//10295 4688//10295 
f 4860//10296 4690//10296 4649//10296 
f 4649//10297 4690//10297 4689//10297 
f 4682//10298 4681//10298 4656//10298 
f 4656//10299 4681//10299 4657//10299 
f 4860//10300 4691//10300 4690//10300 
f 4681//10301 4680//10301 4657//10301 
f 4657//10302 4680//10302 4658//10302 
f 4680//10303 4679//10303 4658//10303 
f 4658//10304 4679//10304 4659//10304 
f 4691//10305 4862//10305 4692//10305 
f 4860//10306 4862//10306 4691//10306 
f 4862//10307 4693//10307 4692//10307 
f 4679//10308 4678//10308 4659//10308 
f 4659//10309 4678//10309 4660//10309 
f 4862//10310 4886//10310 4693//10310 
f 4886//10311 4694//10311 4693//10311 
f 4661//10312 4738//10312 4762//10312 
f 4660//10313 4738//10313 4661//10313 
f 4678//10314 4738//10314 4660//10314 
f 4886//10315 4884//10315 4694//10315 
f 4884//10316 4695//10316 4694//10316 
f 4738//10317 4737//10317 4762//10317 
f 4884//10318 4882//10318 4695//10318 
f 4695//10319 4882//10319 4696//10319 
f 4882//10320 4880//10320 4696//10320 
f 4696//10321 4880//10321 4697//10321 
f 4880//10322 4878//10322 4697//10322 
f 4697//10323 4878//10323 4698//10323 
f 4878//10324 4876//10324 4698//10324 
f 4698//10325 4876//10325 4699//10325 
f 4876//10326 4874//10326 4699//10326 
f 4699//10327 4874//10327 4700//10327 
f 4874//10328 4872//10328 4700//10328 
f 4700//10329 4872//10329 4701//10329 
f 4872//10330 4870//10330 4701//10330 
f 4701//10331 4870//10331 4702//10331 
f 4870//10332 4868//10332 4702//10332 
f 4702//10333 4868//10333 4703//10333 
f 4868//10334 4866//10334 4703//10334 
f 4703//10335 4866//10335 4704//10335 
f 4866//10336 4864//10336 4704//10336 
f 4706//10337 4864//10337 4707//10337 
f 4705//10338 4864//10338 4706//10338 
f 4704//10339 4864//10339 4705//10339 
f 4736//10340 4764//10340 4737//10340 
f 4735//10341 4764//10341 4736//10341 
f 4734//10342 4764//10342 4735//10342 
f 4733//10343 4764//10343 4734//10343 
f 4732//10344 4764//10344 4733//10344 
f 4731//10345 4764//10345 4732//10345 
f 4730//10346 4764//10346 4731//10346 
f 4729//10347 4764//10347 4730//10347 
f 4737//10348 4764//10348 4762//10348 
f 4728//10349 4766//10349 4729//10349 
f 4729//10350 4766//10350 4764//10350 
f 4728//10351 4768//10351 4766//10351 
f 4728//10352 4770//10352 4768//10352 
f 4727//10353 4772//10353 4728//10353 
f 4728//10354 4772//10354 4770//10354 
f 4727//10355 4774//10355 4772//10355 
f 4727//10356 4776//10356 4774//10356 
f 4726//10357 4776//10357 4727//10357 
f 4726//10358 4778//10358 4776//10358 
f 4726//10359 4780//10359 4778//10359 
f 4724//10360 4780//10360 4726//10360 
f 4724//10361 4782//10361 4780//10361 
f 4724//10362 4784//10362 4782//10362 
f 4724//10363 4786//10363 4784//10363 
f 4723//10364 4786//10364 4724//10364 
f 4888//10365 4858//10365 4864//10365 
f 4864//10366 4858//10366 4707//10366 
f 4707//10367 4858//10367 4708//10367 
f 4723//10368 4788//10368 4786//10368 
f 4858//10369 4856//10369 4708//10369 
f 4708//10370 4856//10370 4709//10370 
f 4722//10371 4790//10371 4723//10371 
f 4723//10372 4790//10372 4788//10372 
f 4856//10373 4854//10373 4709//10373 
f 4722//10374 4792//10374 4790//10374 
f 4854//10375 4852//10375 4709//10375 
f 4721//10376 4794//10376 4722//10376 
f 4722//10377 4794//10377 4792//10377 
f 4852//10378 4850//10378 4709//10378 
f 4709//10379 4850//10379 4710//10379 
f 4721//10380 4796//10380 4794//10380 
f 4850//10381 4848//10381 4710//10381 
f 4721//10382 4798//10382 4796//10382 
f 4710//10383 4846//10383 4711//10383 
f 4848//10384 4846//10384 4710//10384 
f 4721//10385 4800//10385 4798//10385 
f 4720//10386 4800//10386 4721//10386 
f 4846//10387 4844//10387 4711//10387 
f 4720//10388 4802//10388 4800//10388 
f 4844//10389 4842//10389 4711//10389 
f 4711//10390 4842//10390 4712//10390 
f 4719//10391 4804//10391 4720//10391 
f 4720//10392 4804//10392 4802//10392 
f 4842//10393 4840//10393 4712//10393 
f 4719//10394 4806//10394 4804//10394 
f 4840//10395 4838//10395 4712//10395 
f 4719//10396 4808//10396 4806//10396 
f 4718//10397 4808//10397 4719//10397 
f 4838//10398 4836//10398 4712//10398 
f 4712//10399 4836//10399 4713//10399 
f 4718//10400 4810//10400 4808//10400 
f 4836//10401 4834//10401 4713//10401 
f 4718//10402 4812//10402 4810//10402 
f 4713//10403 4832//10403 4714//10403 
f 4834//10404 4832//10404 4713//10404 
f 4717//10405 4814//10405 4718//10405 
f 4718//10406 4814//10406 4812//10406 
f 4832//10407 4830//10407 4714//10407 
f 4717//10408 4816//10408 4814//10408 
f 4714//10409 4828//10409 4715//10409 
f 4830//10410 4828//10410 4714//10410 
f 4716//10411 4818//10411 4717//10411 
f 4717//10412 4818//10412 4816//10412 
f 4828//10413 4826//10413 4715//10413 
f 4716//10414 4820//10414 4818//10414 
f 4826//10415 4824//10415 4715//10415 
f 4715//10416 4822//10416 4716//10416 
f 4716//10417 4822//10417 4820//10417 
f 4824//10418 4822//10418 4715//10418 
f 1183//10419 1185//10419 1380//10419 
f 1380//10420 1185//10420 1382//10420 
f 1380//10421 1180//10421 1183//10421 
f 1185//10422 1187//10422 1382//10422 
f 1380//10423 1179//10423 1180//10423 
f 1187//10424 1189//10424 1382//10424 
f 1380//10425 1176//10425 1179//10425 
f 1189//10426 1191//10426 1382//10426 
f 1380//10427 1175//10427 1176//10427 
f 1191//10428 1193//10428 1382//10428 
f 1380//10429 1173//10429 1175//10429 
f 1193//10430 1195//10430 1382//10430 
f 1380//10431 1171//10431 1173//10431 
f 1195//10432 1089//10432 1382//10432 
f 1380//10433 1169//10433 1171//10433 
f 1089//10434 1091//10434 1382//10434 
f 1422//10435 1091//10435 1420//10435 
f 1382//10436 1091//10436 1422//10436 
f 1380//10437 1167//10437 1169//10437 
f 1418//10438 1093//10438 1416//10438 
f 1420//10439 1093//10439 1418//10439 
f 1091//10440 1093//10440 1420//10440 
f 1380//10441 1164//10441 1167//10441 
f 1416//10442 1095//10442 1414//10442 
f 1093//10443 1095//10443 1416//10443 
f 1380//10444 1163//10444 1164//10444 
f 1412//10445 1097//10445 1410//10445 
f 1414//10446 1097//10446 1412//10446 
f 1095//10447 1097//10447 1414//10447 
f 1097//10448 1099//10448 1410//10448 
f 1410//10449 1099//10449 1408//10449 
f 1099//10450 1101//10450 1408//10450 
f 1408//10451 1101//10451 1406//10451 
f 1101//10452 1405//10452 1406//10452 
f 1101//10453 1103//10453 1405//10453 
f 1103//10454 1403//10454 1405//10454 
f 1103//10455 1105//10455 1403//10455 
f 1105//10456 1401//10456 1403//10456 
f 1105//10457 1399//10457 1401//10457 
f 1107//10458 1399//10458 1105//10458 
f 1107//10459 1397//10459 1399//10459 
f 1107//10460 1395//10460 1397//10460 
f 1109//10461 1395//10461 1107//10461 
f 1109//10462 4744//10462 1395//10462 
f 1111//10463 4744//10463 1109//10463 
f 1111//10464 1392//10464 4744//10464 
f 1113//10465 1390//10465 1111//10465 
f 1111//10466 1390//10466 1392//10466 
f 1115//10467 1388//10467 1113//10467 
f 1113//10468 1388//10468 1390//10468 
f 1115//10469 1386//10469 1388//10469 
f 1299//10470 1302//10470 4763//10470 
f 1302//10471 1304//10471 4763//10471 
f 4763//10472 1297//10472 1299//10472 
f 1304//10473 1306//10473 4763//10473 
f 4765//10474 1296//10474 4763//10474 
f 4763//10475 1296//10475 1297//10475 
f 1116//10476 1385//10476 1115//10476 
f 1119//10477 1385//10477 1116//10477 
f 1121//10478 1385//10478 1119//10478 
f 1115//10479 1385//10479 1386//10479 
f 1122//10480 1385//10480 1121//10480 
f 1124//10481 1385//10481 1122//10481 
f 1127//10482 1385//10482 1124//10482 
f 1128//10483 1385//10483 1127//10483 
f 1131//10484 1385//10484 1128//10484 
f 1132//10485 1385//10485 1131//10485 
f 1306//10486 1308//10486 4763//10486 
f 4767//10487 1294//10487 4765//10487 
f 4769//10488 1294//10488 4767//10488 
f 4771//10489 1294//10489 4769//10489 
f 4765//10490 1294//10490 1296//10490 
f 1308//10491 1310//10491 4763//10491 
f 4773//10492 1292//10492 4771//10492 
f 4775//10493 1292//10493 4773//10493 
f 4771//10494 1292//10494 1294//10494 
f 1310//10495 1312//10495 4763//10495 
f 4763//10496 1312//10496 1380//10496 
f 4777//10497 4725//10497 4775//10497 
f 4779//10498 4725//10498 4777//10498 
f 4775//10499 4725//10499 1292//10499 
f 1312//10500 1314//10500 1380//10500 
f 1163//10501 1314//10501 1160//10501 
f 1380//10502 1314//10502 1163//10502 
f 4781//10503 1289//10503 4779//10503 
f 4783//10504 1289//10504 4781//10504 
f 4785//10505 1289//10505 4783//10505 
f 4779//10506 1289//10506 4725//10506 
f 1314//10507 1197//10507 1160//10507 
f 1160//10508 1197//10508 1158//10508 
f 4785//10509 1286//10509 1289//10509 
f 4787//10510 1286//10510 4785//10510 
f 4789//10511 1286//10511 4787//10511 
f 1197//10512 1199//10512 1158//10512 
f 1158//10513 1199//10513 1157//10513 
f 4791//10514 1285//10514 4789//10514 
f 4793//10515 1285//10515 4791//10515 
f 4789//10516 1285//10516 1286//10516 
f 1199//10517 1201//10517 1157//10517 
f 1157//10518 1201//10518 1154//10518 
f 4793//10519 1283//10519 1285//10519 
f 4795//10520 1283//10520 4793//10520 
f 4797//10521 1283//10521 4795//10521 
f 4799//10522 1283//10522 4797//10522 
f 1201//10523 1203//10523 1154//10523 
f 1154//10524 1203//10524 1153//10524 
f 4801//10525 1281//10525 4799//10525 
f 4799//10526 1281//10526 1283//10526 
f 4803//10527 1281//10527 4801//10527 
f 1203//10528 1205//10528 1153//10528 
f 4805//10529 1279//10529 4803//10529 
f 4807//10530 1279//10530 4805//10530 
f 4803//10531 1279//10531 1281//10531 
f 4807//10532 1276//10532 1279//10532 
f 4809//10533 1276//10533 4807//10533 
f 4811//10534 1276//10534 4809//10534 
f 4813//10535 1276//10535 4811//10535 
f 1205//10536 1207//10536 1153//10536 
f 1153//10537 1207//10537 1150//10537 
f 1150//10538 1209//10538 1148//10538 
f 1207//10539 1209//10539 1150//10539 
f 4815//10540 1274//10540 4813//10540 
f 4817//10541 1274//10541 4815//10541 
f 4813//10542 1274//10542 1276//10542 
f 1148//10543 1211//10543 1146//10543 
f 1209//10544 1211//10544 1148//10544 
f 4819//10545 1272//10545 4817//10545 
f 4821//10546 1272//10546 4819//10546 
f 4817//10547 1272//10547 1274//10547 
f 4821//10548 1270//10548 1272//10548 
f 1211//10549 1213//10549 1146//10549 
f 1146//10550 1213//10550 1144//10550 
f 1213//10551 1215//10551 1144//10551 
f 1144//10552 1215//10552 1142//10552 
f 4821//10553 4823//10553 1270//10553 
f 1215//10554 1217//10554 1142//10554 
f 1142//10555 1217//10555 1140//10555 
f 1217//10556 1219//10556 1140//10556 
f 1140//10557 1219//10557 1139//10557 
f 4823//10558 4825//10558 1270//10558 
f 1219//10559 1221//10559 1139//10559 
f 4825//10560 4827//10560 1270//10560 
f 1270//10561 4827//10561 1268//10561 
f 4827//10562 4829//10562 1268//10562 
f 4829//10563 4831//10563 1268//10563 
f 1268//10564 4831//10564 1266//10564 
f 4831//10565 4833//10565 1266//10565 
f 4833//10566 4835//10566 1266//10566 
f 1266//10567 4835//10567 1264//10567 
f 4835//10568 4837//10568 1264//10568 
f 4837//10569 4839//10569 1264//10569 
f 1264//10570 4841//10570 1262//10570 
f 4839//10571 4841//10571 1264//10571 
f 4841//10572 4843//10572 1262//10572 
f 4843//10573 4845//10573 1262//10573 
f 1262//10574 4845//10574 1260//10574 
f 4845//10575 4847//10575 1260//10575 
f 4847//10576 4849//10576 1260//10576 
f 1260//10577 4849//10577 1258//10577 
f 4849//10578 4851//10578 1258//10578 
f 4851//10579 4853//10579 1258//10579 
f 4853//10580 4855//10580 1258//10580 
f 1258//10581 4855//10581 1256//10581 
f 4855//10582 4857//10582 1256//10582 
f 1256//10583 4857//10583 1254//10583 
f 1244//10584 4869//10584 1242//10584 
f 1244//10585 4867//10585 4869//10585 
f 1246//10586 4867//10586 1244//10586 
f 4869//10587 4871//10587 1242//10587 
f 1242//10588 4871//10588 1241//10588 
f 1249//10589 4865//10589 1246//10589 
f 1246//10590 4865//10590 4867//10590 
f 1241//10591 4873//10591 1238//10591 
f 4871//10592 4873//10592 1241//10592 
f 1250//10593 4863//10593 1249//10593 
f 1252//10594 4863//10594 1250//10594 
f 1254//10595 4863//10595 1252//10595 
f 4857//10596 4863//10596 1254//10596 
f 1249//10597 4863//10597 4865//10597 
f 4873//10598 4875//10598 1238//10598 
f 1238//10599 4875//10599 1236//10599 
f 1236//10600 4877//10600 1235//10600 
f 4875//10601 4877//10601 1236//10601 
f 1235//10602 4879//10602 1232//10602 
f 4877//10603 4879//10603 1235//10603 
f 1232//10604 4881//10604 1231//10604 
f 4879//10605 4881//10605 1232//10605 
f 1231//10606 4883//10606 1228//10606 
f 4881//10607 4883//10607 1231//10607 
f 1228//10608 4885//10608 1227//10608 
f 4883//10609 4885//10609 1228//10609 
f 1225//10610 4861//10610 1223//10610 
f 1227//10611 4861//10611 1225//10611 
f 4885//10612 4861//10612 1227//10612 
f 4857//10613 4887//10613 4863//10613 
f 1132//10614 4859//10614 1385//10614 
f 1223//10615 4859//10615 1221//10615 
f 4861//10616 4859//10616 1223//10616 
f 1221//10617 4859//10617 1139//10617 
f 1135//10618 4859//10618 1132//10618 
f 1136//10619 4859//10619 1135//10619 
f 1139//10620 4859//10620 1136//10620 
f 4889//10621 4890//10621 4891//10621 
f 4891//10622 4890//10622 4892//10622 
f 4893//10623 4894//10623 4889//10623 
f 4889//10624 4894//10624 4890//10624 
f 4893//10625 4895//10625 4894//10625 
f 4895//10626 4896//10626 4894//10626 
f 4891//10627 4892//10627 4895//10627 
f 4895//10628 4892//10628 4896//10628 
f 4894//10629 4896//10629 4890//10629 
f 4890//10630 4896//10630 4892//10630 
f 4895//10631 4889//10631 4891//10631 
f 4895//10632 4893//10632 4889//10632 
f 4897//10633 4898//10633 4899//10633 
f 4897//10634 4899//10634 4900//10634 
f 4901//10635 4900//10635 4902//10635 
f 4901//10636 4897//10636 4900//10636 
f 4903//10637 4901//10637 4902//10637 
f 4903//10638 4902//10638 4904//10638 
f 4905//10639 4903//10639 4904//10639 
f 4905//10640 4904//10640 4906//10640 
f 4907//10641 4905//10641 4906//10641 
f 4907//10642 4906//10642 4908//10642 
f 4909//10643 4907//10643 4908//10643 
f 4909//10644 4908//10644 4910//10644 
f 4911//10645 4909//10645 4910//10645 
f 4911//10646 4910//10646 4912//10646 
f 4913//10647 4911//10647 4912//10647 
f 4913//10648 4912//10648 4914//10648 
f 4915//10649 4913//10649 4914//10649 
f 4915//10650 4914//10650 4916//10650 
f 4917//10651 4915//10651 4916//10651 
f 4917//10652 4916//10652 4918//10652 
f 4919//10653 4918//10653 4920//10653 
f 4919//10654 4917//10654 4918//10654 
f 4921//10655 4919//10655 4920//10655 
f 4921//10656 4920//10656 4922//10656 
f 4923//10657 4922//10657 4924//10657 
f 4923//10658 4921//10658 4922//10658 
f 4925//10659 4924//10659 4926//10659 
f 4925//10660 4923//10660 4924//10660 
f 4927//10661 4928//10661 4929//10661 
f 4927//10662 4926//10662 4928//10662 
f 4927//10663 4925//10663 4926//10663 
f 4930//10664 4927//10664 4929//10664 
f 4931//10665 4932//10665 4933//10665 
f 4931//10666 4929//10666 4932//10666 
f 4931//10667 4930//10667 4929//10667 
f 4934//10668 4933//10668 4935//10668 
f 4934//10669 4931//10669 4933//10669 
f 4936//10670 4935//10670 4937//10670 
f 4936//10671 4934//10671 4935//10671 
f 4938//10672 4937//10672 4939//10672 
f 4938//10673 4936//10673 4937//10673 
f 4940//10674 4938//10674 4939//10674 
f 4941//10675 4942//10675 4943//10675 
f 4941//10676 4939//10676 4942//10676 
f 4941//10677 4940//10677 4939//10677 
f 4944//10678 4943//10678 4945//10678 
f 4944//10679 4941//10679 4943//10679 
f 4946//10680 4944//10680 4945//10680 
f 4947//10681 4948//10681 4949//10681 
f 4947//10682 4945//10682 4948//10682 
f 4947//10683 4946//10683 4945//10683 
f 4950//10684 4949//10684 4951//10684 
f 4950//10685 4947//10685 4949//10685 
f 4952//10686 4950//10686 4951//10686 
f 4953//10687 4952//10687 4951//10687 
f 4953//10688 4954//10688 4955//10688 
f 4953//10689 4951//10689 4954//10689 
f 4956//10690 4955//10690 4957//10690 
f 4956//10691 4953//10691 4955//10691 
f 4958//10692 4956//10692 4957//10692 
f 4958//10693 4957//10693 4959//10693 
f 4960//10694 4959//10694 4961//10694 
f 4960//10695 4958//10695 4959//10695 
f 4962//10696 4961//10696 4963//10696 
f 4962//10697 4960//10697 4961//10697 
f 4964//10698 4963//10698 4965//10698 
f 4964//10699 4962//10699 4963//10699 
f 4966//10700 4964//10700 4965//10700 
f 4967//10701 4968//10701 4969//10701 
f 4967//10702 4965//10702 4968//10702 
f 4967//10703 4966//10703 4965//10703 
f 4970//10704 4969//10704 4971//10704 
f 4970//10705 4967//10705 4969//10705 
f 4972//10706 4970//10706 4971//10706 
f 4973//10707 4974//10707 4975//10707 
f 4973//10708 4971//10708 4974//10708 
f 4973//10709 4972//10709 4971//10709 
f 4976//10710 4975//10710 4977//10710 
f 4976//10711 4973//10711 4975//10711 
f 4978//10712 4977//10712 4979//10712 
f 4978//10713 4976//10713 4977//10713 
f 4980//10714 4979//10714 4981//10714 
f 4980//10715 4978//10715 4979//10715 
f 4982//10716 4980//10716 4981//10716 
f 4982//10717 4981//10717 4983//10717 
f 4984//10718 4983//10718 4985//10718 
f 4984//10719 4982//10719 4983//10719 
f 4986//10720 4985//10720 4987//10720 
f 4986//10721 4984//10721 4985//10721 
f 4988//10722 4986//10722 4987//10722 
f 4988//10723 4987//10723 4989//10723 
f 4990//10724 4988//10724 4989//10724 
f 4990//10725 4989//10725 4991//10725 
f 4992//10726 4990//10726 4991//10726 
f 4992//10727 4991//10727 4993//10727 
f 4994//10728 4992//10728 4993//10728 
f 4994//10729 4993//10729 4995//10729 
f 4996//10730 4994//10730 4995//10730 
f 4996//10731 4995//10731 4997//10731 
f 4998//10732 4996//10732 4997//10732 
f 4998//10733 4997//10733 4999//10733 
f 5000//10734 4998//10734 4999//10734 
f 5000//10735 4999//10735 5001//10735 
f 5002//10736 5000//10736 5001//10736 
f 5002//10737 5001//10737 5003//10737 
f 5004//10738 5003//10738 5005//10738 
f 5004//10739 5002//10739 5003//10739 
f 5006//10740 5005//10740 5007//10740 
f 5006//10741 5004//10741 5005//10741 
f 5008//10742 5007//10742 5009//10742 
f 5008//10743 5006//10743 5007//10743 
f 5010//10744 5009//10744 5011//10744 
f 5010//10745 5008//10745 5009//10745 
f 5012//10746 5011//10746 5013//10746 
f 5012//10747 5010//10747 5011//10747 
f 5014//10748 5013//10748 5015//10748 
f 5014//10749 5012//10749 5013//10749 
f 5016//10750 5015//10750 5017//10750 
f 5016//10751 5014//10751 5015//10751 
f 5018//10752 5017//10752 5019//10752 
f 5018//10753 5016//10753 5017//10753 
f 5020//10754 5019//10754 5021//10754 
f 5020//10755 5018//10755 5019//10755 
f 5022//10756 5021//10756 5023//10756 
f 5022//10757 5020//10757 5021//10757 
f 5024//10758 5023//10758 5025//10758 
f 5024//10759 5022//10759 5023//10759 
f 5026//10760 5025//10760 5027//10760 
f 5026//10761 5024//10761 5025//10761 
f 5028//10762 5026//10762 5027//10762 
f 5029//10763 5027//10763 5030//10763 
f 5029//10764 5028//10764 5027//10764 
f 5031//10765 5030//10765 5032//10765 
f 5031//10766 5029//10766 5030//10766 
f 5033//10767 5034//10767 5035//10767 
f 5033//10768 5032//10768 5034//10768 
f 5033//10769 5031//10769 5032//10769 
f 5036//10770 5033//10770 5035//10770 
f 5037//10771 5036//10771 5035//10771 
f 5037//10772 5035//10772 5038//10772 
f 5039//10773 5037//10773 5038//10773 
f 5039//10774 5038//10774 5040//10774 
f 5041//10775 5039//10775 5040//10775 
f 5041//10776 5040//10776 5042//10776 
f 5043//10777 5044//10777 5045//10777 
f 5043//10778 5042//10778 5044//10778 
f 5043//10779 5041//10779 5042//10779 
f 5046//10780 5045//10780 5047//10780 
f 5046//10781 5043//10781 5045//10781 
f 5048//10782 5046//10782 5047//10782 
f 5049//10783 5047//10783 5050//10783 
f 5049//10784 5048//10784 5047//10784 
f 5051//10785 5052//10785 5053//10785 
f 5051//10786 5050//10786 5052//10786 
f 5051//10787 5049//10787 5050//10787 
f 5054//10788 5051//10788 5053//10788 
f 5055//10789 5053//10789 5056//10789 
f 5055//10790 5054//10790 5053//10790 
f 5057//10791 5056//10791 5058//10791 
f 5057//10792 5055//10792 5056//10792 
f 5059//10793 5058//10793 5060//10793 
f 5059//10794 5057//10794 5058//10794 
f 5061//10795 5062//10795 5063//10795 
f 5061//10796 5060//10796 5062//10796 
f 5061//10797 5059//10797 5060//10797 
f 5064//10798 5063//10798 4899//10798 
f 5064//10799 5061//10799 5063//10799 
f 4898//10800 5064//10800 4899//10800 
f 4961//10801 4965//10801 4963//10801 
f 4959//10802 4965//10802 4961//10802 
f 4969//10803 4974//10803 4971//10803 
f 4949//10804 4948//10804 4951//10804 
f 4975//10805 4979//10805 4977//10805 
f 4974//10806 4979//10806 4975//10806 
f 4943//10807 4942//10807 4945//10807 
f 4979//10808 4983//10808 4981//10808 
f 4969//10809 4987//10809 4974//10809 
f 4968//10810 4987//10810 4969//10810 
f 4974//10811 4987//10811 4979//10811 
f 4979//10812 4987//10812 4983//10812 
f 4983//10813 4987//10813 4985//10813 
f 4933//10814 4932//10814 4935//10814 
f 4989//10815 4993//10815 4991//10815 
f 4987//10816 4993//10816 4989//10816 
f 4929//10817 4928//10817 4932//10817 
f 4965//10818 4997//10818 4968//10818 
f 4968//10819 4997//10819 4987//10819 
f 4987//10820 4997//10820 4993//10820 
f 4993//10821 4997//10821 4995//10821 
f 4959//10822 4997//10822 4965//10822 
f 4926//10823 4924//10823 4928//10823 
f 4959//10824 4999//10824 4997//10824 
f 4922//10825 4920//10825 4924//10825 
f 4959//10826 5003//10826 4999//10826 
f 4999//10827 5003//10827 5001//10827 
f 4920//10828 4918//10828 4924//10828 
f 4957//10829 5007//10829 4959//10829 
f 4955//10830 5007//10830 4957//10830 
f 4954//10831 5007//10831 4955//10831 
f 4959//10832 5007//10832 5003//10832 
f 5003//10833 5007//10833 5005//10833 
f 4914//10834 4912//10834 4916//10834 
f 4916//10835 4910//10835 4918//10835 
f 4912//10836 4910//10836 4916//10836 
f 5009//10837 5013//10837 5011//10837 
f 4910//10838 4908//10838 4918//10838 
f 4942//10839 5015//10839 4945//10839 
f 4951//10840 5015//10840 4954//10840 
f 4948//10841 5015//10841 4951//10841 
f 4945//10842 5015//10842 4948//10842 
f 4954//10843 5015//10843 5007//10843 
f 5007//10844 5015//10844 5009//10844 
f 5009//10845 5015//10845 5013//10845 
f 4906//10846 4904//10846 4908//10846 
f 5015//10847 5019//10847 5017//10847 
f 4902//10848 4900//10848 4904//10848 
f 4904//10849 4900//10849 4908//10849 
f 4908//10850 4900//10850 4918//10850 
f 5019//10851 5023//10851 5021//10851 
f 5015//10852 5023//10852 5019//10852 
f 5015//10853 5025//10853 5023//10853 
f 4939//10854 5025//10854 4942//10854 
f 4937//10855 5025//10855 4939//10855 
f 4935//10856 5025//10856 4937//10856 
f 4942//10857 5025//10857 5015//10857 
f 4932//10858 5027//10858 4935//10858 
f 4935//10859 5027//10859 5025//10859 
f 4899//10860 5062//10860 4900//10860 
f 5063//10861 5062//10861 4899//10861 
f 5062//10862 5060//10862 4900//10862 
f 5060//10863 5056//10863 4900//10863 
f 5058//10864 5056//10864 5060//10864 
f 4932//10865 5035//10865 5027//10865 
f 4928//10866 5035//10866 4932//10866 
f 5032//10867 5035//10867 5034//10867 
f 5030//10868 5035//10868 5032//10868 
f 5027//10869 5035//10869 5030//10869 
f 5053//10870 5052//10870 5056//10870 
f 5052//10871 5050//10871 5056//10871 
f 5038//10872 5042//10872 5040//10872 
f 5035//10873 5042//10873 5038//10873 
f 4924//10874 5042//10874 4928//10874 
f 4928//10875 5042//10875 5035//10875 
f 4924//10876 5044//10876 5042//10876 
f 4918//10877 5044//10877 4924//10877 
f 4900//10878 5045//10878 4918//10878 
f 4918//10879 5045//10879 5044//10879 
f 5056//10880 5045//10880 4900//10880 
f 5050//10881 5045//10881 5056//10881 
f 5047//10882 5045//10882 5050//10882 
f 5000//10883 4996//10883 4998//10883 
f 5002//10884 4996//10884 5000//10884 
f 5004//10885 5014//10885 5002//10885 
f 5006//10886 5014//10886 5004//10886 
f 5008//10887 5014//10887 5006//10887 
f 5010//10888 5014//10888 5008//10888 
f 5012//10889 5014//10889 5010//10889 
f 5014//10890 5016//10890 5002//10890 
f 4994//10891 4990//10891 4992//10891 
f 4994//10892 4988//10892 4990//10892 
f 4996//10893 4988//10893 4994//10893 
f 5018//10894 5020//10894 5016//10894 
f 5020//10895 5022//10895 5016//10895 
f 5024//10896 5026//10896 5022//10896 
f 4980//10897 4976//10897 4978//10897 
f 4982//10898 4976//10898 4980//10898 
f 4984//10899 4973//10899 4982//10899 
f 4986//10900 4973//10900 4984//10900 
f 4988//10901 4973//10901 4986//10901 
f 4982//10902 4973//10902 4976//10902 
f 5029//10903 5037//10903 5028//10903 
f 5031//10904 5037//10904 5029//10904 
f 5033//10905 5037//10905 5031//10905 
f 5036//10906 5037//10906 5033//10906 
f 5028//10907 5039//10907 5026//10907 
f 5026//10908 5039//10908 5022//10908 
f 5037//10909 5039//10909 5028//10909 
f 5041//10910 5043//10910 5039//10910 
f 4966//10911 4962//10911 4964//10911 
f 4967//10912 4962//10912 4966//10912 
f 4970//10913 4962//10913 4967//10913 
f 4972//10914 4962//10914 4970//10914 
f 5022//10915 5046//10915 5016//10915 
f 5016//10916 5046//10916 5002//10916 
f 5043//10917 5046//10917 5039//10917 
f 5039//10918 5046//10918 5022//10918 
f 4972//10919 4960//10919 4962//10919 
f 4973//10920 4960//10920 4972//10920 
f 5048//10921 5049//10921 5046//10921 
f 4958//10922 4953//10922 4956//10922 
f 4960//10923 4953//10923 4958//10923 
f 5051//10924 5054//10924 5049//10924 
f 5049//10925 5054//10925 5046//10925 
f 4960//10926 4952//10926 4953//10926 
f 5054//10927 5055//10927 5046//10927 
f 4996//10928 5057//10928 4988//10928 
f 5046//10929 5057//10929 5002//10929 
f 5055//10930 5057//10930 5046//10930 
f 5002//10931 5057//10931 4996//10931 
f 4952//10932 4947//10932 4950//10932 
f 4952//10933 4946//10933 4947//10933 
f 5059//10934 5061//10934 5057//10934 
f 5057//10935 5061//10935 4988//10935 
f 5061//10936 4898//10936 4988//10936 
f 5064//10937 4898//10937 5061//10937 
f 4952//10938 4940//10938 4946//10938 
f 4944//10939 4940//10939 4941//10939 
f 4946//10940 4940//10940 4944//10940 
f 4897//10941 4901//10941 4898//10941 
f 4903//10942 4905//10942 4901//10942 
f 4934//10943 4930//10943 4931//10943 
f 4898//10944 4909//10944 4988//10944 
f 4901//10945 4909//10945 4898//10945 
f 4905//10946 4909//10946 4901//10946 
f 4907//10947 4909//10947 4905//10947 
f 4934//10948 4927//10948 4930//10948 
f 4952//10949 4927//10949 4940//10949 
f 4936//10950 4927//10950 4934//10950 
f 4938//10951 4927//10951 4936//10951 
f 4940//10952 4927//10952 4938//10952 
f 4960//10953 4927//10953 4952//10953 
f 4909//10954 4911//10954 4988//10954 
f 4988//10955 4913//10955 4973//10955 
f 4911//10956 4913//10956 4988//10956 
f 4927//10957 4923//10957 4925//10957 
f 4913//10958 4915//10958 4973//10958 
f 4927//10959 4921//10959 4923//10959 
f 4960//10960 4917//10960 4927//10960 
f 4915//10961 4917//10961 4973//10961 
f 4973//10962 4917//10962 4960//10962 
f 4917//10963 4919//10963 4927//10963 
f 4927//10964 4919//10964 4921//10964 
f 5065//10965 5066//10965 5067//10965 
f 5065//10966 5067//10966 5068//10966 
f 5069//10967 5068//10967 5070//10967 
f 5069//10968 5065//10968 5068//10968 
f 5071//10969 5069//10969 5070//10969 
f 5071//10970 5070//10970 5072//10970 
f 5073//10971 5071//10971 5072//10971 
f 5073//10972 5072//10972 5074//10972 
f 5075//10973 5073//10973 5074//10973 
f 5075//10974 5074//10974 5076//10974 
f 5077//10975 5075//10975 5076//10975 
f 5077//10976 5076//10976 5078//10976 
f 5079//10977 5077//10977 5078//10977 
f 5079//10978 5078//10978 5080//10978 
f 5081//10979 5079//10979 5080//10979 
f 5081//10980 5080//10980 5082//10980 
f 5083//10981 5081//10981 5082//10981 
f 5083//10982 5082//10982 5084//10982 
f 5085//10983 5083//10983 5084//10983 
f 5085//10984 5084//10984 5086//10984 
f 5087//10985 5086//10985 5088//10985 
f 5087//10986 5085//10986 5086//10986 
f 5089//10987 5087//10987 5088//10987 
f 5089//10988 5088//10988 5090//10988 
f 5091//10989 5090//10989 5092//10989 
f 5091//10990 5089//10990 5090//10990 
f 5093//10991 5094//10991 5095//10991 
f 5093//10992 5092//10992 5094//10992 
f 5093//10993 5091//10993 5092//10993 
f 5096//10994 5093//10994 5095//10994 
f 5097//10995 5098//10995 5099//10995 
f 5097//10996 5095//10996 5098//10996 
f 5097//10997 5096//10997 5095//10997 
f 5100//10998 5097//10998 5099//10998 
f 5101//10999 5099//10999 5102//10999 
f 5101//11000 5100//11000 5099//11000 
f 5103//11001 5102//11001 5104//11001 
f 5103//11002 5101//11002 5102//11002 
f 5105//11003 5106//11003 5107//11003 
f 5105//11004 5104//11004 5106//11004 
f 5105//11005 5103//11005 5104//11005 
f 5108//11006 5105//11006 5107//11006 
f 5109//11007 5107//11007 5110//11007 
f 5109//11008 5108//11008 5107//11008 
f 5111//11009 5110//11009 5112//11009 
f 5111//11010 5109//11010 5110//11010 
f 5113//11011 5114//11011 5115//11011 
f 5113//11012 5112//11012 5114//11012 
f 5113//11013 5111//11013 5112//11013 
f 5116//11014 5115//11014 5117//11014 
f 5116//11015 5113//11015 5115//11015 
f 5118//11016 5116//11016 5117//11016 
f 5119//11017 5117//11017 5120//11017 
f 5119//11018 5118//11018 5117//11018 
f 5121//11019 5119//11019 5120//11019 
f 5121//11020 5122//11020 5123//11020 
f 5121//11021 5120//11021 5122//11021 
f 5124//11022 5121//11022 5123//11022 
f 5125//11023 5124//11023 5123//11023 
f 5125//11024 5123//11024 5126//11024 
f 5127//11025 5128//11025 5129//11025 
f 5127//11026 5126//11026 5128//11026 
f 5127//11027 5125//11027 5126//11027 
f 5130//11028 5127//11028 5129//11028 
f 5130//11029 5129//11029 5131//11029 
f 5132//11030 5131//11030 5133//11030 
f 5132//11031 5130//11031 5131//11031 
f 5134//11032 5132//11032 5133//11032 
f 5135//11033 5136//11033 5137//11033 
f 5135//11034 5133//11034 5136//11034 
f 5135//11035 5134//11035 5133//11035 
f 5138//11036 5137//11036 5139//11036 
f 5138//11037 5135//11037 5137//11037 
f 5140//11038 5138//11038 5139//11038 
f 5141//11039 5142//11039 5143//11039 
f 5141//11040 5139//11040 5142//11040 
f 5141//11041 5140//11041 5139//11041 
f 5144//11042 5143//11042 5145//11042 
f 5144//11043 5141//11043 5143//11043 
f 5146//11044 5144//11044 5145//11044 
f 5147//11045 5148//11045 5149//11045 
f 5147//11046 5145//11046 5148//11046 
f 5147//11047 5146//11047 5145//11047 
f 5150//11048 5147//11048 5149//11048 
f 5150//11049 5149//11049 5151//11049 
f 5152//11050 5151//11050 5153//11050 
f 5152//11051 5150//11051 5151//11051 
f 5154//11052 5153//11052 5155//11052 
f 5154//11053 5152//11053 5153//11053 
f 5156//11054 5154//11054 5155//11054 
f 5156//11055 5155//11055 5157//11055 
f 5158//11056 5156//11056 5157//11056 
f 5158//11057 5157//11057 5159//11057 
f 5160//11058 5158//11058 5159//11058 
f 5160//11059 5159//11059 5161//11059 
f 5162//11060 5160//11060 5161//11060 
f 5162//11061 5161//11061 5163//11061 
f 5164//11062 5162//11062 5163//11062 
f 5164//11063 5163//11063 5165//11063 
f 5166//11064 5164//11064 5165//11064 
f 5166//11065 5165//11065 5167//11065 
f 5168//11066 5166//11066 5167//11066 
f 5168//11067 5167//11067 5169//11067 
f 5170//11068 5168//11068 5169//11068 
f 5170//11069 5169//11069 5171//11069 
f 5172//11070 5171//11070 5173//11070 
f 5172//11071 5170//11071 5171//11071 
f 5174//11072 5173//11072 5175//11072 
f 5174//11073 5172//11073 5173//11073 
f 5176//11074 5175//11074 5177//11074 
f 5176//11075 5174//11075 5175//11075 
f 5178//11076 5177//11076 5179//11076 
f 5178//11077 5176//11077 5177//11077 
f 5180//11078 5179//11078 5181//11078 
f 5180//11079 5178//11079 5179//11079 
f 5182//11080 5181//11080 5183//11080 
f 5182//11081 5180//11081 5181//11081 
f 5184//11082 5183//11082 5185//11082 
f 5184//11083 5182//11083 5183//11083 
f 5186//11084 5184//11084 5185//11084 
f 5187//11085 5188//11085 5189//11085 
f 5187//11086 5185//11086 5188//11086 
f 5187//11087 5186//11087 5185//11087 
f 5190//11088 5187//11088 5189//11088 
f 5191//11089 5189//11089 5192//11089 
f 5191//11090 5190//11090 5189//11090 
f 5193//11091 5194//11091 5195//11091 
f 5193//11092 5192//11092 5194//11092 
f 5193//11093 5191//11093 5192//11093 
f 5196//11094 5193//11094 5195//11094 
f 5197//11095 5198//11095 5199//11095 
f 5197//11096 5195//11096 5198//11096 
f 5197//11097 5196//11097 5195//11097 
f 5200//11098 5197//11098 5199//11098 
f 5201//11099 5199//11099 5202//11099 
f 5201//11100 5200//11100 5199//11100 
f 5203//11101 5204//11101 5205//11101 
f 5203//11102 5202//11102 5204//11102 
f 5203//11103 5201//11103 5202//11103 
f 5206//11104 5203//11104 5205//11104 
f 5207//11105 5206//11105 5205//11105 
f 5207//11106 5205//11106 5208//11106 
f 5209//11107 5207//11107 5208//11107 
f 5209//11108 5210//11108 5211//11108 
f 5209//11109 5208//11109 5210//11109 
f 5212//11110 5209//11110 5211//11110 
f 5213//11111 5214//11111 5215//11111 
f 5213//11112 5211//11112 5214//11112 
f 5213//11113 5212//11113 5211//11113 
f 5216//11114 5213//11114 5215//11114 
f 5217//11115 5215//11115 5218//11115 
f 5217//11116 5216//11116 5215//11116 
f 5219//11117 5220//11117 5221//11117 
f 5219//11118 5218//11118 5220//11118 
f 5219//11119 5217//11119 5218//11119 
f 5222//11120 5219//11120 5221//11120 
f 5223//11121 5224//11121 5225//11121 
f 5223//11122 5221//11122 5224//11122 
f 5223//11123 5222//11123 5221//11123 
f 5226//11124 5223//11124 5225//11124 
f 5227//11125 5225//11125 5228//11125 
f 5227//11126 5226//11126 5225//11126 
f 5229//11127 5228//11127 5230//11127 
f 5229//11128 5227//11128 5228//11128 
f 5231//11129 5230//11129 5232//11129 
f 5231//11130 5229//11130 5230//11130 
f 5066//11131 5232//11131 5067//11131 
f 5066//11132 5231//11132 5232//11132 
f 5128//11133 5131//11133 5129//11133 
f 5123//11134 5122//11134 5126//11134 
f 5131//11135 5136//11135 5133//11135 
f 5122//11136 5120//11136 5126//11136 
f 5136//11137 5139//11137 5137//11137 
f 5117//11138 5114//11138 5120//11138 
f 5115//11139 5114//11139 5117//11139 
f 5120//11140 5114//11140 5126//11140 
f 5112//11141 5110//11141 5114//11141 
f 5107//11142 5104//11142 5110//11142 
f 5106//11143 5104//11143 5107//11143 
f 5151//11144 5155//11144 5153//11144 
f 5102//11145 5099//11145 5104//11145 
f 5104//11146 5094//11146 5110//11146 
f 5114//11147 5094//11147 5126//11147 
f 5110//11148 5094//11148 5114//11148 
f 5098//11149 5094//11149 5099//11149 
f 5095//11150 5094//11150 5098//11150 
f 5099//11151 5094//11151 5104//11151 
f 5159//11152 5163//11152 5161//11152 
f 5157//11153 5163//11153 5159//11153 
f 5155//11154 5163//11154 5157//11154 
f 5092//11155 5088//11155 5094//11155 
f 5090//11156 5088//11156 5092//11156 
f 5126//11157 5086//11157 5128//11157 
f 5094//11158 5086//11158 5126//11158 
f 5088//11159 5086//11159 5094//11159 
f 5128//11160 5086//11160 5131//11160 
f 5084//11161 5082//11161 5086//11161 
f 5086//11162 5082//11162 5131//11162 
f 5080//11163 5078//11163 5082//11163 
f 5082//11164 5078//11164 5131//11164 
f 5131//11165 5078//11165 5136//11165 
f 5136//11166 5078//11166 5139//11166 
f 5175//11167 5179//11167 5177//11167 
f 5173//11168 5179//11168 5175//11168 
f 5171//11169 5179//11169 5173//11169 
f 5169//11170 5181//11170 5171//11170 
f 5171//11171 5181//11171 5179//11171 
f 5139//11172 5074//11172 5142//11172 
f 5076//11173 5074//11173 5078//11173 
f 5078//11174 5074//11174 5139//11174 
f 5074//11175 5072//11175 5142//11175 
f 5181//11176 5185//11176 5183//11176 
f 5072//11177 5070//11177 5142//11177 
f 5181//11178 5188//11178 5185//11178 
f 5148//11179 5068//11179 5149//11179 
f 5145//11180 5068//11180 5148//11180 
f 5143//11181 5068//11181 5145//11181 
f 5142//11182 5068//11182 5143//11182 
f 5070//11183 5068//11183 5142//11183 
f 5181//11184 5189//11184 5188//11184 
f 5068//11185 5230//11185 5149//11185 
f 5151//11186 5230//11186 5155//11186 
f 5067//11187 5230//11187 5068//11187 
f 5232//11188 5230//11188 5067//11188 
f 5149//11189 5230//11189 5151//11189 
f 5192//11190 5195//11190 5194//11190 
f 5189//11191 5195//11191 5192//11191 
f 5228//11192 5225//11192 5230//11192 
f 5155//11193 5225//11193 5163//11193 
f 5230//11194 5225//11194 5155//11194 
f 5181//11195 5202//11195 5189//11195 
f 5189//11196 5202//11196 5195//11196 
f 5198//11197 5202//11197 5199//11197 
f 5195//11198 5202//11198 5198//11198 
f 5167//11199 5202//11199 5169//11199 
f 5169//11200 5202//11200 5181//11200 
f 5224//11201 5221//11201 5225//11201 
f 5221//11202 5218//11202 5225//11202 
f 5225//11203 5218//11203 5163//11203 
f 5220//11204 5218//11204 5221//11204 
f 5167//11205 5210//11205 5202//11205 
f 5218//11206 5210//11206 5163//11206 
f 5215//11207 5210//11207 5218//11207 
f 5205//11208 5210//11208 5208//11208 
f 5204//11209 5210//11209 5205//11209 
f 5202//11210 5210//11210 5204//11210 
f 5165//11211 5210//11211 5167//11211 
f 5163//11212 5210//11212 5165//11212 
f 5215//11213 5211//11213 5210//11213 
f 5214//11214 5211//11214 5215//11214 
f 5172//11215 5178//11215 5170//11215 
f 5174//11216 5178//11216 5172//11216 
f 5176//11217 5178//11217 5174//11217 
f 5180//11218 5182//11218 5178//11218 
f 5184//11219 5186//11219 5182//11219 
f 5190//11220 5191//11220 5187//11220 
f 5191//11221 5193//11221 5187//11221 
f 5186//11222 5193//11222 5182//11222 
f 5187//11223 5193//11223 5186//11223 
f 5193//11224 5200//11224 5182//11224 
f 5196//11225 5200//11225 5193//11225 
f 5197//11226 5200//11226 5196//11226 
f 5146//11227 5141//11227 5144//11227 
f 5200//11228 5201//11228 5182//11228 
f 5141//11229 5138//11229 5140//11229 
f 5182//11230 5209//11230 5178//11230 
f 5203//11231 5209//11231 5201//11231 
f 5206//11232 5209//11232 5203//11232 
f 5207//11233 5209//11233 5206//11233 
f 5201//11234 5209//11234 5182//11234 
f 5170//11235 5212//11235 5168//11235 
f 5209//11236 5212//11236 5178//11236 
f 5178//11237 5212//11237 5170//11237 
f 5134//11238 5130//11238 5132//11238 
f 5135//11239 5130//11239 5134//11239 
f 5168//11240 5217//11240 5166//11240 
f 5213//11241 5217//11241 5212//11241 
f 5216//11242 5217//11242 5213//11242 
f 5212//11243 5217//11243 5168//11243 
f 5125//11244 5121//11244 5124//11244 
f 5127//11245 5121//11245 5125//11245 
f 5164//11246 5222//11246 5162//11246 
f 5166//11247 5222//11247 5164//11247 
f 5219//11248 5222//11248 5217//11248 
f 5217//11249 5222//11249 5166//11249 
f 5127//11250 5119//11250 5121//11250 
f 5160//11251 5226//11251 5158//11251 
f 5162//11252 5226//11252 5160//11252 
f 5223//11253 5226//11253 5222//11253 
f 5222//11254 5226//11254 5162//11254 
f 5118//11255 5113//11255 5116//11255 
f 5119//11256 5113//11256 5118//11256 
f 5127//11257 5113//11257 5119//11257 
f 5154//11258 5229//11258 5152//11258 
f 5156//11259 5229//11259 5154//11259 
f 5158//11260 5229//11260 5156//11260 
f 5227//11261 5229//11261 5226//11261 
f 5226//11262 5229//11262 5158//11262 
f 5229//11263 5231//11263 5152//11263 
f 5113//11264 5109//11264 5111//11264 
f 5231//11265 5066//11265 5152//11265 
f 5152//11266 5069//11266 5150//11266 
f 5066//11267 5069//11267 5152//11267 
f 5065//11268 5069//11268 5066//11268 
f 5146//11269 5069//11269 5141//11269 
f 5147//11270 5069//11270 5146//11270 
f 5150//11271 5069//11271 5147//11271 
f 5108//11272 5103//11272 5105//11272 
f 5109//11273 5103//11273 5108//11273 
f 5113//11274 5103//11274 5109//11274 
f 5113//11275 5101//11275 5103//11275 
f 5071//11276 5075//11276 5069//11276 
f 5073//11277 5075//11277 5071//11277 
f 5101//11278 5097//11278 5100//11278 
f 5069//11279 5077//11279 5141//11279 
f 5075//11280 5077//11280 5069//11280 
f 5141//11281 5077//11281 5138//11281 
f 5101//11282 5096//11282 5097//11282 
f 5113//11283 5096//11283 5101//11283 
f 5127//11284 5093//11284 5113//11284 
f 5113//11285 5093//11285 5096//11285 
f 5077//11286 5081//11286 5138//11286 
f 5079//11287 5081//11287 5077//11287 
f 5081//11288 5083//11288 5138//11288 
f 5135//11289 5083//11289 5130//11289 
f 5130//11290 5083//11290 5127//11290 
f 5138//11291 5083//11291 5135//11291 
f 5127//11292 5089//11292 5093//11292 
f 5093//11293 5089//11293 5091//11293 
f 5127//11294 5087//11294 5089//11294 
f 5083//11295 5087//11295 5127//11295 
f 5085//11296 5087//11296 5083//11296 
