# FreeCAD v1.0 build0 Arch module
# https://www.freecad.org
mtllib HOOK_SUB.mtl
o HSC_1500HLX_HOOK_13_5T_WK_000_1-1500HLX_HOOK_13_5T_WK005 (Meshed)
usemtl color_cccce6
v 15858.297852 40.0 56702.894531
v 15858.297852 40.0 56732.894531
v 15858.104492 32.733879 56732.894531
v 15858.104492 32.733879 56702.894531
v 15857.524414 25.488358 56732.894531
v 15857.524414 25.488358 56702.894531
v 15856.560547 18.28397 56732.894531
v 15856.560547 18.28397 56702.894531
v 15855.212891 11.141138 56732.894531
v 15855.212891 11.141138 56702.894531
v 15853.488281 4.08011 56732.894531
v 15853.488281 4.08011 56702.894531
v 15851.389648 -2.8791 56732.894531
v 15851.389648 -2.8791 56702.894531
v 15848.923828 -9.716763 56732.894531
v 15848.923828 -9.716763 56702.894531
v 15846.097656 -16.4135 56732.894531
v 15846.097656 -16.4135 56702.894531
v 15842.918945 -22.950325 56732.894531
v 15842.918945 -22.950325 56702.894531
v 15839.397461 -29.308712 56732.894531
v 15839.397461 -29.308712 56702.894531
v 15835.541992 -35.470634 56732.894531
v 15835.541992 -35.470634 56702.894531
v 15831.363281 -41.418629 56732.894531
v 15831.363281 -41.418629 56702.894531
v 15826.875 -47.135834 56732.894531
v 15826.875 -47.135834 56702.894531
v 15822.088867 -52.606041 56732.894531
v 15822.088867 -52.606041 56702.894531
v 15817.017578 -57.813747 56732.894531
v 15817.017578 -57.813747 56702.894531
v 15811.676758 -62.74419 56732.894531
v 15811.676758 -62.74419 56702.894531
v 15806.081055 -67.383392 56732.894531
v 15806.081055 -67.383392 56702.894531
v 15800.246094 -71.718201 56732.894531
v 15800.246094 -71.718201 56702.894531
v 15794.189453 -75.736336 56732.894531
v 15794.189453 -75.736336 56702.894531
v 15787.926758 -79.426407 56732.894531
v 15787.926758 -79.426407 56702.894531
v 15781.477539 -82.777946 56732.894531
v 15781.477539 -82.777946 56702.894531
v 15774.858398 -85.781464 56732.894531
v 15774.858398 -85.781464 56702.894531
v 15768.087891 -88.428436 56732.894531
v 15768.087891 -88.428436 56702.894531
v 15761.1875 -90.711365 56732.894531
v 15761.1875 -90.711365 56702.894531
v 15754.174805 -92.623772 56732.894531
v 15754.174805 -92.623772 56702.894531
v 15747.070312 -94.160248 56732.894531
v 15747.070312 -94.160248 56702.894531
v 15739.894531 -95.316437 56732.894531
v 15739.894531 -95.316437 56702.894531
v 15732.666992 -96.08905 56732.894531
v 15732.666992 -96.08905 56702.894531
v 15725.408203 -96.475906 56732.894531
v 15725.408203 -96.475906 56702.894531
v 15718.139648 -96.475906 56732.894531
v 15718.139648 -96.475906 56702.894531
v 15710.880859 -96.08905 56732.894531
v 15710.880859 -96.08905 56702.894531
v 15703.65332 -95.316437 56732.894531
v 15703.65332 -95.316437 56702.894531
v 15696.477539 -94.160248 56732.894531
v 15696.477539 -94.160248 56702.894531
v 15689.373047 -92.623772 56702.894531
v 15689.373047 -92.623772 56732.894531
v 15682.360352 -90.711365 56732.894531
v 15682.360352 -90.711365 56702.894531
v 15675.459961 -88.428436 56702.894531
v 15675.459961 -88.428436 56732.894531
v 15668.69043 -85.781464 56732.894531
v 15668.69043 -85.781464 56702.894531
v 15662.071289 -82.777946 56702.894531
v 15662.071289 -82.777946 56732.894531
v 15655.621094 -79.426407 56702.894531
v 15655.621094 -79.426407 56732.894531
v 15649.358398 -75.736336 56702.894531
v 15649.358398 -75.736336 56732.894531
v 15643.301758 -71.718201 56702.894531
v 15643.301758 -71.718201 56732.894531
v 15637.466797 -67.383392 56702.894531
v 15637.466797 -67.383392 56732.894531
v 15631.871094 -62.74419 56702.894531
v 15631.871094 -62.74419 56732.894531
v 15626.530273 -57.813747 56732.894531
v 15626.530273 -57.813747 56702.894531
v 15621.459961 -52.606041 56702.894531
v 15621.459961 -52.606041 56732.894531
v 15616.672852 -47.135834 56702.894531
v 15616.672852 -47.135834 56732.894531
v 15612.18457 -41.418629 56702.894531
v 15612.18457 -41.418629 56732.894531
v 15608.006836 -35.470634 56702.894531
v 15608.006836 -35.470634 56732.894531
v 15604.151367 -29.308712 56702.894531
v 15604.151367 -29.308712 56732.894531
v 15600.628906 -22.950325 56702.894531
v 15600.628906 -22.950325 56732.894531
v 15597.450195 -16.4135 56702.894531
v 15597.450195 -16.4135 56732.894531
v 15594.624023 -9.716763 56702.894531
v 15594.624023 -9.716763 56732.894531
v 15592.158203 -2.8791 56732.894531
v 15592.158203 -2.8791 56702.894531
v 15590.05957 4.08011 56702.894531
v 15590.05957 4.08011 56732.894531
v 15588.334961 11.141138 56702.894531
v 15588.334961 11.141138 56732.894531
v 15586.988281 18.28397 56702.894531
v 15586.988281 18.28397 56732.894531
v 15586.023438 25.488358 56702.894531
v 15586.023438 25.488358 56732.894531
v 15585.443359 32.733879 56702.894531
v 15585.443359 32.733879 56732.894531
v 15585.25 40.0 56702.894531
v 15585.25 40.0 56732.894531
v 15585.443359 47.266121 56702.894531
v 15585.443359 47.266121 56732.894531
v 15586.023438 54.511642 56702.894531
v 15586.023438 54.511642 56732.894531
v 15586.988281 61.71603 56702.894531
v 15586.988281 61.71603 56732.894531
v 15588.334961 68.858864 56702.894531
v 15588.334961 68.858864 56732.894531
v 15590.05957 75.919891 56702.894531
v 15590.05957 75.919891 56732.894531
v 15592.158203 82.879097 56702.894531
v 15592.158203 82.879097 56732.894531
v 15594.624023 89.716766 56702.894531
v 15594.624023 89.716766 56732.894531
v 15597.450195 96.413498 56702.894531
v 15597.450195 96.413498 56732.894531
v 15600.628906 102.950325 56702.894531
v 15600.628906 102.950325 56732.894531
v 15604.151367 109.308716 56702.894531
v 15604.151367 109.308716 56732.894531
v 15608.006836 115.470634 56702.894531
v 15608.006836 115.470634 56732.894531
v 15612.18457 121.418633 56702.894531
v 15612.18457 121.418633 56732.894531
v 15616.672852 127.135834 56702.894531
v 15616.672852 127.135834 56732.894531
v 15621.459961 132.606033 56702.894531
v 15621.459961 132.606033 56732.894531
v 15626.530273 137.813751 56702.894531
v 15626.530273 137.813751 56732.894531
v 15631.871094 142.744186 56702.894531
v 15631.871094 142.744186 56732.894531
v 15637.466797 147.383392 56702.894531
v 15637.466797 147.383392 56732.894531
v 15643.301758 151.718201 56732.894531
v 15643.301758 151.718201 56702.894531
v 15649.358398 155.736343 56702.894531
v 15649.358398 155.736343 56732.894531
v 15655.621094 159.426407 56702.894531
v 15655.621094 159.426407 56732.894531
v 15662.071289 162.777954 56702.894531
v 15662.071289 162.777954 56732.894531
v 15668.69043 165.781464 56732.894531
v 15668.69043 165.781464 56702.894531
v 15675.459961 168.428436 56702.894531
v 15675.459961 168.428436 56732.894531
v 15682.360352 170.711365 56732.894531
v 15682.360352 170.711365 56702.894531
v 15689.373047 172.623779 56732.894531
v 15689.373047 172.623779 56702.894531
v 15696.477539 174.160248 56702.894531
v 15696.477539 174.160248 56732.894531
v 15703.65332 175.316437 56732.894531
v 15703.65332 175.316437 56702.894531
v 15710.880859 176.08905 56732.894531
v 15710.880859 176.08905 56702.894531
v 15718.139648 176.475906 56732.894531
v 15718.139648 176.475906 56702.894531
v 15725.408203 176.475906 56732.894531
v 15725.408203 176.475906 56702.894531
v 15732.666992 176.08905 56732.894531
v 15732.666992 176.08905 56702.894531
v 15739.894531 175.316437 56732.894531
v 15739.894531 175.316437 56702.894531
v 15747.070312 174.160248 56732.894531
v 15747.070312 174.160248 56702.894531
v 15754.174805 172.623779 56732.894531
v 15754.174805 172.623779 56702.894531
v 15761.1875 170.711365 56732.894531
v 15761.1875 170.711365 56702.894531
v 15768.087891 168.428436 56732.894531
v 15768.087891 168.428436 56702.894531
v 15774.858398 165.781464 56732.894531
v 15774.858398 165.781464 56702.894531
v 15781.477539 162.777954 56702.894531
v 15781.477539 162.777954 56732.894531
v 15787.926758 159.426407 56732.894531
v 15787.926758 159.426407 56702.894531
v 15794.189453 155.736343 56702.894531
v 15794.189453 155.736343 56732.894531
v 15800.246094 151.718201 56732.894531
v 15800.246094 151.718201 56702.894531
v 15806.081055 147.383392 56732.894531
v 15806.081055 147.383392 56702.894531
v 15811.676758 142.744186 56732.894531
v 15811.676758 142.744186 56702.894531
v 15817.017578 137.813751 56732.894531
v 15817.017578 137.813751 56702.894531
v 15822.088867 132.606033 56732.894531
v 15822.088867 132.606033 56702.894531
v 15826.875 127.135834 56702.894531
v 15826.875 127.135834 56732.894531
v 15831.363281 121.418633 56732.894531
v 15831.363281 121.418633 56702.894531
v 15835.541992 115.470634 56732.894531
v 15835.541992 115.470634 56702.894531
v 15839.397461 109.308716 56732.894531
v 15839.397461 109.308716 56702.894531
v 15842.918945 102.950325 56732.894531
v 15842.918945 102.950325 56702.894531
v 15846.097656 96.413498 56732.894531
v 15846.097656 96.413498 56702.894531
v 15848.923828 89.716766 56732.894531
v 15848.923828 89.716766 56702.894531
v 15851.389648 82.879097 56732.894531
v 15851.389648 82.879097 56702.894531
v 15853.488281 75.919891 56732.894531
v 15853.488281 75.919891 56702.894531
v 15855.212891 68.858864 56702.894531
v 15855.212891 68.858864 56732.894531
v 15856.560547 61.71603 56732.894531
v 15856.560547 61.71603 56702.894531
v 15857.524414 54.511642 56702.894531
v 15857.524414 54.511642 56732.894531
v 15858.104492 47.266121 56702.894531
v 15858.104492 47.266121 56732.894531
v 15644.637695 -80.831619 56678.992188
v 15652.880859 -85.713905 56678.992188
v 15705.374023 -123.018585 56607.28125
v 15716.298828 -123.749931 56607.28125
v 15716.527344 -116.924461 56631.183594
v 15706.057617 -116.223602 56631.183594
v 15695.658203 -114.825005 56631.183594
v 15658.556641 -96.229507 56655.085938
v 15667.796875 -100.147736 56655.085938
v 15670.251953 -93.774773 56678.992188
v 15661.431641 -90.034721 56678.992188
v 15727.476562 -130.575409 56583.378906
v 15734.248047 -137.061142 56559.476562
v 15738.857422 -129.813568 56583.378906
v 15725.935547 -137.451218 56559.476562
v 15727.249023 -123.749931 56607.28125
v 15675.254883 -109.962692 56631.183594
v 15686.958984 -106.091675 56655.085938
v 15677.27832 -103.440025 56655.085938
v 15685.375 -112.734924 56631.183594
v 15636.739258 -75.409668 56678.992188
v 15694.522461 -121.559158 56607.28125
v 15649.598633 -91.70285 56655.085938
v 15716.071289 -130.575409 56583.378906
v 15717.613281 -137.451218 56559.476562
v 15709.299805 -137.061142 56559.476562
v 15665.342773 -106.520691 56631.183594
v 15629.220703 -69.472275 56678.992188
v 15683.791992 -119.378174 56607.28125
v 15640.962891 -86.587975 56655.085938
v 15704.69043 -129.813568 56583.378906
v 15701.014648 -136.281845 56559.476562
v 15655.682617 -102.424286 56631.183594
v 15622.115234 -63.045944 56678.992188
v 15673.231445 -116.485359 56607.28125
v 15632.688477 -80.907722 56655.085938
v 15693.386719 -128.29332 56583.378906
v 15692.774414 -135.115051 56559.476562
v 15684.598633 -133.563309 56559.476562
v 15646.316406 -97.691788 56631.183594
v 15615.455078 -56.159389 56678.992188
v 15662.887695 -112.893646 56607.28125
v 15624.811523 -74.687469 56655.085938
v 15682.208984 -126.021416 56583.378906
v 15676.503906 -131.630035 56559.476562
v 15637.288086 -92.344322 56631.183594
v 15609.270508 -48.843361 56678.992188
v 15652.807617 -108.619072 56607.28125
v 15617.368164 -67.954994 56655.085938
v 15671.208008 -123.008026 56583.378906
v 15660.630859 -126.636734 56559.476562
v 15668.508789 -129.319489 56559.476562
v 15628.637695 -86.405777 56631.183594
v 15603.586914 -41.130539 56678.992188
v 15643.035156 -103.680733 56607.28125
v 15610.390625 -60.740368 56655.085938
v 15660.433594 -119.266602 56583.378906
v 15652.887695 -123.587677 56559.476562
v 15620.402344 -79.902672 56631.183594
v 15598.432617 -33.055367 56678.992188
v 15633.614258 -98.100677 56607.28125
v 15603.910156 -53.075809 56655.085938
v 15649.932617 -114.813858 56583.378906
v 15645.295898 -120.179016 56559.476562
v 15612.620117 -72.864044 56631.183594
v 15593.828125 -24.653912 56678.992188
v 15624.586914 -91.903831 56607.28125
v 15597.957031 -44.995552 56655.085938
v 15639.75293 -109.66967 56583.378906
v 15637.87207 -116.418251 56559.476562
v 15630.632812 -112.313644 56559.476562
v 15605.325195 -65.32135 56631.183594
v 15589.795898 -15.963697 56678.992188
v 15615.993164 -85.117867 56607.28125
v 15592.556641 -36.535683 56655.085938
v 15629.939453 -103.857025 56583.378906
v 15623.592773 -107.874222 56559.476562
v 15598.550781 -57.308258 56631.183594
v 15586.352539 -7.023536 56678.992188
v 15607.873047 -77.773102 56607.28125
v 15587.733398 -27.73399 56655.085938
v 15620.535156 -97.401878 56583.378906
v 15616.769531 -103.109734 56559.476562
v 15610.177734 -98.030663 56559.476562
v 15592.327148 -48.860565 56631.183594
v 15583.513672 2.126645 56678.992188
v 15600.260742 -69.902328 56607.28125
v 15583.507812 -18.629778 56655.085938
v 15611.583984 -90.333069 56583.378906
v 15603.830078 -92.64817 56559.476562
v 15586.680664 -40.016003 56631.183594
v 15581.292969 11.445977 56678.992188
v 15593.191406 -61.540707 56607.28125
v 15579.901367 -9.263711 56655.085938
v 15603.125 -82.682152 56583.378906
v 15597.742188 -86.974091 56559.476562
v 15591.926758 -81.020889 56559.476562
v 15581.637695 -30.814066 56631.183594
v 15579.699219 20.892839 56678.992188
v 15586.696289 -52.725582 56607.28125
v 15576.927734 0.322379 56655.085938
v 15595.195312 -74.483307 56583.378906
v 15586.397461 -74.801659 56559.476562
v 15577.220703 -21.295856 56631.183594
v 15578.740234 30.425037 56678.992188
v 15580.804688 -43.496319 56607.28125
v 15574.600586 10.085679 56655.085938
v 15587.832031 -65.773155 56583.378906
v 15581.165039 -68.33007 56559.476562
v 15573.449219 -11.503886 56631.183594
v 15575.541992 -33.894142 56607.28125
v 15572.931641 19.982584 56655.085938
v 15581.066406 -56.590595 56583.378906
v 15576.242188 -61.62035 56559.476562
v 15571.638672 -54.687244 56559.476562
v 15570.34082 -1.481887 56631.183594
v 15570.933594 -23.961937 56607.28125
v 15571.926758 29.968891 56655.085938
v 15574.928711 -46.976635 56583.378906
v 15567.365234 -47.545998 56559.476562
v 15567.908203 8.725382 56631.183594
v 15566.998047 -13.744061 56607.28125
v 15569.447266 -36.97422 56583.378906
v 15563.431641 -40.212307 56559.476562
v 15559.845703 -32.70229 56559.476562
v 15566.163086 19.072329 56631.183594
v 15563.753906 -3.286152 56607.28125
v 15564.646484 -26.628017 56583.378906
v 15556.616211 -25.032457 56559.476562
v 15565.112305 29.512745 56631.183594
v 15544.274414 40.0 56559.476562
v 15561.21582 7.365084 56607.28125
v 15560.546875 -15.984237 56583.378906
v 15553.75 -17.219669 56559.476562
v 15551.251953 -9.2811 56559.476562
v 15559.394531 18.162075 56607.28125
v 15557.166992 -5.090418 56583.378906
v 15549.129883 -1.234201 56559.476562
v 15558.298828 29.056599 56607.28125
v 15554.523438 6.004786 56583.378906
v 15547.386719 6.90334 56559.476562
v 15552.625977 17.25182 56583.378906
v 15546.027344 15.113635 56559.476562
v 15545.053711 23.378635 56559.476562
v 15551.484375 28.600454 56583.378906
v 15544.46875 31.680174 56559.476562
v 15864.807617 30.425037 56678.992188
v 15863.848633 20.892839 56678.992188
v 15862.254883 11.445977 56678.992188
v 15871.621094 29.968891 56655.085938
v 15860.03418 2.126645 56678.992188
v 15870.617188 19.982584 56655.085938
v 15857.195312 -7.023536 56678.992188
v 15868.947266 10.085679 56655.085938
v 15878.435547 29.512745 56631.183594
v 15899.274414 40.0 56559.476562
v 15853.75293 -15.963697 56678.992188
v 15866.621094 0.322379 56655.085938
v 15877.384766 19.072329 56631.183594
v 15849.719727 -24.653912 56678.992188
v 15863.647461 -9.263711 56655.085938
v 15875.639648 8.725382 56631.183594
v 15845.115234 -33.055367 56678.992188
v 15885.25 29.056599 56607.28125
v 15860.040039 -18.629778 56655.085938
v 15873.207031 -1.481887 56631.183594
v 15839.960938 -41.130539 56678.992188
v 15884.15332 18.162075 56607.28125
v 15855.81543 -27.73399 56655.085938
v 15870.098633 -11.503886 56631.183594
v 15834.277344 -48.843361 56678.992188
v 15882.332031 7.365084 56607.28125
v 15850.991211 -36.535683 56655.085938
v 15892.063477 28.600454 56583.378906
v 15899.079102 31.680174 56559.476562
v 15898.494141 23.378635 56559.476562
v 15866.327148 -21.295856 56631.183594
v 15828.092773 -56.159389 56678.992188
v 15879.793945 -3.286152 56607.28125
v 15845.59082 -44.995552 56655.085938
v 15890.921875 17.25182 56583.378906
v 15897.520508 15.113635 56559.476562
v 15896.161133 6.90334 56559.476562
v 15861.910156 -30.814066 56631.183594
v 15821.432617 -63.045944 56678.992188
v 15876.549805 -13.744061 56607.28125
v 15839.637695 -53.075809 56655.085938
v 15889.024414 6.004786 56583.378906
v 15894.417969 -1.234201 56559.476562
v 15856.867188 -40.016003 56631.183594
v 15814.327148 -69.472275 56678.992188
v 15872.614258 -23.961937 56607.28125
v 15833.157227 -60.740368 56655.085938
v 15886.380859 -5.090418 56583.378906
v 15892.295898 -9.2811 56559.476562
v 15851.22168 -48.860565 56631.183594
v 15806.808594 -75.409668 56678.992188
v 15868.005859 -33.894142 56607.28125
v 15826.179688 -67.954994 56655.085938
v 15883.000977 -15.984237 56583.378906
v 15889.797852 -17.219669 56559.476562
v 15886.931641 -25.032457 56559.476562
v 15844.99707 -57.308258 56631.183594
v 15798.910156 -80.831619 56678.992188
v 15862.743164 -43.496319 56607.28125
v 15818.736328 -74.687469 56655.085938
v 15878.902344 -26.628017 56583.378906
v 15883.702148 -32.70229 56559.476562
v 15838.222656 -65.32135 56631.183594
v 15790.666992 -85.713905 56678.992188
v 15856.851562 -52.725582 56607.28125
v 15810.859375 -80.907722 56655.085938
v 15874.100586 -36.97422 56583.378906
v 15880.116211 -40.212307 56559.476562
v 15876.182617 -47.545998 56559.476562
v 15830.927734 -72.864044 56631.183594
v 15782.116211 -90.034721 56678.992188
v 15850.356445 -61.540707 56607.28125
v 15802.584961 -86.587975 56655.085938
v 15868.619141 -46.976635 56583.378906
v 15871.90918 -54.687244 56559.476562
v 15823.145508 -79.902672 56631.183594
v 15773.296875 -93.774773 56678.992188
v 15843.287109 -69.902328 56607.28125
v 15793.949219 -91.70285 56655.085938
v 15862.482422 -56.590595 56583.378906
v 15867.305664 -61.62035 56559.476562
v 15862.382812 -68.33007 56559.476562
v 15814.910156 -86.405777 56631.183594
v 15764.246094 -96.917358 56678.992188
v 15835.675781 -77.773102 56607.28125
v 15784.991211 -96.229507 56655.085938
v 15855.71582 -65.773155 56583.378906
v 15857.150391 -74.801659 56559.476562
v 15806.259766 -92.344322 56631.183594
v 15755.005859 -99.448433 56678.992188
v 15827.554688 -85.117867 56607.28125
v 15775.750977 -100.147736 56655.085938
v 15848.352539 -74.483307 56583.378906
v 15851.621094 -81.020889 56559.476562
v 15797.231445 -97.691788 56631.183594
v 15745.618164 -101.356697 56678.992188
v 15818.961914 -91.903831 56607.28125
v 15766.269531 -103.440025 56655.085938
v 15840.422852 -82.682152 56583.378906
v 15845.805664 -86.974091 56559.476562
v 15839.717773 -92.64817 56559.476562
v 15787.866211 -102.424286 56631.183594
v 15736.123047 -102.633629 56678.992188
v 15809.93457 -98.100677 56607.28125
v 15756.589844 -106.091675 56655.085938
v 15831.963867 -90.333069 56583.378906
v 15833.370117 -98.030663 56559.476562
v 15778.205078 -106.520691 56631.183594
v 15726.564453 -103.273521 56678.992188
v 15800.513672 -103.680733 56607.28125
v 15746.753906 -108.090851 56655.085938
v 15823.012695 -97.401878 56583.378906
v 15826.77832 -103.109734 56559.476562
v 15819.955078 -107.874222 56559.476562
v 15768.292969 -109.962692 56631.183594
v 15716.983398 -103.273521 56678.992188
v 15790.740234 -108.619072 56607.28125
v 15736.806641 -109.428612 56655.085938
v 15813.609375 -103.857025 56583.378906
v 15812.916016 -112.313644 56559.476562
v 15758.172852 -112.734924 56631.183594
v 15707.424805 -102.633629 56678.992188
v 15780.660156 -112.893646 56607.28125
v 15726.791992 -110.098991 56655.085938
v 15803.794922 -109.66967 56583.378906
v 15805.675781 -116.418251 56559.476562
v 15798.251953 -120.179016 56559.476562
v 15747.889648 -114.825005 56631.183594
v 15697.929688 -101.356697 56678.992188
v 15770.316406 -116.485359 56607.28125
v 15716.755859 -110.098991 56655.085938
v 15793.615234 -114.813858 56583.378906
v 15790.660156 -123.587677 56559.476562
v 15737.490234 -116.223602 56631.183594
v 15688.541992 -99.448433 56678.992188
v 15759.755859 -119.378174 56607.28125
v 15706.741211 -109.428612 56655.085938
v 15783.114258 -119.266602 56583.378906
v 15782.916992 -126.636734 56559.476562
v 15727.020508 -116.924461 56631.183594
v 15679.301758 -96.917358 56678.992188
v 15749.025391 -121.559158 56607.28125
v 15696.793945 -108.090851 56655.085938
v 15772.339844 -123.008026 56583.378906
v 15775.039062 -129.319489 56559.476562
v 15767.043945 -131.630035 56559.476562
v 15738.173828 -123.018585 56607.28125
v 15761.338867 -126.021416 56583.378906
v 15758.949219 -133.563309 56559.476562
v 15750.161133 -128.29332 56583.378906
v 15750.773438 -135.115051 56559.476562
v 15742.533203 -136.281845 56559.476562
v 15704.69043 209.813568 56583.378906
v 15709.299805 217.061142 56559.476562
v 15701.014648 216.281845 56559.476562
v 15694.522461 201.559158 56607.28125
v 15705.374023 203.018585 56607.28125
v 15758.172852 192.734924 56631.183594
v 15746.753906 188.090851 56655.085938
v 15756.589844 186.091675 56655.085938
v 15747.889648 194.825012 56631.183594
v 15798.910156 160.831619 56678.992188
v 15790.666992 165.713913 56678.992188
v 15738.173828 203.018585 56607.28125
v 15727.249023 203.749939 56607.28125
v 15737.490234 196.223602 56631.183594
v 15784.991211 176.229507 56655.085938
v 15775.750977 180.147736 56655.085938
v 15773.296875 173.77478 56678.992188
v 15782.116211 170.034729 56678.992188
v 15716.071289 210.575409 56583.378906
v 15716.298828 203.749939 56607.28125
v 15717.613281 217.451218 56559.476562
v 15768.292969 189.962692 56631.183594
v 15766.269531 183.440018 56655.085938
v 15806.808594 155.409668 56678.992188
v 15749.025391 201.559158 56607.28125
v 15793.949219 171.70285 56655.085938
v 15727.476562 210.575409 56583.378906
v 15725.935547 217.451218 56559.476562
v 15734.248047 217.061142 56559.476562
v 15778.205078 186.520691 56631.183594
v 15814.327148 149.472275 56678.992188
v 15759.755859 199.378174 56607.28125
v 15802.584961 166.587967 56655.085938
v 15738.857422 209.813568 56583.378906
v 15742.533203 216.281845 56559.476562
v 15787.866211 182.424286 56631.183594
v 15821.432617 143.045944 56678.992188
v 15770.316406 196.485352 56607.28125
v 15810.859375 160.907715 56655.085938
v 15750.161133 208.29332 56583.378906
v 15750.773438 215.115051 56559.476562
v 15758.949219 213.563309 56559.476562
v 15797.231445 177.691788 56631.183594
v 15828.092773 136.159393 56678.992188
v 15780.660156 192.893646 56607.28125
v 15818.736328 154.687469 56655.085938
v 15761.338867 206.021423 56583.378906
v 15767.043945 211.630035 56559.476562
v 15806.259766 172.34433 56631.183594
v 15834.277344 128.843369 56678.992188
v 15790.740234 188.61908 56607.28125
v 15826.179688 147.955002 56655.085938
v 15772.339844 203.008026 56583.378906
v 15782.916992 206.636734 56559.476562
v 15775.039062 209.319489 56559.476562
v 15814.910156 166.405777 56631.183594
v 15839.960938 121.130539 56678.992188
v 15800.513672 183.680725 56607.28125
v 15833.157227 140.740372 56655.085938
v 15783.114258 199.266602 56583.378906
v 15790.660156 203.587677 56559.476562
v 15823.145508 159.902664 56631.183594
v 15845.115234 113.055367 56678.992188
v 15809.93457 178.100677 56607.28125
v 15839.637695 133.075806 56655.085938
v 15793.615234 194.813858 56583.378906
v 15798.251953 200.179016 56559.476562
v 15830.927734 152.864044 56631.183594
v 15849.719727 104.653915 56678.992188
v 15818.961914 171.903824 56607.28125
v 15845.59082 124.995552 56655.085938
v 15803.794922 189.669678 56583.378906
v 15805.675781 196.418243 56559.476562
v 15812.916016 192.313644 56559.476562
v 15838.222656 145.32135 56631.183594
v 15853.75293 95.963699 56678.992188
v 15827.554688 165.117874 56607.28125
v 15850.991211 116.535683 56655.085938
v 15813.609375 183.857025 56583.378906
v 15819.955078 187.874222 56559.476562
v 15844.99707 137.308258 56631.183594
v 15857.195312 87.023537 56678.992188
v 15835.675781 157.773102 56607.28125
v 15855.81543 107.733986 56655.085938
v 15823.012695 177.401886 56583.378906
v 15826.77832 183.109726 56559.476562
v 15833.370117 178.030655 56559.476562
v 15851.22168 128.860565 56631.183594
v 15860.03418 77.873352 56678.992188
v 15843.287109 149.902328 56607.28125
v 15860.040039 98.629776 56655.085938
v 15831.963867 170.333069 56583.378906
v 15839.717773 172.648163 56559.476562
v 15856.867188 120.015999 56631.183594
v 15862.254883 68.554024 56678.992188
v 15850.356445 141.54071 56607.28125
v 15863.647461 89.26371 56655.085938
v 15840.422852 162.682159 56583.378906
v 15845.805664 166.974091 56559.476562
v 15851.621094 161.020889 56559.476562
v 15861.910156 110.814064 56631.183594
v 15863.848633 59.107162 56678.992188
v 15856.851562 132.725586 56607.28125
v 15866.621094 79.67762 56655.085938
v 15848.352539 154.483307 56583.378906
v 15857.150391 154.801666 56559.476562
v 15866.327148 101.29586 56631.183594
v 15864.807617 49.574963 56678.992188
v 15862.743164 123.496323 56607.28125
v 15868.947266 69.914322 56655.085938
v 15855.71582 145.773163 56583.378906
v 15862.382812 148.330078 56559.476562
v 15870.098633 91.503883 56631.183594
v 15868.005859 113.894142 56607.28125
v 15870.617188 60.017418 56655.085938
v 15862.482422 136.590591 56583.378906
v 15867.305664 141.620346 56559.476562
v 15871.90918 134.687241 56559.476562
v 15873.207031 81.481888 56631.183594
v 15872.614258 103.961937 56607.28125
v 15871.621094 50.031109 56655.085938
v 15868.619141 126.976639 56583.378906
v 15876.182617 127.545998 56559.476562
v 15875.639648 71.27462 56631.183594
v 15876.549805 93.744064 56607.28125
v 15874.100586 116.97422 56583.378906
v 15880.116211 120.212303 56559.476562
v 15883.702148 112.702286 56559.476562
v 15877.384766 60.92767 56631.183594
v 15879.793945 83.286156 56607.28125
v 15878.902344 106.628014 56583.378906
v 15886.931641 105.032455 56559.476562
v 15878.435547 50.487255 56631.183594
v 15882.332031 72.634918 56607.28125
v 15883.000977 95.984238 56583.378906
v 15889.797852 97.219666 56559.476562
v 15892.295898 89.281097 56559.476562
v 15884.15332 61.837925 56607.28125
v 15886.380859 85.090416 56583.378906
v 15894.417969 81.2342 56559.476562
v 15885.25 50.943401 56607.28125
v 15889.024414 73.995216 56583.378906
v 15896.161133 73.096657 56559.476562
v 15890.921875 62.74818 56583.378906
v 15897.520508 64.886368 56559.476562
v 15898.494141 56.621365 56559.476562
v 15892.063477 51.399548 56583.378906
v 15899.079102 48.319828 56559.476562
v 15578.740234 49.574963 56678.992188
v 15579.699219 59.107162 56678.992188
v 15581.292969 68.554024 56678.992188
v 15571.926758 50.031109 56655.085938
v 15583.513672 77.873352 56678.992188
v 15572.931641 60.017418 56655.085938
v 15586.352539 87.023537 56678.992188
v 15574.600586 69.914322 56655.085938
v 15565.112305 50.487255 56631.183594
v 15589.795898 95.963699 56678.992188
v 15576.927734 79.67762 56655.085938
v 15566.163086 60.92767 56631.183594
v 15593.828125 104.653915 56678.992188
v 15579.901367 89.26371 56655.085938
v 15567.908203 71.27462 56631.183594
v 15598.432617 113.055367 56678.992188
v 15558.298828 50.943401 56607.28125
v 15583.507812 98.629776 56655.085938
v 15570.34082 81.481888 56631.183594
v 15603.586914 121.130539 56678.992188
v 15559.394531 61.837925 56607.28125
v 15587.733398 107.733986 56655.085938
v 15573.449219 91.503883 56631.183594
v 15609.270508 128.843369 56678.992188
v 15561.21582 72.634918 56607.28125
v 15592.556641 116.535683 56655.085938
v 15551.484375 51.399548 56583.378906
v 15544.46875 48.319828 56559.476562
v 15545.053711 56.621365 56559.476562
v 15577.220703 101.29586 56631.183594
v 15615.455078 136.159393 56678.992188
v 15563.753906 83.286156 56607.28125
v 15597.957031 124.995552 56655.085938
v 15552.625977 62.74818 56583.378906
v 15546.027344 64.886368 56559.476562
v 15547.386719 73.096657 56559.476562
v 15581.637695 110.814064 56631.183594
v 15622.115234 143.045944 56678.992188
v 15566.998047 93.744064 56607.28125
v 15603.910156 133.075806 56655.085938
v 15554.523438 73.995216 56583.378906
v 15549.129883 81.2342 56559.476562
v 15586.680664 120.015999 56631.183594
v 15629.220703 149.472275 56678.992188
v 15570.933594 103.961937 56607.28125
v 15610.390625 140.740372 56655.085938
v 15557.166992 85.090416 56583.378906
v 15551.251953 89.281097 56559.476562
v 15592.327148 128.860565 56631.183594
v 15636.739258 155.409668 56678.992188
v 15575.541992 113.894142 56607.28125
v 15617.368164 147.955002 56655.085938
v 15560.546875 95.984238 56583.378906
v 15553.75 97.219666 56559.476562
v 15556.616211 105.032455 56559.476562
v 15598.550781 137.308258 56631.183594
v 15644.637695 160.831619 56678.992188
v 15580.804688 123.496323 56607.28125
v 15624.811523 154.687469 56655.085938
v 15564.646484 106.628014 56583.378906
v 15559.845703 112.702286 56559.476562
v 15605.325195 145.32135 56631.183594
v 15652.880859 165.713913 56678.992188
v 15586.696289 132.725586 56607.28125
v 15632.688477 160.907715 56655.085938
v 15569.447266 116.97422 56583.378906
v 15563.431641 120.212303 56559.476562
v 15567.365234 127.545998 56559.476562
v 15612.620117 152.864044 56631.183594
v 15661.431641 170.034729 56678.992188
v 15593.191406 141.54071 56607.28125
v 15640.962891 166.587967 56655.085938
v 15574.928711 126.976639 56583.378906
v 15571.638672 134.687241 56559.476562
v 15620.402344 159.902664 56631.183594
v 15670.251953 173.77478 56678.992188
v 15600.260742 149.902328 56607.28125
v 15649.598633 171.70285 56655.085938
v 15581.066406 136.590591 56583.378906
v 15576.242188 141.620346 56559.476562
v 15581.165039 148.330078 56559.476562
v 15628.637695 166.405777 56631.183594
v 15679.301758 176.917358 56678.992188
v 15607.873047 157.773102 56607.28125
v 15658.556641 176.229507 56655.085938
v 15587.832031 145.773163 56583.378906
v 15586.397461 154.801666 56559.476562
v 15637.288086 172.34433 56631.183594
v 15688.541992 179.448425 56678.992188
v 15615.993164 165.117874 56607.28125
v 15667.796875 180.147736 56655.085938
v 15595.195312 154.483307 56583.378906
v 15591.926758 161.020889 56559.476562
v 15646.316406 177.691788 56631.183594
v 15697.929688 181.356689 56678.992188
v 15624.586914 171.903824 56607.28125
v 15677.27832 183.440018 56655.085938
v 15603.125 162.682159 56583.378906
v 15597.742188 166.974091 56559.476562
v 15603.830078 172.648163 56559.476562
v 15655.682617 182.424286 56631.183594
v 15707.424805 182.633621 56678.992188
v 15633.614258 178.100677 56607.28125
v 15686.958984 186.091675 56655.085938
v 15611.583984 170.333069 56583.378906
v 15610.177734 178.030655 56559.476562
v 15665.342773 186.520691 56631.183594
v 15716.983398 183.273514 56678.992188
v 15643.035156 183.680725 56607.28125
v 15696.793945 188.090851 56655.085938
v 15620.535156 177.401886 56583.378906
v 15616.769531 183.109726 56559.476562
v 15623.592773 187.874222 56559.476562
v 15675.254883 189.962692 56631.183594
v 15726.564453 183.273514 56678.992188
v 15652.807617 188.61908 56607.28125
v 15706.741211 189.428619 56655.085938
v 15629.939453 183.857025 56583.378906
v 15630.632812 192.313644 56559.476562
v 15685.375 192.734924 56631.183594
v 15736.123047 182.633621 56678.992188
v 15662.887695 192.893646 56607.28125
v 15716.755859 190.098999 56655.085938
v 15639.75293 189.669678 56583.378906
v 15637.87207 196.418243 56559.476562
v 15645.295898 200.179016 56559.476562
v 15695.658203 194.825012 56631.183594
v 15745.618164 181.356689 56678.992188
v 15673.231445 196.485352 56607.28125
v 15726.791992 190.098999 56655.085938
v 15649.932617 194.813858 56583.378906
v 15652.887695 203.587677 56559.476562
v 15706.057617 196.223602 56631.183594
v 15755.005859 179.448425 56678.992188
v 15683.791992 199.378174 56607.28125
v 15736.806641 189.428619 56655.085938
v 15660.433594 199.266602 56583.378906
v 15660.630859 206.636734 56559.476562
v 15716.527344 196.924469 56631.183594
v 15764.246094 176.917358 56678.992188
v 15671.208008 203.008026 56583.378906
v 15668.508789 209.319489 56559.476562
v 15676.503906 211.630035 56559.476562
v 15727.020508 196.924469 56631.183594
v 15682.208984 206.021423 56583.378906
v 15684.598633 213.563309 56559.476562
v 15693.386719 208.29332 56583.378906
v 15692.774414 215.115051 56559.476562
v 15899.079102 31.680174 56061.289062
v 15899.274414 40.0 56061.289062
v 15898.494141 23.378635 56061.289062
v 15897.520508 15.113635 56061.289062
v 15896.161133 6.90334 56061.289062
v 15894.417969 -1.234201 56061.289062
v 15892.295898 -9.2811 56061.289062
v 15889.797852 -17.219669 56061.289062
v 15886.931641 -25.032457 56061.289062
v 15883.702148 -32.70229 56061.289062
v 15880.116211 -40.212307 56061.289062
v 15876.182617 -47.545998 56061.289062
v 15871.90918 -54.687244 56061.289062
v 15867.305664 -61.62035 56061.289062
v 15862.382812 -68.33007 56061.289062
v 15857.150391 -74.801659 56061.289062
v 15851.621094 -81.020889 56061.289062
v 15845.805664 -86.974091 56061.289062
v 15839.717773 -92.64817 56061.289062
v 15833.370117 -98.030663 56061.289062
v 15826.77832 -103.109734 56061.289062
v 15819.955078 -107.874222 56061.289062
v 15812.916016 -112.313644 56061.289062
v 15805.675781 -116.418251 56061.289062
v 15798.251953 -120.179016 56061.289062
v 15790.660156 -123.587677 56061.289062
v 15782.916992 -126.636734 56061.289062
v 15775.039062 -129.319489 56061.289062
v 15767.043945 -131.630035 56061.289062
v 15758.949219 -133.563309 56061.289062
v 15750.773438 -135.115051 56061.289062
v 15742.533203 -136.281845 56061.289062
v 15734.248047 -137.061142 56061.289062
v 15725.935547 -137.451218 56061.289062
v 15717.613281 -137.451218 56061.289062
v 15709.299805 -137.061142 56061.289062
v 15701.014648 -136.281845 56061.289062
v 15692.774414 -135.115051 56061.289062
v 15684.598633 -133.563309 56061.289062
v 15676.503906 -131.630035 56061.289062
v 15668.508789 -129.319489 56061.289062
v 15660.630859 -126.636734 56061.289062
v 15652.887695 -123.587677 56061.289062
v 15645.295898 -120.179016 56061.289062
v 15637.87207 -116.418251 56061.289062
v 15630.632812 -112.313644 56061.289062
v 15623.592773 -107.874222 56061.289062
v 15616.769531 -103.109734 56061.289062
v 15610.177734 -98.030663 56061.289062
v 15603.830078 -92.64817 56061.289062
v 15597.742188 -86.974091 56061.289062
v 15591.926758 -81.020889 56061.289062
v 15586.397461 -74.801659 56061.289062
v 15581.165039 -68.33007 56061.289062
v 15576.242188 -61.62035 56061.289062
v 15571.638672 -54.687244 56061.289062
v 15567.365234 -47.545998 56061.289062
v 15563.431641 -40.212307 56061.289062
v 15559.845703 -32.70229 56061.289062
v 15556.616211 -25.032457 56061.289062
v 15553.75 -17.219669 56061.289062
v 15551.251953 -9.2811 56061.289062
v 15549.129883 -1.234201 56061.289062
v 15547.386719 6.90334 56061.289062
v 15546.027344 15.113635 56061.289062
v 15545.053711 23.378635 56061.289062
v 15544.46875 31.680174 56061.289062
v 15544.274414 40.0 56061.289062
v 15544.46875 48.319828 56061.289062
v 15545.053711 56.621365 56061.289062
v 15546.027344 64.886368 56061.289062
v 15547.386719 73.096657 56061.289062
v 15549.129883 81.2342 56061.289062
v 15551.251953 89.281097 56061.289062
v 15553.75 97.219666 56061.289062
v 15556.616211 105.032455 56061.289062
v 15559.845703 112.702286 56061.289062
v 15563.431641 120.212303 56061.289062
v 15567.365234 127.545998 56061.289062
v 15571.638672 134.687241 56061.289062
v 15576.242188 141.620346 56061.289062
v 15581.165039 148.330078 56061.289062
v 15586.397461 154.801666 56061.289062
v 15591.926758 161.020889 56061.289062
v 15597.742188 166.974091 56061.289062
v 15603.830078 172.648163 56061.289062
v 15610.177734 178.030655 56061.289062
v 15616.769531 183.109726 56061.289062
v 15623.592773 187.874222 56061.289062
v 15630.632812 192.313644 56061.289062
v 15637.87207 196.418243 56061.289062
v 15645.295898 200.179016 56061.289062
v 15652.887695 203.587677 56061.289062
v 15660.630859 206.636734 56061.289062
v 15668.508789 209.319489 56061.289062
v 15676.503906 211.630035 56061.289062
v 15684.598633 213.563309 56061.289062
v 15692.774414 215.115051 56061.289062
v 15701.014648 216.281845 56061.289062
v 15709.299805 217.061142 56061.289062
v 15717.613281 217.451218 56061.289062
v 15725.935547 217.451218 56061.289062
v 15734.248047 217.061142 56061.289062
v 15742.533203 216.281845 56061.289062
v 15750.773438 215.115051 56061.289062
v 15758.949219 213.563309 56061.289062
v 15767.043945 211.630035 56061.289062
v 15775.039062 209.319489 56061.289062
v 15782.916992 206.636734 56061.289062
v 15790.660156 203.587677 56061.289062
v 15798.251953 200.179016 56061.289062
v 15805.675781 196.418243 56061.289062
v 15812.916016 192.313644 56061.289062
v 15819.955078 187.874222 56061.289062
v 15826.77832 183.109726 56061.289062
v 15833.370117 178.030655 56061.289062
v 15839.717773 172.648163 56061.289062
v 15845.805664 166.974091 56061.289062
v 15851.621094 161.020889 56061.289062
v 15857.150391 154.801666 56061.289062
v 15862.382812 148.330078 56061.289062
v 15867.305664 141.620346 56061.289062
v 15871.90918 134.687241 56061.289062
v 15876.182617 127.545998 56061.289062
v 15880.116211 120.212303 56061.289062
v 15883.702148 112.702286 56061.289062
v 15886.931641 105.032455 56061.289062
v 15889.797852 97.219666 56061.289062
v 15892.295898 89.281097 56061.289062
v 15894.417969 81.2342 56061.289062
v 15896.161133 73.096657 56061.289062
v 15897.520508 64.886368 56061.289062
v 15898.494141 56.621365 56061.289062
v 15899.079102 48.319828 56061.289062
v 15738.166016 -122.944214 56013.488281
v 15727.246094 -123.675224 56013.488281
v 15727.016602 -116.812401 55989.589844
v 15737.479492 -116.112038 55989.589844
v 15747.871094 -114.714439 55989.589844
v 15784.928711 -96.093895 55965.691406
v 15773.229492 -93.600388 55941.792969
v 15782.038086 -89.865211 55941.792969
v 15775.697266 -100.008224 55965.691406
v 15716.072266 -130.538055 56037.390625
v 15704.694336 -129.776382 56037.390625
v 15705.381836 -122.944214 56013.488281
v 15716.301758 -123.675224 56013.488281
v 15768.259766 -109.855598 55989.589844
v 15756.554688 -105.946251 55965.691406
v 15766.225586 -103.297234 55965.691406
v 15758.146484 -112.625854 55989.589844
v 15806.697266 -75.259224 55941.792969
v 15798.80957 -80.674103 55941.792969
v 15798.263672 -72.814041 55917.894531
v 15804.259766 -68.507515 55917.894531
v 15749.013672 -121.485451 56013.488281
v 15793.876953 -91.571747 55965.691406
v 15790.577148 -85.550026 55941.792969
v 15727.475586 -130.538055 56037.390625
v 15778.165039 -106.416054 55989.589844
v 15814.206055 -69.329567 55941.792969
v 15810.012695 -63.882717 55917.894531
v 15815.507812 -58.953213 55917.894531
v 15759.738281 -119.305458 56013.488281
v 15802.503906 -86.46196 55965.691406
v 15738.853516 -129.776382 56037.390625
v 15787.818359 -102.322578 55989.589844
v 15821.302734 -62.911613 55941.792969
v 15820.727539 -53.733463 55917.894531
v 15770.293945 -116.413963 56013.488281
v 15810.770508 -80.787361 55965.691406
v 15750.155273 -128.256454 56037.390625
v 15797.177734 -97.59346 55989.589844
v 15827.954102 -56.034035 55941.792969
v 15825.657227 -48.238773 55917.894531
v 15780.632812 -112.823891 56013.488281
v 15818.639648 -74.573303 55965.691406
v 15761.330078 -125.985062 56037.390625
v 15806.199219 -92.249817 55989.589844
v 15834.130859 -48.727547 55941.792969
v 15830.28125 -42.485268 55917.894531
v 15790.708984 -108.55127 56013.488281
v 15826.076172 -67.847534 55965.691406
v 15772.328125 -122.972328 56037.390625
v 15814.84375 -86.315506 55989.589844
v 15839.806641 -41.024776 55941.792969
v 15834.587891 -36.489819 55917.894531
v 15838.563477 -30.27001 55917.894531
v 15800.477539 -103.615181 56013.488281
v 15833.046875 -60.640087 55965.691406
v 15783.100586 -119.231728 56037.390625
v 15823.073242 -79.817047 55989.589844
v 15844.955078 -32.960133 55941.792969
v 15842.196289 -23.844088 55917.894531
v 15809.893555 -98.037666 56013.488281
v 15839.520508 -52.983158 55965.691406
v 15793.599609 -114.779953 56037.390625
v 15830.849609 -72.783447 55989.589844
v 15849.552734 -24.56963 55941.792969
v 15845.476562 -17.2309 55917.894531
v 15818.916992 -91.843651 56013.488281
v 15845.467773 -44.910942 55965.691406
v 15803.777344 -109.636894 56037.390625
v 15838.139648 -65.24614 55989.589844
v 15853.580078 -15.890743 55941.792969
v 15848.393555 -10.449844 55917.894531
v 15827.506836 -85.060783 56013.488281
v 15850.863281 -36.459496 55965.691406
v 15813.588867 -103.825523 56037.390625
v 15844.90918 -57.23877 55989.589844
v 15857.019531 -6.962236 55941.792969
v 15850.939453 -3.520811 55917.894531
v 15835.623047 -77.719368 56013.488281
v 15855.681641 -27.666563 55965.691406
v 15822.990234 -97.371788 56037.390625
v 15851.128906 -48.797112 55989.589844
v 15859.853516 2.176017 55941.792969
v 15853.105469 3.535877 55917.894531
v 15854.887695 10.699521 55917.894531
v 15843.232422 -69.852188 56013.488281
v 15859.902344 -18.571415 55965.691406
v 15831.939453 -90.304527 56037.390625
v 15856.771484 -39.958862 55989.589844
v 15862.072266 11.4832 55941.792969
v 15856.27832 17.949108 55917.894531
v 15850.297852 -61.494381 56013.488281
v 15863.505859 -9.214671 55965.691406
v 15840.397461 -82.655289 56037.390625
v 15861.810547 -30.763496 55989.589844
v 15863.663086 20.917747 55941.792969
v 15857.275391 25.263374 55917.894531
v 15856.790039 -52.683277 56013.488281
v 15866.476562 0.361877 55965.691406
v 15848.324219 -74.458237 56037.390625
v 15866.223633 -21.252085 55989.589844
v 15864.621094 30.437519 55941.792969
v 15857.874023 32.620865 55917.894531
v 15858.074219 40.0 55917.894531
v 15862.678711 -43.458225 56013.488281
v 15868.800781 10.115458 55965.691406
v 15855.686523 -65.749992 56037.390625
v 15869.992188 -11.467107 55989.589844
v 15867.938477 -33.860428 56013.488281
v 15870.46875 20.00251 55965.691406
v 15862.451172 -56.569443 56037.390625
v 15873.099609 -1.452264 55989.589844
v 15872.545898 -23.932755 56013.488281
v 15871.472656 29.978876 55965.691406
v 15868.586914 -46.957588 56037.390625
v 15875.530273 8.747715 55989.589844
v 15876.479492 -13.719542 56013.488281
v 15874.067383 -36.957363 56037.390625
v 15877.274414 19.087275 55989.589844
v 15879.72168 -3.266404 56013.488281
v 15878.867188 -26.613426 56037.390625
v 15878.323242 29.520235 55989.589844
v 15882.258789 7.379972 56013.488281
v 15882.96582 -15.971977 56037.390625
v 15884.079102 18.172037 56013.488281
v 15886.344727 -5.080544 56037.390625
v 15885.174805 29.061592 56013.488281
v 15888.988281 6.01223 56037.390625
v 15890.884766 17.256802 56037.390625
v 15892.026367 28.602949 56037.390625
v 15578.926758 30.437519 55941.792969
v 15585.673828 32.620865 55917.894531
v 15586.273438 25.263374 55917.894531
v 15585.473633 40.0 55917.894531
v 15579.884766 20.917747 55941.792969
v 15587.269531 17.949108 55917.894531
v 15581.476562 11.4832 55941.792969
v 15588.660156 10.699521 55917.894531
v 15572.076172 29.978876 55965.691406
v 15583.694336 2.176017 55941.792969
v 15590.442383 3.535877 55917.894531
v 15592.608398 -3.520811 55917.894531
v 15573.079102 20.00251 55965.691406
v 15586.529297 -6.962236 55941.792969
v 15595.154297 -10.449844 55917.894531
v 15574.74707 10.115458 55965.691406
v 15565.224609 29.520235 55989.589844
v 15589.967773 -15.890743 55941.792969
v 15598.071289 -17.2309 55917.894531
v 15577.071289 0.361877 55965.691406
v 15566.274414 19.087275 55989.589844
v 15593.995117 -24.56963 55941.792969
v 15601.351562 -23.844088 55917.894531
v 15580.041992 -9.214671 55965.691406
v 15568.017578 8.747715 55989.589844
v 15598.592773 -32.960133 55941.792969
v 15604.984375 -30.27001 55917.894531
v 15558.373047 29.061592 56013.488281
v 15583.645508 -18.571415 55965.691406
v 15570.449219 -1.452264 55989.589844
v 15603.741211 -41.024776 55941.792969
v 15608.959961 -36.489819 55917.894531
v 15613.266602 -42.485268 55917.894531
v 15559.46875 18.172037 56013.488281
v 15587.866211 -27.666563 55965.691406
v 15573.555664 -11.467107 55989.589844
v 15609.416992 -48.727547 55941.792969
v 15617.891602 -48.238773 55917.894531
v 15561.289062 7.379972 56013.488281
v 15592.685547 -36.459496 55965.691406
v 15551.521484 28.602949 56037.390625
v 15577.324219 -21.252085 55989.589844
v 15615.59375 -56.034035 55941.792969
v 15622.821289 -53.733463 55917.894531
v 15563.826172 -3.266404 56013.488281
v 15598.080078 -44.910942 55965.691406
v 15552.663086 17.256802 56037.390625
v 15581.738281 -30.763496 55989.589844
v 15622.246094 -62.911613 55941.792969
v 15628.041016 -58.953213 55917.894531
v 15567.068359 -13.719542 56013.488281
v 15604.02832 -52.983158 55965.691406
v 15554.55957 6.01223 56037.390625
v 15586.777344 -39.958862 55989.589844
v 15629.341797 -69.329567 55941.792969
v 15633.535156 -63.882717 55917.894531
v 15639.289062 -68.507515 55917.894531
v 15571.001953 -23.932755 56013.488281
v 15610.501953 -60.640087 55965.691406
v 15557.203125 -5.080544 56037.390625
v 15592.418945 -48.797112 55989.589844
v 15636.850586 -75.259224 55941.792969
v 15645.28418 -72.814041 55917.894531
v 15575.609375 -33.860428 56013.488281
v 15617.47168 -67.847534 55965.691406
v 15560.582031 -15.971977 56037.390625
v 15598.638672 -57.23877 55989.589844
v 15644.738281 -80.674103 55941.792969
v 15651.503906 -76.789665 55917.894531
v 15580.869141 -43.458225 56013.488281
v 15624.908203 -74.573303 55965.691406
v 15564.680664 -26.613426 56037.390625
v 15605.40918 -65.24614 55989.589844
v 15652.970703 -85.550026 55941.792969
v 15657.929688 -80.422722 55917.894531
v 15586.757812 -52.683277 56013.488281
v 15632.777344 -80.787361 55965.691406
v 15569.480469 -36.957363 56037.390625
v 15612.698242 -72.783447 55989.589844
v 15661.509766 -89.865211 55941.792969
v 15664.542969 -83.70256 55917.894531
v 15671.324219 -86.61956 55917.894531
v 15593.25 -61.494381 56013.488281
v 15641.043945 -86.46196 55965.691406
v 15574.960938 -46.957588 56037.390625
v 15620.474609 -79.817047 55989.589844
v 15670.318359 -93.600388 55941.792969
v 15678.25293 -89.165161 55917.894531
v 15600.316406 -69.852188 56013.488281
v 15649.670898 -91.571747 55965.691406
v 15581.09668 -56.569443 56037.390625
v 15628.704102 -86.315506 55989.589844
v 15679.357422 -96.738869 55941.792969
v 15685.30957 -91.331902 55917.894531
v 15607.924805 -77.719368 56013.488281
v 15658.620117 -96.093895 55965.691406
v 15587.861328 -65.749992 56037.390625
v 15637.348633 -92.249817 55989.589844
v 15688.584961 -99.266647 55941.792969
v 15692.473633 -93.113419 55917.894531
v 15616.041992 -85.060783 56013.488281
v 15667.850586 -100.008224 55965.691406
v 15595.223633 -74.458237 56037.390625
v 15646.371094 -97.59346 55989.589844
v 15697.960938 -101.172424 55941.792969
v 15699.722656 -94.504494 55917.894531
v 15707.037109 -95.501038 55917.894531
v 15624.630859 -91.843651 56013.488281
v 15677.323242 -103.297234 55965.691406
v 15603.151367 -82.655289 56037.390625
v 15655.729492 -102.322578 55989.589844
v 15707.443359 -102.447685 55941.792969
v 15714.394531 -96.100143 55917.894531
v 15633.654297 -98.037666 56013.488281
v 15686.993164 -105.946251 55965.691406
v 15611.608398 -90.304527 56037.390625
v 15665.382812 -106.416054 55989.589844
v 15716.990234 -103.086746 55941.792969
v 15721.774414 -96.300041 55917.894531
v 15643.070312 -103.615181 56013.488281
v 15696.819336 -107.943436 55965.691406
v 15620.557617 -97.371788 56037.390625
v 15675.288086 -109.855598 55989.589844
v 15726.557617 -103.086746 55941.792969
v 15729.15332 -96.100143 55917.894531
v 15652.838867 -108.55127 56013.488281
v 15706.755859 -109.279861 55965.691406
v 15629.958984 -103.825523 56037.390625
v 15685.401367 -112.625854 55989.589844
v 15736.104492 -102.447685 55941.792969
v 15736.510742 -95.501038 55917.894531
v 15662.915039 -112.823891 56013.488281
v 15716.760742 -109.949577 55965.691406
v 15639.770508 -109.636894 56037.390625
v 15695.676758 -114.714439 55989.589844
v 15745.586914 -101.172424 55941.792969
v 15743.825195 -94.504494 55917.894531
v 15751.074219 -93.113419 55917.894531
v 15673.253906 -116.413963 56013.488281
v 15726.787109 -109.949577 55965.691406
v 15649.948242 -114.779953 56037.390625
v 15706.069336 -116.112038 55989.589844
v 15754.962891 -99.266647 55941.792969
v 15758.238281 -91.331902 55917.894531
v 15683.80957 -119.305458 56013.488281
v 15736.791992 -109.279861 55965.691406
v 15660.447266 -119.231728 56037.390625
v 15716.53125 -116.812401 55989.589844
v 15764.19043 -96.738869 55941.792969
v 15765.294922 -89.165161 55917.894531
v 15694.535156 -121.485451 56013.488281
v 15746.728516 -107.943436 55965.691406
v 15671.219727 -122.972328 56037.390625
v 15772.223633 -86.61956 55917.894531
v 15682.217773 -125.985062 56037.390625
v 15779.004883 -83.70256 55917.894531
v 15785.618164 -80.422722 55917.894531
v 15693.392578 -128.256454 56037.390625
v 15792.043945 -76.789665 55917.894531
v 15705.381836 202.944214 56013.488281
v 15716.301758 203.675232 56013.488281
v 15716.53125 196.812393 55989.589844
v 15658.620117 176.093903 55965.691406
v 15661.509766 169.865204 55941.792969
v 15652.970703 165.550018 55941.792969
v 15670.318359 173.600388 55941.792969
v 15667.850586 180.008224 55965.691406
v 15727.475586 210.538055 56037.390625
v 15738.853516 209.776382 56037.390625
v 15727.246094 203.675232 56013.488281
v 15675.288086 189.855606 55989.589844
v 15685.401367 192.625854 55989.589844
v 15686.993164 185.946243 55965.691406
v 15677.323242 183.297241 55965.691406
v 15636.850586 155.259216 55941.792969
v 15644.738281 160.674103 55941.792969
v 15645.28418 152.814041 55917.894531
v 15639.289062 148.507523 55917.894531
v 15694.535156 201.485458 56013.488281
v 15706.069336 196.112045 55989.589844
v 15695.676758 194.714447 55989.589844
v 15649.670898 171.571747 55965.691406
v 15716.072266 210.538055 56037.390625
v 15665.382812 186.416061 55989.589844
v 15629.341797 149.329559 55941.792969
v 15633.535156 143.882721 55917.894531
v 15628.041016 138.953217 55917.894531
v 15683.80957 199.30545 56013.488281
v 15641.043945 166.46196 55965.691406
v 15704.694336 209.776382 56037.390625
v 15655.729492 182.322586 55989.589844
v 15622.246094 142.911621 55941.792969
v 15622.821289 133.733459 55917.894531
v 15673.253906 196.413971 56013.488281
v 15632.777344 160.787369 55965.691406
v 15693.392578 208.256454 56037.390625
v 15646.371094 177.59346 55989.589844
v 15615.59375 136.034042 55941.792969
v 15617.891602 128.23877 55917.894531
v 15662.915039 192.823883 56013.488281
v 15624.908203 154.573303 55965.691406
v 15682.217773 205.985062 56037.390625
v 15637.348633 172.249817 55989.589844
v 15609.416992 128.727539 55941.792969
v 15613.266602 122.485268 55917.894531
v 15652.838867 188.55127 56013.488281
v 15617.47168 147.847534 55965.691406
v 15671.219727 202.972336 56037.390625
v 15628.704102 166.315506 55989.589844
v 15603.741211 121.02478 55941.792969
v 15608.959961 116.489815 55917.894531
v 15604.984375 110.270012 55917.894531
v 15643.070312 183.615173 56013.488281
v 15610.501953 140.640091 55965.691406
v 15660.447266 199.23172 56037.390625
v 15620.474609 159.817047 55989.589844
v 15598.592773 112.960129 55941.792969
v 15601.351562 103.844086 55917.894531
v 15633.654297 178.037674 56013.488281
v 15604.02832 132.983154 55965.691406
v 15649.948242 194.779953 56037.390625
v 15612.698242 152.783447 55989.589844
v 15593.995117 104.569626 55941.792969
v 15598.071289 97.230904 55917.894531
v 15624.630859 171.843643 56013.488281
v 15598.080078 124.910942 55965.691406
v 15639.770508 189.636902 56037.390625
v 15605.40918 145.24614 55989.589844
v 15589.967773 95.890747 55941.792969
v 15595.154297 90.449844 55917.894531
v 15616.041992 165.060791 56013.488281
v 15592.685547 116.459496 55965.691406
v 15629.958984 183.825516 56037.390625
v 15598.638672 137.23877 55989.589844
v 15586.529297 86.962234 55941.792969
v 15592.608398 83.520813 55917.894531
v 15607.924805 157.71936 56013.488281
v 15587.866211 107.666565 55965.691406
v 15620.557617 177.371796 56037.390625
v 15592.418945 128.797104 55989.589844
v 15583.694336 77.823982 55941.792969
v 15590.442383 76.464119 55917.894531
v 15588.660156 69.300476 55917.894531
v 15600.316406 149.852188 56013.488281
v 15583.645508 98.571411 55965.691406
v 15611.608398 170.30452 56037.390625
v 15586.777344 119.958862 55989.589844
v 15581.476562 68.5168 55941.792969
v 15587.269531 62.050892 55917.894531
v 15593.25 141.494385 56013.488281
v 15580.041992 89.214668 55965.691406
v 15603.151367 162.655289 56037.390625
v 15581.738281 110.763496 55989.589844
v 15579.884766 59.082253 55941.792969
v 15586.273438 54.736626 55917.894531
v 15586.757812 132.683273 56013.488281
v 15577.071289 79.638123 55965.691406
v 15595.223633 154.458237 56037.390625
v 15577.324219 101.252083 55989.589844
v 15578.926758 49.562481 55941.792969
v 15585.673828 47.379135 55917.894531
v 15580.869141 123.458229 56013.488281
v 15574.74707 69.884544 55965.691406
v 15587.861328 145.75 56037.390625
v 15573.555664 91.46711 55989.589844
v 15575.609375 113.860428 56013.488281
v 15573.079102 59.99749 55965.691406
v 15581.09668 136.569443 56037.390625
v 15570.449219 81.452263 55989.589844
v 15571.001953 103.932755 56013.488281
v 15572.076172 50.021122 55965.691406
v 15574.960938 126.957588 56037.390625
v 15568.017578 71.252281 55989.589844
v 15567.068359 93.719543 56013.488281
v 15569.480469 116.957359 56037.390625
v 15566.274414 60.912727 55989.589844
v 15563.826172 83.266403 56013.488281
v 15564.680664 106.613426 56037.390625
v 15565.224609 50.479767 55989.589844
v 15561.289062 72.620026 56013.488281
v 15560.582031 95.971977 56037.390625
v 15559.46875 61.827961 56013.488281
v 15557.203125 85.080544 56037.390625
v 15558.373047 50.938408 56013.488281
v 15554.55957 73.98777 56037.390625
v 15552.663086 62.743198 56037.390625
v 15551.521484 51.397049 56037.390625
v 15864.621094 49.562481 55941.792969
v 15857.874023 47.379135 55917.894531
v 15857.275391 54.736626 55917.894531
v 15863.663086 59.082253 55941.792969
v 15856.27832 62.050892 55917.894531
v 15862.072266 68.5168 55941.792969
v 15854.887695 69.300476 55917.894531
v 15871.472656 50.021122 55965.691406
v 15859.853516 77.823982 55941.792969
v 15853.105469 76.464119 55917.894531
v 15850.939453 83.520813 55917.894531
v 15870.46875 59.99749 55965.691406
v 15857.019531 86.962234 55941.792969
v 15848.393555 90.449844 55917.894531
v 15868.800781 69.884544 55965.691406
v 15878.323242 50.479767 55989.589844
v 15853.580078 95.890747 55941.792969
v 15845.476562 97.230904 55917.894531
v 15866.476562 79.638123 55965.691406
v 15877.274414 60.912727 55989.589844
v 15849.552734 104.569626 55941.792969
v 15842.196289 103.844086 55917.894531
v 15863.505859 89.214668 55965.691406
v 15875.530273 71.252281 55989.589844
v 15844.955078 112.960129 55941.792969
v 15838.563477 110.270012 55917.894531
v 15885.174805 50.938408 56013.488281
v 15859.902344 98.571411 55965.691406
v 15873.099609 81.452263 55989.589844
v 15839.806641 121.02478 55941.792969
v 15834.587891 116.489815 55917.894531
v 15830.28125 122.485268 55917.894531
v 15884.079102 61.827961 56013.488281
v 15855.681641 107.666565 55965.691406
v 15869.992188 91.46711 55989.589844
v 15834.130859 128.727539 55941.792969
v 15825.657227 128.23877 55917.894531
v 15882.258789 72.620026 56013.488281
v 15850.863281 116.459496 55965.691406
v 15892.026367 51.397049 56037.390625
v 15866.223633 101.252083 55989.589844
v 15827.954102 136.034042 55941.792969
v 15820.727539 133.733459 55917.894531
v 15879.72168 83.266403 56013.488281
v 15845.467773 124.910942 55965.691406
v 15890.884766 62.743198 56037.390625
v 15861.810547 110.763496 55989.589844
v 15821.302734 142.911621 55941.792969
v 15815.507812 138.953217 55917.894531
v 15876.479492 93.719543 56013.488281
v 15839.520508 132.983154 55965.691406
v 15888.988281 73.98777 56037.390625
v 15856.771484 119.958862 55989.589844
v 15814.206055 149.329559 55941.792969
v 15810.012695 143.882721 55917.894531
v 15804.259766 148.507523 55917.894531
v 15872.545898 103.932755 56013.488281
v 15833.046875 140.640091 55965.691406
v 15886.344727 85.080544 56037.390625
v 15851.128906 128.797104 55989.589844
v 15806.697266 155.259216 55941.792969
v 15798.263672 152.814041 55917.894531
v 15867.938477 113.860428 56013.488281
v 15826.076172 147.847534 55965.691406
v 15882.96582 95.971977 56037.390625
v 15844.90918 137.23877 55989.589844
v 15798.80957 160.674103 55941.792969
v 15792.043945 156.789673 55917.894531
v 15862.678711 123.458229 56013.488281
v 15818.639648 154.573303 55965.691406
v 15878.867188 106.613426 56037.390625
v 15838.139648 145.24614 55989.589844
v 15790.577148 165.550018 55941.792969
v 15785.618164 160.422729 55917.894531
v 15856.790039 132.683273 56013.488281
v 15810.770508 160.787369 55965.691406
v 15874.067383 116.957359 56037.390625
v 15830.849609 152.783447 55989.589844
v 15782.038086 169.865204 55941.792969
v 15779.004883 163.70256 55917.894531
v 15772.223633 166.619568 55917.894531
v 15850.297852 141.494385 56013.488281
v 15802.503906 166.46196 55965.691406
v 15868.586914 126.957588 56037.390625
v 15823.073242 159.817047 55989.589844
v 15773.229492 173.600388 55941.792969
v 15765.294922 169.165161 55917.894531
v 15843.232422 149.852188 56013.488281
v 15793.876953 171.571747 55965.691406
v 15862.451172 136.569443 56037.390625
v 15814.84375 166.315506 55989.589844
v 15764.19043 176.738876 55941.792969
v 15758.238281 171.331894 55917.894531
v 15835.623047 157.71936 56013.488281
v 15784.928711 176.093903 55965.691406
v 15855.686523 145.75 56037.390625
v 15806.199219 172.249817 55989.589844
v 15754.962891 179.266647 55941.792969
v 15751.074219 173.113419 55917.894531
v 15827.506836 165.060791 56013.488281
v 15775.697266 180.008224 55965.691406
v 15848.324219 154.458237 56037.390625
v 15797.177734 177.59346 55989.589844
v 15745.586914 181.172424 55941.792969
v 15743.825195 174.504486 55917.894531
v 15736.510742 175.501038 55917.894531
v 15818.916992 171.843643 56013.488281
v 15766.225586 183.297241 55965.691406
v 15840.397461 162.655289 56037.390625
v 15787.818359 182.322586 55989.589844
v 15736.104492 182.447693 55941.792969
v 15729.15332 176.100143 55917.894531
v 15809.893555 178.037674 56013.488281
v 15756.554688 185.946243 55965.691406
v 15831.939453 170.30452 56037.390625
v 15778.165039 186.416061 55989.589844
v 15726.557617 183.086746 55941.792969
v 15721.774414 176.300034 55917.894531
v 15800.477539 183.615173 56013.488281
v 15746.728516 187.943436 55965.691406
v 15822.990234 177.371796 56037.390625
v 15768.259766 189.855606 55989.589844
v 15716.990234 183.086746 55941.792969
v 15714.394531 176.100143 55917.894531
v 15790.708984 188.55127 56013.488281
v 15736.791992 189.279861 55965.691406
v 15813.588867 183.825516 56037.390625
v 15758.146484 192.625854 55989.589844
v 15707.443359 182.447693 55941.792969
v 15707.037109 175.501038 55917.894531
v 15780.632812 192.823883 56013.488281
v 15726.787109 189.94957 55965.691406
v 15803.777344 189.636902 56037.390625
v 15747.871094 194.714447 55989.589844
v 15697.960938 181.172424 55941.792969
v 15699.722656 174.504486 55917.894531
v 15692.473633 173.113419 55917.894531
v 15770.293945 196.413971 56013.488281
v 15716.760742 189.94957 55965.691406
v 15793.599609 194.779953 56037.390625
v 15737.479492 196.112045 55989.589844
v 15688.584961 179.266647 55941.792969
v 15685.30957 171.331894 55917.894531
v 15759.738281 199.30545 56013.488281
v 15706.755859 189.279861 55965.691406
v 15783.100586 199.23172 56037.390625
v 15727.016602 196.812393 55989.589844
v 15679.357422 176.738876 55941.792969
v 15678.25293 169.165161 55917.894531
v 15749.013672 201.485458 56013.488281
v 15696.819336 187.943436 55965.691406
v 15772.328125 202.972336 56037.390625
v 15671.324219 166.619568 55917.894531
v 15738.166016 202.944214 56013.488281
v 15761.330078 205.985062 56037.390625
v 15664.542969 163.70256 55917.894531
v 15657.929688 160.422729 55917.894531
v 15750.155273 208.256454 56037.390625
v 15651.503906 156.789673 55917.894531
v 15858.074219 40.0 55887.894531
v 15857.874023 32.620865 55887.894531
v 15857.275391 25.263374 55887.894531
v 15856.27832 17.949108 55887.894531
v 15854.887695 10.699521 55887.894531
v 15853.105469 3.535877 55887.894531
v 15850.939453 -3.520811 55887.894531
v 15848.393555 -10.449844 55887.894531
v 15845.476562 -17.2309 55887.894531
v 15842.196289 -23.844088 55887.894531
v 15838.563477 -30.27001 55887.894531
v 15834.587891 -36.489819 55887.894531
v 15830.28125 -42.485268 55887.894531
v 15825.657227 -48.238773 55887.894531
v 15820.727539 -53.733463 55887.894531
v 15815.507812 -58.953213 55887.894531
v 15810.012695 -63.882717 55887.894531
v 15804.259766 -68.507515 55887.894531
v 15798.263672 -72.814041 55887.894531
v 15792.043945 -76.789665 55887.894531
v 15785.618164 -80.422722 55887.894531
v 15779.004883 -83.70256 55887.894531
v 15772.223633 -86.61956 55887.894531
v 15765.294922 -89.165161 55887.894531
v 15758.238281 -91.331902 55887.894531
v 15751.074219 -93.113419 55887.894531
v 15743.825195 -94.504494 55887.894531
v 15736.510742 -95.501038 55887.894531
v 15729.15332 -96.100143 55887.894531
v 15721.774414 -96.300041 55887.894531
v 15714.394531 -96.100143 55887.894531
v 15707.037109 -95.501038 55887.894531
v 15699.722656 -94.504494 55887.894531
v 15692.473633 -93.113419 55887.894531
v 15685.30957 -91.331902 55887.894531
v 15678.25293 -89.165161 55887.894531
v 15671.324219 -86.61956 55887.894531
v 15664.542969 -83.70256 55887.894531
v 15657.929688 -80.422722 55887.894531
v 15651.503906 -76.789665 55887.894531
v 15645.28418 -72.814041 55887.894531
v 15639.289062 -68.507515 55887.894531
v 15633.535156 -63.882717 55887.894531
v 15628.041016 -58.953213 55887.894531
v 15622.821289 -53.733463 55887.894531
v 15617.891602 -48.238773 55887.894531
v 15613.266602 -42.485268 55887.894531
v 15608.959961 -36.489819 55887.894531
v 15604.984375 -30.27001 55887.894531
v 15601.351562 -23.844088 55887.894531
v 15598.071289 -17.2309 55887.894531
v 15595.154297 -10.449844 55887.894531
v 15592.608398 -3.520811 55887.894531
v 15590.442383 3.535877 55887.894531
v 15588.660156 10.699521 55887.894531
v 15587.269531 17.949108 55887.894531
v 15586.273438 25.263374 55887.894531
v 15585.673828 32.620865 55887.894531
v 15585.473633 40.0 55887.894531
v 15585.673828 47.379135 55887.894531
v 15586.273438 54.736626 55887.894531
v 15587.269531 62.050892 55887.894531
v 15588.660156 69.300476 55887.894531
v 15590.442383 76.464119 55887.894531
v 15592.608398 83.520813 55887.894531
v 15595.154297 90.449844 55887.894531
v 15598.071289 97.230904 55887.894531
v 15601.351562 103.844086 55887.894531
v 15604.984375 110.270012 55887.894531
v 15608.959961 116.489815 55887.894531
v 15613.266602 122.485268 55887.894531
v 15617.891602 128.23877 55887.894531
v 15622.821289 133.733459 55887.894531
v 15628.041016 138.953217 55887.894531
v 15633.535156 143.882721 55887.894531
v 15639.289062 148.507523 55887.894531
v 15645.28418 152.814041 55887.894531
v 15651.503906 156.789673 55887.894531
v 15657.929688 160.422729 55887.894531
v 15664.542969 163.70256 55887.894531
v 15671.324219 166.619568 55887.894531
v 15678.25293 169.165161 55887.894531
v 15685.30957 171.331894 55887.894531
v 15692.473633 173.113419 55887.894531
v 15699.722656 174.504486 55887.894531
v 15707.037109 175.501038 55887.894531
v 15714.394531 176.100143 55887.894531
v 15721.774414 176.300034 55887.894531
v 15729.15332 176.100143 55887.894531
v 15736.510742 175.501038 55887.894531
v 15743.825195 174.504486 55887.894531
v 15751.074219 173.113419 55887.894531
v 15758.238281 171.331894 55887.894531
v 15765.294922 169.165161 55887.894531
v 15772.223633 166.619568 55887.894531
v 15779.004883 163.70256 55887.894531
v 15785.618164 160.422729 55887.894531
v 15792.043945 156.789673 55887.894531
v 15798.263672 152.814041 55887.894531
v 15804.259766 148.507523 55887.894531
v 15810.012695 143.882721 55887.894531
v 15815.507812 138.953217 55887.894531
v 15820.727539 133.733459 55887.894531
v 15825.657227 128.23877 55887.894531
v 15830.28125 122.485268 55887.894531
v 15834.587891 116.489815 55887.894531
v 15838.563477 110.270012 55887.894531
v 15842.196289 103.844086 55887.894531
v 15845.476562 97.230904 55887.894531
v 15848.393555 90.449844 55887.894531
v 15850.939453 83.520813 55887.894531
v 15853.105469 76.464119 55887.894531
v 15854.887695 69.300476 55887.894531
v 15856.27832 62.050892 55887.894531
v 15857.275391 54.736626 55887.894531
v 15857.874023 47.379135 55887.894531
v 15746.047852 15.500001 56853.394531
v 15745.849609 15.500001 56856.558594
v 15746.047852 64.5 56853.394531
v 15745.849609 64.5 56856.558594
v 15745.254883 15.500001 56859.671875
v 15745.254883 64.5 56859.671875
v 15744.275391 15.500001 56862.6875
v 15744.275391 64.5 56862.6875
v 15742.924805 15.500001 56865.558594
v 15742.924805 64.5 56865.558594
v 15741.225586 15.500001 56868.234375
v 15741.225586 64.5 56868.234375
v 15739.205078 15.500001 56870.675781
v 15739.205078 64.5 56870.675781
v 15736.893555 15.500001 56872.847656
v 15736.893555 64.5 56872.847656
v 15734.328125 15.500001 56874.710938
v 15734.328125 64.5 56874.710938
v 15731.548828 15.500001 56876.238281
v 15731.548828 64.5 56876.238281
v 15728.600586 15.500001 56877.40625
v 15728.600586 64.5 56877.40625
v 15725.529297 15.500001 56878.195312
v 15725.529297 64.5 56878.195312
v 15722.383789 15.500001 56878.59375
v 15722.383789 64.5 56878.59375
v 15719.212891 15.500001 56878.59375
v 15719.212891 64.5 56878.59375
v 15716.067383 15.500001 56878.195312
v 15716.067383 64.5 56878.195312
v 15712.996094 15.500001 56877.40625
v 15712.996094 64.5 56877.40625
v 15710.047852 15.500001 56876.238281
v 15710.047852 64.5 56876.238281
v 15707.268555 15.500001 56874.710938
v 15707.268555 64.5 56874.710938
v 15704.703125 15.500001 56872.847656
v 15704.703125 64.5 56872.847656
v 15702.391602 15.500001 56870.675781
v 15702.391602 64.5 56870.675781
v 15700.371094 15.500001 56868.234375
v 15700.371094 64.5 56868.234375
v 15698.671875 15.500001 56865.558594
v 15698.671875 64.5 56865.558594
v 15697.321289 15.500001 56862.6875
v 15697.321289 64.5 56862.6875
v 15696.341797 15.500001 56859.671875
v 15696.341797 64.5 56859.671875
v 15695.74707 15.500001 56856.558594
v 15695.74707 64.5 56856.558594
v 15695.547852 15.500001 56853.394531
v 15695.547852 64.5 56853.394531
v 15695.74707 15.500001 56850.226562
v 15695.74707 64.5 56850.226562
v 15696.341797 15.500001 56847.113281
v 15696.341797 64.5 56847.113281
v 15697.321289 15.500001 56844.097656
v 15697.321289 64.5 56844.097656
v 15698.671875 15.500001 56841.230469
v 15698.671875 64.5 56841.230469
v 15700.371094 15.500001 56838.550781
v 15700.371094 64.5 56838.550781
v 15702.391602 15.500001 56836.109375
v 15702.391602 64.5 56836.109375
v 15704.703125 15.500001 56833.9375
v 15704.703125 64.5 56833.9375
v 15707.268555 15.500001 56832.074219
v 15707.268555 64.5 56832.074219
v 15710.047852 15.500001 56830.546875
v 15710.047852 64.5 56830.546875
v 15712.996094 15.500001 56829.378906
v 15712.996094 64.5 56829.378906
v 15716.067383 15.500001 56828.589844
v 15716.067383 64.5 56828.589844
v 15719.212891 15.500001 56828.191406
v 15719.212891 64.5 56828.191406
v 15722.383789 15.500001 56828.191406
v 15722.383789 64.5 56828.191406
v 15725.529297 15.500001 56828.589844
v 15725.529297 64.5 56828.589844
v 15728.600586 15.500001 56829.378906
v 15728.600586 64.5 56829.378906
v 15731.548828 15.500001 56830.546875
v 15731.548828 64.5 56830.546875
v 15734.328125 64.5 56832.074219
v 15734.328125 15.500001 56832.074219
v 15736.893555 15.500001 56833.9375
v 15736.893555 64.5 56833.9375
v 15739.205078 15.500001 56836.109375
v 15739.205078 64.5 56836.109375
v 15741.225586 15.500001 56838.550781
v 15741.225586 64.5 56838.550781
v 15742.924805 15.500001 56841.230469
v 15742.924805 64.5 56841.230469
v 15744.275391 15.500001 56844.097656
v 15744.275391 64.5 56844.097656
v 15745.254883 64.5 56847.113281
v 15745.254883 15.500001 56847.113281
v 15745.849609 15.500001 56850.226562
v 15745.849609 64.5 56850.226562
v 15765.798828 64.5 56913.394531
v 15765.798828 15.500001 56913.394531
v 15780.797852 15.500001 56898.394531
v 15780.797852 64.5 56898.394531
v 15780.797852 15.500001 56732.894531
v 15780.797852 64.5 56732.894531
v 15660.797852 15.500001 56732.894531
v 15660.797852 64.5 56732.894531
v 15660.797852 15.500001 56898.394531
v 15660.797852 64.5 56898.394531
v 15675.797852 64.5 56913.394531
v 15675.797852 15.500001 56913.394531
v 15763.072266 31.752352 55884.816406
v 15762.239258 28.701645 55885.585938
v 15762.808594 29.001932 55883.277344
v 15763.19043 30.70414 55883.277344
v 15763.416992 31.932535 55883.277344
v 15763.525391 34.35247 55884.429688
v 15763.475586 35.86837 55885.585938
v 15763.499023 33.536972 55884.046875
v 15763.018555 32.263741 55885.585938
v 15762.803711 32.186909 55886.738281
v 15763.135742 35.831898 55887.894531
v 15762.608398 32.14822 55887.894531
v 15763.073242 33.438221 55886.355469
v 15763.290039 37.912918 55887.894531
v 15684.310547 -4.131877 55847.207031
v 15684.041016 -2.103217 55849.804688
v 15682.775391 -2.89304 55848.648438
v 15685.40918 -2.268445 55849.804688
v 15681.430664 -3.286915 55848.070312
v 15680.735352 -3.244144 55848.070312
v 15675.797852 -4.808097 55846.339844
v 15686.786133 -2.430797 55849.804688
v 15689.087891 -4.447099 55846.917969
v 15690.694336 -3.500505 55848.648438
v 15690.291992 -4.244545 55847.300781
v 15692.686523 -3.92591 55848.070312
v 15702.34668 -4.50097 55847.496094
v 15677.641602 16.726063 55867.117188
v 15677.177734 7.25194 55857.882812
v 15677.939453 10.367837 55861.34375
v 15678.574219 13.253312 55864.808594
v 15679.94043 14.821111 55868.269531
v 15678.063477 18.539494 55869.425781
v 15677.543945 23.374582 55872.886719
v 15715.796875 -4.679657 55848.070312
v 15719.642578 -4.644464 55849.226562
v 15715.302734 -4.237255 55854.035156
v 15709.731445 -4.349473 55849.804688
v 15725.521484 -4.735064 55847.496094
v 15724.625 -4.327797 55854.421875
v 15721.529297 -4.430582 55853.265625
v 15720.251953 -4.573261 55850.574219
v 15726.825195 -4.700265 55847.878906
v 15729.458984 -4.601717 55848.648438
v 15707.666992 -2.044208 55867.980469
v 15704.59668 -1.12055 55868.847656
v 15707.362305 -2.056354 55867.117188
v 15706.414062 -1.139106 55874.042969
v 15709.990234 -2.076672 55874.042969
v 15710.760742 -2.759528 55867.117188
v 15735.616211 -4.335334 55849.226562
v 15737.53418 -3.923109 55850.957031
v 15734.691406 -3.966811 55852.113281
v 15737.848633 -2.726215 55857.691406
v 15740.113281 -2.711457 55855.574219
v 15740.730469 -1.663136 55860.191406
v 15735.006836 -3.518125 55855.191406
v 15734.456055 -2.973602 55860.191406
v 15734.769531 -2.044208 55867.980469
v 15735.767578 -1.139106 55874.042969
v 15732.19043 -2.076672 55874.042969
v 15735.111328 -2.056354 55867.117188
v 15737.803711 -1.12055 55868.847656
v 15731.712891 -2.759528 55867.117188
v 15758.037109 -4.375692 55846.917969
v 15756.417969 -2.430797 55849.804688
v 15751.249023 -3.791904 55848.265625
v 15748.606445 -4.282829 55847.496094
v 15767.551758 -4.808097 55846.339844
v 15762.541992 -3.244144 55848.070312
v 15761.84668 -3.286915 55848.070312
v 15760.477539 -2.89304 55848.648438
v 15759.163086 -2.103217 55849.804688
v 15757.794922 -2.268445 55849.804688
v 15766.043945 9.394418 55859.613281
v 15765.646484 2.312006 55853.265625
v 15765.685547 7.25194 55857.882812
v 15764.168945 8.73796 55860.191406
v 15765.164062 7.781206 55858.652344
v 15727.433594 -4.765284 55846.917969
v 15728.379883 -4.784649 55846.628906
v 15746.612305 -4.575352 55846.917969
v 15746.728516 -3.440565 55849.804688
v 15743.128906 -3.917634 55849.226562
v 15764.960938 11.442425 55862.210938
v 15763.996094 13.253312 55864.808594
v 15761.774414 10.119729 55863.652344
v 15761.607422 8.377131 55861.730469
v 15763.478516 8.276948 55860.191406
v 15765.091797 14.110371 55864.519531
v 15764.3125 18.539494 55869.425781
v 15764.685547 23.374582 55872.886719
v 15764.733398 24.637991 55873.753906
v 15763.341797 40.0 55887.894531
v 15764.458984 25.257849 55874.8125
v 15763.958008 22.13073 55873.273438
v 15764.046875 28.960007 55878.660156
v 15706.591797 -4.68276 55847.011719
v 15705.621094 -3.923109 55850.957031
v 15704.776367 -4.394777 55848.265625
v 15708.708008 -4.741953 55846.773438
v 15715.399414 -4.752126 55847.0625
v 15741.15625 -4.34298 55848.070312
v 15741.766602 -3.851026 55849.804688
v 15680.986328 3.304874 55855.574219
v 15678.631836 1.964931 55853.265625
v 15681.123047 1.276631 55853.265625
v 15683.681641 0.601664 55853.265625
v 15684.280273 2.110378 55855.574219
v 15686.305664 -0.053498 55853.265625
v 15687.726562 0.967874 55855.574219
v 15688.992188 -0.682507 55853.265625
v 15685.342773 4.701101 55860.191406
v 15691.318359 -0.103103 55855.574219
v 15691.739258 -1.279352 55853.265625
v 15694.542969 -1.838229 55853.265625
v 15695.044922 -1.084179 55855.574219
v 15697.399414 -2.353822 55853.265625
v 15698.892578 -1.958614 55855.574219
v 15702.035156 -1.663136 55860.191406
v 15696.063477 0.100453 55860.191406
v 15686.707031 7.568674 55867.117188
v 15682.244141 11.421185 55867.117188
v 15683.204102 9.028852 55864.808594
v 15686.274414 6.743845 55864.808594
v 15702.84668 -2.711457 55855.574219
v 15708.30957 -2.973602 55860.191406
v 15678.478516 31.339933 55883.277344
v 15678.494141 29.057045 55880.96875
v 15678.936523 27.365274 55880.96875
v 15679.0 28.936274 55883.277344
v 15680.003906 24.172487 55880.96875
v 15699.155273 0.105931 55864.808594
v 15681.467773 20.835781 55880.96875
v 15680.966797 20.593792 55878.660156
v 15685.204102 14.724289 55880.96875
v 15683.128906 17.814783 55880.96875
v 15684.601562 14.711951 55878.660156
v 15704.041016 -1.163766 55867.117188
v 15697.707031 1.152922 55867.117188
v 15690.192383 9.114691 55880.96875
v 15687.547852 11.836413 55880.96875
v 15689.411133 9.304489 55878.660156
v 15714.792969 -3.780582 55860.191406
v 15692.760742 6.88302 55880.96875
v 15689.969727 9.820575 55883.277344
v 15692.172852 8.528257 55887.894531
v 15689.540039 11.141366 55887.894531
v 15716.693359 -3.639571 55864.808594
v 15697.483398 3.583041 55880.96875
v 15697.032227 4.715794 55887.894531
v 15695.348633 5.91008 55887.894531
v 15694.266602 5.728477 55880.96875
v 15696.407227 3.139928 55874.042969
v 15699.598633 1.481824 55874.042969
v 15700.689453 1.819335 55880.96875
v 15698.771484 3.604405 55887.894531
v 15702.032227 1.819818 55887.894531
v 15702.942383 0.051011 55874.042969
v 15704.262695 0.231384 55880.96875
v 15705.432617 0.32872 55887.894531
v 15723.583008 -3.499036 55869.425781
v 15721.09082 -3.298035 55874.042969
v 15718.792969 -3.499036 55869.425781
v 15717.354492 -3.161355 55874.042969
v 15713.645508 -2.753067 55874.042969
v 15707.739258 -0.974272 55880.96875
v 15709.333984 -0.968421 55887.894531
v 15744.068359 -1.958614 55855.574219
v 15746.702148 0.100453 55860.191406
v 15711.557617 -1.948467 55880.96875
v 15711.334961 -1.475833 55887.894531
v 15713.356445 -1.885853 55887.894531
v 15727.972656 -3.780582 55860.191406
v 15725.876953 -3.639571 55864.808594
v 15724.826172 -3.161355 55874.042969
v 15728.535156 -2.753067 55874.042969
v 15715.220703 -2.561706 55880.96875
v 15717.041992 -2.376225 55887.894531
v 15747.916016 -1.084179 55855.574219
v 15745.658203 -2.353822 55853.265625
v 15748.514648 -1.838229 55853.265625
v 15719.163086 -2.885824 55880.96875
v 15720.75293 -2.542979 55887.894531
v 15738.432617 -1.163766 55867.117188
v 15751.642578 -0.103103 55855.574219
v 15751.318359 -1.279352 55853.265625
v 15754.06543 -0.682507 55853.265625
v 15743.415039 0.105931 55864.808594
v 15722.870117 -2.880007 55880.96875
v 15724.856445 -2.348299 55887.894531
v 15726.810547 -2.543557 55880.96875
v 15726.904297 -2.101424 55887.894531
v 15728.936523 -1.755962 55887.894531
v 15755.234375 0.967874 55855.574219
v 15756.75293 -0.053498 55853.265625
v 15744.766602 1.152922 55867.117188
v 15730.470703 -1.91913 55880.96875
v 15732.551758 -0.886331 55887.894531
v 15758.680664 2.110378 55855.574219
v 15759.376953 0.601664 55853.265625
v 15757.422852 4.701101 55860.191406
v 15734.285156 -0.933159 55880.96875
v 15736.075195 0.294714 55887.894531
v 15761.974609 3.304874 55855.574219
v 15761.93457 1.276631 55853.265625
v 15764.426758 1.964931 55853.265625
v 15737.581055 0.21375 55880.96875
v 15739.239258 0.051011 55874.042969
v 15739.47168 1.774491 55887.894531
v 15741.15625 1.797964 55880.96875
v 15743.079102 3.759732 55887.894531
v 15742.582031 1.481824 55874.042969
v 15744.524414 3.655331 55880.96875
v 15744.811523 4.883917 55887.894531
v 15746.488281 6.090657 55887.894531
v 15745.773438 3.139928 55874.042969
v 15747.733398 5.810394 55880.96875
v 15751.796875 9.20962 55880.96875
v 15749.092773 6.854611 55880.96875
v 15752.639648 9.365752 55878.660156
v 15751.867188 9.865965 55883.277344
v 15751.989258 11.069139 55887.894531
v 15749.351562 8.462344 55887.894531
v 15754.431641 11.939034 55880.96875
v 15758.736328 17.776136 55880.96875
v 15756.657227 14.687557 55880.96875
v 15757.367188 14.688526 55878.660156
v 15760.361328 22.012625 55883.277344
v 15760.400391 20.794029 55880.96875
v 15761.868164 24.129505 55880.96875
v 15761.005859 20.567415 55878.660156
v 15762.943359 27.334396 55880.96875
v 15763.179688 28.194422 55880.96875
v 15763.394531 29.057045 55880.96875
v 15678.642578 -0.292745 55850.957031
v 15677.321289 -1.248045 55849.804688
v 15678.648438 -1.421583 55849.804688
v 15679.984375 -1.594284 55849.804688
v 15677.411133 2.312006 55853.265625
v 15677.816406 2.19618 55853.265625
v 15680.381836 -0.599426 55850.957031
v 15681.328125 -1.765733 55849.804688
v 15682.141602 -0.902807 55850.957031
v 15682.680664 -1.935512 55849.804688
v 15683.920898 -1.20159 55850.957031
v 15685.719727 -1.494504 55850.957031
v 15679.714844 5.904612 55857.882812
v 15677.666016 7.781206 55858.652344
v 15678.597656 8.73796 55860.191406
v 15680.712891 7.361359 55860.191406
v 15679.287109 8.276948 55860.191406
v 15687.537109 -1.780283 55850.957031
v 15689.373047 -2.057703 55850.957031
v 15682.405273 4.580013 55857.882812
v 15681.09375 8.377131 55861.730469
v 15680.845703 10.119729 55863.652344
v 15681.274414 8.860416 55862.5
v 15681.990234 8.335257 55862.5
v 15681.619141 9.778202 55864.039062
v 15689.108398 1.729863 55857.882812
v 15679.602539 16.235258 55869.425781
v 15680.40918 14.554085 55868.65625
v 15681.367188 13.968122 55869.425781
v 15692.728516 0.444581 55857.882812
v 15690.476562 2.249393 55860.191406
v 15679.008789 19.181152 55871.734375
v 15688.31543 4.345047 55862.5
v 15691.416992 3.596187 55864.808594
v 15684.05957 11.040566 55869.425781
v 15687.125977 8.267823 55869.425781
v 15682.396484 14.217708 55871.734375
v 15683.417969 14.210299 55874.042969
v 15681.525391 16.830944 55874.042969
v 15688.991211 5.464818 55865.960938
v 15691.890625 4.101506 55867.117188
v 15683.845703 12.097144 55870.964844
v 15679.061523 24.116217 55877.503906
v 15679.892578 19.530815 55874.042969
v 15693.708984 1.708759 55862.5
v 15679.019531 25.198452 55878.660156
v 15678.129883 29.025654 55879.429688
v 15677.939453 28.960007 55878.660156
v 15685.18457 11.075823 55871.734375
v 15689.435547 6.062477 55868.269531
v 15685.3125 11.295809 55872.503906
v 15687.951172 9.306883 55874.042969
v 15685.564453 11.694263 55874.042969
v 15682.111328 17.273615 55876.351562
v 15695.171875 1.736637 55864.808594
v 15679.826172 23.877878 55879.8125
v 15690.390625 5.545618 55868.65625
v 15692.374023 4.501697 55869.425781
v 15678.216797 34.35247 55884.429688
v 15678.254883 40.0 55887.894531
v 15678.286133 33.334904 55884.046875
v 15689.657227 6.318446 55869.425781
v 15678.246094 35.552597 55885.585938
v 15678.454102 35.906685 55887.894531
v 15682.898438 16.460146 55877.121094
v 15682.642578 17.595425 55878.660156
v 15690.106445 6.747794 55871.734375
v 15693.389648 5.009003 55874.042969
v 15690.564453 7.071373 55874.042969
v 15694.991211 2.706133 55868.269531
v 15680.020508 25.517473 55883.277344
v 15681.353516 22.179775 55883.277344
v 15686.21582 11.877846 55876.351562
v 15679.451172 28.716085 55885.585938
v 15679.916016 28.234026 55887.894531
v 15679.044922 31.852966 55887.894531
v 15687.231445 11.041488 55877.121094
v 15712.772461 -3.707405 55858.652344
v 15711.789062 -3.670003 55857.882812
v 15686.874023 11.921535 55878.660156
v 15683.079102 18.507027 55882.507812
v 15685.0625 15.655255 55883.277344
v 15683.051758 18.843672 55883.277344
v 15691.364258 7.031851 55876.351562
v 15682.025391 21.680439 55885.585938
v 15682.756836 20.954798 55887.894531
v 15681.097656 24.710304 55887.894531
v 15682.953125 19.575569 55884.816406
v 15684.777344 17.36532 55887.894531
v 15721.480469 -4.304743 55855.574219
v 15701.833984 0.043968 55870.578125
v 15721.448242 -4.22085 55857.113281
v 15721.382812 -4.053066 55860.191406
v 15687.433594 12.372951 55882.507812
v 15687.375977 12.635117 55883.277344
v 15687.293945 13.107291 55884.816406
v 15685.917969 15.644295 55887.894531
v 15687.140625 13.980286 55887.894531
v 15692.067383 7.668147 55882.121094
v 15729.828125 -4.051371 55854.804688
v 15714.219727 -3.266824 55867.117188
v 15717.717773 -3.57304 55867.117188
v 15721.318359 -3.885281 55863.269531
v 15714.710938 -3.249913 55868.269531
v 15715.716797 -3.376827 55867.886719
v 15721.285156 -3.801389 55864.808594
v 15719.698242 -3.697963 55866.347656
v 15720.679688 -3.735773 55865.960938
v 15730.058594 -3.707405 55858.652344
v 15731.074219 -3.670003 55857.882812
v 15722.426758 -3.748874 55865.578125
v 15724.754883 -3.57304 55867.117188
v 15721.236328 -3.67555 55867.117188
v 15726.723633 -3.376827 55867.886719
v 15728.253906 -3.266824 55867.117188
v 15727.713867 -3.249913 55868.269531
v 15753.782227 -2.057703 55850.957031
v 15755.618164 -1.780283 55850.957031
v 15750.134766 0.444581 55857.882812
v 15757.435547 -1.494504 55850.957031
v 15759.234375 -1.20159 55850.957031
v 15760.523438 -1.935512 55849.804688
v 15740.493164 0.043968 55870.578125
v 15748.958984 1.708759 55862.5
v 15752.289062 2.249393 55860.191406
v 15751.15332 3.596187 55864.808594
v 15753.754883 1.729863 55857.882812
v 15747.399414 1.736637 55864.808594
v 15746.324219 1.664056 55866.347656
v 15747.086914 1.915161 55865.960938
v 15761.013672 -0.902807 55850.957031
v 15761.875977 -1.765733 55849.804688
v 15748.476562 2.472486 55865.578125
v 15750.583008 4.101506 55867.117188
v 15762.773438 -0.599426 55850.957031
v 15763.219727 -1.594284 55849.804688
v 15747.433594 2.706133 55868.269531
v 15750.001953 4.501697 55869.425781
v 15748.791992 5.009003 55874.042969
v 15764.512695 -0.292745 55850.957031
v 15764.555664 -1.421583 55849.804688
v 15765.882812 -1.248045 55849.804688
v 15754.352539 4.345047 55862.5
v 15756.296875 6.743845 55864.808594
v 15753.530273 5.464818 55865.960938
v 15755.766602 7.568674 55867.117188
v 15760.457031 4.580013 55857.882812
v 15765.242188 2.19618 55853.265625
v 15752.017578 5.545618 55868.65625
v 15752.989258 6.062477 55868.269531
v 15755.25 8.267823 55869.425781
v 15752.71875 6.318446 55869.425781
v 15763.148438 5.904612 55857.882812
v 15762.052734 7.361359 55860.191406
v 15752.172852 6.747794 55871.734375
v 15754.230469 9.306883 55874.042969
v 15751.616211 7.071373 55874.042969
v 15758.356445 8.96798 55865.960938
v 15759.367188 9.028852 55864.808594
v 15760.229492 11.421185 55867.117188
v 15761.393555 8.860416 55862.5
v 15760.677734 8.335257 55862.5
v 15750.75293 7.059008 55876.351562
v 15760.984375 9.778202 55864.039062
v 15757.501953 9.826336 55868.65625
v 15758.568359 10.588696 55868.269531
v 15759.129883 10.881006 55867.886719
v 15761.008789 13.968122 55869.425781
v 15758.316406 11.040566 55869.425781
v 15757.09375 11.075823 55871.734375
v 15756.933594 11.295809 55872.503906
v 15758.762695 14.210299 55874.042969
v 15756.617188 11.694263 55874.042969
v 15758.464844 12.097144 55870.964844
v 15749.849609 7.734171 55882.121094
v 15755.858398 11.86729 55876.351562
v 15754.833008 11.055302 55877.121094
v 15759.881836 14.217708 55871.734375
v 15760.65625 16.830944 55874.042969
v 15761.999023 14.554085 55868.65625
v 15755.131836 11.94334 55878.660156
v 15762.484375 14.821111 55868.269531
v 15762.773438 16.235258 55869.425781
v 15754.448242 12.440133 55882.507812
v 15756.764648 15.706028 55883.277344
v 15754.456055 12.683465 55883.277344
v 15759.964844 17.261572 55876.351562
v 15759.141602 16.444288 55877.121094
v 15754.520508 13.215697 55884.816406
v 15756.977539 17.61857 55887.894531
v 15754.638672 14.2187 55887.894531
v 15755.848633 15.890282 55887.894531
v 15763.269531 19.181152 55871.734375
v 15759.328125 17.570427 55878.660156
v 15758.708984 18.790012 55883.277344
v 15762.100586 23.849234 55879.8125
v 15759.606445 21.549433 55885.585938
v 15760.318359 24.249941 55887.894531
v 15758.792969 20.862181 55887.894531
v 15763.054688 25.456108 55878.660156
v 15762.824219 23.730234 55877.503906
v 15762.973633 24.116217 55877.503906
v 15761.788086 25.026899 55882.507812
v 15761.751953 25.463598 55883.277344
v 15763.824219 29.025654 55879.429688
v 15761.651367 28.133244 55887.894531
v 15678.657227 -3.11484 55848.070312
v 15679.348633 -3.15808 55848.070312
v 15680.041992 -3.20119 55848.070312
v 15680.022461 -2.665555 55848.648438
v 15680.9375 -2.741864 55848.648438
v 15681.855469 -2.81772 55848.648438
v 15693.351562 -2.104581 55852.113281
v 15683.607422 6.434424 55861.34375
v 15697.366211 -3.116776 55850.957031
v 15698.068359 -3.580959 55849.804688
v 15700.560547 -3.676764 55850.1875
v 15678.255859 22.13073 55873.273438
v 15677.689453 25.257849 55874.8125
v 15680.097656 16.488451 55870.578125
v 15701.496094 -3.272463 55852.113281
v 15678.333984 23.8943 55875.195312
v 15678.582031 24.000822 55875.964844
v 15681.055664 16.784555 55872.886719
v 15708.589844 -3.685153 55854.421875
v 15678.522461 32.171642 55884.429688
v 15678.790039 31.040602 55884.816406
v 15684.474609 14.105435 55876.734375
v 15678.701172 32.114422 55885.585938
v 15678.599609 33.360439 55886.355469
v 15678.833984 32.230389 55886.738281
v 15680.297852 25.355062 55884.429688
v 15680.824219 24.138834 55884.816406
v 15680.576172 25.14584 55885.585938
v 15689.227539 8.961058 55876.734375
v 15680.342773 26.163931 55886.355469
v 15680.865234 24.870531 55886.738281
v 15693.830078 4.961953 55875.195312
v 15699.09668 1.457908 55872.3125
v 15733.102539 -3.980317 55853.007812
v 15738.384766 -3.558075 55852.496094
v 15743.0625 -3.41714 55850.957031
v 15749.754883 -2.104581 55852.113281
v 15761.397461 -2.81772 55848.648438
v 15762.31543 -2.741864 55848.648438
v 15763.235352 -3.20119 55848.070312
v 15763.230469 -2.665555 55848.648438
v 15763.928711 -3.15808 55848.070312
v 15764.620117 -3.11484 55848.070312
v 15743.157227 1.457908 55872.3125
v 15759.109375 6.434424 55861.34375
v 15748.320312 4.974077 55875.195312
v 15752.863281 8.982153 55876.734375
v 15757.582031 14.092298 55876.734375
v 15762.229492 16.488451 55870.578125
v 15762.288086 19.530815 55874.042969
v 15761.174805 16.784555 55872.886719
v 15761.543945 20.411732 55876.925781
v 15761.363281 20.477274 55877.503906
v 15758.273438 18.524618 55884.429688
v 15763.798828 23.8943 55875.195312
v 15763.518555 24.000822 55875.964844
v 15760.859375 24.031567 55884.816406
v 15761.410156 25.260157 55884.429688
v 15761.089844 25.070959 55885.585938
v 15760.735352 24.752815 55886.738281
v 15761.291016 26.080326 55886.355469
v 15675.797852 84.808098 55846.339844
v 15764.609375 54.550564 55874.617188
v 15763.761719 49.207581 55880.96875
v 15764.072266 54.908504 55875.582031
v 15764.228516 53.452 55876.351562
v 15763.652344 57.715984 55874.042969
v 15763.758789 58.508041 55873.082031
v 15762.773438 60.958961 55872.503906
v 15763.227539 58.638008 55874.042969
v 15763.290039 61.909267 55870.578125
v 15735.616211 84.335335 55849.226562
v 15729.458984 84.601715 55848.648438
v 15734.691406 83.966812 55852.113281
v 15737.53418 83.923111 55850.957031
v 15726.825195 84.700264 55847.878906
v 15724.625 84.327797 55854.421875
v 15725.521484 84.735062 55847.496094
v 15719.642578 84.644463 55849.226562
v 15720.251953 84.573257 55850.574219
v 15721.529297 84.43058 55853.265625
v 15737.848633 82.726212 55857.691406
v 15740.113281 82.711456 55855.574219
v 15735.006836 83.518127 55855.191406
v 15734.456055 82.973602 55860.191406
v 15740.730469 81.663139 55860.191406
v 15715.796875 84.679657 55848.070312
v 15715.302734 84.237259 55854.035156
v 15709.731445 84.349472 55849.804688
v 15739.773438 79.937927 55872.597656
v 15738.015625 81.131836 55868.269531
v 15736.926758 81.103996 55871.15625
v 15739.239258 79.94899 55874.042969
v 15742.582031 78.518173 55874.042969
v 15744.071289 78.665558 55869.425781
v 15741.27832 80.030174 55868.269531
v 15733.827148 82.035072 55870.289062
v 15732.19043 82.076675 55874.042969
v 15735.767578 81.139107 55874.042969
v 15734.654297 82.041283 55868.269531
v 15730.703125 82.744301 55869.425781
v 15690.291992 84.244545 55847.300781
v 15692.686523 83.925911 55848.070312
v 15702.34668 84.500969 55847.496094
v 15690.694336 83.500504 55848.648438
v 15689.087891 84.447098 55846.917969
v 15686.786133 82.430794 55849.804688
v 15684.310547 84.131874 55847.207031
v 15682.775391 82.893044 55848.648438
v 15684.041016 82.103218 55849.804688
v 15685.40918 82.268448 55849.804688
v 15681.430664 83.286911 55848.070312
v 15680.735352 83.244141 55848.070312
v 15676.746094 70.605583 55859.613281
v 15677.939453 69.632164 55861.34375
v 15678.597656 71.262039 55860.191406
v 15677.666016 72.218796 55858.652344
v 15677.177734 72.748062 55857.882812
v 15677.411133 77.687996 55853.265625
v 15677.641602 63.273937 55867.117188
v 15679.94043 65.178886 55868.269531
v 15678.574219 66.746689 55864.808594
v 15677.543945 56.625416 55872.886719
v 15678.063477 61.460506 55869.425781
v 15766.040039 69.620117 55860.480469
v 15765.868164 75.160065 55855.574219
v 15765.786133 70.994011 55859.421875
v 15765.723633 68.878754 55861.34375
v 15746.612305 84.575356 55846.917969
v 15758.037109 84.375694 55846.917969
v 15746.728516 83.440567 55849.804688
v 15748.606445 84.282829 55847.496094
v 15743.128906 83.917633 55849.226562
v 15764.696289 60.484352 55869.714844
v 15764.578125 66.130028 55864.808594
v 15764.078125 58.359936 55872.597656
v 15763.97168 58.406906 55872.757812
v 15728.379883 84.784653 55846.628906
v 15727.433594 84.765282 55846.917969
v 15677.459961 55.362007 55873.753906
v 15678.255859 57.86927 55873.273438
v 15677.689453 54.742153 55874.8125
v 15763.829102 63.265068 55868.414062
v 15762.773438 65.86908 55867.117188
v 15741.15625 84.342979 55848.070312
v 15741.766602 83.851028 55849.804688
v 15715.399414 84.752129 55847.0625
v 15708.708008 84.741951 55846.773438
v 15706.591797 84.682762 55847.011719
v 15704.776367 84.394775 55848.265625
v 15705.621094 83.923111 55850.957031
v 15676.648438 70.056351 55860.046875
v 15677.442383 55.042751 55873.96875
v 15676.625 69.91819 55860.15625
v 15677.4375 54.962727 55874.023438
v 15676.619141 69.883598 55860.183594
v 15677.436523 54.942707 55874.039062
v 15677.939453 51.039993 55878.660156
v 15761.974609 76.695129 55855.574219
v 15764.426758 78.035072 55853.265625
v 15761.93457 78.723366 55853.265625
v 15759.376953 79.398338 55853.265625
v 15758.680664 77.889626 55855.574219
v 15756.75293 80.053497 55853.265625
v 15755.234375 79.032127 55855.574219
v 15757.422852 75.298897 55860.191406
v 15754.06543 80.68251 55853.265625
v 15751.642578 80.103104 55855.574219
v 15751.318359 81.27935 55853.265625
v 15748.514648 81.838226 55853.265625
v 15747.916016 81.084183 55855.574219
v 15745.658203 82.353821 55853.265625
v 15744.068359 81.958611 55855.574219
v 15746.702148 79.899544 55860.191406
v 15750.583008 75.898491 55867.117188
v 15754.651367 74.347359 55864.808594
v 15749.306641 77.36026 55864.808594
v 15763.3125 48.660065 55883.277344
v 15763.394531 50.942955 55880.96875
v 15762.952148 52.634727 55880.96875
v 15745.433594 79.109131 55864.808594
v 15762.791992 51.063728 55883.277344
v 15761.884766 55.827511 55880.96875
v 15760.421875 59.164219 55880.96875
v 15761.019531 59.406208 55878.660156
v 15756.68457 65.275711 55880.96875
v 15758.759766 62.185219 55880.96875
v 15757.384766 65.288048 55878.660156
v 15738.432617 81.163765 55867.117188
v 15732.672852 82.79789 55864.808594
v 15727.972656 83.780579 55860.191406
v 15751.696289 70.885307 55880.96875
v 15754.34082 68.163589 55880.96875
v 15752.575195 70.695511 55878.660156
v 15749.12793 73.116982 55880.96875
v 15751.821289 70.179428 55883.277344
v 15749.423828 71.471741 55887.894531
v 15752.056641 68.858635 55887.894531
v 15724.754883 83.573044 55867.117188
v 15721.382812 84.053062 55860.191406
v 15744.405273 76.416962 55880.96875
v 15746.248047 74.08992 55887.894531
v 15747.62207 74.271523 55880.96875
v 15745.773438 76.860069 55874.042969
v 15744.564453 75.284203 55887.894531
v 15728.535156 82.753067 55874.042969
v 15741.199219 78.180664 55880.96875
v 15742.825195 76.395592 55887.894531
v 15739.564453 78.180183 55887.894531
v 15717.717773 83.573044 55867.117188
v 15714.792969 83.780579 55860.191406
v 15737.625977 79.768616 55880.96875
v 15736.164062 79.67128 55887.894531
v 15702.84668 82.711456 55855.574219
v 15702.035156 81.663139 55860.191406
v 15708.30957 82.973602 55860.191406
v 15724.826172 83.161354 55874.042969
v 15734.149414 80.974274 55880.96875
v 15732.262695 80.968422 55887.894531
v 15698.892578 81.958611 55855.574219
v 15696.063477 79.899544 55860.191406
v 15730.332031 81.948471 55880.96875
v 15730.261719 81.47583 55887.894531
v 15728.240234 81.885849 55887.894531
v 15710.760742 82.759529 55867.117188
v 15726.667969 82.561707 55880.96875
v 15724.554688 82.376228 55887.894531
v 15695.044922 81.084183 55855.574219
v 15697.399414 82.353821 55853.265625
v 15694.542969 81.838226 55853.265625
v 15703.335938 81.268143 55864.808594
v 15722.726562 82.885826 55880.96875
v 15720.84375 82.542976 55887.894531
v 15721.09082 83.298035 55874.042969
v 15691.318359 80.103104 55855.574219
v 15691.739258 81.27935 55853.265625
v 15688.992188 80.68251 55853.265625
v 15699.155273 79.894066 55864.808594
v 15719.019531 82.880005 55880.96875
v 15716.740234 82.348297 55887.894531
v 15717.354492 83.161354 55874.042969
v 15715.078125 82.543556 55880.96875
v 15714.692383 82.101425 55887.894531
v 15712.660156 81.755966 55887.894531
v 15713.645508 82.753067 55874.042969
v 15687.726562 79.032127 55855.574219
v 15686.305664 80.053497 55853.265625
v 15711.417969 81.919128 55880.96875
v 15709.990234 82.076675 55874.042969
v 15709.044922 80.88633 55887.894531
v 15684.280273 77.889626 55855.574219
v 15683.681641 79.398338 55853.265625
v 15685.342773 75.298897 55860.191406
v 15707.604492 80.933159 55880.96875
v 15705.521484 79.705284 55887.894531
v 15706.414062 81.139107 55874.042969
v 15680.986328 76.695129 55855.574219
v 15681.123047 78.723366 55853.265625
v 15678.631836 78.035072 55853.265625
v 15704.307617 79.786247 55880.96875
v 15702.125 78.22551 55887.894531
v 15702.942383 79.94899 55874.042969
v 15700.732422 78.202034 55880.96875
v 15698.517578 76.240265 55887.894531
v 15699.598633 78.518173 55874.042969
v 15697.364258 76.344673 55880.96875
v 15696.785156 75.116081 55887.894531
v 15695.108398 73.90934 55887.894531
v 15696.407227 76.860069 55874.042969
v 15694.155273 74.189606 55880.96875
v 15690.091797 70.790382 55880.96875
v 15692.795898 73.145386 55880.96875
v 15689.34668 70.634247 55878.660156
v 15689.924805 70.134033 55883.277344
v 15689.606445 68.930862 55887.894531
v 15692.245117 71.537659 55887.894531
v 15687.457031 68.060966 55880.96875
v 15683.152344 62.223866 55880.96875
v 15685.231445 65.312439 55880.96875
v 15684.619141 65.311478 55878.660156
v 15681.429688 57.987377 55883.277344
v 15681.488281 59.205971 55880.96875
v 15680.020508 55.870495 55880.96875
v 15680.980469 59.432587 55878.660156
v 15678.983398 50.99807 55883.277344
v 15678.945312 52.665604 55880.96875
v 15678.600586 49.29586 55883.277344
v 15678.708984 51.805576 55880.96875
v 15678.494141 50.942955 55880.96875
v 15678.374023 48.067463 55883.277344
v 15764.512695 80.292747 55850.957031
v 15765.882812 81.248047 55849.804688
v 15764.555664 81.421585 55849.804688
v 15763.219727 81.594284 55849.804688
v 15762.773438 80.599426 55850.957031
v 15761.875977 81.765732 55849.804688
v 15765.413086 76.152954 55854.804688
v 15761.013672 80.902809 55850.957031
v 15760.523438 81.935509 55849.804688
v 15759.234375 81.201591 55850.957031
v 15759.163086 82.103218 55849.804688
v 15757.794922 82.268448 55849.804688
v 15757.435547 81.494507 55850.957031
v 15756.417969 82.430794 55849.804688
v 15763.158203 75.166656 55856.726562
v 15755.618164 81.780281 55850.957031
v 15753.782227 82.057701 55850.957031
v 15760.457031 75.419991 55857.882812
v 15762.052734 72.638641 55860.191406
v 15760.677734 71.664742 55862.5
v 15763.436523 69.542213 55862.5
v 15762.130859 68.582153 55864.808594
v 15759.367188 70.971146 55864.808594
v 15760.229492 68.578819 55867.117188
v 15761.008789 66.031876 55869.425781
v 15753.754883 78.270134 55857.882812
v 15756.03125 74.70015 55862.5
v 15752.289062 77.75061 55860.191406
v 15750.134766 79.55542 55857.882812
v 15762.288086 60.469185 55874.042969
v 15762.261719 61.821346 55872.503906
v 15760.65625 63.169056 55874.042969
v 15762.514648 62.07954 55871.734375
v 15762.249023 62.497429 55871.734375
v 15759.025391 68.240135 55869.425781
v 15750.813477 77.454346 55862.5
v 15759.881836 65.782295 55871.734375
v 15758.762695 65.789703 55874.042969
v 15762.128906 58.859093 55876.351562
v 15754.498047 73.018044 55867.886719
v 15756.828125 70.368172 55869.425781
v 15755.766602 72.431328 55867.117188
v 15763.648438 49.786713 55880.96875
v 15753.848633 73.326607 55868.269531
v 15759.972656 62.726387 55876.351562
v 15753.973633 72.431213 55870.195312
v 15755.548828 70.424583 55871.734375
v 15754.230469 70.693115 55874.042969
v 15756.617188 68.305733 55874.042969
v 15762.112305 56.122124 55879.8125
v 15763.525391 45.64753 55884.429688
v 15763.472656 46.665096 55884.046875
v 15743.086914 80.508324 55862.5
v 15744.766602 78.847076 55867.117188
v 15763.448242 44.447403 55885.585938
v 15763.142578 44.093315 55887.894531
v 15759.152344 63.539856 55877.121094
v 15752.446289 73.453331 55870.578125
v 15751.616211 72.928627 55874.042969
v 15759.34375 62.404575 55878.660156
v 15761.770508 54.482529 55883.277344
v 15760.4375 57.820225 55883.277344
v 15749.707031 75.335915 55870.578125
v 15748.791992 74.990997 55874.042969
v 15755.868164 68.122154 55876.351562
v 15762.243164 51.283916 55885.585938
v 15761.679688 51.765972 55887.894531
v 15762.551758 48.147034 55887.894531
v 15754.820312 68.958511 55877.121094
v 15730.058594 83.707405 55858.652344
v 15731.074219 83.670006 55857.882812
v 15729.828125 84.051369 55854.804688
v 15755.112305 68.078468 55878.660156
v 15758.745117 61.492973 55882.507812
v 15756.729492 64.344742 55883.277344
v 15746.458008 76.972015 55871.734375
v 15758.739258 61.15633 55883.277344
v 15750.719727 72.968147 55876.351562
v 15759.667969 58.319561 55885.585938
v 15758.839844 59.0452 55887.894531
v 15760.499023 55.289696 55887.894531
v 15758.773438 60.424431 55884.816406
v 15756.819336 62.634678 55887.894531
v 15721.480469 84.304741 55855.574219
v 15735.111328 82.056351 55867.117188
v 15731.712891 82.759529 55867.117188
v 15721.448242 84.220848 55857.113281
v 15754.390625 67.627052 55882.507812
v 15754.415039 67.364883 55883.277344
v 15754.432617 66.892708 55884.816406
v 15755.678711 64.355705 55887.894531
v 15754.456055 66.019714 55887.894531
v 15728.78125 83.285683 55865.960938
v 15749.772461 72.331856 55882.121094
v 15728.253906 83.266823 55867.117188
v 15712.772461 83.707405 55858.652344
v 15711.789062 83.670006 55857.882812
v 15721.236328 83.675552 55867.117188
v 15714.219727 83.266823 55867.117188
v 15707.362305 82.056351 55867.117188
v 15704.041016 81.163765 55867.117188
v 15704.787109 81.112236 55869.425781
v 15707.770508 82.041283 55868.269531
v 15689.373047 82.057701 55850.957031
v 15687.537109 81.780281 55850.957031
v 15700.496094 80.167877 55865.960938
v 15697.707031 78.847076 55867.117188
v 15692.728516 79.55542 55857.882812
v 15685.719727 81.494507 55850.957031
v 15683.920898 81.201591 55850.957031
v 15682.680664 81.935509 55849.804688
v 15693.708984 78.291245 55862.5
v 15690.476562 77.75061 55860.191406
v 15691.416992 76.403816 55864.808594
v 15689.108398 78.270134 55857.882812
v 15695.171875 78.263367 55864.808594
v 15702.193359 79.940666 55871.734375
v 15696.181641 78.335945 55866.347656
v 15695.435547 78.084839 55865.960938
v 15682.141602 80.902809 55850.957031
v 15681.328125 81.765732 55849.804688
v 15694.061523 77.527512 55865.578125
v 15691.890625 75.898491 55867.117188
v 15680.381836 80.599426 55850.957031
v 15679.984375 81.594284 55849.804688
v 15694.991211 77.293869 55868.269531
v 15692.374023 75.498306 55869.425781
v 15693.389648 74.990997 55874.042969
v 15678.642578 80.292747 55850.957031
v 15678.648438 81.421585 55849.804688
v 15677.321289 81.248047 55849.804688
v 15688.31543 75.654953 55862.5
v 15686.274414 73.256157 55864.808594
v 15688.991211 74.535179 55865.960938
v 15686.707031 72.431328 55867.117188
v 15682.405273 75.419991 55857.882812
v 15677.816406 77.803818 55853.265625
v 15690.390625 74.454384 55868.65625
v 15689.435547 73.937523 55868.269531
v 15687.125977 71.732178 55869.425781
v 15689.657227 73.681557 55869.425781
v 15679.714844 74.09539 55857.882812
v 15680.712891 72.638641 55860.191406
v 15679.287109 71.723053 55860.191406
v 15690.106445 73.252205 55871.734375
v 15687.951172 70.693115 55874.042969
v 15690.564453 72.928627 55874.042969
v 15681.09375 71.622871 55861.730469
v 15681.274414 71.139587 55862.5
v 15681.990234 71.664742 55862.5
v 15691.330078 72.940994 55876.351562
v 15681.619141 70.221802 55864.039062
v 15683.204102 70.971146 55864.808594
v 15682.244141 68.578819 55867.117188
v 15684.90625 70.17366 55868.65625
v 15680.845703 69.880272 55863.652344
v 15683.856445 69.411308 55868.269531
v 15683.311523 69.118996 55867.886719
v 15681.367188 66.031876 55869.425781
v 15684.05957 68.959435 55869.425781
v 15685.18457 68.924179 55871.734375
v 15685.3125 68.704193 55872.503906
v 15685.564453 68.305733 55874.042969
v 15683.417969 65.789703 55874.042969
v 15683.845703 67.902855 55870.964844
v 15691.990234 72.265831 55882.121094
v 15686.225586 68.132713 55876.351562
v 15687.217773 68.944695 55877.121094
v 15682.396484 65.782295 55871.734375
v 15681.525391 63.169056 55874.042969
v 15680.40918 65.445915 55868.65625
v 15686.854492 68.056664 55878.660156
v 15679.602539 63.76474 55869.425781
v 15687.375977 67.559868 55882.507812
v 15685.027344 64.293968 55883.277344
v 15687.335938 67.316536 55883.277344
v 15682.119141 62.73843 55876.351562
v 15682.90918 63.55571 55877.121094
v 15687.206055 66.784302 55884.816406
v 15686.958008 65.781296 55887.894531
v 15685.748047 64.109718 55887.894531
v 15684.619141 62.381432 55887.894531
v 15679.008789 60.818848 55871.734375
v 15682.658203 62.429573 55878.660156
v 15683.083008 61.209988 55883.277344
v 15679.836914 56.150764 55879.8125
v 15682.087891 58.450565 55885.585938
v 15681.27832 55.750057 55887.894531
v 15682.803711 59.137821 55887.894531
v 15678.931641 54.543892 55878.660156
v 15679.210938 56.269764 55877.503906
v 15679.061523 55.883781 55877.503906
v 15680.036133 54.973103 55882.507812
v 15680.039062 54.536404 55883.277344
v 15678.129883 50.974346 55879.429688
v 15679.455078 51.298355 55885.585938
v 15678.988281 47.85178 55887.894531
v 15679.945312 51.866756 55887.894531
v 15678.259766 46.463028 55884.046875
v 15678.216797 45.64753 55884.429688
v 15678.21875 44.13163 55885.585938
v 15678.306641 42.087082 55887.894531
v 15764.620117 83.114838 55848.070312
v 15763.928711 83.158081 55848.070312
v 15763.235352 83.201187 55848.070312
v 15763.230469 82.665558 55848.648438
v 15762.541992 83.244141 55848.070312
v 15762.31543 82.741867 55848.648438
v 15761.84668 83.286911 55848.070312
v 15761.397461 82.817719 55848.648438
v 15760.477539 82.893044 55848.648438
v 15764.5625 72.179039 55859.035156
v 15751.249023 83.791901 55848.265625
v 15749.754883 82.104584 55852.113281
v 15759.109375 73.565575 55861.34375
v 15743.0625 83.417137 55850.957031
v 15757.757812 72.9216 55863.652344
v 15757.460938 70.42598 55868.269531
v 15738.384766 83.558075 55852.496094
v 15763.298828 56.170197 55876.351562
v 15758.427734 68.167 55870.578125
v 15762.883789 55.039803 55878.660156
v 15762.90918 54.242275 55879.429688
v 15733.102539 83.980316 55853.007812
v 15757.226562 68.202179 55872.886719
v 15763.220703 47.828358 55884.429688
v 15762.936523 48.9594 55884.816406
v 15757.592773 65.894562 55876.734375
v 15762.992188 47.885578 55885.585938
v 15763.061523 46.639561 55886.355469
v 15747.274414 77.226677 55868.847656
v 15762.811523 47.769611 55886.738281
v 15746.227539 77.719284 55869.039062
v 15746.953125 77.108833 55870.003906
v 15761.444336 54.644936 55884.429688
v 15760.902344 55.861164 55884.816406
v 15761.117188 54.85416 55885.585938
v 15752.839844 71.03894 55876.734375
v 15761.319336 53.836071 55886.355469
v 15760.780273 55.129471 55886.738281
v 15748.302734 75.038048 55875.195312
v 15708.589844 83.68515 55854.421875
v 15700.560547 83.676765 55850.1875
v 15701.496094 83.272461 55852.113281
v 15698.068359 83.580956 55849.804688
v 15697.366211 83.116776 55850.957031
v 15693.351562 82.104584 55852.113281
v 15681.855469 82.817719 55848.648438
v 15680.9375 82.741867 55848.648438
v 15680.041992 83.201187 55848.070312
v 15680.022461 82.665558 55848.648438
v 15679.348633 83.158081 55848.070312
v 15678.657227 83.114838 55848.070312
v 15699.261719 78.530151 55872.886719
v 15683.607422 73.565575 55861.34375
v 15693.8125 75.025925 55875.195312
v 15689.205078 71.017845 55876.734375
v 15684.485352 65.9077 55876.734375
v 15680.097656 63.511547 55870.578125
v 15679.892578 60.469185 55874.042969
v 15681.055664 63.215446 55872.886719
v 15680.515625 59.588268 55876.925781
v 15680.671875 59.522728 55877.503906
v 15683.469727 61.475384 55884.429688
v 15678.333984 56.105701 55875.195312
v 15678.582031 55.99918 55875.964844
v 15680.867188 55.968433 55884.816406
v 15680.332031 54.739845 55884.429688
v 15680.603516 54.929039 55885.585938
v 15680.910156 55.247185 55886.738281
v 15680.371094 53.919674 55886.355469
v 15678.654297 48.247646 55884.816406
v 15678.675781 47.736259 55885.585938
v 15678.841797 47.813091 55886.738281
v 15678.460938 44.168102 55887.894531
v 15678.588867 46.561779 55886.355469
v 15733.990234 35.553738 56853.394531
v 15731.732422 31.643761 56853.394531
v 15730.129883 30.041422 56853.394531
v 15733.032227 33.5 56853.394531
v 15734.576172 37.742573 56853.394531
v 15728.274414 28.741671 56853.394531
v 15721.774414 27.0 56853.394531
v 15726.220703 27.783997 56853.394531
v 15724.03125 27.197498 56853.394531
v 15717.328125 27.783997 56853.394531
v 15719.516602 27.197498 56853.394531
v 15711.81543 31.643761 56853.394531
v 15715.274414 28.741671 56853.394531
v 15713.417969 30.041422 56853.394531
v 15710.515625 33.5 56853.394531
v 15708.97168 37.742573 56853.394531
v 15709.557617 35.553738 56853.394531
v 15708.774414 40.0 56853.394531
v 15734.774414 40.0 56853.394531
v 15733.990234 44.446262 56853.394531
v 15734.576172 42.257427 56853.394531
v 15733.032227 46.5 56853.394531
v 15730.129883 49.958576 56853.394531
v 15731.732422 48.356239 56853.394531
v 15721.774414 53.0 56853.394531
v 15726.220703 52.216003 56853.394531
v 15728.274414 51.258331 56853.394531
v 15724.03125 52.802502 56853.394531
v 15708.97168 42.257427 56853.394531
v 15717.328125 52.216003 56853.394531
v 15719.516602 52.802502 56853.394531
v 15710.515625 46.5 56853.394531
v 15709.557617 44.446262 56853.394531
v 15713.417969 49.958576 56853.394531
v 15715.274414 51.258331 56853.394531
v 15711.81543 48.356239 56853.394531
v 15708.97168 37.742573 75537.078125
v 15708.774414 40.0 75537.078125
v 15709.557617 35.553738 75537.078125
v 15710.515625 33.5 75537.078125
v 15711.81543 31.643761 75537.078125
v 15713.417969 30.041422 75537.078125
v 15715.274414 28.741671 75537.078125
v 15717.328125 27.783997 75537.078125
v 15719.516602 27.197498 75537.078125
v 15721.774414 27.0 75537.078125
v 15724.03125 27.197498 75537.078125
v 15726.220703 27.783997 75537.078125
v 15728.274414 28.741671 75537.078125
v 15730.129883 30.041422 75537.078125
v 15731.732422 31.643761 75537.078125
v 15733.032227 33.5 75537.078125
v 15733.990234 35.553738 75537.078125
v 15734.576172 37.742573 75537.078125
v 15734.774414 40.0 75537.078125
v 15734.576172 42.257427 75537.078125
v 15733.990234 44.446262 75537.078125
v 15733.032227 46.5 75537.078125
v 15731.732422 48.356239 75537.078125
v 15730.129883 49.958576 75537.078125
v 15728.274414 51.258331 75537.078125
v 15726.220703 52.216003 75537.078125
v 15724.03125 52.802502 75537.078125
v 15721.774414 53.0 75537.078125
v 15719.516602 52.802502 75537.078125
v 15717.328125 52.216003 75537.078125
v 15715.274414 51.258331 75537.078125
v 15713.417969 49.958576 75537.078125
v 15711.81543 48.356239 75537.078125
v 15710.515625 46.5 75537.078125
v 15709.557617 44.446262 75537.078125
v 15708.97168 42.257427 75537.078125
v 15576.457031 -5.531254 55694.890625
v 15573.943359 -5.540432 55694.636719
v 15578.978516 -5.536532 55694.742188
v 15581.265625 -5.554183 55694.257812
v 15571.5 -5.563838 55693.992188
v 15583.456055 -5.583721 55693.441406
v 15569.189453 -5.600892 55692.96875
v 15563.601562 -5.783156 55687.941406
v 15586.130859 -5.630286 55692.15625
v 15588.775391 -5.679064 55690.8125
v 15591.387695 -5.73003 55689.40625
v 15593.967773 -5.783156 55687.941406
v 15567.069336 -5.650669 55691.59375
v 15565.19043 -5.711935 55689.90625
v 15842.308594 -3.397905 55753.742188
v 15728.165039 -5.783156 55687.941406
v 15849.349609 -3.566621 55749.089844
v 15856.162109 -3.747232 55744.105469
v 15862.731445 -3.939337 55738.808594
v 15869.041992 -4.142506 55733.203125
v 15875.080078 -4.356281 55727.304688
v 15880.833008 -4.580184 55721.128906
v 15886.287109 -4.813714 55714.683594
v 15891.429688 -5.056346 55707.992188
v 15896.25 -5.307537 55701.0625
v 15900.333008 -5.542277 55694.585938
v 15904.133789 -5.783156 55687.941406
v 15722.193359 -5.487699 55696.089844
v 15716.548828 -5.183908 55704.472656
v 15711.240234 -4.872252 55713.070312
v 15706.275391 -4.553224 55721.871094
v 15701.663086 -4.227323 55730.863281
v 15697.410156 -3.895058 55740.027344
v 15694.527344 -3.647944 55746.84375
v 15691.842773 -3.397905 55753.742188
v 15562.678711 -5.941898 55686.417969
v 15596.739258 -5.956658 55686.277344
v 15561.946289 -6.102371 55684.84375
v 15602.637695 -6.329444 55682.546875
v 15561.240234 -6.321435 55682.625
v 15560.875977 -6.527356 55680.464844
v 15607.90918 -6.681287 55678.796875
v 15560.814453 -6.736485 55678.183594
v 15561.09668 -6.944486 55675.816406
v 15612.324219 -6.987105 55675.320312
v 15561.732422 -7.138826 55673.503906
v 15617.5 -7.355196 55670.800781
v 15562.708008 -7.315222 55671.3125
v 15563.946289 -7.465599 55669.363281
v 15733.785156 -6.49188 55680.84375
v 15622.375 -7.706816 55666.050781
v 15567.611328 -7.839719 55664.109375
v 15907.911133 -6.515069 55680.59375
v 15739.796875 -7.115466 55673.785156
v 15626.857422 -8.02956 55661.179688
v 15570.797852 -8.16422 55658.949219
v 15911.248047 -7.155246 55673.304688
v 15746.44043 -7.671225 55666.554688
v 15631.124023 -8.330001 55656.011719
v 15573.704102 -8.454898 55653.613281
v 15635.172852 -8.602195 55650.523438
v 15576.308594 -8.705163 55648.136719
v 15914.0625 -7.683893 55666.375
v 15753.360352 -8.126781 55659.582031
v 15638.941406 -8.83523 55644.773438
v 15578.610352 -8.911724 55642.527344
v 15916.830078 -8.185183 55658.589844
v 15760.342773 -8.482208 55653.058594
v 15642.399414 -9.021335 55638.800781
v 15580.743164 -9.080823 55636.359375
v 15919.230469 -8.593985 55650.699219
v 15767.796875 -8.76662 55646.609375
v 15645.519531 -9.153142 55632.640625
v 15582.380859 -9.183472 55630.589844
v 15921.123047 -8.885947 55643.3125
v 15771.081055 -8.901499 55642.84375
v 15773.821289 -9.010913 55639.1875
v 15648.303711 -9.225487 55626.289062
v 15583.706055 -9.233227 55624.742188
v 15650.723633 -9.232617 55619.804688
v 15584.708008 -9.228057 55618.867188
v 15922.814453 -9.105022 55635.226562
v 15776.344727 -9.104341 55635.265625
v 15778.589844 -9.175675 55631.160156
v 15652.612305 -9.178891 55613.78125
v 15585.393555 -9.16647 55612.929688
v 15924.129883 -9.219938 55627.0625
v 15780.537109 -9.221381 55626.894531
v 15782.285156 -9.237727 55622.148438
v 15654.226562 -9.061224 55607.515625
v 15585.760742 -9.04752 55606.949219
v 15925.061523 -9.228181 55618.894531
v 15783.563477 -9.220231 55617.679688
v 15784.509766 -9.170594 55613.195312
v 15655.5 -8.880376 55601.238281
v 15585.793945 -8.850081 55600.355469
v 15655.723633 -8.706636 55596.621094
v 15585.486328 -8.611963 55594.414062
v 15925.579102 -9.142652 55611.464844
v 15785.132812 -9.087641 55608.667969
v 15656.290039 -8.495171 55591.925781
v 15584.854492 -8.316407 55588.457031
v 15925.74707 -9.040165 55606.660156
v 15785.436523 -8.969434 55604.058594
v 15657.174805 -8.257049 55587.382812
v 15925.788086 -8.902171 55601.894531
v 15785.396484 -8.800361 55598.996094
v 15658.456055 -7.974649 55582.671875
v 15584.408203 -7.875788 55581.148438
v 15660.020508 -7.676175 55578.234375
v 15584.299805 -7.347118 55573.816406
v 15925.5625 -8.606092 55594.289062
v 15784.963867 -8.592364 55593.984375
v 15784.144531 -8.346461 55589.015625
v 15661.96582 -7.345362 55573.792969
v 15925.024414 -8.216383 55586.667969
v 15782.950195 -8.067227 55584.152344
v 15664.269531 -6.991302 55569.453125
v 15584.558594 -6.690489 55566.027344
v 15666.977539 -6.612805 55565.175781
v 15924.205078 -7.751551 55579.3125
v 15781.494141 -7.777465 55579.6875
v 15779.632812 -7.449721 55575.148438
v 15669.69043 -6.265823 55561.523438
v 15585.206055 -5.935003 55558.234375
v 15672.470703 -5.938138 55558.265625
v 15923.050781 -7.181732 55571.742188
v 15777.545898 -7.11851 55570.96875
v 15775.105469 -6.765194 55566.859375
v 15675.3125 -5.629382 55555.339844
v 15586.129883 -5.1638 55551.164062
v 15678.899414 -5.273127 55552.121094
v 15921.583008 -6.52353 55564.214844
v 15772.750977 -6.451093 55563.449219
v 15770.0 -6.112638 55559.980469
v 15682.737305 -4.930684 55549.160156
v 15587.354492 -4.326982 55544.21875
v 15686.743164 -4.613192 55546.519531
v 15691.037109 -4.315777 55544.128906
v 15919.604492 -5.698101 55555.980469
v 15766.775391 -5.748716 55556.453125
v 15763.628906 -5.424091 55553.46875
v 15695.404297 -4.057328 55542.109375
v 15700.155273 -3.824919 55540.335938
v 15589.066406 -3.320208 55536.617188
v 15704.987305 -3.639777 55538.949219
v 15709.916992 -3.502709 55537.941406
v 15714.904297 -3.416932 55537.316406
v 15590.974609 -2.319495 55529.6875
v 15719.948242 -3.384638 55537.082031
v 15917.473633 -4.858571 55548.554688
v 15755.750977 -4.729939 55547.480469
v 15751.553711 -4.42343 55544.984375
v 15759.851562 -5.071154 55550.359375
v 15915.033203 -3.940068 55541.210938
v 15738.608398 -3.734516 55539.65625
v 15734.126953 -3.582261 55538.523438
v 15742.998047 -3.925854 55541.101562
v 15747.353516 -4.158312 55542.894531
v 15912.044922 -2.861793 55533.375
v 15729.579102 -3.471846 55537.714844
v 15725.039062 -3.406283 55537.238281
v 15908.941406 -1.783932 55526.1875
v 15593.3125 -1.200385 55522.519531
v 15906.34375 -0.909887 55520.742188
v 15596.082031 0.022653 55515.242188
v 15903.49707 0.022653 55515.242188
v 15794.985352 18.683777 55425.832031
v 15682.681641 18.098925 55428.636719
v 15690.049805 18.683777 55425.832031
v 15675.462891 17.438267 55431.800781
v 15668.405273 16.702856 55435.324219
v 15661.52832 15.894629 55439.195312
v 15654.850586 15.015472 55443.410156
v 15648.387695 14.067452 55447.949219
v 15642.15625 13.052811 55452.8125
v 15636.171875 11.973959 55457.980469
v 15630.450195 10.833481 55463.445312
v 15625.005859 9.634124 55469.191406
v 15619.853516 8.378795 55475.207031
v 15615.004883 7.070557 55481.472656
v 15610.474609 5.712624 55487.980469
v 15606.273438 4.308351 55494.707031
v 15602.412109 2.861226 55501.640625
v 15599.085938 1.457596 55508.367188
v 15899.678711 1.429846 55508.5
v 15895.583984 2.802667 55501.921875
v 15891.22168 4.137726 55495.527344
v 15886.599609 5.433263 55489.320312
v 15881.726562 6.687073 55483.3125
v 15876.609375 7.897035 55477.515625
v 15871.258789 9.061111 55471.9375
v 15865.683594 10.177354 55466.589844
v 15859.894531 11.243904 55461.480469
v 15853.900391 12.258997 55456.617188
v 15847.712891 13.220961 55452.007812
v 15841.342773 14.128222 55447.660156
v 15834.800781 14.979302 55443.582031
v 15828.097656 15.772825 55439.78125
v 15821.246094 16.507513 55436.261719
v 15814.257812 17.18219 55433.027344
v 15807.143555 17.79578 55430.085938
v 15801.101562 18.261732 55427.855469
v 15693.464844 19.000271 55424.675781
v 15788.702148 19.259237 55423.996094
v 15697.033203 19.459713 55423.554688
v 15782.162109 20.161366 55422.335938
v 15702.56543 20.398111 55422.0
v 15775.769531 21.290272 55420.953125
v 15708.668945 21.728195 55420.53125
v 15768.828125 22.767544 55419.714844
v 15713.891602 23.131401 55419.476562
v 15762.481445 24.388508 55418.816406
v 15717.908203 24.454826 55418.789062
v 15758.918945 25.49485 55418.410156
v 15720.797852 25.677147 55418.359375
v 15757.004883 26.232149 55418.222656
v 15722.484375 26.354397 55418.195312
v 15755.511719 26.990236 55418.085938
v 15723.701172 26.990236 55418.085938
v 15726.452148 28.242844 55417.871094
v 15750.676758 29.106945 55417.734375
v 15729.1875 29.359348 55417.699219
v 15741.238281 31.504255 55417.414062
v 15735.62207 31.208324 55417.449219
v 15738.556641 31.539225 55417.410156
v 15747.455078 30.252338 55417.570312
v 15732.582031 30.499491 55417.539062
v 15744.28125 31.077986 55417.464844
v 15743.589844 48.791676 55417.449219
v 15737.973633 48.495743 55417.414062
v 15734.931641 48.922012 55417.464844
v 15740.655273 48.460773 55417.410156
v 15746.629883 49.500507 55417.539062
v 15731.756836 49.747662 55417.570312
v 15750.024414 50.640652 55417.699219
v 15728.535156 50.893055 55417.734375
v 15752.759766 51.757156 55417.871094
v 15723.701172 53.009766 55418.085938
v 15755.511719 53.009766 55418.085938
v 15722.484375 53.645805 55418.195312
v 15757.128906 53.821262 55418.234375
v 15720.797852 54.322853 55418.359375
v 15759.819336 54.805443 55418.507812
v 15718.807617 55.200863 55418.648438
v 15763.380859 55.862484 55418.929688
v 15716.488281 56.046741 55419.019531
v 15769.375977 57.358994 55419.800781
v 15712.731445 57.205177 55419.695312
v 15707.384766 58.577675 55420.820312
v 15776.016602 58.757664 55421.0
v 15701.333984 59.833115 55422.328125
v 15783.036133 59.974709 55422.542969
v 15695.611328 60.738117 55423.988281
v 15789.110352 60.787525 55424.109375
v 15690.049805 61.316223 55425.832031
v 15794.985352 61.316223 55425.832031
v 15596.082031 79.977348 55515.242188
v 15803.083984 61.885685 55428.5625
v 15811.048828 62.532116 55431.660156
v 15818.868164 63.254627 55435.121094
v 15826.522461 64.05162 55438.9375
v 15833.99707 64.921516 55443.105469
v 15841.275391 65.862595 55447.617188
v 15848.34082 66.872963 55452.457031
v 15855.180664 67.950607 55457.621094
v 15861.777344 69.093338 55463.09375
v 15868.119141 70.298851 55468.871094
v 15874.19043 71.564667 55474.933594
v 15879.978516 72.888199 55481.277344
v 15885.470703 74.266708 55487.882812
v 15890.655273 75.697319 55494.734375
v 15895.520508 77.177048 55501.824219
v 15899.649414 78.559746 55508.449219
v 15903.49707 79.977348 55515.242188
v 15684.209961 61.772549 55428.019531
v 15598.9375 78.608986 55508.6875
v 15678.460938 62.276512 55430.433594
v 15602.086914 77.268929 55502.265625
v 15672.035156 62.907463 55433.457031
v 15605.520508 75.960854 55496.0
v 15665.749023 63.598198 55436.765625
v 15609.231445 74.686951 55489.894531
v 15659.615234 64.34742 55440.355469
v 15613.211914 73.449783 55483.96875
v 15653.645508 65.153694 55444.21875
v 15617.454102 72.251854 55478.226562
v 15647.853516 66.015503 55448.347656
v 15621.948242 71.095558 55472.6875
v 15642.249023 66.931183 55452.734375
v 15626.68457 69.983192 55467.359375
v 15636.845703 67.898956 55457.371094
v 15631.654297 68.916954 55462.25
v 15594.569336 80.633797 55519.082031
v 15907.327148 81.237831 55522.75
v 15593.180664 81.261475 55522.894531
v 15590.956055 82.328987 55529.75
v 15715.835938 83.406845 55537.242188
v 15588.915039 83.404175 55537.222656
v 15720.908203 83.384331 55537.078125
v 15711.286133 83.473831 55537.730469
v 15706.74707 83.584915 55538.542969
v 15702.27832 83.73732 55539.679688
v 15697.473633 83.949905 55541.285156
v 15587.360352 84.323563 55544.191406
v 15693.170898 84.184082 55543.09375
v 15910.698242 82.388947 55530.152344
v 15725.972656 83.416039 55537.308594
v 15688.764648 84.467789 55545.34375
v 15684.713867 84.769043 55547.804688
v 15586.022461 85.245369 55551.878906
v 15680.793945 85.099319 55550.601562
v 15913.577148 83.409149 55537.261719
v 15740.737305 83.821861 55540.3125
v 15745.179688 84.036888 55541.953125
v 15735.913086 83.637527 55538.933594
v 15730.999023 83.50148 55537.933594
v 15677.009766 85.456268 55553.757812
v 15673.703125 85.801193 55556.953125
v 15585.0625 86.077919 55559.636719
v 15916.404297 84.450981 55545.210938
v 15753.807617 84.582756 55546.273438
v 15757.928711 84.9058 55548.949219
v 15749.679688 84.300117 55544.003906
v 15670.614258 86.153976 55560.390625
v 15667.910156 86.490219 55563.859375
v 15584.524414 86.751343 55566.703125
v 15665.379883 86.831688 55567.609375
v 15918.862305 85.401009 55553.261719
v 15761.851562 85.253258 55551.945312
v 15765.134766 85.575798 55554.847656
v 15768.195312 85.904907 55557.941406
v 15662.96582 87.187469 55571.808594
v 15584.31543 87.268265 55572.816406
v 15660.857422 87.529533 55576.214844
v 15584.392578 87.842331 55580.648438
v 15920.789062 86.185379 55560.707031
v 15771.460938 86.288895 55561.761719
v 15774.451172 86.675552 55565.863281
v 15659.147461 87.838188 55580.585938
v 15922.555664 86.952461 55568.996094
v 15777.107422 87.052551 55570.175781
v 15779.266602 87.389343 55574.359375
v 15657.692383 88.13707 55585.308594
v 15584.854492 88.316406 55588.457031
v 15656.648438 88.391846 55589.878906
v 15585.384766 88.557053 55593.214844
v 15923.935547 87.609489 55577.304688
v 15781.133789 87.710892 55578.726562
v 15782.756836 88.026222 55583.488281
v 15655.896484 88.631088 55594.851562
v 15585.708008 88.760994 55597.964844
v 15655.618164 88.764687 55598.066406
v 15655.5 88.880379 55601.238281
v 15585.824219 88.965195 55603.910156
v 15924.932617 88.156807 55585.640625
v 15784.005859 88.310944 55588.355469
v 15654.249023 89.058968 55607.417969
v 15585.620117 89.113235 55609.890625
v 15925.538086 88.582932 55593.773438
v 15784.819336 88.542435 55592.90625
v 15785.308594 88.743149 55597.515625
v 15652.662109 89.176437 55613.605469
v 15585.02832 89.209663 55616.425781
v 15925.788086 88.902168 55601.894531
v 15785.467773 88.908157 55602.074219
v 15785.269531 89.051811 55607.132812
v 15650.585938 89.2341 55620.207031
v 15584.048828 89.237495 55622.925781
v 15648.352539 89.226204 55626.167969
v 15582.68457 89.198479 55629.367188
v 15925.636719 89.11879 55610.175781
v 15784.675781 89.15435 55612.171875
v 15645.59668 89.155792 55632.476562
v 15580.945312 89.095039 55635.710938
v 15925.168945 89.220047 55617.65625
v 15783.693359 89.215958 55617.140625
v 15782.466797 89.237312 55621.582031
v 15642.728516 89.03714 55638.1875
v 15579.010742 88.945679 55641.457031
v 15924.391602 89.23185 55625.078125
v 15780.788086 89.22522 55626.277344
v 15778.745117 89.179993 55630.847656
v 15639.467773 88.865585 55643.914062
v 15576.585938 88.731094 55647.503906
v 15635.991211 88.654839 55649.332031
v 15573.995117 88.483513 55653.035156
v 15923.295898 89.155113 55632.507812
v 15776.425781 89.107216 55635.128906
v 15632.158203 88.4011 55654.667969
v 15570.908203 88.175591 55658.757812
v 15921.894531 88.9925 55639.851562
v 15773.760742 89.00869 55639.273438
v 15770.985352 88.897781 55642.960938
v 15628.079102 88.11657 55659.757812
v 15567.637695 87.842621 55664.070312
v 15623.852539 87.81353 55664.5
v 15919.978516 88.713707 55647.933594
v 15767.796875 88.766617 55646.609375
v 15763.27832 88.604942 55650.460938
v 15619.145508 87.47361 55669.257812
v 15563.946289 87.465599 55669.363281
v 15563.017578 87.358208 55670.765625
v 15614.282227 87.12542 55673.667969
v 15562.223633 87.237427 55672.292969
v 15561.396484 87.051292 55674.558594
v 15917.692383 88.33564 55655.902344
v 15758.930664 88.417831 55654.339844
v 15752.321289 88.065445 55660.59375
v 15609.267578 86.774353 55677.761719
v 15560.919922 86.848137 55676.925781
v 15560.804688 86.629715 55679.359375
v 15603.794922 86.405289 55681.757812
v 15560.995117 86.439667 55681.394531
v 15561.523438 86.220947 55683.65625
v 15915.290039 87.909103 55663.0625
v 15745.774414 87.621109 55667.253906
v 15600.373047 86.18351 55684.03125
v 15562.342773 86.010498 55685.75
v 15596.739258 85.956657 55686.277344
v 15562.958008 85.889931 55686.921875
v 15593.967773 85.783157 55687.941406
v 15563.601562 85.783157 55687.941406
v 15912.345703 87.363052 55670.699219
v 15739.685547 87.105026 55673.914062
v 15909.291016 86.780907 55677.683594
v 15733.733398 86.485901 55680.90625
v 15906.821289 86.304466 55682.800781
v 15728.165039 85.783157 55687.941406
v 15904.133789 85.783157 55687.941406
v 15581.083008 85.552307 55694.308594
v 15573.571289 85.543037 55694.5625
v 15578.603516 85.534821 55694.789062
v 15576.078125 85.531708 55694.875
v 15583.456055 85.583717 55693.441406
v 15571.144531 85.568535 55693.859375
v 15568.859375 85.607559 55692.785156
v 15566.771484 85.659134 55691.359375
v 15565.061523 85.716934 55689.765625
v 15586.130859 85.630287 55692.15625
v 15591.387695 85.730034 55689.40625
v 15588.775391 85.679062 55690.8125
v 15842.308594 83.397903 55753.742188
v 15695.557617 83.738556 55744.347656
v 15691.842773 83.397903 55753.742188
v 15699.640625 84.073608 55735.101562
v 15704.086914 84.402534 55726.027344
v 15708.888672 84.724823 55717.136719
v 15714.038086 85.03997 55708.441406
v 15719.527344 85.347481 55699.960938
v 15723.758789 85.567589 55693.886719
v 15899.926758 85.517891 55695.257812
v 15895.376953 85.260139 55702.367188
v 15890.496094 85.010498 55709.253906
v 15885.294922 84.769516 55715.902344
v 15879.78418 84.537735 55722.296875
v 15873.976562 84.315681 55728.425781
v 15867.886719 84.103844 55734.269531
v 15861.526367 83.902695 55739.816406
v 15854.910156 83.7127 55745.058594
v 15848.703125 83.550392 55749.535156
v 15768.59668 84.726807 55841.003906
v 15675.862305 84.654198 55836.234375
v 15767.551758 84.808098 55846.339844
v 15769.880859 84.646324 55835.71875
v 15676.325195 84.500458 55826.140625
v 15771.865234 84.544846 55829.054688
v 15677.1875 84.347115 55816.070312
v 15774.230469 84.445282 55822.515625
v 15678.447266 84.194412 55806.042969
v 15680.103516 84.042587 55796.074219
v 15776.967773 84.347946 55816.125
v 15682.152344 83.891884 55786.179688
v 15780.067383 84.253174 55809.902344
v 15684.591797 83.742531 55776.371094
v 15783.519531 84.16127 55803.867188
v 15687.416992 83.594765 55766.667969
v 15689.542969 83.49588 55760.175781
v 15816.464844 83.622437 55768.488281
v 15810.923828 83.686378 55772.6875
v 15805.633789 83.755074 55777.195312
v 15800.611328 83.828285 55782.003906
v 15795.873047 83.905777 55787.089844
v 15791.435547 83.987282 55792.445312
v 15787.313477 84.07254 55798.042969
v 15835.775391 83.45742 55757.652344
v 15829.081055 83.512634 55761.277344
v 15822.238281 83.563446 55764.613281
v 15785.130859 -4.122217 55801.304688
v 15789.069336 -4.034965 55795.574219
v 15793.331055 -3.951304 55790.082031
v 15797.900391 -3.871514 55784.84375
v 15802.764648 -3.795858 55779.875
v 15807.90625 -3.724585 55775.195312
v 15813.307617 -3.657932 55770.816406
v 15817.703125 -3.609159 55767.613281
v 15822.238281 -3.563445 55764.613281
v 15829.081055 -3.512636 55761.277344
v 15835.775391 -3.457422 55757.652344
v 15781.52832 -4.212775 55807.25
v 15688.50293 -3.543158 55763.28125
v 15778.273438 -4.306337 55813.394531
v 15685.542969 -3.69031 55772.945312
v 15775.376953 -4.402595 55819.714844
v 15682.966797 -3.839131 55782.714844
v 15772.849609 -4.501229 55826.191406
v 15680.780273 -3.989388 55792.582031
v 15678.985352 -4.140844 55802.527344
v 15770.698242 -4.601913 55832.800781
v 15677.585938 -4.293264 55812.535156
v 15768.929688 -4.704316 55839.527344
v 15676.583008 -4.446408 55822.589844
v 15675.979492 -4.600036 55832.679688
v 15675.797852 -4.704048 55839.507812
vn 0.999646 -0.026602 0.0
vn 0.999646 -0.026602 0.0
vn 0.996811 -0.079805 0.0
vn 0.996811 -0.079805 0.0
vn 0.991169 -0.132607 0.0
vn 0.991169 -0.132607 0.0
vn 0.982663 -0.185401 0.0
vn 0.982663 -0.185401 0.0
vn 0.971444 -0.237269 0.0
vn 0.971444 -0.237269 0.0
vn 0.957414 -0.28872 0.0
vn 0.957414 -0.28872 0.0
vn 0.9407 -0.339238 0.0
vn 0.921316 -0.388816 0.0
vn 0.9407 -0.339238 0.0
vn 0.899309 -0.437314 0.0
vn 0.921316 -0.388816 0.0
vn 0.874796 -0.484491 0.0
vn 0.899309 -0.437314 0.0
vn 0.847734 -0.530421 0.0
vn 0.874796 -0.484491 0.0
vn 0.818254 -0.574857 0.0
vn 0.847734 -0.530421 0.0
vn 0.786573 -0.617498 0.0
vn 0.818254 -0.574857 0.0
vn 0.752597 -0.658481 0.0
vn 0.786573 -0.617498 0.0
vn 0.716428 -0.697661 0.0
vn 0.752597 -0.658481 0.0
vn 0.678314 -0.734772 0.0
vn 0.716428 -0.697661 0.0
vn 0.638243 -0.769835 0.0
vn 0.678314 -0.734772 0.0
vn 0.596348 -0.802726 0.0
vn 0.638243 -0.769835 0.0
vn 0.55283 -0.833294 0.0
vn 0.596348 -0.802726 0.0
vn 0.507647 -0.861565 0.0
vn 0.55283 -0.833294 0.0
vn 0.507647 -0.861565 0.0
vn 0.46113 -0.887332 0.0
vn 0.46113 -0.887332 0.0
vn 0.413212 -0.910635 0.0
vn 0.413212 -0.910635 0.0
vn 0.364118 -0.931353 0.0
vn 0.364118 -0.931353 0.0
vn 0.314097 -0.949391 0.0
vn 0.314097 -0.949391 0.0
vn 0.263099 -0.964769 0.0
vn 0.263099 -0.964769 0.0
vn 0.211381 -0.977404 0.0
vn 0.211381 -0.977404 0.0
vn 0.159072 -0.987267 0.0
vn 0.106293 -0.994335 0.0
vn 0.159072 -0.987267 0.0
vn 0.053219 -0.998583 0.0
vn 0.106293 -0.994335 0.0
vn 0.0 -1.0 0.0
vn 0.053219 -0.998583 0.0
vn -0.053219 -0.998583 0.0
vn 0.0 -1.0 0.0
vn -0.106293 -0.994335 0.0
vn -0.053219 -0.998583 0.0
vn -0.159072 -0.987267 0.0
vn -0.106293 -0.994335 0.0
vn -0.159072 -0.987267 0.0
vn -0.263099 -0.964769 0.0
vn -0.211381 -0.977404 0.0
vn -0.211381 -0.977404 0.0
vn -0.263099 -0.964769 0.0
vn -0.364164 -0.931335 0.0
vn -0.314097 -0.949391 0.0
vn -0.314097 -0.949391 0.0
vn -0.364164 -0.931335 0.0
vn -0.413212 -0.910635 0.0
vn -0.413212 -0.910635 0.0
vn -0.461075 -0.887361 0.0
vn -0.461075 -0.887361 0.0
vn -0.507647 -0.861565 0.0
vn -0.507647 -0.861565 0.0
vn -0.55283 -0.833294 0.0
vn -0.55283 -0.833294 0.0
vn -0.596348 -0.802726 0.0
vn -0.596348 -0.802726 0.0
vn -0.678314 -0.734772 0.0
vn -0.638243 -0.769835 0.0
vn -0.638243 -0.769835 0.0
vn -0.678314 -0.734772 0.0
vn -0.716495 -0.697592 0.0
vn -0.716495 -0.697592 0.0
vn -0.75253 -0.658557 0.0
vn -0.75253 -0.658557 0.0
vn -0.786573 -0.617498 0.0
vn -0.786573 -0.617498 0.0
vn -0.818317 -0.574767 0.0
vn -0.818317 -0.574767 0.0
vn -0.847734 -0.530421 0.0
vn -0.847734 -0.530421 0.0
vn -0.874739 -0.484594 0.0
vn -0.874739 -0.484594 0.0
vn -0.899309 -0.437314 0.0
vn -0.899309 -0.437314 0.0
vn -0.9407 -0.339238 0.0
vn -0.921316 -0.388816 0.0
vn -0.921316 -0.388816 0.0
vn -0.9407 -0.339238 0.0
vn -0.957414 -0.28872 0.0
vn -0.957414 -0.28872 0.0
vn -0.971444 -0.237269 0.0
vn -0.971444 -0.237269 0.0
vn -0.982687 -0.185272 0.0
vn -0.982687 -0.185272 0.0
vn -0.991151 -0.132739 0.0
vn -0.991151 -0.132739 0.0
vn -0.996811 -0.079805 0.0
vn -0.996811 -0.079805 0.0
vn -0.999646 -0.026602 0.0
vn -0.999646 -0.026602 0.0
vn -0.999646 0.026602 0.0
vn -0.999646 0.026602 0.0
vn -0.996811 0.079805 0.0
vn -0.996811 0.079805 0.0
vn -0.991151 0.132739 0.0
vn -0.991151 0.132739 0.0
vn -0.982687 0.185272 0.0
vn -0.982687 0.185272 0.0
vn -0.971444 0.237269 0.0
vn -0.971444 0.237269 0.0
vn -0.957414 0.28872 0.0
vn -0.957414 0.28872 0.0
vn -0.9407 0.339238 0.0
vn -0.9407 0.339238 0.0
vn -0.921315 0.388816 0.0
vn -0.921315 0.388816 0.0
vn -0.899309 0.437314 0.0
vn -0.899309 0.437314 0.0
vn -0.874739 0.484594 0.0
vn -0.874739 0.484594 0.0
vn -0.847734 0.530421 0.0
vn -0.847734 0.530421 0.0
vn -0.818317 0.574767 0.0
vn -0.818317 0.574767 0.0
vn -0.786573 0.617498 0.0
vn -0.786573 0.617498 0.0
vn -0.75253 0.658558 0.0
vn -0.75253 0.658558 0.0
vn -0.716496 0.697591 0.0
vn -0.716496 0.697591 0.0
vn -0.678313 0.734773 0.0
vn -0.678313 0.734773 0.0
vn -0.596348 0.802726 0.0
vn -0.638243 0.769835 0.0
vn -0.638243 0.769835 0.0
vn -0.596348 0.802726 0.0
vn -0.55283 0.833294 0.0
vn -0.55283 0.833294 0.0
vn -0.507646 0.861566 0.0
vn -0.507646 0.861566 0.0
vn -0.461076 0.887361 0.0
vn -0.413211 0.910635 0.0
vn -0.461076 0.887361 0.0
vn -0.413211 0.910635 0.0
vn -0.364164 0.931335 0.0
vn -0.314097 0.949391 0.0
vn -0.364164 0.931335 0.0
vn -0.314097 0.949391 0.0
vn -0.2631 0.964769 0.0
vn -0.2631 0.964769 0.0
vn -0.21138 0.977404 0.0
vn -0.159072 0.987267 0.0
vn -0.21138 0.977404 0.0
vn -0.159072 0.987267 0.0
vn -0.106293 0.994335 0.0
vn -0.053219 0.998583 0.0
vn -0.106293 0.994335 0.0
vn 0.0 1.0 0.0
vn -0.053219 0.998583 0.0
vn 0.053219 0.998583 -0.0
vn 0.0 1.0 -0.0
vn 0.106293 0.994335 -0.0
vn 0.053219 0.998583 -0.0
vn 0.159072 0.987267 -0.0
vn 0.106293 0.994335 -0.0
vn 0.21138 0.977404 -0.0
vn 0.159072 0.987267 -0.0
vn 0.2631 0.964769 -0.0
vn 0.21138 0.977404 -0.0
vn 0.314097 0.949391 -0.0
vn 0.2631 0.964769 -0.0
vn 0.364118 0.931353 -0.0
vn 0.314097 0.949391 -0.0
vn 0.364118 0.931353 -0.0
vn 0.461131 0.887332 -0.0
vn 0.413211 0.910635 -0.0
vn 0.413211 0.910635 0.0
vn 0.461131 0.887332 -0.0
vn 0.55283 0.833294 -0.0
vn 0.507646 0.861566 -0.0
vn 0.507646 0.861566 0.0
vn 0.596348 0.802726 -0.0
vn 0.55283 0.833294 -0.0
vn 0.638243 0.769835 -0.0
vn 0.596348 0.802726 -0.0
vn 0.678313 0.734773 -0.0
vn 0.638243 0.769835 -0.0
vn 0.716429 0.69766 -0.0
vn 0.678313 0.734773 -0.0
vn 0.716429 0.69766 -0.0
vn 0.752597 0.658482 0.0
vn 0.786573 0.617498 -0.0
vn 0.752597 0.658482 -0.0
vn 0.786573 0.617498 -0.0
vn 0.818254 0.574857 -0.0
vn 0.847734 0.530421 -0.0
vn 0.818254 0.574857 -0.0
vn 0.874796 0.484491 -0.0
vn 0.847734 0.530421 -0.0
vn 0.899309 0.437314 -0.0
vn 0.874796 0.484491 -0.0
vn 0.921315 0.388816 -0.0
vn 0.899309 0.437314 -0.0
vn 0.9407 0.339238 -0.0
vn 0.921315 0.388816 -0.0
vn 0.957414 0.28872 -0.0
vn 0.9407 0.339238 -0.0
vn 0.957414 0.28872 -0.0
vn 0.982663 0.185401 -0.0
vn 0.971444 0.237269 -0.0
vn 0.971444 0.237269 0.0
vn 0.982663 0.185401 -0.0
vn 0.991169 0.132607 -0.0
vn 0.991169 0.132607 0.0
vn 0.996811 0.079805 -0.0
vn 0.996811 0.079805 0.0
vn 0.999646 0.026602 -0.0
vn 0.999646 0.026602 0.0
vn -0.531404 -0.800999 0.275702
vn -0.490211 -0.827664 0.27325
vn -0.064227 -0.959416 0.274582
vn -0.128165 -0.952984 0.274581
vn -0.064225 -0.959417 0.274581
vn -0.37539 -0.885271 0.274548
vn -0.375381 -0.885276 0.274544
vn 0.064154 -0.958372 0.278222
vn 0.045088 -0.960819 0.273485
vn 0.064224 -0.959417 0.27458
vn -0.254027 -0.927402 0.274582
vn -0.254044 -0.927396 0.274589
vn -0.573101 -0.771434 0.276487
vn -0.544601 -0.793348 0.272047
vn -0.128167 -0.952984 0.27458
vn -0.433678 -0.858224 0.274545
vn -0.433673 -0.858227 0.274543
vn 0.0 -0.961564 0.274581
vn 0.0 -0.961028 0.276452
vn 0.0 -0.961564 0.274581
vn 0.0 -0.961028 0.276452
vn -0.045083 -0.96082 0.273483
vn -0.315415 -0.908362 0.274576
vn -0.315428 -0.908355 0.274582
vn -0.613401 -0.739871 0.276277
vn -0.596428 -0.75526 0.271766
vn -0.191524 -0.942298 0.27458
vn -0.191523 -0.942298 0.27458
vn -0.490024 -0.827347 0.274541
vn -0.490029 -0.827344 0.274543
vn -0.064227 -0.959417 0.274581
vn -0.064224 -0.959417 0.27458
vn -0.128167 -0.952984 0.274581
vn -0.064154 -0.958372 0.278222
vn -0.090088 -0.957775 0.27304
vn -0.375396 -0.885261 0.274575
vn -0.375388 -0.885265 0.274571
vn -0.652143 -0.706423 0.275094
vn -0.689049 -0.67087 0.274128
vn -0.645402 -0.713608 0.272433
vn -0.315428 -0.908355 0.274582
vn -0.254045 -0.927398 0.274582
vn -0.254039 -0.9274 0.27458
vn -0.544201 -0.792765 0.274535
vn -0.544213 -0.792754 0.274541
vn -0.128168 -0.952984 0.27458
vn -0.191523 -0.942298 0.27458
vn -0.128061 -0.952191 0.277369
vn -0.134788 -0.951912 0.275129
vn -0.17932 -0.944795 0.274238
vn -0.433673 -0.858214 0.274584
vn -0.433643 -0.858234 0.27457
vn -0.69149 -0.668757 0.273138
vn -0.723338 -0.633011 0.275825
vn -0.315414 -0.908359 0.274588
vn -0.645 -0.713164 0.27454
vn -0.59594 -0.754642 0.274539
vn -0.595931 -0.754651 0.274535
vn -0.191334 -0.941363 0.277899
vn -0.191524 -0.942297 0.27458
vn -0.22348 -0.935724 0.272906
vn -0.490027 -0.827331 0.274585
vn -0.490023 -0.827334 0.274582
vn -0.544206 -0.792745 0.274583
vn -0.755909 -0.593425 0.276491
vn -0.734903 -0.621247 0.271973
vn -0.433641 -0.85823 0.274587
vn -0.375395 -0.885258 0.274586
vn -0.375402 -0.885254 0.274589
vn -0.645032 -0.713141 0.274525
vn -0.691207 -0.668483 0.274523
vn -0.309905 -0.910039 0.275294
vn -0.315415 -0.90836 0.274582
vn -0.254034 -0.927401 0.274579
vn -0.253777 -0.926463 0.277964
vn -0.254039 -0.927399 0.274582
vn -0.267 -0.923892 0.274107
vn -0.544219 -0.792738 0.274577
vn -0.595923 -0.754641 0.274576
vn -0.774729 -0.570899 0.271789
vn -0.786476 -0.552403 0.276237
vn -0.433683 -0.858214 0.274568
vn -0.691202 -0.668488 0.274526
vn -0.352464 -0.895093 0.273087
vn -0.315175 -0.907629 0.277261
vn -0.315428 -0.908357 0.274576
vn -0.595913 -0.754648 0.274581
vn -0.815062 -0.509978 0.274946
vn -0.841187 -0.466006 0.274304
vn -0.811014 -0.517662 0.272548
vn -0.49003 -0.827336 0.274564
vn -0.544222 -0.792741 0.274562
vn -0.490034 -0.827333 0.274566
vn -0.734342 -0.620772 0.274561
vn -0.73429 -0.62085 0.274525
vn -0.393995 -0.877509 0.273397
vn -0.375381 -0.885267 0.274575
vn -0.375402 -0.885255 0.274586
vn -0.433681 -0.858209 0.274586
vn -0.374969 -0.884296 0.27824
vn -0.645019 -0.713127 0.274591
vn -0.645003 -0.713145 0.274581
vn -0.864403 -0.42034 0.275902
vn -0.843626 -0.462357 0.272985
vn -0.544191 -0.792757 0.274576
vn -0.81054 -0.517359 0.274524
vn -0.774152 -0.570356 0.274561
vn -0.774103 -0.570438 0.274525
vn -0.434319 -0.857355 0.276242
vn -0.474412 -0.836716 0.273569
vn -0.433425 -0.857693 0.276597
vn -0.433685 -0.858208 0.274584
vn -0.691184 -0.668479 0.274591
vn -0.691188 -0.668474 0.274594
vn -0.885397 -0.373657 0.276501
vn -0.87293 -0.405036 0.271918
vn -0.595913 -0.754648 0.274581
vn -0.595906 -0.754655 0.274576
vn -0.810513 -0.517394 0.274541
vn -0.843238 -0.462144 0.274541
vn -0.513135 -0.81373 0.273012
vn -0.490032 -0.827329 0.274582
vn -0.489507 -0.826433 0.278192
vn -0.490036 -0.827326 0.274584
vn -0.734279 -0.620841 0.274574
vn -0.734308 -0.620797 0.274594
vn -0.904124 -0.326048 0.276137
vn -0.898046 -0.345888 0.271798
vn -0.645006 -0.713148 0.274566
vn -0.645029 -0.713122 0.274581
vn -0.843267 -0.462102 0.274522
vn -0.550444 -0.788294 0.274962
vn -0.586927 -0.761734 0.274367
vn -0.543691 -0.792086 0.277487
vn -0.544163 -0.792774 0.274583
vn -0.544187 -0.792753 0.274597
vn -0.77415 -0.570355 0.274567
vn -0.774158 -0.570342 0.274573
vn -0.91891 -0.285094 0.272628
vn -0.920557 -0.277605 0.274792
vn -0.934137 -0.228157 0.274469
vn -0.691189 -0.668484 0.274567
vn -0.734314 -0.620803 0.274567
vn -0.691186 -0.668488 0.274565
vn -0.872213 -0.404825 0.274522
vn -0.872248 -0.40472 0.274564
vn -0.595933 -0.754625 0.274598
vn -0.62219 -0.733758 0.272907
vn -0.59536 -0.7539 0.277815
vn -0.595905 -0.754654 0.274581
vn -0.810485 -0.517424 0.274567
vn -0.810503 -0.517388 0.274583
vn -0.944518 -0.178075 0.275998
vn -0.935848 -0.223003 0.272871
vn -0.734301 -0.620815 0.274574
vn -0.897344 -0.345526 0.274563
vn -0.918393 -0.284934 0.274531
vn -0.897322 -0.345609 0.274531
vn -0.645027 -0.71312 0.274591
vn -0.655715 -0.703537 0.273995
vn -0.687657 -0.671743 0.27548
vn -0.691181 -0.668483 0.274591
vn -0.644348 -0.712402 0.278027
vn -0.645012 -0.713137 0.274581
vn -0.843249 -0.462092 0.274595
vn -0.843237 -0.462122 0.274583
vn -0.952498 -0.127563 0.276543
vn -0.948916 -0.160089 0.2719
vn -0.774152 -0.570338 0.274597
vn -0.774124 -0.570387 0.274574
vn -0.91841 -0.284894 0.274515
vn -0.718928 -0.639173 0.273132
vn -0.69065 -0.667977 0.277144
vn -0.691176 -0.668486 0.274593
vn -0.87222 -0.40476 0.274596
vn -0.8722 -0.404819 0.274571
vn -0.957503 -0.096329 0.271862
vn -0.958067 -0.076703 0.276087
vn -0.961893 -0.025597 0.272224
vn -0.810481 -0.517422 0.274582
vn -0.810497 -0.517389 0.274597
vn -0.935386 -0.222893 0.274538
vn -0.935379 -0.222954 0.274515
vn -0.748013 -0.604785 0.273336
vn -0.733523 -0.620097 0.27825
vn -0.734326 -0.620776 0.274594
vn -0.734301 -0.620815 0.274574
vn -0.89731 -0.345609 0.274572
vn -0.897332 -0.345522 0.274607
vn -0.843233 -0.46212 0.274595
vn -0.87222 -0.40476 0.274596
vn -0.843222 -0.462148 0.274583
vn -0.948185 -0.159965 0.274511
vn -0.948189 -0.159896 0.274537
vn -0.774939 -0.568565 0.276049
vn -0.801272 -0.532037 0.273677
vn -0.774133 -0.570374 0.274574
vn -0.774126 -0.570388 0.274567
vn -0.773628 -0.570002 0.27676
vn -0.918397 -0.284848 0.274607
vn -0.918389 -0.284887 0.274591
vn -0.872249 -0.404711 0.274572
vn -0.956752 -0.096254 0.274519
vn -0.961053 -0.031891 0.274517
vn -0.956752 -0.096274 0.274511
vn -0.825501 -0.493993 0.272982
vn -0.8105 -0.517392 0.274582
vn -0.80961 -0.516867 0.278174
vn -0.810484 -0.517425 0.274567
vn -0.935361 -0.22295 0.274579
vn -0.935365 -0.222918 0.274591
vn -0.89731 -0.345609 0.274572
vn -0.897309 -0.34561 0.274572
vn -0.847308 -0.454473 0.274815
vn -0.867737 -0.414333 0.274518
vn -0.842487 -0.461693 0.277588
vn -0.843244 -0.462108 0.274582
vn -0.843227 -0.46215 0.274563
vn -0.948175 -0.159894 0.274589
vn -0.948173 -0.159919 0.274579
vn -0.935365 -0.222918 0.274591
vn -0.918401 -0.284849 0.274591
vn -0.918393 -0.284894 0.274572
vn -0.886634 -0.37333 0.272954
vn -0.872249 -0.404711 0.274572
vn -0.871405 -0.404344 0.277777
vn -0.872243 -0.404733 0.274563
vn -0.956728 -0.09629 0.274589
vn -0.961029 -0.032133 0.274573
vn -0.961015 -0.032331 0.274598
vn -0.956728 -0.096272 0.274596
vn -0.948173 -0.159919 0.274579
vn -0.935375 -0.222891 0.274579
vn -0.918393 -0.284894 0.274572
vn -0.897309 -0.345612 0.274572
vn -0.902921 -0.331247 0.273876
vn -0.916932 -0.288533 0.275652
vn -0.896363 -0.345247 0.278097
vn -0.897309 -0.34561 0.274572
vn -0.948167 -0.159941 0.274588
vn -0.917709 -0.284726 0.277022
vn -0.93016 -0.245295 0.27319
vn -0.918376 -0.284932 0.27459
vn -0.96103 -0.032218 0.274561
vn -0.956735 -0.096222 0.274588
vn -0.956737 -0.096291 0.27456
vn -0.935375 -0.222891 0.274579
vn -0.934352 -0.22262 0.278258
vn -0.940599 -0.201488 0.273268
vn -0.935378 -0.222864 0.274591
vn -0.94751 -0.159852 0.276897
vn -0.948167 -0.159941 0.274588
vn -0.948294 -0.157009 0.275837
vn -0.948166 -0.159963 0.274579
vn -0.955193 -0.112524 0.273762
vn -0.961025 -0.03206 0.274596
vn -0.959647 -0.067621 0.272955
vn -0.956733 -0.096241 0.274588
vn -0.960058 -0.022425 0.278899
vn -0.95572 -0.096139 0.278129
vn -0.956733 -0.096222 0.274597
vn 0.961893 -0.025597 0.272224
vn 0.958067 -0.076703 0.276087
vn 0.95252 -0.127437 0.276524
vn 0.957503 -0.096329 0.271862
vn 0.944497 -0.178201 0.27599
vn 0.948926 -0.16009 0.271865
vn 0.961053 -0.031891 0.274517
vn 0.934137 -0.228157 0.274469
vn 0.920557 -0.277605 0.274792
vn 0.935848 -0.223003 0.272871
vn 0.956744 -0.096253 0.274547
vn 0.956759 -0.096181 0.274519
vn 0.904124 -0.326048 0.276137
vn 0.91891 -0.285094 0.272628
vn 0.948171 -0.159987 0.274546
vn 0.948178 -0.159964 0.274538
vn 0.961026 -0.032178 0.274579
vn 0.961015 -0.032331 0.274598
vn 0.885388 -0.373653 0.276534
vn 0.898074 -0.345801 0.271818
vn 0.935383 -0.222892 0.274549
vn 0.935393 -0.222864 0.274538
vn 0.95675 -0.09618 0.274552
vn 0.956726 -0.09629 0.274596
vn 0.872887 -0.405114 0.271939
vn 0.864403 -0.42034 0.275902
vn 0.918401 -0.284891 0.274549
vn 0.918383 -0.284931 0.274566
vn 0.897346 -0.34552 0.274566
vn 0.94818 -0.15992 0.274553
vn 0.935382 -0.222861 0.274579
vn 0.948162 -0.159985 0.274579
vn 0.84125 -0.465912 0.27427
vn 0.81507 -0.509983 0.274915
vn 0.843626 -0.462357 0.272985
vn 0.961025 -0.03206 0.274596
vn 0.897322 -0.345611 0.27453
vn 0.935375 -0.22292 0.274556
vn 0.78642 -0.552493 0.276216
vn 0.811021 -0.517666 0.272517
vn 0.956728 -0.09629 0.274589
vn 0.956725 -0.096307 0.274596
vn 0.872213 -0.404802 0.274555
vn 0.872246 -0.404747 0.27453
vn 0.918395 -0.284889 0.274572
vn 0.89731 -0.345607 0.274572
vn 0.918411 -0.284852 0.274557
vn 0.755909 -0.593425 0.276491
vn 0.774729 -0.570899 0.271789
vn 0.948173 -0.159919 0.274579
vn 0.948167 -0.159941 0.274588
vn 0.935368 -0.222919 0.274579
vn 0.810536 -0.517357 0.274541
vn 0.84322 -0.46217 0.274553
vn 0.843238 -0.462144 0.274541
vn 0.96006 -0.022538 0.278885
vn 0.959647 -0.067621 0.272955
vn 0.96103 -0.032218 0.274561
vn 0.89731 -0.345609 0.274572
vn 0.723407 -0.632942 0.275803
vn 0.734903 -0.621247 0.271973
vn 0.935372 -0.22289 0.274591
vn 0.810517 -0.517396 0.274525
vn 0.956741 -0.096242 0.27456
vn 0.95572 -0.096139 0.278129
vn 0.955193 -0.112524 0.273762
vn 0.948294 -0.157009 0.275837
vn 0.956727 -0.096307 0.274589
vn 0.872226 -0.404763 0.274572
vn 0.872238 -0.404743 0.274563
vn 0.688984 -0.670935 0.27413
vn 0.652143 -0.706423 0.275094
vn 0.691496 -0.668763 0.273112
vn 0.918406 -0.284851 0.274572
vn 0.918388 -0.284892 0.274591
vn 0.774095 -0.570432 0.274562
vn 0.734342 -0.620772 0.274561
vn 0.77416 -0.570362 0.274526
vn 0.948169 -0.159942 0.274579
vn 0.94751 -0.159852 0.276897
vn 0.948163 -0.159962 0.274588
vn 0.940599 -0.201488 0.273268
vn 0.843212 -0.462166 0.274583
vn 0.843241 -0.462124 0.274563
vn 0.613401 -0.739871 0.276277
vn 0.645402 -0.713608 0.272433
vn 0.897309 -0.34561 0.274572
vn 0.89731 -0.345609 0.274572
vn 0.73429 -0.62085 0.274525
vn 0.918388 -0.284892 0.274591
vn 0.935372 -0.22289 0.274591
vn 0.935381 -0.222865 0.274579
vn 0.934352 -0.22262 0.278258
vn 0.93016 -0.245295 0.27319
vn 0.774143 -0.57035 0.274597
vn 0.810521 -0.517358 0.274583
vn 0.810499 -0.517385 0.274597
vn 0.596428 -0.75526 0.271766
vn 0.573101 -0.771434 0.276487
vn 0.843233 -0.46212 0.274595
vn 0.872249 -0.404711 0.274572
vn 0.87222 -0.40476 0.274596
vn 0.691207 -0.668483 0.274523
vn 0.691202 -0.668488 0.274526
vn 0.91838 -0.284934 0.274573
vn 0.916932 -0.288533 0.275652
vn 0.902921 -0.331247 0.273876
vn 0.917709 -0.284726 0.277022
vn 0.774115 -0.5704 0.274574
vn 0.531404 -0.800999 0.275702
vn 0.544601 -0.793348 0.272047
vn 0.810521 -0.517358 0.274583
vn 0.843222 -0.462148 0.274583
vn 0.645 -0.713164 0.27454
vn 0.645032 -0.713141 0.274525
vn 0.59594 -0.754642 0.274539
vn 0.897336 -0.34554 0.274573
vn 0.872241 -0.404707 0.274605
vn 0.896396 -0.345178 0.278076
vn 0.886643 -0.373334 0.272921
vn 0.8973 -0.345607 0.274606
vn 0.734313 -0.620801 0.274574
vn 0.734274 -0.620837 0.274595
vn 0.488228 -0.828608 0.273937
vn 0.443322 -0.853064 0.275222
vn 0.490211 -0.827664 0.27325
vn 0.774116 -0.570401 0.274567
vn 0.810504 -0.517394 0.274566
vn 0.595931 -0.754651 0.274535
vn 0.871379 -0.404414 0.277754
vn 0.872211 -0.4048 0.274563
vn 0.867737 -0.414333 0.274518
vn 0.847308 -0.454473 0.274815
vn 0.691188 -0.668475 0.274591
vn 0.691184 -0.668479 0.274594
vn 0.645019 -0.713127 0.274591
vn 0.433957 -0.85879 0.272325
vn 0.397124 -0.875181 0.276317
vn 0.774124 -0.570387 0.274574
vn 0.544199 -0.792764 0.274541
vn 0.544214 -0.792756 0.274535
vn 0.842487 -0.461693 0.277588
vn 0.825501 -0.493993 0.272982
vn 0.843222 -0.462148 0.274583
vn 0.843249 -0.462111 0.274563
vn 0.8105 -0.517392 0.274582
vn 0.645003 -0.713145 0.274581
vn 0.349927 -0.895054 0.276459
vn 0.375727 -0.885994 0.271744
vn 0.734314 -0.620803 0.274567
vn 0.734301 -0.620815 0.274574
vn 0.691189 -0.668484 0.274567
vn 0.490029 -0.827344 0.274541
vn 0.490024 -0.827347 0.274543
vn 0.80965 -0.51681 0.278161
vn 0.810514 -0.517362 0.274597
vn 0.801279 -0.532042 0.273647
vn 0.774946 -0.56857 0.27602
vn 0.595923 -0.754641 0.274576
vn 0.595913 -0.754648 0.274581
vn 0.301934 -0.912626 0.27559
vn 0.31563 -0.909029 0.272111
vn 0.691223 -0.668438 0.274591
vn 0.645002 -0.713143 0.274591
vn 0.433673 -0.858227 0.274545
vn 0.433678 -0.858225 0.274543
vn 0.375416 -0.885262 0.274544
vn 0.774089 -0.570424 0.274596
vn 0.77359 -0.570056 0.276756
vn 0.748013 -0.604785 0.273336
vn 0.774124 -0.570386 0.274574
vn 0.734301 -0.620815 0.274574
vn 0.490023 -0.827334 0.274582
vn 0.544219 -0.792738 0.274577
vn 0.544206 -0.792745 0.274583
vn 0.253049 -0.927918 0.27374
vn 0.20321 -0.939622 0.275349
vn 0.254122 -0.927728 0.273393
vn 0.595913 -0.754648 0.274581
vn 0.644986 -0.71316 0.274581
vn 0.375392 -0.885275 0.274534
vn 0.733523 -0.620097 0.27825
vn 0.734326 -0.620776 0.274594
vn 0.718928 -0.639173 0.273132
vn 0.490027 -0.827331 0.274585
vn 0.152876 -0.948812 0.276378
vn 0.191674 -0.942942 0.272253
vn 0.595943 -0.754617 0.274598
vn 0.315404 -0.908376 0.274541
vn 0.315419 -0.908373 0.274535
vn 0.691176 -0.668486 0.274593
vn 0.691229 -0.668444 0.274565
vn 0.687657 -0.671743 0.27548
vn 0.69065 -0.667977 0.277144
vn 0.655715 -0.703537 0.273995
vn 0.433677 -0.858212 0.274584
vn 0.433672 -0.858214 0.274586
vn 0.102152 -0.955594 0.276416
vn 0.128268 -0.953784 0.271742
vn 0.544218 -0.792736 0.274583
vn 0.544187 -0.792753 0.274597
vn 0.254035 -0.92741 0.274547
vn 0.254054 -0.927407 0.27454
vn 0.645015 -0.71314 0.274566
vn 0.644986 -0.71316 0.274581
vn 0.62219 -0.733758 0.272907
vn 0.644348 -0.712402 0.278027
vn 0.375387 -0.885264 0.274575
vn 0.375363 -0.885271 0.274585
vn 0.05116 -0.959946 0.275475
vn 0.0 -0.961859 0.273544
vn 0.064273 -0.960099 0.272173
vn 0.490027 -0.827331 0.274585
vn 0.490032 -0.827329 0.274583
vn 0.433677 -0.858212 0.274584
vn 0.191526 -0.942307 0.274545
vn 0.191545 -0.942305 0.274538
vn 0.595947 -0.754622 0.274576
vn 0.59536 -0.7539 0.277815
vn 0.586927 -0.761734 0.274367
vn 0.550444 -0.788294 0.274962
vn 0.544191 -0.792757 0.274576
vn 0.595936 -0.754629 0.274581
vn 0.315414 -0.90836 0.274582
vn 0.25405 -0.927396 0.274582
vn 0.315429 -0.908357 0.274576
vn 0.0 -0.961859 0.273544
vn -0.05116 -0.959946 0.275475
vn 0.433648 -0.858231 0.27457
vn 0.128164 -0.952997 0.274539
vn 0.128162 -0.952997 0.274539
vn 0.064228 -0.959428 0.274539
vn 0.490032 -0.827329 0.274582
vn 0.543732 -0.792064 0.277472
vn 0.544202 -0.792748 0.274583
vn 0.513188 -0.813701 0.273
vn 0.254045 -0.927398 0.274579
vn -0.102152 -0.955594 0.276416
vn -0.064273 -0.960099 0.272173
vn 0.315428 -0.908354 0.274588
vn 0.375404 -0.885258 0.274572
vn 0.375362 -0.88527 0.27459
vn 0.0 -0.961576 0.274539
vn 0.064224 -0.959429 0.274538
vn 0.490002 -0.827352 0.274566
vn 0.48947 -0.826453 0.278199
vn 0.474363 -0.836742 0.273573
vn 0.434319 -0.857355 0.276242
vn 0.191524 -0.942297 0.27458
vn 0.191524 -0.942298 0.27458
vn -0.128268 -0.953784 0.271742
vn -0.152876 -0.948812 0.276378
vn 0.315415 -0.90836 0.274582
vn 0.0 -0.961576 0.274539
vn 0.433646 -0.858227 0.274587
vn 0.433687 -0.858212 0.274568
vn 0.375402 -0.885255 0.274586
vn 0.433425 -0.857693 0.276597
vn 0.393995 -0.877509 0.273397
vn 0.128162 -0.952985 0.274581
vn 0.064223 -0.959417 0.274581
vn 0.128165 -0.952985 0.27458
vn -0.191674 -0.942942 0.272253
vn -0.20321 -0.939622 0.275349
vn -0.253049 -0.927918 0.27374
vn 0.254045 -0.927398 0.274579
vn 0.254039 -0.927399 0.274582
vn 0.191524 -0.942298 0.27458
vn -0.128162 -0.952997 0.274539
vn -0.064228 -0.959428 0.274539
vn -0.064224 -0.959429 0.274538
vn 0.315415 -0.908362 0.274576
vn 0.375381 -0.885267 0.274575
vn 0.374969 -0.884296 0.27824
vn 0.352464 -0.895093 0.273087
vn 0.0 -0.961564 0.274581
vn 0.064225 -0.959417 0.274582
vn -0.254122 -0.927728 0.273393
vn -0.301934 -0.912626 0.27559
vn 0.191523 -0.942298 0.27458
vn -0.128164 -0.952997 0.274539
vn 0.315427 -0.908356 0.274582
vn 0.315175 -0.907629 0.277261
vn 0.309905 -0.910039 0.275294
vn 0.267 -0.923892 0.274107
vn 0.0 -0.961564 0.274581
vn -0.315661 -0.90902 0.272103
vn -0.349972 -0.895039 0.276451
vn 0.128165 -0.952984 0.274581
vn 0.064225 -0.959417 0.274581
vn 0.128167 -0.952984 0.27458
vn -0.191545 -0.942305 0.274538
vn -0.254036 -0.927413 0.274538
vn -0.191545 -0.942305 0.274538
vn 0.191523 -0.942298 0.27458
vn 0.254039 -0.9274 0.274579
vn 0.254034 -0.927401 0.274582
vn 0.22348 -0.935724 0.272906
vn 0.253777 -0.926463 0.277964
vn -0.128162 -0.952985 0.274581
vn -0.064223 -0.959417 0.274581
vn -0.064225 -0.959417 0.274582
vn -0.397122 -0.875177 0.276332
vn -0.375691 -0.886007 0.271751
vn 0.0 -0.961564 0.274581
vn 0.064227 -0.959416 0.274582
vn -0.25403 -0.927414 0.27454
vn 0.191524 -0.942297 0.27458
vn 0.191334 -0.941363 0.277899
vn 0.17932 -0.944795 0.274238
vn 0.134788 -0.951912 0.275129
vn -0.128165 -0.952985 0.27458
vn -0.191542 -0.942294 0.27458
vn -0.433955 -0.858786 0.272341
vn -0.443269 -0.853092 0.275223
vn -0.488228 -0.828608 0.273937
vn 0.0 -0.961564 0.274581
vn -0.315418 -0.908371 0.27454
vn -0.315434 -0.908364 0.274547
vn 0.128168 -0.952984 0.27458
vn 0.128061 -0.952191 0.277369
vn 0.064227 -0.959417 0.274581
vn 0.128167 -0.952984 0.274581
vn 0.090088 -0.957775 0.27304
vn -0.191523 -0.942295 0.274587
vn -0.090088 0.957775 0.27304
vn -0.128167 0.952984 0.274581
vn 0.191524 0.942297 0.27458
vn 0.191524 0.942297 0.27458
vn 0.531404 0.800998 0.275701
vn 0.490212 0.827663 0.27325
vn 0.064228 0.959417 0.274581
vn 0.375392 0.885275 0.274534
vn 0.375416 0.885262 0.274544
vn 0.0 0.961564 0.274581
vn -0.064228 0.959417 0.274579
vn -0.064154 0.958372 0.278222
vn -0.064224 0.959417 0.274581
vn -0.045083 0.96082 0.273483
vn 0.254051 0.927396 0.274582
vn 0.254045 0.927398 0.274579
vn 0.573101 0.771434 0.276487
vn 0.544601 0.793348 0.272047
vn 0.128167 0.952984 0.274581
vn 0.128164 0.952985 0.27458
vn 0.433673 0.858227 0.274543
vn 0.490024 0.827347 0.274543
vn 0.433678 0.858224 0.274545
vn 0.0 0.961564 0.274581
vn 0.0 0.961028 0.276452
vn 0.0 0.961028 0.276452
vn 0.045088 0.960819 0.273485
vn 0.315414 0.908362 0.274576
vn 0.315428 0.908355 0.274582
vn 0.596428 0.75526 0.271766
vn 0.613402 0.739871 0.276277
vn 0.191524 0.942297 0.27458
vn 0.191523 0.942298 0.274579
vn 0.49003 0.827344 0.274541
vn 0.064224 0.959417 0.274579
vn 0.064227 0.959417 0.274581
vn 0.128167 0.952984 0.274581
vn 0.064154 0.958372 0.278222
vn 0.090088 0.957775 0.27304
vn 0.375364 0.885274 0.274575
vn 0.375386 0.885262 0.274585
vn 0.652142 0.706423 0.275093
vn 0.688984 0.670935 0.27413
vn 0.645402 0.713608 0.272433
vn 0.25404 0.927399 0.274579
vn 0.254045 0.927398 0.274581
vn 0.544213 0.792754 0.274541
vn 0.544201 0.792765 0.274535
vn 0.59594 0.754643 0.274534
vn 0.128168 0.952984 0.27458
vn 0.128061 0.952191 0.277369
vn 0.134788 0.951912 0.275129
vn 0.17932 0.944795 0.274238
vn 0.433677 0.858212 0.274586
vn 0.433673 0.858214 0.274584
vn 0.723406 0.632942 0.275803
vn 0.691496 0.668763 0.273113
vn 0.315428 0.908354 0.274588
vn 0.315414 0.908361 0.274582
vn 0.595929 0.75465 0.274539
vn 0.191334 0.941363 0.277899
vn 0.191523 0.942298 0.27458
vn 0.191524 0.942297 0.27458
vn 0.22348 0.935724 0.272906
vn 0.490027 0.827331 0.274585
vn 0.490023 0.827334 0.274583
vn 0.755909 0.593426 0.276491
vn 0.734903 0.621247 0.271974
vn 0.375402 0.885254 0.274589
vn 0.375364 0.885275 0.274572
vn 0.645029 0.713138 0.274539
vn 0.691207 0.668483 0.274524
vn 0.645003 0.713167 0.274525
vn 0.309905 0.910039 0.275294
vn 0.315414 0.90836 0.274582
vn 0.254034 0.927401 0.27458
vn 0.253777 0.926463 0.277964
vn 0.25404 0.927399 0.274582
vn 0.267 0.923892 0.274107
vn 0.544219 0.792736 0.274583
vn 0.544207 0.792746 0.274577
vn 0.774729 0.570899 0.271789
vn 0.78642 0.552492 0.276216
vn 0.433677 0.858212 0.274584
vn 0.433649 0.85823 0.27457
vn 0.691202 0.668487 0.274526
vn 0.352464 0.895093 0.273087
vn 0.315428 0.908357 0.274576
vn 0.315175 0.907629 0.277261
vn 0.595922 0.754641 0.274581
vn 0.595914 0.754648 0.274576
vn 0.811021 0.517666 0.272517
vn 0.81507 0.509983 0.274915
vn 0.84125 0.465912 0.27427
vn 0.490027 0.827332 0.274582
vn 0.490031 0.827329 0.274585
vn 0.734342 0.620773 0.27456
vn 0.774095 0.570432 0.274562
vn 0.73429 0.620849 0.274525
vn 0.393995 0.877509 0.273397
vn 0.374969 0.884296 0.27824
vn 0.375402 0.885255 0.274586
vn 0.375381 0.885267 0.274575
vn 0.645019 0.713127 0.27459
vn 0.645003 0.713145 0.274581
vn 0.864403 0.42034 0.275902
vn 0.843626 0.462357 0.272985
vn 0.54419 0.792756 0.274583
vn 0.544216 0.792733 0.274597
vn 0.774159 0.570362 0.274526
vn 0.43432 0.857355 0.276241
vn 0.474362 0.836743 0.273572
vn 0.43365 0.858231 0.274568
vn 0.433425 0.857693 0.276597
vn 0.490034 0.827333 0.274566
vn 0.433685 0.858208 0.274586
vn 0.691184 0.668479 0.274591
vn 0.691188 0.668474 0.274594
vn 0.885388 0.373654 0.276534
vn 0.872887 0.405114 0.271939
vn 0.595913 0.754647 0.274581
vn 0.645003 0.713145 0.274581
vn 0.595943 0.754618 0.274598
vn 0.810536 0.517357 0.274541
vn 0.810517 0.517396 0.274525
vn 0.513188 0.813701 0.273
vn 0.48947 0.826453 0.278199
vn 0.49 0.827348 0.274582
vn 0.734279 0.620841 0.274574
vn 0.734308 0.620798 0.274594
vn 0.898074 0.345801 0.271818
vn 0.904124 0.326048 0.276137
vn 0.691184 0.668479 0.274591
vn 0.644985 0.713158 0.27459
vn 0.843223 0.462171 0.274542
vn 0.843235 0.462142 0.274553
vn 0.550445 0.788293 0.274961
vn 0.586927 0.761735 0.274367
vn 0.544191 0.792757 0.274577
vn 0.543732 0.792064 0.277472
vn 0.595946 0.754623 0.274576
vn 0.544201 0.792748 0.274583
vn 0.774115 0.5704 0.274574
vn 0.774143 0.57035 0.274597
vn 0.920557 0.277605 0.274792
vn 0.934137 0.228157 0.274469
vn 0.91891 0.285094 0.272628
vn 0.691228 0.668443 0.274568
vn 0.87224 0.404744 0.274554
vn 0.872219 0.404804 0.27453
vn 0.595937 0.754629 0.274581
vn 0.62219 0.733758 0.272907
vn 0.644987 0.71316 0.274581
vn 0.595361 0.753899 0.277815
vn 0.810518 0.517356 0.274597
vn 0.810503 0.517388 0.274583
vn 0.935848 0.223003 0.272871
vn 0.944497 0.178201 0.27599
vn 0.734302 0.620816 0.274567
vn 0.734312 0.620801 0.274574
vn 0.918383 0.284931 0.274566
vn 0.897346 0.34552 0.274566
vn 0.897322 0.345611 0.27453
vn 0.655715 0.703537 0.273995
vn 0.687657 0.671743 0.275479
vn 0.645015 0.71314 0.274566
vn 0.691229 0.668444 0.274565
vn 0.644348 0.712402 0.278027
vn 0.843236 0.462122 0.274583
vn 0.843217 0.462168 0.274563
vn 0.95252 0.127437 0.276524
vn 0.948926 0.16009 0.271865
vn 0.774124 0.570386 0.274574
vn 0.774116 0.570401 0.274567
vn 0.935383 0.222892 0.274549
vn 0.918401 0.284891 0.274549
vn 0.718927 0.639173 0.273132
vn 0.691177 0.668486 0.274593
vn 0.690651 0.667977 0.277144
vn 0.872228 0.404764 0.274563
vn 0.872235 0.404742 0.274572
vn 0.957503 0.096329 0.271862
vn 0.958067 0.076703 0.276087
vn 0.961893 0.025597 0.272224
vn 0.810504 0.517394 0.274566
vn 0.810522 0.517358 0.274583
vn 0.935393 0.222864 0.274538
vn 0.733523 0.620097 0.278251
vn 0.748013 0.604785 0.273336
vn 0.734301 0.620815 0.274574
vn 0.734326 0.620776 0.274594
vn 0.774124 0.570386 0.274574
vn 0.89731 0.345609 0.274572
vn 0.89731 0.345607 0.274572
vn 0.843222 0.462147 0.274583
vn 0.843233 0.46212 0.274595
vn 0.956744 0.096253 0.274547
vn 0.948175 0.159964 0.274547
vn 0.948174 0.159987 0.274538
vn 0.774947 0.568569 0.27602
vn 0.801279 0.532042 0.273647
vn 0.810497 0.517389 0.274597
vn 0.774089 0.570423 0.274596
vn 0.773591 0.570056 0.276756
vn 0.918399 0.28489 0.274556
vn 0.918406 0.284851 0.274572
vn 0.872226 0.404763 0.274572
vn 0.872244 0.404708 0.274595
vn 0.961053 0.031891 0.274517
vn 0.956759 0.096181 0.274519
vn 0.825501 0.493993 0.272982
vn 0.810517 0.517364 0.274583
vn 0.80965 0.516811 0.278161
vn 0.935375 0.22292 0.274556
vn 0.935382 0.222861 0.274579
vn 0.897309 0.34561 0.274572
vn 0.89731 0.345608 0.274572
vn 0.847308 0.454473 0.274814
vn 0.867737 0.414333 0.274518
vn 0.843227 0.46215 0.274563
vn 0.842487 0.461693 0.277588
vn 0.843244 0.462108 0.274582
vn 0.872252 0.404712 0.274562
vn 0.94817 0.159986 0.274552
vn 0.948173 0.159919 0.274579
vn 0.935365 0.222918 0.274591
vn 0.918401 0.284849 0.274591
vn 0.918393 0.284894 0.274572
vn 0.886643 0.373334 0.272921
vn 0.871379 0.404414 0.277754
vn 0.8722 0.404795 0.274604
vn 0.961026 0.032178 0.274579
vn 0.961015 0.032331 0.274598
vn 0.956737 0.096179 0.274597
vn 0.956739 0.096291 0.274553
vn 0.935375 0.222891 0.274579
vn 0.897309 0.34561 0.274572
vn 0.918393 0.284894 0.274572
vn 0.902922 0.331247 0.273876
vn 0.916932 0.288533 0.275652
vn 0.896396 0.345178 0.278076
vn 0.897327 0.345537 0.274605
vn 0.94817 0.159918 0.274589
vn 0.948169 0.159942 0.274579
vn 0.918376 0.284932 0.27459
vn 0.93016 0.245295 0.27319
vn 0.917709 0.284726 0.277022
vn 0.935372 0.22289 0.274591
vn 0.956726 0.09629 0.274596
vn 0.956727 0.096307 0.274589
vn 0.961025 0.03206 0.274596
vn 0.934352 0.22262 0.278258
vn 0.940599 0.201488 0.273268
vn 0.935381 0.222865 0.274579
vn 0.956727 0.096307 0.274589
vn 0.94751 0.159852 0.276897
vn 0.948167 0.159941 0.274588
vn 0.948166 0.159963 0.274579
vn 0.948294 0.157009 0.275837
vn 0.955193 0.112523 0.273762
vn 0.959647 0.067621 0.272955
vn 0.96103 0.032218 0.274561
vn 0.96006 0.022538 0.278885
vn 0.956741 0.096242 0.27456
vn 0.95572 0.096139 0.278129
vn -0.961893 0.025597 0.272224
vn -0.958067 0.076703 0.276087
vn -0.952498 0.127563 0.276543
vn -0.957503 0.096329 0.271862
vn -0.944518 0.178075 0.275998
vn -0.948916 0.160089 0.271901
vn -0.961053 0.031891 0.274517
vn -0.934137 0.228157 0.274469
vn -0.920557 0.277605 0.274792
vn -0.935848 0.223003 0.272871
vn -0.956754 0.096254 0.274511
vn -0.95675 0.096274 0.274519
vn -0.948185 0.159965 0.274511
vn -0.904124 0.326048 0.276137
vn -0.91891 0.285094 0.272628
vn -0.948189 0.159896 0.274537
vn -0.961029 0.032133 0.274573
vn -0.961015 0.032331 0.274598
vn -0.956728 0.096272 0.274596
vn -0.885397 0.373657 0.276501
vn -0.898046 0.345888 0.271798
vn -0.935393 0.222895 0.274514
vn -0.935372 0.222952 0.274537
vn -0.948175 0.159894 0.274589
vn -0.956728 0.09629 0.274589
vn -0.864403 0.42034 0.275902
vn -0.87293 0.405036 0.271918
vn -0.91841 0.284894 0.274515
vn -0.918393 0.284934 0.274531
vn -0.948173 0.159919 0.274579
vn -0.841187 0.466006 0.274304
vn -0.815062 0.509979 0.274946
vn -0.843626 0.462357 0.272985
vn -0.956737 0.096291 0.27456
vn -0.96103 0.032218 0.274561
vn -0.897353 0.34553 0.274532
vn -0.897313 0.345606 0.274564
vn -0.918389 0.284887 0.274591
vn -0.935357 0.222949 0.274591
vn -0.935368 0.222919 0.274579
vn -0.786476 0.552402 0.276237
vn -0.811014 0.517662 0.272548
vn -0.956735 0.096222 0.274588
vn -0.872202 0.40482 0.274563
vn -0.872259 0.404725 0.274521
vn -0.918397 0.284848 0.274607
vn -0.755909 0.593426 0.276491
vn -0.774729 0.570899 0.271789
vn -0.948167 0.159941 0.274588
vn -0.948173 0.159919 0.274579
vn -0.810536 0.517357 0.274541
vn -0.843238 0.462144 0.274541
vn -0.843267 0.462102 0.274522
vn -0.961025 0.03206 0.274596
vn -0.960058 0.022425 0.278899
vn -0.959647 0.067621 0.272955
vn -0.897301 0.345605 0.274606
vn -0.897342 0.345526 0.274571
vn -0.723338 0.633011 0.275825
vn -0.734903 0.621247 0.271974
vn -0.935375 0.222891 0.274579
vn -0.935365 0.222918 0.274591
vn -0.810517 0.517396 0.274525
vn -0.95572 0.096139 0.278129
vn -0.948167 0.159941 0.274588
vn -0.955193 0.112523 0.273762
vn -0.956731 0.096241 0.274596
vn -0.948294 0.157009 0.275837
vn -0.956735 0.096222 0.274588
vn -0.872193 0.404816 0.274596
vn -0.872226 0.404763 0.274572
vn -0.69149 0.668758 0.273139
vn -0.689049 0.670869 0.274128
vn -0.652142 0.706423 0.275093
vn -0.918406 0.284851 0.274572
vn -0.918388 0.284892 0.274591
vn -0.774095 0.570432 0.274562
vn -0.774159 0.570362 0.274526
vn -0.948166 0.159963 0.274579
vn -0.94751 0.159852 0.276897
vn -0.940599 0.201488 0.273268
vn -0.843252 0.462094 0.274582
vn -0.843233 0.46212 0.274595
vn -0.613402 0.739871 0.276277
vn -0.645402 0.713608 0.272433
vn -0.897309 0.34561 0.274572
vn -0.89731 0.345609 0.274572
vn -0.872226 0.404763 0.274572
vn -0.734282 0.620843 0.27456
vn -0.73435 0.620779 0.274525
vn -0.934352 0.22262 0.278258
vn -0.935372 0.22289 0.274591
vn -0.935381 0.222865 0.274579
vn -0.93016 0.245295 0.27319
vn -0.810507 0.51739 0.274566
vn -0.810481 0.517421 0.274582
vn -0.573101 0.771434 0.276487
vn -0.596428 0.75526 0.271766
vn -0.872244 0.404708 0.274595
vn -0.691207 0.668483 0.274524
vn -0.645003 0.713167 0.274525
vn -0.691202 0.668487 0.274526
vn -0.918393 0.284894 0.274572
vn -0.897309 0.34561 0.274572
vn -0.916932 0.288533 0.275652
vn -0.902922 0.331247 0.273876
vn -0.917709 0.284726 0.277022
vn -0.918376 0.284932 0.27459
vn -0.774159 0.570343 0.274567
vn -0.774149 0.570354 0.274573
vn -0.531404 0.800998 0.275701
vn -0.544601 0.793348 0.272047
vn -0.843219 0.462146 0.274595
vn -0.843236 0.462122 0.274583
vn -0.645029 0.713138 0.274539
vn -0.896363 0.345247 0.278097
vn -0.886634 0.37333 0.272954
vn -0.897309 0.345612 0.274572
vn -0.734312 0.620801 0.274574
vn -0.734275 0.620837 0.274595
vn -0.490212 0.827663 0.27325
vn -0.488227 0.828609 0.273937
vn -0.44327 0.853091 0.275223
vn -0.810477 0.517419 0.274597
vn -0.774152 0.570338 0.274597
vn -0.8105 0.517392 0.274583
vn -0.59594 0.754643 0.274534
vn -0.595929 0.75465 0.274539
vn -0.872252 0.404712 0.274562
vn -0.87224 0.404731 0.274572
vn -0.871405 0.404344 0.277777
vn -0.867737 0.414333 0.274518
vn -0.847308 0.454473 0.274814
vn -0.691189 0.668474 0.274591
vn -0.691184 0.668479 0.274594
vn -0.433955 0.858786 0.272341
vn -0.397122 0.875177 0.276332
vn -0.774124 0.570386 0.274574
vn -0.544214 0.792756 0.274535
vn -0.544199 0.792764 0.274541
vn -0.490024 0.827347 0.274541
vn -0.842487 0.461693 0.277588
vn -0.843222 0.462147 0.274583
vn -0.843249 0.462111 0.274563
vn -0.825501 0.493993 0.272982
vn -0.595922 0.754641 0.274581
vn -0.645001 0.713144 0.27459
vn -0.645021 0.71313 0.274581
vn -0.349972 0.895039 0.276452
vn -0.375691 0.886007 0.271751
vn -0.734301 0.620815 0.274574
vn -0.734314 0.620803 0.274567
vn -0.490029 0.827344 0.274543
vn -0.81048 0.517423 0.274582
vn -0.810504 0.517394 0.274566
vn -0.80961 0.516867 0.278174
vn -0.801272 0.532037 0.273677
vn -0.77494 0.568564 0.276049
vn -0.595914 0.754648 0.274576
vn -0.301934 0.912626 0.27559
vn -0.315661 0.90902 0.272103
vn -0.691189 0.668484 0.274565
vn -0.691185 0.668487 0.274567
vn -0.645006 0.713149 0.274566
vn -0.433678 0.858225 0.274543
vn -0.433673 0.858227 0.274545
vn -0.375381 0.885277 0.274544
vn -0.773629 0.570002 0.27676
vn -0.774124 0.570386 0.274574
vn -0.774135 0.570375 0.274567
vn -0.748013 0.604785 0.273336
vn -0.54422 0.792737 0.274577
vn -0.544206 0.792744 0.274583
vn -0.25305 0.927918 0.273739
vn -0.203209 0.939622 0.275348
vn -0.254121 0.927728 0.273393
vn -0.645029 0.713121 0.274581
vn -0.37539 0.885271 0.274548
vn -0.73433 0.62078 0.274574
vn -0.733523 0.620097 0.278251
vn -0.718927 0.639173 0.273132
vn -0.734296 0.620811 0.274594
vn -0.490023 0.827333 0.274585
vn -0.490027 0.827332 0.274583
vn -0.152876 0.948812 0.276378
vn -0.191675 0.942942 0.272253
vn -0.595904 0.754655 0.274581
vn -0.595914 0.754648 0.274576
vn -0.315434 0.908366 0.27454
vn -0.315417 0.90837 0.274546
vn -0.691177 0.668486 0.274593
vn -0.69118 0.668483 0.274591
vn -0.687657 0.671743 0.275479
vn -0.690651 0.667977 0.277144
vn -0.655715 0.703537 0.273995
vn -0.433641 0.85823 0.274584
vn -0.433674 0.858218 0.27457
vn -0.128268 0.953784 0.271741
vn -0.102152 0.955594 0.276416
vn -0.544222 0.792741 0.274562
vn -0.544191 0.792757 0.274576
vn -0.254035 0.927413 0.274538
vn -0.25403 0.927414 0.27454
vn -0.64501 0.713135 0.274591
vn -0.64503 0.713122 0.274581
vn -0.62219 0.733758 0.272907
vn -0.644348 0.712402 0.278027
vn -0.375387 0.885264 0.274575
vn -0.375397 0.885262 0.274571
vn -0.05116 0.959946 0.275475
vn -0.064273 0.960099 0.272173
vn -0.490034 0.827334 0.274564
vn -0.49003 0.827336 0.274566
vn -0.191545 0.942305 0.274538
vn -0.191545 0.942305 0.274538
vn -0.595901 0.754651 0.274599
vn -0.595361 0.753899 0.277815
vn -0.595937 0.754629 0.274581
vn -0.586927 0.761735 0.274367
vn -0.550445 0.788293 0.274961
vn -0.315429 0.908357 0.274576
vn -0.315414 0.90836 0.274582
vn 0.0 0.961859 0.273544
vn 0.0 0.961859 0.273544
vn 0.05116 0.959946 0.275475
vn -0.433684 0.858214 0.274568
vn -0.433641 0.858229 0.274587
vn -0.128165 0.952996 0.274539
vn -0.128162 0.952997 0.27454
vn -0.54416 0.792771 0.274597
vn -0.54419 0.792756 0.274583
vn -0.513135 0.81373 0.273012
vn -0.490031 0.827329 0.274582
vn -0.543691 0.792087 0.277487
vn -0.254045 0.927397 0.274582
vn -0.254027 0.9274 0.274589
vn 0.102152 0.955594 0.276416
vn 0.064273 0.960099 0.272173
vn -0.315428 0.908354 0.274588
vn -0.375402 0.885255 0.274586
vn -0.375395 0.885257 0.274589
vn -0.064228 0.959429 0.274538
vn 0.0 0.961576 0.27454
vn -0.064224 0.959429 0.27454
vn -0.490036 0.827326 0.274585
vn -0.474411 0.836716 0.273569
vn -0.43432 0.857355 0.276241
vn -0.489507 0.826433 0.278191
vn -0.191524 0.942295 0.274587
vn -0.191542 0.942294 0.27458
vn 0.128268 0.953784 0.271741
vn 0.152876 0.948812 0.276378
vn -0.315414 0.908361 0.274582
vn 0.0 0.961576 0.27454
vn -0.433685 0.858208 0.274585
vn -0.433425 0.857693 0.276597
vn -0.433682 0.858209 0.274586
vn -0.393995 0.877509 0.273397
vn -0.128164 0.952985 0.27458
vn -0.128163 0.952985 0.274581
vn 0.191675 0.942942 0.272253
vn 0.203209 0.939622 0.275348
vn 0.25305 0.927918 0.273739
vn -0.25404 0.927399 0.274581
vn -0.254045 0.927398 0.274579
vn 0.064224 0.959429 0.274538
vn 0.064228 0.959428 0.27454
vn 0.128162 0.952997 0.27454
vn -0.375403 0.885258 0.274575
vn -0.37538 0.885264 0.274585
vn -0.374969 0.884296 0.27824
vn -0.352464 0.895093 0.273087
vn -0.064223 0.959417 0.274582
vn 0.0 0.961564 0.274581
vn -0.064225 0.959417 0.274581
vn 0.254121 0.927728 0.273393
vn 0.301934 0.912626 0.27559
vn -0.191524 0.942298 0.274579
vn -0.191523 0.942298 0.27458
vn 0.128165 0.952996 0.274539
vn -0.315414 0.90836 0.274582
vn -0.315428 0.908357 0.274576
vn -0.315175 0.907629 0.277261
vn -0.309905 0.910039 0.275294
vn -0.267 0.923892 0.274107
vn 0.0 0.961564 0.274581
vn 0.31563 0.909029 0.272111
vn 0.349927 0.895054 0.276459
vn -0.128164 0.952984 0.274581
vn -0.128167 0.952984 0.27458
vn 0.191526 0.942309 0.274538
vn 0.191545 0.942303 0.274546
vn -0.25404 0.927399 0.274579
vn -0.254034 0.9274 0.274582
vn -0.22348 0.935724 0.272906
vn -0.253777 0.926463 0.277964
vn 0.064223 0.959417 0.274581
vn 0.064225 0.959417 0.274582
vn 0.128163 0.952985 0.274581
vn 0.397123 0.875181 0.276317
vn 0.375727 0.885994 0.271744
vn -0.064225 0.959417 0.274582
vn -0.064228 0.959417 0.274581
vn 0.254035 0.927413 0.27454
vn 0.254054 0.927405 0.274547
vn -0.191524 0.942298 0.27458
vn -0.191523 0.942298 0.27458
vn -0.17932 0.944795 0.274238
vn -0.134788 0.951912 0.275129
vn -0.191334 0.941363 0.277899
vn 0.128164 0.952985 0.27458
vn 0.433957 0.85879 0.272325
vn 0.443322 0.853064 0.275222
vn 0.488227 0.828609 0.273937
vn 0.0 0.961564 0.274581
vn 0.064225 0.959417 0.274582
vn 0.0 0.961564 0.274581
vn 0.315418 0.908372 0.27454
vn 0.315404 0.908378 0.274534
vn -0.128168 0.952984 0.27458
vn -0.128061 0.952191 0.277369
vn 0.999725 -0.023469 0.0
vn 0.997527 -0.07029 0.0
vn 0.999725 -0.023469 0.0
vn 0.997527 -0.07029 0.0
vn 0.993133 -0.116993 0.0
vn 0.986569 -0.163346 0.0
vn 0.993133 -0.116993 0.0
vn 0.986569 -0.163346 0.0
vn 0.977817 -0.209461 0.0
vn 0.977817 -0.209461 0.0
vn 0.966942 -0.254995 0.0
vn 0.966942 -0.254995 0.0
vn 0.953888 -0.300162 0.0
vn 0.938817 -0.344416 0.0
vn 0.953888 -0.300162 0.0
vn 0.938817 -0.344416 0.0
vn 0.921632 -0.388066 0.0
vn 0.921632 -0.388066 0.0
vn 0.902406 -0.430887 0.0
vn 0.902406 -0.430887 0.0
vn 0.881238 -0.472672 0.0
vn 0.881238 -0.472672 0.0
vn 0.858092 -0.513496 0.0
vn 0.833078 -0.553156 0.0
vn 0.858092 -0.513496 0.0
vn 0.833078 -0.553156 0.0
vn 0.806268 -0.59155 0.0
vn 0.777626 -0.628728 0.0
vn 0.806268 -0.59155 0.0
vn 0.747344 -0.664437 0.0
vn 0.777626 -0.628728 0.0
vn 0.747344 -0.664437 0.0
vn 0.715336 -0.698781 0.0
vn 0.715336 -0.698781 0.0
vn 0.681807 -0.731532 0.0
vn 0.681807 -0.731532 0.0
vn 0.64674 -0.762711 0.0
vn 0.64674 -0.762711 0.0
vn 0.610349 -0.792133 0.0
vn 0.610349 -0.792133 0.0
vn 0.572512 -0.819896 0.0
vn 0.572512 -0.819896 0.0
vn 0.533452 -0.845831 0.0
vn 0.533452 -0.845831 0.0
vn 0.493177 -0.869929 0.0
vn 0.493177 -0.869929 0.0
vn 0.451903 -0.892067 0.0
vn 0.451903 -0.892067 0.0
vn 0.4096 -0.912265 0.0
vn 0.4096 -0.912265 0.0
vn 0.366391 -0.930461 0.0
vn 0.322361 -0.946617 0.0
vn 0.366391 -0.930461 0.0
vn 0.277634 -0.960687 0.0
vn 0.322361 -0.946617 0.0
vn 0.277634 -0.960687 0.0
vn 0.232298 -0.972645 0.0
vn 0.186469 -0.982461 0.0
vn 0.232298 -0.972645 0.0
vn 0.140199 -0.990123 0.0
vn 0.186469 -0.982461 0.0
vn 0.093646 -0.995606 0.0
vn 0.140199 -0.990123 0.0
vn 0.093646 -0.995606 0.0
vn 0.046875 -0.998901 0.0
vn 0.0 -1.0 0.0
vn 0.046875 -0.998901 0.0
vn 0.0 -1.0 0.0
vn -0.046869 -0.998901 0.0
vn -0.046869 -0.998901 0.0
vn -0.093646 -0.995606 0.0
vn -0.093646 -0.995606 0.0
vn -0.140199 -0.990123 0.0
vn -0.140199 -0.990123 0.0
vn -0.186469 -0.982461 0.0
vn -0.232298 -0.972645 0.0
vn -0.186469 -0.982461 0.0
vn -0.277634 -0.960687 0.0
vn -0.232298 -0.972645 0.0
vn -0.322361 -0.946617 0.0
vn -0.277634 -0.960687 0.0
vn -0.322361 -0.946617 0.0
vn -0.366391 -0.930461 0.0
vn -0.366391 -0.930461 0.0
vn -0.4096 -0.912265 0.0
vn -0.4096 -0.912265 0.0
vn -0.451903 -0.892067 0.0
vn -0.451903 -0.892067 0.0
vn -0.493227 -0.869901 0.0
vn -0.493227 -0.869901 0.0
vn -0.533399 -0.845864 0.0
vn -0.533399 -0.845864 0.0
vn -0.572512 -0.819896 0.0
vn -0.572512 -0.819896 0.0
vn -0.610349 -0.792133 0.0
vn -0.610349 -0.792133 0.0
vn -0.64674 -0.762711 0.0
vn -0.64674 -0.762711 0.0
vn -0.681807 -0.731532 0.0
vn -0.681807 -0.731532 0.0
vn -0.715336 -0.698781 0.0
vn -0.715336 -0.698781 0.0
vn -0.747344 -0.664437 0.0
vn -0.747344 -0.664437 0.0
vn -0.777626 -0.628728 0.0
vn -0.777626 -0.628728 0.0
vn -0.806268 -0.59155 0.0
vn -0.806268 -0.59155 0.0
vn -0.833078 -0.553156 0.0
vn -0.833078 -0.553156 0.0
vn -0.858092 -0.513496 0.0
vn -0.858092 -0.513496 0.0
vn -0.881238 -0.472672 0.0
vn -0.881238 -0.472672 0.0
vn -0.902406 -0.430887 0.0
vn -0.902406 -0.430887 0.0
vn -0.921632 -0.388066 0.0
vn -0.938817 -0.344416 0.0
vn -0.921632 -0.388066 0.0
vn -0.938817 -0.344416 0.0
vn -0.953888 -0.300162 0.0
vn -0.966942 -0.254995 0.0
vn -0.953888 -0.300162 0.0
vn -0.977817 -0.209461 0.0
vn -0.966942 -0.254995 0.0
vn -0.977817 -0.209461 0.0
vn -0.986569 -0.163346 0.0
vn -0.986569 -0.163346 0.0
vn -0.993133 -0.116993 0.0
vn -0.993133 -0.116993 0.0
vn -0.997527 -0.07029 0.0
vn -0.997527 -0.07029 0.0
vn -0.999727 -0.023352 0.0
vn -0.999727 -0.023352 0.0
vn -0.999727 0.023352 0.0
vn -0.999727 0.023352 0.0
vn -0.997527 0.07029 0.0
vn -0.997527 0.07029 0.0
vn -0.993133 0.116993 0.0
vn -0.993133 0.116993 0.0
vn -0.986569 0.163346 0.0
vn -0.977817 0.209461 0.0
vn -0.986569 0.163346 0.0
vn -0.977817 0.209461 0.0
vn -0.966942 0.254995 0.0
vn -0.953888 0.300162 0.0
vn -0.966942 0.254995 0.0
vn -0.953888 0.300162 0.0
vn -0.938817 0.344416 0.0
vn -0.938817 0.344416 0.0
vn -0.921632 0.388066 0.0
vn -0.921632 0.388066 0.0
vn -0.902406 0.430887 0.0
vn -0.902406 0.430887 0.0
vn -0.881238 0.472672 0.0
vn -0.881238 0.472672 0.0
vn -0.858092 0.513496 0.0
vn -0.833078 0.553156 0.0
vn -0.858092 0.513496 0.0
vn -0.833078 0.553156 0.0
vn -0.806269 0.59155 0.0
vn -0.777626 0.628728 0.0
vn -0.806269 0.59155 0.0
vn -0.777626 0.628728 0.0
vn -0.747344 0.664438 0.0
vn -0.747344 0.664438 0.0
vn -0.715336 0.698781 0.0
vn -0.715336 0.698781 0.0
vn -0.681807 0.731532 0.0
vn -0.681807 0.731532 0.0
vn -0.64674 0.762711 0.0
vn -0.64674 0.762711 0.0
vn -0.610349 0.792133 0.0
vn -0.610349 0.792133 0.0
vn -0.572512 0.819896 0.0
vn -0.572512 0.819896 0.0
vn -0.533399 0.845864 0.0
vn -0.533399 0.845864 0.0
vn -0.493227 0.869901 0.0
vn -0.451904 0.892066 0.0
vn -0.493227 0.869901 0.0
vn -0.451904 0.892066 0.0
vn -0.4096 0.912265 0.0
vn -0.4096 0.912265 0.0
vn -0.366391 0.930461 0.0
vn -0.366391 0.930461 0.0
vn -0.322361 0.946617 0.0
vn -0.322361 0.946617 0.0
vn -0.277634 0.960687 0.0
vn -0.277634 0.960687 0.0
vn -0.232298 0.972645 0.0
vn -0.232298 0.972645 0.0
vn -0.186469 0.982461 0.0
vn -0.186469 0.982461 0.0
vn -0.140199 0.990123 0.0
vn -0.140199 0.990123 0.0
vn -0.093646 0.995606 0.0
vn -0.093646 0.995606 0.0
vn -0.046869 0.998901 0.0
vn -0.046869 0.998901 0.0
vn 0.0 1.0 -0.0
vn 0.0 1.0 0.0
vn 0.046875 0.998901 -0.0
vn 0.046875 0.998901 0.0
vn 0.093646 0.995606 -0.0
vn 0.093646 0.995606 0.0
vn 0.140199 0.990123 -0.0
vn 0.140199 0.990123 0.0
vn 0.186469 0.982461 -0.0
vn 0.186469 0.982461 0.0
vn 0.232298 0.972645 -0.0
vn 0.232298 0.972645 0.0
vn 0.277634 0.960687 -0.0
vn 0.277634 0.960687 0.0
vn 0.322361 0.946617 0.0
vn 0.322361 0.946617 -0.0
vn 0.366391 0.930461 0.0
vn 0.366391 0.930461 -0.0
vn 0.4096 0.912265 0.0
vn 0.4096 0.912265 -0.0
vn 0.451904 0.892066 0.0
vn 0.451904 0.892066 -0.0
vn 0.493176 0.869929 0.0
vn 0.493176 0.869929 -0.0
vn 0.533452 0.845831 0.0
vn 0.533452 0.845831 -0.0
vn 0.572512 0.819896 0.0
vn 0.572512 0.819896 -0.0
vn 0.610349 0.792133 -0.0
vn 0.610349 0.792133 -0.0
vn 0.64674 0.762711 0.0
vn 0.64674 0.762711 -0.0
vn 0.681807 0.731532 -0.0
vn 0.681807 0.731532 -0.0
vn 0.715336 0.698781 0.0
vn 0.715336 0.698781 -0.0
vn 0.747344 0.664438 0.0
vn 0.747344 0.664438 -0.0
vn 0.777626 0.628728 -0.0
vn 0.777626 0.628728 -0.0
vn 0.806269 0.59155 -0.0
vn 0.806269 0.59155 0.0
vn 0.833078 0.553156 -0.0
vn 0.833078 0.553156 0.0
vn 0.858092 0.513496 -0.0
vn 0.858092 0.513496 0.0
vn 0.881238 0.472672 -0.0
vn 0.881238 0.472672 0.0
vn 0.902406 0.430887 -0.0
vn 0.902406 0.430887 0.0
vn 0.921632 0.388066 -0.0
vn 0.938817 0.344416 -0.0
vn 0.921632 0.388066 0.0
vn 0.938817 0.344416 -0.0
vn 0.953888 0.300162 -0.0
vn 0.953888 0.300162 0.0
vn 0.966942 0.254995 -0.0
vn 0.966942 0.254995 0.0
vn 0.977817 0.209461 -0.0
vn 0.977817 0.209461 0.0
vn 0.986569 0.163346 -0.0
vn 0.986569 0.163346 0.0
vn 0.993133 0.116993 -0.0
vn 0.993133 0.116993 0.0
vn 0.997527 0.07029 0.0
vn 0.997527 0.07029 -0.0
vn 0.999725 0.023469 -0.0
vn 0.999725 0.023469 -0.0
vn 0.064199 -0.959008 -0.276011
vn 0.128115 -0.952579 -0.276007
vn 0.064194 -0.959009 -0.276009
vn 0.375225 -0.884886 -0.276014
vn 0.375213 -0.884892 -0.276009
vn -0.0642 -0.95902 -0.27597
vn -0.045063 -0.960412 -0.274915
vn 0.0 -0.961166 -0.27597
vn -0.064129 -0.957958 -0.279648
vn -0.064199 -0.95902 -0.27597
vn 0.253922 -0.927007 -0.276009
vn 0.253928 -0.927005 -0.276011
vn 0.544426 -0.793049 -0.273265
vn 0.560425 -0.780294 -0.277606
vn 0.1281 -0.952579 -0.276013
vn 0.48981 -0.826986 -0.276008
vn 0.433507 -0.857841 -0.276008
vn 0.43352 -0.857832 -0.276014
vn 0.045069 -0.960411 -0.274916
vn 0.0 -0.960616 -0.27788
vn -0.0 -0.960616 -0.27788
vn -0.0 -0.961166 -0.27597
vn 0.315288 -0.907972 -0.276008
vn 0.31529 -0.907971 -0.276009
vn 0.596029 -0.754758 -0.274023
vn 0.641877 -0.715527 -0.275708
vn 0.602145 -0.749026 -0.276371
vn 0.253928 -0.927005 -0.276011
vn 0.191458 -0.941891 -0.276014
vn 0.19145 -0.941894 -0.276011
vn 0.543984 -0.792405 -0.276001
vn 0.489824 -0.82698 -0.276002
vn 0.064129 -0.957958 -0.279648
vn 0.09005 -0.957369 -0.274473
vn 0.064199 -0.95902 -0.27597
vn 0.128102 -0.952591 -0.27597
vn 0.0642 -0.95902 -0.27597
vn 0.375214 -0.884895 -0.276
vn 0.375234 -0.884884 -0.276009
vn 0.644979 -0.713189 -0.274524
vn 0.679385 -0.679382 -0.277267
vn 0.253933 -0.927005 -0.276009
vn 0.543956 -0.79242 -0.276013
vn 0.128001 -0.951782 -0.278796
vn 0.179244 -0.944394 -0.275667
vn 0.134731 -0.951506 -0.276557
vn 0.12811 -0.952591 -0.275967
vn 0.433464 -0.857866 -0.275999
vn 0.433519 -0.85783 -0.276025
vn 0.715007 -0.641485 -0.277961
vn 0.691432 -0.66869 -0.273451
vn 0.315288 -0.907972 -0.276009
vn 0.315285 -0.907973 -0.276008
vn 0.595676 -0.754311 -0.276018
vn 0.595667 -0.75432 -0.276013
vn 0.191452 -0.941907 -0.275965
vn 0.223385 -0.935327 -0.27434
vn 0.191259 -0.940956 -0.279325
vn 0.253936 -0.927015 -0.275969
vn 0.191461 -0.941904 -0.275969
vn 0.489832 -0.826967 -0.276026
vn 0.489821 -0.826975 -0.27602
vn 0.73463 -0.621041 -0.273178
vn 0.748783 -0.601788 -0.277803
vn 0.375221 -0.884889 -0.276009
vn 0.433462 -0.857862 -0.276015
vn 0.375233 -0.884882 -0.276014
vn 0.644717 -0.712849 -0.276018
vn 0.690907 -0.668183 -0.276005
vn 0.644695 -0.712874 -0.276006
vn 0.25394 -0.927015 -0.275967
vn 0.253679 -0.92606 -0.279394
vn 0.309772 -0.909649 -0.276732
vn 0.266886 -0.923497 -0.275545
vn 0.543972 -0.792406 -0.276021
vn 0.543956 -0.79242 -0.276013
vn 0.7743 -0.570543 -0.273752
vn 0.810062 -0.517777 -0.275148
vn 0.780446 -0.560608 -0.276808
vn 0.433478 -0.857856 -0.276008
vn 0.489835 -0.826971 -0.276008
vn 0.69089 -0.668197 -0.276014
vn 0.352315 -0.894713 -0.274523
vn 0.315028 -0.907242 -0.278692
vn 0.315289 -0.907984 -0.275968
vn 0.315286 -0.907985 -0.275967
vn 0.595658 -0.754327 -0.276013
vn 0.595666 -0.754318 -0.276018
vn 0.810393 -0.517352 -0.274974
vn 0.836469 -0.472887 -0.276943
vn 0.489848 -0.826966 -0.276002
vn 0.734008 -0.620515 -0.276031
vn 0.733982 -0.620553 -0.276014
vn 0.773775 -0.570156 -0.276032
vn 0.393828 -0.877137 -0.274827
vn 0.374798 -0.883919 -0.279667
vn 0.433482 -0.857865 -0.275973
vn 0.375215 -0.884904 -0.275967
vn 0.375225 -0.884898 -0.275972
vn 0.64472 -0.712851 -0.276006
vn 0.644741 -0.712827 -0.276018
vn 0.843489 -0.462198 -0.273676
vn 0.860571 -0.426861 -0.277861
vn 0.543973 -0.792408 -0.276013
vn 0.543951 -0.792427 -0.276001
vn 0.595658 -0.754327 -0.276013
vn 0.773814 -0.570114 -0.276011
vn 0.810142 -0.517192 -0.27601
vn 0.43323 -0.85733 -0.278023
vn 0.474162 -0.836389 -0.274998
vn 0.434134 -0.856989 -0.277664
vn 0.489853 -0.826975 -0.275966
vn 0.433497 -0.857859 -0.275966
vn 0.69089 -0.668197 -0.276014
vn 0.690878 -0.668213 -0.276006
vn 0.872593 -0.404917 -0.273173
vn 0.882422 -0.37959 -0.277927
vn 0.595649 -0.754332 -0.276017
vn 0.644741 -0.712827 -0.276018
vn 0.810135 -0.517201 -0.276015
vn 0.512969 -0.813354 -0.27444
vn 0.489287 -0.826079 -0.279627
vn 0.489825 -0.826987 -0.275979
vn 0.733985 -0.620555 -0.276003
vn 0.734 -0.620533 -0.276014
vn 0.901872 -0.33137 -0.277166
vn 0.897573 -0.345764 -0.273514
vn 0.644764 -0.712811 -0.276006
vn 0.842896 -0.461891 -0.276015
vn 0.842902 -0.461876 -0.276021
vn 0.871855 -0.404575 -0.276021
vn 0.586676 -0.761409 -0.275805
vn 0.550209 -0.787956 -0.276398
vn 0.543956 -0.792434 -0.275971
vn 0.595657 -0.754342 -0.275971
vn 0.543971 -0.792421 -0.27598
vn 0.543493 -0.791724 -0.278907
vn 0.773814 -0.570113 -0.276011
vn 0.773804 -0.570131 -0.276003
vn 0.932578 -0.232014 -0.276528
vn 0.918974 -0.282075 -0.275535
vn 0.91839 -0.284814 -0.274664
vn 0.690876 -0.668211 -0.276013
vn 0.734 -0.620533 -0.276014
vn 0.690865 -0.668226 -0.276006
vn 0.871846 -0.40459 -0.276027
vn 0.896902 -0.345506 -0.276028
vn 0.595692 -0.754321 -0.275954
vn 0.621925 -0.733446 -0.274347
vn 0.595102 -0.753574 -0.279249
vn 0.810131 -0.51721 -0.276011
vn 0.810135 -0.5172 -0.276015
vn 0.935532 -0.223023 -0.273935
vn 0.943467 -0.180977 -0.277699
vn 0.773804 -0.570131 -0.276003
vn 0.734018 -0.620516 -0.276004
vn 0.89694 -0.345434 -0.275998
vn 0.687366 -0.671459 -0.276893
vn 0.644034 -0.712129 -0.279452
vn 0.655439 -0.703241 -0.275412
vn 0.644712 -0.712879 -0.275953
vn 0.644768 -0.712815 -0.275989
vn 0.842889 -0.461903 -0.276015
vn 0.842894 -0.46189 -0.276021
vn 0.948555 -0.159942 -0.273242
vn 0.951782 -0.129745 -0.27799
vn 0.773792 -0.570144 -0.27601
vn 0.918004 -0.28477 -0.275997
vn 0.934951 -0.222884 -0.276025
vn 0.918018 -0.284699 -0.276025
vn 0.690878 -0.668238 -0.275946
vn 0.718619 -0.638899 -0.274581
vn 0.690402 -0.667636 -0.27858
vn 0.734031 -0.620527 -0.275944
vn 0.690939 -0.668156 -0.27599
vn 0.871876 -0.404531 -0.27602
vn 0.871855 -0.404594 -0.275994
vn 0.957087 -0.096315 -0.273329
vn 0.961428 -0.026084 -0.273816
vn 0.957572 -0.077912 -0.277462
vn 0.810165 -0.517157 -0.27601
vn 0.842897 -0.461908 -0.275983
vn 0.810138 -0.517214 -0.275984
vn 0.934981 -0.2228 -0.275991
vn 0.947781 -0.159812 -0.275991
vn 0.747695 -0.604528 -0.274768
vn 0.773803 -0.570153 -0.275961
vn 0.734001 -0.620554 -0.275962
vn 0.733179 -0.619859 -0.279685
vn 0.896937 -0.345443 -0.275994
vn 0.89694 -0.345434 -0.275998
vn 0.871884 -0.404535 -0.275987
vn 0.842889 -0.461918 -0.275988
vn 0.947759 -0.159889 -0.276021
vn 0.800936 -0.531814 -0.275092
vn 0.774611 -0.568324 -0.277462
vn 0.773277 -0.569786 -0.278185
vn 0.773792 -0.570165 -0.275968
vn 0.917984 -0.284834 -0.275998
vn 0.917997 -0.284768 -0.276024
vn 0.896928 -0.34544 -0.276028
vn 0.871834 -0.404617 -0.276027
vn 0.956322 -0.096238 -0.27602
vn 0.960614 -0.03215 -0.27602
vn 0.956322 -0.096233 -0.276021
vn 0.82515 -0.493783 -0.274417
vn 0.810174 -0.517162 -0.275973
vn 0.810169 -0.517173 -0.275968
vn 0.809285 -0.516608 -0.279594
vn 0.934971 -0.222798 -0.276027
vn 0.93497 -0.222804 -0.276024
vn 0.896924 -0.345448 -0.276031
vn 0.867369 -0.414158 -0.275944
vn 0.846948 -0.45428 -0.27624
vn 0.842117 -0.461509 -0.279015
vn 0.842891 -0.46192 -0.275979
vn 0.842887 -0.461931 -0.275973
vn 0.871846 -0.404623 -0.275979
vn 0.94776 -0.159874 -0.276027
vn 0.947759 -0.159889 -0.276021
vn 0.917987 -0.284834 -0.275989
vn 0.918006 -0.284732 -0.276032
vn 0.886261 -0.373173 -0.274379
vn 0.896945 -0.345456 -0.275952
vn 0.871029 -0.404176 -0.279197
vn 0.871879 -0.40457 -0.275953
vn 0.960619 -0.03213 -0.276006
vn 0.956333 -0.096234 -0.275984
vn 0.960632 -0.031944 -0.275982
vn 0.956331 -0.09614 -0.276021
vn 0.934979 -0.222812 -0.275989
vn 0.94777 -0.159876 -0.275991
vn 0.934979 -0.222806 -0.275991
vn 0.916542 -0.28841 -0.277076
vn 0.902539 -0.331107 -0.275302
vn 0.89598 -0.345093 -0.279517
vn 0.896941 -0.345464 -0.275956
vn 0.947774 -0.159862 -0.275985
vn 0.918019 -0.284736 -0.275983
vn 0.929765 -0.245191 -0.274626
vn 0.93498 -0.222813 -0.275983
vn 0.91732 -0.284585 -0.278451
vn 0.918008 -0.284798 -0.275956
vn 0.956331 -0.09614 -0.27602
vn 0.956333 -0.096226 -0.275985
vn 0.960618 -0.032035 -0.276019
vn 0.940205 -0.201404 -0.274682
vn 0.947774 -0.159862 -0.275985
vn 0.934978 -0.222818 -0.275985
vn 0.93394 -0.22257 -0.279677
vn 0.954786 -0.112476 -0.275197
vn 0.947888 -0.156941 -0.277269
vn 0.947778 -0.15985 -0.27598
vn 0.947115 -0.159738 -0.27831
vn 0.959647 -0.022528 -0.280303
vn 0.959243 -0.067592 -0.274381
vn 0.960624 -0.032217 -0.275979
vn 0.956335 -0.096226 -0.275978
vn 0.956335 -0.096222 -0.27598
vn 0.955307 -0.096119 -0.279552
vn -0.95756 -0.078038 -0.27747
vn -0.961428 -0.026084 -0.273816
vn -0.951793 -0.12962 -0.278009
vn -0.957076 -0.096314 -0.273365
vn -0.943477 -0.180979 -0.277664
vn -0.948544 -0.160038 -0.273226
vn -0.960628 -0.032047 -0.275983
vn -0.956332 -0.096239 -0.275984
vn -0.935562 -0.222931 -0.273909
vn -0.918974 -0.282075 -0.275535
vn -0.932578 -0.232014 -0.276528
vn -0.956331 -0.096141 -0.276021
vn -0.901881 -0.331373 -0.277132
vn -0.91837 -0.284906 -0.274635
vn -0.947755 -0.159905 -0.276027
vn -0.947759 -0.159889 -0.276021
vn -0.960622 -0.032085 -0.276
vn -0.96061 -0.032253 -0.276021
vn -0.882422 -0.37959 -0.277927
vn -0.897609 -0.34568 -0.273502
vn -0.934971 -0.222798 -0.276027
vn -0.934973 -0.222791 -0.276024
vn -0.94777 -0.159891 -0.275985
vn -0.956342 -0.096142 -0.275984
vn -0.956323 -0.096229 -0.27602
vn -0.860571 -0.426861 -0.277861
vn -0.872593 -0.404917 -0.273173
vn -0.917988 -0.284788 -0.276032
vn -0.917997 -0.284768 -0.276024
vn -0.896934 -0.34542 -0.276032
vn -0.947775 -0.159787 -0.276026
vn -0.836469 -0.472887 -0.276943
vn -0.843489 -0.462198 -0.273676
vn -0.956323 -0.096229 -0.27602
vn -0.960621 -0.031956 -0.276019
vn -0.896932 -0.345431 -0.276028
vn -0.871854 -0.404574 -0.276027
vn -0.934949 -0.222889 -0.276026
vn -0.918006 -0.284771 -0.275989
vn -0.934981 -0.2228 -0.275989
vn -0.780446 -0.560608 -0.276808
vn -0.810062 -0.517777 -0.275148
vn -0.810393 -0.517352 -0.274974
vn -0.947776 -0.159787 -0.276022
vn -0.956323 -0.096225 -0.276021
vn -0.842902 -0.461876 -0.276021
vn -0.871848 -0.404591 -0.276021
vn -0.91801 -0.284752 -0.275997
vn -0.7743 -0.570543 -0.273752
vn -0.748719 -0.601864 -0.277812
vn -0.947773 -0.159862 -0.275991
vn -0.842864 -0.461967 -0.275984
vn -0.959243 -0.067592 -0.274381
vn -0.959646 -0.022416 -0.280317
vn -0.960626 -0.032138 -0.275978
vn -0.871855 -0.404594 -0.275994
vn -0.896936 -0.345443 -0.275998
vn -0.896941 -0.345434 -0.275994
vn -0.715001 -0.64148 -0.277988
vn -0.734624 -0.621036 -0.273206
vn -0.93495 -0.222889 -0.276025
vn -0.934978 -0.222812 -0.275991
vn -0.810185 -0.517139 -0.275985
vn -0.810142 -0.517192 -0.27601
vn -0.773781 -0.57016 -0.27601
vn -0.956335 -0.096222 -0.275978
vn -0.955307 -0.096119 -0.279552
vn -0.947776 -0.159863 -0.275979
vn -0.947888 -0.156941 -0.277269
vn -0.954786 -0.112476 -0.275197
vn -0.956335 -0.096226 -0.27598
vn -0.87185 -0.404609 -0.275988
vn -0.679385 -0.679382 -0.277267
vn -0.691379 -0.668737 -0.273468
vn -0.918 -0.284749 -0.276032
vn -0.918007 -0.284733 -0.276024
vn -0.773771 -0.570175 -0.276003
vn -0.940205 -0.201404 -0.274682
vn -0.947776 -0.15985 -0.275985
vn -0.947115 -0.159738 -0.27831
vn -0.842856 -0.461963 -0.276016
vn -0.810178 -0.517134 -0.276015
vn -0.842895 -0.461907 -0.275989
vn -0.602083 -0.749076 -0.276372
vn -0.641941 -0.71547 -0.275706
vn -0.645027 -0.713144 -0.274528
vn -0.896924 -0.345448 -0.276031
vn -0.896928 -0.34544 -0.276028
vn -0.734018 -0.620524 -0.275986
vn -0.690862 -0.668237 -0.275987
vn -0.733985 -0.620555 -0.276003
vn -0.93394 -0.22257 -0.279677
vn -0.929765 -0.245191 -0.274626
vn -0.934978 -0.222818 -0.275985
vn -0.93498 -0.222813 -0.275983
vn -0.77377 -0.570174 -0.27601
vn -0.810172 -0.517146 -0.27601
vn -0.560482 -0.780247 -0.277622
vn -0.596025 -0.754753 -0.274046
vn -0.871841 -0.404605 -0.276021
vn -0.871834 -0.404617 -0.276027
vn -0.690934 -0.668145 -0.276031
vn -0.918027 -0.284739 -0.275955
vn -0.91732 -0.284585 -0.278451
vn -0.896944 -0.345456 -0.275956
vn -0.902539 -0.331107 -0.275302
vn -0.916542 -0.28841 -0.277076
vn -0.918001 -0.284796 -0.275982
vn -0.773798 -0.570126 -0.276032
vn -0.517341 -0.809362 -0.278012
vn -0.544426 -0.793049 -0.273265
vn -0.842889 -0.461903 -0.276015
vn -0.842881 -0.461914 -0.27602
vn -0.810171 -0.517145 -0.276015
vn -0.595676 -0.754311 -0.276018
vn -0.644741 -0.712827 -0.276018
vn -0.644715 -0.712846 -0.27603
vn -0.896942 -0.345464 -0.275952
vn -0.886261 -0.373173 -0.274379
vn -0.871853 -0.404626 -0.275952
vn -0.89598 -0.345093 -0.279517
vn -0.733982 -0.620553 -0.276014
vn -0.733952 -0.620582 -0.27603
vn -0.690937 -0.668148 -0.276014
vn -0.472834 -0.836301 -0.277539
vn -0.490204 -0.827651 -0.273302
vn -0.810165 -0.517157 -0.27601
vn -0.595667 -0.75432 -0.276013
vn -0.871029 -0.404176 -0.279197
vn -0.846948 -0.45428 -0.27624
vn -0.867369 -0.414158 -0.275944
vn -0.871872 -0.404567 -0.275979
vn -0.64472 -0.712851 -0.276006
vn -0.690923 -0.668167 -0.276005
vn -0.379813 -0.882964 -0.275894
vn -0.42702 -0.861018 -0.276227
vn -0.433747 -0.858315 -0.274151
vn -0.773792 -0.570144 -0.27601
vn -0.773804 -0.570131 -0.276003
vn -0.543956 -0.79242 -0.276013
vn -0.543984 -0.792405 -0.276001
vn -0.842886 -0.46193 -0.275979
vn -0.842117 -0.461509 -0.279015
vn -0.842893 -0.46192 -0.275973
vn -0.82515 -0.493783 -0.274417
vn -0.644741 -0.712827 -0.276018
vn -0.331329 -0.901824 -0.277372
vn -0.375405 -0.88531 -0.274403
vn -0.733976 -0.620566 -0.276003
vn -0.733956 -0.620585 -0.276014
vn -0.48981 -0.826986 -0.276008
vn -0.489824 -0.82698 -0.276002
vn -0.810175 -0.517163 -0.275968
vn -0.809285 -0.516608 -0.279594
vn -0.774611 -0.568324 -0.277462
vn -0.800936 -0.531814 -0.275092
vn -0.810168 -0.517172 -0.275973
vn -0.595667 -0.754319 -0.276013
vn -0.595657 -0.754326 -0.276018
vn -0.281956 -0.918274 -0.277981
vn -0.315508 -0.908687 -0.273392
vn -0.690923 -0.668167 -0.276005
vn -0.644743 -0.71283 -0.276006
vn -0.690907 -0.66818 -0.276014
vn -0.433508 -0.857844 -0.275998
vn -0.433483 -0.857853 -0.276008
vn -0.773792 -0.570165 -0.275968
vn -0.773803 -0.570153 -0.275961
vn -0.773277 -0.569786 -0.278185
vn -0.747695 -0.604528 -0.274768
vn -0.489821 -0.826975 -0.27602
vn -0.543954 -0.792418 -0.276021
vn -0.543973 -0.792408 -0.276013
vn -0.231829 -0.932259 -0.277755
vn -0.254153 -0.927774 -0.273206
vn -0.644724 -0.712852 -0.275994
vn -0.375248 -0.88488 -0.276
vn -0.375225 -0.884887 -0.276009
vn -0.733982 -0.620572 -0.275972
vn -0.690915 -0.668188 -0.275972
vn -0.718619 -0.638899 -0.274581
vn -0.734001 -0.620554 -0.275962
vn -0.733179 -0.619859 -0.279685
vn -0.489796 -0.826994 -0.276008
vn -0.181103 -0.943747 -0.276666
vn -0.191575 -0.942502 -0.273842
vn -0.129778 -0.952547 -0.275338
vn -0.595658 -0.754327 -0.276013
vn -0.595695 -0.754304 -0.275995
vn -0.315261 -0.907981 -0.276009
vn -0.315263 -0.907981 -0.276008
vn -0.69036 -0.667678 -0.278586
vn -0.655435 -0.703236 -0.275436
vn -0.687361 -0.671454 -0.276919
vn -0.690904 -0.668204 -0.275964
vn -0.375246 -0.884876 -0.276014
vn -0.433499 -0.857845 -0.276008
vn -0.433483 -0.857851 -0.276015
vn -0.128155 -0.952919 -0.27481
vn -0.077983 -0.957686 -0.277049
vn -0.543949 -0.792424 -0.276013
vn -0.543975 -0.792411 -0.276
vn -0.253946 -0.927001 -0.276009
vn -0.253941 -0.927002 -0.276011
vn -0.621925 -0.733446 -0.274347
vn -0.644727 -0.712856 -0.275977
vn -0.644073 -0.71209 -0.279461
vn -0.644751 -0.712839 -0.275964
vn -0.375234 -0.884884 -0.276009
vn -0.02601 -0.960257 -0.277902
vn -0.064242 -0.9597 -0.273586
vn -0.489793 -0.82699 -0.276026
vn -0.433496 -0.857841 -0.276025
vn -0.489848 -0.826966 -0.276002
vn -0.191442 -0.941896 -0.276011
vn -0.191451 -0.941895 -0.276007
vn -0.595699 -0.754309 -0.275971
vn -0.550209 -0.787956 -0.276398
vn -0.586676 -0.761409 -0.275805
vn -0.595689 -0.754316 -0.275976
vn -0.595102 -0.753574 -0.279249
vn -0.253946 -0.926998 -0.276018
vn -0.31526 -0.907978 -0.27602
vn -0.315288 -0.907972 -0.276009
vn -0.0 -0.961963 -0.273179
vn 0.026014 -0.960257 -0.277902
vn -0.375233 -0.884882 -0.276014
vn -0.433477 -0.857854 -0.276015
vn -0.128118 -0.952578 -0.276009
vn -0.128109 -0.952578 -0.276012
vn -0.543973 -0.792423 -0.275971
vn -0.51292 -0.813388 -0.274433
vn -0.543493 -0.791724 -0.278907
vn -0.543954 -0.792432 -0.27598
vn -0.253928 -0.927005 -0.276011
vn 0.064242 -0.9597 -0.273586
vn 0.077983 -0.957686 -0.277049
vn -0.375221 -0.884889 -0.276009
vn 0.0 -0.961154 -0.276011
vn -0.064195 -0.959008 -0.276012
vn -0.064195 -0.959008 -0.276011
vn -0.489853 -0.826975 -0.275966
vn -0.434134 -0.856989 -0.277664
vn -0.474211 -0.836362 -0.274994
vn -0.489825 -0.826987 -0.275979
vn -0.48929 -0.826084 -0.279608
vn -0.128118 -0.952577 -0.276013
vn -0.19145 -0.941894 -0.276011
vn -0.191442 -0.941895 -0.276014
vn 0.128155 -0.952919 -0.27481
vn 0.181103 -0.943747 -0.276666
vn 0.129778 -0.952547 -0.275338
vn -0.315288 -0.907972 -0.276008
vn -0.315285 -0.907973 -0.276009
vn -0.0 -0.961154 -0.276011
vn -0.433497 -0.857859 -0.275966
vn -0.393828 -0.877137 -0.274827
vn -0.433482 -0.857865 -0.275973
vn -0.43323 -0.85733 -0.278023
vn -0.128103 -0.95258 -0.276007
vn -0.064195 -0.959009 -0.276009
vn 0.191575 -0.942502 -0.273842
vn 0.231829 -0.932259 -0.277755
vn -0.253933 -0.927005 -0.276009
vn -0.253928 -0.927005 -0.276011
vn 0.064195 -0.959008 -0.276012
vn 0.128109 -0.952578 -0.276012
vn 0.064195 -0.959008 -0.276011
vn -0.375226 -0.8849 -0.275967
vn -0.352315 -0.894713 -0.274523
vn -0.374798 -0.883919 -0.279667
vn -0.375215 -0.884903 -0.275972
vn 0.0 -0.961154 -0.276011
vn -0.0642 -0.959008 -0.276011
vn 0.254153 -0.927774 -0.273206
vn 0.281956 -0.918274 -0.277981
vn -0.19145 -0.941895 -0.276007
vn -0.191442 -0.941896 -0.276011
vn 0.128118 -0.952578 -0.276009
vn -0.315028 -0.907242 -0.278692
vn -0.315286 -0.907985 -0.275968
vn -0.266886 -0.923497 -0.275545
vn -0.309772 -0.909649 -0.276732
vn -0.315289 -0.907984 -0.275967
vn -0.253936 -0.927016 -0.275967
vn -0.0 -0.961154 -0.276011
vn 0.315508 -0.908687 -0.273392
vn 0.331329 -0.901824 -0.277372
vn -0.128103 -0.952579 -0.276012
vn -0.128112 -0.952579 -0.276009
vn 0.191451 -0.941894 -0.276011
vn 0.253941 -0.927002 -0.276011
vn 0.191442 -0.941897 -0.276007
vn -0.253679 -0.92606 -0.279394
vn -0.223385 -0.935327 -0.27434
vn -0.191444 -0.941908 -0.275969
vn -0.25394 -0.927014 -0.275969
vn 0.064195 -0.959008 -0.276012
vn 0.064194 -0.959008 -0.276011
vn 0.375405 -0.88531 -0.274403
vn 0.42702 -0.861018 -0.276227
vn 0.379813 -0.882964 -0.275894
vn -0.064199 -0.959008 -0.276012
vn -0.0642 -0.959008 -0.276011
vn 0.315262 -0.907977 -0.27602
vn 0.253922 -0.927005 -0.276018
vn -0.191259 -0.940956 -0.279325
vn -0.134731 -0.951506 -0.276557
vn -0.179244 -0.944394 -0.275667
vn -0.191452 -0.941905 -0.275973
vn 0.128118 -0.952577 -0.276013
vn 0.128115 -0.952578 -0.276012
vn 0.433747 -0.858315 -0.274151
vn 0.472834 -0.836301 -0.277539
vn -0.0 -0.961154 -0.276011
vn 0.0 -0.961154 -0.276011
vn 0.31529 -0.907971 -0.276009
vn -0.128113 -0.95259 -0.27597
vn -0.128001 -0.951782 -0.278796
vn -0.09005 -0.957369 -0.274473
vn -0.12811 -0.95259 -0.275972
vn 0.191442 -0.941896 -0.276011
vn 0.19145 -0.941893 -0.276014
vn 0.490204 -0.827651 -0.273302
vn 0.517341 -0.809362 -0.278012
vn -0.064199 0.959008 -0.276012
vn -0.433508 0.857843 -0.275999
vn -0.375227 0.884889 -0.276
vn -0.375246 0.884878 -0.276009
vn 0.045069 0.960411 -0.274916
vn 0.064129 0.957958 -0.279648
vn 0.0 0.961166 -0.275969
vn 0.0642 0.95902 -0.275969
vn -0.253927 0.927005 -0.276011
vn -0.253944 0.926998 -0.276018
vn -0.544426 0.793049 -0.273265
vn -0.560482 0.780248 -0.277621
vn -0.128103 0.95258 -0.276009
vn -0.128111 0.952578 -0.276012
vn -0.191451 0.941895 -0.276007
vn -0.433484 0.857853 -0.276008
vn 0.0 0.960616 -0.27788
vn -0.045063 0.960412 -0.274915
vn 0.0 0.960616 -0.27788
vn 0.0 0.961166 -0.275969
vn -0.315287 0.907969 -0.27602
vn -0.315262 0.907981 -0.276009
vn -0.596025 0.754753 -0.274045
vn -0.641941 0.71547 -0.275706
vn -0.602083 0.749076 -0.276371
vn -0.253927 0.927006 -0.276011
vn -0.191443 0.941896 -0.276011
vn -0.543984 0.792405 -0.276001
vn -0.48981 0.826988 -0.276002
vn -0.489823 0.826978 -0.276008
vn -0.09005 0.957369 -0.274473
vn -0.0642 0.95902 -0.27597
vn -0.064129 0.957958 -0.279648
vn -0.0642 0.95902 -0.275969
vn -0.375246 0.884877 -0.276014
vn -0.375233 0.884884 -0.276009
vn -0.645027 0.713144 -0.274528
vn -0.679385 0.679381 -0.277267
vn -0.253931 0.927005 -0.276009
vn -0.543955 0.79242 -0.276013
vn -0.179244 0.944394 -0.275667
vn -0.128113 0.95259 -0.275971
vn -0.134731 0.951506 -0.276557
vn -0.128001 0.951782 -0.278796
vn -0.12811 0.95259 -0.27597
vn -0.433484 0.857853 -0.276008
vn -0.433498 0.857843 -0.276015
vn -0.715001 0.64148 -0.277988
vn -0.691379 0.668737 -0.273468
vn -0.315288 0.907972 -0.276009
vn -0.315286 0.907973 -0.276008
vn -0.64474 0.712828 -0.276018
vn -0.595676 0.754311 -0.276018
vn -0.595667 0.754319 -0.276013
vn -0.191452 0.941905 -0.275972
vn -0.223385 0.935327 -0.27434
vn -0.191259 0.940956 -0.279325
vn -0.191446 0.941907 -0.275969
vn -0.253935 0.927016 -0.275969
vn -0.489796 0.826994 -0.276008
vn -0.489821 0.826975 -0.27602
vn -0.734625 0.621036 -0.273206
vn -0.748719 0.601864 -0.277812
vn -0.375221 0.884889 -0.276008
vn -0.433498 0.857843 -0.276015
vn -0.375233 0.884882 -0.276014
vn -0.644715 0.712846 -0.27603
vn -0.25394 0.927015 -0.275967
vn -0.309772 0.909649 -0.276732
vn -0.253678 0.92606 -0.279393
vn -0.266886 0.923497 -0.275545
vn -0.543955 0.79242 -0.276013
vn -0.543972 0.792406 -0.276021
vn -0.7743 0.570543 -0.273752
vn -0.810062 0.517777 -0.275148
vn -0.780446 0.560608 -0.276808
vn -0.433476 0.857851 -0.276024
vn -0.690862 0.668237 -0.275987
vn -0.690934 0.668145 -0.276031
vn -0.315029 0.907242 -0.278692
vn -0.315287 0.907985 -0.275967
vn -0.352315 0.894713 -0.274523
vn -0.375225 0.8849 -0.275967
vn -0.31529 0.907983 -0.275968
vn -0.595658 0.754327 -0.276013
vn -0.595666 0.754318 -0.276018
vn -0.810393 0.517351 -0.274974
vn -0.836469 0.472887 -0.276943
vn -0.489843 0.82696 -0.276026
vn -0.489797 0.826996 -0.276002
vn -0.734015 0.62052 -0.276004
vn -0.733989 0.620558 -0.275986
vn -0.773782 0.570161 -0.276003
vn -0.393828 0.877137 -0.274827
vn -0.375214 0.884903 -0.275972
vn -0.374797 0.883919 -0.279668
vn -0.644741 0.712827 -0.276018
vn -0.64472 0.712851 -0.276006
vn -0.843489 0.462198 -0.273676
vn -0.860571 0.426861 -0.277861
vn -0.543952 0.792427 -0.276001
vn -0.543973 0.792408 -0.276013
vn -0.595658 0.754327 -0.276013
vn -0.77377 0.570175 -0.27601
vn -0.474211 0.836363 -0.274994
vn -0.434135 0.856989 -0.277663
vn -0.433229 0.85733 -0.278023
vn -0.433484 0.857866 -0.275967
vn -0.433496 0.857858 -0.275973
vn -0.690937 0.668148 -0.276014
vn -0.690923 0.668167 -0.276005
vn -0.872593 0.404918 -0.273173
vn -0.882422 0.379589 -0.277927
vn -0.595694 0.754304 -0.275996
vn -0.810179 0.517135 -0.27601
vn -0.810149 0.517196 -0.275984
vn -0.512919 0.813388 -0.274433
vn -0.48985 0.826972 -0.275978
vn -0.489291 0.826083 -0.279608
vn -0.489828 0.826989 -0.275966
vn -0.733979 0.62055 -0.276031
vn -0.733955 0.620585 -0.276014
vn -0.901881 0.331373 -0.277132
vn -0.897609 0.34568 -0.273502
vn -0.644743 0.71283 -0.276006
vn -0.690923 0.668167 -0.276005
vn -0.644725 0.712852 -0.275994
vn -0.842864 0.461967 -0.275984
vn -0.842902 0.461876 -0.276021
vn -0.871855 0.404575 -0.276021
vn -0.543492 0.791724 -0.278907
vn -0.586676 0.761409 -0.275804
vn -0.550209 0.787956 -0.276398
vn -0.54397 0.792421 -0.275979
vn -0.543957 0.792434 -0.275971
vn -0.77377 0.570175 -0.27601
vn -0.773798 0.570126 -0.276032
vn -0.932578 0.232014 -0.276528
vn -0.918975 0.282074 -0.275535
vn -0.91837 0.284906 -0.274635
vn -0.690906 0.66818 -0.276014
vn -0.896936 0.345421 -0.276027
vn -0.871846 0.40459 -0.276027
vn -0.59569 0.754316 -0.275972
vn -0.621925 0.733446 -0.274347
vn -0.595103 0.753573 -0.279248
vn -0.595697 0.754309 -0.275976
vn -0.810172 0.517147 -0.27601
vn -0.810178 0.517134 -0.276015
vn -0.935562 0.222931 -0.273909
vn -0.943477 0.180979 -0.277664
vn -0.773805 0.570131 -0.276003
vn -0.733973 0.620564 -0.276014
vn -0.733958 0.620587 -0.276003
vn -0.896931 0.34543 -0.276031
vn -0.690917 0.66819 -0.275964
vn -0.644072 0.71209 -0.279461
vn -0.687361 0.671454 -0.276919
vn -0.655434 0.703236 -0.275436
vn -0.644748 0.712837 -0.275976
vn -0.64473 0.712858 -0.275964
vn -0.842889 0.461903 -0.276015
vn -0.842863 0.461967 -0.275988
vn -0.948544 0.160038 -0.273226
vn -0.951793 0.12962 -0.278009
vn -0.773792 0.570144 -0.27601
vn -0.917995 0.284768 -0.276032
vn -0.934973 0.222791 -0.276024
vn -0.91799 0.284788 -0.276024
vn -0.718619 0.638899 -0.274582
vn -0.690902 0.668202 -0.275972
vn -0.69036 0.667678 -0.278586
vn -0.871855 0.404594 -0.275994
vn -0.87185 0.404609 -0.275988
vn -0.957076 0.096314 -0.273365
vn -0.961428 0.026084 -0.273816
vn -0.95756 0.078038 -0.27747
vn -0.81017 0.517146 -0.276015
vn -0.810165 0.517157 -0.27601
vn -0.934971 0.222798 -0.276027
vn -0.947755 0.159905 -0.276027
vn -0.733985 0.620574 -0.275961
vn -0.747695 0.604528 -0.274768
vn -0.733998 0.620553 -0.275972
vn -0.733178 0.619859 -0.279685
vn -0.773803 0.570152 -0.275961
vn -0.89694 0.345434 -0.275998
vn -0.896937 0.345444 -0.275994
vn -0.842882 0.461915 -0.276015
vn -0.842887 0.461902 -0.27602
vn -0.947759 0.159889 -0.276021
vn -0.773277 0.569786 -0.278185
vn -0.800936 0.531814 -0.275092
vn -0.774612 0.568324 -0.277461
vn -0.773792 0.570165 -0.275969
vn -0.934981 0.2228 -0.275989
vn -0.91801 0.284752 -0.275997
vn -0.918006 0.284771 -0.275989
vn -0.871835 0.404618 -0.276021
vn -0.87184 0.404604 -0.276027
vn -0.896928 0.34544 -0.276028
vn -0.960628 0.032047 -0.275983
vn -0.956332 0.096239 -0.275984
vn -0.956331 0.096141 -0.276021
vn -0.82515 0.493784 -0.274417
vn -0.810174 0.517163 -0.275973
vn -0.810169 0.517173 -0.275969
vn -0.809285 0.516608 -0.279594
vn -0.934949 0.222889 -0.276026
vn -0.896924 0.345448 -0.276031
vn -0.867369 0.414158 -0.275944
vn -0.846948 0.45428 -0.27624
vn -0.842892 0.461919 -0.275979
vn -0.842117 0.461509 -0.279015
vn -0.842887 0.461931 -0.275973
vn -0.94777 0.159891 -0.275985
vn -0.947775 0.159787 -0.276026
vn -0.918002 0.28475 -0.276024
vn -0.918005 0.284732 -0.276031
vn -0.886261 0.373173 -0.274379
vn -0.896945 0.345456 -0.275952
vn -0.871872 0.404567 -0.275979
vn -0.871853 0.404626 -0.275952
vn -0.871029 0.404176 -0.279197
vn -0.960622 0.032085 -0.276
vn -0.96061 0.032253 -0.276021
vn -0.956331 0.09614 -0.27602
vn -0.956333 0.09623 -0.275985
vn -0.934969 0.22281 -0.276024
vn -0.934959 0.222891 -0.275991
vn -0.947785 0.159789 -0.27599
vn -0.916542 0.28841 -0.277076
vn -0.902539 0.331107 -0.275302
vn -0.89598 0.345093 -0.279517
vn -0.896941 0.345464 -0.275956
vn -0.947764 0.159861 -0.276021
vn -0.918019 0.284736 -0.275983
vn -0.929765 0.245191 -0.274626
vn -0.93498 0.222813 -0.275983
vn -0.918008 0.284798 -0.275956
vn -0.91732 0.284585 -0.278451
vn -0.956323 0.096225 -0.276021
vn -0.956323 0.096229 -0.27602
vn -0.960621 0.031956 -0.276018
vn -0.940205 0.201404 -0.274682
vn -0.934978 0.222818 -0.275985
vn -0.93394 0.22257 -0.279677
vn -0.947115 0.159738 -0.27831
vn -0.954786 0.112476 -0.275197
vn -0.947888 0.156941 -0.277269
vn -0.947776 0.159863 -0.275979
vn -0.956335 0.096226 -0.27598
vn -0.947776 0.15985 -0.275985
vn -0.959646 0.022416 -0.280317
vn -0.959242 0.067592 -0.274381
vn -0.960626 0.032138 -0.275978
vn -0.955307 0.096119 -0.279552
vn -0.956335 0.096222 -0.275978
vn 0.957572 0.077912 -0.277462
vn 0.961428 0.026084 -0.273816
vn 0.951782 0.129745 -0.27799
vn 0.957087 0.096315 -0.273329
vn 0.943467 0.180977 -0.277699
vn 0.948555 0.159942 -0.273242
vn 0.960614 0.03215 -0.27602
vn 0.935532 0.223023 -0.273935
vn 0.918975 0.282074 -0.275535
vn 0.932578 0.232014 -0.276528
vn 0.947773 0.15981 -0.276022
vn 0.956322 0.096233 -0.27602
vn 0.956321 0.096238 -0.276021
vn 0.901872 0.33137 -0.277166
vn 0.91839 0.284814 -0.274664
vn 0.947768 0.159891 -0.275991
vn 0.960619 0.03213 -0.276006
vn 0.960632 0.031944 -0.275982
vn 0.882422 0.379589 -0.277927
vn 0.897573 0.345764 -0.273514
vn 0.934981 0.2228 -0.275991
vn 0.918018 0.284699 -0.276025
vn 0.934951 0.222884 -0.276025
vn 0.956322 0.096233 -0.276021
vn 0.956342 0.096141 -0.275984
vn 0.860571 0.426861 -0.277861
vn 0.872593 0.404918 -0.273173
vn 0.918004 0.28477 -0.275997
vn 0.947758 0.159889 -0.276027
vn 0.947762 0.159874 -0.276021
vn 0.836469 0.472887 -0.276943
vn 0.843489 0.462198 -0.273676
vn 0.960618 0.032035 -0.276019
vn 0.871853 0.404575 -0.276027
vn 0.896903 0.345506 -0.276028
vn 0.89694 0.345434 -0.275998
vn 0.934972 0.222798 -0.276024
vn 0.934969 0.222804 -0.276027
vn 0.810393 0.517351 -0.274974
vn 0.780446 0.560608 -0.276808
vn 0.810062 0.517777 -0.275148
vn 0.947772 0.159876 -0.275985
vn 0.956342 0.096141 -0.275984
vn 0.956323 0.096225 -0.27602
vn 0.871848 0.40459 -0.276021
vn 0.918004 0.28477 -0.275997
vn 0.917977 0.284831 -0.276023
vn 0.748783 0.601789 -0.277803
vn 0.7743 0.570543 -0.273752
vn 0.947773 0.159862 -0.275991
vn 0.842894 0.46189 -0.276021
vn 0.842903 0.461877 -0.276015
vn 0.956335 0.096226 -0.275978
vn 0.959242 0.067592 -0.274381
vn 0.959647 0.022528 -0.280303
vn 0.960624 0.032217 -0.275979
vn 0.896936 0.345443 -0.275998
vn 0.896941 0.345434 -0.275994
vn 0.871855 0.404594 -0.275994
vn 0.715007 0.641485 -0.277961
vn 0.734631 0.621041 -0.273178
vn 0.934978 0.222812 -0.275991
vn 0.93498 0.222807 -0.275989
vn 0.810135 0.517201 -0.276015
vn 0.810143 0.517192 -0.27601
vn 0.77378 0.57016 -0.27601
vn 0.956335 0.096222 -0.27598
vn 0.947888 0.156941 -0.277269
vn 0.954786 0.112476 -0.275197
vn 0.955307 0.096119 -0.279552
vn 0.871876 0.404531 -0.27602
vn 0.679385 0.679381 -0.277267
vn 0.691432 0.66869 -0.273451
vn 0.918017 0.284736 -0.27599
vn 0.917975 0.284831 -0.276032
vn 0.773809 0.57011 -0.276032
vn 0.947774 0.159862 -0.275985
vn 0.940205 0.201404 -0.274682
vn 0.947115 0.159738 -0.27831
vn 0.947778 0.15985 -0.27598
vn 0.810135 0.5172 -0.276015
vn 0.842887 0.461902 -0.27602
vn 0.842895 0.461891 -0.276015
vn 0.602145 0.749026 -0.276371
vn 0.641878 0.715527 -0.275708
vn 0.644979 0.71319 -0.274524
vn 0.896928 0.34544 -0.276028
vn 0.871874 0.40453 -0.276028
vn 0.896924 0.345448 -0.276031
vn 0.690906 0.668181 -0.276014
vn 0.733979 0.62055 -0.276031
vn 0.734012 0.620518 -0.276014
vn 0.93498 0.222813 -0.275983
vn 0.918019 0.284736 -0.275983
vn 0.934978 0.222818 -0.275985
vn 0.929765 0.245191 -0.274626
vn 0.93394 0.22257 -0.279677
vn 0.810131 0.51721 -0.276011
vn 0.560424 0.780295 -0.277606
vn 0.596029 0.754759 -0.274023
vn 0.871844 0.404622 -0.275988
vn 0.842895 0.461907 -0.275989
vn 0.690892 0.668199 -0.276005
vn 0.644694 0.712875 -0.276005
vn 0.918008 0.284798 -0.275956
vn 0.902539 0.331107 -0.275302
vn 0.916542 0.28841 -0.277076
vn 0.91732 0.284585 -0.278451
vn 0.773803 0.570129 -0.27601
vn 0.773816 0.570115 -0.276003
vn 0.733985 0.620555 -0.276003
vn 0.544426 0.793049 -0.273265
vn 0.517342 0.809362 -0.278012
vn 0.84289 0.461919 -0.275983
vn 0.644717 0.712849 -0.276019
vn 0.896941 0.345464 -0.275956
vn 0.886261 0.373173 -0.274379
vn 0.896945 0.345456 -0.275952
vn 0.89598 0.345093 -0.279517
vn 0.734 0.620533 -0.276014
vn 0.472834 0.836301 -0.277539
vn 0.490203 0.827652 -0.273302
vn 0.810131 0.51721 -0.276011
vn 0.810171 0.517161 -0.275985
vn 0.543982 0.792402 -0.276013
vn 0.595676 0.754312 -0.276013
vn 0.595666 0.754318 -0.276018
vn 0.871029 0.404176 -0.279197
vn 0.871879 0.40457 -0.275953
vn 0.842892 0.461919 -0.275979
vn 0.871846 0.404623 -0.275979
vn 0.846948 0.45428 -0.27624
vn 0.867369 0.414158 -0.275944
vn 0.64472 0.712851 -0.276006
vn 0.690876 0.668211 -0.276013
vn 0.690892 0.668199 -0.276005
vn 0.379813 0.882963 -0.275894
vn 0.427019 0.861019 -0.276227
vn 0.433747 0.858315 -0.274151
vn 0.773805 0.570131 -0.276003
vn 0.773792 0.570144 -0.27601
vn 0.543957 0.792423 -0.276001
vn 0.48981 0.826988 -0.276002
vn 0.842117 0.461509 -0.279015
vn 0.82515 0.493784 -0.274417
vn 0.842887 0.461931 -0.275973
vn 0.644741 0.712827 -0.276018
vn 0.331328 0.901824 -0.277371
vn 0.375406 0.88531 -0.274403
vn 0.734 0.620533 -0.276014
vn 0.734018 0.620516 -0.276004
vn 0.690876 0.668211 -0.276013
vn 0.433507 0.857841 -0.276009
vn 0.489823 0.826978 -0.276008
vn 0.810168 0.517172 -0.275973
vn 0.810175 0.517163 -0.275968
vn 0.809285 0.516608 -0.279594
vn 0.773802 0.570151 -0.275969
vn 0.774612 0.568324 -0.277461
vn 0.800936 0.531814 -0.275092
vn 0.595667 0.754319 -0.276013
vn 0.595657 0.754326 -0.276018
vn 0.543955 0.79242 -0.276013
vn 0.281955 0.918274 -0.277982
vn 0.315509 0.908686 -0.273393
vn 0.690865 0.668226 -0.276006
vn 0.433521 0.857832 -0.276015
vn 0.773793 0.570166 -0.275961
vn 0.773277 0.569786 -0.278185
vn 0.747695 0.604528 -0.274768
vn 0.543972 0.792406 -0.276021
vn 0.23183 0.932259 -0.277755
vn 0.254152 0.927774 -0.273207
vn 0.644741 0.712827 -0.276018
vn 0.644765 0.71281 -0.276006
vn 0.375212 0.884891 -0.276015
vn 0.375226 0.884887 -0.276009
vn 0.734031 0.620527 -0.275944
vn 0.734001 0.620555 -0.275962
vn 0.718619 0.638899 -0.274582
vn 0.733178 0.619859 -0.279685
vn 0.690877 0.668238 -0.275946
vn 0.489821 0.826974 -0.276026
vn 0.43352 0.857829 -0.276025
vn 0.489833 0.826968 -0.27602
vn 0.181102 0.943747 -0.276666
vn 0.191575 0.942502 -0.273842
vn 0.129779 0.952547 -0.275338
vn 0.595658 0.754327 -0.276013
vn 0.543973 0.792408 -0.276013
vn 0.595648 0.754332 -0.276018
vn 0.315291 0.907971 -0.276009
vn 0.315262 0.907977 -0.27602
vn 0.690402 0.667636 -0.27858
vn 0.655439 0.703241 -0.275412
vn 0.687366 0.671459 -0.276893
vn 0.690939 0.668156 -0.27599
vn 0.375214 0.884895 -0.276
vn 0.433464 0.857866 -0.275999
vn 0.128156 0.952919 -0.27481
vn 0.077983 0.957686 -0.277049
vn 0.489836 0.826973 -0.276002
vn 0.543952 0.792427 -0.276001
vn 0.253941 0.927002 -0.27601
vn 0.25392 0.927005 -0.276018
vn 0.644033 0.712129 -0.279452
vn 0.621925 0.733446 -0.274347
vn 0.644775 0.712822 -0.275952
vn 0.644705 0.712872 -0.275988
vn 0.375233 0.884884 -0.276009
vn 0.026013 0.960257 -0.277902
vn 0.064241 0.9597 -0.273587
vn 0.489846 0.826965 -0.276007
vn 0.191451 0.941895 -0.276007
vn 0.191443 0.941896 -0.276011
vn 0.595693 0.75432 -0.275953
vn 0.550209 0.787956 -0.276398
vn 0.586676 0.761409 -0.275804
vn 0.595103 0.753573 -0.279248
vn 0.595656 0.754343 -0.275972
vn 0.315288 0.907972 -0.276009
vn 0.315291 0.907971 -0.276008
vn 0.0 0.961963 -0.27318
vn -0.026009 0.960257 -0.277902
vn 0.375233 0.884882 -0.276014
vn 0.433462 0.857861 -0.276015
vn 0.433478 0.857856 -0.276008
vn 0.064195 0.959008 -0.276011
vn 0.12811 0.952578 -0.276012
vn 0.128118 0.952578 -0.276009
vn 0.48985 0.826972 -0.275978
vn 0.543972 0.792423 -0.275971
vn 0.512969 0.813354 -0.274441
vn 0.543492 0.791724 -0.278907
vn 0.543955 0.792432 -0.275979
vn 0.253921 0.927007 -0.276011
vn 0.253927 0.927006 -0.276009
vn 0.191443 0.941896 -0.276011
vn -0.064241 0.9597 -0.273587
vn -0.077983 0.957686 -0.277049
vn 0.375221 0.884889 -0.276008
vn 0.064194 0.959008 -0.276011
vn 0.0 0.961154 -0.276011
vn 0.489288 0.826079 -0.279627
vn 0.434135 0.856989 -0.277663
vn 0.474162 0.836389 -0.274997
vn 0.489828 0.826989 -0.275966
vn 0.191451 0.941893 -0.276015
vn -0.128156 0.952919 -0.27481
vn -0.181102 0.943747 -0.276666
vn -0.129779 0.952547 -0.275338
vn 0.315286 0.907972 -0.276009
vn 0.315288 0.907972 -0.276008
vn 0.0 0.961154 -0.276011
vn 0.393828 0.877137 -0.274827
vn 0.433229 0.85733 -0.278023
vn 0.433497 0.857859 -0.275967
vn 0.433483 0.857864 -0.275973
vn 0.064194 0.959008 -0.276012
vn 0.128115 0.952577 -0.276013
vn 0.128118 0.952577 -0.276012
vn -0.191575 0.942502 -0.273842
vn -0.23183 0.932259 -0.277755
vn 0.253927 0.927006 -0.276011
vn 0.253931 0.927005 -0.276009
vn -0.064195 0.959008 -0.276011
vn -0.064194 0.959008 -0.276011
vn 0.374797 0.883919 -0.279668
vn 0.375225 0.8849 -0.275967
vn 0.352315 0.894713 -0.274523
vn 0.375214 0.884903 -0.275972
vn 0.0 0.961154 -0.276011
vn 0.064193 0.959008 -0.276011
vn -0.254152 0.927774 -0.273207
vn -0.281955 0.918274 -0.277982
vn 0.19146 0.941892 -0.276011
vn 0.191451 0.941893 -0.276015
vn -0.12811 0.952579 -0.276009
vn -0.128118 0.952577 -0.276012
vn 0.315287 0.907984 -0.275968
vn 0.266886 0.923497 -0.275545
vn 0.309772 0.909649 -0.276732
vn 0.31529 0.907984 -0.275966
vn 0.253935 0.927016 -0.275967
vn 0.315029 0.907242 -0.278692
vn 0.0 0.961154 -0.276011
vn -0.315509 0.908686 -0.273393
vn -0.331328 0.901824 -0.277371
vn 0.1281 0.952579 -0.276013
vn 0.128115 0.952579 -0.276007
vn -0.191451 0.941894 -0.276011
vn -0.253941 0.927002 -0.27601
vn -0.191443 0.941897 -0.276007
vn 0.223385 0.935327 -0.27434
vn 0.253678 0.92606 -0.279393
vn 0.25394 0.927014 -0.275969
vn -0.064194 0.959009 -0.276009
vn -0.064199 0.959008 -0.276011
vn -0.375406 0.88531 -0.274403
vn -0.427019 0.861019 -0.276227
vn -0.379813 0.882963 -0.275894
vn 0.064199 0.959009 -0.276009
vn 0.064193 0.959008 -0.276012
vn -0.253945 0.927001 -0.276009
vn 0.134731 0.951506 -0.276557
vn 0.179244 0.944394 -0.275667
vn 0.191463 0.941905 -0.275965
vn 0.191259 0.940956 -0.279325
vn 0.191452 0.941906 -0.27597
vn 0.128101 0.952593 -0.275966
vn -0.128103 0.95258 -0.276008
vn -0.128118 0.952577 -0.276014
vn -0.433747 0.858315 -0.274151
vn -0.472834 0.836301 -0.277539
vn 0.0 0.961154 -0.276012
vn 0.0 0.961154 -0.276012
vn -0.315262 0.907981 -0.276008
vn -0.315263 0.90798 -0.276009
vn 0.0642 0.95902 -0.27597
vn 0.09005 0.957369 -0.274473
vn 0.12811 0.95259 -0.27597
vn 0.128001 0.951782 -0.278796
vn -0.191443 0.941896 -0.276011
vn -0.191451 0.941893 -0.276015
vn -0.490203 0.827652 -0.273302
vn -0.517342 0.809362 -0.278012
vn -0.064198 0.959008 -0.276011
vn 0.999632 -0.02712 0.0
vn 0.999632 -0.02712 0.0
vn 0.996706 -0.081096 0.0
vn 0.996706 -0.081096 0.0
vn 0.990836 -0.135069 0.0
vn 0.990836 -0.135069 0.0
vn 0.982095 -0.188387 0.0
vn 0.970419 -0.241428 0.0
vn 0.982095 -0.188387 0.0
vn 0.970419 -0.241428 0.0
vn 0.95598 -0.293433 0.0
vn 0.95598 -0.293433 0.0
vn 0.938646 -0.344882 0.0
vn 0.938646 -0.344882 0.0
vn 0.918613 -0.395158 0.0
vn 0.918613 -0.395158 0.0
vn 0.895849 -0.444359 0.0
vn 0.895849 -0.444359 0.0
vn 0.870518 -0.492136 0.0
vn 0.870518 -0.492136 0.0
vn 0.842584 -0.538564 0.0
vn 0.842584 -0.538564 0.0
vn 0.812181 -0.583405 0.0
vn 0.812181 -0.583405 0.0
vn 0.779465 -0.626446 0.0
vn 0.74434 -0.667801 0.0
vn 0.779465 -0.626446 0.0
vn 0.74434 -0.667801 0.0
vn 0.707108 -0.707105 0.0
vn 0.707108 -0.707105 0.0
vn 0.667759 -0.744378 0.0
vn 0.626548 -0.779383 0.0
vn 0.667759 -0.744378 0.0
vn 0.626548 -0.779383 0.0
vn 0.583353 -0.812219 0.0
vn 0.583353 -0.812219 0.0
vn 0.538573 -0.842579 0.0
vn 0.492169 -0.870499 0.0
vn 0.538573 -0.842579 0.0
vn 0.492169 -0.870499 0.0
vn 0.444307 -0.895875 0.0
vn 0.444307 -0.895875 0.0
vn 0.395149 -0.918617 0.0
vn 0.395149 -0.918617 0.0
vn 0.34486 -0.938654 0.0
vn 0.34486 -0.938654 0.0
vn 0.293525 -0.955952 0.0
vn 0.293525 -0.955952 0.0
vn 0.241324 -0.970445 0.0
vn 0.241324 -0.970445 0.0
vn 0.18846 -0.982081 0.0
vn 0.18846 -0.982081 0.0
vn 0.134996 -0.990846 0.0
vn 0.08116 -0.996701 0.0
vn 0.134996 -0.990846 0.0
vn 0.08116 -0.996701 0.0
vn 0.02708 -0.999633 0.0
vn 0.02708 -0.999633 0.0
vn -0.027077 -0.999633 0.0
vn -0.027077 -0.999633 0.0
vn -0.08116 -0.996701 0.0
vn -0.08116 -0.996701 0.0
vn -0.134996 -0.990846 0.0
vn -0.18846 -0.982081 0.0
vn -0.134996 -0.990846 0.0
vn -0.241324 -0.970445 0.0
vn -0.18846 -0.982081 0.0
vn -0.241324 -0.970445 0.0
vn -0.293525 -0.955952 0.0
vn -0.293525 -0.955952 0.0
vn -0.34486 -0.938654 0.0
vn -0.34486 -0.938654 0.0
vn -0.395149 -0.918617 0.0
vn -0.395149 -0.918617 0.0
vn -0.444307 -0.895875 0.0
vn -0.492169 -0.870499 0.0
vn -0.444307 -0.895875 0.0
vn -0.538573 -0.842579 0.0
vn -0.492169 -0.870499 0.0
vn -0.583416 -0.812174 0.0
vn -0.538573 -0.842579 0.0
vn -0.583416 -0.812174 0.0
vn -0.626484 -0.779435 0.0
vn -0.667825 -0.744319 0.0
vn -0.626484 -0.779435 0.0
vn -0.667825 -0.744319 0.0
vn -0.707108 -0.707105 0.0
vn -0.707108 -0.707105 0.0
vn -0.74434 -0.667801 0.0
vn -0.74434 -0.667801 0.0
vn -0.7794 -0.626527 0.0
vn -0.7794 -0.626527 0.0
vn -0.812181 -0.583405 0.0
vn -0.812181 -0.583405 0.0
vn -0.842584 -0.538564 0.0
vn -0.842584 -0.538564 0.0
vn -0.870518 -0.492136 0.0
vn -0.870518 -0.492136 0.0
vn -0.895849 -0.444359 0.0
vn -0.895849 -0.444359 0.0
vn -0.918613 -0.395158 0.0
vn -0.918613 -0.395158 0.0
vn -0.938646 -0.344882 0.0
vn -0.938646 -0.344882 0.0
vn -0.95598 -0.293433 0.0
vn -0.95598 -0.293433 0.0
vn -0.970419 -0.241428 0.0
vn -0.970419 -0.241428 0.0
vn -0.982095 -0.188387 0.0
vn -0.982095 -0.188387 0.0
vn -0.990854 -0.134939 0.0
vn -0.990854 -0.134939 0.0
vn -0.996696 -0.081227 0.0
vn -0.996696 -0.081227 0.0
vn -0.999632 -0.02712 0.0
vn -0.999632 -0.02712 0.0
vn -0.999632 0.02712 0.0
vn -0.999632 0.02712 0.0
vn -0.996696 0.081227 0.0
vn -0.990854 0.134939 0.0
vn -0.996696 0.081227 0.0
vn -0.990854 0.134939 0.0
vn -0.982095 0.188387 0.0
vn -0.982095 0.188387 0.0
vn -0.970419 0.241428 0.0
vn -0.95598 0.293433 0.0
vn -0.970419 0.241428 0.0
vn -0.95598 0.293433 0.0
vn -0.938646 0.344882 0.0
vn -0.938646 0.344882 0.0
vn -0.918613 0.395158 0.0
vn -0.895849 0.444359 0.0
vn -0.918613 0.395158 0.0
vn -0.895849 0.444359 0.0
vn -0.870518 0.492136 0.0
vn -0.842584 0.538565 0.0
vn -0.870518 0.492136 0.0
vn -0.842584 0.538565 0.0
vn -0.812182 0.583405 0.0
vn -0.812182 0.583405 0.0
vn -0.7794 0.626527 0.0
vn -0.74434 0.667801 0.0
vn -0.7794 0.626527 0.0
vn -0.74434 0.667801 0.0
vn -0.707109 0.707105 0.0
vn -0.707109 0.707105 0.0
vn -0.667825 0.744319 0.0
vn -0.667825 0.744319 0.0
vn -0.626484 0.779434 0.0
vn -0.583415 0.812174 0.0
vn -0.626484 0.779434 0.0
vn -0.583415 0.812174 0.0
vn -0.538574 0.842578 0.0
vn -0.538574 0.842578 0.0
vn -0.492169 0.870499 0.0
vn -0.492169 0.870499 0.0
vn -0.444306 0.895875 0.0
vn -0.444306 0.895875 0.0
vn -0.39515 0.918617 0.0
vn -0.39515 0.918617 0.0
vn -0.34486 0.938654 0.0
vn -0.34486 0.938654 0.0
vn -0.293524 0.955952 0.0
vn -0.293524 0.955952 0.0
vn -0.241325 0.970444 0.0
vn -0.241325 0.970444 0.0
vn -0.188459 0.982081 0.0
vn -0.188459 0.982081 0.0
vn -0.134997 0.990846 0.0
vn -0.134997 0.990846 0.0
vn -0.08116 0.996701 0.0
vn -0.08116 0.996701 0.0
vn -0.027076 0.999633 0.0
vn -0.027076 0.999633 0.0
vn 0.027079 0.999633 -0.0
vn 0.08116 0.996701 -0.0
vn 0.027079 0.999633 0.0
vn 0.134997 0.990846 -0.0
vn 0.08116 0.996701 -0.0
vn 0.134997 0.990846 -0.0
vn 0.188459 0.982081 -0.0
vn 0.241325 0.970444 -0.0
vn 0.188459 0.982081 0.0
vn 0.241325 0.970444 -0.0
vn 0.293524 0.955952 -0.0
vn 0.293524 0.955952 0.0
vn 0.34486 0.938654 -0.0
vn 0.34486 0.938654 0.0
vn 0.39515 0.918617 -0.0
vn 0.444306 0.895875 -0.0
vn 0.39515 0.918617 0.0
vn 0.444306 0.895875 -0.0
vn 0.492169 0.870499 -0.0
vn 0.538574 0.842578 -0.0
vn 0.492169 0.870499 0.0
vn 0.538574 0.842578 -0.0
vn 0.583353 0.812219 -0.0
vn 0.583353 0.812219 0.0
vn 0.626548 0.779382 -0.0
vn 0.626548 0.779382 0.0
vn 0.667759 0.744378 -0.0
vn 0.667759 0.744378 0.0
vn 0.707109 0.707105 -0.0
vn 0.707109 0.707105 0.0
vn 0.74434 0.667801 0.0
vn 0.74434 0.667801 -0.0
vn 0.779464 0.626447 0.0
vn 0.779464 0.626447 -0.0
vn 0.812182 0.583405 0.0
vn 0.812182 0.583405 -0.0
vn 0.842584 0.538565 0.0
vn 0.842584 0.538565 -0.0
vn 0.870518 0.492136 0.0
vn 0.870518 0.492136 -0.0
vn 0.895849 0.444359 0.0
vn 0.895849 0.444359 -0.0
vn 0.918613 0.395158 -0.0
vn 0.918613 0.395158 -0.0
vn 0.938646 0.344882 0.0
vn 0.938646 0.344882 -0.0
vn 0.95598 0.293433 0.0
vn 0.95598 0.293433 -0.0
vn 0.970419 0.241428 -0.0
vn 0.970419 0.241428 -0.0
vn 0.982095 0.188387 -0.0
vn 0.982095 0.188387 -0.0
vn 0.990836 0.135069 0.0
vn 0.990836 0.135069 -0.0
vn 0.996706 0.081096 0.0
vn 0.996706 0.081096 -0.0
vn 0.999632 0.02712 -0.0
vn 0.999632 0.02712 -0.0
vn 0.0 0.0 -1.0
vn 0.0 0.0 -1.0
vn 0.0 0.0 -1.0
vn 0.0 0.0 -1.0
vn 0.0 0.0 -1.0
vn 0.0 0.0 -1.0
vn 0.0 0.0 -1.0
vn 0.0 0.0 -1.0
vn 0.0 0.0 -1.0
vn 0.0 0.0 -1.0
vn 0.0 0.0 -1.0
vn 0.0 0.0 -1.0
vn 0.0 0.0 -1.0
vn 0.0 0.0 -1.0
vn 0.0 0.0 -1.0
vn 0.0 0.0 -1.0
vn 0.0 0.0 -1.0
vn 0.0 0.0 -1.0
vn 0.0 0.0 -1.0
vn 0.0 0.0 -1.0
vn 0.0 0.0 -1.0
vn 0.0 0.0 -1.0
vn 0.0 0.0 -1.0
vn 0.0 0.0 -1.0
vn 0.0 0.0 -1.0
vn 0.0 0.0 -1.0
vn 0.0 0.0 -1.0
vn 0.0 0.0 -1.0
vn 0.0 0.0 -1.0
vn 0.0 0.0 -1.0
vn 0.0 0.0 -1.0
vn 0.0 0.0 -1.0
vn 0.0 0.0 -1.0
vn 0.0 0.0 -1.0
vn 0.0 0.0 -1.0
vn 0.0 0.0 -1.0
vn 0.0 0.0 -1.0
vn 0.0 0.0 -1.0
vn 0.0 0.0 -1.0
vn 0.0 0.0 -1.0
vn 0.0 0.0 -1.0
vn 0.0 0.0 -1.0
vn 0.0 0.0 -1.0
vn 0.0 0.0 -1.0
vn 0.0 0.0 -1.0
vn 0.0 0.0 -1.0
vn 0.0 0.0 -1.0
vn 0.0 0.0 -1.0
vn 0.0 0.0 -1.0
vn 0.0 0.0 -1.0
vn 0.0 0.0 -1.0
vn 0.0 0.0 -1.0
vn 0.0 0.0 -1.0
vn 0.0 0.0 -1.0
vn 0.0 0.0 -1.0
vn 0.0 0.0 -1.0
vn 0.0 0.0 -1.0
vn 0.0 -0.0 -1.0
vn 0.0 -0.0 -1.0
vn 0.0 -0.0 -1.0
vn 0.0 -0.0 -1.0
vn 0.0 -0.0 -1.0
vn 0.0 -0.0 -1.0
vn 0.0 -0.0 -1.0
vn 0.0 -0.0 -1.0
vn 0.0 -0.0 -1.0
vn 0.0 -0.0 -1.0
vn 0.0 -0.0 -1.0
vn 0.0 -0.0 -1.0
vn 0.0 -0.0 -1.0
vn 0.0 -0.0 -1.0
vn 0.0 -0.0 -1.0
vn 0.0 -0.0 -1.0
vn 0.0 -0.0 -1.0
vn 0.0 -0.0 -1.0
vn 0.0 -0.0 -1.0
vn 0.0 -0.0 -1.0
vn 0.0 -0.0 -1.0
vn 0.0 -0.0 -1.0
vn 0.0 -0.0 -1.0
vn 0.0 -0.0 -1.0
vn 0.0 -0.0 -1.0
vn 0.0 -0.0 -1.0
vn 0.0 0.0 -1.0
vn 0.0 -0.0 -1.0
vn 0.0 -0.0 -1.0
vn 0.0 -0.0 -1.0
vn 0.0 -0.0 -1.0
vn -0.0 -0.0 -1.0
vn 0.0 0.0 -1.0
vn 0.0 0.0 -1.0
vn 0.0 0.0 -1.0
vn 0.0 0.0 -1.0
vn -0.0 -0.0 -1.0
vn 0.0 0.0 -1.0
vn -0.0 -0.0 -1.0
vn -0.0 -0.0 -1.0
vn 0.0 0.0 -1.0
vn 0.0 0.0 -1.0
vn -0.0 -0.0 -1.0
vn 0.0 0.0 -1.0
vn 0.0 0.0 -1.0
vn -0.0 -0.0 -1.0
vn -0.0 -0.0 -1.0
vn 0.0 0.0 -1.0
vn -0.0 -0.0 -1.0
vn 0.0 0.0 -1.0
vn 0.0 0.0 -1.0
vn 0.0 0.0 -1.0
vn -0.0 -0.0 -1.0
vn 0.0 0.0 -1.0
vn 0.0 0.0 -1.0
vn 0.0 0.0 -1.0
vn -0.0 -0.0 -1.0
vn 0.0 0.0 1.0
vn 0.0 0.0 1.0
vn 0.0 0.0 1.0
vn 0.0 0.0 1.0
vn 0.0 0.0 1.0
vn 0.0 0.0 1.0
vn 0.0 0.0 1.0
vn 0.0 0.0 1.0
vn 0.0 0.0 1.0
vn 0.0 0.0 1.0
vn 0.0 0.0 1.0
vn 0.0 0.0 1.0
vn 0.0 0.0 1.0
vn 0.0 0.0 1.0
vn 0.0 0.0 1.0
vn 0.0 0.0 1.0
vn 0.0 0.0 1.0
vn 0.0 0.0 1.0
vn 0.0 0.0 1.0
vn 0.0 0.0 1.0
vn 0.0 0.0 1.0
vn 0.0 0.0 1.0
vn 0.0 0.0 1.0
vn 0.0 0.0 1.0
vn 0.0 0.0 1.0
vn 0.0 0.0 1.0
vn 0.0 0.0 1.0
vn 0.0 0.0 1.0
vn 0.0 0.0 1.0
vn 0.0 0.0 1.0
vn 0.0 0.0 1.0
vn 0.0 0.0 1.0
vn 0.0 0.0 1.0
vn 0.0 0.0 1.0
vn 0.0 0.0 1.0
vn 0.0 0.0 1.0
vn 0.0 0.0 1.0
vn 0.0 0.0 1.0
vn 0.0 0.0 1.0
vn 0.0 0.0 1.0
vn 0.0 0.0 1.0
vn 0.0 0.0 1.0
vn 0.0 0.0 1.0
vn 0.0 0.0 1.0
vn 0.0 0.0 1.0
vn 0.0 0.0 1.0
vn 0.0 0.0 1.0
vn 0.0 0.0 1.0
vn 0.0 0.0 1.0
vn 0.0 0.0 1.0
vn 0.0 0.0 1.0
vn 0.0 0.0 1.0
vn 0.0 0.0 1.0
vn 0.0 0.0 1.0
vn 0.0 0.0 1.0
vn 0.0 0.0 1.0
vn 0.0 0.0 1.0
vn 0.0 0.0 1.0
vn 0.0 0.0 1.0
vn 0.0 0.0 1.0
vn 0.0 0.0 1.0
vn 0.0 0.0 1.0
vn 0.0 0.0 1.0
vn 0.0 0.0 1.0
vn 0.0 0.0 1.0
vn 0.0 0.0 1.0
vn 0.0 0.0 1.0
vn 0.0 0.0 1.0
vn 0.0 0.0 1.0
vn 0.0 0.0 1.0
vn 0.0 0.0 1.0
vn 0.0 0.0 1.0
vn 0.0 0.0 1.0
vn 0.0 0.0 1.0
vn 0.0 0.0 1.0
vn 0.0 0.0 1.0
vn 0.0 0.0 1.0
vn 0.0 0.0 1.0
vn 0.0 0.0 1.0
vn 0.0 0.0 1.0
vn 0.0 0.0 1.0
vn 0.0 0.0 1.0
vn 0.0 0.0 1.0
vn 0.0 0.0 1.0
vn 0.0 0.0 1.0
vn 0.0 0.0 1.0
vn 0.0 0.0 1.0
vn 0.0 0.0 1.0
vn 0.0 0.0 1.0
vn 0.0 0.0 1.0
vn 0.0 0.0 1.0
vn 0.0 0.0 1.0
vn 0.0 0.0 1.0
vn 0.0 0.0 1.0
vn 0.0 0.0 1.0
vn 0.0 0.0 1.0
vn 0.0 0.0 1.0
vn 0.0 0.0 1.0
vn 0.0 0.0 1.0
vn 0.0 0.0 1.0
vn 0.0 0.0 1.0
vn 0.0 0.0 1.0
vn 0.0 0.0 1.0
vn 0.0 0.0 1.0
vn 0.0 0.0 1.0
vn 0.0 0.0 1.0
vn 0.0 0.0 1.0
vn 0.0 0.0 1.0
vn 0.0 0.0 1.0
vn 0.0 0.0 1.0
vn 0.0 0.0 1.0
vn 0.0 0.0 1.0
vn 0.0 0.0 1.0
vn 0.0 0.0 1.0
vn 0.0 0.0 1.0
vn 0.0 0.0 1.0
vn -0.998043 0.0 -0.062532
vn -0.998043 0.0 -0.062532
vn -0.982239 0.0 -0.187636
vn -0.982239 0.0 -0.187636
vn -0.951088 0.0 -0.308919
vn -0.951088 0.0 -0.308919
vn -0.904881 0.0 -0.425664
vn -0.904881 0.0 -0.425664
vn -0.844169 0.0 -0.536078
vn -0.844169 0.0 -0.536078
vn -0.770389 0.0 -0.637574
vn -0.770389 0.0 -0.637574
vn -0.68475 0.0 -0.728778
vn -0.68475 0.0 -0.728778
vn -0.587659 0.0 -0.809109
vn -0.587659 0.0 -0.809109
vn -0.481611 0.0 -0.876385
vn -0.481611 0.0 -0.876385
vn -0.368309 0.0 -0.929703
vn -0.368309 0.0 -0.929703
vn -0.248835 0.0 -0.968546
vn -0.248835 0.0 -0.968546
vn -0.125665 0.0 -0.992073
vn -0.125665 0.0 -0.992073
vn 0.0 0.0 -1.0
vn -0.0 0.0 -1.0
vn 0.125665 0.0 -0.992073
vn 0.125665 0.0 -0.992073
vn 0.248835 0.0 -0.968546
vn 0.248835 0.0 -0.968546
vn 0.368309 0.0 -0.929703
vn 0.368309 0.0 -0.929703
vn 0.481611 0.0 -0.876385
vn 0.481611 0.0 -0.876385
vn 0.587659 0.0 -0.809109
vn 0.587659 0.0 -0.809109
vn 0.68475 0.0 -0.728778
vn 0.68475 0.0 -0.728778
vn 0.770389 0.0 -0.637574
vn 0.770389 0.0 -0.637574
vn 0.844169 0.0 -0.536078
vn 0.844169 0.0 -0.536078
vn 0.904881 0.0 -0.425664
vn 0.904881 0.0 -0.425664
vn 0.951088 0.0 -0.308919
vn 0.951088 0.0 -0.308919
vn 0.982239 0.0 -0.187636
vn 0.982239 0.0 -0.187636
vn 0.998024 0.0 -0.062839
vn 0.998024 0.0 -0.062839
vn 0.998029 -0.0 0.062761
vn 0.998029 0.0 0.062761
vn 0.982239 0.0 0.187636
vn 0.982239 -0.0 0.187636
vn 0.951088 0.0 0.308919
vn 0.951088 -0.0 0.308919
vn 0.904658 0.0 0.426138
vn 0.904658 -0.0 0.426138
vn 0.844522 0.0 0.535521
vn 0.844522 -0.0 0.535521
vn 0.770389 0.0 0.637574
vn 0.770389 -0.0 0.637574
vn 0.68475 0.0 0.728778
vn 0.68475 -0.0 0.728778
vn 0.587659 0.0 0.809109
vn 0.587659 -0.0 0.809109
vn 0.481611 0.0 0.876385
vn 0.481611 -0.0 0.876385
vn 0.368309 0.0 0.929703
vn 0.368309 -0.0 0.929703
vn 0.248835 0.0 0.968546
vn 0.248835 -0.0 0.968546
vn 0.125665 -0.0 0.992073
vn 0.125665 0.0 0.992073
vn 0.0 0.0 1.0
vn -0.0 0.0 1.0
vn -0.125665 0.0 0.992073
vn -0.125665 0.0 0.992073
vn -0.248835 0.0 0.968546
vn -0.248835 0.0 0.968546
vn -0.368309 0.0 0.929703
vn -0.368309 0.0 0.929703
vn -0.481611 0.0 0.876385
vn -0.481611 0.0 0.876385
vn -0.587659 0.0 0.809109
vn -0.587659 0.0 0.809109
vn -0.68475 0.0 0.728778
vn -0.68475 0.0 0.728778
vn -0.770389 0.0 0.637574
vn -0.770389 0.0 0.637574
vn -0.844522 0.0 0.535521
vn -0.844522 0.0 0.535521
vn -0.904658 0.0 0.426138
vn -0.951088 0.0 0.308919
vn -0.904658 0.0 0.426138
vn -0.951088 0.0 0.308919
vn -0.982239 0.0 0.187636
vn -0.982239 0.0 0.187636
vn -0.998048 0.0 0.062455
vn -0.998048 0.0 0.062455
vn 0.70713 0.0 0.707084
vn 0.70713 0.0 0.707084
vn 1.0 0.0 0.0
vn 1.0 0.0 0.0
vn 0.0 -0.0 -1.0
vn -0.0 0.0 -1.0
vn -1.0 0.0 0.0
vn -1.0 0.0 0.0
vn -0.707107 0.0 0.707107
vn -0.707107 0.0 0.707107
vn 0.0 0.0 1.0
vn -0.0 0.0 1.0
vn 0.0 1.0 0.0
vn 0.0 1.0 0.0
vn 0.0 1.0 -0.0
vn 0.0 1.0 0.0
vn 0.0 1.0 -0.0
vn 0.0 1.0 0.0
vn 0.0 1.0 -0.0
vn 0.0 1.0 0.0
vn 0.0 1.0 -0.0
vn 0.0 1.0 0.0
vn 0.0 1.0 -0.0
vn 0.0 1.0 0.0
vn 0.0 1.0 -0.0
vn 0.0 1.0 0.0
vn 0.0 1.0 0.0
vn 0.0 1.0 0.0
vn 0.0 1.0 0.0
vn 0.0 1.0 0.0
vn 0.0 1.0 0.0
vn 0.0 1.0 -0.0
vn 0.0 1.0 -0.0
vn 0.0 1.0 -0.0
vn 0.0 1.0 -0.0
vn 0.0 1.0 0.0
vn 0.0 1.0 0.0
vn 0.0 1.0 0.0
vn 0.0 1.0 0.0
vn 0.0 1.0 -0.0
vn 0.0 1.0 -0.0
vn 0.0 1.0 -0.0
vn 0.0 1.0 0.0
vn 0.0 1.0 0.0
vn 0.0 1.0 0.0
vn 0.0 1.0 0.0
vn 0.0 1.0 0.0
vn 0.0 1.0 0.0
vn 0.0 1.0 0.0
vn 0.0 1.0 0.0
vn 0.0 1.0 0.0
vn 0.0 1.0 0.0
vn 0.0 1.0 0.0
vn 0.0 1.0 0.0
vn 0.0 1.0 0.0
vn 0.0 1.0 0.0
vn 0.0 1.0 -0.0
vn 0.0 1.0 0.0
vn 0.0 1.0 0.0
vn 0.0 1.0 0.0
vn 0.0 1.0 0.0
vn 0.0 1.0 0.0
vn 0.0 1.0 0.0
vn 0.0 1.0 0.0
vn 0.0 1.0 0.0
vn 0.0 1.0 0.0
vn 0.0 1.0 0.0
vn 0.0 1.0 0.0
vn 0.0 -1.0 0.0
vn 0.0 -1.0 0.0
vn 0.0 -1.0 0.0
vn 0.0 -1.0 0.0
vn 0.0 -1.0 0.0
vn 0.0 -1.0 0.0
vn 0.0 -1.0 0.0
vn 0.0 -1.0 0.0
vn 0.0 -1.0 0.0
vn 0.0 -1.0 0.0
vn 0.0 -1.0 0.0
vn 0.0 -1.0 0.0
vn 0.0 -1.0 0.0
vn 0.0 -1.0 0.0
vn 0.0 -1.0 0.0
vn 0.0 -1.0 0.0
vn 0.0 -1.0 0.0
vn 0.0 -1.0 0.0
vn 0.0 -1.0 0.0
vn 0.0 -1.0 0.0
vn 0.0 -1.0 0.0
vn 0.0 -1.0 0.0
vn 0.0 -1.0 0.0
vn 0.0 -1.0 0.0
vn 0.0 -1.0 0.0
vn 0.0 -1.0 0.0
vn 0.0 -1.0 0.0
vn 0.0 -1.0 0.0
vn 0.0 -1.0 0.0
vn 0.0 -1.0 0.0
vn 0.0 -1.0 0.0
vn 0.0 -1.0 0.0
vn 0.0 -1.0 0.0
vn 0.0 -1.0 0.0
vn 0.0 -1.0 0.0
vn 0.0 -1.0 0.0
vn 0.0 -1.0 0.0
vn 0.0 -1.0 0.0
vn 0.0 -1.0 0.0
vn 0.0 -1.0 0.0
vn 0.0 -1.0 0.0
vn 0.0 -1.0 0.0
vn 0.0 -1.0 0.0
vn 0.0 -1.0 0.0
vn 0.0 -1.0 0.0
vn 0.0 -1.0 0.0
vn 0.0 -1.0 0.0
vn 0.0 -1.0 0.0
vn 0.0 -1.0 0.0
vn 0.0 -1.0 0.0
vn 0.0 -1.0 0.0
vn 0.0 -1.0 0.0
vn 0.0 -1.0 0.0
vn 0.0 -1.0 0.0
vn 0.0 -1.0 0.0
vn 0.0 -1.0 0.0
vn 0.955567 -0.208312 0.208562
vn 0.952159 -0.213587 0.218571
vn 0.964495 -0.177889 0.195206
vn 0.966118 -0.135713 0.219542
vn 0.968938 -0.145464 0.199997
vn 0.965673 -0.13531 0.221735
vn 0.956001 -0.209149 0.205715
vn 0.980671 -0.124339 0.151077
vn 0.963412 -0.21077 0.165566
vn 0.977096 -0.139878 0.16037
vn 0.965584 -0.208007 0.156145
vn 0.994506 -0.073737 0.074297
vn 0.97898 -0.107125 0.173556
vn 0.984819 -0.124865 0.120586
vn 0.972668 -0.15724 0.170861
vn 0.96963 -0.149683 0.193424
vn -0.064496 -0.78973 0.610054
vn -0.095324 -0.789321 0.606536
vn -0.048597 -0.790026 0.611143
vn -0.012879 -0.723283 0.690432
vn -0.040923 -0.778881 0.625835
vn -0.09314 -0.789946 0.606061
vn -0.008786 -0.744905 0.667112
vn -0.074105 -0.844339 0.530661
vn -0.020618 -0.827288 0.5614
vn -0.042651 -0.8692 0.492618
vn -0.007059 -0.874524 0.484931
vn -0.026285 -0.892056 0.451159
vn -0.026622 -0.846541 0.531658
vn -0.452105 -0.611131 0.649708
vn -0.620727 -0.542794 0.56575
vn -0.686274 -0.521412 0.507107
vn -0.774122 -0.42135 0.47244
vn -0.683636 -0.508019 0.523984
vn -0.781618 -0.41533 0.465376
vn -0.012793 -0.997257 0.072905
vn -0.033929 -0.99689 0.071127
vn 0.010701 -0.998136 0.06008
vn 0.000204 -0.998603 0.052842
vn 0.000124 -0.99861 0.052705
vn 0.018884 -0.997825 0.063153
vn 0.009063 -0.998165 0.05987
vn -0.259182 -0.960106 0.104984
vn -0.263842 -0.960464 0.088865
vn -0.252533 -0.963241 0.091616
vn -0.205177 -0.975969 0.073401
vn -0.201886 -0.975715 0.084982
vn 0.076273 -0.985698 0.150271
vn 0.030067 -0.990246 0.136049
vn 0.187288 -0.963034 0.193619
vn 0.143601 -0.97869 0.14678
vn 0.163154 -0.978706 0.124558
vn 0.201193 -0.963298 0.177702
vn 0.252209 -0.962267 0.102142
vn 0.258782 -0.958951 0.115951
vn 0.205077 -0.975303 0.082021
vn 0.263538 -0.959466 0.099858
vn 0.20173 -0.97496 0.093588
vn 0.043904 -0.816949 0.575036
vn 0.021131 -0.874189 0.485126
vn 0.008384 -0.72968 0.683737
vn 0.049352 -0.802295 0.594885
vn 0.054199 -0.794755 0.604505
vn 0.094361 -0.800304 0.592123
vn 0.036398 -0.78367 0.620111
vn 0.096618 -0.800038 0.592118
vn 0.172111 -0.662802 0.728746
vn 0.50185 -0.592739 0.629926
vn 0.421308 -0.622601 0.659445
vn 0.384457 -0.618115 0.685658
vn 0.014847 -0.996932 0.076854
vn 0.00574 -0.997451 0.071123
vn 0.0 -0.996726 0.080852
vn 0.036478 -0.996823 0.070802
vn 0.006171 -0.996194 0.086939
vn 0.01596 -0.913267 0.407048
vn 0.030815 -0.930652 0.364605
vn 0.064931 -0.929596 0.362816
vn 0.012139 -0.694597 0.719296
vn 0.002873 -0.887268 0.461245
vn 0.421106 -0.618631 0.663299
vn 0.523013 -0.59573 0.60956
vn 0.478096 -0.620487 0.621628
vn 0.519934 -0.654803 0.548545
vn 0.41359 -0.61941 0.667289
vn 0.585526 -0.546678 0.598583
vn 0.587754 -0.55189 0.591576
vn 0.765167 -0.412735 0.494135
vn 0.46037 -0.593683 0.66
vn 0.855273 -0.306867 0.417542
vn 0.596375 -0.517753 0.613408
vn 0.901627 -0.267456 0.339906
vn 0.84232 -0.34055 0.417759
vn 0.842492 -0.340271 0.41764
vn 0.824064 -0.341468 0.452015
vn 0.247701 -0.647361 0.720811
vn 0.935799 -0.1891 0.297527
vn -0.030362 -0.982871 0.181777
vn -0.019513 -0.980234 0.196878
vn -0.052522 -0.982928 0.176335
vn -0.014351 -0.971 0.23865
vn -0.00066 -0.979879 0.199593
vn -0.012787 -0.991082 0.132641
vn -0.014015 -0.992423 0.122064
vn -0.006864 -0.769675 0.638399
vn -0.002076 -0.999915 0.012862
vn -0.000484 -0.998719 0.050603
vn -0.000486 -0.998717 0.050638
vn -0.0003 -0.997828 0.065866
vn -0.007157 -0.991386 0.130779
vn -0.014102 -0.996912 0.077246
vn -0.030322 -0.99604 0.08358
vn 0.007494 -0.972772 0.231644
vn 0.024544 -0.951072 0.307994
vn 0.021814 -0.993571 0.11109
vn 0.083094 -0.966015 0.244767
vn 0.038504 -0.980839 0.190975
vn 0.060056 -0.96566 0.252774
vn -0.204816 -0.741305 0.639153
vn -0.195854 -0.742422 0.640665
vn -0.278921 -0.769153 0.574984
vn -0.198744 -0.796 0.571738
vn -0.197963 -0.845507 0.495913
vn -0.269235 -0.81213 0.517646
vn -0.268207 -0.809029 0.523008
vn -0.192944 -0.888053 0.417294
vn -0.252637 -0.847284 0.467209
vn -0.177327 -0.889594 0.420926
vn -0.167128 -0.925908 0.338765
vn -0.238676 -0.906598 0.348015
vn -0.274506 -0.929502 0.246319
vn -0.211659 -0.931336 0.296333
vn -0.212321 -0.934246 0.286538
vn -0.581471 -0.673598 0.456243
vn -0.554616 -0.745225 0.370191
vn -0.183743 -0.965058 0.186819
vn -0.200988 -0.962317 0.183166
vn -0.939978 -0.245796 0.236697
vn -0.963258 -0.208983 0.168699
vn -0.921831 -0.308178 0.235062
vn -0.278214 -0.942057 0.187417
vn -0.890293 -0.390586 0.23414
vn -0.81087 -0.544481 0.214546
vn -0.318242 -0.934487 0.159549
vn -0.336138 -0.919024 0.205926
vn -0.202746 -0.970735 0.128713
vn -0.705185 -0.685185 0.182309
vn -0.123175 -0.989608 0.074183
vn -0.647669 -0.745382 0.157897
vn -0.697882 -0.703144 0.136195
vn -0.116455 -0.990115 0.07817
vn -0.575947 -0.811916 0.095274
vn -0.551625 -0.827088 0.107869
vn -0.457285 -0.880152 0.127368
vn -0.537214 -0.840707 0.067915
vn -0.478027 -0.873436 0.092741
vn -0.39118 -0.914171 0.106161
vn -0.478642 -0.870073 0.117788
vn -0.479008 -0.870738 0.11121
vn -0.400292 -0.91285 0.080448
vn -0.323077 -0.942445 0.086135
vn -0.40485 -0.911002 0.078556
vn -0.404041 -0.909181 0.100704
vn 0.0 -0.999054 0.043492
vn -0.109338 -0.993256 0.038578
vn -0.036488 -0.997435 0.06158
vn -0.314654 -0.946376 0.073252
vn -0.252953 -0.964843 0.071364
vn -0.326883 -0.942582 0.068465
vn -0.326469 -0.94139 0.084873
vn 0.273705 -0.926792 0.257179
vn 0.183428 -0.963645 0.194274
vn -0.245387 -0.96768 0.058148
vn -0.19842 -0.978255 0.06038
vn -0.181637 -0.981577 0.059277
vn -0.246804 -0.967349 0.057646
vn -0.246543 -0.966327 0.073683
vn 0.123126 -0.989214 0.079344
vn 0.116392 -0.989724 0.083056
vn 0.036494 -0.997339 0.063115
vn 0.109318 -0.993068 0.043195
vn -0.164892 -0.984954 0.051732
vn -0.131644 -0.989411 0.061116
vn -0.10927 -0.992636 0.052279
vn -0.164767 -0.98421 0.064668
vn 0.211768 -0.931814 0.29475
vn 0.211097 -0.928863 0.304387
vn 0.166729 -0.923698 0.344939
vn -0.044811 -0.997213 0.059651
vn -0.036513 -0.998119 0.049243
vn -0.081842 -0.99548 0.048182
vn -0.081785 -0.994786 0.060933
vn 0.202516 -0.969634 0.137105
vn 0.237838 -0.903416 0.356753
vn 0.17677 -0.886801 0.427007
vn 0.19229 -0.885045 0.423933
vn 0.277583 -0.939921 0.198734
vn 0.317578 -0.932392 0.172595
vn 0.001566 -0.998206 0.059848
vn 0.047295 -0.996894 0.06297
vn 0.036519 -0.998038 0.050858
vn 0.001567 -0.998793 0.049083
vn 0.084898 -0.994308 0.06437
vn 0.119459 -0.990924 0.061642
vn 0.16728 -0.984048 0.060556
vn 0.084959 -0.995025 0.052024
vn 0.10924 -0.992367 0.057222
vn 0.251384 -0.84308 0.475419
vn 0.197075 -0.84202 0.50216
vn 0.335135 -0.916281 0.219347
vn 0.167865 -0.98396 0.060366
vn 0.167741 -0.983234 0.071513
vn 0.233225 -0.969564 0.074506
vn 0.181544 -0.981071 0.067395
vn 0.197788 -0.792174 0.577356
vn 0.266612 -0.804219 0.531177
vn 0.267645 -0.807333 0.525909
vn 0.252665 -0.964009 0.082748
vn 0.249376 -0.964768 0.083868
vn 0.31665 -0.944669 0.085639
vn 0.249661 -0.965871 0.069016
vn 0.277029 -0.763935 0.582802
vn 0.194898 -0.738516 0.645452
vn 0.203618 -0.737259 0.644196
vn 0.322677 -0.941278 0.099375
vn 0.39753 -0.912437 0.097101
vn 0.327538 -0.941254 0.082219
vn 0.32707 -0.939909 0.097957
vn 0.479016 -0.87043 0.113562
vn 0.390558 -0.912451 0.122053
vn 0.403289 -0.910127 0.095008
vn 0.402308 -0.907913 0.117656
vn 0.540058 -0.832256 0.125248
vn 0.579992 -0.805896 0.118917
vn 0.455994 -0.877667 0.14755
vn 0.479786 -0.870047 0.11324
vn 0.478268 -0.867296 0.138048
vn 0.55259 -0.822831 0.132642
vn 0.645357 -0.741021 0.185478
vn 0.693354 -0.701572 0.164489
vn 0.703299 -0.678911 0.210831
vn 0.803857 -0.541123 0.246983
vn 0.845489 -0.466202 0.260392
vn 0.881493 -0.3879 0.269264
vn 0.911742 -0.305877 0.274163
vn 0.92768 -0.254919 0.272811
vn 0.939541 -0.234001 0.250015
vn 0.953941 -0.213986 0.210253
vn 0.961176 -0.177277 0.211458
vn -0.093035 -0.711493 0.696507
vn -0.091986 -0.71156 0.696578
vn -0.001954 -0.697029 0.717041
vn -0.122946 -0.69017 0.713127
vn -0.198836 -0.701134 0.684745
vn -0.200396 -0.701183 0.684239
vn -0.125126 -0.709619 0.693386
vn -0.201038 -0.727631 0.655849
vn -0.128425 -0.728328 0.673087
vn -0.094072 -0.7373 0.668984
vn -0.095794 -0.763138 0.639096
vn -0.199154 -0.754933 0.624831
vn -0.129105 -0.748873 0.650016
vn -0.128945 -0.747943 0.651118
vn -0.097236 -0.788736 0.606994
vn -0.128915 -0.767709 0.627698
vn -0.132282 -0.787759 0.601613
vn -0.10065 -0.681905 0.724483
vn -0.191413 -0.674959 0.712595
vn -0.192875 -0.674865 0.712289
vn -0.095259 -0.788787 0.60724
vn -0.12831 -0.787973 0.602192
vn -0.131282 -0.806225 0.576859
vn -0.201519 -0.807113 0.55494
vn -0.095993 -0.814147 0.57267
vn -0.347745 -0.654827 0.671025
vn -0.372564 -0.670045 0.642056
vn -0.246014 -0.708084 0.661887
vn -0.429258 -0.668453 0.607377
vn -0.354968 -0.668428 0.653607
vn -0.444412 -0.664628 0.600639
vn -0.194905 -0.832449 0.518691
vn -0.129713 -0.824897 0.550199
vn -0.129883 -0.825978 0.548534
vn -0.186261 -0.857295 0.47995
vn -0.130119 -0.861111 0.491485
vn -0.124954 -0.82693 0.548245
vn -0.352165 -0.715292 0.603604
vn -0.375212 -0.768861 0.517754
vn -0.350479 -0.711867 0.608613
vn -0.275507 -0.75974 0.588975
vn -0.444943 -0.692878 0.567402
vn -0.511865 -0.668249 0.539849
vn -0.497041 -0.677493 0.542175
vn -0.555847 -0.669102 0.493292
vn -0.554105 -0.682406 0.47675
vn -0.548461 -0.658396 0.515466
vn -0.504248 -0.687316 0.52281
vn -0.347125 -0.808787 0.474729
vn -0.256862 -0.861454 0.438085
vn -0.592721 -0.619546 0.514631
vn -0.658566 -0.600117 0.454038
vn -0.550953 -0.636343 0.539924
vn -0.76218 -0.509081 0.399898
vn -0.690508 -0.601669 0.401487
vn -0.683322 -0.602684 0.412121
vn -0.695722 -0.54695 0.465635
vn -0.300222 -0.905908 0.298658
vn -0.237596 -0.902495 0.359236
vn -0.307596 -0.866373 0.393424
vn -0.30953 -0.871819 0.379635
vn -0.745294 -0.497803 0.443541
vn -0.406475 -0.823174 0.396438
vn -0.448313 -0.829433 0.333251
vn -0.433304 -0.788589 0.436319
vn -0.37225 -0.833551 0.408194
vn -0.666859 -0.61329 0.423291
vn -0.633762 -0.700885 0.327271
vn -0.60898 -0.705465 0.362579
vn -0.763541 -0.551415 0.336075
vn -0.683088 -0.628215 0.372475
vn -0.519851 -0.768935 0.372147
vn -0.497977 -0.820165 0.281688
vn -0.459735 -0.814724 0.353368
vn -0.516921 -0.779761 0.353222
vn -0.724706 -0.610926 0.318701
vn -0.724706 -0.610926 0.318701
vn -0.878136 -0.379258 0.291617
vn -0.379896 -0.864354 0.329502
vn -0.372819 -0.871765 0.317856
vn -0.308429 -0.898772 0.311578
vn -0.937477 -0.263614 0.227254
vn -0.948194 -0.247944 0.198625
vn -0.929918 -0.267013 0.252898
vn -0.938037 -0.269344 0.218036
vn -0.635352 -0.702643 0.320344
vn -0.686468 -0.640481 0.344304
vn -0.686468 -0.640481 0.344304
vn -0.502308 -0.808718 0.306044
vn -0.559401 -0.759686 0.331584
vn -0.556027 -0.772397 0.30698
vn -0.720351 -0.625995 0.298707
vn -0.675792 -0.68399 0.274705
vn -0.6776 -0.677412 0.286305
vn -0.645763 -0.69902 0.307183
vn -0.730158 -0.622913 0.2808
vn -0.772568 -0.557933 0.303066
vn -0.815822 -0.493388 0.301668
vn -0.816051 -0.492097 0.303151
vn -0.370788 -0.895607 0.245773
vn -0.426551 -0.86131 0.27604
vn -0.426 -0.860197 0.280332
vn -0.367129 -0.896803 0.246904
vn -0.372733 -0.910491 0.1791
vn -0.908367 -0.321256 0.267701
vn -0.924961 -0.309224 0.220971
vn -0.889134 -0.391799 0.236504
vn -0.883417 -0.395182 0.251805
vn -0.908374 -0.320699 0.268344
vn -0.535175 -0.810307 0.238724
vn -0.525304 -0.813072 0.250939
vn -0.993842 -0.052998 0.097309
vn -0.942113 -0.221172 0.252005
vn -0.950209 -0.211121 0.229197
vn -0.978926 -0.148484 0.140205
vn -0.981487 -0.122322 0.147378
vn -0.542031 -0.79256 0.279376
vn -0.531687 -0.795094 0.291778
vn -0.585638 -0.760445 0.280627
vn -0.994108 -0.048383 0.096992
vn -0.998435 -0.024195 0.050411
vn -0.804388 -0.536087 0.256067
vn -0.842975 -0.471137 0.259659
vn -0.805053 -0.533379 0.259609
vn -0.848703 -0.474338 0.233894
vn -0.806529 -0.547943 0.221968
vn -0.8539 -0.469527 0.224496
vn -0.537625 -0.803974 0.254135
vn -0.58964 -0.765643 0.257128
vn -0.597757 -0.752596 0.276198
vn -0.569852 -0.79378 0.212563
vn -0.574582 -0.787107 0.224316
vn -0.632741 -0.739665 0.229205
vn -0.466325 -0.857847 0.215962
vn -0.40949 -0.883826 0.226206
vn -0.517025 -0.834725 0.189526
vn -0.472264 -0.84654 0.245634
vn -0.492118 -0.846934 0.201305
vn -0.944112 -0.281816 0.170975
vn -0.890331 -0.390603 0.233967
vn -0.915546 -0.36565 0.167558
vn -0.685151 -0.684961 0.247784
vn -0.961909 -0.231535 0.145337
vn -0.946189 -0.282436 0.157977
vn -0.711712 -0.669989 0.211144
vn -0.124014 -0.986103 0.110551
vn -0.122707 -0.985848 0.114219
vn -0.08892 -0.993894 0.065326
vn -0.086698 -0.994009 0.066557
vn -0.75949 -0.618514 0.201531
vn -0.706146 -0.684577 0.180867
vn -0.760883 -0.617519 0.199316
vn -0.755168 -0.614994 0.226945
vn -0.712965 -0.667135 0.215899
vn -0.830044 -0.533028 0.164038
vn -0.810149 -0.543996 0.218463
vn -0.861124 -0.473499 0.185106
vn -0.864209 -0.452238 0.220507
vn -0.828891 -0.522732 0.199225
vn -0.879035 -0.447472 0.16452
vn -0.652758 -0.737393 0.17366
vn -0.579198 -0.79343 0.187078
vn -0.902823 -0.398866 0.160674
vn -0.879815 -0.447869 0.159183
vn -0.859909 -0.484041 0.162051
vn -0.885685 -0.442154 0.141638
vn -0.848989 -0.510444 0.13662
vn -0.829507 -0.52312 0.195609
vn -0.88175 -0.445417 0.155309
vn -0.024333 -0.99825 0.053899
vn -0.341489 -0.933655 0.108043
vn -0.322487 -0.940724 0.105075
vn -0.201574 -0.974205 0.101453
vn -0.258437 -0.961636 0.092011
vn 0.012722 -0.998422 0.054692
vn 0.031195 -0.996588 0.076422
vn 0.012721 -0.998422 0.054689
vn -0.041255 -0.997715 0.053507
vn -0.03301 -0.996914 0.071218
vn 0.041251 -0.99762 0.055256
vn -0.024334 -0.99825 0.053904
vn -0.772453 -0.604007 0.196193
vn -0.704639 -0.684654 0.186368
vn -0.72303 -0.677039 0.13728
vn -0.766465 -0.62205 0.159953
vn -0.724253 -0.667438 0.173158
vn -0.785332 -0.601577 0.146147
vn -0.830714 -0.550563 0.082432
vn -0.799354 -0.587337 0.126761
vn -0.755843 -0.638828 0.143531
vn -0.725114 -0.668231 0.166361
vn -0.785723 -0.601877 0.142773
vn -0.741724 -0.659928 0.119752
vn -0.78988 -0.589372 0.169503
vn -0.662677 -0.731657 0.159801
vn -0.631082 -0.765486 0.125568
vn -0.621574 -0.774505 0.117418
vn -0.599381 -0.781767 0.171997
vn -0.651251 -0.749505 0.118806
vn -0.677836 -0.725282 0.120433
vn 0.046531 -0.995193 0.086176
vn -0.145107 -0.989407 0.00427
vn -0.087008 -0.993935 0.067253
vn -0.037721 -0.998228 0.046012
vn 0.037728 -0.998153 0.047608
vn -0.041255 -0.997714 0.05352
vn 0.041251 -0.997621 0.055243
vn -0.080694 -0.994231 0.070669
vn -0.144687 -0.986543 0.076154
vn -0.146019 -0.985963 0.080967
vn -0.181721 -0.982028 0.050976
vn -0.088058 -0.991353 0.097285
vn -0.087173 -0.995821 0.02724
vn -0.103025 -0.992958 0.058489
vn -0.07236 -0.995219 0.065604
vn -0.035168 -0.997941 0.053638
vn -0.035202 -0.998905 0.03083
vn -0.044155 -0.997854 0.04835
vn -0.020263 -0.998726 0.046222
vn 0.122633 -0.985248 0.119362
vn 0.046531 -0.995192 0.086179
vn 0.073269 -0.995958 0.051949
vn 0.099184 -0.991626 0.082707
vn 0.123959 -0.985519 0.115701
vn 0.009111 -0.998466 0.054622
vn 0.040455 -0.998398 0.039569
vn 0.04265 -0.997864 0.049487
vn 0.005616 -0.998195 0.059789
vn -0.029011 -0.995787 0.086988
vn -0.015104 -0.998128 0.059258
vn -0.029092 -0.998538 0.045558
vn 0.0 -0.99709 0.076237
vn 0.02905 -0.997126 0.069975
vn 0.003536 -0.998727 0.050316
vn 0.02909 -0.998482 0.046774
vn 0.072346 -0.995016 0.06862
vn 0.086962 -0.993685 0.070904
vn 0.08714 -0.995715 0.03095
vn 0.1451 -0.989363 0.010346
vn 0.181644 -0.981615 0.058636
vn 0.14594 -0.985452 0.087099
vn 0.088006 -0.990997 0.100895
vn 0.102946 -0.992702 0.062813
vn 0.144617 -0.986064 0.082245
vn 0.080676 -0.993985 0.074063
vn 0.258163 -0.960617 0.102798
vn 0.201393 -0.973331 0.109853
vn 0.185555 -0.854045 0.48598
vn 0.194008 -0.828916 0.524651
vn 0.124591 -0.824529 0.551933
vn 0.129766 -0.858778 0.495643
vn 0.236731 -0.899209 0.367942
vn 0.299066 -0.90242 0.310159
vn 0.200574 -0.803331 0.56074
vn 0.129321 -0.822401 0.554015
vn 0.09577 -0.81225 0.575394
vn 0.129495 -0.823513 0.55232
vn 0.127895 -0.785424 0.6056
vn 0.130861 -0.803638 0.580553
vn 0.095026 -0.786854 0.609779
vn 0.096992 -0.786764 0.609586
vn 0.340922 -0.932103 0.122293
vn 0.322 -0.939302 0.118439
vn 0.377852 -0.859703 0.343713
vn 0.370918 -0.86732 0.331926
vn 0.307157 -0.895065 0.323286
vn 0.344693 -0.803122 0.485985
vn 0.307976 -0.867444 0.390758
vn 0.306008 -0.861899 0.404337
vn 0.255633 -0.857332 0.446803
vn 0.365614 -0.893321 0.261351
vn 0.369413 -0.892056 0.260329
vn 0.387061 -0.903666 0.183225
vn 0.369857 -0.903687 0.215767
vn 0.414081 -0.875811 0.247977
vn 0.095546 -0.76116 0.641487
vn 0.198184 -0.750967 0.629898
vn 0.131841 -0.785134 0.60513
vn 0.128473 -0.765079 0.630991
vn 0.397642 -0.874036 0.279182
vn 0.440649 -0.848005 0.294474
vn 0.418802 -0.873309 0.248869
vn 0.438987 -0.85356 0.280581
vn 0.093821 -0.735336 0.671177
vn 0.199848 -0.723605 0.660649
vn 0.128647 -0.746218 0.653153
vn 0.128486 -0.745285 0.654249
vn 0.408259 -0.8803 0.241653
vn 0.411073 -0.879546 0.23962
vn 0.468127 -0.846111 0.25486
vn 0.417285 -0.877098 0.237848
vn 0.489995 -0.843232 0.221055
vn 0.46986 -0.842256 0.264264
vn 0.514657 -0.83117 0.210441
vn 0.091737 -0.709631 0.698576
vn 0.127955 -0.725664 0.676047
vn 0.124672 -0.707045 0.696092
vn 0.09278 -0.709542 0.698528
vn 0.369835 -0.828143 0.42119
vn 0.403673 -0.8175 0.410782
vn 0.429762 -0.782295 0.450909
vn 0.445427 -0.824094 0.349948
vn 0.495047 -0.815165 0.300724
vn 0.512704 -0.77372 0.372144
vn 0.456528 -0.809024 0.37022
vn 0.515375 -0.762638 0.39086
vn 0.372242 -0.762465 0.529229
vn 0.273598 -0.754475 0.596583
vn 0.197705 -0.697146 0.68913
vn 0.522336 -0.808333 0.271591
vn 0.001955 -0.696987 0.717081
vn 0.122486 -0.687614 0.71567
vn 0.199731 -0.697173 0.688518
vn 0.551865 -0.76679 0.327839
vn 0.532101 -0.805751 0.260066
vn 0.499072 -0.803336 0.324928
vn 0.554898 -0.753595 0.352395
vn 0.528137 -0.789785 0.311948
vn 0.538347 -0.787416 0.300265
vn 0.58144 -0.754994 0.303169
vn 0.347197 -0.705456 0.617888
vn 0.348904 -0.708926 0.612936
vn 0.244324 -0.703218 0.667675
vn 0.424533 -0.661094 0.618649
vn 0.438876 -0.657278 0.612677
vn 0.566743 -0.789588 0.235273
vn 0.628496 -0.734978 0.254558
vn 0.585755 -0.760599 0.279964
vn 0.534441 -0.799213 0.275012
vn 0.59353 -0.747131 0.299194
vn 0.5714 -0.782478 0.247448
vn 0.440238 -0.685551 0.579837
vn 0.578774 -0.664621 0.472545
vn 0.566343 -0.726282 0.389577
vn 0.537967 -0.722853 0.433676
vn 0.49125 -0.6696 0.557054
vn 0.192209 -0.670917 0.716189
vn 0.190311 -0.671077 0.716546
vn 0.351496 -0.66189 0.662082
vn 0.649872 -0.732923 0.201223
vn 0.576422 -0.789355 0.211321
vn 0.369052 -0.663341 0.650983
vn 0.344258 -0.648261 0.67915
vn 0.547943 -0.674701 0.494507
vn 0.549426 -0.661374 0.510603
vn 0.498663 -0.679703 0.537902
vn 0.568225 -0.714739 0.407761
vn 0.611006 -0.709292 0.351534
vn 0.50485 -0.660852 0.555339
vn 0.541739 -0.650711 0.532066
vn 0.624157 -0.665243 0.409731
vn 0.625037 -0.664701 0.40927
vn 0.631423 -0.617886 0.468532
vn 0.618261 -0.667575 0.414845
vn 0.668894 -0.615161 0.417322
vn 0.622451 -0.673425 0.398815
vn 0.624623 -0.671562 0.39856
vn 0.655135 -0.665773 0.357134
vn 0.610915 -0.702024 0.365985
vn 0.71377 -0.619995 0.325789
vn 0.671895 -0.671709 0.312032
vn 0.723777 -0.617189 0.308584
vn 0.640381 -0.692903 0.331357
vn 0.670353 -0.678391 0.300688
vn 0.679508 -0.63388 0.369412
vn 0.679518 -0.633783 0.369559
vn 0.67645 -0.721194 0.149314
vn 0.63064 -0.761357 0.150428
vn 0.661055 -0.726791 0.186496
vn 0.650025 -0.74638 0.142774
vn 0.621996 -0.769856 0.142976
vn 0.596742 -0.776846 0.201022
vn 0.680045 -0.679856 0.274472
vn 0.706864 -0.665515 0.239654
vn 0.675576 -0.621307 0.396957
vn 0.71735 -0.604835 0.34581
vn 0.754885 -0.545444 0.364196
vn 0.717227 -0.604841 0.346054
vn 0.682379 -0.594431 0.425455
vn 0.754332 -0.614238 0.231722
vn 0.695531 -0.672487 0.252979
vn 0.749594 -0.61038 0.25602
vn 0.708122 -0.662341 0.24468
vn 0.756631 -0.612674 0.228343
vn 0.702601 -0.679323 0.211831
vn 0.585219 -0.611437 0.5326
vn 0.686369 -0.501288 0.526885
vn 0.650192 -0.592439 0.475674
vn 0.543887 -0.628363 0.55619
vn 0.674904 -0.595362 0.435946
vn 0.752175 -0.502399 0.426413
vn 0.685912 -0.539488 0.488342
vn 0.702908 -0.678533 0.21334
vn 0.767935 -0.598465 0.228289
vn 0.762579 -0.61749 0.192821
vn 0.720812 -0.672174 0.169149
vn 0.781608 -0.596982 0.180835
vn 0.721141 -0.662622 0.202205
vn 0.796658 -0.531558 0.287719
vn 0.764568 -0.552441 0.332031
vn 0.739857 -0.655539 0.151264
vn 0.786722 -0.5823 0.204927
vn 0.753098 -0.633507 0.177517
vn 0.799886 -0.578991 0.157957
vn 0.831838 -0.543351 0.113203
vn 0.782597 -0.597737 0.173933
vn 0.721613 -0.663056 0.199075
vn 0.734731 -0.490747 0.468334
vn 0.799754 -0.544178 0.253503
vn 0.797122 -0.52926 0.290656
vn 0.834385 -0.467094 0.292617
vn 0.845953 -0.466457 0.25842
vn 0.840957 -0.470773 0.266767
vn 0.80382 -0.541098 0.247157
vn 0.830133 -0.523368 0.192264
vn 0.870693 -0.446434 0.206375
vn 0.880428 -0.388932 0.271254
vn 0.915828 -0.307247 0.25857
vn 0.894282 -0.402664 0.195247
vn 0.872664 -0.447445 0.195576
vn 0.932755 -0.256314 0.253519
vn 0.944809 -0.235313 0.227957
vn 0.899225 -0.319964 0.298357
vn 0.879397 -0.340415 0.332835
vn 0.899009 -0.317473 0.301652
vn 0.935701 -0.281412 0.21277
vn 0.903103 -0.373267 0.212311
vn 0.880831 -0.387609 0.271837
vn 0.898623 -0.362114 0.247689
vn 0.938227 -0.280179 0.203052
vn 0.933818 -0.264426 0.240962
vn 0.929336 -0.257415 0.26471
vn 0.938124 -0.221228 0.266425
vn 0.921175 -0.260846 0.288785
vn 0.955541 -0.227768 0.187253
vn 0.939745 -0.280633 0.195253
vn 0.963651 -0.153983 0.218324
vn 0.975849 -0.117883 0.183911
vn 0.988851 -0.053187 0.139089
vn 0.932281 -0.218383 0.288376
vn 0.999514 0.03107 0.002319
vn 0.994502 -0.024663 0.101772
vn -0.027912 -0.691028 0.722289
vn -0.093187 -0.71266 0.695292
vn -0.042413 -0.678176 0.733675
vn -0.044712 -0.714935 0.697759
vn -0.042182 -0.678435 0.733448
vn -0.068371 -0.718687 0.691964
vn -0.045609 -0.733553 0.6781
vn -0.094604 -0.731811 0.67491
vn -0.042041 -0.678627 0.733279
vn -0.045444 -0.733556 0.678108
vn -0.06193 -0.742617 0.666846
vn -0.045894 -0.746093 0.664259
vn -0.061143 -0.73318 0.67728
vn -0.095004 -0.744606 0.660709
vn -0.062151 -0.752127 0.65608
vn -0.095089 -0.757523 0.645846
vn -0.062156 -0.752187 0.656012
vn -0.094989 -0.770514 0.630306
vn -0.063142 -0.771186 0.633471
vn -0.061601 -0.75236 0.655865
vn -0.09273 -0.867345 0.488992
vn -0.33892 -0.66089 0.669595
vn -0.424974 -0.630698 0.649321
vn -0.527109 -0.603027 0.59876
vn -0.477567 -0.639719 0.602237
vn -0.493325 -0.675129 0.548481
vn -0.421796 -0.630804 0.651287
vn -0.144972 -0.874217 0.463387
vn -0.071522 -0.90496 0.419443
vn -0.138626 -0.886714 0.441045
vn -0.179668 -0.901338 0.394093
vn -0.50214 -0.719262 0.480123
vn -0.475589 -0.764934 0.434386
vn -0.390811 -0.747948 0.536507
vn -0.44726 -0.691605 0.567134
vn -0.473993 -0.71547 0.513257
vn -0.52726 -0.708468 0.469116
vn -0.443716 -0.716631 0.538103
vn -0.168794 -0.935142 0.311477
vn -0.132522 -0.926857 0.351247
vn -0.105172 -0.900104 0.422791
vn -0.051461 -0.936818 0.34601
vn -0.03829 -0.950651 0.30789
vn -0.090139 -0.945239 0.313683
vn -0.086341 -0.941233 0.326535
vn -0.074961 -0.966322 0.246175
vn -0.845758 -0.337148 0.413551
vn -0.803002 -0.401528 0.440412
vn -0.207723 -0.66386 0.71843
vn -0.042394 -0.962841 0.266722
vn -0.829439 -0.4098 0.379599
vn -0.86032 -0.390549 0.327598
vn -0.840822 -0.353892 0.409609
vn -0.940741 -0.20419 0.270763
vn -0.973898 -0.128616 0.187031
vn -0.791646 -0.48158 0.376003
vn -0.699867 -0.556986 0.447162
vn -0.72176 -0.542852 0.429388
vn -0.755805 -0.49144 0.432719
vn -0.098743 -0.975488 0.196656
vn -0.138576 -0.953539 0.267508
vn -0.142452 -0.95617 0.255823
vn -0.182187 -0.95689 0.226205
vn -0.059294 -0.970761 0.232608
vn -0.097299 -0.974675 0.20135
vn -0.884982 -0.324596 0.333834
vn -0.824154 -0.400213 0.40075
vn -0.872513 -0.385096 0.300703
vn -0.884747 -0.305801 0.351723
vn -0.857594 -0.39372 0.330933
vn -0.885729 -0.325855 0.330608
vn -0.90937 -0.283357 0.304558
vn -0.765995 -0.549729 0.333241
vn -0.802936 -0.485595 0.345675
vn -0.779443 -0.492905 0.38667
vn -0.7449 -0.548732 0.379496
vn -0.734147 -0.557493 0.387594
vn -0.129646 -0.975439 0.178074
vn -0.143734 -0.982999 0.11425
vn -0.120539 -0.985939 0.115739
vn -0.077389 -0.994109 0.075888
vn -0.067417 -0.98977 0.125739
vn -0.074237 -0.9895 0.124014
vn -0.972988 -0.136374 0.186269
vn -0.976448 -0.136859 0.166793
vn -0.977757 -0.1506 0.145984
vn -0.960037 -0.208284 0.186941
vn -0.961503 -0.218149 0.167101
vn -0.974281 -0.188033 0.124181
vn -0.773219 -0.564892 0.288146
vn -0.805849 -0.54748 0.22555
vn -0.74294 -0.622852 0.245141
vn -0.739176 -0.622125 0.25803
vn -0.733837 -0.626052 0.26371
vn -0.775139 -0.565216 0.282296
vn -0.980851 -0.129826 0.145176
vn -0.973103 -0.181866 0.141403
vn -0.959696 -0.211801 0.184724
vn -0.986764 -0.121383 0.107527
vn -0.988068 -0.130781 0.081354
vn -0.023456 -0.997718 0.063321
vn -0.023086 -0.997693 0.063847
vn -0.967821 -0.213594 0.133041
vn -0.98085 -0.142957 0.132275
vn -0.976402 -0.149816 0.155545
vn -0.978778 -0.159354 0.128845
vn -0.972202 -0.206766 0.109869
vn -0.915352 -0.365573 0.168781
vn -0.936503 -0.298961 0.18326
vn -0.924241 -0.356697 0.136183
vn -0.90487 -0.385807 0.179898
vn -0.939461 -0.296028 0.172571
vn -0.923485 -0.349075 0.159127
vn -0.638104 -0.745181 0.193724
vn -0.634889 -0.744297 0.207213
vn -0.679725 -0.695479 0.232988
vn -0.705032 -0.683497 0.189105
vn -0.636088 -0.743579 0.206113
vn -0.677828 -0.694957 0.239967
vn -0.947596 -0.291892 0.129852
vn -0.948222 -0.298789 0.107703
vn -0.938094 -0.314579 0.144977
vn -0.905451 -0.38989 0.167763
vn -0.92706 -0.343374 0.150514
vn -0.929659 -0.323173 0.176899
vn -0.931106 -0.330344 0.154642
vn -0.915467 -0.380366 0.131312
vn -0.592076 -0.791114 0.153575
vn -0.548528 -0.822445 0.150668
vn -0.530667 -0.836601 0.135984
vn -0.601595 -0.784655 0.149663
vn -0.519414 -0.838582 0.164283
vn -0.578052 -0.793925 0.188517
vn -0.390277 -0.912061 0.125812
vn -0.390622 -0.911774 0.126813
vn -0.434638 -0.88476 0.168196
vn -0.374742 -0.914265 0.153907
vn -0.456204 -0.87807 0.144466
vn -0.439276 -0.881348 0.17396
vn -0.258053 -0.960205 0.106842
vn -0.317597 -0.93989 0.125455
vn -0.326301 -0.938751 0.110791
vn 0.068097 -0.99407 0.084783
vn 0.05999 -0.993992 0.091547
vn 0.09206 -0.9874 0.128714
vn 0.08453 -0.987201 0.135238
vn 0.09585 -0.991838 0.084083
vn 0.120586 -0.985351 0.120593
vn 0.089404 -0.979075 0.182806
vn 0.139376 -0.97202 0.189082
vn 0.09527 -0.986389 0.134019
vn 0.069415 -0.978594 0.193739
vn 0.108416 -0.964401 0.2412
vn 0.09899 -0.97228 0.211832
vn 0.071871 -0.957404 0.279663
vn 0.180545 -0.9485 0.26029
vn 0.151884 -0.951516 0.267487
vn 0.081838 -0.956563 0.279802
vn 0.096193 -0.940758 0.325149
vn 0.16692 -0.924757 0.341997
vn 0.086645 -0.872593 0.480701
vn 0.09153 -0.909203 0.406168
vn 0.13451 -0.923862 0.358309
vn 0.047367 -0.907886 0.416532
vn 0.137223 -0.886446 0.442022
vn 0.13827 -0.884413 0.445753
vn 0.179126 -0.89862 0.400494
vn 0.257737 -0.959029 0.11762
vn 0.317034 -0.938225 0.138651
vn 0.325807 -0.937224 0.124342
vn 0.094749 -0.768567 0.632714
vn 0.094843 -0.75556 0.648178
vn 0.063036 -0.769884 0.635063
vn 0.061496 -0.751077 0.657344
vn 0.094752 -0.742634 0.66296
vn 0.045835 -0.745133 0.66534
vn 0.062049 -0.750893 0.657503
vn 0.062044 -0.750833 0.657571
vn 0.041987 -0.677754 0.734089
vn 0.094349 -0.72984 0.677076
vn 0.061036 -0.731899 0.678674
vn 0.061822 -0.741323 0.668295
vn 0.045385 -0.732602 0.679143
vn 0.042128 -0.677559 0.734261
vn 0.068234 -0.717252 0.693465
vn 0.04555 -0.732596 0.679138
vn 0.044653 -0.713994 0.698726
vn 0.027893 -0.690442 0.72285
vn 0.092933 -0.710713 0.697317
vn 0.042358 -0.677295 0.734491
vn 0.433238 -0.881883 0.185976
vn 0.3898 -0.909742 0.142915
vn 0.437796 -0.878359 0.191885
vn 0.38951 -0.910002 0.142047
vn 0.373773 -0.911934 0.16932
vn 0.454852 -0.875469 0.163289
vn 0.497094 -0.711903 0.496076
vn 0.387413 -0.741312 0.548059
vn 0.439205 -0.709454 0.551156
vn 0.471471 -0.758184 0.450413
vn 0.442436 -0.684296 0.579646
vn 0.468918 -0.708063 0.527981
vn 0.521742 -0.701053 0.486117
vn 0.54899 -0.817469 0.174224
vn 0.590451 -0.787324 0.177449
vn 0.51722 -0.835309 0.186392
vn 0.529186 -0.833763 0.157483
vn 0.575995 -0.789528 0.211838
vn 0.599873 -0.780923 0.174103
vn 0.631783 -0.739522 0.232289
vn 0.634655 -0.740464 0.221194
vn 0.686927 -0.693299 0.217869
vn 0.632183 -0.73929 0.231939
vn 0.675397 -0.690169 0.259818
vn 0.727742 -0.62057 0.292037
vn 0.732727 -0.617008 0.287077
vn 0.767368 -0.560142 0.31207
vn 0.737031 -0.618018 0.273565
vn 0.765674 -0.559798 0.316812
vn 0.798897 -0.543595 0.257425
vn 0.712059 -0.535735 0.453828
vn 0.781424 -0.475387 0.404207
vn 0.74515 -0.484563 0.458204
vn 0.690597 -0.549493 0.470249
vn 0.769558 -0.486244 0.413941
vn 0.725011 -0.550821 0.413468
vn 0.793354 -0.479513 0.375041
vn 0.757378 -0.543788 0.361486
vn 0.735963 -0.541971 0.405741
vn 0.80028 -0.483699 0.354383
vn 0.855998 -0.38947 0.339971
vn 0.817414 -0.470368 0.332548
vn 0.825588 -0.470602 0.311349
vn 0.865883 -0.388877 0.314676
vn 0.833443 -0.467839 0.294108
vn 0.872041 -0.391643 0.293531
vn 0.868632 -0.394844 0.299295
vn 0.818042 -0.404365 0.409018
vn 0.835873 -0.519695 0.176729
vn 0.829979 -0.523271 0.19319
vn 0.855895 -0.479039 0.194849
vn 0.874938 -0.451992 0.173746
vn 0.859448 -0.46223 0.218387
vn 0.790817 -0.395418 0.467176
vn 0.850026 -0.385632 0.358808
vn 0.812313 -0.394647 0.42942
vn 0.847016 -0.388945 0.362334
vn 0.866937 -0.378212 0.324617
vn 0.878207 -0.339954 0.336428
vn 0.898176 -0.279931 0.338997
vn 0.873715 -0.320199 0.36619
vn 0.874558 -0.321495 0.363028
vn 0.872931 -0.301459 0.383556
vn 0.896954 -0.385835 0.21588
vn 0.917988 -0.357449 0.171837
vn 0.907885 -0.365847 0.204699
vn 0.928121 -0.298388 0.222611
vn 0.916294 -0.348845 0.196756
vn 0.927478 -0.318372 0.196021
vn 0.897908 -0.389915 0.204273
vn 0.92013 -0.343398 0.18825
vn 0.910607 -0.379647 0.163288
vn 0.941741 -0.291322 0.168091
vn 0.940677 -0.287281 0.180546
vn 0.920407 -0.335927 0.20001
vn 0.923712 -0.331058 0.192759
vn 0.921332 -0.323442 0.215714
vn -0.998257 0.0 0.059025
vn 0.958139 0.142909 0.248086
vn 0.877257 0.294418 0.379127
vn 0.871622 0.329379 0.363021
vn 0.843859 0.349798 0.406871
vn 0.816611 0.421353 0.394472
vn 0.829627 0.382235 0.406958
vn 0.801612 0.422134 0.423345
vn 0.030067 0.990246 0.136049
vn 0.076273 0.985698 0.150271
vn 0.018884 0.997825 0.063153
vn 0.000125 0.99861 0.052706
vn 0.009063 0.998165 0.059869
vn 0.000204 0.998603 0.052841
vn 0.0107 0.998136 0.06008
vn 0.143601 0.97869 0.146782
vn 0.201193 0.963298 0.1777
vn 0.163156 0.978706 0.124559
vn 0.187286 0.963035 0.193619
vn -0.012793 0.997257 0.072904
vn -0.03393 0.99689 0.071126
vn 0.319057 0.93886 0.129402
vn 0.326803 0.93824 0.113603
vn 0.389786 0.910644 0.137092
vn 0.382246 0.911418 0.152332
vn 0.317182 0.93937 0.130305
vn 0.382287 0.91139 0.152398
vn 0.252282 0.962542 0.099328
vn 0.2623 0.960432 0.093646
vn 0.257988 0.960023 0.108618
vn 0.198402 0.976492 0.084263
vn 0.200557 0.976681 0.07662
vn -0.026285 0.892057 0.451159
vn -0.042651 0.869199 0.492619
vn -0.074106 0.844338 0.530661
vn -0.00706 0.874523 0.484932
vn -0.026621 0.846542 0.531655
vn -0.064494 0.789731 0.610054
vn -0.093137 0.789948 0.606059
vn -0.040925 0.778883 0.625832
vn -0.095324 0.789322 0.606535
vn -0.048596 0.790025 0.611145
vn -0.012879 0.723282 0.690432
vn -0.020618 0.827288 0.5614
vn -0.008786 0.744903 0.667114
vn -0.426115 0.630658 0.648612
vn -0.389097 0.624995 0.676746
vn -0.426079 0.629822 0.649447
vn -0.508093 0.600821 0.617135
vn -0.686274 0.521412 0.507107
vn -0.774122 0.42135 0.47244
vn -0.683635 0.508019 0.523984
vn -0.620728 0.542793 0.565749
vn 0.484547 0.58834 0.647356
vn 0.433659 0.59889 0.673254
vn 0.44317 0.586827 0.677669
vn 0.940683 0.180312 0.287409
vn 0.250808 0.646151 0.720822
vn 0.012139 0.694597 0.719297
vn 0.030817 0.930652 0.364605
vn 0.064931 0.929596 0.362816
vn 0.01596 0.913266 0.407052
vn 0.373213 0.631803 0.679365
vn 0.735469 0.425116 0.527599
vn 0.556007 0.551809 0.621581
vn 0.750614 0.444717 0.488678
vn 0.832294 0.345772 0.433277
vn 0.82407 0.350753 0.444837
vn 0.808836 0.416043 0.415563
vn 0.858878 0.330632 0.391167
vn 0.815339 0.411908 0.406885
vn 0.819887 0.393894 0.41549
vn 0.0 0.996727 0.080842
vn 0.036477 0.996823 0.070805
vn 0.002873 0.887269 0.461243
vn 0.006166 0.996194 0.086945
vn 0.005739 0.997451 0.071122
vn 0.014848 0.996932 0.076854
vn -0.836469 0.346834 0.424295
vn -0.932359 0.244669 0.266163
vn -0.854603 0.345561 0.38761
vn 0.753237 0.456444 0.473595
vn 0.716194 0.466267 0.51929
vn 0.635236 0.534951 0.557048
vn 0.685676 0.527683 0.501397
vn 0.024543 0.951071 0.307995
vn 0.060057 0.96566 0.252772
vn 0.083094 0.966015 0.244766
vn 0.038504 0.98084 0.190974
vn 0.007494 0.972771 0.231647
vn 0.021814 0.993571 0.11109
vn -0.000485 0.998717 0.050639
vn -0.014103 0.996912 0.07725
vn -0.000484 0.998719 0.050605
vn -0.000299 0.997827 0.065888
vn -0.030321 0.996039 0.083583
vn -0.00066 0.979875 0.199613
vn -0.002076 0.999915 0.012853
vn -0.007157 0.991386 0.130779
vn -0.006864 0.769674 0.6384
vn -0.030364 0.982871 0.181776
vn -0.019513 0.980233 0.19688
vn -0.012785 0.991082 0.132639
vn -0.014015 0.992425 0.122046
vn -0.014351 0.970999 0.238654
vn -0.052522 0.982928 0.176336
vn -0.186825 0.662903 0.725021
vn -0.461001 0.598913 0.654813
vn -0.666075 0.531533 0.523275
vn -0.965929 0.178985 0.186939
vn -0.884274 0.293245 0.36341
vn -0.411134 0.607666 0.679493
vn -0.46218 0.597298 0.655458
vn -0.947509 0.217785 0.234088
vn -0.879762 0.30366 0.365799
vn -0.453972 0.61054 0.648961
vn -0.414524 0.606518 0.678459
vn -0.462563 0.596694 0.655737
vn -0.868205 0.310979 0.386669
vn -0.870881 0.324678 0.368985
vn -0.941343 0.200277 0.271592
vn -0.842263 0.356606 0.404259
vn -0.677921 0.479589 0.557152
vn -0.476679 0.583582 0.657426
vn -0.86821 0.330922 0.369731
vn 0.203617 0.73726 0.644195
vn 0.1949 0.738517 0.645451
vn 0.277029 0.763936 0.582801
vn 0.197788 0.792174 0.577356
vn 0.267644 0.807332 0.52591
vn 0.266612 0.80422 0.531177
vn 0.197076 0.842019 0.50216
vn 0.192289 0.885046 0.423933
vn 0.251383 0.843079 0.475419
vn 0.17677 0.886802 0.427007
vn 0.16673 0.923699 0.344937
vn 0.237839 0.903416 0.356751
vn 0.273706 0.926792 0.257179
vn 0.211096 0.928863 0.304387
vn 0.211766 0.931814 0.294751
vn 0.183429 0.963645 0.194273
vn 0.472867 0.838842 0.269705
vn 0.930533 0.243326 0.273681
vn 0.397402 0.880086 0.259846
vn 0.956132 0.207048 0.207227
vn 0.91291 0.305196 0.271018
vn 0.882113 0.386739 0.268903
vn 0.804502 0.540205 0.246892
vn 0.202516 0.969634 0.137105
vn 0.123066 0.988738 0.085157
vn 0.2247 0.966562 0.123565
vn 0.701071 0.681189 0.210903
vn 0.644646 0.741901 0.18443
vn 0.694809 0.700049 0.16484
vn 0.041264 0.997942 0.049075
vn 0.550099 0.824799 0.130763
vn 0.456082 0.877836 0.146261
vn 0.574449 0.809808 0.119247
vn 0.181324 0.979891 0.083279
vn 0.536252 0.839203 0.090402
vn 0.47704 0.871631 0.112661
vn 0.477838 0.868613 0.131085
vn 0.39054 0.912407 0.12244
vn 0.477411 0.867837 0.137612
vn -0.041267 0.998026 0.047334
vn 0.399692 0.911484 0.097178
vn 0.322667 0.94125 0.099675
vn 0.40425 0.909651 0.095482
vn 0.403288 0.907488 0.117576
vn -0.200988 0.962317 0.183165
vn 0.109286 0.992781 0.04943
vn 0.115741 0.991599 0.057752
vn 0.252682 0.96407 0.081982
vn 0.314322 0.945374 0.086426
vn 0.326057 0.940198 0.098558
vn 0.326545 0.941604 0.082161
vn -0.274507 0.929502 0.246319
vn -0.183743 0.965058 0.186818
vn 0.245223 0.967045 0.068484
vn 0.198313 0.977726 0.068737
vn 0.181549 0.981105 0.066877
vn 0.246702 0.966701 0.068023
vn 0.246401 0.965522 0.08399
vn -0.123175 0.989609 0.074182
vn 0.109243 0.992387 0.056872
vn 0.131599 0.98906 0.066643
vn 0.164785 0.984583 0.058672
vn 0.164646 0.983753 0.07157
vn -0.212319 0.934246 0.286539
vn -0.167129 0.925909 0.338763
vn -0.211658 0.931336 0.296333
vn -0.202435 0.969244 0.139949
vn 0.044804 0.997099 0.06154
vn 0.036519 0.998042 0.050776
vn 0.081788 0.994569 0.064362
vn 0.081849 0.995307 0.05163
vn -0.177327 0.889594 0.420925
vn -0.238677 0.906598 0.348012
vn -0.192942 0.888054 0.417293
vn -0.307864 0.936683 0.166866
vn -0.278214 0.942057 0.187418
vn -0.001568 0.99821 0.059782
vn -0.047301 0.997018 0.060977
vn -0.001568 0.998797 0.049017
vn -0.036513 0.998115 0.049325
vn -0.084896 0.994532 0.060811
vn -0.119493 0.991219 0.056623
vn -0.167346 0.984444 0.053525
vn -0.084953 0.995206 0.048446
vn -0.109268 0.992618 0.05263
vn -0.197964 0.845506 0.495913
vn -0.252637 0.847283 0.46721
vn -0.167933 0.984356 0.05331
vn -0.181631 0.981549 0.059771
vn -0.233386 0.970228 0.064717
vn -0.167822 0.983707 0.064472
vn -0.198743 0.796001 0.571738
vn -0.269235 0.81213 0.517646
vn -0.268207 0.809029 0.523008
vn -0.249642 0.96555 0.073427
vn -0.316985 0.945669 0.072321
vn -0.249889 0.966505 0.058507
vn -0.252939 0.964787 0.072165
vn -0.278921 0.769154 0.574983
vn -0.195856 0.742422 0.640663
vn -0.204815 0.741306 0.639152
vn -0.398122 0.913797 0.08046
vn -0.323085 0.942469 0.085834
vn -0.327794 0.942265 0.068467
vn -0.327396 0.941123 0.08426
vn -0.480021 0.872254 0.093562
vn -0.391197 0.914209 0.105772
vn -0.403057 0.909604 0.100826
vn -0.403883 0.911469 0.07812
vn -0.541464 0.834422 0.102747
vn -0.581512 0.808006 0.094712
vn -0.457208 0.880003 0.128666
vn -0.479506 0.869543 0.11819
vn -0.480789 0.871869 0.093207
vn -0.554155 0.82516 0.109654
vn -0.648405 0.744523 0.158924
vn -0.6963 0.704815 0.135654
vn -0.707436 0.682904 0.182144
vn -0.810217 0.545405 0.214666
vn -0.85292 0.470299 0.2266
vn -0.889848 0.391577 0.234174
vn -0.920754 0.3089 0.238313
vn -0.948254 0.236171 0.212222
vn -0.937037 0.25749 0.235924
vn -0.961096 0.216142 0.171979
vn -0.968733 0.178671 0.172141
vn 0.091841 0.710215 0.697969
vn 0.09278 0.709542 0.698528
vn 0.091735 0.709631 0.698576
vn 0.127955 0.725665 0.676046
vn 0.093821 0.735336 0.671177
vn 0.124671 0.707045 0.696092
vn 0.199846 0.723605 0.660649
vn 0.188388 0.678971 0.709583
vn 0.039757 0.687274 0.725309
vn 0.262561 0.663402 0.700685
vn 0.095544 0.761162 0.641486
vn 0.198185 0.750966 0.629899
vn 0.128487 0.745286 0.654248
vn 0.128648 0.746217 0.653154
vn 0.096995 0.786764 0.609586
vn 0.128473 0.76508 0.630989
vn 0.131841 0.785134 0.60513
vn 0.095026 0.786855 0.609779
vn 0.127896 0.785424 0.6056
vn 0.130862 0.803638 0.580553
vn 0.095766 0.812251 0.575393
vn 0.200573 0.803331 0.560741
vn 0.270075 0.690362 0.671163
vn 0.24947 0.698694 0.670515
vn 0.293273 0.666003 0.685879
vn 0.129319 0.822403 0.554013
vn 0.129493 0.823513 0.552321
vn 0.194009 0.828916 0.52465
vn 0.185554 0.854046 0.485978
vn 0.124591 0.824529 0.551932
vn 0.129766 0.858778 0.495641
vn 0.329818 0.717738 0.613248
vn 0.332991 0.707982 0.622799
vn 0.372241 0.762465 0.529229
vn 0.273598 0.754475 0.596583
vn 0.500129 0.65005 0.572106
vn 0.575498 0.665756 0.474944
vn 0.581471 0.580319 0.570194
vn 0.505539 0.657082 0.559172
vn 0.561131 0.649136 0.513571
vn 0.598017 0.596831 0.534947
vn 0.64973 0.609977 0.453628
vn 0.624764 0.586538 0.515405
vn 0.255633 0.857332 0.446804
vn 0.344693 0.803122 0.485986
vn 0.394058 0.810868 0.43268
vn 0.381134 0.812805 0.44055
vn 0.430596 0.817572 0.382312
vn 0.236732 0.899209 0.367942
vn 0.299066 0.902419 0.31016
vn 0.307977 0.867444 0.390756
vn 0.306008 0.861899 0.404338
vn 0.818607 0.419972 0.3918
vn 0.789018 0.468185 0.397812
vn 0.783407 0.473501 0.402579
vn 0.783107 0.464677 0.413301
vn 0.767475 0.487834 0.415933
vn 0.669114 0.60098 0.43716
vn 0.37081 0.886079 0.278142
vn 0.324627 0.877979 0.35181
vn 0.360644 0.867788 0.341878
vn 0.46262 0.820664 0.335401
vn 0.432287 0.817209 0.381179
vn 0.682115 0.612657 0.399212
vn 0.754885 0.545444 0.364197
vn 0.737262 0.531296 0.417336
vn 0.774577 0.531885 0.342242
vn 0.725564 0.522866 0.447401
vn 0.789117 0.476952 0.387053
vn 0.569791 0.725362 0.386248
vn 0.560237 0.749929 0.351768
vn 0.948273 0.208237 0.239614
vn 0.946106 0.185063 0.265773
vn 0.955057 0.186814 0.230146
vn 0.500399 0.792045 0.349665
vn 0.562629 0.748392 0.351224
vn 0.764494 0.552387 0.332292
vn 0.823862 0.459353 0.332033
vn 0.835582 0.465887 0.291121
vn 0.610036 0.723753 0.322548
vn 0.554176 0.767974 0.321099
vn 0.610105 0.724657 0.32038
vn 0.673241 0.673054 0.306177
vn 0.880342 0.388451 0.27222
vn 0.916209 0.306299 0.258346
vn 0.860097 0.398116 0.318962
vn 0.99525 0.025318 0.094003
vn 0.973432 0.123084 0.19308
vn 0.960242 0.164183 0.225787
vn 0.278223 0.942085 0.187265
vn 0.309658 0.919413 0.242471
vn 0.34562 0.91597 0.20383
vn 0.297567 0.940068 0.16651
vn 0.989211 0.048144 0.138359
vn 0.995637 0.0231 0.090409
vn 0.796785 0.531443 0.287578
vn 0.579512 0.731097 0.360088
vn 0.619904 0.737408 0.268232
vn 0.627313 0.733594 0.261379
vn 0.531482 0.799824 0.278942
vn 0.581179 0.751684 0.311772
vn 0.797318 0.528818 0.290921
vn 0.841212 0.470152 0.267058
vn 0.846402 0.465678 0.258354
vn 0.800031 0.543528 0.254021
vn 0.834756 0.466543 0.292439
vn 0.936893 0.279929 0.209455
vn 0.882097 0.386732 0.268966
vn 0.908917 0.363003 0.205178
vn 0.548103 0.797519 0.252084
vn 0.545796 0.794162 0.267234
vn 0.573955 0.785976 0.229819
vn 0.680002 0.679813 0.274685
vn 0.95537 0.230219 0.185113
vn 0.939453 0.280694 0.196567
vn 0.707003 0.665421 0.239503
vn 0.122632 0.985248 0.119364
vn 0.123958 0.985519 0.115703
vn 0.099181 0.991626 0.082706
vn 0.046532 0.995193 0.086176
vn 0.073268 0.995958 0.05195
vn 0.046531 0.995192 0.086179
vn 0.754236 0.614235 0.232042
vn 0.708177 0.662386 0.244399
vn 0.755662 0.613282 0.229914
vn 0.749376 0.610276 0.256902
vn 0.702051 0.680608 0.209516
vn 0.824858 0.529699 0.197557
vn 0.85475 0.470271 0.219655
vn 0.856728 0.448236 0.255151
vn 0.803754 0.539703 0.2504
vn 0.453769 0.873383 0.176908
vn 0.499271 0.839245 0.215399
vn 0.516485 0.834124 0.193601
vn 0.452467 0.874669 0.173862
vn 0.303339 0.937093 0.17275
vn 0.371447 0.908443 0.191726
vn 0.369427 0.911082 0.182902
vn 0.822658 0.518549 0.233111
vn 0.872981 0.44439 0.201052
vn 0.649405 0.733606 0.200238
vn 0.576543 0.78952 0.21037
vn 0.896755 0.396186 0.197149
vn 0.87405 0.444935 0.195113
vn 0.854342 0.480907 0.197051
vn 0.844354 0.507576 0.171561
vn 0.880593 0.439245 0.177817
vn 0.823567 0.519123 0.228578
vn 0.876376 0.44221 0.19083
vn 0.012722 0.998422 0.054692
vn 0.259369 0.965106 0.036038
vn 0.201604 0.974347 0.100021
vn 0.031195 0.996587 0.076422
vn -0.041255 0.997715 0.053508
vn 0.012721 0.998422 0.054689
vn 0.041251 0.99762 0.055256
vn 0.700493 0.680627 0.214607
vn 0.767201 0.599899 0.226988
vn 0.719592 0.673988 0.167117
vn 0.762172 0.618565 0.190976
vn 0.201103 0.975012 0.094393
vn 0.201747 0.975035 0.092764
vn 0.720018 0.663534 0.203214
vn 0.780897 0.598432 0.179103
vn -0.024332 0.99825 0.053899
vn -0.03301 0.996914 0.071219
vn -0.024333 0.99825 0.053904
vn 0.738566 0.657202 0.150352
vn 0.827819 0.548644 0.117075
vn 0.795509 0.584513 0.159718
vn 0.752028 0.635603 0.174539
vn 0.784968 0.585789 0.201684
vn 0.72115 0.664577 0.195652
vn 0.78151 0.598901 0.174814
vn 0.091657 0.993159 0.072345
vn 0.142945 0.987615 0.064681
vn 0.146505 0.986185 0.077307
vn 0.619497 0.771838 0.143142
vn 0.628766 0.762676 0.15159
vn 0.596588 0.778126 0.196475
vn 0.648882 0.746777 0.145867
vn 0.675266 0.722489 0.148411
vn 0.659457 0.728131 0.186928
vn 0.087046 0.994633 0.055924
vn 0.144618 0.98608 0.082042
vn 0.144753 0.987001 0.069825
vn 0.086422 0.987499 0.131822
vn -0.122707 0.985848 0.11422
vn -0.086697 0.994009 0.066558
vn -0.124013 0.986103 0.110554
vn -0.088919 0.993894 0.065328
vn 0.029077 0.998062 0.055017
vn 0.036511 0.99781 0.055157
vn -0.029079 0.998129 0.053791
vn 0.029071 0.997834 0.059015
vn -0.036504 0.997894 0.053627
vn -0.029073 0.997905 0.057794
vn -0.181653 0.981665 0.057759
vn -0.144629 0.986153 0.08114
vn -0.144835 0.987557 0.061269
vn -0.087014 0.993983 0.066532
vn -0.109192 0.991924 0.064528
vn -0.087077 0.994706 0.054561
vn -0.257599 0.958518 0.122012
vn -0.201575 0.974205 0.101454
vn -0.243211 0.965351 0.094586
vn -0.258107 0.96041 0.104852
vn -0.265001 0.960243 0.08779
vn -0.258672 0.96033 0.104189
vn -0.201899 0.975773 0.08428
vn -0.206141 0.975775 0.073274
vn -0.252544 0.963279 0.091191
vn -0.18626 0.857296 0.479949
vn -0.124954 0.826931 0.548245
vn -0.194907 0.83245 0.51869
vn -0.130119 0.861112 0.491483
vn -0.309062 0.941131 0.136943
vn -0.309328 0.941138 0.136295
vn -0.35323 0.915303 0.193516
vn -0.237597 0.902495 0.359236
vn -0.300222 0.905908 0.298659
vn -0.201518 0.807113 0.554941
vn -0.129711 0.824898 0.550198
vn -0.129881 0.825978 0.548535
vn -0.09599 0.814148 0.572669
vn -0.128311 0.787973 0.602192
vn -0.131283 0.806225 0.576859
vn -0.09526 0.788787 0.60724
vn -0.097238 0.788736 0.606993
vn -0.379896 0.864354 0.329502
vn -0.372818 0.871765 0.317856
vn -0.308428 0.898773 0.311577
vn -0.347124 0.808787 0.47473
vn -0.256862 0.861454 0.438086
vn -0.307597 0.866372 0.393425
vn -0.309531 0.871819 0.379633
vn -0.367128 0.896803 0.246903
vn -0.370787 0.895607 0.245772
vn -0.326513 0.938818 0.109589
vn -0.390398 0.912342 0.123375
vn -0.322615 0.941096 0.101279
vn -0.373397 0.916139 0.145825
vn -0.306511 0.943326 0.127232
vn -0.315541 0.940909 0.122978
vn -0.388163 0.906243 0.167493
vn -0.371144 0.906615 0.200751
vn -0.415942 0.879452 0.231423
vn -0.199156 0.754932 0.624831
vn -0.132282 0.787759 0.601613
vn -0.128915 0.76771 0.627695
vn -0.095793 0.76314 0.639094
vn -0.442986 0.852505 0.277487
vn -0.441175 0.8579 0.263387
vn -0.399261 0.878125 0.263605
vn -0.420443 0.877132 0.232093
vn -0.129105 0.748873 0.650017
vn -0.201036 0.727631 0.655849
vn -0.094071 0.7373 0.668983
vn -0.128945 0.747943 0.651117
vn -0.470447 0.850198 0.236312
vn -0.472265 0.846541 0.245632
vn -0.492117 0.846934 0.201305
vn -0.517024 0.834725 0.189526
vn -0.409864 0.883865 0.225374
vn -0.412839 0.883059 0.223094
vn -0.418845 0.88072 0.221137
vn -0.091985 0.71156 0.696578
vn -0.125125 0.709619 0.693386
vn -0.128424 0.728328 0.673086
vn -0.093035 0.711493 0.696507
vn -0.448314 0.829433 0.333251
vn -0.406475 0.823174 0.396438
vn -0.433305 0.788589 0.436319
vn -0.372252 0.833551 0.408193
vn -0.51692 0.779761 0.353223
vn -0.497978 0.820164 0.28169
vn -0.51985 0.768936 0.372147
vn -0.459736 0.814723 0.353369
vn -0.375211 0.768861 0.517755
vn -0.275507 0.75974 0.588975
vn -0.19884 0.701133 0.684744
vn -0.525304 0.813072 0.250936
vn -0.001954 0.697029 0.717041
vn -0.122946 0.69017 0.713127
vn -0.200389 0.701182 0.684243
vn -0.556027 0.772398 0.306979
vn -0.502307 0.808718 0.306043
vn -0.535176 0.810308 0.238722
vn -0.559401 0.759686 0.331584
vn -0.531687 0.795094 0.291777
vn -0.542032 0.79256 0.279374
vn -0.585638 0.760446 0.280625
vn -0.350479 0.711867 0.608613
vn -0.352165 0.715291 0.603604
vn -0.429258 0.668453 0.607378
vn -0.246014 0.708083 0.661887
vn -0.444414 0.664628 0.600638
vn -0.58964 0.765643 0.25713
vn -0.597757 0.752596 0.276199
vn -0.569852 0.793779 0.212564
vn -0.537625 0.803974 0.254137
vn -0.632741 0.739665 0.229204
vn -0.574582 0.787107 0.224316
vn -0.444943 0.692879 0.567401
vn -0.497038 0.677496 0.542174
vn -0.192868 0.674866 0.712291
vn -0.354968 0.668428 0.653607
vn -0.191417 0.674959 0.712593
vn -0.653294 0.736651 0.174792
vn -0.579116 0.793318 0.187809
vn -0.347745 0.654827 0.671026
vn -0.372564 0.670044 0.642057
vn -0.555845 0.669104 0.493291
vn -0.504244 0.687319 0.52281
vn -0.554103 0.682407 0.47675
vn -0.616369 0.715628 0.32858
vn -0.51187 0.668247 0.539847
vn -0.548463 0.658394 0.515466
vn -0.602889 0.708805 0.366224
vn -0.630685 0.712579 0.307356
vn -0.533244 0.716507 0.449742
vn -0.620876 0.702885 0.347081
vn -0.631189 0.654666 0.415949
vn -0.639135 0.625582 0.447385
vn -0.631166 0.678414 0.376011
vn -0.629183 0.680084 0.376316
vn -0.676696 0.622336 0.393422
vn -0.616511 0.708535 0.343355
vn -0.661537 0.672103 0.332637
vn -0.6776 0.677412 0.286307
vn -0.675792 0.68399 0.274706
vn -0.730157 0.622914 0.280802
vn -0.720351 0.625995 0.298707
vn -0.645763 0.69902 0.307183
vn -0.686469 0.64048 0.344304
vn -0.686469 0.640481 0.344303
vn -0.679215 0.72385 0.121281
vn -0.652346 0.749048 0.11564
vn -0.632949 0.764146 0.124321
vn -0.664347 0.730198 0.159545
vn -0.599606 0.780573 0.176575
vn -0.624085 0.772525 0.117148
vn -0.685191 0.685001 0.247562
vn -0.711838 0.669924 0.210923
vn -0.724705 0.610927 0.318702
vn -0.763542 0.551414 0.336075
vn -0.683088 0.628215 0.372474
vn -0.724706 0.610927 0.3187
vn -0.690508 0.601669 0.401489
vn -0.700412 0.677207 0.225419
vn -0.761827 0.61688 0.197686
vn -0.75958 0.618511 0.201205
vn -0.70675 0.683335 0.183187
vn -0.713309 0.666644 0.21628
vn -0.755368 0.615082 0.226039
vn -0.683324 0.602683 0.412119
vn -0.592721 0.619546 0.514631
vn -0.658567 0.600116 0.454038
vn -0.550954 0.636343 0.539924
vn -0.695724 0.54695 0.465633
vn -0.76218 0.509081 0.399898
vn -0.766923 0.621006 0.161802
vn -0.707054 0.682535 0.184988
vn -0.724187 0.675322 0.139615
vn -0.77323 0.602591 0.197481
vn -0.725251 0.666399 0.172986
vn -0.785851 0.600221 0.148907
vn -0.772638 0.557983 0.302797
vn -0.804262 0.536204 0.25622
vn -0.786725 0.600889 0.141405
vn -0.725715 0.666826 0.169356
vn -0.757118 0.636653 0.146442
vn -0.803722 0.581769 0.124802
vn -0.834645 0.545185 0.078367
vn -0.791742 0.585933 0.172708
vn -0.743031 0.658352 0.120324
vn -0.745294 0.497803 0.443541
vn -0.842602 0.471695 0.259856
vn -0.806233 0.548586 0.221451
vn -0.804844 0.533819 0.259351
vn -0.85333 0.470525 0.224576
vn -0.848505 0.474999 0.233269
vn -0.810125 0.545343 0.21517
vn -0.876606 0.449732 0.171183
vn -0.835226 0.526579 0.158466
vn -0.888798 0.392678 0.23631
vn -0.924421 0.31013 0.221957
vn -0.878276 0.450589 0.160001
vn -0.900308 0.405377 0.158478
vn -0.889843 0.344459 0.29921
vn -0.908845 0.320917 0.266483
vn -0.908949 0.32338 0.263131
vn -0.952761 0.237294 0.189573
vn -0.94148 0.258711 0.216064
vn -0.889182 0.391284 0.237176
vn -0.942865 0.283567 0.174914
vn -0.909918 0.375911 0.17533
vn -0.906685 0.365363 0.210791
vn -0.945341 0.282043 0.163655
vn -0.942074 0.266764 0.203308
vn -0.938495 0.259823 0.227418
vn -0.930903 0.263601 0.25285
vn -0.947519 0.22328 0.228808
vn -0.962059 0.229321 0.147834
vn -0.946431 0.282368 0.156641
vn -0.971641 0.154889 0.17867
vn -0.993842 0.052998 0.097309
vn -0.942113 0.221172 0.252005
vn -0.982261 0.119566 0.144456
vn -0.997897 0.024747 0.059908
vn -0.998908 -0.02914 -0.036516
vn 0.027892 0.690442 0.722849
vn 0.092933 0.710714 0.697316
vn 0.042361 0.677292 0.734494
vn 0.044656 0.713995 0.698725
vn 0.042124 0.677563 0.734257
vn 0.068236 0.717253 0.693464
vn 0.045546 0.7326 0.679134
vn 0.094348 0.729839 0.677077
vn 0.041987 0.677753 0.73409
vn 0.045385 0.732606 0.679138
vn 0.094752 0.742633 0.662962
vn 0.061036 0.731898 0.678675
vn 0.061823 0.741327 0.668291
vn 0.045835 0.745136 0.665335
vn 0.094841 0.75556 0.648178
vn 0.062046 0.750892 0.657504
vn 0.062041 0.750836 0.657568
vn 0.094752 0.768565 0.632717
vn 0.063039 0.769881 0.635066
vn 0.0615 0.751077 0.657344
vn 0.386666 0.621585 0.681265
vn 0.408187 0.670546 0.619476
vn 0.292918 0.667025 0.685037
vn 0.411643 0.655789 0.632843
vn 0.378567 0.616263 0.690584
vn 0.49147 0.608643 0.622905
vn 0.493419 0.594587 0.634826
vn 0.086645 0.872593 0.480701
vn 0.138271 0.884412 0.445754
vn 0.047368 0.907887 0.416531
vn 0.137224 0.886446 0.442022
vn 0.179126 0.898619 0.400498
vn 0.166921 0.924757 0.341998
vn 0.09153 0.909203 0.406167
vn 0.134507 0.923862 0.358311
vn 0.439205 0.709454 0.551157
vn 0.387412 0.741312 0.548059
vn 0.440112 0.702973 0.558686
vn 0.497094 0.711903 0.496076
vn 0.081837 0.956563 0.279803
vn 0.071873 0.957404 0.279664
vn 0.151883 0.951516 0.267487
vn 0.180546 0.9485 0.26029
vn 0.096192 0.940758 0.325149
vn 0.504603 0.708679 0.493103
vn 0.451599 0.755234 0.475058
vn 0.502675 0.757669 0.416241
vn 0.459678 0.752165 0.472169
vn 0.500749 0.769368 0.39664
vn 0.694748 0.522578 0.494203
vn 0.7606 0.477627 0.439728
vn 0.74737 0.526746 0.40494
vn 0.75876 0.482295 0.437806
vn 0.617835 0.649867 0.442665
vn 0.561004 0.712619 0.421247
vn 0.55838 0.714255 0.421962
vn 0.618138 0.664526 0.419894
vn 0.598326 0.714222 0.363171
vn 0.098991 0.97228 0.211831
vn 0.108417 0.9644 0.241202
vn 0.069415 0.978594 0.19374
vn 0.808176 0.414621 0.41826
vn 0.837599 0.385907 0.386658
vn 0.867766 0.37756 0.323156
vn 0.872244 0.298328 0.387545
vn 0.878324 0.324053 0.351478
vn 0.646821 0.662644 0.377526
vn 0.639957 0.665849 0.383537
vn 0.717243 0.604991 0.345758
vn 0.686765 0.610242 0.394916
vn 0.089405 0.979075 0.182807
vn 0.89699 0.344628 0.276841
vn 0.89891 0.307449 0.312147
vn 0.862705 0.375358 0.33889
vn 0.900834 0.27777 0.33368
vn 0.941344 0.246153 0.230825
vn 0.898385 0.319447 0.301426
vn 0.951399 0.228986 0.205925
vn 0.897119 0.317797 0.306892
vn 0.965667 0.212057 0.150062
vn 0.068096 0.99407 0.084783
vn 0.059989 0.993992 0.091548
vn 0.680702 0.668831 0.298848
vn 0.668499 0.662608 0.337726
vn 0.701723 0.6173 0.355703
vn 0.653845 0.672943 0.345881
vn 0.719769 0.613773 0.324368
vn 0.095271 0.986389 0.134019
vn 0.139376 0.97202 0.189081
vn 0.084529 0.987201 0.135238
vn 0.120586 0.985351 0.120593
vn 0.095849 0.991838 0.084082
vn 0.092059 0.9874 0.128713
vn 0.964891 0.134807 0.225416
vn 0.971272 0.149418 0.185215
vn 0.969298 0.135422 0.205236
vn 0.952352 0.20623 0.224712
vn 0.954282 0.216373 0.206227
vn 0.968448 0.187001 0.164737
vn 0.765801 0.559324 0.317343
vn 0.732996 0.616786 0.286867
vn 0.767739 0.559717 0.31192
vn 0.727714 0.620548 0.292152
vn 0.737045 0.617738 0.274163
vn 0.799301 0.543032 0.257359
vn 0.973999 0.129196 0.186103
vn 0.951771 0.209779 0.223884
vn 0.966556 0.180593 0.182088
vn 0.981479 0.12101 0.148511
vn 0.983832 0.1305 0.122659
vn 0.472667 0.843034 0.256669
vn 0.476101 0.837796 0.267255
vn 0.400427 0.886786 0.230801
vn 0.417352 0.881551 0.220647
vn 0.974693 0.142059 0.172606
vn 0.967045 0.205628 0.150137
vn 0.96198 0.212029 0.172157
vn 0.969553 0.148541 0.194687
vn 0.972935 0.158176 0.168455
vn 0.445326 0.877784 0.17658
vn 0.423397 0.884255 0.197047
vn 0.494379 0.840154 0.223001
vn 0.498156 0.841506 0.209064
vn 0.43579 0.878853 0.194173
vn 0.425544 0.874376 0.233193
vn 0.447606 0.868518 0.212895
vn 0.908743 0.362934 0.20607
vn 0.928971 0.296858 0.221108
vn -0.023454 0.997718 0.063321
vn -0.023086 0.997693 0.063846
vn 0.897977 0.383123 0.216458
vn 0.918889 0.354325 0.173485
vn 0.93231 0.29403 0.210582
vn 0.91728 0.346165 0.196896
vn 0.672747 0.690042 0.266935
vn 0.634666 0.740999 0.219363
vn 0.674812 0.690703 0.259919
vn 0.700804 0.679399 0.217466
vn 0.631286 0.739887 0.232478
vn 0.632226 0.739339 0.231666
vn 0.943501 0.29756 0.145822
vn 0.941951 0.289896 0.169376
vn 0.932099 0.31231 0.183449
vn 0.898956 0.387338 0.204565
vn 0.921323 0.340284 0.188071
vn 0.922376 0.320684 0.21537
vn 0.924763 0.328637 0.19186
vn 0.91011 0.378361 0.168947
vn 0.528829 0.833926 0.157822
vn 0.599125 0.781434 0.174383
vn 0.546476 0.819367 0.173213
vn 0.517306 0.83545 0.185524
vn 0.589618 0.787851 0.177877
vn 0.57521 0.790067 0.211962
vn 0.316731 0.938036 0.140605
vn 0.257668 0.958777 0.119807
vn 0.259425 0.95884 0.115429
vn 0.259666 0.95973 0.107201
vn 0.322021 0.939365 0.117884
vn -0.129646 0.975439 0.178075
vn -0.12054 0.985939 0.115739
vn -0.07739 0.994109 0.075887
vn -0.074238 0.989499 0.124014
vn -0.143734 0.982999 0.11425
vn -0.067416 0.98977 0.12574
vn -0.042394 0.962841 0.266722
vn -0.098744 0.975488 0.196656
vn -0.0973 0.974675 0.201349
vn -0.059293 0.970761 0.232609
vn -0.138575 0.953539 0.267509
vn -0.142452 0.95617 0.255823
vn -0.182188 0.95689 0.226205
vn -0.074963 0.966322 0.246173
vn -0.086342 0.941234 0.326532
vn -0.090139 0.945239 0.313683
vn -0.168795 0.935142 0.311478
vn -0.038289 0.950651 0.307892
vn -0.05146 0.936819 0.346008
vn -0.092731 0.867345 0.488992
vn -0.138627 0.886714 0.441046
vn -0.105172 0.900104 0.42279
vn -0.13252 0.926856 0.35125
vn -0.071523 0.90496 0.419443
vn -0.144973 0.874217 0.463387
vn -0.179667 0.901337 0.394096
vn -0.094992 0.770512 0.630308
vn -0.061605 0.75236 0.655865
vn -0.063146 0.771184 0.633473
vn -0.095088 0.757523 0.645846
vn -0.045894 0.746096 0.664254
vn -0.062148 0.75213 0.656077
vn -0.062153 0.752187 0.656012
vn -0.095003 0.744605 0.66071
vn -0.042041 0.678626 0.73328
vn -0.094602 0.73181 0.674911
vn -0.061143 0.733179 0.677281
vn -0.06193 0.742621 0.666842
vn -0.045444 0.73356 0.678104
vn -0.042179 0.678439 0.733445
vn -0.068372 0.718688 0.691964
vn -0.045605 0.733557 0.678096
vn -0.093188 0.712661 0.695292
vn -0.02791 0.691029 0.722288
vn -0.044715 0.714936 0.697758
vn -0.042416 0.678173 0.733677
vn -0.456363 0.878377 0.142077
vn -0.390505 0.912315 0.123238
vn -0.443498 0.87906 0.174824
vn -0.379243 0.912673 0.152327
vn -0.435563 0.884726 0.165968
vn -0.443716 0.716631 0.538104
vn -0.50214 0.719262 0.480123
vn -0.390811 0.747948 0.536508
vn -0.473991 0.71547 0.513259
vn -0.447259 0.691605 0.567134
vn -0.47559 0.764934 0.434386
vn -0.527261 0.708467 0.469116
vn -0.59274 0.790693 0.153175
vn -0.551075 0.820573 0.151583
vn -0.578721 0.793487 0.188311
vn -0.602346 0.784139 0.149349
vn -0.531022 0.836434 0.135624
vn -0.519337 0.838459 0.165157
vn -0.690855 0.697646 0.189763
vn -0.638535 0.744417 0.195232
vn -0.679973 0.695263 0.232908
vn -0.635754 0.743658 0.206858
vn -0.63602 0.743499 0.206611
vn -0.527109 0.603027 0.59876
vn -0.477567 0.639719 0.602237
vn -0.493325 0.675129 0.548481
vn -0.421798 0.630805 0.651285
vn -0.738909 0.62235 0.258251
vn -0.805441 0.548047 0.225631
vn -0.773076 0.565362 0.287611
vn -0.774763 0.565646 0.282464
vn -0.73386 0.626074 0.263593
vn -0.742915 0.623122 0.244531
vn -0.791645 0.48158 0.376003
vn -0.721761 0.542852 0.429388
vn -0.755804 0.491441 0.432719
vn -0.699866 0.556986 0.447163
vn -0.744901 0.548732 0.379495
vn -0.802936 0.485595 0.345675
vn -0.734148 0.557493 0.387593
vn -0.779443 0.492905 0.386669
vn -0.765995 0.549729 0.333241
vn -0.826458 0.475606 0.301273
vn -0.809379 0.489492 0.324504
vn -0.866069 0.394088 0.307602
vn -0.875424 0.393161 0.281172
vn -0.841656 0.472494 0.261467
vn -0.877708 0.399014 0.26536
vn -0.881027 0.395678 0.259287
vn -0.834162 0.475533 0.279359
vn -0.829439 0.4098 0.379599
vn -0.835153 0.526533 0.159006
vn -0.861422 0.482133 0.159688
vn -0.840599 0.522664 0.142182
vn -0.880016 0.454593 0.137535
vn -0.865799 0.465602 0.183324
vn -0.803002 0.401528 0.440412
vn -0.86032 0.390549 0.327598
vn -0.824154 0.400213 0.400749
vn -0.857594 0.39372 0.330933
vn -0.888815 0.344061 0.302706
vn -0.909369 0.283357 0.304558
vn -0.876975 0.382295 0.291146
vn -0.884982 0.324596 0.333834
vn -0.885729 0.325855 0.330608
vn -0.884747 0.305801 0.351723
vn -0.90367 0.388724 0.179653
vn -0.923272 0.35981 0.134559
vn -0.935692 0.300529 0.184831
vn -0.914432 0.368485 0.167428
vn -0.922481 0.35176 0.159039
vn -0.904246 0.392742 0.167607
vn -0.933954 0.320595 0.15795
vn -0.915682 0.381804 0.125511
vn -0.925875 0.346465 0.150723
vn -0.946681 0.289041 0.142302
vn -0.927229 0.3374 0.162503
vn -0.928579 0.325821 0.177714
vn -0.93007 0.3328 0.155612
vn -0.947319 0.293174 0.128982
vn -0.959613 0.215809 0.180471
vn -0.962907 0.210018 0.169418
vn -0.976082 0.146536 0.160595
vn -0.973731 0.136765 0.182051
vn -0.971386 0.17916 0.155921
vn -0.973876 0.136922 0.181157
vn -0.985971 0.125011 0.110603
vn -0.963189 0.210721 0.166925
vn -0.982779 0.140692 0.1198
vn -0.970964 0.209212 0.11601
vn -0.969173 0.212031 0.12549
vn -0.985214 0.10791 0.133076
vn -0.996749 0.073904 0.03209
vn -0.988904 0.125383 0.079672
vn -0.978792 0.157926 0.130483
vn -0.976678 0.150598 0.153039
vn 0.096619 0.800038 0.592118
vn 0.043904 0.816948 0.575037
vn 0.021131 0.874187 0.485129
vn 0.008384 0.729679 0.683739
vn 0.094358 0.800305 0.592122
vn 0.049351 0.802292 0.594888
vn 0.054198 0.794755 0.604505
vn 0.036401 0.783671 0.620108
vn 0.994907 0.0 0.100795
vn 0.0 0.0 -1.0
vn 0.0 0.0 -1.0
vn 0.0 0.0 1.0
vn 0.0 0.0 1.0
vn 0.0 0.0 1.0
vn 0.0 0.0 1.0
vn 0.0 0.0 1.0
vn 0.0 0.0 1.0
vn 0.0 0.0 1.0
vn 0.0 0.0 1.0
vn 0.0 0.0 1.0
vn 0.0 0.0 1.0
vn 0.0 0.0 1.0
vn 0.0 0.0 1.0
vn 0.0 0.0 1.0
vn 0.0 0.0 1.0
vn 0.0 0.0 1.0
vn 0.0 0.0 1.0
vn 0.0 -0.0 1.0
vn 0.0 0.0 1.0
vn 0.0 0.0 1.0
vn 0.0 0.0 1.0
vn 0.0 -0.0 1.0
vn 0.0 0.0 1.0
vn 0.0 0.0 1.0
vn 0.0 0.0 1.0
vn 0.0 0.0 1.0
vn 0.0 0.0 1.0
vn 0.0 0.0 1.0
vn 0.0 0.0 1.0
vn 0.0 0.0 1.0
vn 0.0 0.0 1.0
vn 0.0 0.0 1.0
vn 0.0 0.0 1.0
vn 0.0 0.0 1.0
vn 0.0 0.0 1.0
vn 0.0 0.0 1.0
vn 0.0 0.0 1.0
vn 0.0 0.0 1.0
vn 0.0 0.0 1.0
vn 0.0 0.0 1.0
vn 0.0 0.0 1.0
vn 0.0 0.0 1.0
vn 0.0 0.0 1.0
vn 0.0 0.0 1.0
vn 0.0 0.0 1.0
vn 0.0 0.0 1.0
vn 0.0 0.0 1.0
vn 0.0 0.0 1.0
vn 0.0 0.0 1.0
vn 0.0 0.0 1.0
vn 0.0 0.0 1.0
vn 0.0 0.0 1.0
vn 0.0 0.0 1.0
vn 0.0 0.0 1.0
vn 0.0 0.0 1.0
vn 0.0 0.0 1.0
vn 0.0 -0.0 1.0
vn 0.0 0.0 1.0
vn 0.0 0.0 1.0
vn 0.0 0.0 1.0
vn 0.0 0.0 1.0
vn 0.0 -0.0 1.0
vn 0.0 0.0 1.0
vn 0.0 0.0 1.0
vn 0.0 -0.0 1.0
vn 0.0 0.0 1.0
vn 0.0 0.0 1.0
vn 0.0 0.0 1.0
vn 0.0 0.0 1.0
vn 0.0 0.0 1.0
vn 0.0 0.0 1.0
vn 0.0 0.0 1.0
vn 0.0 0.0 1.0
vn 0.0 -0.0 1.0
vn 0.0 0.0 1.0
vn 0.0 0.0 1.0
vn 0.0 -0.0 1.0
vn 0.0 -0.0 1.0
vn 0.0 -0.0 1.0
vn 0.0 -0.0 1.0
vn 0.0 -0.0 1.0
vn 0.0 0.0 -1.0
vn 0.0 0.0 -1.0
vn 0.0 0.0 -1.0
vn 0.0 0.0 -1.0
vn 0.0 0.0 -1.0
vn 0.0 0.0 -1.0
vn 0.0 0.0 -1.0
vn 0.0 0.0 -1.0
vn 0.0 0.0 -1.0
vn 0.0 0.0 -1.0
vn 0.0 0.0 -1.0
vn 0.0 0.0 -1.0
vn 0.0 0.0 -1.0
vn 0.0 0.0 -1.0
vn 0.0 0.0 -1.0
vn 0.0 0.0 -1.0
vn 0.0 0.0 -1.0
vn 0.0 0.0 -1.0
vn 0.0 0.0 -1.0
vn 0.0 0.0 -1.0
vn 0.0 0.0 -1.0
vn 0.0 0.0 -1.0
vn 0.0 -0.0 -1.0
vn 0.0 0.0 -1.0
vn 0.0 0.0 -1.0
vn 0.0 -0.0 -1.0
vn 0.0 0.0 -1.0
vn 0.0 0.0 -1.0
vn 0.0 0.0 -1.0
vn 0.0 0.0 -1.0
vn 0.0 -0.0 -1.0
vn 0.0 0.0 -1.0
vn 0.0 0.0 -1.0
vn 0.0 -0.0 -1.0
vn -0.996204 -0.087053 -0.0
vn -0.996204 -0.087053 0.0
vn -0.965988 -0.258589 -0.0
vn -0.906251 -0.422739 -0.0
vn -0.965988 -0.258589 0.0
vn -0.906251 -0.422739 -0.0
vn -0.819141 -0.573592 -0.0
vn -0.819141 -0.573592 0.0
vn -0.707063 -0.707151 -0.0
vn -0.573533 -0.819182 -0.0
vn -0.707063 -0.707151 0.0
vn -0.573533 -0.819182 -0.0
vn -0.422623 -0.906306 -0.0
vn -0.258859 -0.965915 -0.0
vn -0.422623 -0.906306 0.0
vn -0.258859 -0.965915 -0.0
vn -0.087141 -0.996196 -0.0
vn -0.087141 -0.996196 0.0
vn 0.087178 -0.996193 0.0
vn 0.087178 -0.996193 0.0
vn 0.258752 -0.965944 0.0
vn 0.422623 -0.906306 0.0
vn 0.258752 -0.965944 0.0
vn 0.422623 -0.906306 0.0
vn 0.573736 -0.81904 0.0
vn 0.707063 -0.707151 0.0
vn 0.573736 -0.81904 0.0
vn 0.707063 -0.707151 0.0
vn 0.819141 -0.573592 0.0
vn 0.819141 -0.573592 0.0
vn 0.906251 -0.422739 0.0
vn 0.906251 -0.422739 0.0
vn 0.965988 -0.258589 0.0
vn 0.965988 -0.258589 0.0
vn 0.996166 -0.087481 0.0
vn 0.996166 -0.087481 0.0
vn 0.996166 0.087481 0.0
vn 0.996166 0.087481 0.0
vn 0.965988 0.258589 0.0
vn 0.906251 0.422739 0.0
vn 0.965988 0.258589 0.0
vn 0.819141 0.573592 0.0
vn 0.906251 0.422739 0.0
vn 0.819141 0.573592 0.0
vn 0.707062 0.707151 0.0
vn 0.573737 0.81904 0.0
vn 0.707062 0.707151 0.0
vn 0.573737 0.81904 0.0
vn 0.422622 0.906306 0.0
vn 0.422622 0.906306 0.0
vn 0.258752 0.965944 0.0
vn 0.087178 0.996193 0.0
vn 0.258752 0.965944 0.0
vn 0.087178 0.996193 0.0
vn -0.087141 0.996196 0.0
vn -0.087141 0.996196 0.0
vn -0.258859 0.965915 0.0
vn -0.258859 0.965915 0.0
vn -0.422622 0.906306 0.0
vn -0.573534 0.819182 0.0
vn -0.422622 0.906306 0.0
vn -0.573534 0.819182 0.0
vn -0.707062 0.707151 0.0
vn -0.707062 0.707151 0.0
vn -0.819141 0.573592 0.0
vn -0.819141 0.573592 0.0
vn -0.906251 0.422739 0.0
vn -0.906251 0.422739 0.0
vn -0.965988 0.258589 0.0
vn -0.965988 0.258589 0.0
vn -0.996204 0.087053 0.0
vn -0.996204 0.087053 0.0
vn 0.0 -0.0 1.0
vn 0.0 -0.0 1.0
vn 0.0 0.0 1.0
vn 0.0 0.0 1.0
vn 0.0 -0.0 1.0
vn 0.0 -0.0 1.0
vn 0.0 -0.0 1.0
vn 0.0 0.0 1.0
vn 0.0 0.0 1.0
vn 0.0 0.0 1.0
vn 0.0 0.0 1.0
vn 0.0 0.0 1.0
vn 0.0 0.0 1.0
vn 0.0 0.0 1.0
vn 0.0 0.0 1.0
vn 0.0 0.0 1.0
vn 0.0 0.0 1.0
vn 0.0 0.0 1.0
vn 0.0 0.0 1.0
vn 0.0 0.0 1.0
vn 0.0 0.0 1.0
vn 0.0 0.0 1.0
vn 0.0 0.0 1.0
vn 0.0 0.0 1.0
vn 0.0 0.0 1.0
vn 0.0 0.0 1.0
vn -0.0 0.0 1.0
vn -0.0 0.0 1.0
vn -0.0 0.0 1.0
vn 0.0 0.0 1.0
vn 0.0 0.0 1.0
vn -0.0 0.0 1.0
vn 0.0 0.0 1.0
vn 0.0 0.0 1.0
vn 2.2e-05 -0.999355 0.035907
vn 1e-05 -0.999335 0.036463
vn 4e-06 -0.999346 0.036169
vn 1e-06 -0.999341 0.036287
vn 4e-06 -0.999346 0.036171
vn 5e-06 -0.999344 0.036219
vn -4e-06 -0.999342 0.036268
vn 1e-06 -0.999344 0.036221
vn 0.0 -0.999343 0.036244
vn 4e-06 -0.999346 0.036171
vn 5e-06 -0.999344 0.036221
vn -9e-06 -0.999341 0.036292
vn -5e-06 -0.999343 0.036234
vn 4e-06 -0.999344 0.036217
vn -5e-06 -0.999343 0.036238
vn 1e-06 -0.999344 0.036222
vn 1e-06 -0.999344 0.03622
vn -1e-06 -0.999343 0.03623
vn 3e-06 -0.999344 0.036211
vn -1e-06 -0.999343 0.036235
vn -0.0 -0.999344 0.036225
vn 0.0 -0.999344 0.036221
vn 0.0 -0.999344 0.036229
vn -4e-06 -0.999343 0.036233
vn 3e-06 -0.999344 0.036218
vn 0.0 -0.999344 0.036225
vn -0.0 -0.999344 0.036226
vn 1e-06 -0.999344 0.03622
vn -1e-06 -0.999343 0.036233
vn -0.0 -0.999344 0.036229
vn 0.0 -0.999344 0.036222
vn 0.0 -0.994615 0.103638
vn -3e-06 -0.994609 0.103697
vn -1.2e-05 -0.994844 0.101419
vn 6.6e-05 -0.995034 0.099538
vn -1.3e-05 -0.995487 0.094899
vn -7e-06 -0.995161 0.098257
vn 5.7e-05 -0.99562 0.093494
vn -2.2e-05 -0.995824 0.091291
vn 2.8e-05 -0.996161 0.087534
vn 2e-05 -0.996151 0.087653
vn -1.8e-05 -0.996488 0.083739
vn 7.2e-05 -0.996693 0.081257
vn -9e-06 -0.997038 0.076913
vn 2.2e-05 -0.996775 0.080245
vn 0.0 -0.995052 0.099359
vn 7.2e-05 -0.997266 0.073897
vn -9.5e-05 -0.997479 0.070962
vn -6e-06 -0.996121 0.087996
vn 1e-05 -0.995075 0.099126
vn 7.5e-05 -0.997808 0.066181
vn -9.7e-05 -0.998032 0.062702
vn -1.7e-05 -0.99706 0.076622
vn 1.4e-05 -0.996165 0.087497
vn 8.6e-05 -0.99831 0.058108
vn -9.8e-05 -0.998522 0.054342
vn 0.0001 -0.998769 0.049608
vn -0.000102 -0.99896 0.045602
vn -6e-06 -0.997873 0.06519
vn 6e-06 -0.997103 0.076069
vn 0.000103 -0.999177 0.040562
vn -0.000101 -0.999324 0.036758
vn -2.7e-05 -0.998521 0.054376
vn 3.4e-05 -0.997933 0.064269
vn 0.000106 -0.999513 0.031205
vn -0.000119 -0.999626 0.027364
vn -4.9e-05 -0.999032 0.044
vn 6.6e-05 -0.99866 0.051759
vn 0.000115 -0.99977 0.02145
vn -9.7e-05 -0.999842 0.017761
vn 7.2e-05 -0.999219 0.039513
vn 1e-05 -0.999552 0.029919
vn -8e-06 -0.999359 0.035788
vn 0.000109 -0.999935 0.011437
vn -8.3e-05 -0.999964 0.008489
vn 9.3e-05 -0.999999 0.001134
vn -5.6e-05 -1.0 -0.00089
vn 8.9e-05 -0.999633 0.027102
vn -0.0 -0.999849 0.017373
vn 2e-06 -0.999716 0.023817
vn 5.7e-05 -0.99996 -0.008901
vn -5.3e-05 -0.999946 -0.010378
vn 9.3e-05 -0.999901 0.014089
vn 6e-06 -0.999994 0.003446
vn -2e-06 -0.999943 0.010713
vn 5.3e-05 -0.999824 -0.018763
vn -3.6e-05 -0.999802 -0.019888
vn 9e-05 -0.999999 0.001019
vn 3.9e-05 -0.999939 -0.01106
vn -2.3e-05 -0.999992 -0.003922
vn 3.8e-05 -0.999585 -0.02879
vn -5.5e-05 -0.999552 -0.02993
vn 4.2e-05 -0.999293 -0.0376
vn -8.9e-05 -0.999198 -0.040041
vn -2.7e-05 -0.999832 -0.018323
vn 5.7e-05 -0.999934 -0.011507
vn 6.7e-05 -0.998988 -0.044984
vn -9.4e-05 -0.998772 -0.049544
vn -2.9e-05 -0.999671 -0.025638
vn 3.3e-05 -0.999773 -0.021325
vn 4.2e-05 -0.99863 -0.052335
vn -3.6e-05 -0.999443 -0.033378
vn 3.3e-05 -0.999581 -0.028944
vn -9.5e-05 -0.998188 -0.060173
vn -7e-05 -0.998207 -0.059857
vn -0.000138 -0.997411 -0.071915
vn 4.8e-05 -0.997747 -0.067093
vn 1e-05 -0.998778 -0.049431
vn -8e-06 -0.99914 -0.041466
vn 7.9e-05 -0.999243 -0.038903
vn 0.0 -0.997238 -0.074278
vn -3.3e-05 -0.998356 -0.057314
vn 7.1e-05 -0.998695 -0.051074
vn -0.00015 -0.996465 -0.084008
vn -2e-06 -0.996689 -0.081315
vn 2.8e-05 -0.996109 -0.088126
vn 6.9e-05 -0.998009 -0.063077
vn -8e-06 -0.997404 -0.072014
vn 1.1e-05 -0.9979 -0.064766
vn -0.00014 -0.995333 -0.096504
vn -3.9e-05 -0.995515 -0.094606
vn 0.0 -0.994979 -0.100079
vn 8e-05 -0.997178 -0.07507
vn 2.3e-05 -0.996323 -0.085675
vn -1.3e-05 -0.996875 -0.078989
vn -0.000112 -0.994102 -0.108448
vn 2e-06 -0.994478 -0.104945
vn -3.6e-05 -0.993926 -0.110049
vn 7.1e-05 -0.996198 -0.087123
vn 1.5e-05 -0.995272 -0.097123
vn -1.3e-05 -0.995786 -0.09171
vn -8.6e-05 -0.992818 -0.119636
vn 1.4e-05 -0.993381 -0.11487
vn -9.2e-05 -0.992833 -0.119512
vn 0.0 -0.99235 -0.123457
vn -5e-06 -0.994137 -0.108132
vn 1.2e-05 -0.994719 -0.102638
vn 9e-05 -0.995011 -0.099763
vn -3e-06 -0.99191 -0.126945
vn -0.000108 -0.99134 -0.13132
vn -6.6e-05 -0.991499 -0.130112
vn -6.6e-05 -0.991175 -0.132561
vn -1.9e-05 -0.990865 -0.134854
vn -6e-06 -0.990707 -0.136014
vn 3.3e-05 -0.989735 -0.142918
vn -0.000159 -0.990172 -0.139854
vn 2e-05 -0.992541 -0.121914
vn -8e-06 -0.993051 -0.117687
vn 4.8e-05 -0.993613 -0.112841
vn 6.4e-05 -0.993668 -0.112359
vn 2e-05 -0.991078 -0.133283
vn 2e-06 -0.99135 -0.131245
vn -0.0 -0.9917 -0.128573
vn 2.7e-05 -0.992042 -0.125905
vn 6.9e-05 -0.992266 -0.124128
vn 5.8e-05 -0.990595 -0.136829
vn 8.4e-05 -0.990742 -0.135757
vn 6.6e-05 -0.990661 -0.136346
vn -3.4e-05 -0.988029 -0.154269
vn 0.000167 -0.989789 -0.142538
vn 8.2e-05 -0.989581 -0.143974
vn -0.000183 -0.988953 -0.148228
vn -2.6e-05 -0.986169 -0.165746
vn 1.6e-05 -0.98736 -0.158492
vn -0.0 -0.985929 -0.167167
vn -0.0 -0.978943 -0.204136
vn -7e-06 -0.978886 -0.204408
vn -3e-06 -0.978904 -0.204322
vn -8e-06 -0.978889 -0.204392
vn 1.5e-05 -0.978936 -0.204168
vn -2.6e-05 -0.97887 -0.204482
vn 1.6e-05 -0.978926 -0.204216
vn -1.1e-05 -0.978895 -0.204365
vn 5e-06 -0.978911 -0.204287
vn -4e-06 -0.978903 -0.204326
vn 1.1e-05 -0.978915 -0.204269
vn -3.1e-05 -0.978885 -0.204411
vn 2.2e-05 -0.978919 -0.204248
vn -2.2e-05 -0.978893 -0.204373
vn 3e-06 -0.978907 -0.204308
vn 2.3e-05 -0.978917 -0.204259
vn -3e-06 -0.978905 -0.204318
vn -0.0 -0.978906 -0.204312
vn 0.0 -0.97891 -0.204294
vn -3e-06 -0.978893 -0.204372
vn 1e-06 -0.978904 -0.204318
vn 3e-06 -0.978909 -0.204297
vn -0.0 -0.978904 -0.204323
vn 4e-06 -0.978911 -0.204289
vn -2e-06 -0.978902 -0.204329
vn -4e-06 -0.978901 -0.204335
vn -1e-06 -0.978904 -0.204322
vn 4e-06 -0.978908 -0.204301
vn 8e-06 -0.978911 -0.204288
vn 4e-06 -0.978908 -0.2043
vn -1.2e-05 -0.978898 -0.204352
vn -5e-06 -0.978902 -0.204332
vn 2.4e-05 -0.978919 -0.204251
vn 2.2e-05 -0.978917 -0.204258
vn -3.6e-05 -0.978888 -0.204395
vn 2.5e-05 -0.978917 -0.204257
vn -0.0 -0.964519 -0.264013
vn -0.000195 -0.925094 -0.379738
vn 0.000449 -0.953784 -0.300493
vn -0.00036 -0.855566 -0.517694
vn 0.000385 -0.878017 -0.478629
vn -0.000601 -0.739988 -0.67262
vn 0.000372 -0.773796 -0.633434
vn -0.0005 -0.599641 -0.800269
vn 0.000647 -0.640605 -0.76787
vn -0.000141 -0.460656 -0.887579
vn 0.000599 -0.482982 -0.87563
vn -0.000326 -0.330954 -0.943647
vn 6.3e-05 -0.344517 -0.93878
vn -6.3e-05 -0.235289 -0.971925
vn 0.000114 -0.246184 -0.969223
vn -0.0 -0.169527 -0.985526
vn 0.000152 -0.177194 -0.984176
vn -0.0 -0.169049 -0.985608
vn -0.000165 -0.151752 -0.988419
vn 0.000256 -0.163276 -0.98658
vn -7.4e-05 -0.116591 -0.99318
vn -0.00022 -0.138462 -0.990368
vn -4.8e-05 -0.141921 -0.989878
vn -9.6e-05 -0.125336 -0.992114
vn 1.3e-05 -0.118205 -0.992989
vn -2.3e-05 -0.126798 -0.991929
vn -1.3e-05 0.118204 -0.992989
vn 7.4e-05 0.11659 -0.99318
vn 2.3e-05 0.126797 -0.991929
vn 9.6e-05 0.125336 -0.992114
vn 4.8e-05 0.141921 -0.989878
vn 0.00022 0.138462 -0.990368
vn -0.000256 0.163276 -0.98658
vn 0.000165 0.151752 -0.988419
vn 0.0 0.169048 -0.985608
vn 0.0 0.169475 -0.985534
vn -9.6e-05 0.23528 -0.971928
vn 0.0002 0.179547 -0.983749
vn -0.000247 0.312207 -0.950014
vn 0.000367 0.266761 -0.963763
vn -0.000178 0.401338 -0.91593
vn 0.000377 0.369581 -0.929199
vn -0.000279 0.633279 -0.773923
vn 0.000238 0.504461 -0.863434
vn 0.000316 0.502119 -0.864799
vn -0.000336 0.767826 -0.640659
vn 0.000284 0.650125 -0.759827
vn -0.000261 0.877637 -0.479325
vn 0.000271 0.784553 -0.620062
vn -0.000116 0.954094 -0.299506
vn 0.000128 0.887411 -0.460979
vn 0.0 0.955989 -0.293401
vn 2.9e-05 0.978919 -0.204249
vn 7e-06 0.978908 -0.2043
vn -8e-06 0.9789 -0.204338
vn -2.4e-05 0.978892 -0.204378
vn 1e-06 0.978907 -0.204308
vn 2.5e-05 0.978923 -0.20423
vn -8e-06 0.978899 -0.204344
vn 7e-06 0.978911 -0.204289
vn -1.5e-05 0.978891 -0.204382
vn 8e-06 0.978914 -0.204271
vn -1.1e-05 0.978892 -0.204376
vn 9e-06 0.97892 -0.204246
vn 3e-06 0.97891 -0.204293
vn -6e-06 0.97889 -0.204388
vn -1e-06 0.978907 -0.204308
vn -0.0 0.978907 -0.204307
vn 0.0 0.978911 -0.204286
vn 0.0 0.978927 -0.20421
vn -2.6e-05 0.978894 -0.204366
vn -3e-06 0.978895 -0.204363
vn 2e-05 0.978916 -0.204261
vn 0.0 0.978911 -0.204286
vn -2.8e-05 0.978892 -0.204379
vn -6e-06 0.978893 -0.204374
vn 2.7e-05 0.978922 -0.204235
vn 1e-06 0.978908 -0.204303
vn -2.8e-05 0.97889 -0.204388
vn 1e-06 0.978909 -0.204298
vn 3.6e-05 0.97893 -0.204197
vn -3e-06 0.978903 -0.204326
vn -1.4e-05 0.978896 -0.204358
vn -5e-06 0.9789 -0.204341
vn -2.1e-05 0.978891 -0.204384
vn -1e-06 0.978905 -0.204317
vn 7e-06 0.978913 -0.204275
vn 1.6e-05 0.978921 -0.204238
vn 0.0 0.9857 -0.168512
vn 4e-06 0.988092 -0.153862
vn -0.0 0.986717 -0.16245
vn 3.7e-05 0.986195 -0.165591
vn 1e-06 0.989807 -0.142416
vn -0.000138 0.990131 -0.140144
vn 0.0 0.990721 -0.135914
vn -2e-06 0.990782 -0.135469
vn -3e-05 0.991116 -0.133001
vn -8.8e-05 0.991407 -0.130816
vn -6.4e-05 0.991322 -0.131456
vn -2.5e-05 0.991714 -0.128468
vn 0.000123 0.990299 -0.138952
vn 8e-06 0.988123 -0.153664
vn -6e-06 0.989805 -0.142431
vn 1e-05 0.992146 -0.125081
vn -0.000124 0.992885 -0.119078
vn -3e-05 0.992585 -0.121557
vn -5.1e-05 0.993091 -0.117344
vn 7e-05 0.991496 -0.13014
vn 2.6e-05 0.991171 -0.132593
vn 5e-06 0.990869 -0.134829
vn 3e-06 0.990782 -0.135467
vn 1e-06 0.98986 -0.142046
vn 1.7e-05 0.993668 -0.112356
vn -0.000127 0.994289 -0.10672
vn -8.6e-05 0.994215 -0.107412
vn 2.1e-05 0.992787 -0.119891
vn -3e-06 0.992335 -0.123576
vn 2.5e-05 0.991856 -0.127364
vn 7.5e-05 0.991517 -0.129976
vn 1.5e-05 0.994776 -0.102078
vn -0.000118 0.995489 -0.094878
vn -3.4e-05 0.995332 -0.096509
vn 2.7e-05 0.995881 -0.090665
vn -9e-06 0.993883 -0.110441
vn 3.1e-05 0.993338 -0.115239
vn 8.5e-05 0.993106 -0.117217
vn 3.9e-05 0.994385 -0.10582
vn -4.4e-05 0.996428 -0.084448
vn -5.6e-05 0.996444 -0.084258
vn 3.3e-05 0.997001 -0.077383
vn -0.000159 0.997325 -0.0731
vn 7.1e-05 0.994494 -0.104789
vn 2.7e-05 0.995584 -0.093874
vn -1.7e-05 0.994988 -0.099994
vn -4e-06 0.997516 -0.070439
vn 8.8e-05 0.995744 -0.092166
vn 3.5e-05 0.996774 -0.080261
vn -2.1e-05 0.996202 -0.087075
vn -0.000161 0.998163 -0.060591
vn 3e-06 0.998003 -0.06316
vn 5.3e-05 0.998451 -0.055647
vn -4.9e-05 0.998724 -0.050509
vn 8.8e-05 0.996887 -0.078847
vn 5e-05 0.997813 -0.066094
vn -2.3e-05 0.997301 -0.07342
vn -5.3e-05 0.99908 -0.042892
vn 6.6e-05 0.998845 -0.048046
vn 8e-06 0.999138 -0.04152
vn -0.0001 0.999411 -0.034324
vn 0.0 0.999335 -0.03645
vn 7.5e-05 0.997851 -0.065525
vn -3.3e-05 0.998294 -0.05839
vn -0.000101 0.999694 -0.02475
vn 0.00011 0.999583 -0.028865
vn 8.4e-05 0.99863 -0.05233
vn -1.9e-05 0.999053 -0.043501
vn 2.6e-05 0.998708 -0.050807
vn -0.000124 0.999891 -0.014765
vn 0.000108 0.99982 -0.018954
vn 9.3e-05 0.999228 -0.039282
vn 6e-06 0.999597 -0.028386
vn -4e-06 0.999346 -0.036173
vn -0.000125 0.999991 -0.004301
vn 0.000129 0.999962 -0.008694
vn -0.000128 0.999982 0.00603
vn 0.000107 0.999999 0.001365
vn -3.6e-05 0.999793 -0.020349
vn 9e-05 0.999658 -0.026147
vn 0.000124 0.999937 0.011215
vn -0.000126 0.999868 0.016269
vn -1.1e-05 0.999988 -0.004811
vn 1.6e-05 0.999923 -0.012395
vn 6.1e-05 0.999908 -0.013531
vn 0.000102 0.999783 0.020823
vn -0.000103 0.999663 0.02595
vn 7.7e-05 0.999999 -0.001582
vn 3.7e-05 0.999951 0.009912
vn -2.5e-05 0.999997 0.002567
vn 0.000105 0.99955 0.030004
vn -0.000115 0.999373 0.035418
vn 8.5e-05 0.999242 0.038923
vn -9.2e-05 0.999002 0.044673
vn 5.3e-05 0.999947 0.010336
vn -2.3e-05 0.999856 0.016984
vn 8e-05 0.998869 0.047557
vn -9.2e-05 0.998558 0.05368
vn 6.9e-05 0.999755 0.022151
vn -8e-06 0.999548 0.030057
vn 1.6e-05 0.999717 0.023776
vn 5.4e-05 0.998439 0.055857
vn -6.3e-05 0.998044 0.062515
vn 2.9e-05 0.997963 0.063798
vn -1.7e-05 0.999121 0.041919
vn 8.3e-05 0.999405 0.034495
vn 3.5e-05 0.999353 0.035958
vn -9e-06 0.997473 0.071044
vn -2.8e-05 0.997459 0.071235
vn 1e-06 0.997081 0.076357
vn -1.8e-05 0.996643 0.081873
vn 6.2e-05 0.996885 0.078865
vn 6.7e-05 0.996892 0.07878
vn 7.1e-05 0.998875 0.047411
vn -3.6e-05 0.998418 0.056219
vn 4.2e-05 0.998836 0.048229
vn -2.6e-05 0.995996 0.089392
vn 4.2e-05 0.996337 0.085516
vn 4.3e-05 0.996338 0.085496
vn -1.8e-05 0.995356 0.09626
vn 1.1e-05 0.995668 0.092977
vn 6.3e-05 0.995754 0.09205
vn -5e-05 0.997785 0.066518
vn 5.7e-05 0.998229 0.059484
vn -7e-06 0.994986 0.100012
vn 2.2e-05 0.995272 0.097124
vn -1.2e-05 0.994748 0.10235
vn 1.6e-05 0.994936 0.100514
vn 1.4e-05 0.994606 0.103725
vn 0.0 0.994561 0.104158
vn -5.2e-05 0.997015 0.077209
vn 7e-05 0.997452 0.071348
vn 5.8e-05 0.996542 0.083087
vn -5.6e-05 0.996107 0.088153
vn 2.9e-05 0.995692 0.092719
vn -4.5e-05 0.995051 0.099361
vn 0.0 0.994897 0.100892
vn -5e-06 0.999339 0.036347
vn 1e-06 0.999344 0.036224
vn -4e-06 0.999345 0.036186
vn -7e-06 0.999342 0.036265
vn 0.0 0.999341 0.036304
vn 8e-06 0.999347 0.036138
vn -6e-06 0.999343 0.03625
vn 4e-06 0.999344 0.036222
vn -1.4e-05 0.999341 0.03629
vn 0.0 0.999343 0.036242
vn 1e-06 0.999344 0.036225
vn -4e-06 0.999342 0.036266
vn 0.0 0.999343 0.036237
vn 1e-06 0.999344 0.036214
vn 0.0 0.999344 0.036225
vn -0.0 0.999344 0.036226
vn 1e-06 0.999344 0.03622
vn -4e-06 0.999343 0.036235
vn 5e-06 0.999344 0.036216
vn 0.0 0.999343 0.036233
vn 0.0 0.999343 0.036231
vn 0.0 0.999344 0.036226
vn 1e-06 0.999344 0.036223
vn 1e-06 0.999344 0.036224
vn 4e-06 0.999344 0.03621
vn -1e-06 0.999344 0.036226
vn -4e-06 0.999343 0.036235
vn 2e-06 0.999344 0.036222
vn -2e-06 0.999343 0.03623
vn 1e-06 0.999344 0.036224
vn -4e-06 0.999343 0.036232
vn 1e-06 0.999884 -0.015233
vn 0.0 0.999884 -0.015228
vn -0.0 0.999884 -0.015226
vn 0.0 0.999884 -0.015229
vn -0.0 0.999884 -0.015226
vn -0.0 0.999884 -0.015226
vn -1e-06 0.999884 -0.015224
vn 0.0 0.999884 -0.015227
vn 0.0 0.999884 -0.015228
vn 0.0 0.999884 -0.015229
vn 0.0 0.999884 -0.015229
vn 0.0 0.999884 -0.015228
vn -1e-06 0.999884 -0.015225
vn -0.0 0.999884 -0.015226
vn -0.0 0.999884 -0.015227
vn 1e-06 0.999884 -0.015229
vn 0.0 0.999884 -0.015225
vn 2e-06 0.999884 -0.015235
vn -1e-06 0.999884 -0.015224
vn 2e-06 0.999884 -0.015233
vn -3e-06 0.999884 -0.015219
vn 1e-06 0.999884 -0.015229
vn 2e-06 0.999884 -0.015231
vn -0.0 0.999884 -0.015227
vn 0.0 0.999884 -0.015219
vn 0.0 0.999884 -0.015229
vn 0.0 0.999884 -0.015229
vn -0.0 0.999884 -0.015222
vn -1e-06 -0.999884 -0.015225
vn 1e-06 -0.999884 -0.01523
vn 1e-06 -0.999884 -0.015229
vn -0.0 -0.999884 -0.015225
vn 0.0 -0.999884 -0.015228
vn -1e-06 -0.999884 -0.015221
vn -0.0 -0.999884 -0.015225
vn 1e-06 -0.999884 -0.015235
vn 0.0 -0.999884 -0.015229
vn 0.0 -0.999884 -0.015229
vn 0.0 -0.999884 -0.015219
vn 1e-06 -0.999884 -0.015229
vn -1e-06 -0.999884 -0.015226
vn -1e-06 -0.999884 -0.015226
vn -1e-06 -0.999884 -0.015225
vn 0.0 -0.999884 -0.015228
vn 1e-06 -0.999884 -0.015231
vn 0.0 -0.999884 -0.015228
vn -0.0 -0.999884 -0.015226
vn -0.0 -0.999884 -0.015227
vn 1e-06 -0.999884 -0.015232
vn 0.0 -0.999884 -0.015228
vn -1e-06 -0.999884 -0.015222
vn 0.0 -0.999884 -0.015229
vn 0.0 -0.999884 -0.015232
vn -0.0 -0.999884 -0.015224
vn 0.0 -0.999884 -0.015231
vn -0.0 -0.999884 -0.015228
vn -0.648703 0.0 -0.761042
vn -0.654303 -0.00045 -0.756233
vn -0.68269 -0.000287 -0.730708
vn -0.66574 0.000165 -0.746184
vn -0.709794 -0.000258 -0.704409
vn -0.68731 0.000215 -0.726364
vn -0.736368 -0.000182 -0.676581
vn -0.713151 0.000159 -0.70101
vn -0.761305 -1.2e-05 -0.648394
vn -0.738054 5.1e-05 -0.674742
vn -0.783986 -1.9e-05 -0.620779
vn -0.761467 1.2e-05 -0.648203
vn -0.784108 -0.0 -0.620625
vn -0.806594 -0.000435 -0.591106
vn -0.803408 0.0 -0.59543
vn -0.829493 -0.000544 -0.558516
vn -0.820536 0.000277 -0.571595
vn -0.850883 -0.000569 -0.525354
vn -0.839493 0.00054 -0.54337
vn -0.870974 -0.00056 -0.491328
vn -0.860446 0.000543 -0.509541
vn -0.889789 -0.000567 -0.456373
vn -0.87988 0.000556 -0.475196
vn -0.907085 -0.000571 -0.420947
vn -0.898001 0.000551 -0.439993
vn -0.921022 -0.000267 -0.389511
vn -0.914785 0.000576 -0.403941
vn -0.929942 0.000461 -0.367707
vn -0.93192 -0.0 -0.362663
vn -0.94382 -0.000513 -0.330461
vn -0.941645 0.0 -0.336608
vn -0.956154 -0.000533 -0.292864
vn -0.950341 0.000252 -0.311209
vn -0.966945 -0.000528 -0.254986
vn -0.960128 0.000509 -0.279562
vn -0.976315 -0.000519 -0.216355
vn -0.970435 0.000523 -0.241361
vn -0.984099 -0.000519 -0.177617
vn -0.979226 0.000516 -0.202773
vn -0.990363 -0.000521 -0.138493
vn -0.986476 0.000514 -0.163905
vn -0.995061 -0.000514 -0.099263
vn -0.992199 0.000512 -0.124661
vn -0.998215 -0.000509 -0.059715
vn -0.996353 0.000518 -0.085324
vn -0.999646 -0.000253 -0.026596
vn -0.99895 0.000513 -0.045819
vn -1.0 -0.0 0.0
vn -0.999979 0.000487 -0.006385
vn -0.0 0.0 1.0
vn 0.0 0.0 1.0
vn 0.98136 0.0 0.192177
vn 0.971726 -0.00028 0.236113
vn 0.98015 0.000376 0.198256
vn 0.958409 -0.000553 0.285396
vn 0.967129 0.000544 0.254287
vn 0.940372 -0.000542 0.340149
vn 0.950891 0.000559 0.309526
vn 0.919222 -0.00055 0.39374
vn 0.931579 0.000561 0.363538
vn 0.895097 -0.00055 0.445871
vn 0.909079 0.000557 0.416623
vn 0.868023 -0.000552 0.496523
vn 0.883671 0.000558 0.468107
vn 0.8379 -0.00055 0.545824
vn 0.855237 0.000567 0.518236
vn 0.805225 -0.000568 0.59297
vn 0.82412 0.000553 0.566415
vn 0.770009 -0.000549 0.638032
vn 0.790043 0.000554 0.613051
vn 0.731667 -0.000544 0.681662
vn 0.753581 0.000584 0.657355
vn 0.691556 -0.000555 0.722322
vn 0.714576 0.000564 0.699557
vn 0.648586 -0.000553 0.761141
vn 0.673102 0.000577 0.73955
vn 0.603988 -0.000589 0.796993
vn 0.629747 0.000546 0.7768
vn 0.557287 -0.000418 0.83032
vn 0.588938 0.000254 0.808178
vn 0.551713 0.0 0.834034
vn 0.438211 0.0 0.898872
vn 0.438211 0.0 0.898872
vn 0.476172 0.0 0.879352
vn 0.476172 0.0 0.879352
vn 0.513552 0.0 0.858058
vn 0.513552 0.0 0.858058
vn 0.551275 -0.000174 0.834324
vn 0.549626 0.0 0.835411
vn 0.590475 -0.000343 0.807056
vn 0.584947 0.000195 0.811072
vn 0.627677 -0.000321 0.778474
vn 0.621014 0.000348 0.7838
vn 0.664099 -0.000341 0.747644
vn 0.65726 0.00037 0.753664
vn 0.69878 -0.000348 0.715337
vn 0.692371 0.000345 0.721541
vn 0.731707 -0.000322 0.681619
vn 0.725871 0.000337 0.687831
vn 0.763358 -0.000334 0.645975
vn 0.757508 0.000359 0.652826
vn 0.787611 0.00034 0.616172
vn 0.792885 -0.000318 0.609371
vn 0.815864 0.000356 0.578244
vn 0.820919 -0.000313 0.571045
vn 0.842276 0.000354 0.539046
vn 0.845926 -0.000161 0.533301
vn 0.866898 0.00019 0.498485
vn 0.868023 0.0 0.496524
vn 0.8862 0.0 0.463302
vn 0.889342 -0.00043 0.457243
vn 0.900587 0.000239 0.434676
vn 0.909234 -0.000463 0.416286
vn 0.916192 0.000407 0.40074
vn 0.92649 -0.000386 0.376318
vn 0.933041 0.000485 0.359769
vn 0.942223 -0.000491 0.334986
vn 0.948054 0.000388 0.31811
vn 0.956705 -0.000443 0.29106
vn 0.96122 0.000449 0.275783
vn 0.968706 -0.000392 0.248211
vn 0.973026 0.000488 0.230693
vn 0.978812 -0.000475 0.20476
vn 0.982274 0.000374 0.18745
vn 0.987266 -0.000436 0.159079
vn 0.989299 0.000311 0.145901
vn 0.993558 -0.000357 0.113326
vn 0.997582 -0.000214 0.069493
vn 0.99456 0.000225 0.104167
vn 0.99939 -0.000128 0.034935
vn 0.998051 0.000233 0.062408
vn 0.999963 0.0 0.008606
vn 0.999833 0.00047 0.018263
vn 0.99956 0.0 -0.029648
vn 0.999526 8.8e-05 -0.030773
vn 0.997516 -0.000123 -0.070436
vn 0.99724 0.000158 -0.07425
vn 0.993851 -0.000234 -0.110721
vn 0.99292 0.000305 -0.118784
vn 0.98857 -0.00038 -0.150763
vn 0.986482 0.000408 -0.163866
vn 0.981508 -0.000422 -0.191423
vn 0.978025 0.000487 -0.208486
vn 0.972315 -0.000515 -0.233675
vn 0.968097 0.000409 -0.250575
vn 0.961196 -0.000402 -0.275865
vn 0.956399 0.000517 -0.292062
vn 0.948956 -0.000447 -0.315407
vn 0.942163 0.000552 -0.335154
vn 0.934337 -0.000538 -0.356389
vn 0.926865 0.000451 -0.375394
vn 0.918044 -0.000486 -0.396478
vn 0.910039 0.000531 -0.414522
vn 0.902544 -0.00028 -0.430598
vn 0.890753 0.000445 -0.454488
vn 0.888096 0.0 -0.459659
vn 0.870145 0.0 -0.492796
vn 0.870115 6e-06 -0.492849
vn 0.848957 -2.5e-05 -0.528461
vn 0.848669 3e-05 -0.528923
vn 0.82608 -3.5e-05 -0.563553
vn 0.824507 0.000256 -0.565852
vn 0.802028 -0.00027 -0.597287
vn 0.776596 -0.00042 -0.629999
vn 0.797381 0.000475 -0.603476
vn 0.749633 -0.000553 -0.661853
vn 0.768863 0.000645 -0.639414
vn 0.721604 -0.00066 -0.692306
vn 0.738644 0.000726 -0.674096
vn 0.692158 -0.000654 -0.721746
vn 0.706512 0.000786 -0.7077
vn 0.661657 -0.000625 -0.749806
vn 0.673362 0.000774 -0.739312
vn 0.63 -0.000484 -0.776595
vn 0.63842 0.000686 -0.769688
vn 0.597377 -0.000277 -0.801961
vn 0.602495 0.000537 -0.798122
vn 0.56373 4.8e-05 -0.825959
vn 0.565101 0.000294 -0.825022
vn 0.529006 -1.6e-05 -0.848618
vn 0.526834 0.000368 -0.849968
vn 0.49321 -0.000364 -0.86991
vn 0.486963 0.000624 -0.873423
vn 0.45687 -0.00064 -0.889533
vn 0.446137 0.000857 -0.894964
vn 0.419961 -0.000781 -0.907542
vn 0.404657 0.001065 -0.914468
vn 0.382022 -0.000829 -0.924153
vn 0.362386 0.001162 -0.932027
vn 0.346281 -0.000532 -0.938131
vn 0.319429 0.000842 -0.94761
vn 0.31409 0.0 -0.949393
vn 0.281372 0.0 -0.959599
vn 0.280458 -0.000138 -0.959866
vn 0.249685 0.000187 -0.968327
vn 0.245995 -0.00036 -0.969271
vn 0.214625 0.000367 -0.976697
vn 0.211396 -0.000171 -0.9774
vn 0.177702 5.9e-05 -0.984084
vn 0.175549 -0.000335 -0.984471
vn 0.143746 0.000182 -0.989615
vn 0.140053 -0.000438 -0.990144
vn 0.117568 0.000215 -0.993065
vn 0.113249 -0.000169 -0.993567
vn 0.101036 0.000211 -0.994883
vn 0.097487 -1.6e-05 -0.995237
vn 0.091397 1.2e-05 -0.995815
vn 0.091182 0.0 -0.995834
vn 0.077833 0.0 -0.996966
vn 0.072249 -0.000624 -0.997386
vn 0.062602 0.000267 -0.998039
vn 0.050826 -9.1e-05 -0.998708
vn 0.046997 0.000393 -0.998895
vn 0.03316 -0.000201 -0.99945
vn 0.029478 0.000269 -0.999565
vn 0.016653 -0.000232 -0.999861
vn 0.013284 0.000226 -0.999912
vn 0.001454 -0.00018 -0.999999
vn -0.001454 0.00018 -0.999999
vn -0.013284 -0.000226 -0.999912
vn -0.016658 0.000233 -0.999861
vn -0.029478 -0.000267 -0.999565
vn -0.03315 0.000201 -0.99945
vn -0.046997 -0.000393 -0.998895
vn -0.050826 9.1e-05 -0.998708
vn -0.062602 -0.000267 -0.998039
vn -0.072263 0.000625 -0.997385
vn -0.07786 -0.0 -0.996964
vn -0.089527 -0.0 -0.995984
vn -0.089527 0.0 -0.995984
vn -0.096821 0.0 -0.995302
vn -0.096821 -0.0 -0.995302
vn -0.143732 0.0 -0.989617
vn -0.146989 -0.000224 -0.989138
vn -0.168587 -0.000387 -0.985687
vn -0.157953 0.000104 -0.987447
vn -0.176951 0.000294 -0.98422
vn -0.197834 -0.000443 -0.980235
vn -0.205778 0.000505 -0.978598
vn -0.233854 -0.000523 -0.972272
vn -0.270475 -0.000436 -0.962727
vn -0.241696 0.000526 -0.970352
vn -0.299696 -0.000302 -0.954035
vn -0.278543 0.000494 -0.960424
vn -0.314626 0.000545 -0.949216
vn -0.320693 -0.0 -0.947183
vn -0.355695 -0.00076 -0.934602
vn -0.35078 0.0 -0.936458
vn -0.401359 -0.001092 -0.91592
vn -0.387122 0.000517 -0.922028
vn -0.446579 -0.001074 -0.894744
vn -0.425674 0.000871 -0.904876
vn -0.490443 -0.000994 -0.871473
vn -0.465687 0.000823 -0.884949
vn -0.533673 -0.000822 -0.84569
vn -0.505043 0.000725 -0.863094
vn -0.543257 0.000483 -0.839567
vn -0.574679 -0.000614 -0.818379
vn -0.580444 0.000277 -0.8143
vn -0.61522 -0.00028 -0.788355
vn -0.616368 -8.1e-05 -0.787458
vn -0.653556 -0.000373 -0.756878
vn -0.651218 2.1e-05 -0.75889
vn -0.690631 -0.000566 -0.723207
vn -0.684802 0.000311 -0.728729
vn -0.725838 -0.000691 -0.687865
vn -0.716782 0.000509 -0.697297
vn -0.75942 -0.000772 -0.6506
vn -0.74733 0.000617 -0.664453
vn -0.790779 -0.000769 -0.612102
vn -0.776486 0.00062 -0.630134
vn -0.820655 -0.000679 -0.571423
vn -0.80425 0.000624 -0.59429
vn -0.848109 -0.000583 -0.529821
vn -0.830059 0.000515 -0.557675
vn -0.873622 -0.000399 -0.486605
vn -0.8545 0.000394 -0.519452
vn -0.89638 -0.000194 -0.443285
vn -0.876936 0.000204 -0.480608
vn -0.916341 -0.000101 -0.400399
vn -0.897833 0.000101 -0.440336
vn -0.916783 -0.0 -0.399385
vn -0.934574 -0.000591 -0.355769
vn -0.930406 0.0 -0.366531
vn -0.950705 -0.00011 -0.310097
vn -0.939608 5.4e-05 -0.342253
vn -0.964114 -1.5e-05 -0.265487
vn -0.951173 1.9e-05 -0.30866
vn -0.975562 -0.000169 -0.219724
vn -0.964659 0.000156 -0.263501
vn -0.984809 1.2e-05 -0.173642
vn -0.976007 -3e-06 -0.217741
vn -0.991569 -0.000154 -0.129578
vn -0.985188 0.000185 -0.171479
vn -0.992427 0.000324 -0.122839
vn -0.996564 -0.000292 -0.082826
vn -0.997112 0.000185 -0.075945
vn -0.999416 -0.000119 -0.034155
vn -0.999448 -0.000186 -0.033222
vn -0.999952 0.000269 0.00983
vn -0.999891 -8.6e-05 0.014776
vn -0.998255 0.000145 0.059043
vn -0.998141 0.0 0.06095
vn -0.993846 0.0 0.110767
vn -0.997692 -0.000205 0.067903
vn -0.994421 0.000262 0.105487
vn -0.999809 -0.000401 0.019557
vn -0.998661 0.000387 0.051721
vn -0.999418 -0.00041 -0.034098
vn -0.999987 0.000492 -0.005021
vn -0.995925 -0.000493 -0.09018
vn -0.998121 0.000406 -0.061274
vn -0.988836 -0.000478 -0.149007
vn -0.993401 0.000388 -0.114695
vn -0.978298 -0.000417 -0.207201
vn -0.985767 0.00033 -0.168118
vn -0.964409 -0.000309 -0.264416
vn -0.97527 0.000264 -0.221018
vn -0.947727 -0.000156 -0.319081
vn -0.961995 0.000177 -0.273068
vn -0.928153 -0.000273 -0.3722
vn -0.94509 0.000292 -0.326809
vn -0.905579 -0.000177 -0.424178
vn -0.925139 0.000168 -0.379629
vn -0.880115 -0.000189 -0.474761
vn -0.903075 0.00015 -0.429483
vn -0.851565 -6.6e-05 -0.524249
vn -0.878189 5.6e-05 -0.478314
vn -0.820226 -8e-06 -0.57204
vn -0.850844 2e-05 -0.525418
vn -0.820162 0.0 -0.572132
vn -0.844091 -0.000337 -0.5362
vn -0.833744 0.0 -0.552152
vn -0.913573 -0.000463 -0.406674
vn -0.88729 0.000237 -0.461213
vn -0.964236 -0.000471 -0.265044
vn -0.939368 0.000489 -0.34291
vn -0.992972 -0.000472 -0.118345
vn -0.980339 0.000486 -0.19732
vn -0.999635 -0.000445 0.027
vn -0.998883 0.000491 -0.047255
vn -0.986073 -0.000399 0.166315
vn -0.995648 0.000344 0.093195
vn -0.952901 -0.000463 0.30328
vn -0.973776 0.000445 0.22751
vn -0.906661 -0.000248 0.421859
vn -0.931222 0.000423 0.364453
vn -0.855297 -0.000242 0.518138
vn -0.885392 0.000142 0.464845
vn -0.845624 0.0 0.53378
vn -0.777575 -0.000129 0.62879
vn -0.780746 0.0 0.624848
vn -0.66819 -0.00027 0.74399
vn -0.681809 0.000164 0.73153
vn -0.544128 -0.00028 0.839002
vn -0.563931 0.00028 0.825822
vn -0.404987 -0.000247 0.914322
vn -0.425421 0.000282 0.904996
vn -0.255062 -0.000254 0.966925
vn -0.27829 0.000314 0.960497
vn -0.1237 0.000303 0.99232
vn -0.100498 -0.000247 0.994937
vn 0.034009 0.000313 0.999421
vn 0.058767 -0.000272 0.998272
vn 0.190236 0.000278 0.981738
vn 0.207188 -0.00013 0.978301
vn 0.349246 0.0 0.937031
vn 0.34323 0.000164 0.939251
vn 0.433073 0.0 0.901359
vn 0.433073 0.0 0.901359
vn 0.452998 0.0 0.891511
vn 0.452998 0.0 0.891511
vn 0.474002 0.0 0.880524
vn 0.474002 0.0 0.880524
vn 0.493727 0.0 0.869617
vn 0.514762 0.0 0.857333
vn 0.493727 0.0 0.869617
vn 0.514762 0.0 0.857333
vn 0.52578 0.0 0.850621
vn 0.534498 -0.000477 0.84517
vn 0.579653 -0.0003 0.814863
vn 0.553375 0.000182 0.832932
vn 0.618645 -0.00029 0.78567
vn 0.589697 0.000374 0.807625
vn 0.657721 -0.000459 0.753262
vn 0.632373 0.000444 0.774664
vn 0.697848 -0.000455 0.716246
vn 0.671739 0.000397 0.740788
vn 0.735842 -0.000389 0.677154
vn 0.710875 0.000422 0.703318
vn 0.77114 -0.000383 0.636665
vn 0.746515 0.000354 0.665368
vn 0.804709 -0.000356 0.593669
vn 0.780319 0.000345 0.625382
vn 0.836367 -0.000322 0.548169
vn 0.812167 0.000313 0.583425
vn 0.865413 -0.000255 0.501059
vn 0.841628 0.000216 0.540058
vn 0.892094 -0.000168 0.451849
vn 0.868997 0.000178 0.494818
vn 0.915872 -4.9e-05 0.401469
vn 0.893631 4.8e-05 0.448803
vn 0.916378 3.8e-05 0.400313
vn 0.936885 -0.000119 0.349639
vn 0.93643 -3.3e-05 0.350854
vn 0.954193 5.2e-05 0.299191
vn 0.968378 -4.4e-05 0.249489
vn 0.953936 0.000108 0.300009
vn 0.980038 -2.6e-05 0.198812
vn 0.96865 2.6e-05 0.24843
vn 0.980119 0.0 0.198409
vn 0.999307 0.0 0.037228
vn 0.998828 0.000363 0.048392
vn 0.996273 -0.000201 0.086259
vn 0.9928 0.000415 0.119782
vn 0.988755 -0.000498 0.149541
vn 0.981554 0.000408 0.191184
vn 0.974885 -0.000442 0.222707
vn 0.964941 0.000467 0.262466
vn 0.955659 -0.000485 0.294475
vn 0.943096 0.000434 0.33252
vn 0.931265 -0.000458 0.364341
vn 0.915978 0.000459 0.401228
vn 0.902035 -0.000481 0.431663
vn 0.883253 0.000499 0.468896
vn 0.866933 -0.000465 0.498425
vn 0.828932 -0.000395 0.559349
vn 0.844886 0.000514 0.534947
vn 0.788654 -0.000347 0.614837
vn 0.802755 0.00039 0.596308
vn 0.743797 -0.000429 0.668405
vn 0.760637 0.000354 0.649177
vn 0.694873 -0.000458 0.719132
vn 0.71731 0.000332 0.696754
vn 0.640487 -0.000514 0.767969
vn 0.667851 0.000483 0.744294
vn 0.580788 -0.000497 0.814054
vn 0.610811 0.000508 0.791776
vn 0.519187 -0.000501 0.85466
vn 0.550344 0.00049 0.834938
vn 0.454749 -0.000547 0.890619
vn 0.486409 0.000494 0.873731
vn 0.387474 -0.000477 0.921881
vn 0.419703 0.000497 0.907661
vn 0.316899 -0.000575 0.948459
vn 0.349685 0.000552 0.936867
vn 0.246505 -0.000459 0.969141
vn 0.275832 0.000516 0.961206
vn 0.176192 -0.000386 0.984356
vn 0.200281 0.000522 0.979738
vn 0.106702 -0.000295 0.994291
vn 0.124338 0.000449 0.99224
vn 0.032327 -0.000313 0.999477
vn 0.046414 0.000356 0.998922
vn -0.030676 0.000384 0.999529
vn -0.045458 -0.00032 0.998966
vn -0.104391 0.000317 0.994536
vn -0.123386 -0.000482 0.992359
vn -0.175043 0.000381 0.984561
vn -0.199397 -0.000525 0.979919
vn -0.274805 -0.000525 0.9615
vn -0.245055 0.000459 0.969509
vn -0.31272 0.000484 0.949845
vn -0.34642 -0.00049 0.938079
vn -0.380644 0.000489 0.924722
vn -0.414671 -0.000508 0.909971
vn -0.44544 0.000485 0.895312
vn -0.481758 -0.000492 0.876304
vn -0.511113 0.000495 0.859514
vn -0.544541 -0.000513 0.838734
vn -0.606944 -0.000515 0.794745
vn -0.574569 0.000548 0.818456
vn -0.662292 -0.000394 0.749245
vn -0.635511 0.000515 0.772092
vn -0.71089 -0.000407 0.703303
vn -0.688148 0.000393 0.72557
vn -0.760108 -0.000508 0.649796
vn -0.738045 0.000477 0.674751
vn -0.80803 -0.00052 0.589141
vn -0.783489 0.000409 0.621405
vn -0.851432 -0.000371 0.524465
vn -0.8229 0.000295 0.568186
vn -0.88862 -0.000276 0.458645
vn -0.859799 0.000296 0.510633
vn -0.919478 -0.00028 0.393142
vn -0.89467 0.000262 0.446728
vn -0.94652 -0.000325 0.322646
vn -0.925221 0.000327 0.379428
vn -0.968611 -0.000231 0.24858
vn -0.950717 0.00023 0.310059
vn -0.984394 -0.00021 0.175976
vn -0.97114 0.000236 0.238508
vn -0.994412 -0.000308 0.105564
vn -0.986673 0.000338 0.162717
vn -0.99939 -0.000371 0.034911
vn -0.996293 0.000408 0.086018
vn -0.999233 -0.000475 -0.039146
vn -0.999968 0.00048 0.007925
vn -0.993131 -0.000447 -0.117011
vn -0.997837 0.000362 -0.065738
vn -0.981009 -0.000363 -0.193961
vn -0.990664 0.000254 -0.136329
vn -0.963918 -0.000186 -0.2662
vn -0.978453 0.00016 -0.206471
vn -0.941626 -0.0002 -0.336659
vn -0.961437 0.000192 -0.275026
vn -0.91294 -0.000231 -0.408094
vn -0.938376 0.000226 -0.345617
vn -0.879263 -0.000125 -0.476336
vn -0.909694 0.000117 -0.415278
vn -0.841113 -5.9e-05 -0.540859
vn -0.877376 5.6e-05 -0.479803
vn -0.840961 -4.5e-05 -0.541095
vn -0.798982 -6.1e-05 -0.601354
vn -0.800205 3.2e-05 -0.599727
vn -0.752976 0.0 -0.658048
vn -0.75364 5e-05 -0.657287
f 1//1 2//1 3//1 
f 4//2 1//2 3//2 
f 4//3 3//3 5//3 
f 6//4 4//4 5//4 
f 6//5 5//5 7//5 
f 8//6 6//6 7//6 
f 8//7 7//7 9//7 
f 10//8 8//8 9//8 
f 10//9 9//9 11//9 
f 12//10 10//10 11//10 
f 12//11 11//11 13//11 
f 14//12 12//12 13//12 
f 14//13 13//13 15//13 
f 16//14 15//14 17//14 
f 16//15 14//15 15//15 
f 18//16 17//16 19//16 
f 18//17 16//17 17//17 
f 20//18 19//18 21//18 
f 20//19 18//19 19//19 
f 22//20 21//20 23//20 
f 22//21 20//21 21//21 
f 24//22 23//22 25//22 
f 24//23 22//23 23//23 
f 26//24 25//24 27//24 
f 26//25 24//25 25//25 
f 28//26 27//26 29//26 
f 28//27 26//27 27//27 
f 30//28 29//28 31//28 
f 30//29 28//29 29//29 
f 32//30 31//30 33//30 
f 32//31 30//31 31//31 
f 34//32 33//32 35//32 
f 34//33 32//33 33//33 
f 36//34 35//34 37//34 
f 36//35 34//35 35//35 
f 38//36 37//36 39//36 
f 38//37 36//37 37//37 
f 40//38 39//38 41//38 
f 40//39 38//39 39//39 
f 42//40 40//40 41//40 
f 42//41 41//41 43//41 
f 44//42 42//42 43//42 
f 44//43 43//43 45//43 
f 46//44 44//44 45//44 
f 46//45 45//45 47//45 
f 48//46 46//46 47//46 
f 48//47 47//47 49//47 
f 50//48 48//48 49//48 
f 50//49 49//49 51//49 
f 52//50 50//50 51//50 
f 52//51 51//51 53//51 
f 54//52 52//52 53//52 
f 54//53 53//53 55//53 
f 56//54 55//54 57//54 
f 56//55 54//55 55//55 
f 58//56 57//56 59//56 
f 58//57 56//57 57//57 
f 60//58 59//58 61//58 
f 60//59 58//59 59//59 
f 62//60 61//60 63//60 
f 62//61 60//61 61//61 
f 64//62 63//62 65//62 
f 64//63 62//63 63//63 
f 66//64 65//64 67//64 
f 66//65 64//65 65//65 
f 68//66 66//66 67//66 
f 69//67 70//67 71//67 
f 69//68 67//68 70//68 
f 69//69 68//69 67//69 
f 72//70 69//70 71//70 
f 73//71 74//71 75//71 
f 73//72 71//72 74//72 
f 73//73 72//73 71//73 
f 76//74 73//74 75//74 
f 77//75 75//75 78//75 
f 77//76 76//76 75//76 
f 79//77 78//77 80//77 
f 79//78 77//78 78//78 
f 81//79 80//79 82//79 
f 81//80 79//80 80//80 
f 83//81 82//81 84//81 
f 83//82 81//82 82//82 
f 85//83 84//83 86//83 
f 85//84 83//84 84//84 
f 87//85 88//85 89//85 
f 87//86 86//86 88//86 
f 87//87 85//87 86//87 
f 90//88 87//88 89//88 
f 91//89 90//89 89//89 
f 91//90 89//90 92//90 
f 93//91 91//91 92//91 
f 93//92 92//92 94//92 
f 95//93 93//93 94//93 
f 95//94 94//94 96//94 
f 97//95 95//95 96//95 
f 97//96 96//96 98//96 
f 99//97 98//97 100//97 
f 99//98 97//98 98//98 
f 101//99 100//99 102//99 
f 101//100 99//100 100//100 
f 103//101 102//101 104//101 
f 103//102 101//102 102//102 
f 105//103 106//103 107//103 
f 105//104 104//104 106//104 
f 105//105 103//105 104//105 
f 108//106 105//106 107//106 
f 109//107 107//107 110//107 
f 109//108 108//108 107//108 
f 111//109 110//109 112//109 
f 111//110 109//110 110//110 
f 113//111 112//111 114//111 
f 113//112 111//112 112//112 
f 115//113 114//113 116//113 
f 115//114 113//114 114//114 
f 117//115 116//115 118//115 
f 117//116 115//116 116//116 
f 119//117 118//117 120//117 
f 119//118 117//118 118//118 
f 121//119 119//119 120//119 
f 121//120 120//120 122//120 
f 123//121 121//121 122//121 
f 123//122 122//122 124//122 
f 125//123 123//123 124//123 
f 125//124 124//124 126//124 
f 127//125 125//125 126//125 
f 127//126 126//126 128//126 
f 129//127 127//127 128//127 
f 129//128 128//128 130//128 
f 131//129 129//129 130//129 
f 131//130 130//130 132//130 
f 133//131 132//131 134//131 
f 133//132 131//132 132//132 
f 135//133 134//133 136//133 
f 135//134 133//134 134//134 
f 137//135 136//135 138//135 
f 137//136 135//136 136//136 
f 139//137 138//137 140//137 
f 139//138 137//138 138//138 
f 141//139 140//139 142//139 
f 141//140 139//140 140//140 
f 143//141 142//141 144//141 
f 143//142 141//142 142//142 
f 145//143 144//143 146//143 
f 145//144 143//144 144//144 
f 147//145 146//145 148//145 
f 147//146 145//146 146//146 
f 149//147 148//147 150//147 
f 149//148 147//148 148//148 
f 151//149 150//149 152//149 
f 151//150 149//150 150//150 
f 153//151 154//151 155//151 
f 153//152 152//152 154//152 
f 153//153 151//153 152//153 
f 156//154 153//154 155//154 
f 157//155 155//155 158//155 
f 157//156 156//156 155//156 
f 159//157 158//157 160//157 
f 159//158 157//158 158//158 
f 161//159 159//159 160//159 
f 161//160 162//160 163//160 
f 161//161 160//161 162//161 
f 164//162 161//162 163//162 
f 165//163 164//163 163//163 
f 165//164 166//164 167//164 
f 165//165 163//165 166//165 
f 168//166 165//166 167//166 
f 168//167 167//167 169//167 
f 170//168 168//168 169//168 
f 171//169 170//169 169//169 
f 171//170 172//170 173//170 
f 171//171 169//171 172//171 
f 174//172 171//172 173//172 
f 174//173 173//173 175//173 
f 176//174 175//174 177//174 
f 176//175 174//175 175//175 
f 178//176 177//176 179//176 
f 178//177 176//177 177//177 
f 180//178 179//178 181//178 
f 180//179 178//179 179//179 
f 182//180 181//180 183//180 
f 182//181 180//181 181//181 
f 184//182 183//182 185//182 
f 184//183 182//183 183//183 
f 186//184 185//184 187//184 
f 186//185 184//185 185//185 
f 188//186 187//186 189//186 
f 188//187 186//187 187//187 
f 190//188 189//188 191//188 
f 190//189 188//189 189//189 
f 192//190 191//190 193//190 
f 192//191 190//191 191//191 
f 194//192 192//192 193//192 
f 195//193 196//193 197//193 
f 195//194 193//194 196//194 
f 195//195 194//195 193//195 
f 198//196 195//196 197//196 
f 199//197 200//197 201//197 
f 199//198 197//198 200//198 
f 199//199 198//199 197//199 
f 202//200 201//200 203//200 
f 202//201 199//201 201//201 
f 204//202 203//202 205//202 
f 204//203 202//203 203//203 
f 206//204 205//204 207//204 
f 206//205 204//205 205//205 
f 208//206 207//206 209//206 
f 208//207 206//207 207//207 
f 210//208 208//208 209//208 
f 211//209 210//209 209//209 
f 211//210 212//210 213//210 
f 211//211 209//211 212//211 
f 214//212 211//212 213//212 
f 214//213 213//213 215//213 
f 216//214 215//214 217//214 
f 216//215 214//215 215//215 
f 218//216 217//216 219//216 
f 218//217 216//217 217//217 
f 220//218 219//218 221//218 
f 220//219 218//219 219//219 
f 222//220 221//220 223//220 
f 222//221 220//221 221//221 
f 224//222 223//222 225//222 
f 224//223 222//223 223//223 
f 226//224 225//224 227//224 
f 226//225 224//225 225//225 
f 228//226 226//226 227//226 
f 229//227 230//227 231//227 
f 229//228 227//228 230//228 
f 229//229 228//229 227//229 
f 232//230 229//230 231//230 
f 233//231 231//231 234//231 
f 233//232 232//232 231//232 
f 235//233 234//233 236//233 
f 235//234 233//234 234//234 
f 1//235 236//235 2//235 
f 1//236 235//236 236//236 
f 237//237 81//237 83//237 
f 237//238 238//238 81//238 
f 239//239 240//239 241//239 
f 239//240 242//240 243//240 
f 239//241 241//241 242//241 
f 244//242 245//242 246//242 
f 244//243 246//243 247//243 
f 248//244 249//244 250//244 
f 248//245 251//245 249//245 
f 248//246 250//246 252//246 
f 253//247 254//247 255//247 
f 253//248 256//248 254//248 
f 257//249 83//249 85//249 
f 257//250 237//250 83//250 
f 258//251 239//251 243//251 
f 259//252 244//252 247//252 
f 259//253 247//253 238//253 
f 260//254 252//254 240//254 
f 260//255 251//255 248//255 
f 260//256 248//256 252//256 
f 260//257 261//257 251//257 
f 260//258 262//258 261//258 
f 263//259 255//259 245//259 
f 263//260 253//260 255//260 
f 264//261 85//261 87//261 
f 264//262 257//262 85//262 
f 265//263 243//263 256//263 
f 265//264 258//264 243//264 
f 266//265 238//265 237//265 
f 266//266 259//266 238//266 
f 267//267 240//267 239//267 
f 267//268 260//268 240//268 
f 267//269 239//269 258//269 
f 267//270 262//270 260//270 
f 267//271 268//271 262//271 
f 269//272 263//272 245//272 
f 269//273 245//273 244//273 
f 270//274 87//274 90//274 
f 270//275 90//275 91//275 
f 270//276 264//276 87//276 
f 271//277 253//277 263//277 
f 271//278 256//278 253//278 
f 271//279 265//279 256//279 
f 272//280 237//280 257//280 
f 272//281 266//281 237//281 
f 273//282 267//282 258//282 
f 273//283 258//283 265//283 
f 273//284 268//284 267//284 
f 273//285 274//285 268//285 
f 273//286 275//286 274//286 
f 276//287 244//287 259//287 
f 276//288 269//288 244//288 
f 277//289 270//289 91//289 
f 277//290 91//290 93//290 
f 278//291 271//291 263//291 
f 279//292 264//292 270//292 
f 279//293 257//293 264//293 
f 279//294 272//294 257//294 
f 280//295 275//295 273//295 
f 280//296 273//296 265//296 
f 280//297 281//297 275//297 
f 282//298 276//298 259//298 
f 282//299 259//299 266//299 
f 282//300 266//300 272//300 
f 283//301 93//301 95//301 
f 283//302 277//302 93//302 
f 284//303 269//303 276//303 
f 284//304 263//304 269//304 
f 284//305 278//305 263//305 
f 285//306 279//306 270//306 
f 285//307 270//307 277//307 
f 286//308 287//308 288//308 
f 286//309 271//309 278//309 
f 286//310 280//310 265//310 
f 286//311 281//311 280//311 
f 286//312 265//312 271//312 
f 286//313 288//313 281//313 
f 289//314 282//314 272//314 
f 289//315 272//315 279//315 
f 290//316 283//316 95//316 
f 290//317 95//317 97//317 
f 291//318 284//318 276//318 
f 292//319 285//319 277//319 
f 293//320 294//320 287//320 
f 293//321 287//321 286//321 
f 293//322 286//322 278//322 
f 295//323 289//323 279//323 
f 296//324 97//324 99//324 
f 296//325 99//325 101//325 
f 296//326 290//326 97//326 
f 297//327 276//327 282//327 
f 297//328 282//328 289//328 
f 297//329 291//329 276//329 
f 298//330 277//330 283//330 
f 298//331 292//331 277//331 
f 299//332 300//332 294//332 
f 299//333 293//333 278//333 
f 299//334 278//334 284//334 
f 299//335 284//335 291//335 
f 299//336 294//336 293//336 
f 301//337 279//337 285//337 
f 301//338 295//338 279//338 
f 302//339 101//339 103//339 
f 302//340 296//340 101//340 
f 303//341 297//341 289//341 
f 304//342 290//342 296//342 
f 304//343 298//343 283//343 
f 304//344 283//344 290//344 
f 305//345 306//345 300//345 
f 305//346 307//346 306//346 
f 305//347 300//347 299//347 
f 305//348 299//348 291//348 
f 308//349 301//349 285//349 
f 308//350 285//350 292//350 
f 309//351 103//351 105//351 
f 309//352 302//352 103//352 
f 310//353 289//353 295//353 
f 310//354 303//354 289//354 
f 311//355 304//355 296//355 
f 311//356 296//356 302//356 
f 312//357 313//357 307//357 
f 312//358 291//358 297//358 
f 312//359 307//359 305//359 
f 312//360 305//360 291//360 
f 314//361 292//361 298//361 
f 314//362 308//362 292//362 
f 315//363 105//363 108//363 
f 315//364 309//364 105//364 
f 316//365 295//365 301//365 
f 316//366 310//366 295//366 
f 317//367 311//367 302//367 
f 318//368 319//368 313//368 
f 318//369 320//369 319//369 
f 318//370 313//370 312//370 
f 318//371 312//371 297//371 
f 318//372 297//372 303//372 
f 321//373 298//373 304//373 
f 321//374 314//374 298//374 
f 322//375 315//375 108//375 
f 322//376 108//376 109//376 
f 322//377 109//377 111//377 
f 323//378 301//378 308//378 
f 323//379 308//379 314//379 
f 323//380 316//380 301//380 
f 324//381 317//381 302//381 
f 324//382 302//382 309//382 
f 325//383 318//383 303//383 
f 325//384 326//384 320//384 
f 325//385 320//385 318//385 
f 325//386 303//386 310//386 
f 327//387 321//387 304//387 
f 327//388 304//388 311//388 
f 328//389 111//389 113//389 
f 328//390 322//390 111//390 
f 329//391 323//391 314//391 
f 330//392 324//392 309//392 
f 330//393 315//393 322//393 
f 330//394 309//394 315//394 
f 331//395 310//395 316//395 
f 331//396 332//396 326//396 
f 331//397 333//397 332//397 
f 331//398 316//398 323//398 
f 331//399 326//399 325//399 
f 331//400 325//400 310//400 
f 334//401 311//401 317//401 
f 334//402 327//402 311//402 
f 335//403 113//403 115//403 
f 335//404 328//404 113//404 
f 336//405 314//405 321//405 
f 336//406 329//406 314//406 
f 337//407 330//407 322//407 
f 338//408 339//408 333//408 
f 338//409 333//409 331//409 
f 338//410 331//410 323//410 
f 340//411 334//411 317//411 
f 340//412 317//412 324//412 
f 341//413 335//413 115//413 
f 341//414 115//414 117//414 
f 341//415 117//415 119//415 
f 342//416 321//416 327//416 
f 342//417 336//417 321//417 
f 343//418 322//418 328//418 
f 343//419 337//419 322//419 
f 344//420 345//420 339//420 
f 344//421 339//421 338//421 
f 344//422 338//422 323//422 
f 344//423 323//423 329//423 
f 346//424 340//424 324//424 
f 346//425 324//425 330//425 
f 347//426 327//426 334//426 
f 347//427 334//427 340//427 
f 347//428 342//428 327//428 
f 348//429 328//429 335//429 
f 348//430 343//430 328//430 
f 349//431 350//431 345//431 
f 349//432 351//432 350//432 
f 349//433 344//433 329//433 
f 349//434 329//434 336//434 
f 349//435 345//435 344//435 
f 352//436 346//436 330//436 
f 352//437 330//437 337//437 
f 353//438 347//438 340//438 
f 354//439 335//439 341//439 
f 354//440 341//440 119//440 
f 354//441 348//441 335//441 
f 355//442 356//442 351//442 
f 355//443 336//443 342//443 
f 355//444 351//444 349//444 
f 355//445 349//445 336//445 
f 357//446 337//446 343//446 
f 357//447 352//447 337//447 
f 358//448 340//448 346//448 
f 358//449 353//449 340//449 
f 359//450 360//450 356//450 
f 359//451 361//451 360//451 
f 359//452 356//452 355//452 
f 359//453 355//453 342//453 
f 359//454 342//454 347//454 
f 362//455 343//455 348//455 
f 362//456 357//456 343//456 
f 363//457 352//457 357//457 
f 363//458 346//458 352//458 
f 363//459 358//459 346//459 
f 364//460 365//460 361//460 
f 364//461 347//461 353//461 
f 364//462 361//462 359//462 
f 364//463 359//463 347//463 
f 366//464 362//464 348//464 
f 366//465 119//465 367//465 
f 366//466 354//466 119//466 
f 366//467 348//467 354//467 
f 368//468 357//468 362//468 
f 368//469 363//469 357//469 
f 369//470 358//470 363//470 
f 369//471 364//471 353//471 
f 369//472 370//472 365//472 
f 369//473 371//473 370//473 
f 369//474 365//474 364//474 
f 369//475 353//475 358//475 
f 372//476 368//476 362//476 
f 373//477 371//477 369//477 
f 373//478 374//478 371//478 
f 373//479 369//479 363//479 
f 375//480 366//480 367//480 
f 375//481 372//481 362//481 
f 375//482 362//482 366//482 
f 376//483 363//483 368//483 
f 376//484 374//484 373//484 
f 376//485 377//485 374//485 
f 376//486 373//486 363//486 
f 378//487 377//487 376//487 
f 378//488 368//488 372//488 
f 378//489 379//489 377//489 
f 378//490 376//490 368//490 
f 378//491 380//491 379//491 
f 381//492 375//492 367//492 
f 381//493 382//493 380//493 
f 381//494 378//494 372//494 
f 381//495 367//495 382//495 
f 381//496 380//496 378//496 
f 381//497 372//497 375//497 
f 383//498 1//498 4//498 
f 383//499 4//499 6//499 
f 384//500 6//500 8//500 
f 384//501 383//501 6//501 
f 385//502 8//502 10//502 
f 385//503 384//503 8//503 
f 386//504 1//504 383//504 
f 387//505 10//505 12//505 
f 387//506 12//506 14//506 
f 387//507 385//507 10//507 
f 388//508 383//508 384//508 
f 388//509 386//509 383//509 
f 389//510 14//510 16//510 
f 389//511 387//511 14//511 
f 390//512 388//512 384//512 
f 390//513 384//513 385//513 
f 391//514 392//514 1//514 
f 391//515 1//515 386//515 
f 393//516 16//516 18//516 
f 393//517 389//517 16//517 
f 394//518 385//518 387//518 
f 394//519 390//519 385//519 
f 395//520 386//520 388//520 
f 395//521 391//521 386//521 
f 396//522 393//522 18//522 
f 396//523 18//523 20//523 
f 397//524 394//524 387//524 
f 397//525 387//525 389//525 
f 397//526 389//526 393//526 
f 398//527 395//527 388//527 
f 398//528 390//528 394//528 
f 398//529 388//529 390//529 
f 399//530 20//530 22//530 
f 399//531 22//531 24//531 
f 399//532 396//532 20//532 
f 400//533 392//533 391//533 
f 401//534 397//534 393//534 
f 402//535 398//535 394//535 
f 403//536 24//536 26//536 
f 403//537 399//537 24//537 
f 404//538 391//538 395//538 
f 404//539 400//539 391//539 
f 405//540 393//540 396//540 
f 405//541 401//541 393//541 
f 406//542 394//542 397//542 
f 406//543 397//543 401//543 
f 406//544 402//544 394//544 
f 407//545 26//545 28//545 
f 407//546 403//546 26//546 
f 408//547 395//547 398//547 
f 408//548 404//548 395//548 
f 408//549 398//549 402//549 
f 409//550 399//550 403//550 
f 409//551 405//551 396//551 
f 409//552 396//552 399//552 
f 410//553 411//553 392//553 
f 410//554 412//554 411//554 
f 410//555 392//555 400//555 
f 413//556 406//556 401//556 
f 414//557 28//557 30//557 
f 414//558 407//558 28//558 
f 415//559 408//559 402//559 
f 416//560 409//560 403//560 
f 417//561 410//561 400//561 
f 417//562 412//562 410//562 
f 417//563 418//563 412//563 
f 417//564 419//564 418//564 
f 417//565 400//565 404//565 
f 420//566 413//566 401//566 
f 420//567 401//567 405//567 
f 421//568 30//568 32//568 
f 421//569 32//569 34//569 
f 421//570 414//570 30//570 
f 422//571 402//571 406//571 
f 422//572 415//572 402//572 
f 423//573 403//573 407//573 
f 423//574 407//574 414//574 
f 423//575 416//575 403//575 
f 424//576 404//576 408//576 
f 424//577 419//577 417//577 
f 424//578 417//578 404//578 
f 424//579 425//579 419//579 
f 426//580 405//580 409//580 
f 426//581 420//581 405//581 
f 427//582 34//582 36//582 
f 427//583 421//583 34//583 
f 428//584 422//584 406//584 
f 428//585 406//585 413//585 
f 429//586 423//586 414//586 
f 430//587 415//587 422//587 
f 430//588 408//588 415//588 
f 430//589 424//589 408//589 
f 430//590 425//590 424//590 
f 430//591 431//591 425//591 
f 432//592 416//592 423//592 
f 432//593 426//593 409//593 
f 432//594 409//594 416//594 
f 433//595 427//595 36//595 
f 433//596 36//596 38//596 
f 434//597 420//597 426//597 
f 434//598 428//598 413//598 
f 434//599 413//599 420//599 
f 435//600 414//600 421//600 
f 435//601 429//601 414//601 
f 436//602 430//602 422//602 
f 436//603 437//603 431//603 
f 436//604 438//604 437//604 
f 436//605 431//605 430//605 
f 439//606 432//606 423//606 
f 440//607 38//607 40//607 
f 440//608 433//608 38//608 
f 441//609 426//609 432//609 
f 441//610 434//610 426//610 
f 442//611 421//611 427//611 
f 442//612 435//612 421//612 
f 442//613 427//613 433//613 
f 443//614 436//614 422//614 
f 443//615 428//615 434//615 
f 443//616 438//616 436//616 
f 443//617 444//617 438//617 
f 443//618 422//618 428//618 
f 445//619 439//619 423//619 
f 445//620 423//620 429//620 
f 446//621 40//621 42//621 
f 446//622 42//622 44//622 
f 446//623 440//623 40//623 
f 447//624 432//624 439//624 
f 447//625 441//625 432//625 
f 448//626 442//626 433//626 
f 449//627 444//627 443//627 
f 449//628 443//628 434//628 
f 449//629 450//629 444//629 
f 449//630 451//630 450//630 
f 452//631 429//631 435//631 
f 452//632 445//632 429//632 
f 452//633 435//633 442//633 
f 453//634 446//634 44//634 
f 453//635 44//635 46//635 
f 454//636 447//636 439//636 
f 455//637 433//637 440//637 
f 455//638 448//638 433//638 
f 456//639 451//639 449//639 
f 456//640 457//640 451//640 
f 456//641 434//641 441//641 
f 456//642 449//642 434//642 
f 456//643 441//643 447//643 
f 458//644 452//644 442//644 
f 459//645 46//645 48//645 
f 459//646 453//646 46//646 
f 460//647 439//647 445//647 
f 460//648 454//648 439//648 
f 460//649 445//649 452//649 
f 461//650 455//650 440//650 
f 461//651 440//651 446//651 
f 462//652 457//652 456//652 
f 462//653 456//653 447//653 
f 462//654 463//654 457//654 
f 462//655 464//655 463//655 
f 465//656 442//656 448//656 
f 465//657 458//657 442//657 
f 466//658 48//658 50//658 
f 466//659 459//659 48//659 
f 467//660 460//660 452//660 
f 467//661 452//661 458//661 
f 468//662 446//662 453//662 
f 468//663 461//663 446//663 
f 468//664 453//664 459//664 
f 469//665 462//665 447//665 
f 469//666 464//666 462//666 
f 469//667 470//667 464//667 
f 469//668 447//668 454//668 
f 469//669 454//669 460//669 
f 471//670 455//670 461//670 
f 471//671 465//671 448//671 
f 471//672 448//672 455//672 
f 472//673 50//673 52//673 
f 472//674 52//674 54//674 
f 472//675 466//675 50//675 
f 473//676 458//676 465//676 
f 473//677 467//677 458//677 
f 474//678 468//678 459//678 
f 475//679 470//679 469//679 
f 475//680 469//680 460//680 
f 475//681 476//681 470//681 
f 477//682 471//682 461//682 
f 478//683 54//683 56//683 
f 478//684 472//684 54//684 
f 479//685 473//685 465//685 
f 480//686 459//686 466//686 
f 480//687 474//687 459//687 
f 481//688 475//688 460//688 
f 481//689 460//689 467//689 
f 481//690 482//690 476//690 
f 481//691 476//691 475//691 
f 481//692 483//692 482//692 
f 484//693 477//693 461//693 
f 484//694 461//694 468//694 
f 485//695 56//695 58//695 
f 485//696 478//696 56//696 
f 486//697 465//697 471//697 
f 486//698 479//698 465//698 
f 487//699 466//699 472//699 
f 487//700 480//700 466//700 
f 488//701 481//701 467//701 
f 488//702 467//702 473//702 
f 488//703 489//703 483//703 
f 488//704 483//704 481//704 
f 490//705 468//705 474//705 
f 490//706 484//706 468//706 
f 491//707 58//707 60//707 
f 491//708 60//708 62//708 
f 491//709 485//709 58//709 
f 492//710 471//710 477//710 
f 492//711 486//711 471//711 
f 492//712 477//712 484//712 
f 493//713 487//713 472//713 
f 493//714 472//714 478//714 
f 494//715 473//715 479//715 
f 494//716 489//716 488//716 
f 494//717 495//717 489//717 
f 494//718 496//718 495//718 
f 494//719 479//719 486//719 
f 494//720 488//720 473//720 
f 497//721 474//721 480//721 
f 497//722 480//722 487//722 
f 497//723 490//723 474//723 
f 498//724 491//724 62//724 
f 498//725 62//725 64//725 
f 499//726 492//726 484//726 
f 500//727 493//727 478//727 
f 500//728 478//728 485//728 
f 500//729 485//729 491//729 
f 501//730 486//730 492//730 
f 501//731 496//731 494//731 
f 501//732 494//732 486//732 
f 501//733 502//733 496//733 
f 503//734 497//734 487//734 
f 504//735 64//735 66//735 
f 504//736 498//736 64//736 
f 505//737 490//737 497//737 
f 505//738 499//738 484//738 
f 505//739 484//739 490//739 
f 506//740 491//740 498//740 
f 506//741 500//741 491//741 
f 507//742 501//742 492//742 
f 507//743 502//743 501//743 
f 507//744 508//744 502//744 
f 507//745 509//745 508//745 
f 510//746 503//746 487//746 
f 510//747 487//747 493//747 
f 511//748 504//748 66//748 
f 511//749 66//749 68//749 
f 512//750 505//750 497//750 
f 513//751 506//751 498//751 
f 514//752 492//752 499//752 
f 514//753 507//753 492//753 
f 514//754 499//754 505//754 
f 514//755 509//755 507//755 
f 514//756 515//756 509//756 
f 516//757 493//757 500//757 
f 516//758 500//758 506//758 
f 516//759 510//759 493//759 
f 517//760 511//760 68//760 
f 517//761 68//761 69//761 
f 517//762 69//762 72//762 
f 518//763 497//763 503//763 
f 518//764 512//764 497//764 
f 518//765 503//765 510//765 
f 519//766 504//766 511//766 
f 519//767 498//767 504//767 
f 519//768 513//768 498//768 
f 520//769 505//769 512//769 
f 520//770 514//770 505//770 
f 520//771 515//771 514//771 
f 520//772 521//772 515//772 
f 522//773 506//773 513//773 
f 522//774 516//774 506//774 
f 523//775 517//775 72//775 
f 523//776 72//776 73//776 
f 524//777 518//777 510//777 
f 525//778 519//778 511//778 
f 526//779 520//779 512//779 
f 526//780 521//780 520//780 
f 526//781 527//781 521//781 
f 526//782 528//782 527//782 
f 241//783 522//783 513//783 
f 246//784 523//784 73//784 
f 246//785 73//785 76//785 
f 529//786 510//786 516//786 
f 529//787 516//787 522//787 
f 529//788 524//788 510//788 
f 254//789 511//789 517//789 
f 254//790 517//790 523//790 
f 254//791 525//791 511//791 
f 530//792 518//792 524//792 
f 530//793 512//793 518//793 
f 530//794 526//794 512//794 
f 530//795 531//795 528//795 
f 530//796 528//796 526//796 
f 242//797 519//797 525//797 
f 242//798 513//798 519//798 
f 242//799 241//799 513//799 
f 247//800 76//800 77//800 
f 247//801 246//801 76//801 
f 252//802 522//802 241//802 
f 252//803 529//803 522//803 
f 255//804 254//804 523//804 
f 532//805 530//805 524//805 
f 532//806 531//806 530//806 
f 532//807 533//807 531//807 
f 532//808 534//808 533//808 
f 243//809 242//809 525//809 
f 243//810 525//810 254//810 
f 238//811 247//811 77//811 
f 238//812 77//812 79//812 
f 238//813 79//813 81//813 
f 240//814 252//814 241//814 
f 245//815 255//815 523//815 
f 245//816 523//816 246//816 
f 250//817 532//817 524//817 
f 250//818 534//818 532//818 
f 250//819 529//819 252//819 
f 250//820 524//820 529//820 
f 250//821 249//821 534//821 
f 256//822 243//822 254//822 
f 535//823 536//823 537//823 
f 535//824 538//824 539//824 
f 540//825 541//825 542//825 
f 540//826 543//826 541//826 
f 544//827 199//827 202//827 
f 544//828 545//828 199//828 
f 546//829 547//829 548//829 
f 549//830 550//830 551//830 
f 549//831 551//831 552//831 
f 553//832 554//832 547//832 
f 553//833 539//833 554//833 
f 553//834 536//834 535//834 
f 553//835 535//835 539//835 
f 553//836 555//836 536//836 
f 556//837 542//837 557//837 
f 556//838 540//838 542//838 
f 558//839 202//839 204//839 
f 558//840 544//840 202//840 
f 559//841 546//841 548//841 
f 559//842 548//842 543//842 
f 560//843 552//843 545//843 
f 560//844 545//844 544//844 
f 560//845 549//845 552//845 
f 561//846 553//846 547//846 
f 561//847 555//847 553//847 
f 561//848 562//848 555//848 
f 561//849 563//849 562//849 
f 564//850 557//850 550//850 
f 564//851 556//851 557//851 
f 565//852 558//852 204//852 
f 565//853 204//853 206//853 
f 566//854 543//854 540//854 
f 566//855 559//855 543//855 
f 567//856 560//856 544//856 
f 568//857 561//857 547//857 
f 568//858 547//858 546//858 
f 568//859 546//859 559//859 
f 568//860 563//860 561//860 
f 568//861 569//861 563//861 
f 570//862 564//862 550//862 
f 570//863 550//863 549//863 
f 571//864 206//864 208//864 
f 571//865 208//865 210//865 
f 571//866 565//866 206//866 
f 572//867 566//867 540//867 
f 572//868 540//868 556//868 
f 573//869 567//869 544//869 
f 573//870 544//870 558//870 
f 573//871 558//871 565//871 
f 574//872 568//872 559//872 
f 574//873 569//873 568//873 
f 574//874 575//874 569//874 
f 574//875 576//875 575//875 
f 577//876 570//876 549//876 
f 577//877 549//877 560//877 
f 578//878 210//878 211//878 
f 578//879 571//879 210//879 
f 579//880 556//880 564//880 
f 579//881 572//881 556//881 
f 580//882 573//882 565//882 
f 581//883 576//883 574//883 
f 581//884 559//884 566//884 
f 581//885 574//885 559//885 
f 581//886 582//886 576//886 
f 583//887 577//887 560//887 
f 583//888 560//888 567//888 
f 584//889 211//889 214//889 
f 584//890 578//890 211//890 
f 585//891 579//891 564//891 
f 585//892 564//892 570//892 
f 586//893 580//893 565//893 
f 586//894 571//894 578//894 
f 586//895 565//895 571//895 
f 587//896 588//896 589//896 
f 587//897 572//897 579//897 
f 587//898 581//898 566//898 
f 587//899 582//899 581//899 
f 587//900 566//900 572//900 
f 587//901 589//901 582//901 
f 590//902 583//902 567//902 
f 590//903 567//903 573//903 
f 591//904 584//904 214//904 
f 591//905 214//905 216//905 
f 592//906 570//906 577//906 
f 592//907 585//907 570//907 
f 593//908 586//908 578//908 
f 594//909 595//909 588//909 
f 594//910 587//910 579//910 
f 594//911 588//911 587//911 
f 596//912 573//912 580//912 
f 596//913 590//913 573//913 
f 597//914 591//914 216//914 
f 597//915 216//915 218//915 
f 597//916 218//916 220//916 
f 598//917 577//917 583//917 
f 598//918 592//918 577//918 
f 599//919 578//919 584//919 
f 599//920 584//920 591//920 
f 599//921 593//921 578//921 
f 600//922 601//922 595//922 
f 600//923 595//923 594//923 
f 600//924 579//924 585//924 
f 600//925 594//925 579//925 
f 602//926 580//926 586//926 
f 602//927 596//927 580//927 
f 603//928 220//928 222//928 
f 603//929 597//929 220//929 
f 604//930 598//930 583//930 
f 604//931 583//931 590//931 
f 605//932 599//932 591//932 
f 606//933 607//933 601//933 
f 606//934 608//934 607//934 
f 606//935 585//935 592//935 
f 606//936 601//936 600//936 
f 606//937 592//937 598//937 
f 606//938 600//938 585//938 
f 609//939 602//939 586//939 
f 609//940 586//940 593//940 
f 610//941 222//941 224//941 
f 610//942 603//942 222//942 
f 611//943 590//943 596//943 
f 611//944 596//944 602//944 
f 611//945 604//945 590//945 
f 612//946 591//946 597//946 
f 612//947 605//947 591//947 
f 613//948 614//948 608//948 
f 613//949 608//949 606//949 
f 613//950 606//950 598//950 
f 615//951 593//951 599//951 
f 615//952 609//952 593//952 
f 616//953 610//953 224//953 
f 616//954 224//954 226//954 
f 617//955 602//955 609//955 
f 617//956 611//956 602//956 
f 618//957 612//957 597//957 
f 618//958 597//958 603//958 
f 619//959 620//959 614//959 
f 619//960 621//960 620//960 
f 619//961 598//961 604//961 
f 619//962 614//962 613//962 
f 619//963 604//963 611//963 
f 619//964 613//964 598//964 
f 622//965 615//965 599//965 
f 622//966 599//966 605//966 
f 623//967 226//967 228//967 
f 623//968 228//968 229//968 
f 623//969 616//969 226//969 
f 624//970 617//970 609//970 
f 625//971 618//971 603//971 
f 625//972 603//972 610//972 
f 626//973 619//973 611//973 
f 626//974 627//974 621//974 
f 626//975 611//975 617//975 
f 626//976 621//976 619//976 
f 628//977 622//977 605//977 
f 628//978 605//978 612//978 
f 629//979 623//979 229//979 
f 629//980 229//980 232//980 
f 630//981 624//981 609//981 
f 630//982 609//982 615//982 
f 631//983 616//983 623//983 
f 631//984 610//984 616//984 
f 631//985 625//985 610//985 
f 632//986 633//986 627//986 
f 632//987 634//987 633//987 
f 632//988 626//988 617//988 
f 632//989 617//989 624//989 
f 632//990 627//990 626//990 
f 635//991 628//991 612//991 
f 635//992 612//992 618//992 
f 636//993 232//993 233//993 
f 636//994 629//994 232//994 
f 637//995 630//995 615//995 
f 637//996 615//996 622//996 
f 638//997 623//997 629//997 
f 638//998 631//998 623//998 
f 639//999 640//999 634//999 
f 639//1000 632//1000 624//1000 
f 639//1001 634//1001 632//1001 
f 641//1002 635//1002 618//1002 
f 641//1003 618//1003 625//1003 
f 642//1004 636//1004 233//1004 
f 642//1005 233//1005 235//1005 
f 642//1006 235//1006 1//1006 
f 643//1007 637//1007 622//1007 
f 643//1008 622//1008 628//1008 
f 644//1009 638//1009 629//1009 
f 645//1010 640//1010 639//1010 
f 645//1011 646//1011 640//1011 
f 645//1012 624//1012 630//1012 
f 645//1013 639//1013 624//1013 
f 645//1014 630//1014 637//1014 
f 647//1015 641//1015 625//1015 
f 647//1016 625//1016 631//1016 
f 648//1017 643//1017 628//1017 
f 648//1018 628//1018 635//1018 
f 649//1019 636//1019 642//1019 
f 649//1020 629//1020 636//1020 
f 649//1021 644//1021 629//1021 
f 650//1022 651//1022 646//1022 
f 650//1023 652//1023 651//1023 
f 650//1024 637//1024 643//1024 
f 650//1025 645//1025 637//1025 
f 650//1026 646//1026 645//1026 
f 653//1027 631//1027 638//1027 
f 653//1028 647//1028 631//1028 
f 654//1029 635//1029 641//1029 
f 654//1030 648//1030 635//1030 
f 655//1031 642//1031 1//1031 
f 655//1032 649//1032 642//1032 
f 656//1033 657//1033 652//1033 
f 656//1034 650//1034 643//1034 
f 656//1035 652//1035 650//1035 
f 658//1036 653//1036 638//1036 
f 658//1037 638//1037 644//1037 
f 659//1038 654//1038 641//1038 
f 659//1039 641//1039 647//1039 
f 660//1040 661//1040 657//1040 
f 660//1041 662//1041 661//1041 
f 660//1042 643//1042 648//1042 
f 660//1043 657//1043 656//1043 
f 660//1044 656//1044 643//1044 
f 660//1045 648//1045 654//1045 
f 663//1046 644//1046 649//1046 
f 663//1047 658//1047 644//1047 
f 664//1048 653//1048 658//1048 
f 664//1049 647//1049 653//1049 
f 664//1050 659//1050 647//1050 
f 665//1051 666//1051 662//1051 
f 665//1052 662//1052 660//1052 
f 665//1053 660//1053 654//1053 
f 667//1054 1//1054 392//1054 
f 667//1055 655//1055 1//1055 
f 667//1056 649//1056 655//1056 
f 667//1057 663//1057 649//1057 
f 668//1058 664//1058 658//1058 
f 669//1059 654//1059 659//1059 
f 669//1060 659//1060 664//1060 
f 669//1061 670//1061 666//1061 
f 669//1062 671//1062 670//1062 
f 669//1063 666//1063 665//1063 
f 669//1064 665//1064 654//1064 
f 672//1065 658//1065 663//1065 
f 672//1066 668//1066 658//1066 
f 673//1067 669//1067 664//1067 
f 673//1068 674//1068 671//1068 
f 673//1069 671//1069 669//1069 
f 673//1070 664//1070 668//1070 
f 675//1071 663//1071 667//1071 
f 675//1072 672//1072 663//1072 
f 675//1073 667//1073 392//1073 
f 676//1074 674//1074 673//1074 
f 676//1075 677//1075 674//1075 
f 676//1076 673//1076 668//1076 
f 678//1077 672//1077 675//1077 
f 678//1078 677//1078 676//1078 
f 678//1079 668//1079 672//1079 
f 678//1080 676//1080 668//1080 
f 678//1081 679//1081 677//1081 
f 678//1082 680//1082 679//1082 
f 681//1083 682//1083 680//1083 
f 681//1084 675//1084 392//1084 
f 681//1085 392//1085 682//1085 
f 681//1086 678//1086 675//1086 
f 681//1087 680//1087 678//1087 
f 683//1088 119//1088 121//1088 
f 683//1089 121//1089 123//1089 
f 684//1090 123//1090 125//1090 
f 684//1091 683//1091 123//1091 
f 685//1092 125//1092 127//1092 
f 685//1093 684//1093 125//1093 
f 686//1094 119//1094 683//1094 
f 687//1095 127//1095 129//1095 
f 687//1096 129//1096 131//1096 
f 687//1097 685//1097 127//1097 
f 688//1098 683//1098 684//1098 
f 688//1099 686//1099 683//1099 
f 688//1100 684//1100 685//1100 
f 689//1101 131//1101 133//1101 
f 689//1102 687//1102 131//1102 
f 690//1103 688//1103 685//1103 
f 691//1104 367//1104 119//1104 
f 691//1105 119//1105 686//1105 
f 691//1106 686//1106 688//1106 
f 692//1107 133//1107 135//1107 
f 692//1108 689//1108 133//1108 
f 693//1109 685//1109 687//1109 
f 693//1110 690//1110 685//1110 
f 694//1111 688//1111 690//1111 
f 694//1112 691//1112 688//1112 
f 695//1113 135//1113 137//1113 
f 695//1114 692//1114 135//1114 
f 696//1115 693//1115 687//1115 
f 696//1116 687//1116 689//1116 
f 697//1117 694//1117 690//1117 
f 698//1118 137//1118 139//1118 
f 698//1119 139//1119 141//1119 
f 698//1120 695//1120 137//1120 
f 699//1121 691//1121 694//1121 
f 699//1122 367//1122 691//1122 
f 700//1123 696//1123 689//1123 
f 700//1124 689//1124 692//1124 
f 701//1125 693//1125 696//1125 
f 701//1126 690//1126 693//1126 
f 701//1127 697//1127 690//1127 
f 702//1128 141//1128 143//1128 
f 702//1129 698//1129 141//1129 
f 703//1130 699//1130 694//1130 
f 704//1131 700//1131 692//1131 
f 704//1132 692//1132 695//1132 
f 705//1133 701//1133 696//1133 
f 706//1134 143//1134 145//1134 
f 706//1135 702//1135 143//1135 
f 707//1136 703//1136 694//1136 
f 707//1137 694//1137 697//1137 
f 708//1138 698//1138 702//1138 
f 708//1139 695//1139 698//1139 
f 708//1140 704//1140 695//1140 
f 709//1141 367//1141 699//1141 
f 709//1142 710//1142 367//1142 
f 709//1143 711//1143 710//1143 
f 712//1144 705//1144 696//1144 
f 712//1145 696//1145 700//1145 
f 713//1146 145//1146 147//1146 
f 713//1147 706//1147 145//1147 
f 714//1148 707//1148 697//1148 
f 714//1149 697//1149 701//1149 
f 715//1150 708//1150 702//1150 
f 716//1151 711//1151 709//1151 
f 716//1152 703//1152 707//1152 
f 716//1153 717//1153 711//1153 
f 716//1154 709//1154 699//1154 
f 716//1155 718//1155 717//1155 
f 716//1156 699//1156 703//1156 
f 719//1157 700//1157 704//1157 
f 719//1158 712//1158 700//1158 
f 720//1159 713//1159 147//1159 
f 720//1160 147//1160 149//1160 
f 720//1161 149//1161 151//1161 
f 721//1162 701//1162 705//1162 
f 721//1163 714//1163 701//1163 
f 722//1164 702//1164 706//1164 
f 722//1165 715//1165 702//1165 
f 723//1166 716//1166 707//1166 
f 723//1167 718//1167 716//1167 
f 723//1168 724//1168 718//1168 
f 725//1169 704//1169 708//1169 
f 725//1170 719//1170 704//1170 
f 726//1171 151//1171 153//1171 
f 726//1172 720//1172 151//1172 
f 727//1173 721//1173 705//1173 
f 727//1174 705//1174 712//1174 
f 727//1175 712//1175 719//1175 
f 728//1176 722//1176 706//1176 
f 728//1177 706//1177 713//1177 
f 729//1178 724//1178 723//1178 
f 729//1179 707//1179 714//1179 
f 729//1180 723//1180 707//1180 
f 729//1181 730//1181 724//1181 
f 731//1182 708//1182 715//1182 
f 731//1183 725//1183 708//1183 
f 732//1184 153//1184 156//1184 
f 732//1185 726//1185 153//1185 
f 733//1186 727//1186 719//1186 
f 734//1187 713//1187 720//1187 
f 734//1188 720//1188 726//1188 
f 734//1189 728//1189 713//1189 
f 735//1190 714//1190 721//1190 
f 735//1191 721//1191 727//1191 
f 735//1192 736//1192 730//1192 
f 735//1193 737//1193 736//1193 
f 735//1194 730//1194 729//1194 
f 735//1195 729//1195 714//1195 
f 738//1196 731//1196 715//1196 
f 738//1197 715//1197 722//1197 
f 739//1198 156//1198 157//1198 
f 739//1199 732//1199 156//1199 
f 740//1200 733//1200 719//1200 
f 740//1201 719//1201 725//1201 
f 741//1202 734//1202 726//1202 
f 742//1203 737//1203 735//1203 
f 742//1204 743//1204 737//1204 
f 742//1205 735//1205 727//1205 
f 744//1206 738//1206 722//1206 
f 744//1207 722//1207 728//1207 
f 745//1208 739//1208 157//1208 
f 745//1209 157//1209 159//1209 
f 745//1210 159//1210 161//1210 
f 746//1211 725//1211 731//1211 
f 746//1212 731//1212 738//1212 
f 746//1213 740//1213 725//1213 
f 747//1214 726//1214 732//1214 
f 747//1215 741//1215 726//1215 
f 748//1216 727//1216 733//1216 
f 748//1217 742//1217 727//1217 
f 748//1218 743//1218 742//1218 
f 748//1219 749//1219 743//1219 
f 748//1220 750//1220 749//1220 
f 751//1221 728//1221 734//1221 
f 751//1222 744//1222 728//1222 
f 752//1223 745//1223 161//1223 
f 752//1224 161//1224 164//1224 
f 753//1225 746//1225 738//1225 
f 754//1226 747//1226 732//1226 
f 754//1227 732//1227 739//1227 
f 754//1228 739//1228 745//1228 
f 755//1229 750//1229 748//1229 
f 755//1230 733//1230 740//1230 
f 755//1231 748//1231 733//1231 
f 755//1232 756//1232 750//1232 
f 757//1233 741//1233 747//1233 
f 757//1234 751//1234 734//1234 
f 757//1235 734//1235 741//1235 
f 758//1236 164//1236 165//1236 
f 758//1237 752//1237 164//1237 
f 759//1238 753//1238 738//1238 
f 759//1239 738//1239 744//1239 
f 760//1240 754//1240 745//1240 
f 761//1241 755//1241 740//1241 
f 761//1242 740//1242 746//1242 
f 761//1243 756//1243 755//1243 
f 761//1244 762//1244 756//1244 
f 761//1245 763//1245 762//1245 
f 764//1246 757//1246 747//1246 
f 765//1247 165//1247 168//1247 
f 765//1248 758//1248 165//1248 
f 766//1249 744//1249 751//1249 
f 766//1250 759//1250 744//1250 
f 766//1251 751//1251 757//1251 
f 767//1252 760//1252 745//1252 
f 767//1253 745//1253 752//1253 
f 767//1254 752//1254 758//1254 
f 768//1255 763//1255 761//1255 
f 768//1256 746//1256 753//1256 
f 768//1257 761//1257 746//1257 
f 768//1258 769//1258 763//1258 
f 770//1259 764//1259 747//1259 
f 770//1260 747//1260 754//1260 
f 771//1261 168//1261 170//1261 
f 771//1262 170//1262 171//1262 
f 771//1263 765//1263 168//1263 
f 772//1264 766//1264 757//1264 
f 773//1265 767//1265 758//1265 
f 774//1266 768//1266 753//1266 
f 774//1267 769//1267 768//1267 
f 774//1268 775//1268 769//1268 
f 774//1269 753//1269 759//1269 
f 776//1270 754//1270 760//1270 
f 776//1271 770//1271 754//1271 
f 777//1272 171//1272 174//1272 
f 777//1273 771//1273 171//1273 
f 778//1274 772//1274 757//1274 
f 778//1275 757//1275 764//1275 
f 779//1276 758//1276 765//1276 
f 779//1277 773//1277 758//1277 
f 780//1278 774//1278 759//1278 
f 780//1279 759//1279 766//1279 
f 780//1280 781//1280 775//1280 
f 780//1281 775//1281 774//1281 
f 780//1282 782//1282 781//1282 
f 783//1283 776//1283 760//1283 
f 783//1284 760//1284 767//1284 
f 784//1285 777//1285 174//1285 
f 784//1286 174//1286 176//1286 
f 785//1287 764//1287 770//1287 
f 785//1288 778//1288 764//1288 
f 786//1289 765//1289 771//1289 
f 786//1290 779//1290 765//1290 
f 787//1291 780//1291 766//1291 
f 787//1292 766//1292 772//1292 
f 787//1293 788//1293 782//1293 
f 787//1294 782//1294 780//1294 
f 789//1295 767//1295 773//1295 
f 789//1296 783//1296 767//1296 
f 790//1297 176//1297 178//1297 
f 790//1298 784//1298 176//1298 
f 791//1299 785//1299 770//1299 
f 791//1300 770//1300 776//1300 
f 792//1301 786//1301 771//1301 
f 792//1302 771//1302 777//1302 
f 793//1303 772//1303 778//1303 
f 793//1304 788//1304 787//1304 
f 793//1305 787//1305 772//1305 
f 793//1306 794//1306 788//1306 
f 793//1307 795//1307 794//1307 
f 796//1308 789//1308 773//1308 
f 796//1309 773//1309 779//1309 
f 797//1310 790//1310 178//1310 
f 797//1311 178//1311 180//1311 
f 797//1312 180//1312 182//1312 
f 798//1313 791//1313 776//1313 
f 798//1314 776//1314 783//1314 
f 799//1315 792//1315 777//1315 
f 799//1316 777//1316 784//1316 
f 800//1317 793//1317 778//1317 
f 800//1318 778//1318 785//1318 
f 800//1319 801//1319 795//1319 
f 800//1320 785//1320 791//1320 
f 800//1321 795//1321 793//1321 
f 802//1322 796//1322 779//1322 
f 802//1323 779//1323 786//1323 
f 803//1324 182//1324 184//1324 
f 803//1325 797//1325 182//1325 
f 804//1326 789//1326 796//1326 
f 804//1327 798//1327 783//1327 
f 804//1328 783//1328 789//1328 
f 805//1329 784//1329 790//1329 
f 805//1330 790//1330 797//1330 
f 805//1331 799//1331 784//1331 
f 806//1332 800//1332 791//1332 
f 806//1333 807//1333 801//1333 
f 806//1334 808//1334 807//1334 
f 806//1335 801//1335 800//1335 
f 809//1336 802//1336 786//1336 
f 809//1337 786//1337 792//1337 
f 810//1338 803//1338 184//1338 
f 810//1339 184//1339 186//1339 
f 811//1340 804//1340 796//1340 
f 812//1341 805//1341 797//1341 
f 813//1342 806//1342 791//1342 
f 813//1343 808//1343 806//1343 
f 813//1344 791//1344 798//1344 
f 813//1345 814//1345 808//1345 
f 815//1346 809//1346 792//1346 
f 815//1347 792//1347 799//1347 
f 816//1348 810//1348 186//1348 
f 816//1349 186//1349 188//1349 
f 816//1350 188//1350 190//1350 
f 817//1351 811//1351 796//1351 
f 817//1352 796//1352 802//1352 
f 818//1353 812//1353 797//1353 
f 818//1354 797//1354 803//1354 
f 818//1355 803//1355 810//1355 
f 819//1356 798//1356 804//1356 
f 819//1357 813//1357 798//1357 
f 819//1358 814//1358 813//1358 
f 819//1359 820//1359 814//1359 
f 821//1360 799//1360 805//1360 
f 821//1361 805//1361 812//1361 
f 821//1362 815//1362 799//1362 
f 822//1363 816//1363 190//1363 
f 822//1364 190//1364 192//1364 
f 538//1365 802//1365 809//1365 
f 538//1366 817//1366 802//1366 
f 541//1367 818//1367 810//1367 
f 823//1368 804//1368 811//1368 
f 823//1369 819//1369 804//1369 
f 823//1370 820//1370 819//1370 
f 823//1371 824//1371 820//1371 
f 823//1372 825//1372 824//1372 
f 826//1373 821//1373 812//1373 
f 551//1374 822//1374 192//1374 
f 551//1375 192//1375 194//1375 
f 539//1376 809//1376 815//1376 
f 539//1377 538//1377 809//1377 
f 542//1378 541//1378 810//1378 
f 542//1379 810//1379 816//1379 
f 827//1380 811//1380 817//1380 
f 827//1381 823//1381 811//1381 
f 827//1382 828//1382 825//1382 
f 827//1383 825//1383 823//1383 
f 548//1384 812//1384 818//1384 
f 548//1385 826//1385 812//1385 
f 548//1386 818//1386 541//1386 
f 552//1387 194//1387 195//1387 
f 552//1388 551//1388 194//1388 
f 554//1389 815//1389 821//1389 
f 554//1390 539//1390 815//1390 
f 557//1391 816//1391 822//1391 
f 557//1392 542//1392 816//1392 
f 829//1393 827//1393 817//1393 
f 829//1394 817//1394 538//1394 
f 829//1395 830//1395 828//1395 
f 829//1396 537//1396 830//1396 
f 829//1397 828//1397 827//1397 
f 543//1398 548//1398 541//1398 
f 545//1399 552//1399 195//1399 
f 545//1400 195//1400 198//1400 
f 545//1401 198//1401 199//1401 
f 547//1402 554//1402 821//1402 
f 547//1403 826//1403 548//1403 
f 547//1404 821//1404 826//1404 
f 550//1405 557//1405 822//1405 
f 550//1406 822//1406 551//1406 
f 535//1407 829//1407 538//1407 
f 535//1408 537//1408 829//1408 
f 831//1409 392//1409 411//1409 
f 831//1410 411//1410 412//1410 
f 831//1411 832//1411 392//1411 
f 833//1412 831//1412 412//1412 
f 834//1413 412//1413 418//1413 
f 834//1414 418//1414 419//1414 
f 834//1415 833//1415 412//1415 
f 835//1416 834//1416 419//1416 
f 836//1417 419//1417 425//1417 
f 836//1418 835//1418 419//1418 
f 837//1419 425//1419 431//1419 
f 837//1420 836//1420 425//1420 
f 838//1421 431//1421 437//1421 
f 838//1422 437//1422 438//1422 
f 838//1423 837//1423 431//1423 
f 839//1424 838//1424 438//1424 
f 840//1425 438//1425 444//1425 
f 840//1426 839//1426 438//1426 
f 841//1427 444//1427 450//1427 
f 841//1428 840//1428 444//1428 
f 842//1429 450//1429 451//1429 
f 842//1430 841//1430 450//1430 
f 843//1431 451//1431 457//1431 
f 843//1432 457//1432 463//1432 
f 843//1433 842//1433 451//1433 
f 844//1434 843//1434 463//1434 
f 845//1435 463//1435 464//1435 
f 845//1436 464//1436 470//1436 
f 845//1437 844//1437 463//1437 
f 846//1438 470//1438 476//1438 
f 846//1439 845//1439 470//1439 
f 847//1440 846//1440 476//1440 
f 848//1441 847//1441 476//1441 
f 848//1442 476//1442 482//1442 
f 848//1443 482//1443 483//1443 
f 849//1444 848//1444 483//1444 
f 850//1445 849//1445 483//1445 
f 850//1446 483//1446 489//1446 
f 851//1447 489//1447 495//1447 
f 851//1448 850//1448 489//1448 
f 851//1449 495//1449 496//1449 
f 852//1450 851//1450 496//1450 
f 853//1451 496//1451 502//1451 
f 853//1452 852//1452 496//1452 
f 854//1453 502//1453 508//1453 
f 854//1454 853//1454 502//1454 
f 855//1455 508//1455 509//1455 
f 855//1456 854//1456 508//1456 
f 856//1457 509//1457 515//1457 
f 856//1458 855//1458 509//1458 
f 857//1459 515//1459 521//1459 
f 857//1460 521//1460 527//1460 
f 857//1461 856//1461 515//1461 
f 858//1462 527//1462 528//1462 
f 858//1463 857//1463 527//1463 
f 859//1464 858//1464 528//1464 
f 860//1465 528//1465 531//1465 
f 860//1466 531//1466 533//1466 
f 860//1467 859//1467 528//1467 
f 861//1468 533//1468 534//1468 
f 861//1469 860//1469 533//1469 
f 862//1470 534//1470 249//1470 
f 862//1471 861//1471 534//1471 
f 863//1472 862//1472 249//1472 
f 864//1473 249//1473 251//1473 
f 864//1474 251//1474 261//1474 
f 864//1475 863//1475 249//1475 
f 865//1476 864//1476 261//1476 
f 866//1477 261//1477 262//1477 
f 866//1478 865//1478 261//1478 
f 867//1479 262//1479 268//1479 
f 867//1480 866//1480 262//1480 
f 868//1481 268//1481 274//1481 
f 868//1482 867//1482 268//1482 
f 869//1483 274//1483 275//1483 
f 869//1484 275//1484 281//1484 
f 869//1485 868//1485 274//1485 
f 870//1486 281//1486 288//1486 
f 870//1487 869//1487 281//1487 
f 871//1488 288//1488 287//1488 
f 871//1489 870//1489 288//1489 
f 872//1490 871//1490 287//1490 
f 873//1491 872//1491 287//1491 
f 873//1492 287//1492 294//1492 
f 874//1493 873//1493 294//1493 
f 874//1494 294//1494 300//1494 
f 875//1495 874//1495 300//1495 
f 875//1496 300//1496 306//1496 
f 876//1497 875//1497 306//1497 
f 876//1498 306//1498 307//1498 
f 876//1499 307//1499 313//1499 
f 877//1500 876//1500 313//1500 
f 878//1501 877//1501 313//1501 
f 878//1502 313//1502 319//1502 
f 879//1503 878//1503 319//1503 
f 879//1504 319//1504 320//1504 
f 880//1505 879//1505 320//1505 
f 880//1506 320//1506 326//1506 
f 881//1507 880//1507 326//1507 
f 881//1508 326//1508 332//1508 
f 882//1509 881//1509 332//1509 
f 882//1510 332//1510 333//1510 
f 883//1511 882//1511 333//1511 
f 883//1512 333//1512 339//1512 
f 883//1513 339//1513 345//1513 
f 884//1514 883//1514 345//1514 
f 885//1515 345//1515 350//1515 
f 885//1516 884//1516 345//1516 
f 886//1517 350//1517 351//1517 
f 886//1518 885//1518 350//1518 
f 887//1519 351//1519 356//1519 
f 887//1520 886//1520 351//1520 
f 888//1521 356//1521 360//1521 
f 888//1522 887//1522 356//1522 
f 889//1523 360//1523 361//1523 
f 889//1524 888//1524 360//1524 
f 890//1525 361//1525 365//1525 
f 890//1526 365//1526 370//1526 
f 890//1527 889//1527 361//1527 
f 891//1528 890//1528 370//1528 
f 892//1529 370//1529 371//1529 
f 892//1530 371//1530 374//1530 
f 892//1531 891//1531 370//1531 
f 893//1532 374//1532 377//1532 
f 893//1533 892//1533 374//1533 
f 894//1534 893//1534 377//1534 
f 895//1535 377//1535 379//1535 
f 895//1536 894//1536 377//1536 
f 896//1537 379//1537 380//1537 
f 896//1538 895//1538 379//1538 
f 897//1539 896//1539 380//1539 
f 897//1540 380//1540 382//1540 
f 898//1541 897//1541 382//1541 
f 898//1542 382//1542 367//1542 
f 898//1543 367//1543 710//1543 
f 899//1544 898//1544 710//1544 
f 900//1545 710//1545 711//1545 
f 900//1546 899//1546 710//1546 
f 901//1547 711//1547 717//1547 
f 901//1548 900//1548 711//1548 
f 902//1549 717//1549 718//1549 
f 902//1550 718//1550 724//1550 
f 902//1551 901//1551 717//1551 
f 903//1552 902//1552 724//1552 
f 904//1553 724//1553 730//1553 
f 904//1554 730//1554 736//1554 
f 904//1555 903//1555 724//1555 
f 905//1556 904//1556 736//1556 
f 906//1557 736//1557 737//1557 
f 906//1558 905//1558 736//1558 
f 907//1559 737//1559 743//1559 
f 907//1560 906//1560 737//1560 
f 908//1561 743//1561 749//1561 
f 908//1562 907//1562 743//1562 
f 909//1563 749//1563 750//1563 
f 909//1564 908//1564 749//1564 
f 910//1565 750//1565 756//1565 
f 910//1566 756//1566 762//1566 
f 910//1567 909//1567 750//1567 
f 911//1568 910//1568 762//1568 
f 912//1569 762//1569 763//1569 
f 912//1570 763//1570 769//1570 
f 912//1571 911//1571 762//1571 
f 913//1572 912//1572 769//1572 
f 914//1573 913//1573 769//1573 
f 914//1574 769//1574 775//1574 
f 915//1575 914//1575 775//1575 
f 915//1576 775//1576 781//1576 
f 915//1577 781//1577 782//1577 
f 916//1578 915//1578 782//1578 
f 916//1579 782//1579 788//1579 
f 917//1580 916//1580 788//1580 
f 918//1581 788//1581 794//1581 
f 918//1582 917//1582 788//1582 
f 918//1583 794//1583 795//1583 
f 919//1584 918//1584 795//1584 
f 920//1585 795//1585 801//1585 
f 920//1586 919//1586 795//1586 
f 921//1587 801//1587 807//1587 
f 921//1588 807//1588 808//1588 
f 921//1589 920//1589 801//1589 
f 922//1590 921//1590 808//1590 
f 923//1591 808//1591 814//1591 
f 923//1592 922//1592 808//1592 
f 924//1593 814//1593 820//1593 
f 924//1594 923//1594 814//1594 
f 925//1595 820//1595 824//1595 
f 925//1596 924//1596 820//1596 
f 926//1597 824//1597 825//1597 
f 926//1598 925//1598 824//1598 
f 927//1599 825//1599 828//1599 
f 927//1600 926//1600 825//1600 
f 928//1601 828//1601 830//1601 
f 928//1602 927//1602 828//1602 
f 929//1603 830//1603 537//1603 
f 929//1604 928//1604 830//1604 
f 930//1605 537//1605 536//1605 
f 930//1606 929//1606 537//1606 
f 931//1607 536//1607 555//1607 
f 931//1608 930//1608 536//1608 
f 932//1609 555//1609 562//1609 
f 932//1610 931//1610 555//1610 
f 933//1611 562//1611 563//1611 
f 933//1612 932//1612 562//1612 
f 934//1613 563//1613 569//1613 
f 934//1614 933//1614 563//1614 
f 935//1615 569//1615 575//1615 
f 935//1616 934//1616 569//1616 
f 936//1617 575//1617 576//1617 
f 936//1618 935//1618 575//1618 
f 937//1619 576//1619 582//1619 
f 937//1620 936//1620 576//1620 
f 938//1621 582//1621 589//1621 
f 938//1622 937//1622 582//1622 
f 939//1623 938//1623 589//1623 
f 939//1624 589//1624 588//1624 
f 940//1625 939//1625 588//1625 
f 940//1626 588//1626 595//1626 
f 941//1627 940//1627 595//1627 
f 941//1628 595//1628 601//1628 
f 942//1629 941//1629 601//1629 
f 942//1630 601//1630 607//1630 
f 943//1631 942//1631 607//1631 
f 943//1632 607//1632 608//1632 
f 944//1633 943//1633 608//1633 
f 944//1634 608//1634 614//1634 
f 945//1635 944//1635 614//1635 
f 945//1636 614//1636 620//1636 
f 945//1637 620//1637 621//1637 
f 946//1638 945//1638 621//1638 
f 947//1639 946//1639 621//1639 
f 947//1640 621//1640 627//1640 
f 947//1641 627//1641 633//1641 
f 948//1642 947//1642 633//1642 
f 949//1643 948//1643 633//1643 
f 949//1644 633//1644 634//1644 
f 950//1645 949//1645 634//1645 
f 950//1646 634//1646 640//1646 
f 950//1647 640//1647 646//1647 
f 951//1648 950//1648 646//1648 
f 952//1649 646//1649 651//1649 
f 952//1650 951//1650 646//1650 
f 953//1651 651//1651 652//1651 
f 953//1652 952//1652 651//1652 
f 954//1653 652//1653 657//1653 
f 954//1654 953//1654 652//1654 
f 955//1655 657//1655 661//1655 
f 955//1656 954//1656 657//1656 
f 956//1657 661//1657 662//1657 
f 956//1658 955//1658 661//1658 
f 957//1659 662//1659 666//1659 
f 957//1660 666//1660 670//1660 
f 957//1661 956//1661 662//1661 
f 958//1662 957//1662 670//1662 
f 959//1663 670//1663 671//1663 
f 959//1664 958//1664 670//1664 
f 960//1665 671//1665 674//1665 
f 960//1666 959//1666 671//1666 
f 961//1667 674//1667 677//1667 
f 961//1668 960//1668 674//1668 
f 962//1669 677//1669 679//1669 
f 962//1670 961//1670 677//1670 
f 963//1671 679//1671 680//1671 
f 963//1672 962//1672 679//1672 
f 964//1673 963//1673 680//1673 
f 964//1674 680//1674 682//1674 
f 964//1675 682//1675 392//1675 
f 832//1676 964//1676 392//1676 
f 965//1677 966//1677 967//1677 
f 965//1678 968//1678 969//1678 
f 965//1679 967//1679 968//1679 
f 970//1680 971//1680 972//1680 
f 970//1681 973//1681 971//1681 
f 974//1682 975//1682 976//1682 
f 974//1683 865//1683 866//1683 
f 974//1684 977//1684 966//1684 
f 974//1685 866//1685 975//1685 
f 974//1686 976//1686 977//1686 
f 978//1687 979//1687 980//1687 
f 978//1688 981//1688 979//1688 
f 982//1689 983//1689 984//1689 
f 982//1690 984//1690 985//1690 
f 986//1691 965//1691 969//1691 
f 987//1692 988//1692 983//1692 
f 987//1693 972//1693 988//1693 
f 987//1694 970//1694 972//1694 
f 989//1695 863//1695 864//1695 
f 989//1696 864//1696 865//1696 
f 989//1697 865//1697 974//1697 
f 989//1698 974//1698 966//1698 
f 990//1699 978//1699 980//1699 
f 990//1700 980//1700 973//1700 
f 991//1701 982//1701 985//1701 
f 991//1702 992//1702 993//1702 
f 991//1703 985//1703 992//1703 
f 994//1704 981//1704 978//1704 
f 994//1705 986//1705 969//1705 
f 994//1706 969//1706 981//1706 
f 995//1707 983//1707 982//1707 
f 995//1708 987//1708 983//1708 
f 996//1709 863//1709 989//1709 
f 996//1710 862//1710 863//1710 
f 996//1711 966//1711 965//1711 
f 996//1712 965//1712 986//1712 
f 996//1713 989//1713 966//1713 
f 997//1714 973//1714 970//1714 
f 997//1715 990//1715 973//1715 
f 998//1716 991//1716 993//1716 
f 998//1717 993//1717 999//1717 
f 1000//1718 994//1718 978//1718 
f 1001//1719 995//1719 982//1719 
f 1002//1720 862//1720 996//1720 
f 1002//1721 860//1721 861//1721 
f 1002//1722 861//1722 862//1722 
f 1002//1723 996//1723 986//1723 
f 1003//1724 997//1724 970//1724 
f 1003//1725 970//1725 987//1725 
f 1004//1726 999//1726 1005//1726 
f 1004//1727 998//1727 999//1727 
f 1006//1728 978//1728 990//1728 
f 1006//1729 1000//1729 978//1729 
f 1007//1730 982//1730 991//1730 
f 1007//1731 1001//1731 982//1731 
f 1008//1732 1002//1732 986//1732 
f 1008//1733 859//1733 860//1733 
f 1008//1734 860//1734 1002//1734 
f 1008//1735 994//1735 1000//1735 
f 1008//1736 986//1736 994//1736 
f 1009//1737 1003//1737 987//1737 
f 1009//1738 987//1738 995//1738 
f 1010//1739 1004//1739 1005//1739 
f 1010//1740 1005//1740 1011//1740 
f 1012//1741 1006//1741 990//1741 
f 1012//1742 997//1742 1003//1742 
f 1012//1743 990//1743 997//1743 
f 1013//1744 1007//1744 991//1744 
f 1013//1745 998//1745 1004//1745 
f 1013//1746 991//1746 998//1746 
f 1014//1747 1008//1747 1000//1747 
f 1014//1748 859//1748 1008//1748 
f 1014//1749 857//1749 858//1749 
f 1014//1750 858//1750 859//1750 
f 1015//1751 1009//1751 995//1751 
f 1015//1752 995//1752 1001//1752 
f 1016//1753 1010//1753 1011//1753 
f 1016//1754 1017//1754 1018//1754 
f 1016//1755 1011//1755 1017//1755 
f 1019//1756 1012//1756 1003//1756 
f 1019//1757 1003//1757 1009//1757 
f 1020//1758 1013//1758 1004//1758 
f 1021//1759 856//1759 857//1759 
f 1021//1760 857//1760 1014//1760 
f 1021//1761 1000//1761 1006//1761 
f 1021//1762 1014//1762 1000//1762 
f 1022//1763 1015//1763 1001//1763 
f 1022//1764 1001//1764 1007//1764 
f 1023//1765 1016//1765 1018//1765 
f 1023//1766 1018//1766 1024//1766 
f 1025//1767 1019//1767 1009//1767 
f 1026//1768 1004//1768 1010//1768 
f 1026//1769 1020//1769 1004//1769 
f 1026//1770 1010//1770 1016//1770 
f 1027//1771 855//1771 856//1771 
f 1027//1772 856//1772 1021//1772 
f 1027//1773 1012//1773 1019//1773 
f 1027//1774 1021//1774 1006//1774 
f 1027//1775 1006//1775 1012//1775 
f 1028//1776 1007//1776 1013//1776 
f 1028//1777 1022//1777 1007//1777 
f 1029//1778 1023//1778 1024//1778 
f 1029//1779 1024//1779 1030//1779 
f 1031//1780 1009//1780 1015//1780 
f 1031//1781 1025//1781 1009//1781 
f 1031//1782 1015//1782 1022//1782 
f 1032//1783 1026//1783 1016//1783 
f 1032//1784 1016//1784 1023//1784 
f 1033//1785 855//1785 1027//1785 
f 1033//1786 853//1786 854//1786 
f 1033//1787 854//1787 855//1787 
f 1033//1788 1019//1788 1025//1788 
f 1033//1789 1027//1789 1019//1789 
f 1034//1790 1013//1790 1020//1790 
f 1034//1791 1028//1791 1013//1791 
f 1035//1792 1029//1792 1030//1792 
f 1035//1793 1030//1793 1036//1793 
f 1037//1794 1031//1794 1022//1794 
f 1037//1795 1022//1795 1028//1795 
f 1038//1796 1032//1796 1023//1796 
f 1039//1797 852//1797 853//1797 
f 1039//1798 853//1798 1033//1798 
f 1039//1799 1033//1799 1025//1799 
f 1040//1800 1020//1800 1026//1800 
f 1040//1801 1034//1801 1020//1801 
f 1041//1802 1036//1802 1042//1802 
f 1041//1803 1035//1803 1036//1803 
f 1043//1804 1037//1804 1028//1804 
f 1044//1805 1038//1805 1023//1805 
f 1044//1806 1023//1806 1029//1806 
f 1044//1807 1029//1807 1035//1807 
f 1045//1808 850//1808 851//1808 
f 1045//1809 851//1809 852//1809 
f 1045//1810 1025//1810 1031//1810 
f 1045//1811 1031//1811 1037//1811 
f 1045//1812 1039//1812 1025//1812 
f 1045//1813 852//1813 1039//1813 
f 1046//1814 1026//1814 1032//1814 
f 1046//1815 1040//1815 1026//1815 
f 1047//1816 1048//1816 1049//1816 
f 1047//1817 1042//1817 1048//1817 
f 1047//1818 1041//1818 1042//1818 
f 1050//1819 1028//1819 1034//1819 
f 1050//1820 1034//1820 1040//1820 
f 1050//1821 1043//1821 1028//1821 
f 1051//1822 1044//1822 1035//1822 
f 1051//1823 1035//1823 1041//1823 
f 1052//1824 1045//1824 1037//1824 
f 1052//1825 849//1825 850//1825 
f 1052//1826 850//1826 1045//1826 
f 1053//1827 1046//1827 1032//1827 
f 1053//1828 1032//1828 1038//1828 
f 1054//1829 1047//1829 1049//1829 
f 1054//1830 1049//1830 1055//1830 
f 1056//1831 1040//1831 1046//1831 
f 1056//1832 1050//1832 1040//1832 
f 1057//1833 1051//1833 1041//1833 
f 1058//1834 847//1834 848//1834 
f 1058//1835 849//1835 1052//1835 
f 1058//1836 848//1836 849//1836 
f 1058//1837 1052//1837 1037//1837 
f 1058//1838 1037//1838 1043//1838 
f 1059//1839 1053//1839 1038//1839 
f 1059//1840 1038//1840 1044//1840 
f 1060//1841 1054//1841 1055//1841 
f 1060//1842 1055//1842 1061//1842 
f 1062//1843 1056//1843 1046//1843 
f 1063//1844 1057//1844 1041//1844 
f 1063//1845 1047//1845 1054//1845 
f 1063//1846 1041//1846 1047//1846 
f 1064//1847 1043//1847 1050//1847 
f 1064//1848 846//1848 847//1848 
f 1064//1849 847//1849 1058//1849 
f 1064//1850 1050//1850 1056//1850 
f 1064//1851 1058//1851 1043//1851 
f 1065//1852 1059//1852 1044//1852 
f 1065//1853 1044//1853 1051//1853 
f 1066//1854 1060//1854 1061//1854 
f 1066//1855 1067//1855 1068//1855 
f 1066//1856 1061//1856 1067//1856 
f 1069//1857 1062//1857 1046//1857 
f 1069//1858 1053//1858 1059//1858 
f 1069//1859 1046//1859 1053//1859 
f 1070//1860 1063//1860 1054//1860 
f 1070//1861 1054//1861 1060//1861 
f 1071//1862 845//1862 846//1862 
f 1071//1863 1056//1863 1062//1863 
f 1071//1864 1064//1864 1056//1864 
f 1071//1865 846//1865 1064//1865 
f 1072//1866 1065//1866 1051//1866 
f 1072//1867 1051//1867 1057//1867 
f 1073//1868 1059//1868 1065//1868 
f 1073//1869 1069//1869 1059//1869 
f 1074//1870 1070//1870 1060//1870 
f 1075//1871 843//1871 844//1871 
f 1075//1872 844//1872 845//1872 
f 1075//1873 845//1873 1071//1873 
f 1075//1874 1071//1874 1062//1874 
f 1076//1875 1072//1875 1057//1875 
f 1076//1876 1057//1876 1063//1876 
f 1077//1877 1065//1877 1072//1877 
f 1077//1878 1073//1878 1065//1878 
f 1078//1879 1060//1879 1066//1879 
f 1078//1880 1066//1880 1068//1880 
f 1078//1881 1074//1881 1060//1881 
f 1079//1882 842//1882 843//1882 
f 1079//1883 1062//1883 1069//1883 
f 1079//1884 1075//1884 1062//1884 
f 1079//1885 843//1885 1075//1885 
f 1080//1886 1063//1886 1070//1886 
f 1080//1887 1076//1887 1063//1887 
f 1081//1888 1077//1888 1072//1888 
f 1082//1889 840//1889 841//1889 
f 1082//1890 841//1890 842//1890 
f 1082//1891 842//1891 1079//1891 
f 1082//1892 1069//1892 1073//1892 
f 1082//1893 1079//1893 1069//1893 
f 1082//1894 1073//1894 1077//1894 
f 1083//1895 1080//1895 1070//1895 
f 1083//1896 1070//1896 1074//1896 
f 1084//1897 1072//1897 1076//1897 
f 1084//1898 1081//1898 1072//1898 
f 1085//1899 839//1899 840//1899 
f 1085//1900 1077//1900 1081//1900 
f 1085//1901 840//1901 1082//1901 
f 1085//1902 1082//1902 1077//1902 
f 1086//1903 1068//1903 832//1903 
f 1086//1904 1074//1904 1078//1904 
f 1086//1905 1078//1905 1068//1905 
f 1086//1906 1083//1906 1074//1906 
f 1087//1907 1084//1907 1076//1907 
f 1087//1908 1080//1908 1083//1908 
f 1087//1909 1076//1909 1080//1909 
f 1088//1910 837//1910 838//1910 
f 1088//1911 838//1911 839//1911 
f 1088//1912 839//1912 1085//1912 
f 1088//1913 1085//1913 1081//1913 
f 1089//1914 1087//1914 1083//1914 
f 1090//1915 1081//1915 1084//1915 
f 1090//1916 836//1916 837//1916 
f 1090//1917 1084//1917 1087//1917 
f 1090//1918 837//1918 1088//1918 
f 1090//1919 1088//1919 1081//1919 
f 1091//1920 1083//1920 1086//1920 
f 1091//1921 1089//1921 1083//1921 
f 1091//1922 1086//1922 832//1922 
f 1092//1923 835//1923 836//1923 
f 1092//1924 1087//1924 1089//1924 
f 1092//1925 1090//1925 1087//1925 
f 1092//1926 836//1926 1090//1926 
f 1093//1927 833//1927 834//1927 
f 1093//1928 834//1928 835//1928 
f 1093//1929 1092//1929 1089//1929 
f 1093//1930 835//1930 1092//1930 
f 1094//1931 832//1931 831//1931 
f 1094//1932 831//1932 833//1932 
f 1094//1933 1091//1933 832//1933 
f 1094//1934 1089//1934 1091//1934 
f 1094//1935 1093//1935 1089//1935 
f 1094//1936 833//1936 1093//1936 
f 1095//1937 1096//1937 1097//1937 
f 1095//1938 1098//1938 1096//1938 
f 1099//1939 1097//1939 1100//1939 
f 1099//1940 1095//1940 1097//1940 
f 1101//1941 1100//1941 1102//1941 
f 1101//1942 1099//1942 1100//1942 
f 1103//1943 1098//1943 1095//1943 
f 1103//1944 1095//1944 1099//1944 
f 1104//1945 1101//1945 1102//1945 
f 1104//1946 1105//1946 1106//1946 
f 1104//1947 1102//1947 1105//1947 
f 1107//1948 1103//1948 1099//1948 
f 1108//1949 1106//1949 1109//1949 
f 1108//1950 1104//1950 1106//1950 
f 1110//1951 1099//1951 1101//1951 
f 1110//1952 1107//1952 1099//1952 
f 1111//1953 898//1953 1098//1953 
f 1111//1954 1098//1954 1103//1954 
f 1112//1955 1109//1955 1113//1955 
f 1112//1956 1108//1956 1109//1956 
f 1114//1957 1110//1957 1101//1957 
f 1114//1958 1101//1958 1104//1958 
f 1115//1959 1107//1959 1110//1959 
f 1115//1960 1103//1960 1107//1960 
f 1115//1961 1111//1961 1103//1961 
f 1116//1962 1113//1962 1117//1962 
f 1116//1963 1112//1963 1113//1963 
f 1118//1964 1104//1964 1108//1964 
f 1118//1965 1114//1965 1104//1965 
f 1118//1966 1108//1966 1112//1966 
f 1119//1967 1115//1967 1110//1967 
f 1120//1968 1117//1968 1121//1968 
f 1120//1969 1116//1969 1117//1969 
f 1122//1970 1111//1970 1115//1970 
f 1122//1971 898//1971 1111//1971 
f 1123//1972 1118//1972 1112//1972 
f 1123//1973 1112//1973 1116//1973 
f 1124//1974 1119//1974 1110//1974 
f 1124//1975 1114//1975 1118//1975 
f 1124//1976 1110//1976 1114//1976 
f 1125//1977 1126//1977 1127//1977 
f 1125//1978 1121//1978 1126//1978 
f 1125//1979 1120//1979 1121//1979 
f 1128//1980 1115//1980 1119//1980 
f 1128//1981 1122//1981 1115//1981 
f 1129//1982 1116//1982 1120//1982 
f 1129//1983 1123//1983 1116//1983 
f 1130//1984 1124//1984 1118//1984 
f 1131//1985 1125//1985 1127//1985 
f 1131//1986 1127//1986 1132//1986 
f 1133//1987 1128//1987 1119//1987 
f 1134//1988 1129//1988 1120//1988 
f 1135//1989 896//1989 897//1989 
f 1135//1990 897//1990 898//1990 
f 1135//1991 898//1991 1122//1991 
f 1136//1992 1123//1992 1129//1992 
f 1136//1993 1130//1993 1118//1993 
f 1136//1994 1118//1994 1123//1994 
f 1137//1995 1132//1995 1138//1995 
f 1137//1996 1131//1996 1132//1996 
f 1139//1997 1119//1997 1124//1997 
f 1139//1998 1133//1998 1119//1998 
f 1140//1999 1134//1999 1120//1999 
f 1140//2000 1120//2000 1125//2000 
f 1140//2001 1125//2001 1131//2001 
f 1141//2002 1135//2002 1122//2002 
f 1141//2003 896//2003 1135//2003 
f 1141//2004 1128//2004 1133//2004 
f 1141//2005 894//2005 895//2005 
f 1141//2006 895//2006 896//2006 
f 1141//2007 1122//2007 1128//2007 
f 1142//2008 1136//2008 1129//2008 
f 1143//2009 1138//2009 1144//2009 
f 1143//2010 1137//2010 1138//2010 
f 1145//2011 1124//2011 1130//2011 
f 1145//2012 1139//2012 1124//2012 
f 1146//2013 1140//2013 1131//2013 
f 1147//2014 893//2014 894//2014 
f 1147//2015 1141//2015 1133//2015 
f 1147//2016 894//2016 1141//2016 
f 1148//2017 1129//2017 1134//2017 
f 1148//2018 1134//2018 1140//2018 
f 1148//2019 1142//2019 1129//2019 
f 1149//2020 1150//2020 1151//2020 
f 1149//2021 1144//2021 1150//2021 
f 1149//2022 1143//2022 1144//2022 
f 1152//2023 1145//2023 1130//2023 
f 1152//2024 1130//2024 1136//2024 
f 1153//2025 1131//2025 1137//2025 
f 1153//2026 1137//2026 1143//2026 
f 1153//2027 1146//2027 1131//2027 
f 1154//2028 893//2028 1147//2028 
f 1154//2029 892//2029 893//2029 
f 1154//2030 1147//2030 1133//2030 
f 1154//2031 1133//2031 1139//2031 
f 1155//2032 1140//2032 1146//2032 
f 1155//2033 1148//2033 1140//2033 
f 1156//2034 1151//2034 1157//2034 
f 1156//2035 1149//2035 1151//2035 
f 1158//2036 1136//2036 1142//2036 
f 1158//2037 1152//2037 1136//2037 
f 1159//2038 1153//2038 1143//2038 
f 1160//2039 1139//2039 1145//2039 
f 1160//2040 892//2040 1154//2040 
f 1160//2041 1145//2041 1152//2041 
f 1160//2042 890//2042 891//2042 
f 1160//2043 891//2043 892//2043 
f 1160//2044 1154//2044 1139//2044 
f 1161//2045 1155//2045 1146//2045 
f 1162//2046 1157//2046 1163//2046 
f 1162//2047 1156//2047 1157//2047 
f 1164//2048 1142//2048 1148//2048 
f 1164//2049 1158//2049 1142//2049 
f 1164//2050 1148//2050 1155//2050 
f 1165//2051 1149//2051 1156//2051 
f 1165//2052 1143//2052 1149//2052 
f 1165//2053 1159//2053 1143//2053 
f 1166//2054 1160//2054 1152//2054 
f 1166//2055 889//2055 890//2055 
f 1166//2056 1152//2056 1158//2056 
f 1166//2057 890//2057 1160//2057 
f 1167//2058 1146//2058 1153//2058 
f 1167//2059 1161//2059 1146//2059 
f 1167//2060 1153//2060 1159//2060 
f 1168//2061 1163//2061 1169//2061 
f 1168//2062 1162//2062 1163//2062 
f 1170//2063 1164//2063 1155//2063 
f 1171//2064 1165//2064 1156//2064 
f 1172//2065 889//2065 1166//2065 
f 1172//2066 887//2066 888//2066 
f 1172//2067 888//2067 889//2067 
f 1172//2068 1166//2068 1158//2068 
f 1173//2069 1159//2069 1165//2069 
f 1173//2070 1167//2070 1159//2070 
f 1174//2071 1175//2071 1176//2071 
f 1174//2072 1169//2072 1175//2072 
f 1174//2073 1168//2073 1169//2073 
f 1177//2074 1170//2074 1155//2074 
f 1177//2075 1155//2075 1161//2075 
f 1178//2076 1171//2076 1156//2076 
f 1178//2077 1156//2077 1162//2077 
f 1179//2078 1172//2078 1158//2078 
f 1179//2079 887//2079 1172//2079 
f 1179//2080 1158//2080 1164//2080 
f 1179//2081 886//2081 887//2081 
f 1180//2082 1173//2082 1165//2082 
f 1181//2083 1176//2083 1182//2083 
f 1181//2084 1174//2084 1176//2084 
f 1183//2085 1177//2085 1161//2085 
f 1183//2086 1161//2086 1167//2086 
f 1184//2087 1162//2087 1168//2087 
f 1184//2088 1178//2088 1162//2088 
f 1185//2089 1164//2089 1170//2089 
f 1185//2090 886//2090 1179//2090 
f 1185//2091 884//2091 885//2091 
f 1185//2092 885//2092 886//2092 
f 1185//2093 1179//2093 1164//2093 
f 1186//2094 1165//2094 1171//2094 
f 1186//2095 1180//2095 1165//2095 
f 1187//2096 1182//2096 1188//2096 
f 1187//2097 1181//2097 1182//2097 
f 1189//2098 1167//2098 1173//2098 
f 1189//2099 1173//2099 1180//2099 
f 1189//2100 1183//2100 1167//2100 
f 1190//2101 1168//2101 1174//2101 
f 1190//2102 1184//2102 1168//2102 
f 1191//2103 1185//2103 1170//2103 
f 1191//2104 1170//2104 1177//2104 
f 1191//2105 884//2105 1185//2105 
f 1191//2106 883//2106 884//2106 
f 1192//2107 1178//2107 1184//2107 
f 1192//2108 1171//2108 1178//2108 
f 1192//2109 1186//2109 1171//2109 
f 1193//2110 1188//2110 1194//2110 
f 1193//2111 1187//2111 1188//2111 
f 1195//2112 1189//2112 1180//2112 
f 1196//2113 1190//2113 1174//2113 
f 1196//2114 1174//2114 1181//2114 
f 1197//2115 1177//2115 1183//2115 
f 1197//2116 1183//2116 1189//2116 
f 1197//2117 882//2117 883//2117 
f 1197//2118 1191//2118 1177//2118 
f 1197//2119 883//2119 1191//2119 
f 1198//2120 1192//2120 1184//2120 
f 1199//2121 1194//2121 1200//2121 
f 1199//2122 1193//2122 1194//2122 
f 1199//2123 1200//2123 1201//2123 
f 1202//2124 1180//2124 1186//2124 
f 1202//2125 1195//2125 1180//2125 
f 1203//2126 1196//2126 1181//2126 
f 1203//2127 1181//2127 1187//2127 
f 1204//2128 882//2128 1197//2128 
f 1204//2129 880//2129 881//2129 
f 1204//2130 881//2130 882//2130 
f 1204//2131 1197//2131 1189//2131 
f 1205//2132 1190//2132 1196//2132 
f 1205//2133 1198//2133 1184//2133 
f 1205//2134 1184//2134 1190//2134 
f 1206//2135 1199//2135 1201//2135 
f 1206//2136 1201//2136 1207//2136 
f 1208//2137 1202//2137 1186//2137 
f 1208//2138 1186//2138 1192//2138 
f 1209//2139 1203//2139 1187//2139 
f 1209//2140 1187//2140 1193//2140 
f 1210//2141 879//2141 880//2141 
f 1210//2142 1189//2142 1195//2142 
f 1210//2143 880//2143 1204//2143 
f 1210//2144 1204//2144 1189//2144 
f 1211//2145 1205//2145 1196//2145 
f 1212//2146 1207//2146 1213//2146 
f 1212//2147 1206//2147 1207//2147 
f 1214//2148 1192//2148 1198//2148 
f 1214//2149 1198//2149 1205//2149 
f 1214//2150 1208//2150 1192//2150 
f 1215//2151 1209//2151 1193//2151 
f 1215//2152 1193//2152 1199//2152 
f 1216//2153 1195//2153 1202//2153 
f 1216//2154 877//2154 878//2154 
f 1216//2155 878//2155 879//2155 
f 1216//2156 1210//2156 1195//2156 
f 1216//2157 879//2157 1210//2157 
f 1217//2158 1203//2158 1209//2158 
f 1217//2159 1196//2159 1203//2159 
f 1217//2160 1211//2160 1196//2160 
f 1218//2161 1212//2161 1213//2161 
f 1218//2162 1213//2162 1219//2162 
f 1220//2163 1205//2163 1211//2163 
f 1220//2164 1214//2164 1205//2164 
f 1221//2165 1215//2165 1199//2165 
f 1221//2166 1199//2166 1206//2166 
f 1222//2167 1216//2167 1202//2167 
f 1222//2168 876//2168 877//2168 
f 1222//2169 877//2169 1216//2169 
f 1222//2170 1202//2170 1208//2170 
f 1223//2171 1217//2171 1209//2171 
f 1224//2172 1218//2172 1219//2172 
f 1224//2173 1219//2173 1225//2173 
f 1226//2174 1220//2174 1211//2174 
f 1227//2175 1212//2175 1218//2175 
f 1227//2176 1221//2176 1206//2176 
f 1227//2177 1206//2177 1212//2177 
f 1228//2178 1208//2178 1214//2178 
f 1228//2179 874//2179 875//2179 
f 1228//2180 875//2180 876//2180 
f 1228//2181 1222//2181 1208//2181 
f 1228//2182 876//2182 1222//2182 
f 1229//2183 1215//2183 1221//2183 
f 1229//2184 1223//2184 1209//2184 
f 1229//2185 1209//2185 1215//2185 
f 1230//2186 1224//2186 1225//2186 
f 1230//2187 1231//2187 1232//2187 
f 1230//2188 1225//2188 1231//2188 
f 1233//2189 1211//2189 1217//2189 
f 1233//2190 1226//2190 1211//2190 
f 1234//2191 1227//2191 1218//2191 
f 1235//2192 1228//2192 1214//2192 
f 1235//2193 873//2193 874//2193 
f 1235//2194 1214//2194 1220//2194 
f 1235//2195 874//2195 1228//2195 
f 1236//2196 1229//2196 1221//2196 
f 1236//2197 1221//2197 1227//2197 
f 1237//2198 1230//2198 1232//2198 
f 1237//2199 1232//2199 1238//2199 
f 1239//2200 1233//2200 1217//2200 
f 1239//2201 1217//2201 1223//2201 
f 1240//2202 1218//2202 1224//2202 
f 1240//2203 1224//2203 1230//2203 
f 1240//2204 1234//2204 1218//2204 
f 1241//2205 1220//2205 1226//2205 
f 1241//2206 872//2206 873//2206 
f 1241//2207 873//2207 1235//2207 
f 1241//2208 1235//2208 1220//2208 
f 1242//2209 1227//2209 1234//2209 
f 1242//2210 1236//2210 1227//2210 
f 1243//2211 1237//2211 1238//2211 
f 1243//2212 1238//2212 1244//2212 
f 1245//2213 1223//2213 1229//2213 
f 1245//2214 1239//2214 1223//2214 
f 1246//2215 1240//2215 1230//2215 
f 1247//2216 872//2216 1241//2216 
f 1247//2217 1241//2217 1226//2217 
f 1247//2218 870//2218 871//2218 
f 1247//2219 871//2219 872//2219 
f 1247//2220 1226//2220 1233//2220 
f 1247//2221 1233//2221 1239//2221 
f 967//2222 1242//2222 1234//2222 
f 971//2223 1243//2223 1244//2223 
f 971//2224 1244//2224 1248//2224 
f 976//2225 1229//2225 1236//2225 
f 976//2226 1245//2226 1229//2226 
f 979//2227 1230//2227 1237//2227 
f 979//2228 1237//2228 1243//2228 
f 979//2229 1246//2229 1230//2229 
f 1249//2230 870//2230 1247//2230 
f 1249//2231 869//2231 870//2231 
f 1249//2232 1239//2232 1245//2232 
f 1249//2233 1247//2233 1239//2233 
f 968//2234 1234//2234 1240//2234 
f 968//2235 967//2235 1234//2235 
f 972//2236 971//2236 1248//2236 
f 972//2237 1250//2237 1251//2237 
f 972//2238 1248//2238 1250//2238 
f 977//2239 976//2239 1236//2239 
f 977//2240 1236//2240 1242//2240 
f 980//2241 1243//2241 971//2241 
f 980//2242 979//2242 1243//2242 
f 1252//2243 869//2243 1249//2243 
f 1252//2244 867//2244 868//2244 
f 1252//2245 868//2245 869//2245 
f 1252//2246 1249//2246 1245//2246 
f 969//2247 1240//2247 1246//2247 
f 969//2248 968//2248 1240//2248 
f 988//2249 972//2249 1251//2249 
f 988//2250 1251//2250 1253//2250 
f 966//2251 977//2251 1242//2251 
f 966//2252 1242//2252 967//2252 
f 973//2253 980//2253 971//2253 
f 975//2254 1245//2254 976//2254 
f 975//2255 867//2255 1252//2255 
f 975//2256 866//2256 867//2256 
f 975//2257 1252//2257 1245//2257 
f 981//2258 1246//2258 979//2258 
f 981//2259 969//2259 1246//2259 
f 983//2260 988//2260 1253//2260 
f 983//2261 1253//2261 984//2261 
f 1254//2262 1255//2262 1256//2262 
f 1257//2263 1258//2263 1259//2263 
f 1257//2264 1260//2264 1258//2264 
f 1257//2265 1261//2265 1260//2265 
f 1262//2266 932//2266 933//2266 
f 1262//2267 933//2267 1263//2267 
f 1262//2268 1264//2268 1255//2268 
f 1262//2269 1263//2269 1264//2269 
f 1265//2270 1266//2270 1267//2270 
f 1265//2271 1267//2271 1268//2271 
f 1269//2272 1270//2272 1271//2272 
f 1269//2273 1271//2273 1272//2273 
f 1273//2274 1274//2274 1275//2274 
f 1273//2275 1254//2275 1274//2275 
f 1273//2276 1275//2276 1266//2276 
f 1276//2277 1257//2277 1259//2277 
f 1277//2278 932//2278 1262//2278 
f 1277//2279 930//2279 931//2279 
f 1277//2280 931//2280 932//2280 
f 1277//2281 1262//2281 1255//2281 
f 1278//2282 1265//2282 1268//2282 
f 1278//2283 1268//2283 1261//2283 
f 1279//2284 1269//2284 1272//2284 
f 1279//2285 1280//2285 1281//2285 
f 1279//2286 1272//2286 1280//2286 
f 1282//2287 1266//2287 1265//2287 
f 1282//2288 1273//2288 1266//2288 
f 1283//2289 1270//2289 1269//2289 
f 1283//2290 1259//2290 1270//2290 
f 1283//2291 1276//2291 1259//2291 
f 1284//2292 929//2292 930//2292 
f 1284//2293 1255//2293 1254//2293 
f 1284//2294 930//2294 1277//2294 
f 1284//2295 1277//2295 1255//2295 
f 1285//2296 1261//2296 1257//2296 
f 1285//2297 1278//2297 1261//2297 
f 1286//2298 1279//2298 1281//2298 
f 1286//2299 1281//2299 1287//2299 
f 1288//2300 1282//2300 1265//2300 
f 1289//2301 1283//2301 1269//2301 
f 1290//2302 927//2302 928//2302 
f 1290//2303 1254//2303 1273//2303 
f 1290//2304 928//2304 929//2304 
f 1290//2305 929//2305 1284//2305 
f 1290//2306 1284//2306 1254//2306 
f 1291//2307 1257//2307 1276//2307 
f 1291//2308 1285//2308 1257//2308 
f 1292//2309 1287//2309 1293//2309 
f 1292//2310 1286//2310 1287//2310 
f 1294//2311 1265//2311 1278//2311 
f 1294//2312 1288//2312 1265//2312 
f 1295//2313 1279//2313 1286//2313 
f 1295//2314 1269//2314 1279//2314 
f 1295//2315 1289//2315 1269//2315 
f 1296//2316 1290//2316 1273//2316 
f 1296//2317 926//2317 927//2317 
f 1296//2318 927//2318 1290//2318 
f 1296//2319 1273//2319 1282//2319 
f 1296//2320 1282//2320 1288//2320 
f 1297//2321 1291//2321 1276//2321 
f 1297//2322 1276//2322 1283//2322 
f 1298//2323 1292//2323 1293//2323 
f 1298//2324 1293//2324 1299//2324 
f 1300//2325 1294//2325 1278//2325 
f 1300//2326 1285//2326 1291//2326 
f 1300//2327 1278//2327 1285//2327 
f 1301//2328 1295//2328 1286//2328 
f 1302//2329 1296//2329 1288//2329 
f 1302//2330 924//2330 925//2330 
f 1302//2331 926//2331 1296//2331 
f 1302//2332 925//2332 926//2332 
f 1303//2333 1283//2333 1289//2333 
f 1303//2334 1297//2334 1283//2334 
f 1304//2335 1298//2335 1299//2335 
f 1304//2336 1305//2336 1306//2336 
f 1304//2337 1299//2337 1305//2337 
f 1307//2338 1300//2338 1291//2338 
f 1308//2339 1286//2339 1292//2339 
f 1308//2340 1301//2340 1286//2340 
f 1309//2341 924//2341 1302//2341 
f 1309//2342 1302//2342 1288//2342 
f 1309//2343 923//2343 924//2343 
f 1309//2344 1294//2344 1300//2344 
f 1309//2345 1288//2345 1294//2345 
f 1310//2346 1303//2346 1289//2346 
f 1310//2347 1289//2347 1295//2347 
f 1311//2348 1304//2348 1306//2348 
f 1311//2349 1306//2349 1312//2349 
f 1313//2350 1307//2350 1291//2350 
f 1313//2351 1291//2351 1297//2351 
f 1314//2352 1292//2352 1298//2352 
f 1314//2353 1308//2353 1292//2353 
f 1314//2354 1298//2354 1304//2354 
f 1315//2355 922//2355 923//2355 
f 1315//2356 1309//2356 1300//2356 
f 1315//2357 923//2357 1309//2357 
f 1316//2358 1310//2358 1295//2358 
f 1316//2359 1295//2359 1301//2359 
f 1317//2360 1311//2360 1312//2360 
f 1317//2361 1312//2361 1318//2361 
f 1319//2362 1313//2362 1297//2362 
f 1319//2363 1297//2363 1303//2363 
f 1319//2364 1303//2364 1310//2364 
f 1320//2365 1314//2365 1304//2365 
f 1321//2366 920//2366 921//2366 
f 1321//2367 921//2367 922//2367 
f 1321//2368 922//2368 1315//2368 
f 1321//2369 1300//2369 1307//2369 
f 1321//2370 1315//2370 1300//2370 
f 1322//2371 1301//2371 1308//2371 
f 1322//2372 1316//2372 1301//2372 
f 1323//2373 1317//2373 1318//2373 
f 1323//2374 1318//2374 1324//2374 
f 1325//2375 1319//2375 1310//2375 
f 1326//2376 1320//2376 1304//2376 
f 1326//2377 1304//2377 1311//2377 
f 1327//2378 919//2378 920//2378 
f 1327//2379 1307//2379 1313//2379 
f 1327//2380 920//2380 1321//2380 
f 1327//2381 1321//2381 1307//2381 
f 1328//2382 1308//2382 1314//2382 
f 1328//2383 1322//2383 1308//2383 
f 1329//2384 1324//2384 1330//2384 
f 1329//2385 1323//2385 1324//2385 
f 1331//2386 1310//2386 1316//2386 
f 1331//2387 1316//2387 1322//2387 
f 1331//2388 1325//2388 1310//2388 
f 1332//2389 1326//2389 1311//2389 
f 1332//2390 1311//2390 1317//2390 
f 1332//2391 1317//2391 1323//2391 
f 1333//2392 919//2392 1327//2392 
f 1333//2393 917//2393 918//2393 
f 1333//2394 918//2394 919//2394 
f 1333//2395 1327//2395 1313//2395 
f 1333//2396 1313//2396 1319//2396 
f 1334//2397 1314//2397 1320//2397 
f 1334//2398 1328//2398 1314//2398 
f 1335//2399 1336//2399 1337//2399 
f 1335//2400 1330//2400 1336//2400 
f 1335//2401 1329//2401 1330//2401 
f 1338//2402 1331//2402 1322//2402 
f 1339//2403 1323//2403 1329//2403 
f 1339//2404 1332//2404 1323//2404 
f 1340//2405 1333//2405 1319//2405 
f 1340//2406 916//2406 917//2406 
f 1340//2407 917//2407 1333//2407 
f 1340//2408 1319//2408 1325//2408 
f 1341//2409 1334//2409 1320//2409 
f 1341//2410 1320//2410 1326//2410 
f 1342//2411 1335//2411 1337//2411 
f 1342//2412 1337//2412 1343//2412 
f 1344//2413 1328//2413 1334//2413 
f 1344//2414 1338//2414 1322//2414 
f 1344//2415 1322//2415 1328//2415 
f 1345//2416 1339//2416 1329//2416 
f 1346//2417 1331//2417 1338//2417 
f 1346//2418 916//2418 1340//2418 
f 1346//2419 914//2419 915//2419 
f 1346//2420 915//2420 916//2420 
f 1346//2421 1340//2421 1325//2421 
f 1346//2422 1325//2422 1331//2422 
f 1347//2423 1341//2423 1326//2423 
f 1347//2424 1326//2424 1332//2424 
f 1348//2425 1342//2425 1343//2425 
f 1348//2426 1343//2426 1349//2426 
f 1350//2427 1344//2427 1334//2427 
f 1351//2428 1345//2428 1329//2428 
f 1351//2429 1335//2429 1342//2429 
f 1351//2430 1329//2430 1335//2430 
f 1352//2431 913//2431 914//2431 
f 1352//2432 1346//2432 1338//2432 
f 1352//2433 914//2433 1346//2433 
f 1353//2434 1332//2434 1339//2434 
f 1353//2435 1347//2435 1332//2435 
f 1354//2436 1348//2436 1349//2436 
f 1354//2437 1355//2437 1098//2437 
f 1354//2438 1349//2438 1355//2438 
f 1356//2439 1334//2439 1341//2439 
f 1356//2440 1350//2440 1334//2440 
f 1357//2441 1351//2441 1342//2441 
f 1357//2442 1342//2442 1348//2442 
f 1358//2443 1338//2443 1344//2443 
f 1358//2444 912//2444 913//2444 
f 1358//2445 1352//2445 1338//2445 
f 1358//2446 913//2446 1352//2446 
f 1358//2447 1344//2447 1350//2447 
f 1359//2448 1339//2448 1345//2448 
f 1359//2449 1353//2449 1339//2449 
f 1360//2450 1356//2450 1341//2450 
f 1360//2451 1341//2451 1347//2451 
f 1361//2452 1357//2452 1348//2452 
f 1362//2453 912//2453 1358//2453 
f 1362//2454 910//2454 911//2454 
f 1362//2455 911//2455 912//2455 
f 1362//2456 1358//2456 1350//2456 
f 1363//2457 1351//2457 1357//2457 
f 1363//2458 1359//2458 1345//2458 
f 1363//2459 1345//2459 1351//2459 
f 1364//2460 1360//2460 1347//2460 
f 1364//2461 1347//2461 1353//2461 
f 1364//2462 1353//2462 1359//2462 
f 1365//2463 1354//2463 1098//2463 
f 1365//2464 1348//2464 1354//2464 
f 1365//2465 1361//2465 1348//2465 
f 1366//2466 909//2466 910//2466 
f 1366//2467 1350//2467 1356//2467 
f 1366//2468 1362//2468 1350//2468 
f 1366//2469 910//2469 1362//2469 
f 1367//2470 1363//2470 1357//2470 
f 1368//2471 1364//2471 1359//2471 
f 1369//2472 907//2472 908//2472 
f 1369//2473 908//2473 909//2473 
f 1369//2474 1356//2474 1360//2474 
f 1369//2475 909//2475 1366//2475 
f 1369//2476 1366//2476 1356//2476 
f 1370//2477 1357//2477 1361//2477 
f 1370//2478 1367//2478 1357//2478 
f 1371//2479 1359//2479 1363//2479 
f 1371//2480 1368//2480 1359//2480 
f 1372//2481 906//2481 907//2481 
f 1372//2482 1364//2482 1368//2482 
f 1372//2483 1369//2483 1360//2483 
f 1372//2484 1360//2484 1364//2484 
f 1372//2485 907//2485 1369//2485 
f 1373//2486 1098//2486 898//2486 
f 1373//2487 1365//2487 1098//2487 
f 1373//2488 1361//2488 1365//2488 
f 1373//2489 1370//2489 1361//2489 
f 1374//2490 1371//2490 1363//2490 
f 1374//2491 1363//2491 1367//2491 
f 1374//2492 1367//2492 1370//2492 
f 1375//2493 904//2493 905//2493 
f 1375//2494 905//2494 906//2494 
f 1375//2495 906//2495 1372//2495 
f 1375//2496 1372//2496 1368//2496 
f 1376//2497 1374//2497 1370//2497 
f 1377//2498 1368//2498 1371//2498 
f 1377//2499 903//2499 904//2499 
f 1377//2500 1371//2500 1374//2500 
f 1377//2501 1375//2501 1368//2501 
f 1377//2502 904//2502 1375//2502 
f 1378//2503 1376//2503 1370//2503 
f 1378//2504 1370//2504 1373//2504 
f 1378//2505 1373//2505 898//2505 
f 1379//2506 902//2506 903//2506 
f 1379//2507 1377//2507 1374//2507 
f 1379//2508 903//2508 1377//2508 
f 1380//2509 902//2509 1379//2509 
f 1380//2510 900//2510 901//2510 
f 1380//2511 901//2511 902//2511 
f 1380//2512 1374//2512 1376//2512 
f 1380//2513 1376//2513 1378//2513 
f 1380//2514 1379//2514 1374//2514 
f 1381//2515 898//2515 899//2515 
f 1381//2516 899//2516 900//2516 
f 1381//2517 1378//2517 898//2517 
f 1381//2518 900//2518 1380//2518 
f 1381//2519 1380//2519 1378//2519 
f 1382//2520 1383//2520 1384//2520 
f 1382//2521 1068//2521 1383//2521 
f 1385//2522 1384//2522 1386//2522 
f 1385//2523 1382//2523 1384//2523 
f 1387//2524 1386//2524 1388//2524 
f 1387//2525 1385//2525 1386//2525 
f 1389//2526 1068//2526 1382//2526 
f 1390//2527 1387//2527 1388//2527 
f 1390//2528 1391//2528 1392//2528 
f 1390//2529 1388//2529 1391//2529 
f 1393//2530 1385//2530 1387//2530 
f 1393//2531 1389//2531 1382//2531 
f 1393//2532 1382//2532 1385//2532 
f 1394//2533 1392//2533 1395//2533 
f 1394//2534 1390//2534 1392//2534 
f 1396//2535 1393//2535 1387//2535 
f 1397//2536 832//2536 1068//2536 
f 1397//2537 1068//2537 1389//2537 
f 1398//2538 1395//2538 1399//2538 
f 1398//2539 1394//2539 1395//2539 
f 1400//2540 1396//2540 1387//2540 
f 1400//2541 1390//2541 1394//2541 
f 1400//2542 1387//2542 1390//2542 
f 1401//2543 1389//2543 1393//2543 
f 1401//2544 1397//2544 1389//2544 
f 1402//2545 1399//2545 1403//2545 
f 1402//2546 1398//2546 1399//2546 
f 1404//2547 1400//2547 1394//2547 
f 1405//2548 1393//2548 1396//2548 
f 1405//2549 1401//2549 1393//2549 
f 1406//2550 1403//2550 1407//2550 
f 1406//2551 1402//2551 1403//2551 
f 1408//2552 832//2552 1397//2552 
f 1409//2553 1398//2553 1402//2553 
f 1409//2554 1394//2554 1398//2554 
f 1409//2555 1404//2555 1394//2555 
f 1410//2556 1396//2556 1400//2556 
f 1410//2557 1405//2557 1396//2557 
f 1411//2558 1406//2558 1407//2558 
f 1411//2559 1412//2559 1413//2559 
f 1411//2560 1407//2560 1412//2560 
f 1414//2561 1401//2561 1405//2561 
f 1414//2562 1397//2562 1401//2562 
f 1414//2563 1408//2563 1397//2563 
f 1415//2564 1409//2564 1402//2564 
f 1416//2565 1400//2565 1404//2565 
f 1416//2566 1410//2566 1400//2566 
f 1417//2567 1413//2567 1418//2567 
f 1417//2568 1411//2568 1413//2568 
f 1419//2569 1414//2569 1405//2569 
f 1420//2570 1415//2570 1402//2570 
f 1420//2571 1402//2571 1406//2571 
f 1421//2572 1408//2572 1414//2572 
f 1421//2573 963//2573 964//2573 
f 1421//2574 964//2574 832//2574 
f 1421//2575 832//2575 1408//2575 
f 1422//2576 1416//2576 1404//2576 
f 1422//2577 1404//2577 1409//2577 
f 1422//2578 1409//2578 1415//2578 
f 1423//2579 1418//2579 1424//2579 
f 1423//2580 1417//2580 1418//2580 
f 1425//2581 1419//2581 1405//2581 
f 1425//2582 1405//2582 1410//2582 
f 1426//2583 1420//2583 1406//2583 
f 1426//2584 1406//2584 1411//2584 
f 1426//2585 1411//2585 1417//2585 
f 1427//2586 1421//2586 1414//2586 
f 1427//2587 961//2587 962//2587 
f 1427//2588 962//2588 963//2588 
f 1427//2589 963//2589 1421//2589 
f 1428//2590 1422//2590 1415//2590 
f 1429//2591 1424//2591 1430//2591 
f 1429//2592 1423//2592 1424//2592 
f 1431//2593 1425//2593 1410//2593 
f 1431//2594 1410//2594 1416//2594 
f 1432//2595 1426//2595 1417//2595 
f 1433//2596 1414//2596 1419//2596 
f 1433//2597 960//2597 961//2597 
f 1433//2598 961//2598 1427//2598 
f 1433//2599 1427//2599 1414//2599 
f 1434//2600 1420//2600 1426//2600 
f 1434//2601 1428//2601 1415//2601 
f 1434//2602 1415//2602 1420//2602 
f 1435//2603 1436//2603 1437//2603 
f 1435//2604 1430//2604 1436//2604 
f 1435//2605 1429//2605 1430//2605 
f 1438//2606 1416//2606 1422//2606 
f 1438//2607 1422//2607 1428//2607 
f 1438//2608 1431//2608 1416//2608 
f 1439//2609 1423//2609 1429//2609 
f 1439//2610 1432//2610 1417//2610 
f 1439//2611 1417//2611 1423//2611 
f 1440//2612 1419//2612 1425//2612 
f 1440//2613 1425//2613 1431//2613 
f 1440//2614 1433//2614 1419//2614 
f 1440//2615 959//2615 960//2615 
f 1440//2616 960//2616 1433//2616 
f 1441//2617 1434//2617 1426//2617 
f 1442//2618 1437//2618 1443//2618 
f 1442//2619 1435//2619 1437//2619 
f 1444//2620 1438//2620 1428//2620 
f 1444//2621 1428//2621 1434//2621 
f 1445//2622 1439//2622 1429//2622 
f 1445//2623 1429//2623 1435//2623 
f 1446//2624 1440//2624 1431//2624 
f 1446//2625 957//2625 958//2625 
f 1446//2626 958//2626 959//2626 
f 1446//2627 959//2627 1440//2627 
f 1447//2628 1441//2628 1426//2628 
f 1447//2629 1426//2629 1432//2629 
f 1447//2630 1432//2630 1439//2630 
f 1448//2631 1442//2631 1443//2631 
f 1448//2632 1443//2632 1449//2632 
f 1450//2633 1444//2633 1434//2633 
f 1451//2634 1445//2634 1435//2634 
f 1452//2635 1446//2635 1431//2635 
f 1452//2636 956//2636 957//2636 
f 1452//2637 1431//2637 1438//2637 
f 1452//2638 957//2638 1446//2638 
f 1453//2639 1447//2639 1439//2639 
f 1454//2640 1449//2640 1455//2640 
f 1454//2641 1448//2641 1449//2641 
f 1456//2642 1434//2642 1441//2642 
f 1456//2643 1450//2643 1434//2643 
f 1457//2644 1442//2644 1448//2644 
f 1457//2645 1435//2645 1442//2645 
f 1457//2646 1451//2646 1435//2646 
f 1458//2647 956//2647 1452//2647 
f 1458//2648 1452//2648 1438//2648 
f 1458//2649 1444//2649 1450//2649 
f 1458//2650 1438//2650 1444//2650 
f 1458//2651 954//2651 955//2651 
f 1458//2652 955//2652 956//2652 
f 1459//2653 1445//2653 1451//2653 
f 1459//2654 1453//2654 1439//2654 
f 1459//2655 1439//2655 1445//2655 
f 1460//2656 1461//2656 1462//2656 
f 1460//2657 1455//2657 1461//2657 
f 1460//2658 1454//2658 1455//2658 
f 1463//2659 1441//2659 1447//2659 
f 1463//2660 1456//2660 1441//2660 
f 1464//2661 1457//2661 1448//2661 
f 1464//2662 1448//2662 1454//2662 
f 1465//2663 954//2663 1458//2663 
f 1465//2664 953//2664 954//2664 
f 1465//2665 1458//2665 1450//2665 
f 1466//2666 1459//2666 1451//2666 
f 1467//2667 1462//2667 1468//2667 
f 1467//2668 1460//2668 1462//2668 
f 1469//2669 1447//2669 1453//2669 
f 1469//2670 1463//2670 1447//2670 
f 1469//2671 1453//2671 1459//2671 
f 1470//2672 1454//2672 1460//2672 
f 1470//2673 1464//2673 1454//2673 
f 1471//2674 1465//2674 1450//2674 
f 1471//2675 1450//2675 1456//2675 
f 1471//2676 953//2676 1465//2676 
f 1471//2677 1456//2677 1463//2677 
f 1471//2678 951//2678 952//2678 
f 1471//2679 952//2679 953//2679 
f 1472//2680 1451//2680 1457//2680 
f 1472//2681 1466//2681 1451//2681 
f 1472//2682 1457//2682 1464//2682 
f 1473//2683 1468//2683 1474//2683 
f 1473//2684 1467//2684 1468//2684 
f 1475//2685 1469//2685 1459//2685 
f 1476//2686 1470//2686 1460//2686 
f 1477//2687 1471//2687 1463//2687 
f 1477//2688 951//2688 1471//2688 
f 1477//2689 950//2689 951//2689 
f 1478//2690 1472//2690 1464//2690 
f 1479//2691 1474//2691 1480//2691 
f 1479//2692 1473//2692 1474//2692 
f 1481//2693 1459//2693 1466//2693 
f 1481//2694 1475//2694 1459//2694 
f 1482//2695 1476//2695 1460//2695 
f 1482//2696 1460//2696 1467//2696 
f 1483//2697 1463//2697 1469//2697 
f 1483//2698 1477//2698 1463//2698 
f 1483//2699 949//2699 950//2699 
f 1483//2700 950//2700 1477//2700 
f 1483//2701 1469//2701 1475//2701 
f 1484//2702 1464//2702 1470//2702 
f 1484//2703 1470//2703 1476//2703 
f 1484//2704 1478//2704 1464//2704 
f 1485//2705 1480//2705 1486//2705 
f 1485//2706 1479//2706 1480//2706 
f 1485//2707 1486//2707 1487//2707 
f 1488//2708 1466//2708 1472//2708 
f 1488//2709 1472//2709 1478//2709 
f 1488//2710 1481//2710 1466//2710 
f 1489//2711 1482//2711 1467//2711 
f 1489//2712 1467//2712 1473//2712 
f 1490//2713 949//2713 1483//2713 
f 1490//2714 947//2714 948//2714 
f 1490//2715 948//2715 949//2715 
f 1490//2716 1483//2716 1475//2716 
f 1491//2717 1476//2717 1482//2717 
f 1491//2718 1484//2718 1476//2718 
f 1492//2719 1485//2719 1487//2719 
f 1492//2720 1487//2720 1493//2720 
f 1494//2721 1478//2721 1484//2721 
f 1494//2722 1488//2722 1478//2722 
f 1495//2723 1473//2723 1479//2723 
f 1495//2724 1489//2724 1473//2724 
f 1496//2725 947//2725 1490//2725 
f 1496//2726 946//2726 947//2726 
f 1496//2727 1475//2727 1481//2727 
f 1496//2728 1490//2728 1475//2728 
f 1497//2729 1491//2729 1482//2729 
f 1498//2730 1493//2730 1499//2730 
f 1498//2731 1492//2731 1493//2731 
f 1500//2732 1494//2732 1484//2732 
f 1501//2733 1479//2733 1485//2733 
f 1501//2734 1495//2734 1479//2734 
f 1502//2735 1496//2735 1481//2735 
f 1502//2736 944//2736 945//2736 
f 1502//2737 945//2737 946//2737 
f 1502//2738 946//2738 1496//2738 
f 1502//2739 1481//2739 1488//2739 
f 1503//2740 1497//2740 1482//2740 
f 1503//2741 1482//2741 1489//2741 
f 1504//2742 1498//2742 1499//2742 
f 1504//2743 1499//2743 1505//2743 
f 1506//2744 1491//2744 1497//2744 
f 1506//2745 1484//2745 1491//2745 
f 1506//2746 1500//2746 1484//2746 
f 1507//2747 1492//2747 1498//2747 
f 1507//2748 1485//2748 1492//2748 
f 1507//2749 1501//2749 1485//2749 
f 1508//2750 1494//2750 1500//2750 
f 1508//2751 1502//2751 1488//2751 
f 1508//2752 943//2752 944//2752 
f 1508//2753 944//2753 1502//2753 
f 1508//2754 1488//2754 1494//2754 
f 1509//2755 1489//2755 1495//2755 
f 1509//2756 1503//2756 1489//2756 
f 1509//2757 1495//2757 1501//2757 
f 1510//2758 1504//2758 1505//2758 
f 1510//2759 1505//2759 1511//2759 
f 1512//2760 1506//2760 1497//2760 
f 1513//2761 1507//2761 1498//2761 
f 1513//2762 1498//2762 1504//2762 
f 1514//2763 943//2763 1508//2763 
f 1514//2764 941//2764 942//2764 
f 1514//2765 942//2765 943//2765 
f 1514//2766 1508//2766 1500//2766 
f 1515//2767 1509//2767 1501//2767 
f 1516//2768 1510//2768 1511//2768 
f 1516//2769 1517//2769 1518//2769 
f 1516//2770 1511//2770 1517//2770 
f 1519//2771 1512//2771 1497//2771 
f 1519//2772 1497//2772 1503//2772 
f 1520//2773 1513//2773 1504//2773 
f 1521//2774 940//2774 941//2774 
f 1521//2775 941//2775 1514//2775 
f 1521//2776 1514//2776 1500//2776 
f 1521//2777 1500//2777 1506//2777 
f 1522//2778 1507//2778 1513//2778 
f 1522//2779 1515//2779 1501//2779 
f 1522//2780 1501//2780 1507//2780 
f 1523//2781 1516//2781 1518//2781 
f 1523//2782 1518//2782 1524//2782 
f 1525//2783 1503//2783 1509//2783 
f 1525//2784 1519//2784 1503//2784 
f 1526//2785 1504//2785 1510//2785 
f 1526//2786 1520//2786 1504//2786 
f 1527//2787 940//2787 1521//2787 
f 1527//2788 1506//2788 1512//2788 
f 1527//2789 939//2789 940//2789 
f 1527//2790 1521//2790 1506//2790 
f 1528//2791 1513//2791 1520//2791 
f 1528//2792 1522//2792 1513//2792 
f 1529//2793 1523//2793 1524//2793 
f 1529//2794 1524//2794 1530//2794 
f 1531//2795 1525//2795 1509//2795 
f 1531//2796 1509//2796 1515//2796 
f 1532//2797 1510//2797 1516//2797 
f 1532//2798 1526//2798 1510//2798 
f 1533//2799 1527//2799 1512//2799 
f 1533//2800 937//2800 938//2800 
f 1533//2801 938//2801 939//2801 
f 1533//2802 1512//2802 1519//2802 
f 1533//2803 1519//2803 1525//2803 
f 1533//2804 939//2804 1527//2804 
f 1256//2805 1528//2805 1520//2805 
f 1260//2806 1529//2806 1530//2806 
f 1260//2807 1530//2807 1534//2807 
f 1535//2808 1531//2808 1515//2808 
f 1535//2809 1515//2809 1522//2809 
f 1267//2810 1516//2810 1523//2810 
f 1267//2811 1523//2811 1529//2811 
f 1267//2812 1532//2812 1516//2812 
f 1536//2813 936//2813 937//2813 
f 1536//2814 937//2814 1533//2814 
f 1536//2815 1533//2815 1525//2815 
f 1274//2816 1520//2816 1526//2816 
f 1274//2817 1256//2817 1520//2817 
f 1258//2818 1260//2818 1534//2818 
f 1258//2819 1537//2819 1538//2819 
f 1258//2820 1534//2820 1537//2820 
f 1264//2821 1535//2821 1522//2821 
f 1264//2822 1522//2822 1528//2822 
f 1268//2823 1267//2823 1529//2823 
f 1539//2824 934//2824 935//2824 
f 1539//2825 935//2825 936//2825 
f 1539//2826 1525//2826 1531//2826 
f 1539//2827 936//2827 1536//2827 
f 1539//2828 1536//2828 1525//2828 
f 1539//2829 1531//2829 1535//2829 
f 1275//2830 1274//2830 1526//2830 
f 1275//2831 1526//2831 1532//2831 
f 1259//2832 1258//2832 1538//2832 
f 1259//2833 1538//2833 1540//2833 
f 1255//2834 1264//2834 1528//2834 
f 1255//2835 1528//2835 1256//2835 
f 1261//2836 1268//2836 1529//2836 
f 1261//2837 1529//2837 1260//2837 
f 1263//2838 1535//2838 1264//2838 
f 1263//2839 933//2839 934//2839 
f 1263//2840 1539//2840 1535//2840 
f 1263//2841 934//2841 1539//2841 
f 1266//2842 1532//2842 1267//2842 
f 1266//2843 1275//2843 1532//2843 
f 1270//2844 1259//2844 1540//2844 
f 1270//2845 1540//2845 1271//2845 
f 1254//2846 1256//2846 1274//2846 
f 1541//2847 1068//2847 1067//2847 
f 1542//2848 1541//2848 1067//2848 
f 1543//2849 1067//2849 1061//2849 
f 1543//2850 1542//2850 1067//2850 
f 1544//2851 1061//2851 1055//2851 
f 1544//2852 1543//2852 1061//2852 
f 1545//2853 1055//2853 1049//2853 
f 1545//2854 1049//2854 1048//2854 
f 1545//2855 1544//2855 1055//2855 
f 1546//2856 1545//2856 1048//2856 
f 1547//2857 1048//2857 1042//2857 
f 1547//2858 1546//2858 1048//2858 
f 1548//2859 1042//2859 1036//2859 
f 1548//2860 1547//2860 1042//2860 
f 1549//2861 1036//2861 1030//2861 
f 1549//2862 1548//2862 1036//2862 
f 1550//2863 1030//2863 1024//2863 
f 1550//2864 1549//2864 1030//2864 
f 1551//2865 1024//2865 1018//2865 
f 1551//2866 1550//2866 1024//2866 
f 1552//2867 1018//2867 1017//2867 
f 1552//2868 1551//2868 1018//2868 
f 1553//2869 1017//2869 1011//2869 
f 1553//2870 1552//2870 1017//2870 
f 1554//2871 1011//2871 1005//2871 
f 1554//2872 1005//2872 999//2872 
f 1554//2873 1553//2873 1011//2873 
f 1555//2874 1554//2874 999//2874 
f 1556//2875 999//2875 993//2875 
f 1556//2876 1555//2876 999//2876 
f 1557//2877 993//2877 992//2877 
f 1557//2878 992//2878 985//2878 
f 1557//2879 1556//2879 993//2879 
f 1558//2880 1557//2880 985//2880 
f 1559//2881 985//2881 984//2881 
f 1559//2882 1558//2882 985//2882 
f 1560//2883 984//2883 1253//2883 
f 1560//2884 1253//2884 1251//2884 
f 1560//2885 1559//2885 984//2885 
f 1561//2886 1560//2886 1251//2886 
f 1561//2887 1251//2887 1250//2887 
f 1562//2888 1561//2888 1250//2888 
f 1563//2889 1562//2889 1250//2889 
f 1563//2890 1250//2890 1248//2890 
f 1563//2891 1248//2891 1244//2891 
f 1564//2892 1563//2892 1244//2892 
f 1564//2893 1244//2893 1238//2893 
f 1565//2894 1564//2894 1238//2894 
f 1565//2895 1238//2895 1232//2895 
f 1566//2896 1565//2896 1232//2896 
f 1567//2897 1566//2897 1232//2897 
f 1567//2898 1232//2898 1231//2898 
f 1567//2899 1231//2899 1225//2899 
f 1568//2900 1225//2900 1219//2900 
f 1568//2901 1567//2901 1225//2901 
f 1569//2902 1568//2902 1219//2902 
f 1570//2903 1219//2903 1213//2903 
f 1570//2904 1569//2904 1219//2904 
f 1571//2905 1213//2905 1207//2905 
f 1571//2906 1570//2906 1213//2906 
f 1572//2907 1207//2907 1201//2907 
f 1572//2908 1571//2908 1207//2908 
f 1573//2909 1201//2909 1200//2909 
f 1573//2910 1200//2910 1194//2910 
f 1573//2911 1572//2911 1201//2911 
f 1574//2912 1194//2912 1188//2912 
f 1574//2913 1573//2913 1194//2913 
f 1575//2914 1574//2914 1188//2914 
f 1576//2915 1188//2915 1182//2915 
f 1576//2916 1575//2916 1188//2916 
f 1577//2917 1182//2917 1176//2917 
f 1577//2918 1576//2918 1182//2918 
f 1578//2919 1176//2919 1175//2919 
f 1578//2920 1577//2920 1176//2920 
f 1579//2921 1175//2921 1169//2921 
f 1579//2922 1169//2922 1163//2922 
f 1579//2923 1578//2923 1175//2923 
f 1580//2924 1163//2924 1157//2924 
f 1580//2925 1579//2925 1163//2925 
f 1581//2926 1157//2926 1151//2926 
f 1581//2927 1580//2927 1157//2927 
f 1582//2928 1581//2928 1151//2928 
f 1583//2929 1151//2929 1150//2929 
f 1583//2930 1150//2930 1144//2930 
f 1583//2931 1582//2931 1151//2931 
f 1584//2932 1583//2932 1144//2932 
f 1585//2933 1144//2933 1138//2933 
f 1585//2934 1584//2934 1144//2934 
f 1586//2935 1585//2935 1138//2935 
f 1586//2936 1138//2936 1132//2936 
f 1587//2937 1586//2937 1132//2937 
f 1587//2938 1132//2938 1127//2938 
f 1588//2939 1587//2939 1127//2939 
f 1588//2940 1127//2940 1126//2940 
f 1589//2941 1588//2941 1126//2941 
f 1589//2942 1126//2942 1121//2942 
f 1590//2943 1589//2943 1121//2943 
f 1590//2944 1121//2944 1117//2944 
f 1590//2945 1117//2945 1113//2945 
f 1591//2946 1590//2946 1113//2946 
f 1591//2947 1113//2947 1109//2947 
f 1592//2948 1591//2948 1109//2948 
f 1592//2949 1109//2949 1106//2949 
f 1593//2950 1592//2950 1106//2950 
f 1594//2951 1593//2951 1106//2951 
f 1594//2952 1106//2952 1105//2952 
f 1595//2953 1594//2953 1105//2953 
f 1595//2954 1105//2954 1102//2954 
f 1596//2955 1595//2955 1102//2955 
f 1596//2956 1102//2956 1100//2956 
f 1596//2957 1100//2957 1097//2957 
f 1597//2958 1596//2958 1097//2958 
f 1598//2959 1597//2959 1097//2959 
f 1598//2960 1097//2960 1096//2960 
f 1599//2961 1598//2961 1096//2961 
f 1599//2962 1096//2962 1098//2962 
f 1599//2963 1098//2963 1355//2963 
f 1600//2964 1599//2964 1355//2964 
f 1601//2965 1355//2965 1349//2965 
f 1601//2966 1349//2966 1343//2966 
f 1601//2967 1600//2967 1355//2967 
f 1602//2968 1601//2968 1343//2968 
f 1603//2969 1343//2969 1337//2969 
f 1603//2970 1602//2970 1343//2970 
f 1604//2971 1337//2971 1336//2971 
f 1604//2972 1336//2972 1330//2972 
f 1604//2973 1603//2973 1337//2973 
f 1605//2974 1604//2974 1330//2974 
f 1606//2975 1330//2975 1324//2975 
f 1606//2976 1605//2976 1330//2976 
f 1607//2977 1324//2977 1318//2977 
f 1607//2978 1318//2978 1312//2978 
f 1607//2979 1606//2979 1324//2979 
f 1608//2980 1607//2980 1312//2980 
f 1609//2981 1312//2981 1306//2981 
f 1609//2982 1306//2982 1305//2982 
f 1609//2983 1608//2983 1312//2983 
f 1610//2984 1609//2984 1305//2984 
f 1611//2985 1305//2985 1299//2985 
f 1611//2986 1610//2986 1305//2986 
f 1612//2987 1299//2987 1293//2987 
f 1612//2988 1293//2988 1287//2988 
f 1612//2989 1611//2989 1299//2989 
f 1613//2990 1612//2990 1287//2990 
f 1614//2991 1287//2991 1281//2991 
f 1614//2992 1613//2992 1287//2992 
f 1615//2993 1281//2993 1280//2993 
f 1615//2994 1614//2994 1281//2994 
f 1616//2995 1280//2995 1272//2995 
f 1616//2996 1272//2996 1271//2996 
f 1616//2997 1615//2997 1280//2997 
f 1617//2998 1616//2998 1271//2998 
f 1618//2999 1271//2999 1540//2999 
f 1618//3000 1617//3000 1271//3000 
f 1619//3001 1540//3001 1538//3001 
f 1619//3002 1618//3002 1540//3002 
f 1620//3003 1619//3003 1538//3003 
f 1620//3004 1538//3004 1537//3004 
f 1620//3005 1537//3005 1534//3005 
f 1621//3006 1620//3006 1534//3006 
f 1622//3007 1621//3007 1534//3007 
f 1622//3008 1534//3008 1530//3008 
f 1622//3009 1530//3009 1524//3009 
f 1623//3010 1622//3010 1524//3010 
f 1624//3011 1623//3011 1524//3011 
f 1624//3012 1524//3012 1518//3012 
f 1625//3013 1518//3013 1517//3013 
f 1625//3014 1624//3014 1518//3014 
f 1625//3015 1517//3015 1511//3015 
f 1626//3016 1625//3016 1511//3016 
f 1627//3017 1511//3017 1505//3017 
f 1627//3018 1626//3018 1511//3018 
f 1628//3019 1505//3019 1499//3019 
f 1628//3020 1627//3020 1505//3020 
f 1629//3021 1499//3021 1493//3021 
f 1629//3022 1493//3022 1487//3022 
f 1629//3023 1628//3023 1499//3023 
f 1630//3024 1487//3024 1486//3024 
f 1630//3025 1629//3025 1487//3025 
f 1631//3026 1630//3026 1486//3026 
f 1632//3027 1486//3027 1480//3027 
f 1632//3028 1480//3028 1474//3028 
f 1632//3029 1631//3029 1486//3029 
f 1633//3030 1632//3030 1474//3030 
f 1634//3031 1474//3031 1468//3031 
f 1634//3032 1633//3032 1474//3032 
f 1635//3033 1468//3033 1462//3033 
f 1635//3034 1634//3034 1468//3034 
f 1636//3035 1462//3035 1461//3035 
f 1636//3036 1461//3036 1455//3036 
f 1636//3037 1635//3037 1462//3037 
f 1637//3038 1636//3038 1455//3038 
f 1638//3039 1455//3039 1449//3039 
f 1638//3040 1449//3040 1443//3040 
f 1638//3041 1637//3041 1455//3041 
f 1639//3042 1638//3042 1443//3042 
f 1640//3043 1443//3043 1437//3043 
f 1640//3044 1639//3044 1443//3044 
f 1641//3045 1437//3045 1436//3045 
f 1641//3046 1640//3046 1437//3046 
f 1642//3047 1436//3047 1430//3047 
f 1642//3048 1641//3048 1436//3048 
f 1643//3049 1430//3049 1424//3049 
f 1643//3050 1642//3050 1430//3050 
f 1644//3051 1643//3051 1424//3051 
f 1644//3052 1424//3052 1418//3052 
f 1645//3053 1644//3053 1418//3053 
f 1645//3054 1418//3054 1413//3054 
f 1646//3055 1645//3055 1413//3055 
f 1646//3056 1413//3056 1412//3056 
f 1647//3057 1646//3057 1412//3057 
f 1647//3058 1412//3058 1407//3058 
f 1648//3059 1647//3059 1407//3059 
f 1648//3060 1407//3060 1403//3060 
f 1649//3061 1648//3061 1403//3061 
f 1649//3062 1403//3062 1399//3062 
f 1649//3063 1399//3063 1395//3063 
f 1650//3064 1649//3064 1395//3064 
f 1651//3065 1650//3065 1395//3065 
f 1651//3066 1395//3066 1392//3066 
f 1652//3067 1651//3067 1392//3067 
f 1652//3068 1392//3068 1391//3068 
f 1652//3069 1391//3069 1388//3069 
f 1653//3070 1652//3070 1388//3070 
f 1653//3071 1388//3071 1386//3071 
f 1654//3072 1653//3072 1386//3072 
f 1655//3073 1654//3073 1386//3073 
f 1655//3074 1386//3074 1384//3074 
f 1656//3075 1655//3075 1384//3075 
f 1656//3076 1384//3076 1383//3076 
f 1656//3077 1383//3077 1068//3077 
f 1541//3078 1656//3078 1068//3078 
f 1586//3079 1587//3079 1585//3079 
f 1588//3080 1589//3080 1587//3080 
f 1582//3081 1580//3081 1581//3081 
f 1583//3082 1580//3082 1582//3082 
f 1584//3083 1580//3083 1583//3083 
f 1589//3084 1590//3084 1587//3084 
f 1580//3085 1578//3085 1579//3085 
f 1591//3086 1592//3086 1590//3086 
f 1578//3087 1576//3087 1577//3087 
f 1593//3088 1594//3088 1592//3088 
f 1590//3089 1594//3089 1587//3089 
f 1592//3090 1594//3090 1590//3090 
f 1578//3091 1575//3091 1576//3091 
f 1585//3092 1596//3092 1584//3092 
f 1595//3093 1596//3093 1594//3093 
f 1587//3094 1596//3094 1585//3094 
f 1584//3095 1596//3095 1580//3095 
f 1594//3096 1596//3096 1587//3096 
f 1578//3097 1598//3097 1575//3097 
f 1596//3098 1598//3098 1580//3098 
f 1575//3099 1598//3099 1574//3099 
f 1597//3100 1598//3100 1596//3100 
f 1580//3101 1598//3101 1578//3101 
f 1573//3102 1571//3102 1572//3102 
f 1573//3103 1570//3103 1571//3103 
f 1574//3104 1570//3104 1573//3104 
f 1598//3105 1569//3105 1574//3105 
f 1574//3106 1569//3106 1570//3106 
f 1569//3107 1567//3107 1568//3107 
f 1567//3108 1565//3108 1566//3108 
f 1564//3109 1562//3109 1563//3109 
f 1565//3110 1562//3110 1564//3110 
f 1569//3111 1562//3111 1567//3111 
f 1567//3112 1562//3112 1565//3112 
f 1562//3113 1560//3113 1561//3113 
f 1560//3114 1558//3114 1559//3114 
f 1562//3115 1558//3115 1560//3115 
f 1557//3116 1555//3116 1556//3116 
f 1558//3117 1554//3117 1557//3117 
f 1557//3118 1554//3118 1555//3118 
f 1554//3119 1552//3119 1553//3119 
f 1558//3120 1551//3120 1554//3120 
f 1554//3121 1551//3121 1552//3121 
f 1562//3122 1550//3122 1558//3122 
f 1558//3123 1550//3123 1551//3123 
f 1550//3124 1548//3124 1549//3124 
f 1548//3125 1546//3125 1547//3125 
f 1548//3126 1545//3126 1546//3126 
f 1548//3127 1544//3127 1545//3127 
f 1544//3128 1542//3128 1543//3128 
f 1598//3129 1542//3129 1569//3129 
f 1569//3130 1542//3130 1562//3130 
f 1550//3131 1542//3131 1548//3131 
f 1562//3132 1542//3132 1550//3132 
f 1548//3133 1542//3133 1544//3133 
f 1598//3134 1541//3134 1542//3134 
f 1599//3135 1541//3135 1598//3135 
f 1602//3136 1604//3136 1601//3136 
f 1603//3137 1604//3137 1602//3137 
f 1605//3138 1606//3138 1604//3138 
f 1607//3139 1608//3139 1606//3139 
f 1609//3140 1610//3140 1608//3140 
f 1606//3141 1610//3141 1604//3141 
f 1604//3142 1610//3142 1601//3142 
f 1608//3143 1610//3143 1606//3143 
f 1611//3144 1612//3144 1610//3144 
f 1613//3145 1615//3145 1612//3145 
f 1614//3146 1615//3146 1613//3146 
f 1612//3147 1615//3147 1610//3147 
f 1618//3148 1619//3148 1617//3148 
f 1619//3149 1620//3149 1617//3149 
f 1620//3150 1622//3150 1617//3150 
f 1616//3151 1622//3151 1615//3151 
f 1617//3152 1622//3152 1616//3152 
f 1621//3153 1622//3153 1620//3153 
f 1615//3154 1622//3154 1610//3154 
f 1622//3155 1623//3155 1610//3155 
f 1610//3156 1623//3156 1601//3156 
f 1624//3157 1625//3157 1623//3157 
f 1626//3158 1627//3158 1625//3158 
f 1625//3159 1627//3159 1623//3159 
f 1600//3160 1541//3160 1599//3160 
f 1601//3161 1656//3161 1600//3161 
f 1600//3162 1656//3162 1541//3162 
f 1627//3163 1629//3163 1623//3163 
f 1628//3164 1629//3164 1627//3164 
f 1623//3165 1631//3165 1601//3165 
f 1629//3166 1631//3166 1623//3166 
f 1630//3167 1631//3167 1629//3167 
f 1601//3168 1631//3168 1656//3168 
f 1654//3169 1652//3169 1653//3169 
f 1655//3170 1652//3170 1654//3170 
f 1656//3171 1652//3171 1655//3171 
f 1632//3172 1633//3172 1631//3172 
f 1656//3173 1651//3173 1652//3173 
f 1633//3174 1634//3174 1631//3174 
f 1634//3175 1635//3175 1631//3175 
f 1656//3176 1649//3176 1651//3176 
f 1651//3177 1649//3177 1650//3177 
f 1635//3178 1636//3178 1631//3178 
f 1656//3179 1648//3179 1649//3179 
f 1631//3180 1637//3180 1656//3180 
f 1636//3181 1637//3181 1631//3181 
f 1638//3182 1639//3182 1637//3182 
f 1647//3183 1645//3183 1646//3183 
f 1639//3184 1640//3184 1637//3184 
f 1648//3185 1644//3185 1647//3185 
f 1647//3186 1644//3186 1645//3186 
f 1637//3187 1642//3187 1656//3187 
f 1641//3188 1642//3188 1640//3188 
f 1644//3189 1642//3189 1643//3189 
f 1656//3190 1642//3190 1648//3190 
f 1648//3191 1642//3191 1644//3191 
f 1640//3192 1642//3192 1637//3192 
f 94//3193 92//3193 89//3193 
f 86//3194 89//3194 88//3194 
f 100//3195 98//3195 96//3195 
f 80//3196 86//3196 84//3196 
f 80//3197 84//3197 82//3197 
f 80//3198 89//3198 86//3198 
f 104//3199 102//3199 100//3199 
f 74//3200 80//3200 78//3200 
f 74//3201 78//3201 75//3201 
f 107//3202 106//3202 104//3202 
f 70//3203 74//3203 71//3203 
f 70//3204 80//3204 74//3204 
f 114//3205 112//3205 110//3205 
f 114//3206 110//3206 107//3206 
f 63//3207 80//3207 70//3207 
f 63//3208 70//3208 67//3208 
f 63//3209 67//3209 65//3209 
f 63//3210 89//3210 80//3210 
f 120//3211 118//3211 116//3211 
f 120//3212 116//3212 114//3212 
f 120//3213 107//3213 104//3213 
f 120//3214 114//3214 107//3214 
f 59//3215 63//3215 61//3215 
f 53//3216 63//3216 59//3216 
f 53//3217 59//3217 57//3217 
f 53//3218 57//3218 55//3218 
f 49//3219 53//3219 51//3219 
f 47//3220 89//3220 63//3220 
f 47//3221 53//3221 49//3221 
f 47//3222 63//3222 53//3222 
f 41//3223 47//3223 45//3223 
f 41//3224 45//3224 43//3224 
f 39//3225 89//3225 47//3225 
f 39//3226 47//3226 41//3226 
f 33//3227 89//3227 39//3227 
f 33//3228 39//3228 37//3228 
f 33//3229 37//3229 35//3229 
f 29//3230 89//3230 33//3230 
f 29//3231 33//3231 31//3231 
f 25//3232 29//3232 27//3232 
f 21//3233 96//3233 94//3233 
f 21//3234 29//3234 25//3234 
f 21//3235 120//3235 104//3235 
f 21//3236 89//3236 29//3236 
f 21//3237 25//3237 23//3237 
f 21//3238 94//3238 89//3238 
f 21//3239 100//3239 96//3239 
f 21//3240 104//3240 100//3240 
f 17//3241 21//3241 19//3241 
f 15//3242 21//3242 17//3242 
f 13//3243 21//3243 15//3243 
f 9//3244 13//3244 11//3244 
f 9//3245 21//3245 13//3245 
f 7//3246 21//3246 9//3246 
f 3//3247 7//3247 5//3247 
f 3//3248 120//3248 21//3248 
f 3//3249 21//3249 7//3249 
f 2//3250 120//3250 3//3250 
f 124//3251 122//3251 120//3251 
f 126//3252 124//3252 120//3252 
f 128//3253 126//3253 120//3253 
f 134//3254 132//3254 130//3254 
f 136//3255 130//3255 128//3255 
f 136//3256 128//3256 120//3256 
f 136//3257 134//3257 130//3257 
f 140//3258 138//3258 136//3258 
f 146//3259 144//3259 142//3259 
f 146//3260 142//3260 140//3260 
f 152//3261 150//3261 148//3261 
f 155//3262 154//3262 152//3262 
f 166//3263 163//3263 162//3263 
f 166//3264 162//3264 160//3264 
f 166//3265 160//3265 158//3265 
f 167//3266 166//3266 158//3266 
f 172//3267 169//3267 167//3267 
f 179//3268 177//3268 175//3268 
f 179//3269 175//3269 173//3269 
f 236//3270 120//3270 2//3270 
f 183//3271 181//3271 179//3271 
f 231//3272 236//3272 234//3272 
f 187//3273 185//3273 183//3273 
f 187//3274 183//3274 179//3274 
f 227//3275 231//3275 230//3275 
f 227//3276 236//3276 231//3276 
f 227//3277 120//3277 236//3277 
f 189//3278 187//3278 179//3278 
f 225//3279 120//3279 227//3279 
f 191//3280 172//3280 167//3280 
f 191//3281 179//3281 173//3281 
f 191//3282 189//3282 179//3282 
f 191//3283 173//3283 172//3283 
f 191//3284 158//3284 155//3284 
f 191//3285 155//3285 152//3285 
f 191//3286 167//3286 158//3286 
f 219//3287 223//3287 221//3287 
f 217//3288 225//3288 223//3288 
f 217//3289 120//3289 225//3289 
f 217//3290 223//3290 219//3290 
f 217//3291 148//3291 146//3291 
f 217//3292 136//3292 120//3292 
f 217//3293 140//3293 136//3293 
f 217//3294 146//3294 140//3294 
f 200//3295 197//3295 196//3295 
f 200//3296 196//3296 193//3296 
f 200//3297 193//3297 191//3297 
f 213//3298 217//3298 215//3298 
f 203//3299 201//3299 200//3299 
f 203//3300 200//3300 191//3300 
f 212//3301 217//3301 213//3301 
f 209//3302 191//3302 152//3302 
f 209//3303 148//3303 217//3303 
f 209//3304 217//3304 212//3304 
f 209//3305 152//3305 148//3305 
f 207//3306 205//3306 203//3306 
f 207//3307 203//3307 191//3307 
f 207//3308 191//3308 209//3308 
f 1657//3309 1658//3309 1659//3309 
f 1659//3310 1658//3310 1660//3310 
f 1660//3311 1661//3311 1662//3311 
f 1658//3312 1661//3312 1660//3312 
f 1662//3313 1663//3313 1664//3313 
f 1661//3314 1663//3314 1662//3314 
f 1664//3315 1665//3315 1666//3315 
f 1663//3316 1665//3316 1664//3316 
f 1666//3317 1667//3317 1668//3317 
f 1665//3318 1667//3318 1666//3318 
f 1668//3319 1669//3319 1670//3319 
f 1667//3320 1669//3320 1668//3320 
f 1670//3321 1671//3321 1672//3321 
f 1669//3322 1671//3322 1670//3322 
f 1672//3323 1673//3323 1674//3323 
f 1671//3324 1673//3324 1672//3324 
f 1674//3325 1675//3325 1676//3325 
f 1673//3326 1675//3326 1674//3326 
f 1676//3327 1677//3327 1678//3327 
f 1675//3328 1677//3328 1676//3328 
f 1678//3329 1679//3329 1680//3329 
f 1677//3330 1679//3330 1678//3330 
f 1679//3331 1681//3331 1680//3331 
f 1680//3332 1681//3332 1682//3332 
f 1681//3333 1683//3333 1682//3333 
f 1682//3334 1683//3334 1684//3334 
f 1683//3335 1685//3335 1684//3335 
f 1684//3336 1685//3336 1686//3336 
f 1685//3337 1687//3337 1686//3337 
f 1686//3338 1687//3338 1688//3338 
f 1687//3339 1689//3339 1688//3339 
f 1688//3340 1689//3340 1690//3340 
f 1690//3341 1691//3341 1692//3341 
f 1689//3342 1691//3342 1690//3342 
f 1692//3343 1693//3343 1694//3343 
f 1691//3344 1693//3344 1692//3344 
f 1694//3345 1695//3345 1696//3345 
f 1693//3346 1695//3346 1694//3346 
f 1696//3347 1697//3347 1698//3347 
f 1695//3348 1697//3348 1696//3348 
f 1698//3349 1699//3349 1700//3349 
f 1697//3350 1699//3350 1698//3350 
f 1700//3351 1701//3351 1702//3351 
f 1699//3352 1701//3352 1700//3352 
f 1702//3353 1703//3353 1704//3353 
f 1701//3354 1703//3354 1702//3354 
f 1704//3355 1705//3355 1706//3355 
f 1703//3356 1705//3356 1704//3356 
f 1706//3357 1707//3357 1708//3357 
f 1705//3358 1707//3358 1706//3358 
f 1707//3359 1709//3359 1708//3359 
f 1708//3360 1709//3360 1710//3360 
f 1710//3361 1711//3361 1712//3361 
f 1709//3362 1711//3362 1710//3362 
f 1712//3363 1713//3363 1714//3363 
f 1711//3364 1713//3364 1712//3364 
f 1714//3365 1715//3365 1716//3365 
f 1713//3366 1715//3366 1714//3366 
f 1716//3367 1717//3367 1718//3367 
f 1715//3368 1717//3368 1716//3368 
f 1718//3369 1719//3369 1720//3369 
f 1717//3370 1719//3370 1718//3370 
f 1720//3371 1721//3371 1722//3371 
f 1719//3372 1721//3372 1720//3372 
f 1722//3373 1723//3373 1724//3373 
f 1721//3374 1723//3374 1722//3374 
f 1724//3375 1725//3375 1726//3375 
f 1723//3376 1725//3376 1724//3376 
f 1726//3377 1727//3377 1728//3377 
f 1725//3378 1727//3378 1726//3378 
f 1728//3379 1729//3379 1730//3379 
f 1727//3380 1729//3380 1728//3380 
f 1729//3381 1731//3381 1730//3381 
f 1730//3382 1731//3382 1732//3382 
f 1731//3383 1733//3383 1732//3383 
f 1732//3384 1733//3384 1734//3384 
f 1733//3385 1735//3385 1734//3385 
f 1734//3386 1735//3386 1736//3386 
f 1735//3387 1737//3387 1736//3387 
f 1736//3388 1737//3388 1738//3388 
f 1737//3389 1739//3389 1738//3389 
f 1738//3390 1739//3390 1740//3390 
f 1740//3391 1739//3391 1741//3391 
f 1739//3392 1742//3392 1741//3392 
f 1741//3393 1743//3393 1744//3393 
f 1742//3394 1743//3394 1741//3394 
f 1744//3395 1745//3395 1746//3395 
f 1743//3396 1745//3396 1744//3396 
f 1746//3397 1747//3397 1748//3397 
f 1745//3398 1747//3398 1746//3398 
f 1748//3399 1749//3399 1750//3399 
f 1747//3400 1749//3400 1748//3400 
f 1750//3401 1751//3401 1752//3401 
f 1752//3402 1751//3402 1753//3402 
f 1749//3403 1751//3403 1750//3403 
f 1751//3404 1754//3404 1753//3404 
f 1753//3405 1755//3405 1756//3405 
f 1754//3406 1755//3406 1753//3406 
f 1756//3407 1657//3407 1659//3407 
f 1755//3408 1657//3408 1756//3408 
f 1757//3409 1758//3409 1759//3409 
f 1757//3410 1759//3410 1760//3410 
f 1760//3411 1759//3411 1761//3411 
f 1760//3412 1761//3412 1762//3412 
f 1762//3413 1761//3413 1763//3413 
f 1762//3414 1763//3414 1764//3414 
f 1764//3415 1763//3415 1765//3415 
f 1764//3416 1765//3416 1766//3416 
f 1767//3417 1765//3417 1768//3417 
f 1766//3418 1765//3418 1767//3418 
f 1767//3419 1768//3419 1758//3419 
f 1767//3420 1758//3420 1757//3420 
f 1696//3421 1766//3421 1767//3421 
f 1694//3422 1696//3422 1767//3422 
f 1698//3423 1766//3423 1696//3423 
f 1692//3424 1694//3424 1767//3424 
f 1700//3425 1766//3425 1698//3425 
f 1690//3426 1692//3426 1767//3426 
f 1702//3427 1766//3427 1700//3427 
f 1688//3428 1690//3428 1767//3428 
f 1704//3429 1766//3429 1702//3429 
f 1686//3430 1688//3430 1767//3430 
f 1706//3431 1766//3431 1704//3431 
f 1684//3432 1686//3432 1767//3432 
f 1708//3433 1766//3433 1706//3433 
f 1682//3434 1684//3434 1767//3434 
f 1710//3435 1766//3435 1708//3435 
f 1712//3436 1766//3436 1710//3436 
f 1757//3437 1678//3437 1680//3437 
f 1757//3438 1680//3438 1682//3438 
f 1757//3439 1682//3439 1767//3439 
f 1676//3440 1678//3440 1757//3440 
f 1674//3441 1676//3441 1757//3441 
f 1672//3442 1674//3442 1757//3442 
f 1670//3443 1672//3443 1757//3443 
f 1760//3444 1670//3444 1757//3444 
f 1760//3445 1664//3445 1666//3445 
f 1760//3446 1666//3446 1668//3446 
f 1760//3447 1668//3447 1670//3447 
f 1662//3448 1664//3448 1760//3448 
f 1660//3449 1662//3449 1760//3449 
f 1659//3450 1660//3450 1760//3450 
f 1756//3451 1659//3451 1760//3451 
f 1753//3452 1756//3452 1760//3452 
f 1764//3453 1712//3453 1714//3453 
f 1764//3454 1714//3454 1716//3454 
f 1764//3455 1716//3455 1718//3455 
f 1764//3456 1718//3456 1720//3456 
f 1764//3457 1720//3457 1722//3457 
f 1764//3458 1722//3458 1724//3458 
f 1764//3459 1724//3459 1726//3459 
f 1764//3460 1726//3460 1728//3460 
f 1764//3461 1728//3461 1730//3461 
f 1764//3462 1730//3462 1732//3462 
f 1764//3463 1732//3463 1734//3463 
f 1764//3464 1766//3464 1712//3464 
f 1762//3465 1753//3465 1760//3465 
f 1762//3466 1734//3466 1736//3466 
f 1762//3467 1736//3467 1738//3467 
f 1762//3468 1738//3468 1740//3468 
f 1762//3469 1740//3469 1741//3469 
f 1762//3470 1741//3470 1744//3470 
f 1762//3471 1764//3471 1734//3471 
f 1762//3472 1744//3472 1746//3472 
f 1762//3473 1746//3473 1748//3473 
f 1762//3474 1748//3474 1750//3474 
f 1762//3475 1750//3475 1752//3475 
f 1762//3476 1752//3476 1753//3476 
f 1669//3477 1759//3477 1758//3477 
f 1671//3478 1669//3478 1758//3478 
f 1667//3479 1759//3479 1669//3479 
f 1673//3480 1671//3480 1758//3480 
f 1665//3481 1759//3481 1667//3481 
f 1675//3482 1673//3482 1758//3482 
f 1663//3483 1759//3483 1665//3483 
f 1677//3484 1675//3484 1758//3484 
f 1661//3485 1759//3485 1663//3485 
f 1679//3486 1677//3486 1758//3486 
f 1658//3487 1759//3487 1661//3487 
f 1681//3488 1679//3488 1758//3488 
f 1657//3489 1759//3489 1658//3489 
f 1755//3490 1759//3490 1657//3490 
f 1754//3491 1759//3491 1755//3491 
f 1768//3492 1687//3492 1685//3492 
f 1768//3493 1685//3493 1683//3493 
f 1768//3494 1683//3494 1681//3494 
f 1768//3495 1681//3495 1758//3495 
f 1689//3496 1687//3496 1768//3496 
f 1691//3497 1689//3497 1768//3497 
f 1693//3498 1691//3498 1768//3498 
f 1695//3499 1693//3499 1768//3499 
f 1765//3500 1695//3500 1768//3500 
f 1765//3501 1701//3501 1699//3501 
f 1765//3502 1699//3502 1697//3502 
f 1765//3503 1697//3503 1695//3503 
f 1703//3504 1701//3504 1765//3504 
f 1705//3505 1703//3505 1765//3505 
f 1707//3506 1705//3506 1765//3506 
f 1709//3507 1707//3507 1765//3507 
f 1711//3508 1709//3508 1765//3508 
f 1761//3509 1754//3509 1751//3509 
f 1761//3510 1751//3510 1749//3510 
f 1761//3511 1749//3511 1747//3511 
f 1761//3512 1747//3512 1745//3512 
f 1761//3513 1745//3513 1743//3513 
f 1761//3514 1743//3514 1742//3514 
f 1761//3515 1742//3515 1739//3515 
f 1761//3516 1739//3516 1737//3516 
f 1761//3517 1737//3517 1735//3517 
f 1761//3518 1735//3518 1733//3518 
f 1761//3519 1759//3519 1754//3519 
f 1763//3520 1733//3520 1731//3520 
f 1763//3521 1731//3521 1729//3521 
f 1763//3522 1729//3522 1727//3522 
f 1763//3523 1727//3523 1725//3523 
f 1763//3524 1725//3524 1723//3524 
f 1763//3525 1723//3525 1721//3525 
f 1763//3526 1721//3526 1719//3526 
f 1763//3527 1719//3527 1717//3527 
f 1763//3528 1717//3528 1715//3528 
f 1763//3529 1715//3529 1713//3529 
f 1763//3530 1713//3530 1711//3530 
f 1763//3531 1711//3531 1765//3531 
f 1763//3532 1761//3532 1733//3532 
f 1769//3533 1770//3533 1771//3533 
f 1769//3534 1771//3534 1772//3534 
f 1769//3535 1772//3535 1773//3535 
f 1769//3536 1774//3536 1775//3536 
f 1769//3537 1773//3537 1776//3537 
f 1769//3538 1776//3538 1774//3538 
f 1777//3539 1770//3539 1769//3539 
f 1777//3540 1769//3540 1775//3540 
f 1778//3541 1770//3541 1777//3541 
f 1778//3542 1779//3542 1780//3542 
f 1778//3543 1780//3543 1770//3543 
f 1781//3544 1782//3544 1779//3544 
f 1781//3545 1775//3545 1782//3545 
f 1781//3546 1777//3546 1775//3546 
f 1781//3547 1778//3547 1777//3547 
f 1781//3548 1779//3548 1778//3548 
f 1783//3549 1784//3549 1785//3549 
f 1783//3550 1786//3550 1784//3550 
f 1783//3551 1787//3551 1788//3551 
f 1783//3552 1788//3552 1789//3552 
f 1783//3553 1785//3553 1787//3553 
f 1783//3554 1790//3554 1786//3554 
f 1791//3555 1783//3555 1789//3555 
f 1791//3556 1792//3556 1790//3556 
f 1791//3557 1790//3557 1783//3557 
f 1793//3558 1794//3558 1792//3558 
f 1793//3559 1792//3559 1791//3559 
f 1793//3560 1795//3560 1794//3560 
f 1793//3561 1791//3561 1795//3561 
f 1796//3562 1797//3562 1798//3562 
f 1796//3563 1798//3563 1799//3563 
f 1796//3564 1799//3564 1800//3564 
f 1796//3565 1801//3565 1802//3565 
f 1796//3566 1800//3566 1801//3566 
f 1796//3567 1802//3567 1797//3567 
f 1803//3568 1804//3568 1805//3568 
f 1803//3569 1805//3569 1806//3569 
f 1807//3570 1808//3570 1809//3570 
f 1807//3571 1809//3571 1810//3571 
f 1807//3572 1810//3572 1804//3572 
f 1811//3573 1812//3573 1808//3573 
f 1811//3574 1808//3574 1807//3574 
f 1813//3575 1814//3575 1815//3575 
f 1813//3576 1816//3576 1814//3576 
f 1813//3577 1817//3577 1816//3577 
f 1813//3578 1818//3578 1817//3578 
f 1813//3579 1815//3579 1818//3579 
f 1819//3580 1820//3580 1821//3580 
f 1819//3581 1821//3581 1812//3581 
f 1822//3582 1823//3582 1824//3582 
f 1822//3583 1825//3583 1823//3583 
f 1822//3584 1826//3584 1825//3584 
f 1822//3585 1824//3585 1826//3585 
f 1827//3586 1828//3586 1829//3586 
f 1827//3587 1830//3587 1831//3587 
f 1827//3588 1829//3588 1832//3588 
f 1827//3589 1831//3589 1828//3589 
f 1827//3590 1832//3590 1830//3590 
f 1833//3591 1834//3591 1835//3591 
f 1833//3592 1835//3592 1836//3592 
f 1833//3593 1837//3593 1838//3593 
f 1833//3594 1838//3594 1839//3594 
f 1833//3595 1840//3595 1841//3595 
f 1833//3596 1842//3596 1834//3596 
f 1833//3597 1839//3597 1840//3597 
f 1833//3598 1841//3598 1842//3598 
f 1843//3599 1844//3599 1837//3599 
f 1843//3600 1845//3600 1844//3600 
f 1843//3601 1846//3601 1847//3601 
f 1843//3602 1847//3602 1845//3602 
f 1848//3603 1812//3603 1811//3603 
f 1848//3604 1811//3604 1807//3604 
f 1849//3605 1789//3605 1837//3605 
f 1849//3606 1819//3606 1812//3606 
f 1849//3607 1812//3607 1848//3607 
f 1850//3608 1833//3608 1836//3608 
f 1850//3609 1836//3609 1851//3609 
f 1850//3610 1851//3610 1852//3610 
f 1850//3611 1837//3611 1833//3611 
f 1850//3612 1849//3612 1837//3612 
f 1853//3613 1846//3613 1843//3613 
f 1853//3614 1854//3614 1855//3614 
f 1853//3615 1856//3615 1857//3615 
f 1853//3616 1855//3616 1856//3616 
f 1853//3617 1857//3617 1846//3617 
f 1858//3618 1854//3618 1853//3618 
f 1858//3619 1859//3619 1854//3619 
f 1858//3620 1860//3620 1859//3620 
f 1858//3621 1853//3621 1843//3621 
f 1861//3622 1837//3622 1862//3622 
f 1861//3623 1858//3623 1843//3623 
f 1861//3624 1860//3624 1858//3624 
f 1861//3625 1863//3625 1864//3625 
f 1861//3626 1865//3626 1863//3626 
f 1861//3627 1864//3627 1860//3627 
f 1861//3628 1843//3628 1837//3628 
f 1861//3629 1862//3629 1865//3629 
f 1866//3630 1867//3630 1868//3630 
f 1866//3631 1868//3631 1795//3631 
f 1866//3632 1806//3632 1867//3632 
f 1866//3633 1795//3633 1791//3633 
f 1869//3634 1789//3634 1849//3634 
f 1869//3635 1806//3635 1866//3635 
f 1869//3636 1866//3636 1791//3636 
f 1869//3637 1791//3637 1789//3637 
f 1870//3638 1869//3638 1849//3638 
f 1870//3639 1848//3639 1807//3639 
f 1870//3640 1807//3640 1804//3640 
f 1870//3641 1849//3641 1848//3641 
f 1870//3642 1806//3642 1869//3642 
f 1870//3643 1804//3643 1803//3643 
f 1870//3644 1803//3644 1806//3644 
f 1871//3645 1849//3645 1850//3645 
f 1871//3646 1850//3646 1852//3646 
f 1871//3647 1819//3647 1849//3647 
f 1871//3648 1872//3648 1820//3648 
f 1871//3649 1820//3649 1819//3649 
f 1871//3650 1852//3650 1872//3650 
f 1873//3651 1874//3651 1875//3651 
f 1876//3652 1873//3652 1875//3652 
f 1877//3653 1873//3653 1876//3653 
f 1877//3654 1876//3654 1878//3654 
f 1879//3655 1878//3655 1880//3655 
f 1879//3656 1881//3656 1877//3656 
f 1879//3657 1877//3657 1878//3657 
f 1882//3658 1880//3658 1883//3658 
f 1882//3659 1879//3659 1880//3659 
f 1884//3660 1882//3660 1883//3660 
f 1885//3661 1884//3661 1886//3661 
f 1885//3662 1882//3662 1884//3662 
f 1887//3663 1888//3663 1889//3663 
f 1887//3664 1885//3664 1886//3664 
f 1887//3665 1889//3665 1885//3665 
f 1890//3666 1891//3666 1892//3666 
f 1890//3667 1892//3667 1893//3667 
f 1894//3668 1888//3668 1887//3668 
f 1894//3669 1895//3669 1888//3669 
f 1896//3670 1897//3670 1898//3670 
f 1899//3671 1896//3671 1898//3671 
f 1899//3672 1898//3672 1900//3672 
f 1901//3673 1889//3673 1888//3673 
f 1902//3674 1900//3674 1903//3674 
f 1904//3675 1905//3675 1906//3675 
f 1907//3676 1901//3676 1888//3676 
f 1907//3677 1908//3677 1901//3677 
f 1907//3678 1888//3678 1895//3678 
f 1909//3679 1910//3679 1911//3679 
f 1818//3680 1895//3680 1912//3680 
f 1913//3681 1909//3681 1911//3681 
f 1914//3682 1915//3682 1916//3682 
f 1917//3683 1818//3683 1912//3683 
f 1918//3684 1919//3684 1920//3684 
f 1918//3685 1920//3685 1921//3685 
f 1918//3686 1922//3686 1923//3686 
f 1924//3687 1925//3687 1919//3687 
f 1924//3688 1926//3688 1925//3688 
f 1924//3689 1923//3689 1927//3689 
f 1924//3690 1918//3690 1923//3690 
f 1924//3691 1919//3691 1918//3691 
f 1928//3692 1929//3692 1926//3692 
f 1928//3693 1927//3693 1816//3693 
f 1928//3694 1926//3694 1924//3694 
f 1928//3695 1924//3695 1927//3695 
f 1930//3696 1931//3696 1932//3696 
f 1933//3697 1934//3697 1932//3697 
f 1933//3698 1932//3698 1931//3698 
f 1935//3699 1936//3699 1929//3699 
f 1935//3700 1816//3700 1817//3700 
f 1935//3701 1929//3701 1928//3701 
f 1935//3702 1928//3702 1816//3702 
f 1937//3703 1938//3703 1824//3703 
f 1937//3704 1824//3704 1823//3704 
f 1939//3705 1940//3705 1936//3705 
f 1939//3706 1941//3706 1940//3706 
f 1939//3707 1817//3707 1934//3707 
f 1939//3708 1936//3708 1935//3708 
f 1939//3709 1935//3709 1817//3709 
f 1832//3710 1942//3710 1826//3710 
f 1832//3711 1943//3711 1942//3711 
f 1944//3712 1931//3712 1930//3712 
f 1944//3713 1930//3713 1945//3713 
f 1946//3714 1941//3714 1939//3714 
f 1946//3715 1947//3715 1941//3715 
f 1946//3716 1934//3716 1933//3716 
f 1946//3717 1939//3717 1934//3717 
f 1948//3718 1938//3718 1937//3718 
f 1948//3719 1937//3719 1949//3719 
f 1948//3720 1949//3720 1950//3720 
f 1951//3721 1952//3721 1947//3721 
f 1951//3722 1933//3722 1931//3722 
f 1951//3723 1947//3723 1946//3723 
f 1951//3724 1946//3724 1933//3724 
f 1953//3725 1826//3725 1824//3725 
f 1954//3726 1948//3726 1950//3726 
f 1954//3727 1950//3727 1955//3727 
f 1956//3728 1954//3728 1955//3728 
f 1957//3729 1824//3729 1938//3729 
f 1957//3730 1953//3730 1824//3730 
f 1958//3731 1951//3731 1931//3731 
f 1958//3732 1959//3732 1952//3732 
f 1958//3733 1931//3733 1944//3733 
f 1958//3734 1952//3734 1951//3734 
f 1960//3735 1958//3735 1944//3735 
f 1960//3736 1961//3736 1959//3736 
f 1960//3737 1962//3737 1961//3737 
f 1960//3738 1959//3738 1958//3738 
f 1960//3739 1944//3739 1945//3739 
f 1963//3740 1954//3740 1956//3740 
f 1963//3741 1956//3741 1964//3741 
f 1965//3742 1953//3742 1957//3742 
f 1966//3743 1962//3743 1960//3743 
f 1966//3744 1960//3744 1945//3744 
f 1966//3745 1967//3745 1962//3745 
f 1966//3746 1945//3746 1829//3746 
f 1968//3747 1964//3747 1969//3747 
f 1968//3748 1963//3748 1964//3748 
f 1968//3749 1970//3749 1963//3749 
f 1971//3750 1829//3750 1828//3750 
f 1971//3751 1966//3751 1829//3751 
f 1971//3752 1972//3752 1967//3752 
f 1971//3753 1967//3753 1966//3753 
f 1973//3754 1968//3754 1969//3754 
f 1973//3755 1969//3755 1974//3755 
f 1975//3756 1973//3756 1974//3756 
f 1976//3757 1828//3757 1977//3757 
f 1976//3758 1978//3758 1972//3758 
f 1976//3759 1972//3759 1971//3759 
f 1976//3760 1971//3760 1828//3760 
f 1979//3761 1980//3761 1978//3761 
f 1979//3762 1977//3762 1981//3762 
f 1979//3763 1978//3763 1976//3763 
f 1979//3764 1976//3764 1977//3764 
f 1982//3765 1983//3765 1980//3765 
f 1982//3766 1984//3766 1983//3766 
f 1982//3767 1981//3767 1985//3767 
f 1982//3768 1980//3768 1979//3768 
f 1982//3769 1979//3769 1981//3769 
f 1986//3770 1984//3770 1982//3770 
f 1987//3771 1988//3771 1989//3771 
f 1990//3772 1991//3772 1992//3772 
f 1993//3773 1987//3773 1989//3773 
f 1994//3774 1995//3774 1996//3774 
f 1997//3775 1994//3775 1998//3775 
f 1999//3776 1998//3776 2000//3776 
f 1771//3777 1999//3777 2001//3777 
f 1772//3778 2001//3778 2002//3778 
f 1772//3779 2002//3779 2003//3779 
f 1772//3780 1771//3780 2001//3780 
f 1773//3781 1772//3781 2003//3781 
f 2004//3782 2005//3782 2006//3782 
f 2007//3783 2004//3783 2006//3783 
f 2008//3784 1789//3784 2005//3784 
f 2008//3785 2005//3785 2004//3785 
f 2009//3786 2004//3786 1874//3786 
f 2009//3787 2008//3787 2004//3787 
f 2010//3788 1874//3788 2004//3788 
f 2010//3789 1875//3789 1874//3789 
f 2010//3790 2004//3790 2007//3790 
f 2010//3791 2007//3791 2011//3791 
f 2012//3792 2011//3792 2013//3792 
f 2012//3793 1876//3793 1875//3793 
f 2012//3794 1875//3794 2010//3794 
f 2012//3795 2010//3795 2011//3795 
f 2014//3796 2013//3796 1784//3796 
f 2014//3797 2012//3797 2013//3797 
f 2014//3798 1876//3798 2012//3798 
f 1797//3799 1789//3799 2008//3799 
f 1797//3800 2009//3800 1874//3800 
f 1797//3801 2008//3801 2009//3801 
f 1786//3802 2014//3802 1784//3802 
f 2015//3803 1876//3803 2014//3803 
f 2015//3804 2014//3804 1786//3804 
f 2015//3805 1878//3805 1876//3805 
f 2015//3806 1786//3806 1790//3806 
f 2016//3807 2017//3807 1797//3807 
f 2016//3808 2018//3808 2017//3808 
f 2016//3809 1874//3809 1873//3809 
f 2016//3810 2019//3810 2020//3810 
f 2016//3811 1797//3811 1874//3811 
f 2016//3812 2020//3812 2018//3812 
f 2021//3813 1880//3813 1878//3813 
f 2021//3814 2015//3814 1790//3814 
f 2021//3815 1878//3815 2015//3815 
f 2022//3816 1883//3816 1880//3816 
f 2022//3817 1880//3817 2021//3817 
f 2022//3818 2021//3818 1790//3818 
f 2023//3819 2019//3819 2016//3819 
f 2023//3820 1877//3820 1881//3820 
f 2023//3821 2016//3821 1873//3821 
f 2023//3822 1873//3822 1877//3822 
f 2024//3823 2020//3823 2019//3823 
f 2025//3824 2024//3824 2026//3824 
f 2027//3825 2026//3825 2024//3825 
f 2028//3826 2027//3826 1892//3826 
f 2028//3827 1892//3827 1891//3827 
f 2028//3828 2025//3828 2026//3828 
f 2028//3829 2026//3829 2027//3829 
f 2029//3830 1881//3830 1879//3830 
f 2029//3831 1879//3831 1882//3831 
f 1800//3832 1799//3832 2025//3832 
f 1800//3833 2028//3833 1891//3833 
f 1800//3834 2025//3834 2028//3834 
f 2030//3835 1801//3835 1800//3835 
f 2031//3836 1891//3836 2032//3836 
f 2031//3837 1800//3837 1891//3837 
f 2031//3838 2030//3838 1800//3838 
f 2033//3839 1885//3839 1889//3839 
f 2033//3840 1882//3840 1885//3840 
f 2033//3841 2029//3841 1882//3841 
f 2033//3842 2034//3842 2029//3842 
f 2035//3843 1801//3843 2030//3843 
f 2036//3844 1881//3844 2029//3844 
f 2036//3845 2034//3845 2037//3845 
f 2036//3846 1893//3846 1881//3846 
f 2036//3847 2029//3847 2034//3847 
f 2038//3848 2032//3848 1891//3848 
f 2038//3849 1890//3849 2039//3849 
f 2038//3850 1891//3850 1890//3850 
f 2040//3851 2041//3851 2042//3851 
f 2040//3852 2032//3852 2038//3852 
f 2043//3853 1890//3853 1893//3853 
f 2043//3854 2037//3854 2044//3854 
f 2043//3855 2036//3855 2037//3855 
f 2043//3856 1893//3856 2036//3856 
f 2045//3857 2041//3857 2040//3857 
f 2045//3858 2040//3858 2038//3858 
f 2046//3859 2047//3859 1903//3859 
f 2048//3860 2037//3860 2034//3860 
f 2048//3861 2034//3861 2033//3861 
f 2048//3862 2033//3862 1889//3862 
f 2049//3863 1897//3863 2050//3863 
f 2049//3864 1898//3864 1897//3864 
f 2049//3865 2050//3865 2051//3865 
f 2049//3866 2051//3866 2046//3866 
f 2052//3867 2038//3867 2039//3867 
f 2052//3868 2045//3868 2038//3868 
f 2052//3869 2041//3869 2045//3869 
f 2053//3870 2043//3870 2044//3870 
f 2053//3871 2039//3871 1890//3871 
f 2053//3872 1890//3872 2043//3872 
f 2054//3873 2041//3873 2052//3873 
f 2054//3874 2039//3874 2055//3874 
f 2054//3875 2055//3875 2056//3875 
f 2054//3876 2052//3876 2039//3876 
f 2054//3877 2056//3877 2041//3877 
f 2057//3878 2042//3878 2041//3878 
f 2057//3879 2047//3879 2042//3879 
f 2057//3880 1903//3880 2047//3880 
f 2058//3881 2048//3881 1889//3881 
f 2058//3882 2044//3882 2037//3882 
f 2058//3883 2037//3883 2048//3883 
f 2058//3884 1889//3884 1901//3884 
f 2058//3885 1901//3885 1908//3885 
f 2059//3886 2049//3886 2046//3886 
f 2059//3887 1900//3887 1898//3887 
f 2059//3888 1903//3888 1900//3888 
f 2059//3889 2046//3889 1903//3889 
f 2059//3890 1898//3890 2049//3890 
f 2060//3891 2053//3891 2044//3891 
f 2060//3892 2044//3892 2061//3892 
f 2062//3893 2063//3893 2051//3893 
f 2062//3894 2051//3894 2050//3894 
f 2064//3895 2050//3895 1897//3895 
f 2064//3896 1897//3896 1896//3896 
f 2064//3897 2062//3897 2050//3897 
f 2065//3898 2053//3898 2060//3898 
f 2065//3899 2060//3899 2061//3899 
f 2065//3900 2039//3900 2053//3900 
f 2066//3901 2067//3901 2063//3901 
f 2066//3902 2063//3902 2062//3902 
f 2068//3903 2057//3903 2041//3903 
f 2069//3904 1903//3904 2057//3904 
f 2069//3905 2057//3905 2068//3905 
f 2069//3906 1902//3906 1903//3906 
f 2069//3907 1906//3907 1905//3907 
f 2069//3908 1905//3908 1902//3908 
f 2070//3909 2065//3909 2061//3909 
f 2070//3910 2039//3910 2065//3910 
f 2070//3911 2055//3911 2039//3911 
f 2070//3912 2061//3912 2071//3912 
f 2070//3913 2071//3913 2072//3913 
f 2070//3914 2072//3914 2055//3914 
f 2073//3915 2044//3915 2058//3915 
f 2073//3916 2058//3916 1908//3916 
f 2073//3917 1922//3917 2071//3917 
f 2073//3918 2061//3918 2044//3918 
f 2073//3919 2071//3919 2061//3919 
f 2074//3920 1899//3920 1900//3920 
f 2074//3921 1900//3921 1902//3921 
f 2074//3922 1902//3922 2075//3922 
f 2076//3923 2056//3923 2055//3923 
f 2077//3924 2078//3924 2079//3924 
f 2077//3925 1899//3925 2074//3925 
f 2080//3926 2076//3926 2055//3926 
f 2081//3927 1895//3927 2082//3927 
f 2081//3928 1912//3928 1895//3928 
f 2081//3929 2082//3929 1805//3929 
f 2081//3930 1805//3930 1912//3930 
f 2083//3931 1904//3931 1906//3931 
f 2083//3932 1911//3932 1910//3932 
f 2083//3933 1910//3933 1904//3933 
f 2083//3934 1906//3934 2076//3934 
f 2083//3935 2076//3935 2080//3935 
f 2084//3936 1904//3936 2085//3936 
f 2084//3937 1905//3937 1904//3937 
f 2084//3938 1902//3938 1905//3938 
f 2084//3939 2075//3939 1902//3939 
f 2086//3940 2084//3940 2085//3940 
f 2086//3941 2075//3941 2084//3941 
f 2087//3942 1913//3942 1911//3942 
f 2087//3943 2072//3943 2071//3943 
f 2088//3944 2089//3944 2090//3944 
f 2088//3945 2075//3945 2086//3945 
f 2091//3946 2092//3946 2089//3946 
f 2091//3947 2089//3947 2088//3947 
f 2091//3948 2085//3948 2092//3948 
f 2091//3949 2086//3949 2085//3949 
f 2091//3950 2088//3950 2086//3950 
f 2093//3951 1805//3951 1809//3951 
f 2094//3952 1908//3952 1907//3952 
f 2094//3953 1816//3953 1927//3953 
f 1815//3954 1895//3954 1818//3954 
f 1815//3955 1907//3955 1895//3955 
f 1808//3956 2093//3956 1809//3956 
f 2095//3957 1808//3957 1942//3957 
f 2095//3958 2093//3958 1808//3958 
f 2095//3959 2096//3959 1912//3959 
f 2095//3960 1912//3960 1805//3960 
f 2095//3961 1942//3961 2096//3961 
f 2095//3962 1805//3962 2093//3962 
f 2097//3963 2085//3963 1904//3963 
f 2097//3964 1910//3964 1909//3964 
f 2097//3965 1909//3965 1914//3965 
f 2097//3966 1904//3966 1910//3966 
f 2098//3967 2097//3967 1914//3967 
f 2098//3968 2085//3968 2097//3968 
f 2099//3969 2100//3969 2092//3969 
f 2099//3970 2101//3970 2100//3970 
f 2099//3971 1916//3971 2101//3971 
f 2099//3972 2098//3972 1914//3972 
f 2099//3973 2085//3973 2098//3973 
f 2099//3974 1914//3974 1916//3974 
f 2099//3975 2092//3975 2085//3975 
f 2102//3976 1914//3976 1909//3976 
f 2102//3977 1920//3977 1915//3977 
f 2102//3978 1921//3978 1920//3978 
f 2102//3979 1913//3979 1921//3979 
f 2102//3980 1909//3980 1913//3980 
f 2102//3981 1915//3981 1914//3981 
f 2103//3982 1808//3982 1812//3982 
f 2104//3983 1818//3983 1917//3983 
f 2104//3984 1917//3984 2105//3984 
f 2106//3985 1917//3985 1912//3985 
f 2106//3986 1942//3986 1943//3986 
f 2106//3987 1912//3987 2096//3987 
f 2106//3988 2096//3988 1942//3988 
f 2107//3989 1932//3989 1934//3989 
f 2107//3990 1818//3990 2104//3990 
f 2107//3991 1817//3991 1818//3991 
f 2107//3992 1934//3992 1817//3992 
f 2108//3993 1932//3993 2107//3993 
f 2108//3994 2104//3994 2105//3994 
f 2108//3995 2107//3995 2104//3995 
f 2108//3996 2105//3996 1932//3996 
f 2109//3997 1917//3997 2106//3997 
f 2110//3998 1917//3998 2109//3998 
f 2110//3999 2105//3999 1917//3999 
f 2111//4000 2110//4000 2109//4000 
f 2112//4001 1826//4001 1942//4001 
f 2112//4002 1808//4002 2103//4002 
f 2112//4003 1942//4003 1808//4003 
f 2113//4004 2112//4004 2103//4004 
f 2113//4005 1826//4005 2112//4005 
f 2114//4006 2109//4006 2106//4006 
f 2114//4007 2106//4007 1943//4007 
f 2114//4008 1943//4008 2115//4008 
f 2114//4009 2111//4009 2109//4009 
f 2116//4010 2105//4010 2110//4010 
f 2116//4011 2110//4011 2111//4011 
f 2116//4012 1932//4012 2105//4012 
f 2116//4013 1930//4013 1932//4013 
f 2116//4014 2114//4014 2115//4014 
f 2116//4015 2111//4015 2114//4015 
f 2116//4016 2115//4016 1930//4016 
f 2117//4017 1930//4017 2115//4017 
f 2118//4018 2115//4018 1943//4018 
f 2118//4019 2117//4019 2115//4019 
f 2118//4020 1943//4020 1832//4020 
f 2119//4021 1829//4021 1945//4021 
f 2119//4022 1832//4022 1829//4022 
f 2119//4023 1930//4023 2117//4023 
f 2119//4024 2117//4024 2118//4024 
f 2119//4025 2118//4025 1832//4025 
f 2119//4026 1945//4026 1930//4026 
f 1830//4027 1826//4027 1953//4027 
f 1830//4028 1832//4028 1826//4028 
f 2120//4029 1956//4029 1955//4029 
f 2121//4030 1964//4030 1956//4030 
f 2121//4031 2120//4031 1834//4031 
f 2121//4032 1956//4032 2120//4032 
f 2122//4033 1948//4033 1954//4033 
f 2122//4034 1938//4034 1948//4034 
f 2123//4035 1969//4035 1964//4035 
f 2123//4036 2121//4036 1834//4036 
f 2123//4037 1834//4037 1842//4037 
f 2123//4038 1964//4038 2121//4038 
f 2124//4039 1969//4039 2123//4039 
f 2124//4040 2123//4040 1842//4040 
f 2124//4041 1842//4041 1841//4041 
f 2125//4042 2124//4042 1841//4042 
f 2126//4043 1953//4043 1965//4043 
f 2126//4044 1977//4044 1828//4044 
f 2127//4045 2128//4045 2129//4045 
f 2127//4046 2122//4046 2128//4046 
f 2127//4047 1938//4047 2122//4047 
f 2130//4048 1963//4048 1970//4048 
f 2130//4049 2128//4049 2122//4049 
f 2130//4050 2122//4050 1954//4050 
f 2130//4051 1954//4051 1963//4051 
f 2131//4052 1957//4052 1938//4052 
f 2131//4053 1938//4053 2127//4053 
f 2132//4054 1965//4054 1957//4054 
f 2132//4055 1957//4055 2131//4055 
f 2133//4056 2132//4056 2131//4056 
f 2134//4057 2125//4057 2135//4057 
f 2134//4058 1974//4058 1969//4058 
f 2134//4059 1969//4059 2124//4059 
f 2134//4060 2124//4060 2125//4060 
f 2136//4061 2131//4061 2127//4061 
f 2136//4062 2129//4062 2137//4062 
f 2136//4063 2133//4063 2131//4063 
f 2136//4064 2127//4064 2129//4064 
f 2138//4065 2135//4065 2139//4065 
f 2138//4066 1975//4066 1974//4066 
f 2138//4067 1974//4067 2134//4067 
f 2138//4068 2134//4068 2135//4068 
f 2140//4069 1965//4069 2132//4069 
f 2140//4070 2132//4070 2133//4070 
f 2140//4071 2136//4071 2137//4071 
f 2140//4072 2133//4072 2136//4072 
f 2140//4073 2141//4073 2142//4073 
f 2140//4074 2137//4074 2141//4074 
f 2140//4075 2142//4075 1985//4075 
f 2143//4076 2139//4076 2144//4076 
f 2143//4077 2138//4077 2139//4077 
f 2143//4078 1975//4078 2138//4078 
f 2145//4079 2143//4079 2144//4079 
f 2146//4080 2128//4080 2130//4080 
f 2146//4081 2130//4081 1970//4081 
f 2146//4082 1970//4082 2147//4082 
f 2146//4083 2129//4083 2128//4083 
f 2148//4084 2137//4084 2129//4084 
f 2148//4085 2146//4085 2147//4085 
f 2148//4086 2129//4086 2146//4086 
f 2148//4087 2147//4087 2149//4087 
f 2150//4088 1970//4088 1968//4088 
f 2150//4089 1968//4089 1973//4089 
f 2151//4090 1975//4090 2143//4090 
f 2152//4091 2141//4091 2137//4091 
f 1844//4092 2145//4092 1837//4092 
f 1844//4093 2143//4093 2145//4093 
f 1844//4094 2151//4094 2143//4094 
f 2153//4095 2148//4095 2149//4095 
f 2153//4096 2152//4096 2137//4096 
f 2153//4097 2137//4097 2148//4097 
f 2153//4098 2149//4098 2154//4098 
f 2155//4099 2141//4099 2152//4099 
f 2155//4100 2152//4100 2153//4100 
f 2155//4101 2153//4101 2154//4101 
f 2156//4102 2150//4102 1973//4102 
f 2156//4103 2157//4103 2150//4103 
f 2156//4104 1973//4104 1975//4104 
f 2156//4105 1857//4105 2157//4105 
f 2156//4106 1846//4106 1857//4106 
f 2158//4107 2142//4107 2141//4107 
f 2158//4108 2159//4108 2160//4108 
f 2158//4109 2155//4109 2154//4109 
f 2158//4110 2141//4110 2155//4110 
f 2158//4111 2154//4111 2159//4111 
f 2158//4112 2160//4112 2142//4112 
f 1856//4113 2157//4113 1857//4113 
f 2161//4114 2162//4114 2163//4114 
f 2161//4115 2149//4115 2147//4115 
f 2161//4116 2147//4116 2162//4116 
f 2164//4117 2165//4117 1856//4117 
f 1845//4118 2151//4118 1844//4118 
f 1845//4119 1975//4119 2151//4119 
f 1845//4120 2156//4120 1975//4120 
f 2166//4121 1989//4121 1988//4121 
f 2166//4122 2142//4122 2160//4122 
f 1847//4123 1846//4123 2156//4123 
f 1847//4124 2156//4124 1845//4124 
f 2167//4125 2163//4125 2162//4125 
f 2167//4126 2162//4126 2165//4126 
f 2167//4127 2165//4127 2164//4127 
f 2168//4128 2149//4128 2161//4128 
f 2168//4129 2154//4129 2149//4129 
f 1855//4130 2164//4130 1856//4130 
f 1855//4131 2167//4131 2164//4131 
f 2169//4132 2168//4132 2161//4132 
f 2170//4133 2169//4133 2161//4133 
f 2170//4134 2163//4134 2171//4134 
f 2170//4135 2161//4135 2163//4135 
f 2172//4136 2170//4136 2171//4136 
f 2172//4137 2169//4137 2170//4137 
f 2172//4138 2168//4138 2169//4138 
f 2173//4139 2168//4139 2172//4139 
f 2173//4140 2154//4140 2168//4140 
f 2174//4141 2173//4141 2175//4141 
f 2174//4142 2176//4142 2159//4142 
f 2174//4143 2175//4143 2176//4143 
f 2174//4144 2154//4144 2173//4144 
f 2174//4145 2159//4145 2154//4145 
f 2177//4146 2175//4146 2173//4146 
f 2177//4147 2173//4147 2172//4147 
f 2178//4148 1990//4148 1992//4148 
f 2178//4149 1992//4149 1984//4149 
f 2178//4150 1987//4150 1990//4150 
f 2178//4151 1988//4151 1987//4151 
f 2178//4152 1984//4152 1986//4152 
f 2178//4153 1986//4153 1988//4153 
f 2179//4154 2159//4154 2176//4154 
f 2179//4155 2180//4155 2159//4155 
f 2181//4156 2172//4156 2171//4156 
f 2181//4157 2175//4157 2177//4157 
f 2181//4158 2182//4158 2175//4158 
f 2181//4159 2177//4159 2172//4159 
f 2183//4160 2171//4160 2163//4160 
f 2184//4161 1996//4161 1995//4161 
f 2184//4162 1989//4162 2180//4162 
f 2184//4163 2179//4163 1996//4163 
f 2184//4164 2180//4164 2179//4164 
f 2184//4165 1995//4165 1993//4165 
f 2184//4166 1993//4166 1989//4166 
f 2185//4167 1855//4167 1854//4167 
f 2185//4168 1854//4168 1859//4168 
f 2185//4169 2163//4169 2167//4169 
f 2185//4170 2167//4170 1855//4170 
f 2185//4171 2183//4171 2163//4171 
f 2186//4172 2185//4172 1859//4172 
f 2186//4173 2183//4173 2185//4173 
f 2187//4174 1987//4174 1993//4174 
f 2187//4175 1995//4175 2188//4175 
f 2187//4176 1993//4176 1995//4176 
f 2187//4177 1990//4177 1987//4177 
f 2189//4178 2187//4178 2188//4178 
f 2189//4179 1990//4179 2187//4179 
f 2190//4180 2191//4180 2175//4180 
f 2190//4181 2175//4181 2182//4181 
f 2192//4182 1991//4182 1990//4182 
f 2192//4183 2188//4183 2193//4183 
f 2192//4184 2194//4184 1991//4184 
f 2192//4185 2195//4185 2194//4185 
f 2192//4186 2193//4186 2195//4186 
f 2192//4187 2189//4187 2188//4187 
f 2192//4188 1990//4188 2189//4188 
f 2196//4189 2186//4189 1859//4189 
f 2197//4190 1994//4190 1996//4190 
f 2197//4191 2191//4191 2190//4191 
f 2197//4192 2190//4192 2000//4192 
f 2197//4193 1998//4193 1994//4193 
f 2197//4194 2000//4194 1998//4194 
f 2198//4195 1995//4195 1994//4195 
f 2198//4196 2188//4196 1995//4196 
f 2198//4197 1994//4197 1997//4197 
f 2199//4198 1999//4198 2000//4198 
f 2199//4199 2001//4199 1999//4199 
f 2200//4200 2201//4200 2202//4200 
f 2200//4201 2198//4201 1997//4201 
f 2203//4202 2002//4202 2001//4202 
f 2203//4203 2003//4203 2002//4203 
f 2203//4204 2199//4204 2204//4204 
f 2203//4205 2204//4205 2205//4205 
f 2203//4206 2001//4206 2199//4206 
f 2206//4207 1999//4207 1771//4207 
f 2206//4208 1997//4208 1998//4208 
f 2206//4209 1998//4209 1999//4209 
f 2207//4210 1997//4210 2206//4210 
f 2207//4211 2206//4211 1771//4211 
f 1865//4212 2203//4212 2205//4212 
f 2208//4213 2003//4213 2203//4213 
f 2208//4214 1773//4214 2003//4214 
f 2208//4215 2203//4215 1865//4215 
f 1770//4216 1780//4216 2209//4216 
f 1770//4217 2207//4217 1771//4217 
f 1776//4218 1773//4218 2208//4218 
f 1774//4219 1776//4219 2208//4219 
f 1774//4220 1865//4220 1862//4220 
f 1774//4221 2208//4221 1865//4221 
f 1775//4222 1774//4222 1862//4222 
f 1775//4223 1862//4223 1782//4223 
f 2210//4224 2005//4224 1789//4224 
f 2210//4225 2006//4225 2005//4225 
f 2211//4226 2210//4226 1789//4226 
f 2211//4227 2006//4227 2210//4227 
f 2212//4228 2211//4228 1789//4228 
f 2213//4229 2006//4229 2211//4229 
f 2213//4230 2211//4230 2212//4230 
f 2213//4231 2007//4231 2006//4231 
f 1788//4232 2212//4232 1789//4232 
f 1788//4233 2213//4233 2212//4233 
f 2214//4234 2213//4234 1788//4234 
f 2214//4235 1788//4235 1787//4235 
f 2214//4236 2007//4236 2213//4236 
f 2214//4237 2011//4237 2007//4237 
f 2215//4238 2214//4238 1787//4238 
f 2215//4239 2013//4239 2011//4239 
f 2215//4240 2011//4240 2214//4240 
f 1785//4241 1784//4241 2013//4241 
f 1785//4242 2013//4242 2215//4242 
f 1785//4243 2215//4243 1787//4243 
f 1792//4244 2022//4244 1790//4244 
f 1798//4245 1797//4245 2017//4245 
f 1798//4246 2017//4246 2018//4246 
f 1798//4247 2025//4247 1799//4247 
f 1798//4248 2020//4248 2024//4248 
f 1798//4249 2024//4249 2025//4249 
f 1798//4250 2018//4250 2020//4250 
f 2216//4251 2022//4251 1792//4251 
f 2216//4252 1792//4252 1794//4252 
f 2216//4253 1883//4253 2022//4253 
f 2216//4254 1884//4254 1883//4254 
f 2217//4255 1892//4255 2027//4255 
f 2217//4256 1881//4256 1893//4256 
f 2217//4257 2023//4257 1881//4257 
f 2217//4258 2024//4258 2019//4258 
f 2217//4259 2027//4259 2024//4259 
f 2217//4260 1893//4260 1892//4260 
f 2217//4261 2019//4261 2023//4261 
f 2218//4262 1886//4262 1884//4262 
f 2218//4263 1884//4263 2216//4263 
f 2218//4264 2216//4264 1794//4264 
f 2218//4265 1794//4265 2219//4265 
f 1795//4266 2219//4266 1794//4266 
f 2220//4267 1886//4267 2218//4267 
f 2220//4268 2218//4268 2219//4268 
f 2220//4269 2219//4269 1795//4269 
f 1802//4270 2063//4270 1789//4270 
f 1802//4271 1801//4271 2035//4271 
f 1802//4272 1789//4272 1797//4272 
f 1868//4273 2220//4273 1795//4273 
f 2221//4274 2035//4274 2047//4274 
f 2221//4275 1802//4275 2035//4275 
f 2222//4276 1802//4276 2221//4276 
f 2222//4277 2063//4277 1802//4277 
f 2222//4278 2051//4278 2063//4278 
f 2223//4279 2047//4279 2035//4279 
f 2223//4280 2031//4280 2032//4280 
f 2223//4281 2030//4281 2031//4281 
f 2223//4282 2035//4282 2030//4282 
f 2224//4283 1867//4283 1894//4283 
f 2224//4284 1886//4284 2220//4284 
f 2224//4285 1887//4285 1886//4285 
f 2224//4286 1894//4286 1887//4286 
f 2224//4287 2220//4287 1868//4287 
f 2224//4288 1868//4288 1867//4288 
f 2225//4289 2222//4289 2221//4289 
f 2225//4290 2221//4290 2047//4290 
f 2226//4291 2047//4291 2046//4291 
f 2226//4292 2051//4292 2222//4292 
f 2226//4293 2225//4293 2047//4293 
f 2226//4294 2222//4294 2225//4294 
f 2226//4295 2046//4295 2051//4295 
f 2227//4296 2040//4296 2042//4296 
f 2227//4297 2042//4297 2047//4297 
f 2227//4298 2047//4298 2223//4298 
f 2227//4299 2223//4299 2032//4299 
f 2227//4300 2032//4300 2040//4300 
f 2228//4301 1894//4301 1867//4301 
f 2228//4302 1895//4302 1894//4302 
f 2228//4303 2082//4303 1895//4303 
f 2228//4304 1805//4304 2082//4304 
f 2228//4305 1867//4305 1806//4305 
f 2228//4306 1806//4306 1805//4306 
f 2229//4307 2062//4307 2064//4307 
f 2229//4308 2066//4308 2062//4308 
f 2229//4309 2064//4309 1896//4309 
f 2229//4310 1896//4310 1899//4310 
f 2230//4311 1899//4311 2077//4311 
f 2230//4312 2229//4312 1899//4312 
f 2231//4313 2069//4313 2068//4313 
f 2231//4314 1906//4314 2069//4314 
f 2231//4315 2076//4315 1906//4315 
f 2231//4316 2056//4316 2076//4316 
f 2231//4317 2041//4317 2056//4317 
f 2231//4318 2068//4318 2041//4318 
f 2232//4319 2066//4319 2229//4319 
f 2232//4320 2229//4320 2230//4320 
f 2232//4321 2230//4321 2077//4321 
f 2233//4322 2067//4322 2066//4322 
f 2233//4323 2066//4323 2232//4323 
f 1810//4324 1805//4324 1804//4324 
f 1810//4325 1809//4325 1805//4325 
f 2234//4326 2232//4326 2077//4326 
f 2234//4327 2079//4327 2067//4327 
f 2234//4328 2067//4328 2233//4328 
f 2234//4329 2233//4329 2232//4329 
f 2234//4330 2077//4330 2079//4330 
f 2235//4331 2074//4331 2075//4331 
f 2235//4332 2077//4332 2074//4332 
f 2236//4333 2235//4333 2075//4333 
f 2236//4334 2075//4334 2088//4334 
f 2237//4335 2077//4335 2235//4335 
f 2237//4336 2235//4336 2236//4336 
f 2238//4337 2087//4337 1911//4337 
f 2238//4338 2072//4338 2087//4338 
f 2238//4339 2080//4339 2055//4339 
f 2238//4340 1911//4340 2083//4340 
f 2238//4341 2055//4341 2072//4341 
f 2238//4342 2083//4342 2080//4342 
f 2239//4343 2078//4343 2077//4343 
f 2239//4344 2077//4344 2237//4344 
f 2240//4345 2090//4345 2078//4345 
f 2240//4346 2236//4346 2088//4346 
f 2240//4347 2237//4347 2236//4347 
f 2240//4348 2078//4348 2239//4348 
f 2240//4349 2239//4349 2237//4349 
f 2240//4350 2088//4350 2090//4350 
f 2241//4351 1913//4351 2087//4351 
f 2241//4352 1918//4352 1921//4352 
f 2241//4353 1922//4353 1918//4353 
f 2241//4354 1921//4354 1913//4354 
f 2241//4355 2071//4355 1922//4355 
f 2241//4356 2087//4356 2071//4356 
f 2242//4357 1927//4357 1923//4357 
f 2242//4358 2094//4358 1927//4358 
f 2242//4359 2073//4359 1908//4359 
f 2242//4360 1908//4360 2094//4360 
f 2242//4361 1923//4361 1922//4361 
f 2242//4362 1922//4362 2073//4362 
f 1814//4363 1907//4363 1815//4363 
f 1814//4364 2094//4364 1907//4364 
f 1814//4365 1816//4365 2094//4365 
f 2243//4366 2103//4366 1812//4366 
f 1821//4367 2243//4367 1812//4367 
f 1825//4368 2103//4368 2243//4368 
f 1825//4369 2243//4369 1821//4369 
f 1825//4370 2113//4370 2103//4370 
f 1825//4371 1826//4371 2113//4371 
f 2244//4372 1821//4372 1820//4372 
f 2244//4373 1823//4373 1825//4373 
f 2244//4374 1825//4374 1821//4374 
f 1872//4375 2244//4375 1820//4375 
f 2245//4376 2244//4376 1872//4376 
f 2245//4377 1823//4377 2244//4377 
f 2245//4378 1872//4378 1852//4378 
f 2245//4379 1937//4379 1823//4379 
f 2245//4380 1949//4380 1937//4380 
f 1851//4381 2245//4381 1852//4381 
f 1851//4382 1949//4382 2245//4382 
f 1851//4383 1950//4383 1949//4383 
f 1835//4384 1834//4384 2120//4384 
f 2246//4385 1851//4385 1836//4385 
f 2246//4386 1950//4386 1851//4386 
f 2246//4387 1836//4387 1835//4387 
f 2246//4388 1835//4388 2120//4388 
f 2246//4389 2120//4389 1955//4389 
f 2246//4390 1955//4390 1950//4390 
f 1831//4391 1830//4391 1953//4391 
f 1831//4392 1953//4392 2126//4392 
f 1831//4393 2126//4393 1828//4393 
f 1840//4394 2125//4394 1841//4394 
f 2247//4395 2135//4395 2125//4395 
f 2247//4396 2125//4396 1840//4396 
f 2247//4397 1840//4397 1839//4397 
f 2248//4398 2139//4398 2135//4398 
f 2248//4399 1839//4399 1838//4399 
f 2248//4400 2135//4400 2247//4400 
f 2248//4401 2247//4401 1839//4401 
f 2249//4402 1838//4402 1837//4402 
f 2250//4403 2144//4403 2139//4403 
f 2250//4404 2139//4404 2248//4404 
f 2250//4405 2248//4405 1838//4405 
f 2250//4406 1838//4406 2249//4406 
f 2251//4407 2249//4407 1837//4407 
f 2251//4408 2144//4408 2250//4408 
f 2251//4409 2250//4409 2249//4409 
f 2252//4410 2144//4410 2251//4410 
f 2252//4411 1837//4411 2145//4411 
f 2252//4412 2145//4412 2144//4412 
f 2252//4413 2251//4413 1837//4413 
f 2253//4414 1965//4414 2140//4414 
f 2253//4415 1977//4415 2126//4415 
f 2253//4416 2140//4416 1985//4416 
f 2253//4417 1981//4417 1977//4417 
f 2253//4418 2126//4418 1965//4418 
f 2253//4419 1985//4419 1981//4419 
f 2254//4420 2165//4420 2162//4420 
f 2254//4421 1970//4421 2150//4421 
f 2254//4422 2150//4422 2157//4422 
f 2254//4423 2147//4423 1970//4423 
f 2254//4424 2157//4424 1856//4424 
f 2254//4425 1856//4425 2165//4425 
f 2254//4426 2162//4426 2147//4426 
f 2255//4427 1986//4427 1982//4427 
f 2255//4428 2166//4428 1988//4428 
f 2255//4429 1985//4429 2142//4429 
f 2255//4430 1982//4430 1985//4430 
f 2255//4431 2142//4431 2166//4431 
f 2255//4432 1988//4432 1986//4432 
f 2256//4433 2166//4433 2160//4433 
f 2256//4434 1989//4434 2166//4434 
f 2256//4435 2180//4435 1989//4435 
f 2256//4436 2160//4436 2159//4436 
f 2256//4437 2159//4437 2180//4437 
f 2257//4438 2176//4438 2175//4438 
f 2257//4439 2179//4439 2176//4439 
f 2257//4440 2175//4440 2191//4440 
f 2257//4441 1996//4441 2179//4441 
f 2257//4442 2191//4442 2197//4442 
f 2257//4443 2197//4443 1996//4443 
f 2258//4444 2183//4444 2186//4444 
f 2258//4445 2196//4445 2259//4445 
f 2258//4446 2186//4446 2196//4446 
f 2258//4447 2171//4447 2183//4447 
f 2260//4448 2258//4448 2259//4448 
f 2260//4449 2181//4449 2171//4449 
f 2260//4450 2259//4450 2182//4450 
f 2260//4451 2182//4451 2181//4451 
f 2260//4452 2171//4452 2258//4452 
f 2261//4453 2182//4453 2259//4453 
f 2261//4454 2259//4454 2204//4454 
f 2261//4455 2190//4455 2182//4455 
f 2262//4456 2190//4456 2261//4456 
f 2262//4457 2261//4457 2204//4457 
f 2262//4458 2000//4458 2190//4458 
f 2262//4459 2204//4459 2199//4459 
f 2262//4460 2199//4460 2000//4460 
f 1864//4461 2259//4461 2196//4461 
f 2263//4462 2193//4462 2188//4462 
f 2263//4463 2188//4463 2198//4463 
f 2263//4464 2202//4464 2193//4464 
f 2263//4465 2200//4465 2202//4465 
f 2263//4466 2198//4466 2200//4466 
f 1860//4467 2196//4467 1859//4467 
f 1860//4468 1864//4468 2196//4468 
f 2264//4469 2259//4469 1864//4469 
f 2265//4470 2259//4470 2264//4470 
f 2265//4471 2204//4471 2259//4471 
f 2265//4472 2205//4472 2204//4472 
f 2265//4473 1865//4473 2205//4473 
f 1863//4474 2264//4474 1864//4474 
f 1863//4475 2265//4475 2264//4475 
f 1863//4476 1865//4476 2265//4476 
f 2266//4477 2200//4477 1997//4477 
f 2267//4478 2266//4478 1997//4478 
f 2267//4479 1997//4479 2207//4479 
f 2267//4480 2207//4480 1770//4480 
f 2268//4481 2266//4481 2267//4481 
f 2269//4482 2209//4482 2201//4482 
f 2269//4483 2200//4483 2266//4483 
f 2269//4484 2266//4484 2268//4484 
f 2269//4485 2201//4485 2200//4485 
f 2270//4486 1770//4486 2209//4486 
f 2270//4487 2267//4487 1770//4487 
f 2270//4488 2268//4488 2267//4488 
f 2270//4489 2269//4489 2268//4489 
f 2270//4490 2209//4490 2269//4490 
f 1789//4491 2063//4491 2271//4491 
f 2272//4492 2273//4492 1862//4492 
f 2272//4493 2274//4493 2275//4493 
f 2272//4494 2276//4494 2274//4494 
f 2272//4495 2275//4495 2273//4495 
f 2277//4496 2278//4496 2279//4496 
f 2277//4497 2279//4497 2276//4497 
f 2277//4498 2280//4498 2278//4498 
f 2281//4499 2282//4499 2283//4499 
f 2281//4500 2283//4500 2284//4500 
f 2285//4501 2286//4501 2282//4501 
f 2287//4502 2288//4502 2289//4502 
f 2287//4503 2286//4503 2285//4503 
f 2287//4504 2289//4504 2290//4504 
f 2287//4505 2290//4505 2286//4505 
f 2291//4506 2292//4506 2293//4506 
f 2291//4507 2294//4507 2295//4507 
f 2291//4508 2293//4508 2294//4508 
f 2291//4509 2295//4509 2292//4509 
f 2296//4510 2297//4510 2288//4510 
f 2296//4511 2298//4511 2297//4511 
f 2299//4512 2300//4512 2301//4512 
f 2299//4513 2301//4513 2302//4513 
f 2299//4514 2302//4514 2303//4514 
f 2299//4515 2304//4515 2305//4515 
f 2299//4516 2305//4516 2300//4516 
f 2299//4517 2303//4517 2304//4517 
f 2306//4518 2307//4518 2308//4518 
f 2306//4519 2308//4519 2301//4519 
f 2306//4520 2301//4520 2309//4520 
f 2306//4521 2309//4521 2310//4521 
f 2306//4522 2310//4522 2307//4522 
f 2311//4523 2312//4523 2313//4523 
f 2311//4524 2314//4524 2312//4524 
f 2315//4525 2316//4525 2314//4525 
f 2315//4526 2314//4526 2311//4526 
f 2315//4527 2311//4527 2313//4527 
f 2317//4528 2318//4528 2319//4528 
f 2317//4529 2320//4529 2316//4529 
f 2317//4530 2321//4530 2318//4530 
f 2317//4531 2319//4531 2320//4531 
f 2317//4532 2322//4532 2321//4532 
f 2317//4533 2271//4533 2322//4533 
f 2317//4534 2316//4534 2315//4534 
f 2317//4535 2315//4535 2271//4535 
f 2323//4536 2324//4536 2325//4536 
f 2323//4537 2326//4537 2327//4537 
f 2323//4538 2325//4538 2326//4538 
f 2323//4539 2327//4539 2328//4539 
f 2329//4540 2330//4540 2331//4540 
f 2329//4541 2332//4541 2333//4541 
f 2329//4542 2333//4542 2330//4542 
f 2329//4543 2331//4543 2324//4543 
f 2334//4544 2335//4544 2336//4544 
f 2334//4545 2336//4545 2337//4545 
f 2334//4546 1862//4546 3311//4546 
f 2334//4547 2272//4547 1862//4547 
f 2334//4548 3311//4548 2335//4548 
f 2338//4549 2339//4549 3311//4549 
f 2338//4550 2340//4550 2341//4550 
f 2338//4551 2342//4551 2340//4551 
f 2338//4552 2341//4552 2339//4552 
f 2343//4553 2334//4553 2337//4553 
f 2343//4554 2272//4554 2334//4554 
f 2343//4555 2337//4555 2344//4555 
f 2345//4556 2343//4556 2280//4556 
f 2345//4557 2272//4557 2343//4557 
f 2346//4558 2272//4558 2345//4558 
f 2346//4559 2345//4559 2280//4559 
f 2346//4560 2276//4560 2272//4560 
f 2346//4561 2280//4561 2277//4561 
f 2346//4562 2277//4562 2276//4562 
f 2347//4563 3311//4563 2271//4563 
f 2347//4564 2282//4564 2281//4564 
f 2347//4565 2338//4565 3311//4565 
f 2348//4566 2282//4566 2347//4566 
f 2348//4567 2287//4567 2285//4567 
f 2348//4568 2285//4568 2282//4568 
f 2349//4569 2350//4569 2332//4569 
f 2349//4570 2332//4570 2329//4570 
f 2349//4571 2351//4571 2350//4571 
f 2352//4572 2280//4572 2343//4572 
f 2352//4573 2343//4573 2344//4573 
f 2352//4574 2344//4574 2353//4574 
f 2352//4575 2353//4575 2280//4575 
f 2354//4576 2342//4576 2338//4576 
f 2354//4577 2355//4577 2342//4577 
f 2354//4578 2284//4578 2355//4578 
f 2354//4579 2281//4579 2284//4579 
f 2354//4580 2338//4580 2347//4580 
f 2354//4581 2347//4581 2281//4581 
f 2356//4582 2288//4582 2287//4582 
f 2356//4583 2296//4583 2288//4583 
f 2356//4584 2287//4584 2348//4584 
f 2356//4585 2348//4585 2347//4585 
f 2356//4586 2298//4586 2296//4586 
f 2357//4587 2347//4587 2271//4587 
f 2357//4588 2356//4588 2347//4588 
f 2357//4589 2298//4589 2356//4589 
f 2357//4590 2271//4590 2315//4590 
f 2358//4591 2359//4591 2360//4591 
f 2358//4592 2313//4592 2359//4592 
f 2358//4593 2298//4593 2357//4593 
f 2358//4594 2357//4594 2315//4594 
f 2358//4595 2315//4595 2313//4595 
f 2358//4596 2360//4596 2298//4596 
f 2361//4597 2328//4597 2271//4597 
f 2361//4598 2324//4598 2323//4598 
f 2361//4599 2323//4599 2328//4599 
f 2362//4600 2349//4600 2329//4600 
f 2362//4601 2351//4601 2349//4601 
f 2363//4602 2361//4602 2271//4602 
f 2363//4603 2324//4603 2361//4603 
f 2364//4604 2362//4604 2329//4604 
f 2364//4605 2351//4605 2362//4605 
f 2365//4606 2329//4606 2324//4606 
f 2365//4607 2363//4607 2271//4607 
f 2365//4608 2324//4608 2363//4608 
f 2366//4609 2271//4609 2063//4609 
f 2366//4610 2367//4610 2351//4610 
f 2366//4611 2063//4611 2367//4611 
f 2366//4612 2364//4612 2329//4612 
f 2366//4613 2329//4613 2365//4613 
f 2366//4614 2365//4614 2271//4614 
f 2366//4615 2351//4615 2364//4615 
f 2368//4616 2369//4616 2370//4616 
f 2371//4617 2368//4617 2370//4617 
f 2372//4618 2368//4618 2371//4618 
f 2372//4619 2371//4619 2373//4619 
f 2374//4620 2375//4620 2372//4620 
f 2374//4621 2372//4621 2373//4621 
f 2374//4622 2373//4622 2376//4622 
f 2377//4623 2376//4623 2378//4623 
f 2377//4624 2374//4624 2376//4624 
f 2379//4625 2377//4625 2378//4625 
f 2380//4626 2379//4626 2381//4626 
f 2380//4627 2377//4627 2379//4627 
f 2382//4628 2295//4628 2383//4628 
f 2382//4629 2380//4629 2381//4629 
f 2382//4630 2383//4630 2380//4630 
f 2292//4631 2295//4631 2382//4631 
f 2384//4632 2385//4632 2386//4632 
f 2387//4633 2388//4633 2389//4633 
f 2390//4634 2386//4634 2383//4634 
f 2391//4635 2387//4635 2389//4635 
f 2391//4636 2389//4636 2392//4636 
f 2393//4637 2392//4637 2394//4637 
f 2395//4638 2396//4638 2397//4638 
f 2398//4639 2295//4639 2294//4639 
f 2399//4640 2294//4640 2400//4640 
f 2399//4641 2398//4641 2294//4641 
f 2401//4642 2402//4642 2403//4642 
f 2404//4643 2401//4643 2403//4643 
f 2405//4644 2406//4644 2407//4644 
f 2408//4645 2400//4645 2409//4645 
f 2410//4646 2411//4646 2412//4646 
f 2410//4647 2413//4647 2303//4647 
f 2410//4648 2414//4648 2411//4648 
f 2307//4649 2310//4649 2415//4649 
f 2416//4650 2417//4650 2414//4650 
f 2416//4651 2418//4651 2417//4651 
f 2416//4652 2414//4652 2410//4652 
f 2416//4653 2303//4653 2302//4653 
f 2416//4654 2410//4654 2303//4654 
f 2419//4655 2409//4655 2420//4655 
f 2421//4656 2422//4656 2418//4656 
f 2421//4657 2302//4657 2308//4657 
f 2421//4658 2418//4658 2416//4658 
f 2421//4659 2416//4659 2302//4659 
f 2423//4660 2424//4660 2425//4660 
f 2426//4661 2415//4661 2310//4661 
f 2426//4662 2310//4662 2408//4662 
f 2427//4663 2308//4663 2307//4663 
f 2427//4664 2428//4664 2422//4664 
f 2427//4665 2421//4665 2308//4665 
f 2427//4666 2422//4666 2421//4666 
f 2429//4667 2430//4667 2424//4667 
f 2429//4668 2424//4668 2423//4668 
f 2431//4669 2432//4669 2428//4669 
f 2431//4670 2433//4670 2432//4670 
f 2431//4671 2307//4671 2415//4671 
f 2431//4672 2428//4672 2427//4672 
f 2431//4673 2427//4673 2307//4673 
f 2434//4674 2420//4674 2425//4674 
f 2435//4675 2415//4675 2426//4675 
f 2435//4676 2436//4676 2433//4676 
f 2435//4677 2433//4677 2431//4677 
f 2435//4678 2431//4678 2415//4678 
f 2437//4679 2430//4679 2429//4679 
f 2437//4680 2438//4680 2439//4680 
f 2437//4681 2429//4681 2438//4681 
f 2440//4682 2425//4682 2424//4682 
f 2441//4683 2442//4683 2436//4683 
f 2441//4684 2426//4684 2443//4684 
f 2441//4685 2435//4685 2426//4685 
f 2441//4686 2436//4686 2435//4686 
f 2444//4687 2439//4687 2445//4687 
f 2444//4688 2437//4688 2439//4688 
f 2446//4689 2444//4689 2445//4689 
f 2447//4690 2440//4690 2424//4690 
f 2447//4691 2424//4691 2430//4691 
f 2448//4692 2441//4692 2443//4692 
f 2448//4693 2449//4693 2442//4693 
f 2448//4694 2442//4694 2441//4694 
f 2448//4695 2443//4695 2450//4695 
f 2451//4696 2448//4696 2450//4696 
f 2451//4697 2452//4697 2449//4697 
f 2451//4698 2453//4698 2452//4698 
f 2451//4699 2449//4699 2448//4699 
f 2451//4700 2450//4700 2454//4700 
f 2455//4701 2446//4701 2456//4701 
f 2455//4702 2444//4702 2446//4702 
f 2457//4703 2453//4703 2451//4703 
f 2457//4704 2454//4704 2458//4704 
f 2457//4705 2459//4705 2453//4705 
f 2457//4706 2451//4706 2454//4706 
f 2460//4707 2456//4707 2461//4707 
f 2460//4708 2462//4708 2455//4708 
f 2460//4709 2455//4709 2456//4709 
f 2463//4710 2457//4710 2458//4710 
f 2463//4711 2464//4711 2459//4711 
f 2463//4712 2459//4712 2457//4712 
f 2463//4713 2458//4713 2465//4713 
f 2466//4714 2460//4714 2461//4714 
f 2466//4715 2461//4715 2467//4715 
f 2468//4716 2466//4716 2467//4716 
f 2469//4717 2470//4717 2464//4717 
f 2469//4718 2465//4718 2471//4718 
f 2469//4719 2464//4719 2463//4719 
f 2469//4720 2463//4720 2465//4720 
f 2472//4721 2473//4721 2470//4721 
f 2472//4722 2471//4722 2474//4722 
f 2472//4723 2469//4723 2471//4723 
f 2472//4724 2470//4724 2469//4724 
f 2475//4725 2476//4725 2473//4725 
f 2475//4726 2477//4726 2476//4726 
f 2475//4727 2474//4727 2478//4727 
f 2475//4728 2472//4728 2474//4728 
f 2475//4729 2473//4729 2472//4729 
f 2479//4730 2477//4730 2475//4730 
f 2480//4731 2481//4731 2482//4731 
f 2483//4732 2484//4732 2485//4732 
f 2486//4733 2480//4733 2482//4733 
f 2487//4734 2488//4734 2489//4734 
f 2490//4735 2487//4735 2491//4735 
f 2492//4736 2491//4736 2493//4736 
f 2494//4737 2492//4737 2495//4737 
f 2496//4738 2497//4738 2498//4738 
f 2496//4739 2495//4739 2497//4739 
f 2496//4740 2494//4740 2495//4740 
f 2499//4741 2496//4741 2498//4741 
f 2500//4742 2369//4742 2501//4742 
f 2500//4743 2501//4743 2502//4743 
f 2503//4744 2500//4744 2502//4744 
f 2504//4745 2500//4745 2503//4745 
f 2504//4746 2503//4746 2505//4746 
f 2504//4747 2369//4747 2500//4747 
f 2504//4748 2370//4748 2369//4748 
f 2506//4749 2501//4749 2369//4749 
f 2335//4750 3311//4750 2501//4750 
f 2335//4751 2501//4751 2506//4751 
f 2507//4752 2505//4752 2508//4752 
f 2507//4753 2371//4753 2370//4753 
f 2507//4754 2504//4754 2505//4754 
f 2507//4755 2370//4755 2504//4755 
f 2509//4756 2508//4756 2510//4756 
f 2509//4757 2507//4757 2508//4757 
f 2509//4758 2371//4758 2507//4758 
f 2511//4759 2509//4759 2510//4759 
f 2512//4760 2371//4760 2509//4760 
f 2512//4761 2509//4761 2511//4761 
f 2512//4762 2511//4762 2513//4762 
f 2512//4763 2373//4763 2371//4763 
f 2514//4764 2506//4764 2369//4764 
f 2514//4765 2369//4765 2368//4765 
f 2514//4766 2335//4766 2506//4766 
f 2515//4767 2512//4767 2513//4767 
f 2515//4768 2373//4768 2512//4768 
f 2515//4769 2376//4769 2373//4769 
f 2516//4770 2378//4770 2376//4770 
f 2516//4771 2515//4771 2513//4771 
f 2516//4772 2376//4772 2515//4772 
f 2517//4773 2514//4773 2368//4773 
f 2517//4774 2518//4774 2514//4774 
f 2517//4775 2372//4775 2375//4775 
f 2517//4776 2368//4776 2372//4776 
f 2519//4777 2520//4777 2518//4777 
f 2521//4778 2522//4778 2523//4778 
f 2521//4779 2344//4779 2520//4779 
f 2521//4780 2520//4780 2519//4780 
f 2521//4781 2519//4781 2522//4781 
f 2353//4782 2344//4782 2521//4782 
f 2353//4783 2523//4783 2524//4783 
f 2353//4784 2521//4784 2523//4784 
f 2525//4785 2374//4785 2377//4785 
f 2525//4786 2375//4786 2374//4786 
f 2526//4787 2525//4787 2527//4787 
f 2526//4788 2375//4788 2525//4788 
f 2526//4789 2527//4789 2385//4789 
f 2528//4790 2377//4790 2380//4790 
f 2528//4791 2380//4791 2383//4791 
f 2528//4792 2527//4792 2525//4792 
f 2528//4793 2525//4793 2377//4793 
f 2278//4794 2529//4794 2279//4794 
f 2530//4795 2529//4795 2278//4795 
f 2530//4796 2531//4796 2529//4796 
f 2530//4797 2278//4797 2532//4797 
f 2530//4798 2532//4798 2533//4798 
f 2534//4799 2524//4799 2523//4799 
f 2535//4800 2383//4800 2386//4800 
f 2535//4801 2528//4801 2383//4801 
f 2535//4802 2527//4802 2528//4802 
f 2535//4803 2386//4803 2385//4803 
f 2535//4804 2385//4804 2527//4804 
f 2536//4805 2524//4805 2534//4805 
f 2536//4806 2537//4806 2531//4806 
f 2536//4807 2533//4807 2524//4807 
f 2536//4808 2531//4808 2530//4808 
f 2536//4809 2530//4809 2533//4809 
f 2538//4810 2529//4810 2531//4810 
f 2539//4811 2540//4811 2541//4811 
f 2539//4812 2541//4812 2385//4812 
f 2542//4813 2388//4813 2387//4813 
f 2542//4814 2273//4814 2275//4814 
f 2542//4815 2387//4815 2273//4815 
f 2543//4816 2385//4816 2384//4816 
f 2543//4817 2539//4817 2385//4817 
f 2544//4818 2531//4818 2537//4818 
f 2544//4819 2538//4819 2531//4819 
f 2544//4820 2394//4820 2538//4820 
f 2545//4821 2540//4821 2539//4821 
f 2545//4822 2539//4822 2543//4822 
f 2546//4823 2540//4823 2545//4823 
f 2546//4824 2547//4824 2548//4824 
f 2549//4825 2394//4825 2392//4825 
f 2549//4826 2392//4826 2389//4826 
f 2549//4827 2538//4827 2394//4827 
f 2550//4828 1862//4828 2273//4828 
f 2551//4829 2550//4829 2273//4829 
f 2551//4830 2273//4830 2387//4830 
f 2552//4831 2383//4831 2295//4831 
f 2552//4832 2390//4832 2383//4832 
f 2552//4833 2553//4833 2390//4833 
f 2552//4834 2295//4834 2398//4834 
f 2554//4835 2555//4835 1862//4835 
f 2554//4836 1862//4836 2550//4836 
f 2556//4837 2544//4837 2537//4837 
f 2557//4838 2546//4838 2545//4838 
f 2557//4839 2547//4839 2546//4839 
f 2557//4840 2558//4840 2547//4840 
f 2557//4841 2543//4841 2384//4841 
f 2557//4842 2545//4842 2543//4842 
f 2559//4843 2544//4843 2556//4843 
f 2559//4844 2393//4844 2394//4844 
f 2559//4845 2396//4845 2393//4845 
f 2559//4846 2397//4846 2396//4846 
f 2559//4847 2394//4847 2544//4847 
f 2560//4848 2391//4848 2392//4848 
f 2560//4849 2392//4849 2393//4849 
f 2560//4850 2393//4850 2561//4850 
f 2562//4851 2558//4851 2557//4851 
f 2562//4852 2557//4852 2384//4852 
f 2562//4853 2563//4853 2558//4853 
f 2564//4854 2548//4854 2547//4854 
f 2565//4855 2566//4855 2567//4855 
f 2565//4856 2391//4856 2560//4856 
f 2568//4857 2564//4857 2547//4857 
f 2569//4858 2400//4858 2294//4858 
f 2569//4859 2294//4859 2570//4859 
f 2569//4860 2570//4860 2571//4860 
f 2286//4861 2571//4861 2282//4861 
f 2286//4862 2400//4862 2569//4862 
f 2286//4863 2569//4863 2571//4863 
f 2572//4864 2395//4864 2397//4864 
f 2572//4865 2564//4865 2568//4865 
f 2572//4866 2402//4866 2395//4866 
f 2572//4867 2397//4867 2564//4867 
f 2572//4868 2403//4868 2402//4868 
f 2573//4869 2395//4869 2574//4869 
f 2573//4870 2393//4870 2396//4870 
f 2573//4871 2561//4871 2393//4871 
f 2573//4872 2396//4872 2395//4872 
f 2575//4873 2303//4873 2413//4873 
f 2575//4874 2563//4874 2562//4874 
f 2575//4875 2413//4875 2563//4875 
f 2575//4876 2304//4876 2303//4876 
f 2305//4877 2552//4877 2398//4877 
f 2305//4878 2553//4878 2552//4878 
f 2305//4879 2304//4879 2553//4879 
f 2576//4880 2573//4880 2574//4880 
f 2576//4881 2561//4881 2573//4881 
f 2577//4882 2404//4882 2403//4882 
f 2577//4883 2558//4883 2563//4883 
f 2578//4884 2579//4884 2580//4884 
f 2578//4885 2561//4885 2576//4885 
f 2581//4886 2582//4886 2579//4886 
f 2581//4887 2574//4887 2582//4887 
f 2581//4888 2579//4888 2578//4888 
f 2581//4889 2576//4889 2574//4889 
f 2581//4890 2578//4890 2576//4890 
f 2583//4891 2286//4891 2290//4891 
f 2584//4892 2398//4892 2399//4892 
f 2584//4893 2399//4893 2585//4893 
f 2586//4894 2400//4894 2286//4894 
f 2586//4895 2420//4895 2409//4895 
f 2586//4896 2286//4896 2583//4896 
f 2586//4897 2409//4897 2400//4897 
f 2587//4898 2402//4898 2401//4898 
f 2587//4899 2574//4899 2395//4899 
f 2587//4900 2401//4900 2405//4900 
f 2587//4901 2395//4901 2402//4901 
f 2309//4902 2585//4902 2310//4902 
f 2309//4903 2584//4903 2585//4903 
f 2588//4904 2587//4904 2405//4904 
f 2588//4905 2574//4905 2587//4905 
f 2297//4906 2583//4906 2290//4906 
f 2297//4907 2420//4907 2586//4907 
f 2297//4908 2586//4908 2583//4908 
f 2589//4909 2405//4909 2407//4909 
f 2589//4910 2590//4910 2582//4910 
f 2589//4911 2591//4911 2590//4911 
f 2589//4912 2407//4912 2591//4912 
f 2589//4913 2582//4913 2574//4913 
f 2589//4914 2588//4914 2405//4914 
f 2589//4915 2574//4915 2588//4915 
f 2592//4916 2400//4916 2408//4916 
f 2592//4917 2399//4917 2400//4917 
f 2592//4918 2585//4918 2399//4918 
f 2593//4919 2412//4919 2411//4919 
f 2593//4920 2411//4920 2406//4920 
f 2593//4921 2404//4921 2412//4921 
f 2593//4922 2401//4922 2404//4922 
f 2593//4923 2406//4923 2405//4923 
f 2593//4924 2405//4924 2401//4924 
f 2594//4925 2592//4925 2408//4925 
f 2594//4926 2585//4926 2592//4926 
f 2594//4927 2310//4927 2585//4927 
f 2594//4928 2408//4928 2310//4928 
f 2595//4929 2425//4929 2420//4929 
f 2595//4930 2420//4930 2297//4930 
f 2596//4931 2425//4931 2595//4931 
f 2596//4932 2595//4932 2297//4932 
f 2597//4933 2408//4933 2409//4933 
f 2597//4934 2443//4934 2426//4934 
f 2597//4935 2409//4935 2419//4935 
f 2597//4936 2426//4936 2408//4936 
f 2597//4937 2450//4937 2443//4937 
f 2597//4938 2419//4938 2450//4938 
f 2598//4939 2458//4939 2454//4939 
f 2598//4940 2434//4940 2458//4940 
f 2598//4941 2420//4941 2434//4941 
f 2598//4942 2419//4942 2420//4942 
f 2598//4943 2454//4943 2450//4943 
f 2598//4944 2450//4944 2419//4944 
f 2599//4945 2440//4945 2600//4945 
f 2599//4946 2434//4946 2425//4946 
f 2599//4947 2425//4947 2440//4947 
f 2599//4948 2600//4948 2601//4948 
f 2602//4949 2601//4949 2465//4949 
f 2602//4950 2599//4950 2601//4950 
f 2602//4951 2434//4951 2599//4951 
f 2602//4952 2458//4952 2434//4952 
f 2602//4953 2465//4953 2458//4953 
f 2603//4954 2446//4954 2445//4954 
f 2604//4955 2603//4955 2316//4955 
f 2604//4956 2456//4956 2446//4956 
f 2604//4957 2446//4957 2603//4957 
f 2605//4958 2600//4958 2440//4958 
f 2605//4959 2440//4959 2447//4959 
f 2605//4960 2447//4960 2606//4960 
f 2607//4961 2437//4961 2444//4961 
f 2607//4962 2430//4962 2437//4962 
f 2608//4963 2461//4963 2456//4963 
f 2608//4964 2604//4964 2316//4964 
f 2608//4965 2456//4965 2604//4965 
f 2608//4966 2316//4966 2320//4966 
f 2609//4967 2461//4967 2608//4967 
f 2609//4968 2608//4968 2320//4968 
f 2609//4969 2320//4969 2319//4969 
f 2610//4970 2609//4970 2319//4970 
f 2611//4971 2612//4971 2613//4971 
f 2611//4972 2607//4972 2612//4972 
f 2611//4973 2430//4973 2607//4973 
f 2614//4974 2455//4974 2462//4974 
f 2614//4975 2444//4975 2455//4975 
f 2614//4976 2607//4976 2444//4976 
f 2614//4977 2612//4977 2607//4977 
f 2615//4978 2447//4978 2430//4978 
f 2615//4979 2430//4979 2611//4979 
f 2616//4980 2465//4980 2601//4980 
f 2616//4981 2474//4981 2471//4981 
f 2616//4982 2471//4982 2465//4982 
f 2616//4983 2605//4983 2606//4983 
f 2616//4984 2600//4984 2605//4984 
f 2616//4985 2601//4985 2600//4985 
f 2617//4986 2606//4986 2447//4986 
f 2617//4987 2447//4987 2615//4987 
f 2618//4988 2617//4988 2615//4988 
f 2619//4989 2467//4989 2461//4989 
f 2619//4990 2461//4990 2609//4990 
f 2619//4991 2609//4991 2610//4991 
f 2619//4992 2610//4992 2620//4992 
f 2621//4993 2613//4993 2622//4993 
f 2621//4994 2611//4994 2613//4994 
f 2621//4995 2615//4995 2611//4995 
f 2621//4996 2618//4996 2615//4996 
f 2623//4997 2467//4997 2619//4997 
f 2623//4998 2468//4998 2467//4998 
f 2623//4999 2620//4999 2624//4999 
f 2623//5000 2619//5000 2620//5000 
f 2625//5001 2621//5001 2622//5001 
f 2625//5002 2622//5002 2626//5002 
f 2625//5003 2626//5003 2627//5003 
f 2625//5004 2627//5004 2478//5004 
f 2625//5005 2606//5005 2617//5005 
f 2625//5006 2617//5006 2618//5006 
f 2625//5007 2618//5007 2621//5007 
f 2628//5008 2624//5008 2629//5008 
f 2628//5009 2468//5009 2623//5009 
f 2628//5010 2623//5010 2624//5010 
f 2630//5011 2628//5011 2629//5011 
f 2631//5012 2613//5012 2612//5012 
f 2631//5013 2614//5013 2462//5013 
f 2631//5014 2462//5014 2632//5014 
f 2631//5015 2612//5015 2614//5015 
f 2633//5016 2631//5016 2632//5016 
f 2633//5017 2622//5017 2613//5017 
f 2633//5018 2632//5018 2634//5018 
f 2633//5019 2613//5019 2631//5019 
f 2635//5020 2462//5020 2460//5020 
f 2635//5021 2460//5021 2466//5021 
f 2636//5022 2468//5022 2628//5022 
f 2637//5023 2626//5023 2622//5023 
f 2328//5024 2630//5024 2271//5024 
f 2328//5025 2628//5025 2630//5025 
f 2328//5026 2636//5026 2628//5026 
f 2638//5027 2633//5027 2634//5027 
f 2638//5028 2622//5028 2633//5028 
f 2638//5029 2637//5029 2622//5029 
f 2638//5030 2634//5030 2639//5030 
f 2640//5031 2626//5031 2637//5031 
f 2640//5032 2637//5032 2638//5032 
f 2640//5033 2638//5033 2639//5033 
f 2641//5034 2635//5034 2466//5034 
f 2641//5035 2642//5035 2635//5035 
f 2641//5036 2643//5036 2642//5036 
f 2641//5037 2466//5037 2468//5037 
f 2641//5038 2325//5038 2643//5038 
f 2644//5039 2640//5039 2639//5039 
f 2644//5040 2639//5040 2645//5040 
f 2644//5041 2627//5041 2626//5041 
f 2644//5042 2626//5042 2640//5042 
f 2644//5043 2645//5043 2646//5043 
f 2644//5044 2646//5044 2627//5044 
f 2647//5045 2642//5045 2643//5045 
f 2648//5046 2649//5046 2647//5046 
f 2327//5047 2636//5047 2328//5047 
f 2327//5048 2641//5048 2468//5048 
f 2327//5049 2468//5049 2636//5049 
f 2650//5050 2482//5050 2481//5050 
f 2650//5051 2627//5051 2646//5051 
f 2326//5052 2641//5052 2327//5052 
f 2326//5053 2325//5053 2641//5053 
f 2651//5054 2652//5054 2649//5054 
f 2651//5055 2649//5055 2648//5055 
f 2651//5056 2653//5056 2652//5056 
f 2654//5057 2639//5057 2634//5057 
f 2655//5058 2648//5058 2647//5058 
f 2655//5059 2651//5059 2648//5059 
f 2656//5060 2634//5060 2632//5060 
f 2656//5061 2654//5061 2634//5061 
f 2657//5062 2632//5062 2652//5062 
f 2657//5063 2656//5063 2632//5063 
f 2657//5064 2652//5064 2653//5064 
f 2657//5065 2653//5065 2658//5065 
f 2659//5066 2654//5066 2656//5066 
f 2659//5067 2656//5067 2657//5067 
f 2659//5068 2657//5068 2658//5068 
f 2660//5069 2639//5069 2654//5069 
f 2660//5070 2654//5070 2659//5070 
f 2661//5071 2662//5071 2645//5071 
f 2661//5072 2645//5072 2639//5072 
f 2661//5073 2663//5073 2662//5073 
f 2661//5074 2660//5074 2663//5074 
f 2661//5075 2639//5075 2660//5075 
f 2664//5076 2660//5076 2659//5076 
f 2664//5077 2663//5077 2660//5077 
f 2665//5078 2483//5078 2485//5078 
f 2665//5079 2481//5079 2480//5079 
f 2665//5080 2485//5080 2477//5080 
f 2665//5081 2480//5081 2483//5081 
f 2665//5082 2479//5082 2481//5082 
f 2665//5083 2477//5083 2479//5083 
f 2666//5084 2645//5084 2662//5084 
f 2666//5085 2667//5085 2645//5085 
f 2668//5086 2664//5086 2659//5086 
f 2668//5087 2669//5087 2663//5087 
f 2668//5088 2659//5088 2658//5088 
f 2668//5089 2663//5089 2664//5089 
f 2670//5090 2658//5090 2653//5090 
f 2671//5091 2482//5091 2667//5091 
f 2671//5092 2488//5092 2486//5092 
f 2671//5093 2489//5093 2488//5093 
f 2671//5094 2486//5094 2482//5094 
f 2671//5095 2667//5095 2666//5095 
f 2671//5096 2666//5096 2489//5096 
f 2330//5097 2670//5097 2653//5097 
f 2330//5098 2655//5098 2331//5098 
f 2330//5099 2653//5099 2651//5099 
f 2330//5100 2651//5100 2655//5100 
f 2672//5101 2670//5101 2330//5101 
f 2672//5102 2330//5102 2333//5102 
f 2673//5103 2486//5103 2488//5103 
f 2673//5104 2480//5104 2486//5104 
f 2673//5105 2483//5105 2480//5105 
f 2673//5106 2488//5106 2674//5106 
f 2675//5107 2483//5107 2673//5107 
f 2675//5108 2673//5108 2674//5108 
f 2676//5109 2663//5109 2669//5109 
f 2676//5110 2677//5110 2663//5110 
f 2678//5111 2675//5111 2674//5111 
f 2678//5112 2483//5112 2675//5112 
f 2678//5113 2679//5113 2484//5113 
f 2678//5114 2680//5114 2679//5114 
f 2678//5115 2681//5115 2680//5115 
f 2678//5116 2674//5116 2681//5116 
f 2678//5117 2484//5117 2483//5117 
f 2682//5118 2672//5118 2333//5118 
f 2683//5119 2676//5119 2493//5119 
f 2683//5120 2487//5120 2489//5120 
f 2683//5121 2677//5121 2676//5121 
f 2683//5122 2491//5122 2487//5122 
f 2683//5123 2493//5123 2491//5123 
f 2684//5124 2488//5124 2487//5124 
f 2684//5125 2487//5125 2490//5125 
f 2684//5126 2674//5126 2488//5126 
f 2685//5127 2492//5127 2493//5127 
f 2685//5128 2495//5128 2492//5128 
f 2686//5129 2684//5129 2490//5129 
f 2686//5130 2687//5130 2688//5130 
f 2689//5131 2690//5131 2691//5131 
f 2689//5132 2495//5132 2685//5132 
f 2689//5133 2685//5133 2690//5133 
f 2689//5134 2498//5134 2497//5134 
f 2689//5135 2497//5135 2495//5135 
f 2692//5136 2491//5136 2492//5136 
f 2692//5137 2492//5137 2494//5137 
f 2692//5138 2490//5138 2491//5138 
f 2693//5139 2490//5139 2692//5139 
f 2693//5140 2692//5140 2494//5140 
f 2367//5141 2689//5141 2691//5141 
f 2694//5142 2498//5142 2689//5142 
f 2694//5143 2689//5143 2367//5143 
f 2694//5144 2499//5144 2498//5144 
f 2695//5145 2696//5145 2697//5145 
f 2695//5146 2693//5146 2494//5146 
f 2698//5147 2499//5147 2694//5147 
f 2699//5148 2367//5148 2063//5148 
f 2699//5149 2694//5149 2367//5149 
f 2699//5150 2698//5150 2694//5150 
f 2700//5151 2063//5151 2701//5151 
f 2700//5152 2699//5152 2063//5152 
f 2702//5153 2501//5153 3311//5153 
f 2702//5154 2502//5154 2501//5154 
f 2703//5155 2702//5155 3311//5155 
f 2703//5156 2502//5156 2702//5156 
f 2704//5157 2703//5157 3311//5157 
f 2705//5158 2502//5158 2703//5158 
f 2705//5159 2703//5159 2704//5159 
f 2705//5160 2503//5160 2502//5160 
f 2706//5161 2704//5161 3311//5161 
f 2706//5162 2705//5162 2704//5162 
f 2707//5163 2505//5163 2503//5163 
f 2707//5164 2503//5164 2705//5164 
f 2707//5165 2705//5165 2706//5165 
f 2707//5166 2706//5166 2708//5166 
f 2709//5167 2508//5167 2505//5167 
f 2709//5168 2505//5168 2707//5168 
f 2709//5169 2707//5169 2708//5169 
f 2710//5170 2510//5170 2508//5170 
f 2710//5171 2508//5171 2709//5171 
f 2710//5172 2709//5172 2708//5172 
f 2711//5173 2336//5173 2335//5173 
f 2711//5174 2514//5174 2518//5174 
f 2711//5175 2335//5175 2514//5175 
f 2711//5176 2518//5176 2520//5176 
f 2337//5177 2336//5177 2711//5177 
f 2337//5178 2711//5178 2520//5178 
f 2337//5179 2520//5179 2344//5179 
f 2712//5180 2516//5180 2513//5180 
f 2713//5181 2378//5181 2516//5181 
f 2713//5182 2712//5182 2341//5182 
f 2713//5183 2516//5183 2712//5183 
f 2713//5184 2379//5184 2378//5184 
f 2340//5185 2381//5185 2379//5185 
f 2340//5186 2713//5186 2341//5186 
f 2340//5187 2379//5187 2713//5187 
f 2714//5188 2518//5188 2517//5188 
f 2714//5189 2517//5189 2375//5189 
f 2714//5190 2519//5190 2518//5190 
f 2714//5191 2522//5191 2519//5191 
f 2715//5192 2340//5192 2342//5192 
f 2715//5193 2342//5193 2355//5193 
f 2715//5194 2382//5194 2381//5194 
f 2715//5195 2292//5195 2382//5195 
f 2715//5196 2381//5196 2340//5196 
f 2716//5197 2522//5197 2714//5197 
f 2716//5198 2714//5198 2375//5198 
f 2716//5199 2526//5199 2385//5199 
f 2716//5200 2375//5200 2526//5200 
f 2716//5201 2385//5201 2541//5201 
f 2280//5202 2353//5202 2524//5202 
f 2280//5203 2532//5203 2278//5203 
f 2280//5204 2524//5204 2533//5204 
f 2280//5205 2533//5205 2532//5205 
f 2717//5206 2523//5206 2522//5206 
f 2717//5207 2522//5207 2716//5207 
f 2717//5208 2716//5208 2541//5208 
f 2717//5209 2534//5209 2523//5209 
f 2717//5210 2541//5210 2540//5210 
f 2718//5211 2292//5211 2715//5211 
f 2718//5212 2715//5212 2355//5212 
f 2718//5213 2355//5213 2284//5213 
f 2719//5214 2279//5214 2529//5214 
f 2719//5215 2276//5215 2279//5215 
f 2719//5216 2529//5216 2538//5216 
f 2719//5217 2275//5217 2274//5217 
f 2719//5218 2274//5218 2276//5218 
f 2720//5219 2534//5219 2717//5219 
f 2720//5220 2717//5220 2540//5220 
f 2720//5221 2537//5221 2536//5221 
f 2720//5222 2536//5222 2534//5222 
f 2283//5223 2718//5223 2284//5223 
f 2721//5224 2538//5224 2549//5224 
f 2721//5225 2275//5225 2719//5225 
f 2721//5226 2719//5226 2538//5226 
f 2721//5227 2542//5227 2275//5227 
f 2722//5228 2389//5228 2388//5228 
f 2722//5229 2721//5229 2549//5229 
f 2722//5230 2542//5230 2721//5230 
f 2722//5231 2549//5231 2389//5231 
f 2722//5232 2388//5232 2542//5232 
f 2723//5233 2282//5233 2571//5233 
f 2723//5234 2283//5234 2282//5234 
f 2724//5235 2546//5235 2548//5235 
f 2724//5236 2720//5236 2540//5236 
f 2724//5237 2537//5237 2720//5237 
f 2724//5238 2540//5238 2546//5238 
f 2724//5239 2548//5239 2537//5239 
f 2293//5240 2718//5240 2283//5240 
f 2293//5241 2292//5241 2718//5241 
f 2293//5242 2283//5242 2723//5242 
f 2293//5243 2570//5243 2294//5243 
f 2293//5244 2571//5244 2570//5244 
f 2293//5245 2723//5245 2571//5245 
f 2725//5246 2550//5246 2551//5246 
f 2725//5247 2551//5247 2387//5247 
f 2725//5248 2554//5248 2550//5248 
f 2725//5249 2387//5249 2391//5249 
f 2726//5250 2391//5250 2565//5250 
f 2726//5251 2725//5251 2391//5251 
f 2727//5252 2559//5252 2556//5252 
f 2727//5253 2548//5253 2564//5253 
f 2727//5254 2556//5254 2537//5254 
f 2727//5255 2537//5255 2548//5255 
f 2727//5256 2564//5256 2397//5256 
f 2727//5257 2397//5257 2559//5257 
f 2728//5258 2554//5258 2725//5258 
f 2728//5259 2726//5259 2565//5259 
f 2728//5260 2725//5260 2726//5260 
f 2729//5261 2555//5261 2554//5261 
f 2729//5262 2554//5262 2728//5262 
f 2730//5263 2562//5263 2384//5263 
f 2730//5264 2384//5264 2386//5264 
f 2730//5265 2386//5265 2390//5265 
f 2730//5266 2390//5266 2553//5266 
f 2731//5267 2567//5267 2555//5267 
f 2731//5268 2565//5268 2567//5268 
f 2731//5269 2728//5269 2565//5269 
f 2731//5270 2555//5270 2729//5270 
f 2731//5271 2729//5271 2728//5271 
f 2732//5272 2730//5272 2553//5272 
f 2732//5273 2553//5273 2304//5273 
f 2733//5274 2562//5274 2730//5274 
f 2733//5275 2575//5275 2562//5275 
f 2733//5276 2304//5276 2575//5276 
f 2733//5277 2732//5277 2304//5277 
f 2733//5278 2730//5278 2732//5278 
f 2734//5279 2560//5279 2561//5279 
f 2734//5280 2565//5280 2560//5280 
f 2289//5281 2288//5281 2297//5281 
f 2289//5282 2297//5282 2290//5282 
f 2735//5283 2561//5283 2578//5283 
f 2735//5284 2734//5284 2561//5284 
f 2736//5285 2565//5285 2734//5285 
f 2736//5286 2734//5286 2735//5286 
f 2737//5287 2572//5287 2568//5287 
f 2737//5288 2577//5288 2403//5288 
f 2737//5289 2568//5289 2547//5289 
f 2737//5290 2403//5290 2572//5290 
f 2737//5291 2558//5291 2577//5291 
f 2737//5292 2547//5292 2558//5292 
f 2738//5293 2565//5293 2736//5293 
f 2738//5294 2566//5294 2565//5294 
f 2739//5295 2580//5295 2566//5295 
f 2739//5296 2735//5296 2578//5296 
f 2739//5297 2736//5297 2735//5297 
f 2739//5298 2566//5298 2738//5298 
f 2739//5299 2738//5299 2736//5299 
f 2739//5300 2578//5300 2580//5300 
f 2740//5301 2413//5301 2410//5301 
f 2740//5302 2412//5302 2404//5302 
f 2740//5303 2410//5303 2412//5303 
f 2740//5304 2563//5304 2413//5304 
f 2740//5305 2404//5305 2577//5305 
f 2740//5306 2577//5306 2563//5306 
f 2300//5307 2305//5307 2398//5307 
f 2300//5308 2398//5308 2584//5308 
f 2300//5309 2584//5309 2309//5309 
f 2301//5310 2300//5310 2309//5310 
f 2301//5311 2308//5311 2302//5311 
f 2741//5312 2360//5312 2423//5312 
f 2741//5313 2425//5313 2596//5313 
f 2741//5314 2596//5314 2297//5314 
f 2741//5315 2297//5315 2298//5315 
f 2741//5316 2423//5316 2425//5316 
f 2741//5317 2298//5317 2360//5317 
f 2742//5318 2359//5318 2313//5318 
f 2743//5319 2423//5319 2360//5319 
f 2743//5320 2360//5320 2359//5320 
f 2743//5321 2359//5321 2742//5321 
f 2743//5322 2742//5322 2438//5322 
f 2743//5323 2438//5323 2429//5323 
f 2743//5324 2429//5324 2423//5324 
f 2744//5325 2742//5325 2313//5325 
f 2745//5326 2742//5326 2744//5326 
f 2745//5327 2438//5327 2742//5327 
f 2745//5328 2439//5328 2438//5328 
f 2312//5329 2744//5329 2313//5329 
f 2312//5330 2745//5330 2744//5330 
f 2314//5331 2316//5331 2603//5331 
f 2746//5332 2603//5332 2445//5332 
f 2746//5333 2745//5333 2312//5333 
f 2746//5334 2439//5334 2745//5334 
f 2746//5335 2312//5335 2314//5335 
f 2746//5336 2314//5336 2603//5336 
f 2746//5337 2445//5337 2439//5337 
f 2318//5338 2610//5338 2319//5338 
f 2747//5339 2318//5339 2321//5339 
f 2747//5340 2610//5340 2318//5340 
f 2747//5341 2620//5341 2610//5341 
f 2748//5342 2321//5342 2322//5342 
f 2748//5343 2747//5343 2321//5343 
f 2748//5344 2620//5344 2747//5344 
f 2748//5345 2624//5345 2620//5345 
f 2749//5346 2322//5346 2271//5346 
f 2750//5347 2629//5347 2624//5347 
f 2750//5348 2624//5348 2748//5348 
f 2750//5349 2748//5349 2322//5349 
f 2750//5350 2322//5350 2749//5350 
f 2751//5351 2749//5351 2271//5351 
f 2751//5352 2629//5352 2750//5352 
f 2751//5353 2750//5353 2749//5353 
f 2752//5354 2630//5354 2629//5354 
f 2752//5355 2271//5355 2630//5355 
f 2752//5356 2629//5356 2751//5356 
f 2752//5357 2751//5357 2271//5357 
f 2753//5358 2478//5358 2474//5358 
f 2753//5359 2474//5359 2616//5359 
f 2753//5360 2625//5360 2478//5360 
f 2753//5361 2616//5361 2606//5361 
f 2753//5362 2606//5362 2625//5362 
f 2754//5363 2635//5363 2642//5363 
f 2754//5364 2649//5364 2652//5364 
f 2754//5365 2462//5365 2635//5365 
f 2754//5366 2647//5366 2649//5366 
f 2754//5367 2642//5367 2647//5367 
f 2754//5368 2632//5368 2462//5368 
f 2754//5369 2652//5369 2632//5369 
f 2755//5370 2650//5370 2481//5370 
f 2755//5371 2479//5371 2475//5371 
f 2755//5372 2627//5372 2650//5372 
f 2755//5373 2481//5373 2479//5373 
f 2755//5374 2475//5374 2478//5374 
f 2755//5375 2478//5375 2627//5375 
f 2756//5376 2667//5376 2482//5376 
f 2756//5377 2482//5377 2650//5377 
f 2756//5378 2645//5378 2667//5378 
f 2756//5379 2650//5379 2646//5379 
f 2756//5380 2646//5380 2645//5380 
f 2324//5381 2331//5381 2655//5381 
f 2324//5382 2647//5382 2643//5382 
f 2324//5383 2655//5383 2647//5383 
f 2324//5384 2643//5384 2325//5384 
f 2757//5385 2666//5385 2662//5385 
f 2757//5386 2683//5386 2489//5386 
f 2757//5387 2677//5387 2683//5387 
f 2757//5388 2663//5388 2677//5388 
f 2757//5389 2662//5389 2663//5389 
f 2757//5390 2489//5390 2666//5390 
f 2758//5391 2682//5391 2759//5391 
f 2758//5392 2670//5392 2672//5392 
f 2758//5393 2672//5393 2682//5393 
f 2758//5394 2658//5394 2670//5394 
f 2760//5395 2658//5395 2758//5395 
f 2760//5396 2759//5396 2669//5396 
f 2760//5397 2668//5397 2658//5397 
f 2760//5398 2758//5398 2759//5398 
f 2760//5399 2669//5399 2668//5399 
f 2761//5400 2676//5400 2669//5400 
f 2761//5401 2669//5401 2759//5401 
f 2761//5402 2759//5402 2690//5402 
f 2762//5403 2761//5403 2690//5403 
f 2762//5404 2493//5404 2676//5404 
f 2762//5405 2685//5405 2493//5405 
f 2762//5406 2690//5406 2685//5406 
f 2762//5407 2676//5407 2761//5407 
f 2350//5408 2759//5408 2682//5408 
f 2763//5409 2674//5409 2684//5409 
f 2763//5410 2688//5410 2681//5410 
f 2763//5411 2681//5411 2674//5411 
f 2763//5412 2686//5412 2688//5412 
f 2763//5413 2684//5413 2686//5413 
f 2332//5414 2682//5414 2333//5414 
f 2332//5415 2350//5415 2682//5415 
f 2764//5416 2759//5416 2350//5416 
f 2765//5417 2759//5417 2764//5417 
f 2765//5418 2691//5418 2690//5418 
f 2765//5419 2367//5419 2691//5419 
f 2765//5420 2690//5420 2759//5420 
f 2351//5421 2764//5421 2350//5421 
f 2351//5422 2765//5422 2764//5422 
f 2351//5423 2367//5423 2765//5423 
f 2766//5424 2686//5424 2490//5424 
f 2767//5425 2766//5425 2490//5425 
f 2767//5426 2693//5426 2695//5426 
f 2767//5427 2490//5427 2693//5427 
f 2768//5428 2766//5428 2767//5428 
f 2769//5429 2686//5429 2766//5429 
f 2769//5430 2697//5430 2687//5430 
f 2769//5431 2687//5431 2686//5431 
f 2769//5432 2766//5432 2768//5432 
f 2770//5433 2767//5433 2695//5433 
f 2770//5434 2768//5434 2767//5434 
f 2770//5435 2697//5435 2769//5435 
f 2770//5436 2769//5436 2768//5436 
f 2770//5437 2695//5437 2697//5437 
f 2771//5438 2494//5438 2496//5438 
f 2771//5439 2695//5439 2494//5439 
f 2771//5440 2499//5440 2698//5440 
f 2771//5441 2698//5441 2699//5441 
f 2771//5442 2496//5442 2499//5442 
f 2771//5443 2699//5443 2700//5443 
f 2772//5444 2771//5444 2700//5444 
f 2772//5445 2695//5445 2771//5445 
f 2773//5446 2774//5446 2696//5446 
f 2773//5447 2696//5447 2695//5447 
f 2773//5448 2695//5448 2772//5448 
f 2775//5449 2700//5449 2701//5449 
f 2775//5450 2701//5450 2774//5450 
f 2775//5451 2772//5451 2700//5451 
f 2775//5452 2773//5452 2772//5452 
f 2775//5453 2774//5453 2773//5453 
f 2339//5454 2511//5454 2510//5454 
f 2339//5455 2712//5455 2513//5455 
f 2339//5456 2341//5456 2712//5456 
f 2339//5457 2706//5457 3311//5457 
f 2339//5458 2513//5458 2511//5458 
f 2339//5459 2708//5459 2706//5459 
f 2339//5460 2510//5460 2710//5460 
f 2339//5461 2710//5461 2708//5461 
f 3311//5462 1862//5462 1837//5462 
f 1789//5463 2271//5463 3311//5463 
f 1789//5464 3311//5464 1837//5464 
f 2679//5465 2485//5465 2484//5465 
f 2477//5466 2485//5466 2679//5466 
f 2680//5467 2477//5467 2679//5467 
f 2476//5468 2477//5468 2680//5468 
f 2697//5469 2681//5469 2688//5469 
f 2697//5470 2688//5470 2687//5470 
f 2459//5471 2464//5471 2470//5471 
f 2459//5472 2470//5472 2473//5472 
f 2453//5473 2459//5473 2473//5473 
f 2453//5474 2473//5474 2476//5474 
f 2696//5475 2680//5475 2681//5475 
f 2696//5476 2476//5476 2680//5476 
f 2696//5477 2681//5477 2697//5477 
f 2436//5478 2442//5478 2449//5478 
f 2436//5479 2449//5479 2452//5479 
f 2067//5480 2696//5480 2774//5480 
f 2067//5481 2774//5481 2701//5481 
f 2067//5482 2701//5482 2063//5482 
f 2433//5483 2436//5483 2452//5483 
f 2433//5484 2452//5484 2453//5484 
f 2079//5485 2476//5485 2696//5485 
f 2079//5486 2453//5486 2476//5486 
f 2079//5487 2696//5487 2067//5487 
f 2418//5488 2422//5488 2428//5488 
f 2089//5489 2078//5489 2090//5489 
f 2417//5490 2428//5490 2432//5490 
f 2417//5491 2418//5491 2428//5491 
f 2092//5492 2079//5492 2078//5492 
f 2092//5493 2078//5493 2089//5493 
f 2414//5494 2417//5494 2432//5494 
f 2100//5495 2079//5495 2092//5495 
f 1915//5496 2101//5496 1916//5496 
f 2591//5497 2407//5497 2406//5497 
f 2591//5498 2406//5498 2411//5498 
f 1920//5499 2100//5499 2101//5499 
f 1920//5500 2101//5500 1915//5500 
f 2590//5501 2411//5501 2414//5501 
f 2590//5502 2591//5502 2411//5502 
f 1919//5503 2079//5503 2100//5503 
f 1919//5504 2100//5504 1920//5504 
f 2566//5505 2580//5505 2579//5505 
f 2566//5506 2579//5506 2582//5506 
f 1936//5507 1925//5507 1926//5507 
f 1936//5508 1926//5508 1929//5508 
f 1940//5509 1919//5509 1925//5509 
f 1940//5510 2079//5510 1919//5510 
f 1940//5511 1925//5511 1936//5511 
f 2567//5512 2453//5512 2079//5512 
f 2567//5513 2582//5513 2590//5513 
f 2567//5514 2432//5514 2433//5514 
f 2567//5515 2433//5515 2453//5515 
f 2567//5516 2414//5516 2432//5516 
f 2567//5517 2590//5517 2414//5517 
f 2567//5518 2566//5518 2582//5518 
f 1941//5519 2079//5519 1940//5519 
f 1782//5520 1862//5520 2555//5520 
f 1959//5521 1947//5521 1952//5521 
f 1779//5522 1782//5522 2555//5522 
f 1961//5523 1947//5523 1959//5523 
f 1961//5524 1941//5524 1947//5524 
f 1780//5525 2555//5525 2567//5525 
f 1780//5526 1779//5526 2555//5526 
f 1962//5527 1941//5527 1961//5527 
f 1962//5528 2567//5528 2079//5528 
f 1962//5529 2079//5529 1941//5529 
f 1978//5530 1967//5530 1972//5530 
f 2202//5531 2201//5531 2209//5531 
f 1980//5532 1967//5532 1978//5532 
f 1980//5533 1962//5533 1967//5533 
f 2193//5534 2202//5534 2209//5534 
f 2193//5535 2209//5535 1780//5535 
f 1983//5536 1780//5536 2567//5536 
f 1983//5537 2567//5537 1962//5537 
f 1983//5538 1962//5538 1980//5538 
f 2195//5539 2193//5539 1780//5539 
f 2195//5540 1780//5540 1983//5540 
f 1984//5541 2195//5541 1983//5541 
f 2194//5542 2195//5542 1984//5542 
f 1992//5543 2194//5543 1984//5543 
f 1991//5544 2194//5544 1992//5544 
f 2776//5545 2777//5545 2778//5545 
f 2776//5546 2779//5546 2777//5546 
f 2780//5547 2778//5547 2781//5547 
f 2780//5548 2776//5548 2778//5548 
f 2782//5549 2783//5549 2784//5549 
f 2785//5550 2782//5550 2786//5550 
f 2785//5551 2781//5551 2783//5551 
f 2785//5552 2783//5552 2782//5552 
f 2787//5553 2788//5553 2789//5553 
f 2787//5554 2785//5554 2788//5554 
f 2787//5555 2781//5555 2785//5555 
f 2790//5556 2781//5556 2787//5556 
f 2791//5557 2790//5557 2792//5557 
f 2791//5558 2781//5558 2790//5558 
f 2793//5559 2794//5559 2780//5559 
f 2793//5560 2780//5560 2781//5560 
f 2793//5561 2781//5561 2791//5561 
f 2795//5562 2796//5562 2794//5562 
f 2797//5563 2795//5563 2794//5563 
f 2798//5564 2799//5564 2797//5564 
f 2800//5565 2801//5565 2802//5565 
f 2800//5566 2803//5566 2801//5566 
f 2804//5567 2794//5567 2793//5567 
f 2805//5568 2806//5568 2800//5568 
f 2807//5569 2804//5569 2808//5569 
f 2807//5570 2794//5570 2804//5570 
f 2809//5571 2802//5571 2798//5571 
f 2809//5572 2810//5572 2805//5572 
f 2809//5573 2797//5573 2794//5573 
f 2809//5574 2798//5574 2797//5574 
f 2809//5575 2794//5575 2807//5575 
f 2809//5576 2800//5576 2802//5576 
f 2809//5577 2805//5577 2800//5577 
f 2811//5578 2809//5578 2807//5578 
f 2812//5579 2793//5579 2791//5579 
f 2812//5580 2813//5580 2793//5580 
f 2814//5581 2791//5581 2792//5581 
f 2814//5582 2792//5582 2790//5582 
f 2814//5583 2812//5583 2791//5583 
f 2815//5584 2814//5584 2790//5584 
f 2816//5585 2790//5585 2787//5585 
f 2816//5586 2815//5586 2790//5586 
f 2817//5587 2787//5587 2789//5587 
f 2817//5588 2789//5588 2788//5588 
f 2817//5589 2816//5589 2787//5589 
f 2818//5590 2817//5590 2788//5590 
f 2819//5591 2788//5591 2785//5591 
f 2819//5592 2785//5592 2786//5592 
f 2819//5593 2818//5593 2788//5593 
f 2820//5594 2819//5594 2786//5594 
f 2821//5595 2786//5595 2782//5595 
f 2821//5596 2820//5596 2786//5596 
f 2822//5597 2782//5597 2784//5597 
f 2822//5598 2821//5598 2782//5598 
f 2823//5599 2784//5599 2783//5599 
f 2823//5600 2783//5600 2781//5600 
f 2823//5601 2822//5601 2784//5601 
f 2824//5602 2823//5602 2781//5602 
f 2825//5603 2781//5603 2778//5603 
f 2825//5604 2778//5604 2777//5604 
f 2825//5605 2824//5605 2781//5605 
f 2826//5606 2825//5606 2777//5606 
f 2827//5607 2826//5607 2777//5607 
f 2827//5608 2777//5608 2779//5608 
f 2827//5609 2779//5609 2776//5609 
f 2828//5610 2827//5610 2776//5610 
f 2829//5611 2828//5611 2776//5611 
f 2829//5612 2776//5612 2780//5612 
f 2830//5613 2829//5613 2780//5613 
f 2830//5614 2780//5614 2794//5614 
f 2831//5615 2794//5615 2796//5615 
f 2831//5616 2830//5616 2794//5616 
f 2832//5617 2796//5617 2795//5617 
f 2832//5618 2795//5618 2797//5618 
f 2832//5619 2831//5619 2796//5619 
f 2833//5620 2797//5620 2799//5620 
f 2833//5621 2832//5621 2797//5621 
f 2834//5622 2833//5622 2799//5622 
f 2835//5623 2799//5623 2798//5623 
f 2835//5624 2798//5624 2802//5624 
f 2835//5625 2834//5625 2799//5625 
f 2836//5626 2835//5626 2802//5626 
f 2837//5627 2802//5627 2801//5627 
f 2837//5628 2836//5628 2802//5628 
f 2838//5629 2801//5629 2803//5629 
f 2838//5630 2803//5630 2800//5630 
f 2838//5631 2837//5631 2801//5631 
f 2839//5632 2838//5632 2800//5632 
f 2840//5633 2800//5633 2806//5633 
f 2840//5634 2839//5634 2800//5634 
f 2841//5635 2806//5635 2805//5635 
f 2841//5636 2840//5636 2806//5636 
f 2842//5637 2805//5637 2810//5637 
f 2842//5638 2810//5638 2809//5638 
f 2842//5639 2841//5639 2805//5639 
f 2843//5640 2842//5640 2809//5640 
f 2844//5641 2809//5641 2811//5641 
f 2844//5642 2843//5642 2809//5642 
f 2845//5643 2844//5643 2811//5643 
f 2845//5644 2811//5644 2807//5644 
f 2846//5645 2845//5645 2807//5645 
f 2846//5646 2807//5646 2808//5646 
f 2847//5647 2846//5647 2808//5647 
f 2847//5648 2808//5648 2804//5648 
f 2813//5649 2847//5649 2804//5649 
f 2813//5650 2804//5650 2793//5650 
f 2826//5651 2827//5651 2825//5651 
f 2827//5652 2828//5652 2825//5652 
f 2823//5653 2821//5653 2822//5653 
f 2824//5654 2821//5654 2823//5654 
f 2825//5655 2830//5655 2824//5655 
f 2829//5656 2830//5656 2828//5656 
f 2828//5657 2830//5657 2825//5657 
f 2821//5658 2819//5658 2820//5658 
f 2819//5659 2817//5659 2818//5659 
f 2824//5660 2817//5660 2821//5660 
f 2830//5661 2817//5661 2824//5661 
f 2821//5662 2817//5662 2819//5662 
f 2817//5663 2815//5663 2816//5663 
f 2830//5664 2814//5664 2817//5664 
f 2817//5665 2814//5665 2815//5665 
f 2814//5666 2813//5666 2812//5666 
f 2830//5667 2813//5667 2814//5667 
f 2831//5668 2832//5668 2830//5668 
f 2832//5669 2833//5669 2830//5669 
f 2834//5670 2835//5670 2833//5670 
f 2835//5671 2836//5671 2833//5671 
f 2837//5672 2839//5672 2836//5672 
f 2838//5673 2839//5673 2837//5673 
f 2836//5674 2839//5674 2833//5674 
f 2830//5675 2846//5675 2813//5675 
f 2813//5676 2846//5676 2847//5676 
f 2841//5677 2842//5677 2840//5677 
f 2840//5678 2844//5678 2839//5678 
f 2843//5679 2844//5679 2842//5679 
f 2846//5680 2844//5680 2845//5680 
f 2833//5681 2844//5681 2830//5681 
f 2842//5682 2844//5682 2840//5682 
f 2839//5683 2844//5683 2833//5683 
f 2830//5684 2844//5684 2846//5684 
f 2848//5685 2849//5685 2850//5685 
f 2850//5686 2849//5686 2851//5686 
f 2851//5687 2852//5687 2853//5687 
f 2849//5688 2852//5688 2851//5688 
f 2852//5689 2854//5689 2853//5689 
f 2853//5690 2855//5690 2856//5690 
f 2856//5691 2855//5691 2857//5691 
f 2857//5692 2855//5692 2858//5692 
f 2858//5693 2855//5693 2859//5693 
f 2854//5694 2860//5694 2853//5694 
f 2853//5695 2861//5695 2855//5695 
f 2860//5696 2861//5696 2853//5696 
f 2862//5697 2863//5697 2864//5697 
f 2864//5698 2863//5698 2865//5698 
f 2865//5699 2863//5699 2866//5699 
f 2866//5700 2863//5700 2867//5700 
f 2867//5701 2863//5701 2868//5701 
f 2868//5702 2863//5702 2869//5702 
f 2869//5703 2863//5703 2870//5703 
f 2870//5704 2863//5704 2871//5704 
f 2871//5705 2863//5705 2872//5705 
f 2872//5706 2863//5706 2873//5706 
f 2873//5707 2863//5707 2874//5707 
f 2862//5708 2875//5708 2863//5708 
f 2862//5709 2876//5709 2875//5709 
f 2862//5710 2877//5710 2876//5710 
f 2862//5711 2878//5711 2877//5711 
f 2862//5712 2879//5712 2878//5712 
f 2862//5713 2880//5713 2879//5713 
f 2862//5714 2881//5714 2880//5714 
f 2862//5715 2882//5715 2881//5715 
f 2859//5716 2855//5716 2883//5716 
f 2884//5717 2859//5717 2883//5717 
f 2884//5718 2883//5718 2885//5718 
f 2886//5719 2884//5719 2885//5719 
f 2886//5720 2887//5720 2888//5720 
f 2886//5721 2885//5721 2887//5721 
f 2889//5722 2886//5722 2888//5722 
f 2889//5723 2888//5723 2890//5723 
f 2891//5724 2889//5724 2890//5724 
f 2892//5725 2889//5725 2891//5725 
f 2892//5726 2891//5726 2893//5726 
f 2894//5727 2892//5727 2893//5727 
f 2894//5728 2895//5728 2896//5728 
f 2894//5729 2893//5729 2895//5729 
f 2874//5730 2863//5730 2897//5730 
f 2898//5731 2894//5731 2896//5731 
f 2898//5732 2896//5732 2899//5732 
f 2900//5733 2897//5733 2901//5733 
f 2900//5734 2874//5734 2897//5734 
f 2902//5735 2898//5735 2899//5735 
f 2902//5736 2899//5736 2903//5736 
f 2904//5737 2901//5737 2905//5737 
f 2904//5738 2900//5738 2901//5738 
f 2906//5739 2902//5739 2903//5739 
f 2906//5740 2903//5740 2907//5740 
f 2908//5741 2906//5741 2907//5741 
f 2908//5742 2907//5742 2909//5742 
f 2910//5743 2905//5743 2911//5743 
f 2910//5744 2904//5744 2905//5744 
f 2912//5745 2908//5745 2909//5745 
f 2912//5746 2909//5746 2913//5746 
f 2914//5747 2911//5747 2915//5747 
f 2914//5748 2910//5748 2911//5748 
f 2916//5749 2912//5749 2913//5749 
f 2916//5750 2913//5750 2917//5750 
f 2918//5751 2915//5751 2919//5751 
f 2918//5752 2914//5752 2915//5752 
f 2920//5753 2916//5753 2917//5753 
f 2920//5754 2917//5754 2921//5754 
f 2922//5755 2918//5755 2919//5755 
f 2922//5756 2923//5756 2924//5756 
f 2922//5757 2919//5757 2923//5757 
f 2925//5758 2920//5758 2921//5758 
f 2925//5759 2921//5759 2926//5759 
f 2927//5760 2925//5760 2926//5760 
f 2927//5761 2926//5761 2928//5761 
f 2929//5762 2922//5762 2924//5762 
f 2929//5763 2930//5763 2931//5763 
f 2929//5764 2924//5764 2930//5764 
f 2932//5765 2927//5765 2928//5765 
f 2932//5766 2928//5766 2933//5766 
f 2934//5767 2929//5767 2931//5767 
f 2934//5768 2935//5768 2936//5768 
f 2934//5769 2931//5769 2935//5769 
f 2937//5770 2932//5770 2933//5770 
f 2937//5771 2933//5771 2938//5771 
f 2939//5772 2934//5772 2936//5772 
f 2939//5773 2940//5773 2941//5773 
f 2939//5774 2936//5774 2940//5774 
f 2942//5775 2937//5775 2938//5775 
f 2942//5776 2938//5776 2943//5776 
f 2944//5777 2942//5777 2943//5777 
f 2944//5778 2943//5778 2945//5778 
f 2946//5779 2941//5779 2947//5779 
f 2946//5780 2939//5780 2941//5780 
f 2948//5781 2944//5781 2945//5781 
f 2948//5782 2945//5782 2949//5782 
f 2950//5783 2947//5783 2951//5783 
f 2950//5784 2946//5784 2947//5784 
f 2952//5785 2948//5785 2949//5785 
f 2953//5786 2951//5786 2954//5786 
f 2953//5787 2950//5787 2951//5787 
f 2955//5788 2949//5788 2956//5788 
f 2955//5789 2952//5789 2949//5789 
f 2957//5790 2956//5790 2958//5790 
f 2957//5791 2955//5791 2956//5791 
f 2959//5792 2960//5792 2961//5792 
f 2959//5793 2954//5793 2960//5793 
f 2959//5794 2953//5794 2954//5794 
f 2962//5795 2957//5795 2958//5795 
f 2963//5796 2961//5796 2964//5796 
f 2963//5797 2959//5797 2961//5797 
f 2965//5798 2958//5798 2966//5798 
f 2965//5799 2962//5799 2958//5799 
f 2967//5800 2965//5800 2966//5800 
f 2968//5801 2963//5801 2964//5801 
f 2968//5802 2969//5802 2970//5802 
f 2968//5803 2964//5803 2969//5803 
f 2971//5804 2966//5804 2972//5804 
f 2971//5805 2967//5805 2966//5805 
f 2973//5806 2971//5806 2972//5806 
f 2974//5807 2968//5807 2970//5807 
f 2974//5808 2975//5808 2976//5808 
f 2974//5809 2970//5809 2975//5809 
f 2977//5810 2972//5810 2978//5810 
f 2977//5811 2973//5811 2972//5811 
f 2979//5812 2977//5812 2978//5812 
f 2980//5813 2974//5813 2976//5813 
f 2980//5814 2981//5814 2982//5814 
f 2980//5815 2976//5815 2981//5815 
f 2983//5816 2978//5816 2984//5816 
f 2983//5817 2979//5817 2978//5817 
f 2985//5818 2983//5818 2984//5818 
f 2986//5819 2985//5819 2984//5819 
f 2987//5820 2988//5820 2989//5820 
f 2987//5821 2982//5821 2988//5821 
f 2987//5822 2980//5822 2982//5822 
f 2990//5823 2986//5823 2984//5823 
f 2991//5824 2984//5824 2992//5824 
f 2991//5825 2990//5825 2984//5825 
f 2993//5826 2991//5826 2992//5826 
f 2994//5827 2993//5827 2992//5827 
f 2995//5828 2994//5828 2992//5828 
f 2996//5829 2995//5829 2992//5829 
f 2997//5830 2995//5830 2996//5830 
f 2998//5831 2999//5831 3000//5831 
f 2998//5832 3001//5832 2999//5832 
f 2998//5833 2989//5833 3001//5833 
f 2998//5834 2987//5834 2989//5834 
f 3002//5835 3003//5835 3004//5835 
f 3002//5836 3005//5836 3003//5836 
f 3002//5837 3006//5837 3005//5837 
f 3002//5838 3000//5838 3006//5838 
f 3002//5839 2998//5839 3000//5839 
f 3007//5840 3008//5840 3009//5840 
f 3007//5841 3004//5841 3008//5841 
f 3007//5842 3002//5842 3004//5842 
f 3010//5843 2996//5843 3011//5843 
f 3010//5844 3009//5844 2997//5844 
f 3010//5845 2997//5845 2996//5845 
f 3010//5846 3007//5846 3009//5846 
f 3012//5847 3011//5847 3013//5847 
f 3012//5848 3010//5848 3011//5848 
f 3014//5849 3012//5849 3013//5849 
f 3015//5850 3016//5850 3017//5850 
f 3015//5851 3018//5851 3016//5851 
f 3015//5852 3019//5852 3018//5852 
f 3015//5853 3020//5853 3019//5853 
f 3015//5854 3021//5854 3020//5854 
f 3015//5855 3022//5855 3021//5855 
f 3015//5856 3023//5856 3022//5856 
f 3015//5857 3024//5857 3023//5857 
f 3015//5858 3025//5858 3024//5858 
f 3015//5859 3026//5859 3025//5859 
f 3015//5860 3027//5860 3026//5860 
f 3015//5861 3028//5861 3027//5861 
f 3015//5862 3029//5862 3028//5862 
f 3015//5863 3030//5863 3029//5863 
f 3015//5864 3031//5864 3030//5864 
f 3015//5865 3032//5865 3031//5865 
f 3015//5866 3013//5866 3032//5866 
f 3014//5867 3013//5867 3033//5867 
f 3033//5868 3013//5868 3034//5868 
f 3034//5869 3013//5869 3035//5869 
f 3035//5870 3013//5870 3036//5870 
f 3036//5871 3013//5871 3037//5871 
f 3037//5872 3013//5872 3038//5872 
f 3038//5873 3013//5873 3039//5873 
f 3039//5874 3013//5874 3040//5874 
f 3040//5875 3013//5875 3041//5875 
f 3041//5876 3013//5876 3042//5876 
f 3042//5877 3013//5877 3043//5877 
f 3043//5878 3013//5878 3044//5878 
f 3044//5879 3013//5879 3045//5879 
f 3045//5880 3013//5880 3046//5880 
f 3046//5881 3013//5881 3047//5881 
f 3047//5882 3013//5882 3048//5882 
f 3048//5883 3013//5883 3049//5883 
f 3049//5884 3013//5884 3050//5884 
f 3050//5885 3013//5885 3015//5885 
f 3015//5886 3017//5886 3051//5886 
f 3052//5887 3051//5887 3053//5887 
f 3052//5888 3015//5888 3051//5888 
f 3054//5889 3053//5889 3055//5889 
f 3054//5890 3052//5890 3053//5890 
f 3056//5891 3055//5891 3057//5891 
f 3056//5892 3054//5892 3055//5892 
f 3058//5893 3057//5893 3059//5893 
f 3058//5894 3056//5894 3057//5894 
f 3060//5895 3059//5895 3061//5895 
f 3060//5896 3058//5896 3059//5896 
f 3062//5897 3061//5897 3063//5897 
f 3062//5898 3060//5898 3061//5898 
f 3064//5899 3063//5899 3065//5899 
f 3064//5900 3062//5900 3063//5900 
f 3066//5901 3065//5901 3067//5901 
f 3066//5902 3064//5902 3065//5902 
f 3066//5903 3067//5903 3068//5903 
f 3069//5904 3068//5904 3070//5904 
f 3069//5905 3066//5905 3068//5905 
f 3071//5906 3072//5906 3073//5906 
f 3074//5907 3070//5907 3075//5907 
f 3074//5908 3069//5908 3070//5908 
f 3076//5909 3075//5909 3072//5909 
f 3076//5910 3072//5910 3071//5910 
f 3076//5911 3074//5911 3075//5911 
f 3077//5912 3078//5912 3079//5912 
f 3077//5913 3080//5913 3078//5913 
f 3081//5914 3079//5914 3082//5914 
f 3081//5915 3077//5915 3079//5915 
f 3083//5916 3082//5916 3084//5916 
f 3083//5917 3081//5917 3082//5917 
f 3085//5918 3084//5918 3086//5918 
f 3085//5919 3083//5919 3084//5919 
f 3087//5920 3085//5920 3086//5920 
f 3087//5921 3086//5921 3088//5921 
f 3089//5922 3088//5922 3090//5922 
f 3089//5923 3087//5923 3088//5923 
f 3091//5924 3090//5924 3092//5924 
f 3091//5925 3089//5925 3090//5925 
f 3093//5926 3092//5926 3094//5926 
f 3093//5927 3091//5927 3092//5927 
f 3095//5928 3096//5928 3097//5928 
f 3095//5929 3094//5929 3096//5929 
f 3095//5930 3093//5930 3094//5930 
f 3098//5931 3097//5931 3099//5931 
f 3098//5932 3095//5932 3097//5932 
f 3100//5933 3099//5933 3101//5933 
f 3100//5934 3098//5934 3099//5934 
f 3102//5935 3101//5935 3103//5935 
f 3102//5936 3100//5936 3101//5936 
f 3104//5937 3102//5937 3103//5937 
f 3104//5938 3105//5938 3106//5938 
f 3106//5939 3105//5939 3107//5939 
f 3107//5940 3105//5940 3108//5940 
f 3108//5941 3105//5941 3109//5941 
f 3109//5942 3105//5942 3110//5942 
f 3110//5943 3105//5943 3111//5943 
f 3111//5944 3105//5944 3112//5944 
f 3112//5945 3105//5945 3113//5945 
f 3113//5946 3105//5946 3114//5946 
f 3114//5947 3105//5947 3115//5947 
f 3115//5948 3105//5948 3116//5948 
f 3116//5949 3105//5949 3117//5949 
f 3117//5950 3105//5950 3118//5950 
f 3118//5951 3105//5951 3119//5951 
f 3119//5952 3105//5952 3120//5952 
f 3120//5953 3105//5953 3121//5953 
f 3121//5954 3105//5954 3122//5954 
f 3103//5955 3123//5955 3104//5955 
f 3104//5956 3124//5956 3105//5956 
f 3123//5957 3125//5957 3104//5957 
f 3104//5958 3126//5958 3124//5958 
f 3125//5959 3127//5959 3104//5959 
f 3104//5960 3128//5960 3126//5960 
f 3127//5961 3129//5961 3104//5961 
f 3104//5962 3130//5962 3128//5962 
f 3129//5963 3131//5963 3104//5963 
f 3104//5964 3132//5964 3130//5964 
f 3131//5965 3133//5965 3104//5965 
f 3104//5966 3134//5966 3132//5966 
f 3133//5967 3135//5967 3104//5967 
f 3104//5968 3136//5968 3134//5968 
f 3135//5969 3137//5969 3104//5969 
f 3104//5970 3138//5970 3136//5970 
f 3137//5971 3139//5971 3104//5971 
f 3104//5972 3140//5972 3138//5972 
f 3139//5973 3140//5973 3104//5973 
f 3122//5974 3105//5974 3141//5974 
f 3142//5975 3143//5975 3144//5975 
f 3142//5976 3141//5976 3143//5976 
f 3142//5977 3122//5977 3141//5977 
f 3145//5978 3144//5978 3146//5978 
f 3147//5979 3144//5979 3145//5979 
f 3148//5980 3145//5980 3146//5980 
f 3149//5981 3148//5981 3146//5981 
f 3150//5982 3149//5982 3146//5982 
f 3151//5983 3146//5983 3152//5983 
f 3151//5984 3150//5984 3146//5984 
f 3153//5985 3151//5985 3152//5985 
f 3154//5986 3147//5986 3155//5986 
f 3154//5987 3142//5987 3144//5987 
f 3154//5988 3144//5988 3147//5988 
f 3156//5989 3153//5989 3152//5989 
f 3157//5990 3152//5990 3158//5990 
f 3157//5991 3156//5991 3152//5991 
f 3159//5992 3157//5992 3158//5992 
f 3160//5993 3161//5993 3162//5993 
f 3160//5994 3163//5994 3161//5994 
f 3160//5995 3164//5995 3163//5995 
f 3160//5996 3155//5996 3164//5996 
f 3160//5997 3154//5997 3155//5997 
f 3165//5998 3159//5998 3158//5998 
f 3166//5999 3158//5999 3167//5999 
f 3166//6000 3165//6000 3158//6000 
f 3168//6001 3169//6001 3170//6001 
f 3168//6002 3171//6002 3169//6002 
f 3168//6003 3162//6003 3171//6003 
f 3168//6004 3160//6004 3162//6004 
f 3172//6005 3166//6005 3167//6005 
f 3173//6006 3167//6006 3174//6006 
f 3173//6007 3172//6007 3167//6007 
f 3175//6008 3173//6008 3174//6008 
f 3176//6009 3177//6009 3178//6009 
f 3176//6010 3170//6010 3177//6010 
f 3176//6011 3168//6011 3170//6011 
f 3176//6012 3178//6012 3179//6012 
f 3180//6013 3175//6013 3174//6013 
f 3180//6014 3174//6014 3181//6014 
f 3182//6015 3180//6015 3181//6015 
f 3182//6016 3181//6016 3183//6016 
f 3184//6017 3176//6017 3179//6017 
f 3184//6018 3185//6018 3186//6018 
f 3184//6019 3179//6019 3185//6019 
f 3187//6020 3182//6020 3183//6020 
f 3188//6021 3184//6021 3186//6021 
f 3188//6022 3189//6022 3190//6022 
f 3188//6023 3186//6023 3189//6023 
f 3191//6024 3183//6024 3192//6024 
f 3191//6025 3187//6025 3183//6025 
f 3193//6026 3191//6026 3192//6026 
f 3193//6027 3192//6027 3194//6027 
f 3195//6028 3188//6028 3190//6028 
f 3195//6029 3196//6029 3197//6029 
f 3195//6030 3190//6030 3196//6030 
f 3198//6031 3194//6031 3199//6031 
f 3198//6032 3193//6032 3194//6032 
f 3200//6033 3198//6033 3199//6033 
f 3201//6034 3199//6034 3202//6034 
f 3201//6035 3200//6035 3199//6035 
f 3203//6036 3195//6036 3197//6036 
f 3203//6037 3197//6037 3204//6037 
f 3205//6038 3202//6038 3206//6038 
f 3205//6039 3201//6039 3202//6039 
f 3207//6040 3203//6040 3204//6040 
f 3207//6041 3208//6041 3209//6041 
f 3207//6042 3204//6042 3208//6042 
f 3210//6043 3206//6043 3211//6043 
f 3210//6044 3205//6044 3206//6044 
f 3212//6045 3207//6045 3209//6045 
f 3212//6046 3213//6046 3214//6046 
f 3212//6047 3209//6047 3213//6047 
f 3215//6048 3211//6048 3216//6048 
f 3215//6049 3210//6049 3211//6049 
f 3217//6050 3216//6050 3218//6050 
f 3217//6051 3215//6051 3216//6051 
f 3219//6052 3214//6052 3220//6052 
f 3219//6053 3212//6053 3214//6053 
f 3221//6054 3217//6054 3218//6054 
f 3221//6055 3218//6055 3222//6055 
f 3223//6056 3224//6056 3225//6056 
f 3223//6057 3220//6057 3224//6057 
f 3223//6058 3219//6058 3220//6058 
f 3226//6059 3221//6059 3222//6059 
f 3226//6060 3222//6060 3227//6060 
f 3228//6061 3223//6061 3225//6061 
f 3228//6062 3229//6062 3230//6062 
f 3228//6063 3225//6063 3229//6063 
f 3231//6064 3226//6064 3227//6064 
f 3231//6065 3227//6065 3232//6065 
f 3233//6066 3231//6066 3232//6066 
f 3233//6067 3232//6067 3234//6067 
f 3235//6068 3228//6068 3230//6068 
f 3235//6069 3230//6069 3236//6069 
f 3237//6070 3233//6070 3234//6070 
f 3238//6071 3237//6071 3234//6071 
f 3239//6072 3235//6072 3236//6072 
f 3239//6073 3240//6073 3241//6073 
f 3239//6074 3236//6074 3240//6074 
f 3242//6075 3237//6075 3238//6075 
f 3243//6076 3242//6076 3238//6076 
f 3244//6077 3242//6077 3243//6077 
f 3245//6078 3246//6078 3247//6078 
f 3245//6079 3239//6079 3241//6079 
f 3245//6080 3241//6080 3246//6080 
f 3248//6081 3243//6081 3249//6081 
f 3248//6082 3244//6082 3243//6082 
f 3248//6083 3249//6083 3250//6083 
f 3251//6084 3252//6084 3253//6084 
f 3251//6085 3250//6085 3252//6085 
f 3251//6086 3248//6086 3250//6086 
f 3254//6087 3245//6087 3247//6087 
f 3254//6088 3255//6088 3256//6088 
f 3254//6089 3247//6089 3255//6089 
f 3257//6090 3258//6090 3259//6090 
f 3257//6091 3253//6091 3258//6091 
f 3257//6092 3251//6092 3253//6092 
f 3260//6093 3261//6093 3262//6093 
f 3260//6094 3259//6094 3261//6094 
f 3260//6095 3257//6095 3259//6095 
f 3263//6096 3256//6096 3264//6096 
f 3263//6097 3254//6097 3256//6097 
f 3265//6098 3262//6098 3266//6098 
f 3265//6099 3260//6099 3262//6099 
f 3267//6100 3266//6100 3268//6100 
f 3267//6101 3265//6101 3266//6101 
f 3269//6102 3267//6102 3268//6102 
f 3269//6103 3268//6103 3270//6103 
f 3271//6104 3264//6104 3272//6104 
f 3271//6105 3263//6105 3264//6105 
f 3273//6106 3271//6106 3272//6106 
f 3273//6107 3272//6107 3274//6107 
f 3275//6108 3273//6108 3274//6108 
f 3275//6109 3274//6109 3276//6109 
f 3277//6110 3275//6110 3276//6110 
f 3278//6111 3279//6111 3280//6111 
f 3280//6112 3279//6112 3281//6112 
f 3282//6113 3283//6113 3278//6113 
f 3278//6114 3283//6114 3279//6114 
f 3282//6115 3284//6115 3283//6115 
f 3282//6116 3285//6116 3284//6116 
f 3282//6117 3286//6117 3285//6117 
f 3287//6118 3270//6118 3282//6118 
f 3282//6119 3270//6119 3286//6119 
f 3269//6120 3270//6120 3288//6120 
f 3288//6121 3270//6121 3289//6121 
f 3289//6122 3270//6122 3287//6122 
f 3290//6123 3291//6123 3292//6123 
f 3290//6124 3293//6124 3291//6124 
f 3290//6125 3294//6125 3293//6125 
f 3290//6126 3295//6126 3294//6126 
f 3290//6127 3296//6127 3295//6127 
f 3290//6128 3297//6128 3296//6128 
f 3290//6129 3298//6129 3297//6129 
f 3277//6130 3276//6130 3299//6130 
f 3299//6131 3276//6131 3300//6131 
f 3300//6132 3276//6132 3301//6132 
f 3301//6133 3276//6133 3302//6133 
f 3302//6134 3276//6134 3303//6134 
f 3303//6135 3276//6135 3304//6135 
f 3304//6136 3276//6136 3305//6136 
f 3305//6137 3276//6137 3306//6137 
f 3306//6138 3276//6138 3307//6138 
f 3307//6139 3276//6139 3308//6139 
f 3308//6140 3276//6140 3290//6140 
f 3290//6141 3276//6141 3298//6141 
f 3309//6142 3310//6142 3311//6142 
f 3311//6143 3310//6143 2271//6143 
f 3312//6144 3313//6144 3309//6144 
f 3309//6145 3313//6145 3310//6145 
f 3314//6146 3315//6146 3312//6146 
f 3312//6147 3315//6147 3313//6147 
f 3316//6148 3317//6148 3314//6148 
f 3314//6149 3317//6149 3315//6149 
f 3316//6150 3318//6150 3317//6150 
f 3319//6151 3320//6151 3316//6151 
f 3316//6152 3320//6152 3318//6152 
f 3321//6153 3322//6153 3319//6153 
f 3319//6154 3322//6154 3320//6154 
f 3323//6155 3324//6155 3321//6155 
f 3321//6156 3324//6156 3322//6156 
f 3323//6157 3325//6157 3324//6157 
f 3326//6158 3292//6158 3327//6158 
f 3327//6159 3292//6159 3328//6159 
f 3328//6160 3292//6160 3329//6160 
f 3329//6161 3292//6161 3330//6161 
f 3330//6162 3292//6162 3331//6162 
f 3331//6163 3292//6163 3332//6163 
f 3332//6164 3292//6164 3323//6164 
f 3323//6165 3292//6165 3325//6165 
f 3290//6166 3292//6166 3333//6166 
f 3333//6167 3292//6167 3334//6167 
f 3334//6168 3292//6168 3335//6168 
f 3335//6169 3292//6169 3326//6169 
f 3336//6170 2882//6170 3337//6170 
f 3337//6171 2882//6171 3338//6171 
f 3338//6172 2882//6172 3339//6172 
f 3339//6173 2882//6173 3340//6173 
f 3340//6174 2882//6174 3341//6174 
f 3341//6175 2882//6175 3342//6175 
f 3342//6176 2882//6176 3343//6176 
f 3343//6177 2882//6177 3344//6177 
f 3344//6178 2882//6178 3345//6178 
f 3345//6179 2882//6179 3346//6179 
f 3346//6180 2882//6180 2862//6180 
f 3347//6181 3348//6181 3336//6181 
f 3336//6182 3348//6182 2882//6182 
f 3349//6183 3350//6183 3347//6183 
f 3347//6184 3350//6184 3348//6184 
f 3351//6185 3352//6185 3349//6185 
f 3349//6186 3352//6186 3350//6186 
f 3353//6187 3354//6187 3351//6187 
f 3351//6188 3354//6188 3352//6188 
f 3353//6189 3355//6189 3354//6189 
f 3356//6190 3357//6190 3353//6190 
f 3353//6191 3357//6191 3355//6191 
f 3358//6192 3359//6192 3356//6192 
f 3356//6193 3359//6193 3357//6193 
f 1837//6194 3360//6194 3358//6194 
f 3358//6195 3360//6195 3359//6195 
f 1837//6196 3361//6196 3360//6196 
f 1837//6197 1789//6197 3361//6197 
f 3247//6198 3246//6198 2919//6198 
f 3247//6199 2919//6199 2915//6199 
f 3255//6200 2915//6200 2911//6200 
f 3255//6201 3247//6201 2915//6201 
f 3256//6202 2911//6202 2905//6202 
f 3256//6203 3255//6203 2911//6203 
f 3264//6204 2905//6204 2901//6204 
f 3264//6205 3256//6205 2905//6205 
f 3272//6206 2901//6206 2897//6206 
f 3272//6207 3264//6207 2901//6207 
f 3274//6208 2897//6208 2863//6208 
f 3274//6209 3272//6209 2897//6209 
f 3276//6210 3274//6210 2863//6210 
f 3298//6211 2863//6211 2875//6211 
f 3298//6212 3276//6212 2863//6212 
f 3297//6213 2875//6213 2876//6213 
f 3297//6214 3298//6214 2875//6214 
f 3296//6215 2876//6215 2877//6215 
f 3296//6216 3297//6216 2876//6216 
f 3295//6217 2877//6217 2878//6217 
f 3295//6218 3296//6218 2877//6218 
f 3294//6219 2878//6219 2879//6219 
f 3294//6220 3295//6220 2878//6220 
f 3293//6221 2879//6221 2880//6221 
f 3293//6222 3294//6222 2879//6222 
f 3291//6223 2880//6223 2881//6223 
f 3291//6224 3293//6224 2880//6224 
f 3292//6225 3291//6225 2881//6225 
f 3292//6226 2881//6226 2882//6226 
f 3325//6227 2882//6227 3348//6227 
f 3325//6228 3292//6228 2882//6228 
f 3324//6229 3348//6229 3350//6229 
f 3324//6230 3325//6230 3348//6230 
f 3322//6231 3350//6231 3352//6231 
f 3322//6232 3324//6232 3350//6232 
f 3320//6233 3352//6233 3354//6233 
f 3320//6234 3322//6234 3352//6234 
f 3318//6235 3354//6235 3355//6235 
f 3318//6236 3320//6236 3354//6236 
f 3317//6237 3355//6237 3357//6237 
f 3317//6238 3318//6238 3355//6238 
f 3315//6239 3357//6239 3359//6239 
f 3315//6240 3317//6240 3357//6240 
f 3313//6241 3359//6241 3360//6241 
f 3313//6242 3315//6242 3359//6242 
f 3310//6243 3360//6243 3361//6243 
f 3310//6244 3313//6244 3360//6244 
f 2271//6245 3361//6245 1789//6245 
f 2271//6246 3310//6246 3361//6246 
f 2271//6247 1837//6247 3311//6247 
f 2271//6248 1789//6248 1837//6248 
f 3311//6249 1837//6249 3309//6249 
f 3309//6250 3358//6250 3312//6250 
f 1837//6251 3358//6251 3309//6251 
f 3312//6252 3356//6252 3314//6252 
f 3358//6253 3356//6253 3312//6253 
f 3314//6254 3353//6254 3316//6254 
f 3356//6255 3353//6255 3314//6255 
f 3316//6256 3351//6256 3319//6256 
f 3353//6257 3351//6257 3316//6257 
f 3319//6258 3349//6258 3321//6258 
f 3351//6259 3349//6259 3319//6259 
f 3321//6260 3347//6260 3323//6260 
f 3349//6261 3347//6261 3321//6261 
f 3323//6262 3336//6262 3332//6262 
f 3347//6263 3336//6263 3323//6263 
f 3332//6264 3337//6264 3331//6264 
f 3336//6265 3337//6265 3332//6265 
f 3331//6266 3338//6266 3330//6266 
f 3337//6267 3338//6267 3331//6267 
f 3330//6268 3339//6268 3329//6268 
f 3338//6269 3339//6269 3330//6269 
f 3329//6270 3340//6270 3328//6270 
f 3339//6271 3340//6271 3329//6271 
f 3328//6272 3341//6272 3327//6272 
f 3340//6273 3341//6273 3328//6273 
f 3327//6274 3342//6274 3326//6274 
f 3341//6275 3342//6275 3327//6275 
f 3326//6276 3343//6276 3335//6276 
f 3342//6277 3343//6277 3326//6277 
f 3343//6278 3344//6278 3335//6278 
f 3335//6279 3344//6279 3345//6279 
f 3334//6280 3335//6280 3345//6280 
f 3333//6281 3345//6281 3346//6281 
f 3333//6282 3334//6282 3345//6282 
f 3290//6283 3346//6283 2862//6283 
f 3290//6284 3333//6284 3346//6284 
f 3308//6285 2862//6285 2864//6285 
f 3308//6286 3290//6286 2862//6286 
f 3307//6287 2864//6287 2865//6287 
f 3307//6288 3308//6288 2864//6288 
f 3306//6289 2865//6289 2866//6289 
f 3306//6290 3307//6290 2865//6290 
f 3305//6291 2866//6291 2867//6291 
f 3305//6292 3306//6292 2866//6292 
f 3304//6293 2867//6293 2868//6293 
f 3304//6294 3305//6294 2867//6294 
f 3303//6295 2868//6295 2869//6295 
f 3303//6296 3304//6296 2868//6296 
f 3302//6297 2869//6297 2870//6297 
f 3302//6298 3303//6298 2869//6298 
f 3301//6299 3302//6299 2870//6299 
f 3301//6300 2870//6300 2871//6300 
f 3300//6301 3301//6301 2871//6301 
f 3300//6302 2871//6302 2872//6302 
f 3299//6303 3300//6303 2872//6303 
f 3299//6304 2872//6304 2873//6304 
f 3277//6305 3299//6305 2873//6305 
f 3277//6306 2873//6306 2874//6306 
f 3275//6307 3277//6307 2874//6307 
f 3275//6308 2874//6308 2900//6308 
f 3273//6309 3275//6309 2900//6309 
f 3273//6310 2900//6310 2904//6310 
f 3271//6311 3273//6311 2904//6311 
f 3271//6312 2904//6312 2910//6312 
f 3263//6313 3271//6313 2910//6313 
f 3263//6314 2910//6314 2914//6314 
f 3254//6315 3263//6315 2914//6315 
f 3254//6316 2914//6316 2918//6316 
f 3245//6317 3254//6317 2918//6317 
f 3245//6318 2918//6318 2922//6318 
f 3239//6319 3245//6319 2922//6319 
f 3239//6320 2922//6320 2929//6320 
f 3235//6321 3239//6321 2929//6321 
f 3235//6322 2929//6322 2934//6322 
f 3228//6323 3235//6323 2934//6323 
f 3228//6324 2934//6324 2939//6324 
f 3223//6325 2939//6325 2946//6325 
f 3223//6326 3228//6326 2939//6326 
f 3219//6327 2946//6327 2950//6327 
f 3219//6328 3223//6328 2946//6328 
f 3212//6329 2950//6329 2953//6329 
f 3212//6330 3219//6330 2950//6330 
f 3212//6331 2953//6331 2959//6331 
f 3207//6332 3212//6332 2959//6332 
f 3207//6333 2959//6333 2963//6333 
f 3203//6334 3207//6334 2963//6334 
f 3203//6335 2963//6335 2968//6335 
f 3195//6336 3203//6336 2968//6336 
f 3195//6337 2968//6337 2974//6337 
f 3188//6338 3195//6338 2974//6338 
f 3188//6339 2974//6339 2980//6339 
f 3184//6340 3188//6340 2980//6340 
f 3184//6341 2980//6341 2987//6341 
f 3176//6342 3184//6342 2987//6342 
f 3176//6343 2987//6343 2998//6343 
f 3168//6344 3176//6344 2998//6344 
f 3168//6345 2998//6345 3002//6345 
f 3160//6346 3168//6346 3002//6346 
f 3160//6347 3002//6347 3007//6347 
f 3154//6348 3160//6348 3007//6348 
f 3154//6349 3007//6349 3010//6349 
f 3142//6350 3154//6350 3010//6350 
f 3142//6351 3010//6351 3012//6351 
f 3122//6352 3142//6352 3012//6352 
f 3122//6353 3012//6353 3014//6353 
f 3122//6354 3014//6354 3033//6354 
f 3121//6355 3122//6355 3033//6355 
f 3121//6356 3033//6356 3034//6356 
f 3120//6357 3121//6357 3034//6357 
f 3120//6358 3034//6358 3035//6358 
f 3119//6359 3120//6359 3035//6359 
f 3119//6360 3035//6360 3036//6360 
f 3118//6361 3036//6361 3037//6361 
f 3118//6362 3119//6362 3036//6362 
f 3117//6363 3037//6363 3038//6363 
f 3117//6364 3118//6364 3037//6364 
f 3116//6365 3038//6365 3039//6365 
f 3116//6366 3117//6366 3038//6366 
f 3115//6367 3039//6367 3040//6367 
f 3115//6368 3116//6368 3039//6368 
f 3114//6369 3040//6369 3041//6369 
f 3114//6370 3115//6370 3040//6370 
f 3113//6371 3041//6371 3042//6371 
f 3113//6372 3114//6372 3041//6372 
f 3112//6373 3042//6373 3043//6373 
f 3112//6374 3113//6374 3042//6374 
f 3111//6375 3043//6375 3044//6375 
f 3111//6376 3112//6376 3043//6376 
f 3045//6377 3111//6377 3044//6377 
f 3110//6378 3111//6378 3045//6378 
f 3046//6379 3110//6379 3045//6379 
f 3109//6380 3110//6380 3046//6380 
f 3109//6381 3046//6381 3047//6381 
f 3108//6382 3109//6382 3047//6382 
f 3108//6383 3047//6383 3048//6383 
f 3107//6384 3108//6384 3048//6384 
f 3107//6385 3048//6385 3049//6385 
f 3106//6386 3107//6386 3049//6386 
f 3106//6387 3049//6387 3050//6387 
f 3104//6388 3106//6388 3050//6388 
f 3104//6389 3050//6389 3015//6389 
f 3102//6390 3104//6390 3015//6390 
f 3102//6391 3015//6391 3052//6391 
f 3100//6392 3102//6392 3052//6392 
f 3100//6393 3052//6393 3054//6393 
f 3098//6394 3100//6394 3054//6394 
f 3098//6395 3054//6395 3056//6395 
f 3095//6396 3098//6396 3056//6396 
f 3095//6397 3056//6397 3058//6397 
f 3093//6398 3095//6398 3058//6398 
f 3093//6399 3058//6399 3060//6399 
f 3091//6400 3093//6400 3060//6400 
f 3091//6401 3060//6401 3062//6401 
f 3089//6402 3091//6402 3062//6402 
f 3089//6403 3062//6403 3064//6403 
f 3087//6404 3089//6404 3064//6404 
f 3087//6405 3064//6405 3066//6405 
f 3085//6406 3087//6406 3066//6406 
f 3085//6407 3066//6407 3069//6407 
f 3083//6408 3085//6408 3069//6408 
f 3074//6409 3083//6409 3069//6409 
f 3081//6410 3083//6410 3074//6410 
f 3076//6411 3081//6411 3074//6411 
f 3077//6412 3081//6412 3076//6412 
f 3071//6413 3077//6413 3076//6413 
f 3080//6414 3077//6414 3071//6414 
f 3080//6415 3071//6415 3073//6415 
f 3078//6416 3080//6416 3073//6416 
f 3072//6417 3078//6417 3073//6417 
f 3079//6418 3078//6418 3072//6418 
f 3075//6419 3079//6419 3072//6419 
f 3082//6420 3079//6420 3075//6420 
f 3070//6421 3082//6421 3075//6421 
f 3084//6422 3082//6422 3070//6422 
f 3084//6423 3070//6423 3068//6423 
f 3086//6424 3084//6424 3068//6424 
f 3086//6425 3068//6425 3067//6425 
f 3088//6426 3067//6426 3065//6426 
f 3088//6427 3086//6427 3067//6427 
f 3090//6428 3088//6428 3065//6428 
f 3090//6429 3065//6429 3063//6429 
f 3092//6430 3090//6430 3063//6430 
f 3092//6431 3063//6431 3061//6431 
f 3094//6432 3061//6432 3059//6432 
f 3094//6433 3092//6433 3061//6433 
f 3096//6434 3094//6434 3059//6434 
f 3057//6435 3096//6435 3059//6435 
f 3097//6436 3096//6436 3057//6436 
f 3055//6437 3097//6437 3057//6437 
f 3099//6438 3055//6438 3053//6438 
f 3099//6439 3097//6439 3055//6439 
f 3101//6440 3053//6440 3051//6440 
f 3101//6441 3099//6441 3053//6441 
f 3103//6442 3101//6442 3051//6442 
f 3103//6443 3051//6443 3017//6443 
f 3123//6444 3017//6444 3016//6444 
f 3123//6445 3103//6445 3017//6445 
f 3125//6446 3016//6446 3018//6446 
f 3125//6447 3123//6447 3016//6447 
f 3127//6448 3018//6448 3019//6448 
f 3127//6449 3125//6449 3018//6449 
f 3129//6450 3019//6450 3020//6450 
f 3129//6451 3127//6451 3019//6451 
f 3131//6452 3020//6452 3021//6452 
f 3131//6453 3129//6453 3020//6453 
f 3133//6454 3131//6454 3021//6454 
f 3022//6455 3133//6455 3021//6455 
f 3135//6456 3133//6456 3022//6456 
f 3023//6457 3135//6457 3022//6457 
f 3137//6458 3135//6458 3023//6458 
f 3139//6459 3023//6459 3024//6459 
f 3139//6460 3137//6460 3023//6460 
f 3140//6461 3024//6461 3025//6461 
f 3140//6462 3139//6462 3024//6462 
f 3138//6463 3025//6463 3026//6463 
f 3138//6464 3140//6464 3025//6464 
f 3136//6465 3026//6465 3027//6465 
f 3136//6466 3138//6466 3026//6466 
f 3134//6467 3027//6467 3028//6467 
f 3134//6468 3136//6468 3027//6468 
f 3132//6469 3028//6469 3029//6469 
f 3132//6470 3134//6470 3028//6470 
f 3130//6471 3029//6471 3030//6471 
f 3130//6472 3132//6472 3029//6472 
f 3128//6473 3030//6473 3031//6473 
f 3128//6474 3130//6474 3030//6474 
f 3126//6475 3031//6475 3032//6475 
f 3126//6476 3128//6476 3031//6476 
f 3124//6477 3032//6477 3013//6477 
f 3124//6478 3126//6478 3032//6478 
f 3105//6479 3124//6479 3013//6479 
f 3141//6480 3013//6480 3011//6480 
f 3141//6481 3105//6481 3013//6481 
f 3143//6482 3011//6482 2996//6482 
f 3143//6483 3141//6483 3011//6483 
f 3144//6484 2996//6484 2992//6484 
f 3144//6485 3143//6485 2996//6485 
f 3146//6486 2992//6486 2984//6486 
f 3146//6487 3144//6487 2992//6487 
f 3152//6488 2984//6488 2978//6488 
f 3152//6489 3146//6489 2984//6489 
f 3158//6490 2978//6490 2972//6490 
f 3158//6491 3152//6491 2978//6491 
f 3167//6492 3158//6492 2972//6492 
f 3167//6493 2972//6493 2966//6493 
f 3174//6494 3167//6494 2966//6494 
f 3181//6495 3174//6495 2966//6495 
f 3181//6496 2966//6496 2958//6496 
f 3183//6497 3181//6497 2958//6497 
f 3183//6498 2958//6498 2956//6498 
f 3192//6499 3183//6499 2956//6499 
f 3192//6500 2956//6500 2949//6500 
f 3192//6501 2949//6501 3194//6501 
f 3194//6502 2945//6502 3199//6502 
f 2949//6503 2945//6503 3194//6503 
f 3199//6504 2943//6504 3202//6504 
f 2945//6505 2943//6505 3199//6505 
f 3202//6506 2938//6506 3206//6506 
f 2943//6507 2938//6507 3202//6507 
f 3206//6508 2933//6508 3211//6508 
f 2938//6509 2933//6509 3206//6509 
f 3211//6510 2928//6510 3216//6510 
f 2933//6511 2928//6511 3211//6511 
f 3216//6512 2926//6512 3218//6512 
f 2928//6513 2926//6513 3216//6513 
f 3218//6514 2921//6514 3222//6514 
f 2926//6515 2921//6515 3218//6515 
f 3222//6516 2917//6516 3227//6516 
f 2921//6517 2917//6517 3222//6517 
f 3227//6518 2913//6518 3232//6518 
f 2917//6519 2913//6519 3227//6519 
f 3232//6520 2909//6520 3234//6520 
f 2913//6521 2909//6521 3232//6521 
f 3234//6522 2907//6522 3238//6522 
f 2909//6523 2907//6523 3234//6523 
f 3238//6524 2903//6524 3243//6524 
f 2907//6525 2903//6525 3238//6525 
f 3243//6526 2899//6526 3249//6526 
f 2903//6527 2899//6527 3243//6527 
f 2899//6528 2896//6528 3249//6528 
f 3250//6529 2896//6529 2895//6529 
f 3250//6530 3249//6530 2896//6530 
f 3252//6531 2895//6531 2893//6531 
f 3252//6532 3250//6532 2895//6532 
f 3253//6533 2893//6533 2891//6533 
f 3253//6534 3252//6534 2893//6534 
f 3258//6535 2891//6535 2890//6535 
f 3258//6536 3253//6536 2891//6536 
f 3259//6537 2890//6537 2888//6537 
f 3259//6538 3258//6538 2890//6538 
f 3261//6539 2888//6539 2887//6539 
f 3261//6540 3259//6540 2888//6540 
f 3262//6541 2887//6541 2885//6541 
f 3262//6542 3261//6542 2887//6542 
f 3266//6543 2885//6543 2883//6543 
f 3266//6544 3262//6544 2885//6544 
f 3268//6545 2883//6545 2855//6545 
f 3268//6546 3266//6546 2883//6546 
f 3270//6547 3268//6547 2855//6547 
f 3286//6548 2855//6548 2861//6548 
f 3286//6549 3270//6549 2855//6549 
f 3285//6550 2861//6550 2860//6550 
f 3285//6551 3286//6551 2861//6551 
f 3284//6552 2860//6552 2854//6552 
f 3284//6553 3285//6553 2860//6553 
f 3283//6554 2854//6554 2852//6554 
f 3283//6555 3284//6555 2854//6555 
f 3279//6556 2852//6556 2849//6556 
f 3279//6557 3283//6557 2852//6557 
f 3281//6558 3279//6558 2849//6558 
f 3281//6559 2849//6559 2848//6559 
f 3280//6560 3281//6560 2848//6560 
f 3280//6561 2848//6561 2850//6561 
f 3278//6562 3280//6562 2850//6562 
f 3278//6563 2850//6563 2851//6563 
f 3282//6564 2851//6564 2853//6564 
f 3282//6565 3278//6565 2851//6565 
f 3287//6566 3282//6566 2853//6566 
f 3287//6567 2853//6567 2856//6567 
f 3289//6568 2856//6568 2857//6568 
f 3289//6569 3287//6569 2856//6569 
f 3288//6570 2857//6570 2858//6570 
f 3288//6571 3289//6571 2857//6571 
f 3269//6572 2858//6572 2859//6572 
f 3269//6573 2859//6573 2884//6573 
f 3269//6574 3288//6574 2858//6574 
f 3267//6575 3269//6575 2884//6575 
f 3265//6576 3267//6576 2884//6576 
f 3265//6577 2884//6577 2886//6577 
f 3260//6578 2886//6578 2889//6578 
f 3260//6579 3265//6579 2886//6579 
f 3257//6580 2889//6580 2892//6580 
f 3257//6581 3260//6581 2889//6581 
f 3251//6582 2892//6582 2894//6582 
f 3251//6583 3257//6583 2892//6583 
f 3248//6584 2894//6584 2898//6584 
f 3248//6585 3251//6585 2894//6585 
f 3244//6586 2898//6586 2902//6586 
f 3244//6587 3248//6587 2898//6587 
f 3242//6588 2902//6588 2906//6588 
f 3242//6589 3244//6589 2902//6589 
f 3237//6590 2906//6590 2908//6590 
f 3237//6591 3242//6591 2906//6591 
f 3233//6592 2908//6592 2912//6592 
f 3233//6593 3237//6593 2908//6593 
f 3231//6594 2912//6594 2916//6594 
f 3231//6595 3233//6595 2912//6595 
f 3226//6596 2916//6596 2920//6596 
f 3226//6597 3231//6597 2916//6597 
f 3221//6598 2920//6598 2925//6598 
f 3221//6599 3226//6599 2920//6599 
f 3217//6600 3221//6600 2925//6600 
f 3215//6601 2925//6601 2927//6601 
f 3215//6602 3217//6602 2925//6602 
f 3210//6603 2927//6603 2932//6603 
f 3210//6604 2932//6604 2937//6604 
f 3210//6605 3215//6605 2927//6605 
f 3205//6606 2937//6606 2942//6606 
f 3205//6607 3210//6607 2937//6607 
f 3201//6608 3205//6608 2942//6608 
f 3201//6609 2942//6609 3200//6609 
f 2942//6610 2944//6610 3200//6610 
f 3200//6611 2944//6611 3198//6611 
f 2944//6612 2948//6612 3198//6612 
f 3198//6613 2948//6613 3193//6613 
f 2948//6614 2952//6614 3193//6614 
f 3193//6615 2952//6615 3191//6615 
f 2952//6616 2955//6616 3191//6616 
f 3191//6617 2955//6617 3187//6617 
f 2955//6618 2957//6618 3187//6618 
f 3187//6619 2957//6619 3182//6619 
f 2957//6620 2962//6620 3182//6620 
f 3182//6621 2962//6621 3180//6621 
f 2962//6622 2965//6622 3180//6622 
f 3180//6623 2965//6623 3175//6623 
f 3175//6624 2967//6624 3173//6624 
f 2965//6625 2967//6625 3175//6625 
f 3173//6626 2971//6626 3172//6626 
f 2967//6627 2971//6627 3173//6627 
f 3172//6628 2973//6628 3166//6628 
f 2971//6629 2973//6629 3172//6629 
f 3166//6630 2977//6630 3165//6630 
f 2973//6631 2977//6631 3166//6631 
f 3165//6632 2979//6632 3159//6632 
f 2977//6633 2979//6633 3165//6633 
f 3159//6634 2983//6634 3157//6634 
f 2979//6635 2983//6635 3159//6635 
f 3157//6636 2985//6636 3156//6636 
f 2983//6637 2985//6637 3157//6637 
f 3156//6638 2986//6638 3153//6638 
f 2985//6639 2986//6639 3156//6639 
f 3153//6640 2990//6640 3151//6640 
f 2986//6641 2990//6641 3153//6641 
f 3151//6642 2991//6642 3150//6642 
f 2990//6643 2991//6643 3151//6643 
f 3150//6644 2993//6644 3149//6644 
f 2991//6645 2993//6645 3150//6645 
f 3149//6646 2994//6646 3148//6646 
f 2993//6647 2994//6647 3149//6647 
f 3148//6648 2995//6648 3145//6648 
f 2994//6649 2995//6649 3148//6649 
f 3145//6650 2997//6650 3147//6650 
f 2995//6651 2997//6651 3145//6651 
f 2997//6652 3009//6652 3147//6652 
f 3147//6653 3009//6653 3155//6653 
f 3009//6654 3008//6654 3155//6654 
f 3155//6655 3008//6655 3164//6655 
f 3008//6656 3004//6656 3164//6656 
f 3164//6657 3004//6657 3163//6657 
f 3163//6658 3003//6658 3161//6658 
f 3004//6659 3003//6659 3163//6659 
f 3003//6660 3005//6660 3161//6660 
f 3161//6661 3005//6661 3162//6661 
f 3005//6662 3006//6662 3162//6662 
f 3162//6663 3006//6663 3171//6663 
f 3006//6664 3000//6664 3171//6664 
f 3171//6665 3000//6665 3169//6665 
f 3000//6666 2999//6666 3169//6666 
f 3169//6667 2999//6667 3170//6667 
f 3170//6668 3001//6668 3177//6668 
f 2999//6669 3001//6669 3170//6669 
f 3177//6670 2989//6670 3178//6670 
f 3001//6671 2989//6671 3177//6671 
f 3178//6672 2988//6672 3179//6672 
f 2989//6673 2988//6673 3178//6673 
f 3179//6674 2982//6674 3185//6674 
f 2988//6675 2982//6675 3179//6675 
f 3185//6676 2981//6676 3186//6676 
f 2982//6677 2981//6677 3185//6677 
f 3186//6678 2976//6678 3189//6678 
f 2981//6679 2976//6679 3186//6679 
f 3189//6680 2975//6680 3190//6680 
f 2976//6681 2975//6681 3189//6681 
f 3190//6682 2970//6682 3196//6682 
f 2975//6683 2970//6683 3190//6683 
f 3196//6684 2969//6684 3197//6684 
f 2970//6685 2969//6685 3196//6685 
f 3197//6686 2964//6686 3204//6686 
f 2969//6687 2964//6687 3197//6687 
f 3204//6688 2961//6688 3208//6688 
f 2964//6689 2961//6689 3204//6689 
f 3208//6690 2960//6690 3209//6690 
f 2961//6691 2960//6691 3208//6691 
f 3209//6692 2954//6692 3213//6692 
f 2960//6693 2954//6693 3209//6693 
f 3213//6694 2951//6694 3214//6694 
f 2954//6695 2951//6695 3213//6695 
f 3214//6696 2947//6696 3220//6696 
f 2951//6697 2947//6697 3214//6697 
f 3220//6698 2941//6698 3224//6698 
f 2947//6699 2941//6699 3220//6699 
f 3224//6700 2940//6700 3225//6700 
f 2941//6701 2940//6701 3224//6701 
f 3225//6702 2936//6702 3229//6702 
f 2940//6703 2936//6703 3225//6703 
f 3229//6704 2935//6704 3230//6704 
f 2936//6705 2935//6705 3229//6705 
f 3230//6706 2931//6706 3236//6706 
f 2935//6707 2931//6707 3230//6707 
f 3236//6708 2930//6708 3240//6708 
f 2931//6709 2930//6709 3236//6709 
f 2930//6710 2924//6710 3240//6710 
f 3240//6711 2923//6711 3241//6711 
f 2924//6712 2923//6712 3240//6712 
f 3241//6713 2919//6713 3246//6713 
f 2923//6714 2919//6714 3241//6714 
