# FreeCAD v1.0 build0 Arch module
# https://www.freecad.org
mtllib MAST.mtl
o SCX2000-3_MAST_TW_000_1-HSC_SCX2000-3_MAST (Meshed)
usemtl color_cccce6
v -5345.180176 845.0 5494.796387
v -5300.890137 845.0 5584.678223
v -5350.53125 845.0 5497.456055
v -5340.01709 845.0 5491.788086
v -5335.064941 845.0 5488.443359
v -5330.346191 845.0 5484.777344
v -5325.880371 845.0 5480.806641
v -5321.688477 845.0 5476.54834
v -5317.788086 845.0 5472.020996
v -5314.196777 845.0 5467.244629
v -5310.930664 845.0 5462.240723
v -5308.003418 845.0 5457.03125
v -5305.428223 845.0 5451.638672
v -5031.4375 845.0 5431.323242
v -5306.885742 845.0 5376.345703
v -5309.66748 845.0 5371.057129
v -5304.460938 845.0 5381.807617
v -5302.404297 845.0 5387.417969
v -5300.724121 845.0 5393.152344
v -5299.428711 845.0 5398.98584
v -5298.522461 845.0 5404.892578
v -5298.010742 845.0 5410.846191
v -5297.89502 845.0 5416.820801
v -5298.17627 845.0 5422.790039
v -5298.853027 845.0 5428.727051
v -5299.921875 845.0 5434.606445
v -5301.378906 845.0 5440.401855
v -5303.216797 845.0 5446.087402
v -5488.851562 845.0 5254.42041
v -5434.190918 845.0 5338.399902
v -5439.210449 845.0 5341.642578
v -5428.967773 845.0 5335.49707
v -5423.563477 845.0 5332.947754
v -5418.001465 845.0 5330.762207
v -5412.307129 845.0 5328.950684
v -5406.504883 845.0 5327.520996
v -5400.620605 845.0 5326.47998
v -5394.680664 845.0 5325.831055
v -5388.709961 845.0 5325.578125
v -5382.736328 845.0 5325.72168
v -5376.785156 845.0 5326.261719
v -5219.398926 845.0 5101.06543
v -5370.882812 845.0 5327.195312
v -5365.055664 845.0 5328.518555
v -5359.328613 845.0 5330.225098
v -5353.728027 845.0 5332.308594
v -5348.277832 845.0 5334.758789
v -5343.002441 845.0 5337.56543
v -5337.924805 845.0 5340.71582
v -5333.067383 845.0 5344.196289
v -5328.451172 845.0 5347.991211
v -5324.097656 845.0 5352.084473
v -5320.024902 845.0 5356.45752
v -5316.251465 845.0 5361.09082
v -5312.793945 845.0 5365.964844
v -5418.490723 823.006592 5500.210938
v -5413.441406 824.305237 5501.870117
v -5581.577637 727.450806 5744.427734
v -5408.292969 825.688904 5503.230469
v -5423.424805 821.796997 5498.260742
v -5403.063965 827.153076 5504.285156
v -5428.226562 820.680115 5496.027344
v -5397.771973 828.692993 5505.029785
v -5432.880859 819.659302 5493.52002
v -5392.436523 830.303528 5505.459473
v -5437.37207 818.737488 5490.748535
v -5387.076172 831.979004 5505.570801
v -5441.686523 817.917236 5487.723633
v -5381.710938 833.713684 5505.362305
v -5445.811035 817.200867 5484.456543
v -5376.36084 835.501343 5504.833008
v -5449.732422 816.59021 5480.958496
v -5371.04541 837.33551 5503.984375
v -5453.438477 816.086853 5477.242188
v -5365.785156 839.209412 5502.818359
v -5456.918457 815.692139 5473.320312
v -5360.600098 841.11615 5501.338379
v -5460.161621 815.407043 5469.205566
v -5355.507324 843.049316 5499.547852
v -5463.271484 815.227539 5464.738281
v -5466.105469 815.167603 5460.091797
v -5769.539551 727.450806 5414.169922
v -5468.817383 815.236023 5454.947266
v -5471.190918 815.440857 5449.638672
v -5473.217773 815.781555 5444.18457
v -5474.88916 816.256958 5438.607422
v -5476.197754 816.86554 5432.928223
v -5477.13623 817.605286 5427.169434
v -5477.700684 818.473755 5421.354492
v -5477.886719 819.467957 5415.505371
v -5477.690918 820.584534 5409.646973
v -5477.113281 821.819458 5403.802246
v -5476.15332 823.168274 5397.99707
v -5474.812988 824.625977 5392.255371
v -5473.095703 826.186951 5386.602051
v -5471.006836 827.845032 5381.062988
v -5468.552734 829.593506 5375.662598
v -5465.742676 831.425232 5370.425781
v -5462.587402 833.332397 5365.376465
v -5459.098633 835.306702 5360.539551
v -5455.291504 837.339539 5355.9375
v -5451.182129 839.421692 5351.592773
v -5446.788086 841.543762 5347.525879
v -5443.077637 843.265259 5344.483398
v -5312.746582 1025.0 5366.036621
v -5309.66748 1025.0 5371.057129
v -5316.147461 1025.0 5361.228516
v -5319.855469 1025.0 5356.652832
v -5323.854492 1025.0 5352.32959
v -5328.128418 1025.0 5348.276855
v -5332.657715 1025.0 5344.512695
v -5337.42334 1025.0 5341.052734
v -5342.405273 1025.0 5337.911621
v -5347.582031 1025.0 5335.103516
v -5352.931641 1025.0 5332.639648
v -5358.430664 1025.0 5330.53125
v -5364.055664 1025.0 5328.786621
v -5369.783203 1025.0 5327.414062
v -5375.587891 1025.0 5326.418457
v -5381.445312 1025.0 5325.805176
v -5387.330078 1025.0 5325.576172
v -5393.217285 1025.0 5325.732422
v -5399.082031 1025.0 5326.273438
v -5404.898438 1025.0 5327.196777
v -5410.64209 1025.0 5328.498535
v -5416.288574 1025.0 5330.17334
v -5421.813477 1025.0 5332.213867
v -5427.192871 1025.0 5334.611328
v -5432.403809 1025.0 5337.355469
v -5437.424316 1025.0 5340.43457
v -5442.232422 1025.0 5343.834961
v -5446.808105 1025.0 5347.542969
v -5451.131348 1025.0 5351.54248
v -5455.184082 1025.0 5355.815918
v -5458.948242 1025.0 5360.345215
v -5462.408203 1025.0 5365.111328
v -5465.549316 1025.0 5370.093262
v -5468.357422 1025.0 5375.27002
v -5470.821289 1025.0 5380.619629
v -5472.929688 1025.0 5386.118652
v -5474.674316 1025.0 5391.743652
v -5476.046875 1025.0 5397.470703
v -5477.041992 1025.0 5403.275391
v -5477.655762 1025.0 5409.132812
v -5477.884766 1025.0 5415.018066
v -5477.728516 1025.0 5420.905273
v -5477.1875 1025.0 5426.77002
v -5476.26416 1025.0 5432.586426
v -5474.962402 1025.0 5438.330078
v -5473.287598 1025.0 5443.976562
v -5471.24707 1025.0 5449.500977
v -5468.849609 1025.0 5454.880371
v -5466.105469 1025.0 5460.091797
v -5309.66748 -1025.0 5371.057129
v -5309.66748 -845.0 5371.057129
v -5312.746582 -1025.0 5366.036621
v -5312.793945 -845.0 5365.964844
v -5316.147461 -1025.0 5361.228516
v -5316.251465 -845.0 5361.09082
v -5319.855469 -1025.0 5356.652832
v -5320.024902 -845.0 5356.45752
v -5323.854492 -1025.0 5352.32959
v -5324.097656 -845.0 5352.084473
v -5328.128418 -1025.0 5348.276855
v -5328.451172 -845.0 5347.991211
v -5332.657715 -1025.0 5344.512695
v -5333.067383 -845.0 5344.196289
v -5337.42334 -1025.0 5341.052734
v -5337.924805 -845.0 5340.71582
v -5342.405273 -1025.0 5337.911621
v -5343.002441 -845.0 5337.56543
v -5347.582031 -1025.0 5335.103516
v -5348.277832 -845.0 5334.758789
v -5352.931641 -1025.0 5332.639648
v -5353.728027 -845.0 5332.308594
v -5358.430664 -1025.0 5330.53125
v -5359.328613 -845.0 5330.225098
v -5364.055664 -1025.0 5328.786621
v -5365.055664 -845.0 5328.518555
v -5369.783203 -1025.0 5327.414062
v -5370.882812 -845.0 5327.195312
v -5375.587891 -1025.0 5326.418457
v -5376.785156 -845.0 5326.261719
v -5381.445312 -1025.0 5325.805176
v -5382.736328 -845.0 5325.72168
v -5387.330078 -1025.0 5325.576172
v -5388.709961 -845.0 5325.578125
v -5393.217285 -1025.0 5325.732422
v -5394.680664 -845.0 5325.831055
v -5399.082031 -1025.0 5326.273438
v -5400.620605 -845.0 5326.47998
v -5404.898438 -1025.0 5327.196777
v -5406.504883 -845.0 5327.520996
v -5410.64209 -1025.0 5328.498535
v -5412.307129 -845.0 5328.950684
v -5416.288574 -1025.0 5330.17334
v -5418.001465 -845.0 5330.762207
v -5421.813477 -1025.0 5332.213867
v -5423.563477 -845.0 5332.947754
v -5427.192871 -1025.0 5334.611328
v -5428.967773 -845.0 5335.49707
v -5432.403809 -1025.0 5337.355469
v -5434.190918 -845.0 5338.399902
v -5437.424316 -1025.0 5340.43457
v -5439.210449 -845.0 5341.642578
v -5442.232422 -1025.0 5343.834961
v -5443.077637 -843.265259 5344.483398
v -5446.808105 -1025.0 5347.542969
v -5446.788086 -841.543762 5347.525879
v -5451.131348 -1025.0 5351.54248
v -5451.182129 -839.421692 5351.592773
v -5455.184082 -1025.0 5355.815918
v -5455.291504 -837.339539 5355.9375
v -5458.948242 -1025.0 5360.345215
v -5459.098633 -835.306702 5360.539551
v -5462.408203 -1025.0 5365.111328
v -5462.587402 -833.332397 5365.376465
v -5465.549316 -1025.0 5370.093262
v -5465.742676 -831.425232 5370.425781
v -5468.357422 -1025.0 5375.27002
v -5468.552734 -829.593506 5375.662598
v -5470.821289 -1025.0 5380.619629
v -5471.006836 -827.845032 5381.062988
v -5472.929688 -1025.0 5386.118652
v -5473.095703 -826.186951 5386.602051
v -5474.674316 -1025.0 5391.743652
v -5474.812988 -824.625977 5392.255371
v -5476.046875 -1025.0 5397.470703
v -5476.15332 -823.168274 5397.99707
v -5477.041992 -1025.0 5403.275391
v -5477.113281 -821.819458 5403.802246
v -5477.655762 -1025.0 5409.132812
v -5477.690918 -820.584534 5409.646973
v -5477.884766 -1025.0 5415.018066
v -5477.886719 -819.467957 5415.505371
v -5477.728516 -1025.0 5420.905273
v -5477.700684 -818.473755 5421.354492
v -5477.1875 -1025.0 5426.77002
v -5477.13623 -817.605286 5427.169434
v -5476.26416 -1025.0 5432.586426
v -5476.197754 -816.86554 5432.928223
v -5474.962402 -1025.0 5438.330078
v -5474.88916 -816.256958 5438.607422
v -5473.287598 -1025.0 5443.976562
v -5473.217773 -815.781555 5444.18457
v -5471.24707 -1025.0 5449.500977
v -5471.190918 -815.440857 5449.638672
v -5468.849609 -1025.0 5454.880371
v -5468.817383 -815.236023 5454.947266
v -5466.105469 -1025.0 5460.091797
v -5466.105469 -815.167603 5460.091797
v -5463.026367 1025.0 5465.111816
v -5459.625488 1025.0 5469.92041
v -5455.91748 1025.0 5474.496094
v -5451.918457 1025.0 5478.819336
v -5447.64502 1025.0 5482.871582
v -5443.115234 1025.0 5486.63623
v -5438.349609 1025.0 5490.096191
v -5433.367676 1025.0 5493.236816
v -5428.190918 1025.0 5496.04541
v -5422.841309 1025.0 5498.508789
v -5417.342285 1025.0 5500.617676
v -5411.717285 1025.0 5502.361816
v -5405.990234 1025.0 5503.734863
v -5400.185547 1025.0 5504.72998
v -5394.328125 1025.0 5505.34375
v -5388.442871 1025.0 5505.572754
v -5382.555664 1025.0 5505.416504
v -5376.690918 1025.0 5504.875488
v -5370.874512 1025.0 5503.95166
v -5365.130859 1025.0 5502.649902
v -5359.484375 1025.0 5500.975098
v -5353.959961 1025.0 5498.935059
v -5348.580566 1025.0 5496.537598
v -5343.369141 1025.0 5493.793457
v -5338.348633 1025.0 5490.714355
v -5333.540527 1025.0 5487.313477
v -5328.964844 1025.0 5483.605469
v -5324.641602 1025.0 5479.605957
v -5320.589355 1025.0 5475.33252
v -5316.824707 1025.0 5470.803223
v -5313.364746 1025.0 5466.037598
v -5310.224121 1025.0 5461.055176
v -5307.415527 1025.0 5455.878418
v -5304.95166 1025.0 5450.529297
v -5302.843262 1025.0 5445.030273
v -5301.099121 1025.0 5439.405273
v -5299.726074 1025.0 5433.677734
v -5298.730957 1025.0 5427.873047
v -5298.117188 1025.0 5422.015625
v -5297.888184 1025.0 5416.130859
v -5298.044434 1025.0 5410.243652
v -5298.585449 1025.0 5404.378906
v -5299.508789 1025.0 5398.5625
v -5300.811035 1025.0 5392.818359
v -5302.485352 1025.0 5387.172363
v -5304.525879 1025.0 5381.647461
v -5306.92334 1025.0 5376.268066
v -5463.271484 -815.227539 5464.738281
v -5463.026367 -1025.0 5465.111816
v -5460.161621 -815.407043 5469.205566
v -5459.625488 -1025.0 5469.92041
v -5456.918457 -815.692139 5473.320312
v -5455.91748 -1025.0 5474.496094
v -5453.438477 -816.086853 5477.242188
v -5451.918457 -1025.0 5478.819336
v -5449.732422 -816.59021 5480.958496
v -5447.64502 -1025.0 5482.871582
v -5445.811035 -817.200867 5484.456543
v -5443.115234 -1025.0 5486.63623
v -5441.686523 -817.917236 5487.723633
v -5438.349609 -1025.0 5490.096191
v -5437.37207 -818.737488 5490.748535
v -5433.367676 -1025.0 5493.236816
v -5432.880859 -819.659302 5493.52002
v -5428.190918 -1025.0 5496.04541
v -5428.226562 -820.680115 5496.027344
v -5423.424805 -821.796997 5498.260742
v -5422.841309 -1025.0 5498.508789
v -5418.490723 -823.006592 5500.210938
v -5417.342285 -1025.0 5500.617676
v -5413.441406 -824.305237 5501.870117
v -5411.717285 -1025.0 5502.361816
v -5408.292969 -825.688904 5503.230469
v -5405.990234 -1025.0 5503.734863
v -5403.063965 -827.153076 5504.285156
v -5400.185547 -1025.0 5504.72998
v -5397.771973 -828.692993 5505.029785
v -5394.328125 -1025.0 5505.34375
v -5392.436523 -830.303528 5505.459473
v -5388.442871 -1025.0 5505.572754
v -5387.076172 -831.979004 5505.570801
v -5382.555664 -1025.0 5505.416504
v -5381.710938 -833.713684 5505.362305
v -5376.690918 -1025.0 5504.875488
v -5376.36084 -835.501343 5504.833008
v -5370.874512 -1025.0 5503.95166
v -5371.04541 -837.33551 5503.984375
v -5365.785156 -839.209412 5502.818359
v -5365.130859 -1025.0 5502.649902
v -5360.600098 -841.11615 5501.338379
v -5359.484375 -1025.0 5500.975098
v -5355.507324 -843.049316 5499.547852
v -5353.959961 -1025.0 5498.935059
v -5350.53125 -845.0 5497.456055
v -5348.580566 -1025.0 5496.537598
v -5345.180176 -845.0 5494.796387
v -5343.369141 -1025.0 5493.793457
v -5340.01709 -845.0 5491.788086
v -5338.348633 -1025.0 5490.714355
v -5335.064941 -845.0 5488.443359
v -5333.540527 -1025.0 5487.313477
v -5330.346191 -845.0 5484.777344
v -5328.964844 -1025.0 5483.605469
v -5325.880371 -845.0 5480.806641
v -5324.641602 -1025.0 5479.605957
v -5321.688477 -845.0 5476.54834
v -5320.589355 -1025.0 5475.33252
v -5317.788086 -845.0 5472.020996
v -5316.824707 -1025.0 5470.803223
v -5314.196777 -845.0 5467.244629
v -5313.364746 -1025.0 5466.037598
v -5310.930664 -845.0 5462.240723
v -5310.224121 -1025.0 5461.055176
v -5308.003418 -845.0 5457.03125
v -5307.415527 -1025.0 5455.878418
v -5305.428223 -845.0 5451.638672
v -5304.95166 -1025.0 5450.529297
v -5303.216797 -845.0 5446.087402
v -5302.843262 -1025.0 5445.030273
v -5301.378906 -845.0 5440.401855
v -5301.099121 -1025.0 5439.405273
v -5299.921875 -845.0 5434.606445
v -5299.726074 -1025.0 5433.677734
v -5298.853027 -845.0 5428.727051
v -5298.730957 -1025.0 5427.873047
v -5298.17627 -845.0 5422.790039
v -5298.117188 -1025.0 5422.015625
v -5297.89502 -845.0 5416.820801
v -5297.888184 -1025.0 5416.130859
v -5298.010742 -845.0 5410.846191
v -5298.044434 -1025.0 5410.243652
v -5298.522461 -845.0 5404.892578
v -5298.585449 -1025.0 5404.378906
v -5299.428711 -845.0 5398.98584
v -5299.508789 -1025.0 5398.5625
v -5300.724121 -845.0 5393.152344
v -5300.811035 -1025.0 5392.818359
v -5302.404297 -845.0 5387.417969
v -5302.485352 -1025.0 5387.172363
v -5304.460938 -845.0 5381.807617
v -5304.525879 -1025.0 5381.647461
v -5306.885742 -845.0 5376.345703
v -5306.92334 -1025.0 5376.268066
v -5902.511719 -1025.0 5489.849121
v -5714.550293 -1025.0 5820.107422
v -5797.983887 -209.982346 5867.592285
v -5985.945312 -209.982346 5537.333984
v -5985.945312 284.017639 5537.333984
v -5797.983887 284.017639 5867.592285
v -5714.550293 1025.0 5820.107422
v -5902.511719 1025.0 5489.849121
v -5031.4375 1025.0 5431.323242
v -5219.398926 1025.0 5101.06543
v -5581.577637 -727.450806 5744.427734
v -5769.539551 -727.450806 5414.169922
v -5300.890137 -845.0 5584.678223
v -5488.851562 -845.0 5254.42041
v -5031.4375 -845.0 5431.323242
v -5219.398926 -845.0 5101.06543
v -5031.4375 -1025.0 5431.323242
v -5219.398926 -1025.0 5101.06543
v -5574.158203 419.0 5757.464355
v -5574.158203 451.0 5757.464355
v -5776.958984 451.0 5401.133301
v -5776.958984 419.0 5401.133301
v -5466.105469 419.0 5460.091797
v -5466.105469 451.0 5460.091797
v -5463.026367 419.0 5465.111816
v -5463.026367 451.0 5465.111816
v -5459.625488 419.0 5469.92041
v -5459.625488 451.0 5469.92041
v -5455.91748 419.0 5474.496094
v -5455.91748 451.0 5474.496094
v -5451.918457 419.0 5478.819336
v -5451.918457 451.0 5478.819336
v -5447.64502 419.0 5482.871582
v -5447.64502 451.0 5482.871582
v -5443.115234 419.0 5486.63623
v -5443.115234 451.0 5486.63623
v -5438.349609 419.0 5490.096191
v -5438.349609 451.0 5490.096191
v -5433.367676 419.0 5493.236816
v -5433.367676 451.0 5493.236816
v -5428.190918 419.0 5496.04541
v -5428.190918 451.0 5496.04541
v -5422.841309 419.0 5498.508789
v -5422.841309 451.0 5498.508789
v -5417.342285 419.0 5500.617676
v -5417.342285 451.0 5500.617676
v -5411.717285 419.0 5502.361816
v -5411.717285 451.0 5502.361816
v -5405.990234 419.0 5503.734863
v -5405.990234 451.0 5503.734863
v -5400.185547 419.0 5504.72998
v -5400.185547 451.0 5504.72998
v -5394.328125 419.0 5505.34375
v -5394.328125 451.0 5505.34375
v -5388.442871 419.0 5505.572754
v -5388.442871 451.0 5505.572754
v -5382.555664 419.0 5505.416504
v -5382.555664 451.0 5505.416504
v -5376.690918 451.0 5504.875488
v -5376.690918 419.0 5504.875488
v -5370.874512 451.0 5503.95166
v -5370.874512 419.0 5503.95166
v -5365.130859 451.0 5502.649902
v -5365.130859 419.0 5502.649902
v -5359.484375 451.0 5500.975098
v -5359.484375 419.0 5500.975098
v -5353.959961 451.0 5498.935059
v -5353.959961 419.0 5498.935059
v -5348.580566 451.0 5496.537598
v -5348.580566 419.0 5496.537598
v -5343.369141 451.0 5493.793457
v -5343.369141 419.0 5493.793457
v -5338.348633 451.0 5490.714355
v -5338.348633 419.0 5490.714355
v -5333.540527 451.0 5487.313477
v -5333.540527 419.0 5487.313477
v -5328.964844 451.0 5483.605469
v -5328.964844 419.0 5483.605469
v -5324.641602 451.0 5479.605957
v -5324.641602 419.0 5479.605957
v -5320.589355 451.0 5475.33252
v -5320.589355 419.0 5475.33252
v -5316.824707 451.0 5470.803223
v -5316.824707 419.0 5470.803223
v -5313.364746 451.0 5466.037598
v -5313.364746 419.0 5466.037598
v -5310.224121 451.0 5461.055176
v -5310.224121 419.0 5461.055176
v -5307.415527 451.0 5455.878418
v -5307.415527 419.0 5455.878418
v -5304.95166 451.0 5450.529297
v -5304.95166 419.0 5450.529297
v -5302.843262 451.0 5445.030273
v -5302.843262 419.0 5445.030273
v -5301.099121 451.0 5439.405273
v -5301.099121 419.0 5439.405273
v -5299.726074 451.0 5433.677734
v -5299.726074 419.0 5433.677734
v -5298.730957 451.0 5427.873047
v -5298.730957 419.0 5427.873047
v -5298.117188 451.0 5422.015625
v -5298.117188 419.0 5422.015625
v -5297.888184 451.0 5416.130859
v -5297.888184 419.0 5416.130859
v -5298.044434 451.0 5410.243652
v -5298.044434 419.0 5410.243652
v -5298.585449 451.0 5404.378906
v -5298.585449 419.0 5404.378906
v -5299.508789 451.0 5398.5625
v -5299.508789 419.0 5398.5625
v -5300.811035 451.0 5392.818359
v -5300.811035 419.0 5392.818359
v -5302.485352 451.0 5387.172363
v -5302.485352 419.0 5387.172363
v -5304.525879 451.0 5381.647461
v -5304.525879 419.0 5381.647461
v -5306.92334 451.0 5376.268066
v -5306.92334 419.0 5376.268066
v -5309.66748 419.0 5371.057129
v -5309.66748 451.0 5371.057129
v -5312.746582 451.0 5366.036621
v -5312.746582 419.0 5366.036621
v -5316.147461 451.0 5361.228516
v -5316.147461 419.0 5361.228516
v -5319.855469 451.0 5356.652832
v -5319.855469 419.0 5356.652832
v -5323.854492 451.0 5352.32959
v -5323.854492 419.0 5352.32959
v -5328.128418 451.0 5348.276855
v -5328.128418 419.0 5348.276855
v -5332.657715 451.0 5344.512695
v -5332.657715 419.0 5344.512695
v -5337.42334 451.0 5341.052734
v -5337.42334 419.0 5341.052734
v -5342.405273 451.0 5337.911621
v -5342.405273 419.0 5337.911621
v -5347.582031 451.0 5335.103516
v -5347.582031 419.0 5335.103516
v -5352.931641 451.0 5332.639648
v -5352.931641 419.0 5332.639648
v -5358.430664 451.0 5330.53125
v -5358.430664 419.0 5330.53125
v -5364.055664 451.0 5328.786621
v -5364.055664 419.0 5328.786621
v -5369.783203 451.0 5327.414062
v -5369.783203 419.0 5327.414062
v -5375.587891 451.0 5326.418457
v -5375.587891 419.0 5326.418457
v -5381.445312 451.0 5325.805176
v -5381.445312 419.0 5325.805176
v -5387.330078 451.0 5325.576172
v -5387.330078 419.0 5325.576172
v -5393.217285 451.0 5325.732422
v -5393.217285 419.0 5325.732422
v -5399.082031 451.0 5326.273438
v -5399.082031 419.0 5326.273438
v -5404.898438 451.0 5327.196777
v -5404.898438 419.0 5327.196777
v -5410.64209 451.0 5328.498535
v -5410.64209 419.0 5328.498535
v -5416.288574 451.0 5330.17334
v -5416.288574 419.0 5330.17334
v -5421.813477 451.0 5332.213867
v -5421.813477 419.0 5332.213867
v -5427.192871 451.0 5334.611328
v -5427.192871 419.0 5334.611328
v -5432.403809 451.0 5337.355469
v -5432.403809 419.0 5337.355469
v -5437.424316 451.0 5340.43457
v -5437.424316 419.0 5340.43457
v -5442.232422 451.0 5343.834961
v -5442.232422 419.0 5343.834961
v -5446.808105 451.0 5347.542969
v -5446.808105 419.0 5347.542969
v -5451.131348 451.0 5351.54248
v -5451.131348 419.0 5351.54248
v -5455.184082 451.0 5355.815918
v -5455.184082 419.0 5355.815918
v -5458.948242 419.0 5360.345215
v -5458.948242 451.0 5360.345215
v -5462.408203 451.0 5365.111328
v -5462.408203 419.0 5365.111328
v -5465.549316 419.0 5370.093262
v -5465.549316 451.0 5370.093262
v -5468.357422 451.0 5375.27002
v -5468.357422 419.0 5375.27002
v -5470.821289 451.0 5380.619629
v -5470.821289 419.0 5380.619629
v -5472.929688 451.0 5386.118652
v -5472.929688 419.0 5386.118652
v -5474.674316 419.0 5391.743652
v -5474.674316 451.0 5391.743652
v -5476.046875 419.0 5397.470703
v -5476.046875 451.0 5397.470703
v -5477.041992 419.0 5403.275391
v -5477.041992 451.0 5403.275391
v -5477.655762 419.0 5409.132812
v -5477.655762 451.0 5409.132812
v -5477.884766 451.0 5415.018066
v -5477.884766 419.0 5415.018066
v -5477.728516 419.0 5420.905273
v -5477.728516 451.0 5420.905273
v -5477.1875 451.0 5426.77002
v -5477.1875 419.0 5426.77002
v -5476.26416 419.0 5432.586426
v -5476.26416 451.0 5432.586426
v -5474.962402 419.0 5438.330078
v -5474.962402 451.0 5438.330078
v -5473.287598 451.0 5443.976562
v -5473.287598 419.0 5443.976562
v -5471.24707 419.0 5449.500977
v -5471.24707 451.0 5449.500977
v -5468.849609 419.0 5454.880371
v -5468.849609 451.0 5454.880371
v -5638.317383 419.0 5314.657227
v -5638.317383 451.0 5314.657227
v -5634.268555 451.0 5305.139648
v -5641.999023 451.0 5324.322754
v -5641.999023 419.0 5324.322754
v -5634.268555 419.0 5305.139648
v -5629.858398 419.0 5295.78418
v -5629.858398 451.0 5295.78418
v -5625.092773 419.0 5286.604492
v -5625.092773 451.0 5286.604492
v -5619.979004 419.0 5277.614258
v -5619.979004 451.0 5277.614258
v -5614.524902 419.0 5268.826172
v -5614.524902 451.0 5268.826172
v -5608.738281 419.0 5260.253418
v -5608.738281 451.0 5260.253418
v -5602.627441 419.0 5251.908691
v -5602.627441 451.0 5251.908691
v -5596.201172 419.0 5243.804199
v -5596.201172 451.0 5243.804199
v -5589.469727 419.0 5235.95166
v -5589.469727 451.0 5235.95166
v -5582.441895 419.0 5228.362793
v -5582.441895 451.0 5228.362793
v -5575.128906 419.0 5221.048828
v -5575.128906 451.0 5221.048828
v -5567.541504 419.0 5214.02002
v -5567.541504 451.0 5214.02002
v -5559.689941 419.0 5207.287109
v -5559.689941 451.0 5207.287109
v -5551.586426 419.0 5200.859863
v -5551.586426 451.0 5200.859863
v -5543.242676 419.0 5194.747559
v -5543.242676 451.0 5194.747559
v -5534.670898 419.0 5188.959473
v -5534.670898 451.0 5188.959473
v -5525.883789 419.0 5183.503906
v -5525.883789 451.0 5183.503906
v -5516.894531 419.0 5178.388672
v -5516.894531 451.0 5178.388672
v -5507.715332 419.0 5173.62207
v -5507.715332 451.0 5173.62207
v -5498.36084 419.0 5169.209961
v -5498.36084 451.0 5169.209961
v -5488.84375 419.0 5165.159668
v -5488.84375 451.0 5165.159668
v -5479.178711 419.0 5161.476562
v -5479.178711 451.0 5161.476562
v -5469.379883 419.0 5158.166504
v -5469.379883 451.0 5158.166504
v -5459.461426 419.0 5155.233887
v -5459.461426 451.0 5155.233887
v -5449.437988 419.0 5152.683594
v -5449.437988 451.0 5152.683594
v -5439.32373 419.0 5150.519043
v -5439.32373 451.0 5150.519043
v -5429.134277 419.0 5148.743652
v -5429.134277 451.0 5148.743652
v -5418.884766 419.0 5147.359863
v -5418.884766 451.0 5147.359863
v -5408.588867 419.0 5146.369141
v -5408.588867 451.0 5146.369141
v -5398.263184 419.0 5145.773926
v -5398.263184 451.0 5145.773926
v -5387.922363 419.0 5145.574219
v -5387.922363 451.0 5145.574219
v -5377.581055 419.0 5145.770996
v -5377.581055 451.0 5145.770996
v -5367.255371 419.0 5146.36377
v -5367.255371 451.0 5146.36377
v -5356.959473 419.0 5147.351562
v -5356.959473 451.0 5147.351562
v -5346.709473 419.0 5148.73291
v -5346.709473 451.0 5148.73291
v -5336.519531 419.0 5150.505859
v -5336.519531 451.0 5150.505859
v -5326.404785 419.0 5152.66748
v -5326.404785 451.0 5152.66748
v -5316.380859 419.0 5155.215332
v -5316.380859 451.0 5155.215332
v -5306.461426 419.0 5158.14502
v -5306.461426 451.0 5158.14502
v -5296.661621 419.0 5161.452148
v -5296.661621 451.0 5161.452148
v -5286.995605 419.0 5165.132812
v -5286.995605 451.0 5165.132812
v -5277.477539 419.0 5169.180664
v -5277.477539 451.0 5169.180664
v -5268.121582 419.0 5173.590332
v -5268.121582 451.0 5173.590332
v -5258.941406 419.0 5178.354492
v -5258.941406 451.0 5178.354492
v -5249.950684 419.0 5183.467285
v -5249.950684 451.0 5183.467285
v -5241.162109 419.0 5188.92041
v -5241.162109 451.0 5188.92041
v -5232.588867 419.0 5194.706543
v -5232.588867 451.0 5194.706543
v -5224.243652 419.0 5200.816406
v -5224.243652 451.0 5200.816406
v -5216.138184 419.0 5207.241699
v -5216.138184 451.0 5207.241699
v -5208.285156 419.0 5213.972656
v -5208.285156 451.0 5213.972656
v -5200.695312 419.0 5220.999023
v -5200.695312 451.0 5220.999023
v -5193.380371 419.0 5228.311523
v -5193.380371 451.0 5228.311523
v -5186.351074 419.0 5235.898438
v -5186.351074 451.0 5235.898438
v -5179.617188 419.0 5243.749023
v -5179.617188 451.0 5243.749023
v -5173.188965 419.0 5251.852051
v -5173.188965 451.0 5251.852051
v -5167.076172 419.0 5260.194824
v -5167.076172 451.0 5260.194824
v -5161.287109 419.0 5268.766113
v -5161.287109 451.0 5268.766113
v -5155.830566 419.0 5277.552734
v -5155.830566 451.0 5277.552734
v -5150.714355 419.0 5286.541504
v -5150.714355 451.0 5286.541504
v -5145.946777 419.0 5295.720215
v -5145.946777 451.0 5295.720215
v -5141.533691 419.0 5305.074219
v -5141.533691 451.0 5305.074219
v -5137.482422 419.0 5314.59082
v -5137.482422 451.0 5314.59082
v -5133.79834 419.0 5324.255371
v -5133.79834 451.0 5324.255371
v -5130.487305 419.0 5334.054199
v -5130.487305 451.0 5334.054199
v -5127.553711 419.0 5343.972168
v -5127.553711 451.0 5343.972168
v -5125.002441 419.0 5353.995605
v -5125.002441 451.0 5353.995605
v -5122.836914 419.0 5364.109375
v -5122.836914 451.0 5364.109375
v -5121.060059 419.0 5374.29834
v -5121.060059 451.0 5374.29834
v -5119.675293 419.0 5384.54834
v -5119.675293 451.0 5384.54834
v -5118.683594 419.0 5394.84375
v -5118.683594 451.0 5394.84375
v -5118.086914 419.0 5405.169434
v -5118.086914 451.0 5405.169434
v -5117.886719 419.0 5415.510254
v -5117.886719 451.0 5415.510254
v -5118.082031 451.0 5425.851562
v -5118.082031 419.0 5425.851562
v -5118.673828 419.0 5436.177246
v -5118.673828 451.0 5436.177246
v -5119.660156 419.0 5446.473145
v -5119.660156 451.0 5446.473145
v -5121.040527 419.0 5456.723633
v -5121.040527 451.0 5456.723633
v -5122.8125 419.0 5466.913574
v -5122.8125 451.0 5466.913574
v -5124.973145 419.0 5477.02832
v -5124.973145 451.0 5477.02832
v -5127.52002 419.0 5487.053223
v -5127.52002 451.0 5487.053223
v -5130.44873 419.0 5496.972656
v -5130.44873 451.0 5496.972656
v -5133.754883 419.0 5506.772949
v -5133.754883 451.0 5506.772949
v -5137.43457 419.0 5516.438965
v -5137.43457 451.0 5516.438965
v -5141.481445 419.0 5525.95752
v -5141.481445 451.0 5525.95752
v -5145.889648 419.0 5535.313965
v -5145.889648 451.0 5535.313965
v -5150.65332 419.0 5544.494629
v -5150.65332 451.0 5544.494629
v -5155.765137 419.0 5553.48584
v -5155.765137 451.0 5553.48584
v -5161.217285 419.0 5562.275391
v -5161.217285 451.0 5562.275391
v -5167.002441 419.0 5570.849121
v -5167.002441 451.0 5570.849121
v -5173.111328 419.0 5579.194824
v -5173.111328 451.0 5579.194824
v -5179.535645 419.0 5587.300781
v -5179.535645 451.0 5587.300781
v -5186.266113 419.0 5595.154785
v -5186.266113 451.0 5595.154785
v -5193.291992 451.0 5602.745117
v -5193.291992 419.0 5602.745117
v -5200.603027 419.0 5610.060547
v -5200.603027 451.0 5610.060547
v -5208.189453 419.0 5617.09082
v -5208.189453 451.0 5617.09082
v -5216.039551 419.0 5623.825684
v -5216.039551 451.0 5623.825684
v -5224.141602 419.0 5630.254395
v -5224.141602 451.0 5630.254395
v -5232.483887 419.0 5636.368652
v -5232.483887 451.0 5636.368652
v -5241.054688 419.0 5642.158691
v -5241.054688 451.0 5642.158691
v -5249.840332 419.0 5647.615723
v -5249.840332 451.0 5647.615723
v -5258.829102 419.0 5652.73291
v -5258.829102 451.0 5652.73291
v -5268.006836 419.0 5657.501953
v -5268.006836 451.0 5657.501953
v -5277.36084 419.0 5661.915527
v -5277.36084 451.0 5661.915527
v -5286.876953 419.0 5665.968262
v -5286.876953 451.0 5665.968262
v -5296.541016 419.0 5669.652832
v -5296.541016 451.0 5669.652832
v -5306.339355 419.0 5672.965332
v -5306.339355 451.0 5672.965332
v -5316.257324 419.0 5675.899414
v -5316.257324 451.0 5675.899414
v -5326.280273 419.0 5678.452148
v -5326.280273 451.0 5678.452148
v -5336.393555 419.0 5680.618652
v -5336.393555 451.0 5680.618652
v -5346.583008 419.0 5682.396484
v -5346.583008 451.0 5682.396484
v -5356.83252 451.0 5683.782715
v -5356.83252 419.0 5683.782715
v -5367.127441 419.0 5684.774902
v -5367.127441 451.0 5684.774902
v -5377.453125 419.0 5685.372559
v -5377.453125 451.0 5685.372559
v -5387.794434 419.0 5685.574219
v -5387.794434 451.0 5685.574219
v -5398.135254 419.0 5685.379883
v -5398.135254 451.0 5685.379883
v -5408.461426 419.0 5684.789062
v -5408.461426 451.0 5684.789062
v -5418.757324 419.0 5683.803711
v -5418.757324 451.0 5683.803711
v -5429.007812 451.0 5682.424316
v -5429.007812 419.0 5682.424316
v -5439.198242 419.0 5680.653809
v -5439.198242 451.0 5680.653809
v -5776.958984 -419.0 5401.133301
v -5776.958984 -451.0 5401.133301
v -5574.158203 -451.0 5757.464355
v -5574.158203 -419.0 5757.464355
v -5309.66748 -451.0 5371.057129
v -5306.92334 -451.0 5376.268066
v -5309.66748 -419.0 5371.057129
v -5306.92334 -419.0 5376.268066
v -5304.525879 -451.0 5381.647461
v -5304.525879 -419.0 5381.647461
v -5302.485352 -451.0 5387.172363
v -5302.485352 -419.0 5387.172363
v -5300.811035 -451.0 5392.818359
v -5300.811035 -419.0 5392.818359
v -5299.508789 -451.0 5398.5625
v -5299.508789 -419.0 5398.5625
v -5298.585449 -451.0 5404.378906
v -5298.585449 -419.0 5404.378906
v -5298.044434 -451.0 5410.243652
v -5298.044434 -419.0 5410.243652
v -5297.888184 -451.0 5416.130859
v -5297.888184 -419.0 5416.130859
v -5298.117188 -451.0 5422.015625
v -5298.117188 -419.0 5422.015625
v -5298.730957 -451.0 5427.873047
v -5298.730957 -419.0 5427.873047
v -5299.726074 -451.0 5433.677734
v -5299.726074 -419.0 5433.677734
v -5301.099121 -451.0 5439.405273
v -5301.099121 -419.0 5439.405273
v -5302.843262 -451.0 5445.030273
v -5302.843262 -419.0 5445.030273
v -5304.95166 -451.0 5450.529297
v -5304.95166 -419.0 5450.529297
v -5307.415527 -451.0 5455.878418
v -5307.415527 -419.0 5455.878418
v -5310.224121 -451.0 5461.055176
v -5310.224121 -419.0 5461.055176
v -5313.364746 -451.0 5466.037598
v -5313.364746 -419.0 5466.037598
v -5316.824707 -451.0 5470.803223
v -5316.824707 -419.0 5470.803223
v -5320.589355 -451.0 5475.33252
v -5320.589355 -419.0 5475.33252
v -5324.641602 -451.0 5479.605957
v -5324.641602 -419.0 5479.605957
v -5328.964844 -451.0 5483.605469
v -5328.964844 -419.0 5483.605469
v -5333.540527 -451.0 5487.313477
v -5333.540527 -419.0 5487.313477
v -5338.348633 -451.0 5490.714355
v -5338.348633 -419.0 5490.714355
v -5343.369141 -451.0 5493.793457
v -5343.369141 -419.0 5493.793457
v -5348.580566 -451.0 5496.537598
v -5348.580566 -419.0 5496.537598
v -5353.959961 -451.0 5498.935059
v -5353.959961 -419.0 5498.935059
v -5359.484375 -451.0 5500.975098
v -5359.484375 -419.0 5500.975098
v -5365.130859 -451.0 5502.649902
v -5365.130859 -419.0 5502.649902
v -5370.874512 -451.0 5503.95166
v -5370.874512 -419.0 5503.95166
v -5376.690918 -419.0 5504.875488
v -5376.690918 -451.0 5504.875488
v -5382.555664 -451.0 5505.416504
v -5382.555664 -419.0 5505.416504
v -5388.442871 -419.0 5505.572754
v -5388.442871 -451.0 5505.572754
v -5394.328125 -451.0 5505.34375
v -5394.328125 -419.0 5505.34375
v -5400.185547 -451.0 5504.72998
v -5400.185547 -419.0 5504.72998
v -5405.990234 -451.0 5503.734863
v -5405.990234 -419.0 5503.734863
v -5411.717285 -419.0 5502.361816
v -5411.717285 -451.0 5502.361816
v -5417.342285 -419.0 5500.617676
v -5417.342285 -451.0 5500.617676
v -5422.841309 -419.0 5498.508789
v -5422.841309 -451.0 5498.508789
v -5428.190918 -419.0 5496.04541
v -5428.190918 -451.0 5496.04541
v -5433.367676 -451.0 5493.236816
v -5433.367676 -419.0 5493.236816
v -5438.349609 -419.0 5490.096191
v -5438.349609 -451.0 5490.096191
v -5443.115234 -451.0 5486.63623
v -5443.115234 -419.0 5486.63623
v -5447.64502 -419.0 5482.871582
v -5447.64502 -451.0 5482.871582
v -5451.918457 -419.0 5478.819336
v -5451.918457 -451.0 5478.819336
v -5455.91748 -451.0 5474.496094
v -5455.91748 -419.0 5474.496094
v -5459.625488 -419.0 5469.92041
v -5459.625488 -451.0 5469.92041
v -5463.026367 -419.0 5465.111816
v -5463.026367 -451.0 5465.111816
v -5466.105469 -451.0 5460.091797
v -5466.105469 -419.0 5460.091797
v -5468.849609 -419.0 5454.880371
v -5468.849609 -451.0 5454.880371
v -5471.24707 -419.0 5449.500977
v -5471.24707 -451.0 5449.500977
v -5473.287598 -419.0 5443.976562
v -5473.287598 -451.0 5443.976562
v -5474.962402 -419.0 5438.330078
v -5474.962402 -451.0 5438.330078
v -5476.26416 -419.0 5432.586426
v -5476.26416 -451.0 5432.586426
v -5477.1875 -419.0 5426.77002
v -5477.1875 -451.0 5426.77002
v -5477.728516 -419.0 5420.905273
v -5477.728516 -451.0 5420.905273
v -5477.884766 -419.0 5415.018066
v -5477.884766 -451.0 5415.018066
v -5477.655762 -419.0 5409.132812
v -5477.655762 -451.0 5409.132812
v -5477.041992 -419.0 5403.275391
v -5477.041992 -451.0 5403.275391
v -5476.046875 -419.0 5397.470703
v -5476.046875 -451.0 5397.470703
v -5474.674316 -419.0 5391.743652
v -5474.674316 -451.0 5391.743652
v -5472.929688 -419.0 5386.118652
v -5472.929688 -451.0 5386.118652
v -5470.821289 -419.0 5380.619629
v -5470.821289 -451.0 5380.619629
v -5468.357422 -419.0 5375.27002
v -5468.357422 -451.0 5375.27002
v -5465.549316 -419.0 5370.093262
v -5465.549316 -451.0 5370.093262
v -5462.408203 -419.0 5365.111328
v -5462.408203 -451.0 5365.111328
v -5458.948242 -451.0 5360.345215
v -5458.948242 -419.0 5360.345215
v -5455.184082 -451.0 5355.815918
v -5455.184082 -419.0 5355.815918
v -5451.131348 -451.0 5351.54248
v -5451.131348 -419.0 5351.54248
v -5446.808105 -451.0 5347.542969
v -5446.808105 -419.0 5347.542969
v -5442.232422 -451.0 5343.834961
v -5442.232422 -419.0 5343.834961
v -5437.424316 -451.0 5340.43457
v -5437.424316 -419.0 5340.43457
v -5432.403809 -451.0 5337.355469
v -5432.403809 -419.0 5337.355469
v -5427.192871 -451.0 5334.611328
v -5427.192871 -419.0 5334.611328
v -5421.813477 -451.0 5332.213867
v -5421.813477 -419.0 5332.213867
v -5416.288574 -451.0 5330.17334
v -5416.288574 -419.0 5330.17334
v -5410.64209 -451.0 5328.498535
v -5410.64209 -419.0 5328.498535
v -5404.898438 -451.0 5327.196777
v -5404.898438 -419.0 5327.196777
v -5399.082031 -451.0 5326.273438
v -5399.082031 -419.0 5326.273438
v -5393.217285 -451.0 5325.732422
v -5393.217285 -419.0 5325.732422
v -5387.330078 -451.0 5325.576172
v -5387.330078 -419.0 5325.576172
v -5381.445312 -451.0 5325.805176
v -5381.445312 -419.0 5325.805176
v -5375.587891 -451.0 5326.418457
v -5375.587891 -419.0 5326.418457
v -5369.783203 -451.0 5327.414062
v -5369.783203 -419.0 5327.414062
v -5364.055664 -451.0 5328.786621
v -5364.055664 -419.0 5328.786621
v -5358.430664 -451.0 5330.53125
v -5358.430664 -419.0 5330.53125
v -5352.931641 -451.0 5332.639648
v -5352.931641 -419.0 5332.639648
v -5347.582031 -451.0 5335.103516
v -5347.582031 -419.0 5335.103516
v -5342.405273 -451.0 5337.911621
v -5342.405273 -419.0 5337.911621
v -5337.42334 -451.0 5341.052734
v -5337.42334 -419.0 5341.052734
v -5332.657715 -451.0 5344.512695
v -5332.657715 -419.0 5344.512695
v -5328.128418 -451.0 5348.276855
v -5328.128418 -419.0 5348.276855
v -5323.854492 -451.0 5352.32959
v -5323.854492 -419.0 5352.32959
v -5319.855469 -451.0 5356.652832
v -5319.855469 -419.0 5356.652832
v -5316.147461 -451.0 5361.228516
v -5316.147461 -419.0 5361.228516
v -5312.746582 -451.0 5366.036621
v -5312.746582 -419.0 5366.036621
v -5429.007812 -419.0 5682.424316
v -5439.198242 -451.0 5680.653809
v -5429.007812 -451.0 5682.424316
v -5439.198242 -419.0 5680.653809
v -5418.757324 -419.0 5683.803711
v -5418.757324 -451.0 5683.803711
v -5408.461426 -419.0 5684.789062
v -5408.461426 -451.0 5684.789062
v -5398.135254 -419.0 5685.379883
v -5398.135254 -451.0 5685.379883
v -5387.794434 -419.0 5685.574219
v -5387.794434 -451.0 5685.574219
v -5377.453125 -419.0 5685.372559
v -5377.453125 -451.0 5685.372559
v -5367.127441 -419.0 5684.774902
v -5367.127441 -451.0 5684.774902
v -5356.83252 -419.0 5683.782715
v -5356.83252 -451.0 5683.782715
v -5346.583008 -419.0 5682.396484
v -5346.583008 -451.0 5682.396484
v -5336.393555 -419.0 5680.618652
v -5336.393555 -451.0 5680.618652
v -5326.280273 -419.0 5678.452148
v -5326.280273 -451.0 5678.452148
v -5316.257324 -419.0 5675.899414
v -5316.257324 -451.0 5675.899414
v -5306.339355 -419.0 5672.965332
v -5306.339355 -451.0 5672.965332
v -5296.541016 -419.0 5669.652832
v -5296.541016 -451.0 5669.652832
v -5286.876953 -419.0 5665.968262
v -5286.876953 -451.0 5665.968262
v -5277.36084 -419.0 5661.915527
v -5277.36084 -451.0 5661.915527
v -5268.006836 -419.0 5657.501953
v -5268.006836 -451.0 5657.501953
v -5258.829102 -419.0 5652.73291
v -5258.829102 -451.0 5652.73291
v -5249.840332 -419.0 5647.615723
v -5249.840332 -451.0 5647.615723
v -5241.054688 -419.0 5642.158691
v -5241.054688 -451.0 5642.158691
v -5232.483887 -419.0 5636.368652
v -5232.483887 -451.0 5636.368652
v -5224.141602 -419.0 5630.254395
v -5224.141602 -451.0 5630.254395
v -5216.039551 -419.0 5623.825684
v -5216.039551 -451.0 5623.825684
v -5208.189453 -419.0 5617.09082
v -5208.189453 -451.0 5617.09082
v -5200.603027 -419.0 5610.060547
v -5200.603027 -451.0 5610.060547
v -5193.291992 -419.0 5602.745117
v -5193.291992 -451.0 5602.745117
v -5186.266113 -419.0 5595.154785
v -5186.266113 -451.0 5595.154785
v -5179.535645 -419.0 5587.300781
v -5179.535645 -451.0 5587.300781
v -5173.111328 -419.0 5579.194824
v -5173.111328 -451.0 5579.194824
v -5167.002441 -419.0 5570.849121
v -5167.002441 -451.0 5570.849121
v -5161.217285 -419.0 5562.275391
v -5161.217285 -451.0 5562.275391
v -5155.765137 -419.0 5553.48584
v -5155.765137 -451.0 5553.48584
v -5150.65332 -419.0 5544.494629
v -5150.65332 -451.0 5544.494629
v -5145.889648 -419.0 5535.313965
v -5145.889648 -451.0 5535.313965
v -5141.481445 -419.0 5525.95752
v -5141.481445 -451.0 5525.95752
v -5137.43457 -419.0 5516.438965
v -5137.43457 -451.0 5516.438965
v -5133.754883 -419.0 5506.772949
v -5133.754883 -451.0 5506.772949
v -5130.44873 -419.0 5496.972656
v -5130.44873 -451.0 5496.972656
v -5127.52002 -419.0 5487.053223
v -5127.52002 -451.0 5487.053223
v -5124.973145 -419.0 5477.02832
v -5124.973145 -451.0 5477.02832
v -5122.8125 -419.0 5466.913574
v -5122.8125 -451.0 5466.913574
v -5121.040527 -419.0 5456.723633
v -5121.040527 -451.0 5456.723633
v -5119.660156 -419.0 5446.473145
v -5119.660156 -451.0 5446.473145
v -5118.673828 -419.0 5436.177246
v -5118.673828 -451.0 5436.177246
v -5118.082031 -419.0 5425.851562
v -5118.082031 -451.0 5425.851562
v -5117.886719 -419.0 5415.510254
v -5117.886719 -451.0 5415.510254
v -5118.086914 -419.0 5405.169434
v -5118.086914 -451.0 5405.169434
v -5118.683594 -419.0 5394.84375
v -5118.683594 -451.0 5394.84375
v -5119.675293 -419.0 5384.54834
v -5119.675293 -451.0 5384.54834
v -5121.060059 -419.0 5374.29834
v -5121.060059 -451.0 5374.29834
v -5122.836914 -419.0 5364.109375
v -5122.836914 -451.0 5364.109375
v -5125.002441 -419.0 5353.995605
v -5125.002441 -451.0 5353.995605
v -5127.553711 -419.0 5343.972168
v -5127.553711 -451.0 5343.972168
v -5130.487305 -419.0 5334.054199
v -5130.487305 -451.0 5334.054199
v -5133.79834 -419.0 5324.255371
v -5133.79834 -451.0 5324.255371
v -5137.482422 -419.0 5314.59082
v -5137.482422 -451.0 5314.59082
v -5141.533691 -419.0 5305.074219
v -5141.533691 -451.0 5305.074219
v -5145.946777 -419.0 5295.720215
v -5145.946777 -451.0 5295.720215
v -5150.714355 -419.0 5286.541504
v -5150.714355 -451.0 5286.541504
v -5155.830566 -419.0 5277.552734
v -5155.830566 -451.0 5277.552734
v -5161.287109 -419.0 5268.766113
v -5161.287109 -451.0 5268.766113
v -5167.076172 -419.0 5260.194824
v -5167.076172 -451.0 5260.194824
v -5173.188965 -419.0 5251.852051
v -5173.188965 -451.0 5251.852051
v -5179.617188 -419.0 5243.749023
v -5179.617188 -451.0 5243.749023
v -5186.351074 -419.0 5235.898438
v -5186.351074 -451.0 5235.898438
v -5193.380371 -419.0 5228.311523
v -5193.380371 -451.0 5228.311523
v -5200.695312 -419.0 5220.999023
v -5200.695312 -451.0 5220.999023
v -5208.285156 -419.0 5213.972656
v -5208.285156 -451.0 5213.972656
v -5216.138184 -419.0 5207.241699
v -5216.138184 -451.0 5207.241699
v -5224.243652 -419.0 5200.816406
v -5224.243652 -451.0 5200.816406
v -5232.588867 -419.0 5194.706543
v -5232.588867 -451.0 5194.706543
v -5241.162109 -419.0 5188.92041
v -5241.162109 -451.0 5188.92041
v -5249.950684 -419.0 5183.467285
v -5249.950684 -451.0 5183.467285
v -5258.941406 -419.0 5178.354492
v -5258.941406 -451.0 5178.354492
v -5268.121582 -419.0 5173.590332
v -5268.121582 -451.0 5173.590332
v -5277.477539 -419.0 5169.180664
v -5277.477539 -451.0 5169.180664
v -5286.995605 -419.0 5165.132812
v -5286.995605 -451.0 5165.132812
v -5296.661621 -419.0 5161.452148
v -5296.661621 -451.0 5161.452148
v -5306.461426 -419.0 5158.14502
v -5306.461426 -451.0 5158.14502
v -5316.380859 -419.0 5155.215332
v -5316.380859 -451.0 5155.215332
v -5326.404785 -419.0 5152.66748
v -5326.404785 -451.0 5152.66748
v -5336.519531 -419.0 5150.505859
v -5336.519531 -451.0 5150.505859
v -5346.709473 -419.0 5148.73291
v -5346.709473 -451.0 5148.73291
v -5356.959473 -419.0 5147.351562
v -5356.959473 -451.0 5147.351562
v -5367.255371 -419.0 5146.36377
v -5367.255371 -451.0 5146.36377
v -5377.581055 -419.0 5145.770996
v -5377.581055 -451.0 5145.770996
v -5387.922363 -419.0 5145.574219
v -5387.922363 -451.0 5145.574219
v -5398.263184 -419.0 5145.773926
v -5398.263184 -451.0 5145.773926
v -5408.588867 -419.0 5146.369141
v -5408.588867 -451.0 5146.369141
v -5418.884766 -419.0 5147.359863
v -5418.884766 -451.0 5147.359863
v -5429.134277 -419.0 5148.743652
v -5429.134277 -451.0 5148.743652
v -5439.32373 -419.0 5150.519043
v -5439.32373 -451.0 5150.519043
v -5449.437988 -451.0 5152.683594
v -5449.437988 -419.0 5152.683594
v -5459.461426 -419.0 5155.233887
v -5459.461426 -451.0 5155.233887
v -5469.379883 -419.0 5158.166504
v -5469.379883 -451.0 5158.166504
v -5479.178711 -419.0 5161.476562
v -5479.178711 -451.0 5161.476562
v -5488.84375 -419.0 5165.159668
v -5488.84375 -451.0 5165.159668
v -5498.36084 -419.0 5169.209961
v -5498.36084 -451.0 5169.209961
v -5507.715332 -419.0 5173.62207
v -5507.715332 -451.0 5173.62207
v -5516.894531 -419.0 5178.388672
v -5516.894531 -451.0 5178.388672
v -5525.883789 -419.0 5183.503906
v -5525.883789 -451.0 5183.503906
v -5534.670898 -419.0 5188.959473
v -5534.670898 -451.0 5188.959473
v -5543.242676 -419.0 5194.747559
v -5543.242676 -451.0 5194.747559
v -5551.586426 -419.0 5200.859863
v -5551.586426 -451.0 5200.859863
v -5559.689941 -419.0 5207.287109
v -5559.689941 -451.0 5207.287109
v -5567.541504 -419.0 5214.02002
v -5567.541504 -451.0 5214.02002
v -5575.128906 -419.0 5221.048828
v -5575.128906 -451.0 5221.048828
v -5582.441895 -419.0 5228.362793
v -5582.441895 -451.0 5228.362793
v -5589.469727 -419.0 5235.95166
v -5589.469727 -451.0 5235.95166
v -5596.201172 -419.0 5243.804199
v -5596.201172 -451.0 5243.804199
v -5602.627441 -419.0 5251.908691
v -5602.627441 -451.0 5251.908691
v -5608.738281 -451.0 5260.253418
v -5608.738281 -419.0 5260.253418
v -5614.524902 -419.0 5268.826172
v -5614.524902 -451.0 5268.826172
v -5619.979004 -451.0 5277.614258
v -5619.979004 -419.0 5277.614258
v -5625.092773 -419.0 5286.604492
v -5625.092773 -451.0 5286.604492
v -5629.858398 -419.0 5295.78418
v -5629.858398 -451.0 5295.78418
v -5634.268555 -419.0 5305.139648
v -5634.268555 -451.0 5305.139648
v -5638.317383 -419.0 5314.657227
v -5638.317383 -451.0 5314.657227
v -5641.999023 -419.0 5324.322754
v -5641.999023 -451.0 5324.322754
v -2880.392822 865.0 3907.926758
v -2811.143799 865.0 4029.60083
v -2811.143799 -865.0 4029.60083
v -2880.392822 -865.0 3907.926758
v -3037.109863 -865.0 4158.206055
v -3106.358887 -865.0 4036.532227
v -3037.109863 865.0 4158.206055
v -3106.358887 865.0 4036.532227
v -5463.026367 1048.0 5465.111816
v -5466.105469 -1048.0 5460.091797
v -5463.026367 -1048.0 5465.111816
v -5466.105469 1048.0 5460.091797
v -5459.625488 1048.0 5469.92041
v -5459.625488 -1048.0 5469.92041
v -5455.91748 1048.0 5474.496094
v -5455.91748 -1048.0 5474.496094
v -5451.918457 1048.0 5478.819336
v -5451.918457 -1048.0 5478.819336
v -5447.64502 1048.0 5482.871582
v -5447.64502 -1048.0 5482.871582
v -5443.115234 1048.0 5486.63623
v -5443.115234 -1048.0 5486.63623
v -5438.349609 1048.0 5490.096191
v -5438.349609 -1048.0 5490.096191
v -5433.367676 1048.0 5493.236816
v -5433.367676 -1048.0 5493.236816
v -5428.190918 1048.0 5496.04541
v -5428.190918 -1048.0 5496.04541
v -5422.841309 1048.0 5498.508789
v -5422.841309 -1048.0 5498.508789
v -5417.342285 1048.0 5500.617676
v -5417.342285 -1048.0 5500.617676
v -5411.717285 1048.0 5502.361816
v -5411.717285 -1048.0 5502.361816
v -5405.990234 1048.0 5503.734863
v -5405.990234 -1048.0 5503.734863
v -5400.185547 1048.0 5504.72998
v -5400.185547 -1048.0 5504.72998
v -5394.328125 1048.0 5505.34375
v -5394.328125 -1048.0 5505.34375
v -5388.442871 1048.0 5505.572754
v -5388.442871 -1048.0 5505.572754
v -5382.555664 -1048.0 5505.416504
v -5382.555664 1048.0 5505.416504
v -5376.690918 1048.0 5504.875488
v -5376.690918 -1048.0 5504.875488
v -5370.874512 1048.0 5503.95166
v -5370.874512 -1048.0 5503.95166
v -5365.130859 -1048.0 5502.649902
v -5365.130859 1048.0 5502.649902
v -5359.484375 1048.0 5500.975098
v -5359.484375 -1048.0 5500.975098
v -5353.959961 -1048.0 5498.935059
v -5353.959961 1048.0 5498.935059
v -5348.580566 -1048.0 5496.537598
v -5348.580566 1048.0 5496.537598
v -5343.369141 -1048.0 5493.793457
v -5343.369141 1048.0 5493.793457
v -5338.348633 -1048.0 5490.714355
v -5338.348633 1048.0 5490.714355
v -5333.540527 -1048.0 5487.313477
v -5333.540527 1048.0 5487.313477
v -5328.964844 -1048.0 5483.605469
v -5328.964844 1048.0 5483.605469
v -5324.641602 -1048.0 5479.605957
v -5324.641602 1048.0 5479.605957
v -5320.589355 1048.0 5475.33252
v -5320.589355 -1048.0 5475.33252
v -5316.824707 -1048.0 5470.803223
v -5316.824707 1048.0 5470.803223
v -5313.364746 -1048.0 5466.037598
v -5313.364746 1048.0 5466.037598
v -5310.224121 1048.0 5461.055176
v -5310.224121 -1048.0 5461.055176
v -5307.415527 -1048.0 5455.878418
v -5307.415527 1048.0 5455.878418
v -5304.95166 -1048.0 5450.529297
v -5304.95166 1048.0 5450.529297
v -5302.843262 -1048.0 5445.030273
v -5302.843262 1048.0 5445.030273
v -5301.099121 -1048.0 5439.405273
v -5301.099121 1048.0 5439.405273
v -5299.726074 -1048.0 5433.677734
v -5299.726074 1048.0 5433.677734
v -5298.730957 -1048.0 5427.873047
v -5298.730957 1048.0 5427.873047
v -5298.117188 -1048.0 5422.015625
v -5298.117188 1048.0 5422.015625
v -5297.888184 -1048.0 5416.130859
v -5297.888184 1048.0 5416.130859
v -5298.044434 -1048.0 5410.243652
v -5298.044434 1048.0 5410.243652
v -5298.585449 -1048.0 5404.378906
v -5298.585449 1048.0 5404.378906
v -5299.508789 -1048.0 5398.5625
v -5299.508789 1048.0 5398.5625
v -5300.811035 -1048.0 5392.818359
v -5300.811035 1048.0 5392.818359
v -5302.485352 1048.0 5387.172363
v -5302.485352 -1048.0 5387.172363
v -5304.525879 -1048.0 5381.647461
v -5304.525879 1048.0 5381.647461
v -5306.92334 1048.0 5376.268066
v -5306.92334 -1048.0 5376.268066
v -5309.66748 -1048.0 5371.057129
v -5309.66748 1048.0 5371.057129
v -5312.746582 -1048.0 5366.036621
v -5312.746582 1048.0 5366.036621
v -5316.147461 -1048.0 5361.228516
v -5316.147461 1048.0 5361.228516
v -5319.855469 -1048.0 5356.652832
v -5319.855469 1048.0 5356.652832
v -5323.854492 -1048.0 5352.32959
v -5323.854492 1048.0 5352.32959
v -5328.128418 -1048.0 5348.276855
v -5328.128418 1048.0 5348.276855
v -5332.657715 -1048.0 5344.512695
v -5332.657715 1048.0 5344.512695
v -5337.42334 -1048.0 5341.052734
v -5337.42334 1048.0 5341.052734
v -5342.405273 -1048.0 5337.911621
v -5342.405273 1048.0 5337.911621
v -5347.582031 -1048.0 5335.103516
v -5347.582031 1048.0 5335.103516
v -5352.931641 -1048.0 5332.639648
v -5352.931641 1048.0 5332.639648
v -5358.430664 -1048.0 5330.53125
v -5358.430664 1048.0 5330.53125
v -5364.055664 -1048.0 5328.786621
v -5364.055664 1048.0 5328.786621
v -5369.783203 -1048.0 5327.414062
v -5369.783203 1048.0 5327.414062
v -5375.587891 -1048.0 5326.418457
v -5375.587891 1048.0 5326.418457
v -5381.445312 -1048.0 5325.805176
v -5381.445312 1048.0 5325.805176
v -5387.330078 -1048.0 5325.576172
v -5387.330078 1048.0 5325.576172
v -5393.217285 -1048.0 5325.732422
v -5393.217285 1048.0 5325.732422
v -5399.082031 -1048.0 5326.273438
v -5399.082031 1048.0 5326.273438
v -5404.898438 -1048.0 5327.196777
v -5404.898438 1048.0 5327.196777
v -5410.64209 -1048.0 5328.498535
v -5410.64209 1048.0 5328.498535
v -5416.288574 -1048.0 5330.17334
v -5416.288574 1048.0 5330.17334
v -5421.813477 -1048.0 5332.213867
v -5421.813477 1048.0 5332.213867
v -5427.192871 -1048.0 5334.611328
v -5427.192871 1048.0 5334.611328
v -5432.403809 1048.0 5337.355469
v -5432.403809 -1048.0 5337.355469
v -5437.424316 -1048.0 5340.43457
v -5437.424316 1048.0 5340.43457
v -5442.232422 -1048.0 5343.834961
v -5442.232422 1048.0 5343.834961
v -5446.808105 1048.0 5347.542969
v -5446.808105 -1048.0 5347.542969
v -5451.131348 1048.0 5351.54248
v -5451.131348 -1048.0 5351.54248
v -5455.184082 1048.0 5355.815918
v -5455.184082 -1048.0 5355.815918
v -5458.948242 -1048.0 5360.345215
v -5458.948242 1048.0 5360.345215
v -5462.408203 1048.0 5365.111328
v -5462.408203 -1048.0 5365.111328
v -5465.549316 1048.0 5370.093262
v -5465.549316 -1048.0 5370.093262
v -5468.357422 1048.0 5375.27002
v -5468.357422 -1048.0 5375.27002
v -5470.821289 1048.0 5380.619629
v -5470.821289 -1048.0 5380.619629
v -5472.929688 1048.0 5386.118652
v -5472.929688 -1048.0 5386.118652
v -5474.674316 1048.0 5391.743652
v -5474.674316 -1048.0 5391.743652
v -5476.046875 1048.0 5397.470703
v -5476.046875 -1048.0 5397.470703
v -5477.041992 1048.0 5403.275391
v -5477.041992 -1048.0 5403.275391
v -5477.655762 1048.0 5409.132812
v -5477.655762 -1048.0 5409.132812
v -5477.884766 1048.0 5415.018066
v -5477.884766 -1048.0 5415.018066
v -5477.728516 -1048.0 5420.905273
v -5477.728516 1048.0 5420.905273
v -5477.1875 1048.0 5426.77002
v -5477.1875 -1048.0 5426.77002
v -5476.26416 1048.0 5432.586426
v -5476.26416 -1048.0 5432.586426
v -5474.962402 1048.0 5438.330078
v -5474.962402 -1048.0 5438.330078
v -5473.287598 -1048.0 5443.976562
v -5473.287598 1048.0 5443.976562
v -5471.24707 1048.0 5449.500977
v -5471.24707 -1048.0 5449.500977
v -5468.849609 -1048.0 5454.880371
v -5468.849609 1048.0 5454.880371
v -5401.390625 -129.0 5464.753906
v -5468.459473 -129.0 5730.428223
v -5457.421875 -129.0 5733.04834
v -5479.398438 -129.0 5727.424316
v -5490.226074 -129.0 5724.041016
v -5397.052734 -129.0 5465.743652
v -5446.299805 -129.0 5735.281738
v -5435.106934 -129.0 5737.125488
v -5405.625488 -129.0 5463.390137
v -5500.929199 -129.0 5720.28125
v -5511.494629 -129.0 5716.150391
v -5409.725586 -129.0 5461.662109
v -5521.90918 -129.0 5711.653809
v -5532.160645 -129.0 5706.795898
v -5542.23584 -129.0 5701.583496
v -5392.645508 -129.0 5466.352051
v -5423.855957 -129.0 5738.577637
v -5412.561523 -129.0 5739.63623
v -5401.236816 -129.0 5740.299805
v -5388.20166 -129.0 5466.573242
v -5389.895996 -129.0 5740.568359
v -5378.552734 -129.0 5740.44043
v -5413.65918 -129.0 5459.583008
v -5552.123535 -129.0 5696.022461
v -5561.811035 -129.0 5690.120117
v -5383.755859 -129.0 5466.406738
v -5355.913574 -129.0 5738.998047
v -5344.645996 -129.0 5737.685059
v -5367.220703 -129.0 5739.916504
v -5417.396484 -129.0 5457.169434
v -5571.286621 -129.0 5683.882812
v -5580.538574 -129.0 5677.318848
v -5589.556152 -129.0 5670.436035
v -5379.341309 -129.0 5465.853516
v -5333.430664 -129.0 5735.979492
v -5322.282227 -129.0 5733.883789
v -5420.909668 -129.0 5454.438965
v -5598.327637 -129.0 5663.242188
v -5606.843262 -129.0 5655.74707
v -5374.991699 -129.0 5464.916992
v -5300.237793 -129.0 5728.532227
v -5289.369141 -129.0 5725.282715
v -5311.212891 -129.0 5731.400391
v -5424.171387 -129.0 5451.413086
v -5615.091797 -129.0 5647.959473
v -5623.063477 -129.0 5639.888672
v -5630.748535 -129.0 5631.544434
v -5370.740234 -129.0 5463.605469
v -5278.620117 -129.0 5721.655762
v -5268.004883 -129.0 5717.65625
v -5427.156738 -129.0 5448.114258
v -5638.137695 -129.0 5622.937012
v -5645.222168 -129.0 5614.077148
v -5366.619141 -129.0 5461.928223
v -5247.224609 -129.0 5708.557617
v -5237.085449 -129.0 5703.470215
v -5257.535156 -129.0 5713.288086
v -5429.843262 -129.0 5444.567871
v -5651.993164 -129.0 5604.975098
v -5658.442383 -129.0 5595.642578
v -5664.561523 -129.0 5586.09082
v -5432.210449 -129.0 5440.800781
v -5670.344238 -129.0 5576.331055
v -5362.660156 -129.0 5459.898438
v -5227.129883 -129.0 5698.031738
v -5217.370117 -129.0 5692.249512
v -5358.893066 -129.0 5457.53125
v -5198.485352 -129.0 5679.681152
v -5189.383789 -129.0 5672.910156
v -5207.818359 -129.0 5686.129883
v -5355.34668 -129.0 5454.844727
v -5180.523926 -129.0 5665.825684
v -5171.916504 -129.0 5658.436523
v -5352.047852 -129.0 5451.858887
v -5155.501465 -129.0 5642.779297
v -5147.713379 -129.0 5634.530762
v -5163.572266 -129.0 5650.750977
v -5349.021484 -129.0 5448.597656
v -5140.218262 -129.0 5626.015625
v -5133.024902 -129.0 5617.244141
v -5346.291504 -129.0 5445.084473
v -5119.578125 -129.0 5598.974609
v -5113.34082 -129.0 5589.499023
v -5126.14209 -129.0 5608.226562
v -5343.87793 -129.0 5441.34668
v -5107.438477 -129.0 5579.811523
v -5101.877441 -129.0 5569.923828
v -5341.798828 -129.0 5437.413086
v -5091.807129 -129.0 5549.59668
v -5087.310059 -129.0 5539.182129
v -5096.665039 -129.0 5559.848145
v -5340.070801 -129.0 5433.313477
v -5083.179688 -129.0 5528.617188
v -5079.419922 -129.0 5517.914062
v -5338.707031 -129.0 5429.078613
v -5076.036133 -129.0 5507.086426
v -5073.032715 -129.0 5496.146973
v -5070.412598 -129.0 5485.109863
v -5337.717285 -129.0 5424.740723
v -5068.179199 -129.0 5473.987793
v -5066.334961 -129.0 5462.794434
v -5337.108887 -129.0 5420.333496
v -5064.883301 -129.0 5451.543945
v -5063.824707 -129.0 5440.249023
v -5063.160645 -129.0 5428.924805
v -5336.887695 -129.0 5415.889648
v -5062.892578 -129.0 5417.583496
v -5063.020508 -129.0 5406.240234
v -5337.054199 -129.0 5411.443359
v -5063.544434 -129.0 5394.908203
v -5064.462891 -129.0 5383.601562
v -5065.775879 -129.0 5372.333984
v -5337.607422 -129.0 5407.028809
v -5067.480957 -129.0 5361.118652
v -5069.57666 -129.0 5349.969727
v -5338.543457 -129.0 5402.679199
v -5072.060547 -129.0 5338.900879
v -5074.928711 -129.0 5327.925293
v -5078.178223 -129.0 5317.056641
v -5339.855469 -129.0 5398.427734
v -5081.805176 -129.0 5306.308105
v -5085.804688 -129.0 5295.692383
v -5341.532227 -129.0 5394.307129
v -5090.172852 -129.0 5285.223145
v -5094.90332 -129.0 5274.912598
v -5099.990723 -129.0 5264.772949
v -5343.5625 -129.0 5390.347656
v -5105.429199 -129.0 5254.817383
v -5675.782227 -129.0 5566.375488
v -5434.240723 -129.0 5436.841797
v -5680.869629 -129.0 5556.236328
v -5685.600586 -129.0 5545.925781
v -5689.968262 -129.0 5535.456055
v -5435.917969 -129.0 5432.720703
v -5693.968262 -129.0 5524.840332
v -5697.594727 -129.0 5514.091797
v -5437.229492 -129.0 5428.469238
v -5700.844238 -129.0 5503.223145
v -5703.712891 -129.0 5492.247559
v -5706.196289 -129.0 5481.178711
v -5438.165527 -129.0 5424.119629
v -5708.291992 -129.0 5470.030273
v -5709.99707 -129.0 5458.814941
v -5438.71875 -129.0 5419.705078
v -5711.310059 -129.0 5447.546875
v -5712.229004 -129.0 5436.240234
v -5712.752441 -129.0 5424.908203
v -5438.885742 -129.0 5415.258789
v -5712.880371 -129.0 5413.564941
v -5712.612305 -129.0 5402.224121
v -5438.664062 -129.0 5410.81543
v -5711.948242 -129.0 5390.899414
v -5710.890137 -129.0 5379.60498
v -5709.437988 -129.0 5368.354004
v -5438.056152 -129.0 5406.407715
v -5707.594238 -129.0 5357.161133
v -5705.36084 -129.0 5346.039062
v -5437.066406 -129.0 5402.070312
v -5702.740723 -129.0 5335.001465
v -5699.736816 -129.0 5324.0625
v -5696.353027 -129.0 5313.234863
v -5435.702148 -129.0 5397.835449
v -5692.59375 -129.0 5302.531738
v -5688.462891 -129.0 5291.966309
v -5433.974121 -129.0 5393.735352
v -5683.96582 -129.0 5281.551758
v -5679.10791 -129.0 5271.300293
v -5673.895508 -129.0 5261.224609
v -5431.895508 -129.0 5389.801758
v -5668.334473 -129.0 5251.337402
v -5662.432129 -129.0 5241.649902
v -5429.481445 -129.0 5386.063965
v -5656.194824 -129.0 5232.174316
v -5649.630859 -129.0 5222.922363
v -5642.748047 -129.0 5213.904785
v -5426.751465 -129.0 5382.55127
v -5635.554688 -129.0 5205.133301
v -5628.05957 -129.0 5196.617676
v -5423.725098 -129.0 5379.289551
v -5620.271484 -129.0 5188.369141
v -5612.200684 -129.0 5180.397461
v -5603.856445 -129.0 5172.712402
v -5420.426758 -129.0 5376.304199
v -5595.249023 -129.0 5165.323242
v -5586.38916 -129.0 5158.23877
v -5416.879883 -129.0 5373.617676
v -5577.287598 -129.0 5151.467773
v -5567.955078 -129.0 5145.018555
v -5558.402832 -129.0 5138.898926
v -5413.112793 -129.0 5371.25
v -5548.643066 -129.0 5133.116699
v -5538.6875 -129.0 5127.678711
v -5409.153809 -129.0 5369.220215
v -5111.211426 -129.0 5245.058105
v -5345.929688 -129.0 5386.580566
v -5528.54834 -129.0 5122.59082
v -5117.331055 -129.0 5235.505859
v -5518.237793 -129.0 5117.860352
v -5123.779785 -129.0 5226.17334
v -5507.768066 -129.0 5113.492676
v -5405.032715 -129.0 5367.542969
v -5130.550781 -129.0 5217.071777
v -5348.616211 -129.0 5383.03418
v -5497.152832 -129.0 5109.492676
v -5137.635254 -129.0 5208.211426
v -5486.404297 -129.0 5105.865723
v -5400.78125 -129.0 5366.231445
v -5145.024414 -129.0 5199.604492
v -5351.601562 -129.0 5379.735352
v -5475.535645 -129.0 5102.616211
v -5152.709961 -129.0 5191.260254
v -5464.560059 -129.0 5099.748047
v -5160.681641 -129.0 5183.188965
v -5453.491211 -129.0 5097.264648
v -5396.431641 -129.0 5365.29541
v -5168.930176 -129.0 5175.401367
v -5354.863281 -129.0 5376.709473
v -5442.342285 -129.0 5095.168945
v -5177.445312 -129.0 5167.90625
v -5431.126953 -129.0 5093.463867
v -5392.01709 -129.0 5364.741699
v -5186.216797 -129.0 5160.712891
v -5358.376465 -129.0 5373.979004
v -5419.859375 -129.0 5092.150879
v -5195.234375 -129.0 5153.830078
v -5408.552246 -129.0 5091.231934
v -5204.486328 -129.0 5147.266113
v -5397.220703 -129.0 5090.708496
v -5387.571289 -129.0 5364.575195
v -5213.961914 -129.0 5141.028809
v -5362.11377 -129.0 5371.56543
v -5385.876953 -129.0 5090.580566
v -5223.649414 -129.0 5135.125977
v -5374.536133 -129.0 5090.848633
v -5383.127441 -129.0 5364.796875
v -5233.537109 -129.0 5129.56543
v -5366.047852 -129.0 5369.486816
v -5363.211426 -129.0 5091.512207
v -5243.612793 -129.0 5124.352539
v -5351.916992 -129.0 5092.570801
v -5253.86377 -129.0 5119.495117
v -5340.666504 -129.0 5094.022949
v -5378.720215 -129.0 5365.404785
v -5264.278809 -129.0 5114.998047
v -5370.147461 -129.0 5367.758789
v -5329.473145 -129.0 5095.866699
v -5274.84375 -129.0 5110.867188
v -5318.351074 -129.0 5098.100098
v -5374.382324 -129.0 5366.394531
v -5285.546875 -129.0 5107.10791
v -5307.313477 -129.0 5100.720215
v -5296.374512 -129.0 5103.724121
v -5105.429199 -364.0 5254.817383
v -5099.990723 -364.0 5264.772949
v -5094.90332 -364.0 5274.912598
v -5090.172852 -364.0 5285.223145
v -5085.804688 -364.0 5295.692383
v -5081.805176 -364.0 5306.308105
v -5078.178223 -364.0 5317.056641
v -5074.928711 -364.0 5327.925293
v -5072.060547 -364.0 5338.900879
v -5069.57666 -364.0 5349.969727
v -5067.480957 -364.0 5361.118652
v -5065.775879 -364.0 5372.333984
v -5064.462891 -364.0 5383.601562
v -5063.544434 -364.0 5394.908203
v -5063.020508 -364.0 5406.240234
v -5062.892578 -364.0 5417.583496
v -5063.160645 -364.0 5428.924805
v -5063.824707 -364.0 5440.249023
v -5064.883301 -364.0 5451.543945
v -5066.334961 -364.0 5462.794434
v -5068.179199 -364.0 5473.987793
v -5070.412598 -364.0 5485.109863
v -5073.032715 -364.0 5496.146973
v -5076.036133 -364.0 5507.086426
v -5079.419922 -364.0 5517.914062
v -5083.179688 -364.0 5528.617188
v -5087.310059 -364.0 5539.182129
v -5091.807129 -364.0 5549.59668
v -5096.665039 -364.0 5559.848145
v -5101.877441 -364.0 5569.923828
v -5107.438477 -364.0 5579.811523
v -5113.34082 -364.0 5589.499023
v -5119.578125 -364.0 5598.974609
v -5126.14209 -364.0 5608.226562
v -5133.024902 -364.0 5617.244141
v -5140.218262 -364.0 5626.015625
v -5147.713379 -364.0 5634.530762
v -5155.501465 -364.0 5642.779297
v -5163.572266 -364.0 5650.750977
v -5171.916504 -364.0 5658.436523
v -5180.523926 -364.0 5665.825684
v -5189.383789 -364.0 5672.910156
v -5198.485352 -364.0 5679.681152
v -5207.818359 -364.0 5686.129883
v -5217.370117 -364.0 5692.249512
v -5227.129883 -364.0 5698.031738
v -5237.085449 -364.0 5703.470215
v -5247.224609 -364.0 5708.557617
v -5257.535156 -364.0 5713.288086
v -5268.004883 -364.0 5717.65625
v -5278.620117 -364.0 5721.655762
v -5289.369141 -364.0 5725.282715
v -5300.237793 -364.0 5728.532227
v -5311.212891 -364.0 5731.400391
v -5322.282227 -364.0 5733.883789
v -5333.430664 -364.0 5735.979492
v -5344.645996 -364.0 5737.685059
v -5355.913574 -364.0 5738.998047
v -5367.220703 -364.0 5739.916504
v -5378.552734 -364.0 5740.44043
v -5389.895996 -364.0 5740.568359
v -5401.236816 -364.0 5740.299805
v -5412.561523 -364.0 5739.63623
v -5423.855957 -364.0 5738.577637
v -5435.106934 -364.0 5737.125488
v -5446.299805 -364.0 5735.281738
v -5457.421875 -364.0 5733.04834
v -5468.459473 -364.0 5730.428223
v -5479.398438 -364.0 5727.424316
v -5490.226074 -364.0 5724.041016
v -5500.929199 -364.0 5720.28125
v -5511.494629 -364.0 5716.150391
v -5521.90918 -364.0 5711.653809
v -5532.160645 -364.0 5706.795898
v -5542.23584 -364.0 5701.583496
v -5552.123535 -364.0 5696.022461
v -5561.811035 -364.0 5690.120117
v -5571.286621 -364.0 5683.882812
v -5580.538574 -364.0 5677.318848
v -5589.556152 -364.0 5670.436035
v -5598.327637 -364.0 5663.242188
v -5606.843262 -364.0 5655.74707
v -5615.091797 -364.0 5647.959473
v -5623.063477 -364.0 5639.888672
v -5630.748535 -364.0 5631.544434
v -5638.137695 -364.0 5622.937012
v -5645.222168 -364.0 5614.077148
v -5651.993164 -364.0 5604.975098
v -5658.442383 -364.0 5595.642578
v -5664.561523 -364.0 5586.09082
v -5670.344238 -364.0 5576.331055
v -5675.782227 -364.0 5566.375488
v -5680.869629 -364.0 5556.236328
v -5685.600586 -364.0 5545.925781
v -5689.968262 -364.0 5535.456055
v -5693.968262 -364.0 5524.840332
v -5697.594727 -364.0 5514.091797
v -5700.844238 -364.0 5503.223145
v -5703.712891 -364.0 5492.247559
v -5706.196289 -364.0 5481.178711
v -5708.291992 -364.0 5470.030273
v -5709.99707 -364.0 5458.814941
v -5711.310059 -364.0 5447.546875
v -5712.229004 -364.0 5436.240234
v -5712.752441 -364.0 5424.908203
v -5712.880371 -364.0 5413.564941
v -5712.612305 -364.0 5402.224121
v -5711.948242 -364.0 5390.899414
v -5710.890137 -364.0 5379.60498
v -5709.437988 -364.0 5368.354004
v -5707.594238 -364.0 5357.161133
v -5705.36084 -364.0 5346.039062
v -5702.740723 -364.0 5335.001465
v -5699.736816 -364.0 5324.0625
v -5696.353027 -364.0 5313.234863
v -5692.59375 -364.0 5302.531738
v -5688.462891 -364.0 5291.966309
v -5683.96582 -364.0 5281.551758
v -5679.10791 -364.0 5271.300293
v -5673.895508 -364.0 5261.224609
v -5668.334473 -364.0 5251.337402
v -5662.432129 -364.0 5241.649902
v -5656.194824 -364.0 5232.174316
v -5649.630859 -364.0 5222.922363
v -5642.748047 -364.0 5213.904785
v -5635.554688 -364.0 5205.133301
v -5628.05957 -364.0 5196.617676
v -5620.271484 -364.0 5188.369141
v -5612.200684 -364.0 5180.397461
v -5603.856445 -364.0 5172.712402
v -5595.249023 -364.0 5165.323242
v -5586.38916 -364.0 5158.23877
v -5577.287598 -364.0 5151.467773
v -5567.955078 -364.0 5145.018555
v -5558.402832 -364.0 5138.898926
v -5548.643066 -364.0 5133.116699
v -5538.6875 -364.0 5127.678711
v -5528.54834 -364.0 5122.59082
v -5518.237793 -364.0 5117.860352
v -5507.768066 -364.0 5113.492676
v -5497.152832 -364.0 5109.492676
v -5486.404297 -364.0 5105.865723
v -5475.535645 -364.0 5102.616211
v -5464.560059 -364.0 5099.748047
v -5453.491211 -364.0 5097.264648
v -5442.342285 -364.0 5095.168945
v -5431.126953 -364.0 5093.463867
v -5419.859375 -364.0 5092.150879
v -5408.552246 -364.0 5091.231934
v -5397.220703 -364.0 5090.708496
v -5385.876953 -364.0 5090.580566
v -5374.536133 -364.0 5090.848633
v -5363.211426 -364.0 5091.512207
v -5351.916992 -364.0 5092.570801
v -5340.666504 -364.0 5094.022949
v -5329.473145 -364.0 5095.866699
v -5318.351074 -364.0 5098.100098
v -5307.313477 -364.0 5100.720215
v -5296.374512 -364.0 5103.724121
v -5285.546875 -364.0 5107.10791
v -5274.84375 -364.0 5110.867188
v -5264.278809 -364.0 5114.998047
v -5253.86377 -364.0 5119.495117
v -5243.612793 -364.0 5124.352539
v -5233.537109 -364.0 5129.56543
v -5223.649414 -364.0 5135.125977
v -5213.961914 -364.0 5141.028809
v -5204.486328 -364.0 5147.266113
v -5195.234375 -364.0 5153.830078
v -5186.216797 -364.0 5160.712891
v -5177.445312 -364.0 5167.90625
v -5168.930176 -364.0 5175.401367
v -5160.681641 -364.0 5183.188965
v -5152.709961 -364.0 5191.260254
v -5145.024414 -364.0 5199.604492
v -5137.635254 -364.0 5208.211426
v -5130.550781 -364.0 5217.071777
v -5123.779785 -364.0 5226.17334
v -5117.331055 -364.0 5235.505859
v -5111.211426 -364.0 5245.058105
v -5401.390625 -364.0 5464.753906
v -5397.052734 -364.0 5465.743652
v -5405.625488 -364.0 5463.390137
v -5392.645508 -364.0 5466.352051
v -5409.725586 -364.0 5461.662109
v -5413.65918 -364.0 5459.583008
v -5388.20166 -364.0 5466.573242
v -5383.755859 -364.0 5466.406738
v -5417.396484 -364.0 5457.169434
v -5420.909668 -364.0 5454.438965
v -5379.341309 -364.0 5465.853516
v -5374.991699 -364.0 5464.916992
v -5424.171387 -364.0 5451.413086
v -5370.740234 -364.0 5463.605469
v -5427.156738 -364.0 5448.114258
v -5366.619141 -364.0 5461.928223
v -5429.843262 -364.0 5444.567871
v -5432.210449 -364.0 5440.800781
v -5362.660156 -364.0 5459.898438
v -5358.893066 -364.0 5457.53125
v -5355.34668 -364.0 5454.844727
v -5352.047852 -364.0 5451.858887
v -5349.021484 -364.0 5448.597656
v -5346.291504 -364.0 5445.084473
v -5343.87793 -364.0 5441.34668
v -5341.798828 -364.0 5437.413086
v -5340.070801 -364.0 5433.313477
v -5338.707031 -364.0 5429.078613
v -5337.717285 -364.0 5424.740723
v -5337.108887 -364.0 5420.333496
v -5336.887695 -364.0 5415.889648
v -5337.054199 -364.0 5411.443359
v -5337.607422 -364.0 5407.028809
v -5338.543457 -364.0 5402.679199
v -5339.855469 -364.0 5398.427734
v -5341.532227 -364.0 5394.307129
v -5343.5625 -364.0 5390.347656
v -5434.240723 -364.0 5436.841797
v -5435.917969 -364.0 5432.720703
v -5437.229492 -364.0 5428.469238
v -5438.165527 -364.0 5424.119629
v -5438.71875 -364.0 5419.705078
v -5438.885742 -364.0 5415.258789
v -5438.664062 -364.0 5410.81543
v -5438.056152 -364.0 5406.407715
v -5437.066406 -364.0 5402.070312
v -5435.702148 -364.0 5397.835449
v -5433.974121 -364.0 5393.735352
v -5431.895508 -364.0 5389.801758
v -5429.481445 -364.0 5386.063965
v -5426.751465 -364.0 5382.55127
v -5423.725098 -364.0 5379.289551
v -5420.426758 -364.0 5376.304199
v -5416.879883 -364.0 5373.617676
v -5413.112793 -364.0 5371.25
v -5409.153809 -364.0 5369.220215
v -5345.929688 -364.0 5386.580566
v -5405.032715 -364.0 5367.542969
v -5348.616211 -364.0 5383.03418
v -5400.78125 -364.0 5366.231445
v -5351.601562 -364.0 5379.735352
v -5396.431641 -364.0 5365.29541
v -5354.863281 -364.0 5376.709473
v -5392.01709 -364.0 5364.741699
v -5358.376465 -364.0 5373.979004
v -5387.571289 -364.0 5364.575195
v -5362.11377 -364.0 5371.56543
v -5383.127441 -364.0 5364.796875
v -5366.047852 -364.0 5369.486816
v -5378.720215 -364.0 5365.404785
v -5370.147461 -364.0 5367.758789
v -5374.382324 -364.0 5366.394531
v -5343.5625 -500.0 5390.347656
v -5341.532227 -500.0 5394.307129
v -5339.855469 -500.0 5398.427734
v -5338.543457 -500.0 5402.679199
v -5337.607422 -500.0 5407.028809
v -5337.054199 -500.0 5411.443359
v -5336.887695 -500.0 5415.889648
v -5337.108887 -500.0 5420.333496
v -5337.717285 -500.0 5424.740723
v -5338.707031 -500.0 5429.078613
v -5340.070801 -500.0 5433.313477
v -5341.798828 -500.0 5437.413086
v -5343.87793 -500.0 5441.34668
v -5346.291504 -500.0 5445.084473
v -5349.021484 -500.0 5448.597656
v -5352.047852 -500.0 5451.858887
v -5355.34668 -500.0 5454.844727
v -5358.893066 -500.0 5457.53125
v -5362.660156 -500.0 5459.898438
v -5366.619141 -500.0 5461.928223
v -5370.740234 -500.0 5463.605469
v -5374.991699 -500.0 5464.916992
v -5379.341309 -500.0 5465.853516
v -5383.755859 -500.0 5466.406738
v -5388.20166 -500.0 5466.573242
v -5392.645508 -500.0 5466.352051
v -5397.052734 -500.0 5465.743652
v -5401.390625 -500.0 5464.753906
v -5405.625488 -500.0 5463.390137
v -5409.725586 -500.0 5461.662109
v -5413.65918 -500.0 5459.583008
v -5417.396484 -500.0 5457.169434
v -5420.909668 -500.0 5454.438965
v -5424.171387 -500.0 5451.413086
v -5427.156738 -500.0 5448.114258
v -5429.843262 -500.0 5444.567871
v -5432.210449 -500.0 5440.800781
v -5434.240723 -500.0 5436.841797
v -5435.917969 -500.0 5432.720703
v -5437.229492 -500.0 5428.469238
v -5438.165527 -500.0 5424.119629
v -5438.71875 -500.0 5419.705078
v -5438.885742 -500.0 5415.258789
v -5438.664062 -500.0 5410.81543
v -5438.056152 -500.0 5406.407715
v -5437.066406 -500.0 5402.070312
v -5435.702148 -500.0 5397.835449
v -5433.974121 -500.0 5393.735352
v -5431.895508 -500.0 5389.801758
v -5429.481445 -500.0 5386.063965
v -5426.751465 -500.0 5382.55127
v -5423.725098 -500.0 5379.289551
v -5420.426758 -500.0 5376.304199
v -5416.879883 -500.0 5373.617676
v -5413.112793 -500.0 5371.25
v -5409.153809 -500.0 5369.220215
v -5405.032715 -500.0 5367.542969
v -5400.78125 -500.0 5366.231445
v -5396.431641 -500.0 5365.29541
v -5392.01709 -500.0 5364.741699
v -5387.571289 -500.0 5364.575195
v -5383.127441 -500.0 5364.796875
v -5378.720215 -500.0 5365.404785
v -5374.382324 -500.0 5366.394531
v -5370.147461 -500.0 5367.758789
v -5366.047852 -500.0 5369.486816
v -5362.11377 -500.0 5371.56543
v -5358.376465 -500.0 5373.979004
v -5354.863281 -500.0 5376.709473
v -5351.601562 -500.0 5379.735352
v -5348.616211 -500.0 5383.03418
v -5345.929688 -500.0 5386.580566
v -5511.494629 657.5 5716.150391
v -5479.398438 657.5 5727.424316
v -5468.459473 657.5 5730.428223
v -5490.226074 657.5 5724.041016
v -5500.929199 657.5 5720.28125
v -5521.90918 657.5 5711.653809
v -5435.106934 657.5 5737.125488
v -5423.855957 657.5 5738.577637
v -5446.299805 657.5 5735.281738
v -5457.421875 657.5 5733.04834
v -5542.23584 657.5 5701.583496
v -5532.160645 657.5 5706.795898
v -5389.895996 657.5 5740.568359
v -5412.561523 657.5 5739.63623
v -5401.236816 657.5 5740.299805
v -5561.811035 657.5 5690.120117
v -5552.123535 657.5 5696.022461
v -5344.645996 657.5 5737.685059
v -5367.220703 657.5 5739.916504
v -5355.913574 657.5 5738.998047
v -5378.552734 657.5 5740.44043
v -5589.556152 657.5 5670.436035
v -5580.538574 657.5 5677.318848
v -5571.286621 657.5 5683.882812
v -5333.430664 657.5 5735.979492
v -5300.237793 657.5 5728.532227
v -5322.282227 657.5 5733.883789
v -5311.212891 657.5 5731.400391
v -5623.063477 657.5 5639.888672
v -5615.091797 657.5 5647.959473
v -5606.843262 657.5 5655.74707
v -5630.748535 657.5 5631.544434
v -5598.327637 657.5 5663.242188
v -5278.620117 657.5 5721.655762
v -5289.369141 657.5 5725.282715
v -5645.222168 657.5 5614.077148
v -5638.137695 657.5 5622.937012
v -5247.224609 657.5 5708.557617
v -5268.004883 657.5 5717.65625
v -5257.535156 657.5 5713.288086
v -5664.561523 657.5 5586.09082
v -5658.442383 657.5 5595.642578
v -5651.993164 657.5 5604.975098
v -5227.129883 657.5 5698.031738
v -5237.085449 657.5 5703.470215
v -5670.344238 657.5 5576.331055
v -5217.370117 657.5 5692.249512
v -5207.818359 657.5 5686.129883
v -5198.485352 657.5 5679.681152
v -5171.916504 657.5 5658.436523
v -5189.383789 657.5 5672.910156
v -5180.523926 657.5 5665.825684
v -5155.501465 657.5 5642.779297
v -5163.572266 657.5 5650.750977
v -5147.713379 657.5 5634.530762
v -5140.218262 657.5 5626.015625
v -5133.024902 657.5 5617.244141
v -5119.578125 657.5 5598.974609
v -5126.14209 657.5 5608.226562
v -5101.877441 657.5 5569.923828
v -5113.34082 657.5 5589.499023
v -5107.438477 657.5 5579.811523
v -5096.665039 657.5 5559.848145
v -5091.807129 657.5 5549.59668
v -5083.179688 657.5 5528.617188
v -5087.310059 657.5 5539.182129
v -5079.419922 657.5 5517.914062
v -5073.032715 657.5 5496.146973
v -5076.036133 657.5 5507.086426
v -5068.179199 657.5 5473.987793
v -5070.412598 657.5 5485.109863
v -5066.334961 657.5 5462.794434
v -5063.824707 657.5 5440.249023
v -5064.883301 657.5 5451.543945
v -5063.160645 657.5 5428.924805
v -5063.020508 657.5 5406.240234
v -5062.892578 657.5 5417.583496
v -5063.544434 657.5 5394.908203
v -5069.57666 657.5 5349.969727
v -5065.775879 657.5 5372.333984
v -5067.480957 657.5 5361.118652
v -5064.462891 657.5 5383.601562
v -5078.178223 657.5 5317.056641
v -5072.060547 657.5 5338.900879
v -5074.928711 657.5 5327.925293
v -5090.172852 657.5 5285.223145
v -5081.805176 657.5 5306.308105
v -5085.804688 657.5 5295.692383
v -5094.90332 657.5 5274.912598
v -5105.429199 657.5 5254.817383
v -5099.990723 657.5 5264.772949
v -5680.869629 657.5 5556.236328
v -5675.782227 657.5 5566.375488
v -5685.600586 657.5 5545.925781
v -5693.968262 657.5 5524.840332
v -5689.968262 657.5 5535.456055
v -5703.712891 657.5 5492.247559
v -5697.594727 657.5 5514.091797
v -5700.844238 657.5 5503.223145
v -5709.99707 657.5 5458.814941
v -5706.196289 657.5 5481.178711
v -5708.291992 657.5 5470.030273
v -5711.310059 657.5 5447.546875
v -5712.752441 657.5 5424.908203
v -5712.229004 657.5 5436.240234
v -5712.880371 657.5 5413.564941
v -5712.612305 657.5 5402.224121
v -5709.437988 657.5 5368.354004
v -5710.890137 657.5 5379.60498
v -5711.948242 657.5 5390.899414
v -5707.594238 657.5 5357.161133
v -5699.736816 657.5 5324.0625
v -5705.36084 657.5 5346.039062
v -5702.740723 657.5 5335.001465
v -5696.353027 657.5 5313.234863
v -5688.462891 657.5 5291.966309
v -5692.59375 657.5 5302.531738
v -5683.96582 657.5 5281.551758
v -5668.334473 657.5 5251.337402
v -5679.10791 657.5 5271.300293
v -5673.895508 657.5 5261.224609
v -5642.748047 657.5 5213.904785
v -5662.432129 657.5 5241.649902
v -5656.194824 657.5 5232.174316
v -5649.630859 657.5 5222.922363
v -5635.554688 657.5 5205.133301
v -5620.271484 657.5 5188.369141
v -5628.05957 657.5 5196.617676
v -5612.200684 657.5 5180.397461
v -5586.38916 657.5 5158.23877
v -5603.856445 657.5 5172.712402
v -5595.249023 657.5 5165.323242
v -5548.643066 657.5 5133.116699
v -5577.287598 657.5 5151.467773
v -5567.955078 657.5 5145.018555
v -5558.402832 657.5 5138.898926
v -5111.211426 657.5 5245.058105
v -5528.54834 657.5 5122.59082
v -5538.6875 657.5 5127.678711
v -5518.237793 657.5 5117.860352
v -5123.779785 657.5 5226.17334
v -5117.331055 657.5 5235.505859
v -5497.152832 657.5 5109.492676
v -5507.768066 657.5 5113.492676
v -5137.635254 657.5 5208.211426
v -5130.550781 657.5 5217.071777
v -5475.535645 657.5 5102.616211
v -5486.404297 657.5 5105.865723
v -5464.560059 657.5 5099.748047
v -5160.681641 657.5 5183.188965
v -5145.024414 657.5 5199.604492
v -5152.709961 657.5 5191.260254
v -5442.342285 657.5 5095.168945
v -5453.491211 657.5 5097.264648
v -5177.445312 657.5 5167.90625
v -5168.930176 657.5 5175.401367
v -5186.216797 657.5 5160.712891
v -5419.859375 657.5 5092.150879
v -5431.126953 657.5 5093.463867
v -5195.234375 657.5 5153.830078
v -5385.876953 657.5 5090.580566
v -5408.552246 657.5 5091.231934
v -5397.220703 657.5 5090.708496
v -5223.649414 657.5 5135.125977
v -5204.486328 657.5 5147.266113
v -5213.961914 657.5 5141.028809
v -5363.211426 657.5 5091.512207
v -5374.536133 657.5 5090.848633
v -5243.612793 657.5 5124.352539
v -5233.537109 657.5 5129.56543
v -5253.86377 657.5 5119.495117
v -5340.666504 657.5 5094.022949
v -5351.916992 657.5 5092.570801
v -5329.473145 657.5 5095.866699
v -5285.546875 657.5 5107.10791
v -5264.278809 657.5 5114.998047
v -5274.84375 657.5 5110.867188
v -5307.313477 657.5 5100.720215
v -5318.351074 657.5 5098.100098
v -5296.374512 657.5 5103.724121
v -5105.429199 502.5 5254.817383
v -5099.990723 502.5 5264.772949
v -5094.90332 502.5 5274.912598
v -5090.172852 502.5 5285.223145
v -5085.804688 502.5 5295.692383
v -5081.805176 502.5 5306.308105
v -5078.178223 502.5 5317.056641
v -5074.928711 502.5 5327.925293
v -5072.060547 502.5 5338.900879
v -5069.57666 502.5 5349.969727
v -5067.480957 502.5 5361.118652
v -5065.775879 502.5 5372.333984
v -5064.462891 502.5 5383.601562
v -5063.544434 502.5 5394.908203
v -5063.020508 502.5 5406.240234
v -5062.892578 502.5 5417.583496
v -5063.160645 502.5 5428.924805
v -5063.824707 502.5 5440.249023
v -5064.883301 502.5 5451.543945
v -5066.334961 502.5 5462.794434
v -5068.179199 502.5 5473.987793
v -5070.412598 502.5 5485.109863
v -5073.032715 502.5 5496.146973
v -5076.036133 502.5 5507.086426
v -5079.419922 502.5 5517.914062
v -5083.179688 502.5 5528.617188
v -5087.310059 502.5 5539.182129
v -5091.807129 502.5 5549.59668
v -5096.665039 502.5 5559.848145
v -5101.877441 502.5 5569.923828
v -5107.438477 502.5 5579.811523
v -5113.34082 502.5 5589.499023
v -5119.578125 502.5 5598.974609
v -5126.14209 502.5 5608.226562
v -5133.024902 502.5 5617.244141
v -5140.218262 502.5 5626.015625
v -5147.713379 502.5 5634.530762
v -5155.501465 502.5 5642.779297
v -5163.572266 502.5 5650.750977
v -5171.916504 502.5 5658.436523
v -5180.523926 502.5 5665.825684
v -5189.383789 502.5 5672.910156
v -5198.485352 502.5 5679.681152
v -5207.818359 502.5 5686.129883
v -5217.370117 502.5 5692.249512
v -5227.129883 502.5 5698.031738
v -5237.085449 502.5 5703.470215
v -5247.224609 502.5 5708.557617
v -5257.535156 502.5 5713.288086
v -5268.004883 502.5 5717.65625
v -5278.620117 502.5 5721.655762
v -5289.369141 502.5 5725.282715
v -5300.237793 502.5 5728.532227
v -5311.212891 502.5 5731.400391
v -5322.282227 502.5 5733.883789
v -5333.430664 502.5 5735.979492
v -5344.645996 502.5 5737.685059
v -5355.913574 502.5 5738.998047
v -5367.220703 502.5 5739.916504
v -5378.552734 502.5 5740.44043
v -5389.895996 502.5 5740.568359
v -5401.236816 502.5 5740.299805
v -5412.561523 502.5 5739.63623
v -5423.855957 502.5 5738.577637
v -5435.106934 502.5 5737.125488
v -5446.299805 502.5 5735.281738
v -5457.421875 502.5 5733.04834
v -5468.459473 502.5 5730.428223
v -5479.398438 502.5 5727.424316
v -5490.226074 502.5 5724.041016
v -5500.929199 502.5 5720.28125
v -5511.494629 502.5 5716.150391
v -5521.90918 502.5 5711.653809
v -5532.160645 502.5 5706.795898
v -5542.23584 502.5 5701.583496
v -5552.123535 502.5 5696.022461
v -5561.811035 502.5 5690.120117
v -5571.286621 502.5 5683.882812
v -5580.538574 502.5 5677.318848
v -5589.556152 502.5 5670.436035
v -5598.327637 502.5 5663.242188
v -5606.843262 502.5 5655.74707
v -5615.091797 502.5 5647.959473
v -5623.063477 502.5 5639.888672
v -5630.748535 502.5 5631.544434
v -5638.137695 502.5 5622.937012
v -5645.222168 502.5 5614.077148
v -5651.993164 502.5 5604.975098
v -5658.442383 502.5 5595.642578
v -5664.561523 502.5 5586.09082
v -5670.344238 502.5 5576.331055
v -5675.782227 502.5 5566.375488
v -5680.869629 502.5 5556.236328
v -5685.600586 502.5 5545.925781
v -5689.968262 502.5 5535.456055
v -5693.968262 502.5 5524.840332
v -5697.594727 502.5 5514.091797
v -5700.844238 502.5 5503.223145
v -5703.712891 502.5 5492.247559
v -5706.196289 502.5 5481.178711
v -5708.291992 502.5 5470.030273
v -5709.99707 502.5 5458.814941
v -5711.310059 502.5 5447.546875
v -5712.229004 502.5 5436.240234
v -5712.752441 502.5 5424.908203
v -5712.880371 502.5 5413.564941
v -5712.612305 502.5 5402.224121
v -5711.948242 502.5 5390.899414
v -5710.890137 502.5 5379.60498
v -5709.437988 502.5 5368.354004
v -5707.594238 502.5 5357.161133
v -5705.36084 502.5 5346.039062
v -5702.740723 502.5 5335.001465
v -5699.736816 502.5 5324.0625
v -5696.353027 502.5 5313.234863
v -5692.59375 502.5 5302.531738
v -5688.462891 502.5 5291.966309
v -5683.96582 502.5 5281.551758
v -5679.10791 502.5 5271.300293
v -5673.895508 502.5 5261.224609
v -5668.334473 502.5 5251.337402
v -5662.432129 502.5 5241.649902
v -5656.194824 502.5 5232.174316
v -5649.630859 502.5 5222.922363
v -5642.748047 502.5 5213.904785
v -5635.554688 502.5 5205.133301
v -5628.05957 502.5 5196.617676
v -5620.271484 502.5 5188.369141
v -5612.200684 502.5 5180.397461
v -5603.856445 502.5 5172.712402
v -5595.249023 502.5 5165.323242
v -5586.38916 502.5 5158.23877
v -5577.287598 502.5 5151.467773
v -5567.955078 502.5 5145.018555
v -5558.402832 502.5 5138.898926
v -5548.643066 502.5 5133.116699
v -5538.6875 502.5 5127.678711
v -5528.54834 502.5 5122.59082
v -5518.237793 502.5 5117.860352
v -5507.768066 502.5 5113.492676
v -5497.152832 502.5 5109.492676
v -5486.404297 502.5 5105.865723
v -5475.535645 502.5 5102.616211
v -5464.560059 502.5 5099.748047
v -5453.491211 502.5 5097.264648
v -5442.342285 502.5 5095.168945
v -5431.126953 502.5 5093.463867
v -5419.859375 502.5 5092.150879
v -5408.552246 502.5 5091.231934
v -5397.220703 502.5 5090.708496
v -5385.876953 502.5 5090.580566
v -5374.536133 502.5 5090.848633
v -5363.211426 502.5 5091.512207
v -5351.916992 502.5 5092.570801
v -5340.666504 502.5 5094.022949
v -5329.473145 502.5 5095.866699
v -5318.351074 502.5 5098.100098
v -5307.313477 502.5 5100.720215
v -5296.374512 502.5 5103.724121
v -5285.546875 502.5 5107.10791
v -5274.84375 502.5 5110.867188
v -5264.278809 502.5 5114.998047
v -5253.86377 502.5 5119.495117
v -5243.612793 502.5 5124.352539
v -5233.537109 502.5 5129.56543
v -5223.649414 502.5 5135.125977
v -5213.961914 502.5 5141.028809
v -5204.486328 502.5 5147.266113
v -5195.234375 502.5 5153.830078
v -5186.216797 502.5 5160.712891
v -5177.445312 502.5 5167.90625
v -5168.930176 502.5 5175.401367
v -5160.681641 502.5 5183.188965
v -5152.709961 502.5 5191.260254
v -5145.024414 502.5 5199.604492
v -5137.635254 502.5 5208.211426
v -5130.550781 502.5 5217.071777
v -5123.779785 502.5 5226.17334
v -5117.331055 502.5 5235.505859
v -5111.211426 502.5 5245.058105
v -5401.390625 502.5 5464.753906
v -5397.052734 502.5 5465.743652
v -5405.625488 502.5 5463.390137
v -5392.645508 502.5 5466.352051
v -5409.725586 502.5 5461.662109
v -5413.65918 502.5 5459.583008
v -5388.20166 502.5 5466.573242
v -5417.396484 502.5 5457.169434
v -5383.755859 502.5 5466.406738
v -5420.909668 502.5 5454.438965
v -5379.341309 502.5 5465.853516
v -5424.171387 502.5 5451.413086
v -5374.991699 502.5 5464.916992
v -5427.156738 502.5 5448.114258
v -5370.740234 502.5 5463.605469
v -5429.843262 502.5 5444.567871
v -5366.619141 502.5 5461.928223
v -5432.210449 502.5 5440.800781
v -5362.660156 502.5 5459.898438
v -5358.893066 502.5 5457.53125
v -5355.34668 502.5 5454.844727
v -5352.047852 502.5 5451.858887
v -5349.021484 502.5 5448.597656
v -5346.291504 502.5 5445.084473
v -5343.87793 502.5 5441.34668
v -5341.798828 502.5 5437.413086
v -5340.070801 502.5 5433.313477
v -5338.707031 502.5 5429.078613
v -5337.717285 502.5 5424.740723
v -5337.108887 502.5 5420.333496
v -5336.887695 502.5 5415.889648
v -5337.054199 502.5 5411.443359
v -5337.607422 502.5 5407.028809
v -5338.543457 502.5 5402.679199
v -5339.855469 502.5 5398.427734
v -5341.532227 502.5 5394.307129
v -5343.5625 502.5 5390.347656
v -5434.240723 502.5 5436.841797
v -5435.917969 502.5 5432.720703
v -5437.229492 502.5 5428.469238
v -5438.165527 502.5 5424.119629
v -5438.71875 502.5 5419.705078
v -5438.885742 502.5 5415.258789
v -5438.664062 502.5 5410.81543
v -5438.056152 502.5 5406.407715
v -5437.066406 502.5 5402.070312
v -5435.702148 502.5 5397.835449
v -5433.974121 502.5 5393.735352
v -5431.895508 502.5 5389.801758
v -5429.481445 502.5 5386.063965
v -5426.751465 502.5 5382.55127
v -5423.725098 502.5 5379.289551
v -5420.426758 502.5 5376.304199
v -5416.879883 502.5 5373.617676
v -5413.112793 502.5 5371.25
v -5409.153809 502.5 5369.220215
v -5345.929688 502.5 5386.580566
v -5405.032715 502.5 5367.542969
v -5348.616211 502.5 5383.03418
v -5400.78125 502.5 5366.231445
v -5351.601562 502.5 5379.735352
v -5396.431641 502.5 5365.29541
v -5354.863281 502.5 5376.709473
v -5392.01709 502.5 5364.741699
v -5358.376465 502.5 5373.979004
v -5387.571289 502.5 5364.575195
v -5362.11377 502.5 5371.56543
v -5383.127441 502.5 5364.796875
v -5366.047852 502.5 5369.486816
v -5378.720215 502.5 5365.404785
v -5370.147461 502.5 5367.758789
v -5374.382324 502.5 5366.394531
v -5343.5625 366.0 5390.347656
v -5341.532227 366.0 5394.307129
v -5339.855469 366.0 5398.427734
v -5338.543457 366.0 5402.679199
v -5337.607422 366.0 5407.028809
v -5337.054199 366.0 5411.443359
v -5336.887695 366.0 5415.889648
v -5337.108887 366.0 5420.333496
v -5337.717285 366.0 5424.740723
v -5338.707031 366.0 5429.078613
v -5340.070801 366.0 5433.313477
v -5341.798828 366.0 5437.413086
v -5343.87793 366.0 5441.34668
v -5346.291504 366.0 5445.084473
v -5349.021484 366.0 5448.597656
v -5352.047852 366.0 5451.858887
v -5355.34668 366.0 5454.844727
v -5358.893066 366.0 5457.53125
v -5362.660156 366.0 5459.898438
v -5366.619141 366.0 5461.928223
v -5370.740234 366.0 5463.605469
v -5374.991699 366.0 5464.916992
v -5379.341309 366.0 5465.853516
v -5383.755859 366.0 5466.406738
v -5388.20166 366.0 5466.573242
v -5392.645508 366.0 5466.352051
v -5397.052734 366.0 5465.743652
v -5401.390625 366.0 5464.753906
v -5405.625488 366.0 5463.390137
v -5409.725586 366.0 5461.662109
v -5413.65918 366.0 5459.583008
v -5417.396484 366.0 5457.169434
v -5420.909668 366.0 5454.438965
v -5424.171387 366.0 5451.413086
v -5427.156738 366.0 5448.114258
v -5429.843262 366.0 5444.567871
v -5432.210449 366.0 5440.800781
v -5434.240723 366.0 5436.841797
v -5435.917969 366.0 5432.720703
v -5437.229492 366.0 5428.469238
v -5438.165527 366.0 5424.119629
v -5438.71875 366.0 5419.705078
v -5438.885742 366.0 5415.258789
v -5438.664062 366.0 5410.81543
v -5438.056152 366.0 5406.407715
v -5437.066406 366.0 5402.070312
v -5435.702148 366.0 5397.835449
v -5433.974121 366.0 5393.735352
v -5431.895508 366.0 5389.801758
v -5429.481445 366.0 5386.063965
v -5426.751465 366.0 5382.55127
v -5423.725098 366.0 5379.289551
v -5420.426758 366.0 5376.304199
v -5416.879883 366.0 5373.617676
v -5413.112793 366.0 5371.25
v -5409.153809 366.0 5369.220215
v -5405.032715 366.0 5367.542969
v -5400.78125 366.0 5366.231445
v -5396.431641 366.0 5365.29541
v -5392.01709 366.0 5364.741699
v -5387.571289 366.0 5364.575195
v -5383.127441 366.0 5364.796875
v -5378.720215 366.0 5365.404785
v -5374.382324 366.0 5366.394531
v -5370.147461 366.0 5367.758789
v -5366.047852 366.0 5369.486816
v -5362.11377 366.0 5371.56543
v -5358.376465 366.0 5373.979004
v -5354.863281 366.0 5376.709473
v -5351.601562 366.0 5379.735352
v -5348.616211 366.0 5383.03418
v -5345.929688 366.0 5386.580566
v -5468.459473 366.0 5730.428223
v -5457.421875 366.0 5733.04834
v -5479.398438 366.0 5727.424316
v -5490.226074 366.0 5724.041016
v -5446.299805 366.0 5735.281738
v -5435.106934 366.0 5737.125488
v -5500.929199 366.0 5720.28125
v -5511.494629 366.0 5716.150391
v -5423.855957 366.0 5738.577637
v -5412.561523 366.0 5739.63623
v -5401.236816 366.0 5740.299805
v -5521.90918 366.0 5711.653809
v -5532.160645 366.0 5706.795898
v -5542.23584 366.0 5701.583496
v -5389.895996 366.0 5740.568359
v -5378.552734 366.0 5740.44043
v -5552.123535 366.0 5696.022461
v -5561.811035 366.0 5690.120117
v -5355.913574 366.0 5738.998047
v -5344.645996 366.0 5737.685059
v -5367.220703 366.0 5739.916504
v -5571.286621 366.0 5683.882812
v -5580.538574 366.0 5677.318848
v -5589.556152 366.0 5670.436035
v -5598.327637 366.0 5663.242188
v -5606.843262 366.0 5655.74707
v -5333.430664 366.0 5735.979492
v -5322.282227 366.0 5733.883789
v -5615.091797 366.0 5647.959473
v -5623.063477 366.0 5639.888672
v -5630.748535 366.0 5631.544434
v -5300.237793 366.0 5728.532227
v -5289.369141 366.0 5725.282715
v -5311.212891 366.0 5731.400391
v -5638.137695 366.0 5622.937012
v -5645.222168 366.0 5614.077148
v -5278.620117 366.0 5721.655762
v -5268.004883 366.0 5717.65625
v -5651.993164 366.0 5604.975098
v -5658.442383 366.0 5595.642578
v -5664.561523 366.0 5586.09082
v -5247.224609 366.0 5708.557617
v -5237.085449 366.0 5703.470215
v -5257.535156 366.0 5713.288086
v -5670.344238 366.0 5576.331055
v -5227.129883 366.0 5698.031738
v -5217.370117 366.0 5692.249512
v -5198.485352 366.0 5679.681152
v -5189.383789 366.0 5672.910156
v -5207.818359 366.0 5686.129883
v -5180.523926 366.0 5665.825684
v -5171.916504 366.0 5658.436523
v -5155.501465 366.0 5642.779297
v -5147.713379 366.0 5634.530762
v -5163.572266 366.0 5650.750977
v -5140.218262 366.0 5626.015625
v -5133.024902 366.0 5617.244141
v -5119.578125 366.0 5598.974609
v -5113.34082 366.0 5589.499023
v -5126.14209 366.0 5608.226562
v -5107.438477 366.0 5579.811523
v -5101.877441 366.0 5569.923828
v -5091.807129 366.0 5549.59668
v -5087.310059 366.0 5539.182129
v -5096.665039 366.0 5559.848145
v -5083.179688 366.0 5528.617188
v -5079.419922 366.0 5517.914062
v -5076.036133 366.0 5507.086426
v -5073.032715 366.0 5496.146973
v -5070.412598 366.0 5485.109863
v -5068.179199 366.0 5473.987793
v -5066.334961 366.0 5462.794434
v -5064.883301 366.0 5451.543945
v -5063.824707 366.0 5440.249023
v -5063.160645 366.0 5428.924805
v -5062.892578 366.0 5417.583496
v -5063.020508 366.0 5406.240234
v -5063.544434 366.0 5394.908203
v -5064.462891 366.0 5383.601562
v -5065.775879 366.0 5372.333984
v -5067.480957 366.0 5361.118652
v -5069.57666 366.0 5349.969727
v -5072.060547 366.0 5338.900879
v -5074.928711 366.0 5327.925293
v -5078.178223 366.0 5317.056641
v -5081.805176 366.0 5306.308105
v -5085.804688 366.0 5295.692383
v -5090.172852 366.0 5285.223145
v -5094.90332 366.0 5274.912598
v -5099.990723 366.0 5264.772949
v -5105.429199 366.0 5254.817383
v -5675.782227 366.0 5566.375488
v -5680.869629 366.0 5556.236328
v -5685.600586 366.0 5545.925781
v -5689.968262 366.0 5535.456055
v -5693.968262 366.0 5524.840332
v -5697.594727 366.0 5514.091797
v -5700.844238 366.0 5503.223145
v -5703.712891 366.0 5492.247559
v -5706.196289 366.0 5481.178711
v -5708.291992 366.0 5470.030273
v -5709.99707 366.0 5458.814941
v -5711.310059 366.0 5447.546875
v -5712.229004 366.0 5436.240234
v -5712.752441 366.0 5424.908203
v -5712.880371 366.0 5413.564941
v -5712.612305 366.0 5402.224121
v -5711.948242 366.0 5390.899414
v -5710.890137 366.0 5379.60498
v -5709.437988 366.0 5368.354004
v -5707.594238 366.0 5357.161133
v -5705.36084 366.0 5346.039062
v -5702.740723 366.0 5335.001465
v -5699.736816 366.0 5324.0625
v -5696.353027 366.0 5313.234863
v -5692.59375 366.0 5302.531738
v -5688.462891 366.0 5291.966309
v -5683.96582 366.0 5281.551758
v -5679.10791 366.0 5271.300293
v -5673.895508 366.0 5261.224609
v -5668.334473 366.0 5251.337402
v -5662.432129 366.0 5241.649902
v -5656.194824 366.0 5232.174316
v -5649.630859 366.0 5222.922363
v -5642.748047 366.0 5213.904785
v -5635.554688 366.0 5205.133301
v -5628.05957 366.0 5196.617676
v -5620.271484 366.0 5188.369141
v -5612.200684 366.0 5180.397461
v -5603.856445 366.0 5172.712402
v -5595.249023 366.0 5165.323242
v -5586.38916 366.0 5158.23877
v -5577.287598 366.0 5151.467773
v -5567.955078 366.0 5145.018555
v -5558.402832 366.0 5138.898926
v -5548.643066 366.0 5133.116699
v -5538.6875 366.0 5127.678711
v -5111.211426 366.0 5245.058105
v -5528.54834 366.0 5122.59082
v -5117.331055 366.0 5235.505859
v -5518.237793 366.0 5117.860352
v -5123.779785 366.0 5226.17334
v -5507.768066 366.0 5113.492676
v -5130.550781 366.0 5217.071777
v -5497.152832 366.0 5109.492676
v -5137.635254 366.0 5208.211426
v -5486.404297 366.0 5105.865723
v -5145.024414 366.0 5199.604492
v -5475.535645 366.0 5102.616211
v -5152.709961 366.0 5191.260254
v -5464.560059 366.0 5099.748047
v -5160.681641 366.0 5183.188965
v -5453.491211 366.0 5097.264648
v -5168.930176 366.0 5175.401367
v -5442.342285 366.0 5095.168945
v -5177.445312 366.0 5167.90625
v -5431.126953 366.0 5093.463867
v -5186.216797 366.0 5160.712891
v -5419.859375 366.0 5092.150879
v -5195.234375 366.0 5153.830078
v -5408.552246 366.0 5091.231934
v -5204.486328 366.0 5147.266113
v -5397.220703 366.0 5090.708496
v -5213.961914 366.0 5141.028809
v -5385.876953 366.0 5090.580566
v -5223.649414 366.0 5135.125977
v -5374.536133 366.0 5090.848633
v -5233.537109 366.0 5129.56543
v -5363.211426 366.0 5091.512207
v -5243.612793 366.0 5124.352539
v -5351.916992 366.0 5092.570801
v -5253.86377 366.0 5119.495117
v -5340.666504 366.0 5094.022949
v -5264.278809 366.0 5114.998047
v -5329.473145 366.0 5095.866699
v -5274.84375 366.0 5110.867188
v -5318.351074 366.0 5098.100098
v -5285.546875 366.0 5107.10791
v -5307.313477 366.0 5100.720215
v -5296.374512 366.0 5103.724121
v -5105.429199 133.0 5254.817383
v -5099.990723 133.0 5264.772949
v -5094.90332 133.0 5274.912598
v -5090.172852 133.0 5285.223145
v -5085.804688 133.0 5295.692383
v -5081.805176 133.0 5306.308105
v -5078.178223 133.0 5317.056641
v -5074.928711 133.0 5327.925293
v -5072.060547 133.0 5338.900879
v -5069.57666 133.0 5349.969727
v -5067.480957 133.0 5361.118652
v -5065.775879 133.0 5372.333984
v -5064.462891 133.0 5383.601562
v -5063.544434 133.0 5394.908203
v -5063.020508 133.0 5406.240234
v -5062.892578 133.0 5417.583496
v -5063.160645 133.0 5428.924805
v -5063.824707 133.0 5440.249023
v -5064.883301 133.0 5451.543945
v -5066.334961 133.0 5462.794434
v -5068.179199 133.0 5473.987793
v -5070.412598 133.0 5485.109863
v -5073.032715 133.0 5496.146973
v -5076.036133 133.0 5507.086426
v -5079.419922 133.0 5517.914062
v -5083.179688 133.0 5528.617188
v -5087.310059 133.0 5539.182129
v -5091.807129 133.0 5549.59668
v -5096.665039 133.0 5559.848145
v -5101.877441 133.0 5569.923828
v -5107.438477 133.0 5579.811523
v -5113.34082 133.0 5589.499023
v -5119.578125 133.0 5598.974609
v -5126.14209 133.0 5608.226562
v -5133.024902 133.0 5617.244141
v -5140.218262 133.0 5626.015625
v -5147.713379 133.0 5634.530762
v -5155.501465 133.0 5642.779297
v -5163.572266 133.0 5650.750977
v -5171.916504 133.0 5658.436523
v -5180.523926 133.0 5665.825684
v -5189.383789 133.0 5672.910156
v -5198.485352 133.0 5679.681152
v -5207.818359 133.0 5686.129883
v -5217.370117 133.0 5692.249512
v -5227.129883 133.0 5698.031738
v -5237.085449 133.0 5703.470215
v -5247.224609 133.0 5708.557617
v -5257.535156 133.0 5713.288086
v -5268.004883 133.0 5717.65625
v -5278.620117 133.0 5721.655762
v -5289.369141 133.0 5725.282715
v -5300.237793 133.0 5728.532227
v -5311.212891 133.0 5731.400391
v -5322.282227 133.0 5733.883789
v -5333.430664 133.0 5735.979492
v -5344.645996 133.0 5737.685059
v -5355.913574 133.0 5738.998047
v -5367.220703 133.0 5739.916504
v -5378.552734 133.0 5740.44043
v -5389.895996 133.0 5740.568359
v -5401.236816 133.0 5740.299805
v -5412.561523 133.0 5739.63623
v -5423.855957 133.0 5738.577637
v -5435.106934 133.0 5737.125488
v -5446.299805 133.0 5735.281738
v -5457.421875 133.0 5733.04834
v -5468.459473 133.0 5730.428223
v -5479.398438 133.0 5727.424316
v -5490.226074 133.0 5724.041016
v -5500.929199 133.0 5720.28125
v -5511.494629 133.0 5716.150391
v -5521.90918 133.0 5711.653809
v -5532.160645 133.0 5706.795898
v -5542.23584 133.0 5701.583496
v -5552.123535 133.0 5696.022461
v -5561.811035 133.0 5690.120117
v -5571.286621 133.0 5683.882812
v -5580.538574 133.0 5677.318848
v -5589.556152 133.0 5670.436035
v -5598.327637 133.0 5663.242188
v -5606.843262 133.0 5655.74707
v -5615.091797 133.0 5647.959473
v -5623.063477 133.0 5639.888672
v -5630.748535 133.0 5631.544434
v -5638.137695 133.0 5622.937012
v -5645.222168 133.0 5614.077148
v -5651.993164 133.0 5604.975098
v -5658.442383 133.0 5595.642578
v -5664.561523 133.0 5586.09082
v -5670.344238 133.0 5576.331055
v -5675.782227 133.0 5566.375488
v -5680.869629 133.0 5556.236328
v -5685.600586 133.0 5545.925781
v -5689.968262 133.0 5535.456055
v -5693.968262 133.0 5524.840332
v -5697.594727 133.0 5514.091797
v -5700.844238 133.0 5503.223145
v -5703.712891 133.0 5492.247559
v -5706.196289 133.0 5481.178711
v -5708.291992 133.0 5470.030273
v -5709.99707 133.0 5458.814941
v -5711.310059 133.0 5447.546875
v -5712.229004 133.0 5436.240234
v -5712.752441 133.0 5424.908203
v -5712.880371 133.0 5413.564941
v -5712.612305 133.0 5402.224121
v -5711.948242 133.0 5390.899414
v -5710.890137 133.0 5379.60498
v -5709.437988 133.0 5368.354004
v -5707.594238 133.0 5357.161133
v -5705.36084 133.0 5346.039062
v -5702.740723 133.0 5335.001465
v -5699.736816 133.0 5324.0625
v -5696.353027 133.0 5313.234863
v -5692.59375 133.0 5302.531738
v -5688.462891 133.0 5291.966309
v -5683.96582 133.0 5281.551758
v -5679.10791 133.0 5271.300293
v -5673.895508 133.0 5261.224609
v -5668.334473 133.0 5251.337402
v -5662.432129 133.0 5241.649902
v -5656.194824 133.0 5232.174316
v -5649.630859 133.0 5222.922363
v -5642.748047 133.0 5213.904785
v -5635.554688 133.0 5205.133301
v -5628.05957 133.0 5196.617676
v -5620.271484 133.0 5188.369141
v -5612.200684 133.0 5180.397461
v -5603.856445 133.0 5172.712402
v -5595.249023 133.0 5165.323242
v -5586.38916 133.0 5158.23877
v -5577.287598 133.0 5151.467773
v -5567.955078 133.0 5145.018555
v -5558.402832 133.0 5138.898926
v -5548.643066 133.0 5133.116699
v -5538.6875 133.0 5127.678711
v -5528.54834 133.0 5122.59082
v -5518.237793 133.0 5117.860352
v -5507.768066 133.0 5113.492676
v -5497.152832 133.0 5109.492676
v -5486.404297 133.0 5105.865723
v -5475.535645 133.0 5102.616211
v -5464.560059 133.0 5099.748047
v -5453.491211 133.0 5097.264648
v -5442.342285 133.0 5095.168945
v -5431.126953 133.0 5093.463867
v -5419.859375 133.0 5092.150879
v -5408.552246 133.0 5091.231934
v -5397.220703 133.0 5090.708496
v -5385.876953 133.0 5090.580566
v -5374.536133 133.0 5090.848633
v -5363.211426 133.0 5091.512207
v -5351.916992 133.0 5092.570801
v -5340.666504 133.0 5094.022949
v -5329.473145 133.0 5095.866699
v -5318.351074 133.0 5098.100098
v -5307.313477 133.0 5100.720215
v -5296.374512 133.0 5103.724121
v -5285.546875 133.0 5107.10791
v -5274.84375 133.0 5110.867188
v -5264.278809 133.0 5114.998047
v -5253.86377 133.0 5119.495117
v -5243.612793 133.0 5124.352539
v -5233.537109 133.0 5129.56543
v -5223.649414 133.0 5135.125977
v -5213.961914 133.0 5141.028809
v -5204.486328 133.0 5147.266113
v -5195.234375 133.0 5153.830078
v -5186.216797 133.0 5160.712891
v -5177.445312 133.0 5167.90625
v -5168.930176 133.0 5175.401367
v -5160.681641 133.0 5183.188965
v -5152.709961 133.0 5191.260254
v -5145.024414 133.0 5199.604492
v -5137.635254 133.0 5208.211426
v -5130.550781 133.0 5217.071777
v -5123.779785 133.0 5226.17334
v -5117.331055 133.0 5235.505859
v -5111.211426 133.0 5245.058105
v -5401.390625 133.0 5464.753906
v -5397.052734 133.0 5465.743652
v -5405.625488 133.0 5463.390137
v -5392.645508 133.0 5466.352051
v -5409.725586 133.0 5461.662109
v -5413.65918 133.0 5459.583008
v -5388.20166 133.0 5466.573242
v -5417.396484 133.0 5457.169434
v -5383.755859 133.0 5466.406738
v -5420.909668 133.0 5454.438965
v -5379.341309 133.0 5465.853516
v -5424.171387 133.0 5451.413086
v -5374.991699 133.0 5464.916992
v -5427.156738 133.0 5448.114258
v -5370.740234 133.0 5463.605469
v -5429.843262 133.0 5444.567871
v -5366.619141 133.0 5461.928223
v -5432.210449 133.0 5440.800781
v -5362.660156 133.0 5459.898438
v -5358.893066 133.0 5457.53125
v -5355.34668 133.0 5454.844727
v -5352.047852 133.0 5451.858887
v -5349.021484 133.0 5448.597656
v -5346.291504 133.0 5445.084473
v -5343.87793 133.0 5441.34668
v -5341.798828 133.0 5437.413086
v -5340.070801 133.0 5433.313477
v -5338.707031 133.0 5429.078613
v -5337.717285 133.0 5424.740723
v -5337.108887 133.0 5420.333496
v -5336.887695 133.0 5415.889648
v -5337.054199 133.0 5411.443359
v -5337.607422 133.0 5407.028809
v -5338.543457 133.0 5402.679199
v -5339.855469 133.0 5398.427734
v -5341.532227 133.0 5394.307129
v -5343.5625 133.0 5390.347656
v -5434.240723 133.0 5436.841797
v -5435.917969 133.0 5432.720703
v -5437.229492 133.0 5428.469238
v -5438.165527 133.0 5424.119629
v -5438.71875 133.0 5419.705078
v -5438.885742 133.0 5415.258789
v -5438.664062 133.0 5410.81543
v -5438.056152 133.0 5406.407715
v -5437.066406 133.0 5402.070312
v -5435.702148 133.0 5397.835449
v -5433.974121 133.0 5393.735352
v -5431.895508 133.0 5389.801758
v -5429.481445 133.0 5386.063965
v -5426.751465 133.0 5382.55127
v -5423.725098 133.0 5379.289551
v -5420.426758 133.0 5376.304199
v -5416.879883 133.0 5373.617676
v -5413.112793 133.0 5371.25
v -5409.153809 133.0 5369.220215
v -5345.929688 133.0 5386.580566
v -5405.032715 133.0 5367.542969
v -5348.616211 133.0 5383.03418
v -5400.78125 133.0 5366.231445
v -5351.601562 133.0 5379.735352
v -5396.431641 133.0 5365.29541
v -5354.863281 133.0 5376.709473
v -5392.01709 133.0 5364.741699
v -5358.376465 133.0 5373.979004
v -5387.571289 133.0 5364.575195
v -5362.11377 133.0 5371.56543
v -5383.127441 133.0 5364.796875
v -5366.047852 133.0 5369.486816
v -5378.720215 133.0 5365.404785
v -5370.147461 133.0 5367.758789
v -5374.382324 133.0 5366.394531
v -5468.459473 -500.0 5730.428223
v -5457.421875 -500.0 5733.04834
v -5479.398438 -500.0 5727.424316
v -5490.226074 -500.0 5724.041016
v -5446.299805 -500.0 5735.281738
v -5435.106934 -500.0 5737.125488
v -5500.929199 -500.0 5720.28125
v -5511.494629 -500.0 5716.150391
v -5423.855957 -500.0 5738.577637
v -5412.561523 -500.0 5739.63623
v -5401.236816 -500.0 5740.299805
v -5521.90918 -500.0 5711.653809
v -5532.160645 -500.0 5706.795898
v -5542.23584 -500.0 5701.583496
v -5552.123535 -500.0 5696.022461
v -5561.811035 -500.0 5690.120117
v -5389.895996 -500.0 5740.568359
v -5378.552734 -500.0 5740.44043
v -5571.286621 -500.0 5683.882812
v -5580.538574 -500.0 5677.318848
v -5589.556152 -500.0 5670.436035
v -5355.913574 -500.0 5738.998047
v -5344.645996 -500.0 5737.685059
v -5367.220703 -500.0 5739.916504
v -5598.327637 -500.0 5663.242188
v -5606.843262 -500.0 5655.74707
v -5333.430664 -500.0 5735.979492
v -5322.282227 -500.0 5733.883789
v -5615.091797 -500.0 5647.959473
v -5623.063477 -500.0 5639.888672
v -5630.748535 -500.0 5631.544434
v -5300.237793 -500.0 5728.532227
v -5289.369141 -500.0 5725.282715
v -5311.212891 -500.0 5731.400391
v -5638.137695 -500.0 5622.937012
v -5645.222168 -500.0 5614.077148
v -5278.620117 -500.0 5721.655762
v -5268.004883 -500.0 5717.65625
v -5651.993164 -500.0 5604.975098
v -5658.442383 -500.0 5595.642578
v -5664.561523 -500.0 5586.09082
v -5247.224609 -500.0 5708.557617
v -5237.085449 -500.0 5703.470215
v -5257.535156 -500.0 5713.288086
v -5670.344238 -500.0 5576.331055
v -5227.129883 -500.0 5698.031738
v -5217.370117 -500.0 5692.249512
v -5198.485352 -500.0 5679.681152
v -5189.383789 -500.0 5672.910156
v -5207.818359 -500.0 5686.129883
v -5180.523926 -500.0 5665.825684
v -5171.916504 -500.0 5658.436523
v -5155.501465 -500.0 5642.779297
v -5147.713379 -500.0 5634.530762
v -5163.572266 -500.0 5650.750977
v -5140.218262 -500.0 5626.015625
v -5133.024902 -500.0 5617.244141
v -5119.578125 -500.0 5598.974609
v -5113.34082 -500.0 5589.499023
v -5126.14209 -500.0 5608.226562
v -5107.438477 -500.0 5579.811523
v -5101.877441 -500.0 5569.923828
v -5091.807129 -500.0 5549.59668
v -5087.310059 -500.0 5539.182129
v -5096.665039 -500.0 5559.848145
v -5083.179688 -500.0 5528.617188
v -5079.419922 -500.0 5517.914062
v -5076.036133 -500.0 5507.086426
v -5073.032715 -500.0 5496.146973
v -5070.412598 -500.0 5485.109863
v -5068.179199 -500.0 5473.987793
v -5066.334961 -500.0 5462.794434
v -5064.883301 -500.0 5451.543945
v -5063.824707 -500.0 5440.249023
v -5063.160645 -500.0 5428.924805
v -5062.892578 -500.0 5417.583496
v -5063.020508 -500.0 5406.240234
v -5063.544434 -500.0 5394.908203
v -5064.462891 -500.0 5383.601562
v -5065.775879 -500.0 5372.333984
v -5067.480957 -500.0 5361.118652
v -5069.57666 -500.0 5349.969727
v -5072.060547 -500.0 5338.900879
v -5074.928711 -500.0 5327.925293
v -5078.178223 -500.0 5317.056641
v -5081.805176 -500.0 5306.308105
v -5085.804688 -500.0 5295.692383
v -5090.172852 -500.0 5285.223145
v -5094.90332 -500.0 5274.912598
v -5099.990723 -500.0 5264.772949
v -5105.429199 -500.0 5254.817383
v -5675.782227 -500.0 5566.375488
v -5680.869629 -500.0 5556.236328
v -5685.600586 -500.0 5545.925781
v -5689.968262 -500.0 5535.456055
v -5693.968262 -500.0 5524.840332
v -5697.594727 -500.0 5514.091797
v -5700.844238 -500.0 5503.223145
v -5703.712891 -500.0 5492.247559
v -5706.196289 -500.0 5481.178711
v -5708.291992 -500.0 5470.030273
v -5709.99707 -500.0 5458.814941
v -5711.310059 -500.0 5447.546875
v -5712.229004 -500.0 5436.240234
v -5712.752441 -500.0 5424.908203
v -5712.880371 -500.0 5413.564941
v -5712.612305 -500.0 5402.224121
v -5711.948242 -500.0 5390.899414
v -5710.890137 -500.0 5379.60498
v -5709.437988 -500.0 5368.354004
v -5707.594238 -500.0 5357.161133
v -5705.36084 -500.0 5346.039062
v -5702.740723 -500.0 5335.001465
v -5699.736816 -500.0 5324.0625
v -5696.353027 -500.0 5313.234863
v -5692.59375 -500.0 5302.531738
v -5688.462891 -500.0 5291.966309
v -5683.96582 -500.0 5281.551758
v -5679.10791 -500.0 5271.300293
v -5673.895508 -500.0 5261.224609
v -5668.334473 -500.0 5251.337402
v -5662.432129 -500.0 5241.649902
v -5656.194824 -500.0 5232.174316
v -5649.630859 -500.0 5222.922363
v -5642.748047 -500.0 5213.904785
v -5635.554688 -500.0 5205.133301
v -5628.05957 -500.0 5196.617676
v -5620.271484 -500.0 5188.369141
v -5612.200684 -500.0 5180.397461
v -5603.856445 -500.0 5172.712402
v -5595.249023 -500.0 5165.323242
v -5586.38916 -500.0 5158.23877
v -5577.287598 -500.0 5151.467773
v -5567.955078 -500.0 5145.018555
v -5558.402832 -500.0 5138.898926
v -5548.643066 -500.0 5133.116699
v -5538.6875 -500.0 5127.678711
v -5111.211426 -500.0 5245.058105
v -5528.54834 -500.0 5122.59082
v -5117.331055 -500.0 5235.505859
v -5518.237793 -500.0 5117.860352
v -5123.779785 -500.0 5226.17334
v -5507.768066 -500.0 5113.492676
v -5130.550781 -500.0 5217.071777
v -5497.152832 -500.0 5109.492676
v -5137.635254 -500.0 5208.211426
v -5486.404297 -500.0 5105.865723
v -5145.024414 -500.0 5199.604492
v -5475.535645 -500.0 5102.616211
v -5152.709961 -500.0 5191.260254
v -5464.560059 -500.0 5099.748047
v -5160.681641 -500.0 5183.188965
v -5453.491211 -500.0 5097.264648
v -5168.930176 -500.0 5175.401367
v -5442.342285 -500.0 5095.168945
v -5177.445312 -500.0 5167.90625
v -5431.126953 -500.0 5093.463867
v -5186.216797 -500.0 5160.712891
v -5419.859375 -500.0 5092.150879
v -5195.234375 -500.0 5153.830078
v -5408.552246 -500.0 5091.231934
v -5204.486328 -500.0 5147.266113
v -5397.220703 -500.0 5090.708496
v -5213.961914 -500.0 5141.028809
v -5385.876953 -500.0 5090.580566
v -5223.649414 -500.0 5135.125977
v -5374.536133 -500.0 5090.848633
v -5233.537109 -500.0 5129.56543
v -5363.211426 -500.0 5091.512207
v -5243.612793 -500.0 5124.352539
v -5351.916992 -500.0 5092.570801
v -5253.86377 -500.0 5119.495117
v -5340.666504 -500.0 5094.022949
v -5264.278809 -500.0 5114.998047
v -5329.473145 -500.0 5095.866699
v -5274.84375 -500.0 5110.867188
v -5318.351074 -500.0 5098.100098
v -5285.546875 -500.0 5107.10791
v -5307.313477 -500.0 5100.720215
v -5296.374512 -500.0 5103.724121
v -5105.429199 -655.0 5254.817383
v -5099.990723 -655.0 5264.772949
v -5094.90332 -655.0 5274.912598
v -5090.172852 -655.0 5285.223145
v -5085.804688 -655.0 5295.692383
v -5081.805176 -655.0 5306.308105
v -5078.178223 -655.0 5317.056641
v -5074.928711 -655.0 5327.925293
v -5072.060547 -655.0 5338.900879
v -5069.57666 -655.0 5349.969727
v -5067.480957 -655.0 5361.118652
v -5065.775879 -655.0 5372.333984
v -5064.462891 -655.0 5383.601562
v -5063.544434 -655.0 5394.908203
v -5063.020508 -655.0 5406.240234
v -5062.892578 -655.0 5417.583496
v -5063.160645 -655.0 5428.924805
v -5063.824707 -655.0 5440.249023
v -5064.883301 -655.0 5451.543945
v -5066.334961 -655.0 5462.794434
v -5068.179199 -655.0 5473.987793
v -5070.412598 -655.0 5485.109863
v -5073.032715 -655.0 5496.146973
v -5076.036133 -655.0 5507.086426
v -5079.419922 -655.0 5517.914062
v -5083.179688 -655.0 5528.617188
v -5087.310059 -655.0 5539.182129
v -5091.807129 -655.0 5549.59668
v -5096.665039 -655.0 5559.848145
v -5101.877441 -655.0 5569.923828
v -5107.438477 -655.0 5579.811523
v -5113.34082 -655.0 5589.499023
v -5119.578125 -655.0 5598.974609
v -5126.14209 -655.0 5608.226562
v -5133.024902 -655.0 5617.244141
v -5140.218262 -655.0 5626.015625
v -5147.713379 -655.0 5634.530762
v -5155.501465 -655.0 5642.779297
v -5163.572266 -655.0 5650.750977
v -5171.916504 -655.0 5658.436523
v -5180.523926 -655.0 5665.825684
v -5189.383789 -655.0 5672.910156
v -5198.485352 -655.0 5679.681152
v -5207.818359 -655.0 5686.129883
v -5217.370117 -655.0 5692.249512
v -5227.129883 -655.0 5698.031738
v -5237.085449 -655.0 5703.470215
v -5247.224609 -655.0 5708.557617
v -5257.535156 -655.0 5713.288086
v -5268.004883 -655.0 5717.65625
v -5278.620117 -655.0 5721.655762
v -5289.369141 -655.0 5725.282715
v -5300.237793 -655.0 5728.532227
v -5311.212891 -655.0 5731.400391
v -5322.282227 -655.0 5733.883789
v -5333.430664 -655.0 5735.979492
v -5344.645996 -655.0 5737.685059
v -5355.913574 -655.0 5738.998047
v -5367.220703 -655.0 5739.916504
v -5378.552734 -655.0 5740.44043
v -5389.895996 -655.0 5740.568359
v -5401.236816 -655.0 5740.299805
v -5412.561523 -655.0 5739.63623
v -5423.855957 -655.0 5738.577637
v -5435.106934 -655.0 5737.125488
v -5446.299805 -655.0 5735.281738
v -5457.421875 -655.0 5733.04834
v -5468.459473 -655.0 5730.428223
v -5479.398438 -655.0 5727.424316
v -5490.226074 -655.0 5724.041016
v -5500.929199 -655.0 5720.28125
v -5511.494629 -655.0 5716.150391
v -5521.90918 -655.0 5711.653809
v -5532.160645 -655.0 5706.795898
v -5542.23584 -655.0 5701.583496
v -5552.123535 -655.0 5696.022461
v -5561.811035 -655.0 5690.120117
v -5571.286621 -655.0 5683.882812
v -5580.538574 -655.0 5677.318848
v -5589.556152 -655.0 5670.436035
v -5598.327637 -655.0 5663.242188
v -5606.843262 -655.0 5655.74707
v -5615.091797 -655.0 5647.959473
v -5623.063477 -655.0 5639.888672
v -5630.748535 -655.0 5631.544434
v -5638.137695 -655.0 5622.937012
v -5645.222168 -655.0 5614.077148
v -5651.993164 -655.0 5604.975098
v -5658.442383 -655.0 5595.642578
v -5664.561523 -655.0 5586.09082
v -5670.344238 -655.0 5576.331055
v -5675.782227 -655.0 5566.375488
v -5680.869629 -655.0 5556.236328
v -5685.600586 -655.0 5545.925781
v -5689.968262 -655.0 5535.456055
v -5693.968262 -655.0 5524.840332
v -5697.594727 -655.0 5514.091797
v -5700.844238 -655.0 5503.223145
v -5703.712891 -655.0 5492.247559
v -5706.196289 -655.0 5481.178711
v -5708.291992 -655.0 5470.030273
v -5709.99707 -655.0 5458.814941
v -5711.310059 -655.0 5447.546875
v -5712.229004 -655.0 5436.240234
v -5712.752441 -655.0 5424.908203
v -5712.880371 -655.0 5413.564941
v -5712.612305 -655.0 5402.224121
v -5711.948242 -655.0 5390.899414
v -5710.890137 -655.0 5379.60498
v -5709.437988 -655.0 5368.354004
v -5707.594238 -655.0 5357.161133
v -5705.36084 -655.0 5346.039062
v -5702.740723 -655.0 5335.001465
v -5699.736816 -655.0 5324.0625
v -5696.353027 -655.0 5313.234863
v -5692.59375 -655.0 5302.531738
v -5688.462891 -655.0 5291.966309
v -5683.96582 -655.0 5281.551758
v -5679.10791 -655.0 5271.300293
v -5673.895508 -655.0 5261.224609
v -5668.334473 -655.0 5251.337402
v -5662.432129 -655.0 5241.649902
v -5656.194824 -655.0 5232.174316
v -5649.630859 -655.0 5222.922363
v -5642.748047 -655.0 5213.904785
v -5635.554688 -655.0 5205.133301
v -5628.05957 -655.0 5196.617676
v -5620.271484 -655.0 5188.369141
v -5612.200684 -655.0 5180.397461
v -5603.856445 -655.0 5172.712402
v -5595.249023 -655.0 5165.323242
v -5586.38916 -655.0 5158.23877
v -5577.287598 -655.0 5151.467773
v -5567.955078 -655.0 5145.018555
v -5558.402832 -655.0 5138.898926
v -5548.643066 -655.0 5133.116699
v -5538.6875 -655.0 5127.678711
v -5528.54834 -655.0 5122.59082
v -5518.237793 -655.0 5117.860352
v -5507.768066 -655.0 5113.492676
v -5497.152832 -655.0 5109.492676
v -5486.404297 -655.0 5105.865723
v -5475.535645 -655.0 5102.616211
v -5464.560059 -655.0 5099.748047
v -5453.491211 -655.0 5097.264648
v -5442.342285 -655.0 5095.168945
v -5431.126953 -655.0 5093.463867
v -5419.859375 -655.0 5092.150879
v -5408.552246 -655.0 5091.231934
v -5397.220703 -655.0 5090.708496
v -5385.876953 -655.0 5090.580566
v -5374.536133 -655.0 5090.848633
v -5363.211426 -655.0 5091.512207
v -5351.916992 -655.0 5092.570801
v -5340.666504 -655.0 5094.022949
v -5329.473145 -655.0 5095.866699
v -5318.351074 -655.0 5098.100098
v -5307.313477 -655.0 5100.720215
v -5296.374512 -655.0 5103.724121
v -5285.546875 -655.0 5107.10791
v -5274.84375 -655.0 5110.867188
v -5264.278809 -655.0 5114.998047
v -5253.86377 -655.0 5119.495117
v -5243.612793 -655.0 5124.352539
v -5233.537109 -655.0 5129.56543
v -5223.649414 -655.0 5135.125977
v -5213.961914 -655.0 5141.028809
v -5204.486328 -655.0 5147.266113
v -5195.234375 -655.0 5153.830078
v -5186.216797 -655.0 5160.712891
v -5177.445312 -655.0 5167.90625
v -5168.930176 -655.0 5175.401367
v -5160.681641 -655.0 5183.188965
v -5152.709961 -655.0 5191.260254
v -5145.024414 -655.0 5199.604492
v -5137.635254 -655.0 5208.211426
v -5130.550781 -655.0 5217.071777
v -5123.779785 -655.0 5226.17334
v -5117.331055 -655.0 5235.505859
v -5111.211426 -655.0 5245.058105
v -902.745544 -1005.0 2925.491455
v -975.572388 -1005.0 2884.117432
v -901.127502 -1005.0 2841.748291
v -999.044983 -1005.0 2870.782227
v -1068.640259 -1005.0 2865.287354
v -1038.705566 -1005.0 2848.250488
v -900.606018 -1005.0 2814.75708
v -869.790161 -1005.0 2752.114746
v -899.724854 -1005.0 2769.151611
v -906.760254 -1005.0 2957.25415
v -873.386841 -1005.0 2938.26001
v -5061.115723 -1005.0 5379.177246
v -5189.721191 -1005.0 5153.211426
v -5018.526855 -1005.0 5124.79834
v -4974.809082 -1005.0 5135.676758
v -4921.979492 -1005.0 5144.567871
v -4921.786621 -1005.0 5143.303711
v -4921.29541 -1005.0 5142.12207
v -4921.864258 -1005.0 5145.841797
v -4919.847656 -1005.0 5139.848633
v -4921.446777 -1005.0 5147.05127
v -4921.058105 -1005.0 5147.721191
v -4918.230957 -1005.0 5137.692383
v -4920.574707 -1005.0 5148.32666
v -4915.954102 -1005.0 5135.141113
v -4919.121582 -1005.0 5149.288574
v -4913.156738 -1005.0 5132.575195
v -4917.518066 -1005.0 5149.972168
v -4915.818359 -1005.0 5150.356445
v -4910.160645 -1005.0 5130.35498
v -4906.947754 -1005.0 5128.460449
v -4846.377441 -1005.0 5167.635742
v -4842.654785 -1005.0 5168.602051
v -4838.918457 -1005.0 5169.233398
v -4835.260742 -1005.0 5169.527344
v -4831.146484 -1005.0 5169.478027
v -4827.776855 -1005.0 5169.14209
v -4824.395996 -1005.0 5168.539551
v -4769.134277 -1005.0 4982.859863
v -4817.982422 -1005.0 5167.072754
v -4765.214355 -1005.0 4980.729004
v -4811.684082 -1005.0 5165.298828
v -4805.533203 -1005.0 5163.22998
v -4799.125977 -1005.0 5160.699707
v -4792.562012 -1005.0 5157.686523
v -4789.107422 -1005.0 5155.92041
v -4785.692871 -1005.0 5154.046387
v -4687.91748 -1005.0 4943.787109
v -4716.098633 -1005.0 4968.885742
v -4720.220703 -1005.0 4968.492676
v -4724.316406 -1005.0 4968.429688
v -4727.950684 -1005.0 4968.65332
v -4687.82959 -1005.0 4945.281738
v -4686.681641 -1005.0 4941.296387
v -4685.230469 -1005.0 4938.925293
v -4732.393066 -1005.0 4969.289551
v -4735.138672 -1005.0 4969.88623
v -4687.364746 -1005.0 4946.705566
v -4686.552734 -1005.0 4947.963867
v -4683.29541 -1005.0 4936.344238
v -4737.87207 -1005.0 4970.636719
v -4743.871582 -1005.0 4972.200195
v -4685.447266 -1005.0 4948.974609
v -4680.85791 -1005.0 4933.724609
v -4749.751953 -1005.0 4974.068359
v -4684.121094 -1005.0 4949.67041
v -4678.200684 -1005.0 4931.4375
v -4754.991699 -1005.0 4976.030273
v -4761.23291 -1005.0 4978.756348
v -4683.256836 -1005.0 4949.91748
v -4682.364258 -1005.0 4950.02832
v -4675.305664 -1005.0 4929.458984
v -4582.380859 -1005.0 5002.160156
v -4649.538086 -1005.0 5009.077148
v -4646.237305 -1005.0 5006.787109
v -4643.162598 -1005.0 5004.256836
v -4640.337891 -1005.0 5001.511719
v -4638.191895 -1005.0 4999.090332
v -4636.211426 -1005.0 4996.498535
v -4635.596191 -1005.0 4995.34375
v -4635.252441 -1005.0 4994.083984
v -4635.216309 -1005.0 4992.778809
v -4635.489746 -1005.0 4991.501953
v -4636.057129 -1005.0 4990.326172
v -4636.886719 -1005.0 4989.317871
v -4538.157227 -1005.0 5013.165039
v -4529.911621 -1005.0 4987.964844
v -4525.741211 -1005.0 4988.821289
v -4521.568848 -1005.0 4989.344727
v -4517.40332 -1005.0 4989.534668
v -4512.82666 -1005.0 4989.361328
v -4508.870117 -1005.0 4988.889648
v -4504.912109 -1005.0 4988.119141
v -4498.307617 -1005.0 4986.394043
v -4491.810059 -1005.0 4984.36084
v -4484.733887 -1005.0 4981.748535
v -4481.007812 -1005.0 4980.197754
v -4477.318848 -1005.0 4978.539551
v -4339.938965 -1005.0 4774.299805
v -4446.951172 -1005.0 4925.08252
v -4556.830078 -1005.0 4897.740234
v -4306.894531 -1005.0 4719.782715
v -4325.114746 -1005.0 4855.740723
v -4246.041992 -1005.0 4846.911621
v -4245.879395 -1005.0 4846.819336
v -4112.555176 -1005.0 4609.177246
v -4159.013184 -1005.0 4691.985352
v -4000.032715 -1005.0 4545.136719
v -4017.420166 -1005.0 4716.794922
v -4134.600586 -1005.0 4783.486328
v -4106.587891 -1005.0 4733.555664
v -3953.916504 -1005.0 4520.19873
v -3954.317139 -1005.0 4521.634766
v -3954.338867 -1005.0 4523.125
v -3953.163086 -1005.0 4518.912598
v -3953.980225 -1005.0 4524.572266
v -3952.106934 -1005.0 4517.860352
v -3953.264893 -1005.0 4525.879883
v -3952.239746 -1005.0 4526.961914
v -3951.435547 -1005.0 4527.512695
v -3950.550049 -1005.0 4527.92041
v -3896.133057 -1005.0 4647.766113
v -3868.956299 -1005.0 4547.787598
v -3864.278076 -1005.0 4548.648438
v -3859.545898 -1005.0 4549.121582
v -3855.56665 -1005.0 4549.220703
v -3850.71582 -1005.0 4548.978027
v -3810.144043 -1005.0 4562.437988
v -3846.374023 -1005.0 4548.418945
v -3842.472168 -1005.0 4547.632324
v -3838.081543 -1005.0 4546.407715
v -3833.800537 -1005.0 4544.839844
v -3747.114502 -1005.0 4401.191895
v -3765.803467 -1005.0 4572.963867
v -3676.557373 -1005.0 4366.205566
v -3676.967285 -1005.0 4367.460938
v -3677.074463 -1005.0 4368.776855
v -3702.599365 -1005.0 4411.759277
v -3676.872314 -1005.0 4370.082031
v -3674.822998 -1005.0 4363.154297
v -3675.866455 -1005.0 4365.080078
v -3676.372314 -1005.0 4371.304199
v -3673.587891 -1005.0 4361.345703
v -3675.601562 -1005.0 4372.376465
v -3671.648926 -1005.0 4359.125488
v -3674.602783 -1005.0 4373.240234
v -3669.477783 -1005.0 4357.226562
v -3673.724854 -1005.0 4373.727539
v -3672.774414 -1005.0 4374.050781
v -3667.071289 -1005.0 4355.63623
v -3679.573242 -1005.0 4429.856934
v -3683.203369 -1005.0 4431.671387
v -3675.819092 -1005.0 4428.320312
v -3671.776367 -1005.0 4427.011719
v -3667.464844 -1005.0 4425.978516
v -3662.777588 -1005.0 4425.253906
v -3658.060547 -1005.0 4424.926758
v -3653.627686 -1005.0 4424.983398
v -3649.047119 -1005.0 4425.417969
v -3644.517578 -1005.0 4426.239746
v -3491.77002 -1005.0 4255.866211
v -3515.545898 -1005.0 4412.361816
v -3562.991211 -1005.0 4450.797852
v -3563.171631 -1005.0 4449.486328
v -3563.650879 -1005.0 4448.251953
v -3564.40332 -1005.0 4447.162598
v -3565.387695 -1005.0 4446.276855
v -3566.302002 -1005.0 4445.75
v -3567.29834 -1005.0 4445.401855
v -3511.498779 -1005.0 4413.124512
v -3563.119385 -1005.0 4452.115723
v -3507.452881 -1005.0 4413.553711
v -3563.549805 -1005.0 4453.367676
v -3503.620605 -1005.0 4413.653809
v -3563.991211 -1005.0 4454.296875
v -3499.187744 -1005.0 4413.396484
v -3564.531982 -1005.0 4455.15918
v -3495.871338 -1005.0 4412.942383
v -3492.555908 -1005.0 4412.26416
v -3565.603516 -1005.0 4456.397949
v -3486.861084 -1005.0 4410.71875
v -3568.189697 -1005.0 4458.785645
v -3481.28125 -1005.0 4408.868164
v -3570.857666 -1005.0 4461.076172
v -3475.23877 -1005.0 4406.462891
v -3575.295898 -1005.0 4464.539062
v -3471.664307 -1005.0 4404.832031
v -3468.141113 -1005.0 4403.064941
v -3403.927734 -1005.0 4212.063965
v -3454.02417 -1005.0 4251.159668
v -3459.060303 -1005.0 4250.526367
v -3403.517578 -1005.0 4210.809082
v -3463.901855 -1005.0 4250.280762
v -3469.092529 -1005.0 4250.403809
v -3404.034668 -1005.0 4213.380371
v -3449.050049 -1005.0 4252.180176
v -3403.832764 -1005.0 4214.685547
v -3401.783447 -1005.0 4207.757324
v -3474.271484 -1005.0 4250.92627
v -3402.82666 -1005.0 4209.683594
v -3403.33252 -1005.0 4215.907715
v -3400.54834 -1005.0 4205.949219
v -3479.045654 -1005.0 4251.769531
v -3402.562012 -1005.0 4216.97998
v -3398.609375 -1005.0 4203.728516
v -3483.572266 -1005.0 4252.904297
v -3487.719727 -1005.0 4254.248535
v -3401.562988 -1005.0 4217.843262
v -3396.438232 -1005.0 4201.830078
v -3400.685303 -1005.0 4218.331055
v -3399.734619 -1005.0 4218.654297
v -3394.031494 -1005.0 4200.239746
v -3218.730469 -1005.0 4100.469727
v -3242.506348 -1005.0 4256.965332
v -3290.409912 -1005.0 4295.434082
v -3290.655029 -1005.0 4293.898438
v -3291.280029 -1005.0 4292.474609
v -3292.245361 -1005.0 4291.254395
v -3293.399658 -1005.0 4290.369141
v -3294.730957 -1005.0 4289.782227
v -3238.458984 -1005.0 4257.727539
v -3290.560547 -1005.0 4296.978516
v -3234.41333 -1005.0 4258.157227
v -3291.083496 -1005.0 4298.412109
v -3230.581055 -1005.0 4258.257324
v -3226.148193 -1005.0 4258.0
v -3291.946045 -1005.0 4299.670898
v -3222.831787 -1005.0 4257.545898
v -3293.27832 -1005.0 4301.411621
v -3219.516357 -1005.0 4256.867676
v -3294.722168 -1005.0 4303.039062
v -3213.821533 -1005.0 4255.322266
v -3296.992432 -1005.0 4305.177734
v -3208.241699 -1005.0 4253.471191
v -3202.199219 -1005.0 4251.065918
v -3299.493164 -1005.0 4307.081543
v -3198.624756 -1005.0 4249.435547
v -3195.101562 -1005.0 4247.668457
v -3132.768555 -1005.0 4057.737793
v -3180.984375 -1005.0 4095.763184
v -3186.020508 -1005.0 4095.129883
v -3132.358398 -1005.0 4056.482422
v -3190.862061 -1005.0 4094.883789
v -3196.052979 -1005.0 4095.00708
v -3132.875488 -1005.0 4059.053955
v -3176.010498 -1005.0 4096.783691
v -3132.67334 -1005.0 4060.358887
v -3130.624268 -1005.0 4053.431152
v -3201.231934 -1005.0 4095.529541
v -3131.66748 -1005.0 4055.356934
v -3132.17334 -1005.0 4061.581055
v -3129.38916 -1005.0 4051.622559
v -3206.005859 -1005.0 4096.372559
v -3131.402832 -1005.0 4062.653564
v -3127.449951 -1005.0 4049.402344
v -3210.532471 -1005.0 4097.507324
v -3214.680176 -1005.0 4098.852051
v -3130.403809 -1005.0 4063.51709
v -3125.279053 -1005.0 4047.503662
v -3129.526123 -1005.0 4064.004639
v -3128.575439 -1005.0 4064.327881
v -3122.872314 -1005.0 4045.91333
v -2971.347168 -1005.0 4102.638672
v -3017.370361 -1005.0 4140.037109
v -3017.615234 -1005.0 4138.501465
v -3018.240479 -1005.0 4137.078125
v -3019.205811 -1005.0 4135.85791
v -3020.360107 -1005.0 4134.972656
v -3021.691162 -1005.0 4134.385742
v -2967.299805 -1005.0 4103.401367
v -3017.520752 -1005.0 4141.582031
v -2963.253906 -1005.0 4103.830566
v -2959.421875 -1005.0 4103.930664
v -3018.043945 -1005.0 4143.015625
v -2954.98877 -1005.0 4103.67334
v -3018.90625 -1005.0 4144.274414
v -2951.672607 -1005.0 4103.219238
v -3020.238525 -1005.0 4146.015137
v -2948.357178 -1005.0 4102.541504
v -3021.682617 -1005.0 4147.642578
v -2942.662109 -1005.0 4100.995605
v -3023.952881 -1005.0 4149.78125
v -2937.082275 -1005.0 4099.14502
v -2931.039795 -1005.0 4096.739746
v -3026.453613 -1005.0 4151.685059
v -2927.465332 -1005.0 4095.108887
v -2923.942139 -1005.0 4093.342041
v -2728.541748 -1005.0 3821.63501
v -2904.851074 -1005.0 3942.457275
v -2909.825195 -1005.0 3941.436768
v -2914.861328 -1005.0 3940.803223
v -2919.702881 -1005.0 3940.557373
v -2924.893799 -1005.0 3940.680664
v -2930.07251 -1005.0 3941.203125
v -2934.84668 -1005.0 3942.046387
v -2939.373291 -1005.0 3943.180908
v -2943.520752 -1005.0 3944.525391
v -2947.571289 -1005.0 3946.143066
v -2792.124268 -1005.0 3926.860352
v -2750.531982 -1005.0 3980.059326
v -2748.063721 -1005.0 3937.596436
v -2749.200928 -1005.0 3980.645996
v -2748.046631 -1005.0 3981.53125
v -2747.081299 -1005.0 3982.751465
v -2746.456055 -1005.0 3984.175293
v -2697.152588 -1005.0 3872.808594
v -2685.267334 -1005.0 3832.709229
v -2650.639404 -1005.0 3882.148682
v -2746.361572 -1005.0 3987.255615
v -2746.211182 -1005.0 3985.710938
v -2598.746826 -1005.0 3814.468262
v -2555.890625 -1005.0 3759.076416
v -2574.627686 -1005.0 3859.260498
v -2564.639893 -1005.0 3822.564941
v -2512.556641 -1005.0 3703.689941
v -2517.500977 -1005.0 3704.946289
v -2521.451416 -1005.0 3705.740723
v -2530.286377 -1005.0 3869.786621
v -2755.294189 -1005.0 3997.358398
v -2752.793457 -1005.0 3995.45459
v -2750.523438 -1005.0 3993.315918
v -2749.079346 -1005.0 3991.688721
v -2747.74707 -1005.0 3989.947754
v -2746.884766 -1005.0 3988.688965
v -2430.087158 -1005.0 3732.94458
v -2434.300537 -1005.0 3734.707031
v -2431.195312 -1005.0 3732.154053
v -2428.292236 -1005.0 3729.388672
v -2425.816895 -1005.0 3731.373047
v -2425.591553 -1005.0 3726.410889
v -2420.287598 -1005.0 3729.645508
v -2424.959717 -1005.0 3725.3479
v -2424.611328 -1005.0 3724.161377
v -2414.642578 -1005.0 3728.223145
v -2424.567871 -1005.0 3722.925293
v -2424.83252 -1005.0 3721.717285
v -2408.904053 -1005.0 3727.114014
v -2425.388428 -1005.0 3720.612793
v -2406.397705 -1005.0 3726.772461
v -2426.200928 -1005.0 3719.68042
v -2403.894043 -1005.0 3726.562988
v -2427.193359 -1005.0 3718.992432
v -2399.546875 -1005.0 3726.513916
v -2395.608887 -1005.0 3726.815674
v -2428.317383 -1005.0 3718.542725
v -2181.088623 -1005.0 3498.421631
v -2330.14502 -1005.0 3742.806885
v -2331.149658 -1005.0 3742.195068
v -2391.67749 -1005.0 3727.446533
v -2494.433594 -1005.0 3702.408447
v -2499.095703 -1005.0 3702.254883
v -2503.72168 -1005.0 3702.428223
v -2507.569092 -1005.0 3702.825439
v -2525.307129 -1005.0 3706.848389
v -2527.838379 -1005.0 3707.765869
v -2530.326904 -1005.0 3708.823975
v -2101.946777 -1005.0 3637.477539
v -2328.193848 -1005.0 3748.521729
v -2328.014893 -1005.0 3747.231934
v -2328.146484 -1005.0 3745.936523
v -2328.581543 -1005.0 3744.709229
v -2329.294922 -1005.0 3743.620117
v -2338.592529 -1005.0 3760.686768
v -2335.978027 -1005.0 3758.857422
v -2333.606689 -1005.0 3756.7229
v -2331.471924 -1005.0 3754.269531
v -2329.956543 -1005.0 3752.072754
v -2328.673584 -1005.0 3749.732178
v -2021.692505 -1005.0 3477.660889
v -2121.294434 -1005.0 3464.390625
v -2051.766357 -1005.0 3424.81958
v -2091.220703 -1005.0 3517.231934
v -1948.245361 -1005.0 3371.481934
v -1954.983032 -1005.0 3378.147949
v -1990.581787 -1005.0 3389.997314
v -1941.30957 -1005.0 3365.025391
v -1933.69397 -1005.0 3358.367432
v -1925.846069 -1005.0 3351.938721
v -1917.776733 -1005.0 3345.748535
v -1932.077881 -1005.0 3405.454834
v -1972.624634 -1005.0 3563.875732
v -2042.15271 -1005.0 3603.446533
v -2072.226562 -1005.0 3550.605225
v -2002.698486 -1005.0 3511.034424
v -1909.49707 -1005.0 3339.806885
v -1901.019531 -1005.0 3334.122803
v -1892.356323 -1005.0 3328.705078
v -1883.520996 -1005.0 3323.562012
v -1904.776611 -1005.0 3447.057129
v -1903.676758 -1005.0 3442.855469
v -1902.290405 -1005.0 3438.740479
v -1905.366089 -1005.0 3450.518799
v -1900.751465 -1005.0 3435.00415
v -1905.567993 -1005.0 3454.02417
v -1898.731934 -1005.0 3430.905273
v -1896.156616 -1005.0 3426.535889
v -1924.844727 -1005.0 3398.318359
v -1893.863525 -1005.0 3423.20874
v -1917.413086 -1005.0 3391.442139
v -1890.755981 -1005.0 3419.318604
v -1887.350586 -1005.0 3415.685059
v -1909.810181 -1005.0 3384.849121
v -1880.866943 -1005.0 3409.034912
v -1902.017944 -1005.0 3378.520752
v -1911.440063 -1005.0 3529.053223
v -1902.76123 -1005.0 3467.234863
v -1901.296875 -1005.0 3470.101074
v -1899.341309 -1005.0 3473.095703
v -1897.304077 -1005.0 3475.59082
v -1874.231689 -1005.0 3402.54541
v -1894.032837 -1005.0 3372.452881
v -1894.763306 -1005.0 3478.103516
v -1892.246826 -1005.0 3480.112061
v -1865.983887 -1005.0 3394.892822
v -1884.929443 -1005.0 3366.012695
v -1889.239624 -1005.0 3482.028076
v -1886.019897 -1005.0 3483.607422
v -1857.513184 -1005.0 3387.476074
v -1875.577148 -1005.0 3359.886475
v -1868.502686 -1005.0 3355.559814
v -1882.989624 -1005.0 3484.713135
v -1880.943359 -1005.0 3485.270508
v -1878.863647 -1005.0 3485.688232
v -1844.849243 -1005.0 3376.704346
v -1861.295166 -1005.0 3351.407227
v -1873.208496 -1005.0 3486.458496
v -1841.068604 -1005.0 3373.380615
v -1856.716797 -1005.0 3348.900391
v -1837.407349 -1005.0 3369.943115
v -1852.031616 -1005.0 3346.706543
v -1847.282349 -1005.0 3344.841064
v -1867.570068 -1005.0 3486.897461
v -1826.687256 -1005.0 3341.100586
v -1830.140869 -1005.0 3340.772217
v -1828.395996 -1005.0 3340.746582
v -1831.94458 -1005.0 3364.364014
v -1842.052979 -1005.0 3343.176758
v -1823.900024 -1005.0 3342.677002
v -1825.213257 -1005.0 3341.748291
v -1827.263184 -1005.0 3359.092529
v -1836.531494 -1005.0 3341.833496
v -1833.356812 -1005.0 3341.242432
v -1861.99939 -1005.0 3487.006104
v -1821.288574 -1005.0 3347.244141
v -1822.692505 -1005.0 3343.992432
v -1821.808228 -1005.0 3345.539551
v -1822.817627 -1005.0 3353.596191
v -1821.343018 -1005.0 3350.443604
v -1821.154053 -1005.0 3348.846436
v -1821.906372 -1005.0 3352.101318
v -1856.456665 -1005.0 3486.790039
v -1850.319214 -1005.0 3486.170654
v -1829.971436 -1005.0 3423.880371
v -1830.916382 -1005.0 3425.653809
v -1830.500488 -1005.0 3424.737061
v -1831.11853 -1005.0 3430.742188
v -1831.412109 -1005.0 3429.160889
v -1831.360474 -1005.0 3427.377686
v -1844.192261 -1005.0 3485.149658
v -1840.890259 -1005.0 3484.431152
v -1826.821045 -1005.0 3435.749268
v -1828.344238 -1005.0 3434.819336
v -1829.624023 -1005.0 3433.57373
v -1830.514282 -1005.0 3432.233643
v -1837.594116 -1005.0 3483.595703
v -1823.423584 -1005.0 3436.499023
v -1825.163574 -1005.0 3436.311279
v -1819.792725 -1005.0 3436.389648
v -1827.095825 -1005.0 3420.098389
v -1816.224365 -1005.0 3436.020264
v -1823.979492 -1005.0 3416.537109
v -1826.967529 -1005.0 3480.155273
v -1811.94519 -1005.0 3435.214844
v -1821.162964 -1005.0 3413.704102
v -1808.205322 -1005.0 3434.167725
v -1818.175171 -1005.0 3411.028564
v -1816.471069 -1005.0 3476.340332
v -1804.454712 -1005.0 3432.775146
v -1800.782227 -1005.0 3431.05835
v -1806.040283 -1005.0 3472.125
v -1793.306396 -1005.0 3426.817383
v -1800.901733 -1005.0 3396.516602
v -1785.943726 -1005.0 3422.422119
v -1795.735596 -1005.0 3467.530029
v -1775.49231 -1005.0 3415.790283
v -1790.776245 -1005.0 3387.76123
v -1785.575928 -1005.0 3462.5625
v -1765.283203 -1005.0 3408.839355
v -1780.907959 -1005.0 3378.724854
v -1756.297485 -1005.0 3402.307861
v -1771.296753 -1005.0 3369.407471
v -1716.113525 -1005.0 3277.288574
v -1756.998779 -1005.0 3297.920898
v -1759.878418 -1005.0 3295.450195
v -1762.378174 -1005.0 3293.687988
v -1765.018799 -1005.0 3292.144775
v -1712.472778 -1005.0 3266.185547
v -1768.462891 -1005.0 3290.549316
v -1771.347778 -1005.0 3289.53418
v -1718.148193 -1005.0 3287.842041
v -1752.737671 -1005.0 3302.789795
v -1754.877441 -1005.0 3300.124023
v -1747.500122 -1005.0 3395.512451
v -1766.623901 -1005.0 3364.266602
v -1707.129272 -1005.0 3254.58667
v -1775.019897 -1005.0 3288.623535
v -1778.78894 -1005.0 3288.099365
v -1718.657959 -1005.0 3297.835938
v -1747.953857 -1005.0 3311.838867
v -1749.25708 -1005.0 3308.678223
v -1750.672485 -1005.0 3305.967041
v -1717.663208 -1005.0 3307.392334
v -1746.86731 -1005.0 3315.464355
v -1699.713379 -1005.0 3242.173828
v -1781.844482 -1005.0 3287.966553
v -1785.345215 -1005.0 3288.134521
v -1738.887573 -1005.0 3388.449707
v -1762.211792 -1005.0 3358.929688
v -1716.282104 -1005.0 3313.030762
v -1745.890137 -1005.0 3322.236328
v -1746.271851 -1005.0 3318.464111
v -1690.611206 -1005.0 3229.875488
v -1788.813232 -1005.0 3288.648682
v -1799.688721 -1005.0 3290.974609
v -1730.442993 -1005.0 3381.103516
v -1758.778687 -1005.0 3354.393799
v -1754.62915 -1005.0 3348.375244
v -1712.78186 -1005.0 3321.657471
v -1746.862305 -1005.0 3332.448242
v -1746.162964 -1005.0 3328.705811
v -1745.873047 -1005.0 3325.294434
v -1679.562378 -1005.0 3217.481201
v -1810.471924 -1005.0 3293.686035
v -1821.243286 -1005.0 3296.805176
v -1722.191528 -1005.0 3373.493896
v -1750.770142 -1005.0 3342.138184
v -1749.060547 -1005.0 3338.843018
v -1707.619995 -1005.0 3329.658447
v -1747.706055 -1005.0 3335.387939
v -1666.584229 -1005.0 3205.239746
v -1831.934937 -1005.0 3300.31665
v -1700.690918 -1005.0 3336.899902
v -1659.770142 -1005.0 3199.563477
v -1842.527588 -1005.0 3304.216064
v -1853.002197 -1005.0 3308.497559
v -1693.07666 -1005.0 3342.486572
v -1643.911865 -1005.0 3187.934326
v -1863.338867 -1005.0 3313.154541
v -1873.518188 -1005.0 3318.178955
v -1683.373535 -1005.0 3347.467529
v -1699.516235 -1005.0 3398.417725
v -1626.787842 -1005.0 3177.435303
v -1672.900024 -1005.0 3351.040771
v -1646.098755 -1005.0 3287.816406
v -1647.671265 -1005.0 3285.092285
v -1649.082397 -1005.0 3281.887695
v -1644.242676 -1005.0 3290.380859
v -1650.136963 -1005.0 3278.498047
v -1661.016235 -1005.0 3353.467041
v -1642.106445 -1005.0 3292.775146
v -1639.682129 -1005.0 3294.996338
v -1650.825439 -1005.0 3274.931396
v -1636.951782 -1005.0 3297.043945
v -1651.138306 -1005.0 3271.190674
v -1633.915771 -1005.0 3298.901367
v -1651.065552 -1005.0 3267.241943
v -1647.952393 -1005.0 3354.594482
v -1630.314453 -1005.0 3300.664795
v -1650.604614 -1005.0 3263.209229
v -1626.641602 -1005.0 3302.072754
v -1649.710938 -1005.0 3258.894775
v -1622.66687 -1005.0 3303.234863
v -1648.373901 -1005.0 3254.431641
v -1633.393555 -1005.0 3354.313232
v -1618.302734 -1005.0 3304.147461
v -1646.727173 -1005.0 3250.191895
v -1613.716309 -1005.0 3304.755615
v -1644.49707 -1005.0 3245.522217
v -1608.844971 -1005.0 3305.060059
v -1641.769653 -1005.0 3240.745605
v -1617.663452 -1005.0 3352.458496
v -1703.960938 -1005.0 3402.994629
v -1603.891968 -1005.0 3305.04834
v -1638.97522 -1005.0 3236.517334
v -1598.798706 -1005.0 3304.728516
v -1635.323975 -1005.0 3231.676758
v -1593.258179 -1005.0 3304.053223
v -1631.188599 -1005.0 3226.862305
v -1601.042725 -1005.0 3348.938232
v -1715.883667 -1005.0 3414.408447
v -1708.497437 -1005.0 3407.479492
v -1587.956299 -1005.0 3303.10498
v -1627.370605 -1005.0 3222.892578
v -1582.118896 -1005.0 3301.734131
v -1622.403442 -1005.0 3218.259277
v -1576.198242 -1005.0 3300.003174
v -1570.802979 -1005.0 3298.129639
v -1618.027222 -1005.0 3214.584717
v -1613.433716 -1005.0 3211.074219
v -1581.923584 -1005.0 3343.037109
v -1739.424927 -1005.0 3433.817139
v -1731.358276 -1005.0 3427.587402
v -1723.507446 -1005.0 3421.114502
v -1564.833252 -1005.0 3295.723633
v -1608.59436 -1005.0 3207.714355
v -1558.917358 -1005.0 3292.986816
v -1603.578491 -1005.0 3204.561768
v -1553.719971 -1005.0 3290.279053
v -1562.992065 -1005.0 3335.267334
v -1765.767822 -1005.0 3451.54248
v -1756.157104 -1005.0 3445.509766
v -1747.695312 -1005.0 3439.794434
v -1547.555298 -1005.0 3286.671631
v -1585.508301 -1005.0 3195.628906
v -1541.61438 -1005.0 3282.743896
v -1532.491943 -1005.0 3276.353516
v -1570.35437 -1005.0 3189.759521
v -1545.154419 -1005.0 3326.087402
v -1520.215698 -1005.0 3266.014648
v -1556.305176 -1005.0 3185.748291
v -1512.183105 -1005.0 3257.803223
v -1542.158691 -1005.0 3183.228271
v -1504.668579 -1005.0 3249.100342
v -1439.070557 -1005.0 3117.310303
v -1552.821533 -1005.0 3149.937012
v -1437.657471 -1005.0 3112.021729
v -1435.877686 -1005.0 3106.64917
v -1440.121948 -1005.0 3122.491455
v -1433.717773 -1005.0 3101.191162
v -1440.818604 -1005.0 3127.544922
v -1431.170654 -1005.0 3095.662598
v -1441.170898 -1005.0 3132.45874
v -1441.191406 -1005.0 3137.244141
v -1428.236938 -1005.0 3090.09082
v -1440.888916 -1005.0 3141.888916
v -1424.920898 -1005.0 3084.505615
v -1440.273071 -1005.0 3146.383057
v -1421.214111 -1005.0 3078.913818
v -1439.353271 -1005.0 3150.717529
v -1417.122681 -1005.0 3073.342529
v -1438.134888 -1005.0 3154.904297
v -1412.661987 -1005.0 3067.827393
v -1436.624634 -1005.0 3158.938232
v -1407.851562 -1005.0 3062.403076
v -1568.487793 -1005.0 3153.502441
v -1434.828979 -1005.0 3162.811523
v -1432.754272 -1005.0 3166.516357
v -1402.671265 -1005.0 3057.060303
v -1430.123047 -1005.0 3170.437744
v -1397.146851 -1005.0 3051.837158
v -1588.544922 -1005.0 3159.848145
v -1427.144653 -1005.0 3174.158447
v -1391.310669 -1005.0 3046.770752
v -1423.823608 -1005.0 3177.66626
v -1385.199219 -1005.0 3041.897705
v -1608.510864 -1005.0 3168.109619
v -1420.164795 -1005.0 3180.947021
v -1481.479736 -1005.0 3275.28125
v -1378.135376 -1005.0 3036.752197
v -1416.165894 -1005.0 3183.993652
v -1370.897705 -1005.0 3031.967041
v -1411.816895 -1005.0 3186.802246
v -1398.796753 -1005.0 3150.672852
v -1400.922241 -1005.0 3147.391602
v -1402.947754 -1005.0 3143.566406
v -1404.620239 -1005.0 3139.553223
v -1363.431152 -1005.0 3027.503174
v -1407.122681 -1005.0 3189.355225
v -1396.391479 -1005.0 3153.786865
v -1405.93042 -1005.0 3135.36792
v -1393.714478 -1005.0 3156.719238
v -1406.867676 -1005.0 3131.031006
v -1402.090698 -1005.0 3191.633789
v -1390.76355 -1005.0 3159.465576
v -1407.429321 -1005.0 3126.534912
v -1396.717041 -1005.0 3193.625732
v -1387.536377 -1005.0 3162.018799
v -1384.04187 -1005.0 3164.362793
v -1407.608276 -1005.0 3121.871826
v -1390.997192 -1005.0 3195.317139
v -1380.291504 -1005.0 3166.481445
v -1407.391479 -1005.0 3117.0625
v -1384.950073 -1005.0 3196.685547
v -1376.272217 -1005.0 3168.370361
v -1406.76709 -1005.0 3112.133545
v -1371.998657 -1005.0 3170.011963
v -1405.726196 -1005.0 3107.117676
v -1378.599731 -1005.0 3197.709961
v -1367.49231 -1005.0 3171.387939
v -1404.263306 -1005.0 3102.051514
v -1371.94165 -1005.0 3198.376953
v -1362.76001 -1005.0 3172.48584
v -1402.376343 -1005.0 3096.964844
v -1364.990356 -1005.0 3198.668945
v -1357.806274 -1005.0 3173.293213
v -1400.044434 -1005.0 3091.831787
v -1352.659424 -1005.0 3173.795654
v -1397.269897 -1005.0 3086.695068
v -1357.780396 -1005.0 3198.569336
v -1346.78418 -1005.0 3173.982422
v -1394.061523 -1005.0 3081.599365
v -1350.34668 -1005.0 3198.064941
v -1341.297363 -1005.0 3173.807861
v -1342.695312 -1005.0 3197.143066
v -1335.693481 -1005.0 3173.298828
v -1390.421631 -1005.0 3076.571777
v -1329.564087 -1005.0 3172.371826
v -1386.477539 -1005.0 3071.783447
v -1334.876587 -1005.0 3195.796387
v -1487.26123 -1005.0 3281.48584
v -1323.410034 -1005.0 3171.058594
v -1382.053589 -1005.0 3067.034668
v -1326.945435 -1005.0 3194.022705
v -1493.220825 -1005.0 3287.467041
v -1317.607666 -1005.0 3169.472412
v -1377.23584 -1005.0 3062.450439
v -1318.909302 -1005.0 3191.814941
v -1500.509277 -1005.0 3294.261963
v -1311.824219 -1005.0 3167.552246
v -1372.31897 -1005.0 3058.2854
v -1257.756592 -1005.0 2972.920166
v -1289.90332 -1005.0 3003.32373
v -1297.789185 -1005.0 3004.365967
v -1305.571533 -1005.0 3005.722412
v -1313.198242 -1005.0 3007.381104
v -1320.706787 -1005.0 3009.345215
v -1328.104248 -1005.0 3011.61499
v -1336.201538 -1005.0 3014.49707
v -1344.178223 -1005.0 3017.760986
v -1352.042725 -1005.0 3021.411621
v -1283.949585 -1005.0 3025.074951
v -1305.793823 -1005.0 3165.178467
v -1367.417725 -1005.0 3054.571533
v -1310.806519 -1005.0 3189.173584
v -1515.03479 -1005.0 3306.30127
v -1508.041992 -1005.0 3300.739014
v -1299.652222 -1005.0 3162.349365
v -1362.298462 -1005.0 3051.101562
v -1302.703369 -1005.0 3186.110352
v -1522.234863 -1005.0 3311.613525
v -1293.668457 -1005.0 3159.159668
v -1356.990112 -1005.0 3047.900635
v -1350.38623 -1005.0 3044.210205
v -1295.466797 -1005.0 3183.008545
v -1529.647339 -1005.0 3316.678711
v -1286.505371 -1005.0 3154.997559
v -1343.683228 -1005.0 3040.837402
v -1232.031128 -1005.0 2958.279053
v -1288.336304 -1005.0 3179.598877
v -1537.298462 -1005.0 3321.511475
v -1279.61145 -1005.0 3150.537354
v -1336.936401 -1005.0 3037.805176
v -1272.985596 -1005.0 3145.778564
v -1330.109985 -1005.0 3035.092529
v -1266.638306 -1005.0 3140.729736
v -1323.198242 -1005.0 3032.694092
v -1260.561279 -1005.0 3135.385742
v -1315.410278 -1005.0 3030.393799
v -1255.317261 -1005.0 3130.318115
v -1307.5 -1005.0 3028.474609
v -1250.281982 -1005.0 3125.000244
v -1299.457397 -1005.0 3026.935547
v -1245.452271 -1005.0 3119.425293
v -1291.756836 -1005.0 3025.834473
v -1240.804443 -1005.0 3113.557861
v -1236.379761 -1005.0 3107.443359
v -1124.958008 -1005.0 2897.339844
v -1357.771118 -1005.0 3024.353271
v -1178.614746 -1005.0 3111.976318
v -1266.012451 -1005.0 3166.554443
v -1259.609863 -1005.0 3162.046143
v -1253.433594 -1005.0 3157.30127
v -1247.477173 -1005.0 3152.316895
v -1241.110107 -1005.0 3146.493408
v -1235.000977 -1005.0 3140.363525
v -1229.144409 -1005.0 3133.919678
v -1225.355835 -1005.0 3129.417725
v -1221.686157 -1005.0 3124.778564
v -1134.611206 -1005.0 2970.950195
v -1202.748657 -1005.0 3009.729736
v -1092.696533 -1005.0 2878.97876
v -1079.51001 -1005.0 2953.258789
v -1087.504028 -1005.0 2954.9104
v -1077.04541 -1005.0 2952.879639
v -1074.562744 -1005.0 2952.655762
v -1070.925293 -1005.0 2952.60498
v -1099.352783 -1005.0 3066.865479
v -1272.67395 -1005.0 3170.84375
v -1067.575806 -1005.0 2952.845459
v -1063.580811 -1005.0 2953.497803
v -1059.693237 -1005.0 2954.533691
v -1056.540161 -1005.0 2955.688965
v -1076.668701 -1005.0 3051.452148
v -1070.325928 -1005.0 3046.944336
v -1064.199707 -1005.0 3042.192139
v -1058.203979 -1005.0 3037.119385
v -1052.431274 -1005.0 3031.794678
v -1046.802124 -1005.0 3026.134766
v -1041.402588 -1005.0 3020.215332
v -1038.944946 -1005.0 3017.11377
v -1036.805542 -1005.0 3013.786377
v -1035.25 -1005.0 3010.810303
v -1033.70459 -1005.0 3007.064697
v -1032.636108 -1005.0 3003.57959
v -1031.931396 -1005.0 3000.296387
v -1031.445923 -1005.0 2996.291016
v -1031.344849 -1005.0 2992.934326
v -1031.52063 -1005.0 2989.580811
v -1032.096558 -1005.0 2985.580811
v -1032.873901 -1005.0 2982.313965
v -1034.157837 -1005.0 2978.495361
v -1035.63562 -1005.0 2975.170166
v -1037.257324 -1005.0 2972.229736
v -460.703644 -1005.0 2597.530762
v -566.386108 -1005.0 2657.678467
v -588.150085 -1005.0 2619.437988
v -462.999908 -1005.0 2548.210449
v -434.273926 -1005.0 2516.198486
v -474.871155 -1005.0 2527.352051
v -428.279266 -1005.0 2509.510498
v -422.060516 -1005.0 2503.031494
v -415.403015 -1005.0 2496.557861
v -448.832367 -1005.0 2618.38916
v -532.750854 -1005.0 2716.7771
v -554.514832 -1005.0 2678.536865
v -408.509644 -1005.0 2490.307861
v -419.182709 -1005.0 2533.010254
v -401.392548 -1005.0 2484.293457
v -394.064423 -1005.0 2478.525391
v -386.538666 -1005.0 2473.013916
v -377.962097 -1005.0 2467.203857
v -627.832764 -1005.0 2614.407959
v -369.178619 -1005.0 2461.735596
v -818.339478 -1005.0 2722.832275
v -844.06488 -1005.0 2737.473389
v -700.141785 -1005.0 2655.561768
v -674.416382 -1005.0 2640.92041
v -407.600647 -1005.0 2645.549805
v -384.890747 -1005.0 2582.663086
v -384.091919 -1005.0 2579.381836
v -382.941376 -1005.0 2575.99707
v -385.461914 -1005.0 2586.573975
v -381.309479 -1005.0 2572.375488
v -385.637268 -1005.0 2590.135742
v -379.641876 -1005.0 2569.439209
v -385.503723 -1005.0 2593.510498
v -377.427246 -1005.0 2566.265137
v -384.978119 -1005.0 2597.436035
v -374.904205 -1005.0 2563.328369
v -413.261353 -1005.0 2526.280518
v -407.117371 -1005.0 2519.789307
v -384.219452 -1005.0 2600.727051
v -383.179565 -1005.0 2603.940186
v -367.734436 -1005.0 2555.930664
v -400.769501 -1005.0 2513.554199
v -381.613251 -1005.0 2607.578613
v -379.993835 -1005.0 2610.54248
v -360.403748 -1005.0 2548.711182
v -393.76001 -1005.0 2507.169434
v -377.784241 -1005.0 2613.815674
v -375.514954 -1005.0 2616.568115
v -373.144226 -1005.0 2618.973389
v -350.694885 -1005.0 2539.647217
v -386.186768 -1005.0 2500.801514
v -381.938416 -1005.0 2497.449707
v -377.608673 -1005.0 2494.184814
v -370.117981 -1005.0 2621.51709
v -367.179657 -1005.0 2623.54126
v -395.729401 -1005.0 2666.408203
v -342.028625 -1005.0 2532.001709
v -361.401062 -1005.0 2482.251709
v -364.239502 -1005.0 2625.203369
v -349.136383 -1005.0 2582.080322
v -348.893677 -1005.0 2579.597412
v -348.252075 -1005.0 2576.914307
v -332.837372 -1005.0 2524.318848
v -355.80896 -1005.0 2478.361084
v -360.627533 -1005.0 2626.820312
v -349.026855 -1005.0 2584.84375
v -344.734833 -1005.0 2570.458252
v -347.225769 -1005.0 2574.332031
v -346.098877 -1005.0 2572.319092
v -348.587799 -1005.0 2587.300781
v -357.249268 -1005.0 2627.958496
v -346.507904 -1005.0 2592.417236
v -347.733765 -1005.0 2589.932129
v -323.429077 -1005.0 2516.876465
v -350.084595 -1005.0 2474.775391
v -344.278015 -1005.0 2471.520508
v -353.965729 -1005.0 2628.748047
v -343.258026 -1005.0 2596.539551
v -345.110321 -1005.0 2594.480469
v -350.044769 -1005.0 2629.310547
v -300.563049 -1005.0 2457.906494
v -305.739288 -1005.0 2458.096436
v -303.158081 -1005.0 2457.80835
v -346.671478 -1005.0 2629.478027
v -309.69278 -1005.0 2506.241455
v -338.356293 -1005.0 2468.572266
v -332.31308 -1005.0 2465.925537
v -343.296448 -1005.0 2629.355713
v -293.559235 -1005.0 2460.244385
v -298.206329 -1005.0 2458.332764
v -295.936157 -1005.0 2459.072021
v -339.865631 -1005.0 2628.928955
v -331.625427 -1005.0 2601.829102
v -334.094025 -1005.0 2601.450195
v -336.74231 -1005.0 2600.6604
v -339.012512 -1005.0 2599.628174
v -341.352844 -1005.0 2598.147949
v -304.106018 -1005.0 2501.689697
v -325.447632 -1005.0 2463.333496
v -291.387177 -1005.0 2461.759277
v -336.485901 -1005.0 2628.19458
v -298.764618 -1005.0 2496.877441
v -318.413544 -1005.0 2461.105713
v -287.987671 -1005.0 2465.456543
v -289.642212 -1005.0 2463.391357
v -293.897156 -1005.0 2492.043701
v -312.13736 -1005.0 2459.460693
v -323.55246 -1005.0 2600.807373
v -326.161987 -1005.0 2601.528809
v -328.847076 -1005.0 2601.871582
v -340.49765 -1005.0 2565.5979
v -289.252991 -1005.0 2486.973145
v -285.189453 -1005.0 2472.280518
v -286.775513 -1005.0 2467.51416
v -285.769867 -1005.0 2469.967041
v -326.882446 -1005.0 2625.487793
v -287.331451 -1005.0 2484.306885
v -288.228577 -1005.0 2485.685547
v -286.263763 -1005.0 2482.162842
v -284.926697 -1005.0 2474.654785
v -285.014221 -1005.0 2477.300781
v -285.432892 -1005.0 2479.651611
v -317.43161 -1005.0 2598.556641
v -336.032379 -1005.0 2560.969971
v -311.377686 -1005.0 2596.133789
v -331.111389 -1005.0 2556.372803
v -317.396118 -1005.0 2622.402832
v -303.416931 -1005.0 2592.640381
v -325.940247 -1005.0 2552.030518
v -307.951019 -1005.0 2618.912842
v -295.570526 -1005.0 2588.842041
v -298.615814 -1005.0 2615.037842
v -287.85434 -1005.0 2584.745605
v -289.411469 -1005.0 2610.784668
v -280.284271 -1005.0 2580.359375
v -294.155853 -1005.0 2526.751221
v -272.875977 -1005.0 2575.691895
v -264.852936 -1005.0 2570.187988
v -257.069122 -1005.0 2564.364014
v -287.962891 -1005.0 2521.611572
v -249.543854 -1005.0 2558.235107
v -282.007874 -1005.0 2516.24707
v -242.295242 -1005.0 2551.817627
v -276.313782 -1005.0 2510.681152
v -235.340118 -1005.0 2545.128662
v -270.860046 -1005.0 2504.897461
v -228.724213 -1005.0 2538.218018
v -265.076599 -1005.0 2498.209961
v -222.399216 -1005.0 2531.03833
v -260.445435 -1005.0 2492.382812
v -256.019348 -1005.0 2486.362305
v -254.082108 -1005.0 2483.29126
v -252.485397 -1005.0 2480.03125
v -251.470154 -1005.0 2477.34082
v -250.493393 -1005.0 2473.749756
v -250.006683 -1005.0 2470.915771
v -249.759262 -1005.0 2468.051025
v -249.794998 -1005.0 2464.344727
v -250.097214 -1005.0 2461.485107
v -207.308472 -1005.0 2547.849609
v -250.836334 -1005.0 2457.858398
v -251.834381 -1005.0 2454.668945
v -268.734192 -1005.0 2435.763184
v -271.357544 -1005.0 2434.585693
v -274.868805 -1005.0 2433.398193
v -277.66803 -1005.0 2432.739746
v -280.512146 -1005.0 2432.315918
v -283.559448 -1005.0 2432.128906
v -286.612213 -1005.0 2432.218018
v -293.409607 -1005.0 2432.881104
v -300.128387 -1005.0 2433.863525
v -306.730408 -1005.0 2435.156494
v -313.247192 -1005.0 2436.762939
v -320.397125 -1005.0 2438.916748
v -326.440857 -1005.0 2441.068848
v -332.414459 -1005.0 2443.505615
v -341.824341 -1005.0 2447.506592
v -351.071014 -1005.0 2451.869141
v -360.208191 -1005.0 2456.620605
v 933.595337 -1005.0 1757.855469
v 932.242798 -1005.0 1762.421875
v 931.110718 -1005.0 1767.580322
v 935.257629 -1005.0 1753.385742
v 930.368958 -1005.0 1772.822632
v 937.452759 -1005.0 1748.570557
v 930.041748 -1005.0 1777.574463
v -265.823242 -1005.0 2437.400879
v 939.998352 -1005.0 1743.946655
v 930.039551 -1005.0 1782.323853
v -262.79953 -1005.0 2439.536133
v 942.590454 -1005.0 1739.948608
v 930.416382 -1005.0 1787.594604
v -260.619873 -1005.0 2441.411865
v 945.450256 -1005.0 1736.133545
v 931.19165 -1005.0 1792.843872
v 948.915894 -1005.0 1732.141357
v 932.226379 -1005.0 1797.512451
v -258.051788 -1005.0 2444.089111
v 952.283386 -1005.0 1728.783081
v 933.573608 -1005.0 1802.09375
v -256.268616 -1005.0 2446.344971
v 955.880249 -1005.0 1725.654663
v 935.223999 -1005.0 1806.556152
v -254.680511 -1005.0 2448.742188
v 960.114807 -1005.0 1722.474731
v 937.059998 -1005.0 1810.654175
v 964.563354 -1005.0 1719.631714
v 939.162964 -1005.0 1814.623779
v -252.937637 -1005.0 2452.013672
v 968.749146 -1005.0 1717.362793
v 943.565735 -1005.0 1662.741699
v 941.878418 -1005.0 1819.026367
v 973.08606 -1005.0 1715.381104
v 949.952698 -1005.0 1659.762573
v 956.588318 -1005.0 1657.105591
v 944.918152 -1005.0 1823.208862
v 978.044434 -1005.0 1713.532104
v 963.397583 -1005.0 1654.808472
v 948.325378 -1005.0 1827.223145
v 983.115845 -1005.0 1712.06604
v 970.351562 -1005.0 1652.883789
v 952.046204 -1005.0 1830.991089
v 987.776855 -1005.0 1711.075317
v 977.419312 -1005.0 1651.342041
v 983.85083 -1005.0 1650.288696
v 956.051453 -1005.0 1834.479004
v 992.497131 -1005.0 1710.403442
v 990.32373 -1005.0 1649.556885
v 959.871521 -1005.0 1837.352539
v 997.770325 -1005.0 1710.035034
v 996.813721 -1005.0 1649.149414
v 963.868103 -1005.0 1839.953125
v 1002.526001 -1005.0 1710.045044
v 1003.296753 -1005.0 1649.067383
v 1010.472839 -1005.0 1649.356323
v 968.483398 -1005.0 1842.503052
v 1007.281494 -1005.0 1710.379883
v 1017.644409 -1005.0 1650.044556
v 973.290344 -1005.0 1844.702881
v 1012.524597 -1005.0 1711.129761
v 1024.778198 -1005.0 1651.130615
v 1017.681274 -1005.0 1712.269287
v 1031.138428 -1005.0 1652.444702
v 1037.416504 -1005.0 1654.072754
v 1022.244812 -1005.0 1713.62793
v 1044.277832 -1005.0 1656.244263
v 1026.709717 -1005.0 1715.295654
v 1051.025269 -1005.0 1658.798584
v 1056.974243 -1005.0 1661.416138
v 1031.516602 -1005.0 1717.495483
v 1062.782471 -1005.0 1664.325562
v 1036.131836 -1005.0 1720.045532
v 1068.428101 -1005.0 1667.516235
v 1074.494995 -1005.0 1671.380981
v 1040.12854 -1005.0 1722.646118
v 1080.354004 -1005.0 1675.586914
v 1043.948608 -1005.0 1725.519653
v 1085.426514 -1005.0 1679.648682
v 1047.953857 -1005.0 1729.007568
v 1090.288452 -1005.0 1683.956909
v 1094.921387 -1005.0 1688.495361
v 1051.674683 -1005.0 1732.775513
v 1099.787231 -1005.0 1693.793457
v 1055.081787 -1005.0 1736.789795
v 1104.36438 -1005.0 1699.367554
v 1108.218628 -1005.0 1704.599731
v 1058.121582 -1005.0 1740.97229
v 1111.805908 -1005.0 1710.015625
v 1060.837036 -1005.0 1745.374756
v 1065.958008 -1005.0 1892.040283
v 977.755188 -1005.0 1846.370605
v 982.318726 -1005.0 1847.72937
v 987.475403 -1005.0 1848.868896
v 992.718506 -1005.0 1849.618652
v 997.473999 -1005.0 1849.953491
v 1002.229675 -1005.0 1849.963623
v 1007.502869 -1005.0 1849.595215
v 1012.223145 -1005.0 1848.923218
v 1016.884155 -1005.0 1847.932495
v 1021.955566 -1005.0 1846.466553
v 1026.91394 -1005.0 1844.617554
v 1031.250854 -1005.0 1842.635864
v 1035.436646 -1005.0 1840.366821
v -240.478897 -1005.0 2579.803711
v -233.454498 -1005.0 2573.956787
v -226.659012 -1005.0 2567.878418
v -220.104233 -1005.0 2561.580078
v -213.578781 -1005.0 2554.835205
v 1115.112549 -1005.0 1715.595093
v 1062.940063 -1005.0 1749.344482
v 1071.471191 -1005.0 1888.735229
v 1039.885254 -1005.0 1837.523804
v 1118.44812 -1005.0 1721.967773
v 1076.806641 -1005.0 1885.154785
v 1044.119751 -1005.0 1834.343994
v 1121.433838 -1005.0 1728.532837
v 1064.776001 -1005.0 1753.442505
v 1081.981689 -1005.0 1881.28894
v 1123.809204 -1005.0 1734.581665
v 1066.426392 -1005.0 1757.904785
v 1086.97583 -1005.0 1877.151611
v 1047.716553 -1005.0 1831.215576
v 1125.879395 -1005.0 1740.73938
v 1067.773682 -1005.0 1762.486084
v 1091.770508 -1005.0 1872.75708
v 1051.084106 -1005.0 1827.8573
v 1127.636475 -1005.0 1746.983032
v 1096.347656 -1005.0 1868.121338
v 1054.549805 -1005.0 1823.865112
v 1129.216797 -1005.0 1753.999756
v 1068.80835 -1005.0 1767.154785
v 1100.69043 -1005.0 1863.261963
v 1130.409302 -1005.0 1761.112427
v 1069.583618 -1005.0 1772.404053
v 1105.220703 -1005.0 1857.623535
v 1057.409546 -1005.0 1820.050049
v 1131.145386 -1005.0 1767.568848
v 1109.421631 -1005.0 1851.759155
v 1060.001709 -1005.0 1816.052002
v 1131.558472 -1005.0 1774.052002
v 1069.960449 -1005.0 1777.674805
v 1113.275757 -1005.0 1845.696655
v 1062.547241 -1005.0 1811.428101
v 1131.646851 -1005.0 1780.537354
v 1069.958252 -1005.0 1782.424072
v 1116.457153 -1005.0 1840.054199
v 1131.365234 -1005.0 1787.723022
v 1069.631104 -1005.0 1787.175903
v 1119.358154 -1005.0 1834.247925
v 1064.742432 -1005.0 1806.612915
v 1130.684204 -1005.0 1794.902466
v 1121.967773 -1005.0 1828.299316
v 1066.404663 -1005.0 1802.143066
v 1129.605591 -1005.0 1802.042236
v 1068.889282 -1005.0 1792.418213
v 1124.513672 -1005.0 1821.55127
v 1128.29834 -1005.0 1808.406616
v 1067.757202 -1005.0 1797.576782
v 1126.677124 -1005.0 1814.687866
v -1775.580322 -1005.0 3457.230225
v -1283.915283 -1005.0 3177.299316
v -1279.552002 -1005.0 3174.883057
v -764.923096 -1005.0 2876.529541
v -736.087036 -1005.0 2860.11792
v -621.0 -1005.0 2794.617676
v -595.274597 -1005.0 2779.976562
v -548.690979 -1005.0 2753.464111
v -280.359253 -1005.0 2606.162109
v -271.480408 -1005.0 2601.179199
v -262.795929 -1005.0 2595.846924
v -255.1633 -1005.0 2590.759277
v -247.719604 -1005.0 2585.408203
v -4638.866699 -1005.0 4988.104004
v -4794.275391 -1005.0 5032.928711
v -4755.880371 -1005.0 5042.48291
v -4762.922852 -1005.0 5104.913086
v -4801.193848 -1005.0 5095.390137
v -4190.991211 -1005.0 4748.984863
v -4074.631104 -1005.0 4678.103516
v -4637.811523 -1005.0 4988.60498
v -3794.185791 -1005.0 4494.835449
v -3832.561768 -1005.0 4485.725586
v -3718.34082 -1005.0 4479.127441
v -3679.827881 -1005.0 4488.27002
v -2517.453125 -1005.0 3768.201172
v -2444.895996 -1005.0 3785.425537
v -2483.346191 -1005.0 3776.297852
v -1904.041016 -1005.0 3463.896484
v -1904.866943 -1005.0 3460.789062
v -1905.378052 -1005.0 3457.601318
v -1052.88855 -1005.0 2957.416748
v -1049.995483 -1005.0 2959.12207
v -1047.252808 -1005.0 2961.059814
v -1044.178833 -1005.0 2963.678223
v -1041.830322 -1005.0 2966.078369
v -1039.517578 -1005.0 2968.888184
v -1103.225464 -1005.0 2959.266357
v -1095.40918 -1005.0 2956.913086
v -682.261902 -1005.0 2686.977539
v -755.421753 -1005.0 2833.381836
v -3560.599609 -1005.0 4330.942383
v -3517.75293 -1005.0 4306.556641
v -3449.665771 -1005.0 4357.276855
v -3408.279541 -1005.0 4333.722168
v -3287.560059 -1005.0 4175.54541
v -3244.713379 -1005.0 4151.160156
v -3176.626221 -1005.0 4201.879883
v -3135.239746 -1005.0 4178.325684
v -3016.400879 -1005.0 4021.218994
v -2973.554199 -1005.0 3996.833496
v -2905.466797 -1005.0 4047.553711
v -2864.080566 -1005.0 4023.999268
v -1190.877441 -1005.0 3030.588135
v -1164.76062 -1005.0 3076.476562
v -1137.34082 -1005.0 3000.118408
v -1122.54126 -1005.0 2993.018311
v -1118.485962 -1005.0 2991.151855
v -1114.386963 -1005.0 2989.416748
v -1107.328125 -1005.0 2986.773193
v -1101.611572 -1005.0 2984.937988
v -1095.03418 -1005.0 2983.14917
v -1088.353882 -1005.0 2981.67041
v -1086.965454 -1005.0 2981.448486
v -1085.564819 -1005.0 2981.331055
v -1083.064453 -1005.0 2981.37793
v -1080.325195 -1005.0 2981.807373
v -1077.94104 -1005.0 2982.524902
v -1111.224121 -1005.0 3046.00708
v -1097.56189 -1005.0 3036.908447
v -1075.423706 -1005.0 2983.678223
v -1073.319214 -1005.0 2985.017822
v -1071.210571 -1005.0 2986.807617
v -1091.960571 -1005.0 3032.979248
v -1086.57312 -1005.0 3028.803467
v -1081.998535 -1005.0 3024.915039
v -1069.547119 -1005.0 2988.66748
v -1076.494629 -1005.0 3019.765137
v -1068.003784 -1005.0 2990.958496
v -1073.375122 -1005.0 3016.590088
v -1070.346558 -1005.0 3013.310059
v -1068.684692 -1005.0 3011.166992
v -1066.905518 -1005.0 2993.199463
v -1067.344849 -1005.0 3008.80957
v -1066.039307 -1005.0 2995.825195
v -1066.328369 -1005.0 3006.223389
v -1065.741943 -1005.0 3003.79834
v -1065.558716 -1005.0 2998.554932
v -1065.466064 -1005.0 3001.045166
v -4963.723633 1005.0 5246.564941
v -4962.677246 1005.0 5247.339844
v -4961.477051 1005.0 5247.844238
v -4965.128906 1005.0 5244.394531
v -4960.191406 1005.0 5248.050293
v -4964.557129 1005.0 5245.564453
v -4965.407227 1005.0 5242.072266
v -4965.394043 1005.0 5243.248535
v -4954.861328 1005.0 5247.961426
v -4951.661621 1005.0 5247.378906
v -4957.523926 1005.0 5248.142578
v -4948.615234 1005.0 5246.429688
v -4945.70752 1005.0 5245.116699
v -4947.177734 1005.0 5182.500488
v -4934.268555 1005.0 5151.913086
v -4933.184082 1005.0 5152.506836
v -4931.98584 1005.0 5152.813477
v -4936.224609 1005.0 5148.852051
v -4930.749023 1005.0 5152.812988
v -4935.172363 1005.0 5151.068848
v -4935.837891 1005.0 5150.026855
v -4870.151855 1005.0 5166.352539
v -4934.782227 1005.0 5163.152344
v -4938.666504 1005.0 5167.519531
v -4930.676758 1005.0 5159.024902
v -4926.367676 1005.0 5155.15332
v -4922.835938 1005.0 5152.28418
v -4945.712402 1005.0 5178.797852
v -4943.960938 1005.0 5175.258301
v -4941.69873 1005.0 5171.545898
v -4940.240234 1005.0 5169.5
v -4936.30957 1005.0 5147.647461
v -4936.12207 1005.0 5146.451172
v -4926.810059 1005.0 5152.011719
v -4922.949707 1005.0 5150.927734
v -4919.168945 1005.0 5149.562012
v -4858.364258 1005.0 5128.632324
v -4754.013672 1005.0 5136.016602
v -4916.230469 1005.0 5081.366699
v -4847.908203 1005.0 5095.173828
v -4913.981934 1005.0 5077.280273
v -4911.470215 1005.0 5073.391113
v -4909.164062 1005.0 5070.286133
v -4905.873535 1005.0 5066.439453
v -4902.268555 1005.0 5062.830078
v -4899.567871 1005.0 5059.839355
v -4896.646484 1005.0 5057.089844
v -4894.56543 1005.0 5055.382324
v -4892.384766 1005.0 5053.782715
v -4836.124023 1005.0 5057.466309
v -4694.169922 1005.0 4940.97168
v -4706.747559 1005.0 4983.833496
v -4740.419922 1005.0 5092.517578
v -4777.070312 1005.0 5082.365234
v -4766.614258 1005.0 5048.90625
v -5061.115723 1005.0 5379.177246
v -5189.721191 1005.0 5153.211426
v -4681.924316 1005.0 5038.853027
v -4666.20166 1005.0 4994.092285
v -4542.67334 1005.0 5010.228027
v -4541.173828 1005.0 5010.510254
v -4544.078125 1005.0 5009.568848
v -4539.650879 1005.0 5010.411621
v -4545.273438 1005.0 5008.57373
v -4537.474121 1005.0 5010.155273
v -4535.337402 1005.0 5009.744629
v -4532.339355 1005.0 5008.885254
v -4529.425293 1005.0 5007.707031
v -4584.5 1005.0 4983.405273
v -4546.178223 1005.0 5007.309082
v -4546.734375 1005.0 5005.855957
v -4546.90625 1005.0 5004.411621
v -4546.730957 1005.0 5002.967773
v -4571.22998 1005.0 4940.040039
v -4360.777344 1005.0 4911.723633
v -4500.253906 1005.0 4851.085449
v -4498.591309 1005.0 4846.287598
v -4496.563965 1005.0 4841.634277
v -4494.303223 1005.0 4837.345703
v -4491.546387 1005.0 4832.945801
v -4488.452637 1005.0 4828.759766
v -4485.289551 1005.0 4825.085938
v -4482.002441 1005.0 4821.773438
v -4478.728516 1005.0 4818.894043
v -4475.269043 1005.0 4816.237793
v -4271.51416 1005.0 4855.901855
v -4329.987305 1005.0 4879.58252
v -4331.684082 1005.0 4883.280762
v -4333.555176 1005.0 4886.626465
v -4270.014648 1005.0 4856.184082
v -4336.040039 1005.0 4890.306641
v -4272.918945 1005.0 4855.242188
v -4328.576172 1005.0 4875.713379
v -4268.491699 1005.0 4856.084961
v -4338.124023 1005.0 4892.925781
v -4274.114258 1005.0 4854.24707
v -4266.314453 1005.0 4855.828613
v -4340.400391 1005.0 4895.430176
v -4275.019043 1005.0 4852.98291
v -4264.178223 1005.0 4855.418457
v -4344.637207 1005.0 4899.537109
v -4275.575195 1005.0 4851.529785
v -4261.180176 1005.0 4854.558594
v -4349.078125 1005.0 4903.38916
v -4354.231934 1005.0 4907.356445
v -4275.746582 1005.0 4850.084961
v -4275.571289 1005.0 4848.641113
v -4258.266113 1005.0 4853.380859
v -4357.458984 1005.0 4909.59668
v -4286.036621 1005.0 4713.708984
v -4289.545898 1005.0 4713.64209
v -4287.356934 1005.0 4713.728516
v -4089.618164 1005.0 4757.396973
v -4229.094727 1005.0 4696.758789
v -4283.561523 1005.0 4714.577637
v -4282.542969 1005.0 4715.417969
v -4281.747559 1005.0 4716.472168
v -4281.21875 1005.0 4717.682129
v -4280.986328 1005.0 4718.981934
v -4281.015625 1005.0 4719.98584
v -4281.223145 1005.0 4720.968262
v -4227.432129 1005.0 4691.960938
v -4284.748047 1005.0 4713.997559
v -4225.404785 1005.0 4687.307617
v -4223.143555 1005.0 4683.019531
v -4220.387207 1005.0 4678.619629
v -4217.292969 1005.0 4674.433594
v -4291.731445 1005.0 4713.780273
v -4214.130371 1005.0 4670.759766
v -4294.630371 1005.0 4714.313477
v -4210.843262 1005.0 4667.447266
v -4207.568848 1005.0 4664.567871
v -4297.371582 1005.0 4715.210449
v -4204.109863 1005.0 4661.911621
v -4299.967773 1005.0 4716.467773
v -3998.474365 1005.0 4700.504883
v -4058.828125 1005.0 4725.256348
v -4060.524902 1005.0 4728.954102
v -3996.974854 1005.0 4700.787109
v -4062.395996 1005.0 4732.299805
v -4064.880859 1005.0 4735.97998
v -3999.879395 1005.0 4699.845703
v -4057.416748 1005.0 4721.387207
v -3995.452148 1005.0 4700.688477
v -4066.964844 1005.0 4738.599609
v -4001.074463 1005.0 4698.850586
v -3993.274902 1005.0 4700.432129
v -4069.240967 1005.0 4741.103516
v -4001.979492 1005.0 4697.586426
v -3991.138672 1005.0 4700.021484
v -4073.478027 1005.0 4745.210938
v -4002.5354 1005.0 4696.133301
v -3988.140381 1005.0 4699.162109
v -4077.918701 1005.0 4749.062988
v -4083.07251 1005.0 4753.029785
v -4002.707275 1005.0 4694.688477
v -4002.531982 1005.0 4693.244629
v -3985.226562 1005.0 4697.983887
v -4086.300049 1005.0 4755.27002
v -4014.877441 1005.0 4559.382812
v -4018.386475 1005.0 4559.31543
v -4016.197754 1005.0 4559.401855
v -3816.578613 1005.0 4602.000488
v -3956.055176 1005.0 4541.362305
v -4012.402344 1005.0 4560.251465
v -4011.383545 1005.0 4561.091309
v -4010.588135 1005.0 4562.145508
v -4010.05957 1005.0 4563.355469
v -4009.827393 1005.0 4564.655762
v -4009.856201 1005.0 4565.65918
v -4010.063721 1005.0 4566.641602
v -3954.392334 1005.0 4536.564453
v -4013.588623 1005.0 4559.670898
v -3952.365234 1005.0 4531.911133
v -3950.104248 1005.0 4527.623047
v -3947.347412 1005.0 4523.222656
v -3944.253418 1005.0 4519.037109
v -4020.572021 1005.0 4559.454102
v -3941.090576 1005.0 4515.362793
v -4023.471191 1005.0 4559.987305
v -3937.803467 1005.0 4512.050293
v -3934.529297 1005.0 4509.170898
v -4026.212402 1005.0 4560.884277
v -3931.070068 1005.0 4506.514648
v -4028.808594 1005.0 4562.141113
v -3725.965576 1005.0 4545.367676
v -3785.788574 1005.0 4569.859375
v -3787.485352 1005.0 4573.557617
v -3724.672119 1005.0 4545.652344
v -3789.356445 1005.0 4576.90332
v -3791.841309 1005.0 4580.583496
v -3727.157959 1005.0 4544.791016
v -3784.377197 1005.0 4565.990723
v -3728.184082 1005.0 4543.954102
v -3721.541992 1005.0 4545.506348
v -3793.925293 1005.0 4583.202637
v -3796.201416 1005.0 4585.707031
v -3728.988281 1005.0 4542.901855
v -3718.446045 1005.0 4545.026855
v -3800.438232 1005.0 4589.813965
v -3729.526855 1005.0 4541.691895
v -3729.77002 1005.0 4540.390137
v -3715.121338 1005.0 4544.125977
v -3804.87915 1005.0 4593.666504
v -3810.032715 1005.0 4597.633301
v -3729.747803 1005.0 4539.368164
v -3729.541992 1005.0 4538.367188
v -3711.980225 1005.0 4542.87207
v -3813.260254 1005.0 4599.873535
v -3709.00415 1005.0 4541.26416
v -3737.02417 1005.0 4411.245117
v -3706.583252 1005.0 4462.190918
v -3704.976807 1005.0 4457.876953
v -3703.01123 1005.0 4453.716309
v -3700.796143 1005.0 4449.876465
v -3698.106201 1005.0 4445.987793
v -3695.089355 1005.0 4442.328125
v -3691.999512 1005.0 4439.148438
v -3741.837646 1005.0 4403.98584
v -3745.34668 1005.0 4403.918945
v -3743.158203 1005.0 4404.005371
v -3689.372559 1005.0 4404.858398
v -3739.362793 1005.0 4404.854492
v -3738.343994 1005.0 4405.694824
v -3737.548584 1005.0 4406.749023
v -3737.02002 1005.0 4407.958984
v -3736.787598 1005.0 4409.258789
v -3736.81665 1005.0 4410.262695
v -3688.809814 1005.0 4436.34082
v -3685.571777 1005.0 4433.897949
v -3682.157715 1005.0 4431.703613
v -3518.496338 1005.0 4432.839355
v -3675.72583 1005.0 4361.188965
v -3755.769043 1005.0 4406.744629
v -3753.172852 1005.0 4405.487305
v -3750.431641 1005.0 4404.590332
v -3747.532471 1005.0 4404.057129
v -3740.549072 1005.0 4404.274414
v -3504.418213 1005.0 4357.135254
v -3507.952637 1005.0 4360.015137
v -3504.903076 1005.0 4389.341309
v -3501.123291 1005.0 4353.98584
v -3498.454346 1005.0 4351.032715
v -3495.756348 1005.0 4347.585449
v -3387.627441 1005.0 4358.984375
v -3489.114014 1005.0 4335.756348
v -3491.123779 1005.0 4340.066406
v -3493.070557 1005.0 4343.538574
v -3487.465332 1005.0 4331.294434
v -3462.87915 1005.0 4250.996582
v -3266.340576 1005.0 4289.955566
v -3422.807373 1005.0 4217.244141
v -3470.733398 1005.0 4244.520508
v -3469.289551 1005.0 4244.149902
v -3467.798828 1005.0 4244.15918
v -3466.359619 1005.0 4244.547852
v -3465.067139 1005.0 4245.290039
v -3464.006104 1005.0 4246.337402
v -3463.24707 1005.0 4247.620117
v -3462.840088 1005.0 4249.054199
v -3462.777344 1005.0 4250.026855
v -3149.1604 1005.0 4223.26416
v -3206.394531 1005.0 4221.850586
v -3037.881104 1005.0 4159.931152
v -3115.945801 1005.0 4042.598145
v -3310.284912 1005.0 4153.203613
v -3215.364014 1005.0 4155.547852
v -3052.19873 1005.0 4042.027588
v -3037.71875 1005.0 4159.838867
v -2989.747559 1005.0 4096.362793
v -2867.911133 1005.0 4027.02124
v -2745.60376 1005.0 3993.585693
v -2771.480957 1005.0 3987.805908
v -2772.874268 1005.0 3991.828857
v -2774.554932 1005.0 3995.68335
v -2776.518555 1005.0 3999.361816
v -2779.004639 1005.0 4003.208252
v -2781.430908 1005.0 4006.369141
v -2784.114502 1005.0 4009.378906
v -2788.970703 1005.0 4014.17627
v -2794.036865 1005.0 4018.724365
v -2799.896484 1005.0 4023.474121
v -2803.132324 1005.0 4025.88623
v -2806.441895 1005.0 4028.210938
v -2732.481445 1005.0 3949.943604
v -2835.307617 1005.0 3918.587158
v -2712.41626 1005.0 3900.364746
v -2711.161865 1005.0 3900.709961
v -2709.859619 1005.0 3900.769775
v -2713.554443 1005.0 3899.734131
v -2714.511719 1005.0 3898.853027
v -2706.491943 1005.0 3900.367188
v -2715.234619 1005.0 3897.771484
v -2715.682129 1005.0 3896.549805
v -2703.200439 1005.0 3899.724609
v -2698.991943 1005.0 3898.546875
v -2695.436035 1005.0 3897.214844
v -2691.809082 1005.0 3895.508789
v -2688.288818 1005.0 3893.487305
v -2692.804443 1005.0 3817.983887
v -2728.775146 1005.0 3829.395996
v -2727.534668 1005.0 3830.234863
v -2726.548096 1005.0 3831.361816
v -2725.880859 1005.0 3832.702393
v -2725.576416 1005.0 3834.168945
v -2725.655029 1005.0 3835.664307
v -2725.884277 1005.0 3836.533936
v -2726.244873 1005.0 3837.35791
v -2691.037354 1005.0 3814.23877
v -2688.999756 1005.0 3810.685303
v -2686.95166 1005.0 3807.674561
v -2734.327393 1005.0 3829.223389
v -2731.547607 1005.0 3829.186768
v -2684.136475 1005.0 3804.18042
v -2682.221191 1005.0 3802.124268
v -2737.534424 1005.0 3829.569092
v -2680.179688 1005.0 3800.157471
v -2675.771973 1005.0 3795.797607
v -2741.031738 1005.0 3830.326904
v -2671.163086 1005.0 3791.696045
v -2744.35498 1005.0 3831.443359
v -2666.800293 1005.0 3788.192871
v -2661.269287 1005.0 3784.21875
v -2747.534424 1005.0 3832.922119
v -2657.539551 1005.0 3781.803223
v -2653.706055 1005.0 3779.520996
v -2417.2854 1005.0 3680.725586
v -2458.144531 1005.0 3735.38623
v -2454.875244 1005.0 3733.591553
v -2451.436279 1005.0 3732.14917
v -2447.801758 1005.0 3731.054199
v -2444.445312 1005.0 3730.399414
v -2441.765869 1005.0 3730.11084
v -2439.071777 1005.0 3730.026855
v -2437.80542 1005.0 3730.208008
v -2436.619629 1005.0 3730.6875
v -2435.583008 1005.0 3731.437256
v -2434.756836 1005.0 3732.413574
v -2434.37915 1005.0 3733.090088
v -2434.105225 1005.0 3733.814941
v -2434.020752 1005.0 3735.555664
v -2181.987549 1005.0 3671.710205
v -2434.251221 1005.0 3737.283447
v -2434.789551 1005.0 3738.941162
v -2455.394043 1005.0 3807.46875
v -2456.4646 1005.0 3811.162598
v -2457.82959 1005.0 3814.69751
v -2459.445068 1005.0 3817.992432
v -2461.588135 1005.0 3821.504639
v -2463.598145 1005.0 3824.230225
v -2465.842285 1005.0 3826.829346
v -2172.779541 1005.0 3669.886475
v -2470.835449 1005.0 3831.905029
v -2163.647949 1005.0 3667.720459
v -2476.038574 1005.0 3836.731201
v -2154.885498 1005.0 3665.30127
v -2480.627441 1005.0 3840.637695
v -2146.189209 1005.0 3662.562744
v -2486.832031 1005.0 3845.455811
v -2188.735107 1005.0 3650.150635
v -2404.313477 1005.0 3637.582764
v -2137.574951 1005.0 3659.509033
v -2490.13623 1005.0 3847.823486
v -2129.058838 1005.0 3656.145752
v -2493.509277 1005.0 3850.109863
v -2120.656738 1005.0 3652.478516
v -2112.384766 1005.0 3648.51416
v -2103.365479 1005.0 3643.770508
v -2223.643555 1005.0 3596.740234
v -2220.057373 1005.0 3597.734375
v -2217.225586 1005.0 3598.235352
v -2226.328613 1005.0 3595.711426
v -2228.918213 1005.0 3594.461182
v -2213.607422 1005.0 3598.527344
v -2232.086426 1005.0 3592.537842
v -2209.977783 1005.0 3598.429932
v -2234.390869 1005.0 3590.817627
v -2237.131348 1005.0 3588.330078
v -2202.541016 1005.0 3597.698975
v -2239.364014 1005.0 3585.843262
v -2195.16626 1005.0 3596.692871
v -2179.332275 1005.0 3648.378906
v -2241.08374 1005.0 3583.538818
v -2243.006104 1005.0 3580.369629
v -2186.462891 1005.0 3595.135742
v -2170.012207 1005.0 3646.219727
v -2244.256348 1005.0 3577.780029
v -2178.705078 1005.0 3593.400146
v -2160.709229 1005.0 3643.655762
v -2245.2854 1005.0 3575.094971
v -2246.275879 1005.0 3571.519531
v -2171.011963 1005.0 3591.346924
v -2151.48999 1005.0 3640.700684
v -2246.775391 1005.0 3568.687744
v -2163.358643 1005.0 3588.966309
v -2142.377686 1005.0 3637.360596
v -2247.066895 1005.0 3564.997803
v -2246.988525 1005.0 3561.658447
v -2155.7771 1005.0 3586.266602
v -2133.395264 1005.0 3633.642334
v -2124.565918 1005.0 3629.554932
v -2116.769775 1005.0 3625.569092
v -2246.661133 1005.0 3558.801758
v -2202.96167 1005.0 3568.873535
v -2200.726807 1005.0 3569.714111
v -2198.143311 1005.0 3570.281982
v -2205.281494 1005.0 3567.597412
v -2207.188721 1005.0 3566.158936
v -2192.481201 1005.0 3570.168457
v -2195.754639 1005.0 3570.458984
v -2194.111328 1005.0 3570.391602
v -2245.88916 1005.0 3555.176514
v -2210.476562 1005.0 3562.361328
v -2208.881104 1005.0 3564.47876
v -2245.025879 1005.0 3552.433594
v -2211.626709 1005.0 3560.268555
v -2243.937744 1005.0 3549.771729
v -2073.474609 1005.0 3594.801514
v -2077.093262 1005.0 3598.810303
v -2075.140381 1005.0 3596.935059
v -2213.06958 1005.0 3555.45752
v -2212.557373 1005.0 3557.79126
v -2242.54248 1005.0 3547.056152
v -2072.092285 1005.0 3592.391113
v -2240.905518 1005.0 3544.475098
v -2070.483887 1005.0 3587.39502
v -2071.157471 1005.0 3590.075195
v -2212.533203 1005.0 3547.844727
v -2213.056885 1005.0 3550.174072
v -2213.262695 1005.0 3552.816406
v -2117.811279 1005.0 3571.848389
v -2109.132812 1005.0 3621.300537
v -2101.67041 1005.0 3616.758301
v -2094.397705 1005.0 3611.95166
v -2070.212158 1005.0 3584.915771
v -2236.862549 1005.0 3538.967773
v -2211.696289 1005.0 3545.60083
v -2070.289795 1005.0 3582.147949
v -2111.437012 1005.0 3569.619873
v -2087.329102 1005.0 3606.891113
v -2070.699707 1005.0 3579.688477
v -2208.889648 1005.0 3541.247314
v -2210.455322 1005.0 3543.31958
v -2232.58667 1005.0 3533.693115
v -2104.971436 1005.0 3567.736572
v -2082.154297 1005.0 3602.92334
v -2072.584473 1005.0 3574.789062
v -2071.52417 1005.0 3577.044434
v -2098.712402 1005.0 3566.260742
v -2204.449219 1005.0 3536.443115
v -2185.75 1005.0 3568.764893
v -2228.103516 1005.0 3528.677246
v -2075.921387 1005.0 3570.387939
v -2074.094971 1005.0 3572.466064
v -2092.369629 1005.0 3565.099854
v -2087.76709 1005.0 3564.936279
v -2090.072998 1005.0 3564.877441
v -2085.022705 1005.0 3565.372803
v -2077.80957 1005.0 3568.755859
v -2080.129639 1005.0 3567.250488
v -2082.388184 1005.0 3566.191162
v -2199.829834 1005.0 3531.887207
v -2179.108398 1005.0 3567.04834
v -2223.394287 1005.0 3523.894531
v -2194.322266 1005.0 3526.977051
v -2172.243164 1005.0 3564.91333
v -2217.890869 1005.0 3518.847412
v -2188.587891 1005.0 3522.397949
v -2165.476562 1005.0 3562.43457
v -2212.955811 1005.0 3514.751709
v -2183.226074 1005.0 3518.553955
v -2207.812012 1005.0 3510.861572
v -1983.832764 1005.0 3570.254639
v -2035.268188 1005.0 3572.908936
v -2035.340576 1005.0 3576.285645
v -2035.7948 1005.0 3580.216797
v -2036.54126 1005.0 3583.702637
v -2037.539062 1005.0 3586.928955
v -2039.057495 1005.0 3590.587402
v -2040.63623 1005.0 3593.573242
v -2042.464722 1005.0 3596.412842
v -2044.584106 1005.0 3599.14502
v -2046.941772 1005.0 3601.67627
v -2054.173096 1005.0 3608.550781
v -2061.669922 1005.0 3615.131592
v -2069.493896 1005.0 3621.469971
v -2077.592773 1005.0 3627.517334
v -2085.949951 1005.0 3633.259033
v -2177.667236 1005.0 3514.968018
v -2149.318115 1005.0 3556.05542
v -2199.566895 1005.0 3504.814453
v -2171.903564 1005.0 3511.637695
v -2165.897217 1005.0 3508.547363
v -2138.114746 1005.0 3551.76709
v -2159.696533 1005.0 3505.726074
v -2126.815674 1005.0 3547.787842
v -1995.703979 1005.0 3549.39624
v -2043.950684 1005.0 3549.143311
v -2041.622314 1005.0 3552.3479
v -2039.901001 1005.0 3555.253662
v -2038.214966 1005.0 3558.824951
v -2037.007324 1005.0 3562.181641
v -2036.14978 1005.0 3565.448242
v -2035.508057 1005.0 3569.349121
v -2141.159912 1005.0 3497.88501
v -2115.81665 1005.0 3544.241211
v -2136.141846 1005.0 3495.829834
v -2131.090576 1005.0 3493.888916
v -2121.748047 1005.0 3490.629395
v -2103.065674 1005.0 3540.522461
v -2112.679199 1005.0 3487.863281
v -2093.115723 1005.0 3537.906738
v -2104.07666 1005.0 3485.5896
v -2083.094727 1005.0 3535.520264
v -2095.358154 1005.0 3483.62207
v -2086.54834 1005.0 3481.967529
v -2079.281494 1005.0 3534.850586
v -2075.421387 1005.0 3534.567139
v -2072.044922 1005.0 3534.632812
v -2068.097656 1005.0 3535.079102
v -2064.599854 1005.0 3535.818115
v -2061.37085 1005.0 3536.806885
v -1998.000244 1005.0 3500.075928
v -2054.564697 1005.0 3539.980957
v -2051.731201 1005.0 3541.819092
v -2048.624512 1005.0 3544.275635
v -2046.182495 1005.0 3546.608398
v -2009.871582 1005.0 3479.217529
v -2057.716553 1005.0 3538.312988
v -2051.103271 1005.0 3452.056885
v -2093.295898 1005.0 3460.407471
v -2062.974609 1005.0 3431.198486
v -2164.177246 1005.0 3483.802734
v -2154.802002 1005.0 3479.395996
v -2146.220215 1005.0 3475.73999
v -2137.518555 1005.0 3472.38501
v -2128.713135 1005.0 3469.337402
v -2119.819336 1005.0 3466.602295
v -2110.853516 1005.0 3464.184082
v -2102.107422 1005.0 3462.145996
v -1870.553833 1005.0 3478.168701
v -1830.871094 1005.0 3483.19873
v -2094.547119 1005.0 3638.681152
v -1892.317749 1005.0 3439.928467
v -1784.287476 1005.0 3456.686279
v -1758.562134 1005.0 3442.045166
v -1925.953003 1005.0 3380.82959
v -1904.189087 1005.0 3419.069824
v -1643.475098 1005.0 3376.544922
v -1614.639038 1005.0 3360.133301
v -1365.14917 1005.0 3195.70166
v -1368.691406 1005.0 3194.840576
v -1472.80188 1005.0 3279.408691
v -1371.874023 1005.0 3193.769775
v -1361.139648 1005.0 3196.285645
v -1375.565552 1005.0 3192.141846
v -1357.786499 1005.0 3196.468018
v -1378.503174 1005.0 3190.514648
v -1353.833008 1005.0 3196.327881
v -1381.296631 1005.0 3188.650879
v -1349.911377 1005.0 3195.798828
v -1384.44165 1005.0 3186.113037
v -1386.853394 1005.0 3183.776367
v -1342.064819 1005.0 3194.179199
v -1389.480957 1005.0 3180.722412
v -1391.585205 1005.0 3177.753906
v -1334.32373 1005.0 3192.229736
v -1393.285278 1005.0 3174.85791
v -1326.797729 1005.0 3189.98584
v -1319.37439 1005.0 3187.421387
v -1312.160034 1005.0 3184.581055
v -1305.04541 1005.0 3181.429443
v -1499.140015 1005.0 3110.300293
v -1638.12085 1005.0 3189.39917
v -1598.460205 1005.0 3211.930908
v -1500.02124 1005.0 3155.905762
v -1280.209351 1005.0 3169.797363
v -1469.205322 1005.0 3093.263184
v -1397.659424 1005.0 3149.832031
v -1397.042603 1005.0 3146.53125
v -1395.947876 1005.0 3142.659668
v -1394.468628 1005.0 3138.891846
v -1445.149048 1005.0 3079.572021
v -1392.964966 1005.0 3135.88916
v -1391.063599 1005.0 3132.787842
v -1389.603271 1005.0 3130.767578
v -1388.018799 1005.0 3128.842041
v -1382.516357 1005.0 3122.8125
v -1162.082275 1005.0 3093.406494
v -1167.944946 1005.0 3094.192627
v -1200.947388 1005.0 3124.686523
v -1156.276978 1005.0 3092.447998
v -1147.74585 1005.0 3090.703369
v -1139.355835 1005.0 3088.581299
v -1131.097412 1005.0 3086.081055
v -1175.345825 1005.0 3072.706787
v -1123.770264 1005.0 3083.505127
v -1116.536621 1005.0 3080.618164
v -1109.390869 1005.0 3077.415527
v -1102.301147 1005.0 3073.878662
v -1506.175293 1005.0 3298.402588
v -1095.315918 1005.0 3070.027832
v -1305.814575 1005.0 3000.271729
v -1412.887573 1005.0 3061.210938
v -1344.669556 1005.0 3090.501953
v -1276.532104 1005.0 3051.722412
v -1221.871704 1005.0 2989.744141
v -1167.829102 1005.0 3072.024902
v -1217.231689 1005.0 2983.419678
v -1160.410889 1005.0 3071.025146
v -1237.532471 1005.0 2973.517578
v -1280.089111 1005.0 2985.630371
v -1212.352661 1005.0 2977.361084
v -1153.151245 1005.0 3069.719727
v -1232.609375 1005.0 2967.269775
v -1206.922241 1005.0 2971.232178
v -1146.00769 1005.0 3068.106201
v -1227.46875 1005.0 2961.271484
v -1201.232666 1005.0 2965.411133
v -1138.972778 1005.0 3066.185303
v -1222.148071 1005.0 2955.561035
v -1195.277954 1005.0 2959.889893
v -1131.274658 1005.0 3063.689453
v -1216.625 1005.0 2950.108398
v -1189.686157 1005.0 2955.172119
v -1123.692505 1005.0 3060.810547
v -1210.895752 1005.0 2944.907471
v -1183.867676 1005.0 2950.688477
v -1116.217407 1005.0 3057.543945
v -1204.282837 1005.0 2939.41748
v -1177.81543 1005.0 2946.436035
v -1108.862061 1005.0 3053.894287
v -1171.492432 1005.0 2942.395264
v -1101.62561 1005.0 3049.861328
v -1197.403076 1005.0 2934.226074
v -1164.947144 1005.0 2938.602051
v -1190.248169 1005.0 2929.328613
v -1159.484253 1005.0 2935.672607
v -1095.827515 1005.0 3046.345459
v -1153.886475 1005.0 2933.043213
v -1090.258789 1005.0 3042.509766
v -1148.19043 1005.0 2930.72583
v -1085.138306 1005.0 3038.537109
v -1142.098633 1005.0 2928.625488
v -1080.534058 1005.0 3034.545166
v -1059.226685 1005.0 2947.942383
v -1055.236572 1005.0 2955.140381
v -1056.97229 1005.0 2951.637207
v -1135.696899 1005.0 2926.824219
v -1076.207031 1005.0 3030.366455
v -1061.822998 1005.0 2944.455078
v -1053.787598 1005.0 2958.798584
v -1129.354858 1005.0 2925.445557
v -1071.935181 1005.0 3025.746094
v -1064.752319 1005.0 2941.191162
v -1052.633301 1005.0 2962.5979
v -1123.223755 1005.0 2924.5
v -1068.008179 1005.0 3020.949463
v -1068.002441 1005.0 2938.170898
v -1051.778931 1005.0 2966.537354
v -1117.042358 1005.0 2923.937988
v -1064.708862 1005.0 3016.391357
v -1061.756714 1005.0 3011.763184
v -1071.581299 1005.0 2935.391846
v -1051.001221 1005.0 2974.817383
v -1051.231934 1005.0 2970.615967
v -1111.022827 1005.0 2923.781494
v -1058.917114 1005.0 3006.616455
v -1075.499268 1005.0 2932.856689
v -1051.094849 1005.0 2979.123779
v -1105.189453 1005.0 2924.019287
v -1056.720703 1005.0 3001.93457
v -1079.744751 1005.0 2930.587158
v -1051.523071 1005.0 2983.544189
v -1099.585327 1005.0 2924.635742
v -1054.885132 1005.0 2997.263184
v -1084.301392 1005.0 2928.606934
v -1052.294189 1005.0 2988.056641
v -1094.248413 1005.0 2925.61084
v -1053.412354 1005.0 2992.633789
v -1089.14563 1005.0 2926.94043
v -905.87738 1005.0 2947.685303
v -1018.295471 1005.0 2952.22876
v -1017.718262 1005.0 2957.222656
v -1017.524353 1005.0 2962.39624
v -1017.726501 1005.0 2967.73584
v -1018.337036 1005.0 2973.22583
v -1019.368713 1005.0 2978.863281
v -1020.835449 1005.0 2984.644775
v -1022.746948 1005.0 2990.542725
v -1025.109009 1005.0 2996.525879
v -1027.935913 1005.0 3002.59082
v -1031.234497 1005.0 3008.716553
v -1035.002075 1005.0 3014.864746
v -1039.231934 1005.0 3020.998291
v -1043.931885 1005.0 3027.105957
v -1049.08252 1005.0 3033.140625
v -897.590393 1005.0 2945.883057
v -1054.657593 1005.0 3039.053955
v -889.404419 1005.0 2943.813477
v -1060.659668 1005.0 3044.835938
v -879.840332 1005.0 2941.01709
v -1067.068604 1005.0 3050.453613
v -870.424866 1005.0 2937.848389
v -862.071594 1005.0 2934.67627
v -1073.840088 1005.0 3055.856201
v -916.545227 1005.0 2914.378418
v -1024.27356 1005.0 2934.0354
v -1022.245789 1005.0 2938.300049
v -1020.567627 1005.0 2942.760986
v -1019.247742 1005.0 2947.407471
v -853.827332 1005.0 2931.19873
v -1080.202515 1005.0 3060.493896
v -845.686951 1005.0 2927.412354
v -1086.775635 1005.0 3064.883301
v -837.624756 1005.0 2923.302002
v -1091.010254 1005.0 3067.51001
v -829.678589 1005.0 2918.884521
v -954.0354 1005.0 2848.506348
v -1041.293457 1005.0 2914.464844
v -1037.744019 1005.0 2917.289307
v -1034.487061 1005.0 2920.293701
v -1031.509521 1005.0 2923.479248
v -1028.8125 1005.0 2926.837891
v -1026.399414 1005.0 2930.359619
v -905.22522 1005.0 2912.361816
v -944.644653 1005.0 2837.630371
v -894.063354 1005.0 2909.648682
v -977.213318 1005.0 2822.337646
v -1126.504761 1005.0 2902.278564
v -1119.384521 1005.0 2900.912598
v -1112.364746 1005.0 2899.894043
v -1105.485352 1005.0 2899.221191
v -1098.784668 1005.0 2898.889893
v -1092.289307 1005.0 2898.890869
v -1086.000732 1005.0 2899.213867
v -1079.946655 1005.0 2899.847168
v -1074.150879 1005.0 2900.777588
v -1068.622803 1005.0 2901.990967
v -1063.354248 1005.0 2903.476562
v -1058.362671 1005.0 2905.218506
v -1053.661987 1005.0 2907.200439
v -1049.257324 1005.0 2909.406738
v -1045.132568 1005.0 2911.832764
v -934.021301 1005.0 2827.599609
v -878.905151 1005.0 2904.373779
v -966.147522 1005.0 2810.688965
v -1141.055786 1005.0 2906.086426
v -1133.743774 1005.0 2904.00415
v -921.236267 1005.0 2817.567871
v -868.752258 1005.0 2899.793945
v -862.341309 1005.0 2896.691895
v -950.449097 1005.0 2796.684814
v -1155.702637 1005.0 2911.282959
v -1148.39209 1005.0 2908.51709
v -904.328186 1005.0 2806.593262
v -856.091675 1005.0 2893.233887
v -851.109436 1005.0 2890.147949
v -899.056152 1005.0 2803.890625
v -845.735229 1005.0 2886.459229
v -893.696045 1005.0 2801.445801
v -840.618286 1005.0 2882.555176
v -888.332153 1005.0 2799.289062
v -933.149963 1005.0 2783.737549
v -1171.544189 1005.0 2918.507812
v -1163.733887 1005.0 2914.72876
v -882.937866 1005.0 2797.403076
v -836.252136 1005.0 2878.873291
v -831.740479 1005.0 2874.666748
v -876.417786 1005.0 2795.498291
v -827.580688 1005.0 2870.348145
v -871.054932 1005.0 2794.243164
v -824.058105 1005.0 2866.273926
v -814.607544 1005.0 2806.958252
v -809.776794 1005.0 2815.456543
v -811.033875 1005.0 2812.551025
v -812.572998 1005.0 2809.808105
v -864.803833 1005.0 2793.145996
v -820.647888 1005.0 2861.85498
v -816.983337 1005.0 2804.320557
v -808.137573 1005.0 2821.734375
v -808.809265 1005.0 2818.515869
v -858.777405 1005.0 2792.47876
v -817.772034 1005.0 2857.639404
v -819.698425 1005.0 2801.907227
v -807.771301 1005.0 2825.127686
v -853.715088 1005.0 2792.235352
v -815.232666 1005.0 2853.386719
v -822.754761 1005.0 2799.728027
v -807.724731 1005.0 2828.686523
v -848.215454 1005.0 2792.329834
v -813.006653 1005.0 2849.043213
v -826.18689 1005.0 2797.773926
v -808.047791 1005.0 2832.68335
v -843.061646 1005.0 2792.797119
v -811.187317 1005.0 2844.789307
v -915.798462 1005.0 2772.785889
v -829.889648 1005.0 2796.11084
v -808.71283 1005.0 2836.560059
v -838.5755 1005.0 2793.546387
v -809.743408 1005.0 2840.571045
v -834.055359 1005.0 2794.676025
v -688.662659 1005.0 2823.104736
v -740.712219 1005.0 2810.965088
v -742.988464 1005.0 2821.794678
v -746.971069 1005.0 2833.251221
v -752.673096 1005.0 2845.058838
v -760.349731 1005.0 2857.432617
v -769.977234 1005.0 2870.009766
v -682.457886 1005.0 2821.620605
v -781.491577 1005.0 2882.502197
v -676.285156 1005.0 2820.010498
v -666.555908 1005.0 2817.198486
v -796.328796 1005.0 2895.927002
v -656.896973 1005.0 2814.068359
v -647.322571 1005.0 2810.623779
v -698.512085 1005.0 2790.881104
v -743.641968 1005.0 2781.02417
v -740.954468 1005.0 2790.679443
v -740.039612 1005.0 2800.079102
v -637.846924 1005.0 2806.869629
v -812.676819 1005.0 2908.236084
v -628.484436 1005.0 2802.811279
v -619.249268 1005.0 2798.454834
v -609.15448 1005.0 2793.272461
v -599.253479 1005.0 2787.740479
v -721.203552 1005.0 2748.708984
v -747.885132 1005.0 2772.5
v -718.245178 1005.0 2749.484863
v -724.778259 1005.0 2747.39917
v -714.582886 1005.0 2750.084717
v -727.859314 1005.0 2745.906494
v -710.87677 1005.0 2750.297607
v -730.480042 1005.0 2744.330078
v -753.608765 1005.0 2764.961182
v -733.528198 1005.0 2742.075439
v -703.543579 1005.0 2750.164795
v -687.755676 1005.0 2787.672852
v -735.803406 1005.0 2740.031494
v -757.657166 1005.0 2761.018555
v -696.25 1005.0 2749.670654
v -738.365479 1005.0 2737.246094
v -765.365356 1005.0 2755.282959
v -690.596985 1005.0 2749.035156
v -677.127319 1005.0 2784.163818
v -740.417419 1005.0 2734.511475
v -683.755127 1005.0 2747.967285
v -666.656677 1005.0 2780.365723
v -742.025696 1005.0 2731.910156
v -743.702759 1005.0 2728.511963
v -774.218445 1005.0 2750.617676
v -676.948792 1005.0 2746.574951
v -656.321533 1005.0 2776.272217
v -744.9021 1005.0 2725.310791
v -745.712891 1005.0 2722.361816
v -784.330994 1005.0 2746.977783
v -664.029968 1005.0 2743.06958
v -646.117249 1005.0 2771.881836
v -746.366577 1005.0 2718.624268
v -746.605225 1005.0 2715.575195
v -651.221252 1005.0 2739.199463
v -634.927429 1005.0 2766.654053
v -746.583618 1005.0 2712.516846
v -795.736328 1005.0 2744.437988
v -746.19635 1005.0 2708.740967
v -745.596069 1005.0 2705.742188
v -808.437622 1005.0 2743.109131
v -638.522705 1005.0 2734.965088
v -623.888306 1005.0 2761.054932
v -616.349426 1005.0 2756.968994
v -744.503723 1005.0 2702.119873
v -743.029663 1005.0 2698.611572
v -822.896912 1005.0 2743.14624
v -741.583557 1005.0 2695.916748
v -617.224731 1005.0 2727.524658
v -608.88562 1005.0 2752.707275
v -605.533997 1005.0 2750.426514
v -602.421509 1005.0 2747.912842
v -739.651428 1005.0 2692.992676
v -838.119019 1005.0 2744.69165
v -591.555237 1005.0 2732.715332
v -592.645447 1005.0 2736.019287
v -591.918335 1005.0 2734.427246
v -613.398376 1005.0 2726.322021
v -599.611389 1005.0 2745.232178
v -737.438354 1005.0 2690.273438
v -609.524353 1005.0 2725.347168
v -596.733704 1005.0 2741.964355
v -591.994324 1005.0 2729.194336
v -591.576965 1005.0 2730.930664
v -604.871155 1005.0 2724.486572
v -594.59375 1005.0 2739.084961
v -592.691833 1005.0 2727.744385
v -593.665527 1005.0 2726.463379
v -600.15094 1005.0 2723.945557
v -596.434631 1005.0 2724.537109
v -594.875183 1005.0 2725.403564
v -598.143616 1005.0 2724.038818
v -599.144226 1005.0 2723.927979
v -729.884766 1005.0 2682.11084
v -854.41748 1005.0 2747.861816
v -664.23291 1005.0 2694.204102
v -667.696472 1005.0 2693.862061
v -665.983582 1005.0 2694.224121
v -670.475098 1005.0 2692.274902
v -669.16626 1005.0 2693.20874
v -672.553833 1005.0 2689.407471
v -671.675171 1005.0 2690.957764
v -673.068115 1005.0 2687.697266
v -722.046814 1005.0 2674.224365
v -673.000183 1005.0 2684.496094
v -673.196106 1005.0 2686.093994
v -671.518921 1005.0 2681.358887
v -672.432068 1005.0 2682.845947
v -669.472351 1005.0 2678.833984
v -657.237061 1005.0 2693.188721
v -713.864502 1005.0 2666.556152
v -871.570007 1005.0 2752.768799
v -667.343018 1005.0 2676.40625
v -663.368286 1005.0 2672.345215
v -650.314026 1005.0 2691.855957
v -705.385437 1005.0 2659.156982
v -879.930176 1005.0 2755.728516
v -659.266846 1005.0 2668.698975
v -642.727661 1005.0 2690.008057
v -655.237671 1005.0 2665.568359
v -696.623474 1005.0 2652.041016
v -650.958862 1005.0 2662.6604
v -637.902466 1005.0 2688.615723
v -646.465454 1005.0 2660.00415
v -633.114197 1005.0 2687.0625
v -468.122101 1005.0 2707.609375
v -520.44397 1005.0 2695.928955
v -520.002136 1005.0 2699.118408
v -519.890442 1005.0 2702.682373
v -520.176819 1005.0 2706.25708
v -520.773499 1005.0 2709.427246
v -521.339355 1005.0 2711.470947
v -522.042236 1005.0 2713.472412
v -524.267944 1005.0 2718.728027
v -526.769714 1005.0 2723.800049
v -529.52124 1005.0 2728.64502
v -532.537476 1005.0 2733.300293
v -536.204285 1005.0 2738.260742
v -540.210938 1005.0 2743.00708
v -542.514954 1005.0 2745.479248
v -544.916504 1005.0 2747.886475
v -553.301025 1005.0 2755.266113
v -561.941345 1005.0 2762.342529
v -570.892212 1005.0 2769.157959
v -580.105164 1005.0 2775.671387
v -589.564514 1005.0 2781.869629
v -521.306702 1005.0 2692.461426
v -687.593262 1005.0 2645.22168
v -898.027039 1005.0 2763.424316
v -522.411743 1005.0 2689.435547
v -639.214539 1005.0 2655.927979
v -617.385803 1005.0 2681.675049
v -523.987671 1005.0 2686.225098
v -525.704285 1005.0 2683.502441
v -631.881836 1005.0 2652.054932
v -678.31073 1005.0 2638.712646
v -621.838806 1005.0 2647.142578
v -606.683228 1005.0 2678.179932
v -668.792542 1005.0 2632.526367
v -611.652832 1005.0 2642.604492
v -595.891846 1005.0 2674.996582
v -602.358093 1005.0 2638.837646
v -586.923828 1005.0 2672.605713
v -592.937744 1005.0 2635.369873
v -577.895325 1005.0 2670.427002
v -583.386658 1005.0 2632.199951
v -573.032166 1005.0 2669.35498
v -568.100586 1005.0 2668.669434
v -573.679504 1005.0 2629.321777
v -564.06897 1005.0 2668.397217
v -406.937469 1005.0 2672.787109
v -563.850159 1005.0 2626.747314
v -558.997192 1005.0 2668.414307
v -554.441711 1005.0 2668.77124
v -550.443481 1005.0 2669.355957
v -546.197449 1005.0 2670.265381
v -542.023376 1005.0 2671.465332
v -538.745972 1005.0 2672.726562
v -535.62915 1005.0 2674.342773
v -337.409424 1005.0 2633.216064
v -547.263855 1005.0 2568.553467
v -641.040222 1005.0 2617.023438
v -631.823853 1005.0 2612.637451
v -622.487244 1005.0 2608.552979
v -613.044434 1005.0 2604.776123
v -603.509399 1005.0 2601.311768
v -593.896057 1005.0 2598.164062
v -584.802795 1005.0 2595.498047
v -575.63092 1005.0 2593.109131
v -367.483307 1005.0 2580.374756
v -437.011353 1005.0 2619.945801
v -277.615356 1005.0 2599.185303
v -486.079254 1005.0 2533.730957
v -416.551208 1005.0 2494.160156
v -456.005371 1005.0 2586.572266
v -386.477325 1005.0 2547.001465
v 1065.958008 1005.0 1892.040283
v 985.127808 1005.0 1848.400635
v 980.511108 1005.0 1847.231689
v 975.497803 1005.0 1845.570679
v 989.819702 1005.0 1849.254028
v 970.611816 1005.0 1843.531372
v 995.08075 1005.0 1849.825684
v 966.359192 1005.0 1841.385986
v 1000.356201 1005.0 1849.998413
v 962.274719 1005.0 1838.962524
v 1005.11731 1005.0 1849.811401
v 957.935486 1005.0 1835.947021
v 1009.857849 1005.0 1849.300903
v 953.818176 1005.0 1832.599854
v 1015.060059 1005.0 1848.359863
v 950.332581 1005.0 1829.32605
v 1019.667114 1005.0 1847.179565
v 947.081726 1005.0 1825.828125
v 1024.193604 1005.0 1845.684692
v 944.087891 1005.0 1822.130371
v 1029.090088 1005.0 1843.667725
v 941.502075 1005.0 1818.459106
v 1033.806152 1005.0 1841.2948
v 939.162964 1005.0 1814.623779
v -356.757111 1005.0 2460.12915
v 1037.894531 1005.0 1838.854614
v 1071.996094 1005.0 1888.400146
v 936.764526 1005.0 1810.040894
v 1041.81311 1005.0 1836.137939
v 1077.819092 1005.0 1884.430176
v 1083.492188 1005.0 1880.081909
v 934.720825 1005.0 1805.291626
v 1045.934814 1005.0 1832.81897
v 1088.944336 1005.0 1875.400391
v 933.009338 1005.0 1800.312134
v 1049.785156 1005.0 1829.207397
v 1094.150391 1005.0 1870.404419
v 931.669861 1005.0 1795.188843
v 1053.017212 1005.0 1825.705933
v 1099.085205 1005.0 1865.115112
v 1103.275269 1005.0 1860.123291
v 930.716431 1005.0 1789.964111
v 1056.005493 1005.0 1821.990723
v 1107.209961 1005.0 1854.931763
v 930.196655 1005.0 1785.21228
v 1059.015015 1005.0 1817.64502
v 1110.874512 1005.0 1849.559937
v 930.001709 1005.0 1780.44812
v 1061.434937 1005.0 1813.551025
v 1114.255737 1005.0 1844.027954
v 1117.671997 1005.0 1837.710449
v 930.166138 1005.0 1775.177734
v 1063.575562 1005.0 1809.291382
v 1120.742554 1005.0 1831.193115
v 930.729553 1005.0 1769.921387
v 1065.608398 1005.0 1804.400635
v 1123.451782 1005.0 1824.505005
v 1067.262085 1005.0 1799.385132
v 1125.569946 1005.0 1818.365601
v 1127.376221 1005.0 1812.136475
v 1068.424316 1005.0 1794.767578
v 1129.013062 1005.0 1805.128296
v 1069.270508 1005.0 1790.077148
v 1130.262573 1005.0 1798.022583
v 1131.050049 1005.0 1791.571045
v 1069.833862 1005.0 1784.820923
v 1131.514648 1005.0 1785.091553
v 1069.998291 1005.0 1779.550537
v 1131.654541 1005.0 1778.608154
v 1131.42981 1005.0 1771.418457
v 1069.803345 1005.0 1774.786377
v 1130.805786 1005.0 1764.233154
v 1069.283569 1005.0 1770.034546
v 1129.903931 1005.0 1757.797607
v 1068.3302 1005.0 1764.809692
v 1128.682617 1005.0 1751.41748
v 1127.146484 1005.0 1745.116455
v 1066.990723 1005.0 1759.686523
v 1125.076172 1005.0 1738.227417
v 1065.279175 1005.0 1754.707031
v 1122.621094 1005.0 1731.445557
v 1120.09082 1005.0 1725.459839
v 1063.235474 1005.0 1749.957642
v 1117.266235 1005.0 1719.609863
v 1060.837036 1005.0 1745.374756
v 937.352661 1005.0 1666.074219
v 931.575745 1005.0 1765.230957
v 932.737976 1005.0 1760.613525
v 934.391663 1005.0 1755.598022
v 936.424438 1005.0 1750.707153
v 938.565002 1005.0 1746.447632
v 940.984985 1005.0 1742.353638
v 943.994568 1005.0 1738.007935
v 946.982788 1005.0 1734.292725
v 950.214844 1005.0 1730.79126
v 954.065125 1005.0 1727.179565
v 958.18689 1005.0 1723.860718
v 962.105469 1005.0 1721.143921
v 966.193848 1005.0 1718.703857
v 1114.157837 1005.0 1713.91748
v 1058.497925 1005.0 1741.539429
v 943.009644 1005.0 1663.021851
v 970.909973 1005.0 1716.330811
v 1110.382202 1005.0 1707.79541
v 948.812683 1005.0 1660.262939
v 975.806396 1005.0 1714.313965
v 1106.262207 1005.0 1701.875732
v 1055.912109 1005.0 1737.868164
v 954.779114 1005.0 1657.78772
v 1102.274658 1005.0 1696.744507
v 1052.918335 1005.0 1734.17041
v 960.886658 1005.0 1655.606812
v 980.332886 1005.0 1712.819092
v 1098.037598 1005.0 1691.820068
v 1049.667358 1005.0 1730.672607
v 967.113464 1005.0 1653.728638
v 984.939941 1005.0 1711.638794
v 1093.566772 1005.0 1687.12085
v 973.436646 1005.0 1652.160522
v 990.142151 1005.0 1710.697754
v 1088.340942 1005.0 1682.178955
v 1046.181885 1005.0 1727.398804
v 979.832275 1005.0 1650.908325
v 1082.834717 1005.0 1677.521484
v 1042.064453 1005.0 1724.051636
v 986.993652 1005.0 1649.892578
v 994.88269 1005.0 1710.187256
v 1077.659424 1005.0 1673.591431
v 994.180908 1005.0 1649.275513
v 999.643799 1005.0 1710.000244
v 1072.296387 1005.0 1669.925537
v 1037.725342 1005.0 1721.036011
v 1001.361511 1005.0 1649.057861
v 1004.91925 1005.0 1710.172974
v 1066.765625 1005.0 1666.537598
v 1033.640747 1005.0 1718.612549
v 1007.837402 1005.0 1649.203857
v 1060.443604 1005.0 1663.110229
v 1029.388184 1005.0 1716.467285
v 1014.311035 1005.0 1649.674805
v 1010.180298 1005.0 1710.744507
v 1053.923218 1005.0 1660.029541
v 1020.758057 1005.0 1650.468872
v 1014.872192 1005.0 1711.5979
v 1047.233643 1005.0 1657.310791
v 1024.502197 1005.0 1714.427979
v 1027.860107 1005.0 1651.726074
v 1041.094238 1005.0 1655.184692
v 1019.488892 1005.0 1712.766968
v 1034.865845 1005.0 1653.37085
v -1179.195068 1005.0 2922.647949
v -1184.793579 1005.0 2925.905518
v -1668.055542 1005.0 3206.436035
v -1693.780762 1005.0 3221.077148
v -1719.506226 1005.0 3235.718506
v -1837.703857 1005.0 3302.989014
v -2173.364258 1005.0 3488.562012
v -2182.342773 1005.0 3493.662598
v -2191.093994 1005.0 3499.092041
v -659.056274 1005.0 2626.675293
v -1863.429321 1005.0 3317.630371
v -1910.012939 1005.0 3344.142578
v -650.122314 1005.0 2621.705078
v -527.920959 1005.0 2680.697266
v -530.170715 1005.0 2678.400391
v -532.650635 1005.0 2676.333008
v -1370.742798 1005.0 3111.52002
v -1376.75769 1005.0 3117.038574
v -1398.038574 1005.0 3153.854004
v -1398.049927 1005.0 3157.212158
v -1397.784546 1005.0 3160.559814
v -1397.102905 1005.0 3164.540039
v -1396.23877 1005.0 3167.784912
v -1395.003906 1005.0 3171.208252
v -1819.823975 1005.0 3334.404785
v -1656.588501 1005.0 3346.268066
v -2715.428955 1005.0 3893.229248
v -2597.819336 1005.0 3783.473877
v -2609.211914 1005.0 3821.364014
v -2551.939453 1005.0 3847.19043
v -2540.583496 1005.0 3809.422852
v -3150.026855 1005.0 4157.161621
v -3270.390625 1005.0 4221.008789
v -2715.829346 1005.0 3895.25708
v -2715.726074 1005.0 3894.224121
v -3571.175293 1005.0 4368.539062
v -3559.4104 1005.0 4330.892578
v -3623.412354 1005.0 4425.727539
v -3635.219238 1005.0 4463.508789
v -1349.212524 1005.0 3167.2229
v -1351.596924 1005.0 3166.48877
v -1346.469971 1005.0 3167.669678
v -1354.10498 1005.0 3165.320068
v -1343.758911 1005.0 3167.721436
v -1356.198608 1005.0 3163.96875
v -1341.067505 1005.0 3167.387207
v -1358.300293 1005.0 3162.161377
v -1360.115356 1005.0 3160.075684
v -1336.700928 1005.0 3166.458252
v -1361.481323 1005.0 3157.987061
v -1332.378174 1005.0 3165.397461
v -1362.662964 1005.0 3155.490234
v -1363.412476 1005.0 3153.110352
v -1325.139526 1005.0 3163.29541
v -1363.874634 1005.0 3150.383301
v -1319.460327 1005.0 3161.3479
v -1363.95166 1005.0 3147.889648
v -1363.657715 1005.0 3145.136475
v -1313.118774 1005.0 3158.848389
v -1306.880249 1005.0 3156.039062
v -1363.057129 1005.0 3142.720215
v -1362.027344 1005.0 3140.145752
v -1292.080566 1005.0 3148.938965
v -1360.790771 1005.0 3137.972168
v -1359.974609 1005.0 3136.827637
v -1359.074829 1005.0 3135.747314
v -1354.391968 1005.0 3130.759033
v -1349.495117 1005.0 3126.017334
v -1344.998047 1005.0 3122.039795
v -1339.120361 1005.0 3117.320801
v -1335.5354 1005.0 3114.682373
v -1331.859619 1005.0 3112.148926
v -1318.197388 1005.0 3103.050537
v -1238.544067 1005.0 3118.469482
v -1264.660889 1005.0 3072.580811
v -1502.160767 1005.0 3266.640137
v -1574.987549 1005.0 3225.266113
v -1500.542725 1005.0 3182.896973
v -3906.767578 1005.0 4618.056641
v -3865.381104 1005.0 4594.502441
v -3874.218994 1005.0 4510.061523
v -3831.372314 1005.0 4485.675781
v -4179.807129 1005.0 4773.453613
v -4138.420898 1005.0 4749.898926
v -4147.258789 1005.0 4665.458008
v -4104.412109 1005.0 4641.072266
v -4450.966309 1005.0 4927.779785
v -4409.580078 1005.0 4904.225586
v -4418.417969 1005.0 4819.78418
v -4375.571289 1005.0 4795.398926
v 939.162964 865.0 1814.623779
v 936.745605 865.0 1809.980713
v 936.73761 1005.0 1809.959961
v 934.681946 865.0 1805.1698
v 934.669556 1005.0 1805.126831
v 933.764832 1005.0 1802.633301
v 932.983643 865.0 1800.218262
v 932.95459 1005.0 1800.1073
v 931.737854 1005.0 1795.48938
v 931.660034 865.0 1795.153564
v 930.840149 1005.0 1790.80957
v 930.718689 865.0 1790.00415
v 930.266907 1005.0 1786.10022
v 930.164734 865.0 1784.798706
v 930.007874 1005.0 1780.832764
v 930.001343 865.0 1779.566528
v 930.027405 1005.0 1778.18335
v 930.229431 865.0 1774.33667
v 930.146729 1005.0 1775.536621
v 930.612976 1005.0 1770.782837
v 930.847656 865.0 1769.13855
v 931.400085 1005.0 1766.075928
v 931.852661 865.0 1764.001221
v 932.502808 1005.0 1761.448608
v 933.23877 865.0 1758.953247
v 934.086914 1005.0 1756.435913
v 934.998169 865.0 1754.023071
v 936.055786 1005.0 1751.528442
v 937.121155 865.0 1749.238159
v 937.180847 1005.0 1749.126099
v 938.39563 1005.0 1746.767944
v 939.595764 865.0 1744.625122
v 940.803467 1005.0 1742.643799
v 942.408203 865.0 1740.210083
v 943.480347 1005.0 1738.701904
v 945.542664 865.0 1736.017456
v 946.407349 1005.0 1734.96875
v 948.98175 865.0 1732.070923
v 949.951721 1005.0 1731.062988
v 952.706055 865.0 1728.392334
v 951.84021 1005.0 1729.204712
v 953.797363 1005.0 1727.418823
v 956.694946 865.0 1725.002319
v 957.49054 1005.0 1724.389526
v 960.925964 865.0 1721.919922
v 961.377197 1005.0 1721.620483
v 965.375488 865.0 1719.162354
v 965.430481 1005.0 1719.130981
v 970.018677 865.0 1716.744873
v 970.096985 1005.0 1716.709717
v 974.829468 865.0 1714.681274
v 974.960938 1005.0 1714.634888
v 977.455811 1005.0 1713.733521
v 979.781067 865.0 1712.98291
v 979.98291 1005.0 1712.926636
v 984.602417 1005.0 1711.716187
v 984.845764 865.0 1711.659302
v 989.283081 1005.0 1710.824829
v 989.995178 865.0 1710.718018
v 993.992737 1005.0 1710.258057
v 995.200562 865.0 1710.164062
v 999.261108 1005.0 1710.006104
v 1000.4328 865.0 1710.00061
v 1001.910583 1005.0 1710.029297
v 1005.662598 865.0 1710.22876
v 1004.557312 1005.0 1710.1521
v 1009.310547 1005.0 1710.624756
v 1010.860718 865.0 1710.846924
v 1014.016113 1005.0 1711.418335
v 1015.998108 865.0 1711.851929
v 1018.641602 1005.0 1712.5271
v 1021.046021 865.0 1713.238037
v 1023.65271 1005.0 1714.118286
v 1025.976196 865.0 1714.997559
v 1028.557983 1005.0 1716.093994
v 1030.76123 865.0 1717.120483
v 1030.95874 1005.0 1717.22229
v 1033.31543 1005.0 1718.440308
v 1035.374146 865.0 1719.595093
v 1037.436157 1005.0 1720.85376
v 1039.789185 865.0 1722.407471
v 1041.374146 1005.0 1723.535767
v 1043.981812 865.0 1725.541992
v 1045.102905 1005.0 1726.467529
v 1047.928467 865.0 1728.981079
v 1049.004272 1005.0 1730.017578
v 1051.607056 865.0 1732.705444
v 1050.860107 1005.0 1731.908691
v 1052.643433 1005.0 1733.868408
v 1054.996948 865.0 1736.694214
v 1055.667725 1005.0 1737.565674
v 1058.079468 865.0 1740.925293
v 1058.383423 1005.0 1741.383545
v 1060.837036 865.0 1745.374756
v 1065.958008 865.0 1892.040283
v 978.953979 865.0 1846.76062
v 984.001892 865.0 1848.146606
v 974.023743 865.0 1845.001099
v 989.139282 865.0 1849.151611
v -5061.115723 865.0 5379.177246
v 969.23877 865.0 1842.878174
v 994.337402 865.0 1849.769897
v 964.625854 865.0 1840.403564
v 999.5672 865.0 1849.997925
v 960.210754 865.0 1837.591064
v 1004.799438 865.0 1849.834595
v 1010.004822 865.0 1849.28064
v 956.018188 865.0 1834.456665
v 952.071533 865.0 1831.017578
v 1015.154236 865.0 1848.339233
v 948.393005 865.0 1827.293213
v 1020.218933 865.0 1847.015747
v 1025.170532 865.0 1845.317383
v 945.002991 865.0 1823.304443
v 941.920593 865.0 1819.073364
v 1029.981323 865.0 1843.253662
v -5189.721191 865.0 5153.211426
v 1034.624512 865.0 1840.836304
v 1072.084351 865.0 1888.326416
v 1039.074097 865.0 1838.078735
v 1077.996826 865.0 1884.28064
v 1043.305054 865.0 1834.996338
v 1083.677368 865.0 1879.915405
v 1047.293945 865.0 1831.606323
v 1089.108887 865.0 1875.243896
v 1051.018311 865.0 1827.927734
v 1094.27478 865.0 1870.280151
v 1099.159424 865.0 1865.039429
v 1054.457275 865.0 1823.981079
v 1103.747925 865.0 1859.537598
v 1057.591797 865.0 1819.788574
v 1108.026367 865.0 1853.791382
v 1111.981812 865.0 1847.818115
v 1060.404175 865.0 1815.373413
v 1115.602173 865.0 1841.636108
v 1062.878784 865.0 1810.760498
v 1118.876465 865.0 1835.263916
v 1065.001831 865.0 1805.975586
v 1121.7948 865.0 1828.721191
v 1124.348267 865.0 1822.027588
v 1066.76123 865.0 1801.045288
v 1126.529053 865.0 1815.203369
v 1068.147339 865.0 1795.997437
v 1128.330688 865.0 1808.269531
v 1069.152344 865.0 1790.859985
v 1129.747559 865.0 1801.246826
v 1069.77063 865.0 1785.661865
v 1130.775391 865.0 1794.15686
v 1069.998657 865.0 1780.432129
v 1131.411133 865.0 1787.020996
v 1131.652832 865.0 1779.860962
v 1069.835327 865.0 1775.199829
v 1131.499756 865.0 1772.698486
v 1069.281372 865.0 1769.994507
v 1130.952271 865.0 1765.555298
v 1130.012085 865.0 1758.453125
v 1068.339966 865.0 1764.845093
v 1128.682251 865.0 1751.413452
v 1126.966431 865.0 1744.457886
v 1067.016357 865.0 1759.780396
v 1124.870239 865.0 1737.6073
v 1065.317993 865.0 1754.828857
v 1063.254395 865.0 1750.017944
v 1122.399658 865.0 1730.882568
v 1119.5625 865.0 1724.304199
v 1116.36731 865.0 1717.89209
v 937.352661 865.0 1666.074219
v 1112.823608 865.0 1711.665771
v 943.674255 865.0 1662.703491
v 1108.942383 865.0 1705.644043
v 950.171997 865.0 1659.686035
v 1104.735352 865.0 1699.845337
v 956.82605 865.0 1657.03125
v 1100.21521 865.0 1694.287231
v 963.616272 865.0 1654.746948
v 1095.395752 865.0 1688.98645
v 970.521973 865.0 1652.840332
v 1090.291626 865.0 1683.959351
v 977.522278 865.0 1651.316895
v 1084.918213 865.0 1679.220947
v 984.595825 865.0 1650.181396
v 1079.292114 865.0 1674.785767
v 991.721252 865.0 1649.437378
v 1073.430054 865.0 1670.667236
v 998.87677 865.0 1649.086914
v 1067.350098 865.0 1666.87793
v 1006.040771 865.0 1649.131226
v 1061.070679 865.0 1663.429321
v 1013.191467 865.0 1649.570068
v 1054.61084 865.0 1660.331787
v 1020.307068 865.0 1650.402222
v 1047.990112 865.0 1657.594849
v 1027.366089 865.0 1651.625
v 1041.228638 865.0 1655.226807
v 1034.347046 865.0 1653.234863
v 1063.262451 1005.0 1750.038696
v 1065.330444 1005.0 1754.871826
v 1066.235229 1005.0 1757.365356
v 1067.04541 1005.0 1759.891235
v 1068.262085 1005.0 1764.509277
v 1069.159912 1005.0 1769.188965
v 1069.733154 1005.0 1773.898438
v 1069.992188 1005.0 1779.165894
v 1069.972534 1005.0 1781.815186
v 1069.853271 1005.0 1784.462036
v 1069.387085 1005.0 1789.21582
v 1068.599854 1005.0 1793.922607
v 1067.497192 1005.0 1798.550049
v 1065.913086 1005.0 1803.562622
v 1063.944214 1005.0 1808.470215
v 1062.819092 1005.0 1810.872437
v 1061.60437 1005.0 1813.230713
v 1059.196533 1005.0 1817.354736
v 1056.519653 1005.0 1821.296753
v 1053.592651 1005.0 1825.029907
v 1050.048218 1005.0 1828.935669
v 1048.15979 1005.0 1830.793945
v 1046.202637 1005.0 1832.579834
v 1042.509399 1005.0 1835.609131
v 1038.622803 1005.0 1838.378174
v 1034.56958 1005.0 1840.867554
v 1029.902954 1005.0 1843.28894
v 1025.039062 1005.0 1845.363647
v 1022.544189 1005.0 1846.265137
v 1020.01709 1005.0 1847.072021
v 1015.397583 1005.0 1848.282349
v 1010.716919 1005.0 1849.173706
v 1006.007263 1005.0 1849.740479
v 1000.738892 1005.0 1849.992432
v 998.089417 1005.0 1849.96936
v 995.442688 1005.0 1849.846436
v 990.689453 1005.0 1849.373779
v 985.983887 1005.0 1848.580322
v 981.358398 1005.0 1847.471436
v 976.34729 1005.0 1845.880371
v 971.442017 1005.0 1843.904663
v 969.041199 1005.0 1842.776245
v 966.68457 1005.0 1841.55835
v 962.563843 1005.0 1839.144897
v 958.625793 1005.0 1836.462891
v 954.897034 1005.0 1833.531006
v 950.995789 1005.0 1829.981079
v 949.139893 1005.0 1828.089844
v 947.356506 1005.0 1826.130249
v 944.332214 1005.0 1822.432861
v 941.616577 1005.0 1818.615112
v 1072.083862 1005.0 1888.324463
v 1077.994873 1005.0 1884.275635
v 1080.886353 1005.0 1882.114014
v 1083.717163 1005.0 1879.873291
v 1086.48938 1005.0 1877.551392
v 1089.196411 1005.0 1875.153687
v 1093.898315 1005.0 1870.652588
v 1098.364258 1005.0 1865.928711
v 1102.577759 1005.0 1860.999756
v 1106.52417 1005.0 1855.884155
v 1110.604858 1005.0 1849.973145
v 1112.528076 1005.0 1846.923584
v 1114.366455 1005.0 1843.821899
v 1116.122437 1005.0 1840.663208
v 1117.790405 1005.0 1837.457153
v 1120.569458 1005.0 1831.569946
v 1123.050415 1005.0 1825.555298
v 1125.223877 1005.0 1819.435791
v 1127.082397 1005.0 1813.233765
v 1128.773193 1005.0 1806.27002
v 1130.081177 1005.0 1799.19165
v 1130.589478 1005.0 1795.617065
v 1130.998657 1005.0 1792.029663
v 1131.309204 1005.0 1788.426758
v 1131.519897 1005.0 1784.81665
v 1131.647461 1005.0 1778.309082
v 1131.450562 1005.0 1771.81189
v 1130.930298 1005.0 1765.349121
v 1130.089355 1005.0 1758.944458
v 1128.779175 1005.0 1751.880981
v 1127.974854 1005.0 1748.365845
v 1127.07373 1005.0 1744.87439
v 1126.073975 1005.0 1741.401123
v 1124.97876 1005.0 1737.956787
v 1122.767334 1005.0 1731.83374
v 1120.255493 1005.0 1725.83252
v 1117.452393 1005.0 1719.97522
v 1114.368896 1005.0 1714.283447
v 1110.625854 1005.0 1708.170898
v 1106.53186 1005.0 1702.249023
v 1104.356934 1005.0 1699.366577
v 1102.103149 1005.0 1696.545288
v 1099.768799 1005.0 1693.783203
v 1097.359009 1005.0 1691.08667
v 1092.83728 1005.0 1686.405151
v 1088.09436 1005.0 1681.961182
v 1083.147827 1005.0 1677.770996
v 1078.016602 1005.0 1673.848999
v 1072.085449 1005.0 1669.793335
v 1069.026489 1005.0 1667.883179
v 1065.916016 1005.0 1666.058228
v 1062.749023 1005.0 1664.31604
v 1059.535278 1005.0 1662.662109
v 1053.635742 1005.0 1659.909302
v 1047.61084 1005.0 1657.455444
v 1041.483032 1005.0 1655.309692
v 1035.274902 1005.0 1653.479614
v 1028.300781 1005.0 1651.819458
v 1021.214417 1005.0 1650.542725
v 1017.636902 1005.0 1650.050293
v 1014.047119 1005.0 1649.656982
v 1010.442627 1005.0 1649.362549
v 1006.83136 1005.0 1649.167969
v 1000.32373 1005.0 1649.069458
v 993.828613 1005.0 1649.29541
v 987.370178 1005.0 1649.844604
v 980.971802 1005.0 1650.713989
v 973.911743 1005.0 1652.056274
v 970.399475 1005.0 1652.876343
v 966.911194 1005.0 1653.793335
v 963.442017 1005.0 1654.808594
v 960.002197 1005.0 1655.919312
v 953.889099 1005.0 1658.157959
v 947.89978 1005.0 1660.696411
v 942.564697 1005.0 1663.264526
v 939.162964 -865.0 1814.623779
v 941.920593 -865.0 1819.073364
v 941.934326 -1005.0 1819.09082
v 945.002991 -865.0 1823.304443
v 945.03363 -1005.0 1823.337036
v 946.715515 -1005.0 1825.388306
v 948.393005 -865.0 1827.293213
v 948.47345 -1005.0 1827.374756
v 951.822571 -1005.0 1830.779175
v 952.071533 -865.0 1831.017578
v 955.387634 -1005.0 1833.940918
v 956.018188 -865.0 1834.456665
v 959.143921 -1005.0 1836.838623
v 960.210754 -865.0 1837.591064
v 963.540527 -1005.0 1839.751343
v 964.625854 -865.0 1840.403564
v 965.828369 -1005.0 1841.087402
v 969.23877 -865.0 1842.878174
v 968.164917 -1005.0 1842.336548
v 972.490234 -1005.0 1844.363281
v 974.023743 -865.0 1845.001099
v 976.939026 -1005.0 1846.090088
v 978.953979 -865.0 1846.76062
v 981.480652 -1005.0 1847.505127
v 984.001892 -865.0 1848.146606
v 986.599365 -1005.0 1848.703003
v 989.139282 -865.0 1849.151611
v 991.824158 -1005.0 1849.516357
v 994.337402 -865.0 1849.769897
v 994.464172 -1005.0 1849.775757
v 997.112061 -1005.0 1849.935547
v 999.5672 -865.0 1849.997925
v 1001.887451 -1005.0 1849.971436
v 1004.799438 -865.0 1849.834595
v 1006.643677 -1005.0 1849.682983
v 1010.004822 -865.0 1849.28064
v 1011.348083 -1005.0 1849.072754
v 1015.154236 -865.0 1848.339233
v 1016.516113 -1005.0 1848.02002
v 1020.218933 -865.0 1847.015747
v 1019.078247 -1005.0 1847.345215
v 1021.61322 -1005.0 1846.574585
v 1025.170532 -865.0 1845.317383
v 1026.10376 -1005.0 1844.946289
v 1029.981323 -865.0 1843.253662
v 1030.469238 -1005.0 1843.018677
v 1034.624512 -865.0 1840.836304
v 1034.679443 -1005.0 1840.805054
v 1039.074097 -865.0 1838.078735
v 1039.144409 -1005.0 1838.029297
v 1043.305054 -865.0 1834.996338
v 1043.412109 -1005.0 1834.906982
v 1045.461182 -1005.0 1833.22229
v 1047.293945 -865.0 1831.606323
v 1047.445312 -1005.0 1831.461548
v 1050.845093 -1005.0 1828.10791
v 1051.018311 -865.0 1827.927734
v 1054.001709 -1005.0 1824.538818
v 1054.457275 -865.0 1823.981079
v 1056.894165 -1005.0 1820.779053
v 1057.591797 -865.0 1819.788574
v 1059.801147 -1005.0 1816.378052
v 1060.404175 -865.0 1815.373413
v 1061.134277 -1005.0 1814.088257
v 1062.878784 -865.0 1810.760498
v 1062.380249 -1005.0 1811.749878
v 1064.401245 -1005.0 1807.421875
v 1065.001831 -865.0 1805.975586
v 1066.121948 -1005.0 1802.970947
v 1066.76123 -865.0 1801.045288
v 1067.53064 -1005.0 1798.427734
v 1068.147339 -865.0 1795.997437
v 1068.72168 -1005.0 1793.306763
v 1069.152344 -865.0 1790.859985
v 1069.528076 -1005.0 1788.080444
v 1069.77063 -865.0 1785.661865
v 1069.783936 -1005.0 1785.440063
v 1069.940186 -1005.0 1782.79187
v 1069.998657 -865.0 1780.432129
v 1069.969604 -1005.0 1778.016479
v 1069.835327 -865.0 1775.199829
v 1069.674561 -1005.0 1773.260986
v 1069.281372 -865.0 1769.994507
v 1069.058105 -1005.0 1768.557861
v 1068.339966 -865.0 1764.845093
v 1067.998169 -1005.0 1763.390747
v 1067.016357 -865.0 1759.780396
v 1067.319946 -1005.0 1760.829468
v 1066.545776 -1005.0 1758.29541
v 1065.317993 -865.0 1754.828857
v 1064.911255 -1005.0 1753.807007
v 1063.254395 -865.0 1750.017944
v 1063.015625 -1005.0 1749.522583
v 1060.837036 -865.0 1745.374756
v 937.352661 -865.0 1666.074219
v 931.852661 -865.0 1764.001221
v 933.23877 -865.0 1758.953247
v 934.998169 -865.0 1754.023071
v 930.847656 -865.0 1769.13855
v -5189.721191 -865.0 5153.211426
v 930.229431 -865.0 1774.33667
v 937.121155 -865.0 1749.238159
v 939.595764 -865.0 1744.625122
v 930.001343 -865.0 1779.566528
v 930.164734 -865.0 1784.798706
v 942.408203 -865.0 1740.210083
v 945.542664 -865.0 1736.017456
v 930.718689 -865.0 1790.00415
v 948.98175 -865.0 1732.070923
v 931.660034 -865.0 1795.153564
v 932.983643 -865.0 1800.218262
v 952.706055 -865.0 1728.392334
v 956.694946 -865.0 1725.002319
v 934.681946 -865.0 1805.1698
v 936.745605 -865.0 1809.980713
v 960.925964 -865.0 1721.919922
v -5061.115723 -865.0 5379.177246
v 965.375488 -865.0 1719.162354
v 943.674255 -865.0 1662.703491
v 970.018677 -865.0 1716.744873
v 950.171997 -865.0 1659.686035
v 974.829468 -865.0 1714.681274
v 956.82605 -865.0 1657.03125
v 979.781067 -865.0 1712.98291
v 963.616272 -865.0 1654.746948
v 984.845764 -865.0 1711.659302
v 970.521973 -865.0 1652.840332
v 977.522278 -865.0 1651.316895
v 989.995178 -865.0 1710.718018
v 984.595825 -865.0 1650.181396
v 995.200562 -865.0 1710.164062
v 991.721252 -865.0 1649.437378
v 998.87677 -865.0 1649.086914
v 1000.4328 -865.0 1710.00061
v 1006.040771 -865.0 1649.131226
v 1005.662598 -865.0 1710.22876
v 1013.191467 -865.0 1649.570068
v 1010.860718 -865.0 1710.846924
v 1020.307068 -865.0 1650.402222
v 1027.366089 -865.0 1651.625
v 1015.998108 -865.0 1711.851929
v 1034.347046 -865.0 1653.234863
v 1021.046021 -865.0 1713.238037
v 1041.228638 -865.0 1655.226807
v 1025.976196 -865.0 1714.997559
v 1047.990112 -865.0 1657.594849
v 1030.76123 -865.0 1717.120483
v 1054.61084 -865.0 1660.331787
v 1035.374146 -865.0 1719.595093
v 1061.070679 -865.0 1663.429321
v 1067.350098 -865.0 1666.87793
v 1039.789185 -865.0 1722.407471
v 1073.430054 -865.0 1670.667236
v 1043.981812 -865.0 1725.541992
v 1079.292114 -865.0 1674.785767
v 1084.918213 -865.0 1679.220947
v 1047.928467 -865.0 1728.981079
v 1090.291626 -865.0 1683.959351
v 1095.395752 -865.0 1688.98645
v 1051.607056 -865.0 1732.705444
v 1054.996948 -865.0 1736.694214
v 1100.21521 -865.0 1694.287231
v 1058.079468 -865.0 1740.925293
v 1104.735352 -865.0 1699.845337
v 1108.942383 -865.0 1705.644043
v 1112.823608 -865.0 1711.665771
v 1065.958008 -865.0 1892.040283
v 1116.36731 -865.0 1717.89209
v 1072.084351 -865.0 1888.326416
v 1119.5625 -865.0 1724.304199
v 1077.996826 -865.0 1884.28064
v 1122.399658 -865.0 1730.882568
v 1083.677368 -865.0 1879.915405
v 1124.870239 -865.0 1737.6073
v 1089.108887 -865.0 1875.243896
v 1126.966431 -865.0 1744.457886
v 1094.27478 -865.0 1870.280151
v 1128.682251 -865.0 1751.413452
v 1099.159424 -865.0 1865.039429
v 1130.012085 -865.0 1758.453125
v 1103.747925 -865.0 1859.537598
v 1130.952271 -865.0 1765.555298
v 1108.026367 -865.0 1853.791382
v 1131.499756 -865.0 1772.698486
v 1111.981812 -865.0 1847.818115
v 1131.652832 -865.0 1779.860962
v 1115.602173 -865.0 1841.636108
v 1131.411133 -865.0 1787.020996
v 1118.876465 -865.0 1835.263916
v 1130.775391 -865.0 1794.15686
v 1121.7948 -865.0 1828.721191
v 1129.747559 -865.0 1801.246826
v 1124.348267 -865.0 1822.027588
v 1128.330688 -865.0 1808.269531
v 1126.529053 -865.0 1815.203369
v 1058.065674 -1005.0 1740.907715
v 1054.966431 -1005.0 1736.661621
v 1053.284546 -1005.0 1734.610352
v 1051.526489 -1005.0 1732.623779
v 1048.177368 -1005.0 1729.219482
v 1044.612305 -1005.0 1726.057739
v 1040.856079 -1005.0 1723.160034
v 1036.459473 -1005.0 1720.247314
v 1034.171631 -1005.0 1718.911133
v 1031.835083 -1005.0 1717.662109
v 1027.509766 -1005.0 1715.635376
v 1023.060974 -1005.0 1713.908447
v 1018.519348 -1005.0 1712.49353
v 1013.400635 -1005.0 1711.295654
v 1008.175842 -1005.0 1710.4823
v 1005.535828 -1005.0 1710.2229
v 1002.887939 -1005.0 1710.062988
v 998.112549 -1005.0 1710.027222
v 993.356323 -1005.0 1710.315674
v 988.651917 -1005.0 1710.925781
v 983.483887 -1005.0 1711.978638
v 980.921753 -1005.0 1712.65332
v 978.38678 -1005.0 1713.424072
v 973.896301 -1005.0 1715.052368
v 969.530823 -1005.0 1716.97998
v 965.320496 -1005.0 1719.193604
v 960.855652 -1005.0 1721.969238
v 956.587952 -1005.0 1725.091675
v 954.538879 -1005.0 1726.776367
v 952.554626 -1005.0 1728.537109
v 949.154907 -1005.0 1731.890747
v 945.99823 -1005.0 1735.459839
v 943.105896 -1005.0 1739.219604
v 940.198853 -1005.0 1743.620605
v 938.865723 -1005.0 1745.9104
v 937.619751 -1005.0 1748.248779
v 935.598816 -1005.0 1752.576782
v 933.877991 -1005.0 1757.02771
v 932.469299 -1005.0 1761.570923
v 931.27832 -1005.0 1766.691895
v 930.471924 -1005.0 1771.918213
v 930.216064 -1005.0 1774.558594
v 930.059814 -1005.0 1777.206787
v 930.030457 -1005.0 1781.982178
v 930.325378 -1005.0 1786.737671
v 930.941956 -1005.0 1791.440674
v 932.001892 -1005.0 1796.607788
v 932.680115 -1005.0 1799.169189
v 933.454285 -1005.0 1801.703247
v 935.088684 -1005.0 1806.191528
v 936.984314 -1005.0 1810.476074
v 937.352661 -1005.0 1666.074219
v 943.675659 -1005.0 1662.704834
v 950.175293 -1005.0 1659.690308
v 953.510498 -1005.0 1658.308105
v 956.882568 -1005.0 1657.018677
v 960.294617 -1005.0 1655.820801
v 963.738403 -1005.0 1654.717773
v 970.009521 -1005.0 1652.973755
v 976.351624 -1005.0 1651.546509
v 982.741211 -1005.0 1650.440796
v 989.154724 -1005.0 1649.660156
v 996.320679 -1005.0 1649.170288
v 999.924866 -1005.0 1649.073975
v 1003.530334 -1005.0 1649.077393
v 1007.142883 -1005.0 1649.180786
v 1010.751221 -1005.0 1649.383911
v 1017.231995 -1005.0 1650.000854
v 1023.670166 -1005.0 1650.939331
v 1030.041626 -1005.0 1652.195679
v 1036.322998 -1005.0 1653.764893
v 1043.173706 -1005.0 1655.867432
v 1049.92749 -1005.0 1658.357544
v 1053.260376 -1005.0 1659.745972
v 1056.553711 -1005.0 1661.226074
v 1059.809937 -1005.0 1662.799072
v 1063.021484 -1005.0 1664.461426
v 1068.681641 -1005.0 1667.675049
v 1074.167236 -1005.0 1671.162231
v 1079.45813 -1005.0 1674.909912
v 1084.535278 -1005.0 1678.903564
v 1089.939209 -1005.0 1683.637207
v 1092.550659 -1005.0 1686.123779
v 1095.092285 -1005.0 1688.681641
v 1097.568115 -1005.0 1691.314697
v 1099.970093 -1005.0 1694.015381
v 1104.105225 -1005.0 1699.043457
v 1107.9823 -1005.0 1704.267822
v 1111.586792 -1005.0 1709.668945
v 1114.905762 -1005.0 1715.226685
v 1118.249756 -1005.0 1721.566406
v 1121.250488 -1005.0 1728.110596
v 1122.618164 -1005.0 1731.452393
v 1123.892822 -1005.0 1734.830933
v 1125.075562 -1005.0 1738.248413
v 1126.16333 -1005.0 1741.697388
v 1127.879272 -1005.0 1747.975708
v 1129.278076 -1005.0 1754.322998
v 1130.354736 -1005.0 1760.715698
v 1131.106323 -1005.0 1767.130249
v 1131.564453 -1005.0 1774.300903
v 1131.644653 -1005.0 1777.906372
v 1131.625244 -1005.0 1781.512695
v 1131.505859 -1005.0 1785.125122
v 1131.286743 -1005.0 1788.73291
v 1130.640869 -1005.0 1795.210938
v 1129.673828 -1005.0 1801.644043
v 1128.389282 -1005.0 1808.008423
v 1126.79248 -1005.0 1814.28064
v 1124.658325 -1005.0 1821.124634
v 1122.137329 -1005.0 1827.869263
v 1120.733765 -1005.0 1831.196655
v 1119.23877 -1005.0 1834.483887
v 1117.651123 -1005.0 1837.733276
v 1115.974365 -1005.0 1840.937622
v 1112.735718 -1005.0 1846.583008
v 1109.224609 -1005.0 1852.05188
v 1105.454224 -1005.0 1857.324341
v 1101.439331 -1005.0 1862.38147
v 1096.679932 -1005.0 1867.766113
v 1094.181152 -1005.0 1870.367065
v 1091.61145 -1005.0 1872.897949
v 1088.966919 -1005.0 1875.362183
v 1086.255371 -1005.0 1877.752441
v 1081.208862 -1005.0 1881.865112
v 1075.967896 -1005.0 1885.718262
v 1071.0354 -1005.0 1888.993896
vn 0.0 -1.0 0.0
vn 0.0 -1.0 0.0
vn 0.0 -1.0 0.0
vn 0.0 -1.0 0.0
vn 0.0 -1.0 0.0
vn 0.0 -1.0 0.0
vn 0.0 -1.0 0.0
vn 0.0 -1.0 0.0
vn 0.0 -1.0 0.0
vn 0.0 -1.0 0.0
vn 0.0 -1.0 0.0
vn 0.0 -1.0 0.0
vn 0.0 -1.0 0.0
vn 0.0 -1.0 0.0
vn 0.0 -1.0 0.0
vn 0.0 -1.0 0.0
vn 0.0 -1.0 0.0
vn 0.0 -1.0 0.0
vn 0.0 -1.0 0.0
vn 0.0 -1.0 0.0
vn 0.0 -1.0 0.0
vn -0.0 -1.0 0.0
vn 0.0 -1.0 0.0
vn 0.0 -1.0 0.0
vn 0.0 -1.0 0.0
vn 0.0 -1.0 0.0
vn 0.0 -1.0 0.0
vn 0.0 -1.0 0.0
vn 0.0 -1.0 0.0
vn 0.0 -1.0 0.0
vn 0.0 -1.0 0.0
vn 0.0 -1.0 0.0
vn 0.0 -1.0 0.0
vn 0.0 -1.0 0.0
vn 0.0 -1.0 0.0
vn 0.0 -1.0 0.0
vn 0.0 -1.0 0.0
vn 0.0 -1.0 0.0
vn 0.0 -1.0 0.0
vn 0.0 -1.0 0.0
vn 0.0 -1.0 0.0
vn 0.0 -1.0 0.0
vn 0.0 -1.0 0.0
vn 0.0 -1.0 0.0
vn 0.0 -1.0 0.0
vn 0.0 -1.0 0.0
vn 0.0 -1.0 0.0
vn 0.0 -1.0 0.0
vn 0.0 -1.0 0.0
vn 0.0 -1.0 0.0
vn 0.0 -1.0 0.0
vn 0.0 -1.0 0.0
vn 0.0 -1.0 0.0
vn 0.297267 -0.939689 -0.169163
vn 0.29725 -0.939692 -0.169176
vn 0.297248 -0.939693 -0.169177
vn 0.297237 -0.939695 -0.169185
vn 0.297245 -0.939695 -0.169169
vn 0.297256 -0.939691 -0.169171
vn 0.297246 -0.939695 -0.169169
vn 0.297241 -0.939694 -0.169182
vn 0.297274 -0.939679 -0.169208
vn 0.297262 -0.93969 -0.169168
vn 0.297234 -0.939701 -0.169157
vn 0.297258 -0.939691 -0.16917
vn 0.297247 -0.939694 -0.169172
vn 0.297229 -0.939697 -0.169188
vn 0.297248 -0.939693 -0.169174
vn 0.297247 -0.939693 -0.169178
vn 0.297246 -0.939694 -0.169172
vn 0.297264 -0.939689 -0.169168
vn 0.297253 -0.939691 -0.169178
vn 0.297245 -0.939694 -0.169178
vn 0.297265 -0.939685 -0.169188
vn 0.297247 -0.939693 -0.169177
vn 0.297228 -0.939702 -0.16916
vn 0.297255 -0.939691 -0.169173
vn 0.297254 -0.939691 -0.169177
vn 0.29725 -0.939693 -0.169176
vn 0.297248 -0.939693 -0.169176
vn 0.297251 -0.939689 -0.169192
vn 0.297249 -0.939695 -0.169162
vn 0.297249 -0.939695 -0.169163
vn 0.29725 -0.939692 -0.169182
vn 0.29725 -0.93969 -0.169189
vn 0.29725 -0.939697 -0.16915
vn 0.297249 -0.939689 -0.169198
vn 0.29725 -0.939692 -0.169178
vn 0.29725 -0.939694 -0.169166
vn 0.29725 -0.939694 -0.169169
vn 0.297249 -0.939692 -0.169181
vn 0.297249 -0.939692 -0.16918
vn 0.297238 -0.939696 -0.169175
vn 0.297282 -0.939682 -0.169178
vn 0.297232 -0.939699 -0.169173
vn 0.297257 -0.93969 -0.169176
vn 0.297256 -0.939691 -0.169176
vn 0.297234 -0.939698 -0.169172
vn 0.297253 -0.939691 -0.169176
vn 0.297258 -0.93969 -0.169178
vn 0.297242 -0.939696 -0.169172
vn 0.297256 -0.93969 -0.169178
vn 0.297251 -0.939692 -0.169176
vn 0.29725 -0.939693 -0.169175
vn -0.852199 1.6e-05 0.523217
vn -0.852449 0.0 0.522811
vn -0.816414 -1.5e-05 0.577467
vn -0.815623 2.9e-05 0.578584
vn -0.776922 -3.3e-05 0.629596
vn -0.775386 4.5e-05 0.631487
vn -0.734097 -4.6e-05 0.679044
vn -0.731786 6e-05 0.681535
vn -0.684995 7.2e-05 0.728548
vn -0.68808 -5.9e-05 0.725635
vn -0.635043 8.7e-05 0.772477
vn -0.639156 -7.4e-05 0.769077
vn -0.582443 0.000101 0.812871
vn -0.587511 -8.5e-05 0.809216
vn -0.527212 0.000115 0.849734
vn -0.533341 -9.7e-05 0.8459
vn -0.469689 0.000125 0.882832
vn -0.476812 -0.000109 0.879005
vn -0.410032 0.000137 0.912071
vn -0.418333 -0.000122 0.908294
vn -0.348669 0.000145 0.937246
vn -0.358001 -0.000133 0.933721
vn -0.285571 0.000159 0.958358
vn -0.296235 -0.000147 0.955115
vn -0.221445 0.000168 0.975173
vn -0.233044 -0.000154 0.972466
vn -0.156231 0.000179 0.987721
vn -0.169049 -0.000165 0.985608
vn -0.090374 0.000186 0.995908
vn -0.104132 -0.000173 0.994563
vn -0.024024 0.000195 0.999711
vn -0.038885 -0.000185 0.999244
vn 0.042324 0.000203 0.999104
vn 0.026531 -0.000193 0.999648
vn 0.108602 0.000212 0.994085
vn 0.091859 -0.000201 0.995772
vn 0.17421 0.000219 0.984709
vn 0.156784 -0.000207 0.987633
vn 0.239247 0.000226 0.970959
vn 0.221037 -0.000216 0.975265
vn 0.303156 0.000233 0.952941
vn 0.284365 -0.000222 0.958716
vn 0.365721 0.000239 0.930725
vn 0.346458 -0.000228 0.938065
vn 0.426635 0.000244 0.904424
vn 0.407077 -0.000234 0.913394
vn 0.485782 0.000249 0.87408
vn 0.465951 -0.000241 0.88481
vn 0.522811 -0.000244 0.852449
vn 0.542631 0.000253 0.839971
vn 0.577412 -0.00025 0.816453
vn 0.59199 0.000122 0.805946
vn 0.629596 -0.000156 0.776922
vn 0.634069 -3e-06 0.773276
vn 0.679089 6e-06 0.734056
vn 0.679255 1.3e-05 0.733902
vn 0.725595 -1.2e-05 0.688122
vn 0.726503 2.9e-05 0.687163
vn 0.769077 -2.6e-05 0.639156
vn 0.770506 4.2e-05 0.637433
vn 0.809245 -4e-05 0.587471
vn 0.811032 5.1e-05 0.585002
vn 0.8459 -5.3e-05 0.533341
vn 0.848029 6.3e-05 0.52995
vn 0.879005 -5.9e-05 0.476812
vn 0.881146 6.9e-05 0.472844
vn 0.908294 -6.7e-05 0.418333
vn 0.910397 7.4e-05 0.413736
vn 0.935669 7.7e-05 0.352878
vn 0.933721 -7.4e-05 0.358001
vn 0.955115 -7.7e-05 0.296235
vn 0.956823 8e-05 0.290672
vn 0.973814 7.9e-05 0.227346
vn 0.972462 -7.8e-05 0.233062
vn 0.986599 7.7e-05 0.163165
vn 0.985622 -7.9e-05 0.168968
vn 0.99515 7.6e-05 0.098367
vn 0.994555 -7.9e-05 0.104214
vn 0.999441 7e-05 0.033417
vn 0.999244 -7.4e-05 0.038882
vn 0.999495 6.6e-05 -0.031778
vn 0.999648 -7.2e-05 -0.026531
vn 0.995323 6e-05 -0.096606
vn 0.995772 -6.6e-05 -0.091859
vn 0.986981 5.1e-05 -0.160836
vn 0.987633 -5.8e-05 -0.156784
vn 0.974467 4.4e-05 -0.224531
vn 0.975266 -5.2e-05 -0.221037
vn 0.95791 3.4e-05 -0.287068
vn 0.958716 -4.1e-05 -0.284365
vn 0.937367 2.2e-05 -0.348343
vn 0.938055 -3.1e-05 -0.346485
vn 0.912906 1e-05 -0.408171
vn 0.913394 -2.3e-05 -0.407077
vn 0.884616 0.0 -0.466321
vn 0.884828 -1.3e-05 -0.465917
vn -0.852449 0.0 0.522811
vn -0.852199 -1.6e-05 0.523217
vn -0.816414 1.5e-05 0.577467
vn -0.776922 3.3e-05 0.629596
vn -0.815623 -2.9e-05 0.578584
vn -0.734097 4.6e-05 0.679044
vn -0.775386 -4.5e-05 0.631487
vn -0.68808 5.9e-05 0.725635
vn -0.731786 -6e-05 0.681535
vn -0.639156 7.4e-05 0.769077
vn -0.684995 -7.2e-05 0.728548
vn -0.587511 8.5e-05 0.809216
vn -0.635043 -8.7e-05 0.772477
vn -0.533341 9.7e-05 0.8459
vn -0.582443 -0.000101 0.812871
vn -0.476812 0.000109 0.879005
vn -0.527212 -0.000115 0.849734
vn -0.418333 0.000122 0.908294
vn -0.469689 -0.000125 0.882832
vn -0.358001 0.000133 0.933721
vn -0.410032 -0.000137 0.912071
vn -0.296235 0.000147 0.955115
vn -0.348669 -0.000145 0.937246
vn -0.233044 0.000154 0.972466
vn -0.285571 -0.000159 0.958358
vn -0.169049 0.000165 0.985608
vn -0.221445 -0.000168 0.975173
vn -0.104132 0.000173 0.994563
vn -0.156231 -0.000179 0.987721
vn -0.038885 0.000185 0.999244
vn -0.090374 -0.000186 0.995908
vn 0.026531 0.000193 0.999648
vn -0.024024 -0.000195 0.999711
vn 0.091859 0.000201 0.995772
vn 0.042324 -0.000203 0.999104
vn 0.156784 0.000207 0.987633
vn 0.108602 -0.000212 0.994085
vn 0.221037 0.000216 0.975265
vn 0.17421 -0.000219 0.984709
vn 0.284365 0.000222 0.958716
vn 0.239247 -0.000226 0.970959
vn 0.346458 0.000228 0.938065
vn 0.303156 -0.000233 0.952941
vn 0.407077 0.000234 0.913394
vn 0.365721 -0.000239 0.930725
vn 0.465951 0.000241 0.88481
vn 0.426635 -0.000244 0.904424
vn 0.522811 0.000244 0.852449
vn 0.485782 -0.000249 0.87408
vn 0.542631 -0.000253 0.839971
vn 0.577412 0.00025 0.816453
vn 0.59199 -0.000122 0.805946
vn 0.629596 0.000156 0.776922
vn 0.634069 3e-06 0.773276
vn 0.679089 -6e-06 0.734056
vn 0.679255 -1.3e-05 0.733902
vn 0.725595 1.2e-05 0.688122
vn 0.726503 -2.9e-05 0.687163
vn 0.769077 2.6e-05 0.639156
vn 0.770506 -4.2e-05 0.637433
vn 0.809245 4e-05 0.587471
vn 0.811032 -5.1e-05 0.585002
vn 0.8459 5.3e-05 0.533341
vn 0.848029 -6.3e-05 0.52995
vn 0.879005 5.9e-05 0.476812
vn 0.881146 -6.9e-05 0.472844
vn 0.908294 6.7e-05 0.418333
vn 0.933721 7.4e-05 0.358001
vn 0.910397 -7.4e-05 0.413736
vn 0.955115 7.7e-05 0.296235
vn 0.935669 -7.7e-05 0.352878
vn 0.972462 7.8e-05 0.233062
vn 0.956823 -8e-05 0.290672
vn 0.985622 7.9e-05 0.168968
vn 0.973814 -7.9e-05 0.227346
vn 0.994555 7.9e-05 0.104214
vn 0.986599 -7.7e-05 0.163165
vn 0.999244 7.4e-05 0.038882
vn 0.99515 -7.6e-05 0.098367
vn 0.999648 7.2e-05 -0.026531
vn 0.999441 -7e-05 0.033417
vn 0.995772 6.6e-05 -0.091859
vn 0.999495 -6.6e-05 -0.031778
vn 0.987633 5.8e-05 -0.156784
vn 0.995323 -6e-05 -0.096606
vn 0.975266 5.2e-05 -0.221037
vn 0.986981 -5.1e-05 -0.160836
vn 0.958716 4.1e-05 -0.284365
vn 0.974467 -4.4e-05 -0.224531
vn 0.938055 3.1e-05 -0.346485
vn 0.95791 -3.4e-05 -0.287068
vn 0.913394 2.3e-05 -0.407077
vn 0.937367 -2.2e-05 -0.348343
vn 0.884828 1.3e-05 -0.465917
vn 0.912906 -1e-05 -0.408171
vn 0.884616 0.0 -0.466321
vn 0.853734 0.0 -0.52071
vn 0.852426 -6.5e-05 -0.522848
vn 0.820716 5.8e-05 -0.571337
vn 0.816441 -0.000119 -0.577428
vn 0.785373 0.000102 -0.619023
vn 0.776922 -0.000179 -0.629596
vn 0.747982 0.000151 -0.663719
vn 0.734097 -0.000215 -0.679044
vn 0.708071 0.000179 -0.706141
vn 0.688078 -0.000231 -0.725637
vn 0.665662 0.000183 -0.746253
vn 0.639165 -0.000225 -0.76907
vn 0.620901 0.000167 -0.783889
vn 0.587511 -0.000196 -0.809216
vn 0.574055 0.000131 -0.818817
vn 0.533282 -0.000148 -0.845938
vn 0.525139 7.1e-05 -0.851016
vn 0.476876 -8.2e-05 -0.878971
vn 0.421733 7e-06 -0.90672
vn 0.474271 -5e-06 -0.880379
vn 0.418264 -9.2e-05 -0.908325
vn 0.367562 8e-05 -0.929999
vn 0.358073 -0.000156 -0.933693
vn 0.312141 0.000138 -0.950036
vn 0.296159 -0.000204 -0.955139
vn 0.255415 0.000175 -0.966831
vn 0.233141 -0.000233 -0.972443
vn 0.197665 0.000197 -0.98027
vn 0.139279 0.0002 -0.990253
vn 0.168968 -0.000242 -0.985621
vn 0.080218 0.000187 -0.996777
vn 0.104214 -0.000238 -0.994555
vn 0.020715 0.000157 -0.999785
vn 0.038882 -0.000216 -0.999244
vn -0.038867 0.000111 -0.999244
vn -0.026531 -0.000178 -0.999648
vn -0.098469 5.2e-05 -0.99514
vn -0.091859 -0.000124 -0.995772
vn -0.216421 2.7e-05 -0.9763
vn -0.157648 -2.9e-05 -0.987495
vn -0.156865 -5.2e-05 -0.98762
vn -0.274502 9.5e-05 -0.961586
vn -0.221037 -0.000106 -0.975265
vn -0.33173 0.000149 -0.943374
vn -0.284365 -0.000169 -0.958716
vn -0.387587 0.000192 -0.921833
vn -0.346412 -0.000213 -0.938082
vn -0.407077 -0.000249 -0.913394
vn -0.445088 0.000254 -0.895487
vn -0.465917 -0.000242 -0.884828
vn -0.503434 0.000251 -0.864034
vn -0.522811 -0.000239 -0.852449
vn -0.559706 0.000245 -0.828691
vn -0.577467 -0.000234 -0.816414
vn -0.613511 0.000239 -0.789687
vn -0.629596 -0.000226 -0.776922
vn -0.664465 0.000234 -0.747319
vn -0.679089 -0.000223 -0.734056
vn -0.712642 0.000225 -0.701528
vn -0.725637 -0.000217 -0.688078
vn -0.757616 0.000217 -0.6527
vn -0.769036 -0.000209 -0.639205
vn -0.799274 0.000212 -0.600967
vn -0.809216 -0.000199 -0.587511
vn -0.837404 0.000206 -0.546584
vn -0.845961 -0.000192 -0.533244
vn -0.871796 0.000196 -0.489869
vn -0.878971 -0.000183 -0.476876
vn -0.902386 0.000187 -0.430929
vn -0.908279 -0.000174 -0.418364
vn -0.929 0.000179 -0.37008
vn -0.933721 -0.000165 -0.358001
vn -0.951521 0.000168 -0.307585
vn -0.955139 -0.000155 -0.296159
vn -0.96982 0.000158 -0.243824
vn -0.972447 -0.000145 -0.233122
vn -0.983874 0.000147 -0.178864
vn -0.985621 -0.000133 -0.168968
vn -0.993566 0.000136 -0.113256
vn -0.994555 -0.000122 -0.104214
vn -0.998892 0.000125 -0.047064
vn -0.999244 -0.000111 -0.038885
vn -0.999813 0.000112 0.019365
vn -0.999648 -9.8e-05 0.026531
vn -0.996327 0.0001 0.085635
vn -0.995772 -8.6e-05 0.091859
vn -0.988434 8.7e-05 0.151652
vn -0.97622 7.6e-05 0.216783
vn -0.987633 -7.1e-05 0.156784
vn -0.959655 5.8e-05 0.28118
vn -0.975252 -6.1e-05 0.221098
vn -0.938903 4.7e-05 0.344183
vn -0.958732 -4.4e-05 0.284311
vn -0.91398 3.1e-05 0.405759
vn -0.938065 -3e-05 0.346458
vn -0.885037 1.6e-05 0.465521
vn -0.913394 -1.5e-05 0.407077
vn -0.88481 0.0 0.465951
vn 0.853734 0.0 -0.52071
vn 0.852426 6.5e-05 -0.522848
vn 0.820716 -5.8e-05 -0.571337
vn 0.816441 0.000119 -0.577428
vn 0.785373 -0.000102 -0.619023
vn 0.776922 0.000179 -0.629596
vn 0.747982 -0.000151 -0.663719
vn 0.734097 0.000215 -0.679044
vn 0.708071 -0.000179 -0.706141
vn 0.688078 0.000231 -0.725637
vn 0.665662 -0.000183 -0.746253
vn 0.639165 0.000225 -0.76907
vn 0.620901 -0.000167 -0.783889
vn 0.587511 0.000196 -0.809216
vn 0.574055 -0.000131 -0.818817
vn 0.533282 0.000148 -0.845938
vn 0.525139 -7.1e-05 -0.851016
vn 0.476876 8.2e-05 -0.878971
vn 0.474271 5e-06 -0.880379
vn 0.421733 -7e-06 -0.90672
vn 0.418264 9.2e-05 -0.908325
vn 0.367562 -8e-05 -0.929999
vn 0.358073 0.000156 -0.933693
vn 0.312141 -0.000138 -0.950036
vn 0.296159 0.000204 -0.955139
vn 0.255415 -0.000175 -0.966831
vn 0.233141 0.000233 -0.972443
vn 0.197665 -0.000197 -0.98027
vn 0.168968 0.000242 -0.985621
vn 0.139279 -0.0002 -0.990253
vn 0.104214 0.000238 -0.994555
vn 0.038882 0.000216 -0.999244
vn 0.080218 -0.000187 -0.996777
vn -0.026531 0.000178 -0.999648
vn 0.020715 -0.000157 -0.999785
vn -0.091859 0.000124 -0.995772
vn -0.038867 -0.000111 -0.999244
vn -0.156865 5.2e-05 -0.98762
vn -0.098469 -5.2e-05 -0.99514
vn -0.157648 2.9e-05 -0.987495
vn -0.221037 0.000106 -0.975265
vn -0.216421 -2.7e-05 -0.9763
vn -0.284365 0.000169 -0.958716
vn -0.274502 -9.5e-05 -0.961586
vn -0.346412 0.000213 -0.938082
vn -0.33173 -0.000149 -0.943374
vn -0.407077 0.000249 -0.913394
vn -0.387587 -0.000192 -0.921833
vn -0.445088 -0.000254 -0.895487
vn -0.465917 0.000242 -0.884828
vn -0.503434 -0.000251 -0.864034
vn -0.522811 0.000239 -0.852449
vn -0.559706 -0.000245 -0.828691
vn -0.577467 0.000234 -0.816414
vn -0.613511 -0.000239 -0.789687
vn -0.629596 0.000226 -0.776922
vn -0.664465 -0.000234 -0.747319
vn -0.679089 0.000223 -0.734056
vn -0.712642 -0.000225 -0.701528
vn -0.725637 0.000217 -0.688078
vn -0.757616 -0.000217 -0.6527
vn -0.769036 0.000209 -0.639205
vn -0.799274 -0.000212 -0.600967
vn -0.809216 0.000199 -0.587511
vn -0.837404 -0.000206 -0.546584
vn -0.845961 0.000192 -0.533244
vn -0.871796 -0.000196 -0.489869
vn -0.878971 0.000183 -0.476876
vn -0.902386 -0.000187 -0.430929
vn -0.908279 0.000174 -0.418364
vn -0.929 -0.000179 -0.37008
vn -0.933721 0.000165 -0.358001
vn -0.951521 -0.000168 -0.307585
vn -0.955139 0.000155 -0.296159
vn -0.96982 -0.000158 -0.243824
vn -0.972447 0.000145 -0.233122
vn -0.983874 -0.000147 -0.178864
vn -0.985621 0.000133 -0.168968
vn -0.993566 -0.000136 -0.113256
vn -0.994555 0.000122 -0.104214
vn -0.998892 -0.000125 -0.047064
vn -0.999244 0.000111 -0.038885
vn -0.999813 -0.000112 0.019365
vn -0.999648 9.8e-05 0.026531
vn -0.996327 -0.0001 0.085635
vn -0.995772 8.6e-05 0.091859
vn -0.988434 -8.7e-05 0.151652
vn -0.987633 7.1e-05 0.156784
vn -0.97622 -7.6e-05 0.216783
vn -0.975252 6.1e-05 0.221098
vn -0.959655 -5.8e-05 0.28118
vn -0.958732 4.4e-05 0.284311
vn -0.938903 -4.7e-05 0.344183
vn -0.938065 3e-05 0.346458
vn -0.91398 -3.1e-05 0.405759
vn -0.913394 1.5e-05 0.407077
vn -0.88481 0.0 0.465951
vn -0.885037 -1.6e-05 0.465521
vn -0.863134 -0.11698 0.491239
vn -0.863134 -0.11698 0.491239
vn -0.861897 0.128484 0.490536
vn -0.861897 0.128484 0.490536
vn 0.0 1.0 0.0
vn -0.0 1.0 -0.0
vn 0.0 1.0 0.0
vn 0.0 1.0 -0.0
vn 0.0 1.0 0.0
vn 0.0 1.0 -0.0
vn 0.0 1.0 0.0
vn 0.0 1.0 -0.0
vn 0.0 1.0 0.0
vn 0.0 1.0 0.0
vn 0.0 1.0 0.0
vn 0.0 1.0 0.0
vn 0.0 1.0 0.0
vn 0.0 1.0 0.0
vn 0.0 1.0 0.0
vn 0.0 1.0 0.0
vn 0.0 1.0 0.0
vn 0.0 1.0 0.0
vn 0.0 1.0 0.0
vn 0.0 1.0 0.0
vn 0.0 1.0 0.0
vn 0.0 1.0 0.0
vn 0.0 1.0 0.0
vn -0.0 1.0 0.0
vn 0.0 1.0 0.0
vn -0.0 1.0 0.0
vn 0.0 1.0 0.0
vn -0.0 1.0 0.0
vn 0.0 1.0 0.0
vn -0.0 1.0 0.0
vn -0.0 1.0 0.0
vn -0.0 1.0 0.0
vn -0.0 1.0 0.0
vn -0.0 1.0 0.0
vn -0.0 1.0 0.0
vn -0.0 1.0 0.0
vn -0.0 1.0 0.0
vn -0.0 1.0 0.0
vn -0.0 1.0 0.0
vn -0.0 1.0 0.0
vn -0.0 1.0 0.0
vn -0.0 1.0 0.0
vn -0.0 1.0 0.0
vn 0.0 1.0 0.0
vn 0.0 1.0 0.0
vn 0.0 1.0 0.0
vn 0.0 1.0 0.0
vn 0.0 1.0 0.0
vn 0.0 1.0 0.0
vn 0.0 1.0 0.0
vn 0.0 1.0 0.0
vn 0.0 1.0 0.0
vn 0.0 1.0 0.0
vn 0.0 1.0 0.0
vn 0.0 1.0 0.0
vn 0.0 1.0 0.0
vn 0.0 1.0 0.0
vn 0.0 1.0 0.0
vn 0.0 1.0 0.0
vn 0.0 1.0 0.0
vn 0.0 1.0 0.0
vn 0.0 1.0 0.0
vn 0.0 1.0 0.0
vn 0.0 1.0 0.0
vn 0.0 1.0 0.0
vn 0.0 1.0 0.0
vn 0.0 1.0 0.0
vn 0.0 1.0 0.0
vn 0.0 1.0 0.0
vn 0.0 1.0 0.0
vn 0.0 1.0 0.0
vn 0.0 1.0 0.0
vn 0.0 1.0 0.0
vn 0.0 1.0 0.0
vn 0.0 1.0 0.0
vn 0.0 1.0 0.0
vn 0.0 1.0 0.0
vn 0.0 1.0 0.0
vn 0.0 1.0 0.0
vn 0.0 1.0 0.0
vn 0.0 1.0 0.0
vn 0.0 1.0 0.0
vn 0.0 1.0 0.0
vn 0.0 1.0 0.0
vn 0.0 1.0 0.0
vn 0.0 1.0 0.0
vn 0.0 1.0 0.0
vn 0.0 1.0 0.0
vn 0.0 1.0 0.0
vn 0.0 1.0 0.0
vn 0.0 1.0 0.0
vn 0.0 1.0 0.0
vn 0.0 1.0 0.0
vn 0.0 1.0 0.0
vn 0.0 1.0 0.0
vn 0.0 1.0 0.0
vn 0.0 1.0 0.0
vn 0.0 1.0 0.0
vn 0.0 1.0 0.0
vn -0.0 1.0 0.0
vn 0.8691 0.0 -0.494636
vn 0.8691 0.0 -0.494636
vn 0.8691 0.0 -0.494637
vn 0.8691 0.0 -0.494637
vn 0.297254 0.939691 -0.169177
vn 0.297228 0.939702 -0.16916
vn 0.297266 0.939685 -0.169188
vn 0.297253 0.939691 -0.169178
vn 0.297246 0.939694 -0.169172
vn 0.297248 0.939693 -0.169174
vn 0.297247 0.939694 -0.169172
vn 0.297234 0.939701 -0.169157
vn 0.297274 0.939679 -0.169208
vn 0.297245 0.939695 -0.169169
vn 0.297245 0.939695 -0.169169
vn 0.297248 0.939693 -0.169178
vn 0.297267 0.93969 -0.169163
vn 0.297238 0.939695 -0.169185
vn 0.297256 0.939691 -0.169171
vn 0.29724 0.939695 -0.169182
vn 0.297261 0.93969 -0.169168
vn 0.297258 0.939691 -0.16917
vn 0.297229 0.939697 -0.169188
vn 0.297247 0.939693 -0.169177
vn 0.297264 0.93969 -0.169167
vn 0.297246 0.939693 -0.169178
vn 0.297248 0.939693 -0.169177
vn 0.297255 0.939691 -0.169173
vn 0.297249 0.939693 -0.169176
vn 0.29725 0.939693 -0.169176
vn 0.297238 0.939696 -0.169175
vn 0.297282 0.939682 -0.169178
vn 0.297232 0.939699 -0.169173
vn 0.297257 0.93969 -0.169176
vn 0.297256 0.939691 -0.169176
vn 0.297234 0.939698 -0.169172
vn 0.297253 0.939691 -0.169176
vn 0.297258 0.93969 -0.169178
vn 0.297242 0.939696 -0.169172
vn 0.297256 0.93969 -0.169178
vn 0.297251 0.939692 -0.169176
vn 0.29725 0.939693 -0.169176
vn 0.297251 0.939689 -0.169193
vn 0.297249 0.939695 -0.169162
vn 0.297249 0.939695 -0.169162
vn 0.29725 0.939692 -0.169182
vn 0.29725 0.93969 -0.169189
vn 0.29725 0.939697 -0.16915
vn 0.297249 0.939689 -0.169197
vn 0.29725 0.939692 -0.169178
vn 0.29725 0.939694 -0.169165
vn 0.29725 0.939694 -0.169169
vn 0.297249 0.939692 -0.169181
vn 0.297249 0.939692 -0.16918
vn 0.29725 0.939693 -0.169175
vn -0.0 1.0 -0.0
vn 0.0 1.0 0.0
vn 0.0 1.0 -0.0
vn -0.0 1.0 0.0
vn 0.0 1.0 0.0
vn 0.0 1.0 -0.0
vn -0.0 1.0 0.0
vn 0.0 1.0 -0.0
vn -0.0 1.0 0.0
vn 0.0 1.0 0.0
vn -0.0 1.0 0.0
vn 0.0 1.0 0.0
vn -0.0 1.0 0.0
vn 0.0 1.0 0.0
vn -0.0 1.0 0.0
vn 0.0 1.0 0.0
vn -0.0 1.0 0.0
vn 0.0 1.0 0.0
vn -0.0 1.0 0.0
vn 0.0 1.0 0.0
vn -0.0 1.0 0.0
vn 0.0 1.0 0.0
vn -0.0 1.0 0.0
vn 0.0 1.0 0.0
vn -0.0 1.0 0.0
vn -0.0 1.0 0.0
vn -0.0 1.0 0.0
vn -0.0 1.0 0.0
vn -0.0 1.0 0.0
vn -0.0 1.0 0.0
vn -0.0 1.0 0.0
vn -0.0 1.0 0.0
vn -0.0 1.0 0.0
vn -0.0 1.0 0.0
vn -0.0 1.0 0.0
vn -0.0 1.0 0.0
vn -0.0 1.0 0.0
vn -0.0 1.0 0.0
vn -0.0 1.0 0.0
vn -0.0 1.0 0.0
vn -0.0 1.0 0.0
vn 0.0 1.0 0.0
vn 0.0 1.0 0.0
vn 0.0 1.0 0.0
vn 0.0 1.0 0.0
vn 0.0 1.0 0.0
vn 0.0 1.0 0.0
vn 0.0 1.0 0.0
vn 0.0 1.0 0.0
vn 0.0 1.0 0.0
vn 0.0 1.0 0.0
vn 0.0 1.0 0.0
vn -0.0 1.0 0.0
vn 0.8691 0.0 -0.494636
vn 0.8691 0.0 -0.494636
vn -0.0 -1.0 0.0
vn 0.0 -1.0 0.0
vn -0.0 -1.0 0.0
vn 0.0 -1.0 0.0
vn 0.0 -1.0 0.0
vn -0.0 -1.0 0.0
vn 0.0 -1.0 0.0
vn -0.0 -1.0 0.0
vn 0.0 -1.0 0.0
vn 0.0 -1.0 0.0
vn 0.0 -1.0 0.0
vn 0.0 -1.0 0.0
vn 0.0 -1.0 0.0
vn 0.0 -1.0 0.0
vn 0.0 -1.0 0.0
vn 0.0 -1.0 0.0
vn 0.0 -1.0 0.0
vn 0.0 -1.0 0.0
vn 0.0 -1.0 0.0
vn 0.0 -1.0 0.0
vn 0.0 -1.0 0.0
vn 0.0 -1.0 0.0
vn 0.0 -1.0 0.0
vn 0.0 -1.0 0.0
vn 0.0 -1.0 0.0
vn 0.0 -1.0 0.0
vn 0.0 -1.0 0.0
vn 0.0 -1.0 0.0
vn 0.0 -1.0 0.0
vn 0.0 -1.0 0.0
vn 0.0 -1.0 0.0
vn 0.0 -1.0 0.0
vn 0.0 -1.0 0.0
vn 0.0 -1.0 0.0
vn 0.0 -1.0 0.0
vn 0.0 -1.0 0.0
vn 0.0 -1.0 0.0
vn 0.0 -1.0 0.0
vn 0.0 -1.0 0.0
vn 0.0 -1.0 0.0
vn 0.0 -1.0 0.0
vn 0.0 -1.0 0.0
vn 0.0 -1.0 0.0
vn 0.0 -1.0 0.0
vn 0.0 -1.0 0.0
vn 0.0 -1.0 0.0
vn 0.0 -1.0 0.0
vn 0.0 -1.0 0.0
vn 0.0 -1.0 0.0
vn 0.0 -1.0 0.0
vn 0.0 -1.0 0.0
vn 0.0 -1.0 0.0
vn 0.0 -1.0 0.0
vn 0.0 -1.0 0.0
vn 0.0 -1.0 0.0
vn 0.0 -1.0 0.0
vn 0.0 -1.0 0.0
vn 0.0 -1.0 0.0
vn 0.0 -1.0 0.0
vn 0.0 -1.0 0.0
vn -0.0 -1.0 0.0
vn 0.0 -1.0 0.0
vn 0.0 -1.0 0.0
vn 0.0 -1.0 0.0
vn 0.0 -1.0 0.0
vn 0.0 -1.0 0.0
vn 0.0 -1.0 0.0
vn 0.0 -1.0 0.0
vn 0.0 -1.0 0.0
vn 0.0 -1.0 0.0
vn 0.0 -1.0 0.0
vn 0.0 -1.0 0.0
vn 0.0 -1.0 0.0
vn 0.0 -1.0 0.0
vn 0.0 -1.0 0.0
vn 0.0 -1.0 0.0
vn 0.0 -1.0 0.0
vn 0.0 -1.0 0.0
vn 0.0 -1.0 0.0
vn 0.0 -1.0 0.0
vn 0.0 -1.0 0.0
vn 0.0 -1.0 0.0
vn 0.0 -1.0 0.0
vn 0.0 -1.0 0.0
vn 0.0 -1.0 0.0
vn 0.0 -1.0 0.0
vn 0.0 -1.0 0.0
vn 0.0 -1.0 0.0
vn 0.0 -1.0 0.0
vn 0.0 -1.0 0.0
vn 0.0 -1.0 0.0
vn 0.0 -1.0 0.0
vn 0.0 -1.0 0.0
vn 0.0 -1.0 0.0
vn 0.0 -1.0 0.0
vn 0.0 -1.0 0.0
vn 0.0 -1.0 0.0
vn 0.0 -1.0 0.0
vn 0.0 -1.0 0.0
vn 0.0 -1.0 0.0
vn -0.869101 0.0 0.494635
vn -0.869101 0.0 0.494635
vn -0.494636 -0.0 -0.8691
vn -0.494636 0.0 -0.8691
vn -0.494636 -0.0 -0.8691
vn -0.494636 -0.0 -0.869101
vn -0.494636 0.0 -0.8691
vn -0.494636 0.0 -0.8691
vn -0.494636 -0.0 -0.869101
vn -0.494636 0.0 -0.8691
vn -0.494635 -0.0 -0.869101
vn -0.494635 0.0 -0.869101
vn 0.494637 -0.0 0.8691
vn 0.494636 -1e-06 0.8691
vn 0.494636 -0.0 0.8691
vn 0.494636 -0.0 0.869101
vn 0.494637 0.0 0.8691
vn 0.494637 0.0 0.8691
vn 0.494636 -0.0 0.869101
vn 0.494636 1e-06 0.8691
vn 0.494636 -0.0 0.8691
vn 0.494636 -0.0 0.8691
vn -0.8691 0.0 0.494636
vn -0.8691 0.0 0.494636
vn 0.852426 0.0 -0.522848
vn 0.852426 0.0 -0.522848
vn 0.816441 0.0 -0.577428
vn 0.776922 0.0 -0.629596
vn 0.816441 0.0 -0.577428
vn 0.734097 0.0 -0.679044
vn 0.776922 0.0 -0.629596
vn 0.688078 0.0 -0.725637
vn 0.734097 0.0 -0.679044
vn 0.639165 0.0 -0.76907
vn 0.688078 0.0 -0.725637
vn 0.587511 0.0 -0.809216
vn 0.639165 0.0 -0.76907
vn 0.533282 0.0 -0.845938
vn 0.587511 0.0 -0.809216
vn 0.476876 0.0 -0.878971
vn 0.533282 0.0 -0.845938
vn 0.418264 0.0 -0.908325
vn 0.476876 0.0 -0.878971
vn 0.358073 0.0 -0.933693
vn 0.418264 0.0 -0.908325
vn 0.296159 0.0 -0.955139
vn 0.358073 0.0 -0.933693
vn 0.233141 0.0 -0.972443
vn 0.296159 0.0 -0.955139
vn 0.168968 0.0 -0.985621
vn 0.233141 0.0 -0.972443
vn 0.104214 0.0 -0.994555
vn 0.168968 0.0 -0.985621
vn 0.038882 0.0 -0.999244
vn 0.104214 0.0 -0.994555
vn -0.026531 0.0 -0.999648
vn 0.038882 0.0 -0.999244
vn -0.026531 0.0 -0.999648
vn -0.091859 0.0 -0.995772
vn -0.091859 -0.0 -0.995772
vn -0.156865 0.0 -0.98762
vn -0.156865 -0.0 -0.98762
vn -0.221037 0.0 -0.975265
vn -0.221037 -0.0 -0.975265
vn -0.284365 0.0 -0.958716
vn -0.284365 -0.0 -0.958716
vn -0.346412 0.0 -0.938082
vn -0.346412 -0.0 -0.938082
vn -0.407077 0.0 -0.913394
vn -0.407077 -0.0 -0.913394
vn -0.465917 0.0 -0.884828
vn -0.465917 -0.0 -0.884828
vn -0.522811 0.0 -0.852449
vn -0.522811 -0.0 -0.852449
vn -0.577467 -0.0 -0.816414
vn -0.577467 0.0 -0.816414
vn -0.629596 -0.0 -0.776922
vn -0.629596 0.0 -0.776922
vn -0.679089 -0.0 -0.734056
vn -0.679089 0.0 -0.734056
vn -0.725637 -0.0 -0.688078
vn -0.725637 0.0 -0.688078
vn -0.769036 -0.0 -0.639205
vn -0.769036 0.0 -0.639205
vn -0.809216 -0.0 -0.587511
vn -0.809216 0.0 -0.587511
vn -0.845961 -0.0 -0.533244
vn -0.845961 0.0 -0.533244
vn -0.878971 0.0 -0.476876
vn -0.878971 -0.0 -0.476876
vn -0.908279 0.0 -0.418364
vn -0.908279 -0.0 -0.418364
vn -0.933721 0.0 -0.358001
vn -0.933721 -0.0 -0.358001
vn -0.955139 0.0 -0.296159
vn -0.955139 -0.0 -0.296159
vn -0.972448 0.0 -0.233122
vn -0.972448 -0.0 -0.233122
vn -0.985621 0.0 -0.168968
vn -0.985621 -0.0 -0.168968
vn -0.994555 0.0 -0.104214
vn -0.994555 -0.0 -0.104214
vn -0.999244 0.0 -0.038885
vn -0.999244 -0.0 -0.038885
vn -0.999648 0.0 0.026531
vn -0.999648 0.0 0.026531
vn -0.995772 0.0 0.091859
vn -0.995772 0.0 0.091859
vn -0.987633 0.0 0.156784
vn -0.987633 0.0 0.156784
vn -0.975252 0.0 0.221098
vn -0.975252 0.0 0.221098
vn -0.958732 0.0 0.284311
vn -0.958732 0.0 0.284311
vn -0.938065 0.0 0.346458
vn -0.938065 0.0 0.346458
vn -0.913394 0.0 0.407077
vn -0.88481 0.0 0.465951
vn -0.913394 0.0 0.407077
vn -0.88481 0.0 0.465951
vn -0.852449 0.0 0.522811
vn -0.852449 0.0 0.522811
vn -0.816414 0.0 0.577467
vn -0.816414 0.0 0.577467
vn -0.776922 0.0 0.629596
vn -0.776922 0.0 0.629596
vn -0.734097 0.0 0.679044
vn -0.734097 0.0 0.679044
vn -0.68808 0.0 0.725635
vn -0.68808 0.0 0.725635
vn -0.639156 0.0 0.769077
vn -0.639156 0.0 0.769077
vn -0.587511 0.0 0.809216
vn -0.587511 0.0 0.809216
vn -0.533341 0.0 0.8459
vn -0.533341 0.0 0.8459
vn -0.476812 0.0 0.879005
vn -0.476812 0.0 0.879005
vn -0.418333 0.0 0.908294
vn -0.418333 0.0 0.908294
vn -0.358001 0.0 0.933721
vn -0.358001 0.0 0.933721
vn -0.296235 0.0 0.955115
vn -0.296235 0.0 0.955115
vn -0.233044 0.0 0.972466
vn -0.233044 0.0 0.972466
vn -0.169049 0.0 0.985608
vn -0.169049 0.0 0.985608
vn -0.104132 0.0 0.994563
vn -0.104132 0.0 0.994563
vn -0.038885 0.0 0.999244
vn -0.038885 0.0 0.999244
vn 0.026531 0.0 0.999648
vn 0.026531 0.0 0.999648
vn 0.091859 0.0 0.995772
vn 0.091859 0.0 0.995772
vn 0.156784 0.0 0.987633
vn 0.156784 0.0 0.987633
vn 0.221037 0.0 0.975265
vn 0.221037 0.0 0.975265
vn 0.284365 0.0 0.958716
vn 0.284365 0.0 0.958716
vn 0.346458 0.0 0.938065
vn 0.346458 0.0 0.938065
vn 0.407077 0.0 0.913394
vn 0.407077 0.0 0.913394
vn 0.465951 0.0 0.88481
vn 0.465951 0.0 0.88481
vn 0.522811 0.0 0.852449
vn 0.522811 0.0 0.852449
vn 0.577412 0.0 0.816453
vn 0.577412 0.0 0.816453
vn 0.629596 0.0 0.776922
vn 0.629596 0.0 0.776922
vn 0.679089 0.0 0.734056
vn 0.679089 0.0 0.734056
vn 0.725595 0.0 0.688122
vn 0.725595 0.0 0.688122
vn 0.769077 -0.0 0.639156
vn 0.769077 0.0 0.639156
vn 0.809245 0.0 0.587471
vn 0.809245 0.0 0.587471
vn 0.8459 -0.0 0.533341
vn 0.8459 0.0 0.533341
vn 0.879005 0.0 0.476812
vn 0.879005 0.0 0.476812
vn 0.908294 0.0 0.418333
vn 0.908294 0.0 0.418333
vn 0.933721 0.0 0.358001
vn 0.955115 -0.0 0.296235
vn 0.933721 0.0 0.358001
vn 0.972462 -0.0 0.233062
vn 0.955115 0.0 0.296235
vn 0.985621 -0.0 0.168968
vn 0.972462 0.0 0.233062
vn 0.994555 -0.0 0.104214
vn 0.985621 0.0 0.168968
vn 0.994555 0.0 0.104214
vn 0.999244 0.0 0.038882
vn 0.999648 0.0 -0.026531
vn 0.999244 0.0 0.038882
vn 0.999648 0.0 -0.026531
vn 0.995772 0.0 -0.091859
vn 0.987633 0.0 -0.156784
vn 0.995772 0.0 -0.091859
vn 0.975265 0.0 -0.221037
vn 0.987633 0.0 -0.156784
vn 0.975265 0.0 -0.221037
vn 0.958716 0.0 -0.284365
vn 0.938056 0.0 -0.346485
vn 0.958716 0.0 -0.284365
vn 0.913394 0.0 -0.407077
vn 0.938056 0.0 -0.346485
vn 0.913394 0.0 -0.407077
vn 0.884828 0.0 -0.465917
vn 0.884828 0.0 -0.465917
vn -0.920197 0.0 -0.391457
vn -0.934503 0.0 -0.355956
vn -0.934503 0.0 -0.355956
vn -0.920197 0.0 -0.391457
vn -0.904536 0.0 -0.426397
vn -0.904536 0.0 -0.426397
vn -0.887526 0.0 -0.460758
vn -0.887526 0.0 -0.460758
vn -0.86922 0.0 -0.494425
vn -0.86922 0.0 -0.494425
vn -0.849665 0.0 -0.527323
vn -0.849665 0.0 -0.527323
vn -0.828848 0.0 -0.559474
vn -0.828848 0.0 -0.559474
vn -0.806803 0.0 -0.590821
vn -0.806803 0.0 -0.590821
vn -0.783565 0.0 -0.62131
vn -0.783565 0.0 -0.62131
vn -0.759223 0.0 -0.65083
vn -0.759223 0.0 -0.65083
vn -0.733707 0.0 -0.679465
vn -0.733707 0.0 -0.679465
vn -0.707154 0.0 -0.70706
vn -0.707154 0.0 -0.70706
vn -0.679587 0.0 -0.733595
vn -0.679587 0.0 -0.733595
vn -0.650959 0.0 -0.759113
vn -0.650959 0.0 -0.759113
vn -0.621414 0.0 -0.783483
vn -0.621414 0.0 -0.783483
vn -0.590958 0.0 -0.806702
vn -0.590958 0.0 -0.806702
vn -0.559615 0.0 -0.828753
vn -0.559615 0.0 -0.828753
vn -0.527467 0.0 -0.849575
vn -0.527467 0.0 -0.849575
vn -0.494572 0.0 -0.869137
vn -0.494572 0.0 -0.869137
vn -0.460852 0.0 -0.887477
vn -0.460852 0.0 -0.887477
vn -0.426588 0.0 -0.904446
vn -0.426588 0.0 -0.904446
vn -0.391593 0.0 -0.920138
vn -0.391593 0.0 -0.920138
vn -0.356095 0.0 -0.93445
vn -0.356095 0.0 -0.93445
vn -0.320035 0.0 -0.947406
vn -0.320035 0.0 -0.947406
vn -0.283539 0.0 -0.958961
vn -0.283539 0.0 -0.958961
vn -0.246577 0.0 -0.969123
vn -0.246577 0.0 -0.969123
vn -0.209271 0.0 -0.977858
vn -0.209271 0.0 -0.977858
vn -0.171652 0.0 -0.985158
vn -0.171652 0.0 -0.985158
vn -0.133796 0.0 -0.991009
vn -0.133796 0.0 -0.991009
vn -0.095783 0.0 -0.995402
vn -0.095783 0.0 -0.995402
vn -0.057549 0.0 -0.998343
vn -0.057549 0.0 -0.998343
vn -0.019309 0.0 -0.999814
vn -0.019309 0.0 -0.999814
vn 0.019025 0.0 -0.999819
vn 0.019025 0.0 -0.999819
vn 0.057313 0.0 -0.998356
vn 0.057313 0.0 -0.998356
vn 0.095502 0.0 -0.995429
vn 0.095502 0.0 -0.995429
vn 0.133558 0.0 -0.991041
vn 0.133558 0.0 -0.991041
vn 0.171415 0.0 -0.985199
vn 0.171415 0.0 -0.985199
vn 0.208991 0.0 -0.977918
vn 0.208991 0.0 -0.977918
vn 0.246344 0.0 -0.969182
vn 0.246344 0.0 -0.969182
vn 0.283252 0.0 -0.959045
vn 0.283252 0.0 -0.959045
vn 0.319752 0.0 -0.947501
vn 0.319752 0.0 -0.947501
vn 0.355858 0.0 -0.93454
vn 0.355858 0.0 -0.93454
vn 0.39136 0.0 -0.920238
vn 0.39136 0.0 -0.920238
vn 0.42634 0.0 -0.904563
vn 0.42634 0.0 -0.904563
vn 0.460627 0.0 -0.887594
vn 0.460627 0.0 -0.887594
vn 0.494333 0.0 -0.869273
vn 0.494333 0.0 -0.869273
vn 0.527234 0.0 -0.84972
vn 0.527234 0.0 -0.84972
vn 0.559419 0.0 -0.828885
vn 0.559419 0.0 -0.828885
vn 0.590737 0.0 -0.806864
vn 0.590737 0.0 -0.806864
vn 0.621206 0.0 -0.783647
vn 0.621206 0.0 -0.783647
vn 0.65078 0.0 -0.759267
vn 0.65078 0.0 -0.759267
vn 0.679342 0.0 -0.733822
vn 0.679342 0.0 -0.733822
vn 0.706989 0.0 -0.707225
vn 0.706989 0.0 -0.707225
vn 0.73355 0.0 -0.679636
vn 0.73355 0.0 -0.679636
vn 0.759027 0.0 -0.65106
vn 0.759027 0.0 -0.65106
vn 0.783418 0.0 -0.621495
vn 0.783418 0.0 -0.621495
vn 0.806647 0.0 -0.591034
vn 0.806647 0.0 -0.591034
vn 0.828694 0.0 -0.559702
vn 0.828694 0.0 -0.559702
vn 0.84952 0.0 -0.527557
vn 0.84952 0.0 -0.527557
vn 0.869084 0.0 -0.494664
vn 0.869084 0.0 -0.494664
vn 0.887429 0.0 -0.460945
vn 0.887429 0.0 -0.460945
vn 0.904401 0.0 -0.426684
vn 0.904401 0.0 -0.426684
vn 0.920097 0.0 -0.39169
vn 0.920097 0.0 -0.39169
vn 0.934412 0.0 -0.356194
vn 0.934412 0.0 -0.356194
vn 0.947377 0.0 -0.32012
vn 0.947377 0.0 -0.32012
vn 0.958931 0.0 -0.283638
vn 0.958931 0.0 -0.283638
vn 0.969101 0.0 -0.246666
vn 0.969101 0.0 -0.246666
vn 0.977836 0.0 -0.209371
vn 0.977836 0.0 -0.209371
vn 0.985132 0.0 -0.171797
vn 0.985132 0.0 -0.171797
vn 0.990997 0.0 -0.133883
vn 0.990997 0.0 -0.133883
vn 0.995393 0.0 -0.095881
vn 0.995393 0.0 -0.095881
vn 0.998335 0.0 -0.05769
vn 0.998335 0.0 -0.05769
vn 0.999813 0.0 -0.019356
vn 0.999822 -0.0 0.018883
vn 0.999813 0.0 -0.019356
vn 0.999822 -0.0 0.018883
vn 0.998362 0.0 0.057219
vn 0.998362 -0.0 0.057219
vn 0.995443 -0.0 0.095362
vn 0.995443 0.0 0.095362
vn 0.991054 -0.0 0.133459
vn 0.991054 0.0 0.133459
vn 0.985215 -0.0 0.171323
vn 0.985215 0.0 0.171323
vn 0.977937 -0.0 0.2089
vn 0.977937 0.0 0.2089
vn 0.969211 -0.0 0.246233
vn 0.969211 0.0 0.246233
vn 0.959071 -0.0 0.283166
vn 0.959071 0.0 0.283166
vn 0.947535 -0.0 0.319653
vn 0.947535 0.0 0.319653
vn 0.934572 -0.0 0.355775
vn 0.934572 0.0 0.355775
vn 0.920279 -0.0 0.391263
vn 0.920279 0.0 0.391263
vn 0.904626 -0.0 0.426206
vn 0.904626 0.0 0.426206
vn 0.887623 -0.0 0.460571
vn 0.887623 0.0 0.460571
vn 0.869325 -0.0 0.494241
vn 0.869325 0.0 0.494241
vn 0.849789 -0.0 0.527123
vn 0.849789 0.0 0.527123
vn 0.828943 -0.0 0.559333
vn 0.828943 0.0 0.559333
vn 0.806926 -0.0 0.590653
vn 0.806926 0.0 0.590653
vn 0.783712 0.0 0.621125
vn 0.783712 -0.0 0.621125
vn 0.75933 0.0 0.650706
vn 0.733867 -0.0 0.679293
vn 0.75933 -0.0 0.650706
vn 0.733867 -0.0 0.679293
vn 0.707319 0.0 0.706894
vn 0.707319 -0.0 0.706894
vn 0.67971 0.0 0.733481
vn 0.67971 -0.0 0.733481
vn 0.651137 -0.0 0.75896
vn 0.651137 0.0 0.75896
vn 0.62157 -0.0 0.783359
vn 0.62157 0.0 0.783359
vn 0.591149 -0.0 0.806563
vn 0.591149 0.0 0.806563
vn 0.559788 -0.0 0.828636
vn 0.559788 0.0 0.828636
vn 0.527633 -0.0 0.849472
vn 0.527633 0.0 0.849472
vn 0.494735 -0.0 0.869044
vn 0.494735 0.0 0.869044
vn 0.461096 -0.0 0.88735
vn 0.461096 0.0 0.88735
vn 0.426722 -0.0 0.904383
vn 0.426722 0.0 0.904383
vn 0.391827 -0.0 0.920039
vn 0.391827 0.0 0.920039
vn 0.356251 -0.0 0.93439
vn 0.356251 0.0 0.93439
vn 0.320261 -0.0 0.947329
vn 0.320261 0.0 0.947329
vn 0.283682 -0.0 0.958918
vn 0.283682 0.0 0.958918
vn 0.24681 -0.0 0.969064
vn 0.24681 0.0 0.969064
vn 0.209471 -0.0 0.977815
vn 0.209471 0.0 0.977815
vn 0.134028 -0.0 0.990978
vn 0.171881 -0.0 0.985118
vn 0.171881 0.0 0.985118
vn 0.134028 -0.0 0.990978
vn 0.095932 -0.0 0.995388
vn 0.095932 0.0 0.995388
vn 0.057784 -0.0 0.998329
vn 0.057784 0.0 0.998329
vn 0.019497 -0.0 0.99981
vn 0.019497 0.0 0.99981
vn -0.01879 0.0 0.999823
vn -0.01879 0.0 0.999823
vn -0.057122 0.0 0.998367
vn -0.057122 0.0 0.998367
vn -0.095268 0.0 0.995452
vn -0.133367 0.0 0.991067
vn -0.095268 0.0 0.995452
vn -0.133367 0.0 0.991067
vn -0.171178 0.0 0.98524
vn -0.171178 0.0 0.98524
vn 0.494636 0.0 0.8691
vn 0.494636 -0.0 0.8691
vn -0.494636 0.0 -0.8691
vn -0.494636 0.0 -0.8691
vn 0.0 -1.0 0.0
vn -0.0 -1.0 0.0
vn 0.0 -1.0 -0.0
vn 0.0 -1.0 0.0
vn -0.0 -1.0 0.0
vn 0.0 -1.0 -0.0
vn 0.0 -1.0 0.0
vn 0.0 -1.0 0.0
vn -0.0 -1.0 0.0
vn 0.0 -1.0 -0.0
vn 0.0 -1.0 0.0
vn 0.0 -1.0 0.0
vn -0.0 -1.0 0.0
vn 0.0 -1.0 -0.0
vn 0.0 -1.0 0.0
vn -0.0 -1.0 0.0
vn 0.0 -1.0 0.0
vn 0.0 -1.0 0.0
vn 0.0 -1.0 0.0
vn -0.0 -1.0 0.0
vn 0.0 -1.0 0.0
vn -0.0 -1.0 0.0
vn 0.0 -1.0 0.0
vn 0.0 -1.0 0.0
vn 0.0 -1.0 0.0
vn 0.0 -1.0 0.0
vn 0.0 -1.0 0.0
vn -0.0 -1.0 0.0
vn 0.0 -1.0 0.0
vn 0.0 -1.0 0.0
vn -0.0 -1.0 0.0
vn 0.0 -1.0 0.0
vn 0.0 -1.0 0.0
vn -0.0 -1.0 0.0
vn 0.0 -1.0 0.0
vn 0.0 -1.0 0.0
vn 0.0 -1.0 0.0
vn 0.0 -1.0 0.0
vn 0.0 -1.0 0.0
vn -0.0 -1.0 0.0
vn 0.0 -1.0 0.0
vn 0.0 -1.0 0.0
vn -0.0 -1.0 0.0
vn -0.0 -1.0 0.0
vn 0.0 -1.0 0.0
vn 0.0 -1.0 0.0
vn 0.0 -1.0 0.0
vn -0.0 -1.0 0.0
vn -0.0 -1.0 0.0
vn 0.0 -1.0 0.0
vn 0.0 -1.0 0.0
vn -0.0 -1.0 0.0
vn -0.0 -1.0 0.0
vn -0.0 -1.0 0.0
vn 0.0 -1.0 0.0
vn -0.0 -1.0 0.0
vn 0.0 -1.0 0.0
vn 0.0 -1.0 0.0
vn -0.0 -1.0 0.0
vn 0.0 -1.0 0.0
vn 0.0 -1.0 0.0
vn -0.0 -1.0 0.0
vn 0.0 -1.0 0.0
vn 0.0 -1.0 0.0
vn -0.0 -1.0 0.0
vn 0.0 -1.0 0.0
vn -0.0 -1.0 0.0
vn 0.0 -1.0 0.0
vn 0.0 -1.0 -0.0
vn -0.0 -1.0 0.0
vn 0.0 -1.0 0.0
vn 0.0 -1.0 0.0
vn 0.0 -1.0 -0.0
vn 0.0 -1.0 0.0
vn 0.0 -1.0 -0.0
vn 0.0 -1.0 0.0
vn 0.0 -1.0 0.0
vn 0.0 -1.0 -0.0
vn 0.0 -1.0 -0.0
vn -0.0 -1.0 0.0
vn -0.0 -1.0 0.0
vn 0.0 -1.0 0.0
vn -0.0 -1.0 0.0
vn 0.0 -1.0 0.0
vn 0.0 -1.0 0.0
vn 0.0 -1.0 0.0
vn 0.0 -1.0 -0.0
vn 0.0 -1.0 0.0
vn 0.0 -1.0 0.0
vn 0.0 -1.0 0.0
vn 0.0 -1.0 0.0
vn 0.0 -1.0 0.0
vn 0.0 -1.0 0.0
vn -0.0 -1.0 0.0
vn -0.0 -1.0 0.0
vn 0.0 -1.0 0.0
vn 0.0 -1.0 -0.0
vn 0.0 -1.0 0.0
vn -0.0 -1.0 0.0
vn 0.0 -1.0 0.0
vn 0.0 -1.0 -0.0
vn 0.0 -1.0 0.0
vn -0.0 -1.0 0.0
vn 0.0 -1.0 -0.0
vn -0.0 -1.0 0.0
vn 0.0 -1.0 0.0
vn 0.0 -1.0 0.0
vn 0.0 -1.0 -0.0
vn -0.0 -1.0 0.0
vn 0.0 -1.0 0.0
vn -0.0 -1.0 0.0
vn 0.0 -1.0 0.0
vn 0.0 -1.0 0.0
vn -0.0 -1.0 0.0
vn 0.0 -1.0 0.0
vn -0.0 -1.0 0.0
vn 0.0 -1.0 0.0
vn -0.0 -1.0 0.0
vn -0.0 -1.0 0.0
vn -0.0 -1.0 0.0
vn -0.0 -1.0 0.0
vn 0.0 -1.0 0.0
vn -0.0 -1.0 0.0
vn 0.0 -1.0 0.0
vn -0.0 -1.0 0.0
vn -0.0 -1.0 0.0
vn -0.0 -1.0 0.0
vn 0.0 -1.0 0.0
vn -0.0 -1.0 0.0
vn 0.0 -1.0 0.0
vn -0.0 -1.0 0.0
vn -0.0 -1.0 0.0
vn -0.0 -1.0 0.0
vn 0.0 -1.0 0.0
vn 0.0 -1.0 0.0
vn -0.0 -1.0 0.0
vn -0.0 -1.0 0.0
vn 0.0 -1.0 0.0
vn 0.0 -1.0 0.0
vn -0.0 -1.0 0.0
vn -0.0 -1.0 0.0
vn -0.0 -1.0 0.0
vn -0.0 -1.0 0.0
vn 0.0 -1.0 0.0
vn -0.0 -1.0 0.0
vn 0.0 -1.0 0.0
vn -0.0 -1.0 0.0
vn -0.0 -1.0 0.0
vn -0.0 -1.0 0.0
vn 0.0 -1.0 0.0
vn 0.0 -1.0 0.0
vn -0.0 -1.0 0.0
vn -0.0 -1.0 0.0
vn 0.0 -1.0 0.0
vn 0.0 -1.0 0.0
vn -0.0 -1.0 0.0
vn -0.0 -1.0 0.0
vn -0.0 -1.0 0.0
vn 0.0 -1.0 0.0
vn -0.0 -1.0 0.0
vn 0.0 -1.0 0.0
vn -0.0 -1.0 0.0
vn -0.0 -1.0 0.0
vn -0.0 -1.0 0.0
vn 0.0 -1.0 0.0
vn -0.0 -1.0 0.0
vn 0.0 -1.0 0.0
vn -0.0 -1.0 0.0
vn -0.0 -1.0 0.0
vn 0.0 -1.0 0.0
vn 0.0 -1.0 0.0
vn -0.0 -1.0 0.0
vn -0.0 -1.0 0.0
vn -0.0 -1.0 0.0
vn 0.0 -1.0 0.0
vn -0.0 -1.0 0.0
vn 0.0 -1.0 0.0
vn -0.0 -1.0 0.0
vn -0.0 -1.0 0.0
vn -0.0 -1.0 0.0
vn -0.0 -1.0 0.0
vn 0.0 -1.0 0.0
vn -0.0 -1.0 0.0
vn 0.0 -1.0 0.0
vn -0.0 -1.0 0.0
vn -0.0 -1.0 0.0
vn -0.0 -1.0 0.0
vn 0.0 -1.0 0.0
vn -0.0 -1.0 0.0
vn 0.0 -1.0 0.0
vn -0.0 -1.0 0.0
vn 0.0 -1.0 0.0
vn -0.0 -1.0 0.0
vn 0.0 -1.0 0.0
vn -0.0 -1.0 0.0
vn -0.0 -1.0 0.0
vn 0.0 -1.0 -0.0
vn 0.0 -1.0 0.0
vn -0.0 -1.0 0.0
vn 0.0 -1.0 0.0
vn 0.0 -1.0 -0.0
vn -0.0 -1.0 0.0
vn 0.0 -1.0 -0.0
vn 0.0 -1.0 0.0
vn -0.0 -1.0 0.0
vn 0.0 -1.0 0.0
vn 0.0 -1.0 -0.0
vn 0.0 -1.0 0.0
vn -0.0 -1.0 0.0
vn 0.0 -1.0 0.0
vn 0.0 -1.0 -0.0
vn -0.0 -1.0 0.0
vn 0.0 -1.0 -0.0
vn 0.0 -1.0 0.0
vn -0.0 -1.0 0.0
vn 0.0 -1.0 0.0
vn 0.0 -1.0 -0.0
vn -0.0 -1.0 0.0
vn 0.0 1.0 0.0
vn 0.0 1.0 0.0
vn -0.0 1.0 0.0
vn 0.0 1.0 0.0
vn 0.0 1.0 0.0
vn 0.0 1.0 0.0
vn 0.0 1.0 0.0
vn 0.0 1.0 0.0
vn -0.0 1.0 0.0
vn 0.0 1.0 0.0
vn 0.0 1.0 0.0
vn 0.0 1.0 0.0
vn -0.0 1.0 0.0
vn 0.0 1.0 0.0
vn 0.0 1.0 0.0
vn 0.0 1.0 0.0
vn 0.0 1.0 0.0
vn 0.0 1.0 0.0
vn -0.0 1.0 0.0
vn 0.0 1.0 0.0
vn 0.0 1.0 0.0
vn 0.0 1.0 0.0
vn 0.0 1.0 0.0
vn 0.0 1.0 0.0
vn 0.0 1.0 0.0
vn 0.0 1.0 0.0
vn 0.0 1.0 0.0
vn 0.0 1.0 0.0
vn 0.0 1.0 0.0
vn 0.0 1.0 0.0
vn 0.0 1.0 0.0
vn 0.0 1.0 0.0
vn 0.0 1.0 0.0
vn 0.0 1.0 0.0
vn 0.0 1.0 0.0
vn 0.0 1.0 0.0
vn 0.0 1.0 0.0
vn 0.0 1.0 0.0
vn 0.0 1.0 0.0
vn 0.0 1.0 0.0
vn 0.0 1.0 0.0
vn 0.0 1.0 0.0
vn 0.0 1.0 0.0
vn 0.0 1.0 0.0
vn 0.0 1.0 0.0
vn 0.0 1.0 0.0
vn 0.0 1.0 0.0
vn 0.0 1.0 0.0
vn 0.0 1.0 0.0
vn 0.0 1.0 0.0
vn 0.0 1.0 0.0
vn 0.0 1.0 0.0
vn 0.0 1.0 0.0
vn 0.0 1.0 0.0
vn 0.0 1.0 0.0
vn 0.0 1.0 0.0
vn 0.0 1.0 0.0
vn 0.0 1.0 0.0
vn 0.0 1.0 0.0
vn 0.0 1.0 0.0
vn 0.0 1.0 0.0
vn 0.0 1.0 0.0
vn 0.0 1.0 0.0
vn 0.0 1.0 0.0
vn 0.0 1.0 0.0
vn 0.0 1.0 0.0
vn 0.0 1.0 0.0
vn 0.0 1.0 0.0
vn 0.0 1.0 0.0
vn 0.0 1.0 0.0
vn 0.0 1.0 0.0
vn 0.0 1.0 0.0
vn 0.0 1.0 0.0
vn 0.0 1.0 0.0
vn 0.0 1.0 0.0
vn 0.0 1.0 0.0
vn 0.0 1.0 0.0
vn 0.0 1.0 0.0
vn 0.0 1.0 0.0
vn 0.0 1.0 0.0
vn 0.0 1.0 0.0
vn 0.0 1.0 0.0
vn 0.0 1.0 0.0
vn 0.0 1.0 0.0
vn 0.0 1.0 0.0
vn 0.0 1.0 0.0
vn 0.0 1.0 0.0
vn 0.0 1.0 0.0
vn 0.0 1.0 0.0
vn 0.0 1.0 0.0
vn 0.0 1.0 0.0
vn 0.0 1.0 0.0
vn 0.0 1.0 0.0
vn 0.0 1.0 0.0
vn 0.0 1.0 0.0
vn 0.0 1.0 0.0
vn 0.0 1.0 0.0
vn 0.0 1.0 0.0
vn 0.0 1.0 0.0
vn 0.0 1.0 0.0
vn 0.0 1.0 0.0
vn 0.0 1.0 0.0
vn 0.0 1.0 0.0
vn 0.0 1.0 0.0
vn 0.0 1.0 0.0
vn -0.0 1.0 0.0
vn 0.0 1.0 0.0
vn 0.0 1.0 0.0
vn 0.0 1.0 0.0
vn 0.0 1.0 0.0
vn -0.0 1.0 0.0
vn 0.0 1.0 0.0
vn 0.0 1.0 0.0
vn 0.0 1.0 0.0
vn 0.0 1.0 0.0
vn 0.0 1.0 0.0
vn -0.0 1.0 0.0
vn 0.0 1.0 0.0
vn 0.0 1.0 0.0
vn 0.0 1.0 0.0
vn 0.0 1.0 0.0
vn 0.0 1.0 0.0
vn -0.0 1.0 0.0
vn 0.0 1.0 0.0
vn 0.0 1.0 0.0
vn 0.0 1.0 0.0
vn -0.0 1.0 0.0
vn 0.0 1.0 0.0
vn 0.0 1.0 0.0
vn 0.0 1.0 0.0
vn 0.0 1.0 0.0
vn 0.0 1.0 0.0
vn 0.0 1.0 0.0
vn 0.0 1.0 0.0
vn 0.0 1.0 0.0
vn 0.0 1.0 0.0
vn 0.0 1.0 0.0
vn 0.0 1.0 0.0
vn 0.0 1.0 0.0
vn 0.0 1.0 0.0
vn 0.0 1.0 0.0
vn 0.0 1.0 0.0
vn 0.0 1.0 0.0
vn 0.0 1.0 0.0
vn 0.0 1.0 0.0
vn 0.0 1.0 0.0
vn 0.0 1.0 0.0
vn 0.0 1.0 0.0
vn 0.0 1.0 0.0
vn 0.0 1.0 0.0
vn -0.0 1.0 0.0
vn 0.0 1.0 0.0
vn 0.0 1.0 0.0
vn 0.0 1.0 0.0
vn 0.0 1.0 0.0
vn 0.0 1.0 0.0
vn 0.0 1.0 0.0
vn 0.0 1.0 0.0
vn 0.0 1.0 0.0
vn 0.0 1.0 0.0
vn 0.0 1.0 0.0
vn 0.0 1.0 0.0
vn 0.0 1.0 0.0
vn 0.0 1.0 0.0
vn 0.0 1.0 0.0
vn 0.0 1.0 0.0
vn 0.0 1.0 0.0
vn 0.0 1.0 0.0
vn 0.0 1.0 0.0
vn 0.0 1.0 0.0
vn 0.0 1.0 0.0
vn 0.0 1.0 0.0
vn 0.0 1.0 0.0
vn 0.0 1.0 0.0
vn 0.0 1.0 0.0
vn 0.0 1.0 0.0
vn 0.0 1.0 0.0
vn 0.0 1.0 0.0
vn 0.0 1.0 0.0
vn 0.0 1.0 0.0
vn 0.0 1.0 0.0
vn 0.0 1.0 0.0
vn 0.0 1.0 0.0
vn 0.0 1.0 0.0
vn 0.0 1.0 0.0
vn 0.0 1.0 0.0
vn 0.0 1.0 0.0
vn 0.0 1.0 0.0
vn 0.0 1.0 0.0
vn 0.0 1.0 0.0
vn 0.0 1.0 0.0
vn 0.0 1.0 0.0
vn 0.0 1.0 0.0
vn 0.0 1.0 0.0
vn 0.0 1.0 0.0
vn 0.0 1.0 0.0
vn -0.0 1.0 0.0
vn -0.0 1.0 0.0
vn 0.0 1.0 0.0
vn -0.0 1.0 0.0
vn 0.0 1.0 0.0
vn -0.0 1.0 0.0
vn 0.0 1.0 0.0
vn 0.0 1.0 0.0
vn 0.0 1.0 0.0
vn 0.0 1.0 0.0
vn 0.0 1.0 0.0
vn 0.0 1.0 0.0
vn 0.0 1.0 0.0
vn 0.0 1.0 0.0
vn 0.0 1.0 0.0
vn 0.0 1.0 0.0
vn -0.0 1.0 0.0
vn 0.0 1.0 0.0
vn 0.0 1.0 0.0
vn 0.0 1.0 0.0
vn 0.0 1.0 0.0
vn 0.0 1.0 0.0
vn -0.8691 0.0 0.494636
vn -0.8691 0.0 0.494636
vn -0.88481 0.0 0.465951
vn -0.88481 0.0 0.465951
vn -0.913394 0.0 0.407077
vn -0.913394 0.0 0.407077
vn -0.938065 0.0 0.346458
vn -0.938065 0.0 0.346458
vn -0.958732 0.0 0.284311
vn -0.958732 0.0 0.284311
vn -0.975252 0.0 0.221098
vn -0.975252 0.0 0.221098
vn -0.987633 0.0 0.156784
vn -0.987633 0.0 0.156784
vn -0.995772 0.0 0.091859
vn -0.995772 0.0 0.091859
vn -0.999648 0.0 0.026531
vn -0.999648 0.0 0.026531
vn -0.999244 0.0 -0.038885
vn -0.999244 0.0 -0.038885
vn -0.994555 0.0 -0.104214
vn -0.994555 0.0 -0.104214
vn -0.985621 0.0 -0.168968
vn -0.985621 0.0 -0.168968
vn -0.972448 0.0 -0.233122
vn -0.972448 0.0 -0.233122
vn -0.955139 0.0 -0.296159
vn -0.955139 0.0 -0.296159
vn -0.933721 0.0 -0.358001
vn -0.933721 0.0 -0.358001
vn -0.908279 0.0 -0.418364
vn -0.908279 0.0 -0.418364
vn -0.878971 0.0 -0.476876
vn -0.878971 0.0 -0.476876
vn -0.845961 0.0 -0.533244
vn -0.845961 0.0 -0.533244
vn -0.809216 0.0 -0.587511
vn -0.809216 0.0 -0.587511
vn -0.769036 0.0 -0.639205
vn -0.769036 0.0 -0.639205
vn -0.725637 0.0 -0.688078
vn -0.725637 0.0 -0.688078
vn -0.679089 0.0 -0.734056
vn -0.679089 0.0 -0.734056
vn -0.629596 0.0 -0.776922
vn -0.629596 0.0 -0.776922
vn -0.577467 0.0 -0.816414
vn -0.577467 0.0 -0.816414
vn -0.522811 0.0 -0.852449
vn -0.522811 0.0 -0.852449
vn -0.465917 0.0 -0.884828
vn -0.465917 0.0 -0.884828
vn -0.407077 0.0 -0.913394
vn -0.407077 0.0 -0.913394
vn -0.346412 0.0 -0.938082
vn -0.346412 0.0 -0.938082
vn -0.284365 0.0 -0.958716
vn -0.284365 0.0 -0.958716
vn -0.221037 0.0 -0.975265
vn -0.221037 0.0 -0.975265
vn -0.156865 -0.0 -0.98762
vn -0.156865 0.0 -0.98762
vn -0.091859 0.0 -0.995772
vn -0.091859 0.0 -0.995772
vn -0.026531 -0.0 -0.999648
vn -0.026531 0.0 -0.999648
vn 0.038882 0.0 -0.999244
vn 0.038882 0.0 -0.999244
vn 0.104214 0.0 -0.994555
vn 0.104214 0.0 -0.994555
vn 0.168968 0.0 -0.985621
vn 0.233141 0.0 -0.972443
vn 0.168968 0.0 -0.985621
vn 0.296159 0.0 -0.955139
vn 0.233141 0.0 -0.972443
vn 0.358073 0.0 -0.933693
vn 0.296159 0.0 -0.955139
vn 0.418264 0.0 -0.908325
vn 0.358073 0.0 -0.933693
vn 0.418264 0.0 -0.908325
vn 0.476876 0.0 -0.878971
vn 0.533282 0.0 -0.845938
vn 0.476876 0.0 -0.878971
vn 0.533282 0.0 -0.845938
vn 0.587511 0.0 -0.809216
vn 0.639165 0.0 -0.76907
vn 0.587511 0.0 -0.809216
vn 0.688078 0.0 -0.725637
vn 0.639165 0.0 -0.76907
vn 0.688078 0.0 -0.725637
vn 0.734097 0.0 -0.679044
vn 0.776922 0.0 -0.629596
vn 0.734097 0.0 -0.679044
vn 0.816441 0.0 -0.577428
vn 0.776922 0.0 -0.629596
vn 0.816441 0.0 -0.577428
vn 0.852426 0.0 -0.522848
vn 0.852426 0.0 -0.522848
vn 0.884828 0.0 -0.465917
vn 0.884828 0.0 -0.465917
vn 0.913394 0.0 -0.407077
vn 0.938056 0.0 -0.346485
vn 0.913394 0.0 -0.407077
vn 0.958716 0.0 -0.284365
vn 0.938056 0.0 -0.346485
vn 0.975265 0.0 -0.221037
vn 0.958716 0.0 -0.284365
vn 0.987633 0.0 -0.156784
vn 0.975265 0.0 -0.221037
vn 0.995772 0.0 -0.091859
vn 0.987633 0.0 -0.156784
vn 0.999648 0.0 -0.026531
vn 0.995772 0.0 -0.091859
vn 0.999244 0.0 0.038882
vn 0.999648 0.0 -0.026531
vn 0.994555 0.0 0.104214
vn 0.999244 0.0 0.038882
vn 0.985621 0.0 0.168968
vn 0.994555 0.0 0.104214
vn 0.972462 0.0 0.233062
vn 0.985621 0.0 0.168968
vn 0.955115 0.0 0.296235
vn 0.972462 0.0 0.233062
vn 0.933721 0.0 0.358001
vn 0.955115 0.0 0.296235
vn 0.908294 0.0 0.418333
vn 0.933721 0.0 0.358001
vn 0.879005 0.0 0.476812
vn 0.908294 0.0 0.418333
vn 0.8459 0.0 0.533341
vn 0.879005 0.0 0.476812
vn 0.8459 0.0 0.533341
vn 0.809245 0.0 0.587471
vn 0.809245 -0.0 0.587471
vn 0.769077 0.0 0.639156
vn 0.769077 -0.0 0.639156
vn 0.725595 0.0 0.688122
vn 0.725595 -0.0 0.688122
vn 0.679089 0.0 0.734056
vn 0.679089 -0.0 0.734056
vn 0.629596 0.0 0.776922
vn 0.629596 -0.0 0.776922
vn 0.577412 0.0 0.816453
vn 0.577412 -0.0 0.816453
vn 0.522811 0.0 0.852449
vn 0.522811 -0.0 0.852449
vn 0.465951 0.0 0.88481
vn 0.465951 -0.0 0.88481
vn 0.407077 -0.0 0.913394
vn 0.407077 0.0 0.913394
vn 0.346458 -0.0 0.938065
vn 0.346458 0.0 0.938065
vn 0.284365 -0.0 0.958716
vn 0.284365 0.0 0.958716
vn 0.221037 -0.0 0.975265
vn 0.221037 0.0 0.975265
vn 0.156784 -0.0 0.987633
vn 0.156784 0.0 0.987633
vn 0.091859 -0.0 0.995772
vn 0.091859 0.0 0.995772
vn 0.026531 -0.0 0.999648
vn 0.026531 0.0 0.999648
vn -0.038885 0.0 0.999244
vn -0.038885 0.0 0.999244
vn -0.104132 0.0 0.994563
vn -0.104132 0.0 0.994563
vn -0.169049 0.0 0.985608
vn -0.169049 0.0 0.985608
vn -0.233044 0.0 0.972466
vn -0.233044 0.0 0.972466
vn -0.296235 0.0 0.955115
vn -0.296235 0.0 0.955115
vn -0.358001 0.0 0.933721
vn -0.358001 0.0 0.933721
vn -0.418333 0.0 0.908294
vn -0.418333 0.0 0.908294
vn -0.476812 0.0 0.879005
vn -0.476812 0.0 0.879005
vn -0.533341 0.0 0.8459
vn -0.533341 0.0 0.8459
vn -0.587511 0.0 0.809216
vn -0.587511 0.0 0.809216
vn -0.639156 0.0 0.769077
vn -0.639156 0.0 0.769077
vn -0.68808 0.0 0.725635
vn -0.68808 0.0 0.725635
vn -0.734097 0.0 0.679044
vn -0.734097 0.0 0.679044
vn -0.776922 0.0 0.629596
vn -0.776922 0.0 0.629596
vn -0.816414 0.0 0.577467
vn -0.852449 0.0 0.522811
vn -0.816414 0.0 0.577467
vn -0.852449 0.0 0.522811
vn -0.171178 0.0 0.98524
vn -0.171178 0.0 0.98524
vn -0.133367 0.0 0.991067
vn -0.133367 0.0 0.991067
vn -0.095268 0.0 0.995452
vn -0.095268 0.0 0.995452
vn -0.057122 0.0 0.998367
vn -0.057122 0.0 0.998367
vn -0.01879 0.0 0.999823
vn -0.01879 0.0 0.999823
vn 0.019497 0.0 0.99981
vn 0.019497 0.0 0.99981
vn 0.057784 0.0 0.998329
vn 0.057784 0.0 0.998329
vn 0.095932 0.0 0.995388
vn 0.095932 0.0 0.995388
vn 0.134028 0.0 0.990978
vn 0.134028 0.0 0.990978
vn 0.171881 0.0 0.985118
vn 0.171881 0.0 0.985118
vn 0.209471 0.0 0.977815
vn 0.209471 0.0 0.977815
vn 0.24681 0.0 0.969064
vn 0.24681 0.0 0.969064
vn 0.283682 0.0 0.958918
vn 0.283682 0.0 0.958918
vn 0.320261 0.0 0.947329
vn 0.320261 0.0 0.947329
vn 0.356251 0.0 0.93439
vn 0.356251 0.0 0.93439
vn 0.391827 0.0 0.920039
vn 0.391827 0.0 0.920039
vn 0.426722 0.0 0.904383
vn 0.426722 0.0 0.904383
vn 0.461096 0.0 0.88735
vn 0.461096 0.0 0.88735
vn 0.494735 0.0 0.869044
vn 0.494735 0.0 0.869044
vn 0.527633 0.0 0.849472
vn 0.527633 0.0 0.849472
vn 0.559788 0.0 0.828636
vn 0.559788 0.0 0.828636
vn 0.591149 0.0 0.806563
vn 0.591149 0.0 0.806563
vn 0.62157 0.0 0.783359
vn 0.62157 0.0 0.783359
vn 0.651137 0.0 0.75896
vn 0.651137 0.0 0.75896
vn 0.67971 0.0 0.733481
vn 0.67971 0.0 0.733481
vn 0.707319 0.0 0.706894
vn 0.707319 0.0 0.706894
vn 0.733867 0.0 0.679293
vn 0.733867 0.0 0.679293
vn 0.75933 0.0 0.650706
vn 0.75933 0.0 0.650706
vn 0.783712 0.0 0.621125
vn 0.783712 0.0 0.621125
vn 0.806926 0.0 0.590653
vn 0.806926 0.0 0.590653
vn 0.828943 0.0 0.559333
vn 0.828943 0.0 0.559333
vn 0.849789 0.0 0.527123
vn 0.849789 0.0 0.527123
vn 0.869325 0.0 0.494241
vn 0.869325 0.0 0.494241
vn 0.887623 0.0 0.460571
vn 0.887623 0.0 0.460571
vn 0.904626 0.0 0.426206
vn 0.904626 0.0 0.426206
vn 0.920279 0.0 0.391263
vn 0.920279 0.0 0.391263
vn 0.934572 0.0 0.355775
vn 0.934572 0.0 0.355775
vn 0.947535 0.0 0.319653
vn 0.947535 0.0 0.319653
vn 0.959071 0.0 0.283166
vn 0.959071 0.0 0.283166
vn 0.969211 0.0 0.246233
vn 0.969211 0.0 0.246233
vn 0.977937 0.0 0.2089
vn 0.977937 0.0 0.2089
vn 0.985215 0.0 0.171323
vn 0.985215 0.0 0.171323
vn 0.991054 0.0 0.133459
vn 0.991054 0.0 0.133459
vn 0.995443 0.0 0.095362
vn 0.995443 0.0 0.095362
vn 0.998362 0.0 0.057219
vn 0.998362 0.0 0.057219
vn 0.999822 0.0 0.018883
vn 0.999822 0.0 0.018883
vn 0.999813 0.0 -0.019356
vn 0.999813 0.0 -0.019356
vn 0.998335 0.0 -0.05769
vn 0.998335 0.0 -0.05769
vn 0.995393 0.0 -0.095881
vn 0.995393 0.0 -0.095881
vn 0.990997 0.0 -0.133883
vn 0.990997 0.0 -0.133883
vn 0.985132 0.0 -0.171797
vn 0.985132 0.0 -0.171797
vn 0.977836 0.0 -0.209371
vn 0.977836 0.0 -0.209371
vn 0.969101 0.0 -0.246666
vn 0.969101 0.0 -0.246666
vn 0.958931 0.0 -0.283638
vn 0.958931 0.0 -0.283638
vn 0.947377 0.0 -0.32012
vn 0.947377 0.0 -0.32012
vn 0.934412 0.0 -0.356194
vn 0.934412 0.0 -0.356194
vn 0.920097 0.0 -0.39169
vn 0.920097 0.0 -0.39169
vn 0.904401 0.0 -0.426684
vn 0.904401 0.0 -0.426684
vn 0.887429 0.0 -0.460945
vn 0.887429 0.0 -0.460945
vn 0.869084 0.0 -0.494664
vn 0.869084 0.0 -0.494664
vn 0.84952 0.0 -0.527557
vn 0.84952 0.0 -0.527557
vn 0.828694 0.0 -0.559702
vn 0.828694 0.0 -0.559702
vn 0.806647 0.0 -0.591034
vn 0.806647 0.0 -0.591034
vn 0.783418 0.0 -0.621495
vn 0.783418 0.0 -0.621495
vn 0.759027 0.0 -0.65106
vn 0.759027 0.0 -0.65106
vn 0.73355 0.0 -0.679636
vn 0.73355 0.0 -0.679636
vn 0.706989 0.0 -0.707225
vn 0.706989 0.0 -0.707225
vn 0.679342 0.0 -0.733822
vn 0.679342 0.0 -0.733822
vn 0.65078 0.0 -0.759267
vn 0.65078 0.0 -0.759267
vn 0.621206 0.0 -0.783647
vn 0.621206 0.0 -0.783647
vn 0.590737 0.0 -0.806864
vn 0.590737 0.0 -0.806864
vn 0.559419 0.0 -0.828885
vn 0.559419 0.0 -0.828885
vn 0.527234 0.0 -0.84972
vn 0.527234 0.0 -0.84972
vn 0.494333 0.0 -0.869273
vn 0.494333 0.0 -0.869273
vn 0.460627 0.0 -0.887594
vn 0.460627 0.0 -0.887594
vn 0.42634 0.0 -0.904563
vn 0.42634 0.0 -0.904563
vn 0.39136 0.0 -0.920238
vn 0.39136 0.0 -0.920238
vn 0.355858 0.0 -0.93454
vn 0.355858 0.0 -0.93454
vn 0.319752 0.0 -0.947501
vn 0.319752 0.0 -0.947501
vn 0.283252 0.0 -0.959045
vn 0.283252 0.0 -0.959045
vn 0.246344 0.0 -0.969182
vn 0.246344 0.0 -0.969182
vn 0.208991 0.0 -0.977918
vn 0.208991 0.0 -0.977918
vn 0.171415 0.0 -0.985199
vn 0.171415 0.0 -0.985199
vn 0.133558 0.0 -0.991041
vn 0.133558 0.0 -0.991041
vn 0.095502 0.0 -0.995429
vn 0.095502 0.0 -0.995429
vn 0.057313 0.0 -0.998356
vn 0.057313 0.0 -0.998356
vn 0.019025 0.0 -0.999819
vn 0.019025 0.0 -0.999819
vn -0.019309 -0.0 -0.999814
vn -0.019309 0.0 -0.999814
vn -0.057549 -0.0 -0.998343
vn -0.057549 0.0 -0.998343
vn -0.095783 -0.0 -0.995402
vn -0.095783 0.0 -0.995402
vn -0.133796 0.0 -0.991009
vn -0.133796 -0.0 -0.991009
vn -0.171652 0.0 -0.985158
vn -0.209271 -0.0 -0.977858
vn -0.171652 -0.0 -0.985158
vn -0.209271 -0.0 -0.977858
vn -0.246577 0.0 -0.969123
vn -0.246577 -0.0 -0.969123
vn -0.283539 0.0 -0.958961
vn -0.283539 -0.0 -0.958961
vn -0.320035 -0.0 -0.947406
vn -0.320035 0.0 -0.947406
vn -0.356095 -0.0 -0.93445
vn -0.356095 0.0 -0.93445
vn -0.391593 -0.0 -0.920138
vn -0.391593 0.0 -0.920138
vn -0.426588 -0.0 -0.904446
vn -0.426588 0.0 -0.904446
vn -0.460852 -0.0 -0.887477
vn -0.460852 0.0 -0.887477
vn -0.494572 -0.0 -0.869137
vn -0.494572 0.0 -0.869137
vn -0.527467 -0.0 -0.849575
vn -0.527467 0.0 -0.849575
vn -0.559615 -0.0 -0.828753
vn -0.559615 0.0 -0.828753
vn -0.590958 -0.0 -0.806702
vn -0.590958 0.0 -0.806702
vn -0.621414 -0.0 -0.783483
vn -0.621414 0.0 -0.783483
vn -0.650959 -0.0 -0.759113
vn -0.650959 0.0 -0.759113
vn -0.679587 -0.0 -0.733595
vn -0.679587 0.0 -0.733595
vn -0.707154 -0.0 -0.70706
vn -0.707154 0.0 -0.70706
vn -0.733707 -0.0 -0.679465
vn -0.733707 0.0 -0.679465
vn -0.759223 -0.0 -0.65083
vn -0.759223 0.0 -0.65083
vn -0.806803 -0.0 -0.590821
vn -0.783565 -0.0 -0.62131
vn -0.783565 0.0 -0.62131
vn -0.806803 -0.0 -0.590821
vn -0.849665 -0.0 -0.527323
vn -0.828848 -0.0 -0.559474
vn -0.828848 0.0 -0.559474
vn -0.849665 -0.0 -0.527323
vn -0.86922 -0.0 -0.494425
vn -0.86922 0.0 -0.494425
vn -0.887526 -0.0 -0.460758
vn -0.887526 0.0 -0.460758
vn -0.904536 0.0 -0.426397
vn -0.904536 -0.0 -0.426397
vn -0.920197 -0.0 -0.391457
vn -0.920197 0.0 -0.391457
vn -0.934503 -0.0 -0.355956
vn -0.934503 0.0 -0.355956
vn 0.494636 0.0 0.8691
vn 0.494636 0.0 0.8691
vn -0.494636 0.0 -0.8691
vn -0.494636 -0.0 -0.8691
vn 0.0 1.0 0.0
vn 0.0 1.0 0.0
vn 0.0 1.0 0.0
vn 0.0 1.0 0.0
vn -0.0 1.0 0.0
vn 0.0 1.0 0.0
vn 0.0 1.0 0.0
vn 0.0 1.0 -0.0
vn 0.0 1.0 -0.0
vn 0.0 1.0 0.0
vn 0.0 1.0 0.0
vn -0.0 1.0 0.0
vn 0.0 1.0 0.0
vn 0.0 1.0 0.0
vn 0.0 1.0 -0.0
vn 0.0 1.0 0.0
vn 0.0 1.0 0.0
vn -0.0 1.0 0.0
vn 0.0 1.0 -0.0
vn -0.0 1.0 0.0
vn 0.0 1.0 0.0
vn -0.0 1.0 0.0
vn 0.0 1.0 0.0
vn 0.0 1.0 0.0
vn 0.0 1.0 0.0
vn -0.0 1.0 0.0
vn 0.0 1.0 0.0
vn -0.0 1.0 0.0
vn 0.0 1.0 0.0
vn 0.0 1.0 0.0
vn -0.0 1.0 0.0
vn -0.0 1.0 0.0
vn 0.0 1.0 0.0
vn 0.0 1.0 0.0
vn 0.0 1.0 0.0
vn 0.0 1.0 0.0
vn -0.0 1.0 0.0
vn -0.0 1.0 0.0
vn 0.0 1.0 0.0
vn 0.0 1.0 0.0
vn -0.0 1.0 0.0
vn 0.0 1.0 0.0
vn 0.0 1.0 0.0
vn -0.0 1.0 0.0
vn 0.0 1.0 0.0
vn 0.0 1.0 0.0
vn 0.0 1.0 0.0
vn -0.0 1.0 0.0
vn 0.0 1.0 0.0
vn -0.0 1.0 0.0
vn -0.0 1.0 0.0
vn 0.0 1.0 0.0
vn 0.0 1.0 0.0
vn 0.0 1.0 0.0
vn 0.0 1.0 0.0
vn -0.0 1.0 0.0
vn 0.0 1.0 0.0
vn 0.0 1.0 0.0
vn -0.0 1.0 0.0
vn -0.0 1.0 0.0
vn 0.0 1.0 0.0
vn 0.0 1.0 0.0
vn -0.0 1.0 0.0
vn 0.0 1.0 0.0
vn -0.0 1.0 0.0
vn 0.0 1.0 0.0
vn -0.0 1.0 0.0
vn 0.0 1.0 0.0
vn 0.0 1.0 0.0
vn 0.0 1.0 0.0
vn 0.0 1.0 0.0
vn -0.0 1.0 0.0
vn -0.0 1.0 0.0
vn 0.0 1.0 0.0
vn 0.0 1.0 0.0
vn 0.0 1.0 0.0
vn 0.0 1.0 0.0
vn -0.0 1.0 0.0
vn -0.0 1.0 0.0
vn 0.0 1.0 0.0
vn 0.0 1.0 0.0
vn -0.0 1.0 0.0
vn -0.0 1.0 0.0
vn 0.0 1.0 0.0
vn 0.0 1.0 0.0
vn 0.0 1.0 0.0
vn 0.0 1.0 0.0
vn -0.0 1.0 0.0
vn -0.0 1.0 0.0
vn 0.0 1.0 0.0
vn 0.0 1.0 0.0
vn 0.0 1.0 0.0
vn 0.0 1.0 0.0
vn -0.0 1.0 0.0
vn -0.0 1.0 0.0
vn 0.0 1.0 0.0
vn 0.0 1.0 0.0
vn 0.0 1.0 0.0
vn 0.0 1.0 0.0
vn -0.0 1.0 0.0
vn -0.0 1.0 0.0
vn 0.0 1.0 0.0
vn 0.0 1.0 0.0
vn -0.0 1.0 0.0
vn -0.0 1.0 0.0
vn 0.0 1.0 0.0
vn 0.0 1.0 0.0
vn -0.0 1.0 0.0
vn 0.0 1.0 -0.0
vn 0.0 1.0 0.0
vn -0.0 1.0 0.0
vn 0.0 1.0 0.0
vn 0.0 1.0 0.0
vn 0.0 1.0 0.0
vn 0.0 1.0 0.0
vn 0.0 1.0 -0.0
vn -0.0 1.0 0.0
vn 0.0 1.0 0.0
vn 0.0 1.0 0.0
vn 0.0 1.0 -0.0
vn -0.0 1.0 0.0
vn 0.0 1.0 0.0
vn 0.0 1.0 0.0
vn 0.0 1.0 0.0
vn 0.0 1.0 -0.0
vn -0.0 1.0 0.0
vn 0.0 1.0 0.0
vn 0.0 1.0 -0.0
vn 0.0 1.0 -0.0
vn 0.0 1.0 0.0
vn 0.0 1.0 -0.0
vn 0.0 1.0 -0.0
vn 0.0 1.0 -0.0
vn 0.0 1.0 -0.0
vn 0.0 1.0 -0.0
vn 0.0 1.0 -0.0
vn 0.0 1.0 0.0
vn 0.0 1.0 -0.0
vn 0.0 1.0 0.0
vn 0.0 1.0 0.0
vn 0.0 1.0 -0.0
vn 0.0 1.0 0.0
vn 0.0 1.0 0.0
vn 0.0 1.0 0.0
vn 0.0 1.0 -0.0
vn 0.0 1.0 0.0
vn 0.0 1.0 -0.0
vn 0.0 1.0 0.0
vn -0.0 1.0 0.0
vn 0.0 1.0 0.0
vn 0.0 1.0 0.0
vn 0.0 1.0 0.0
vn 0.0 1.0 0.0
vn 0.0 1.0 0.0
vn 0.0 1.0 0.0
vn -0.0 1.0 0.0
vn -0.0 1.0 0.0
vn 0.0 1.0 0.0
vn -0.0 1.0 0.0
vn -0.0 1.0 0.0
vn 0.0 1.0 0.0
vn -0.0 1.0 0.0
vn -0.0 1.0 0.0
vn -0.0 1.0 0.0
vn 0.0 1.0 0.0
vn -0.0 1.0 0.0
vn 0.0 1.0 0.0
vn -0.0 1.0 0.0
vn 0.0 1.0 0.0
vn -0.0 1.0 0.0
vn -0.0 1.0 0.0
vn -0.0 1.0 0.0
vn 0.0 1.0 0.0
vn -0.0 1.0 0.0
vn 0.0 1.0 0.0
vn -0.0 1.0 0.0
vn 0.0 1.0 0.0
vn -0.0 1.0 0.0
vn -0.0 1.0 0.0
vn 0.0 1.0 0.0
vn -0.0 1.0 0.0
vn -0.0 1.0 0.0
vn 0.0 1.0 0.0
vn -0.0 1.0 0.0
vn -0.0 1.0 0.0
vn 0.0 1.0 0.0
vn -0.0 1.0 0.0
vn 0.0 1.0 0.0
vn -0.0 1.0 0.0
vn -0.0 1.0 0.0
vn -0.0 1.0 0.0
vn 0.0 1.0 0.0
vn -0.0 1.0 0.0
vn 0.0 1.0 0.0
vn -0.0 1.0 0.0
vn 0.0 1.0 0.0
vn -0.0 1.0 0.0
vn -0.0 1.0 0.0
vn 0.0 1.0 0.0
vn -0.0 1.0 0.0
vn 0.0 1.0 0.0
vn -0.0 1.0 0.0
vn 0.0 1.0 0.0
vn 0.0 1.0 0.0
vn 0.0 1.0 0.0
vn 0.0 1.0 0.0
vn 0.0 1.0 0.0
vn 0.0 1.0 0.0
vn 0.0 1.0 0.0
vn 0.0 1.0 0.0
vn 0.0 1.0 0.0
vn 0.0 1.0 0.0
vn -0.0 1.0 0.0
vn -0.0 1.0 0.0
vn 0.0 1.0 0.0
vn 0.0 1.0 0.0
vn 0.0 1.0 0.0
vn 0.0 1.0 0.0
vn 0.0 -1.0 0.0
vn 0.0 -1.0 0.0
vn 0.0 -1.0 0.0
vn 0.0 -1.0 0.0
vn 0.0 -1.0 -0.0
vn 0.0 -1.0 0.0
vn 0.0 -1.0 0.0
vn 0.0 -1.0 0.0
vn 0.0 -1.0 0.0
vn 0.0 -1.0 0.0
vn 0.0 -1.0 0.0
vn 0.0 -1.0 -0.0
vn 0.0 -1.0 0.0
vn 0.0 -1.0 0.0
vn 0.0 -1.0 0.0
vn 0.0 -1.0 0.0
vn 0.0 -1.0 0.0
vn 0.0 -1.0 -0.0
vn 0.0 -1.0 0.0
vn 0.0 -1.0 0.0
vn 0.0 -1.0 -0.0
vn 0.0 -1.0 -0.0
vn 0.0 -1.0 0.0
vn 0.0 -1.0 0.0
vn 0.0 -1.0 -0.0
vn 0.0 -1.0 0.0
vn 0.0 -1.0 0.0
vn 0.0 -1.0 -0.0
vn 0.0 -1.0 -0.0
vn 0.0 -1.0 0.0
vn 0.0 -1.0 0.0
vn 0.0 -1.0 0.0
vn 0.0 -1.0 0.0
vn 0.0 -1.0 -0.0
vn 0.0 -1.0 -0.0
vn 0.0 -1.0 0.0
vn 0.0 -1.0 0.0
vn 0.0 -1.0 0.0
vn 0.0 -1.0 0.0
vn 0.0 -1.0 -0.0
vn 0.0 -1.0 0.0
vn 0.0 -1.0 0.0
vn 0.0 -1.0 -0.0
vn 0.0 -1.0 0.0
vn 0.0 -1.0 0.0
vn 0.0 -1.0 -0.0
vn 0.0 -1.0 0.0
vn 0.0 -1.0 -0.0
vn 0.0 -1.0 -0.0
vn 0.0 -1.0 0.0
vn 0.0 -1.0 0.0
vn 0.0 -1.0 0.0
vn 0.0 -1.0 -0.0
vn 0.0 -1.0 -0.0
vn 0.0 -1.0 0.0
vn 0.0 -1.0 0.0
vn 0.0 -1.0 0.0
vn 0.0 -1.0 0.0
vn 0.0 -1.0 -0.0
vn 0.0 -1.0 0.0
vn 0.0 -1.0 0.0
vn 0.0 -1.0 -0.0
vn 0.0 -1.0 0.0
vn 0.0 -1.0 -0.0
vn 0.0 -1.0 -0.0
vn 0.0 -1.0 0.0
vn 0.0 -1.0 -0.0
vn 0.0 -1.0 0.0
vn 0.0 -1.0 0.0
vn 0.0 -1.0 0.0
vn 0.0 -1.0 0.0
vn 0.0 -1.0 -0.0
vn 0.0 -1.0 0.0
vn 0.0 -1.0 0.0
vn 0.0 -1.0 -0.0
vn 0.0 -1.0 0.0
vn 0.0 -1.0 0.0
vn 0.0 -1.0 -0.0
vn 0.0 -1.0 -0.0
vn 0.0 -1.0 0.0
vn 0.0 -1.0 0.0
vn 0.0 -1.0 -0.0
vn 0.0 -1.0 0.0
vn 0.0 -1.0 0.0
vn 0.0 -1.0 -0.0
vn 0.0 -1.0 0.0
vn 0.0 -1.0 0.0
vn 0.0 -1.0 -0.0
vn 0.0 -1.0 0.0
vn 0.0 -1.0 0.0
vn 0.0 -1.0 -0.0
vn 0.0 -1.0 0.0
vn 0.0 -1.0 0.0
vn 0.0 -1.0 -0.0
vn 0.0 -1.0 -0.0
vn 0.0 -1.0 0.0
vn 0.0 -1.0 0.0
vn 0.0 -1.0 -0.0
vn 0.0 -1.0 0.0
vn 0.0 -1.0 0.0
vn 0.0 -1.0 -0.0
vn 0.0 -1.0 0.0
vn 0.0 -1.0 0.0
vn 0.0 -1.0 -0.0
vn 0.0 -1.0 -0.0
vn 0.0 -1.0 0.0
vn 0.0 -1.0 0.0
vn 0.0 -1.0 0.0
vn 0.0 -1.0 0.0
vn 0.0 -1.0 -0.0
vn 0.0 -1.0 0.0
vn 0.0 -1.0 0.0
vn 0.0 -1.0 0.0
vn 0.0 -1.0 0.0
vn 0.0 -1.0 0.0
vn 0.0 -1.0 -0.0
vn 0.0 -1.0 0.0
vn 0.0 -1.0 0.0
vn 0.0 -1.0 0.0
vn 0.0 -1.0 -0.0
vn 0.0 -1.0 0.0
vn 0.0 -1.0 0.0
vn 0.0 -1.0 0.0
vn 0.0 -1.0 0.0
vn 0.0 -1.0 -0.0
vn 0.0 -1.0 0.0
vn 0.0 -1.0 0.0
vn 0.0 -1.0 -0.0
vn 0.0 -1.0 -0.0
vn 0.0 -1.0 0.0
vn 0.0 -1.0 -0.0
vn 0.0 -1.0 -0.0
vn 0.0 -1.0 -0.0
vn 0.0 -1.0 -0.0
vn 0.0 -1.0 -0.0
vn 0.0 -1.0 0.0
vn 0.0 -1.0 0.0
vn 0.0 -1.0 -0.0
vn 0.0 -1.0 0.0
vn 0.0 -1.0 0.0
vn 0.0 -1.0 -0.0
vn 0.0 -1.0 0.0
vn 0.0 -1.0 0.0
vn 0.0 -1.0 0.0
vn 0.0 -1.0 -0.0
vn 0.0 -1.0 0.0
vn 0.0 -1.0 -0.0
vn 0.0 -1.0 -0.0
vn 0.0 -1.0 -0.0
vn 0.0 -1.0 0.0
vn 0.0 -1.0 0.0
vn 0.0 -1.0 0.0
vn 0.0 -1.0 0.0
vn 0.0 -1.0 0.0
vn 0.0 -1.0 0.0
vn 0.0 -1.0 -0.0
vn 0.0 -1.0 -0.0
vn 0.0 -1.0 0.0
vn 0.0 -1.0 -0.0
vn 0.0 -1.0 -0.0
vn 0.0 -1.0 0.0
vn 0.0 -1.0 -0.0
vn 0.0 -1.0 -0.0
vn 0.0 -1.0 -0.0
vn 0.0 -1.0 0.0
vn 0.0 -1.0 -0.0
vn 0.0 -1.0 0.0
vn 0.0 -1.0 -0.0
vn 0.0 -1.0 0.0
vn 0.0 -1.0 -0.0
vn 0.0 -1.0 -0.0
vn 0.0 -1.0 -0.0
vn 0.0 -1.0 0.0
vn 0.0 -1.0 -0.0
vn 0.0 -1.0 0.0
vn 0.0 -1.0 -0.0
vn 0.0 -1.0 0.0
vn 0.0 -1.0 -0.0
vn 0.0 -1.0 -0.0
vn 0.0 -1.0 0.0
vn 0.0 -1.0 -0.0
vn 0.0 -1.0 -0.0
vn 0.0 -1.0 0.0
vn 0.0 -1.0 -0.0
vn 0.0 -1.0 0.0
vn 0.0 -1.0 -0.0
vn 0.0 -1.0 -0.0
vn 0.0 -1.0 -0.0
vn 0.0 -1.0 0.0
vn 0.0 -1.0 -0.0
vn 0.0 -1.0 -0.0
vn 0.0 -1.0 0.0
vn 0.0 -1.0 -0.0
vn 0.0 -1.0 0.0
vn 0.0 -1.0 -0.0
vn 0.0 -1.0 0.0
vn 0.0 -1.0 0.0
vn 0.0 -1.0 0.0
vn 0.0 -1.0 0.0
vn 0.0 -1.0 0.0
vn 0.0 -1.0 0.0
vn 0.0 -1.0 0.0
vn 0.0 -1.0 0.0
vn 0.0 -1.0 0.0
vn 0.0 -1.0 0.0
vn 0.0 -1.0 -0.0
vn 0.0 -1.0 0.0
vn 0.0 -1.0 0.0
vn 0.0 -1.0 0.0
vn 0.0 -1.0 0.0
vn 0.0 -1.0 0.0
vn 0.0 -1.0 0.0
vn 0.0 -1.0 0.0
vn 0.0 -1.0 0.0
vn 0.0 -1.0 0.0
vn 0.0 -1.0 0.0
vn 0.0 -1.0 0.0
vn 0.0 -1.0 -0.0
vn 0.8691 0.0 -0.494636
vn 0.8691 0.0 -0.494636
vn 0.0 -1.0 0.0
vn 0.0 -1.0 0.0
vn -0.8691 0.0 0.494637
vn -0.8691 0.0 0.494637
vn -0.0 1.0 0.0
vn 0.0 1.0 0.0
vn -0.494636 0.0 -0.8691
vn -0.494636 0.0 -0.8691
vn 0.494636 -0.0 0.8691
vn 0.494636 -0.0 0.8691
vn -0.852426 0.0 0.522848
vn -0.852426 0.0 0.522848
vn -0.816441 0.0 0.577428
vn -0.816441 0.0 0.577428
vn -0.776922 0.0 0.629596
vn -0.776922 0.0 0.629596
vn -0.734097 0.0 0.679044
vn -0.734097 0.0 0.679044
vn -0.688078 0.0 0.725637
vn -0.688078 0.0 0.725637
vn -0.639165 0.0 0.76907
vn -0.639165 0.0 0.76907
vn -0.587511 0.0 0.809216
vn -0.587511 0.0 0.809216
vn -0.533282 0.0 0.845938
vn -0.533282 0.0 0.845938
vn -0.476876 0.0 0.878971
vn -0.476876 0.0 0.878971
vn -0.418264 0.0 0.908325
vn -0.418264 0.0 0.908325
vn -0.358073 0.0 0.933693
vn -0.358073 0.0 0.933693
vn -0.296159 0.0 0.955139
vn -0.296159 0.0 0.955139
vn -0.233141 0.0 0.972443
vn -0.233141 0.0 0.972443
vn -0.168968 0.0 0.985621
vn -0.168968 0.0 0.985621
vn -0.104214 0.0 0.994555
vn -0.104214 0.0 0.994555
vn 0.026531 0.0 0.999648
vn -0.038882 0.0 0.999244
vn -0.038882 0.0 0.999244
vn 0.026531 0.0 0.999648
vn 0.091859 0.0 0.995772
vn 0.091859 0.0 0.995772
vn 0.221037 0.0 0.975265
vn 0.156865 0.0 0.98762
vn 0.156865 0.0 0.98762
vn 0.221037 0.0 0.975265
vn 0.346412 0.0 0.938082
vn 0.284365 0.0 0.958716
vn 0.284365 0.0 0.958716
vn 0.407077 0.0 0.913394
vn 0.346412 0.0 0.938082
vn 0.465917 0.0 0.884828
vn 0.407077 0.0 0.913394
vn 0.522811 0.0 0.852449
vn 0.465917 0.0 0.884828
vn 0.522811 0.0 0.852449
vn 0.577467 0.0 0.816414
vn 0.577467 0.0 0.816414
vn 0.629596 0.0 0.776922
vn 0.629596 0.0 0.776922
vn 0.679089 0.0 0.734056
vn 0.679089 0.0 0.734056
vn 0.725637 0.0 0.688078
vn 0.769036 0.0 0.639205
vn 0.725637 0.0 0.688078
vn 0.769036 0.0 0.639205
vn 0.809216 0.0 0.587511
vn 0.809216 0.0 0.587511
vn 0.878971 0.0 0.476876
vn 0.845961 0.0 0.533244
vn 0.845961 0.0 0.533244
vn 0.908279 0.0 0.418364
vn 0.878971 0.0 0.476876
vn 0.933721 0.0 0.358001
vn 0.908279 0.0 0.418364
vn 0.955139 0.0 0.296159
vn 0.933721 0.0 0.358001
vn 0.972447 0.0 0.233122
vn 0.955139 0.0 0.296159
vn 0.985621 0.0 0.168968
vn 0.972447 0.0 0.233122
vn 0.994555 0.0 0.104214
vn 0.985621 0.0 0.168968
vn 0.999244 0.0 0.038885
vn 0.994555 0.0 0.104214
vn 0.999648 0.0 -0.026531
vn 0.999244 0.0 0.038885
vn 0.995772 0.0 -0.091859
vn 0.999648 0.0 -0.026531
vn 0.987633 0.0 -0.156784
vn 0.995772 0.0 -0.091859
vn 0.975252 0.0 -0.221098
vn 0.987633 0.0 -0.156784
vn 0.975252 0.0 -0.221098
vn 0.938065 0.0 -0.346458
vn 0.958732 0.0 -0.284311
vn 0.958732 0.0 -0.284311
vn 0.938065 0.0 -0.346458
vn 0.88481 0.0 -0.465951
vn 0.913394 0.0 -0.407077
vn 0.913394 0.0 -0.407077
vn 0.88481 0.0 -0.465951
vn 0.852449 0.0 -0.522811
vn 0.852449 0.0 -0.522811
vn 0.816414 0.0 -0.577467
vn 0.816414 0.0 -0.577467
vn 0.776922 0.0 -0.629596
vn 0.776922 0.0 -0.629596
vn 0.734097 0.0 -0.679044
vn 0.734097 0.0 -0.679044
vn 0.68808 0.0 -0.725635
vn 0.68808 0.0 -0.725635
vn 0.639156 0.0 -0.769077
vn 0.639156 0.0 -0.769077
vn 0.587511 0.0 -0.809216
vn 0.587511 0.0 -0.809216
vn 0.533341 0.0 -0.8459
vn 0.533341 0.0 -0.8459
vn 0.476812 0.0 -0.879005
vn 0.476812 0.0 -0.879005
vn 0.418333 0.0 -0.908294
vn 0.358001 0.0 -0.933721
vn 0.418333 0.0 -0.908294
vn 0.296235 0.0 -0.955115
vn 0.358001 0.0 -0.933721
vn 0.233044 0.0 -0.972466
vn 0.296235 0.0 -0.955115
vn 0.169049 0.0 -0.985608
vn 0.233044 0.0 -0.972466
vn 0.104132 0.0 -0.994563
vn 0.169049 0.0 -0.985608
vn 0.038885 0.0 -0.999244
vn 0.104132 0.0 -0.994563
vn -0.026531 -0.0 -0.999648
vn 0.038885 0.0 -0.999244
vn -0.091859 -0.0 -0.995772
vn -0.026531 -0.0 -0.999648
vn -0.156784 -0.0 -0.987633
vn -0.091859 -0.0 -0.995772
vn -0.221037 -0.0 -0.975265
vn -0.156784 -0.0 -0.987633
vn -0.284365 -0.0 -0.958716
vn -0.221037 -0.0 -0.975265
vn -0.346458 -0.0 -0.938065
vn -0.284365 -0.0 -0.958716
vn -0.407077 -0.0 -0.913394
vn -0.346458 -0.0 -0.938065
vn -0.407077 -0.0 -0.913394
vn -0.522811 -0.0 -0.852449
vn -0.465951 -0.0 -0.88481
vn -0.465951 0.0 -0.88481
vn -0.577412 -0.0 -0.816453
vn -0.522811 -0.0 -0.852449
vn -0.577412 -0.0 -0.816453
vn -0.629596 0.0 -0.776922
vn -0.629596 -0.0 -0.776922
vn -0.679089 0.0 -0.734056
vn -0.679089 -0.0 -0.734056
vn -0.725595 0.0 -0.688122
vn -0.769077 -0.0 -0.639156
vn -0.725595 -0.0 -0.688122
vn -0.769077 -0.0 -0.639156
vn -0.809245 -0.0 -0.587471
vn -0.809245 0.0 -0.587471
vn -0.8459 -0.0 -0.533341
vn -0.8459 0.0 -0.533341
vn -0.879005 -0.0 -0.476812
vn -0.879005 0.0 -0.476812
vn -0.908294 -0.0 -0.418333
vn -0.908294 0.0 -0.418333
vn -0.933721 -0.0 -0.358001
vn -0.933721 0.0 -0.358001
vn -0.955115 -0.0 -0.296235
vn -0.955115 0.0 -0.296235
vn -0.972462 -0.0 -0.233063
vn -0.972462 0.0 -0.233063
vn -0.985621 -0.0 -0.168968
vn -0.985621 0.0 -0.168968
vn -0.994555 -0.0 -0.104214
vn -0.994555 0.0 -0.104214
vn -0.999648 0.0 0.026531
vn -0.999244 -0.0 -0.038882
vn -0.999244 0.0 -0.038882
vn -0.999648 0.0 0.026531
vn -0.995772 0.0 0.091859
vn -0.995772 0.0 0.091859
vn -0.987633 0.0 0.156784
vn -0.987633 0.0 0.156784
vn -0.958716 0.0 0.284365
vn -0.975265 0.0 0.221037
vn -0.975265 0.0 0.221037
vn -0.958716 0.0 0.284365
vn -0.913394 0.0 0.407077
vn -0.938055 0.0 0.346485
vn -0.938055 0.0 0.346485
vn -0.913394 0.0 0.407077
vn -0.884828 0.0 0.465917
vn -0.884828 0.0 0.465917
vn 0.0 1.0 0.0
vn 0.0 1.0 0.0
vn 0.0 1.0 0.0
vn 0.0 1.0 0.0
vn 0.0 1.0 0.0
vn 0.0 1.0 -0.0
vn 0.0 1.0 0.0
vn 0.0 1.0 0.0
vn 0.0 1.0 0.0
vn 0.0 1.0 0.0
vn 0.0 1.0 0.0
vn 0.0 1.0 0.0
vn 0.0 1.0 0.0
vn 0.0 1.0 0.0
vn 0.0 1.0 0.0
vn 0.0 1.0 0.0
vn 0.0 1.0 0.0
vn 0.0 1.0 0.0
vn 0.0 1.0 0.0
vn 0.0 1.0 0.0
vn 0.0 1.0 0.0
vn 0.0 1.0 0.0
vn 0.0 1.0 0.0
vn 0.0 1.0 0.0
vn 0.0 1.0 0.0
vn 0.0 1.0 0.0
vn 0.0 1.0 0.0
vn 0.0 1.0 0.0
vn -0.0 1.0 0.0
vn 0.0 1.0 0.0
vn 0.0 1.0 0.0
vn 0.0 1.0 0.0
vn 0.0 1.0 0.0
vn 0.0 1.0 0.0
vn -0.0 1.0 0.0
vn 0.0 1.0 0.0
vn 0.0 1.0 0.0
vn 0.0 1.0 0.0
vn 0.0 1.0 0.0
vn 0.0 1.0 0.0
vn 0.0 1.0 0.0
vn 0.0 1.0 0.0
vn 0.0 1.0 0.0
vn -0.0 1.0 0.0
vn 0.0 1.0 0.0
vn 0.0 1.0 0.0
vn 0.0 1.0 0.0
vn 0.0 1.0 0.0
vn -0.0 1.0 0.0
vn 0.0 1.0 0.0
vn 0.0 1.0 0.0
vn 0.0 1.0 0.0
vn 0.0 1.0 0.0
vn 0.0 1.0 0.0
vn 0.0 1.0 0.0
vn 0.0 1.0 0.0
vn 0.0 1.0 0.0
vn 0.0 1.0 0.0
vn -0.0 1.0 0.0
vn 0.0 1.0 0.0
vn 0.0 1.0 0.0
vn 0.0 1.0 0.0
vn 0.0 1.0 0.0
vn -0.0 1.0 0.0
vn 0.0 1.0 0.0
vn 0.0 1.0 0.0
vn 0.0 1.0 0.0
vn 0.0 1.0 0.0
vn -0.0 1.0 0.0
vn 0.0 1.0 0.0
vn 0.0 1.0 0.0
vn -0.0 1.0 0.0
vn 0.0 1.0 0.0
vn 0.0 1.0 0.0
vn 0.0 1.0 0.0
vn 0.0 1.0 0.0
vn 0.0 1.0 0.0
vn 0.0 1.0 0.0
vn 0.0 1.0 0.0
vn 0.0 1.0 0.0
vn 0.0 1.0 0.0
vn 0.0 1.0 0.0
vn -0.0 1.0 0.0
vn 0.0 1.0 0.0
vn 0.0 1.0 0.0
vn 0.0 1.0 0.0
vn -0.0 1.0 -0.0
vn 0.0 1.0 0.0
vn 0.0 1.0 0.0
vn -0.0 1.0 -0.0
vn 0.0 1.0 0.0
vn 0.0 1.0 0.0
vn 0.0 1.0 0.0
vn 0.0 1.0 0.0
vn 0.0 -1.0 0.0
vn 0.0 -1.0 0.0
vn 0.0 -1.0 0.0
vn 0.0 -1.0 0.0
vn 0.0 -1.0 0.0
vn 0.0 -1.0 0.0
vn 0.0 -1.0 0.0
vn 0.0 -1.0 0.0
vn 0.0 -1.0 0.0
vn 0.0 -1.0 0.0
vn 0.0 -1.0 0.0
vn 0.0 -1.0 0.0
vn 0.0 -1.0 0.0
vn 0.0 -1.0 0.0
vn 0.0 -1.0 0.0
vn 0.0 -1.0 0.0
vn 0.0 -1.0 0.0
vn 0.0 -1.0 0.0
vn 0.0 -1.0 0.0
vn 0.0 -1.0 0.0
vn 0.0 -1.0 0.0
vn 0.0 -1.0 0.0
vn 0.0 -1.0 0.0
vn 0.0 -1.0 0.0
vn 0.0 -1.0 0.0
vn 0.0 -1.0 0.0
vn 0.0 -1.0 0.0
vn 0.0 -1.0 0.0
vn 0.0 -1.0 0.0
vn 0.0 -1.0 0.0
vn 0.0 -1.0 0.0
vn 0.0 -1.0 0.0
vn 0.0 -1.0 0.0
vn 0.0 -1.0 0.0
vn 0.0 -1.0 0.0
vn 0.0 -1.0 0.0
vn 0.0 -1.0 0.0
vn 0.0 -1.0 0.0
vn 0.0 -1.0 0.0
vn 0.0 -1.0 0.0
vn 0.0 -1.0 0.0
vn 0.0 -1.0 0.0
vn 0.0 -1.0 0.0
vn 0.0 -1.0 0.0
vn 0.0 -1.0 0.0
vn 0.0 -1.0 0.0
vn 0.0 -1.0 0.0
vn 0.0 -1.0 0.0
vn 0.0 -1.0 0.0
vn 0.0 -1.0 0.0
vn 0.0 -1.0 0.0
vn 0.0 -1.0 0.0
vn 0.0 -1.0 0.0
vn 0.0 -1.0 0.0
vn 0.0 -1.0 0.0
vn 0.0 -1.0 0.0
vn 0.0 -1.0 -0.0
vn 0.0 -1.0 0.0
vn 0.0 -1.0 0.0
vn 0.0 -1.0 0.0
vn 0.0 -1.0 0.0
vn 0.0 -1.0 0.0
vn 0.0 -1.0 0.0
vn 0.0 -1.0 -0.0
vn 0.0 -1.0 0.0
vn 0.0 -1.0 0.0
vn 0.0 -1.0 0.0
vn 0.0 -1.0 0.0
vn 0.0 -1.0 -0.0
vn 0.0 -1.0 0.0
vn 0.0 -1.0 0.0
vn 0.0 -1.0 0.0
vn 0.0 -1.0 0.0
vn 0.0 -1.0 0.0
vn 0.0 -1.0 0.0
vn 0.0 -1.0 0.0
vn 0.0 -1.0 0.0
vn 0.0 -1.0 0.0
vn 0.0 -1.0 -0.0
vn 0.0 -1.0 0.0
vn 0.0 -1.0 0.0
vn 0.0 -1.0 0.0
vn 0.0 -1.0 0.0
vn 0.0 -1.0 0.0
vn 0.0 -1.0 0.0
vn 0.0 -1.0 0.0
vn 0.0 -1.0 -0.0
vn 0.0 -1.0 0.0
vn 0.0 -1.0 0.0
vn 0.0 -1.0 0.0
vn 0.0 -1.0 0.0
vn 0.0 -1.0 0.0
vn 0.0 -1.0 -0.0
vn 0.0 -1.0 0.0
vn 0.0 1.0 0.0
vn 0.0 1.0 0.0
vn 0.0 1.0 0.0
vn 0.0 1.0 0.0
vn 0.0 1.0 0.0
vn 0.0 1.0 0.0
vn 0.0 1.0 0.0
vn 0.0 1.0 0.0
vn 0.0 1.0 -0.0
vn 0.0 1.0 0.0
vn 0.0 1.0 0.0
vn 0.0 1.0 0.0
vn 0.0 1.0 -0.0
vn 0.0 1.0 0.0
vn 0.0 1.0 0.0
vn 0.0 1.0 0.0
vn 0.0 1.0 0.0
vn 0.0 1.0 0.0
vn 0.0 1.0 -0.0
vn 0.0 1.0 0.0
vn 0.0 1.0 0.0
vn 0.0 1.0 0.0
vn 0.0 1.0 -0.0
vn 0.0 1.0 -0.0
vn 0.0 1.0 0.0
vn 0.0 1.0 0.0
vn 0.0 1.0 0.0
vn 0.0 1.0 0.0
vn 0.0 1.0 0.0
vn 0.0 1.0 0.0
vn 0.0 1.0 -0.0
vn 0.0 1.0 -0.0
vn 0.0 1.0 0.0
vn 0.0 1.0 0.0
vn 0.0 1.0 0.0
vn 0.0 1.0 0.0
vn 0.0 1.0 -0.0
vn 0.0 1.0 -0.0
vn 0.0 1.0 0.0
vn 0.0 1.0 0.0
vn 0.0 1.0 0.0
vn 0.0 1.0 0.0
vn 0.0 1.0 0.0
vn 0.0 1.0 0.0
vn 0.0 1.0 -0.0
vn 0.0 1.0 -0.0
vn 0.0 1.0 0.0
vn 0.0 1.0 0.0
vn 0.0 1.0 0.0
vn 0.0 1.0 0.0
vn 0.0 1.0 -0.0
vn 0.0 1.0 0.0
vn 0.0 1.0 0.0
vn 0.0 1.0 0.0
vn 0.0 1.0 -0.0
vn 0.0 1.0 0.0
vn 0.0 1.0 0.0
vn 0.0 1.0 0.0
vn 0.0 1.0 -0.0
vn 0.0 1.0 0.0
vn 0.0 1.0 -0.0
vn 0.0 1.0 0.0
vn 0.0 1.0 0.0
vn 0.0 1.0 -0.0
vn 0.0 1.0 -0.0
vn 0.0 1.0 0.0
vn 0.0 1.0 0.0
vn 0.0 1.0 0.0
vn 0.0 1.0 0.0
vn 0.0 1.0 0.0
vn 0.0 1.0 -0.0
vn 0.0 1.0 -0.0
vn 0.0 1.0 0.0
vn 0.0 1.0 0.0
vn 0.0 1.0 0.0
vn 0.0 1.0 -0.0
vn 0.0 1.0 0.0
vn 0.0 1.0 0.0
vn 0.0 1.0 -0.0
vn 0.0 1.0 0.0
vn 0.0 1.0 0.0
vn 0.0 1.0 0.0
vn 0.0 1.0 -0.0
vn 0.0 1.0 0.0
vn 0.0 1.0 0.0
vn 0.0 1.0 -0.0
vn 0.0 1.0 0.0
vn 0.0 1.0 0.0
vn 0.0 1.0 0.0
vn 0.0 1.0 -0.0
vn 0.0 1.0 0.0
vn 0.0 1.0 0.0
vn 0.0 1.0 -0.0
vn 0.0 1.0 0.0
vn 0.0 1.0 0.0
vn 0.0 1.0 0.0
vn 0.0 1.0 0.0
vn 0.0 1.0 0.0
vn 0.0 1.0 0.0
vn 0.0 1.0 0.0
vn 0.0 1.0 0.0
vn 0.0 1.0 0.0
vn 0.0 1.0 0.0
vn 0.0 1.0 0.0
vn 0.0 1.0 0.0
vn 0.0 1.0 -0.0
vn 0.0 1.0 0.0
vn 0.0 1.0 -0.0
vn 0.0 1.0 -0.0
vn 0.0 1.0 -0.0
vn 0.0 1.0 0.0
vn 0.0 1.0 -0.0
vn 0.0 1.0 0.0
vn 0.0 1.0 -0.0
vn 0.0 1.0 -0.0
vn 0.0 1.0 -0.0
vn 0.0 1.0 0.0
vn 0.0 1.0 -0.0
vn 0.0 1.0 -0.0
vn 0.0 1.0 0.0
vn 0.0 1.0 -0.0
vn 0.0 1.0 -0.0
vn 0.0 1.0 -0.0
vn 0.0 1.0 0.0
vn 0.0 1.0 -0.0
vn 0.0 1.0 -0.0
vn 0.0 1.0 0.0
vn 0.0 1.0 0.0
vn 0.0 1.0 0.0
vn 0.0 1.0 0.0
vn 0.0 1.0 -0.0
vn 0.0 1.0 -0.0
vn 0.0 1.0 0.0
vn 0.0 1.0 0.0
vn 0.0 1.0 0.0
vn 0.0 1.0 0.0
vn 0.0 1.0 0.0
vn 0.0 1.0 -0.0
vn 0.0 1.0 0.0
vn 0.0 1.0 0.0
vn 0.0 1.0 -0.0
vn 0.0 1.0 0.0
vn 0.0 1.0 0.0
vn 0.0 1.0 0.0
vn 0.0 1.0 -0.0
vn 0.0 1.0 0.0
vn 0.0 1.0 0.0
vn 0.0 1.0 -0.0
vn 0.0 1.0 0.0
vn 0.0 1.0 0.0
vn 0.0 1.0 0.0
vn 0.0 1.0 0.0
vn 0.0 1.0 0.0
vn 0.0 1.0 0.0
vn 0.0 1.0 0.0
vn 0.0 1.0 0.0
vn 0.0 1.0 0.0
vn 0.0 1.0 -0.0
vn 0.0 1.0 0.0
vn 0.0 1.0 -0.0
vn 0.0 1.0 -0.0
vn 0.0 1.0 -0.0
vn 0.0 1.0 0.0
vn 0.0 1.0 -0.0
vn 0.0 1.0 -0.0
vn 0.0 1.0 0.0
vn 0.0 1.0 -0.0
vn 0.0 1.0 -0.0
vn 0.0 1.0 0.0
vn 0.0 1.0 -0.0
vn 0.0 1.0 -0.0
vn 0.0 1.0 -0.0
vn 0.0 1.0 0.0
vn 0.0 1.0 -0.0
vn 0.0 1.0 -0.0
vn 0.0 1.0 0.0
vn 0.0 1.0 -0.0
vn 0.0 1.0 -0.0
vn 0.0 1.0 -0.0
vn 0.0 1.0 0.0
vn 0.0 1.0 -0.0
vn 0.0 1.0 -0.0
vn 0.0 1.0 0.0
vn 0.0 1.0 -0.0
vn 0.0 1.0 -0.0
vn 0.0 1.0 -0.0
vn 0.0 1.0 0.0
vn 0.0 1.0 -0.0
vn 0.0 1.0 -0.0
vn 0.0 1.0 -0.0
vn 0.0 1.0 0.0
vn 0.0 1.0 0.0
vn 0.0 1.0 -0.0
vn 0.0 1.0 -0.0
vn 0.0 1.0 -0.0
vn 0.0 1.0 -0.0
vn 0.0 1.0 -0.0
vn 0.0 1.0 -0.0
vn 0.0 1.0 0.0
vn 0.0 1.0 0.0
vn 0.0 1.0 -0.0
vn 0.0 1.0 -0.0
vn 0.0 1.0 -0.0
vn 0.0 1.0 0.0
vn 0.0 1.0 -0.0
vn 0.0 1.0 0.0
vn 0.0 1.0 -0.0
vn 0.0 1.0 -0.0
vn 0.0 1.0 -0.0
vn 0.0 1.0 -0.0
vn 0.0 1.0 -0.0
vn 0.0 1.0 -0.0
vn 0.0 1.0 0.0
vn 0.0 1.0 0.0
vn 0.0 1.0 -0.0
vn 0.0 1.0 -0.0
vn 0.0 1.0 -0.0
vn 0.0 1.0 0.0
vn 0.0 1.0 -0.0
vn 0.0 1.0 0.0
vn 0.0 1.0 -0.0
vn 0.0 1.0 -0.0
vn 0.0 1.0 -0.0
vn 0.0 1.0 -0.0
vn 0.0 1.0 -0.0
vn 0.0 1.0 0.0
vn 0.0 1.0 -0.0
vn 0.0 1.0 0.0
vn 0.0 1.0 -0.0
vn 0.0 1.0 0.0
vn 0.0 1.0 -0.0
vn 0.0 1.0 0.0
vn 0.0 1.0 0.0
vn 0.0 1.0 0.0
vn 0.0 1.0 -0.0
vn 0.0 1.0 0.0
vn 0.0 1.0 -0.0
vn 0.0 1.0 0.0
vn 0.0 1.0 -0.0
vn 0.0 1.0 0.0
vn 0.0 1.0 0.0
vn 0.0 1.0 0.0
vn 0.0 1.0 -0.0
vn 0.0 1.0 0.0
vn 0.0 1.0 -0.0
vn 0.0 1.0 0.0
vn 0.0 1.0 0.0
vn 0.0 1.0 0.0
vn 0.0 1.0 -0.0
vn 0.0 1.0 0.0
vn 0.0 1.0 -0.0
vn 0.0 1.0 0.0
vn 0.877593 0.0 -0.479407
vn 0.877593 0.0 -0.479407
vn 0.893807 0.0 -0.448453
vn 0.908904 0.0 -0.417004
vn 0.893807 0.0 -0.448453
vn 0.908904 0.0 -0.417004
vn 0.92289 0.0 -0.385065
vn 0.92289 0.0 -0.385065
vn 0.935789 0.0 -0.352562
vn 0.935789 0.0 -0.352562
vn 0.94751 0.0 -0.319725
vn 0.94751 0.0 -0.319725
vn 0.958095 0.0 -0.286451
vn 0.958095 0.0 -0.286451
vn 0.96751 0.0 -0.252832
vn 0.96751 0.0 -0.252832
vn 0.975734 0.0 -0.218958
vn 0.975734 0.0 -0.218958
vn 0.982788 0.0 -0.184738
vn 0.982788 0.0 -0.184738
vn 0.98864 0.0 -0.150304
vn 0.98864 0.0 -0.150304
vn 0.993279 0.0 -0.115745
vn 0.993279 0.0 -0.115745
vn 0.996717 0.0 -0.080965
vn 0.996717 0.0 -0.080965
vn 0.998933 0.0 -0.046185
vn 0.998933 0.0 -0.046185
vn 0.999936 0.0 -0.011277
vn 0.999936 0.0 -0.011277
vn 0.999721 -0.0 0.02363
vn 0.999721 0.0 0.02363
vn 0.998285 -0.0 0.05854
vn 0.998285 0.0 0.05854
vn 0.995637 -0.0 0.093314
vn 0.995637 0.0 0.093314
vn 0.991778 -0.0 0.12797
vn 0.991778 0.0 0.12797
vn 0.986697 -0.0 0.16257
vn 0.986697 0.0 0.16257
vn 0.980428 -0.0 0.196878
vn 0.980428 0.0 0.196878
vn 0.97296 -0.0 0.230973
vn 0.964316 -0.0 0.264752
vn 0.97296 0.0 0.230973
vn 0.964316 -0.0 0.264752
vn 0.954476 -0.0 0.298287
vn 0.954476 0.0 0.298287
vn 0.943482 -0.0 0.331424
vn 0.931355 -0.0 0.364114
vn 0.943482 0.0 0.331424
vn 0.918066 -0.0 0.396427
vn 0.931355 -0.0 0.364114
vn 0.918066 -0.0 0.396427
vn 0.903671 -0.0 0.428227
vn 0.903671 0.0 0.428227
vn 0.888187 -0.0 0.459481
vn 0.871605 -0.0 0.490208
vn 0.888187 0.0 0.459481
vn 0.871605 -0.0 0.490208
vn 0.853979 0.0 0.520307
vn 0.853979 -0.0 0.520307
vn 0.835281 0.0 0.549824
vn 0.835281 -0.0 0.549824
vn 0.815588 0.0 0.578633
vn 0.815588 -0.0 0.578633
vn 0.79491 -0.0 0.606728
vn 0.79491 -0.0 0.606728
vn 0.773236 0.0 0.634119
vn 0.773236 -0.0 0.634119
vn 0.750635 0.0 0.660717
vn 0.750635 -0.0 0.660717
vn 0.72711 0.0 0.686521
vn 0.72711 -0.0 0.686521
vn 0.702724 0.0 0.711462
vn 0.702724 -0.0 0.711462
vn 0.677479 -0.0 0.735542
vn 0.677479 0.0 0.735542
vn 0.651369 -0.0 0.758761
vn 0.651369 0.0 0.758761
vn 0.624511 -0.0 0.781016
vn 0.624511 0.0 0.781016
vn 0.596883 -0.0 0.802329
vn 0.596883 0.0 0.802329
vn 0.56846 -0.0 0.822711
vn 0.56846 0.0 0.822711
vn 0.53946 -0.0 0.842011
vn 0.53946 0.0 0.842011
vn 0.509715 -0.0 0.860343
vn 0.509715 0.0 0.860343
vn 0.479407 -0.0 0.877593
vn 0.479407 0.0 0.877593
vn 0.44847 -0.0 0.893798
vn 0.44847 0.0 0.893798
vn 0.417004 -0.0 0.908904
vn 0.417004 0.0 0.908904
vn 0.385049 -0.0 0.922896
vn 0.385049 0.0 0.922896
vn 0.352576 -0.0 0.935783
vn 0.352576 0.0 0.935783
vn 0.319712 -0.0 0.947515
vn 0.286451 -0.0 0.958095
vn 0.319712 0.0 0.947515
vn 0.286451 -0.0 0.958095
vn 0.252842 -0.0 0.967507
vn 0.252842 0.0 0.967507
vn 0.218908 -0.0 0.975745
vn 0.218908 0.0 0.975745
vn 0.184746 0.0 0.982786
vn 0.184746 -0.0 0.982786
vn 0.150346 0.0 0.988633
vn 0.150346 -0.0 0.988633
vn 0.115745 0.0 0.993279
vn 0.115745 -0.0 0.993279
vn 0.080961 0.0 0.996717
vn 0.080961 -0.0 0.996717
vn 0.046185 0.0 0.998933
vn 0.046185 -0.0 0.998933
vn 0.011277 -0.0 0.999936
vn 0.011277 -0.0 0.999936
vn -0.023674 0.0 0.99972
vn -0.023674 0.0 0.99972
vn -0.058495 0.0 0.998288
vn -0.058495 0.0 0.998288
vn -0.093318 0.0 0.995636
vn -0.093318 0.0 0.995636
vn -0.128007 0.0 0.991773
vn -0.128007 0.0 0.991773
vn -0.162535 0.0 0.986703
vn -0.162535 0.0 0.986703
vn -0.196878 0.0 0.980428
vn -0.196878 0.0 0.980428
vn -0.230963 0.0 0.972963
vn -0.230963 0.0 0.972963
vn -0.264803 0.0 0.964302
vn -0.264803 0.0 0.964302
vn -0.298248 0.0 0.954488
vn -0.298248 0.0 0.954488
vn -0.331424 0.0 0.943482
vn -0.331424 0.0 0.943482
vn -0.364136 0.0 0.931346
vn -0.364136 0.0 0.931346
vn -0.396391 0.0 0.918082
vn -0.396391 0.0 0.918082
vn -0.428227 0.0 0.903671
vn -0.459499 0.0 0.888178
vn -0.428227 0.0 0.903671
vn -0.459499 0.0 0.888178
vn -0.490208 0.0 0.871605
vn -0.490208 0.0 0.871605
vn -0.520307 0.0 0.853979
vn -0.520307 0.0 0.853979
vn -0.549824 0.0 0.835281
vn -0.578633 0.0 0.815588
vn -0.549824 0.0 0.835281
vn -0.578633 0.0 0.815588
vn -0.606728 0.0 0.79491
vn -0.606728 0.0 0.79491
vn -0.634144 0.0 0.773215
vn -0.634144 0.0 0.773215
vn -0.660696 0.0 0.750654
vn -0.660696 0.0 0.750654
vn -0.686498 0.0 0.727131
vn -0.686498 0.0 0.727131
vn -0.711462 0.0 0.702724
vn -0.711462 0.0 0.702724
vn -0.735564 0.0 0.677456
vn -0.735564 0.0 0.677456
vn -0.758761 0.0 0.651369
vn -0.758761 0.0 0.651369
vn -0.781016 0.0 0.624511
vn -0.781016 0.0 0.624511
vn -0.802344 0.0 0.596862
vn -0.802344 0.0 0.596862
vn -0.822677 0.0 0.568509
vn -0.822677 0.0 0.568509
vn -0.842031 0.0 0.53943
vn -0.842031 0.0 0.53943
vn -0.860324 0.0 0.509747
vn -0.860324 0.0 0.509747
vn -0.877611 0.0 0.479374
vn -0.877611 0.0 0.479374
vn -0.893798 0.0 0.44847
vn -0.893798 0.0 0.44847
vn -0.908888 0.0 0.41704
vn -0.922911 0.0 0.385013
vn -0.908888 0.0 0.41704
vn -0.922911 0.0 0.385013
vn -0.935774 0.0 0.352599
vn -0.935774 0.0 0.352599
vn -0.947523 0.0 0.319686
vn -0.947523 0.0 0.319686
vn -0.958095 0.0 0.286451
vn -0.958095 0.0 0.286451
vn -0.9675 0.0 0.252872
vn -0.9675 0.0 0.252872
vn -0.975743 0.0 0.218917
vn -0.975743 0.0 0.218917
vn -0.982786 0.0 0.184746
vn -0.98864 0.0 0.150304
vn -0.982786 0.0 0.184746
vn -0.98864 0.0 0.150304
vn -0.99328 0.0 0.11574
vn -0.99328 0.0 0.11574
vn -0.996714 0.0 0.081008
vn -0.996714 0.0 0.081008
vn -0.998935 0.0 0.046142
vn -0.998935 0.0 0.046142
vn -0.999936 0.0 0.011277
vn -0.999936 0.0 0.011277
vn -0.999721 0.0 -0.023631
vn -0.999721 0.0 -0.023631
vn -0.998285 0.0 -0.058538
vn -0.998285 0.0 -0.058538
vn -0.99564 0.0 -0.093275
vn -0.99564 0.0 -0.093275
vn -0.991773 0.0 -0.128007
vn -0.991773 0.0 -0.128007
vn -0.986703 0.0 -0.162535
vn -0.986703 0.0 -0.162535
vn -0.980428 0.0 -0.196878
vn -0.972963 0.0 -0.230963
vn -0.980428 0.0 -0.196878
vn -0.972963 0.0 -0.230963
vn -0.964302 0.0 -0.264803
vn -0.964302 0.0 -0.264803
vn -0.954476 0.0 -0.298287
vn -0.943495 0.0 -0.331386
vn -0.954476 0.0 -0.298287
vn -0.931346 0.0 -0.364136
vn -0.943495 0.0 -0.331386
vn -0.931346 0.0 -0.364136
vn -0.918066 0.0 -0.396427
vn -0.918066 0.0 -0.396427
vn -0.903671 0.0 -0.428227
vn -0.903671 0.0 -0.428227
vn -0.888187 0.0 -0.459481
vn -0.888187 0.0 -0.459481
vn -0.871595 0.0 -0.490226
vn -0.871595 0.0 -0.490226
vn -0.853979 0.0 -0.520307
vn -0.853979 0.0 -0.520307
vn -0.835281 0.0 -0.549824
vn -0.835281 0.0 -0.549824
vn -0.815588 0.0 -0.578633
vn -0.815588 0.0 -0.578633
vn -0.79491 0.0 -0.606728
vn -0.79491 0.0 -0.606728
vn -0.773236 0.0 -0.634119
vn -0.773236 0.0 -0.634119
vn -0.750654 0.0 -0.660696
vn -0.750654 0.0 -0.660696
vn -0.72711 0.0 -0.686521
vn -0.72711 0.0 -0.686521
vn -0.702724 0.0 -0.711462
vn -0.702724 0.0 -0.711462
vn -0.677456 0.0 -0.735564
vn -0.677456 0.0 -0.735564
vn -0.651369 0.0 -0.758761
vn -0.624511 0.0 -0.781016
vn -0.651369 0.0 -0.758761
vn -0.596883 0.0 -0.802329
vn -0.624511 0.0 -0.781016
vn -0.596883 0.0 -0.802329
vn -0.568509 0.0 -0.822677
vn -0.568509 0.0 -0.822677
vn -0.539441 0.0 -0.842024
vn -0.509715 0.0 -0.860343
vn -0.539441 0.0 -0.842024
vn -0.509715 0.0 -0.860343
vn -0.479374 0.0 -0.877611
vn -0.479374 0.0 -0.877611
vn -0.448504 0.0 -0.893781
vn -0.417004 0.0 -0.908904
vn -0.448504 0.0 -0.893781
vn -0.417004 0.0 -0.908904
vn -0.385013 0.0 -0.922911
vn -0.385013 0.0 -0.922911
vn -0.352614 0.0 -0.935769
vn -0.352614 0.0 -0.935769
vn -0.319725 0.0 -0.94751
vn -0.286451 0.0 -0.958095
vn -0.319725 0.0 -0.94751
vn -0.286451 0.0 -0.958095
vn -0.252832 0.0 -0.96751
vn -0.252832 0.0 -0.96751
vn -0.218917 0.0 -0.975743
vn -0.218917 0.0 -0.975743
vn -0.184738 0.0 -0.982788
vn -0.184738 0.0 -0.982788
vn -0.150304 0.0 -0.98864
vn -0.150304 0.0 -0.98864
vn -0.115745 0.0 -0.993279
vn -0.115745 0.0 -0.993279
vn -0.081004 0.0 -0.996714
vn -0.081004 0.0 -0.996714
vn -0.046144 0.0 -0.998935
vn -0.046144 0.0 -0.998935
vn -0.011277 0.0 -0.999936
vn -0.011277 0.0 -0.999936
vn 0.023631 0.0 -0.999721
vn 0.023631 0.0 -0.999721
vn 0.058495 0.0 -0.998288
vn 0.058495 0.0 -0.998288
vn 0.093318 0.0 -0.995636
vn 0.093318 0.0 -0.995636
vn 0.128012 0.0 -0.991773
vn 0.128012 0.0 -0.991773
vn 0.162528 0.0 -0.986704
vn 0.162528 0.0 -0.986704
vn 0.196878 0.0 -0.980428
vn 0.230963 0.0 -0.972963
vn 0.196878 0.0 -0.980428
vn 0.230963 0.0 -0.972963
vn 0.264803 0.0 -0.964302
vn 0.264803 0.0 -0.964302
vn 0.298287 0.0 -0.954476
vn 0.298287 0.0 -0.954476
vn 0.331386 0.0 -0.943495
vn 0.331386 0.0 -0.943495
vn 0.364151 0.0 -0.93134
vn 0.364151 0.0 -0.93134
vn 0.396411 0.0 -0.918073
vn 0.396411 0.0 -0.918073
vn 0.428208 0.0 -0.90368
vn 0.428208 0.0 -0.90368
vn 0.459515 0.0 -0.88817
vn 0.459515 0.0 -0.88817
vn 0.490175 0.0 -0.871624
vn 0.520339 0.0 -0.85396
vn 0.490175 0.0 -0.871624
vn 0.520339 0.0 -0.85396
vn 0.549824 0.0 -0.835281
vn 0.578633 0.0 -0.815588
vn 0.549824 0.0 -0.835281
vn 0.606728 0.0 -0.79491
vn 0.578633 0.0 -0.815588
vn 0.606728 0.0 -0.79491
vn 0.634119 0.0 -0.773236
vn 0.634119 0.0 -0.773236
vn 0.660717 0.0 -0.750635
vn 0.660717 0.0 -0.750635
vn 0.686498 0.0 -0.727131
vn 0.686498 0.0 -0.727131
vn 0.711483 0.0 -0.702703
vn 0.711483 0.0 -0.702703
vn 0.735542 0.0 -0.677479
vn 0.735542 0.0 -0.677479
vn 0.758743 0.0 -0.65139
vn 0.758743 0.0 -0.65139
vn 0.781033 0.0 -0.62449
vn 0.781033 0.0 -0.62449
vn 0.802329 0.0 -0.596883
vn 0.802329 0.0 -0.596883
vn 0.822697 0.0 -0.56848
vn 0.822697 0.0 -0.56848
vn 0.842024 0.0 -0.539441
vn 0.842024 0.0 -0.539441
vn 0.860332 0.0 -0.509734
vn 0.860332 0.0 -0.509734
vn 0.0 -1.0 0.0
vn 0.0 -1.0 0.0
vn 0.0 -1.0 0.0
vn 0.0 -1.0 0.0
vn 0.0 -1.0 0.0
vn 0.0 -1.0 0.0
vn 0.0 -1.0 0.0
vn 0.0 -1.0 0.0
vn 0.0 -1.0 0.0
vn 0.0 -1.0 0.0
vn 0.0 -1.0 0.0
vn 0.0 -1.0 0.0
vn 0.0 -1.0 0.0
vn 0.0 -1.0 0.0
vn 0.0 -1.0 0.0
vn 0.0 -1.0 0.0
vn 0.0 -1.0 0.0
vn 0.0 -1.0 0.0
vn 0.0 -1.0 0.0
vn 0.0 -1.0 0.0
vn 0.0 -1.0 0.0
vn 0.0 -1.0 0.0
vn 0.0 -1.0 0.0
vn 0.0 -1.0 0.0
vn 0.0 -1.0 -0.0
vn 0.0 -1.0 -0.0
vn 0.0 -1.0 -0.0
vn 0.0 -1.0 0.0
vn 0.0 -1.0 0.0
vn 0.0 -1.0 0.0
vn 0.0 -1.0 0.0
vn 0.0 -1.0 0.0
vn 0.0 -1.0 0.0
vn 0.0 -1.0 0.0
vn 0.0 -1.0 0.0
vn 0.0 -1.0 -0.0
vn 0.0 -1.0 -0.0
vn 0.0 -1.0 0.0
vn 0.0 -1.0 -0.0
vn 0.0 -1.0 -0.0
vn 0.0 -1.0 -0.0
vn 0.0 -1.0 0.0
vn 0.0 -1.0 0.0
vn 0.0 -1.0 0.0
vn 0.0 -1.0 0.0
vn 0.0 -1.0 0.0
vn 0.0 -1.0 -0.0
vn 0.0 -1.0 -0.0
vn 0.0 -1.0 0.0
vn 0.0 -1.0 0.0
vn 0.0 -1.0 0.0
vn 0.0 -1.0 -0.0
vn 0.0 -1.0 0.0
vn 0.0 -1.0 -0.0
vn 0.0 -1.0 -0.0
vn 0.0 -1.0 0.0
vn 0.0 -1.0 0.0
vn 0.0 -1.0 0.0
vn 0.0 -1.0 0.0
vn 0.0 -1.0 0.0
vn 0.0 -1.0 0.0
vn 0.0 -1.0 0.0
vn 0.0 -1.0 -0.0
vn 0.0 -1.0 -0.0
vn 0.0 -1.0 -0.0
vn 0.0 -1.0 -0.0
vn 0.0 -1.0 -0.0
vn 0.0 -1.0 0.0
vn 0.0 -1.0 -0.0
vn 0.0 -1.0 -0.0
vn 0.0 -1.0 0.0
vn 0.0 -1.0 0.0
vn 0.0 -1.0 -0.0
vn 0.0 -1.0 -0.0
vn 0.0 -1.0 -0.0
vn 0.0 -1.0 0.0
vn 0.0 -1.0 -0.0
vn 0.0 -1.0 -0.0
vn 0.0 -1.0 0.0
vn 0.0 -1.0 -0.0
vn 0.0 -1.0 -0.0
vn 0.0 -1.0 -0.0
vn 0.0 -1.0 0.0
vn 0.0 -1.0 -0.0
vn 0.0 -1.0 -0.0
vn 0.0 -1.0 0.0
vn 0.0 -1.0 -0.0
vn 0.0 -1.0 -0.0
vn 0.0 -1.0 -0.0
vn 0.0 -1.0 -0.0
vn 0.0 -1.0 -0.0
vn 0.0 -1.0 0.0
vn 0.0 -1.0 0.0
vn 0.0 -1.0 -0.0
vn 0.0 -1.0 0.0
vn 0.0 -1.0 0.0
vn 0.0 -1.0 0.0
vn 0.0 -1.0 0.0
vn 0.0 -1.0 0.0
vn 0.0 -1.0 0.0
vn 0.0 -1.0 0.0
vn 0.0 -1.0 0.0
vn 0.0 -1.0 0.0
vn 0.0 -1.0 0.0
vn 0.0 -1.0 0.0
vn 0.0 -1.0 0.0
vn 0.0 -1.0 0.0
vn 0.0 -1.0 0.0
vn 0.0 -1.0 0.0
vn 0.0 -1.0 0.0
vn 0.0 -1.0 0.0
vn 0.0 -1.0 0.0
vn 0.0 -1.0 0.0
vn 0.0 -1.0 0.0
vn 0.0 -1.0 0.0
vn 0.0 -1.0 0.0
vn 0.0 -1.0 0.0
vn 0.0 -1.0 0.0
vn 0.0 -1.0 0.0
vn 0.0 -1.0 0.0
vn 0.0 -1.0 0.0
vn 0.0 -1.0 0.0
vn 0.0 -1.0 0.0
vn 0.0 -1.0 0.0
vn 0.0 -1.0 0.0
vn 0.0 -1.0 0.0
vn 0.0 -1.0 0.0
vn 0.0 -1.0 0.0
vn 0.0 -1.0 0.0
vn 0.0 -1.0 0.0
vn 0.0 -1.0 0.0
vn 0.0 -1.0 0.0
vn 0.0 -1.0 0.0
vn 0.0 -1.0 0.0
vn 0.0 -1.0 0.0
vn 0.0 -1.0 0.0
vn 0.0 -1.0 0.0
vn 0.0 -1.0 0.0
vn 0.0 -1.0 0.0
vn 0.0 -1.0 0.0
vn 0.0 -1.0 0.0
vn 0.0 -1.0 0.0
vn 0.0 -1.0 0.0
vn 0.0 -1.0 0.0
vn 0.0 -1.0 0.0
vn 0.0 -1.0 0.0
vn 0.0 -1.0 0.0
vn 0.0 -1.0 0.0
vn 0.0 -1.0 0.0
vn 0.0 -1.0 0.0
vn 0.0 -1.0 0.0
vn 0.0 -1.0 0.0
vn 0.0 -1.0 0.0
vn 0.0 -1.0 0.0
vn 0.0 -1.0 0.0
vn 0.0 -1.0 0.0
vn 0.0 -1.0 0.0
vn 0.0 -1.0 0.0
vn 0.0 -1.0 -0.0
vn 0.0 -1.0 0.0
vn 0.0 -1.0 0.0
vn 0.0 -1.0 -0.0
vn 0.0 -1.0 0.0
vn 0.0 -1.0 0.0
vn 0.0 -1.0 0.0
vn 0.0 -1.0 -0.0
vn 0.0 -1.0 0.0
vn 0.0 -1.0 0.0
vn 0.0 -1.0 -0.0
vn 0.0 -1.0 0.0
vn 0.0 -1.0 0.0
vn 0.0 -1.0 0.0
vn 0.0 -1.0 -0.0
vn 0.0 -1.0 0.0
vn 0.0 -1.0 0.0
vn 0.0 -1.0 -0.0
vn 0.0 -1.0 0.0
vn 0.0 -1.0 0.0
vn 0.0 -1.0 0.0
vn 0.0 -1.0 -0.0
vn 0.0 -1.0 0.0
vn 0.0 -1.0 0.0
vn 0.0 -1.0 -0.0
vn 0.0 -1.0 0.0
vn 0.0 -1.0 0.0
vn 0.0 -1.0 0.0
vn 0.0 -1.0 -0.0
vn 0.0 -1.0 0.0
vn 0.0 -1.0 0.0
vn 0.0 -1.0 -0.0
vn 0.0 -1.0 0.0
vn 0.0 -1.0 0.0
vn 0.0 -1.0 0.0
vn 0.0 -1.0 0.0
vn 0.0 -1.0 0.0
vn 0.0 -1.0 0.0
vn 0.0 -1.0 0.0
vn 0.0 -1.0 -0.0
vn 0.0 -1.0 0.0
vn 0.0 -1.0 0.0
vn 0.0 -1.0 0.0
vn 0.0 -1.0 0.0
vn 0.0 -1.0 0.0
vn 0.0 -1.0 -0.0
vn 0.0 -1.0 0.0
vn 0.0 -1.0 0.0
vn 0.0 -1.0 0.0
vn 0.0 -1.0 0.0
vn 0.0 -1.0 0.0
vn 0.0 -1.0 0.0
vn 0.0 -1.0 0.0
vn 0.0 -1.0 -0.0
vn 0.0 -1.0 0.0
vn 0.0 -1.0 0.0
vn 0.0 -1.0 0.0
vn 0.0 -1.0 0.0
vn 0.0 -1.0 0.0
vn 0.0 -1.0 -0.0
vn 0.0 -1.0 0.0
vn 0.0 -1.0 0.0
vn 0.0 -1.0 0.0
vn 0.0 -1.0 0.0
vn 0.0 -1.0 0.0
vn 0.0 -1.0 0.0
vn 0.0 -1.0 0.0
vn 0.0 -1.0 -0.0
vn 0.0 -1.0 0.0
vn 0.0 -1.0 0.0
vn 0.0 -1.0 0.0
vn 0.0 -1.0 0.0
vn 0.0 -1.0 0.0
vn 0.0 -1.0 0.0
vn 0.0 -1.0 0.0
vn 0.0 -1.0 0.0
vn 0.0 -1.0 0.0
vn 0.0 -1.0 0.0
vn 0.0 -1.0 0.0
vn 0.0 -1.0 0.0
vn 0.0 -1.0 0.0
vn 0.0 -1.0 0.0
vn 0.0 -1.0 0.0
vn 0.0 -1.0 0.0
vn 0.0 -1.0 0.0
vn 0.0 -1.0 0.0
vn 0.0 -1.0 0.0
vn 0.0 -1.0 0.0
vn 0.0 -1.0 0.0
vn 0.0 -1.0 0.0
vn 0.0 -1.0 0.0
vn 0.0 -1.0 0.0
vn 0.0 -1.0 0.0
vn 0.0 -1.0 0.0
vn 0.889838 0.0 -0.456277
vn 0.92625 0.0 -0.37691
vn 0.889838 0.0 -0.456277
vn 0.92625 0.0 -0.37691
vn 0.955534 0.0 -0.29488
vn 0.955534 0.0 -0.29488
vn 0.977619 0.0 -0.210383
vn 0.977619 0.0 -0.210383
vn 0.992239 0.0 -0.124345
vn 0.992239 0.0 -0.124345
vn 0.9993 0.0 -0.037422
vn 0.9993 0.0 -0.037422
vn 0.998764 -0.0 0.049713
vn 0.998764 0.0 0.049713
vn 0.990606 -0.0 0.136749
vn 0.990606 -0.0 0.136749
vn 0.974945 -0.0 0.222446
vn 0.974945 0.0 0.222446
vn 0.951861 -0.0 0.306531
vn 0.921484 -0.0 0.388415
vn 0.951861 0.0 0.306531
vn 0.921484 -0.0 0.388415
vn 0.884103 -0.0 0.467293
vn 0.840082 -0.0 0.542459
vn 0.884103 0.0 0.467293
vn 0.840082 -0.0 0.542459
vn 0.789624 -0.0 0.613591
vn 0.733008 -0.0 0.68022
vn 0.789624 0.0 0.613591
vn 0.733008 -0.0 0.68022
vn 0.67106 -0.0 0.741403
vn 0.603839 -0.0 0.797107
vn 0.67106 0.0 0.741403
vn 0.603839 -0.0 0.797107
vn 0.532059 -0.0 0.846707
vn 0.532059 0.0 0.846707
vn 0.456234 -0.0 0.88986
vn 0.456234 0.0 0.88986
vn 0.376966 -0.0 0.926227
vn 0.376966 0.0 0.926227
vn 0.29478 -0.0 0.955565
vn 0.29478 0.0 0.955565
vn 0.210488 -0.0 0.977596
vn 0.210488 0.0 0.977596
vn 0.124345 -0.0 0.992239
vn 0.124345 0.0 0.992239
vn 0.037426 -0.0 0.999299
vn 0.037426 0.0 0.999299
vn -0.049713 0.0 0.998764
vn -0.049713 0.0 0.998764
vn -0.136749 0.0 0.990606
vn -0.222446 0.0 0.974945
vn -0.136749 0.0 0.990606
vn -0.222446 0.0 0.974945
vn -0.306531 0.0 0.951861
vn -0.306531 0.0 0.951861
vn -0.388376 0.0 0.921501
vn -0.467293 0.0 0.884103
vn -0.388376 0.0 0.921501
vn -0.467293 0.0 0.884103
vn -0.542509 0.0 0.84005
vn -0.542509 0.0 0.84005
vn -0.613659 0.0 0.789571
vn -0.613659 0.0 0.789571
vn -0.680106 0.0 0.733114
vn -0.741458 0.0 0.671
vn -0.680106 0.0 0.733114
vn -0.741458 0.0 0.671
vn -0.797107 0.0 0.603839
vn -0.797107 0.0 0.603839
vn -0.846707 0.0 0.532059
vn -0.846707 0.0 0.532059
vn -0.889815 0.0 0.456321
vn -0.889815 0.0 0.456321
vn -0.926227 0.0 0.376966
vn -0.926227 0.0 0.376966
vn -0.955565 0.0 0.29478
vn -0.977619 0.0 0.210383
vn -0.955565 0.0 0.29478
vn -0.977619 0.0 0.210383
vn -0.992239 0.0 0.124345
vn -0.992239 0.0 0.124345
vn -0.999295 0.0 0.037531
vn -0.999295 0.0 0.037531
vn -0.998758 0.0 -0.049828
vn -0.998758 0.0 -0.049828
vn -0.990623 0.0 -0.136626
vn -0.990623 0.0 -0.136626
vn -0.97494 0.0 -0.22247
vn -0.97494 0.0 -0.22247
vn -0.951828 0.0 -0.306631
vn -0.951828 0.0 -0.306631
vn -0.921501 0.0 -0.388376
vn -0.921501 0.0 -0.388376
vn -0.884148 0.0 -0.467207
vn -0.840032 0.0 -0.542537
vn -0.884148 0.0 -0.467207
vn -0.789583 0.0 -0.613644
vn -0.840032 0.0 -0.542537
vn -0.789583 0.0 -0.613644
vn -0.733059 0.0 -0.680165
vn -0.671054 0.0 -0.741408
vn -0.733059 0.0 -0.680165
vn -0.671054 0.0 -0.741408
vn -0.603786 0.0 -0.797147
vn -0.603786 0.0 -0.797147
vn -0.532138 0.0 -0.846658
vn -0.532138 0.0 -0.846658
vn -0.456234 0.0 -0.88986
vn -0.456234 0.0 -0.88986
vn -0.376966 0.0 -0.926227
vn -0.376966 0.0 -0.926227
vn -0.29478 0.0 -0.955565
vn -0.210383 0.0 -0.977619
vn -0.29478 0.0 -0.955565
vn -0.210383 0.0 -0.977619
vn -0.124453 0.0 -0.992225
vn -0.037426 0.0 -0.999299
vn -0.124453 0.0 -0.992225
vn -0.037426 0.0 -0.999299
vn 0.049823 0.0 -0.998758
vn 0.136641 0.0 -0.990621
vn 0.049823 0.0 -0.998758
vn 0.136641 0.0 -0.990621
vn 0.222446 0.0 -0.974945
vn 0.306631 0.0 -0.951828
vn 0.222446 0.0 -0.974945
vn 0.306631 0.0 -0.951828
vn 0.388415 0.0 -0.921484
vn 0.467161 0.0 -0.884172
vn 0.388415 0.0 -0.921484
vn 0.467161 0.0 -0.884172
vn 0.542509 0.0 -0.84005
vn 0.542509 0.0 -0.84005
vn 0.613659 0.0 -0.789571
vn 0.613659 0.0 -0.789571
vn 0.680106 0.0 -0.733114
vn 0.680106 0.0 -0.733114
vn 0.741458 0.0 -0.671
vn 0.741458 0.0 -0.671
vn 0.797107 0.0 -0.603839
vn 0.797107 0.0 -0.603839
vn 0.846707 0.0 -0.532059
vn 0.846707 0.0 -0.532059
vn 0.0 1.0 0.0
vn 0.0 1.0 0.0
vn 0.0 1.0 0.0
vn 0.0 1.0 0.0
vn 0.0 1.0 0.0
vn 0.0 1.0 0.0
vn 0.0 1.0 0.0
vn 0.0 1.0 0.0
vn 0.0 1.0 0.0
vn 0.0 1.0 0.0
vn 0.0 1.0 0.0
vn 0.0 1.0 0.0
vn 0.0 1.0 0.0
vn 0.0 1.0 0.0
vn 0.0 1.0 0.0
vn 0.0 1.0 0.0
vn 0.0 1.0 0.0
vn 0.0 1.0 0.0
vn 0.0 1.0 0.0
vn 0.0 1.0 0.0
vn 0.0 1.0 0.0
vn 0.0 1.0 0.0
vn 0.0 1.0 0.0
vn 0.0 1.0 0.0
vn 0.0 1.0 0.0
vn 0.0 1.0 0.0
vn 0.0 1.0 0.0
vn 0.0 1.0 0.0
vn 0.0 1.0 0.0
vn 0.0 1.0 0.0
vn 0.0 1.0 0.0
vn 0.0 1.0 0.0
vn 0.0 1.0 0.0
vn 0.0 1.0 0.0
vn 0.0 1.0 0.0
vn 0.0 1.0 0.0
vn 0.0 1.0 0.0
vn 0.0 1.0 0.0
vn 0.0 1.0 0.0
vn 0.0 1.0 0.0
vn 0.0 1.0 0.0
vn 0.0 1.0 0.0
vn 0.0 1.0 0.0
vn 0.0 1.0 0.0
vn 0.0 1.0 0.0
vn 0.0 1.0 0.0
vn 0.0 1.0 0.0
vn 0.0 1.0 0.0
vn 0.0 1.0 0.0
vn 0.0 1.0 0.0
vn 0.0 1.0 0.0
vn 0.0 1.0 0.0
vn 0.0 1.0 0.0
vn 0.0 1.0 0.0
vn 0.0 1.0 0.0
vn 0.0 1.0 0.0
vn 0.0 1.0 0.0
vn 0.0 1.0 0.0
vn 0.0 1.0 0.0
vn 0.0 1.0 0.0
vn 0.0 1.0 0.0
vn 0.0 1.0 0.0
vn 0.0 1.0 0.0
vn 0.0 1.0 0.0
vn 0.0 1.0 0.0
vn 0.0 1.0 0.0
vn 0.0 1.0 0.0
vn 0.0 1.0 0.0
vn 0.0 1.0 0.0
vn 0.0 1.0 0.0
vn 0.0 1.0 -0.0
vn 0.0 1.0 0.0
vn 0.0 1.0 0.0
vn 0.0 1.0 0.0
vn 0.0 1.0 0.0
vn 0.0 1.0 0.0
vn 0.0 1.0 0.0
vn 0.0 1.0 -0.0
vn 0.0 1.0 0.0
vn 0.0 1.0 0.0
vn 0.0 1.0 0.0
vn 0.0 1.0 0.0
vn 0.0 1.0 0.0
vn 0.0 1.0 0.0
vn 0.0 1.0 -0.0
vn 0.0 1.0 0.0
vn 0.0 1.0 0.0
vn 0.0 1.0 0.0
vn 0.0 1.0 -0.0
vn 0.0 1.0 0.0
vn 0.0 1.0 0.0
vn 0.0 1.0 0.0
vn 0.0 1.0 0.0
vn 0.0 1.0 0.0
vn 0.0 1.0 0.0
vn 0.0 1.0 0.0
vn 0.0 1.0 0.0
vn 0.0 1.0 0.0
vn 0.0 1.0 0.0
vn 0.0 1.0 0.0
vn 0.0 1.0 -0.0
vn 0.0 1.0 0.0
vn 0.0 1.0 0.0
vn 0.0 1.0 -0.0
vn 0.0 1.0 0.0
vn 0.0 1.0 0.0
vn 0.0 1.0 0.0
vn 0.0 1.0 0.0
vn 0.0 1.0 0.0
vn 0.0 1.0 0.0
vn 0.0 1.0 0.0
vn 0.0 1.0 0.0
vn 0.0 1.0 -0.0
vn 0.0 1.0 0.0
vn 0.0 1.0 0.0
vn 0.0 1.0 0.0
vn 0.0 1.0 0.0
vn 0.0 1.0 0.0
vn 0.0 1.0 0.0
vn 0.0 1.0 0.0
vn 0.0 1.0 0.0
vn 0.0 1.0 0.0
vn 0.0 1.0 0.0
vn 0.0 1.0 0.0
vn 0.0 1.0 0.0
vn 0.0 1.0 0.0
vn 0.0 1.0 0.0
vn 0.0 1.0 0.0
vn 0.0 1.0 0.0
vn 0.0 1.0 -0.0
vn 0.0 1.0 0.0
vn 0.0 1.0 0.0
vn 0.0 1.0 0.0
vn 0.0 1.0 0.0
vn 0.0 1.0 0.0
vn 0.0 1.0 0.0
vn 0.0 1.0 0.0
vn 0.0 1.0 0.0
vn 0.0 1.0 0.0
vn 0.0 1.0 0.0
vn 0.0 1.0 0.0
vn 0.0 1.0 0.0
vn 0.0 1.0 0.0
vn 0.0 1.0 0.0
vn 0.0 1.0 0.0
vn 0.0 1.0 0.0
vn 0.0 1.0 0.0
vn 0.0 1.0 0.0
vn 0.0 1.0 0.0
vn 0.0 1.0 0.0
vn 0.0 1.0 0.0
vn 0.0 1.0 0.0
vn 0.0 1.0 0.0
vn 0.0 1.0 0.0
vn 0.0 1.0 0.0
vn 0.0 1.0 0.0
vn 0.0 1.0 0.0
vn 0.0 1.0 0.0
vn 0.0 1.0 0.0
vn 0.0 1.0 0.0
vn 0.0 1.0 0.0
vn 0.0 1.0 0.0
vn 0.0 1.0 0.0
vn 0.0 1.0 0.0
vn 0.0 1.0 0.0
vn 0.0 1.0 0.0
vn 0.0 1.0 0.0
vn 0.0 1.0 0.0
vn 0.0 1.0 0.0
vn 0.0 1.0 0.0
vn 0.0 1.0 0.0
vn 0.0 1.0 -0.0
vn 0.0 1.0 0.0
vn 0.0 1.0 0.0
vn 0.0 1.0 0.0
vn 0.0 1.0 0.0
vn 0.0 1.0 -0.0
vn 0.0 1.0 0.0
vn 0.877593 0.0 -0.479407
vn 0.893807 0.0 -0.448453
vn 0.877593 0.0 -0.479407
vn 0.893807 0.0 -0.448453
vn 0.908904 0.0 -0.417004
vn 0.92289 0.0 -0.385065
vn 0.908904 0.0 -0.417004
vn 0.92289 0.0 -0.385065
vn 0.935789 0.0 -0.352562
vn 0.935789 0.0 -0.352562
vn 0.94751 0.0 -0.319725
vn 0.94751 0.0 -0.319725
vn 0.958095 0.0 -0.286451
vn 0.958095 0.0 -0.286451
vn 0.96751 0.0 -0.252832
vn 0.96751 0.0 -0.252832
vn 0.975734 0.0 -0.218958
vn 0.975734 0.0 -0.218958
vn 0.982788 0.0 -0.184738
vn 0.982788 0.0 -0.184738
vn 0.98864 0.0 -0.150304
vn 0.993279 0.0 -0.115745
vn 0.98864 0.0 -0.150304
vn 0.993279 0.0 -0.115745
vn 0.996717 0.0 -0.080965
vn 0.996717 0.0 -0.080965
vn 0.998933 0.0 -0.046185
vn 0.998933 0.0 -0.046185
vn 0.999936 0.0 -0.011277
vn 0.999936 0.0 -0.011277
vn 0.999721 -0.0 0.02363
vn 0.999721 0.0 0.02363
vn 0.998285 -0.0 0.05854
vn 0.998285 0.0 0.05854
vn 0.995637 -0.0 0.093314
vn 0.991778 -0.0 0.12797
vn 0.995637 0.0 0.093314
vn 0.991778 -0.0 0.12797
vn 0.986697 -0.0 0.16257
vn 0.986697 0.0 0.16257
vn 0.980428 -0.0 0.196878
vn 0.97296 -0.0 0.230973
vn 0.980428 0.0 0.196878
vn 0.97296 -0.0 0.230973
vn 0.964316 -0.0 0.264752
vn 0.964316 0.0 0.264752
vn 0.954476 -0.0 0.298287
vn 0.954476 0.0 0.298287
vn 0.943482 -0.0 0.331424
vn 0.943482 0.0 0.331424
vn 0.931354 -0.0 0.364114
vn 0.918066 -0.0 0.396427
vn 0.931354 0.0 0.364114
vn 0.918066 -0.0 0.396427
vn 0.903671 -0.0 0.428227
vn 0.903671 0.0 0.428227
vn 0.888187 -0.0 0.459481
vn 0.888187 0.0 0.459481
vn 0.871605 0.0 0.490208
vn 0.871605 -0.0 0.490208
vn 0.853979 0.0 0.520307
vn 0.853979 -0.0 0.520307
vn 0.835281 -0.0 0.549824
vn 0.835281 -0.0 0.549824
vn 0.815588 0.0 0.578633
vn 0.815588 -0.0 0.578633
vn 0.79491 0.0 0.606728
vn 0.79491 -0.0 0.606728
vn 0.773236 0.0 0.634119
vn 0.773236 -0.0 0.634119
vn 0.750635 0.0 0.660717
vn 0.750635 -0.0 0.660717
vn 0.72711 0.0 0.686521
vn 0.72711 -0.0 0.686521
vn 0.702724 -0.0 0.711462
vn 0.702724 -0.0 0.711462
vn 0.677479 0.0 0.735542
vn 0.677479 -0.0 0.735542
vn 0.651369 -0.0 0.758761
vn 0.651369 0.0 0.758761
vn 0.624511 -0.0 0.781016
vn 0.624511 0.0 0.781016
vn 0.596883 -0.0 0.802329
vn 0.596883 0.0 0.802329
vn 0.56846 -0.0 0.822711
vn 0.56846 0.0 0.822711
vn 0.53946 -0.0 0.842011
vn 0.53946 0.0 0.842011
vn 0.509715 -0.0 0.860343
vn 0.509715 0.0 0.860343
vn 0.479407 -0.0 0.877593
vn 0.479407 0.0 0.877593
vn 0.44847 -0.0 0.893798
vn 0.44847 0.0 0.893798
vn 0.417004 -0.0 0.908904
vn 0.417004 0.0 0.908904
vn 0.385049 -0.0 0.922896
vn 0.385049 0.0 0.922896
vn 0.352576 -0.0 0.935783
vn 0.319712 -0.0 0.947515
vn 0.352576 0.0 0.935783
vn 0.319712 -0.0 0.947515
vn 0.286451 -0.0 0.958095
vn 0.286451 0.0 0.958095
vn 0.252842 -0.0 0.967507
vn 0.252842 0.0 0.967507
vn 0.218908 -0.0 0.975746
vn 0.218908 0.0 0.975746
vn 0.184746 0.0 0.982786
vn 0.184746 -0.0 0.982786
vn 0.150346 0.0 0.988633
vn 0.150346 -0.0 0.988633
vn 0.115745 0.0 0.993279
vn 0.115745 -0.0 0.993279
vn 0.080961 -0.0 0.996717
vn 0.080961 -0.0 0.996717
vn 0.046185 0.0 0.998933
vn 0.046185 -0.0 0.998933
vn 0.011277 0.0 0.999936
vn 0.011277 -0.0 0.999936
vn -0.023674 0.0 0.99972
vn -0.023674 0.0 0.99972
vn -0.058495 0.0 0.998288
vn -0.058495 0.0 0.998288
vn -0.093318 0.0 0.995636
vn -0.093318 0.0 0.995636
vn -0.128007 0.0 0.991773
vn -0.128007 0.0 0.991773
vn -0.162535 0.0 0.986703
vn -0.162535 0.0 0.986703
vn -0.196878 0.0 0.980428
vn -0.196878 0.0 0.980428
vn -0.230963 0.0 0.972962
vn -0.230963 0.0 0.972962
vn -0.264803 0.0 0.964302
vn -0.264803 0.0 0.964302
vn -0.298248 0.0 0.954488
vn -0.298248 0.0 0.954488
vn -0.331424 0.0 0.943482
vn -0.331424 0.0 0.943482
vn -0.364136 0.0 0.931346
vn -0.364136 0.0 0.931346
vn -0.396391 0.0 0.918082
vn -0.396391 0.0 0.918082
vn -0.428227 0.0 0.903671
vn -0.428227 0.0 0.903671
vn -0.459499 0.0 0.888178
vn -0.459499 0.0 0.888178
vn -0.490208 0.0 0.871605
vn -0.490208 0.0 0.871605
vn -0.520307 0.0 0.853979
vn -0.520307 0.0 0.853979
vn -0.549824 0.0 0.835281
vn -0.549824 0.0 0.835281
vn -0.578633 0.0 0.815588
vn -0.606728 0.0 0.79491
vn -0.578633 0.0 0.815588
vn -0.606728 0.0 0.79491
vn -0.634144 0.0 0.773215
vn -0.634144 0.0 0.773215
vn -0.660696 0.0 0.750654
vn -0.660696 0.0 0.750654
vn -0.686498 0.0 0.727131
vn -0.686498 0.0 0.727131
vn -0.711462 0.0 0.702724
vn -0.711462 0.0 0.702724
vn -0.735564 0.0 0.677456
vn -0.735564 0.0 0.677456
vn -0.758761 0.0 0.651369
vn -0.758761 0.0 0.651369
vn -0.781016 0.0 0.624511
vn -0.781016 0.0 0.624511
vn -0.802344 0.0 0.596862
vn -0.802344 0.0 0.596862
vn -0.822677 0.0 0.568509
vn -0.822677 0.0 0.568509
vn -0.842031 0.0 0.53943
vn -0.842031 0.0 0.53943
vn -0.860324 0.0 0.509747
vn -0.860324 0.0 0.509747
vn -0.877611 0.0 0.479374
vn -0.893798 0.0 0.44847
vn -0.877611 0.0 0.479374
vn -0.908888 0.0 0.41704
vn -0.893798 0.0 0.44847
vn -0.908888 0.0 0.41704
vn -0.922911 0.0 0.385013
vn -0.922911 0.0 0.385013
vn -0.935774 0.0 0.352599
vn -0.947523 0.0 0.319686
vn -0.935774 0.0 0.352599
vn -0.947523 0.0 0.319686
vn -0.958095 0.0 0.286451
vn -0.958095 0.0 0.286451
vn -0.9675 0.0 0.252872
vn -0.9675 0.0 0.252872
vn -0.975743 0.0 0.218917
vn -0.975743 0.0 0.218917
vn -0.982786 0.0 0.184746
vn -0.982786 0.0 0.184746
vn -0.98864 0.0 0.150304
vn -0.98864 0.0 0.150304
vn -0.99328 0.0 0.11574
vn -0.99328 0.0 0.11574
vn -0.996713 0.0 0.081008
vn -0.996713 0.0 0.081008
vn -0.998935 0.0 0.046142
vn -0.999936 0.0 0.011277
vn -0.998935 0.0 0.046142
vn -0.999936 0.0 0.011277
vn -0.999721 0.0 -0.023631
vn -0.999721 0.0 -0.023631
vn -0.998285 0.0 -0.058538
vn -0.998285 0.0 -0.058538
vn -0.99564 0.0 -0.093275
vn -0.99564 0.0 -0.093275
vn -0.991773 0.0 -0.128007
vn -0.991773 0.0 -0.128007
vn -0.986703 0.0 -0.162535
vn -0.986703 0.0 -0.162535
vn -0.980428 0.0 -0.196878
vn -0.980428 0.0 -0.196878
vn -0.972962 0.0 -0.230963
vn -0.972962 0.0 -0.230963
vn -0.964302 0.0 -0.264803
vn -0.964302 0.0 -0.264803
vn -0.954476 0.0 -0.298287
vn -0.954476 0.0 -0.298287
vn -0.943495 0.0 -0.331386
vn -0.943495 0.0 -0.331386
vn -0.931346 0.0 -0.364136
vn -0.931346 0.0 -0.364136
vn -0.918066 0.0 -0.396427
vn -0.918066 0.0 -0.396427
vn -0.903671 0.0 -0.428227
vn -0.903671 0.0 -0.428227
vn -0.888187 0.0 -0.459481
vn -0.871595 0.0 -0.490227
vn -0.888187 0.0 -0.459481
vn -0.871595 0.0 -0.490227
vn -0.853979 0.0 -0.520307
vn -0.853979 0.0 -0.520307
vn -0.835281 0.0 -0.549824
vn -0.835281 0.0 -0.549824
vn -0.815588 0.0 -0.578633
vn -0.815588 0.0 -0.578633
vn -0.79491 0.0 -0.606728
vn -0.79491 0.0 -0.606728
vn -0.773236 0.0 -0.634119
vn -0.773236 0.0 -0.634119
vn -0.750654 0.0 -0.660696
vn -0.750654 0.0 -0.660696
vn -0.72711 0.0 -0.686521
vn -0.72711 0.0 -0.686521
vn -0.702724 0.0 -0.711462
vn -0.702724 0.0 -0.711462
vn -0.677456 0.0 -0.735564
vn -0.677456 0.0 -0.735564
vn -0.651369 0.0 -0.758761
vn -0.624511 0.0 -0.781016
vn -0.651369 0.0 -0.758761
vn -0.624511 0.0 -0.781016
vn -0.596883 0.0 -0.802329
vn -0.596883 0.0 -0.802329
vn -0.568509 0.0 -0.822677
vn -0.568509 0.0 -0.822677
vn -0.539441 0.0 -0.842023
vn -0.539441 0.0 -0.842023
vn -0.509715 0.0 -0.860343
vn -0.509715 0.0 -0.860343
vn -0.479374 0.0 -0.877611
vn -0.479374 0.0 -0.877611
vn -0.448504 0.0 -0.893781
vn -0.448504 0.0 -0.893781
vn -0.417004 0.0 -0.908904
vn -0.417004 0.0 -0.908904
vn -0.385013 0.0 -0.922911
vn -0.385013 0.0 -0.922911
vn -0.352614 0.0 -0.935769
vn -0.352614 0.0 -0.935769
vn -0.319725 0.0 -0.94751
vn -0.286451 0.0 -0.958095
vn -0.319725 0.0 -0.94751
vn -0.286451 0.0 -0.958095
vn -0.252832 0.0 -0.96751
vn -0.252832 0.0 -0.96751
vn -0.218917 0.0 -0.975743
vn -0.218917 0.0 -0.975743
vn -0.184738 0.0 -0.982788
vn -0.184738 0.0 -0.982788
vn -0.150304 0.0 -0.98864
vn -0.150304 0.0 -0.98864
vn -0.115745 0.0 -0.993279
vn -0.115745 0.0 -0.993279
vn -0.081004 0.0 -0.996714
vn -0.081004 0.0 -0.996714
vn -0.046144 0.0 -0.998935
vn -0.046144 0.0 -0.998935
vn -0.011277 0.0 -0.999936
vn -0.011277 0.0 -0.999936
vn 0.023631 0.0 -0.999721
vn 0.023631 0.0 -0.999721
vn 0.058495 0.0 -0.998288
vn 0.058495 0.0 -0.998288
vn 0.093318 0.0 -0.995636
vn 0.093318 0.0 -0.995636
vn 0.128012 0.0 -0.991773
vn 0.128012 0.0 -0.991773
vn 0.162528 0.0 -0.986704
vn 0.162528 0.0 -0.986704
vn 0.196878 0.0 -0.980428
vn 0.230963 0.0 -0.972962
vn 0.196878 0.0 -0.980428
vn 0.230963 0.0 -0.972962
vn 0.264803 0.0 -0.964302
vn 0.264803 0.0 -0.964302
vn 0.298287 0.0 -0.954476
vn 0.298287 0.0 -0.954476
vn 0.331386 0.0 -0.943495
vn 0.331386 0.0 -0.943495
vn 0.364151 0.0 -0.93134
vn 0.364151 0.0 -0.93134
vn 0.396411 0.0 -0.918073
vn 0.396411 0.0 -0.918073
vn 0.428208 0.0 -0.90368
vn 0.428208 0.0 -0.90368
vn 0.459515 0.0 -0.88817
vn 0.459515 0.0 -0.88817
vn 0.490175 0.0 -0.871624
vn 0.490175 0.0 -0.871624
vn 0.520339 0.0 -0.85396
vn 0.549824 0.0 -0.835281
vn 0.520339 0.0 -0.85396
vn 0.549824 0.0 -0.835281
vn 0.578633 0.0 -0.815588
vn 0.578633 0.0 -0.815588
vn 0.606728 0.0 -0.79491
vn 0.634119 0.0 -0.773236
vn 0.606728 0.0 -0.79491
vn 0.634119 0.0 -0.773236
vn 0.660717 0.0 -0.750635
vn 0.660717 0.0 -0.750635
vn 0.686498 0.0 -0.727131
vn 0.686498 0.0 -0.727131
vn 0.711483 0.0 -0.702703
vn 0.711483 0.0 -0.702703
vn 0.735542 0.0 -0.677479
vn 0.735542 0.0 -0.677479
vn 0.758743 0.0 -0.65139
vn 0.758743 0.0 -0.65139
vn 0.781033 0.0 -0.62449
vn 0.781033 0.0 -0.62449
vn 0.802329 0.0 -0.596883
vn 0.802329 0.0 -0.596883
vn 0.822697 0.0 -0.56848
vn 0.822697 0.0 -0.56848
vn 0.842023 0.0 -0.539441
vn 0.842023 0.0 -0.539441
vn 0.860332 0.0 -0.509734
vn 0.860332 0.0 -0.509734
vn 0.0 -1.0 0.0
vn 0.0 -1.0 0.0
vn 0.0 -1.0 0.0
vn 0.0 -1.0 0.0
vn 0.0 -1.0 0.0
vn 0.0 -1.0 0.0
vn 0.0 -1.0 0.0
vn 0.0 -1.0 0.0
vn 0.0 -1.0 0.0
vn 0.0 -1.0 0.0
vn 0.0 -1.0 0.0
vn 0.0 -1.0 0.0
vn 0.0 -1.0 0.0
vn 0.0 -1.0 0.0
vn 0.0 -1.0 0.0
vn 0.0 -1.0 0.0
vn 0.0 -1.0 0.0
vn 0.0 -1.0 0.0
vn 0.0 -1.0 0.0
vn 0.0 -1.0 0.0
vn 0.0 -1.0 0.0
vn 0.0 -1.0 0.0
vn 0.0 -1.0 0.0
vn 0.0 -1.0 0.0
vn 0.0 -1.0 0.0
vn 0.0 -1.0 0.0
vn 0.0 -1.0 0.0
vn 0.0 -1.0 0.0
vn 0.0 -1.0 -0.0
vn 0.0 -1.0 -0.0
vn 0.0 -1.0 -0.0
vn 0.0 -1.0 0.0
vn 0.0 -1.0 0.0
vn 0.0 -1.0 0.0
vn 0.0 -1.0 0.0
vn 0.0 -1.0 -0.0
vn 0.0 -1.0 -0.0
vn 0.0 -1.0 0.0
vn 0.0 -1.0 0.0
vn 0.0 -1.0 0.0
vn 0.0 -1.0 0.0
vn 0.0 -1.0 0.0
vn 0.0 -1.0 -0.0
vn 0.0 -1.0 -0.0
vn 0.0 -1.0 -0.0
vn 0.0 -1.0 0.0
vn 0.0 -1.0 0.0
vn 0.0 -1.0 0.0
vn 0.0 -1.0 0.0
vn 0.0 -1.0 -0.0
vn 0.0 -1.0 -0.0
vn 0.0 -1.0 0.0
vn 0.0 -1.0 0.0
vn 0.0 -1.0 0.0
vn 0.0 -1.0 0.0
vn 0.0 -1.0 -0.0
vn 0.0 -1.0 -0.0
vn 0.0 -1.0 -0.0
vn 0.0 -1.0 0.0
vn 0.0 -1.0 0.0
vn 0.0 -1.0 0.0
vn 0.0 -1.0 0.0
vn 0.0 -1.0 -0.0
vn 0.0 -1.0 -0.0
vn 0.0 -1.0 -0.0
vn 0.0 -1.0 -0.0
vn 0.0 -1.0 -0.0
vn 0.0 -1.0 0.0
vn 0.0 -1.0 0.0
vn 0.0 -1.0 -0.0
vn 0.0 -1.0 -0.0
vn 0.0 -1.0 0.0
vn 0.0 -1.0 -0.0
vn 0.0 -1.0 -0.0
vn 0.0 -1.0 -0.0
vn 0.0 -1.0 -0.0
vn 0.0 -1.0 -0.0
vn 0.0 -1.0 0.0
vn 0.0 -1.0 0.0
vn 0.0 -1.0 -0.0
vn 0.0 -1.0 -0.0
vn 0.0 -1.0 -0.0
vn 0.0 -1.0 0.0
vn 0.0 -1.0 -0.0
vn 0.0 -1.0 -0.0
vn 0.0 -1.0 0.0
vn 0.0 -1.0 -0.0
vn 0.0 -1.0 -0.0
vn 0.0 -1.0 -0.0
vn 0.0 -1.0 -0.0
vn 0.0 -1.0 -0.0
vn 0.0 -1.0 0.0
vn 0.0 -1.0 0.0
vn 0.0 -1.0 -0.0
vn 0.0 -1.0 0.0
vn 0.0 -1.0 0.0
vn 0.0 -1.0 0.0
vn 0.0 -1.0 0.0
vn 0.0 -1.0 0.0
vn 0.0 -1.0 0.0
vn 0.0 -1.0 0.0
vn 0.0 -1.0 0.0
vn 0.0 -1.0 0.0
vn 0.0 -1.0 0.0
vn 0.0 -1.0 0.0
vn 0.0 -1.0 0.0
vn 0.0 -1.0 0.0
vn 0.0 -1.0 0.0
vn 0.0 -1.0 0.0
vn 0.0 -1.0 0.0
vn 0.0 -1.0 0.0
vn 0.0 -1.0 0.0
vn 0.0 -1.0 0.0
vn 0.0 -1.0 0.0
vn 0.0 -1.0 0.0
vn 0.0 -1.0 0.0
vn 0.0 -1.0 0.0
vn 0.0 -1.0 0.0
vn 0.0 -1.0 0.0
vn 0.0 -1.0 0.0
vn 0.0 -1.0 0.0
vn 0.0 -1.0 0.0
vn 0.0 -1.0 0.0
vn 0.0 -1.0 0.0
vn 0.0 -1.0 0.0
vn 0.0 -1.0 0.0
vn 0.0 -1.0 0.0
vn 0.0 -1.0 0.0
vn 0.0 -1.0 0.0
vn 0.0 -1.0 0.0
vn 0.0 -1.0 0.0
vn 0.0 -1.0 0.0
vn 0.0 -1.0 0.0
vn 0.0 -1.0 0.0
vn 0.0 -1.0 0.0
vn 0.0 -1.0 0.0
vn 0.0 -1.0 0.0
vn 0.0 -1.0 0.0
vn 0.0 -1.0 0.0
vn 0.0 -1.0 0.0
vn 0.0 -1.0 0.0
vn 0.0 -1.0 0.0
vn 0.0 -1.0 0.0
vn 0.0 -1.0 0.0
vn 0.0 -1.0 0.0
vn 0.0 -1.0 0.0
vn 0.0 -1.0 0.0
vn 0.0 -1.0 0.0
vn 0.0 -1.0 0.0
vn 0.0 -1.0 0.0
vn 0.0 -1.0 0.0
vn 0.0 -1.0 0.0
vn 0.0 -1.0 0.0
vn 0.0 -1.0 0.0
vn 0.0 -1.0 0.0
vn 0.0 -1.0 0.0
vn 0.0 -1.0 0.0
vn 0.0 -1.0 0.0
vn 0.0 -1.0 -0.0
vn 0.0 -1.0 0.0
vn 0.0 -1.0 0.0
vn 0.0 -1.0 -0.0
vn 0.0 -1.0 0.0
vn 0.0 -1.0 0.0
vn 0.0 -1.0 0.0
vn 0.0 -1.0 -0.0
vn 0.0 -1.0 0.0
vn 0.0 -1.0 0.0
vn 0.0 -1.0 -0.0
vn 0.0 -1.0 0.0
vn 0.0 -1.0 0.0
vn 0.0 -1.0 0.0
vn 0.0 -1.0 -0.0
vn 0.0 -1.0 0.0
vn 0.0 -1.0 0.0
vn 0.0 -1.0 -0.0
vn 0.0 -1.0 0.0
vn 0.0 -1.0 0.0
vn 0.0 -1.0 0.0
vn 0.0 -1.0 -0.0
vn 0.0 -1.0 0.0
vn 0.0 -1.0 0.0
vn 0.0 -1.0 -0.0
vn 0.0 -1.0 0.0
vn 0.0 -1.0 0.0
vn 0.0 -1.0 0.0
vn 0.0 -1.0 -0.0
vn 0.0 -1.0 0.0
vn 0.0 -1.0 0.0
vn 0.0 -1.0 -0.0
vn 0.0 -1.0 0.0
vn 0.0 -1.0 0.0
vn 0.0 -1.0 0.0
vn 0.0 -1.0 0.0
vn 0.0 -1.0 0.0
vn 0.0 -1.0 0.0
vn 0.0 -1.0 0.0
vn 0.0 -1.0 0.0
vn 0.0 -1.0 -0.0
vn 0.0 -1.0 0.0
vn 0.0 -1.0 0.0
vn 0.0 -1.0 0.0
vn 0.0 -1.0 0.0
vn 0.0 -1.0 0.0
vn 0.0 -1.0 -0.0
vn 0.0 -1.0 0.0
vn 0.0 -1.0 0.0
vn 0.0 -1.0 0.0
vn 0.0 -1.0 0.0
vn 0.0 -1.0 0.0
vn 0.0 -1.0 0.0
vn 0.0 -1.0 0.0
vn 0.0 -1.0 -0.0
vn 0.0 -1.0 0.0
vn 0.0 -1.0 0.0
vn 0.0 -1.0 0.0
vn 0.0 -1.0 0.0
vn 0.0 -1.0 -0.0
vn 0.0 -1.0 0.0
vn 0.0 -1.0 0.0
vn 0.0 -1.0 0.0
vn 0.0 -1.0 0.0
vn 0.0 -1.0 0.0
vn 0.0 -1.0 0.0
vn 0.0 -1.0 0.0
vn 0.0 -1.0 -0.0
vn 0.0 -1.0 0.0
vn 0.0 -1.0 0.0
vn 0.0 -1.0 0.0
vn 0.0 -1.0 0.0
vn 0.0 -1.0 0.0
vn 0.0 -1.0 0.0
vn 0.0 -1.0 0.0
vn 0.0 -1.0 0.0
vn 0.0 -1.0 0.0
vn 0.0 -1.0 0.0
vn 0.0 -1.0 0.0
vn 0.0 -1.0 0.0
vn 0.0 -1.0 0.0
vn 0.0 -1.0 0.0
vn 0.0 -1.0 0.0
vn 0.0 -1.0 0.0
vn 0.0 -1.0 0.0
vn 0.0 -1.0 0.0
vn 0.0 -1.0 0.0
vn 0.0 -1.0 0.0
vn 0.0 -1.0 0.0
vn 0.0 -1.0 0.0
vn 0.0 -1.0 0.0
vn 0.0 -1.0 0.0
vn 0.0 -1.0 0.0
vn 0.0 -1.0 0.0
vn 0.889838 0.0 -0.456277
vn 0.889838 0.0 -0.456277
vn 0.92625 0.0 -0.37691
vn 0.92625 0.0 -0.37691
vn 0.955534 0.0 -0.29488
vn 0.977619 0.0 -0.210383
vn 0.955534 0.0 -0.29488
vn 0.977619 0.0 -0.210383
vn 0.992239 0.0 -0.124345
vn 0.9993 0.0 -0.037422
vn 0.992239 0.0 -0.124345
vn 0.9993 0.0 -0.037422
vn 0.998764 0.0 0.049713
vn 0.998764 -0.0 0.049713
vn 0.990606 -0.0 0.136749
vn 0.990606 -0.0 0.136749
vn 0.974945 0.0 0.222446
vn 0.974945 -0.0 0.222446
vn 0.95186 -0.0 0.306531
vn 0.95186 0.0 0.306531
vn 0.921484 -0.0 0.388415
vn 0.884103 -0.0 0.467293
vn 0.921484 0.0 0.388415
vn 0.840082 -0.0 0.542459
vn 0.884103 -0.0 0.467293
vn 0.840082 -0.0 0.542459
vn 0.789624 -0.0 0.613591
vn 0.733008 -0.0 0.680219
vn 0.789624 0.0 0.613591
vn 0.67106 -0.0 0.741403
vn 0.733008 -0.0 0.680219
vn 0.67106 -0.0 0.741403
vn 0.603839 -0.0 0.797107
vn 0.603839 0.0 0.797107
vn 0.532059 -0.0 0.846707
vn 0.456234 -0.0 0.88986
vn 0.532059 0.0 0.846707
vn 0.456234 -0.0 0.88986
vn 0.376966 -0.0 0.926227
vn 0.29478 -0.0 0.955565
vn 0.376966 0.0 0.926227
vn 0.210488 -0.0 0.977596
vn 0.29478 -0.0 0.955565
vn 0.210488 -0.0 0.977596
vn 0.124345 -0.0 0.992239
vn 0.124345 0.0 0.992239
vn 0.037426 -0.0 0.999299
vn 0.037426 0.0 0.999299
vn -0.049713 0.0 0.998764
vn -0.049713 0.0 0.998764
vn -0.136749 0.0 0.990606
vn -0.222446 0.0 0.974945
vn -0.136749 0.0 0.990606
vn -0.222446 0.0 0.974945
vn -0.306531 0.0 0.95186
vn -0.388376 0.0 0.921501
vn -0.306531 0.0 0.95186
vn -0.467293 0.0 0.884103
vn -0.388376 0.0 0.921501
vn -0.467293 0.0 0.884103
vn -0.542509 0.0 0.84005
vn -0.542509 0.0 0.84005
vn -0.613659 0.0 0.789571
vn -0.613659 0.0 0.789571
vn -0.680106 0.0 0.733114
vn -0.680106 0.0 0.733114
vn -0.741458 0.0 0.671
vn -0.797107 0.0 0.603839
vn -0.741458 0.0 0.671
vn -0.797107 0.0 0.603839
vn -0.846707 0.0 0.532059
vn -0.846707 0.0 0.532059
vn -0.889815 0.0 0.456321
vn -0.889815 0.0 0.456321
vn -0.926227 0.0 0.376966
vn -0.926227 0.0 0.376966
vn -0.955565 0.0 0.29478
vn -0.977619 0.0 0.210383
vn -0.955565 0.0 0.29478
vn -0.992239 0.0 0.124345
vn -0.977619 0.0 0.210383
vn -0.992239 0.0 0.124345
vn -0.999295 0.0 0.037531
vn -0.999295 0.0 0.037531
vn -0.998758 0.0 -0.049828
vn -0.998758 0.0 -0.049828
vn -0.990623 0.0 -0.136626
vn -0.97494 0.0 -0.22247
vn -0.990623 0.0 -0.136626
vn -0.97494 0.0 -0.22247
vn -0.951828 0.0 -0.306631
vn -0.921501 0.0 -0.388376
vn -0.951828 0.0 -0.306631
vn -0.921501 0.0 -0.388376
vn -0.884148 0.0 -0.467207
vn -0.840032 0.0 -0.542537
vn -0.884148 0.0 -0.467207
vn -0.789583 0.0 -0.613644
vn -0.840032 0.0 -0.542537
vn -0.789583 0.0 -0.613644
vn -0.733059 0.0 -0.680165
vn -0.733059 0.0 -0.680165
vn -0.671054 0.0 -0.741408
vn -0.671054 0.0 -0.741408
vn -0.603786 0.0 -0.797147
vn -0.532138 0.0 -0.846658
vn -0.603786 0.0 -0.797147
vn -0.532138 0.0 -0.846658
vn -0.456234 0.0 -0.88986
vn -0.376966 0.0 -0.926227
vn -0.456234 0.0 -0.88986
vn -0.376966 0.0 -0.926227
vn -0.29478 0.0 -0.955565
vn -0.210383 0.0 -0.977619
vn -0.29478 0.0 -0.955565
vn -0.124453 0.0 -0.992225
vn -0.210383 0.0 -0.977619
vn -0.124453 0.0 -0.992225
vn -0.037426 0.0 -0.999299
vn 0.049823 0.0 -0.998758
vn -0.037426 0.0 -0.999299
vn 0.136641 0.0 -0.990621
vn 0.049823 0.0 -0.998758
vn 0.222446 0.0 -0.974945
vn 0.136641 0.0 -0.990621
vn 0.306631 0.0 -0.951828
vn 0.222446 0.0 -0.974945
vn 0.388415 0.0 -0.921484
vn 0.306631 0.0 -0.951828
vn 0.388415 0.0 -0.921484
vn 0.467161 0.0 -0.884172
vn 0.467161 0.0 -0.884172
vn 0.542509 0.0 -0.84005
vn 0.613659 0.0 -0.789571
vn 0.542509 0.0 -0.84005
vn 0.613659 0.0 -0.789571
vn 0.680106 0.0 -0.733114
vn 0.680106 0.0 -0.733114
vn 0.741458 0.0 -0.671
vn 0.741458 0.0 -0.671
vn 0.797107 0.0 -0.603839
vn 0.797107 0.0 -0.603839
vn 0.846707 0.0 -0.532059
vn 0.846707 0.0 -0.532059
vn 0.0 1.0 0.0
vn 0.0 1.0 0.0
vn 0.0 1.0 0.0
vn 0.0 1.0 0.0
vn 0.0 1.0 0.0
vn 0.0 1.0 0.0
vn 0.0 1.0 0.0
vn 0.0 1.0 0.0
vn 0.0 1.0 -0.0
vn 0.0 1.0 0.0
vn 0.0 1.0 0.0
vn 0.0 1.0 0.0
vn 0.0 1.0 0.0
vn 0.0 1.0 0.0
vn 0.0 1.0 0.0
vn 0.0 1.0 0.0
vn 0.0 1.0 -0.0
vn 0.0 1.0 0.0
vn 0.0 1.0 -0.0
vn 0.0 1.0 0.0
vn 0.0 1.0 0.0
vn 0.0 1.0 0.0
vn 0.0 1.0 -0.0
vn 0.0 1.0 -0.0
vn 0.0 1.0 0.0
vn 0.0 1.0 0.0
vn 0.0 1.0 0.0
vn 0.0 1.0 0.0
vn 0.0 1.0 0.0
vn 0.0 1.0 0.0
vn 0.0 1.0 -0.0
vn 0.0 1.0 0.0
vn 0.0 1.0 0.0
vn 0.0 1.0 -0.0
vn 0.0 1.0 -0.0
vn 0.0 1.0 0.0
vn 0.0 1.0 0.0
vn 0.0 1.0 0.0
vn 0.0 1.0 0.0
vn 0.0 1.0 0.0
vn 0.0 1.0 -0.0
vn 0.0 1.0 0.0
vn 0.0 1.0 0.0
vn 0.0 1.0 0.0
vn 0.0 1.0 -0.0
vn 0.0 1.0 0.0
vn 0.0 1.0 0.0
vn 0.0 1.0 -0.0
vn 0.0 1.0 -0.0
vn 0.0 1.0 0.0
vn 0.0 1.0 0.0
vn 0.0 1.0 -0.0
vn 0.0 1.0 0.0
vn 0.0 1.0 0.0
vn 0.0 1.0 0.0
vn 0.0 1.0 0.0
vn 0.0 1.0 0.0
vn 0.0 1.0 0.0
vn 0.0 1.0 -0.0
vn 0.0 1.0 -0.0
vn 0.0 1.0 0.0
vn 0.0 1.0 -0.0
vn 0.0 1.0 0.0
vn 0.0 1.0 0.0
vn 0.0 1.0 0.0
vn 0.0 1.0 0.0
vn 0.0 1.0 0.0
vn 0.0 1.0 -0.0
vn 0.0 1.0 -0.0
vn 0.0 1.0 0.0
vn 0.0 1.0 0.0
vn 0.0 1.0 0.0
vn 0.0 1.0 0.0
vn 0.0 1.0 0.0
vn 0.0 1.0 -0.0
vn 0.0 1.0 0.0
vn 0.0 1.0 0.0
vn 0.0 1.0 -0.0
vn 0.0 1.0 -0.0
vn 0.0 1.0 0.0
vn 0.0 1.0 0.0
vn 0.0 1.0 0.0
vn 0.0 1.0 -0.0
vn 0.0 1.0 0.0
vn 0.0 1.0 0.0
vn 0.0 1.0 -0.0
vn 0.0 1.0 0.0
vn 0.0 1.0 0.0
vn 0.0 1.0 0.0
vn 0.0 1.0 -0.0
vn 0.0 1.0 0.0
vn 0.0 1.0 0.0
vn 0.0 1.0 -0.0
vn 0.0 1.0 0.0
vn 0.0 1.0 0.0
vn 0.0 1.0 0.0
vn 0.0 1.0 0.0
vn 0.0 1.0 0.0
vn 0.0 1.0 0.0
vn 0.0 1.0 0.0
vn 0.0 1.0 0.0
vn 0.0 1.0 0.0
vn 0.0 1.0 0.0
vn 0.0 1.0 0.0
vn 0.0 1.0 0.0
vn 0.0 1.0 0.0
vn 0.0 1.0 -0.0
vn 0.0 1.0 -0.0
vn 0.0 1.0 -0.0
vn 0.0 1.0 0.0
vn 0.0 1.0 -0.0
vn 0.0 1.0 -0.0
vn 0.0 1.0 0.0
vn 0.0 1.0 -0.0
vn 0.0 1.0 -0.0
vn 0.0 1.0 -0.0
vn 0.0 1.0 0.0
vn 0.0 1.0 -0.0
vn 0.0 1.0 -0.0
vn 0.0 1.0 0.0
vn 0.0 1.0 -0.0
vn 0.0 1.0 -0.0
vn 0.0 1.0 -0.0
vn 0.0 1.0 0.0
vn 0.0 1.0 -0.0
vn 0.0 1.0 -0.0
vn 0.0 1.0 0.0
vn 0.0 1.0 0.0
vn 0.0 1.0 0.0
vn 0.0 1.0 0.0
vn 0.0 1.0 -0.0
vn 0.0 1.0 0.0
vn 0.0 1.0 -0.0
vn 0.0 1.0 0.0
vn 0.0 1.0 0.0
vn 0.0 1.0 0.0
vn 0.0 1.0 0.0
vn 0.0 1.0 -0.0
vn 0.0 1.0 0.0
vn 0.0 1.0 0.0
vn 0.0 1.0 -0.0
vn 0.0 1.0 0.0
vn 0.0 1.0 0.0
vn 0.0 1.0 0.0
vn 0.0 1.0 -0.0
vn 0.0 1.0 0.0
vn 0.0 1.0 0.0
vn 0.0 1.0 -0.0
vn 0.0 1.0 0.0
vn 0.0 1.0 0.0
vn 0.0 1.0 0.0
vn 0.0 1.0 0.0
vn 0.0 1.0 0.0
vn 0.0 1.0 0.0
vn 0.0 1.0 0.0
vn 0.0 1.0 0.0
vn 0.0 1.0 0.0
vn 0.0 1.0 -0.0
vn 0.0 1.0 0.0
vn 0.0 1.0 -0.0
vn 0.0 1.0 -0.0
vn 0.0 1.0 -0.0
vn 0.0 1.0 0.0
vn 0.0 1.0 -0.0
vn 0.0 1.0 -0.0
vn 0.0 1.0 0.0
vn 0.0 1.0 -0.0
vn 0.0 1.0 -0.0
vn 0.0 1.0 0.0
vn 0.0 1.0 -0.0
vn 0.0 1.0 -0.0
vn 0.0 1.0 -0.0
vn 0.0 1.0 0.0
vn 0.0 1.0 -0.0
vn 0.0 1.0 -0.0
vn 0.0 1.0 0.0
vn 0.0 1.0 -0.0
vn 0.0 1.0 -0.0
vn 0.0 1.0 -0.0
vn 0.0 1.0 0.0
vn 0.0 1.0 -0.0
vn 0.0 1.0 -0.0
vn 0.0 1.0 0.0
vn 0.0 1.0 -0.0
vn 0.0 1.0 -0.0
vn 0.0 1.0 -0.0
vn 0.0 1.0 0.0
vn 0.0 1.0 -0.0
vn 0.0 1.0 -0.0
vn 0.0 1.0 0.0
vn 0.0 1.0 -0.0
vn 0.0 1.0 0.0
vn 0.0 1.0 -0.0
vn 0.0 1.0 -0.0
vn 0.0 1.0 -0.0
vn 0.0 1.0 -0.0
vn 0.0 1.0 -0.0
vn 0.0 1.0 -0.0
vn 0.0 1.0 0.0
vn 0.0 1.0 0.0
vn 0.0 1.0 -0.0
vn 0.0 1.0 -0.0
vn 0.0 1.0 -0.0
vn 0.0 1.0 -0.0
vn 0.0 1.0 0.0
vn 0.0 1.0 -0.0
vn 0.0 1.0 0.0
vn 0.0 1.0 -0.0
vn 0.0 1.0 -0.0
vn 0.0 1.0 -0.0
vn 0.0 1.0 -0.0
vn 0.0 1.0 -0.0
vn 0.0 1.0 0.0
vn 0.0 1.0 -0.0
vn 0.0 1.0 0.0
vn 0.0 1.0 -0.0
vn 0.0 1.0 -0.0
vn 0.0 1.0 -0.0
vn 0.0 1.0 0.0
vn 0.0 1.0 0.0
vn 0.0 1.0 -0.0
vn 0.0 1.0 -0.0
vn 0.0 1.0 -0.0
vn 0.0 1.0 -0.0
vn 0.0 1.0 -0.0
vn 0.0 1.0 0.0
vn 0.0 1.0 -0.0
vn 0.0 1.0 0.0
vn 0.0 1.0 -0.0
vn 0.0 1.0 0.0
vn 0.0 1.0 -0.0
vn 0.0 1.0 0.0
vn 0.0 1.0 0.0
vn 0.0 1.0 0.0
vn 0.0 1.0 -0.0
vn 0.0 1.0 0.0
vn 0.0 1.0 -0.0
vn 0.0 1.0 0.0
vn 0.0 1.0 -0.0
vn 0.0 1.0 0.0
vn 0.0 1.0 0.0
vn 0.0 1.0 0.0
vn 0.0 1.0 -0.0
vn 0.0 1.0 0.0
vn 0.0 1.0 -0.0
vn 0.0 1.0 0.0
vn 0.0 1.0 0.0
vn 0.0 1.0 0.0
vn 0.0 1.0 -0.0
vn 0.0 1.0 0.0
vn 0.0 1.0 -0.0
vn 0.0 1.0 0.0
vn 0.877593 0.0 -0.479407
vn 0.893807 0.0 -0.448453
vn 0.877593 0.0 -0.479407
vn 0.893807 0.0 -0.448453
vn 0.908904 0.0 -0.417004
vn 0.92289 0.0 -0.385065
vn 0.908904 0.0 -0.417004
vn 0.92289 0.0 -0.385065
vn 0.935789 0.0 -0.352562
vn 0.935789 0.0 -0.352562
vn 0.94751 0.0 -0.319725
vn 0.958095 0.0 -0.286451
vn 0.94751 0.0 -0.319725
vn 0.96751 0.0 -0.252832
vn 0.958095 0.0 -0.286451
vn 0.96751 0.0 -0.252832
vn 0.975734 0.0 -0.218958
vn 0.975734 0.0 -0.218958
vn 0.982788 0.0 -0.184738
vn 0.982788 0.0 -0.184738
vn 0.98864 0.0 -0.150304
vn 0.98864 0.0 -0.150304
vn 0.993279 0.0 -0.115745
vn 0.993279 0.0 -0.115745
vn 0.996717 0.0 -0.080965
vn 0.996717 0.0 -0.080965
vn 0.998933 0.0 -0.046185
vn 0.998933 0.0 -0.046185
vn 0.999936 0.0 -0.011277
vn 0.999936 0.0 -0.011277
vn 0.999721 -0.0 0.02363
vn 0.999721 0.0 0.02363
vn 0.998285 -0.0 0.05854
vn 0.995637 -0.0 0.093314
vn 0.998285 0.0 0.05854
vn 0.995637 -0.0 0.093314
vn 0.991778 -0.0 0.12797
vn 0.991778 0.0 0.12797
vn 0.986697 -0.0 0.16257
vn 0.986697 0.0 0.16257
vn 0.980428 -0.0 0.196878
vn 0.97296 -0.0 0.230973
vn 0.980428 0.0 0.196878
vn 0.97296 -0.0 0.230973
vn 0.964316 -0.0 0.264752
vn 0.964316 0.0 0.264752
vn 0.954476 -0.0 0.298287
vn 0.943482 -0.0 0.331424
vn 0.954476 0.0 0.298287
vn 0.943482 -0.0 0.331424
vn 0.931355 -0.0 0.364114
vn 0.931355 0.0 0.364114
vn 0.918066 -0.0 0.396427
vn 0.918066 0.0 0.396427
vn 0.903671 -0.0 0.428227
vn 0.903671 0.0 0.428227
vn 0.888187 -0.0 0.459481
vn 0.888187 0.0 0.459481
vn 0.871605 0.0 0.490208
vn 0.871605 -0.0 0.490208
vn 0.853979 0.0 0.520307
vn 0.853979 -0.0 0.520307
vn 0.835281 -0.0 0.549824
vn 0.835281 -0.0 0.549824
vn 0.815588 0.0 0.578633
vn 0.815588 -0.0 0.578633
vn 0.79491 0.0 0.606728
vn 0.79491 -0.0 0.606728
vn 0.773236 -0.0 0.634119
vn 0.773236 -0.0 0.634119
vn 0.750635 0.0 0.660717
vn 0.750635 -0.0 0.660717
vn 0.72711 0.0 0.686521
vn 0.72711 -0.0 0.686521
vn 0.702724 -0.0 0.711462
vn 0.702724 -0.0 0.711462
vn 0.677479 -0.0 0.735542
vn 0.677479 0.0 0.735542
vn 0.651369 -0.0 0.758761
vn 0.651369 -0.0 0.758761
vn 0.624511 0.0 0.781016
vn 0.624511 -0.0 0.781016
vn 0.596883 -0.0 0.802329
vn 0.596883 -0.0 0.802329
vn 0.56846 -0.0 0.822711
vn 0.53946 -0.0 0.842011
vn 0.56846 0.0 0.822711
vn 0.53946 -0.0 0.842011
vn 0.509715 -0.0 0.860343
vn 0.509715 0.0 0.860343
vn 0.479407 -0.0 0.877593
vn 0.479407 0.0 0.877593
vn 0.44847 -0.0 0.893798
vn 0.44847 0.0 0.893798
vn 0.417004 -0.0 0.908904
vn 0.417004 0.0 0.908904
vn 0.385049 -0.0 0.922896
vn 0.385049 0.0 0.922896
vn 0.352576 -0.0 0.935783
vn 0.352576 0.0 0.935783
vn 0.319712 -0.0 0.947515
vn 0.319712 0.0 0.947515
vn 0.286451 -0.0 0.958095
vn 0.286451 0.0 0.958095
vn 0.252842 -0.0 0.967507
vn 0.252842 0.0 0.967507
vn 0.218908 -0.0 0.975745
vn 0.218908 0.0 0.975745
vn 0.184746 0.0 0.982786
vn 0.184746 -0.0 0.982786
vn 0.150346 0.0 0.988633
vn 0.150346 -0.0 0.988633
vn 0.115745 0.0 0.993279
vn 0.115745 -0.0 0.993279
vn 0.080961 0.0 0.996717
vn 0.080961 -0.0 0.996717
vn 0.046185 0.0 0.998933
vn 0.046185 -0.0 0.998933
vn 0.011277 0.0 0.999936
vn 0.011277 -0.0 0.999936
vn -0.023674 0.0 0.99972
vn -0.023674 0.0 0.99972
vn -0.058495 0.0 0.998288
vn -0.058495 0.0 0.998288
vn -0.093318 0.0 0.995636
vn -0.093318 0.0 0.995636
vn -0.128007 0.0 0.991773
vn -0.128007 0.0 0.991773
vn -0.162535 0.0 0.986703
vn -0.162535 0.0 0.986703
vn -0.196878 0.0 0.980428
vn -0.196878 0.0 0.980428
vn -0.230963 0.0 0.972963
vn -0.230963 0.0 0.972963
vn -0.264803 0.0 0.964302
vn -0.264803 0.0 0.964302
vn -0.298248 0.0 0.954488
vn -0.298248 0.0 0.954488
vn -0.331424 0.0 0.943482
vn -0.331424 0.0 0.943482
vn -0.364136 0.0 0.931346
vn -0.364136 0.0 0.931346
vn -0.396391 0.0 0.918082
vn -0.396391 0.0 0.918082
vn -0.428227 0.0 0.903671
vn -0.428227 0.0 0.903671
vn -0.459499 0.0 0.888178
vn -0.490208 0.0 0.871605
vn -0.459499 0.0 0.888178
vn -0.490208 0.0 0.871605
vn -0.520307 0.0 0.853979
vn -0.520307 0.0 0.853979
vn -0.549824 0.0 0.835281
vn -0.578633 0.0 0.815588
vn -0.549824 0.0 0.835281
vn -0.578633 0.0 0.815588
vn -0.606728 0.0 0.79491
vn -0.606728 0.0 0.79491
vn -0.634144 0.0 0.773215
vn -0.634144 0.0 0.773215
vn -0.660696 0.0 0.750654
vn -0.660696 0.0 0.750654
vn -0.686498 0.0 0.727131
vn -0.686498 0.0 0.727131
vn -0.711462 0.0 0.702724
vn -0.711462 0.0 0.702724
vn -0.735564 0.0 0.677456
vn -0.735564 0.0 0.677456
vn -0.758761 0.0 0.651369
vn -0.758761 0.0 0.651369
vn -0.781016 0.0 0.624511
vn -0.781016 0.0 0.624511
vn -0.802344 0.0 0.596862
vn -0.802344 0.0 0.596862
vn -0.822677 0.0 0.568509
vn -0.822677 0.0 0.568509
vn -0.84203 0.0 0.53943
vn -0.84203 0.0 0.53943
vn -0.860324 0.0 0.509747
vn -0.860324 0.0 0.509747
vn -0.877611 0.0 0.479374
vn -0.877611 0.0 0.479374
vn -0.893798 0.0 0.44847
vn -0.908888 0.0 0.41704
vn -0.893798 0.0 0.44847
vn -0.908888 0.0 0.41704
vn -0.922911 0.0 0.385013
vn -0.922911 0.0 0.385013
vn -0.935774 0.0 0.352599
vn -0.935774 0.0 0.352599
vn -0.947523 0.0 0.319686
vn -0.947523 0.0 0.319686
vn -0.958095 0.0 0.286451
vn -0.958095 0.0 0.286451
vn -0.9675 0.0 0.252872
vn -0.9675 0.0 0.252872
vn -0.975743 0.0 0.218917
vn -0.982786 0.0 0.184746
vn -0.975743 0.0 0.218917
vn -0.982786 0.0 0.184746
vn -0.98864 0.0 0.150304
vn -0.98864 0.0 0.150304
vn -0.99328 0.0 0.11574
vn -0.996713 0.0 0.081008
vn -0.99328 0.0 0.11574
vn -0.996713 0.0 0.081008
vn -0.998935 0.0 0.046142
vn -0.998935 0.0 0.046142
vn -0.999936 0.0 0.011277
vn -0.999936 0.0 0.011277
vn -0.999721 0.0 -0.023631
vn -0.999721 0.0 -0.023631
vn -0.998285 0.0 -0.058538
vn -0.998285 0.0 -0.058538
vn -0.99564 0.0 -0.093275
vn -0.991773 0.0 -0.128007
vn -0.99564 0.0 -0.093275
vn -0.991773 0.0 -0.128007
vn -0.986703 0.0 -0.162535
vn -0.986703 0.0 -0.162535
vn -0.980428 0.0 -0.196878
vn -0.980428 0.0 -0.196878
vn -0.972963 0.0 -0.230963
vn -0.972963 0.0 -0.230963
vn -0.964302 0.0 -0.264803
vn -0.964302 0.0 -0.264803
vn -0.954476 0.0 -0.298287
vn -0.954476 0.0 -0.298287
vn -0.943496 0.0 -0.331386
vn -0.943496 0.0 -0.331386
vn -0.931346 0.0 -0.364136
vn -0.931346 0.0 -0.364136
vn -0.918066 0.0 -0.396427
vn -0.903671 0.0 -0.428227
vn -0.918066 0.0 -0.396427
vn -0.903671 0.0 -0.428227
vn -0.888187 0.0 -0.459481
vn -0.888187 0.0 -0.459481
vn -0.871595 0.0 -0.490227
vn -0.871595 0.0 -0.490227
vn -0.853979 0.0 -0.520307
vn -0.853979 0.0 -0.520307
vn -0.835281 0.0 -0.549824
vn -0.835281 0.0 -0.549824
vn -0.815588 0.0 -0.578633
vn -0.815588 0.0 -0.578633
vn -0.79491 0.0 -0.606728
vn -0.79491 0.0 -0.606728
vn -0.773236 0.0 -0.634119
vn -0.773236 0.0 -0.634119
vn -0.750654 0.0 -0.660696
vn -0.750654 0.0 -0.660696
vn -0.72711 0.0 -0.686521
vn -0.72711 0.0 -0.686521
vn -0.702724 0.0 -0.711462
vn -0.702724 0.0 -0.711462
vn -0.677456 0.0 -0.735564
vn -0.651369 0.0 -0.758761
vn -0.677456 0.0 -0.735564
vn -0.651369 0.0 -0.758761
vn -0.624511 0.0 -0.781016
vn -0.596883 0.0 -0.802329
vn -0.624511 0.0 -0.781016
vn -0.596883 0.0 -0.802329
vn -0.568509 0.0 -0.822677
vn -0.568509 0.0 -0.822677
vn -0.539441 0.0 -0.842024
vn -0.509715 0.0 -0.860343
vn -0.539441 0.0 -0.842024
vn -0.509715 0.0 -0.860343
vn -0.479374 0.0 -0.877611
vn -0.479374 0.0 -0.877611
vn -0.448504 0.0 -0.893781
vn -0.448504 0.0 -0.893781
vn -0.417004 0.0 -0.908904
vn -0.417004 0.0 -0.908904
vn -0.385013 0.0 -0.922911
vn -0.385013 0.0 -0.922911
vn -0.352614 0.0 -0.935769
vn -0.319725 0.0 -0.94751
vn -0.352614 0.0 -0.935769
vn -0.319725 0.0 -0.94751
vn -0.286451 0.0 -0.958095
vn -0.286451 0.0 -0.958095
vn -0.252832 0.0 -0.96751
vn -0.252832 0.0 -0.96751
vn -0.218917 0.0 -0.975743
vn -0.184738 0.0 -0.982788
vn -0.218917 0.0 -0.975743
vn -0.184738 0.0 -0.982788
vn -0.150304 0.0 -0.98864
vn -0.150304 0.0 -0.98864
vn -0.115745 0.0 -0.993279
vn -0.115745 0.0 -0.993279
vn -0.081004 0.0 -0.996714
vn -0.081004 0.0 -0.996714
vn -0.046144 0.0 -0.998935
vn -0.046144 0.0 -0.998935
vn -0.011277 0.0 -0.999936
vn -0.011277 0.0 -0.999936
vn 0.023631 0.0 -0.999721
vn 0.023631 0.0 -0.999721
vn 0.058495 0.0 -0.998288
vn 0.058495 0.0 -0.998288
vn 0.093318 0.0 -0.995636
vn 0.093318 0.0 -0.995636
vn 0.128012 0.0 -0.991773
vn 0.128012 0.0 -0.991773
vn 0.162528 0.0 -0.986704
vn 0.162528 0.0 -0.986704
vn 0.196878 0.0 -0.980428
vn 0.196878 0.0 -0.980428
vn 0.230963 0.0 -0.972963
vn 0.230963 0.0 -0.972963
vn 0.264803 0.0 -0.964302
vn 0.264803 0.0 -0.964302
vn 0.298287 0.0 -0.954476
vn 0.298287 0.0 -0.954476
vn 0.331386 0.0 -0.943496
vn 0.331386 0.0 -0.943496
vn 0.364151 0.0 -0.93134
vn 0.364151 0.0 -0.93134
vn 0.396411 0.0 -0.918073
vn 0.396411 0.0 -0.918073
vn 0.428208 0.0 -0.90368
vn 0.428208 0.0 -0.90368
vn 0.459515 0.0 -0.88817
vn 0.490175 0.0 -0.871624
vn 0.459515 0.0 -0.88817
vn 0.490175 0.0 -0.871624
vn 0.520339 0.0 -0.85396
vn 0.549824 0.0 -0.835281
vn 0.520339 0.0 -0.85396
vn 0.549824 0.0 -0.835281
vn 0.578633 0.0 -0.815588
vn 0.606728 0.0 -0.79491
vn 0.578633 0.0 -0.815588
vn 0.606728 0.0 -0.79491
vn 0.634119 0.0 -0.773236
vn 0.634119 0.0 -0.773236
vn 0.660717 0.0 -0.750635
vn 0.660717 0.0 -0.750635
vn 0.686498 0.0 -0.727131
vn 0.686498 0.0 -0.727131
vn 0.711483 0.0 -0.702703
vn 0.711483 0.0 -0.702703
vn 0.735542 0.0 -0.677479
vn 0.735542 0.0 -0.677479
vn 0.758743 0.0 -0.65139
vn 0.758743 0.0 -0.65139
vn 0.781033 0.0 -0.62449
vn 0.781033 0.0 -0.62449
vn 0.802329 0.0 -0.596883
vn 0.802329 0.0 -0.596883
vn 0.822697 0.0 -0.56848
vn 0.822697 0.0 -0.56848
vn 0.842024 0.0 -0.539441
vn 0.842024 0.0 -0.539441
vn 0.860332 0.0 -0.509734
vn 0.860332 0.0 -0.509734
vn 0.0 -1.0 0.0
vn 0.0 -1.0 0.0
vn 0.0 -1.0 0.0
vn 0.0 -1.0 0.0
vn 0.0 -1.0 0.0
vn 0.0 -1.0 0.0
vn 0.0 -1.0 0.0
vn 0.0 -1.0 0.0
vn 0.0 -1.0 0.0
vn 0.0 -1.0 0.0
vn 0.0 -1.0 0.0
vn 0.0 -1.0 0.0
vn 0.0 -1.0 0.0
vn 0.0 -1.0 0.0
vn 0.0 -1.0 0.0
vn 0.0 -1.0 0.0
vn 0.0 -1.0 0.0
vn 0.0 -1.0 0.0
vn 0.0 -1.0 0.0
vn 0.0 -1.0 0.0
vn 0.0 -1.0 0.0
vn 0.0 -1.0 0.0
vn 0.0 -1.0 0.0
vn 0.0 -1.0 0.0
vn 0.0 -1.0 0.0
vn 0.0 -1.0 0.0
vn 0.0 -1.0 0.0
vn 0.0 -1.0 0.0
vn 0.0 -1.0 -0.0
vn 0.0 -1.0 -0.0
vn 0.0 -1.0 -0.0
vn 0.0 -1.0 0.0
vn 0.0 -1.0 0.0
vn 0.0 -1.0 0.0
vn 0.0 -1.0 0.0
vn 0.0 -1.0 -0.0
vn 0.0 -1.0 -0.0
vn 0.0 -1.0 0.0
vn 0.0 -1.0 0.0
vn 0.0 -1.0 0.0
vn 0.0 -1.0 0.0
vn 0.0 -1.0 0.0
vn 0.0 -1.0 -0.0
vn 0.0 -1.0 -0.0
vn 0.0 -1.0 -0.0
vn 0.0 -1.0 0.0
vn 0.0 -1.0 0.0
vn 0.0 -1.0 0.0
vn 0.0 -1.0 0.0
vn 0.0 -1.0 -0.0
vn 0.0 -1.0 -0.0
vn 0.0 -1.0 0.0
vn 0.0 -1.0 0.0
vn 0.0 -1.0 0.0
vn 0.0 -1.0 0.0
vn 0.0 -1.0 -0.0
vn 0.0 -1.0 -0.0
vn 0.0 -1.0 -0.0
vn 0.0 -1.0 0.0
vn 0.0 -1.0 0.0
vn 0.0 -1.0 0.0
vn 0.0 -1.0 0.0
vn 0.0 -1.0 -0.0
vn 0.0 -1.0 -0.0
vn 0.0 -1.0 -0.0
vn 0.0 -1.0 -0.0
vn 0.0 -1.0 -0.0
vn 0.0 -1.0 0.0
vn 0.0 -1.0 0.0
vn 0.0 -1.0 -0.0
vn 0.0 -1.0 -0.0
vn 0.0 -1.0 0.0
vn 0.0 -1.0 -0.0
vn 0.0 -1.0 -0.0
vn 0.0 -1.0 -0.0
vn 0.0 -1.0 -0.0
vn 0.0 -1.0 -0.0
vn 0.0 -1.0 0.0
vn 0.0 -1.0 0.0
vn 0.0 -1.0 -0.0
vn 0.0 -1.0 -0.0
vn 0.0 -1.0 -0.0
vn 0.0 -1.0 0.0
vn 0.0 -1.0 -0.0
vn 0.0 -1.0 -0.0
vn 0.0 -1.0 0.0
vn 0.0 -1.0 -0.0
vn 0.0 -1.0 -0.0
vn 0.0 -1.0 -0.0
vn 0.0 -1.0 -0.0
vn 0.0 -1.0 -0.0
vn 0.0 -1.0 0.0
vn 0.0 -1.0 0.0
vn 0.0 -1.0 -0.0
vn 0.0 -1.0 0.0
vn 0.0 -1.0 0.0
vn 0.0 -1.0 0.0
vn 0.0 -1.0 0.0
vn 0.0 -1.0 0.0
vn 0.0 -1.0 0.0
vn 0.0 -1.0 0.0
vn 0.0 -1.0 0.0
vn 0.0 -1.0 0.0
vn 0.0 -1.0 0.0
vn 0.0 -1.0 0.0
vn 0.0 -1.0 0.0
vn 0.0 -1.0 0.0
vn 0.0 -1.0 0.0
vn 0.0 -1.0 0.0
vn 0.0 -1.0 0.0
vn 0.0 -1.0 0.0
vn 0.0 -1.0 0.0
vn 0.0 -1.0 0.0
vn 0.0 -1.0 0.0
vn 0.0 -1.0 0.0
vn 0.0 -1.0 0.0
vn 0.0 -1.0 0.0
vn 0.0 -1.0 0.0
vn 0.0 -1.0 0.0
vn 0.0 -1.0 0.0
vn 0.0 -1.0 0.0
vn 0.0 -1.0 0.0
vn 0.0 -1.0 0.0
vn 0.0 -1.0 0.0
vn 0.0 -1.0 0.0
vn 0.0 -1.0 0.0
vn 0.0 -1.0 0.0
vn 0.0 -1.0 0.0
vn 0.0 -1.0 0.0
vn 0.0 -1.0 0.0
vn 0.0 -1.0 0.0
vn 0.0 -1.0 0.0
vn 0.0 -1.0 0.0
vn 0.0 -1.0 0.0
vn 0.0 -1.0 0.0
vn 0.0 -1.0 0.0
vn 0.0 -1.0 0.0
vn 0.0 -1.0 0.0
vn 0.0 -1.0 0.0
vn 0.0 -1.0 0.0
vn 0.0 -1.0 0.0
vn 0.0 -1.0 0.0
vn 0.0 -1.0 0.0
vn 0.0 -1.0 0.0
vn 0.0 -1.0 0.0
vn 0.0 -1.0 0.0
vn 0.0 -1.0 0.0
vn 0.0 -1.0 0.0
vn 0.0 -1.0 0.0
vn 0.0 -1.0 0.0
vn 0.0 -1.0 0.0
vn 0.0 -1.0 0.0
vn 0.0 -1.0 0.0
vn 0.0 -1.0 0.0
vn 0.0 -1.0 0.0
vn 0.0 -1.0 0.0
vn 0.0 -1.0 0.0
vn 0.0 -1.0 0.0
vn 0.0 -1.0 -0.0
vn 0.0 -1.0 0.0
vn 0.0 -1.0 0.0
vn 0.0 -1.0 -0.0
vn 0.0 -1.0 0.0
vn 0.0 -1.0 0.0
vn 0.0 -1.0 0.0
vn 0.0 -1.0 -0.0
vn 0.0 -1.0 0.0
vn 0.0 -1.0 0.0
vn 0.0 -1.0 -0.0
vn 0.0 -1.0 0.0
vn 0.0 -1.0 0.0
vn 0.0 -1.0 0.0
vn 0.0 -1.0 -0.0
vn 0.0 -1.0 0.0
vn 0.0 -1.0 0.0
vn 0.0 -1.0 -0.0
vn 0.0 -1.0 0.0
vn 0.0 -1.0 0.0
vn 0.0 -1.0 0.0
vn 0.0 -1.0 -0.0
vn 0.0 -1.0 0.0
vn 0.0 -1.0 0.0
vn 0.0 -1.0 -0.0
vn 0.0 -1.0 0.0
vn 0.0 -1.0 0.0
vn 0.0 -1.0 0.0
vn 0.0 -1.0 -0.0
vn 0.0 -1.0 0.0
vn 0.0 -1.0 0.0
vn 0.0 -1.0 -0.0
vn 0.0 -1.0 0.0
vn 0.0 -1.0 0.0
vn 0.0 -1.0 0.0
vn 0.0 -1.0 0.0
vn 0.0 -1.0 0.0
vn 0.0 -1.0 0.0
vn 0.0 -1.0 0.0
vn 0.0 -1.0 0.0
vn 0.0 -1.0 -0.0
vn 0.0 -1.0 0.0
vn 0.0 -1.0 0.0
vn 0.0 -1.0 0.0
vn 0.0 -1.0 0.0
vn 0.0 -1.0 0.0
vn 0.0 -1.0 -0.0
vn 0.0 -1.0 0.0
vn 0.0 -1.0 0.0
vn 0.0 -1.0 0.0
vn 0.0 -1.0 0.0
vn 0.0 -1.0 0.0
vn 0.0 -1.0 0.0
vn 0.0 -1.0 0.0
vn 0.0 -1.0 -0.0
vn 0.0 -1.0 0.0
vn 0.0 -1.0 0.0
vn 0.0 -1.0 0.0
vn 0.0 -1.0 0.0
vn 0.0 -1.0 -0.0
vn 0.0 -1.0 0.0
vn 0.0 -1.0 0.0
vn 0.0 -1.0 0.0
vn 0.0 -1.0 0.0
vn 0.0 -1.0 0.0
vn 0.0 -1.0 0.0
vn 0.0 -1.0 0.0
vn 0.0 -1.0 -0.0
vn 0.0 -1.0 0.0
vn 0.0 -1.0 0.0
vn 0.0 -1.0 0.0
vn 0.0 -1.0 0.0
vn 0.0 -1.0 0.0
vn 0.0 -1.0 0.0
vn 0.0 -1.0 0.0
vn 0.0 -1.0 0.0
vn 0.0 -1.0 0.0
vn 0.0 -1.0 0.0
vn 0.0 -1.0 0.0
vn 0.0 -1.0 0.0
vn 0.0 -1.0 0.0
vn 0.0 -1.0 0.0
vn 0.0 -1.0 0.0
vn 0.0 -1.0 0.0
vn 0.0 -1.0 0.0
vn 0.0 -1.0 0.0
vn 0.0 -1.0 0.0
vn 0.0 -1.0 0.0
vn 0.0 -1.0 0.0
vn 0.0 -1.0 0.0
vn 0.0 -1.0 0.0
vn 0.0 -1.0 0.0
vn 0.0 -1.0 0.0
vn 0.0 -1.0 0.0
vn 0.889838 0.0 -0.456277
vn 0.92625 0.0 -0.37691
vn 0.889838 0.0 -0.456277
vn 0.955534 0.0 -0.29488
vn 0.92625 0.0 -0.37691
vn 0.977619 0.0 -0.210383
vn 0.955534 0.0 -0.29488
vn 0.992239 0.0 -0.124345
vn 0.977619 0.0 -0.210383
vn 0.9993 0.0 -0.037422
vn 0.992239 0.0 -0.124345
vn 0.9993 0.0 -0.037422
vn 0.998764 -0.0 0.049713
vn 0.998764 -0.0 0.049713
vn 0.990606 -0.0 0.136749
vn 0.990606 -0.0 0.136749
vn 0.974945 -0.0 0.222446
vn 0.951861 -0.0 0.306531
vn 0.974945 -0.0 0.222446
vn 0.921485 -0.0 0.388415
vn 0.951861 -0.0 0.306531
vn 0.884103 -0.0 0.467293
vn 0.921485 -0.0 0.388415
vn 0.840082 -0.0 0.542459
vn 0.884103 -0.0 0.467293
vn 0.789624 -0.0 0.613591
vn 0.840082 -0.0 0.542459
vn 0.733008 -0.0 0.68022
vn 0.789624 -0.0 0.613591
vn 0.67106 -0.0 0.741403
vn 0.733008 -0.0 0.68022
vn 0.603839 -0.0 0.797107
vn 0.67106 -0.0 0.741403
vn 0.532059 -0.0 0.846707
vn 0.603839 -0.0 0.797107
vn 0.456234 -0.0 0.88986
vn 0.532059 -0.0 0.846707
vn 0.456234 -0.0 0.88986
vn 0.376966 -0.0 0.926227
vn 0.29478 -0.0 0.955565
vn 0.376966 0.0 0.926227
vn 0.29478 -0.0 0.955565
vn 0.210488 -0.0 0.977596
vn 0.210488 0.0 0.977596
vn 0.124345 -0.0 0.992239
vn 0.037426 -0.0 0.999299
vn 0.124345 0.0 0.992239
vn -0.049713 0.0 0.998764
vn 0.037426 -0.0 0.999299
vn -0.136749 0.0 0.990606
vn -0.049713 0.0 0.998764
vn -0.222446 0.0 0.974945
vn -0.136749 0.0 0.990606
vn -0.222446 0.0 0.974945
vn -0.306531 0.0 0.951861
vn -0.388376 0.0 0.921501
vn -0.306531 0.0 0.951861
vn -0.467293 0.0 0.884103
vn -0.388376 0.0 0.921501
vn -0.542509 0.0 0.84005
vn -0.467293 0.0 0.884103
vn -0.542509 0.0 0.84005
vn -0.613659 0.0 0.789571
vn -0.613659 0.0 0.789571
vn -0.680106 0.0 0.733114
vn -0.680106 0.0 0.733114
vn -0.741458 0.0 0.671
vn -0.741458 0.0 0.671
vn -0.797107 0.0 0.603839
vn -0.797107 0.0 0.603839
vn -0.846707 0.0 0.532059
vn -0.846707 0.0 0.532059
vn -0.889815 0.0 0.456321
vn -0.926227 0.0 0.376966
vn -0.889815 0.0 0.456321
vn -0.955565 0.0 0.29478
vn -0.926227 0.0 0.376966
vn -0.977619 0.0 0.210383
vn -0.955565 0.0 0.29478
vn -0.992239 0.0 0.124345
vn -0.977619 0.0 0.210383
vn -0.999295 0.0 0.037531
vn -0.992239 0.0 0.124345
vn -0.999295 0.0 0.037531
vn -0.998758 0.0 -0.049828
vn -0.998758 0.0 -0.049828
vn -0.990623 0.0 -0.136626
vn -0.990623 0.0 -0.136626
vn -0.974939 0.0 -0.22247
vn -0.951829 0.0 -0.306631
vn -0.974939 0.0 -0.22247
vn -0.921501 0.0 -0.388376
vn -0.951829 0.0 -0.306631
vn -0.884148 0.0 -0.467207
vn -0.921501 0.0 -0.388376
vn -0.840032 0.0 -0.542537
vn -0.884148 0.0 -0.467207
vn -0.789583 0.0 -0.613644
vn -0.840032 0.0 -0.542537
vn -0.733059 0.0 -0.680165
vn -0.789583 0.0 -0.613644
vn -0.671054 0.0 -0.741408
vn -0.733059 0.0 -0.680165
vn -0.603786 0.0 -0.797147
vn -0.671054 0.0 -0.741408
vn -0.532138 0.0 -0.846658
vn -0.603786 0.0 -0.797147
vn -0.532138 0.0 -0.846658
vn -0.456234 0.0 -0.88986
vn -0.376966 0.0 -0.926227
vn -0.456234 0.0 -0.88986
vn -0.29478 0.0 -0.955565
vn -0.376966 0.0 -0.926227
vn -0.210383 0.0 -0.977619
vn -0.29478 0.0 -0.955565
vn -0.210383 0.0 -0.977619
vn -0.124453 0.0 -0.992225
vn -0.037426 0.0 -0.999299
vn -0.124453 0.0 -0.992225
vn 0.049823 0.0 -0.998758
vn -0.037426 0.0 -0.999299
vn 0.136641 0.0 -0.990621
vn 0.049823 0.0 -0.998758
vn 0.222446 0.0 -0.974945
vn 0.136641 0.0 -0.990621
vn 0.222446 0.0 -0.974945
vn 0.306631 0.0 -0.951829
vn 0.388415 0.0 -0.921485
vn 0.306631 0.0 -0.951829
vn 0.467162 0.0 -0.884172
vn 0.388415 0.0 -0.921485
vn 0.542509 0.0 -0.84005
vn 0.467162 0.0 -0.884172
vn 0.613659 0.0 -0.789571
vn 0.542509 0.0 -0.84005
vn 0.613659 0.0 -0.789571
vn 0.680106 0.0 -0.733114
vn 0.680106 0.0 -0.733114
vn 0.741458 0.0 -0.671
vn 0.741458 0.0 -0.671
vn 0.797107 0.0 -0.603839
vn 0.797107 0.0 -0.603839
vn 0.846707 0.0 -0.532059
vn 0.846707 0.0 -0.532059
vn 0.0 1.0 0.0
vn 0.0 1.0 0.0
vn 0.0 1.0 0.0
vn 0.0 1.0 0.0
vn 0.0 1.0 0.0
vn 0.0 1.0 0.0
vn 0.0 1.0 0.0
vn 0.0 1.0 0.0
vn 0.0 1.0 -0.0
vn 0.0 1.0 0.0
vn 0.0 1.0 0.0
vn 0.0 1.0 0.0
vn 0.0 1.0 0.0
vn 0.0 1.0 0.0
vn 0.0 1.0 0.0
vn 0.0 1.0 0.0
vn 0.0 1.0 -0.0
vn 0.0 1.0 0.0
vn 0.0 1.0 0.0
vn 0.0 1.0 -0.0
vn 0.0 1.0 0.0
vn 0.0 1.0 -0.0
vn 0.0 1.0 0.0
vn 0.0 1.0 -0.0
vn 0.0 1.0 0.0
vn 0.0 1.0 0.0
vn 0.0 1.0 0.0
vn 0.0 1.0 -0.0
vn 0.0 1.0 0.0
vn 0.0 1.0 0.0
vn 0.0 1.0 0.0
vn 0.0 1.0 0.0
vn 0.0 1.0 0.0
vn 0.0 1.0 -0.0
vn 0.0 1.0 -0.0
vn 0.0 1.0 0.0
vn 0.0 1.0 0.0
vn 0.0 1.0 0.0
vn 0.0 1.0 0.0
vn 0.0 1.0 0.0
vn 0.0 1.0 -0.0
vn 0.0 1.0 -0.0
vn 0.0 1.0 0.0
vn 0.0 1.0 0.0
vn 0.0 1.0 0.0
vn 0.0 1.0 0.0
vn 0.0 1.0 0.0
vn 0.0 1.0 -0.0
vn 0.0 1.0 -0.0
vn 0.0 1.0 0.0
vn 0.0 1.0 0.0
vn 0.0 1.0 0.0
vn 0.0 1.0 0.0
vn 0.0 1.0 0.0
vn 0.0 1.0 -0.0
vn 0.0 1.0 0.0
vn 0.0 1.0 0.0
vn 0.0 1.0 0.0
vn 0.0 1.0 -0.0
vn 0.0 1.0 0.0
vn 0.0 1.0 -0.0
vn 0.0 1.0 -0.0
vn 0.0 1.0 0.0
vn 0.0 1.0 0.0
vn 0.0 1.0 0.0
vn 0.0 1.0 0.0
vn 0.0 1.0 0.0
vn 0.0 1.0 -0.0
vn 0.0 1.0 -0.0
vn 0.0 1.0 0.0
vn 0.0 1.0 0.0
vn 0.0 1.0 -0.0
vn 0.0 1.0 0.0
vn 0.0 1.0 0.0
vn 0.0 1.0 0.0
vn 0.0 1.0 -0.0
vn 0.0 1.0 0.0
vn 0.0 1.0 0.0
vn 0.0 1.0 -0.0
vn 0.0 1.0 0.0
vn 0.0 1.0 0.0
vn 0.0 1.0 0.0
vn 0.0 1.0 -0.0
vn 0.0 1.0 0.0
vn 0.0 1.0 0.0
vn 0.0 1.0 -0.0
vn 0.0 1.0 0.0
vn 0.0 1.0 0.0
vn 0.0 1.0 0.0
vn 0.0 1.0 -0.0
vn 0.0 1.0 0.0
vn 0.0 1.0 0.0
vn 0.0 1.0 -0.0
vn 0.0 1.0 0.0
vn 0.0 1.0 0.0
vn 0.0 1.0 0.0
vn 0.0 1.0 0.0
vn 0.0 1.0 0.0
vn 0.0 1.0 0.0
vn 0.0 1.0 0.0
vn 0.0 1.0 0.0
vn 0.0 1.0 0.0
vn 0.0 1.0 0.0
vn 0.0 1.0 0.0
vn 0.0 1.0 0.0
vn 0.0 1.0 0.0
vn 0.0 1.0 -0.0
vn 0.0 1.0 -0.0
vn 0.0 1.0 -0.0
vn 0.0 1.0 0.0
vn 0.0 1.0 -0.0
vn 0.0 1.0 -0.0
vn 0.0 1.0 0.0
vn 0.0 1.0 -0.0
vn 0.0 1.0 -0.0
vn 0.0 1.0 -0.0
vn 0.0 1.0 0.0
vn 0.0 1.0 -0.0
vn 0.0 1.0 -0.0
vn 0.0 1.0 0.0
vn 0.0 1.0 -0.0
vn 0.0 1.0 -0.0
vn 0.0 1.0 -0.0
vn 0.0 1.0 0.0
vn 0.0 1.0 -0.0
vn 0.0 1.0 -0.0
vn 0.0 1.0 0.0
vn 0.0 1.0 0.0
vn 0.0 1.0 0.0
vn 0.0 1.0 0.0
vn 0.0 1.0 -0.0
vn 0.0 1.0 0.0
vn 0.0 1.0 -0.0
vn 0.0 1.0 0.0
vn 0.0 1.0 0.0
vn 0.0 1.0 0.0
vn 0.0 1.0 0.0
vn 0.0 1.0 -0.0
vn 0.0 1.0 -0.0
vn 0.0 1.0 0.0
vn 0.0 1.0 0.0
vn 0.0 1.0 0.0
vn 0.0 1.0 0.0
vn 0.0 1.0 0.0
vn 0.0 1.0 -0.0
vn 0.0 1.0 0.0
vn 0.0 1.0 0.0
vn 0.0 1.0 -0.0
vn 0.0 1.0 0.0
vn 0.0 1.0 0.0
vn 0.0 1.0 0.0
vn 0.0 1.0 0.0
vn 0.0 1.0 0.0
vn 0.0 1.0 0.0
vn 0.0 1.0 0.0
vn 0.0 1.0 0.0
vn 0.0 1.0 0.0
vn 0.0 1.0 -0.0
vn 0.0 1.0 0.0
vn 0.0 1.0 -0.0
vn 0.0 1.0 -0.0
vn 0.0 1.0 0.0
vn 0.0 1.0 -0.0
vn 0.0 1.0 -0.0
vn 0.0 1.0 -0.0
vn 0.0 1.0 0.0
vn 0.0 1.0 -0.0
vn 0.0 1.0 -0.0
vn 0.0 1.0 0.0
vn 0.0 1.0 -0.0
vn 0.0 1.0 -0.0
vn 0.0 1.0 -0.0
vn 0.0 1.0 0.0
vn 0.0 1.0 -0.0
vn 0.0 1.0 -0.0
vn 0.0 1.0 0.0
vn 0.0 1.0 -0.0
vn 0.0 1.0 -0.0
vn 0.0 1.0 -0.0
vn 0.0 1.0 0.0
vn 0.0 1.0 -0.0
vn 0.0 1.0 -0.0
vn 0.0 1.0 0.0
vn 0.0 1.0 -0.0
vn 0.0 1.0 -0.0
vn 0.0 1.0 -0.0
vn 0.0 1.0 0.0
vn 0.0 1.0 -0.0
vn 0.0 1.0 -0.0
vn 0.0 1.0 0.0
vn 0.0 1.0 -0.0
vn 0.0 1.0 0.0
vn 0.0 1.0 -0.0
vn 0.0 1.0 -0.0
vn 0.0 1.0 -0.0
vn 0.0 1.0 -0.0
vn 0.0 1.0 -0.0
vn 0.0 1.0 -0.0
vn 0.0 1.0 0.0
vn 0.0 1.0 0.0
vn 0.0 1.0 -0.0
vn 0.0 1.0 -0.0
vn 0.0 1.0 -0.0
vn 0.0 1.0 -0.0
vn 0.0 1.0 0.0
vn 0.0 1.0 -0.0
vn 0.0 1.0 0.0
vn 0.0 1.0 -0.0
vn 0.0 1.0 -0.0
vn 0.0 1.0 -0.0
vn 0.0 1.0 -0.0
vn 0.0 1.0 -0.0
vn 0.0 1.0 0.0
vn 0.0 1.0 -0.0
vn 0.0 1.0 0.0
vn 0.0 1.0 -0.0
vn 0.0 1.0 -0.0
vn 0.0 1.0 -0.0
vn 0.0 1.0 0.0
vn 0.0 1.0 0.0
vn 0.0 1.0 -0.0
vn 0.0 1.0 -0.0
vn 0.0 1.0 -0.0
vn 0.0 1.0 -0.0
vn 0.0 1.0 -0.0
vn 0.0 1.0 0.0
vn 0.0 1.0 -0.0
vn 0.0 1.0 0.0
vn 0.0 1.0 -0.0
vn 0.0 1.0 0.0
vn 0.0 1.0 -0.0
vn 0.0 1.0 0.0
vn 0.0 1.0 0.0
vn 0.0 1.0 0.0
vn 0.0 1.0 -0.0
vn 0.0 1.0 0.0
vn 0.0 1.0 -0.0
vn 0.0 1.0 0.0
vn 0.0 1.0 -0.0
vn 0.0 1.0 0.0
vn 0.0 1.0 0.0
vn 0.0 1.0 0.0
vn 0.0 1.0 -0.0
vn 0.0 1.0 0.0
vn 0.0 1.0 -0.0
vn 0.0 1.0 0.0
vn 0.0 1.0 0.0
vn 0.0 1.0 0.0
vn 0.0 1.0 -0.0
vn 0.0 1.0 0.0
vn 0.0 1.0 -0.0
vn 0.0 1.0 0.0
vn 0.877593 0.0 -0.479407
vn 0.877593 0.0 -0.479407
vn 0.893807 0.0 -0.448453
vn 0.893807 0.0 -0.448453
vn 0.908904 0.0 -0.417004
vn 0.908904 0.0 -0.417004
vn 0.92289 0.0 -0.385065
vn 0.92289 0.0 -0.385065
vn 0.935789 0.0 -0.352562
vn 0.935789 0.0 -0.352562
vn 0.94751 0.0 -0.319725
vn 0.94751 0.0 -0.319725
vn 0.958095 0.0 -0.286451
vn 0.958095 0.0 -0.286451
vn 0.96751 0.0 -0.252832
vn 0.975734 0.0 -0.218958
vn 0.96751 0.0 -0.252832
vn 0.975734 0.0 -0.218958
vn 0.982788 0.0 -0.184738
vn 0.982788 0.0 -0.184738
vn 0.98864 0.0 -0.150304
vn 0.98864 0.0 -0.150304
vn 0.993279 0.0 -0.115745
vn 0.993279 0.0 -0.115745
vn 0.996717 0.0 -0.080965
vn 0.996717 0.0 -0.080965
vn 0.998933 0.0 -0.046185
vn 0.998933 0.0 -0.046185
vn 0.999936 0.0 -0.011277
vn 0.999936 0.0 -0.011277
vn 0.999721 -0.0 0.02363
vn 0.999721 0.0 0.02363
vn 0.998285 -0.0 0.05854
vn 0.998285 0.0 0.05854
vn 0.995637 -0.0 0.093314
vn 0.995637 0.0 0.093314
vn 0.991778 -0.0 0.12797
vn 0.986697 -0.0 0.16257
vn 0.991778 0.0 0.12797
vn 0.986697 -0.0 0.16257
vn 0.980428 -0.0 0.196878
vn 0.97296 -0.0 0.230973
vn 0.980428 0.0 0.196878
vn 0.97296 -0.0 0.230973
vn 0.964316 -0.0 0.264752
vn 0.954476 -0.0 0.298287
vn 0.964316 0.0 0.264752
vn 0.954476 -0.0 0.298287
vn 0.943482 -0.0 0.331424
vn 0.931354 -0.0 0.364114
vn 0.943482 0.0 0.331424
vn 0.918066 -0.0 0.396427
vn 0.931354 -0.0 0.364114
vn 0.918066 -0.0 0.396427
vn 0.903671 -0.0 0.428227
vn 0.903671 0.0 0.428227
vn 0.888187 -0.0 0.459481
vn 0.888187 0.0 0.459481
vn 0.871605 0.0 0.490208
vn 0.871605 -0.0 0.490208
vn 0.853979 0.0 0.520307
vn 0.853979 -0.0 0.520307
vn 0.835281 0.0 0.549824
vn 0.835281 -0.0 0.549824
vn 0.815588 0.0 0.578633
vn 0.815588 -0.0 0.578633
vn 0.79491 0.0 0.606728
vn 0.79491 -0.0 0.606728
vn 0.773236 -0.0 0.634119
vn 0.773236 -0.0 0.634119
vn 0.750635 0.0 0.660717
vn 0.750635 -0.0 0.660717
vn 0.72711 0.0 0.686521
vn 0.72711 -0.0 0.686521
vn 0.702724 0.0 0.711462
vn 0.702724 -0.0 0.711462
vn 0.677479 -0.0 0.735542
vn 0.677479 0.0 0.735542
vn 0.651369 -0.0 0.758761
vn 0.624511 -0.0 0.781016
vn 0.651369 0.0 0.758761
vn 0.624511 -0.0 0.781016
vn 0.596883 -0.0 0.802329
vn 0.596883 0.0 0.802329
vn 0.56846 -0.0 0.822711
vn 0.56846 0.0 0.822711
vn 0.53946 -0.0 0.842011
vn 0.509715 -0.0 0.860343
vn 0.53946 0.0 0.842011
vn 0.509715 -0.0 0.860343
vn 0.479407 -0.0 0.877593
vn 0.479407 0.0 0.877593
vn 0.44847 -0.0 0.893798
vn 0.44847 0.0 0.893798
vn 0.417004 -0.0 0.908904
vn 0.417004 0.0 0.908904
vn 0.385049 -0.0 0.922896
vn 0.385049 0.0 0.922896
vn 0.352576 -0.0 0.935783
vn 0.352576 0.0 0.935783
vn 0.319712 -0.0 0.947515
vn 0.319712 0.0 0.947515
vn 0.286451 -0.0 0.958095
vn 0.286451 0.0 0.958095
vn 0.252842 -0.0 0.967507
vn 0.252842 0.0 0.967507
vn 0.218908 -0.0 0.975746
vn 0.218908 0.0 0.975746
vn 0.184746 0.0 0.982786
vn 0.184746 -0.0 0.982786
vn 0.150346 0.0 0.988633
vn 0.150346 -0.0 0.988633
vn 0.115745 0.0 0.993279
vn 0.115745 -0.0 0.993279
vn 0.080961 0.0 0.996717
vn 0.080961 -0.0 0.996717
vn 0.046185 0.0 0.998933
vn 0.046185 -0.0 0.998933
vn 0.011277 -0.0 0.999936
vn 0.011277 -0.0 0.999936
vn -0.023674 0.0 0.99972
vn -0.023674 0.0 0.99972
vn -0.058495 0.0 0.998288
vn -0.058495 0.0 0.998288
vn -0.093318 0.0 0.995636
vn -0.093318 0.0 0.995636
vn -0.128007 0.0 0.991773
vn -0.128007 0.0 0.991773
vn -0.162535 0.0 0.986703
vn -0.162535 0.0 0.986703
vn -0.196878 0.0 0.980428
vn -0.196878 0.0 0.980428
vn -0.230963 0.0 0.972962
vn -0.230963 0.0 0.972962
vn -0.264803 0.0 0.964302
vn -0.264803 0.0 0.964302
vn -0.298248 0.0 0.954488
vn -0.298248 0.0 0.954488
vn -0.331424 0.0 0.943482
vn -0.331424 0.0 0.943482
vn -0.364136 0.0 0.931346
vn -0.364136 0.0 0.931346
vn -0.396391 0.0 0.918082
vn -0.396391 0.0 0.918082
vn -0.428227 0.0 0.903671
vn -0.428227 0.0 0.903671
vn -0.459499 0.0 0.888178
vn -0.459499 0.0 0.888178
vn -0.490208 0.0 0.871605
vn -0.490208 0.0 0.871605
vn -0.520307 0.0 0.853979
vn -0.520307 0.0 0.853979
vn -0.549824 0.0 0.835281
vn -0.549824 0.0 0.835281
vn -0.578633 0.0 0.815588
vn -0.578633 0.0 0.815588
vn -0.606728 0.0 0.79491
vn -0.606728 0.0 0.79491
vn -0.634144 0.0 0.773215
vn -0.634144 0.0 0.773215
vn -0.660696 0.0 0.750654
vn -0.660696 0.0 0.750654
vn -0.686498 0.0 0.727131
vn -0.686498 0.0 0.727131
vn -0.711462 0.0 0.702724
vn -0.711462 0.0 0.702724
vn -0.735564 0.0 0.677456
vn -0.735564 0.0 0.677456
vn -0.758761 0.0 0.651369
vn -0.758761 0.0 0.651369
vn -0.781016 0.0 0.624511
vn -0.781016 0.0 0.624511
vn -0.802344 0.0 0.596862
vn -0.802344 0.0 0.596862
vn -0.822677 0.0 0.568509
vn -0.822677 0.0 0.568509
vn -0.842031 0.0 0.53943
vn -0.842031 0.0 0.53943
vn -0.860324 0.0 0.509747
vn -0.860324 0.0 0.509747
vn -0.877611 0.0 0.479374
vn -0.877611 0.0 0.479374
vn -0.893798 0.0 0.44847
vn -0.893798 0.0 0.44847
vn -0.908888 0.0 0.41704
vn -0.908888 0.0 0.41704
vn -0.922911 0.0 0.385013
vn -0.935774 0.0 0.352599
vn -0.922911 0.0 0.385013
vn -0.935774 0.0 0.352599
vn -0.947523 0.0 0.319686
vn -0.947523 0.0 0.319686
vn -0.958095 0.0 0.286451
vn -0.958095 0.0 0.286451
vn -0.9675 0.0 0.252872
vn -0.975743 0.0 0.218917
vn -0.9675 0.0 0.252872
vn -0.982786 0.0 0.184746
vn -0.975743 0.0 0.218917
vn -0.982786 0.0 0.184746
vn -0.98864 0.0 0.150304
vn -0.98864 0.0 0.150304
vn -0.99328 0.0 0.11574
vn -0.99328 0.0 0.11574
vn -0.996713 0.0 0.081008
vn -0.996713 0.0 0.081008
vn -0.998935 0.0 0.046142
vn -0.999936 0.0 0.011277
vn -0.998935 0.0 0.046142
vn -0.999936 0.0 0.011277
vn -0.999721 0.0 -0.023631
vn -0.998285 0.0 -0.058538
vn -0.999721 0.0 -0.023631
vn -0.998285 0.0 -0.058538
vn -0.99564 0.0 -0.093275
vn -0.99564 0.0 -0.093275
vn -0.991773 0.0 -0.128007
vn -0.986703 0.0 -0.162535
vn -0.991773 0.0 -0.128007
vn -0.986703 0.0 -0.162535
vn -0.980428 0.0 -0.196878
vn -0.980428 0.0 -0.196878
vn -0.972962 0.0 -0.230963
vn -0.972962 0.0 -0.230963
vn -0.964302 0.0 -0.264803
vn -0.954476 0.0 -0.298287
vn -0.964302 0.0 -0.264803
vn -0.943495 0.0 -0.331386
vn -0.954476 0.0 -0.298287
vn -0.943495 0.0 -0.331386
vn -0.931346 0.0 -0.364136
vn -0.918066 0.0 -0.396427
vn -0.931346 0.0 -0.364136
vn -0.903671 0.0 -0.428227
vn -0.918066 0.0 -0.396427
vn -0.903671 0.0 -0.428227
vn -0.888187 0.0 -0.459481
vn -0.871595 0.0 -0.490227
vn -0.888187 0.0 -0.459481
vn -0.871595 0.0 -0.490227
vn -0.853979 0.0 -0.520307
vn -0.853979 0.0 -0.520307
vn -0.835281 0.0 -0.549824
vn -0.835281 0.0 -0.549824
vn -0.815588 0.0 -0.578633
vn -0.815588 0.0 -0.578633
vn -0.79491 0.0 -0.606728
vn -0.79491 0.0 -0.606728
vn -0.773236 0.0 -0.634119
vn -0.773236 0.0 -0.634119
vn -0.750654 0.0 -0.660696
vn -0.750654 0.0 -0.660696
vn -0.72711 0.0 -0.686521
vn -0.72711 0.0 -0.686521
vn -0.702724 0.0 -0.711462
vn -0.702724 0.0 -0.711462
vn -0.677456 0.0 -0.735564
vn -0.677456 0.0 -0.735564
vn -0.651369 0.0 -0.758761
vn -0.651369 0.0 -0.758761
vn -0.624511 0.0 -0.781016
vn -0.596883 0.0 -0.802329
vn -0.624511 0.0 -0.781016
vn -0.596883 0.0 -0.802329
vn -0.568509 0.0 -0.822677
vn -0.568509 0.0 -0.822677
vn -0.539441 0.0 -0.842023
vn -0.539441 0.0 -0.842023
vn -0.509715 0.0 -0.860343
vn -0.509715 0.0 -0.860343
vn -0.479374 0.0 -0.877611
vn -0.479374 0.0 -0.877611
vn -0.448504 0.0 -0.893781
vn -0.448504 0.0 -0.893781
vn -0.417004 0.0 -0.908904
vn -0.417004 0.0 -0.908904
vn -0.385013 0.0 -0.922911
vn -0.385013 0.0 -0.922911
vn -0.352614 0.0 -0.935769
vn -0.352614 0.0 -0.935769
vn -0.319725 0.0 -0.94751
vn -0.319725 0.0 -0.94751
vn -0.286451 0.0 -0.958095
vn -0.286451 0.0 -0.958095
vn -0.252832 0.0 -0.96751
vn -0.252832 0.0 -0.96751
vn -0.218917 0.0 -0.975743
vn -0.218917 0.0 -0.975743
vn -0.184738 0.0 -0.982788
vn -0.184738 0.0 -0.982788
vn -0.150304 0.0 -0.98864
vn -0.150304 0.0 -0.98864
vn -0.115745 0.0 -0.993279
vn -0.115745 0.0 -0.993279
vn -0.081004 0.0 -0.996714
vn -0.081004 0.0 -0.996714
vn -0.046144 0.0 -0.998935
vn -0.046144 0.0 -0.998935
vn -0.011277 0.0 -0.999936
vn -0.011277 0.0 -0.999936
vn 0.023631 0.0 -0.999721
vn 0.023631 0.0 -0.999721
vn 0.058495 0.0 -0.998288
vn 0.058495 0.0 -0.998288
vn 0.093318 0.0 -0.995636
vn 0.093318 0.0 -0.995636
vn 0.128012 0.0 -0.991773
vn 0.128012 0.0 -0.991773
vn 0.162528 0.0 -0.986704
vn 0.162528 0.0 -0.986704
vn 0.196878 0.0 -0.980428
vn 0.196878 0.0 -0.980428
vn 0.230963 0.0 -0.972962
vn 0.230963 0.0 -0.972962
vn 0.264803 0.0 -0.964302
vn 0.264803 0.0 -0.964302
vn 0.298287 0.0 -0.954476
vn 0.298287 0.0 -0.954476
vn 0.331386 0.0 -0.943495
vn 0.331386 0.0 -0.943495
vn 0.364151 0.0 -0.93134
vn 0.364151 0.0 -0.93134
vn 0.396411 0.0 -0.918073
vn 0.396411 0.0 -0.918073
vn 0.428208 0.0 -0.90368
vn 0.428208 0.0 -0.90368
vn 0.459515 0.0 -0.88817
vn 0.459515 0.0 -0.88817
vn 0.490175 0.0 -0.871624
vn 0.490175 0.0 -0.871624
vn 0.520339 0.0 -0.85396
vn 0.520339 0.0 -0.85396
vn 0.549824 0.0 -0.835281
vn 0.549824 0.0 -0.835281
vn 0.578633 0.0 -0.815588
vn 0.578633 0.0 -0.815588
vn 0.606728 0.0 -0.79491
vn 0.606728 0.0 -0.79491
vn 0.634119 0.0 -0.773236
vn 0.634119 0.0 -0.773236
vn 0.660717 0.0 -0.750635
vn 0.660717 0.0 -0.750635
vn 0.686498 0.0 -0.727131
vn 0.686498 0.0 -0.727131
vn 0.711483 0.0 -0.702703
vn 0.711483 0.0 -0.702703
vn 0.735542 0.0 -0.677479
vn 0.735542 0.0 -0.677479
vn 0.758743 0.0 -0.65139
vn 0.758743 0.0 -0.65139
vn 0.781033 0.0 -0.62449
vn 0.781033 0.0 -0.62449
vn 0.802329 0.0 -0.596883
vn 0.802329 0.0 -0.596883
vn 0.822697 0.0 -0.56848
vn 0.822697 0.0 -0.56848
vn 0.842023 0.0 -0.539441
vn 0.842023 0.0 -0.539441
vn 0.860332 0.0 -0.509734
vn 0.860332 0.0 -0.509734
vn 0.0 -1.0 -0.0
vn 0.0 -1.0 -0.0
vn 0.0 -1.0 -0.0
vn 0.0 -1.0 -0.0
vn 0.0 -1.0 -0.0
vn 0.0 -1.0 -0.0
vn 0.0 -1.0 -0.0
vn 0.0 -1.0 -0.0
vn 0.0 -1.0 -0.0
vn 0.0 -1.0 0.0
vn 0.0 -1.0 0.0
vn 0.0 -1.0 -0.0
vn 0.0 -1.0 -0.0
vn 0.0 -1.0 -0.0
vn 0.0 -1.0 -0.0
vn 0.0 -1.0 0.0
vn 0.0 -1.0 0.0
vn 0.0 -1.0 0.0
vn 0.0 -1.0 -0.0
vn 0.0 -1.0 0.0
vn 0.0 -1.0 0.0
vn 0.0 -1.0 -0.0
vn 0.0 -1.0 -0.0
vn 0.0 -1.0 -0.0
vn 0.0 -1.0 -0.0
vn 0.0 -1.0 -0.0
vn 0.0 -1.0 -0.0
vn 0.0 -1.0 -0.0
vn 0.0 -1.0 0.0
vn 0.0 -1.0 0.0
vn 0.0 -1.0 0.0
vn 0.0 -1.0 0.0
vn 0.0 -1.0 0.0
vn 0.0 -1.0 -0.0
vn 0.0 -1.0 0.0
vn 0.0 -1.0 -0.0
vn 0.0 -1.0 0.0
vn 0.0 -1.0 -0.0
vn 0.0 -1.0 -0.0
vn 0.0 -1.0 -0.0
vn 0.0 -1.0 -0.0
vn 0.0 -1.0 0.0
vn 0.0 -1.0 0.0
vn 0.0 -1.0 0.0
vn 0.0 -1.0 0.0
vn 0.0 -1.0 0.0
vn 0.0 -1.0 0.0
vn 0.0 -1.0 0.0
vn 0.0 -1.0 0.0
vn 0.0 -1.0 0.0
vn 0.0 -1.0 0.0
vn 0.0 -1.0 0.0
vn 0.0 -1.0 0.0
vn 0.0 -1.0 0.0
vn 0.0 -1.0 0.0
vn 0.0 -1.0 0.0
vn 0.0 -1.0 0.0
vn 0.0 -1.0 0.0
vn 0.0 -1.0 0.0
vn 0.0 -1.0 0.0
vn 0.0 -1.0 0.0
vn 0.0 -1.0 0.0
vn 0.0 -1.0 0.0
vn 0.0 -1.0 0.0
vn 0.0 -1.0 0.0
vn 0.0 -1.0 0.0
vn 0.0 -1.0 0.0
vn 0.0 -1.0 0.0
vn 0.0 -1.0 0.0
vn 0.0 -1.0 0.0
vn 0.0 -1.0 0.0
vn 0.0 -1.0 -0.0
vn 0.0 -1.0 0.0
vn 0.0 -1.0 0.0
vn 0.0 -1.0 0.0
vn 0.0 -1.0 0.0
vn 0.0 -1.0 0.0
vn 0.0 -1.0 0.0
vn 0.0 -1.0 0.0
vn 0.0 -1.0 0.0
vn 0.0 -1.0 0.0
vn 0.0 -1.0 0.0
vn 0.0 -1.0 0.0
vn 0.0 -1.0 0.0
vn 0.0 -1.0 0.0
vn 0.0 -1.0 0.0
vn 0.0 -1.0 0.0
vn 0.0 -1.0 0.0
vn 0.0 -1.0 0.0
vn 0.0 -1.0 -0.0
vn 0.0 -1.0 -0.0
vn 0.0 -1.0 -0.0
vn 0.0 -1.0 -0.0
vn 0.0 -1.0 -0.0
vn 0.0 -1.0 -0.0
vn 0.0 -1.0 -0.0
vn 0.0 -1.0 -0.0
vn 0.0 -1.0 -0.0
vn 0.0 -1.0 -0.0
vn 0.0 -1.0 -0.0
vn 0.0 -1.0 0.0
vn 0.0 -1.0 0.0
vn 0.0 -1.0 -0.0
vn 0.0 -1.0 0.0
vn 0.0 -1.0 0.0
vn 0.0 -1.0 0.0
vn 0.0 -1.0 0.0
vn 0.0 -1.0 0.0
vn 0.0 -1.0 0.0
vn 0.0 -1.0 0.0
vn 0.0 -1.0 0.0
vn 0.0 -1.0 0.0
vn 0.0 -1.0 0.0
vn 0.0 -1.0 0.0
vn 0.0 -1.0 0.0
vn 0.0 -1.0 0.0
vn 0.0 -1.0 0.0
vn 0.0 -1.0 0.0
vn 0.0 -1.0 0.0
vn 0.0 -1.0 0.0
vn 0.0 -1.0 0.0
vn 0.0 -1.0 0.0
vn 0.0 -1.0 0.0
vn 0.0 -1.0 0.0
vn 0.0 -1.0 0.0
vn 0.0 -1.0 0.0
vn 0.0 -1.0 0.0
vn 0.0 -1.0 0.0
vn 0.0 -1.0 0.0
vn 0.0 -1.0 0.0
vn 0.0 -1.0 0.0
vn 0.0 -1.0 0.0
vn 0.0 -1.0 0.0
vn 0.0 -1.0 0.0
vn 0.0 -1.0 0.0
vn 0.0 -1.0 0.0
vn 0.0 -1.0 0.0
vn 0.0 -1.0 0.0
vn 0.0 -1.0 0.0
vn 0.0 -1.0 0.0
vn 0.0 -1.0 0.0
vn 0.0 -1.0 0.0
vn 0.0 -1.0 0.0
vn 0.0 -1.0 0.0
vn 0.0 -1.0 0.0
vn 0.0 -1.0 0.0
vn 0.0 -1.0 0.0
vn 0.0 -1.0 0.0
vn 0.0 -1.0 0.0
vn 0.0 -1.0 0.0
vn 0.0 -1.0 0.0
vn 0.0 -1.0 0.0
vn 0.0 -1.0 0.0
vn 0.0 -1.0 0.0
vn 0.0 -1.0 0.0
vn 0.0 -1.0 0.0
vn 0.0 -1.0 0.0
vn 0.0 -1.0 0.0
vn 0.0 -1.0 0.0
vn -0.0 -1.0 0.0
vn 0.0 -1.0 0.0
vn 0.0 -1.0 0.0
vn 0.0 -1.0 0.0
vn 0.0 -1.0 0.0
vn 0.0 -1.0 0.0
vn 0.0 -1.0 0.0
vn -0.0 -1.0 0.0
vn -0.0 -1.0 0.0
vn 0.0 -1.0 0.0
vn 0.0 -1.0 0.0
vn 0.0 -1.0 0.0
vn 0.0 -1.0 0.0
vn 0.0 -1.0 0.0
vn 0.0 -1.0 0.0
vn -0.0 -1.0 0.0
vn -0.0 -1.0 0.0
vn 0.0 -1.0 0.0
vn -0.0 -1.0 0.0
vn 0.0 -1.0 -0.0
vn 0.0 -1.0 0.0
vn 0.0 -1.0 0.0
vn 0.0 -1.0 0.0
vn -0.0 -1.0 -0.0
vn 0.0 -1.0 0.0
vn 0.0 -1.0 0.0
vn 0.0 -1.0 -0.0
vn 0.0 -1.0 0.0
vn 0.0 -1.0 0.0
vn 0.0 -1.0 -0.0
vn -0.0 -1.0 0.0
vn 0.0 -1.0 -0.0
vn -0.0 -1.0 0.0
vn 0.0 -1.0 -0.0
vn -0.0 -1.0 0.0
vn 0.0 -1.0 0.0
vn -0.0 -1.0 0.0
vn 0.0 -1.0 0.0
vn 0.0 -1.0 0.0
vn -0.0 -1.0 0.0
vn 0.0 -1.0 0.0
vn 0.0 -1.0 0.0
vn 0.0 -1.0 0.0
vn -0.0 -1.0 0.0
vn 0.0 -1.0 0.0
vn -0.0 -1.0 0.0
vn -0.0 -1.0 0.0
vn 0.0 -1.0 0.0
vn 0.0 -1.0 0.0
vn -0.0 -1.0 0.0
vn -0.0 -1.0 0.0
vn -0.0 -1.0 0.0
vn -0.0 -1.0 0.0
vn 0.0 -1.0 0.0
vn 0.0 -1.0 0.0
vn 0.0 -1.0 0.0
vn 0.0 -1.0 0.0
vn 0.0 -1.0 0.0
vn 0.0 -1.0 0.0
vn 0.0 -1.0 0.0
vn 0.0 -1.0 0.0
vn 0.0 -1.0 0.0
vn 0.0 -1.0 0.0
vn 0.0 -1.0 0.0
vn 0.0 -1.0 0.0
vn 0.0 -1.0 0.0
vn 0.0 -1.0 0.0
vn 0.0 -1.0 0.0
vn -0.0 -1.0 0.0
vn 0.0 -1.0 0.0
vn 0.0 -1.0 0.0
vn 0.0 -1.0 0.0
vn 0.0 -1.0 0.0
vn -0.0 -1.0 0.0
vn -0.0 -1.0 0.0
vn 0.0 -1.0 0.0
vn 0.0 -1.0 0.0
vn 0.0 -1.0 0.0
vn -0.0 -1.0 0.0
vn 0.0 -1.0 0.0
vn 0.0 -1.0 0.0
vn -0.0 -1.0 0.0
vn 0.0 -1.0 0.0
vn 0.0 -1.0 0.0
vn 0.0 -1.0 0.0
vn -0.0 -1.0 0.0
vn -0.0 -1.0 0.0
vn 0.0 -1.0 0.0
vn 0.0 -1.0 0.0
vn 0.0 -1.0 0.0
vn 0.0 -1.0 0.0
vn 0.0 -1.0 0.0
vn -0.0 -1.0 0.0
vn 0.0 -1.0 0.0
vn 0.0 -1.0 0.0
vn 0.0 -1.0 0.0
vn 0.0 -1.0 0.0
vn 0.0 -1.0 0.0
vn 0.0 -1.0 0.0
vn 0.0 -1.0 0.0
vn 0.0 -1.0 0.0
vn 0.0 -1.0 0.0
vn 0.0 -1.0 0.0
vn -0.0 -1.0 0.0
vn -0.0 -1.0 0.0
vn -0.0 -1.0 0.0
vn 0.0 -1.0 0.0
vn 0.0 -1.0 0.0
vn 0.0 -1.0 0.0
vn 0.0 -1.0 0.0
vn 0.0 -1.0 0.0
vn 0.0 -1.0 0.0
vn 0.0 -1.0 0.0
vn 0.0 -1.0 0.0
vn 0.0 -1.0 0.0
vn 0.0 -1.0 0.0
vn 0.0 -1.0 0.0
vn -0.0 -1.0 0.0
vn -0.0 -1.0 0.0
vn -0.0 -1.0 0.0
vn 0.0 -1.0 0.0
vn 0.0 -1.0 0.0
vn 0.0 -1.0 0.0
vn 0.0 -1.0 0.0
vn 0.0 -1.0 0.0
vn -0.0 -1.0 -0.0
vn 0.0 -1.0 0.0
vn -0.0 -1.0 0.0
vn 0.0 -1.0 0.0
vn 0.0 -1.0 0.0
vn -0.0 -1.0 0.0
vn -0.0 -1.0 0.0
vn -0.0 -1.0 0.0
vn -0.0 -1.0 0.0
vn 0.0 -1.0 -0.0
vn 0.0 -1.0 0.0
vn -0.0 -1.0 0.0
vn -0.0 -1.0 0.0
vn -0.0 -1.0 0.0
vn 0.0 -1.0 0.0
vn 0.0 -1.0 0.0
vn 0.0 -1.0 0.0
vn 0.0 -1.0 0.0
vn 0.0 -1.0 0.0
vn -0.0 -1.0 0.0
vn 0.0 -1.0 0.0
vn -0.0 -1.0 0.0
vn 0.0 -1.0 0.0
vn -0.0 -1.0 -0.0
vn 0.0 -1.0 0.0
vn -0.0 -1.0 0.0
vn 0.0 -1.0 0.0
vn 0.0 -1.0 0.0
vn -0.0 -1.0 0.0
vn 0.0 -1.0 0.0
vn -0.0 -1.0 0.0
vn 0.0 -1.0 0.0
vn -0.0 -1.0 0.0
vn 0.0 -1.0 0.0
vn -0.0 -1.0 0.0
vn -0.0 -1.0 0.0
vn 0.0 -1.0 0.0
vn 0.0 -1.0 0.0
vn -0.0 -1.0 0.0
vn -0.0 -1.0 0.0
vn 0.0 -1.0 0.0
vn -0.0 -1.0 0.0
vn -0.0 -1.0 0.0
vn -0.0 -1.0 0.0
vn -0.0 -1.0 0.0
vn 0.0 -1.0 0.0
vn 0.0 -1.0 0.0
vn 0.0 -1.0 0.0
vn 0.0 -1.0 0.0
vn 0.0 -1.0 0.0
vn 0.0 -1.0 0.0
vn 0.0 -1.0 0.0
vn 0.0 -1.0 0.0
vn 0.0 -1.0 0.0
vn 0.0 -1.0 0.0
vn -0.0 -1.0 0.0
vn 0.0 -1.0 0.0
vn -0.0 -1.0 0.0
vn 0.0 -1.0 0.0
vn -0.0 -1.0 0.0
vn 0.0 -1.0 0.0
vn 0.0 -1.0 0.0
vn 0.0 -1.0 0.0
vn 0.0 -1.0 0.0
vn 0.0 -1.0 0.0
vn 0.0 -1.0 0.0
vn 0.0 -1.0 0.0
vn 0.0 -1.0 0.0
vn 0.0 -1.0 0.0
vn 0.0 -1.0 0.0
vn 0.0 -1.0 0.0
vn 0.0 -1.0 0.0
vn 0.0 -1.0 0.0
vn 0.0 -1.0 0.0
vn 0.0 -1.0 0.0
vn 0.0 -1.0 0.0
vn 0.0 -1.0 0.0
vn 0.0 -1.0 0.0
vn 0.0 -1.0 0.0
vn -0.0 -1.0 -0.0
vn -0.0 -1.0 0.0
vn 0.0 -1.0 0.0
vn 0.0 -1.0 0.0
vn 0.0 -1.0 0.0
vn -0.0 -1.0 0.0
vn 0.0 -1.0 0.0
vn 0.0 -1.0 0.0
vn -0.0 -1.0 0.0
vn 0.0 -1.0 0.0
vn 0.0 -1.0 0.0
vn 0.0 -1.0 0.0
vn -0.0 -1.0 0.0
vn 0.0 -1.0 0.0
vn 0.0 -1.0 0.0
vn -0.0 -1.0 0.0
vn -0.0 -1.0 0.0
vn 0.0 -1.0 0.0
vn 0.0 -1.0 0.0
vn 0.0 -1.0 0.0
vn 0.0 -1.0 0.0
vn 0.0 -1.0 0.0
vn 0.0 -1.0 0.0
vn 0.0 -1.0 0.0
vn 0.0 -1.0 0.0
vn 0.0 -1.0 0.0
vn -0.0 -1.0 0.0
vn -0.0 -1.0 0.0
vn 0.0 -1.0 0.0
vn -0.0 -1.0 0.0
vn 0.0 -1.0 0.0
vn 0.0 -1.0 0.0
vn 0.0 -1.0 0.0
vn 0.0 -1.0 0.0
vn 0.0 -1.0 0.0
vn 0.0 -1.0 0.0
vn 0.0 -1.0 0.0
vn 0.0 -1.0 0.0
vn 0.0 -1.0 0.0
vn 0.0 -1.0 0.0
vn 0.0 -1.0 0.0
vn 0.0 -1.0 0.0
vn 0.0 -1.0 0.0
vn 0.0 -1.0 0.0
vn 0.0 -1.0 0.0
vn 0.0 -1.0 0.0
vn 0.0 -1.0 0.0
vn 0.0 -1.0 0.0
vn -0.0 -1.0 -0.0
vn -0.0 -1.0 0.0
vn 0.0 -1.0 0.0
vn 0.0 -1.0 0.0
vn 0.0 -1.0 0.0
vn -0.0 -1.0 0.0
vn 0.0 -1.0 0.0
vn 0.0 -1.0 0.0
vn -0.0 -1.0 0.0
vn 0.0 -1.0 0.0
vn 0.0 -1.0 0.0
vn 0.0 -1.0 0.0
vn -0.0 -1.0 0.0
vn 0.0 -1.0 0.0
vn 0.0 -1.0 0.0
vn -0.0 -1.0 0.0
vn -0.0 -1.0 0.0
vn 0.0 -1.0 0.0
vn 0.0 -1.0 0.0
vn 0.0 -1.0 0.0
vn 0.0 -1.0 0.0
vn 0.0 -1.0 0.0
vn 0.0 -1.0 0.0
vn 0.0 -1.0 0.0
vn 0.0 -1.0 0.0
vn -0.0 -1.0 0.0
vn -0.0 -1.0 0.0
vn 0.0 -1.0 0.0
vn -0.0 -1.0 0.0
vn 0.0 -1.0 0.0
vn 0.0 -1.0 0.0
vn 0.0 -1.0 0.0
vn 0.0 -1.0 0.0
vn 0.0 -1.0 0.0
vn 0.0 -1.0 0.0
vn 0.0 -1.0 0.0
vn 0.0 -1.0 0.0
vn 0.0 -1.0 0.0
vn 0.0 -1.0 0.0
vn 0.0 -1.0 0.0
vn 0.0 -1.0 0.0
vn 0.0 -1.0 0.0
vn 0.0 -1.0 0.0
vn 0.0 -1.0 0.0
vn 0.0 -1.0 0.0
vn 0.0 -1.0 0.0
vn 0.0 -1.0 0.0
vn 0.0 -1.0 0.0
vn 0.0 -1.0 0.0
vn 0.0 -1.0 0.0
vn 0.0 -1.0 0.0
vn 0.0 -1.0 0.0
vn 0.0 -1.0 -0.0
vn 0.0 -1.0 -0.0
vn 0.0 -1.0 0.0
vn 0.0 -1.0 0.0
vn 0.0 -1.0 0.0
vn -0.0 -1.0 0.0
vn -0.0 -1.0 0.0
vn 0.0 -1.0 0.0
vn 0.0 -1.0 0.0
vn 0.0 -1.0 0.0
vn 0.0 -1.0 0.0
vn 0.0 -1.0 0.0
vn 0.0 -1.0 0.0
vn -0.0 -1.0 0.0
vn 0.0 -1.0 -0.0
vn 0.0 -1.0 0.0
vn 0.0 -1.0 0.0
vn -0.0 -1.0 0.0
vn 0.0 -1.0 0.0
vn 0.0 -1.0 0.0
vn 0.0 -1.0 0.0
vn 0.0 -1.0 0.0
vn 0.0 -1.0 0.0
vn 0.0 -1.0 0.0
vn -0.0 -1.0 0.0
vn 0.0 -1.0 0.0
vn 0.0 -1.0 -0.0
vn -0.0 -1.0 0.0
vn 0.0 -1.0 0.0
vn 0.0 -1.0 0.0
vn -0.0 -1.0 0.0
vn 0.0 -1.0 0.0
vn 0.0 -1.0 0.0
vn -0.0 -1.0 0.0
vn 0.0 -1.0 0.0
vn -0.0 -1.0 0.0
vn 0.0 -1.0 0.0
vn -0.0 -1.0 0.0
vn 0.0 -1.0 0.0
vn -0.0 -1.0 0.0
vn -0.0 -1.0 0.0
vn 0.0 -1.0 0.0
vn 0.0 -1.0 0.0
vn 0.0 -1.0 0.0
vn 0.0 -1.0 0.0
vn 0.0 -1.0 0.0
vn 0.0 -1.0 0.0
vn 0.0 -1.0 0.0
vn 0.0 -1.0 0.0
vn 0.0 -1.0 0.0
vn 0.0 -1.0 0.0
vn 0.0 -1.0 0.0
vn 0.0 -1.0 0.0
vn 0.0 -1.0 0.0
vn 0.0 -1.0 0.0
vn 0.0 -1.0 0.0
vn 0.0 -1.0 0.0
vn 0.0 -1.0 0.0
vn 0.0 -1.0 0.0
vn 0.0 -1.0 0.0
vn 0.0 -1.0 0.0
vn 0.0 -1.0 0.0
vn 0.0 -1.0 0.0
vn 0.0 -1.0 0.0
vn 0.0 -1.0 0.0
vn -0.0 -1.0 0.0
vn 0.0 -1.0 0.0
vn 0.0 -1.0 0.0
vn 0.0 -1.0 0.0
vn 0.0 -1.0 0.0
vn 0.0 -1.0 0.0
vn 0.0 -1.0 0.0
vn 0.0 -1.0 0.0
vn -0.0 -1.0 0.0
vn 0.0 -1.0 0.0
vn 0.0 -1.0 0.0
vn 0.0 -1.0 0.0
vn 0.0 -1.0 0.0
vn 0.0 -1.0 0.0
vn 0.0 -1.0 0.0
vn -0.0 -1.0 0.0
vn 0.0 -1.0 0.0
vn 0.0 -1.0 0.0
vn 0.0 -1.0 0.0
vn 0.0 -1.0 0.0
vn 0.0 -1.0 0.0
vn 0.0 -1.0 0.0
vn 0.0 -1.0 0.0
vn 0.0 -1.0 0.0
vn 0.0 -1.0 0.0
vn 0.0 -1.0 -0.0
vn -0.0 -1.0 0.0
vn 0.0 -1.0 -0.0
vn -0.0 -1.0 0.0
vn 0.0 -1.0 -0.0
vn -0.0 -1.0 0.0
vn -0.0 -1.0 0.0
vn 0.0 -1.0 0.0
vn -0.0 -1.0 0.0
vn 0.0 -1.0 0.0
vn -0.0 -1.0 0.0
vn 0.0 -1.0 0.0
vn -0.0 -1.0 0.0
vn -0.0 -1.0 0.0
vn 0.0 -1.0 0.0
vn 0.0 -1.0 0.0
vn 0.0 -1.0 0.0
vn 0.0 -1.0 0.0
vn -0.0 -1.0 0.0
vn 0.0 -1.0 0.0
vn -0.0 -1.0 0.0
vn -0.0 -1.0 0.0
vn -0.0 -1.0 0.0
vn 0.0 -1.0 0.0
vn -0.0 -1.0 0.0
vn -0.0 -1.0 0.0
vn -0.0 -1.0 0.0
vn 0.0 -1.0 0.0
vn 0.0 -1.0 0.0
vn -0.0 -1.0 0.0
vn -0.0 -1.0 0.0
vn -0.0 -1.0 0.0
vn -0.0 -1.0 0.0
vn 0.0 -1.0 0.0
vn -0.0 -1.0 0.0
vn -0.0 -1.0 0.0
vn 0.0 -1.0 0.0
vn 0.0 -1.0 0.0
vn 0.0 -1.0 0.0
vn -0.0 -1.0 0.0
vn -0.0 -1.0 0.0
vn 0.0 -1.0 0.0
vn 0.0 -1.0 0.0
vn -0.0 -1.0 0.0
vn 0.0 -1.0 0.0
vn 0.0 -1.0 0.0
vn 0.0 -1.0 0.0
vn -0.0 -1.0 0.0
vn -0.0 -1.0 0.0
vn 0.0 -1.0 0.0
vn 0.0 -1.0 0.0
vn 0.0 -1.0 0.0
vn 0.0 -1.0 0.0
vn -0.0 -1.0 0.0
vn 0.0 -1.0 0.0
vn 0.0 -1.0 0.0
vn 0.0 -1.0 0.0
vn 0.0 -1.0 -0.0
vn -0.0 -1.0 0.0
vn 0.0 -1.0 0.0
vn 0.0 -1.0 0.0
vn 0.0 -1.0 0.0
vn 0.0 -1.0 0.0
vn 0.0 -1.0 -0.0
vn 0.0 -1.0 0.0
vn 0.0 -1.0 0.0
vn 0.0 -1.0 0.0
vn 0.0 -1.0 0.0
vn 0.0 -1.0 0.0
vn 0.0 -1.0 0.0
vn 0.0 -1.0 0.0
vn 0.0 -1.0 0.0
vn 0.0 -1.0 0.0
vn 0.0 -1.0 0.0
vn 0.0 -1.0 0.0
vn -0.0 -1.0 0.0
vn 0.0 -1.0 0.0
vn -0.0 -1.0 0.0
vn 0.0 -1.0 0.0
vn 0.0 -1.0 0.0
vn -0.0 -1.0 0.0
vn 0.0 -1.0 0.0
vn -0.0 -1.0 0.0
vn 0.0 -1.0 0.0
vn -0.0 -1.0 0.0
vn -0.0 -1.0 0.0
vn 0.0 -1.0 0.0
vn 0.0 -1.0 0.0
vn -0.0 -1.0 0.0
vn -0.0 -1.0 0.0
vn 0.0 -1.0 0.0
vn -0.0 -1.0 0.0
vn 0.0 -1.0 0.0
vn 0.0 -1.0 0.0
vn 0.0 -1.0 0.0
vn 0.0 -1.0 0.0
vn -0.0 -1.0 0.0
vn 0.0 -1.0 0.0
vn -0.0 -1.0 0.0
vn 0.0 -1.0 0.0
vn 0.0 -1.0 0.0
vn 0.0 -1.0 0.0
vn 0.0 -1.0 0.0
vn 0.0 -1.0 0.0
vn 0.0 -1.0 0.0
vn 0.0 -1.0 0.0
vn 0.0 -1.0 0.0
vn -0.0 -1.0 -0.0
vn 0.0 -1.0 0.0
vn -0.0 -1.0 0.0
vn 0.0 -1.0 0.0
vn 0.0 -1.0 0.0
vn 0.0 -1.0 0.0
vn -0.0 -1.0 -0.0
vn 0.0 -1.0 0.0
vn 0.0 -1.0 0.0
vn 0.0 -1.0 0.0
vn -0.0 -1.0 0.0
vn 0.0 -1.0 0.0
vn 0.0 -1.0 0.0
vn 0.0 -1.0 0.0
vn 0.0 -1.0 0.0
vn -0.0 -1.0 0.0
vn 0.0 -1.0 0.0
vn -0.0 -1.0 0.0
vn 0.0 -1.0 0.0
vn 0.0 -1.0 0.0
vn 0.0 -1.0 0.0
vn 0.0 -1.0 0.0
vn 0.0 -1.0 0.0
vn 0.0 -1.0 0.0
vn 0.0 -1.0 0.0
vn -0.0 -1.0 0.0
vn 0.0 -1.0 0.0
vn 0.0 -1.0 0.0
vn 0.0 -1.0 0.0
vn -0.0 -1.0 0.0
vn 0.0 -1.0 0.0
vn 0.0 -1.0 0.0
vn 0.0 -1.0 0.0
vn -0.0 -1.0 0.0
vn 0.0 -1.0 0.0
vn 0.0 -1.0 0.0
vn 0.0 -1.0 0.0
vn 0.0 -1.0 0.0
vn -0.0 -1.0 0.0
vn 0.0 -1.0 0.0
vn 0.0 -1.0 0.0
vn 0.0 -1.0 0.0
vn -0.0 -1.0 0.0
vn 0.0 -1.0 0.0
vn 0.0 -1.0 0.0
vn 0.0 -1.0 0.0
vn -0.0 -1.0 0.0
vn 0.0 -1.0 0.0
vn 0.0 -1.0 0.0
vn 0.0 -1.0 0.0
vn 0.0 -1.0 0.0
vn -0.0 -1.0 0.0
vn 0.0 -1.0 0.0
vn 0.0 -1.0 0.0
vn -0.0 -1.0 0.0
vn 0.0 -1.0 0.0
vn 0.0 -1.0 0.0
vn 0.0 -1.0 0.0
vn -0.0 -1.0 0.0
vn 0.0 -1.0 0.0
vn 0.0 -1.0 0.0
vn 0.0 -1.0 0.0
vn 0.0 -1.0 0.0
vn 0.0 -1.0 0.0
vn 0.0 -1.0 0.0
vn 0.0 -1.0 0.0
vn -0.0 -1.0 0.0
vn 0.0 -1.0 0.0
vn 0.0 -1.0 0.0
vn 0.0 -1.0 0.0
vn 0.0 -1.0 0.0
vn 0.0 -1.0 0.0
vn 0.0 -1.0 0.0
vn 0.0 -1.0 0.0
vn 0.0 -1.0 0.0
vn 0.0 -1.0 0.0
vn 0.0 -1.0 0.0
vn 0.0 -1.0 0.0
vn 0.0 -1.0 0.0
vn 0.0 -1.0 0.0
vn 0.0 -1.0 0.0
vn 0.0 -1.0 0.0
vn -0.0 -1.0 0.0
vn 0.0 -1.0 0.0
vn -0.0 -1.0 0.0
vn 0.0 -1.0 0.0
vn -0.0 -1.0 0.0
vn 0.0 -1.0 0.0
vn 0.0 -1.0 0.0
vn 0.0 -1.0 0.0
vn 0.0 -1.0 0.0
vn 0.0 -1.0 0.0
vn -0.0 -1.0 0.0
vn -0.0 -1.0 0.0
vn 0.0 -1.0 0.0
vn -0.0 -1.0 0.0
vn -0.0 -1.0 0.0
vn 0.0 -1.0 0.0
vn 0.0 -1.0 0.0
vn 0.0 -1.0 0.0
vn 0.0 -1.0 0.0
vn 0.0 -1.0 0.0
vn 0.0 -1.0 0.0
vn -0.0 -1.0 0.0
vn 0.0 -1.0 0.0
vn -0.0 -1.0 0.0
vn 0.0 -1.0 0.0
vn -0.0 -1.0 0.0
vn 0.0 -1.0 0.0
vn 0.0 -1.0 0.0
vn 0.0 -1.0 0.0
vn 0.0 -1.0 0.0
vn 0.0 -1.0 0.0
vn -0.0 -1.0 0.0
vn -0.0 -1.0 0.0
vn -0.0 -1.0 0.0
vn 0.0 -1.0 0.0
vn 0.0 -1.0 0.0
vn -0.0 -1.0 0.0
vn 0.0 -1.0 0.0
vn -0.0 -1.0 0.0
vn 0.0 -1.0 0.0
vn -0.0 -1.0 0.0
vn -0.0 -1.0 -0.0
vn 0.0 -1.0 0.0
vn -0.0 -1.0 -0.0
vn 0.0 -1.0 0.0
vn -0.0 -1.0 -0.0
vn 0.0 -1.0 0.0
vn -0.0 -1.0 -0.0
vn -0.0 -1.0 -0.0
vn 0.0 -1.0 0.0
vn 0.0 -1.0 0.0
vn -0.0 -1.0 0.0
vn 0.0 -1.0 0.0
vn -0.0 -1.0 0.0
vn 0.0 -1.0 0.0
vn -0.0 -1.0 0.0
vn 0.0 -1.0 0.0
vn -0.0 -1.0 0.0
vn 0.0 -1.0 0.0
vn -0.0 -1.0 0.0
vn 0.0 -1.0 0.0
vn 0.0 -1.0 0.0
vn -0.0 -1.0 0.0
vn 0.0 -1.0 0.0
vn -0.0 -1.0 0.0
vn 0.0 -1.0 0.0
vn -0.0 -1.0 0.0
vn 0.0 -1.0 0.0
vn 0.0 -1.0 0.0
vn -0.0 -1.0 0.0
vn 0.0 -1.0 0.0
vn -0.0 -1.0 0.0
vn 0.0 -1.0 0.0
vn 0.0 -1.0 0.0
vn 0.0 -1.0 0.0
vn -0.0 -1.0 0.0
vn 0.0 -1.0 0.0
vn -0.0 -1.0 0.0
vn 0.0 -1.0 0.0
vn 0.0 -1.0 0.0
vn -0.0 -1.0 0.0
vn 0.0 -1.0 0.0
vn 0.0 -1.0 0.0
vn 0.0 -1.0 0.0
vn -0.0 -1.0 0.0
vn 0.0 -1.0 0.0
vn 0.0 -1.0 0.0
vn 0.0 -1.0 0.0
vn 0.0 -1.0 0.0
vn -0.0 -1.0 0.0
vn 0.0 -1.0 0.0
vn 0.0 -1.0 0.0
vn -0.0 -1.0 0.0
vn 0.0 -1.0 0.0
vn 0.0 -1.0 0.0
vn 0.0 -1.0 0.0
vn -0.0 -1.0 0.0
vn 0.0 -1.0 0.0
vn 0.0 -1.0 0.0
vn -0.0 -1.0 0.0
vn 0.0 -1.0 0.0
vn 0.0 -1.0 0.0
vn 0.0 -1.0 0.0
vn 0.0 -1.0 0.0
vn -0.0 -1.0 0.0
vn 0.0 -1.0 0.0
vn 0.0 -1.0 0.0
vn -0.0 -1.0 0.0
vn 0.0 -1.0 0.0
vn 0.0 -1.0 0.0
vn -0.0 -1.0 0.0
vn 0.0 -1.0 0.0
vn 0.0 -1.0 0.0
vn 0.0 -1.0 0.0
vn 0.0 -1.0 0.0
vn 0.0 -1.0 0.0
vn 0.0 -1.0 0.0
vn 0.0 -1.0 0.0
vn 0.0 -1.0 0.0
vn -0.0 -1.0 0.0
vn 0.0 -1.0 0.0
vn 0.0 -1.0 0.0
vn -0.0 -1.0 0.0
vn 0.0 -1.0 0.0
vn -0.0 -1.0 0.0
vn 0.0 -1.0 0.0
vn 0.0 -1.0 0.0
vn 0.0 -1.0 0.0
vn -0.0 -1.0 0.0
vn 0.0 -1.0 0.0
vn 0.0 -1.0 0.0
vn 0.0 -1.0 0.0
vn -0.0 -1.0 0.0
vn 0.0 -1.0 0.0
vn 0.0 -1.0 0.0
vn 0.0 -1.0 0.0
vn -0.0 -1.0 0.0
vn 0.0 -1.0 0.0
vn 0.0 -1.0 0.0
vn 0.0 -1.0 0.0
vn 0.0 -1.0 0.0
vn 0.0 -1.0 0.0
vn 0.0 -1.0 0.0
vn 0.0 -1.0 0.0
vn 0.0 -1.0 0.0
vn 0.0 -1.0 0.0
vn 0.0 -1.0 0.0
vn -0.0 -1.0 0.0
vn 0.0 -1.0 0.0
vn 0.0 -1.0 0.0
vn 0.0 -1.0 0.0
vn 0.0 -1.0 0.0
vn -0.0 -1.0 0.0
vn 0.0 -1.0 0.0
vn 0.0 -1.0 0.0
vn -0.0 -1.0 0.0
vn 0.0 -1.0 0.0
vn 0.0 -1.0 0.0
vn 0.0 -1.0 0.0
vn 0.0 -1.0 0.0
vn -0.0 -1.0 0.0
vn 0.0 -1.0 0.0
vn 0.0 -1.0 0.0
vn 0.0 -1.0 0.0
vn 0.0 -1.0 0.0
vn -0.0 -1.0 0.0
vn 0.0 -1.0 0.0
vn 0.0 -1.0 0.0
vn -0.0 -1.0 0.0
vn -0.0 -1.0 0.0
vn 0.0 -1.0 0.0
vn -0.0 -1.0 0.0
vn 0.0 -1.0 0.0
vn -0.0 -1.0 0.0
vn 0.0 -1.0 0.0
vn -0.0 -1.0 0.0
vn 0.0 -1.0 0.0
vn 0.0 -1.0 0.0
vn -0.0 -1.0 0.0
vn 0.0 -1.0 0.0
vn -0.0 -1.0 0.0
vn -0.0 -1.0 0.0
vn 0.0 -1.0 0.0
vn 0.0 -1.0 0.0
vn 0.0 -1.0 0.0
vn 0.0 -1.0 0.0
vn 0.0 -1.0 0.0
vn 0.0 -1.0 0.0
vn 0.0 -1.0 0.0
vn 0.0 -1.0 0.0
vn 0.0 -1.0 0.0
vn 0.0 -1.0 0.0
vn -0.0 -1.0 0.0
vn 0.0 -1.0 -0.0
vn -0.0 -1.0 0.0
vn 0.0 -1.0 0.0
vn 0.0 -1.0 0.0
vn -0.0 -1.0 0.0
vn -0.0 -1.0 0.0
vn -0.0 -1.0 0.0
vn -0.0 -1.0 0.0
vn 0.0 -1.0 0.0
vn 0.0 -1.0 0.0
vn 0.0 -1.0 0.0
vn 0.0 -1.0 0.0
vn 0.0 -1.0 0.0
vn 0.0 -1.0 0.0
vn 0.0 -1.0 0.0
vn 0.0 -1.0 0.0
vn 0.0 -1.0 0.0
vn -0.0 -1.0 -0.0
vn 0.0 -1.0 0.0
vn 0.0 -1.0 0.0
vn 0.0 -1.0 0.0
vn 0.0 -1.0 0.0
vn 0.0 -1.0 0.0
vn 0.0 -1.0 0.0
vn 0.0 -1.0 0.0
vn 0.0 -1.0 0.0
vn 0.0 -1.0 0.0
vn 0.0 -1.0 0.0
vn 0.0 -1.0 0.0
vn 0.0 -1.0 0.0
vn 0.0 -1.0 0.0
vn 0.0 -1.0 0.0
vn 0.0 -1.0 0.0
vn 0.0 -1.0 0.0
vn 0.0 -1.0 0.0
vn 0.0 -1.0 0.0
vn 0.0 -1.0 0.0
vn 0.0 -1.0 0.0
vn 0.0 -1.0 0.0
vn 0.0 -1.0 0.0
vn 0.0 -1.0 0.0
vn 0.0 -1.0 0.0
vn -0.0 -1.0 0.0
vn 0.0 -1.0 0.0
vn 0.0 -1.0 0.0
vn 0.0 -1.0 0.0
vn 0.0 -1.0 0.0
vn 0.0 -1.0 0.0
vn 0.0 -1.0 0.0
vn -0.0 -1.0 0.0
vn 0.0 -1.0 0.0
vn 0.0 -1.0 0.0
vn 0.0 -1.0 0.0
vn 0.0 -1.0 0.0
vn 0.0 -1.0 0.0
vn 0.0 -1.0 0.0
vn 0.0 -1.0 0.0
vn 0.0 -1.0 0.0
vn 0.0 -1.0 0.0
vn 0.0 -1.0 0.0
vn 0.0 -1.0 0.0
vn 0.0 -1.0 0.0
vn 0.0 -1.0 0.0
vn -0.0 -1.0 0.0
vn -0.0 -1.0 0.0
vn 0.0 -1.0 -0.0
vn -0.0 -1.0 0.0
vn -0.0 -1.0 -0.0
vn -0.0 -1.0 0.0
vn 0.0 -1.0 0.0
vn -0.0 -1.0 -0.0
vn -0.0 -1.0 0.0
vn -0.0 -1.0 0.0
vn -0.0 -1.0 0.0
vn -0.0 -1.0 0.0
vn 0.0 -1.0 0.0
vn 0.0 -1.0 0.0
vn -0.0 -1.0 0.0
vn -0.0 -1.0 0.0
vn 0.0 -1.0 0.0
vn -0.0 -1.0 0.0
vn -0.0 -1.0 0.0
vn 0.0 -1.0 0.0
vn -0.0 -1.0 0.0
vn -0.0 -1.0 0.0
vn 0.0 -1.0 0.0
vn -0.0 -1.0 0.0
vn -0.0 -1.0 0.0
vn -0.0 -1.0 0.0
vn -0.0 -1.0 0.0
vn -0.0 -1.0 0.0
vn 0.0 -1.0 0.0
vn 0.0 -1.0 0.0
vn 0.0 -1.0 0.0
vn -0.0 -1.0 0.0
vn 0.0 -1.0 0.0
vn -0.0 -1.0 0.0
vn 0.0 -1.0 0.0
vn -0.0 -1.0 0.0
vn -0.0 -1.0 0.0
vn 0.0 -1.0 0.0
vn -0.0 -1.0 0.0
vn 0.0 -1.0 0.0
vn -0.0 -1.0 0.0
vn 0.0 -1.0 -0.0
vn 0.0 -1.0 0.0
vn 0.0 -1.0 0.0
vn 0.0 -1.0 -0.0
vn -0.0 -1.0 0.0
vn 0.0 -1.0 0.0
vn 0.0 -1.0 0.0
vn -0.0 -1.0 0.0
vn 0.0 -1.0 0.0
vn 0.0 -1.0 0.0
vn -0.0 -1.0 0.0
vn 0.0 -1.0 0.0
vn -0.0 -1.0 0.0
vn -0.0 -1.0 0.0
vn -0.0 -1.0 0.0
vn 0.0 -1.0 0.0
vn 0.0 -1.0 0.0
vn -0.0 -1.0 0.0
vn 0.0 -1.0 0.0
vn 0.0 -1.0 0.0
vn 0.0 -1.0 0.0
vn 0.0 -1.0 0.0
vn 0.0 -1.0 0.0
vn 0.0 -1.0 0.0
vn 0.0 -1.0 0.0
vn 0.0 -1.0 0.0
vn 0.0 -1.0 0.0
vn 0.0 -1.0 0.0
vn -0.0 -1.0 0.0
vn 0.0 -1.0 0.0
vn 0.0 -1.0 0.0
vn 0.0 -1.0 0.0
vn 0.0 -1.0 0.0
vn -0.0 -1.0 0.0
vn 0.0 -1.0 0.0
vn -0.0 -1.0 0.0
vn 0.0 -1.0 0.0
vn -0.0 -1.0 0.0
vn 0.0 -1.0 0.0
vn 0.0 -1.0 0.0
vn 0.0 -1.0 0.0
vn 0.0 -1.0 0.0
vn -0.0 -1.0 0.0
vn 0.0 -1.0 0.0
vn 0.0 -1.0 0.0
vn 0.0 -1.0 0.0
vn 0.0 -1.0 0.0
vn 0.0 -1.0 0.0
vn 0.0 -1.0 0.0
vn 0.0 -1.0 0.0
vn 0.0 -1.0 -0.0
vn -0.0 -1.0 0.0
vn 0.0 -1.0 0.0
vn 0.0 -1.0 0.0
vn 0.0 -1.0 0.0
vn 0.0 -1.0 0.0
vn -0.0 -1.0 -0.0
vn -0.0 -1.0 0.0
vn 0.0 -1.0 0.0
vn -0.0 -1.0 0.0
vn 0.0 -1.0 0.0
vn 0.0 -1.0 0.0
vn 0.0 -1.0 0.0
vn -0.0 -1.0 0.0
vn 0.0 -1.0 0.0
vn -0.0 -1.0 0.0
vn 0.0 -1.0 0.0
vn -0.0 -1.0 0.0
vn 0.0 -1.0 0.0
vn -0.0 -1.0 0.0
vn 0.0 -1.0 0.0
vn -0.0 -1.0 0.0
vn -0.0 -1.0 0.0
vn 0.0 -1.0 0.0
vn -0.0 -1.0 0.0
vn 0.0 -1.0 0.0
vn -0.0 -1.0 0.0
vn 0.0 -1.0 0.0
vn -0.0 -1.0 0.0
vn 0.0 -1.0 0.0
vn -0.0 -1.0 0.0
vn 0.0 -1.0 0.0
vn -0.0 -1.0 0.0
vn 0.0 -1.0 0.0
vn 0.0 -1.0 0.0
vn 0.0 -1.0 0.0
vn 0.0 -1.0 0.0
vn 0.0 -1.0 0.0
vn 0.0 -1.0 0.0
vn 0.0 -1.0 0.0
vn 0.0 -1.0 0.0
vn 0.0 -1.0 0.0
vn 0.0 -1.0 0.0
vn -0.0 -1.0 0.0
vn 0.0 -1.0 0.0
vn 0.0 -1.0 0.0
vn 0.0 -1.0 0.0
vn 0.0 -1.0 0.0
vn 0.0 -1.0 0.0
vn 0.0 -1.0 0.0
vn 0.0 -1.0 0.0
vn 0.0 -1.0 0.0
vn 0.0 -1.0 0.0
vn 0.0 -1.0 0.0
vn 0.0 -1.0 0.0
vn 0.0 -1.0 0.0
vn 0.0 -1.0 0.0
vn 0.0 -1.0 0.0
vn 0.0 -1.0 0.0
vn 0.0 -1.0 0.0
vn 0.0 -1.0 0.0
vn 0.0 -1.0 0.0
vn 0.0 -1.0 0.0
vn 0.0 -1.0 0.0
vn 0.0 -1.0 0.0
vn 0.0 -1.0 0.0
vn 0.0 -1.0 0.0
vn 0.0 -1.0 0.0
vn 0.0 -1.0 0.0
vn -0.0 -1.0 -0.0
vn 0.0 -1.0 0.0
vn -0.0 -1.0 -0.0
vn 0.0 -1.0 0.0
vn -0.0 -1.0 -0.0
vn -0.0 -1.0 0.0
vn 0.0 -1.0 0.0
vn -0.0 -1.0 -0.0
vn -0.0 -1.0 0.0
vn 0.0 -1.0 0.0
vn -0.0 -1.0 -0.0
vn -0.0 -1.0 0.0
vn 0.0 -1.0 0.0
vn -0.0 -1.0 0.0
vn -0.0 -1.0 0.0
vn -0.0 -1.0 0.0
vn -0.0 -1.0 0.0
vn -0.0 -1.0 0.0
vn 0.0 -1.0 0.0
vn -0.0 -1.0 0.0
vn 0.0 -1.0 0.0
vn -0.0 -1.0 0.0
vn -0.0 -1.0 0.0
vn 0.0 -1.0 0.0
vn -0.0 -1.0 0.0
vn -0.0 -1.0 0.0
vn -0.0 -1.0 0.0
vn -0.0 -1.0 0.0
vn -0.0 -1.0 0.0
vn 0.0 -1.0 0.0
vn 0.0 -1.0 0.0
vn -0.0 -1.0 0.0
vn 0.0 -1.0 0.0
vn 0.0 -1.0 0.0
vn -0.0 -1.0 0.0
vn 0.0 -1.0 0.0
vn 0.0 -1.0 0.0
vn -0.0 -1.0 0.0
vn -0.0 -1.0 0.0
vn 0.0 -1.0 0.0
vn -0.0 -1.0 0.0
vn -0.0 -1.0 0.0
vn 0.0 -1.0 0.0
vn -0.0 -1.0 0.0
vn -0.0 -1.0 0.0
vn 0.0 -1.0 0.0
vn 0.0 -1.0 0.0
vn -0.0 -1.0 0.0
vn -0.0 -1.0 0.0
vn 0.0 -1.0 0.0
vn -0.0 -1.0 0.0
vn -0.0 -1.0 0.0
vn 0.0 -1.0 0.0
vn -0.0 -1.0 0.0
vn -0.0 -1.0 0.0
vn 0.0 -1.0 -0.0
vn 0.0 -1.0 0.0
vn 0.0 -1.0 0.0
vn -0.0 -1.0 0.0
vn 0.0 -1.0 0.0
vn 0.0 -1.0 -0.0
vn -0.0 -1.0 0.0
vn 0.0 -1.0 0.0
vn 0.0 -1.0 -0.0
vn 0.0 -1.0 0.0
vn 0.0 -1.0 -0.0
vn -0.0 -1.0 0.0
vn 0.0 -1.0 -0.0
vn -0.0 -1.0 0.0
vn 0.0 -1.0 0.0
vn -0.0 -1.0 0.0
vn -0.0 -1.0 0.0
vn 0.0 -1.0 0.0
vn -0.0 -1.0 0.0
vn 0.0 -1.0 0.0
vn -0.0 -1.0 0.0
vn -0.0 -1.0 0.0
vn 0.0 -1.0 0.0
vn 0.0 -1.0 0.0
vn -0.0 -1.0 0.0
vn -0.0 -1.0 0.0
vn 0.0 -1.0 0.0
vn -0.0 -1.0 0.0
vn 0.0 -1.0 0.0
vn -0.0 -1.0 0.0
vn -0.0 -1.0 0.0
vn 0.0 -1.0 0.0
vn -0.0 -1.0 0.0
vn 0.0 -1.0 0.0
vn -0.0 -1.0 0.0
vn -0.0 -1.0 0.0
vn 0.0 -1.0 0.0
vn 0.0 -1.0 0.0
vn 0.0 -1.0 0.0
vn 0.0 -1.0 0.0
vn 0.0 -1.0 0.0
vn 0.0 -1.0 0.0
vn 0.0 -1.0 0.0
vn 0.0 -1.0 0.0
vn 0.0 -1.0 0.0
vn 0.0 -1.0 0.0
vn 0.0 -1.0 0.0
vn 0.0 -1.0 0.0
vn 0.0 -1.0 0.0
vn 0.0 -1.0 0.0
vn 0.0 -1.0 0.0
vn 0.0 -1.0 0.0
vn 0.0 -1.0 0.0
vn 0.0 -1.0 0.0
vn 0.0 -1.0 0.0
vn -0.0 -1.0 0.0
vn -0.0 -1.0 0.0
vn 0.0 -1.0 0.0
vn -0.0 -1.0 0.0
vn 0.0 -1.0 0.0
vn -0.0 -1.0 0.0
vn -0.0 -1.0 0.0
vn 0.0 -1.0 0.0
vn -0.0 -1.0 0.0
vn 0.0 -1.0 0.0
vn -0.0 -1.0 0.0
vn -0.0 -1.0 0.0
vn 0.0 -1.0 0.0
vn 0.0 -1.0 0.0
vn -0.0 -1.0 0.0
vn -0.0 -1.0 0.0
vn 0.0 -1.0 0.0
vn 0.0 -1.0 0.0
vn -0.0 -1.0 0.0
vn -0.0 -1.0 0.0
vn 0.0 -1.0 0.0
vn -0.0 -1.0 0.0
vn 0.0 -1.0 0.0
vn -0.0 -1.0 0.0
vn -0.0 -1.0 0.0
vn 0.0 -1.0 0.0
vn -0.0 -1.0 0.0
vn -0.0 -1.0 0.0
vn 0.0 -1.0 0.0
vn -0.0 -1.0 0.0
vn 0.0 -1.0 0.0
vn -0.0 -1.0 0.0
vn -0.0 -1.0 0.0
vn 0.0 -1.0 0.0
vn 0.0 -1.0 0.0
vn -0.0 -1.0 0.0
vn 0.0 -1.0 0.0
vn -0.0 -1.0 0.0
vn -0.0 -1.0 0.0
vn 0.0 -1.0 -0.0
vn 0.0 -1.0 0.0
vn 0.0 -1.0 0.0
vn -0.0 -1.0 0.0
vn 0.0 -1.0 -0.0
vn 0.0 -1.0 0.0
vn -0.0 -1.0 0.0
vn 0.0 -1.0 0.0
vn 0.0 -1.0 -0.0
vn -0.0 -1.0 0.0
vn 0.0 -1.0 -0.0
vn 0.0 -1.0 0.0
vn 0.0 -1.0 0.0
vn 0.0 -1.0 -0.0
vn -0.0 -1.0 0.0
vn 0.0 -1.0 0.0
vn 0.0 -1.0 0.0
vn 0.0 -1.0 0.0
vn 0.0 -1.0 0.0
vn 0.0 -1.0 0.0
vn 0.0 -1.0 0.0
vn 0.0 -1.0 0.0
vn 0.0 -1.0 0.0
vn 0.0 -1.0 0.0
vn 0.0 -1.0 0.0
vn 0.0 -1.0 0.0
vn 0.0 -1.0 0.0
vn 0.0 -1.0 0.0
vn 0.0 -1.0 0.0
vn 0.0 -1.0 0.0
vn 0.0 -1.0 0.0
vn 0.0 -1.0 0.0
vn 0.0 -1.0 0.0
vn 0.0 -1.0 0.0
vn 0.0 -1.0 0.0
vn 0.0 -1.0 0.0
vn 0.0 -1.0 0.0
vn 0.0 -1.0 0.0
vn 0.0 -1.0 0.0
vn 0.0 -1.0 0.0
vn 0.0 -1.0 0.0
vn 0.0 -1.0 0.0
vn 0.0 -1.0 0.0
vn 0.0 -1.0 0.0
vn 0.0 -1.0 0.0
vn 0.0 -1.0 0.0
vn 0.0 -1.0 0.0
vn 0.0 -1.0 0.0
vn 0.0 -1.0 0.0
vn 0.0 -1.0 0.0
vn 0.0 -1.0 0.0
vn 0.0 -1.0 0.0
vn 0.0 -1.0 0.0
vn 0.0 -1.0 0.0
vn 0.0 -1.0 0.0
vn 0.0 -1.0 0.0
vn 0.0 -1.0 0.0
vn 0.0 -1.0 0.0
vn 0.0 -1.0 0.0
vn 0.0 -1.0 0.0
vn 0.0 -1.0 0.0
vn -0.0 -1.0 0.0
vn 0.0 -1.0 0.0
vn 0.0 -1.0 0.0
vn 0.0 -1.0 0.0
vn -0.0 -1.0 0.0
vn 0.0 -1.0 0.0
vn 0.0 -1.0 0.0
vn 0.0 -1.0 0.0
vn 0.0 -1.0 0.0
vn -0.0 -1.0 0.0
vn 0.0 -1.0 0.0
vn 0.0 -1.0 0.0
vn -0.0 -1.0 0.0
vn 0.0 -1.0 0.0
vn 0.0 -1.0 0.0
vn 0.0 -1.0 0.0
vn 0.0 -1.0 0.0
vn 0.0 -1.0 0.0
vn 0.0 -1.0 0.0
vn 0.0 -1.0 0.0
vn -0.0 -1.0 0.0
vn 0.0 -1.0 0.0
vn -0.0 -1.0 0.0
vn 0.0 -1.0 -0.0
vn 0.0 -1.0 0.0
vn 0.0 -1.0 0.0
vn 0.0 -1.0 0.0
vn 0.0 -1.0 0.0
vn 0.0 -1.0 0.0
vn 0.0 -1.0 0.0
vn 0.0 -1.0 0.0
vn 0.0 -1.0 0.0
vn 0.0 -1.0 0.0
vn 0.0 -1.0 0.0
vn 0.0 -1.0 0.0
vn 0.0 -1.0 0.0
vn 0.0 -1.0 0.0
vn 0.0 -1.0 0.0
vn 0.0 -1.0 0.0
vn 0.0 -1.0 0.0
vn 0.0 -1.0 0.0
vn 0.0 -1.0 0.0
vn 0.0 -1.0 0.0
vn 0.0 -1.0 0.0
vn 0.0 -1.0 -0.0
vn 0.0 -1.0 0.0
vn 0.0 -1.0 0.0
vn 0.0 -1.0 0.0
vn 0.0 -1.0 0.0
vn 0.0 -1.0 0.0
vn 0.0 -1.0 0.0
vn 0.0 -1.0 0.0
vn 0.0 -1.0 0.0
vn 0.0 -1.0 0.0
vn 0.0 -1.0 0.0
vn 0.0 -1.0 -0.0
vn 0.0 -1.0 0.0
vn 0.0 -1.0 0.0
vn 0.0 -1.0 0.0
vn 0.0 -1.0 0.0
vn 0.0 -1.0 0.0
vn 0.0 -1.0 0.0
vn 0.0 -1.0 0.0
vn -0.0 -1.0 0.0
vn -0.0 -1.0 0.0
vn 0.0 -1.0 0.0
vn -0.0 -1.0 0.0
vn 0.0 -1.0 0.0
vn 0.0 -1.0 0.0
vn 0.0 -1.0 0.0
vn -0.0 -1.0 -0.0
vn -0.0 -1.0 -0.0
vn -0.0 -1.0 -0.0
vn -0.0 -1.0 0.0
vn -0.0 -1.0 0.0
vn -0.0 -1.0 0.0
vn 0.0 -1.0 0.0
vn 0.0 -1.0 0.0
vn 0.0 -1.0 0.0
vn 0.0 -1.0 0.0
vn 0.0 -1.0 -0.0
vn 0.0 -1.0 0.0
vn 0.0 -1.0 0.0
vn 0.0 -1.0 0.0
vn -0.0 -1.0 0.0
vn 0.0 -1.0 0.0
vn 0.0 -1.0 0.0
vn -0.0 -1.0 0.0
vn 0.0 -1.0 0.0
vn -0.0 -1.0 0.0
vn -0.0 -1.0 0.0
vn -0.0 -1.0 0.0
vn 0.0 -1.0 0.0
vn -0.0 -1.0 0.0
vn -0.0 -1.0 -0.0
vn -0.0 -1.0 -0.0
vn 0.0 -1.0 0.0
vn -0.0 -1.0 0.0
vn 0.0 -1.0 0.0
vn 0.0 -1.0 0.0
vn 0.0 -1.0 0.0
vn -0.0 -1.0 0.0
vn 0.0 -1.0 0.0
vn -0.0 -1.0 0.0
vn 0.0 -1.0 -0.0
vn 0.0 -1.0 0.0
vn 0.0 -1.0 0.0
vn 0.0 -1.0 0.0
vn 0.0 -1.0 0.0
vn 0.0 -1.0 0.0
vn 0.0 -1.0 0.0
vn 0.0 -1.0 -0.0
vn 0.0 -1.0 0.0
vn 0.0 -1.0 0.0
vn 0.0 -1.0 0.0
vn 0.0 -1.0 0.0
vn 0.0 -1.0 0.0
vn 0.0 -1.0 -0.0
vn 0.0 -1.0 0.0
vn 0.0 -1.0 0.0
vn 0.0 -1.0 0.0
vn 0.0 -1.0 0.0
vn 0.0 -1.0 0.0
vn 0.0 -1.0 0.0
vn 0.0 -1.0 0.0
vn -0.0 -1.0 0.0
vn 0.0 -1.0 0.0
vn -0.0 -1.0 0.0
vn 0.0 -1.0 0.0
vn -0.0 -1.0 0.0
vn -0.0 -1.0 0.0
vn -0.0 -1.0 0.0
vn -0.0 -1.0 0.0
vn 0.0 -1.0 0.0
vn 0.0 -1.0 0.0
vn -0.0 -1.0 0.0
vn 0.0 -1.0 0.0
vn 0.0 -1.0 0.0
vn 0.0 -1.0 0.0
vn 0.0 -1.0 0.0
vn 0.0 -1.0 0.0
vn -0.0 -1.0 0.0
vn -0.0 -1.0 0.0
vn 0.0 -1.0 0.0
vn 0.0 -1.0 0.0
vn -0.0 -1.0 0.0
vn 0.0 -1.0 0.0
vn -0.0 -1.0 0.0
vn 0.0 -1.0 0.0
vn -0.0 -1.0 0.0
vn 0.0 -1.0 0.0
vn 0.0 -1.0 -0.0
vn 0.0 -1.0 0.0
vn 0.0 -1.0 0.0
vn 0.0 -1.0 0.0
vn 0.0 -1.0 0.0
vn 0.0 -1.0 0.0
vn 0.0 -1.0 0.0
vn 0.0 -1.0 0.0
vn 0.0 -1.0 0.0
vn 0.0 -1.0 0.0
vn 0.0 -1.0 0.0
vn 0.0 -1.0 0.0
vn 0.0 -1.0 0.0
vn -0.0 -1.0 -0.0
vn -0.0 -1.0 -0.0
vn -0.0 -1.0 -0.0
vn -0.0 -1.0 -0.0
vn -0.0 -1.0 0.0
vn 0.0 -1.0 0.0
vn 0.0 -1.0 0.0
vn 0.0 -1.0 0.0
vn 0.0 -1.0 0.0
vn 0.0 -1.0 0.0
vn 0.0 -1.0 0.0
vn 0.0 -1.0 -0.0
vn 0.0 -1.0 0.0
vn -0.0 -1.0 0.0
vn -0.0 -1.0 0.0
vn -0.0 -1.0 0.0
vn 0.0 -1.0 0.0
vn -0.0 -1.0 0.0
vn -0.0 -1.0 0.0
vn -0.0 -1.0 -0.0
vn 0.0 -1.0 0.0
vn -0.0 -1.0 -0.0
vn 0.0 -1.0 0.0
vn -0.0 -1.0 0.0
vn -0.0 -1.0 0.0
vn -0.0 -1.0 0.0
vn 0.0 -1.0 0.0
vn 0.0 -1.0 0.0
vn 0.0 -1.0 0.0
vn 0.0 -1.0 -0.0
vn -0.0 -1.0 0.0
vn -0.0 -1.0 -0.0
vn 0.0 -1.0 0.0
vn 0.0 -1.0 0.0
vn -0.0 -1.0 0.0
vn 0.0 -1.0 0.0
vn 0.0 -1.0 0.0
vn 0.0 -1.0 0.0
vn 0.0 -1.0 0.0
vn 0.0 -1.0 0.0
vn 0.0 -1.0 0.0
vn 0.0 -1.0 0.0
vn 0.0 -1.0 0.0
vn 0.0 -1.0 0.0
vn 0.0 -1.0 -0.0
vn 0.0 -1.0 0.0
vn 0.0 -1.0 0.0
vn 0.0 -1.0 0.0
vn 0.0 -1.0 0.0
vn 0.0 -1.0 0.0
vn 0.0 -1.0 0.0
vn 0.0 -1.0 0.0
vn 0.0 -1.0 0.0
vn 0.0 -1.0 0.0
vn 0.0 -1.0 0.0
vn 0.0 -1.0 0.0
vn 0.0 -1.0 0.0
vn 0.0 -1.0 0.0
vn 0.0 -1.0 0.0
vn -0.0 -1.0 0.0
vn -0.0 -1.0 0.0
vn 0.0 -1.0 0.0
vn 0.0 -1.0 0.0
vn -0.0 -1.0 0.0
vn 0.0 -1.0 0.0
vn 0.0 -1.0 0.0
vn 0.0 -1.0 0.0
vn 0.0 -1.0 0.0
vn 0.0 -1.0 0.0
vn 0.0 -1.0 0.0
vn 0.0 -1.0 0.0
vn 0.0 -1.0 0.0
vn -0.0 -1.0 0.0
vn 0.0 -1.0 0.0
vn -0.0 -1.0 -0.0
vn 0.0 -1.0 0.0
vn -0.0 -1.0 0.0
vn -0.0 -1.0 0.0
vn 0.0 -1.0 0.0
vn 0.0 -1.0 0.0
vn -0.0 -1.0 0.0
vn 0.0 -1.0 0.0
vn -0.0 -1.0 0.0
vn 0.0 -1.0 -0.0
vn -0.0 -1.0 -0.0
vn 0.0 -1.0 0.0
vn 0.0 -1.0 0.0
vn 0.0 -1.0 0.0
vn 0.0 -1.0 0.0
vn 0.0 -1.0 0.0
vn 0.0 -1.0 0.0
vn 0.0 -1.0 0.0
vn 0.0 -1.0 0.0
vn 0.0 -1.0 0.0
vn 0.0 -1.0 0.0
vn 0.0 -1.0 0.0
vn 0.0 -1.0 0.0
vn 0.0 -1.0 0.0
vn 0.0 -1.0 -0.0
vn 0.0 -1.0 0.0
vn 0.0 -1.0 0.0
vn 0.0 -1.0 0.0
vn 0.0 -1.0 0.0
vn 0.0 -1.0 0.0
vn 0.0 -1.0 0.0
vn 0.0 -1.0 0.0
vn 0.0 -1.0 0.0
vn 0.0 -1.0 0.0
vn 0.0 -1.0 0.0
vn 0.0 -1.0 0.0
vn 0.0 -1.0 0.0
vn 0.0 -1.0 0.0
vn 0.0 -1.0 0.0
vn -0.0 -1.0 0.0
vn -0.0 -1.0 0.0
vn 0.0 -1.0 0.0
vn 0.0 -1.0 0.0
vn -0.0 -1.0 0.0
vn 0.0 -1.0 0.0
vn 0.0 -1.0 0.0
vn 0.0 -1.0 0.0
vn 0.0 -1.0 0.0
vn 0.0 -1.0 0.0
vn 0.0 -1.0 0.0
vn 0.0 -1.0 0.0
vn 0.0 -1.0 0.0
vn -0.0 -1.0 0.0
vn 0.0 -1.0 0.0
vn -0.0 -1.0 -0.0
vn 0.0 -1.0 0.0
vn -0.0 -1.0 0.0
vn -0.0 -1.0 0.0
vn 0.0 -1.0 0.0
vn 0.0 -1.0 0.0
vn -0.0 -1.0 0.0
vn 0.0 -1.0 0.0
vn -0.0 -1.0 0.0
vn 0.0 -1.0 -0.0
vn -0.0 -1.0 -0.0
vn 0.0 -1.0 0.0
vn 0.0 -1.0 0.0
vn 0.0 -1.0 0.0
vn 0.0 -1.0 0.0
vn 0.0 -1.0 0.0
vn 0.0 -1.0 0.0
vn 0.0 -1.0 0.0
vn 0.0 -1.0 0.0
vn 0.0 -1.0 0.0
vn 0.0 -1.0 0.0
vn 0.0 -1.0 0.0
vn 0.0 -1.0 0.0
vn 0.0 -1.0 0.0
vn 0.0 -1.0 -0.0
vn 0.0 -1.0 0.0
vn 0.0 -1.0 0.0
vn 0.0 -1.0 0.0
vn 0.0 -1.0 0.0
vn 0.0 -1.0 0.0
vn 0.0 -1.0 0.0
vn 0.0 -1.0 0.0
vn 0.0 -1.0 0.0
vn 0.0 -1.0 0.0
vn 0.0 -1.0 0.0
vn 0.0 -1.0 0.0
vn 0.0 -1.0 0.0
vn 0.0 -1.0 0.0
vn 0.0 -1.0 0.0
vn -0.0 -1.0 0.0
vn -0.0 -1.0 0.0
vn 0.0 -1.0 0.0
vn 0.0 -1.0 0.0
vn -0.0 -1.0 0.0
vn 0.0 -1.0 0.0
vn 0.0 -1.0 0.0
vn 0.0 -1.0 0.0
vn 0.0 -1.0 0.0
vn 0.0 -1.0 0.0
vn 0.0 -1.0 0.0
vn 0.0 -1.0 0.0
vn 0.0 -1.0 0.0
vn -0.0 -1.0 0.0
vn 0.0 -1.0 0.0
vn -0.0 -1.0 -0.0
vn 0.0 -1.0 0.0
vn -0.0 -1.0 0.0
vn -0.0 -1.0 0.0
vn 0.0 -1.0 0.0
vn 0.0 -1.0 0.0
vn -0.0 -1.0 0.0
vn 0.0 -1.0 0.0
vn -0.0 -1.0 0.0
vn 0.0 -1.0 -0.0
vn -0.0 -1.0 -0.0
vn 0.0 -1.0 0.0
vn 0.0 -1.0 0.0
vn 0.0 -1.0 0.0
vn 0.0 -1.0 0.0
vn 0.0 -1.0 0.0
vn 0.0 -1.0 0.0
vn -0.0 -1.0 0.0
vn 0.0 -1.0 0.0
vn 0.0 -1.0 0.0
vn 0.0 -1.0 0.0
vn 0.0 -1.0 0.0
vn 0.0 -1.0 0.0
vn 0.0 -1.0 0.0
vn 0.0 -1.0 0.0
vn 0.0 -1.0 0.0
vn 0.0 -1.0 -0.0
vn 0.0 -1.0 0.0
vn 0.0 -1.0 0.0
vn -0.0 -1.0 0.0
vn 0.0 -1.0 0.0
vn -0.0 -1.0 0.0
vn -0.0 -1.0 0.0
vn -0.0 -1.0 -0.0
vn 0.0 -1.0 -0.0
vn 0.0 -1.0 0.0
vn -0.0 -1.0 0.0
vn 0.0 -1.0 0.0
vn 0.0 -1.0 0.0
vn 0.0 -1.0 0.0
vn -0.0 -1.0 0.0
vn 0.0 -1.0 0.0
vn -0.0 -1.0 0.0
vn 0.0 -1.0 -0.0
vn -0.0 -1.0 -0.0
vn 0.0 -1.0 0.0
vn 0.0 -1.0 0.0
vn 0.0 -1.0 0.0
vn 0.0 -1.0 0.0
vn 0.0 -1.0 0.0
vn 0.0 -1.0 0.0
vn 0.0 -1.0 0.0
vn -0.0 -1.0 0.0
vn -0.0 -1.0 0.0
vn 0.0 -1.0 0.0
vn -0.0 -1.0 0.0
vn 0.0 -1.0 0.0
vn -0.0 -1.0 0.0
vn -0.0 -1.0 -0.0
vn 0.0 -1.0 0.0
vn -0.0 -1.0 -0.0
vn -0.0 -1.0 0.0
vn 0.0 -1.0 0.0
vn 0.0 -1.0 0.0
vn -0.0 -1.0 0.0
vn 0.0 -1.0 0.0
vn 0.0 -1.0 -0.0
vn -0.0 -1.0 0.0
vn 0.0 -1.0 0.0
vn -0.0 -1.0 0.0
vn 0.0 -1.0 0.0
vn 0.0 -1.0 0.0
vn 0.0 -1.0 -0.0
vn -0.0 -1.0 0.0
vn 0.0 -1.0 0.0
vn 0.0 -1.0 0.0
vn -0.0 -1.0 0.0
vn -0.0 -1.0 0.0
vn -0.0 -1.0 0.0
vn 0.0 -1.0 0.0
vn 0.0 -1.0 0.0
vn -0.0 -1.0 0.0
vn 0.0 -1.0 0.0
vn 0.0 -1.0 0.0
vn 0.0 -1.0 0.0
vn -0.0 -1.0 0.0
vn 0.0 -1.0 0.0
vn -0.0 -1.0 0.0
vn 0.0 -1.0 0.0
vn -0.0 -1.0 0.0
vn 0.0 -1.0 0.0
vn -0.0 -1.0 0.0
vn 0.0 -1.0 0.0
vn -0.0 -1.0 0.0
vn 0.0 -1.0 0.0
vn 0.0 -1.0 -0.0
vn -0.0 -1.0 0.0
vn 0.0 -1.0 0.0
vn 0.0 -1.0 0.0
vn 0.0 -1.0 0.0
vn 0.0 -1.0 0.0
vn 0.0 -1.0 0.0
vn -0.0 -1.0 0.0
vn 0.0 -1.0 0.0
vn -0.0 -1.0 0.0
vn 0.0 -1.0 0.0
vn 0.0 -1.0 0.0
vn -0.0 -1.0 0.0
vn 0.0 -1.0 0.0
vn 0.0 -1.0 0.0
vn 0.0 -1.0 0.0
vn 0.0 -1.0 0.0
vn -0.0 -1.0 0.0
vn -0.0 -1.0 0.0
vn 0.0 -1.0 0.0
vn -0.0 -1.0 0.0
vn 0.0 -1.0 0.0
vn 0.0 -1.0 0.0
vn 0.0 -1.0 0.0
vn 0.0 -1.0 0.0
vn 0.0 -1.0 0.0
vn 0.0 -1.0 0.0
vn 0.0 -1.0 0.0
vn -0.0 -1.0 0.0
vn -0.0 -1.0 0.0
vn 0.0 -1.0 0.0
vn 0.0 -1.0 0.0
vn 0.0 -1.0 0.0
vn 0.0 -1.0 0.0
vn -0.0 -1.0 0.0
vn -0.0 -1.0 0.0
vn 0.0 -1.0 0.0
vn 0.0 -1.0 0.0
vn 0.0 -1.0 0.0
vn 0.0 -1.0 -0.0
vn 0.0 -1.0 -0.0
vn 0.0 -1.0 -0.0
vn 0.0 -1.0 0.0
vn 0.0 -1.0 -0.0
vn 0.0 -1.0 0.0
vn 0.0 -1.0 0.0
vn 0.0 -1.0 0.0
vn 0.0 -1.0 -0.0
vn 0.0 -1.0 0.0
vn -0.0 -1.0 0.0
vn -0.0 -1.0 0.0
vn 0.0 -1.0 0.0
vn 0.0 -1.0 -0.0
vn 0.0 -1.0 0.0
vn 0.0 -1.0 0.0
vn 0.0 -1.0 0.0
vn 0.0 -1.0 0.0
vn 0.0 -1.0 0.0
vn 0.0 -1.0 0.0
vn 0.0 -1.0 0.0
vn -0.0 -1.0 0.0
vn 0.0 -1.0 0.0
vn 0.0 -1.0 0.0
vn -0.0 -1.0 0.0
vn 0.0 -1.0 0.0
vn 0.0 -1.0 0.0
vn -0.0 -1.0 0.0
vn -0.0 -1.0 0.0
vn -0.0 -1.0 0.0
vn -0.0 -1.0 -0.0
vn -0.0 -1.0 0.0
vn 0.0 -1.0 0.0
vn -0.0 -1.0 0.0
vn 0.0 -1.0 0.0
vn 0.0 -1.0 0.0
vn 0.0 -1.0 0.0
vn -0.0 -1.0 -0.0
vn 0.0 -1.0 0.0
vn -0.0 -1.0 0.0
vn -0.0 -1.0 0.0
vn 0.0 -1.0 0.0
vn -0.0 -1.0 -0.0
vn -0.0 -1.0 0.0
vn 0.0 -1.0 0.0
vn 0.0 -1.0 0.0
vn 0.0 -1.0 0.0
vn 0.0 -1.0 0.0
vn 0.0 -1.0 0.0
vn -0.0 -1.0 0.0
vn 0.0 -1.0 0.0
vn -0.0 -1.0 0.0
vn 0.0 -1.0 0.0
vn 0.0 -1.0 0.0
vn 0.0 -1.0 0.0
vn 0.0 -1.0 0.0
vn -0.0 -1.0 0.0
vn 0.0 -1.0 0.0
vn -0.0 -1.0 0.0
vn 0.0 -1.0 0.0
vn 0.0 -1.0 0.0
vn -0.0 -1.0 0.0
vn 0.0 -1.0 0.0
vn 0.0 -1.0 0.0
vn 0.0 -1.0 0.0
vn 0.0 -1.0 0.0
vn 0.0 -1.0 0.0
vn 0.0 -1.0 0.0
vn -0.0 -1.0 0.0
vn -0.0 -1.0 0.0
vn 0.0 -1.0 0.0
vn 0.0 -1.0 0.0
vn -0.0 -1.0 0.0
vn 0.0 -1.0 0.0
vn 0.0 -1.0 0.0
vn -0.0 -1.0 0.0
vn 0.0 -1.0 0.0
vn 0.0 -1.0 0.0
vn -0.0 -1.0 0.0
vn 0.0 -1.0 0.0
vn -0.0 -1.0 0.0
vn 0.0 -1.0 0.0
vn 0.0 -1.0 0.0
vn -0.0 -1.0 0.0
vn 0.0 -1.0 0.0
vn 0.0 -1.0 0.0
vn 0.0 -1.0 0.0
vn 0.0 -1.0 -0.0
vn 0.0 -1.0 0.0
vn -0.0 -1.0 0.0
vn 0.0 -1.0 0.0
vn -0.0 -1.0 -0.0
vn 0.0 -1.0 0.0
vn 0.0 -1.0 0.0
vn 0.0 -1.0 0.0
vn -0.0 -1.0 0.0
vn -0.0 -1.0 0.0
vn 0.0 -1.0 0.0
vn -0.0 -1.0 0.0
vn 0.0 -1.0 0.0
vn -0.0 -1.0 0.0
vn 0.0 -1.0 0.0
vn -0.0 -1.0 0.0
vn 0.0 -1.0 0.0
vn -0.0 -1.0 0.0
vn 0.0 -1.0 0.0
vn -0.0 -1.0 0.0
vn -0.0 -1.0 0.0
vn 0.0 -1.0 0.0
vn -0.0 -1.0 0.0
vn 0.0 -1.0 0.0
vn -0.0 -1.0 0.0
vn -0.0 -1.0 0.0
vn 0.0 -1.0 0.0
vn -0.0 -1.0 0.0
vn 0.0 -1.0 -0.0
vn 0.0 -1.0 0.0
vn -0.0 -1.0 0.0
vn 0.0 -1.0 -0.0
vn 0.0 -1.0 0.0
vn -0.0 -1.0 0.0
vn 0.0 -1.0 0.0
vn 0.0 -1.0 -0.0
vn -0.0 -1.0 0.0
vn -0.0 -1.0 0.0
vn 0.0 -1.0 0.0
vn 0.0 -1.0 0.0
vn -0.0 -1.0 0.0
vn 0.0 -1.0 0.0
vn -0.0 -1.0 0.0
vn 0.0 -1.0 0.0
vn -0.0 -1.0 0.0
vn -0.0 -1.0 0.0
vn 0.0 -1.0 0.0
vn 0.0 -1.0 0.0
vn 0.0 -1.0 0.0
vn 0.0 -1.0 0.0
vn -0.0 -1.0 0.0
vn -0.0 -1.0 0.0
vn 0.0 -1.0 0.0
vn 0.0 -1.0 0.0
vn 0.0 -1.0 0.0
vn -0.0 -1.0 0.0
vn 0.0 -1.0 0.0
vn -0.0 -1.0 0.0
vn -0.0 -1.0 0.0
vn 0.0 -1.0 0.0
vn -0.0 -1.0 0.0
vn 0.0 -1.0 0.0
vn -0.0 -1.0 0.0
vn -0.0 -1.0 0.0
vn 0.0 -1.0 0.0
vn -0.0 -1.0 0.0
vn 0.0 -1.0 0.0
vn -0.0 -1.0 0.0
vn -0.0 -1.0 0.0
vn -0.0 -1.0 0.0
vn 0.0 -1.0 0.0
vn 0.0 -1.0 -0.0
vn -0.0 -1.0 0.0
vn 0.0 -1.0 0.0
vn -0.0 -1.0 0.0
vn 0.0 -1.0 0.0
vn 0.0 -1.0 0.0
vn -0.0 -1.0 -0.0
vn 0.0 -1.0 0.0
vn -0.0 -1.0 0.0
vn -0.0 -1.0 0.0
vn 0.0 -1.0 -0.0
vn 0.0 -1.0 0.0
vn -0.0 -1.0 0.0
vn 0.0 -1.0 -0.0
vn -0.0 -1.0 0.0
vn 0.0 -1.0 -0.0
vn -0.0 -1.0 0.0
vn 0.0 -1.0 -0.0
vn 0.0 -1.0 0.0
vn 0.0 -1.0 0.0
vn -0.0 -1.0 0.0
vn -0.0 -1.0 0.0
vn 0.0 -1.0 0.0
vn 0.0 -1.0 0.0
vn 0.0 -1.0 0.0
vn -0.0 -1.0 0.0
vn 0.0 -1.0 0.0
vn 0.0 -1.0 0.0
vn 0.0 -1.0 0.0
vn 0.0 -1.0 0.0
vn -0.0 -1.0 0.0
vn 0.0 -1.0 0.0
vn -0.0 -1.0 0.0
vn 0.0 -1.0 0.0
vn -0.0 -1.0 0.0
vn 0.0 -1.0 0.0
vn -0.0 -1.0 0.0
vn -0.0 -1.0 0.0
vn 0.0 -1.0 0.0
vn -0.0 -1.0 0.0
vn -0.0 -1.0 0.0
vn 0.0 -1.0 0.0
vn -0.0 -1.0 0.0
vn 0.0 -1.0 0.0
vn -0.0 -1.0 0.0
vn 0.0 -1.0 0.0
vn -0.0 -1.0 0.0
vn 0.0 -1.0 0.0
vn -0.0 -1.0 0.0
vn 0.0 -1.0 0.0
vn 0.0 -1.0 0.0
vn 0.0 -1.0 -0.0
vn -0.0 -1.0 0.0
vn 0.0 -1.0 0.0
vn 0.0 -1.0 0.0
vn -0.0 -1.0 0.0
vn 0.0 -1.0 -0.0
vn -0.0 -1.0 0.0
vn 0.0 -1.0 0.0
vn 0.0 -1.0 -0.0
vn -0.0 -1.0 0.0
vn -0.0 -1.0 0.0
vn 0.0 -1.0 0.0
vn 0.0 -1.0 0.0
vn 0.0 -1.0 0.0
vn -0.0 -1.0 0.0
vn -0.0 -1.0 0.0
vn 0.0 -1.0 0.0
vn 0.0 -1.0 0.0
vn -0.0 -1.0 0.0
vn 0.0 -1.0 0.0
vn -0.0 -1.0 0.0
vn 0.0 -1.0 0.0
vn -0.0 -1.0 0.0
vn 0.0 -1.0 0.0
vn 0.0 -1.0 0.0
vn -0.0 -1.0 0.0
vn 0.0 -1.0 0.0
vn 0.0 -1.0 0.0
vn -0.0 -1.0 0.0
vn 0.0 -1.0 0.0
vn -0.0 -1.0 0.0
vn 0.0 -1.0 0.0
vn 0.0 -1.0 0.0
vn 0.0 -1.0 0.0
vn -0.0 -1.0 0.0
vn 0.0 -1.0 0.0
vn 0.0 -1.0 0.0
vn -0.0 -1.0 0.0
vn -0.0 -1.0 0.0
vn 0.0 -1.0 0.0
vn 0.0 -1.0 0.0
vn 0.0 -1.0 0.0
vn -0.0 -1.0 0.0
vn -0.0 -1.0 0.0
vn 0.0 -1.0 0.0
vn -0.0 -1.0 0.0
vn -0.0 -1.0 0.0
vn 0.0 -1.0 0.0
vn 0.0 -1.0 0.0
vn 0.0 -1.0 0.0
vn -0.0 -1.0 0.0
vn -0.0 -1.0 0.0
vn 0.0 -1.0 0.0
vn 0.0 -1.0 0.0
vn -0.0 -1.0 0.0
vn -0.0 -1.0 0.0
vn 0.0 -1.0 0.0
vn 0.0 -1.0 0.0
vn -0.0 -1.0 0.0
vn 0.0 -1.0 0.0
vn -0.0 -1.0 0.0
vn 0.0 -1.0 0.0
vn -0.0 -1.0 0.0
vn 0.0 -1.0 0.0
vn -0.0 -1.0 0.0
vn 0.0 -1.0 0.0
vn -0.0 -1.0 0.0
vn 0.0 -1.0 0.0
vn -0.0 -1.0 0.0
vn 0.0 -1.0 0.0
vn -0.0 -1.0 0.0
vn 0.0 -1.0 0.0
vn 0.0 -1.0 -0.0
vn 0.0 -1.0 0.0
vn -0.0 -1.0 0.0
vn 0.0 -1.0 0.0
vn 0.0 -1.0 -0.0
vn -0.0 -1.0 0.0
vn -0.0 -1.0 0.0
vn 0.0 -1.0 0.0
vn 0.0 -1.0 -0.0
vn -0.0 -1.0 0.0
vn -0.0 -1.0 0.0
vn 0.0 -1.0 -0.0
vn 0.0 -1.0 0.0
vn -0.0 -1.0 0.0
vn 0.0 -1.0 -0.0
vn -0.0 -1.0 0.0
vn 0.0 -1.0 -0.0
vn 0.0 -1.0 -0.0
vn -0.0 -1.0 0.0
vn 0.0 -1.0 -0.0
vn -0.0 -1.0 0.0
vn 0.0 -1.0 -0.0
vn -0.0 -1.0 0.0
vn 0.0 -1.0 -0.0
vn -0.0 -1.0 0.0
vn 0.0 -1.0 0.0
vn -0.0 -1.0 0.0
vn -0.0 -1.0 0.0
vn 0.0 -1.0 0.0
vn -0.0 -1.0 0.0
vn 0.0 -1.0 0.0
vn -0.0 -1.0 0.0
vn 0.0 -1.0 0.0
vn 0.0 -1.0 0.0
vn -0.0 -1.0 0.0
vn 0.0 -1.0 0.0
vn -0.0 -1.0 0.0
vn 0.0 -1.0 0.0
vn -0.0 -1.0 0.0
vn 0.0 -1.0 0.0
vn -0.0 -1.0 0.0
vn -0.0 -1.0 0.0
vn 0.0 -1.0 0.0
vn -0.0 -1.0 0.0
vn 0.0 -1.0 0.0
vn -0.0 -1.0 0.0
vn 0.0 -1.0 0.0
vn -0.0 -1.0 0.0
vn 0.0 -1.0 0.0
vn -0.0 -1.0 0.0
vn -0.0 -1.0 0.0
vn -0.0 -1.0 0.0
vn 0.0 -1.0 0.0
vn -0.0 -1.0 0.0
vn 0.0 -1.0 0.0
vn -0.0 -1.0 0.0
vn 0.0 -1.0 0.0
vn -0.0 -1.0 0.0
vn 0.0 -1.0 0.0
vn -0.0 -1.0 0.0
vn 0.0 -1.0 0.0
vn -0.0 -1.0 0.0
vn 0.0 -1.0 0.0
vn 0.0 -1.0 0.0
vn 0.0 -1.0 0.0
vn 0.0 -1.0 0.0
vn -0.0 -1.0 0.0
vn -0.0 -1.0 -0.0
vn 0.0 -1.0 0.0
vn -0.0 -1.0 0.0
vn -0.0 -1.0 0.0
vn -0.0 -1.0 0.0
vn -0.0 -1.0 0.0
vn -0.0 -1.0 0.0
vn 0.0 -1.0 -0.0
vn -0.0 -1.0 0.0
vn -0.0 -1.0 0.0
vn 0.0 -1.0 0.0
vn -0.0 -1.0 0.0
vn 0.0 -1.0 0.0
vn -0.0 -1.0 0.0
vn -0.0 -1.0 0.0
vn 0.0 -1.0 -0.0
vn 0.0 -1.0 0.0
vn 0.0 -1.0 -0.0
vn 0.0 -1.0 0.0
vn 0.0 -1.0 0.0
vn 0.0 -1.0 0.0
vn 0.0 -1.0 -0.0
vn 0.0 -1.0 0.0
vn -0.0 -1.0 0.0
vn 0.0 -1.0 -0.0
vn -0.0 -1.0 0.0
vn 0.0 -1.0 -0.0
vn -0.0 -1.0 0.0
vn -0.0 -1.0 0.0
vn 0.0 -1.0 0.0
vn -0.0 -1.0 0.0
vn 0.0 -1.0 0.0
vn -0.0 -1.0 0.0
vn 0.0 -1.0 0.0
vn -0.0 -1.0 0.0
vn 0.0 -1.0 0.0
vn -0.0 -1.0 0.0
vn -0.0 -1.0 0.0
vn 0.0 -1.0 0.0
vn -0.0 -1.0 0.0
vn -0.0 -1.0 0.0
vn 0.0 -1.0 0.0
vn -0.0 -1.0 0.0
vn 0.0 -1.0 0.0
vn -0.0 -1.0 0.0
vn -0.0 -1.0 0.0
vn 0.0 -1.0 0.0
vn -0.0 -1.0 0.0
vn 0.0 -1.0 0.0
vn -0.0 -1.0 0.0
vn -0.0 -1.0 0.0
vn 0.0 -1.0 0.0
vn 0.0 -1.0 0.0
vn -0.0 -1.0 0.0
vn -0.0 -1.0 0.0
vn 0.0 -1.0 0.0
vn -0.0 -1.0 0.0
vn 0.0 -1.0 0.0
vn -0.0 -1.0 0.0
vn -0.0 -1.0 0.0
vn 0.0 -1.0 0.0
vn -0.0 -1.0 0.0
vn 0.0 -1.0 0.0
vn -0.0 -1.0 0.0
vn -0.0 -1.0 0.0
vn 0.0 -1.0 0.0
vn -0.0 -1.0 0.0
vn -0.0 -1.0 0.0
vn 0.0 -1.0 -0.0
vn -0.0 -1.0 0.0
vn -0.0 -1.0 0.0
vn 0.0 -1.0 0.0
vn 0.0 -1.0 -0.0
vn -0.0 -1.0 0.0
vn -0.0 -1.0 0.0
vn 0.0 -1.0 -0.0
vn 0.0 -1.0 0.0
vn 0.0 -1.0 0.0
vn 0.0 -1.0 0.0
vn 0.0 -1.0 -0.0
vn -0.0 -1.0 0.0
vn 0.0 -1.0 -0.0
vn -0.0 -1.0 0.0
vn 0.0 -1.0 0.0
vn 0.0 -1.0 0.0
vn 0.0 -1.0 0.0
vn 0.0 -1.0 0.0
vn 0.0 -1.0 0.0
vn 0.0 -1.0 0.0
vn -0.0 -1.0 0.0
vn 0.0 -1.0 0.0
vn -0.0 -1.0 0.0
vn 0.0 -1.0 0.0
vn -0.0 -1.0 0.0
vn -0.0 -1.0 0.0
vn 0.0 -1.0 0.0
vn -0.0 -1.0 0.0
vn 0.0 -1.0 0.0
vn 0.0 -1.0 0.0
vn -0.0 -1.0 0.0
vn 0.0 -1.0 0.0
vn -0.0 -1.0 0.0
vn -0.0 -1.0 0.0
vn 0.0 -1.0 0.0
vn 0.0 -1.0 0.0
vn -0.0 -1.0 0.0
vn -0.0 -1.0 0.0
vn 0.0 -1.0 0.0
vn -0.0 -1.0 0.0
vn 0.0 -1.0 0.0
vn 0.0 -1.0 0.0
vn -0.0 -1.0 0.0
vn 0.0 -1.0 0.0
vn -0.0 -1.0 0.0
vn 0.0 -1.0 0.0
vn -0.0 -1.0 0.0
vn -0.0 -1.0 0.0
vn 0.0 -1.0 0.0
vn -0.0 -1.0 0.0
vn 0.0 -1.0 0.0
vn 0.0 -1.0 0.0
vn -0.0 -1.0 0.0
vn 0.0 -1.0 0.0
vn -0.0 -1.0 0.0
vn 0.0 -1.0 0.0
vn -0.0 -1.0 0.0
vn 0.0 -1.0 0.0
vn 0.0 -1.0 0.0
vn 0.0 -1.0 -0.0
vn -0.0 -1.0 0.0
vn 0.0 -1.0 0.0
vn 0.0 -1.0 -0.0
vn 0.0 -1.0 0.0
vn 0.0 -1.0 0.0
vn 0.0 -1.0 0.0
vn -0.0 -1.0 0.0
vn 0.0 -1.0 0.0
vn -0.0 -1.0 0.0
vn 0.0 -1.0 0.0
vn 0.0 -1.0 0.0
vn -0.0 -1.0 0.0
vn 0.0 -1.0 0.0
vn -0.0 -1.0 0.0
vn 0.0 -1.0 0.0
vn 0.0 -1.0 0.0
vn 0.0 -1.0 0.0
vn -0.0 -1.0 0.0
vn 0.0 -1.0 0.0
vn 0.0 -1.0 0.0
vn 0.0 -1.0 0.0
vn -0.0 -1.0 0.0
vn -0.0 -1.0 0.0
vn 0.0 -1.0 0.0
vn 0.0 -1.0 0.0
vn 0.0 -1.0 0.0
vn -0.0 -1.0 0.0
vn -0.0 -1.0 0.0
vn 0.0 -1.0 0.0
vn 0.0 -1.0 0.0
vn 0.0 -1.0 0.0
vn 0.0 -1.0 0.0
vn -0.0 -1.0 0.0
vn -0.0 -1.0 0.0
vn 0.0 -1.0 0.0
vn 0.0 -1.0 0.0
vn 0.0 -1.0 0.0
vn -0.0 -1.0 0.0
vn -0.0 -1.0 0.0
vn 0.0 -1.0 0.0
vn -0.0 -1.0 0.0
vn -0.0 -1.0 0.0
vn 0.0 -1.0 0.0
vn 0.0 -1.0 0.0
vn 0.0 -1.0 0.0
vn 0.0 -1.0 0.0
vn 0.0 -1.0 -0.0
vn -0.0 -1.0 0.0
vn -0.0 -1.0 0.0
vn 0.0 -1.0 -0.0
vn 0.0 -1.0 0.0
vn 0.0 -1.0 -0.0
vn 0.0 -1.0 -0.0
vn 0.0 -1.0 0.0
vn 0.0 -1.0 0.0
vn -0.0 -1.0 -0.0
vn 0.0 -1.0 -0.0
vn 0.0 -1.0 0.0
vn 0.0 -1.0 -0.0
vn -0.0 -1.0 -0.0
vn 0.0 -1.0 0.0
vn 0.0 -1.0 -0.0
vn 0.0 -1.0 -0.0
vn -0.0 -1.0 0.0
vn -0.0 -1.0 0.0
vn -0.0 -1.0 0.0
vn -0.0 -1.0 0.0
vn 0.0 -1.0 0.0
vn 0.0 -1.0 0.0
vn -0.0 -1.0 0.0
vn 0.0 -1.0 -0.0
vn 0.0 -1.0 0.0
vn -0.0 -1.0 0.0
vn 0.0 -1.0 0.0
vn -0.0 -1.0 0.0
vn -0.0 -1.0 0.0
vn -0.0 -1.0 0.0
vn 0.0 -1.0 0.0
vn 0.0 -1.0 0.0
vn 0.0 -1.0 0.0
vn -0.0 -1.0 0.0
vn 0.0 -1.0 0.0
vn -0.0 -1.0 0.0
vn -0.0 -1.0 0.0
vn 0.0 -1.0 0.0
vn -0.0 -1.0 0.0
vn -0.0 -1.0 0.0
vn 0.0 -1.0 0.0
vn -0.0 -1.0 0.0
vn -0.0 -1.0 0.0
vn 0.0 -1.0 0.0
vn -0.0 -1.0 0.0
vn 0.0 -1.0 0.0
vn -0.0 -1.0 0.0
vn 0.0 -1.0 0.0
vn 0.0 -1.0 0.0
vn -0.0 -1.0 0.0
vn -0.0 -1.0 0.0
vn 0.0 -1.0 0.0
vn -0.0 -1.0 0.0
vn -0.0 -1.0 0.0
vn 0.0 -1.0 0.0
vn 0.0 -1.0 0.0
vn -0.0 -1.0 0.0
vn 0.0 -1.0 0.0
vn -0.0 -1.0 0.0
vn 0.0 -1.0 0.0
vn 0.0 -1.0 0.0
vn -0.0 -1.0 0.0
vn -0.0 -1.0 0.0
vn -0.0 -1.0 0.0
vn 0.0 -1.0 0.0
vn -0.0 -1.0 0.0
vn -0.0 -1.0 0.0
vn 0.0 -1.0 0.0
vn -0.0 -1.0 0.0
vn -0.0 -1.0 0.0
vn 0.0 -1.0 0.0
vn -0.0 -1.0 0.0
vn -0.0 -1.0 -0.0
vn -0.0 -1.0 0.0
vn 0.0 -1.0 -0.0
vn -0.0 -1.0 0.0
vn 0.0 -1.0 -0.0
vn 0.0 -1.0 0.0
vn 0.0 -1.0 0.0
vn -0.0 -1.0 0.0
vn 0.0 -1.0 0.0
vn -0.0 -1.0 0.0
vn -0.0 -1.0 0.0
vn 0.0 -1.0 0.0
vn -0.0 -1.0 0.0
vn 0.0 -1.0 0.0
vn -0.0 -1.0 0.0
vn 0.0 -1.0 0.0
vn 0.0 -1.0 0.0
vn -0.0 -1.0 0.0
vn 0.0 -1.0 0.0
vn -0.0 -1.0 0.0
vn -0.0 -1.0 0.0
vn 0.0 -1.0 0.0
vn -0.0 -1.0 0.0
vn 0.0 -1.0 0.0
vn -0.0 -1.0 0.0
vn 0.0 -1.0 0.0
vn -0.0 -1.0 0.0
vn 0.0 -1.0 0.0
vn -0.0 -1.0 0.0
vn 0.0 -1.0 0.0
vn -0.0 -1.0 0.0
vn 0.0 -1.0 0.0
vn -0.0 -1.0 0.0
vn -0.0 -1.0 0.0
vn 0.0 -1.0 0.0
vn 0.0 -1.0 0.0
vn -0.0 -1.0 0.0
vn 0.0 -1.0 0.0
vn 0.0 -1.0 0.0
vn -0.0 -1.0 0.0
vn 0.0 -1.0 0.0
vn 0.0 -1.0 0.0
vn -0.0 -1.0 0.0
vn 0.0 -1.0 0.0
vn 0.0 -1.0 0.0
vn -0.0 -1.0 0.0
vn 0.0 -1.0 0.0
vn 0.0 -1.0 0.0
vn -0.0 -1.0 0.0
vn 0.0 -1.0 0.0
vn 0.0 -1.0 0.0
vn 0.0 -1.0 0.0
vn -0.0 -1.0 0.0
vn 0.0 -1.0 0.0
vn -0.0 -1.0 0.0
vn 0.0 -1.0 0.0
vn 0.0 -1.0 0.0
vn -0.0 -1.0 0.0
vn 0.0 -1.0 0.0
vn 0.0 -1.0 0.0
vn 0.0 -1.0 0.0
vn -0.0 -1.0 0.0
vn -0.0 -1.0 0.0
vn 0.0 -1.0 0.0
vn 0.0 -1.0 0.0
vn 0.0 -1.0 -0.0
vn 0.0 -1.0 0.0
vn 0.0 1.0 0.0
vn 0.0 1.0 0.0
vn 0.0 1.0 0.0
vn 0.0 1.0 0.0
vn 0.0 1.0 0.0
vn 0.0 1.0 0.0
vn 0.0 1.0 0.0
vn 0.0 1.0 0.0
vn 0.0 1.0 0.0
vn 0.0 1.0 0.0
vn 0.0 1.0 0.0
vn 0.0 1.0 -0.0
vn 0.0 1.0 0.0
vn 0.0 1.0 0.0
vn 0.0 1.0 0.0
vn 0.0 1.0 0.0
vn 0.0 1.0 0.0
vn 0.0 1.0 0.0
vn 0.0 1.0 0.0
vn 0.0 1.0 0.0
vn 0.0 1.0 0.0
vn 0.0 1.0 0.0
vn 0.0 1.0 0.0
vn 0.0 1.0 0.0
vn 0.0 1.0 0.0
vn 0.0 1.0 0.0
vn 0.0 1.0 0.0
vn 0.0 1.0 0.0
vn 0.0 1.0 0.0
vn 0.0 1.0 0.0
vn 0.0 1.0 -0.0
vn 0.0 1.0 -0.0
vn 0.0 1.0 0.0
vn 0.0 1.0 0.0
vn 0.0 1.0 0.0
vn 0.0 1.0 -0.0
vn 0.0 1.0 0.0
vn 0.0 1.0 0.0
vn 0.0 1.0 0.0
vn 0.0 1.0 -0.0
vn 0.0 1.0 -0.0
vn 0.0 1.0 -0.0
vn 0.0 1.0 -0.0
vn 0.0 1.0 -0.0
vn 0.0 1.0 -0.0
vn 0.0 1.0 -0.0
vn 0.0 1.0 -0.0
vn 0.0 1.0 0.0
vn 0.0 1.0 0.0
vn 0.0 1.0 0.0
vn 0.0 1.0 0.0
vn 0.0 1.0 0.0
vn 0.0 1.0 0.0
vn 0.0 1.0 0.0
vn 0.0 1.0 -0.0
vn 0.0 1.0 -0.0
vn 0.0 1.0 0.0
vn 0.0 1.0 -0.0
vn 0.0 1.0 0.0
vn 0.0 1.0 -0.0
vn 0.0 1.0 0.0
vn 0.0 1.0 -0.0
vn 0.0 1.0 0.0
vn 0.0 1.0 0.0
vn 0.0 1.0 0.0
vn 0.0 1.0 0.0
vn 0.0 1.0 0.0
vn 0.0 1.0 0.0
vn 0.0 1.0 -0.0
vn 0.0 1.0 -0.0
vn 0.0 1.0 -0.0
vn 0.0 1.0 -0.0
vn 0.0 1.0 0.0
vn 0.0 1.0 0.0
vn 0.0 1.0 -0.0
vn 0.0 1.0 -0.0
vn 0.0 1.0 0.0
vn 0.0 1.0 -0.0
vn 0.0 1.0 -0.0
vn 0.0 1.0 0.0
vn 0.0 1.0 0.0
vn 0.0 1.0 0.0
vn 0.0 1.0 -0.0
vn 0.0 1.0 0.0
vn 0.0 1.0 0.0
vn 0.0 1.0 -0.0
vn 0.0 1.0 0.0
vn 0.0 1.0 0.0
vn 0.0 1.0 0.0
vn 0.0 1.0 0.0
vn 0.0 1.0 0.0
vn 0.0 1.0 0.0
vn 0.0 1.0 0.0
vn 0.0 1.0 0.0
vn 0.0 1.0 0.0
vn 0.0 1.0 0.0
vn 0.0 1.0 0.0
vn 0.0 1.0 0.0
vn 0.0 1.0 0.0
vn 0.0 1.0 -0.0
vn 0.0 1.0 0.0
vn 0.0 1.0 0.0
vn 0.0 1.0 0.0
vn 0.0 1.0 -0.0
vn 0.0 1.0 0.0
vn 0.0 1.0 0.0
vn 0.0 1.0 0.0
vn 0.0 1.0 -0.0
vn 0.0 1.0 0.0
vn 0.0 1.0 -0.0
vn 0.0 1.0 0.0
vn 0.0 1.0 0.0
vn 0.0 1.0 0.0
vn 0.0 1.0 0.0
vn 0.0 1.0 0.0
vn 0.0 1.0 0.0
vn 0.0 1.0 0.0
vn 0.0 1.0 0.0
vn 0.0 1.0 0.0
vn 0.0 1.0 -0.0
vn 0.0 1.0 -0.0
vn 0.0 1.0 0.0
vn 0.0 1.0 0.0
vn 0.0 1.0 -0.0
vn 0.0 1.0 0.0
vn 0.0 1.0 0.0
vn 0.0 1.0 0.0
vn 0.0 1.0 0.0
vn 0.0 1.0 0.0
vn 0.0 1.0 0.0
vn 0.0 1.0 0.0
vn 0.0 1.0 0.0
vn 0.0 1.0 0.0
vn 0.0 1.0 0.0
vn 0.0 1.0 0.0
vn 0.0 1.0 0.0
vn 0.0 1.0 0.0
vn 0.0 1.0 0.0
vn 0.0 1.0 0.0
vn 0.0 1.0 0.0
vn 0.0 1.0 0.0
vn 0.0 1.0 -0.0
vn 0.0 1.0 0.0
vn 0.0 1.0 0.0
vn 0.0 1.0 -0.0
vn 0.0 1.0 0.0
vn 0.0 1.0 0.0
vn 0.0 1.0 -0.0
vn 0.0 1.0 0.0
vn 0.0 1.0 0.0
vn 0.0 1.0 -0.0
vn 0.0 1.0 0.0
vn 0.0 1.0 0.0
vn 0.0 1.0 0.0
vn 0.0 1.0 -0.0
vn 0.0 1.0 0.0
vn 0.0 1.0 0.0
vn 0.0 1.0 0.0
vn 0.0 1.0 0.0
vn 0.0 1.0 0.0
vn 0.0 1.0 0.0
vn 0.0 1.0 0.0
vn 0.0 1.0 0.0
vn 0.0 1.0 0.0
vn 0.0 1.0 0.0
vn 0.0 1.0 0.0
vn 0.0 1.0 0.0
vn 0.0 1.0 0.0
vn 0.0 1.0 0.0
vn 0.0 1.0 0.0
vn 0.0 1.0 0.0
vn 0.0 1.0 0.0
vn 0.0 1.0 0.0
vn 0.0 1.0 0.0
vn 0.0 1.0 0.0
vn 0.0 1.0 0.0
vn 0.0 1.0 0.0
vn 0.0 1.0 0.0
vn 0.0 1.0 0.0
vn 0.0 1.0 0.0
vn 0.0 1.0 0.0
vn 0.0 1.0 0.0
vn 0.0 1.0 0.0
vn 0.0 1.0 0.0
vn 0.0 1.0 0.0
vn 0.0 1.0 0.0
vn 0.0 1.0 0.0
vn 0.0 1.0 0.0
vn 0.0 1.0 -0.0
vn 0.0 1.0 0.0
vn 0.0 1.0 0.0
vn 0.0 1.0 0.0
vn 0.0 1.0 -0.0
vn 0.0 1.0 0.0
vn 0.0 1.0 0.0
vn 0.0 1.0 -0.0
vn 0.0 1.0 0.0
vn 0.0 1.0 0.0
vn 0.0 1.0 -0.0
vn 0.0 1.0 0.0
vn 0.0 1.0 0.0
vn 0.0 1.0 0.0
vn 0.0 1.0 -0.0
vn 0.0 1.0 0.0
vn 0.0 1.0 0.0
vn 0.0 1.0 0.0
vn 0.0 1.0 0.0
vn 0.0 1.0 0.0
vn 0.0 1.0 0.0
vn 0.0 1.0 0.0
vn 0.0 1.0 0.0
vn 0.0 1.0 0.0
vn 0.0 1.0 0.0
vn 0.0 1.0 0.0
vn 0.0 1.0 0.0
vn 0.0 1.0 0.0
vn 0.0 1.0 0.0
vn 0.0 1.0 0.0
vn 0.0 1.0 0.0
vn 0.0 1.0 0.0
vn 0.0 1.0 0.0
vn 0.0 1.0 0.0
vn 0.0 1.0 0.0
vn 0.0 1.0 0.0
vn 0.0 1.0 0.0
vn 0.0 1.0 0.0
vn 0.0 1.0 0.0
vn 0.0 1.0 0.0
vn 0.0 1.0 0.0
vn 0.0 1.0 0.0
vn 0.0 1.0 0.0
vn 0.0 1.0 0.0
vn 0.0 1.0 0.0
vn 0.0 1.0 0.0
vn 0.0 1.0 0.0
vn 0.0 1.0 0.0
vn 0.0 1.0 0.0
vn 0.0 1.0 -0.0
vn 0.0 1.0 -0.0
vn 0.0 1.0 0.0
vn 0.0 1.0 0.0
vn 0.0 1.0 0.0
vn 0.0 1.0 -0.0
vn 0.0 1.0 0.0
vn 0.0 1.0 0.0
vn 0.0 1.0 -0.0
vn 0.0 1.0 -0.0
vn 0.0 1.0 0.0
vn 0.0 1.0 0.0
vn 0.0 1.0 0.0
vn 0.0 1.0 0.0
vn 0.0 1.0 0.0
vn 0.0 1.0 0.0
vn 0.0 1.0 0.0
vn 0.0 1.0 0.0
vn 0.0 1.0 0.0
vn 0.0 1.0 0.0
vn 0.0 1.0 0.0
vn 0.0 1.0 0.0
vn 0.0 1.0 0.0
vn 0.0 1.0 0.0
vn 0.0 1.0 0.0
vn 0.0 1.0 0.0
vn 0.0 1.0 0.0
vn 0.0 1.0 0.0
vn 0.0 1.0 0.0
vn 0.0 1.0 0.0
vn 0.0 1.0 0.0
vn 0.0 1.0 0.0
vn 0.0 1.0 0.0
vn 0.0 1.0 0.0
vn 0.0 1.0 -0.0
vn 0.0 1.0 0.0
vn 0.0 1.0 0.0
vn 0.0 1.0 0.0
vn 0.0 1.0 0.0
vn 0.0 1.0 0.0
vn 0.0 1.0 0.0
vn 0.0 1.0 0.0
vn 0.0 1.0 0.0
vn 0.0 1.0 0.0
vn 0.0 1.0 0.0
vn 0.0 1.0 0.0
vn 0.0 1.0 0.0
vn 0.0 1.0 0.0
vn 0.0 1.0 0.0
vn 0.0 1.0 0.0
vn 0.0 1.0 0.0
vn 0.0 1.0 0.0
vn 0.0 1.0 0.0
vn 0.0 1.0 0.0
vn 0.0 1.0 0.0
vn 0.0 1.0 0.0
vn 0.0 1.0 -0.0
vn 0.0 1.0 -0.0
vn 0.0 1.0 0.0
vn 0.0 1.0 -0.0
vn 0.0 1.0 0.0
vn 0.0 1.0 0.0
vn 0.0 1.0 0.0
vn 0.0 1.0 0.0
vn 0.0 1.0 0.0
vn 0.0 1.0 0.0
vn 0.0 1.0 0.0
vn 0.0 1.0 0.0
vn 0.0 1.0 0.0
vn 0.0 1.0 0.0
vn 0.0 1.0 0.0
vn 0.0 1.0 0.0
vn 0.0 1.0 0.0
vn 0.0 1.0 0.0
vn 0.0 1.0 0.0
vn 0.0 1.0 0.0
vn 0.0 1.0 0.0
vn 0.0 1.0 0.0
vn 0.0 1.0 0.0
vn 0.0 1.0 0.0
vn 0.0 1.0 0.0
vn 0.0 1.0 0.0
vn 0.0 1.0 0.0
vn 0.0 1.0 0.0
vn 0.0 1.0 0.0
vn 0.0 1.0 0.0
vn 0.0 1.0 0.0
vn 0.0 1.0 0.0
vn 0.0 1.0 0.0
vn 0.0 1.0 -0.0
vn 0.0 1.0 0.0
vn 0.0 1.0 -0.0
vn 0.0 1.0 -0.0
vn 0.0 1.0 0.0
vn 0.0 1.0 -0.0
vn 0.0 1.0 -0.0
vn 0.0 1.0 0.0
vn 0.0 1.0 0.0
vn 0.0 1.0 0.0
vn 0.0 1.0 0.0
vn 0.0 1.0 0.0
vn 0.0 1.0 0.0
vn 0.0 1.0 0.0
vn 0.0 1.0 0.0
vn 0.0 1.0 0.0
vn 0.0 1.0 0.0
vn 0.0 1.0 0.0
vn 0.0 1.0 0.0
vn 0.0 1.0 0.0
vn 0.0 1.0 0.0
vn 0.0 1.0 0.0
vn 0.0 1.0 0.0
vn 0.0 1.0 0.0
vn 0.0 1.0 0.0
vn 0.0 1.0 0.0
vn 0.0 1.0 0.0
vn 0.0 1.0 0.0
vn 0.0 1.0 0.0
vn 0.0 1.0 0.0
vn 0.0 1.0 0.0
vn 0.0 1.0 0.0
vn 0.0 1.0 0.0
vn 0.0 1.0 0.0
vn 0.0 1.0 0.0
vn 0.0 1.0 0.0
vn 0.0 1.0 0.0
vn 0.0 1.0 0.0
vn 0.0 1.0 0.0
vn 0.0 1.0 0.0
vn 0.0 1.0 0.0
vn 0.0 1.0 0.0
vn 0.0 1.0 0.0
vn 0.0 1.0 0.0
vn 0.0 1.0 0.0
vn 0.0 1.0 0.0
vn 0.0 1.0 0.0
vn 0.0 1.0 0.0
vn 0.0 1.0 0.0
vn 0.0 1.0 0.0
vn 0.0 1.0 0.0
vn 0.0 1.0 0.0
vn 0.0 1.0 0.0
vn 0.0 1.0 0.0
vn 0.0 1.0 0.0
vn 0.0 1.0 0.0
vn 0.0 1.0 0.0
vn 0.0 1.0 0.0
vn 0.0 1.0 0.0
vn 0.0 1.0 0.0
vn 0.0 1.0 0.0
vn 0.0 1.0 0.0
vn 0.0 1.0 0.0
vn 0.0 1.0 0.0
vn 0.0 1.0 0.0
vn 0.0 1.0 0.0
vn 0.0 1.0 0.0
vn 0.0 1.0 0.0
vn 0.0 1.0 0.0
vn 0.0 1.0 -0.0
vn 0.0 1.0 0.0
vn 0.0 1.0 0.0
vn 0.0 1.0 0.0
vn 0.0 1.0 0.0
vn 0.0 1.0 0.0
vn 0.0 1.0 0.0
vn 0.0 1.0 0.0
vn 0.0 1.0 0.0
vn 0.0 1.0 0.0
vn 0.0 1.0 0.0
vn 0.0 1.0 0.0
vn 0.0 1.0 0.0
vn 0.0 1.0 0.0
vn 0.0 1.0 -0.0
vn 0.0 1.0 0.0
vn 0.0 1.0 0.0
vn 0.0 1.0 -0.0
vn 0.0 1.0 -0.0
vn 0.0 1.0 0.0
vn 0.0 1.0 -0.0
vn 0.0 1.0 -0.0
vn 0.0 1.0 -0.0
vn 0.0 1.0 -0.0
vn 0.0 1.0 -0.0
vn 0.0 1.0 -0.0
vn 0.0 1.0 0.0
vn 0.0 1.0 -0.0
vn 0.0 1.0 -0.0
vn 0.0 1.0 0.0
vn 0.0 1.0 -0.0
vn 0.0 1.0 -0.0
vn 0.0 1.0 -0.0
vn 0.0 1.0 0.0
vn 0.0 1.0 -0.0
vn 0.0 1.0 -0.0
vn 0.0 1.0 0.0
vn 0.0 1.0 -0.0
vn 0.0 1.0 -0.0
vn 0.0 1.0 -0.0
vn 0.0 1.0 0.0
vn 0.0 1.0 -0.0
vn 0.0 1.0 0.0
vn 0.0 1.0 -0.0
vn 0.0 1.0 0.0
vn 0.0 1.0 0.0
vn 0.0 1.0 0.0
vn 0.0 1.0 0.0
vn 0.0 1.0 0.0
vn 0.0 1.0 0.0
vn 0.0 1.0 0.0
vn 0.0 1.0 0.0
vn 0.0 1.0 0.0
vn 0.0 1.0 0.0
vn 0.0 1.0 0.0
vn 0.0 1.0 0.0
vn 0.0 1.0 0.0
vn 0.0 1.0 0.0
vn 0.0 1.0 0.0
vn 0.0 1.0 0.0
vn 0.0 1.0 0.0
vn 0.0 1.0 0.0
vn 0.0 1.0 0.0
vn 0.0 1.0 0.0
vn 0.0 1.0 0.0
vn 0.0 1.0 0.0
vn 0.0 1.0 0.0
vn 0.0 1.0 0.0
vn 0.0 1.0 -0.0
vn 0.0 1.0 0.0
vn 0.0 1.0 0.0
vn 0.0 1.0 0.0
vn 0.0 1.0 0.0
vn 0.0 1.0 0.0
vn 0.0 1.0 0.0
vn 0.0 1.0 -0.0
vn 0.0 1.0 -0.0
vn 0.0 1.0 -0.0
vn 0.0 1.0 0.0
vn 0.0 1.0 -0.0
vn 0.0 1.0 -0.0
vn 0.0 1.0 0.0
vn 0.0 1.0 0.0
vn 0.0 1.0 0.0
vn 0.0 1.0 -0.0
vn 0.0 1.0 0.0
vn 0.0 1.0 0.0
vn 0.0 1.0 0.0
vn 0.0 1.0 -0.0
vn 0.0 1.0 0.0
vn 0.0 1.0 0.0
vn 0.0 1.0 -0.0
vn 0.0 1.0 0.0
vn 0.0 1.0 0.0
vn 0.0 1.0 -0.0
vn 0.0 1.0 0.0
vn 0.0 1.0 0.0
vn 0.0 1.0 0.0
vn 0.0 1.0 0.0
vn 0.0 1.0 -0.0
vn 0.0 1.0 0.0
vn 0.0 1.0 0.0
vn 0.0 1.0 0.0
vn 0.0 1.0 0.0
vn 0.0 1.0 0.0
vn 0.0 1.0 -0.0
vn 0.0 1.0 0.0
vn 0.0 1.0 0.0
vn 0.0 1.0 -0.0
vn 0.0 1.0 0.0
vn 0.0 1.0 0.0
vn 0.0 1.0 -0.0
vn 0.0 1.0 0.0
vn 0.0 1.0 -0.0
vn 0.0 1.0 0.0
vn 0.0 1.0 0.0
vn 0.0 1.0 0.0
vn 0.0 1.0 0.0
vn 0.0 1.0 0.0
vn 0.0 1.0 0.0
vn 0.0 1.0 0.0
vn 0.0 1.0 0.0
vn 0.0 1.0 0.0
vn 0.0 1.0 0.0
vn 0.0 1.0 0.0
vn 0.0 1.0 0.0
vn 0.0 1.0 0.0
vn 0.0 1.0 0.0
vn 0.0 1.0 0.0
vn 0.0 1.0 0.0
vn 0.0 1.0 -0.0
vn 0.0 1.0 0.0
vn 0.0 1.0 -0.0
vn 0.0 1.0 -0.0
vn 0.0 1.0 0.0
vn 0.0 1.0 0.0
vn 0.0 1.0 -0.0
vn 0.0 1.0 0.0
vn 0.0 1.0 0.0
vn 0.0 1.0 0.0
vn 0.0 1.0 0.0
vn 0.0 1.0 0.0
vn 0.0 1.0 0.0
vn 0.0 1.0 0.0
vn 0.0 1.0 -0.0
vn 0.0 1.0 0.0
vn 0.0 1.0 -0.0
vn 0.0 1.0 -0.0
vn 0.0 1.0 -0.0
vn 0.0 1.0 0.0
vn 0.0 1.0 -0.0
vn 0.0 1.0 0.0
vn 0.0 1.0 -0.0
vn 0.0 1.0 0.0
vn 0.0 1.0 -0.0
vn 0.0 1.0 -0.0
vn 0.0 1.0 0.0
vn 0.0 1.0 0.0
vn 0.0 1.0 0.0
vn 0.0 1.0 0.0
vn 0.0 1.0 0.0
vn 0.0 1.0 0.0
vn 0.0 1.0 -0.0
vn 0.0 1.0 -0.0
vn 0.0 1.0 0.0
vn 0.0 1.0 0.0
vn 0.0 1.0 0.0
vn 0.0 1.0 0.0
vn 0.0 1.0 0.0
vn 0.0 1.0 0.0
vn 0.0 1.0 0.0
vn 0.0 1.0 -0.0
vn 0.0 1.0 -0.0
vn 0.0 1.0 0.0
vn 0.0 1.0 0.0
vn 0.0 1.0 0.0
vn 0.0 1.0 0.0
vn 0.0 1.0 0.0
vn 0.0 1.0 0.0
vn 0.0 1.0 0.0
vn 0.0 1.0 0.0
vn 0.0 1.0 0.0
vn 0.0 1.0 -0.0
vn 0.0 1.0 0.0
vn 0.0 1.0 0.0
vn 0.0 1.0 0.0
vn 0.0 1.0 -0.0
vn 0.0 1.0 0.0
vn 0.0 1.0 0.0
vn 0.0 1.0 0.0
vn 0.0 1.0 -0.0
vn 0.0 1.0 0.0
vn 0.0 1.0 0.0
vn 0.0 1.0 0.0
vn 0.0 1.0 -0.0
vn 0.0 1.0 0.0
vn 0.0 1.0 -0.0
vn 0.0 1.0 0.0
vn 0.0 1.0 -0.0
vn 0.0 1.0 0.0
vn 0.0 1.0 -0.0
vn 0.0 1.0 0.0
vn 0.0 1.0 -0.0
vn 0.0 1.0 -0.0
vn 0.0 1.0 0.0
vn 0.0 1.0 -0.0
vn 0.0 1.0 -0.0
vn 0.0 1.0 0.0
vn 0.0 1.0 -0.0
vn 0.0 1.0 0.0
vn 0.0 1.0 0.0
vn 0.0 1.0 0.0
vn 0.0 1.0 0.0
vn 0.0 1.0 0.0
vn 0.0 1.0 0.0
vn 0.0 1.0 0.0
vn 0.0 1.0 0.0
vn 0.0 1.0 0.0
vn 0.0 1.0 0.0
vn 0.0 1.0 -0.0
vn 0.0 1.0 0.0
vn 0.0 1.0 0.0
vn 0.0 1.0 0.0
vn 0.0 1.0 0.0
vn 0.0 1.0 0.0
vn 0.0 1.0 0.0
vn 0.0 1.0 0.0
vn 0.0 1.0 0.0
vn 0.0 1.0 0.0
vn 0.0 1.0 0.0
vn 0.0 1.0 -0.0
vn 0.0 1.0 0.0
vn 0.0 1.0 0.0
vn 0.0 1.0 0.0
vn 0.0 1.0 0.0
vn 0.0 1.0 0.0
vn 0.0 1.0 0.0
vn 0.0 1.0 0.0
vn 0.0 1.0 0.0
vn 0.0 1.0 0.0
vn 0.0 1.0 0.0
vn 0.0 1.0 0.0
vn 0.0 1.0 0.0
vn 0.0 1.0 -0.0
vn 0.0 1.0 0.0
vn 0.0 1.0 -0.0
vn 0.0 1.0 0.0
vn 0.0 1.0 -0.0
vn 0.0 1.0 -0.0
vn 0.0 1.0 0.0
vn 0.0 1.0 0.0
vn 0.0 1.0 -0.0
vn 0.0 1.0 0.0
vn 0.0 1.0 0.0
vn 0.0 1.0 -0.0
vn 0.0 1.0 0.0
vn 0.0 1.0 0.0
vn 0.0 1.0 0.0
vn 0.0 1.0 -0.0
vn 0.0 1.0 0.0
vn 0.0 1.0 -0.0
vn 0.0 1.0 0.0
vn 0.0 1.0 0.0
vn 0.0 1.0 0.0
vn 0.0 1.0 -0.0
vn 0.0 1.0 0.0
vn 0.0 1.0 0.0
vn 0.0 1.0 -0.0
vn 0.0 1.0 -0.0
vn 0.0 1.0 0.0
vn 0.0 1.0 0.0
vn 0.0 1.0 -0.0
vn 0.0 1.0 0.0
vn 0.0 1.0 0.0
vn 0.0 1.0 0.0
vn 0.0 1.0 -0.0
vn 0.0 1.0 0.0
vn 0.0 1.0 -0.0
vn 0.0 1.0 0.0
vn 0.0 1.0 -0.0
vn 0.0 1.0 -0.0
vn 0.0 1.0 0.0
vn 0.0 1.0 0.0
vn 0.0 1.0 0.0
vn 0.0 1.0 -0.0
vn 0.0 1.0 0.0
vn 0.0 1.0 0.0
vn 0.0 1.0 0.0
vn 0.0 1.0 -0.0
vn 0.0 1.0 0.0
vn 0.0 1.0 0.0
vn 0.0 1.0 -0.0
vn 0.0 1.0 0.0
vn 0.0 1.0 0.0
vn 0.0 1.0 0.0
vn 0.0 1.0 -0.0
vn 0.0 1.0 0.0
vn 0.0 1.0 0.0
vn 0.0 1.0 0.0
vn 0.0 1.0 0.0
vn 0.0 1.0 0.0
vn 0.0 1.0 -0.0
vn 0.0 1.0 0.0
vn 0.0 1.0 0.0
vn 0.0 1.0 0.0
vn 0.0 1.0 -0.0
vn 0.0 1.0 0.0
vn 0.0 1.0 0.0
vn 0.0 1.0 0.0
vn 0.0 1.0 0.0
vn 0.0 1.0 -0.0
vn 0.0 1.0 0.0
vn 0.0 1.0 0.0
vn 0.0 1.0 0.0
vn 0.0 1.0 -0.0
vn 0.0 1.0 -0.0
vn 0.0 1.0 0.0
vn 0.0 1.0 0.0
vn 0.0 1.0 0.0
vn 0.0 1.0 0.0
vn 0.0 1.0 0.0
vn 0.0 1.0 0.0
vn 0.0 1.0 0.0
vn 0.0 1.0 0.0
vn 0.0 1.0 0.0
vn 0.0 1.0 0.0
vn 0.0 1.0 0.0
vn 0.0 1.0 0.0
vn 0.0 1.0 0.0
vn 0.0 1.0 0.0
vn 0.0 1.0 0.0
vn 0.0 1.0 0.0
vn 0.0 1.0 0.0
vn 0.0 1.0 0.0
vn 0.0 1.0 0.0
vn 0.0 1.0 0.0
vn 0.0 1.0 0.0
vn 0.0 1.0 0.0
vn 0.0 1.0 0.0
vn 0.0 1.0 0.0
vn 0.0 1.0 0.0
vn 0.0 1.0 0.0
vn 0.0 1.0 0.0
vn 0.0 1.0 0.0
vn 0.0 1.0 0.0
vn 0.0 1.0 -0.0
vn 0.0 1.0 0.0
vn 0.0 1.0 0.0
vn 0.0 1.0 0.0
vn 0.0 1.0 0.0
vn 0.0 1.0 0.0
vn 0.0 1.0 0.0
vn 0.0 1.0 0.0
vn 0.0 1.0 0.0
vn 0.0 1.0 0.0
vn 0.0 1.0 0.0
vn 0.0 1.0 0.0
vn 0.0 1.0 0.0
vn 0.0 1.0 0.0
vn 0.0 1.0 0.0
vn 0.0 1.0 0.0
vn 0.0 1.0 -0.0
vn 0.0 1.0 -0.0
vn 0.0 1.0 0.0
vn 0.0 1.0 0.0
vn 0.0 1.0 0.0
vn 0.0 1.0 0.0
vn 0.0 1.0 0.0
vn 0.0 1.0 0.0
vn 0.0 1.0 0.0
vn 0.0 1.0 0.0
vn 0.0 1.0 0.0
vn 0.0 1.0 0.0
vn 0.0 1.0 0.0
vn 0.0 1.0 0.0
vn 0.0 1.0 0.0
vn 0.0 1.0 0.0
vn 0.0 1.0 0.0
vn 0.0 1.0 0.0
vn 0.0 1.0 -0.0
vn 0.0 1.0 0.0
vn 0.0 1.0 -0.0
vn 0.0 1.0 0.0
vn 0.0 1.0 0.0
vn 0.0 1.0 0.0
vn 0.0 1.0 0.0
vn 0.0 1.0 0.0
vn 0.0 1.0 -0.0
vn 0.0 1.0 0.0
vn 0.0 1.0 0.0
vn 0.0 1.0 0.0
vn 0.0 1.0 -0.0
vn 0.0 1.0 0.0
vn 0.0 1.0 0.0
vn 0.0 1.0 -0.0
vn 0.0 1.0 0.0
vn 0.0 1.0 -0.0
vn 0.0 1.0 0.0
vn 0.0 1.0 -0.0
vn 0.0 1.0 0.0
vn 0.0 1.0 0.0
vn 0.0 1.0 0.0
vn 0.0 1.0 -0.0
vn 0.0 1.0 0.0
vn 0.0 1.0 0.0
vn 0.0 1.0 0.0
vn 0.0 1.0 -0.0
vn 0.0 1.0 -0.0
vn 0.0 1.0 0.0
vn 0.0 1.0 0.0
vn 0.0 1.0 0.0
vn 0.0 1.0 0.0
vn 0.0 1.0 -0.0
vn 0.0 1.0 0.0
vn 0.0 1.0 0.0
vn 0.0 1.0 0.0
vn 0.0 1.0 0.0
vn 0.0 1.0 -0.0
vn 0.0 1.0 0.0
vn 0.0 1.0 0.0
vn 0.0 1.0 -0.0
vn 0.0 1.0 0.0
vn 0.0 1.0 0.0
vn 0.0 1.0 0.0
vn 0.0 1.0 0.0
vn 0.0 1.0 -0.0
vn 0.0 1.0 0.0
vn 0.0 1.0 0.0
vn 0.0 1.0 0.0
vn 0.0 1.0 -0.0
vn 0.0 1.0 0.0
vn 0.0 1.0 0.0
vn 0.0 1.0 0.0
vn 0.0 1.0 0.0
vn 0.0 1.0 -0.0
vn 0.0 1.0 0.0
vn 0.0 1.0 0.0
vn 0.0 1.0 -0.0
vn 0.0 1.0 0.0
vn 0.0 1.0 0.0
vn 0.0 1.0 0.0
vn 0.0 1.0 0.0
vn 0.0 1.0 0.0
vn 0.0 1.0 0.0
vn 0.0 1.0 0.0
vn 0.0 1.0 0.0
vn 0.0 1.0 0.0
vn 0.0 1.0 0.0
vn 0.0 1.0 0.0
vn 0.0 1.0 0.0
vn 0.0 1.0 -0.0
vn 0.0 1.0 0.0
vn 0.0 1.0 0.0
vn 0.0 1.0 0.0
vn 0.0 1.0 0.0
vn 0.0 1.0 0.0
vn 0.0 1.0 0.0
vn 0.0 1.0 0.0
vn 0.0 1.0 0.0
vn 0.0 1.0 0.0
vn 0.0 1.0 0.0
vn 0.0 1.0 0.0
vn 0.0 1.0 0.0
vn 0.0 1.0 -0.0
vn 0.0 1.0 -0.0
vn 0.0 1.0 0.0
vn 0.0 1.0 -0.0
vn 0.0 1.0 -0.0
vn 0.0 1.0 0.0
vn 0.0 1.0 -0.0
vn 0.0 1.0 -0.0
vn 0.0 1.0 0.0
vn 0.0 1.0 -0.0
vn 0.0 1.0 0.0
vn 0.0 1.0 -0.0
vn 0.0 1.0 -0.0
vn 0.0 1.0 0.0
vn 0.0 1.0 -0.0
vn 0.0 1.0 0.0
vn 0.0 1.0 -0.0
vn 0.0 1.0 -0.0
vn 0.0 1.0 0.0
vn 0.0 1.0 -0.0
vn 0.0 1.0 -0.0
vn 0.0 1.0 0.0
vn 0.0 1.0 -0.0
vn 0.0 1.0 0.0
vn 0.0 1.0 -0.0
vn 0.0 1.0 -0.0
vn 0.0 1.0 0.0
vn 0.0 1.0 -0.0
vn 0.0 1.0 0.0
vn 0.0 1.0 -0.0
vn 0.0 1.0 -0.0
vn 0.0 1.0 -0.0
vn 0.0 1.0 0.0
vn 0.0 1.0 -0.0
vn 0.0 1.0 0.0
vn 0.0 1.0 0.0
vn 0.0 1.0 0.0
vn 0.0 1.0 0.0
vn 0.0 1.0 0.0
vn 0.0 1.0 0.0
vn 0.0 1.0 0.0
vn 0.0 1.0 -0.0
vn 0.0 1.0 0.0
vn 0.0 1.0 0.0
vn 0.0 1.0 0.0
vn 0.0 1.0 0.0
vn 0.0 1.0 -0.0
vn 0.0 1.0 0.0
vn 0.0 1.0 0.0
vn 0.0 1.0 0.0
vn 0.0 1.0 0.0
vn 0.0 1.0 0.0
vn 0.0 1.0 0.0
vn 0.0 1.0 0.0
vn 0.0 1.0 -0.0
vn 0.0 1.0 0.0
vn 0.0 1.0 0.0
vn 0.0 1.0 -0.0
vn 0.0 1.0 0.0
vn 0.0 1.0 0.0
vn 0.0 1.0 -0.0
vn 0.0 1.0 0.0
vn 0.0 1.0 0.0
vn 0.0 1.0 0.0
vn 0.0 1.0 0.0
vn 0.0 1.0 -0.0
vn 0.0 1.0 0.0
vn 0.0 1.0 0.0
vn 0.0 1.0 0.0
vn 0.0 1.0 0.0
vn 0.0 1.0 -0.0
vn 0.0 1.0 0.0
vn 0.0 1.0 0.0
vn 0.0 1.0 0.0
vn 0.0 1.0 0.0
vn 0.0 1.0 0.0
vn 0.0 1.0 0.0
vn 0.0 1.0 0.0
vn 0.0 1.0 -0.0
vn 0.0 1.0 0.0
vn 0.0 1.0 0.0
vn 0.0 1.0 0.0
vn 0.0 1.0 -0.0
vn 0.0 1.0 0.0
vn 0.0 1.0 -0.0
vn 0.0 1.0 0.0
vn 0.0 1.0 0.0
vn 0.0 1.0 0.0
vn 0.0 1.0 -0.0
vn 0.0 1.0 -0.0
vn 0.0 1.0 0.0
vn 0.0 1.0 0.0
vn 0.0 1.0 0.0
vn 0.0 1.0 -0.0
vn 0.0 1.0 0.0
vn 0.0 1.0 -0.0
vn 0.0 1.0 0.0
vn 0.0 1.0 -0.0
vn 0.0 1.0 0.0
vn 0.0 1.0 0.0
vn 0.0 1.0 -0.0
vn 0.0 1.0 0.0
vn 0.0 1.0 0.0
vn 0.0 1.0 0.0
vn 0.0 1.0 0.0
vn 0.0 1.0 0.0
vn 0.0 1.0 0.0
vn 0.0 1.0 0.0
vn 0.0 1.0 0.0
vn 0.0 1.0 0.0
vn 0.0 1.0 0.0
vn 0.0 1.0 0.0
vn 0.0 1.0 0.0
vn 0.0 1.0 0.0
vn 0.0 1.0 0.0
vn 0.0 1.0 0.0
vn 0.0 1.0 0.0
vn 0.0 1.0 0.0
vn 0.0 1.0 0.0
vn 0.0 1.0 0.0
vn 0.0 1.0 0.0
vn 0.0 1.0 0.0
vn 0.0 1.0 0.0
vn 0.0 1.0 0.0
vn 0.0 1.0 0.0
vn 0.0 1.0 -0.0
vn 0.0 1.0 0.0
vn 0.0 1.0 0.0
vn 0.0 1.0 -0.0
vn 0.0 1.0 0.0
vn 0.0 1.0 0.0
vn 0.0 1.0 -0.0
vn 0.0 1.0 0.0
vn 0.0 1.0 -0.0
vn 0.0 1.0 0.0
vn 0.0 1.0 -0.0
vn 0.0 1.0 0.0
vn 0.0 1.0 -0.0
vn 0.0 1.0 0.0
vn 0.0 1.0 0.0
vn 0.0 1.0 0.0
vn 0.0 1.0 -0.0
vn 0.0 1.0 -0.0
vn 0.0 1.0 0.0
vn 0.0 1.0 0.0
vn 0.0 1.0 0.0
vn 0.0 1.0 -0.0
vn 0.0 1.0 0.0
vn 0.0 1.0 0.0
vn 0.0 1.0 0.0
vn 0.0 1.0 0.0
vn 0.0 1.0 0.0
vn 0.0 1.0 0.0
vn 0.0 1.0 0.0
vn 0.0 1.0 0.0
vn 0.0 1.0 0.0
vn 0.0 1.0 0.0
vn 0.0 1.0 0.0
vn 0.0 1.0 0.0
vn 0.0 1.0 0.0
vn 0.0 1.0 0.0
vn 0.0 1.0 0.0
vn 0.0 1.0 -0.0
vn 0.0 1.0 0.0
vn 0.0 1.0 0.0
vn 0.0 1.0 0.0
vn 0.0 1.0 0.0
vn 0.0 1.0 0.0
vn 0.0 1.0 -0.0
vn 0.0 1.0 0.0
vn 0.0 1.0 0.0
vn 0.0 1.0 0.0
vn 0.0 1.0 0.0
vn 0.0 1.0 0.0
vn 0.0 1.0 -0.0
vn 0.0 1.0 0.0
vn 0.0 1.0 -0.0
vn 0.0 1.0 -0.0
vn 0.0 1.0 0.0
vn 0.0 1.0 -0.0
vn 0.0 1.0 -0.0
vn 0.0 1.0 -0.0
vn 0.0 1.0 -0.0
vn 0.0 1.0 -0.0
vn 0.0 1.0 -0.0
vn 0.0 1.0 -0.0
vn 0.0 1.0 -0.0
vn 0.0 1.0 -0.0
vn 0.0 1.0 -0.0
vn 0.0 1.0 -0.0
vn 0.0 1.0 -0.0
vn 0.0 1.0 -0.0
vn 0.0 1.0 -0.0
vn 0.0 1.0 -0.0
vn 0.0 1.0 -0.0
vn 0.0 1.0 -0.0
vn 0.0 1.0 0.0
vn 0.0 1.0 -0.0
vn 0.0 1.0 0.0
vn 0.0 1.0 -0.0
vn 0.0 1.0 -0.0
vn 0.0 1.0 0.0
vn 0.0 1.0 0.0
vn 0.0 1.0 -0.0
vn 0.0 1.0 -0.0
vn 0.0 1.0 -0.0
vn 0.0 1.0 0.0
vn 0.0 1.0 -0.0
vn 0.0 1.0 0.0
vn 0.0 1.0 -0.0
vn 0.0 1.0 -0.0
vn 0.0 1.0 0.0
vn 0.0 1.0 0.0
vn 0.0 1.0 -0.0
vn 0.0 1.0 -0.0
vn 0.0 1.0 0.0
vn 0.0 1.0 -0.0
vn 0.0 1.0 -0.0
vn 0.0 1.0 0.0
vn 0.0 1.0 -0.0
vn 0.0 1.0 -0.0
vn 0.0 1.0 0.0
vn 0.0 1.0 0.0
vn 0.0 1.0 -0.0
vn 0.0 1.0 0.0
vn 0.0 1.0 0.0
vn 0.0 1.0 -0.0
vn 0.0 1.0 0.0
vn 0.0 1.0 0.0
vn 0.0 1.0 -0.0
vn 0.0 1.0 0.0
vn 0.0 1.0 -0.0
vn 0.0 1.0 0.0
vn 0.0 1.0 -0.0
vn 0.0 1.0 0.0
vn 0.0 1.0 0.0
vn 0.0 1.0 0.0
vn 0.0 1.0 0.0
vn 0.0 1.0 0.0
vn 0.0 1.0 0.0
vn 0.0 1.0 0.0
vn 0.0 1.0 0.0
vn 0.0 1.0 -0.0
vn 0.0 1.0 0.0
vn 0.0 1.0 0.0
vn 0.0 1.0 -0.0
vn 0.0 1.0 0.0
vn 0.0 1.0 -0.0
vn 0.0 1.0 -0.0
vn 0.0 1.0 -0.0
vn 0.0 1.0 0.0
vn 0.0 1.0 0.0
vn 0.0 1.0 -0.0
vn 0.0 1.0 -0.0
vn 0.0 1.0 0.0
vn 0.0 1.0 -0.0
vn 0.0 1.0 -0.0
vn 0.0 1.0 0.0
vn 0.0 1.0 0.0
vn 0.0 1.0 0.0
vn 0.0 1.0 0.0
vn 0.0 1.0 0.0
vn 0.0 1.0 -0.0
vn 0.0 1.0 0.0
vn 0.0 1.0 0.0
vn 0.0 1.0 0.0
vn 0.0 1.0 0.0
vn 0.0 1.0 0.0
vn 0.0 1.0 0.0
vn 0.0 1.0 0.0
vn 0.0 1.0 0.0
vn 0.0 1.0 0.0
vn 0.0 1.0 -0.0
vn 0.0 1.0 0.0
vn 0.0 1.0 0.0
vn 0.0 1.0 -0.0
vn 0.0 1.0 -0.0
vn 0.0 1.0 -0.0
vn 0.0 1.0 0.0
vn 0.0 1.0 -0.0
vn 0.0 1.0 0.0
vn 0.0 1.0 -0.0
vn 0.0 1.0 -0.0
vn 0.0 1.0 0.0
vn 0.0 1.0 -0.0
vn 0.0 1.0 0.0
vn 0.0 1.0 -0.0
vn 0.0 1.0 0.0
vn 0.0 1.0 -0.0
vn 0.0 1.0 0.0
vn 0.0 1.0 -0.0
vn 0.0 1.0 0.0
vn 0.0 1.0 -0.0
vn 0.0 1.0 0.0
vn 0.0 1.0 -0.0
vn 0.0 1.0 -0.0
vn 0.0 1.0 0.0
vn 0.0 1.0 -0.0
vn 0.0 1.0 0.0
vn 0.0 1.0 -0.0
vn 0.0 1.0 -0.0
vn 0.0 1.0 0.0
vn 0.0 1.0 -0.0
vn 0.0 1.0 0.0
vn 0.0 1.0 -0.0
vn 0.0 1.0 -0.0
vn 0.0 1.0 0.0
vn 0.0 1.0 -0.0
vn 0.0 1.0 0.0
vn 0.0 1.0 0.0
vn 0.0 1.0 -0.0
vn 0.0 1.0 0.0
vn 0.0 1.0 0.0
vn 0.0 1.0 0.0
vn 0.0 1.0 -0.0
vn 0.0 1.0 0.0
vn 0.0 1.0 0.0
vn 0.0 1.0 -0.0
vn 0.0 1.0 0.0
vn 0.0 1.0 0.0
vn 0.0 1.0 0.0
vn 0.0 1.0 -0.0
vn 0.0 1.0 0.0
vn 0.0 1.0 0.0
vn 0.0 1.0 -0.0
vn 0.0 1.0 0.0
vn 0.0 1.0 0.0
vn 0.0 1.0 0.0
vn 0.0 1.0 0.0
vn 0.0 1.0 0.0
vn 0.0 1.0 0.0
vn 0.0 1.0 0.0
vn 0.0 1.0 0.0
vn 0.0 1.0 0.0
vn 0.0 1.0 0.0
vn 0.0 1.0 0.0
vn 0.0 1.0 0.0
vn 0.0 1.0 0.0
vn 0.0 1.0 0.0
vn 0.0 1.0 0.0
vn 0.0 1.0 0.0
vn 0.0 1.0 0.0
vn 0.0 1.0 0.0
vn 0.0 1.0 0.0
vn 0.0 1.0 0.0
vn 0.0 1.0 0.0
vn 0.0 1.0 0.0
vn 0.0 1.0 0.0
vn 0.0 1.0 0.0
vn 0.0 1.0 0.0
vn 0.0 1.0 0.0
vn 0.0 1.0 0.0
vn 0.0 1.0 0.0
vn 0.0 1.0 0.0
vn 0.0 1.0 0.0
vn 0.0 1.0 0.0
vn 0.0 1.0 0.0
vn 0.0 1.0 0.0
vn 0.0 1.0 0.0
vn 0.0 1.0 0.0
vn 0.0 1.0 0.0
vn 0.0 1.0 0.0
vn 0.0 1.0 0.0
vn 0.0 1.0 0.0
vn 0.0 1.0 0.0
vn 0.0 1.0 0.0
vn 0.0 1.0 0.0
vn 0.0 1.0 0.0
vn 0.0 1.0 0.0
vn 0.0 1.0 0.0
vn 0.0 1.0 0.0
vn 0.0 1.0 0.0
vn 0.0 1.0 0.0
vn 0.0 1.0 0.0
vn 0.0 1.0 0.0
vn 0.0 1.0 0.0
vn 0.0 1.0 0.0
vn 0.0 1.0 0.0
vn 0.0 1.0 0.0
vn 0.0 1.0 0.0
vn 0.0 1.0 0.0
vn 0.0 1.0 -0.0
vn 0.0 1.0 0.0
vn 0.0 1.0 -0.0
vn 0.0 1.0 -0.0
vn 0.0 1.0 -0.0
vn 0.0 1.0 -0.0
vn 0.0 1.0 -0.0
vn 0.0 1.0 0.0
vn 0.0 1.0 0.0
vn 0.0 1.0 0.0
vn 0.0 1.0 0.0
vn -0.0 1.0 0.0
vn -0.0 1.0 0.0
vn 0.0 1.0 0.0
vn 0.0 1.0 0.0
vn 0.0 1.0 0.0
vn 0.0 1.0 0.0
vn 0.0 1.0 0.0
vn 0.0 1.0 -0.0
vn 0.0 1.0 0.0
vn 0.0 1.0 0.0
vn 0.0 1.0 -0.0
vn 0.0 1.0 -0.0
vn 0.0 1.0 0.0
vn 0.0 1.0 0.0
vn 0.0 1.0 0.0
vn 0.0 1.0 0.0
vn 0.0 1.0 -0.0
vn 0.0 1.0 0.0
vn 0.0 1.0 0.0
vn 0.0 1.0 -0.0
vn 0.0 1.0 0.0
vn 0.0 1.0 -0.0
vn 0.0 1.0 0.0
vn 0.0 1.0 -0.0
vn 0.0 1.0 0.0
vn 0.0 1.0 0.0
vn 0.0 1.0 0.0
vn 0.0 1.0 0.0
vn 0.0 1.0 -0.0
vn 0.0 1.0 0.0
vn 0.0 1.0 -0.0
vn 0.0 1.0 0.0
vn 0.0 1.0 -0.0
vn 0.0 1.0 -0.0
vn 0.0 1.0 0.0
vn 0.0 1.0 0.0
vn 0.0 1.0 0.0
vn 0.0 1.0 -0.0
vn 0.0 1.0 0.0
vn 0.0 1.0 0.0
vn 0.0 1.0 -0.0
vn 0.0 1.0 0.0
vn 0.0 1.0 0.0
vn 0.0 1.0 -0.0
vn 0.0 1.0 0.0
vn 0.0 1.0 -0.0
vn 0.0 1.0 0.0
vn 0.0 1.0 -0.0
vn 0.0 1.0 0.0
vn 0.0 1.0 -0.0
vn 0.0 1.0 0.0
vn 0.0 1.0 0.0
vn 0.0 1.0 0.0
vn 0.0 1.0 0.0
vn 0.0 1.0 0.0
vn 0.0 1.0 -0.0
vn 0.0 1.0 0.0
vn 0.0 1.0 0.0
vn 0.0 1.0 0.0
vn 0.0 1.0 0.0
vn 0.0 1.0 0.0
vn 0.0 1.0 0.0
vn 0.0 1.0 0.0
vn 0.0 1.0 -0.0
vn 0.0 1.0 0.0
vn 0.0 1.0 0.0
vn 0.0 1.0 -0.0
vn 0.0 1.0 0.0
vn 0.0 1.0 -0.0
vn 0.0 1.0 0.0
vn 0.0 1.0 -0.0
vn 0.0 1.0 0.0
vn 0.0 1.0 -0.0
vn 0.0 1.0 -0.0
vn 0.0 1.0 0.0
vn 0.0 1.0 -0.0
vn 0.0 1.0 0.0
vn 0.0 1.0 0.0
vn 0.0 1.0 0.0
vn 0.0 1.0 -0.0
vn 0.0 1.0 0.0
vn 0.0 1.0 0.0
vn 0.0 1.0 -0.0
vn 0.0 1.0 0.0
vn 0.0 1.0 -0.0
vn 0.0 1.0 -0.0
vn 0.0 1.0 0.0
vn 0.0 1.0 -0.0
vn 0.0 1.0 0.0
vn 0.0 1.0 -0.0
vn 0.0 1.0 0.0
vn 0.0 1.0 0.0
vn 0.0 1.0 0.0
vn 0.0 1.0 0.0
vn 0.0 1.0 0.0
vn 0.0 1.0 0.0
vn 0.0 1.0 -0.0
vn 0.0 1.0 0.0
vn 0.0 1.0 0.0
vn 0.0 1.0 0.0
vn 0.0 1.0 -0.0
vn 0.0 1.0 0.0
vn 0.0 1.0 0.0
vn 0.0 1.0 -0.0
vn 0.0 1.0 -0.0
vn 0.0 1.0 -0.0
vn 0.0 1.0 0.0
vn 0.0 1.0 -0.0
vn 0.0 1.0 0.0
vn 0.0 1.0 -0.0
vn 0.0 1.0 0.0
vn 0.0 1.0 0.0
vn 0.0 1.0 0.0
vn 0.0 1.0 0.0
vn 0.0 1.0 -0.0
vn 0.0 1.0 -0.0
vn 0.0 1.0 0.0
vn 0.0 1.0 -0.0
vn 0.0 1.0 0.0
vn 0.0 1.0 -0.0
vn 0.0 1.0 0.0
vn 0.0 1.0 -0.0
vn 0.0 1.0 0.0
vn 0.0 1.0 0.0
vn 0.0 1.0 -0.0
vn 0.0 1.0 -0.0
vn 0.0 1.0 -0.0
vn 0.0 1.0 0.0
vn 0.0 1.0 0.0
vn 0.0 1.0 0.0
vn 0.0 1.0 -0.0
vn 0.0 1.0 -0.0
vn 0.0 1.0 0.0
vn 0.0 1.0 0.0
vn 0.0 1.0 0.0
vn 0.0 1.0 0.0
vn 0.0 1.0 0.0
vn 0.0 1.0 0.0
vn 0.0 1.0 -0.0
vn 0.0 1.0 0.0
vn 0.0 1.0 0.0
vn 0.0 1.0 0.0
vn 0.0 1.0 0.0
vn 0.0 1.0 -0.0
vn 0.0 1.0 0.0
vn 0.0 1.0 0.0
vn 0.0 1.0 -0.0
vn 0.0 1.0 0.0
vn 0.0 1.0 0.0
vn 0.0 1.0 0.0
vn 0.0 1.0 0.0
vn 0.0 1.0 0.0
vn 0.0 1.0 -0.0
vn 0.0 1.0 0.0
vn 0.0 1.0 0.0
vn 0.0 1.0 0.0
vn 0.0 1.0 0.0
vn 0.0 1.0 0.0
vn 0.0 1.0 0.0
vn 0.0 1.0 0.0
vn 0.0 1.0 0.0
vn 0.0 1.0 -0.0
vn 0.0 1.0 0.0
vn 0.0 1.0 0.0
vn 0.0 1.0 0.0
vn 0.0 1.0 0.0
vn 0.0 1.0 0.0
vn 0.0 1.0 0.0
vn 0.0 1.0 0.0
vn 0.0 1.0 0.0
vn 0.0 1.0 0.0
vn 0.0 1.0 0.0
vn 0.0 1.0 -0.0
vn 0.0 1.0 -0.0
vn 0.0 1.0 0.0
vn 0.0 1.0 -0.0
vn 0.0 1.0 0.0
vn 0.0 1.0 0.0
vn 0.0 1.0 0.0
vn 0.0 1.0 0.0
vn 0.0 1.0 -0.0
vn 0.0 1.0 0.0
vn 0.0 1.0 0.0
vn 0.0 1.0 0.0
vn 0.0 1.0 -0.0
vn 0.0 1.0 0.0
vn 0.0 1.0 -0.0
vn 0.0 1.0 0.0
vn 0.0 1.0 -0.0
vn 0.0 1.0 0.0
vn 0.0 1.0 -0.0
vn 0.0 1.0 0.0
vn 0.0 1.0 -0.0
vn 0.0 1.0 0.0
vn 0.0 1.0 -0.0
vn 0.0 1.0 0.0
vn 0.0 1.0 -0.0
vn 0.0 1.0 0.0
vn 0.0 1.0 -0.0
vn 0.0 1.0 -0.0
vn 0.0 1.0 0.0
vn 0.0 1.0 -0.0
vn 0.0 1.0 0.0
vn 0.0 1.0 -0.0
vn 0.0 1.0 0.0
vn 0.0 1.0 -0.0
vn 0.0 1.0 0.0
vn 0.0 1.0 0.0
vn 0.0 1.0 -0.0
vn 0.0 1.0 0.0
vn 0.0 1.0 0.0
vn 0.0 1.0 -0.0
vn 0.0 1.0 -0.0
vn 0.0 1.0 0.0
vn 0.0 1.0 0.0
vn 0.0 1.0 -0.0
vn 0.0 1.0 0.0
vn 0.0 1.0 -0.0
vn 0.0 1.0 0.0
vn 0.0 1.0 -0.0
vn 0.0 1.0 -0.0
vn 0.0 1.0 0.0
vn 0.0 1.0 -0.0
vn 0.0 1.0 -0.0
vn 0.0 1.0 0.0
vn 0.0 1.0 -0.0
vn 0.0 1.0 -0.0
vn 0.0 1.0 -0.0
vn 0.0 1.0 0.0
vn 0.0 1.0 0.0
vn 0.0 1.0 -0.0
vn 0.0 1.0 -0.0
vn 0.0 1.0 -0.0
vn 0.0 1.0 0.0
vn 0.0 1.0 -0.0
vn 0.0 1.0 0.0
vn 0.0 1.0 -0.0
vn 0.0 1.0 -0.0
vn 0.0 1.0 0.0
vn 0.0 1.0 -0.0
vn 0.0 1.0 -0.0
vn 0.0 1.0 0.0
vn 0.0 1.0 -0.0
vn 0.0 1.0 -0.0
vn 0.0 1.0 0.0
vn 0.0 1.0 -0.0
vn 0.0 1.0 0.0
vn 0.0 1.0 0.0
vn 0.0 1.0 -0.0
vn 0.0 1.0 0.0
vn 0.0 1.0 0.0
vn 0.0 1.0 0.0
vn 0.0 1.0 0.0
vn 0.0 1.0 -0.0
vn 0.0 1.0 0.0
vn 0.0 1.0 0.0
vn 0.0 1.0 0.0
vn 0.0 1.0 0.0
vn 0.0 1.0 -0.0
vn 0.0 1.0 0.0
vn 0.0 1.0 0.0
vn 0.0 1.0 0.0
vn 0.0 1.0 0.0
vn 0.0 1.0 0.0
vn 0.0 1.0 -0.0
vn 0.0 1.0 0.0
vn 0.0 1.0 0.0
vn 0.0 1.0 -0.0
vn 0.0 1.0 -0.0
vn 0.0 1.0 0.0
vn 0.0 1.0 -0.0
vn 0.0 1.0 0.0
vn 0.0 1.0 0.0
vn 0.0 1.0 0.0
vn 0.0 1.0 -0.0
vn 0.0 1.0 -0.0
vn 0.0 1.0 0.0
vn 0.0 1.0 0.0
vn 0.0 1.0 -0.0
vn 0.0 1.0 0.0
vn 0.0 1.0 -0.0
vn 0.0 1.0 0.0
vn 0.0 1.0 0.0
vn 0.0 1.0 0.0
vn 0.0 1.0 -0.0
vn 0.0 1.0 -0.0
vn 0.0 1.0 0.0
vn 0.0 1.0 0.0
vn 0.0 1.0 0.0
vn 0.0 1.0 -0.0
vn 0.0 1.0 0.0
vn 0.0 1.0 0.0
vn 0.0 1.0 0.0
vn 0.0 1.0 0.0
vn 0.0 1.0 0.0
vn 0.0 1.0 -0.0
vn 0.0 1.0 -0.0
vn 0.0 1.0 0.0
vn 0.0 1.0 -0.0
vn 0.0 1.0 0.0
vn 0.0 1.0 -0.0
vn 0.0 1.0 0.0
vn 0.0 1.0 -0.0
vn 0.0 1.0 0.0
vn 0.0 1.0 -0.0
vn 0.0 1.0 0.0
vn 0.0 1.0 0.0
vn 0.0 1.0 0.0
vn 0.0 1.0 -0.0
vn 0.0 1.0 0.0
vn 0.0 1.0 -0.0
vn 0.0 1.0 0.0
vn 0.0 1.0 -0.0
vn 0.0 1.0 0.0
vn 0.0 1.0 -0.0
vn 0.0 1.0 0.0
vn 0.0 1.0 0.0
vn 0.0 1.0 -0.0
vn 0.0 1.0 0.0
vn 0.0 1.0 -0.0
vn 0.0 1.0 0.0
vn 0.0 1.0 -0.0
vn 0.0 1.0 0.0
vn 0.0 1.0 -0.0
vn 0.0 1.0 -0.0
vn 0.0 1.0 0.0
vn 0.0 1.0 -0.0
vn 0.0 1.0 0.0
vn 0.0 1.0 -0.0
vn 0.0 1.0 -0.0
vn 0.0 1.0 0.0
vn 0.0 1.0 0.0
vn 0.0 1.0 -0.0
vn 0.0 1.0 0.0
vn 0.0 1.0 0.0
vn 0.0 1.0 -0.0
vn 0.0 1.0 -0.0
vn 0.0 1.0 0.0
vn 0.0 1.0 -0.0
vn 0.0 1.0 0.0
vn 0.0 1.0 -0.0
vn 0.0 1.0 0.0
vn 0.0 1.0 -0.0
vn 0.0 1.0 0.0
vn 0.0 1.0 -0.0
vn 0.0 1.0 0.0
vn 0.0 1.0 -0.0
vn 0.0 1.0 0.0
vn 0.0 1.0 -0.0
vn 0.0 1.0 -0.0
vn 0.0 1.0 -0.0
vn 0.0 1.0 0.0
vn 0.0 1.0 0.0
vn 0.0 1.0 -0.0
vn 0.0 1.0 -0.0
vn 0.0 1.0 0.0
vn 0.0 1.0 -0.0
vn 0.0 1.0 0.0
vn 0.0 1.0 0.0
vn 0.0 1.0 0.0
vn 0.0 1.0 -0.0
vn 0.0 1.0 0.0
vn 0.0 1.0 0.0
vn 0.0 1.0 0.0
vn 0.0 1.0 0.0
vn 0.0 1.0 -0.0
vn 0.0 1.0 0.0
vn 0.0 1.0 0.0
vn 0.0 1.0 0.0
vn 0.0 1.0 -0.0
vn 0.0 1.0 0.0
vn 0.0 1.0 0.0
vn 0.0 1.0 -0.0
vn 0.0 1.0 0.0
vn 0.0 1.0 0.0
vn 0.0 1.0 0.0
vn 0.0 1.0 -0.0
vn 0.0 1.0 0.0
vn 0.0 1.0 -0.0
vn 0.0 1.0 -0.0
vn 0.0 1.0 0.0
vn 0.0 1.0 0.0
vn 0.0 1.0 -0.0
vn 0.0 1.0 0.0
vn 0.0 1.0 0.0
vn 0.0 1.0 -0.0
vn 0.0 1.0 0.0
vn 0.0 1.0 -0.0
vn 0.0 1.0 0.0
vn 0.0 1.0 -0.0
vn 0.0 1.0 -0.0
vn 0.0 1.0 0.0
vn 0.0 1.0 -0.0
vn 0.0 1.0 0.0
vn 0.0 1.0 -0.0
vn 0.0 1.0 0.0
vn 0.0 1.0 -0.0
vn 0.0 1.0 -0.0
vn 0.0 1.0 0.0
vn 0.0 1.0 -0.0
vn 0.0 1.0 -0.0
vn 0.0 1.0 0.0
vn 0.0 1.0 -0.0
vn 0.0 1.0 0.0
vn 0.0 1.0 -0.0
vn 0.0 1.0 0.0
vn 0.0 1.0 -0.0
vn 0.0 1.0 -0.0
vn 0.0 1.0 -0.0
vn 0.0 1.0 -0.0
vn 0.0 1.0 0.0
vn 0.0 1.0 0.0
vn 0.0 1.0 -0.0
vn 0.0 1.0 0.0
vn 0.0 1.0 0.0
vn 0.0 1.0 -0.0
vn 0.0 1.0 0.0
vn 0.0 1.0 0.0
vn 0.0 1.0 0.0
vn 0.0 1.0 -0.0
vn 0.0 1.0 -0.0
vn 0.0 1.0 0.0
vn 0.0 1.0 0.0
vn 0.0 1.0 -0.0
vn 0.0 1.0 0.0
vn 0.0 1.0 0.0
vn 0.0 1.0 0.0
vn 0.0 1.0 0.0
vn 0.0 1.0 -0.0
vn 0.0 1.0 0.0
vn 0.0 1.0 0.0
vn 0.0 1.0 -0.0
vn 0.0 1.0 0.0
vn 0.0 1.0 0.0
vn 0.0 1.0 -0.0
vn 0.0 1.0 0.0
vn 0.0 1.0 -0.0
vn 0.0 1.0 0.0
vn 0.0 1.0 0.0
vn 0.0 1.0 -0.0
vn 0.0 1.0 0.0
vn 0.0 1.0 0.0
vn 0.0 1.0 0.0
vn 0.0 1.0 -0.0
vn 0.0 1.0 0.0
vn 0.0 1.0 -0.0
vn 0.0 1.0 0.0
vn 0.0 1.0 0.0
vn 0.0 1.0 -0.0
vn 0.0 1.0 -0.0
vn 0.0 1.0 0.0
vn 0.0 1.0 0.0
vn 0.0 1.0 0.0
vn 0.0 1.0 -0.0
vn 0.0 1.0 -0.0
vn 0.0 1.0 0.0
vn 0.0 1.0 0.0
vn 0.0 1.0 0.0
vn 0.0 1.0 -0.0
vn 0.0 1.0 0.0
vn 0.0 1.0 0.0
vn 0.0 1.0 0.0
vn 0.0 1.0 -0.0
vn 0.0 1.0 0.0
vn 0.0 1.0 -0.0
vn 0.0 1.0 0.0
vn 0.0 1.0 0.0
vn 0.0 1.0 -0.0
vn 0.0 1.0 0.0
vn 0.0 1.0 0.0
vn 0.0 1.0 0.0
vn 0.0 1.0 -0.0
vn 0.0 1.0 0.0
vn 0.0 1.0 -0.0
vn 0.0 1.0 -0.0
vn 0.0 1.0 0.0
vn 0.0 1.0 0.0
vn 0.0 1.0 0.0
vn 0.0 1.0 -0.0
vn 0.0 1.0 0.0
vn 0.0 1.0 -0.0
vn 0.0 1.0 -0.0
vn 0.0 1.0 0.0
vn 0.0 1.0 -0.0
vn 0.0 1.0 -0.0
vn 0.0 1.0 0.0
vn 0.0 1.0 -0.0
vn 0.0 1.0 -0.0
vn 0.0 1.0 0.0
vn 0.0 1.0 -0.0
vn 0.0 1.0 0.0
vn 0.0 1.0 -0.0
vn 0.0 1.0 -0.0
vn 0.0 1.0 -0.0
vn 0.0 1.0 0.0
vn 0.0 1.0 0.0
vn 0.0 1.0 -0.0
vn 0.0 1.0 0.0
vn 0.0 1.0 0.0
vn 0.0 1.0 -0.0
vn 0.0 1.0 0.0
vn 0.0 1.0 0.0
vn 0.0 1.0 -0.0
vn 0.0 1.0 0.0
vn 0.0 1.0 0.0
vn 0.0 1.0 0.0
vn 0.0 1.0 0.0
vn 0.0 1.0 0.0
vn 0.0 1.0 0.0
vn 0.0 1.0 0.0
vn 0.0 1.0 0.0
vn 0.0 1.0 0.0
vn 0.0 1.0 -0.0
vn 0.0 1.0 0.0
vn 0.0 1.0 -0.0
vn 0.0 1.0 0.0
vn -0.0 1.0 0.0
vn 0.0 1.0 -0.0
vn 0.0 1.0 -0.0
vn 0.0 1.0 0.0
vn 0.0 1.0 -0.0
vn 0.0 1.0 -0.0
vn 0.0 1.0 -0.0
vn 0.0 1.0 0.0
vn 0.0 1.0 0.0
vn 0.0 1.0 0.0
vn 0.0 1.0 0.0
vn 0.0 1.0 0.0
vn 0.0 1.0 0.0
vn 0.0 1.0 0.0
vn 0.0 1.0 -0.0
vn 0.0 1.0 0.0
vn 0.0 1.0 -0.0
vn 0.0 1.0 0.0
vn 0.0 1.0 -0.0
vn 0.0 1.0 0.0
vn 0.0 1.0 0.0
vn 0.0 1.0 0.0
vn 0.0 1.0 0.0
vn 0.0 1.0 0.0
vn 0.0 1.0 -0.0
vn 0.0 1.0 0.0
vn 0.0 1.0 -0.0
vn 0.0 1.0 0.0
vn 0.0 1.0 0.0
vn 0.0 1.0 0.0
vn 0.0 1.0 0.0
vn 0.0 1.0 -0.0
vn 0.0 1.0 -0.0
vn 0.0 1.0 0.0
vn 0.0 1.0 0.0
vn 0.0 1.0 -0.0
vn 0.0 1.0 0.0
vn 0.0 1.0 0.0
vn 0.0 1.0 -0.0
vn 0.0 1.0 -0.0
vn 0.0 1.0 0.0
vn 0.0 1.0 -0.0
vn 0.0 1.0 0.0
vn 0.0 1.0 -0.0
vn 0.0 1.0 0.0
vn 0.0 1.0 -0.0
vn 0.0 1.0 0.0
vn 0.0 1.0 -0.0
vn 0.0 1.0 0.0
vn 0.0 1.0 -0.0
vn 0.0 1.0 0.0
vn 0.0 1.0 -0.0
vn 0.0 1.0 0.0
vn 0.0 1.0 0.0
vn 0.0 1.0 -0.0
vn 0.0 1.0 0.0
vn 0.0 1.0 -0.0
vn 0.0 1.0 -0.0
vn 0.0 1.0 0.0
vn 0.0 1.0 -0.0
vn 0.0 1.0 0.0
vn 0.0 1.0 -0.0
vn 0.0 1.0 0.0
vn 0.0 1.0 0.0
vn 0.0 1.0 0.0
vn 0.0 1.0 -0.0
vn 0.0 1.0 0.0
vn 0.0 1.0 -0.0
vn 0.0 1.0 0.0
vn 0.0 1.0 0.0
vn 0.0 1.0 0.0
vn 0.0 1.0 -0.0
vn 0.0 1.0 -0.0
vn 0.0 1.0 0.0
vn 0.0 1.0 0.0
vn 0.0 1.0 0.0
vn 0.0 1.0 0.0
vn 0.0 1.0 -0.0
vn 0.0 1.0 0.0
vn 0.0 1.0 0.0
vn 0.0 1.0 0.0
vn 0.0 1.0 -0.0
vn 0.0 1.0 -0.0
vn 0.0 1.0 -0.0
vn 0.0 1.0 0.0
vn 0.0 1.0 0.0
vn 0.0 1.0 0.0
vn 0.0 1.0 0.0
vn 0.0 1.0 0.0
vn 0.0 1.0 -0.0
vn 0.0 1.0 -0.0
vn 0.0 1.0 0.0
vn 0.0 1.0 -0.0
vn 0.0 1.0 0.0
vn 0.0 1.0 0.0
vn 0.0 1.0 0.0
vn 0.0 1.0 0.0
vn 0.0 1.0 -0.0
vn 0.0 1.0 -0.0
vn 0.0 1.0 -0.0
vn 0.0 1.0 0.0
vn 0.0 1.0 0.0
vn 0.0 1.0 -0.0
vn 0.0 1.0 0.0
vn 0.0 1.0 -0.0
vn 0.0 1.0 -0.0
vn 0.0 1.0 -0.0
vn 0.0 1.0 -0.0
vn 0.0 1.0 -0.0
vn 0.0 1.0 0.0
vn 0.0 1.0 0.0
vn 0.0 1.0 0.0
vn 0.0 1.0 -0.0
vn 0.0 1.0 0.0
vn 0.0 1.0 0.0
vn 0.0 1.0 -0.0
vn 0.0 1.0 0.0
vn 0.0 1.0 -0.0
vn 0.0 1.0 0.0
vn 0.0 1.0 -0.0
vn 0.0 1.0 0.0
vn 0.0 1.0 0.0
vn 0.0 1.0 0.0
vn 0.0 1.0 -0.0
vn 0.0 1.0 0.0
vn 0.0 1.0 0.0
vn 0.0 1.0 -0.0
vn 0.0 1.0 0.0
vn 0.0 1.0 0.0
vn 0.0 1.0 0.0
vn 0.0 1.0 -0.0
vn 0.0 1.0 0.0
vn 0.0 1.0 0.0
vn 0.0 1.0 -0.0
vn 0.0 1.0 0.0
vn 0.0 1.0 -0.0
vn 0.0 1.0 0.0
vn 0.0 1.0 -0.0
vn 0.0 1.0 0.0
vn 0.0 1.0 0.0
vn 0.0 1.0 0.0
vn 0.0 1.0 -0.0
vn 0.0 1.0 -0.0
vn 0.0 1.0 0.0
vn 0.0 1.0 0.0
vn 0.0 1.0 -0.0
vn 0.0 1.0 -0.0
vn 0.0 1.0 -0.0
vn 0.0 1.0 0.0
vn 0.0 1.0 -0.0
vn 0.0 1.0 0.0
vn 0.0 1.0 -0.0
vn 0.0 1.0 0.0
vn 0.0 1.0 0.0
vn 0.0 1.0 -0.0
vn 0.0 1.0 0.0
vn 0.0 1.0 -0.0
vn 0.0 1.0 -0.0
vn 0.0 1.0 -0.0
vn 0.0 1.0 0.0
vn 0.0 1.0 0.0
vn 0.0 1.0 0.0
vn 0.0 1.0 -0.0
vn 0.0 1.0 -0.0
vn 0.0 1.0 0.0
vn 0.0 1.0 -0.0
vn 0.0 1.0 -0.0
vn 0.0 1.0 0.0
vn 0.0 1.0 -0.0
vn 0.0 1.0 0.0
vn 0.0 1.0 0.0
vn 0.0 1.0 -0.0
vn 0.0 1.0 0.0
vn 0.0 1.0 -0.0
vn 0.0 1.0 0.0
vn 0.0 1.0 0.0
vn 0.0 1.0 -0.0
vn 0.0 1.0 0.0
vn 0.0 1.0 0.0
vn 0.0 1.0 -0.0
vn 0.0 1.0 0.0
vn 0.0 1.0 -0.0
vn 0.0 1.0 0.0
vn 0.0 1.0 0.0
vn 0.0 1.0 -0.0
vn 0.0 1.0 0.0
vn 0.0 1.0 -0.0
vn 0.0 1.0 -0.0
vn 0.0 1.0 0.0
vn 0.0 1.0 0.0
vn 0.0 1.0 -0.0
vn 0.0 1.0 0.0
vn 0.0 1.0 -0.0
vn 0.0 1.0 0.0
vn 0.0 1.0 -0.0
vn 0.0 1.0 -0.0
vn 0.0 1.0 0.0
vn 0.0 1.0 -0.0
vn 0.0 1.0 0.0
vn 0.0 1.0 0.0
vn 0.0 1.0 -0.0
vn 0.0 1.0 0.0
vn 0.0 1.0 -0.0
vn 0.0 1.0 0.0
vn 0.0 1.0 -0.0
vn 0.0 1.0 0.0
vn 0.0 1.0 -0.0
vn 0.0 1.0 0.0
vn 0.0 1.0 -0.0
vn 0.0 1.0 0.0
vn 0.0 1.0 0.0
vn 0.0 1.0 0.0
vn 0.0 1.0 0.0
vn 0.0 1.0 0.0
vn 0.0 1.0 0.0
vn 0.0 1.0 0.0
vn 0.0 1.0 0.0
vn 0.0 1.0 0.0
vn 0.0 1.0 0.0
vn 0.0 1.0 -0.0
vn 0.0 1.0 0.0
vn 0.0 1.0 0.0
vn 0.0 1.0 0.0
vn 0.0 1.0 -0.0
vn 0.0 1.0 0.0
vn 0.0 1.0 0.0
vn 0.0 1.0 0.0
vn 0.0 1.0 0.0
vn 0.0 1.0 0.0
vn 0.0 1.0 0.0
vn 0.0 1.0 -0.0
vn 0.0 1.0 0.0
vn 0.0 1.0 -0.0
vn 0.0 1.0 -0.0
vn 0.0 1.0 -0.0
vn 0.0 1.0 -0.0
vn 0.0 1.0 -0.0
vn 0.0 1.0 -0.0
vn 0.0 1.0 0.0
vn 0.0 1.0 0.0
vn 0.0 1.0 -0.0
vn 0.0 1.0 0.0
vn 0.0 1.0 0.0
vn 0.0 1.0 0.0
vn 0.0 1.0 0.0
vn 0.0 1.0 0.0
vn 0.0 1.0 0.0
vn 0.0 1.0 0.0
vn 0.0 1.0 0.0
vn 0.0 1.0 0.0
vn 0.0 1.0 0.0
vn 0.0 1.0 0.0
vn 0.0 1.0 -0.0
vn 0.0 1.0 0.0
vn 0.0 1.0 0.0
vn 0.0 1.0 -0.0
vn 0.0 1.0 -0.0
vn 0.0 1.0 -0.0
vn 0.0 1.0 0.0
vn 0.0 1.0 0.0
vn 0.0 1.0 0.0
vn 0.0 1.0 -0.0
vn 0.0 1.0 0.0
vn 0.0 1.0 0.0
vn 0.0 1.0 -0.0
vn 0.0 1.0 0.0
vn 0.0 1.0 -0.0
vn 0.0 1.0 0.0
vn 0.0 1.0 0.0
vn 0.0 1.0 0.0
vn 0.0 1.0 0.0
vn 0.0 1.0 0.0
vn 0.0 1.0 0.0
vn 0.0 1.0 0.0
vn 0.0 1.0 -0.0
vn 0.0 1.0 0.0
vn 0.0 1.0 -0.0
vn 0.0 1.0 -0.0
vn 0.0 1.0 0.0
vn 0.0 1.0 0.0
vn 0.0 1.0 0.0
vn 0.0 1.0 0.0
vn 0.0 1.0 0.0
vn 0.0 1.0 0.0
vn 0.0 1.0 0.0
vn 0.0 1.0 0.0
vn 0.0 1.0 0.0
vn 0.0 1.0 0.0
vn 0.0 1.0 0.0
vn 0.0 1.0 0.0
vn 0.0 1.0 0.0
vn 0.0 1.0 0.0
vn 0.0 1.0 0.0
vn 0.0 1.0 0.0
vn 0.0 1.0 -0.0
vn 0.0 1.0 0.0
vn 0.0 1.0 0.0
vn 0.0 1.0 0.0
vn 0.0 1.0 -0.0
vn 0.0 1.0 -0.0
vn 0.0 1.0 -0.0
vn 0.0 1.0 -0.0
vn 0.0 1.0 0.0
vn 0.0 1.0 0.0
vn 0.0 1.0 0.0
vn 0.0 1.0 0.0
vn 0.0 1.0 0.0
vn 0.0 1.0 -0.0
vn 0.0 1.0 -0.0
vn 0.0 1.0 -0.0
vn 0.0 1.0 0.0
vn 0.0 1.0 -0.0
vn 0.0 1.0 0.0
vn 0.0 1.0 0.0
vn 0.0 1.0 0.0
vn 0.0 1.0 0.0
vn 0.0 1.0 0.0
vn 0.0 1.0 0.0
vn 0.0 1.0 0.0
vn 0.0 1.0 0.0
vn 0.0 1.0 0.0
vn 0.0 1.0 0.0
vn 0.0 1.0 -0.0
vn 0.0 1.0 0.0
vn 0.0 1.0 0.0
vn 0.0 1.0 0.0
vn 0.0 1.0 0.0
vn 0.0 1.0 0.0
vn 0.0 1.0 0.0
vn 0.0 1.0 0.0
vn 0.0 1.0 -0.0
vn 0.0 1.0 -0.0
vn 0.0 1.0 -0.0
vn 0.0 1.0 -0.0
vn 0.0 1.0 -0.0
vn 0.0 1.0 -0.0
vn 0.0 1.0 0.0
vn 0.0 1.0 0.0
vn 0.0 1.0 0.0
vn 0.0 1.0 0.0
vn 0.0 1.0 0.0
vn 0.0 1.0 -0.0
vn 0.0 1.0 0.0
vn 0.0 1.0 0.0
vn 0.0 1.0 0.0
vn 0.0 1.0 0.0
vn 0.0 1.0 0.0
vn 0.0 1.0 -0.0
vn 0.0 1.0 -0.0
vn 0.0 1.0 0.0
vn 0.0 1.0 0.0
vn 0.0 1.0 0.0
vn 0.0 1.0 -0.0
vn 0.0 1.0 0.0
vn 0.0 1.0 0.0
vn 0.0 1.0 -0.0
vn 0.0 1.0 0.0
vn 0.0 1.0 0.0
vn 0.0 1.0 0.0
vn 0.0 1.0 0.0
vn 0.0 1.0 0.0
vn 0.0 1.0 0.0
vn 0.0 1.0 0.0
vn 0.0 1.0 0.0
vn 0.0 1.0 0.0
vn 0.0 1.0 0.0
vn 0.0 1.0 0.0
vn 0.0 1.0 0.0
vn 0.0 1.0 0.0
vn 0.0 1.0 0.0
vn 0.0 1.0 0.0
vn 0.0 1.0 -0.0
vn 0.0 1.0 0.0
vn 0.0 1.0 0.0
vn 0.0 1.0 0.0
vn 0.0 1.0 0.0
vn 0.0 1.0 0.0
vn 0.0 1.0 0.0
vn 0.0 1.0 0.0
vn 0.0 1.0 0.0
vn 0.0 1.0 0.0
vn 0.0 1.0 -0.0
vn 0.0 1.0 0.0
vn 0.0 1.0 0.0
vn 0.0 1.0 0.0
vn 0.0 1.0 0.0
vn 0.0 1.0 0.0
vn 0.0 1.0 0.0
vn 0.0 1.0 0.0
vn 0.0 1.0 0.0
vn 0.0 1.0 0.0
vn 0.0 1.0 0.0
vn 0.0 1.0 0.0
vn 0.0 1.0 0.0
vn 0.0 1.0 0.0
vn 0.0 1.0 0.0
vn 0.0 1.0 0.0
vn 0.0 1.0 0.0
vn 0.0 1.0 -0.0
vn 0.0 1.0 0.0
vn 0.0 1.0 -0.0
vn 0.0 1.0 -0.0
vn 0.0 1.0 0.0
vn 0.0 1.0 -0.0
vn 0.0 1.0 0.0
vn 0.0 1.0 0.0
vn 0.0 1.0 -0.0
vn 0.0 1.0 0.0
vn 0.0 1.0 0.0
vn 0.0 1.0 0.0
vn 0.0 1.0 -0.0
vn 0.0 1.0 -0.0
vn 0.0 1.0 0.0
vn 0.0 1.0 0.0
vn 0.0 1.0 0.0
vn 0.0 1.0 0.0
vn 0.0 1.0 0.0
vn 0.0 1.0 0.0
vn 0.0 1.0 0.0
vn 0.0 1.0 0.0
vn 0.0 1.0 0.0
vn 0.0 1.0 0.0
vn 0.0 1.0 0.0
vn 0.0 1.0 0.0
vn 0.0 1.0 0.0
vn 0.0 1.0 -0.0
vn 0.0 1.0 0.0
vn 0.0 1.0 0.0
vn 0.0 1.0 0.0
vn 0.0 1.0 0.0
vn 0.0 1.0 0.0
vn 0.0 1.0 0.0
vn 0.0 1.0 0.0
vn 0.0 1.0 0.0
vn 0.0 1.0 0.0
vn 0.0 1.0 -0.0
vn 0.0 1.0 0.0
vn 0.0 1.0 0.0
vn 0.0 1.0 0.0
vn 0.0 1.0 0.0
vn 0.0 1.0 0.0
vn 0.0 1.0 0.0
vn 0.0 1.0 0.0
vn 0.0 1.0 0.0
vn 0.0 1.0 0.0
vn 0.0 1.0 0.0
vn 0.0 1.0 0.0
vn 0.0 1.0 0.0
vn 0.0 1.0 0.0
vn 0.0 1.0 0.0
vn 0.0 1.0 0.0
vn 0.0 1.0 0.0
vn 0.0 1.0 -0.0
vn 0.0 1.0 0.0
vn 0.0 1.0 -0.0
vn 0.0 1.0 -0.0
vn 0.0 1.0 0.0
vn 0.0 1.0 -0.0
vn 0.0 1.0 0.0
vn 0.0 1.0 0.0
vn 0.0 1.0 -0.0
vn 0.0 1.0 0.0
vn 0.0 1.0 0.0
vn 0.0 1.0 0.0
vn 0.0 1.0 -0.0
vn 0.0 1.0 0.0
vn 0.0 1.0 0.0
vn 0.0 1.0 0.0
vn 0.0 1.0 -0.0
vn 0.0 1.0 0.0
vn 0.0 1.0 0.0
vn 0.0 1.0 0.0
vn 0.0 1.0 0.0
vn 0.0 1.0 0.0
vn 0.0 1.0 0.0
vn 0.0 1.0 0.0
vn 0.0 1.0 0.0
vn 0.0 1.0 0.0
vn 0.0 1.0 0.0
vn 0.0 1.0 -0.0
vn 0.0 1.0 0.0
vn 0.0 1.0 0.0
vn 0.0 1.0 0.0
vn 0.0 1.0 0.0
vn 0.0 1.0 0.0
vn 0.0 1.0 0.0
vn 0.0 1.0 0.0
vn 0.0 1.0 0.0
vn 0.0 1.0 0.0
vn 0.0 1.0 -0.0
vn 0.0 1.0 0.0
vn 0.0 1.0 0.0
vn 0.0 1.0 0.0
vn 0.0 1.0 0.0
vn 0.0 1.0 0.0
vn 0.0 1.0 0.0
vn 0.0 1.0 0.0
vn 0.0 1.0 0.0
vn 0.0 1.0 0.0
vn 0.0 1.0 0.0
vn 0.0 1.0 0.0
vn 0.0 1.0 0.0
vn 0.0 1.0 0.0
vn 0.0 1.0 0.0
vn 0.0 1.0 0.0
vn 0.0 1.0 0.0
vn 0.0 1.0 -0.0
vn 0.0 1.0 0.0
vn 0.0 1.0 -0.0
vn 0.0 1.0 -0.0
vn 0.0 1.0 0.0
vn 0.0 1.0 -0.0
vn 0.0 1.0 0.0
vn 0.0 1.0 0.0
vn 0.0 1.0 -0.0
vn 0.0 1.0 0.0
vn 0.0 1.0 0.0
vn 0.0 1.0 0.0
vn 0.0 1.0 -0.0
vn 0.0 1.0 -0.0
vn 0.0 1.0 0.0
vn 0.0 1.0 0.0
vn 0.0 1.0 0.0
vn 0.0 1.0 0.0
vn 0.0 1.0 0.0
vn 0.0 1.0 0.0
vn 0.0 1.0 0.0
vn 0.0 1.0 0.0
vn 0.0 1.0 0.0
vn 0.0 1.0 0.0
vn 0.0 1.0 0.0
vn 0.0 1.0 0.0
vn 0.0 1.0 0.0
vn 0.0 1.0 0.0
vn 0.0 1.0 0.0
vn 0.0 1.0 0.0
vn 0.0 1.0 0.0
vn 0.0 1.0 0.0
vn 0.0 1.0 -0.0
vn 0.0 1.0 0.0
vn 0.0 1.0 0.0
vn 0.0 1.0 0.0
vn 0.0 1.0 0.0
vn 0.0 1.0 0.0
vn 0.0 1.0 -0.0
vn 0.0 1.0 0.0
vn 0.0 1.0 -0.0
vn 0.0 1.0 0.0
vn 0.0 1.0 -0.0
vn 0.0 1.0 0.0
vn 0.0 1.0 -0.0
vn 0.0 1.0 0.0
vn 0.0 1.0 -0.0
vn 0.0 1.0 0.0
vn 0.0 1.0 -0.0
vn 0.0 1.0 0.0
vn 0.0 1.0 -0.0
vn 0.0 1.0 -0.0
vn 0.0 1.0 -0.0
vn 0.0 1.0 0.0
vn 0.0 1.0 0.0
vn 0.0 1.0 -0.0
vn 0.0 1.0 0.0
vn 0.0 1.0 -0.0
vn 0.0 1.0 0.0
vn 0.0 1.0 -0.0
vn 0.0 1.0 0.0
vn 0.886985 0.0 -0.461798
vn 0.887204 -1.8e-05 -0.461378
vn 0.919018 -6e-06 -0.394216
vn 0.919371 -3.9e-05 -0.393391
vn 0.940037 -2.1e-05 -0.341072
vn 0.952214 -4.4e-05 -0.305433
vn 0.966998 -1e-06 -0.254786
vn 0.945909 0.000318 -0.324432
vn 0.982094 -9.4e-05 -0.18839
vn 0.967506 6.9e-05 -0.252848
vn 0.992673 -0.000166 -0.120832
vn 0.983698 0.000181 -0.179826
vn 0.998793 -0.000272 -0.049117
vn 0.994385 0.000258 -0.105821
vn 0.999973 -0.000113 0.007372
vn 0.999513 0.000236 -0.031213
vn 0.998985 0.000204 0.045038
vn 0.995225 -0.000249 0.097611
vn 0.99905 0.000244 0.043571
vn 0.986305 -0.000284 0.164934
vn 0.993002 0.000277 0.1181
vn 0.97276 -0.000291 0.231815
vn 0.981397 0.000327 0.191989
vn 0.95352 -0.000358 0.30133
vn 0.964307 0.00035 0.264786
vn 0.928092 -0.000376 0.37235
vn 0.941825 0.000338 0.336103
vn 0.905609 -4.7e-05 0.424113
vn 0.888978 -1.2e-05 0.457949
vn 0.914069 0.000321 0.405557
vn 0.863589 -0.000314 0.504197
vn 0.881214 0.000319 0.472717
vn 0.827278 -0.000283 0.561792
vn 0.843413 0.000328 0.537265
vn 0.786952 -0.000239 0.617014
vn 0.800917 0.000317 0.598775
vn 0.740536 -0.000292 0.672017
vn 0.753913 0.000265 0.656974
vn 0.701382 0.000202 0.712785
vn 0.674048 -0.000118 0.738688
vn 0.702727 0.000253 0.71146
vn 0.634191 -0.00022 0.773176
vn 0.647588 0.000251 0.761991
vn 0.580247 -0.000128 0.814441
vn 0.588833 0.000192 0.808255
vn 0.523361 -1.5e-05 0.852111
vn 0.526783 0.00012 0.85
vn 0.460556 -3.5e-05 0.88763
vn 0.461807 1.7e-05 0.88698
vn 0.394215 1e-05 0.919018
vn 0.392365 -6.4e-05 0.919809
vn 0.339791 -7e-06 0.940501
vn 0.324439 0.000317 0.945906
vn 0.304165 -5.6e-05 0.95262
vn 0.253473 2.3e-05 0.967343
vn 0.252848 4.6e-05 0.967506
vn 0.187072 -7.4e-05 0.982346
vn 0.179815 0.000164 0.983701
vn 0.119481 -0.00015 0.992837
vn 0.105822 0.000245 0.994385
vn 0.047769 -0.000259 0.998858
vn 0.031224 0.000222 0.999512
vn -0.008754 -0.000112 0.999962
vn -0.043583 0.000255 0.99905
vn -0.046348 0.000181 0.998925
vn -0.098951 -0.000236 0.995092
vn -0.118089 0.000268 0.993003
vn -0.166299 -0.000277 0.986075
vn -0.191986 0.000322 0.981398
vn -0.233104 -0.000288 0.972452
vn -0.302641 -0.000358 0.953104
vn -0.264789 0.000349 0.964306
vn -0.373606 -0.000375 0.927587
vn -0.336124 0.000337 0.941818
vn -0.425343 -5.8e-05 0.905032
vn -0.459137 2e-06 0.888365
vn -0.405539 0.00032 0.914078
vn -0.505385 -0.000314 0.862894
vn -0.472727 0.000317 0.881209
vn -0.562909 -0.000288 0.826519
vn -0.537257 0.00033 0.843418
vn -0.618085 -0.000247 0.786111
vn -0.598783 0.000324 0.800911
vn -0.673021 -0.000304 0.739624
vn -0.656963 0.000277 0.753923
vn -0.713733 0.000178 0.700418
vn -0.739609 -0.000116 0.673037
vn -0.711466 0.000264 0.702721
vn -0.774034 -0.000233 0.633145
vn -0.761992 0.000261 0.647586
vn -0.814878 -0.000128 0.579633
vn -0.808248 0.000207 0.588843
vn -0.851898 0.0 0.523708
vn -0.849997 0.000121 0.526788
vn 0.0 -1.0 0.0
vn 0.0 -1.0 0.0
vn 0.0 -1.0 0.0
vn 0.0 -1.0 0.0
vn 0.0 -1.0 0.0
vn 0.0 -1.0 0.0
vn 0.0 -1.0 0.0
vn 0.0 -1.0 0.0
vn 0.0 -1.0 0.0
vn 0.0 -1.0 0.0
vn 0.0 -1.0 0.0
vn 0.0 -1.0 0.0
vn 0.0 -1.0 0.0
vn 0.0 -1.0 0.0
vn 0.0 -1.0 0.0
vn 0.0 -1.0 0.0
vn 0.0 -1.0 0.0
vn 0.0 -1.0 0.0
vn 0.0 -1.0 0.0
vn 0.0 -1.0 0.0
vn 0.0 -1.0 0.0
vn 0.0 -1.0 0.0
vn 0.0 -1.0 0.0
vn 0.0 -1.0 0.0
vn 0.0 -1.0 -0.0
vn 0.0 -1.0 -0.0
vn 0.0 -1.0 0.0
vn 0.0 -1.0 0.0
vn 0.0 -1.0 -0.0
vn 0.0 -1.0 0.0
vn 0.0 -1.0 0.0
vn 0.0 -1.0 0.0
vn 0.0 -1.0 -0.0
vn 0.0 -1.0 0.0
vn 0.0 -1.0 0.0
vn 0.0 -1.0 -0.0
vn 0.0 -1.0 -0.0
vn 0.0 -1.0 0.0
vn 0.0 -1.0 -0.0
vn 0.0 -1.0 0.0
vn 0.0 -1.0 0.0
vn 0.0 -1.0 0.0
vn 0.0 -1.0 -0.0
vn 0.0 -1.0 -0.0
vn 0.0 -1.0 0.0
vn 0.0 -1.0 -0.0
vn 0.0 -1.0 0.0
vn 0.0 -1.0 0.0
vn 0.0 -1.0 0.0
vn 0.0 -1.0 -0.0
vn 0.0 -1.0 0.0
vn 0.0 -1.0 -0.0
vn 0.0 -1.0 0.0
vn 0.0 -1.0 0.0
vn 0.0 -1.0 0.0
vn 0.0 -1.0 0.0
vn 0.0 -1.0 0.0
vn 0.0 -1.0 0.0
vn 0.0 -1.0 0.0
vn 0.0 -1.0 0.0
vn 0.0 -1.0 0.0
vn 0.0 -1.0 0.0
vn 0.0 -1.0 0.0
vn 0.0 -1.0 0.0
vn 0.0 -1.0 0.0
vn 0.0 -1.0 0.0
vn 0.0 -1.0 0.0
vn 0.0 -1.0 0.0
vn 0.0 -1.0 0.0
vn 0.0 -1.0 0.0
vn 0.0 -1.0 0.0
vn 0.0 -1.0 0.0
vn 0.0 -1.0 0.0
vn 0.0 -1.0 0.0
vn 0.0 -1.0 0.0
vn 0.0 -1.0 0.0
vn 0.0 -1.0 0.0
vn 0.0 -1.0 0.0
vn 0.0 -1.0 0.0
vn 0.0 -1.0 0.0
vn 0.0 -1.0 0.0
vn 0.0 -1.0 -0.0
vn 0.0 -1.0 -0.0
vn 0.0 -1.0 -0.0
vn 0.0 -1.0 -0.0
vn 0.0 -1.0 -0.0
vn 0.0 -1.0 -0.0
vn 0.0 -1.0 -0.0
vn 0.0 -1.0 -0.0
vn 0.0 -1.0 0.0
vn 0.0 -1.0 0.0
vn 0.0 -1.0 0.0
vn 0.0 -1.0 0.0
vn 0.0 -1.0 0.0
vn 0.0 -1.0 0.0
vn 0.0 -1.0 0.0
vn 0.0 -1.0 0.0
vn 0.0 -1.0 0.0
vn 0.0 -1.0 0.0
vn 0.0 -1.0 0.0
vn 0.0 -1.0 -0.0
vn 0.0 -1.0 0.0
vn 0.0 -1.0 0.0
vn 0.0 -1.0 -0.0
vn 0.0 -1.0 0.0
vn 0.0 -1.0 0.0
vn 0.0 -1.0 0.0
vn 0.0 -1.0 0.0
vn 0.0 -1.0 -0.0
vn 0.0 -1.0 0.0
vn 0.0 -1.0 0.0
vn 0.0 -1.0 0.0
vn 0.0 -1.0 0.0
vn 0.0 -1.0 -0.0
vn 0.0 -1.0 0.0
vn 0.0 -1.0 0.0
vn 0.0 -1.0 0.0
vn 0.0 -1.0 -0.0
vn 0.0 -1.0 0.0
vn 0.0 -1.0 0.0
vn 0.0 -1.0 0.0
vn 0.0 -1.0 0.0
vn 0.0 -1.0 0.0
vn 0.0 -1.0 0.0
vn 0.0 -1.0 0.0
vn 0.0 -1.0 0.0
vn 0.0 -1.0 0.0
vn 0.0 -1.0 0.0
vn 0.0 -1.0 0.0
vn 0.0 -1.0 0.0
vn 0.0 -1.0 0.0
vn 0.0 -1.0 0.0
vn 0.0 -1.0 0.0
vn 0.0 -1.0 0.0
vn 0.0 -1.0 0.0
vn 0.0 -1.0 0.0
vn 0.0 -1.0 0.0
vn 0.0 -1.0 0.0
vn 0.0 -1.0 0.0
vn 0.0 -1.0 0.0
vn 0.0 -1.0 0.0
vn 0.0 -1.0 0.0
vn 0.0 -1.0 0.0
vn 0.0 -1.0 0.0
vn -0.88699 0.0 0.461789
vn -0.887204 -1.7e-05 0.461378
vn -0.919022 -6e-06 0.394206
vn -0.919375 -3.9e-05 0.393381
vn -0.94003 -2.1e-05 0.341093
vn -0.952216 -4.4e-05 0.305425
vn -0.967002 -1e-06 0.254768
vn -0.945905 0.000319 0.324443
vn -0.982089 -9.4e-05 0.18842
vn -0.967506 6.8e-05 0.252848
vn -0.992673 -0.000166 0.120829
vn -0.983696 0.000181 0.179838
vn -0.998793 -0.000272 0.049117
vn -0.994385 0.000258 0.105823
vn -0.999972 -0.000113 -0.007418
vn -0.999513 0.000236 0.031201
vn -0.998986 0.000204 -0.045013
vn -0.995226 -0.000249 -0.097598
vn -0.999051 0.000244 -0.043561
vn -0.9863 -0.000284 -0.164963
vn -0.993 0.000278 -0.118112
vn -0.972764 -0.000291 -0.231797
vn -0.981398 0.000327 -0.191984
vn -0.953518 -0.000358 -0.301337
vn -0.964305 0.00035 -0.264792
vn -0.928096 -0.000377 -0.372342
vn -0.941828 0.000338 -0.336096
vn -0.905592 -4.7e-05 -0.42415
vn -0.888997 -1.3e-05 -0.457913
vn -0.914065 0.000321 -0.405567
vn -0.863582 -0.000314 -0.504208
vn -0.881209 0.000319 -0.472727
vn -0.827287 -0.000284 -0.56178
vn -0.843425 0.000328 -0.537247
vn -0.786952 -0.000238 -0.617014
vn -0.800903 0.000317 -0.598794
vn -0.74053 -0.000293 -0.672023
vn -0.753934 0.000265 -0.65695
vn -0.701394 0.000202 -0.712774
vn -0.674048 -0.000118 -0.738688
vn -0.702721 0.000253 -0.711466
vn -0.634185 -0.00022 -0.773181
vn -0.647588 0.000251 -0.761991
vn -0.580253 -0.000129 -0.814436
vn -0.588838 0.000191 -0.808251
vn -0.523348 -1.5e-05 -0.852119
vn -0.526778 0.00012 -0.850003
vn -0.460565 -3.4e-05 -0.887626
vn -0.461789 1.7e-05 -0.88699
vn -0.394234 1.1e-05 -0.91901
vn -0.39235 -6.4e-05 -0.919816
vn -0.339832 -8e-06 -0.940486
vn -0.324439 0.000317 -0.945906
vn -0.304165 -5.6e-05 -0.95262
vn -0.253449 2.3e-05 -0.967349
vn -0.252826 4.6e-05 -0.967512
vn -0.187072 -7.4e-05 -0.982346
vn -0.179838 0.000163 -0.983696
vn -0.119481 -0.000151 -0.992837
vn -0.105822 0.000244 -0.994385
vn -0.047769 -0.000259 -0.998858
vn -0.031201 0.000222 -0.999513
vn 0.008708 -0.000112 -0.999962
vn 0.04356 0.000256 -0.999051
vn 0.046394 0.00018 -0.998923
vn 0.098951 -0.000237 -0.995092
vn 0.118112 0.000268 -0.993
vn 0.166274 -0.000276 -0.98608
vn 0.191986 0.000322 -0.981398
vn 0.233128 -0.000288 -0.972446
vn 0.30262 -0.000358 -0.953111
vn 0.264768 0.000349 -0.964312
vn 0.373606 -0.000375 -0.927587
vn 0.33612 0.000337 -0.941819
vn 0.425371 -5.9e-05 -0.905019
vn 0.459111 1e-06 -0.888379
vn 0.405543 0.00032 -0.914076
vn 0.505385 -0.000314 -0.862894
vn 0.472727 0.000317 -0.881209
vn 0.562903 -0.000288 -0.826523
vn 0.537268 0.000331 -0.843411
vn 0.618101 -0.000248 -0.786099
vn 0.598774 0.000325 -0.800918
vn 0.673019 -0.000304 -0.739625
vn 0.656963 0.000276 -0.753923
vn 0.713744 0.000178 -0.700407
vn 0.739576 -0.000116 -0.673073
vn 0.711471 0.000264 -0.702715
vn 0.774044 -0.000233 -0.633132
vn 0.761981 0.000262 -0.6476
vn 0.814875 -0.000128 -0.579636
vn 0.808259 0.000207 -0.588827
vn 0.851905 0.0 -0.523696
vn 0.849998 0.000122 -0.526786
vn -0.8691 0.0 0.494637
vn -0.8691 0.0 0.494637
vn -0.494636 -0.0 -0.8691
vn -0.494636 0.0 -0.8691
vn 0.518397 0.0 0.85514
vn 0.518626 1.4e-05 0.855001
vn 0.564722 1.3e-05 0.825281
vn 0.565107 3.7e-05 0.825018
vn 0.59876 3.7e-05 0.800928
vn 0.609324 -0.000305 0.792922
vn 0.620646 5.9e-05 0.784091
vn 0.652072 -0.000295 0.758157
vn 0.642095 4.8e-05 0.766625
vn 0.663043 6.8e-05 0.748582
vn 0.692858 -5.5e-05 0.721074
vn 0.691513 3.3e-05 0.722364
vn 0.731521 -0.000176 0.681818
vn 0.726667 0.000126 0.68699
vn 0.767971 -0.00027 0.640484
vn 0.760118 0.00019 0.649785
vn 0.802087 -0.000321 0.597207
vn 0.791775 0.000239 0.610812
vn 0.833768 -0.000298 0.552114
vn 0.822944 0.000338 0.568122
vn 0.845842 0.000108 0.533434
vn 0.862916 -0.000273 0.505348
vn 0.86025 -9.9e-05 0.509873
vn 0.874022 0.000129 0.485887
vn 0.889449 -0.00026 0.457035
vn 0.887124 -8.9e-05 0.461531
vn 0.913269 -0.000296 0.407357
vn 0.904309 0.000328 0.426879
vn 0.934324 -0.00032 0.356425
vn 0.924443 0.000332 0.38132
vn 0.942329 0.000302 0.334687
vn 0.952544 -0.000322 0.3044
vn 0.957915 0.000252 0.287052
vn 0.967862 -0.000287 0.251482
vn 0.971766 0.000298 0.235945
vn 0.980248 -0.000274 0.197771
vn 0.983352 0.000324 0.18171
vn 0.989655 -0.000252 0.14347
vn 0.990041 -0.000154 0.140782
vn 0.993558 0.000137 0.113325
vn 0.996055 -0.00024 0.08874
vn 0.996306 -0.000137 0.085875
vn 0.998301 0.000142 0.058263
vn 0.999431 -0.000245 0.033737
vn 0.999808 0.000256 0.019599
vn 0.999772 -0.000198 -0.021367
vn 0.999541 0.000159 -0.030291
vn 0.997076 -0.000134 -0.07642
vn 0.996775 3.8e-05 -0.080242
vn 0.99149 -3.6e-05 -0.130184
vn 0.991351 -8.7e-05 -0.131235
vn 0.982621 -6e-05 -0.185623
vn 0.983229 9.7e-05 -0.182376
vn 0.970895 -0.000308 -0.239503
vn 0.974807 7e-05 -0.223052
vn 0.96827 1e-06 -0.249905
vn 0.956236 -0.000293 -0.292596
vn 0.960982 8.6e-05 -0.276612
vn 0.952983 1.8e-05 -0.303025
vn 0.938657 -0.000122 -0.344851
vn 0.940538 0.000119 -0.339689
vn 0.91824 -0.000222 -0.396024
vn 0.922457 0.000201 -0.386099
vn 0.895033 -0.000301 -0.446
vn 0.902027 0.000247 -0.431679
vn 0.869095 -0.000344 -0.494644
vn 0.879263 0.000273 -0.476337
vn 0.840536 -0.000329 -0.541756
vn 0.85281 0.000351 -0.522221
vn 0.809413 -0.000304 -0.587239
vn 0.822567 0.000373 -0.568668
vn 0.798256 9.8e-05 -0.602318
vn 0.775828 -0.000286 -0.630944
vn 0.781307 -2.3e-05 -0.624147
vn 0.763768 0.000111 -0.645491
vn 0.739901 -0.000284 -0.672716
vn 0.745639 -2.1e-05 -0.66635
vn 0.70171 -0.000313 -0.712462
vn 0.719275 0.000335 -0.694725
vn 0.661398 -0.000324 -0.750035
vn 0.683735 0.000316 -0.72973
vn 0.619087 -0.000305 -0.785322
vn 0.646361 0.000271 -0.763032
vn 0.607266 0.000217 -0.794498
vn 0.574875 -0.000237 -0.818241
vn 0.564448 0.000268 -0.825469
vn 0.529661 -0.000208 -0.848209
vn 0.528928 -0.00024 -0.848667
vn 0.506043 0.000134 -0.862508
vn 0.481375 -0.000219 -0.876515
vn 0.481991 -0.000193 -0.876176
vn 0.432369 -0.0002 -0.901697
vn 0.457599 0.000146 -0.889159
vn 0.422846 0.00021 -0.906201
vn 0.382033 -0.000128 -0.924149
vn 0.33054 -4.4e-05 -0.943792
vn 0.3772 0.0001 -0.926132
vn 0.33049 -4.2e-05 -0.943809
vn 0.278046 -0.000163 -0.960568
vn 0.282757 5.4e-05 -0.959191
vn 0.22471 -0.000147 -0.974426
vn 0.231574 0.000166 -0.972817
vn 0.17068 -0.000117 -0.985326
vn 0.177313 0.000183 -0.984155
vn 0.116156 -0.000281 -0.993231
vn 0.136361 0.00011 -0.990659
vn 0.108912 -4.9e-05 -0.994051
vn 0.061255 -0.000277 -0.998122
vn 0.081414 0.000121 -0.99668
vn 0.053803 -4.2e-05 -0.998552
vn 0.006185 -0.000189 -0.999981
vn 0.015136 0.000177 -0.999885
vn -0.048919 -0.000276 -0.998803
vn -0.034767 0.000235 -0.999395
vn -0.103853 -0.000335 -0.994593
vn -0.084729 0.000265 -0.996404
vn -0.158498 -0.000347 -0.987359
vn -0.134639 0.000284 -0.990895
vn -0.212647 -0.000324 -0.977129
vn -0.186778 0.000371 -0.982402
vn -0.227371 5.2e-05 -0.973808
vn -0.266136 -0.000302 -0.963935
vn -0.25424 2.6e-05 -0.967141
vn -0.280871 7.3e-05 -0.959746
vn -0.318851 -0.000294 -0.947805
vn -0.307278 3.7e-05 -0.95162
vn -0.370568 -0.000299 -0.928805
vn -0.343873 0.000343 -0.939016
vn -0.421186 -0.00029 -0.906974
vn -0.390228 0.000311 -0.920718
vn -0.470502 -0.000193 -0.882399
vn -0.433729 0.000173 -0.901043
vn -0.47452 -0.0 -0.880245
vn 0.494636 0.0 0.8691
vn 0.494636 0.0 0.8691
vn 0.849998 0.0 -0.526786
vn 0.84975 1.8e-05 -0.527187
vn 0.807726 4e-05 -0.589558
vn 0.808259 6e-06 -0.588827
vn 0.773297 2.2e-05 -0.634044
vn 0.748867 4.4e-05 -0.66272
vn 0.712873 1e-06 -0.701294
vn 0.761981 -0.000319 -0.6476
vn 0.663519 9.4e-05 -0.748159
vn 0.711471 -6.9e-05 -0.702715
vn 0.610803 0.000166 -0.791782
vn 0.656963 -0.000182 -0.753923
vn 0.552289 0.000272 -0.833653
vn 0.598774 -0.000258 -0.800918
vn 0.504289 0.000114 -0.863535
vn 0.537269 -0.000236 -0.843411
vn 0.471466 -0.000205 -0.881884
vn 0.424304 0.000249 -0.90552
vn 0.472727 -0.000244 -0.881209
vn 0.361849 0.000284 -0.932237
vn 0.405543 -0.000278 -0.914076
vn 0.297467 0.000291 -0.954732
vn 0.33612 -0.000327 -0.941819
vn 0.227863 0.000358 -0.973693
vn 0.264768 -0.00035 -0.964312
vn 0.153819 0.000376 -0.988099
vn 0.191986 -0.000338 -0.981398
vn 0.097786 4.7e-05 -0.995207
vn 0.060237 1.3e-05 -0.998184
vn 0.118112 -0.000322 -0.993
vn 0.007515 0.000314 -0.999972
vn 0.04356 -0.000319 -0.999051
vn -0.060536 0.000284 -0.998166
vn -0.031201 -0.000328 -0.999513
vn -0.128637 0.000238 -0.991692
vn -0.105822 -0.000317 -0.994385
vn -0.199602 0.000293 -0.979877
vn -0.179838 -0.000265 -0.983696
vn -0.254691 -0.000201 -0.967023
vn -0.290856 0.000118 -0.956767
vn -0.252826 -0.000253 -0.967512
vn -0.340887 0.00022 -0.940104
vn -0.324439 -0.00025 -0.945906
vn -0.403932 0.000128 -0.914789
vn -0.394234 -0.000192 -0.91901
vn -0.465372 1.5e-05 -0.885115
vn -0.461789 -0.000121 -0.88699
vn -0.527967 3.5e-05 -0.849265
vn -0.526778 -1.7e-05 -0.850003
vn -0.588838 -1e-05 -0.808251
vn -0.590462 6.4e-05 -0.807066
vn -0.635083 7e-06 -0.772444
vn -0.647588 -0.000318 -0.761991
vn -0.663747 5.6e-05 -0.747957
vn -0.702259 -2.3e-05 -0.711921
vn -0.702721 -4.6e-05 -0.711466
vn -0.749065 7.4e-05 -0.662496
vn -0.753934 -0.000164 -0.65695
vn -0.79259 0.00015 -0.609754
vn -0.800903 -0.000245 -0.598794
vn -0.834407 0.000259 -0.551149
vn -0.843425 -0.000222 -0.537247
vn -0.864203 0.000112 -0.503143
vn -0.881209 -0.000256 -0.472727
vn -0.882535 -0.000181 -0.470246
vn -0.906082 0.000236 -0.423102
vn -0.914065 -0.000269 -0.405567
vn -0.932726 0.000276 -0.360586
vn -0.941828 -0.000322 -0.336096
vn -0.95514 0.000288 -0.296155
vn -0.974003 0.000358 -0.226534
vn -0.964305 -0.000349 -0.264792
vn -0.988305 0.000375 -0.152491
vn -0.981398 -0.000336 -0.191984
vn -0.995338 5.8e-05 -0.096451
vn -0.998264 -2e-06 -0.0589
vn -0.993 -0.00032 -0.118112
vn -0.999981 0.000314 -0.00616
vn -0.999051 -0.000317 -0.043561
vn -0.998081 0.000289 0.061924
vn -0.999513 -0.000331 0.031201
vn -0.991519 0.000248 0.129962
vn -0.994385 -0.000324 0.105823
vn -0.979602 0.000304 0.200947
vn -0.983696 -0.000277 0.179838
vn -0.966683 -0.000178 0.255976
vn -0.956365 0.000116 0.292175
vn -0.967506 -0.000265 0.252848
vn -0.939634 0.000232 0.342182
vn -0.945905 -0.000262 0.324443
vn -0.914488 0.000128 0.404612
vn -0.919022 -0.000207 0.394206
vn -0.885312 0.0 0.464998
vn -0.88699 -0.000121 0.461789
vn 0.0 1.0 0.0
vn 0.0 1.0 0.0
vn 0.0 1.0 0.0
vn 0.0 1.0 0.0
vn 0.0 1.0 0.0
vn 0.0 1.0 0.0
vn 0.0 1.0 0.0
vn 0.0 1.0 0.0
vn 0.0 1.0 0.0
vn 0.0 1.0 0.0
vn 0.0 1.0 0.0
vn 0.0 1.0 0.0
vn 0.0 1.0 0.0
vn 0.0 1.0 0.0
vn 0.0 1.0 0.0
vn 0.0 1.0 0.0
vn 0.0 1.0 0.0
vn 0.0 1.0 0.0
vn 0.0 1.0 0.0
vn 0.0 1.0 0.0
vn 0.0 1.0 0.0
vn 0.0 1.0 0.0
vn 0.0 1.0 0.0
vn -0.0 1.0 0.0
vn -0.0 1.0 0.0
vn 0.0 1.0 0.0
vn 0.0 1.0 0.0
vn 0.0 1.0 0.0
vn -0.0 1.0 0.0
vn 0.0 1.0 0.0
vn 0.0 1.0 0.0
vn -0.0 1.0 0.0
vn 0.0 1.0 0.0
vn 0.0 1.0 0.0
vn 0.0 1.0 0.0
vn -0.0 1.0 0.0
vn -0.0 1.0 0.0
vn 0.0 1.0 0.0
vn -0.0 1.0 0.0
vn 0.0 1.0 0.0
vn 0.0 1.0 0.0
vn 0.0 1.0 0.0
vn -0.0 1.0 0.0
vn -0.0 1.0 0.0
vn 0.0 1.0 0.0
vn 0.0 1.0 0.0
vn 0.0 1.0 0.0
vn 0.0 1.0 0.0
vn -0.0 1.0 0.0
vn 0.0 1.0 -0.0
vn 0.0 1.0 -0.0
vn -0.0 1.0 0.0
vn 0.0 1.0 0.0
vn -0.0 1.0 0.0
vn 0.0 1.0 0.0
vn -0.0 1.0 0.0
vn 0.0 1.0 0.0
vn -0.0 1.0 0.0
vn 0.0 1.0 0.0
vn 0.0 1.0 0.0
vn 0.0 1.0 0.0
vn 0.0 1.0 0.0
vn 0.0 1.0 0.0
vn 0.0 1.0 0.0
vn 0.0 1.0 0.0
vn 0.0 1.0 0.0
vn 0.0 1.0 0.0
vn 0.0 1.0 0.0
vn 0.0 1.0 0.0
vn 0.0 1.0 0.0
vn 0.0 1.0 0.0
vn 0.0 1.0 0.0
vn 0.0 1.0 0.0
vn 0.0 1.0 0.0
vn 0.0 1.0 0.0
vn 0.0 1.0 0.0
vn 0.0 1.0 0.0
vn 0.0 1.0 0.0
vn 0.0 1.0 0.0
vn 0.0 1.0 0.0
vn 0.0 1.0 0.0
vn -0.0 1.0 0.0
vn -0.0 1.0 0.0
vn -0.0 1.0 0.0
vn -0.0 1.0 0.0
vn -0.0 1.0 0.0
vn -0.0 1.0 0.0
vn -0.0 1.0 0.0
vn -0.0 1.0 0.0
vn 0.0 1.0 0.0
vn 0.0 1.0 0.0
vn 0.0 1.0 0.0
vn 0.0 1.0 0.0
vn 0.0 1.0 0.0
vn 0.0 1.0 0.0
vn 0.0 1.0 0.0
vn 0.0 1.0 0.0
vn 0.0 1.0 0.0
vn 0.0 1.0 0.0
vn 0.0 1.0 0.0
vn -0.0 1.0 0.0
vn 0.0 1.0 0.0
vn 0.0 1.0 0.0
vn -0.0 1.0 0.0
vn 0.0 1.0 0.0
vn 0.0 1.0 0.0
vn 0.0 1.0 0.0
vn 0.0 1.0 0.0
vn -0.0 1.0 0.0
vn 0.0 1.0 0.0
vn 0.0 1.0 0.0
vn 0.0 1.0 0.0
vn 0.0 1.0 0.0
vn -0.0 1.0 0.0
vn 0.0 1.0 0.0
vn 0.0 1.0 0.0
vn 0.0 1.0 0.0
vn -0.0 1.0 0.0
vn 0.0 1.0 0.0
vn 0.0 1.0 0.0
vn 0.0 1.0 0.0
vn 0.0 1.0 0.0
vn 0.0 1.0 0.0
vn 0.0 1.0 0.0
vn 0.0 1.0 0.0
vn -0.0 1.0 0.0
vn 0.0 1.0 0.0
vn 0.0 1.0 0.0
vn -0.0 1.0 0.0
vn -0.0 1.0 0.0
vn -0.0 1.0 0.0
vn 0.0 1.0 0.0
vn -0.0 1.0 0.0
vn 0.0 1.0 0.0
vn -0.0 1.0 0.0
vn 0.0 1.0 0.0
vn 0.0 1.0 0.0
vn 0.0 1.0 0.0
vn -0.0 1.0 0.0
vn 0.0 1.0 0.0
vn -0.0 1.0 0.0
vn 0.0 1.0 0.0
vn 0.0 1.0 0.0
vn -0.0 1.0 0.0
vn -0.849997 0.0 0.526788
vn -0.84975 1.8e-05 0.527187
vn -0.808248 6e-06 0.588843
vn -0.807724 3.9e-05 0.589561
vn -0.773297 2.1e-05 0.634044
vn -0.748865 4.4e-05 0.662723
vn -0.71286 1e-06 0.701306
vn -0.761992 -0.000319 0.647586
vn -0.663519 9.4e-05 0.748159
vn -0.711466 -6.8e-05 0.702721
vn -0.61081 0.000166 0.791778
vn -0.656963 -0.000181 0.753923
vn -0.552289 0.000272 0.833653
vn -0.598783 -0.000258 0.800911
vn -0.504324 0.000113 0.863515
vn -0.537257 -0.000236 0.843418
vn -0.47143 -0.000204 0.881904
vn -0.424304 0.000249 0.90552
vn -0.472727 -0.000245 0.881209
vn -0.361872 0.000283 0.932228
vn -0.405539 -0.000278 0.914078
vn -0.297443 0.000291 0.954739
vn -0.336124 -0.000328 0.941818
vn -0.227863 0.000359 0.973693
vn -0.264789 -0.000349 0.964306
vn -0.153819 0.000376 0.988099
vn -0.191986 -0.000337 0.981398
vn -0.097786 4.7e-05 0.995207
vn -0.060282 1.3e-05 0.998181
vn -0.118089 -0.000322 0.993003
vn -0.00749 0.000314 0.999972
vn -0.043583 -0.000319 0.99905
vn 0.060536 0.000284 0.998166
vn 0.031224 -0.000327 0.999512
vn 0.128611 0.000238 0.991695
vn 0.105822 -0.000317 0.994385
vn 0.199624 0.000293 0.979872
vn 0.179815 -0.000265 0.9837
vn 0.254647 -0.000202 0.967034
vn 0.290899 0.000118 0.956754
vn 0.252848 -0.000253 0.967506
vn 0.340891 0.00022 0.940103
vn 0.324439 -0.00025 0.945906
vn 0.403932 0.000129 0.914789
vn 0.394215 -0.000192 0.919018
vn 0.465361 1.5e-05 0.885121
vn 0.461807 -0.00012 0.88698
vn 0.52796 3.4e-05 0.849269
vn 0.526783 -1.7e-05 0.85
vn 0.588833 -1.1e-05 0.808255
vn 0.590477 6.4e-05 0.807055
vn 0.635083 8e-06 0.772444
vn 0.647588 -0.000317 0.761991
vn 0.663724 5.6e-05 0.747978
vn 0.702266 -2.3e-05 0.711915
vn 0.702727 -4.6e-05 0.71146
vn 0.749059 7.4e-05 0.662504
vn 0.753913 -0.000163 0.656974
vn 0.792603 0.000151 0.609738
vn 0.800917 -0.000245 0.598775
vn 0.834402 0.000259 0.551157
vn 0.843413 -0.000222 0.537265
vn 0.864203 0.000113 0.503143
vn 0.881214 -0.000255 0.472717
vn 0.882535 -0.00018 0.470246
vn 0.906087 0.000237 0.423092
vn 0.914069 -0.000268 0.405557
vn 0.932717 0.000276 0.360609
vn 0.941825 -0.000322 0.336103
vn 0.95514 0.000288 0.296155
vn 0.974006 0.000358 0.226523
vn 0.964307 -0.000349 0.264786
vn 0.988305 0.000375 0.152491
vn 0.981397 -0.000336 0.191989
vn 0.995338 5.8e-05 0.096451
vn 0.998264 -2e-06 0.0589
vn 0.993002 -0.00032 0.1181
vn 0.999981 0.000314 0.006148
vn 0.99905 -0.000317 0.043571
vn 0.998082 0.000288 -0.061898
vn 0.999513 -0.000331 -0.031213
vn 0.991515 0.000247 -0.12999
vn 0.994385 -0.000325 -0.105821
vn 0.979602 0.000305 -0.200947
vn 0.983698 -0.000276 -0.179826
vn 0.966686 -0.000178 -0.255965
vn 0.956365 0.000116 -0.292175
vn 0.967506 -0.000264 -0.252848
vn 0.939639 0.000233 -0.342168
vn 0.945909 -0.000261 -0.324433
vn 0.914492 0.000128 -0.404603
vn 0.919018 -0.000207 -0.394216
vn 0.885301 0.0 -0.465019
vn 0.886985 -0.000122 -0.461798
vn 0.494636 -0.0 0.8691
vn 0.494636 0.0 0.8691
vn -0.470502 0.0 -0.882399
vn -0.470275 -1.3e-05 -0.88252
vn -0.421186 -1.3e-05 -0.906974
vn -0.420748 -3.8e-05 -0.907177
vn -0.382852 -3.7e-05 -0.92381
vn -0.370568 0.000305 -0.928805
vn -0.357163 -6e-05 -0.934042
vn -0.318851 0.000295 -0.947805
vn -0.331252 -4.9e-05 -0.943542
vn -0.30503 -6.8e-05 -0.952343
vn -0.266136 5.6e-05 -0.963936
vn -0.267935 -3.3e-05 -0.963437
vn -0.212647 0.000176 -0.977129
vn -0.219552 -0.000126 -0.975601
vn -0.158498 0.00027 -0.987359
vn -0.170515 -0.00019 -0.985355
vn -0.103853 0.000321 -0.994593
vn -0.120826 -0.000239 -0.992674
vn -0.048919 0.000298 -0.998803
vn -0.068201 -0.000337 -0.997671
vn -0.026713 -0.000108 -0.999643
vn 0.006185 0.000274 -0.999981
vn 0.000948 0.0001 -1.0
vn 0.028609 -0.000129 -0.999591
vn 0.061255 0.000259 -0.998122
vn 0.056204 8.9e-05 -0.998419
vn 0.116156 0.000296 -0.993231
vn 0.094767 -0.000328 -0.995499
vn 0.17068 0.00032 -0.985326
vn 0.144243 -0.000331 -0.989542
vn 0.193459 -0.000302 -0.981108
vn 0.22471 0.000322 -0.974426
vn 0.242371 -0.000252 -0.970183
vn 0.278046 0.000288 -0.960568
vn 0.293401 -0.000298 -0.955989
vn 0.33054 0.000274 -0.943792
vn 0.345935 -0.000324 -0.938259
vn 0.382033 0.000252 -0.924149
vn 0.384551 0.000153 -0.923104
vn 0.409927 -0.000138 -0.912118
vn 0.432369 0.00024 -0.901697
vn 0.434979 0.000136 -0.90044
vn 0.459686 -0.000142 -0.888081
vn 0.481375 0.000246 -0.876515
vn 0.493734 -0.000255 -0.869613
vn 0.528928 0.000199 -0.848667
vn 0.536476 -0.000159 -0.843916
vn 0.574875 0.000134 -0.818241
vn 0.578014 -3.8e-05 -0.816027
vn 0.618249 3.6e-05 -0.785982
vn 0.619087 8.7e-05 -0.785322
vn 0.661398 6.1e-05 -0.750035
vn 0.658915 -9.7e-05 -0.752218
vn 0.70171 0.000308 -0.712462
vn 0.689579 -6.9e-05 -0.72421
vn 0.709354 -3e-06 -0.704852
vn 0.739901 0.000293 -0.672716
vn 0.728523 -8.8e-05 -0.685021
vn 0.747221 -1.8e-05 -0.664576
vn 0.775828 0.000122 -0.630944
vn 0.772355 -0.000119 -0.635191
vn 0.809413 0.000222 -0.587239
vn 0.803029 -0.000201 -0.595939
vn 0.840536 0.000301 -0.541756
vn 0.831784 -0.000247 -0.555099
vn 0.869095 0.000344 -0.494644
vn 0.858559 -0.000272 -0.512714
vn 0.895033 0.000329 -0.446
vn 0.884498 -0.000351 -0.466544
vn 0.91824 0.000304 -0.396024
vn 0.908996 -0.000373 -0.416805
vn 0.925491 -9.7e-05 -0.37877
vn 0.938657 0.000286 -0.344851
vn 0.935626 2.4e-05 -0.352994
vn 0.945006 -0.000112 -0.327053
vn 0.956236 0.000284 -0.292596
vn 0.953692 2.1e-05 -0.300784
vn 0.970895 0.000312 -0.239503
vn 0.96462 -0.000335 -0.263643
vn 0.982621 0.000324 -0.185623
vn 0.976567 -0.000317 -0.215214
vn 0.991351 0.000305 -0.131235
vn 0.986112 -0.000271 -0.166081
vn 0.993206 -0.000216 -0.116373
vn 0.997076 0.000237 -0.07642
vn 0.997965 -0.000269 -0.06376
vn 0.999753 0.000207 -0.022239
vn 0.999772 0.00024 -0.021367
vn 0.999986 -0.000134 0.005382
vn 0.999431 0.000219 0.033737
vn 0.999454 0.000193 0.03303
vn 0.996055 0.0002 0.08874
vn 0.998161 -0.000146 0.060623
vn 0.995066 -0.000209 0.09921
vn 0.989655 0.000129 0.14347
vn 0.980248 4.5e-05 0.197771
vn 0.988889 -9.9e-05 0.148652
vn 0.980233 4.1e-05 0.197844
vn 0.967862 0.000164 0.251482
vn 0.969088 -5.5e-05 0.246714
vn 0.952544 0.000146 0.3044
vn 0.954662 -0.000166 0.297691
vn 0.934324 0.000117 0.356425
vn 0.936705 -0.000184 0.35012
vn 0.913269 0.000281 0.407357
vn 0.921382 -0.000111 0.388658
vn 0.910283 4.9e-05 0.413986
vn 0.889449 0.000276 0.457035
vn 0.898487 -0.000121 0.438999
vn 0.886026 4.2e-05 0.463636
vn 0.862916 0.000189 0.505348
vn 0.8674 -0.000177 0.497611
vn 0.833768 0.000276 0.552114
vn 0.8415 -0.000235 0.540257
vn 0.802087 0.000334 0.597207
vn 0.813416 -0.000265 0.581682
vn 0.767971 0.000347 0.640484
vn 0.783191 -0.000284 0.621781
vn 0.731521 0.000324 0.681818
vn 0.749268 -0.000372 0.662266
vn 0.721129 -5.2e-05 0.692801
vn 0.692858 0.000302 0.721074
vn 0.701705 -2.7e-05 0.712468
vn 0.681727 -7.3e-05 0.731606
vn 0.652072 0.000294 0.758157
vn 0.661266 -3.7e-05 0.750151
vn 0.609324 0.000299 0.792922
vn 0.631738 -0.000343 0.775182
vn 0.564722 0.00029 0.825281
vn 0.59234 -0.000311 0.805688
vn 0.518397 0.000193 0.85514
vn 0.553215 -0.000173 0.833039
vn 0.51449 -0.0 0.857497
vn -0.494636 0.0 -0.8691
vn -0.494636 0.0 -0.8691
vn -0.8691 0.0 0.494637
vn -0.8691 0.0 0.494637
f 1//1 2//1 3//1 
f 4//2 2//2 1//2 
f 5//3 2//3 4//3 
f 6//4 2//4 5//4 
f 7//5 2//5 6//5 
f 8//6 2//6 7//6 
f 9//7 2//7 8//7 
f 10//8 2//8 9//8 
f 11//9 2//9 10//9 
f 12//10 2//10 11//10 
f 13//11 2//11 12//11 
f 14//12 15//12 16//12 
f 14//13 17//13 15//13 
f 14//14 18//14 17//14 
f 14//15 19//15 18//15 
f 14//16 20//16 19//16 
f 14//17 21//17 20//17 
f 14//18 22//18 21//18 
f 14//19 23//19 22//19 
f 14//20 24//20 23//20 
f 14//21 25//21 24//21 
f 14//22 26//22 25//22 
f 14//23 27//23 26//23 
f 14//24 28//24 27//24 
f 14//25 13//25 28//25 
f 14//26 2//26 13//26 
f 29//27 30//27 31//27 
f 29//28 32//28 30//28 
f 29//29 33//29 32//29 
f 29//30 34//30 33//30 
f 29//31 35//31 34//31 
f 29//32 36//32 35//32 
f 29//33 37//33 36//33 
f 29//34 38//34 37//34 
f 29//35 39//35 38//35 
f 29//36 40//36 39//36 
f 29//37 41//37 40//37 
f 42//38 41//38 29//38 
f 42//39 43//39 41//39 
f 42//40 44//40 43//40 
f 42//41 45//41 44//41 
f 42//42 46//42 45//42 
f 42//43 47//43 46//43 
f 42//44 48//44 47//44 
f 42//45 49//45 48//45 
f 42//46 50//46 49//46 
f 42//47 51//47 50//47 
f 42//48 52//48 51//48 
f 42//49 53//49 52//49 
f 42//50 54//50 53//50 
f 42//51 55//51 54//51 
f 42//52 16//52 55//52 
f 42//53 14//53 16//53 
f 56//54 57//54 58//54 
f 59//55 2//55 58//55 
f 59//56 58//56 57//56 
f 60//57 56//57 58//57 
f 61//58 2//58 59//58 
f 62//59 60//59 58//59 
f 63//60 2//60 61//60 
f 64//61 62//61 58//61 
f 65//62 2//62 63//62 
f 66//63 64//63 58//63 
f 67//64 2//64 65//64 
f 68//65 66//65 58//65 
f 69//66 2//66 67//66 
f 70//67 68//67 58//67 
f 71//68 2//68 69//68 
f 72//69 70//69 58//69 
f 73//70 2//70 71//70 
f 74//71 72//71 58//71 
f 75//72 2//72 73//72 
f 76//73 74//73 58//73 
f 77//74 2//74 75//74 
f 78//75 76//75 58//75 
f 79//76 2//76 77//76 
f 80//77 78//77 58//77 
f 3//78 2//78 79//78 
f 81//79 58//79 82//79 
f 81//80 80//80 58//80 
f 83//81 81//81 82//81 
f 84//82 83//82 82//82 
f 85//83 84//83 82//83 
f 86//84 85//84 82//84 
f 87//85 86//85 82//85 
f 88//86 87//86 82//86 
f 89//87 88//87 82//87 
f 90//88 89//88 82//88 
f 91//89 90//89 82//89 
f 92//90 91//90 82//90 
f 93//91 92//91 82//91 
f 94//92 93//92 82//92 
f 29//93 95//93 94//93 
f 29//94 96//94 95//94 
f 29//95 97//95 96//95 
f 29//96 98//96 97//96 
f 29//97 99//97 98//97 
f 29//98 100//98 99//98 
f 29//99 101//99 100//99 
f 29//100 102//100 101//100 
f 29//101 103//101 102//101 
f 29//102 104//102 103//102 
f 29//103 31//103 104//103 
f 29//104 94//104 82//104 
f 16//105 105//105 55//105 
f 106//106 105//106 16//106 
f 105//107 107//107 55//107 
f 55//108 107//108 54//108 
f 107//109 108//109 54//109 
f 54//110 108//110 53//110 
f 108//111 109//111 53//111 
f 53//112 109//112 52//112 
f 52//113 110//113 51//113 
f 109//114 110//114 52//114 
f 51//115 111//115 50//115 
f 110//116 111//116 51//116 
f 50//117 112//117 49//117 
f 111//118 112//118 50//118 
f 49//119 113//119 48//119 
f 112//120 113//120 49//120 
f 48//121 114//121 47//121 
f 113//122 114//122 48//122 
f 47//123 115//123 46//123 
f 114//124 115//124 47//124 
f 46//125 116//125 45//125 
f 115//126 116//126 46//126 
f 45//127 117//127 44//127 
f 116//128 117//128 45//128 
f 44//129 118//129 43//129 
f 117//130 118//130 44//130 
f 43//131 119//131 41//131 
f 118//132 119//132 43//132 
f 41//133 120//133 40//133 
f 119//134 120//134 41//134 
f 40//135 121//135 39//135 
f 120//136 121//136 40//136 
f 39//137 122//137 38//137 
f 121//138 122//138 39//138 
f 38//139 123//139 37//139 
f 122//140 123//140 38//140 
f 37//141 124//141 36//141 
f 123//142 124//142 37//142 
f 36//143 125//143 35//143 
f 124//144 125//144 36//144 
f 35//145 126//145 34//145 
f 125//146 126//146 35//146 
f 34//147 127//147 33//147 
f 126//148 127//148 34//148 
f 33//149 128//149 32//149 
f 127//150 128//150 33//150 
f 32//151 129//151 30//151 
f 128//152 129//152 32//152 
f 129//153 130//153 30//153 
f 30//154 130//154 31//154 
f 130//155 131//155 31//155 
f 31//156 131//156 104//156 
f 131//157 132//157 104//157 
f 104//158 132//158 103//158 
f 132//159 133//159 103//159 
f 103//160 133//160 102//160 
f 133//161 134//161 102//161 
f 102//162 134//162 101//162 
f 134//163 135//163 101//163 
f 101//164 135//164 100//164 
f 135//165 136//165 100//165 
f 100//166 136//166 99//166 
f 136//167 137//167 99//167 
f 99//168 137//168 98//168 
f 137//169 138//169 98//169 
f 98//170 138//170 97//170 
f 138//171 139//171 97//171 
f 97//172 139//172 96//172 
f 96//173 140//173 95//173 
f 139//174 140//174 96//174 
f 140//175 141//175 95//175 
f 95//176 141//176 94//176 
f 94//177 142//177 93//177 
f 141//178 142//178 94//178 
f 93//179 143//179 92//179 
f 142//180 143//180 93//180 
f 92//181 144//181 91//181 
f 143//182 144//182 92//182 
f 91//183 145//183 90//183 
f 144//184 145//184 91//184 
f 90//185 146//185 89//185 
f 145//186 146//186 90//186 
f 89//187 147//187 88//187 
f 146//188 147//188 89//188 
f 88//189 148//189 87//189 
f 147//190 148//190 88//190 
f 87//191 149//191 86//191 
f 148//192 149//192 87//192 
f 86//193 150//193 85//193 
f 149//194 150//194 86//194 
f 85//195 151//195 84//195 
f 150//196 151//196 85//196 
f 84//197 152//197 83//197 
f 151//198 152//198 84//198 
f 83//199 153//199 81//199 
f 152//200 153//200 83//200 
f 154//201 155//201 156//201 
f 155//202 157//202 156//202 
f 156//203 157//203 158//203 
f 158//204 159//204 160//204 
f 157//205 159//205 158//205 
f 160//206 161//206 162//206 
f 159//207 161//207 160//207 
f 162//208 163//208 164//208 
f 161//209 163//209 162//209 
f 164//210 165//210 166//210 
f 163//211 165//211 164//211 
f 166//212 167//212 168//212 
f 165//213 167//213 166//213 
f 168//214 169//214 170//214 
f 167//215 169//215 168//215 
f 170//216 171//216 172//216 
f 169//217 171//217 170//217 
f 172//218 173//218 174//218 
f 171//219 173//219 172//219 
f 174//220 175//220 176//220 
f 173//221 175//221 174//221 
f 176//222 177//222 178//222 
f 175//223 177//223 176//223 
f 178//224 179//224 180//224 
f 177//225 179//225 178//225 
f 180//226 181//226 182//226 
f 179//227 181//227 180//227 
f 182//228 183//228 184//228 
f 181//229 183//229 182//229 
f 184//230 185//230 186//230 
f 183//231 185//231 184//231 
f 186//232 187//232 188//232 
f 185//233 187//233 186//233 
f 188//234 189//234 190//234 
f 187//235 189//235 188//235 
f 190//236 191//236 192//236 
f 189//237 191//237 190//237 
f 192//238 193//238 194//238 
f 191//239 193//239 192//239 
f 194//240 195//240 196//240 
f 193//241 195//241 194//241 
f 196//242 197//242 198//242 
f 195//243 197//243 196//243 
f 198//244 199//244 200//244 
f 197//245 199//245 198//245 
f 200//246 201//246 202//246 
f 199//247 201//247 200//247 
f 202//248 203//248 204//248 
f 201//249 203//249 202//249 
f 203//250 205//250 204//250 
f 204//251 205//251 206//251 
f 205//252 207//252 206//252 
f 206//253 207//253 208//253 
f 207//254 209//254 208//254 
f 208//255 209//255 210//255 
f 209//256 211//256 210//256 
f 210//257 211//257 212//257 
f 211//258 213//258 212//258 
f 212//259 213//259 214//259 
f 213//260 215//260 214//260 
f 214//261 215//261 216//261 
f 215//262 217//262 216//262 
f 216//263 217//263 218//263 
f 217//264 219//264 218//264 
f 218//265 219//265 220//265 
f 219//266 221//266 220//266 
f 220//267 221//267 222//267 
f 222//268 223//268 224//268 
f 221//269 223//269 222//269 
f 224//270 225//270 226//270 
f 223//271 225//271 224//271 
f 226//272 227//272 228//272 
f 225//273 227//273 226//273 
f 228//274 229//274 230//274 
f 227//275 229//275 228//275 
f 230//276 231//276 232//276 
f 229//277 231//277 230//277 
f 232//278 233//278 234//278 
f 231//279 233//279 232//279 
f 234//280 235//280 236//280 
f 233//281 235//281 234//281 
f 236//282 237//282 238//282 
f 235//283 237//283 236//283 
f 238//284 239//284 240//284 
f 237//285 239//285 238//285 
f 240//286 241//286 242//286 
f 239//287 241//287 240//287 
f 242//288 243//288 244//288 
f 241//289 243//289 242//289 
f 244//290 245//290 246//290 
f 243//291 245//291 244//291 
f 246//292 247//292 248//292 
f 245//293 247//293 246//293 
f 248//294 249//294 250//294 
f 247//295 249//295 248//295 
f 249//296 251//296 250//296 
f 81//297 153//297 80//297 
f 153//298 252//298 80//298 
f 80//299 252//299 78//299 
f 252//300 253//300 78//300 
f 78//301 253//301 76//301 
f 253//302 254//302 76//302 
f 76//303 254//303 74//303 
f 254//304 255//304 74//304 
f 74//305 255//305 72//305 
f 255//306 256//306 72//306 
f 72//307 256//307 70//307 
f 256//308 257//308 70//308 
f 70//309 257//309 68//309 
f 257//310 258//310 68//310 
f 68//311 258//311 66//311 
f 258//312 259//312 66//312 
f 66//313 259//313 64//313 
f 259//314 260//314 64//314 
f 62//315 260//315 60//315 
f 64//316 260//316 62//316 
f 260//317 261//317 60//317 
f 60//318 261//318 56//318 
f 261//319 262//319 56//319 
f 56//320 262//320 57//320 
f 262//321 263//321 57//321 
f 57//322 263//322 59//322 
f 263//323 264//323 59//323 
f 59//324 264//324 61//324 
f 61//325 265//325 63//325 
f 264//326 265//326 61//326 
f 63//327 266//327 65//327 
f 265//328 266//328 63//328 
f 65//329 267//329 67//329 
f 266//330 267//330 65//330 
f 67//331 268//331 69//331 
f 267//332 268//332 67//332 
f 69//333 269//333 71//333 
f 268//334 269//334 69//334 
f 73//335 270//335 75//335 
f 71//336 270//336 73//336 
f 269//337 270//337 71//337 
f 75//338 271//338 77//338 
f 270//339 271//339 75//339 
f 77//340 272//340 79//340 
f 271//341 272//341 77//341 
f 79//342 273//342 3//342 
f 272//343 273//343 79//343 
f 273//344 274//344 3//344 
f 3//345 274//345 1//345 
f 274//346 275//346 1//346 
f 1//347 275//347 4//347 
f 275//348 276//348 4//348 
f 4//349 276//349 5//349 
f 276//350 277//350 5//350 
f 5//351 277//351 6//351 
f 277//352 278//352 6//352 
f 6//353 278//353 7//353 
f 278//354 279//354 7//354 
f 7//355 279//355 8//355 
f 279//356 280//356 8//356 
f 8//357 280//357 9//357 
f 280//358 281//358 9//358 
f 9//359 281//359 10//359 
f 281//360 282//360 10//360 
f 10//361 282//361 11//361 
f 282//362 283//362 11//362 
f 11//363 283//363 12//363 
f 283//364 284//364 12//364 
f 12//365 284//365 13//365 
f 284//366 285//366 13//366 
f 13//367 285//367 28//367 
f 285//368 286//368 28//368 
f 28//369 286//369 27//369 
f 286//370 287//370 27//370 
f 27//371 287//371 26//371 
f 287//372 288//372 26//372 
f 26//373 288//373 25//373 
f 288//374 289//374 25//374 
f 25//375 289//375 24//375 
f 289//376 290//376 24//376 
f 24//377 290//377 23//377 
f 290//378 291//378 23//378 
f 23//379 291//379 22//379 
f 291//380 292//380 22//380 
f 22//381 292//381 21//381 
f 292//382 293//382 21//382 
f 21//383 293//383 20//383 
f 20//384 294//384 19//384 
f 293//385 294//385 20//385 
f 19//386 295//386 18//386 
f 294//387 295//387 19//387 
f 18//388 296//388 17//388 
f 295//389 296//389 18//389 
f 17//390 297//390 15//390 
f 296//391 297//391 17//391 
f 15//392 298//392 16//392 
f 297//393 298//393 15//393 
f 298//394 106//394 16//394 
f 251//395 299//395 250//395 
f 250//396 299//396 300//396 
f 299//397 301//397 300//397 
f 300//398 301//398 302//398 
f 301//399 303//399 302//399 
f 302//400 303//400 304//400 
f 303//401 305//401 304//401 
f 304//402 305//402 306//402 
f 305//403 307//403 306//403 
f 306//404 307//404 308//404 
f 307//405 309//405 308//405 
f 308//406 309//406 310//406 
f 309//407 311//407 310//407 
f 310//408 311//408 312//408 
f 311//409 313//409 312//409 
f 312//410 313//410 314//410 
f 313//411 315//411 314//411 
f 314//412 315//412 316//412 
f 315//413 317//413 316//413 
f 317//414 318//414 316//414 
f 316//415 318//415 319//415 
f 318//416 320//416 319//416 
f 319//417 320//417 321//417 
f 320//418 322//418 321//418 
f 321//419 322//419 323//419 
f 322//420 324//420 323//420 
f 323//421 324//421 325//421 
f 324//422 326//422 325//422 
f 325//423 326//423 327//423 
f 326//424 328//424 327//424 
f 327//425 328//425 329//425 
f 329//426 330//426 331//426 
f 328//427 330//427 329//427 
f 331//428 332//428 333//428 
f 330//429 332//429 331//429 
f 333//430 334//430 335//430 
f 332//431 334//431 333//431 
f 335//432 336//432 337//432 
f 334//433 336//433 335//433 
f 336//434 338//434 337//434 
f 337//435 339//435 340//435 
f 338//436 339//436 337//436 
f 340//437 341//437 342//437 
f 339//438 341//438 340//438 
f 342//439 343//439 344//439 
f 341//440 343//440 342//440 
f 344//441 345//441 346//441 
f 343//442 345//442 344//442 
f 345//443 347//443 346//443 
f 346//444 347//444 348//444 
f 347//445 349//445 348//445 
f 348//446 349//446 350//446 
f 349//447 351//447 350//447 
f 350//448 351//448 352//448 
f 351//449 353//449 352//449 
f 352//450 353//450 354//450 
f 353//451 355//451 354//451 
f 354//452 355//452 356//452 
f 355//453 357//453 356//453 
f 356//454 357//454 358//454 
f 357//455 359//455 358//455 
f 358//456 359//456 360//456 
f 359//457 361//457 360//457 
f 360//458 361//458 362//458 
f 361//459 363//459 362//459 
f 362//460 363//460 364//460 
f 363//461 365//461 364//461 
f 364//462 365//462 366//462 
f 365//463 367//463 366//463 
f 366//464 367//464 368//464 
f 367//465 369//465 368//465 
f 368//466 369//466 370//466 
f 369//467 371//467 370//467 
f 370//468 371//468 372//468 
f 371//469 373//469 372//469 
f 372//470 373//470 374//470 
f 373//471 375//471 374//471 
f 374//472 375//472 376//472 
f 375//473 377//473 376//473 
f 376//474 377//474 378//474 
f 377//475 379//475 378//475 
f 378//476 379//476 380//476 
f 379//477 381//477 380//477 
f 380//478 381//478 382//478 
f 381//479 383//479 382//479 
f 382//480 383//480 384//480 
f 383//481 385//481 384//481 
f 384//482 385//482 386//482 
f 385//483 387//483 386//483 
f 386//484 387//484 388//484 
f 387//485 389//485 388//485 
f 388//486 389//486 390//486 
f 389//487 391//487 390//487 
f 390//488 391//488 392//488 
f 391//489 393//489 392//489 
f 392//490 393//490 394//490 
f 394//491 155//491 154//491 
f 393//492 155//492 394//492 
f 395//493 396//493 397//493 
f 395//494 397//494 398//494 
f 399//495 400//495 401//495 
f 399//496 401//496 402//496 
f 286//497 403//497 287//497 
f 288//498 287//498 403//498 
f 285//499 403//499 286//499 
f 289//500 288//500 403//500 
f 284//501 403//501 285//501 
f 290//502 289//502 403//502 
f 283//503 403//503 284//503 
f 291//504 290//504 403//504 
f 282//505 403//505 283//505 
f 292//506 291//506 403//506 
f 281//507 403//507 282//507 
f 293//508 292//508 403//508 
f 280//509 403//509 281//509 
f 294//510 293//510 403//510 
f 279//511 403//511 280//511 
f 295//512 294//512 403//512 
f 278//513 403//513 279//513 
f 296//514 295//514 403//514 
f 277//515 403//515 278//515 
f 297//516 296//516 403//516 
f 276//517 403//517 277//517 
f 298//518 297//518 403//518 
f 275//519 403//519 276//519 
f 106//520 403//520 404//520 
f 106//521 298//521 403//521 
f 105//522 106//522 404//522 
f 274//523 403//523 275//523 
f 107//524 105//524 404//524 
f 273//525 403//525 274//525 
f 108//526 107//526 404//526 
f 109//527 108//527 404//527 
f 110//528 109//528 404//528 
f 111//529 110//529 404//529 
f 112//530 111//530 404//530 
f 113//531 112//531 404//531 
f 114//532 113//532 404//532 
f 115//533 114//533 404//533 
f 116//534 115//534 404//534 
f 117//535 116//535 404//535 
f 118//536 117//536 404//536 
f 119//537 118//537 404//537 
f 120//538 119//538 404//538 
f 121//539 120//539 404//539 
f 122//540 121//540 404//540 
f 123//541 122//541 404//541 
f 124//542 123//542 404//542 
f 125//543 124//543 404//543 
f 126//544 125//544 404//544 
f 127//545 126//545 404//545 
f 128//546 127//546 404//546 
f 129//547 128//547 404//547 
f 130//548 129//548 404//548 
f 131//549 130//549 404//549 
f 401//550 273//550 272//550 
f 401//551 272//551 271//551 
f 401//552 271//552 270//552 
f 401//553 270//553 269//553 
f 401//554 269//554 268//554 
f 401//555 268//555 267//555 
f 401//556 267//556 266//556 
f 401//557 266//557 265//557 
f 401//558 265//558 264//558 
f 401//559 264//559 263//559 
f 401//560 263//560 262//560 
f 401//561 262//561 261//561 
f 401//562 261//562 260//562 
f 401//563 260//563 259//563 
f 401//564 259//564 258//564 
f 401//565 258//565 257//565 
f 401//566 257//566 256//566 
f 401//567 256//567 255//567 
f 401//568 255//568 254//568 
f 401//569 254//569 253//569 
f 401//570 253//570 252//570 
f 401//571 252//571 153//571 
f 401//572 403//572 273//572 
f 402//573 131//573 404//573 
f 402//574 153//574 152//574 
f 402//575 152//575 151//575 
f 402//576 151//576 150//576 
f 402//577 150//577 149//577 
f 402//578 149//578 148//578 
f 402//579 148//579 147//579 
f 402//580 147//580 146//580 
f 402//581 146//581 145//581 
f 402//582 145//582 144//582 
f 402//583 144//583 143//583 
f 402//584 143//584 142//584 
f 402//585 142//585 141//585 
f 402//586 141//586 140//586 
f 402//587 140//587 139//587 
f 402//588 139//588 138//588 
f 402//589 138//589 137//589 
f 402//590 137//590 136//590 
f 402//591 136//591 135//591 
f 402//592 135//592 134//592 
f 402//593 134//593 133//593 
f 402//594 133//594 132//594 
f 402//595 132//595 131//595 
f 402//596 401//596 153//596 
f 404//597 403//597 14//597 
f 404//598 14//598 42//598 
f 58//599 405//599 406//599 
f 82//600 58//600 406//600 
f 343//601 407//601 345//601 
f 341//602 407//602 343//602 
f 339//603 407//603 341//603 
f 338//604 407//604 339//604 
f 336//605 407//605 338//605 
f 334//606 407//606 336//606 
f 332//607 407//607 334//607 
f 330//608 407//608 332//608 
f 328//609 407//609 330//609 
f 326//610 407//610 328//610 
f 324//611 407//611 326//611 
f 405//612 324//612 322//612 
f 405//613 322//613 320//613 
f 405//614 320//614 318//614 
f 405//615 318//615 317//615 
f 405//616 317//616 315//616 
f 405//617 315//617 313//617 
f 405//618 313//618 311//618 
f 405//619 311//619 309//619 
f 405//620 309//620 307//620 
f 405//621 307//621 305//621 
f 405//622 305//622 303//622 
f 405//623 303//623 301//623 
f 405//624 301//624 299//624 
f 405//625 299//625 251//625 
f 405//626 407//626 324//626 
f 408//627 227//627 225//627 
f 408//628 225//628 223//628 
f 408//629 223//629 221//629 
f 408//630 221//630 219//630 
f 408//631 219//631 217//631 
f 408//632 217//632 215//632 
f 408//633 215//633 213//633 
f 408//634 213//634 211//634 
f 408//635 211//635 209//635 
f 408//636 209//636 207//636 
f 408//637 207//637 205//637 
f 406//638 405//638 251//638 
f 406//639 251//639 249//639 
f 406//640 249//640 247//640 
f 406//641 247//641 245//641 
f 406//642 245//642 243//642 
f 406//643 243//643 241//643 
f 406//644 241//644 239//644 
f 406//645 239//645 237//645 
f 406//646 237//646 235//646 
f 406//647 235//647 233//647 
f 406//648 233//648 231//648 
f 406//649 231//649 229//649 
f 406//650 229//650 227//650 
f 406//651 227//651 408//651 
f 373//652 371//652 409//652 
f 369//653 409//653 371//653 
f 375//654 373//654 409//654 
f 367//655 407//655 409//655 
f 367//656 409//656 369//656 
f 377//657 375//657 409//657 
f 365//658 407//658 367//658 
f 379//659 377//659 409//659 
f 363//660 407//660 365//660 
f 381//661 379//661 409//661 
f 361//662 407//662 363//662 
f 383//663 381//663 409//663 
f 359//664 407//664 361//664 
f 385//665 383//665 409//665 
f 357//666 407//666 359//666 
f 387//667 385//667 409//667 
f 355//668 407//668 357//668 
f 389//669 387//669 409//669 
f 353//670 407//670 355//670 
f 391//671 389//671 409//671 
f 351//672 407//672 353//672 
f 393//673 391//673 409//673 
f 349//674 407//674 351//674 
f 155//675 393//675 409//675 
f 155//676 409//676 410//676 
f 347//677 407//677 349//677 
f 157//678 155//678 410//678 
f 345//679 407//679 347//679 
f 159//680 157//680 410//680 
f 161//681 159//681 410//681 
f 163//682 161//682 410//682 
f 165//683 163//683 410//683 
f 167//684 165//684 410//684 
f 169//685 167//685 410//685 
f 171//686 169//686 410//686 
f 173//687 171//687 410//687 
f 175//688 173//688 410//688 
f 177//689 175//689 410//689 
f 179//690 177//690 410//690 
f 181//691 179//691 410//691 
f 183//692 181//692 410//692 
f 408//693 205//693 203//693 
f 408//694 203//694 201//694 
f 408//695 201//695 199//695 
f 408//696 199//696 197//696 
f 408//697 197//697 195//697 
f 408//698 195//698 193//698 
f 408//699 193//699 191//699 
f 408//700 191//700 189//700 
f 408//701 189//701 187//701 
f 408//702 187//702 185//702 
f 408//703 185//703 183//703 
f 408//704 183//704 410//704 
f 410//705 409//705 411//705 
f 410//706 411//706 412//706 
f 325//707 396//707 323//707 
f 321//708 323//708 396//708 
f 327//709 396//709 325//709 
f 319//710 321//710 396//710 
f 316//711 319//711 396//711 
f 329//712 396//712 327//712 
f 314//713 316//713 396//713 
f 331//714 396//714 329//714 
f 312//715 314//715 396//715 
f 333//716 396//716 331//716 
f 310//717 312//717 396//717 
f 335//718 396//718 333//718 
f 308//719 310//719 396//719 
f 337//720 396//720 335//720 
f 306//721 308//721 396//721 
f 340//722 396//722 337//722 
f 304//723 306//723 396//723 
f 342//724 396//724 340//724 
f 302//725 304//725 396//725 
f 344//726 396//726 342//726 
f 300//727 302//727 396//727 
f 250//728 396//728 395//728 
f 250//729 300//729 396//729 
f 248//730 250//730 395//730 
f 246//731 248//731 395//731 
f 244//732 246//732 395//732 
f 242//733 244//733 395//733 
f 240//734 242//734 395//734 
f 238//735 240//735 395//735 
f 236//736 238//736 395//736 
f 234//737 236//737 395//737 
f 232//738 234//738 395//738 
f 230//739 232//739 395//739 
f 228//740 230//740 395//740 
f 226//741 228//741 395//741 
f 224//742 226//742 395//742 
f 222//743 224//743 395//743 
f 220//744 222//744 395//744 
f 218//745 220//745 395//745 
f 216//746 218//746 395//746 
f 214//747 216//747 395//747 
f 212//748 214//748 395//748 
f 210//749 212//749 395//749 
f 208//750 210//750 395//750 
f 206//751 208//751 395//751 
f 411//752 344//752 346//752 
f 411//753 346//753 348//753 
f 411//754 348//754 350//754 
f 411//755 350//755 352//755 
f 411//756 352//756 354//756 
f 411//757 354//757 356//757 
f 411//758 356//758 358//758 
f 411//759 358//759 360//759 
f 411//760 360//760 362//760 
f 411//761 362//761 364//761 
f 411//762 364//762 366//762 
f 411//763 366//763 368//763 
f 411//764 368//764 370//764 
f 411//765 370//765 372//765 
f 411//766 372//766 374//766 
f 411//767 374//767 376//767 
f 411//768 376//768 378//768 
f 411//769 378//769 380//769 
f 411//770 380//770 382//770 
f 411//771 396//771 344//771 
f 411//772 382//772 384//772 
f 411//773 384//773 386//773 
f 411//774 386//774 388//774 
f 411//775 388//775 390//775 
f 411//776 390//776 392//776 
f 411//777 392//777 394//777 
f 411//778 394//778 154//778 
f 412//779 206//779 395//779 
f 412//780 154//780 156//780 
f 412//781 156//781 158//781 
f 412//782 158//782 160//782 
f 412//783 160//783 162//783 
f 412//784 411//784 154//784 
f 412//785 162//785 164//785 
f 412//786 164//786 166//786 
f 412//787 166//787 168//787 
f 412//788 168//788 170//788 
f 412//789 170//789 172//789 
f 412//790 172//790 174//790 
f 412//791 174//791 176//791 
f 412//792 176//792 178//792 
f 412//793 178//793 180//793 
f 412//794 180//794 182//794 
f 412//795 182//795 184//795 
f 412//796 184//796 186//796 
f 412//797 186//797 188//797 
f 412//798 188//798 190//798 
f 412//799 190//799 192//799 
f 412//800 192//800 194//800 
f 412//801 194//801 196//801 
f 412//802 196//802 198//802 
f 412//803 198//803 200//803 
f 412//804 200//804 202//804 
f 412//805 202//805 204//805 
f 412//806 204//806 206//806 
f 397//807 400//807 399//807 
f 398//808 397//808 399//808 
f 398//809 406//809 395//809 
f 408//810 395//810 406//810 
f 412//811 395//811 408//811 
f 410//812 412//812 408//812 
f 402//813 82//813 399//813 
f 29//814 82//814 402//814 
f 404//815 42//815 29//815 
f 404//816 29//816 402//816 
f 82//817 406//817 398//817 
f 82//818 398//818 399//818 
f 2//819 401//819 58//819 
f 403//820 401//820 2//820 
f 400//821 58//821 401//821 
f 14//822 403//822 2//822 
f 396//823 405//823 397//823 
f 407//824 405//824 396//824 
f 411//825 409//825 407//825 
f 411//826 407//826 396//826 
f 405//827 58//827 397//827 
f 397//828 58//828 400//828 
f 413//829 414//829 415//829 
f 413//830 415//830 416//830 
f 417//831 418//831 419//831 
f 418//832 420//832 419//832 
f 419//833 420//833 421//833 
f 421//834 422//834 423//834 
f 420//835 422//835 421//835 
f 423//836 424//836 425//836 
f 422//837 424//837 423//837 
f 425//838 426//838 427//838 
f 424//839 426//839 425//839 
f 427//840 428//840 429//840 
f 426//841 428//841 427//841 
f 429//842 430//842 431//842 
f 428//843 430//843 429//843 
f 431//844 432//844 433//844 
f 430//845 432//845 431//845 
f 433//846 434//846 435//846 
f 432//847 434//847 433//847 
f 435//848 436//848 437//848 
f 434//849 436//849 435//849 
f 437//850 438//850 439//850 
f 436//851 438//851 437//851 
f 439//852 440//852 441//852 
f 438//853 440//853 439//853 
f 441//854 442//854 443//854 
f 440//855 442//855 441//855 
f 443//856 444//856 445//856 
f 442//857 444//857 443//857 
f 445//858 446//858 447//858 
f 444//859 446//859 445//859 
f 447//860 448//860 449//860 
f 446//861 448//861 447//861 
f 449//862 450//862 451//862 
f 448//863 450//863 449//863 
f 450//864 452//864 451//864 
f 451//865 453//865 454//865 
f 452//866 453//866 451//866 
f 454//867 455//867 456//867 
f 453//868 455//868 454//868 
f 456//869 457//869 458//869 
f 455//870 457//870 456//870 
f 458//871 459//871 460//871 
f 457//872 459//872 458//872 
f 460//873 461//873 462//873 
f 459//874 461//874 460//874 
f 462//875 463//875 464//875 
f 461//876 463//876 462//876 
f 464//877 465//877 466//877 
f 463//878 465//878 464//878 
f 466//879 467//879 468//879 
f 465//880 467//880 466//880 
f 467//881 469//881 468//881 
f 468//882 469//882 470//882 
f 469//883 471//883 470//883 
f 470//884 471//884 472//884 
f 471//885 473//885 472//885 
f 472//886 473//886 474//886 
f 473//887 475//887 474//887 
f 474//888 475//888 476//888 
f 475//889 477//889 476//889 
f 476//890 477//890 478//890 
f 477//891 479//891 478//891 
f 478//892 479//892 480//892 
f 479//893 481//893 480//893 
f 480//894 481//894 482//894 
f 482//895 483//895 484//895 
f 481//896 483//896 482//896 
f 484//897 485//897 486//897 
f 483//898 485//898 484//898 
f 486//899 487//899 488//899 
f 485//900 487//900 486//900 
f 488//901 489//901 490//901 
f 487//902 489//902 488//902 
f 490//903 491//903 492//903 
f 489//904 491//904 490//904 
f 492//905 493//905 494//905 
f 491//906 493//906 492//906 
f 494//907 495//907 496//907 
f 493//908 495//908 494//908 
f 496//909 497//909 498//909 
f 495//910 497//910 496//910 
f 498//911 499//911 500//911 
f 497//912 499//912 498//912 
f 500//913 501//913 502//913 
f 499//914 501//914 500//914 
f 502//915 503//915 504//915 
f 501//916 503//916 502//916 
f 504//917 505//917 506//917 
f 503//918 505//918 504//918 
f 506//919 507//919 508//919 
f 505//920 507//920 506//920 
f 508//921 509//921 510//921 
f 507//922 509//922 508//922 
f 510//923 511//923 512//923 
f 512//924 511//924 513//924 
f 509//925 511//925 510//925 
f 511//926 514//926 513//926 
f 514//927 515//927 513//927 
f 513//928 515//928 516//928 
f 516//929 517//929 518//929 
f 515//930 517//930 516//930 
f 517//931 519//931 518//931 
f 518//932 519//932 520//932 
f 520//933 521//933 522//933 
f 519//934 521//934 520//934 
f 522//935 523//935 524//935 
f 521//936 523//936 522//936 
f 524//937 525//937 526//937 
f 523//938 525//938 524//938 
f 526//939 527//939 528//939 
f 525//940 527//940 526//940 
f 528//941 529//941 530//941 
f 527//942 529//942 528//942 
f 530//943 531//943 532//943 
f 529//944 531//944 530//944 
f 532//945 533//945 534//945 
f 531//946 533//946 532//946 
f 534//947 535//947 536//947 
f 533//948 535//948 534//948 
f 536//949 537//949 538//949 
f 535//950 537//950 536//950 
f 538//951 539//951 540//951 
f 537//952 539//952 538//952 
f 540//953 541//953 542//953 
f 539//954 541//954 540//954 
f 542//955 543//955 544//955 
f 541//956 543//956 542//956 
f 544//957 545//957 546//957 
f 543//958 545//958 544//958 
f 546//959 547//959 548//959 
f 545//960 547//960 546//960 
f 548//961 549//961 550//961 
f 547//962 549//962 548//962 
f 550//963 551//963 552//963 
f 549//964 551//964 550//964 
f 552//965 553//965 554//965 
f 551//966 553//966 552//966 
f 554//967 555//967 556//967 
f 553//968 555//968 554//968 
f 556//969 557//969 558//969 
f 555//970 557//970 556//970 
f 558//971 559//971 560//971 
f 557//972 559//972 558//972 
f 560//973 561//973 562//973 
f 559//974 561//974 560//974 
f 562//975 563//975 564//975 
f 561//976 563//976 562//976 
f 563//977 565//977 564//977 
f 564//978 565//978 566//978 
f 565//979 567//979 566//979 
f 566//980 567//980 568//980 
f 567//981 569//981 568//981 
f 568//982 569//982 570//982 
f 569//983 571//983 570//983 
f 570//984 571//984 572//984 
f 572//985 571//985 573//985 
f 571//986 574//986 573//986 
f 574//987 575//987 573//987 
f 573//988 575//988 576//988 
f 576//989 575//989 577//989 
f 575//990 578//990 577//990 
f 578//991 579//991 577//991 
f 577//992 579//992 580//992 
f 580//993 581//993 582//993 
f 579//994 581//994 580//994 
f 582//995 583//995 584//995 
f 584//996 583//996 585//996 
f 581//997 583//997 582//997 
f 585//998 586//998 587//998 
f 583//999 586//999 585//999 
f 587//1000 588//1000 589//1000 
f 586//1001 588//1001 587//1001 
f 589//1002 590//1002 591//1002 
f 588//1003 590//1003 589//1003 
f 590//1004 592//1004 591//1004 
f 591//1005 593//1005 594//1005 
f 594//1006 593//1006 595//1006 
f 592//1007 593//1007 591//1007 
f 593//1008 596//1008 595//1008 
f 595//1009 597//1009 598//1009 
f 598//1010 597//1010 599//1010 
f 596//1011 597//1011 595//1011 
f 599//1012 600//1012 601//1012 
f 597//1013 600//1013 599//1013 
f 600//1014 602//1014 601//1014 
f 601//1015 603//1015 604//1015 
f 604//1016 603//1016 605//1016 
f 602//1017 603//1017 601//1017 
f 605//1018 606//1018 607//1018 
f 603//1019 606//1019 605//1019 
f 606//1020 608//1020 607//1020 
f 607//1021 418//1021 417//1021 
f 608//1022 418//1022 607//1022 
f 609//1023 610//1023 611//1023 
f 609//1024 612//1024 610//1024 
f 609//1025 613//1025 612//1025 
f 614//1026 609//1026 611//1026 
f 615//1027 611//1027 616//1027 
f 615//1028 614//1028 611//1028 
f 617//1029 616//1029 618//1029 
f 617//1030 615//1030 616//1030 
f 619//1031 618//1031 620//1031 
f 619//1032 617//1032 618//1032 
f 621//1033 620//1033 622//1033 
f 621//1034 619//1034 620//1034 
f 623//1035 622//1035 624//1035 
f 623//1036 621//1036 622//1036 
f 625//1037 624//1037 626//1037 
f 625//1038 623//1038 624//1038 
f 627//1039 626//1039 628//1039 
f 627//1040 625//1040 626//1040 
f 629//1041 628//1041 630//1041 
f 629//1042 627//1042 628//1042 
f 631//1043 630//1043 632//1043 
f 631//1044 629//1044 630//1044 
f 633//1045 632//1045 634//1045 
f 633//1046 631//1046 632//1046 
f 635//1047 634//1047 636//1047 
f 635//1048 633//1048 634//1048 
f 637//1049 636//1049 638//1049 
f 637//1050 635//1050 636//1050 
f 639//1051 637//1051 638//1051 
f 639//1052 638//1052 640//1052 
f 641//1053 639//1053 640//1053 
f 641//1054 640//1054 642//1054 
f 643//1055 642//1055 644//1055 
f 643//1056 641//1056 642//1056 
f 645//1057 644//1057 646//1057 
f 645//1058 643//1058 644//1058 
f 647//1059 646//1059 648//1059 
f 647//1060 645//1060 646//1060 
f 649//1061 647//1061 648//1061 
f 649//1062 648//1062 650//1062 
f 651//1063 649//1063 650//1063 
f 651//1064 650//1064 652//1064 
f 653//1065 651//1065 652//1065 
f 653//1066 652//1066 654//1066 
f 655//1067 653//1067 654//1067 
f 655//1068 654//1068 656//1068 
f 657//1069 655//1069 656//1069 
f 657//1070 656//1070 658//1070 
f 659//1071 657//1071 658//1071 
f 659//1072 658//1072 660//1072 
f 661//1073 659//1073 660//1073 
f 661//1074 660//1074 662//1074 
f 663//1075 661//1075 662//1075 
f 663//1076 662//1076 664//1076 
f 665//1077 663//1077 664//1077 
f 665//1078 664//1078 666//1078 
f 667//1079 665//1079 666//1079 
f 667//1080 666//1080 668//1080 
f 669//1081 667//1081 668//1081 
f 669//1082 668//1082 670//1082 
f 671//1083 669//1083 670//1083 
f 671//1084 670//1084 672//1084 
f 673//1085 671//1085 672//1085 
f 673//1086 672//1086 674//1086 
f 675//1087 673//1087 674//1087 
f 675//1088 674//1088 676//1088 
f 677//1089 675//1089 676//1089 
f 677//1090 676//1090 678//1090 
f 679//1091 677//1091 678//1091 
f 679//1092 678//1092 680//1092 
f 681//1093 680//1093 682//1093 
f 681//1094 679//1094 680//1094 
f 683//1095 682//1095 684//1095 
f 683//1096 681//1096 682//1096 
f 685//1097 684//1097 686//1097 
f 685//1098 683//1098 684//1098 
f 687//1099 686//1099 688//1099 
f 687//1100 685//1100 686//1100 
f 689//1101 687//1101 688//1101 
f 689//1102 688//1102 690//1102 
f 691//1103 689//1103 690//1103 
f 691//1104 690//1104 692//1104 
f 693//1105 691//1105 692//1105 
f 693//1106 692//1106 694//1106 
f 695//1107 693//1107 694//1107 
f 695//1108 694//1108 696//1108 
f 697//1109 695//1109 696//1109 
f 697//1110 696//1110 698//1110 
f 699//1111 697//1111 698//1111 
f 699//1112 698//1112 700//1112 
f 701//1113 699//1113 700//1113 
f 701//1114 700//1114 702//1114 
f 703//1115 701//1115 702//1115 
f 703//1116 702//1116 704//1116 
f 705//1117 703//1117 704//1117 
f 705//1118 704//1118 706//1118 
f 707//1119 705//1119 706//1119 
f 707//1120 706//1120 708//1120 
f 709//1121 707//1121 708//1121 
f 709//1122 708//1122 710//1122 
f 711//1123 709//1123 710//1123 
f 711//1124 710//1124 712//1124 
f 713//1125 711//1125 712//1125 
f 713//1126 712//1126 714//1126 
f 715//1127 713//1127 714//1127 
f 715//1128 714//1128 716//1128 
f 717//1129 715//1129 716//1129 
f 717//1130 716//1130 718//1130 
f 719//1131 717//1131 718//1131 
f 719//1132 718//1132 720//1132 
f 721//1133 720//1133 722//1133 
f 721//1134 719//1134 720//1134 
f 723//1135 722//1135 724//1135 
f 723//1136 721//1136 722//1136 
f 725//1137 724//1137 726//1137 
f 725//1138 723//1138 724//1138 
f 727//1139 726//1139 728//1139 
f 727//1140 725//1140 726//1140 
f 729//1141 728//1141 730//1141 
f 729//1142 727//1142 728//1142 
f 731//1143 730//1143 732//1143 
f 731//1144 729//1144 730//1144 
f 733//1145 732//1145 734//1145 
f 733//1146 731//1146 732//1146 
f 735//1147 734//1147 736//1147 
f 735//1148 733//1148 734//1148 
f 737//1149 736//1149 738//1149 
f 737//1150 735//1150 736//1150 
f 739//1151 738//1151 740//1151 
f 739//1152 737//1152 738//1152 
f 741//1153 739//1153 740//1153 
f 741//1154 740//1154 742//1154 
f 743//1155 741//1155 742//1155 
f 743//1156 742//1156 744//1156 
f 745//1157 743//1157 744//1157 
f 745//1158 744//1158 746//1158 
f 747//1159 745//1159 746//1159 
f 747//1160 746//1160 748//1160 
f 749//1161 747//1161 748//1161 
f 749//1162 748//1162 750//1162 
f 751//1163 749//1163 750//1163 
f 751//1164 750//1164 752//1164 
f 753//1165 751//1165 752//1165 
f 753//1166 752//1166 754//1166 
f 755//1167 753//1167 754//1167 
f 755//1168 756//1168 757//1168 
f 755//1169 754//1169 756//1169 
f 758//1170 755//1170 757//1170 
f 759//1171 758//1171 757//1171 
f 759//1172 757//1172 760//1172 
f 761//1173 760//1173 762//1173 
f 761//1174 759//1174 760//1174 
f 763//1175 762//1175 764//1175 
f 763//1176 761//1176 762//1176 
f 765//1177 764//1177 766//1177 
f 765//1178 763//1178 764//1178 
f 767//1179 766//1179 768//1179 
f 767//1180 765//1180 766//1180 
f 769//1181 768//1181 770//1181 
f 769//1182 767//1182 768//1182 
f 771//1183 770//1183 772//1183 
f 771//1184 769//1184 770//1184 
f 773//1185 772//1185 774//1185 
f 773//1186 771//1186 772//1186 
f 775//1187 774//1187 776//1187 
f 775//1188 773//1188 774//1188 
f 777//1189 776//1189 778//1189 
f 777//1190 775//1190 776//1190 
f 779//1191 778//1191 780//1191 
f 779//1192 777//1192 778//1192 
f 781//1193 780//1193 782//1193 
f 781//1194 779//1194 780//1194 
f 783//1195 782//1195 784//1195 
f 783//1196 781//1196 782//1196 
f 785//1197 784//1197 786//1197 
f 785//1198 783//1198 784//1198 
f 787//1199 786//1199 788//1199 
f 787//1200 785//1200 786//1200 
f 789//1201 788//1201 790//1201 
f 789//1202 787//1202 788//1202 
f 791//1203 789//1203 790//1203 
f 791//1204 790//1204 792//1204 
f 793//1205 791//1205 792//1205 
f 793//1206 794//1206 795//1206 
f 793//1207 792//1207 794//1207 
f 796//1208 793//1208 795//1208 
f 797//1209 796//1209 795//1209 
f 797//1210 795//1210 798//1210 
f 799//1211 797//1211 798//1211 
f 799//1212 798//1212 800//1212 
f 801//1213 800//1213 802//1213 
f 801//1214 799//1214 800//1214 
f 803//1215 802//1215 804//1215 
f 803//1216 801//1216 802//1216 
f 805//1217 804//1217 806//1217 
f 805//1218 803//1218 804//1218 
f 807//1219 806//1219 808//1219 
f 807//1220 805//1220 806//1220 
f 809//1221 808//1221 810//1221 
f 809//1222 807//1222 808//1222 
f 811//1223 810//1223 812//1223 
f 811//1224 809//1224 810//1224 
f 813//1225 812//1225 814//1225 
f 813//1226 811//1226 812//1226 
f 815//1227 814//1227 816//1227 
f 815//1228 813//1228 814//1228 
f 817//1229 816//1229 818//1229 
f 817//1230 815//1230 816//1230 
f 819//1231 818//1231 820//1231 
f 819//1232 817//1232 818//1232 
f 821//1233 820//1233 822//1233 
f 821//1234 819//1234 820//1234 
f 823//1235 822//1235 824//1235 
f 823//1236 821//1236 822//1236 
f 825//1237 824//1237 826//1237 
f 825//1238 823//1238 824//1238 
f 827//1239 826//1239 828//1239 
f 827//1240 825//1240 826//1240 
f 829//1241 830//1241 831//1241 
f 829//1242 828//1242 830//1242 
f 829//1243 827//1243 828//1243 
f 832//1244 829//1244 831//1244 
f 833//1245 831//1245 834//1245 
f 833//1246 832//1246 831//1246 
f 835//1247 834//1247 836//1247 
f 835//1248 833//1248 834//1248 
f 837//1249 836//1249 838//1249 
f 837//1250 835//1250 836//1250 
f 839//1251 838//1251 840//1251 
f 839//1252 837//1252 838//1252 
f 841//1253 840//1253 842//1253 
f 841//1254 839//1254 840//1254 
f 843//1255 841//1255 842//1255 
f 843//1256 844//1256 845//1256 
f 843//1257 842//1257 844//1257 
f 846//1258 843//1258 845//1258 
f 847//1259 845//1259 848//1259 
f 847//1260 846//1260 845//1260 
f 848//1261 414//1261 413//1261 
f 847//1262 848//1262 413//1262 
f 416//1263 415//1263 612//1263 
f 416//1264 612//1264 613//1264 
f 584//1265 613//1265 609//1265 
f 584//1266 585//1266 613//1266 
f 587//1267 613//1267 585//1267 
f 582//1268 609//1268 614//1268 
f 582//1269 584//1269 609//1269 
f 589//1270 613//1270 587//1270 
f 580//1271 614//1271 615//1271 
f 580//1272 615//1272 617//1272 
f 580//1273 582//1273 614//1273 
f 591//1274 613//1274 589//1274 
f 577//1275 617//1275 619//1275 
f 577//1276 619//1276 621//1276 
f 577//1277 580//1277 617//1277 
f 594//1278 613//1278 591//1278 
f 576//1279 621//1279 623//1279 
f 576//1280 577//1280 621//1280 
f 595//1281 613//1281 594//1281 
f 573//1282 623//1282 625//1282 
f 573//1283 625//1283 627//1283 
f 573//1284 576//1284 623//1284 
f 598//1285 613//1285 595//1285 
f 572//1286 573//1286 627//1286 
f 572//1287 627//1287 629//1287 
f 572//1288 629//1288 631//1288 
f 599//1289 613//1289 598//1289 
f 570//1290 631//1290 633//1290 
f 570//1291 633//1291 635//1291 
f 570//1292 572//1292 631//1292 
f 601//1293 613//1293 599//1293 
f 568//1294 635//1294 637//1294 
f 568//1295 570//1295 635//1295 
f 604//1296 613//1296 601//1296 
f 604//1297 416//1297 613//1297 
f 566//1298 568//1298 637//1298 
f 566//1299 637//1299 639//1299 
f 566//1300 639//1300 641//1300 
f 605//1301 416//1301 604//1301 
f 564//1302 641//1302 643//1302 
f 564//1303 643//1303 645//1303 
f 564//1304 566//1304 641//1304 
f 607//1305 416//1305 605//1305 
f 562//1306 645//1306 647//1306 
f 562//1307 564//1307 645//1307 
f 417//1308 413//1308 416//1308 
f 417//1309 416//1309 607//1309 
f 560//1310 647//1310 649//1310 
f 560//1311 649//1311 651//1311 
f 560//1312 562//1312 647//1312 
f 419//1313 413//1313 417//1313 
f 558//1314 651//1314 653//1314 
f 558//1315 653//1315 655//1315 
f 558//1316 560//1316 651//1316 
f 421//1317 413//1317 419//1317 
f 556//1318 558//1318 655//1318 
f 556//1319 655//1319 657//1319 
f 423//1320 413//1320 421//1320 
f 554//1321 657//1321 659//1321 
f 554//1322 659//1322 661//1322 
f 554//1323 556//1323 657//1323 
f 552//1324 661//1324 663//1324 
f 552//1325 663//1325 665//1325 
f 552//1326 554//1326 661//1326 
f 550//1327 665//1327 667//1327 
f 550//1328 667//1328 669//1328 
f 550//1329 552//1329 665//1329 
f 548//1330 669//1330 671//1330 
f 548//1331 550//1331 669//1331 
f 546//1332 671//1332 673//1332 
f 546//1333 673//1333 675//1333 
f 546//1334 548//1334 671//1334 
f 544//1335 675//1335 677//1335 
f 544//1336 677//1336 679//1336 
f 544//1337 546//1337 675//1337 
f 542//1338 679//1338 681//1338 
f 542//1339 544//1339 679//1339 
f 540//1340 681//1340 683//1340 
f 540//1341 683//1341 685//1341 
f 540//1342 542//1342 681//1342 
f 538//1343 540//1343 685//1343 
f 687//1344 538//1344 685//1344 
f 689//1345 538//1345 687//1345 
f 689//1346 536//1346 538//1346 
f 691//1347 536//1347 689//1347 
f 847//1348 423//1348 425//1348 
f 847//1349 425//1349 427//1349 
f 847//1350 427//1350 429//1350 
f 847//1351 429//1351 431//1351 
f 847//1352 431//1352 433//1352 
f 847//1353 433//1353 435//1353 
f 847//1354 435//1354 437//1354 
f 847//1355 437//1355 439//1355 
f 847//1356 439//1356 441//1356 
f 847//1357 441//1357 443//1357 
f 847//1358 413//1358 423//1358 
f 693//1359 536//1359 691//1359 
f 693//1360 534//1360 536//1360 
f 846//1361 847//1361 443//1361 
f 846//1362 443//1362 445//1362 
f 695//1363 534//1363 693//1363 
f 695//1364 532//1364 534//1364 
f 843//1365 846//1365 445//1365 
f 843//1366 445//1366 447//1366 
f 697//1367 532//1367 695//1367 
f 841//1368 843//1368 447//1368 
f 699//1369 532//1369 697//1369 
f 699//1370 530//1370 532//1370 
f 839//1371 447//1371 449//1371 
f 839//1372 841//1372 447//1372 
f 701//1373 530//1373 699//1373 
f 837//1374 839//1374 449//1374 
f 703//1375 530//1375 701//1375 
f 703//1376 528//1376 530//1376 
f 835//1377 449//1377 451//1377 
f 835//1378 837//1378 449//1378 
f 705//1379 526//1379 528//1379 
f 705//1380 528//1380 703//1380 
f 833//1381 451//1381 454//1381 
f 833//1382 835//1382 451//1382 
f 707//1383 526//1383 705//1383 
f 832//1384 833//1384 454//1384 
f 709//1385 526//1385 707//1385 
f 709//1386 524//1386 526//1386 
f 829//1387 832//1387 454//1387 
f 829//1388 454//1388 456//1388 
f 711//1389 524//1389 709//1389 
f 827//1390 829//1390 456//1390 
f 713//1391 524//1391 711//1391 
f 713//1392 522//1392 524//1392 
f 825//1393 827//1393 456//1393 
f 825//1394 456//1394 458//1394 
f 715//1395 522//1395 713//1395 
f 823//1396 825//1396 458//1396 
f 717//1397 522//1397 715//1397 
f 717//1398 520//1398 522//1398 
f 821//1399 458//1399 460//1399 
f 821//1400 823//1400 458//1400 
f 719//1401 520//1401 717//1401 
f 719//1402 518//1402 520//1402 
f 819//1403 460//1403 462//1403 
f 819//1404 821//1404 460//1404 
f 721//1405 518//1405 719//1405 
f 817//1406 819//1406 462//1406 
f 723//1407 518//1407 721//1407 
f 723//1408 516//1408 518//1408 
f 815//1409 817//1409 462//1409 
f 815//1410 462//1410 464//1410 
f 725//1411 516//1411 723//1411 
f 813//1412 815//1412 464//1412 
f 727//1413 516//1413 725//1413 
f 727//1414 513//1414 516//1414 
f 811//1415 464//1415 466//1415 
f 811//1416 813//1416 464//1416 
f 729//1417 513//1417 727//1417 
f 729//1418 512//1418 513//1418 
f 809//1419 466//1419 468//1419 
f 809//1420 811//1420 466//1420 
f 731//1421 512//1421 729//1421 
f 807//1422 809//1422 468//1422 
f 733//1423 510//1423 512//1423 
f 733//1424 512//1424 731//1424 
f 805//1425 468//1425 470//1425 
f 805//1426 807//1426 468//1426 
f 735//1427 510//1427 733//1427 
f 803//1428 805//1428 470//1428 
f 737//1429 508//1429 510//1429 
f 737//1430 510//1430 735//1430 
f 801//1431 470//1431 472//1431 
f 801//1432 803//1432 470//1432 
f 739//1433 508//1433 737//1433 
f 739//1434 506//1434 508//1434 
f 799//1435 472//1435 474//1435 
f 799//1436 801//1436 472//1436 
f 741//1437 506//1437 739//1437 
f 797//1438 799//1438 474//1438 
f 743//1439 504//1439 506//1439 
f 743//1440 506//1440 741//1440 
f 796//1441 474//1441 476//1441 
f 796//1442 797//1442 474//1442 
f 745//1443 504//1443 743//1443 
f 793//1444 796//1444 476//1444 
f 747//1445 504//1445 745//1445 
f 747//1446 502//1446 504//1446 
f 791//1447 793//1447 476//1447 
f 791//1448 476//1448 478//1448 
f 749//1449 502//1449 747//1449 
f 789//1450 791//1450 478//1450 
f 751//1451 502//1451 749//1451 
f 751//1452 500//1452 502//1452 
f 787//1453 789//1453 478//1453 
f 787//1454 478//1454 480//1454 
f 753//1455 500//1455 751//1455 
f 753//1456 498//1456 500//1456 
f 785//1457 787//1457 480//1457 
f 785//1458 480//1458 482//1458 
f 755//1459 498//1459 753//1459 
f 783//1460 785//1460 482//1460 
f 758//1461 498//1461 755//1461 
f 758//1462 496//1462 498//1462 
f 781//1463 783//1463 482//1463 
f 781//1464 482//1464 484//1464 
f 759//1465 496//1465 758//1465 
f 779//1466 781//1466 484//1466 
f 761//1467 496//1467 759//1467 
f 761//1468 494//1468 496//1468 
f 777//1469 779//1469 484//1469 
f 777//1470 484//1470 486//1470 
f 763//1471 494//1471 761//1471 
f 763//1472 492//1472 494//1472 
f 775//1473 777//1473 486//1473 
f 775//1474 486//1474 488//1474 
f 765//1475 492//1475 763//1475 
f 773//1476 775//1476 488//1476 
f 767//1477 492//1477 765//1477 
f 767//1478 490//1478 492//1478 
f 771//1479 773//1479 488//1479 
f 771//1480 488//1480 490//1480 
f 769//1481 490//1481 767//1481 
f 769//1482 771//1482 490//1482 
f 537//1483 690//1483 688//1483 
f 537//1484 688//1484 686//1484 
f 539//1485 537//1485 686//1485 
f 539//1486 686//1486 684//1486 
f 539//1487 684//1487 682//1487 
f 535//1488 690//1488 537//1488 
f 535//1489 694//1489 692//1489 
f 535//1490 692//1490 690//1490 
f 541//1491 539//1491 682//1491 
f 541//1492 682//1492 680//1492 
f 533//1493 694//1493 535//1493 
f 533//1494 696//1494 694//1494 
f 543//1495 541//1495 680//1495 
f 543//1496 680//1496 678//1496 
f 543//1497 678//1497 676//1497 
f 531//1498 696//1498 533//1498 
f 531//1499 700//1499 698//1499 
f 531//1500 698//1500 696//1500 
f 545//1501 543//1501 676//1501 
f 545//1502 676//1502 674//1502 
f 545//1503 674//1503 672//1503 
f 529//1504 700//1504 531//1504 
f 529//1505 704//1505 702//1505 
f 529//1506 702//1506 700//1506 
f 547//1507 545//1507 672//1507 
f 547//1508 672//1508 670//1508 
f 527//1509 704//1509 529//1509 
f 527//1510 706//1510 704//1510 
f 549//1511 547//1511 670//1511 
f 549//1512 670//1512 668//1512 
f 549//1513 668//1513 666//1513 
f 525//1514 706//1514 527//1514 
f 525//1515 710//1515 708//1515 
f 525//1516 708//1516 706//1516 
f 551//1517 549//1517 666//1517 
f 551//1518 666//1518 664//1518 
f 551//1519 664//1519 662//1519 
f 523//1520 714//1520 712//1520 
f 523//1521 712//1521 710//1521 
f 523//1522 710//1522 525//1522 
f 553//1523 551//1523 662//1523 
f 553//1524 662//1524 660//1524 
f 553//1525 660//1525 658//1525 
f 521//1526 714//1526 523//1526 
f 521//1527 718//1527 716//1527 
f 521//1528 716//1528 714//1528 
f 555//1529 553//1529 658//1529 
f 555//1530 658//1530 656//1530 
f 519//1531 718//1531 521//1531 
f 519//1532 720//1532 718//1532 
f 557//1533 654//1533 652//1533 
f 557//1534 555//1534 656//1534 
f 557//1535 656//1535 654//1535 
f 517//1536 724//1536 722//1536 
f 517//1537 722//1537 720//1537 
f 517//1538 720//1538 519//1538 
f 559//1539 652//1539 650//1539 
f 559//1540 650//1540 648//1540 
f 559//1541 557//1541 652//1541 
f 515//1542 728//1542 726//1542 
f 515//1543 726//1543 724//1543 
f 515//1544 724//1544 517//1544 
f 514//1545 730//1545 728//1545 
f 514//1546 728//1546 515//1546 
f 561//1547 648//1547 646//1547 
f 561//1548 559//1548 648//1548 
f 511//1549 734//1549 732//1549 
f 511//1550 732//1550 730//1550 
f 511//1551 730//1551 514//1551 
f 563//1552 646//1552 644//1552 
f 563//1553 644//1553 642//1553 
f 563//1554 561//1554 646//1554 
f 509//1555 734//1555 511//1555 
f 509//1556 738//1556 736//1556 
f 509//1557 736//1557 734//1557 
f 565//1558 642//1558 640//1558 
f 565//1559 640//1559 638//1559 
f 565//1560 563//1560 642//1560 
f 507//1561 738//1561 509//1561 
f 507//1562 740//1562 738//1562 
f 567//1563 638//1563 636//1563 
f 567//1564 565//1564 638//1564 
f 505//1565 740//1565 507//1565 
f 505//1566 744//1566 742//1566 
f 505//1567 742//1567 740//1567 
f 569//1568 636//1568 634//1568 
f 569//1569 567//1569 636//1569 
f 569//1570 634//1570 632//1570 
f 503//1571 744//1571 505//1571 
f 503//1572 748//1572 746//1572 
f 503//1573 746//1573 744//1573 
f 571//1574 632//1574 630//1574 
f 571//1575 630//1575 628//1575 
f 571//1576 569//1576 632//1576 
f 501//1577 748//1577 503//1577 
f 501//1578 752//1578 750//1578 
f 501//1579 750//1579 748//1579 
f 574//1580 628//1580 626//1580 
f 574//1581 626//1581 624//1581 
f 574//1582 571//1582 628//1582 
f 499//1583 752//1583 501//1583 
f 499//1584 754//1584 752//1584 
f 575//1585 624//1585 622//1585 
f 575//1586 574//1586 624//1586 
f 497//1587 754//1587 499//1587 
f 497//1588 757//1588 756//1588 
f 497//1589 756//1589 754//1589 
f 578//1590 622//1590 620//1590 
f 578//1591 620//1591 618//1591 
f 578//1592 575//1592 622//1592 
f 495//1593 757//1593 497//1593 
f 495//1594 762//1594 760//1594 
f 495//1595 760//1595 757//1595 
f 579//1596 618//1596 616//1596 
f 579//1597 616//1597 611//1597 
f 579//1598 578//1598 618//1598 
f 493//1599 762//1599 495//1599 
f 493//1600 764//1600 762//1600 
f 581//1601 611//1601 610//1601 
f 581//1602 579//1602 611//1602 
f 491//1603 768//1603 766//1603 
f 491//1604 766//1604 764//1604 
f 491//1605 764//1605 493//1605 
f 583//1606 610//1606 612//1606 
f 583//1607 581//1607 610//1607 
f 489//1608 770//1608 768//1608 
f 489//1609 768//1609 491//1609 
f 586//1610 583//1610 612//1610 
f 588//1611 586//1611 612//1611 
f 772//1612 770//1612 489//1612 
f 772//1613 489//1613 487//1613 
f 590//1614 588//1614 612//1614 
f 592//1615 590//1615 612//1615 
f 774//1616 772//1616 487//1616 
f 593//1617 592//1617 612//1617 
f 596//1618 593//1618 612//1618 
f 776//1619 487//1619 485//1619 
f 776//1620 774//1620 487//1620 
f 597//1621 596//1621 612//1621 
f 600//1622 597//1622 612//1622 
f 778//1623 485//1623 483//1623 
f 778//1624 776//1624 485//1624 
f 602//1625 600//1625 612//1625 
f 603//1626 602//1626 612//1626 
f 780//1627 778//1627 483//1627 
f 782//1628 483//1628 481//1628 
f 782//1629 780//1629 483//1629 
f 784//1630 782//1630 481//1630 
f 786//1631 784//1631 481//1631 
f 786//1632 481//1632 479//1632 
f 415//1633 603//1633 612//1633 
f 415//1634 418//1634 608//1634 
f 415//1635 608//1635 606//1635 
f 415//1636 606//1636 603//1636 
f 788//1637 786//1637 479//1637 
f 788//1638 479//1638 477//1638 
f 790//1639 788//1639 477//1639 
f 792//1640 790//1640 477//1640 
f 792//1641 477//1641 475//1641 
f 794//1642 792//1642 475//1642 
f 795//1643 475//1643 473//1643 
f 795//1644 794//1644 475//1644 
f 798//1645 795//1645 473//1645 
f 800//1646 473//1646 471//1646 
f 800//1647 798//1647 473//1647 
f 802//1648 800//1648 471//1648 
f 802//1649 471//1649 469//1649 
f 804//1650 802//1650 469//1650 
f 806//1651 804//1651 469//1651 
f 806//1652 469//1652 467//1652 
f 808//1653 806//1653 467//1653 
f 810//1654 808//1654 467//1654 
f 810//1655 467//1655 465//1655 
f 812//1656 810//1656 465//1656 
f 812//1657 465//1657 463//1657 
f 814//1658 812//1658 463//1658 
f 816//1659 814//1659 463//1659 
f 816//1660 463//1660 461//1660 
f 818//1661 816//1661 461//1661 
f 820//1662 818//1662 461//1662 
f 820//1663 461//1663 459//1663 
f 822//1664 820//1664 459//1664 
f 822//1665 459//1665 457//1665 
f 824//1666 822//1666 457//1666 
f 826//1667 824//1667 457//1667 
f 826//1668 457//1668 455//1668 
f 828//1669 826//1669 455//1669 
f 830//1670 828//1670 455//1670 
f 830//1671 455//1671 453//1671 
f 831//1672 830//1672 453//1672 
f 834//1673 831//1673 453//1673 
f 834//1674 453//1674 452//1674 
f 836//1675 452//1675 450//1675 
f 836//1676 834//1676 452//1676 
f 838//1677 836//1677 450//1677 
f 840//1678 450//1678 448//1678 
f 840//1679 838//1679 450//1679 
f 842//1680 840//1680 448//1680 
f 844//1681 448//1681 446//1681 
f 844//1682 842//1682 448//1682 
f 845//1683 446//1683 444//1683 
f 845//1684 844//1684 446//1684 
f 848//1685 444//1685 442//1685 
f 848//1686 442//1686 440//1686 
f 848//1687 440//1687 438//1687 
f 848//1688 438//1688 436//1688 
f 848//1689 436//1689 434//1689 
f 848//1690 434//1690 432//1690 
f 848//1691 432//1691 430//1691 
f 848//1692 430//1692 428//1692 
f 848//1693 428//1693 426//1693 
f 848//1694 426//1694 424//1694 
f 848//1695 845//1695 444//1695 
f 414//1696 424//1696 422//1696 
f 414//1697 422//1697 420//1697 
f 414//1698 420//1698 418//1698 
f 414//1699 418//1699 415//1699 
f 414//1700 848//1700 424//1700 
f 849//1701 850//1701 851//1701 
f 849//1702 851//1702 852//1702 
f 853//1703 854//1703 855//1703 
f 855//1704 854//1704 856//1704 
f 856//1705 857//1705 858//1705 
f 854//1706 857//1706 856//1706 
f 857//1707 859//1707 858//1707 
f 858//1708 859//1708 860//1708 
f 860//1709 861//1709 862//1709 
f 859//1710 861//1710 860//1710 
f 862//1711 863//1711 864//1711 
f 861//1712 863//1712 862//1712 
f 864//1713 865//1713 866//1713 
f 863//1714 865//1714 864//1714 
f 866//1715 867//1715 868//1715 
f 865//1716 867//1716 866//1716 
f 868//1717 869//1717 870//1717 
f 867//1718 869//1718 868//1718 
f 870//1719 871//1719 872//1719 
f 869//1720 871//1720 870//1720 
f 872//1721 873//1721 874//1721 
f 871//1722 873//1722 872//1722 
f 874//1723 875//1723 876//1723 
f 873//1724 875//1724 874//1724 
f 876//1725 877//1725 878//1725 
f 875//1726 877//1726 876//1726 
f 878//1727 879//1727 880//1727 
f 877//1728 879//1728 878//1728 
f 880//1729 881//1729 882//1729 
f 879//1730 881//1730 880//1730 
f 882//1731 883//1731 884//1731 
f 881//1732 883//1732 882//1732 
f 884//1733 885//1733 886//1733 
f 883//1734 885//1734 884//1734 
f 886//1735 887//1735 888//1735 
f 885//1736 887//1736 886//1736 
f 888//1737 889//1737 890//1737 
f 887//1738 889//1738 888//1738 
f 890//1739 891//1739 892//1739 
f 889//1740 891//1740 890//1740 
f 892//1741 893//1741 894//1741 
f 891//1742 893//1742 892//1742 
f 894//1743 895//1743 896//1743 
f 893//1744 895//1744 894//1744 
f 896//1745 897//1745 898//1745 
f 895//1746 897//1746 896//1746 
f 898//1747 899//1747 900//1747 
f 897//1748 899//1748 898//1748 
f 900//1749 901//1749 902//1749 
f 899//1750 901//1750 900//1750 
f 902//1751 903//1751 904//1751 
f 901//1752 903//1752 902//1752 
f 903//1753 905//1753 904//1753 
f 904//1754 905//1754 906//1754 
f 905//1755 907//1755 906//1755 
f 906//1756 907//1756 908//1756 
f 907//1757 909//1757 908//1757 
f 908//1758 909//1758 910//1758 
f 909//1759 911//1759 910//1759 
f 910//1760 911//1760 912//1760 
f 912//1761 911//1761 913//1761 
f 911//1762 914//1762 913//1762 
f 914//1763 915//1763 913//1763 
f 913//1764 915//1764 916//1764 
f 916//1765 915//1765 917//1765 
f 915//1766 918//1766 917//1766 
f 918//1767 919//1767 917//1767 
f 917//1768 919//1768 920//1768 
f 920//1769 921//1769 922//1769 
f 919//1770 921//1770 920//1770 
f 922//1771 923//1771 924//1771 
f 924//1772 923//1772 925//1772 
f 921//1773 923//1773 922//1773 
f 925//1774 926//1774 927//1774 
f 923//1775 926//1775 925//1775 
f 927//1776 928//1776 929//1776 
f 926//1777 928//1777 927//1777 
f 929//1778 930//1778 931//1778 
f 928//1779 930//1779 929//1779 
f 930//1780 932//1780 931//1780 
f 931//1781 933//1781 934//1781 
f 934//1782 933//1782 935//1782 
f 932//1783 933//1783 931//1783 
f 933//1784 936//1784 935//1784 
f 935//1785 937//1785 938//1785 
f 938//1786 937//1786 939//1786 
f 936//1787 937//1787 935//1787 
f 939//1788 940//1788 941//1788 
f 937//1789 940//1789 939//1789 
f 940//1790 942//1790 941//1790 
f 941//1791 943//1791 944//1791 
f 944//1792 943//1792 945//1792 
f 942//1793 943//1793 941//1793 
f 945//1794 946//1794 947//1794 
f 943//1795 946//1795 945//1795 
f 946//1796 948//1796 947//1796 
f 947//1797 949//1797 950//1797 
f 948//1798 949//1798 947//1798 
f 950//1799 949//1799 951//1799 
f 949//1800 952//1800 951//1800 
f 951//1801 952//1801 953//1801 
f 953//1802 954//1802 955//1802 
f 952//1803 954//1803 953//1803 
f 955//1804 956//1804 957//1804 
f 954//1805 956//1805 955//1805 
f 957//1806 958//1806 959//1806 
f 956//1807 958//1807 957//1807 
f 959//1808 960//1808 961//1808 
f 958//1809 960//1809 959//1809 
f 961//1810 962//1810 963//1810 
f 960//1811 962//1811 961//1811 
f 963//1812 964//1812 965//1812 
f 962//1813 964//1813 963//1813 
f 965//1814 966//1814 967//1814 
f 964//1815 966//1815 965//1815 
f 967//1816 968//1816 969//1816 
f 966//1817 968//1817 967//1817 
f 969//1818 970//1818 971//1818 
f 968//1819 970//1819 969//1819 
f 971//1820 972//1820 973//1820 
f 970//1821 972//1821 971//1821 
f 973//1822 974//1822 975//1822 
f 972//1823 974//1823 973//1823 
f 975//1824 976//1824 977//1824 
f 974//1825 976//1825 975//1825 
f 977//1826 978//1826 979//1826 
f 976//1827 978//1827 977//1827 
f 979//1828 980//1828 981//1828 
f 978//1829 980//1829 979//1829 
f 981//1830 982//1830 983//1830 
f 980//1831 982//1831 981//1831 
f 982//1832 984//1832 983//1832 
f 983//1833 985//1833 986//1833 
f 984//1834 985//1834 983//1834 
f 986//1835 987//1835 988//1835 
f 985//1836 987//1836 986//1836 
f 988//1837 989//1837 990//1837 
f 987//1838 989//1838 988//1838 
f 990//1839 991//1839 992//1839 
f 989//1840 991//1840 990//1840 
f 992//1841 993//1841 994//1841 
f 991//1842 993//1842 992//1842 
f 994//1843 995//1843 996//1843 
f 993//1844 995//1844 994//1844 
f 996//1845 997//1845 998//1845 
f 995//1846 997//1846 996//1846 
f 998//1847 999//1847 1000//1847 
f 997//1848 999//1848 998//1848 
f 999//1849 1001//1849 1000//1849 
f 1000//1850 1001//1850 1002//1850 
f 1001//1851 1003//1851 1002//1851 
f 1002//1852 1003//1852 1004//1852 
f 1003//1853 1005//1853 1004//1853 
f 1004//1854 1005//1854 1006//1854 
f 1005//1855 1007//1855 1006//1855 
f 1006//1856 1007//1856 1008//1856 
f 1007//1857 1009//1857 1008//1857 
f 1008//1858 1009//1858 1010//1858 
f 1009//1859 1011//1859 1010//1859 
f 1010//1860 1011//1860 1012//1860 
f 1011//1861 1013//1861 1012//1861 
f 1012//1862 1013//1862 1014//1862 
f 1014//1863 1015//1863 1016//1863 
f 1013//1864 1015//1864 1014//1864 
f 1016//1865 1017//1865 1018//1865 
f 1015//1866 1017//1866 1016//1866 
f 1018//1867 1019//1867 1020//1867 
f 1017//1868 1019//1868 1018//1868 
f 1020//1869 1021//1869 1022//1869 
f 1019//1870 1021//1870 1020//1870 
f 1022//1871 1023//1871 1024//1871 
f 1021//1872 1023//1872 1022//1872 
f 1024//1873 1025//1873 1026//1873 
f 1023//1874 1025//1874 1024//1874 
f 1026//1875 1027//1875 1028//1875 
f 1025//1876 1027//1876 1026//1876 
f 1028//1877 1029//1877 1030//1877 
f 1027//1878 1029//1878 1028//1878 
f 1030//1879 1031//1879 1032//1879 
f 1029//1880 1031//1880 1030//1880 
f 1032//1881 1033//1881 1034//1881 
f 1031//1882 1033//1882 1032//1882 
f 1034//1883 1035//1883 1036//1883 
f 1033//1884 1035//1884 1034//1884 
f 1036//1885 1037//1885 1038//1885 
f 1035//1886 1037//1886 1036//1886 
f 1038//1887 1039//1887 1040//1887 
f 1037//1888 1039//1888 1038//1888 
f 1040//1889 1041//1889 1042//1889 
f 1039//1890 1041//1890 1040//1890 
f 1042//1891 1043//1891 1044//1891 
f 1044//1892 1043//1892 855//1892 
f 1041//1893 1043//1893 1042//1893 
f 1043//1894 853//1894 855//1894 
f 1045//1895 1046//1895 1047//1895 
f 1045//1896 1048//1896 1046//1896 
f 1049//1897 1047//1897 1050//1897 
f 1049//1898 1045//1898 1047//1898 
f 1051//1899 1050//1899 1052//1899 
f 1051//1900 1049//1900 1050//1900 
f 1053//1901 1052//1901 1054//1901 
f 1053//1902 1051//1902 1052//1902 
f 1055//1903 1054//1903 1056//1903 
f 1055//1904 1053//1904 1054//1904 
f 1057//1905 1056//1905 1058//1905 
f 1057//1906 1055//1906 1056//1906 
f 1059//1907 1058//1907 1060//1907 
f 1059//1908 1057//1908 1058//1908 
f 1061//1909 1060//1909 1062//1909 
f 1061//1910 1059//1910 1060//1910 
f 1063//1911 1062//1911 1064//1911 
f 1063//1912 1061//1912 1062//1912 
f 1065//1913 1064//1913 1066//1913 
f 1065//1914 1063//1914 1064//1914 
f 1067//1915 1066//1915 1068//1915 
f 1067//1916 1065//1916 1066//1916 
f 1069//1917 1068//1917 1070//1917 
f 1069//1918 1067//1918 1068//1918 
f 1071//1919 1070//1919 1072//1919 
f 1071//1920 1069//1920 1070//1920 
f 1073//1921 1072//1921 1074//1921 
f 1073//1922 1071//1922 1072//1922 
f 1075//1923 1073//1923 1074//1923 
f 1075//1924 1074//1924 1076//1924 
f 1077//1925 1075//1925 1076//1925 
f 1077//1926 1076//1926 1078//1926 
f 1079//1927 1078//1927 1080//1927 
f 1079//1928 1077//1928 1078//1928 
f 1081//1929 1080//1929 1082//1929 
f 1081//1930 1079//1930 1080//1930 
f 1083//1931 1082//1931 1084//1931 
f 1083//1932 1081//1932 1082//1932 
f 1085//1933 1083//1933 1084//1933 
f 1085//1934 1084//1934 1086//1934 
f 1087//1935 1085//1935 1086//1935 
f 1087//1936 1086//1936 1088//1936 
f 1089//1937 1087//1937 1088//1937 
f 1089//1938 1088//1938 1090//1938 
f 1091//1939 1089//1939 1090//1939 
f 1091//1940 1090//1940 1092//1940 
f 1093//1941 1091//1941 1092//1941 
f 1093//1942 1092//1942 1094//1942 
f 1095//1943 1093//1943 1094//1943 
f 1095//1944 1094//1944 1096//1944 
f 1097//1945 1095//1945 1096//1945 
f 1097//1946 1096//1946 1098//1946 
f 1099//1947 1097//1947 1098//1947 
f 1099//1948 1098//1948 1100//1948 
f 1101//1949 1099//1949 1100//1949 
f 1101//1950 1100//1950 1102//1950 
f 1103//1951 1101//1951 1102//1951 
f 1103//1952 1102//1952 1104//1952 
f 1105//1953 1103//1953 1104//1953 
f 1105//1954 1104//1954 1106//1954 
f 1107//1955 1105//1955 1106//1955 
f 1107//1956 1106//1956 1108//1956 
f 1109//1957 1107//1957 1108//1957 
f 1109//1958 1108//1958 1110//1958 
f 1111//1959 1109//1959 1110//1959 
f 1111//1960 1110//1960 1112//1960 
f 1113//1961 1111//1961 1112//1961 
f 1113//1962 1112//1962 1114//1962 
f 1115//1963 1113//1963 1114//1963 
f 1115//1964 1114//1964 1116//1964 
f 1117//1965 1116//1965 1118//1965 
f 1117//1966 1115//1966 1116//1966 
f 1119//1967 1118//1967 1120//1967 
f 1119//1968 1117//1968 1118//1968 
f 1121//1969 1120//1969 1122//1969 
f 1121//1970 1119//1970 1120//1970 
f 1123//1971 1122//1971 1124//1971 
f 1123//1972 1121//1972 1122//1972 
f 1125//1973 1123//1973 1124//1973 
f 1125//1974 1124//1974 1126//1974 
f 1127//1975 1125//1975 1126//1975 
f 1127//1976 1126//1976 1128//1976 
f 1129//1977 1127//1977 1128//1977 
f 1129//1978 1128//1978 1130//1978 
f 1131//1979 1129//1979 1130//1979 
f 1131//1980 1130//1980 1132//1980 
f 1133//1981 1131//1981 1132//1981 
f 1133//1982 1132//1982 1134//1982 
f 1135//1983 1133//1983 1134//1983 
f 1135//1984 1134//1984 1136//1984 
f 1137//1985 1135//1985 1136//1985 
f 1137//1986 1136//1986 1138//1986 
f 1139//1987 1137//1987 1138//1987 
f 1139//1988 1138//1988 1140//1988 
f 1141//1989 1139//1989 1140//1989 
f 1141//1990 1140//1990 1142//1990 
f 1143//1991 1141//1991 1142//1991 
f 1143//1992 1142//1992 1144//1992 
f 1145//1993 1143//1993 1144//1993 
f 1145//1994 1144//1994 1146//1994 
f 1147//1995 1145//1995 1146//1995 
f 1147//1996 1146//1996 1148//1996 
f 1149//1997 1147//1997 1148//1997 
f 1149//1998 1148//1998 1150//1998 
f 1151//1999 1149//1999 1150//1999 
f 1151//2000 1150//2000 1152//2000 
f 1153//2001 1151//2001 1152//2001 
f 1153//2002 1152//2002 1154//2002 
f 1155//2003 1153//2003 1154//2003 
f 1155//2004 1154//2004 1156//2004 
f 1157//2005 1156//2005 1158//2005 
f 1157//2006 1155//2006 1156//2006 
f 1159//2007 1158//2007 1160//2007 
f 1159//2008 1157//2008 1158//2008 
f 1161//2009 1160//2009 1162//2009 
f 1161//2010 1159//2010 1160//2010 
f 1163//2011 1162//2011 1164//2011 
f 1163//2012 1161//2012 1162//2012 
f 1165//2013 1164//2013 1166//2013 
f 1165//2014 1163//2014 1164//2014 
f 1167//2015 1166//2015 1168//2015 
f 1167//2016 1165//2016 1166//2016 
f 1169//2017 1168//2017 1170//2017 
f 1169//2018 1167//2018 1168//2018 
f 1171//2019 1170//2019 1172//2019 
f 1171//2020 1169//2020 1170//2020 
f 1173//2021 1172//2021 1174//2021 
f 1173//2022 1171//2022 1172//2022 
f 1175//2023 1174//2023 1176//2023 
f 1175//2024 1173//2024 1174//2024 
f 1177//2025 1175//2025 1176//2025 
f 1177//2026 1176//2026 1178//2026 
f 1179//2027 1177//2027 1178//2027 
f 1179//2028 1178//2028 1180//2028 
f 1181//2029 1179//2029 1180//2029 
f 1181//2030 1180//2030 1182//2030 
f 1183//2031 1181//2031 1182//2031 
f 1183//2032 1182//2032 1184//2032 
f 1185//2033 1183//2033 1184//2033 
f 1185//2034 1184//2034 1186//2034 
f 1187//2035 1185//2035 1186//2035 
f 1187//2036 1186//2036 1188//2036 
f 1189//2037 1187//2037 1188//2037 
f 1189//2038 1188//2038 1190//2038 
f 1191//2039 1189//2039 1190//2039 
f 1191//2040 1190//2040 1192//2040 
f 1193//2041 1191//2041 1192//2041 
f 1193//2042 1192//2042 1194//2042 
f 1195//2043 1193//2043 1194//2043 
f 1195//2044 1194//2044 1196//2044 
f 1197//2045 1196//2045 1198//2045 
f 1197//2046 1195//2046 1196//2046 
f 1199//2047 1198//2047 1200//2047 
f 1199//2048 1197//2048 1198//2048 
f 1201//2049 1200//2049 1202//2049 
f 1201//2050 1199//2050 1200//2050 
f 1203//2051 1202//2051 1204//2051 
f 1203//2052 1201//2052 1202//2052 
f 1205//2053 1204//2053 1206//2053 
f 1205//2054 1203//2054 1204//2054 
f 1207//2055 1206//2055 1208//2055 
f 1207//2056 1205//2056 1206//2056 
f 1209//2057 1208//2057 1210//2057 
f 1209//2058 1207//2058 1208//2058 
f 1211//2059 1210//2059 1212//2059 
f 1211//2060 1209//2060 1210//2060 
f 1213//2061 1212//2061 1214//2061 
f 1213//2062 1211//2062 1212//2062 
f 1215//2063 1214//2063 1216//2063 
f 1215//2064 1213//2064 1214//2064 
f 1217//2065 1216//2065 1218//2065 
f 1217//2066 1215//2066 1216//2066 
f 1219//2067 1218//2067 1220//2067 
f 1219//2068 1217//2068 1218//2068 
f 1221//2069 1220//2069 1222//2069 
f 1221//2070 1219//2070 1220//2070 
f 1223//2071 1222//2071 1224//2071 
f 1223//2072 1221//2072 1222//2072 
f 1225//2073 1224//2073 1226//2073 
f 1225//2074 1223//2074 1224//2074 
f 1227//2075 1225//2075 1226//2075 
f 1227//2076 1226//2076 1228//2076 
f 1229//2077 1227//2077 1228//2077 
f 1229//2078 1230//2078 1231//2078 
f 1229//2079 1228//2079 1230//2079 
f 1232//2080 1229//2080 1231//2080 
f 1233//2081 1232//2081 1231//2081 
f 1233//2082 1231//2082 1234//2082 
f 1235//2083 1233//2083 1234//2083 
f 1235//2084 1234//2084 1236//2084 
f 1237//2085 1236//2085 1238//2085 
f 1237//2086 1235//2086 1236//2086 
f 1239//2087 1238//2087 1240//2087 
f 1239//2088 1237//2088 1238//2088 
f 1241//2089 1240//2089 1242//2089 
f 1241//2090 1239//2090 1240//2090 
f 1243//2091 1242//2091 1244//2091 
f 1243//2092 1241//2092 1242//2092 
f 1245//2093 1244//2093 1246//2093 
f 1245//2094 1243//2094 1244//2094 
f 1247//2095 1246//2095 1248//2095 
f 1247//2096 1245//2096 1246//2096 
f 1249//2097 1248//2097 1250//2097 
f 1249//2098 1247//2098 1248//2098 
f 1251//2099 1250//2099 1252//2099 
f 1251//2100 1249//2100 1250//2100 
f 1253//2101 1252//2101 1254//2101 
f 1253//2102 1251//2102 1252//2102 
f 1255//2103 1254//2103 1256//2103 
f 1255//2104 1253//2104 1254//2104 
f 1257//2105 1256//2105 1258//2105 
f 1257//2106 1255//2106 1256//2106 
f 1259//2107 1258//2107 1260//2107 
f 1259//2108 1257//2108 1258//2108 
f 1261//2109 1260//2109 1262//2109 
f 1261//2110 1259//2110 1260//2110 
f 1263//2111 1262//2111 1264//2111 
f 1263//2112 1261//2112 1262//2112 
f 1265//2113 1264//2113 1266//2113 
f 1265//2114 1263//2114 1264//2114 
f 1267//2115 1268//2115 1269//2115 
f 1267//2116 1266//2116 1268//2116 
f 1267//2117 1265//2117 1266//2117 
f 1270//2118 1267//2118 1269//2118 
f 1271//2119 1272//2119 1273//2119 
f 1271//2120 1269//2120 1272//2120 
f 1271//2121 1270//2121 1269//2121 
f 1274//2122 1271//2122 1273//2122 
f 1275//2123 1273//2123 1276//2123 
f 1275//2124 1274//2124 1273//2124 
f 1277//2125 1276//2125 1278//2125 
f 1277//2126 1275//2126 1276//2126 
f 1279//2127 1277//2127 1278//2127 
f 1279//2128 1278//2128 1280//2128 
f 1281//2129 1280//2129 1282//2129 
f 1281//2130 1279//2130 1280//2130 
f 1283//2131 1282//2131 1284//2131 
f 1283//2132 1281//2132 1282//2132 
f 852//2133 851//2133 1046//2133 
f 852//2134 1046//2134 1048//2134 
f 1284//2135 850//2135 849//2135 
f 1283//2136 1284//2136 849//2136 
f 878//2137 1121//2137 1123//2137 
f 878//2138 1123//2138 1125//2138 
f 880//2139 1117//2139 1119//2139 
f 880//2140 1119//2140 1121//2140 
f 880//2141 1121//2141 878//2141 
f 876//2142 1125//2142 1127//2142 
f 876//2143 1127//2143 1129//2143 
f 876//2144 878//2144 1125//2144 
f 874//2145 876//2145 1129//2145 
f 874//2146 1129//2146 1131//2146 
f 882//2147 1115//2147 1117//2147 
f 882//2148 1117//2148 880//2148 
f 872//2149 1131//2149 1133//2149 
f 872//2150 1133//2150 1135//2150 
f 872//2151 874//2151 1131//2151 
f 884//2152 1111//2152 1113//2152 
f 884//2153 1113//2153 1115//2153 
f 884//2154 1115//2154 882//2154 
f 870//2155 872//2155 1135//2155 
f 870//2156 1135//2156 1137//2156 
f 870//2157 1137//2157 1139//2157 
f 886//2158 1111//2158 884//2158 
f 886//2159 1107//2159 1109//2159 
f 886//2160 1109//2160 1111//2160 
f 868//2161 1139//2161 1141//2161 
f 868//2162 870//2162 1139//2162 
f 888//2163 1105//2163 1107//2163 
f 888//2164 1107//2164 886//2164 
f 866//2165 1141//2165 1143//2165 
f 866//2166 1143//2166 1145//2166 
f 866//2167 868//2167 1141//2167 
f 890//2168 1105//2168 888//2168 
f 890//2169 1101//2169 1103//2169 
f 890//2170 1103//2170 1105//2170 
f 864//2171 1145//2171 1147//2171 
f 864//2172 1147//2172 1149//2172 
f 864//2173 866//2173 1145//2173 
f 892//2174 1101//2174 890//2174 
f 892//2175 1097//2175 1099//2175 
f 892//2176 1099//2176 1101//2176 
f 862//2177 864//2177 1149//2177 
f 862//2178 1149//2178 1151//2178 
f 862//2179 1151//2179 1153//2179 
f 894//2180 1097//2180 892//2180 
f 894//2181 1093//2181 1095//2181 
f 894//2182 1095//2182 1097//2182 
f 860//2183 1153//2183 1155//2183 
f 860//2184 862//2184 1153//2184 
f 896//2185 1091//2185 1093//2185 
f 896//2186 1093//2186 894//2186 
f 858//2187 860//2187 1155//2187 
f 858//2188 1155//2188 1157//2188 
f 858//2189 1157//2189 1159//2189 
f 898//2190 1087//2190 1089//2190 
f 898//2191 1089//2191 1091//2191 
f 898//2192 1091//2192 896//2192 
f 856//2193 1159//2193 1161//2193 
f 856//2194 1161//2194 1163//2194 
f 856//2195 858//2195 1159//2195 
f 900//2196 1087//2196 898//2196 
f 900//2197 1083//2197 1085//2197 
f 900//2198 1085//2198 1087//2198 
f 855//2199 856//2199 1163//2199 
f 855//2200 1163//2200 1165//2200 
f 902//2201 1083//2201 900//2201 
f 902//2202 1081//2202 1083//2202 
f 1044//2203 855//2203 1165//2203 
f 1044//2204 1165//2204 1167//2204 
f 1044//2205 1167//2205 1169//2205 
f 904//2206 1077//2206 1079//2206 
f 904//2207 1079//2207 1081//2207 
f 904//2208 1081//2208 902//2208 
f 1042//2209 1044//2209 1169//2209 
f 1042//2210 1169//2210 1171//2210 
f 1042//2211 1171//2211 1173//2211 
f 906//2212 1073//2212 1075//2212 
f 906//2213 1075//2213 1077//2213 
f 906//2214 1077//2214 904//2214 
f 1040//2215 1042//2215 1173//2215 
f 1040//2216 1173//2216 1175//2216 
f 908//2217 1071//2217 1073//2217 
f 908//2218 1073//2218 906//2218 
f 1038//2219 1040//2219 1175//2219 
f 1038//2220 1175//2220 1177//2220 
f 1038//2221 1177//2221 1179//2221 
f 910//2222 1067//2222 1069//2222 
f 910//2223 1069//2223 1071//2223 
f 910//2224 1071//2224 908//2224 
f 1036//2225 1038//2225 1179//2225 
f 1036//2226 1179//2226 1181//2226 
f 1036//2227 1181//2227 1183//2227 
f 912//2228 1063//2228 1065//2228 
f 912//2229 1065//2229 1067//2229 
f 912//2230 1067//2230 910//2230 
f 1034//2231 1036//2231 1183//2231 
f 1034//2232 1183//2232 1185//2232 
f 1034//2233 1185//2233 1187//2233 
f 913//2234 1059//2234 1061//2234 
f 913//2235 1061//2235 1063//2235 
f 913//2236 1063//2236 912//2236 
f 1032//2237 1034//2237 1187//2237 
f 1032//2238 1187//2238 1189//2238 
f 916//2239 1057//2239 1059//2239 
f 916//2240 1059//2240 913//2240 
f 1030//2241 1032//2241 1189//2241 
f 1030//2242 1189//2242 1191//2242 
f 1030//2243 1191//2243 1193//2243 
f 917//2244 1057//2244 916//2244 
f 917//2245 1053//2245 1055//2245 
f 917//2246 1055//2246 1057//2246 
f 1028//2247 1030//2247 1193//2247 
f 1028//2248 1193//2248 1195//2248 
f 1028//2249 1195//2249 1197//2249 
f 920//2250 1049//2250 1051//2250 
f 920//2251 1051//2251 1053//2251 
f 920//2252 1053//2252 917//2252 
f 1026//2253 1028//2253 1197//2253 
f 1026//2254 1197//2254 1199//2254 
f 922//2255 1045//2255 1049//2255 
f 922//2256 1049//2256 920//2256 
f 1024//2257 1026//2257 1199//2257 
f 1024//2258 1199//2258 1201//2258 
f 1024//2259 1201//2259 1203//2259 
f 924//2260 1048//2260 1045//2260 
f 924//2261 1045//2261 922//2261 
f 1022//2262 1024//2262 1203//2262 
f 1022//2263 1203//2263 1205//2263 
f 925//2264 1048//2264 924//2264 
f 927//2265 1048//2265 925//2265 
f 1207//2266 1020//2266 1022//2266 
f 1207//2267 1022//2267 1205//2267 
f 929//2268 1048//2268 927//2268 
f 931//2269 1048//2269 929//2269 
f 1209//2270 1020//2270 1207//2270 
f 934//2271 1048//2271 931//2271 
f 935//2272 1048//2272 934//2272 
f 1211//2273 1018//2273 1020//2273 
f 1211//2274 1020//2274 1209//2274 
f 938//2275 1048//2275 935//2275 
f 939//2276 1048//2276 938//2276 
f 1213//2277 1018//2277 1211//2277 
f 1213//2278 1016//2278 1018//2278 
f 941//2279 1048//2279 939//2279 
f 944//2280 1048//2280 941//2280 
f 1215//2281 1016//2281 1213//2281 
f 1217//2282 1014//2282 1016//2282 
f 1217//2283 1016//2283 1215//2283 
f 1219//2284 1014//2284 1217//2284 
f 1221//2285 1014//2285 1219//2285 
f 1221//2286 1012//2286 1014//2286 
f 852//2287 1048//2287 944//2287 
f 852//2288 944//2288 945//2288 
f 852//2289 945//2289 947//2289 
f 852//2290 947//2290 950//2290 
f 1223//2291 1010//2291 1012//2291 
f 1223//2292 1012//2292 1221//2292 
f 1225//2293 1010//2293 1223//2293 
f 1227//2294 1008//2294 1010//2294 
f 1227//2295 1010//2295 1225//2295 
f 1229//2296 1008//2296 1227//2296 
f 1232//2297 1006//2297 1008//2297 
f 1232//2298 1008//2298 1229//2298 
f 1233//2299 1006//2299 1232//2299 
f 1235//2300 1006//2300 1233//2300 
f 1235//2301 1004//2301 1006//2301 
f 1237//2302 1004//2302 1235//2302 
f 1237//2303 1002//2303 1004//2303 
f 1239//2304 1002//2304 1237//2304 
f 1241//2305 1000//2305 1002//2305 
f 1241//2306 1002//2306 1239//2306 
f 1243//2307 1000//2307 1241//2307 
f 1245//2308 1000//2308 1243//2308 
f 1245//2309 998//2309 1000//2309 
f 1247//2310 998//2310 1245//2310 
f 1247//2311 996//2311 998//2311 
f 1249//2312 996//2312 1247//2312 
f 1251//2313 994//2313 996//2313 
f 1251//2314 996//2314 1249//2314 
f 1253//2315 994//2315 1251//2315 
f 1255//2316 992//2316 994//2316 
f 1255//2317 994//2317 1253//2317 
f 1257//2318 992//2318 1255//2318 
f 1257//2319 990//2319 992//2319 
f 1259//2320 990//2320 1257//2320 
f 1261//2321 990//2321 1259//2321 
f 1261//2322 988//2322 990//2322 
f 1263//2323 988//2323 1261//2323 
f 1265//2324 986//2324 988//2324 
f 1265//2325 988//2325 1263//2325 
f 1267//2326 986//2326 1265//2326 
f 1270//2327 986//2327 1267//2327 
f 1270//2328 983//2328 986//2328 
f 1271//2329 983//2329 1270//2329 
f 1271//2330 981//2330 983//2330 
f 1274//2331 981//2331 1271//2331 
f 1275//2332 979//2332 981//2332 
f 1275//2333 981//2333 1274//2333 
f 1277//2334 979//2334 1275//2334 
f 1279//2335 977//2335 979//2335 
f 1279//2336 979//2336 1277//2336 
f 1281//2337 975//2337 977//2337 
f 1281//2338 977//2338 1279//2338 
f 1283//2339 955//2339 957//2339 
f 1283//2340 957//2340 959//2340 
f 1283//2341 959//2341 961//2341 
f 1283//2342 961//2342 963//2342 
f 1283//2343 963//2343 965//2343 
f 1283//2344 965//2344 967//2344 
f 1283//2345 967//2345 969//2345 
f 1283//2346 969//2346 971//2346 
f 1283//2347 971//2347 973//2347 
f 1283//2348 973//2348 975//2348 
f 1283//2349 975//2349 1281//2349 
f 849//2350 955//2350 1283//2350 
f 849//2351 950//2351 951//2351 
f 849//2352 951//2352 953//2352 
f 849//2353 953//2353 955//2353 
f 849//2354 852//2354 950//2354 
f 1021//2355 1208//2355 1206//2355 
f 1021//2356 1206//2356 1204//2356 
f 1023//2357 1204//2357 1202//2357 
f 1023//2358 1202//2358 1200//2358 
f 1023//2359 1021//2359 1204//2359 
f 1019//2360 1212//2360 1210//2360 
f 1019//2361 1210//2361 1208//2361 
f 1019//2362 1208//2362 1021//2362 
f 1017//2363 1214//2363 1212//2363 
f 1017//2364 1212//2364 1019//2364 
f 1025//2365 1200//2365 1198//2365 
f 1025//2366 1023//2366 1200//2366 
f 1015//2367 1218//2367 1216//2367 
f 1015//2368 1216//2368 1214//2368 
f 1015//2369 1214//2369 1017//2369 
f 1027//2370 1198//2370 1196//2370 
f 1027//2371 1196//2371 1194//2371 
f 1027//2372 1025//2372 1198//2372 
f 1013//2373 1218//2373 1015//2373 
f 1013//2374 1222//2374 1220//2374 
f 1013//2375 1220//2375 1218//2375 
f 1029//2376 1027//2376 1194//2376 
f 1029//2377 1194//2377 1192//2377 
f 1029//2378 1192//2378 1190//2378 
f 1011//2379 1222//2379 1013//2379 
f 1011//2380 1224//2380 1222//2380 
f 1031//2381 1190//2381 1188//2381 
f 1031//2382 1029//2382 1190//2382 
f 1009//2383 1224//2383 1011//2383 
f 1009//2384 1228//2384 1226//2384 
f 1009//2385 1226//2385 1224//2385 
f 1033//2386 1188//2386 1186//2386 
f 1033//2387 1186//2387 1184//2387 
f 1033//2388 1031//2388 1188//2388 
f 1007//2389 1228//2389 1009//2389 
f 1007//2390 1231//2390 1230//2390 
f 1007//2391 1230//2391 1228//2391 
f 1035//2392 1184//2392 1182//2392 
f 1035//2393 1182//2393 1180//2393 
f 1035//2394 1033//2394 1184//2394 
f 1005//2395 1236//2395 1234//2395 
f 1005//2396 1234//2396 1231//2396 
f 1005//2397 1231//2397 1007//2397 
f 1037//2398 1180//2398 1178//2398 
f 1037//2399 1178//2399 1176//2399 
f 1037//2400 1035//2400 1180//2400 
f 1003//2401 1238//2401 1236//2401 
f 1003//2402 1236//2402 1005//2402 
f 1039//2403 1037//2403 1176//2403 
f 1039//2404 1176//2404 1174//2404 
f 1001//2405 1242//2405 1240//2405 
f 1001//2406 1240//2406 1238//2406 
f 1001//2407 1238//2407 1003//2407 
f 1041//2408 1039//2408 1174//2408 
f 1041//2409 1174//2409 1172//2409 
f 1041//2410 1172//2410 1170//2410 
f 999//2411 1246//2411 1244//2411 
f 999//2412 1244//2412 1242//2412 
f 999//2413 1242//2413 1001//2413 
f 1043//2414 1170//2414 1168//2414 
f 1043//2415 1168//2415 1166//2415 
f 1043//2416 1041//2416 1170//2416 
f 997//2417 1248//2417 1246//2417 
f 997//2418 1246//2418 999//2418 
f 853//2419 1043//2419 1166//2419 
f 853//2420 1166//2420 1164//2420 
f 854//2421 853//2421 1164//2421 
f 854//2422 1164//2422 1162//2422 
f 854//2423 1162//2423 1160//2423 
f 995//2424 1252//2424 1250//2424 
f 995//2425 1250//2425 1248//2425 
f 995//2426 1248//2426 997//2426 
f 857//2427 1160//2427 1158//2427 
f 857//2428 1158//2428 1156//2428 
f 857//2429 854//2429 1160//2429 
f 993//2430 1256//2430 1254//2430 
f 993//2431 1254//2431 1252//2431 
f 993//2432 1252//2432 995//2432 
f 859//2433 857//2433 1156//2433 
f 859//2434 1156//2434 1154//2434 
f 991//2435 1258//2435 1256//2435 
f 991//2436 1256//2436 993//2436 
f 861//2437 1154//2437 1152//2437 
f 861//2438 1152//2438 1150//2438 
f 861//2439 859//2439 1154//2439 
f 989//2440 1262//2440 1260//2440 
f 989//2441 1260//2441 1258//2441 
f 989//2442 1258//2442 991//2442 
f 863//2443 1150//2443 1148//2443 
f 863//2444 1148//2444 1146//2444 
f 863//2445 861//2445 1150//2445 
f 987//2446 1266//2446 1264//2446 
f 987//2447 1264//2447 1262//2447 
f 987//2448 1262//2448 989//2448 
f 865//2449 863//2449 1146//2449 
f 865//2450 1146//2450 1144//2450 
f 865//2451 1144//2451 1142//2451 
f 985//2452 1266//2452 987//2452 
f 985//2453 1269//2453 1268//2453 
f 985//2454 1268//2454 1266//2454 
f 867//2455 865//2455 1142//2455 
f 867//2456 1142//2456 1140//2456 
f 984//2457 1272//2457 1269//2457 
f 984//2458 1269//2458 985//2458 
f 869//2459 867//2459 1140//2459 
f 869//2460 1140//2460 1138//2460 
f 869//2461 1138//2461 1136//2461 
f 982//2462 1276//2462 1273//2462 
f 982//2463 1273//2463 1272//2463 
f 982//2464 1272//2464 984//2464 
f 871//2465 869//2465 1136//2465 
f 871//2466 1136//2466 1134//2466 
f 871//2467 1134//2467 1132//2467 
f 980//2468 1280//2468 1278//2468 
f 980//2469 1278//2469 1276//2469 
f 980//2470 1276//2470 982//2470 
f 873//2471 871//2471 1132//2471 
f 873//2472 1132//2472 1130//2472 
f 978//2473 1282//2473 1280//2473 
f 978//2474 1280//2474 980//2474 
f 875//2475 873//2475 1130//2475 
f 875//2476 1130//2476 1128//2476 
f 875//2477 1128//2477 1126//2477 
f 976//2478 1284//2478 1282//2478 
f 976//2479 1282//2479 978//2479 
f 877//2480 875//2480 1126//2480 
f 877//2481 1126//2481 1124//2481 
f 974//2482 1284//2482 976//2482 
f 972//2483 1284//2483 974//2483 
f 1122//2484 879//2484 877//2484 
f 1122//2485 877//2485 1124//2485 
f 970//2486 1284//2486 972//2486 
f 968//2487 1284//2487 970//2487 
f 1120//2488 879//2488 1122//2488 
f 966//2489 1284//2489 968//2489 
f 964//2490 1284//2490 966//2490 
f 1118//2491 881//2491 879//2491 
f 1118//2492 879//2492 1120//2492 
f 962//2493 1284//2493 964//2493 
f 960//2494 1284//2494 962//2494 
f 1116//2495 881//2495 1118//2495 
f 1116//2496 883//2496 881//2496 
f 958//2497 1284//2497 960//2497 
f 956//2498 1284//2498 958//2498 
f 1114//2499 883//2499 1116//2499 
f 1112//2500 885//2500 883//2500 
f 1112//2501 883//2501 1114//2501 
f 1110//2502 885//2502 1112//2502 
f 1108//2503 885//2503 1110//2503 
f 1108//2504 887//2504 885//2504 
f 850//2505 956//2505 954//2505 
f 850//2506 954//2506 952//2506 
f 850//2507 952//2507 949//2507 
f 850//2508 1284//2508 956//2508 
f 1106//2509 889//2509 887//2509 
f 1106//2510 887//2510 1108//2510 
f 1104//2511 889//2511 1106//2511 
f 1102//2512 891//2512 889//2512 
f 1102//2513 889//2513 1104//2513 
f 1100//2514 891//2514 1102//2514 
f 1098//2515 893//2515 891//2515 
f 1098//2516 891//2516 1100//2516 
f 1096//2517 893//2517 1098//2517 
f 1094//2518 893//2518 1096//2518 
f 1094//2519 895//2519 893//2519 
f 1092//2520 895//2520 1094//2520 
f 1092//2521 897//2521 895//2521 
f 1090//2522 897//2522 1092//2522 
f 1088//2523 899//2523 897//2523 
f 1088//2524 897//2524 1090//2524 
f 1086//2525 899//2525 1088//2525 
f 1084//2526 899//2526 1086//2526 
f 1084//2527 901//2527 899//2527 
f 1082//2528 901//2528 1084//2528 
f 1082//2529 903//2529 901//2529 
f 1080//2530 903//2530 1082//2530 
f 1078//2531 905//2531 903//2531 
f 1078//2532 903//2532 1080//2532 
f 1076//2533 905//2533 1078//2533 
f 1074//2534 907//2534 905//2534 
f 1074//2535 905//2535 1076//2535 
f 1072//2536 907//2536 1074//2536 
f 1072//2537 909//2537 907//2537 
f 1070//2538 909//2538 1072//2538 
f 1068//2539 911//2539 909//2539 
f 1068//2540 909//2540 1070//2540 
f 1066//2541 911//2541 1068//2541 
f 1064//2542 911//2542 1066//2542 
f 1064//2543 914//2543 911//2543 
f 1062//2544 914//2544 1064//2544 
f 1060//2545 914//2545 1062//2545 
f 1060//2546 915//2546 914//2546 
f 1058//2547 915//2547 1060//2547 
f 1058//2548 918//2548 915//2548 
f 1056//2549 918//2549 1058//2549 
f 1054//2550 919//2550 918//2550 
f 1054//2551 918//2551 1056//2551 
f 1052//2552 919//2552 1054//2552 
f 1050//2553 921//2553 919//2553 
f 1050//2554 919//2554 1052//2554 
f 1047//2555 923//2555 921//2555 
f 1047//2556 921//2556 1050//2556 
f 1046//2557 943//2557 942//2557 
f 1046//2558 942//2558 940//2558 
f 1046//2559 940//2559 937//2559 
f 1046//2560 937//2560 936//2560 
f 1046//2561 936//2561 933//2561 
f 1046//2562 933//2562 932//2562 
f 1046//2563 932//2563 930//2563 
f 1046//2564 930//2564 928//2564 
f 1046//2565 928//2565 926//2565 
f 1046//2566 926//2566 923//2566 
f 1046//2567 923//2567 1047//2567 
f 851//2568 943//2568 1046//2568 
f 851//2569 949//2569 948//2569 
f 851//2570 948//2570 946//2570 
f 851//2571 946//2571 943//2571 
f 851//2572 850//2572 949//2572 
f 1285//2573 1286//2573 1287//2573 
f 1285//2574 1287//2574 1288//2574 
f 1288//2575 1287//2575 1289//2575 
f 1288//2576 1289//2576 1290//2576 
f 1290//2577 1289//2577 1291//2577 
f 1290//2578 1291//2578 1292//2578 
f 1292//2579 1291//2579 1286//2579 
f 1292//2580 1286//2580 1285//2580 
f 1288//2581 1290//2581 1292//2581 
f 1288//2582 1292//2582 1285//2582 
f 1287//2583 1286//2583 1291//2583 
f 1289//2584 1287//2584 1291//2584 
f 1293//2585 1294//2585 1295//2585 
f 1293//2586 1296//2586 1294//2586 
f 1297//2587 1293//2587 1295//2587 
f 1297//2588 1295//2588 1298//2588 
f 1299//2589 1297//2589 1298//2589 
f 1299//2590 1298//2590 1300//2590 
f 1301//2591 1299//2591 1300//2591 
f 1301//2592 1300//2592 1302//2592 
f 1303//2593 1301//2593 1302//2593 
f 1303//2594 1302//2594 1304//2594 
f 1305//2595 1303//2595 1304//2595 
f 1305//2596 1304//2596 1306//2596 
f 1307//2597 1305//2597 1306//2597 
f 1307//2598 1306//2598 1308//2598 
f 1309//2599 1307//2599 1308//2599 
f 1309//2600 1308//2600 1310//2600 
f 1311//2601 1309//2601 1310//2601 
f 1311//2602 1310//2602 1312//2602 
f 1313//2603 1312//2603 1314//2603 
f 1313//2604 1311//2604 1312//2604 
f 1315//2605 1314//2605 1316//2605 
f 1315//2606 1313//2606 1314//2606 
f 1317//2607 1316//2607 1318//2607 
f 1317//2608 1315//2608 1316//2608 
f 1319//2609 1318//2609 1320//2609 
f 1319//2610 1317//2610 1318//2610 
f 1321//2611 1320//2611 1322//2611 
f 1321//2612 1319//2612 1320//2612 
f 1323//2613 1322//2613 1324//2613 
f 1323//2614 1321//2614 1322//2614 
f 1325//2615 1326//2615 1327//2615 
f 1325//2616 1324//2616 1326//2616 
f 1325//2617 1323//2617 1324//2617 
f 1328//2618 1325//2618 1327//2618 
f 1329//2619 1327//2619 1330//2619 
f 1329//2620 1328//2620 1327//2620 
f 1331//2621 1332//2621 1333//2621 
f 1331//2622 1330//2622 1332//2622 
f 1331//2623 1329//2623 1330//2623 
f 1334//2624 1331//2624 1333//2624 
f 1335//2625 1336//2625 1337//2625 
f 1335//2626 1333//2626 1336//2626 
f 1335//2627 1334//2627 1333//2627 
f 1338//2628 1337//2628 1339//2628 
f 1338//2629 1335//2629 1337//2629 
f 1340//2630 1339//2630 1341//2630 
f 1340//2631 1338//2631 1339//2631 
f 1342//2632 1341//2632 1343//2632 
f 1342//2633 1340//2633 1341//2633 
f 1344//2634 1342//2634 1343//2634 
f 1344//2635 1343//2635 1345//2635 
f 1346//2636 1344//2636 1345//2636 
f 1346//2637 1345//2637 1347//2637 
f 1348//2638 1346//2638 1347//2638 
f 1348//2639 1347//2639 1349//2639 
f 1350//2640 1348//2640 1349//2640 
f 1351//2641 1350//2641 1349//2641 
f 1351//2642 1352//2642 1353//2642 
f 1351//2643 1349//2643 1352//2643 
f 1354//2644 1351//2644 1353//2644 
f 1354//2645 1353//2645 1355//2645 
f 1356//2646 1354//2646 1355//2646 
f 1357//2647 1358//2647 1359//2647 
f 1357//2648 1355//2648 1358//2648 
f 1357//2649 1356//2649 1355//2649 
f 1360//2650 1359//2650 1361//2650 
f 1360//2651 1357//2651 1359//2651 
f 1362//2652 1361//2652 1363//2652 
f 1362//2653 1360//2653 1361//2653 
f 1364//2654 1363//2654 1365//2654 
f 1364//2655 1362//2655 1363//2655 
f 1366//2656 1365//2656 1367//2656 
f 1366//2657 1364//2657 1365//2657 
f 1368//2658 1367//2658 1369//2658 
f 1368//2659 1366//2659 1367//2659 
f 1370//2660 1369//2660 1371//2660 
f 1370//2661 1368//2661 1369//2661 
f 1372//2662 1371//2662 1373//2662 
f 1372//2663 1370//2663 1371//2663 
f 1374//2664 1373//2664 1375//2664 
f 1374//2665 1372//2665 1373//2665 
f 1376//2666 1375//2666 1377//2666 
f 1376//2667 1374//2667 1375//2667 
f 1378//2668 1377//2668 1379//2668 
f 1378//2669 1376//2669 1377//2669 
f 1380//2670 1379//2670 1381//2670 
f 1380//2671 1378//2671 1379//2671 
f 1382//2672 1380//2672 1381//2672 
f 1383//2673 1384//2673 1385//2673 
f 1383//2674 1381//2674 1384//2674 
f 1383//2675 1382//2675 1381//2675 
f 1386//2676 1383//2676 1385//2676 
f 1387//2677 1388//2677 1389//2677 
f 1387//2678 1385//2678 1388//2678 
f 1387//2679 1386//2679 1385//2679 
f 1390//2680 1387//2680 1389//2680 
f 1390//2681 1389//2681 1391//2681 
f 1392//2682 1390//2682 1391//2682 
f 1392//2683 1391//2683 1393//2683 
f 1394//2684 1392//2684 1393//2684 
f 1394//2685 1393//2685 1395//2685 
f 1396//2686 1394//2686 1395//2686 
f 1396//2687 1395//2687 1397//2687 
f 1398//2688 1396//2688 1397//2688 
f 1398//2689 1397//2689 1399//2689 
f 1400//2690 1398//2690 1399//2690 
f 1400//2691 1399//2691 1401//2691 
f 1402//2692 1400//2692 1401//2692 
f 1402//2693 1401//2693 1403//2693 
f 1404//2694 1402//2694 1403//2694 
f 1404//2695 1403//2695 1405//2695 
f 1406//2696 1404//2696 1405//2696 
f 1406//2697 1405//2697 1407//2697 
f 1408//2698 1406//2698 1407//2698 
f 1408//2699 1407//2699 1409//2699 
f 1410//2700 1409//2700 1411//2700 
f 1410//2701 1408//2701 1409//2701 
f 1412//2702 1411//2702 1413//2702 
f 1412//2703 1410//2703 1411//2703 
f 1414//2704 1413//2704 1415//2704 
f 1414//2705 1412//2705 1413//2705 
f 1416//2706 1415//2706 1417//2706 
f 1416//2707 1414//2707 1415//2707 
f 1418//2708 1417//2708 1419//2708 
f 1418//2709 1416//2709 1417//2709 
f 1420//2710 1419//2710 1421//2710 
f 1420//2711 1418//2711 1419//2711 
f 1422//2712 1421//2712 1423//2712 
f 1422//2713 1420//2713 1421//2713 
f 1424//2714 1423//2714 1425//2714 
f 1424//2715 1422//2715 1423//2715 
f 1426//2716 1425//2716 1427//2716 
f 1426//2717 1424//2717 1425//2717 
f 1428//2718 1427//2718 1429//2718 
f 1428//2719 1426//2719 1427//2719 
f 1430//2720 1429//2720 1431//2720 
f 1430//2721 1428//2721 1429//2721 
f 1432//2722 1431//2722 1433//2722 
f 1432//2723 1430//2723 1431//2723 
f 1434//2724 1433//2724 1435//2724 
f 1434//2725 1432//2725 1433//2725 
f 1436//2726 1434//2726 1435//2726 
f 1437//2727 1438//2727 1439//2727 
f 1437//2728 1435//2728 1438//2728 
f 1437//2729 1436//2729 1435//2729 
f 1440//2730 1439//2730 1441//2730 
f 1440//2731 1437//2731 1439//2731 
f 1442//2732 1440//2732 1441//2732 
f 1443//2733 1442//2733 1441//2733 
f 1443//2734 1441//2734 1444//2734 
f 1445//2735 1443//2735 1444//2735 
f 1445//2736 1444//2736 1446//2736 
f 1447//2737 1445//2737 1446//2737 
f 1447//2738 1448//2738 1449//2738 
f 1447//2739 1446//2739 1448//2739 
f 1450//2740 1447//2740 1449//2740 
f 1451//2741 1449//2741 1452//2741 
f 1451//2742 1450//2742 1449//2742 
f 1453//2743 1452//2743 1454//2743 
f 1453//2744 1451//2744 1452//2744 
f 1455//2745 1454//2745 1456//2745 
f 1455//2746 1453//2746 1454//2746 
f 1457//2747 1456//2747 1458//2747 
f 1457//2748 1455//2748 1456//2748 
f 1459//2749 1458//2749 1460//2749 
f 1459//2750 1457//2750 1458//2750 
f 1461//2751 1460//2751 1462//2751 
f 1461//2752 1459//2752 1460//2752 
f 1463//2753 1462//2753 1464//2753 
f 1463//2754 1461//2754 1462//2754 
f 1465//2755 1464//2755 1466//2755 
f 1465//2756 1463//2756 1464//2756 
f 1467//2757 1466//2757 1468//2757 
f 1467//2758 1465//2758 1466//2758 
f 1469//2759 1470//2759 1471//2759 
f 1469//2760 1468//2760 1470//2760 
f 1469//2761 1467//2761 1468//2761 
f 1472//2762 1469//2762 1471//2762 
f 1473//2763 1471//2763 1474//2763 
f 1473//2764 1472//2764 1471//2764 
f 1475//2765 1474//2765 1476//2765 
f 1475//2766 1473//2766 1474//2766 
f 1477//2767 1478//2767 1479//2767 
f 1477//2768 1476//2768 1478//2768 
f 1477//2769 1475//2769 1476//2769 
f 1480//2770 1477//2770 1479//2770 
f 1481//2771 1482//2771 1483//2771 
f 1481//2772 1479//2772 1482//2772 
f 1481//2773 1480//2773 1479//2773 
f 1484//2774 1481//2774 1483//2774 
f 1296//2775 1483//2775 1294//2775 
f 1296//2776 1484//2776 1483//2776 
f 1370//2777 1364//2777 1366//2777 
f 1370//2778 1366//2778 1368//2778 
f 1360//2779 1362//2779 1364//2779 
f 1356//2780 1357//2780 1360//2780 
f 1376//2781 1370//2781 1372//2781 
f 1376//2782 1372//2782 1374//2782 
f 1351//2783 1354//2783 1356//2783 
f 1380//2784 1376//2784 1378//2784 
f 1350//2785 1360//2785 1364//2785 
f 1350//2786 1356//2786 1360//2786 
f 1350//2787 1351//2787 1356//2787 
f 1346//2788 1348//2788 1350//2788 
f 1387//2789 1380//2789 1382//2789 
f 1387//2790 1382//2790 1383//2790 
f 1387//2791 1383//2791 1386//2791 
f 1338//2792 1346//2792 1350//2792 
f 1338//2793 1350//2793 1364//2793 
f 1338//2794 1340//2794 1342//2794 
f 1338//2795 1342//2795 1344//2795 
f 1338//2796 1344//2796 1346//2796 
f 1396//2797 1392//2797 1394//2797 
f 1334//2798 1335//2798 1338//2798 
f 1329//2799 1331//2799 1334//2799 
f 1329//2800 1334//2800 1338//2800 
f 1404//2801 1398//2801 1400//2801 
f 1404//2802 1400//2802 1402//2802 
f 1323//2803 1364//2803 1370//2803 
f 1323//2804 1325//2804 1328//2804 
f 1323//2805 1328//2805 1329//2805 
f 1323//2806 1370//2806 1376//2806 
f 1323//2807 1376//2807 1380//2807 
f 1323//2808 1338//2808 1364//2808 
f 1323//2809 1329//2809 1338//2809 
f 1408//2810 1404//2810 1406//2810 
f 1321//2811 1323//2811 1380//2811 
f 1315//2812 1317//2812 1319//2812 
f 1315//2813 1319//2813 1321//2813 
f 1418//2814 1408//2814 1410//2814 
f 1418//2815 1410//2815 1412//2815 
f 1418//2816 1412//2816 1414//2816 
f 1418//2817 1414//2817 1416//2817 
f 1418//2818 1404//2818 1408//2818 
f 1311//2819 1313//2819 1315//2819 
f 1309//2820 1321//2820 1380//2820 
f 1309//2821 1315//2821 1321//2821 
f 1309//2822 1311//2822 1315//2822 
f 1422//2823 1418//2823 1420//2823 
f 1422//2824 1404//2824 1418//2824 
f 1426//2825 1404//2825 1422//2825 
f 1426//2826 1422//2826 1424//2826 
f 1303//2827 1305//2827 1307//2827 
f 1303//2828 1307//2828 1309//2828 
f 1301//2829 1303//2829 1309//2829 
f 1430//2830 1426//2830 1428//2830 
f 1299//2831 1301//2831 1309//2831 
f 1299//2832 1380//2832 1387//2832 
f 1299//2833 1387//2833 1390//2833 
f 1299//2834 1390//2834 1392//2834 
f 1299//2835 1309//2835 1380//2835 
f 1434//2836 1430//2836 1432//2836 
f 1293//2837 1297//2837 1299//2837 
f 1293//2838 1392//2838 1396//2838 
f 1293//2839 1396//2839 1398//2839 
f 1293//2840 1299//2840 1392//2840 
f 1440//2841 1430//2841 1434//2841 
f 1440//2842 1434//2842 1436//2842 
f 1440//2843 1436//2843 1437//2843 
f 1481//2844 1296//2844 1293//2844 
f 1481//2845 1293//2845 1398//2845 
f 1481//2846 1398//2846 1404//2846 
f 1481//2847 1484//2847 1296//2847 
f 1477//2848 1481//2848 1404//2848 
f 1477//2849 1480//2849 1481//2849 
f 1445//2850 1426//2850 1430//2850 
f 1445//2851 1430//2851 1440//2851 
f 1445//2852 1440//2852 1442//2852 
f 1445//2853 1442//2853 1443//2853 
f 1473//2854 1475//2854 1477//2854 
f 1451//2855 1426//2855 1445//2855 
f 1451//2856 1445//2856 1447//2856 
f 1451//2857 1447//2857 1450//2857 
f 1469//2858 1473//2858 1477//2858 
f 1469//2859 1477//2859 1404//2859 
f 1469//2860 1472//2860 1473//2860 
f 1455//2861 1451//2861 1453//2861 
f 1457//2862 1451//2862 1455//2862 
f 1463//2863 1469//2863 1404//2863 
f 1463//2864 1465//2864 1467//2864 
f 1463//2865 1467//2865 1469//2865 
f 1461//2866 1463//2866 1404//2866 
f 1461//2867 1426//2867 1451//2867 
f 1461//2868 1457//2868 1459//2868 
f 1461//2869 1451//2869 1457//2869 
f 1461//2870 1404//2870 1426//2870 
f 1419//2871 1417//2871 1415//2871 
f 1419//2872 1415//2872 1413//2872 
f 1403//2873 1411//2873 1409//2873 
f 1403//2874 1409//2874 1407//2874 
f 1403//2875 1407//2875 1405//2875 
f 1427//2876 1419//2876 1413//2876 
f 1427//2877 1425//2877 1423//2877 
f 1427//2878 1423//2878 1421//2878 
f 1427//2879 1421//2879 1419//2879 
f 1399//2880 1403//2880 1401//2880 
f 1429//2881 1427//2881 1413//2881 
f 1429//2882 1413//2882 1411//2882 
f 1395//2883 1403//2883 1399//2883 
f 1395//2884 1399//2884 1397//2884 
f 1433//2885 1431//2885 1429//2885 
f 1391//2886 1395//2886 1393//2886 
f 1438//2887 1435//2887 1433//2887 
f 1439//2888 1438//2888 1433//2888 
f 1388//2889 1391//2889 1389//2889 
f 1446//2890 1429//2890 1411//2890 
f 1446//2891 1444//2891 1441//2891 
f 1446//2892 1439//2892 1433//2892 
f 1446//2893 1441//2893 1439//2893 
f 1446//2894 1433//2894 1429//2894 
f 1449//2895 1448//2895 1446//2895 
f 1377//2896 1385//2896 1384//2896 
f 1377//2897 1384//2897 1381//2897 
f 1377//2898 1381//2898 1379//2898 
f 1452//2899 1449//2899 1446//2899 
f 1373//2900 1377//2900 1375//2900 
f 1456//2901 1454//2901 1452//2901 
f 1369//2902 1373//2902 1371//2902 
f 1462//2903 1460//2903 1458//2903 
f 1462//2904 1458//2904 1456//2904 
f 1462//2905 1452//2905 1446//2905 
f 1462//2906 1456//2906 1452//2906 
f 1363//2907 1367//2907 1365//2907 
f 1361//2908 1369//2908 1367//2908 
f 1361//2909 1367//2909 1363//2909 
f 1468//2910 1466//2910 1464//2910 
f 1468//2911 1464//2911 1462//2911 
f 1468//2912 1462//2912 1446//2912 
f 1468//2913 1446//2913 1411//2913 
f 1470//2914 1411//2914 1403//2914 
f 1470//2915 1468//2915 1411//2915 
f 1358//2916 1361//2916 1359//2916 
f 1355//2917 1369//2917 1361//2917 
f 1355//2918 1361//2918 1358//2918 
f 1474//2919 1471//2919 1470//2919 
f 1476//2920 1474//2920 1470//2920 
f 1349//2921 1369//2921 1355//2921 
f 1349//2922 1355//2922 1353//2922 
f 1349//2923 1353//2923 1352//2923 
f 1479//2924 1478//2924 1476//2924 
f 1479//2925 1403//2925 1395//2925 
f 1479//2926 1476//2926 1470//2926 
f 1479//2927 1470//2927 1403//2927 
f 1347//2928 1369//2928 1349//2928 
f 1483//2929 1482//2929 1479//2929 
f 1343//2930 1369//2930 1347//2930 
f 1343//2931 1347//2931 1345//2931 
f 1294//2932 1483//2932 1479//2932 
f 1295//2933 1395//2933 1391//2933 
f 1295//2934 1479//2934 1395//2934 
f 1295//2935 1294//2935 1479//2935 
f 1295//2936 1391//2936 1388//2936 
f 1295//2937 1388//2937 1385//2937 
f 1337//2938 1341//2938 1339//2938 
f 1300//2939 1295//2939 1385//2939 
f 1300//2940 1385//2940 1377//2940 
f 1300//2941 1377//2941 1373//2941 
f 1300//2942 1298//2942 1295//2942 
f 1332//2943 1369//2943 1343//2943 
f 1332//2944 1341//2944 1337//2944 
f 1332//2945 1343//2945 1341//2945 
f 1332//2946 1337//2946 1336//2946 
f 1332//2947 1336//2947 1333//2947 
f 1332//2948 1373//2948 1369//2948 
f 1304//2949 1300//2949 1373//2949 
f 1304//2950 1302//2950 1300//2950 
f 1326//2951 1373//2951 1332//2951 
f 1326//2952 1332//2952 1330//2952 
f 1326//2953 1330//2953 1327//2953 
f 1310//2954 1308//2954 1306//2954 
f 1310//2955 1306//2955 1304//2955 
f 1312//2956 1310//2956 1304//2956 
f 1320//2957 1304//2957 1373//2957 
f 1320//2958 1373//2958 1326//2958 
f 1320//2959 1312//2959 1304//2959 
f 1320//2960 1326//2960 1324//2960 
f 1320//2961 1324//2961 1322//2961 
f 1316//2962 1314//2962 1312//2962 
f 1318//2963 1312//2963 1320//2963 
f 1318//2964 1316//2964 1312//2964 
f 1485//2965 1486//2965 1487//2965 
f 1485//2966 1488//2966 1486//2966 
f 1485//2967 1489//2967 1488//2967 
f 1490//2968 1491//2968 1492//2968 
f 1490//2969 1487//2969 1491//2969 
f 1490//2970 1485//2970 1487//2970 
f 1493//2971 1494//2971 1489//2971 
f 1493//2972 1495//2972 1494//2972 
f 1493//2973 1489//2973 1485//2973 
f 1496//2974 1497//2974 1495//2974 
f 1496//2975 1498//2975 1497//2975 
f 1496//2976 1499//2976 1498//2976 
f 1496//2977 1495//2977 1493//2977 
f 1500//2978 1492//2978 1501//2978 
f 1500//2979 1490//2979 1492//2979 
f 1500//2980 1502//2980 1503//2980 
f 1500//2981 1501//2981 1502//2981 
f 1504//2982 1500//2982 1503//2982 
f 1504//2983 1505//2983 1506//2983 
f 1504//2984 1503//2984 1505//2984 
f 1507//2985 1508//2985 1499//2985 
f 1507//2986 1509//2986 1508//2986 
f 1507//2987 1499//2987 1496//2987 
f 1510//2988 1504//2988 1506//2988 
f 1510//2989 1511//2989 1512//2989 
f 1510//2990 1513//2990 1511//2990 
f 1510//2991 1506//2991 1513//2991 
f 1514//2992 1515//2992 1509//2992 
f 1514//2993 1516//2993 1515//2993 
f 1514//2994 1517//2994 1516//2994 
f 1514//2995 1509//2995 1507//2995 
f 1518//2996 1510//2996 1512//2996 
f 1518//2997 1519//2997 1520//2997 
f 1518//2998 1512//2998 1519//2998 
f 1521//2999 1522//2999 1517//2999 
f 1521//3000 1523//3000 1522//3000 
f 1521//3001 1517//3001 1514//3001 
f 1524//3002 1518//3002 1520//3002 
f 1524//3003 1525//3003 1526//3003 
f 1524//3004 1527//3004 1525//3004 
f 1524//3005 1520//3005 1527//3005 
f 1528//3006 1529//3006 1523//3006 
f 1528//3007 1530//3007 1529//3007 
f 1528//3008 1531//3008 1530//3008 
f 1528//3009 1523//3009 1521//3009 
f 1532//3010 1524//3010 1526//3010 
f 1532//3011 1533//3011 1534//3011 
f 1532//3012 1526//3012 1533//3012 
f 1535//3013 1536//3013 1531//3013 
f 1535//3014 1537//3014 1536//3014 
f 1535//3015 1531//3015 1528//3015 
f 1538//3016 1539//3016 1540//3016 
f 1538//3017 1541//3017 1539//3017 
f 1538//3018 1534//3018 1541//3018 
f 1538//3019 1532//3019 1534//3019 
f 1542//3020 1543//3020 1537//3020 
f 1542//3021 1544//3021 1543//3021 
f 1542//3022 1545//3022 1544//3022 
f 1542//3023 1537//3023 1535//3023 
f 1546//3024 1547//3024 1545//3024 
f 1546//3025 1545//3025 1542//3025 
f 1548//3026 1549//3026 1550//3026 
f 1548//3027 1540//3027 1549//3027 
f 1548//3028 1538//3028 1540//3028 
f 1551//3029 1548//3029 1550//3029 
f 1551//3030 1552//3030 1553//3030 
f 1551//3031 1554//3031 1552//3031 
f 1551//3032 1550//3032 1554//3032 
f 1555//3033 1556//3033 1557//3033 
f 1555//3034 1553//3034 1556//3034 
f 1555//3035 1551//3035 1553//3035 
f 1558//3036 1555//3036 1557//3036 
f 1558//3037 1559//3037 1560//3037 
f 1558//3038 1561//3038 1559//3038 
f 1558//3039 1557//3039 1561//3039 
f 1562//3040 1558//3040 1560//3040 
f 1562//3041 1563//3041 1564//3041 
f 1562//3042 1560//3042 1563//3042 
f 1565//3043 1562//3043 1564//3043 
f 1565//3044 1566//3044 1567//3044 
f 1565//3045 1568//3045 1566//3045 
f 1565//3046 1564//3046 1568//3046 
f 1569//3047 1565//3047 1567//3047 
f 1569//3048 1570//3048 1571//3048 
f 1569//3049 1567//3049 1570//3049 
f 1572//3050 1569//3050 1571//3050 
f 1572//3051 1573//3051 1574//3051 
f 1572//3052 1575//3052 1573//3052 
f 1572//3053 1571//3053 1575//3053 
f 1576//3054 1572//3054 1574//3054 
f 1576//3055 1577//3055 1578//3055 
f 1576//3056 1574//3056 1577//3056 
f 1579//3057 1576//3057 1578//3057 
f 1579//3058 1578//3058 1580//3058 
f 1581//3059 1579//3059 1580//3059 
f 1582//3060 1579//3060 1581//3060 
f 1582//3061 1583//3061 1579//3061 
f 1584//3062 1583//3062 1582//3062 
f 1585//3063 1583//3063 1584//3063 
f 1585//3064 1586//3064 1583//3064 
f 1587//3065 1586//3065 1585//3065 
f 1588//3066 1586//3066 1587//3066 
f 1589//3067 1590//3067 1586//3067 
f 1589//3068 1586//3068 1588//3068 
f 1591//3069 1590//3069 1589//3069 
f 1592//3070 1590//3070 1591//3070 
f 1592//3071 1593//3071 1590//3071 
f 1594//3072 1593//3072 1592//3072 
f 1595//3073 1593//3073 1594//3073 
f 1596//3074 1593//3074 1595//3074 
f 1596//3075 1597//3075 1593//3075 
f 1598//3076 1597//3076 1596//3076 
f 1599//3077 1600//3077 1597//3077 
f 1599//3078 1597//3078 1598//3078 
f 1601//3079 1600//3079 1599//3079 
f 1602//3080 1600//3080 1601//3080 
f 1603//3081 1604//3081 1600//3081 
f 1603//3082 1600//3082 1602//3082 
f 1605//3083 1604//3083 1603//3083 
f 1606//3084 1607//3084 1604//3084 
f 1606//3085 1604//3085 1605//3085 
f 1608//3086 1607//3086 1606//3086 
f 1609//3087 1607//3087 1608//3087 
f 1610//3088 1611//3088 1607//3088 
f 1610//3089 1607//3089 1609//3089 
f 1612//3090 1611//3090 1610//3090 
f 1546//3091 1613//3091 1547//3091 
f 1614//3092 1615//3092 1613//3092 
f 1614//3093 1616//3093 1615//3093 
f 1614//3094 1617//3094 1616//3094 
f 1614//3095 1613//3095 1546//3095 
f 1618//3096 1617//3096 1614//3096 
f 1618//3097 1619//3097 1617//3097 
f 1618//3098 1620//3098 1619//3098 
f 1621//3099 1622//3099 1620//3099 
f 1621//3100 1623//3100 1622//3100 
f 1621//3101 1624//3101 1623//3101 
f 1621//3102 1620//3102 1618//3102 
f 1625//3103 1626//3103 1624//3103 
f 1625//3104 1627//3104 1626//3104 
f 1625//3105 1624//3105 1621//3105 
f 1628//3106 1629//3106 1627//3106 
f 1628//3107 1630//3107 1629//3107 
f 1628//3108 1631//3108 1630//3108 
f 1628//3109 1627//3109 1625//3109 
f 1632//3110 1633//3110 1631//3110 
f 1632//3111 1634//3111 1633//3111 
f 1632//3112 1631//3112 1628//3112 
f 1635//3113 1636//3113 1634//3113 
f 1635//3114 1637//3114 1636//3114 
f 1635//3115 1638//3115 1637//3115 
f 1635//3116 1634//3116 1632//3116 
f 1639//3117 1640//3117 1638//3117 
f 1639//3118 1641//3118 1640//3118 
f 1639//3119 1638//3119 1635//3119 
f 1642//3120 1643//3120 1641//3120 
f 1642//3121 1641//3121 1639//3121 
f 1644//3122 1643//3122 1642//3122 
f 1645//3123 1642//3123 1646//3123 
f 1645//3124 1644//3124 1642//3124 
f 1647//3125 1645//3125 1646//3125 
f 1648//3126 1647//3126 1646//3126 
f 1648//3127 1646//3127 1649//3127 
f 1650//3128 1648//3128 1649//3128 
f 1651//3129 1650//3129 1649//3129 
f 1652//3130 1649//3130 1653//3130 
f 1652//3131 1651//3131 1649//3131 
f 1654//3132 1652//3132 1653//3132 
f 1655//3133 1653//3133 1656//3133 
f 1655//3134 1654//3134 1653//3134 
f 1657//3135 1655//3135 1656//3135 
f 1658//3136 1657//3136 1656//3136 
f 1659//3137 1656//3137 1660//3137 
f 1659//3138 1658//3138 1656//3138 
f 1661//3139 1659//3139 1660//3139 
f 1662//3140 1660//3140 1663//3140 
f 1662//3141 1661//3141 1660//3141 
f 1664//3142 1662//3142 1663//3142 
f 1665//3143 1664//3143 1663//3143 
f 1666//3144 1663//3144 1667//3144 
f 1666//3145 1665//3145 1663//3145 
f 1668//3146 1666//3146 1667//3146 
f 1669//3147 1667//3147 1670//3147 
f 1669//3148 1668//3148 1667//3148 
f 1671//3149 1669//3149 1670//3149 
f 1672//3150 1671//3150 1670//3150 
f 1673//3151 1670//3151 1674//3151 
f 1673//3152 1672//3152 1670//3152 
f 1675//3153 1673//3153 1674//3153 
f 1676//3154 1675//3154 1674//3154 
f 1676//3155 1674//3155 1677//3155 
f 1678//3156 1679//3156 1611//3156 
f 1678//3157 1611//3157 1612//3157 
f 1680//3158 1676//3158 1677//3158 
f 1681//3159 1679//3159 1678//3159 
f 1682//3160 1680//3160 1677//3160 
f 1683//3161 1679//3161 1681//3161 
f 1684//3162 1682//3162 1677//3162 
f 1684//3163 1677//3163 1685//3163 
f 1686//3164 1687//3164 1679//3164 
f 1686//3165 1679//3165 1683//3165 
f 1688//3166 1684//3166 1685//3166 
f 1689//3167 1687//3167 1686//3167 
f 1690//3168 1685//3168 1691//3168 
f 1690//3169 1688//3169 1685//3169 
f 1692//3170 1693//3170 1687//3170 
f 1692//3171 1687//3171 1689//3171 
f 1694//3172 1690//3172 1691//3172 
f 1695//3173 1693//3173 1692//3173 
f 1696//3174 1694//3174 1691//3174 
f 1697//3175 1693//3175 1695//3175 
f 1698//3176 1696//3176 1691//3176 
f 1698//3177 1691//3177 1699//3177 
f 1700//3178 1701//3178 1693//3178 
f 1700//3179 1693//3179 1697//3179 
f 1702//3180 1698//3180 1699//3180 
f 1703//3181 1701//3181 1700//3181 
f 1704//3182 1699//3182 1705//3182 
f 1704//3183 1702//3183 1699//3183 
f 1706//3184 1707//3184 1701//3184 
f 1706//3185 1701//3185 1703//3185 
f 1708//3186 1704//3186 1705//3186 
f 1709//3187 1707//3187 1706//3187 
f 1710//3188 1708//3188 1705//3188 
f 1711//3189 1707//3189 1709//3189 
f 1712//3190 1705//3190 1713//3190 
f 1712//3191 1710//3191 1705//3191 
f 1714//3192 1715//3192 1707//3192 
f 1714//3193 1707//3193 1711//3193 
f 1716//3194 1712//3194 1713//3194 
f 1717//3195 1715//3195 1714//3195 
f 1718//3196 1713//3196 1719//3196 
f 1718//3197 1716//3197 1713//3197 
f 1720//3198 1721//3198 1715//3198 
f 1720//3199 1715//3199 1717//3199 
f 1722//3200 1718//3200 1719//3200 
f 1723//3201 1721//3201 1720//3201 
f 1724//3202 1722//3202 1719//3202 
f 1725//3203 1721//3203 1723//3203 
f 1726//3204 1719//3204 1727//3204 
f 1726//3205 1724//3205 1719//3205 
f 1728//3206 1729//3206 1721//3206 
f 1728//3207 1721//3207 1725//3207 
f 1730//3208 1726//3208 1727//3208 
f 1731//3209 1729//3209 1728//3209 
f 1732//3210 1727//3210 1733//3210 
f 1732//3211 1730//3211 1727//3211 
f 1734//3212 1733//3212 1729//3212 
f 1734//3213 1729//3213 1731//3213 
f 1735//3214 1732//3214 1733//3214 
f 1736//3215 1733//3215 1734//3215 
f 1736//3216 1735//3216 1733//3216 
f 1737//3217 1612//3217 1610//3217 
f 1738//3218 1737//3218 1610//3218 
f 1739//3219 1610//3219 1609//3219 
f 1739//3220 1609//3220 1608//3220 
f 1739//3221 1738//3221 1610//3221 
f 1740//3222 1739//3222 1608//3222 
f 1741//3223 1740//3223 1608//3223 
f 1741//3224 1608//3224 1606//3224 
f 1742//3225 1606//3225 1605//3225 
f 1742//3226 1741//3226 1606//3226 
f 1742//3227 1605//3227 1603//3227 
f 1743//3228 1742//3228 1603//3228 
f 1744//3229 1603//3229 1602//3229 
f 1744//3230 1743//3230 1603//3230 
f 1745//3231 1602//3231 1601//3231 
f 1745//3232 1744//3232 1602//3232 
f 1746//3233 1601//3233 1599//3233 
f 1746//3234 1745//3234 1601//3234 
f 1747//3235 1599//3235 1598//3235 
f 1747//3236 1746//3236 1599//3236 
f 1748//3237 1598//3237 1596//3237 
f 1748//3238 1747//3238 1598//3238 
f 1749//3239 1596//3239 1595//3239 
f 1749//3240 1748//3240 1596//3240 
f 1750//3241 1595//3241 1594//3241 
f 1750//3242 1749//3242 1595//3242 
f 1751//3243 1594//3243 1592//3243 
f 1751//3244 1750//3244 1594//3244 
f 1752//3245 1592//3245 1591//3245 
f 1752//3246 1751//3246 1592//3246 
f 1753//3247 1591//3247 1589//3247 
f 1753//3248 1752//3248 1591//3248 
f 1754//3249 1589//3249 1588//3249 
f 1754//3250 1753//3250 1589//3250 
f 1755//3251 1588//3251 1587//3251 
f 1755//3252 1754//3252 1588//3252 
f 1756//3253 1587//3253 1585//3253 
f 1756//3254 1755//3254 1587//3254 
f 1757//3255 1585//3255 1584//3255 
f 1757//3256 1756//3256 1585//3256 
f 1758//3257 1584//3257 1582//3257 
f 1758//3258 1757//3258 1584//3258 
f 1759//3259 1582//3259 1581//3259 
f 1759//3260 1581//3260 1580//3260 
f 1759//3261 1758//3261 1582//3261 
f 1760//3262 1759//3262 1580//3262 
f 1761//3263 1580//3263 1578//3263 
f 1761//3264 1760//3264 1580//3264 
f 1762//3265 1578//3265 1577//3265 
f 1762//3266 1577//3266 1574//3266 
f 1762//3267 1761//3267 1578//3267 
f 1763//3268 1574//3268 1573//3268 
f 1763//3269 1762//3269 1574//3269 
f 1764//3270 1763//3270 1573//3270 
f 1765//3271 1573//3271 1575//3271 
f 1765//3272 1764//3272 1573//3272 
f 1766//3273 1575//3273 1571//3273 
f 1766//3274 1571//3274 1570//3274 
f 1766//3275 1765//3275 1575//3275 
f 1767//3276 1766//3276 1570//3276 
f 1768//3277 1767//3277 1570//3277 
f 1768//3278 1570//3278 1567//3278 
f 1769//3279 1768//3279 1567//3279 
f 1769//3280 1567//3280 1566//3280 
f 1770//3281 1769//3281 1566//3281 
f 1770//3282 1566//3282 1568//3282 
f 1770//3283 1568//3283 1564//3283 
f 1771//3284 1770//3284 1564//3284 
f 1772//3285 1771//3285 1564//3285 
f 1772//3286 1564//3286 1563//3286 
f 1773//3287 1772//3287 1563//3287 
f 1773//3288 1563//3288 1560//3288 
f 1774//3289 1773//3289 1560//3289 
f 1774//3290 1560//3290 1559//3290 
f 1775//3291 1774//3291 1559//3291 
f 1775//3292 1559//3292 1561//3292 
f 1776//3293 1561//3293 1557//3293 
f 1776//3294 1775//3294 1561//3294 
f 1777//3295 1557//3295 1556//3295 
f 1777//3296 1776//3296 1557//3296 
f 1778//3297 1556//3297 1553//3297 
f 1778//3298 1777//3298 1556//3298 
f 1779//3299 1553//3299 1552//3299 
f 1779//3300 1778//3300 1553//3300 
f 1780//3301 1552//3301 1554//3301 
f 1780//3302 1779//3302 1552//3302 
f 1781//3303 1554//3303 1550//3303 
f 1781//3304 1780//3304 1554//3304 
f 1782//3305 1550//3305 1549//3305 
f 1782//3306 1781//3306 1550//3306 
f 1783//3307 1549//3307 1540//3307 
f 1783//3308 1782//3308 1549//3308 
f 1784//3309 1540//3309 1539//3309 
f 1784//3310 1783//3310 1540//3310 
f 1785//3311 1539//3311 1541//3311 
f 1785//3312 1784//3312 1539//3312 
f 1786//3313 1541//3313 1534//3313 
f 1786//3314 1785//3314 1541//3314 
f 1787//3315 1534//3315 1533//3315 
f 1787//3316 1786//3316 1534//3316 
f 1788//3317 1533//3317 1526//3317 
f 1788//3318 1526//3318 1525//3318 
f 1788//3319 1787//3319 1533//3319 
f 1789//3320 1788//3320 1525//3320 
f 1790//3321 1525//3321 1527//3321 
f 1790//3322 1789//3322 1525//3322 
f 1791//3323 1527//3323 1520//3323 
f 1791//3324 1790//3324 1527//3324 
f 1792//3325 1791//3325 1520//3325 
f 1792//3326 1520//3326 1519//3326 
f 1793//3327 1792//3327 1519//3327 
f 1793//3328 1519//3328 1512//3328 
f 1794//3329 1793//3329 1512//3329 
f 1794//3330 1512//3330 1511//3330 
f 1795//3331 1794//3331 1511//3331 
f 1795//3332 1511//3332 1513//3332 
f 1796//3333 1795//3333 1513//3333 
f 1796//3334 1513//3334 1506//3334 
f 1796//3335 1506//3335 1505//3335 
f 1797//3336 1796//3336 1505//3336 
f 1798//3337 1797//3337 1505//3337 
f 1798//3338 1505//3338 1503//3338 
f 1798//3339 1503//3339 1502//3339 
f 1799//3340 1798//3340 1502//3340 
f 1800//3341 1799//3341 1502//3341 
f 1800//3342 1502//3342 1501//3342 
f 1800//3343 1501//3343 1492//3343 
f 1801//3344 1800//3344 1492//3344 
f 1801//3345 1492//3345 1491//3345 
f 1802//3346 1801//3346 1491//3346 
f 1803//3347 1802//3347 1491//3347 
f 1803//3348 1491//3348 1487//3348 
f 1804//3349 1803//3349 1487//3349 
f 1804//3350 1487//3350 1486//3350 
f 1805//3351 1804//3351 1486//3351 
f 1805//3352 1486//3352 1488//3352 
f 1806//3353 1805//3353 1488//3353 
f 1806//3354 1488//3354 1489//3354 
f 1807//3355 1806//3355 1489//3355 
f 1807//3356 1489//3356 1494//3356 
f 1808//3357 1807//3357 1494//3357 
f 1808//3358 1494//3358 1495//3358 
f 1809//3359 1495//3359 1497//3359 
f 1809//3360 1808//3360 1495//3360 
f 1809//3361 1497//3361 1498//3361 
f 1810//3362 1498//3362 1499//3362 
f 1810//3363 1809//3363 1498//3363 
f 1811//3364 1810//3364 1499//3364 
f 1812//3365 1499//3365 1508//3365 
f 1812//3366 1811//3366 1499//3366 
f 1813//3367 1508//3367 1509//3367 
f 1813//3368 1812//3368 1508//3368 
f 1814//3369 1509//3369 1515//3369 
f 1814//3370 1515//3370 1516//3370 
f 1814//3371 1813//3371 1509//3371 
f 1815//3372 1814//3372 1516//3372 
f 1816//3373 1516//3373 1517//3373 
f 1816//3374 1815//3374 1516//3374 
f 1817//3375 1816//3375 1517//3375 
f 1817//3376 1517//3376 1522//3376 
f 1818//3377 1817//3377 1522//3377 
f 1818//3378 1522//3378 1523//3378 
f 1818//3379 1523//3379 1529//3379 
f 1819//3380 1818//3380 1529//3380 
f 1820//3381 1819//3381 1529//3381 
f 1820//3382 1529//3382 1530//3382 
f 1820//3383 1530//3383 1531//3383 
f 1821//3384 1820//3384 1531//3384 
f 1822//3385 1821//3385 1531//3385 
f 1822//3386 1531//3386 1536//3386 
f 1822//3387 1536//3387 1537//3387 
f 1823//3388 1822//3388 1537//3388 
f 1824//3389 1823//3389 1537//3389 
f 1824//3390 1537//3390 1543//3390 
f 1824//3391 1543//3391 1544//3391 
f 1825//3392 1824//3392 1544//3392 
f 1825//3393 1544//3393 1545//3393 
f 1826//3394 1825//3394 1545//3394 
f 1827//3395 1826//3395 1545//3395 
f 1827//3396 1545//3396 1547//3396 
f 1828//3397 1547//3397 1613//3397 
f 1828//3398 1827//3398 1547//3398 
f 1829//3399 1613//3399 1615//3399 
f 1829//3400 1828//3400 1613//3400 
f 1830//3401 1615//3401 1616//3401 
f 1830//3402 1616//3402 1617//3402 
f 1830//3403 1829//3403 1615//3403 
f 1831//3404 1830//3404 1617//3404 
f 1831//3405 1617//3405 1619//3405 
f 1832//3406 1831//3406 1619//3406 
f 1833//3407 1619//3407 1620//3407 
f 1833//3408 1832//3408 1619//3408 
f 1834//3409 1620//3409 1622//3409 
f 1834//3410 1833//3410 1620//3410 
f 1834//3411 1622//3411 1623//3411 
f 1835//3412 1834//3412 1623//3412 
f 1836//3413 1623//3413 1624//3413 
f 1836//3414 1835//3414 1623//3414 
f 1837//3415 1624//3415 1626//3415 
f 1837//3416 1626//3416 1627//3416 
f 1837//3417 1836//3417 1624//3417 
f 1838//3418 1837//3418 1627//3418 
f 1839//3419 1627//3419 1629//3419 
f 1839//3420 1838//3420 1627//3420 
f 1840//3421 1629//3421 1630//3421 
f 1840//3422 1839//3422 1629//3422 
f 1841//3423 1630//3423 1631//3423 
f 1841//3424 1840//3424 1630//3424 
f 1842//3425 1631//3425 1633//3425 
f 1842//3426 1841//3426 1631//3426 
f 1843//3427 1633//3427 1634//3427 
f 1843//3428 1842//3428 1633//3428 
f 1844//3429 1634//3429 1636//3429 
f 1844//3430 1843//3430 1634//3430 
f 1845//3431 1636//3431 1637//3431 
f 1845//3432 1844//3432 1636//3432 
f 1846//3433 1637//3433 1638//3433 
f 1846//3434 1845//3434 1637//3434 
f 1847//3435 1638//3435 1640//3435 
f 1847//3436 1846//3436 1638//3436 
f 1848//3437 1640//3437 1641//3437 
f 1848//3438 1641//3438 1643//3438 
f 1848//3439 1847//3439 1640//3439 
f 1849//3440 1848//3440 1643//3440 
f 1850//3441 1643//3441 1644//3441 
f 1850//3442 1849//3442 1643//3442 
f 1851//3443 1644//3443 1645//3443 
f 1851//3444 1645//3444 1647//3444 
f 1851//3445 1850//3445 1644//3445 
f 1852//3446 1647//3446 1648//3446 
f 1852//3447 1851//3447 1647//3447 
f 1853//3448 1852//3448 1648//3448 
f 1854//3449 1648//3449 1650//3449 
f 1854//3450 1853//3450 1648//3450 
f 1855//3451 1650//3451 1651//3451 
f 1855//3452 1854//3452 1650//3452 
f 1856//3453 1651//3453 1652//3453 
f 1856//3454 1855//3454 1651//3454 
f 1857//3455 1856//3455 1652//3455 
f 1857//3456 1652//3456 1654//3456 
f 1858//3457 1857//3457 1654//3457 
f 1858//3458 1654//3458 1655//3458 
f 1858//3459 1655//3459 1657//3459 
f 1859//3460 1858//3460 1657//3460 
f 1860//3461 1859//3461 1657//3461 
f 1860//3462 1657//3462 1658//3462 
f 1861//3463 1860//3463 1658//3463 
f 1861//3464 1658//3464 1659//3464 
f 1862//3465 1861//3465 1659//3465 
f 1862//3466 1659//3466 1661//3466 
f 1863//3467 1862//3467 1661//3467 
f 1863//3468 1661//3468 1662//3468 
f 1864//3469 1863//3469 1662//3469 
f 1864//3470 1662//3470 1664//3470 
f 1865//3471 1864//3471 1664//3471 
f 1865//3472 1664//3472 1665//3472 
f 1866//3473 1665//3473 1666//3473 
f 1866//3474 1865//3474 1665//3474 
f 1867//3475 1666//3475 1668//3475 
f 1867//3476 1668//3476 1669//3476 
f 1867//3477 1866//3477 1666//3477 
f 1868//3478 1669//3478 1671//3478 
f 1868//3479 1867//3479 1669//3479 
f 1869//3480 1868//3480 1671//3480 
f 1870//3481 1869//3481 1671//3481 
f 1870//3482 1671//3482 1672//3482 
f 1871//3483 1672//3483 1673//3483 
f 1871//3484 1673//3484 1675//3484 
f 1871//3485 1870//3485 1672//3485 
f 1872//3486 1871//3486 1675//3486 
f 1873//3487 1675//3487 1676//3487 
f 1873//3488 1872//3488 1675//3488 
f 1874//3489 1676//3489 1680//3489 
f 1874//3490 1680//3490 1682//3490 
f 1874//3491 1873//3491 1676//3491 
f 1875//3492 1874//3492 1682//3492 
f 1876//3493 1682//3493 1684//3493 
f 1876//3494 1875//3494 1682//3494 
f 1877//3495 1684//3495 1688//3495 
f 1877//3496 1876//3496 1684//3496 
f 1878//3497 1688//3497 1690//3497 
f 1878//3498 1690//3498 1694//3498 
f 1878//3499 1877//3499 1688//3499 
f 1879//3500 1878//3500 1694//3500 
f 1880//3501 1694//3501 1696//3501 
f 1880//3502 1879//3502 1694//3502 
f 1881//3503 1696//3503 1698//3503 
f 1881//3504 1880//3504 1696//3504 
f 1882//3505 1881//3505 1698//3505 
f 1882//3506 1698//3506 1702//3506 
f 1883//3507 1882//3507 1702//3507 
f 1883//3508 1702//3508 1704//3508 
f 1884//3509 1883//3509 1704//3509 
f 1884//3510 1704//3510 1708//3510 
f 1885//3511 1884//3511 1708//3511 
f 1885//3512 1708//3512 1710//3512 
f 1886//3513 1885//3513 1710//3513 
f 1886//3514 1710//3514 1712//3514 
f 1887//3515 1886//3515 1712//3515 
f 1887//3516 1712//3516 1716//3516 
f 1888//3517 1887//3517 1716//3517 
f 1888//3518 1716//3518 1718//3518 
f 1889//3519 1888//3519 1718//3519 
f 1889//3520 1718//3520 1722//3520 
f 1890//3521 1889//3521 1722//3521 
f 1890//3522 1722//3522 1724//3522 
f 1891//3523 1890//3523 1724//3523 
f 1891//3524 1724//3524 1726//3524 
f 1892//3525 1891//3525 1726//3525 
f 1892//3526 1726//3526 1730//3526 
f 1892//3527 1730//3527 1732//3527 
f 1893//3528 1732//3528 1735//3528 
f 1893//3529 1892//3529 1732//3529 
f 1894//3530 1893//3530 1735//3530 
f 1895//3531 1894//3531 1735//3531 
f 1895//3532 1735//3532 1736//3532 
f 1895//3533 1736//3533 1734//3533 
f 1896//3534 1895//3534 1734//3534 
f 1897//3535 1896//3535 1734//3535 
f 1897//3536 1734//3536 1731//3536 
f 1898//3537 1897//3537 1731//3537 
f 1898//3538 1731//3538 1728//3538 
f 1898//3539 1728//3539 1725//3539 
f 1899//3540 1898//3540 1725//3540 
f 1900//3541 1725//3541 1723//3541 
f 1900//3542 1899//3542 1725//3542 
f 1901//3543 1723//3543 1720//3543 
f 1901//3544 1900//3544 1723//3544 
f 1901//3545 1720//3545 1717//3545 
f 1902//3546 1717//3546 1714//3546 
f 1902//3547 1901//3547 1717//3547 
f 1903//3548 1902//3548 1714//3548 
f 1904//3549 1714//3549 1711//3549 
f 1904//3550 1711//3550 1709//3550 
f 1904//3551 1903//3551 1714//3551 
f 1905//3552 1709//3552 1706//3552 
f 1905//3553 1904//3553 1709//3553 
f 1906//3554 1905//3554 1706//3554 
f 1907//3555 1906//3555 1706//3555 
f 1907//3556 1706//3556 1703//3556 
f 1908//3557 1907//3557 1703//3557 
f 1908//3558 1703//3558 1700//3558 
f 1909//3559 1908//3559 1700//3559 
f 1909//3560 1700//3560 1697//3560 
f 1909//3561 1697//3561 1695//3561 
f 1910//3562 1909//3562 1695//3562 
f 1911//3563 1910//3563 1695//3563 
f 1911//3564 1695//3564 1692//3564 
f 1912//3565 1911//3565 1692//3565 
f 1912//3566 1692//3566 1689//3566 
f 1913//3567 1912//3567 1689//3567 
f 1913//3568 1689//3568 1686//3568 
f 1914//3569 1913//3569 1686//3569 
f 1914//3570 1686//3570 1683//3570 
f 1915//3571 1914//3571 1683//3571 
f 1915//3572 1683//3572 1681//3572 
f 1916//3573 1915//3573 1681//3573 
f 1916//3574 1681//3574 1678//3574 
f 1916//3575 1678//3575 1612//3575 
f 1737//3576 1916//3576 1612//3576 
f 1804//3577 1917//3577 1803//3577 
f 1805//3578 1917//3578 1804//3578 
f 1806//3579 1917//3579 1805//3579 
f 1802//3580 1918//3580 1801//3580 
f 1803//3581 1918//3581 1802//3581 
f 1917//3582 1918//3582 1803//3582 
f 1807//3583 1919//3583 1806//3583 
f 1808//3584 1919//3584 1807//3584 
f 1806//3585 1919//3585 1917//3585 
f 1800//3586 1920//3586 1799//3586 
f 1801//3587 1920//3587 1800//3587 
f 1918//3588 1920//3588 1801//3588 
f 1799//3589 1920//3589 1798//3589 
f 1808//3590 1921//3590 1919//3590 
f 1809//3591 1921//3591 1808//3591 
f 1810//3592 1921//3592 1809//3592 
f 1811//3593 1921//3593 1810//3593 
f 1812//3594 1922//3594 1811//3594 
f 1813//3595 1922//3595 1812//3595 
f 1811//3596 1922//3596 1921//3596 
f 1920//3597 1923//3597 1798//3597 
f 1797//3598 1923//3598 1796//3598 
f 1798//3599 1923//3599 1797//3599 
f 1923//3600 1924//3600 1796//3600 
f 1794//3601 1924//3601 1793//3601 
f 1795//3602 1924//3602 1794//3602 
f 1796//3603 1924//3603 1795//3603 
f 1814//3604 1925//3604 1813//3604 
f 1815//3605 1925//3605 1814//3605 
f 1816//3606 1925//3606 1815//3606 
f 1813//3607 1925//3607 1922//3607 
f 1817//3608 1926//3608 1816//3608 
f 1818//3609 1926//3609 1817//3609 
f 1816//3610 1926//3610 1925//3610 
f 1924//3611 1927//3611 1793//3611 
f 1792//3612 1927//3612 1791//3612 
f 1793//3613 1927//3613 1792//3613 
f 1927//3614 1928//3614 1791//3614 
f 1789//3615 1928//3615 1788//3615 
f 1790//3616 1928//3616 1789//3616 
f 1791//3617 1928//3617 1790//3617 
f 1819//3618 1929//3618 1818//3618 
f 1820//3619 1929//3619 1819//3619 
f 1821//3620 1929//3620 1820//3620 
f 1818//3621 1929//3621 1926//3621 
f 1928//3622 1930//3622 1788//3622 
f 1787//3623 1930//3623 1786//3623 
f 1788//3624 1930//3624 1787//3624 
f 1822//3625 1931//3625 1821//3625 
f 1823//3626 1931//3626 1822//3626 
f 1821//3627 1931//3627 1929//3627 
f 1784//3628 1932//3628 1783//3628 
f 1930//3629 1932//3629 1786//3629 
f 1785//3630 1932//3630 1784//3630 
f 1786//3631 1932//3631 1785//3631 
f 1824//3632 1933//3632 1823//3632 
f 1825//3633 1933//3633 1824//3633 
f 1826//3634 1933//3634 1825//3634 
f 1823//3635 1933//3635 1931//3635 
f 1827//3636 1934//3636 1826//3636 
f 1826//3637 1934//3637 1933//3637 
f 1932//3638 1935//3638 1783//3638 
f 1782//3639 1935//3639 1781//3639 
f 1783//3640 1935//3640 1782//3640 
f 1779//3641 1936//3641 1778//3641 
f 1780//3642 1936//3642 1779//3642 
f 1781//3643 1936//3643 1780//3643 
f 1935//3644 1936//3644 1781//3644 
f 1777//3645 1937//3645 1776//3645 
f 1778//3646 1937//3646 1777//3646 
f 1936//3647 1937//3647 1778//3647 
f 1937//3648 1938//3648 1776//3648 
f 1774//3649 1938//3649 1773//3649 
f 1775//3650 1938//3650 1774//3650 
f 1776//3651 1938//3651 1775//3651 
f 1938//3652 1939//3652 1773//3652 
f 1772//3653 1939//3653 1771//3653 
f 1773//3654 1939//3654 1772//3654 
f 1939//3655 1940//3655 1771//3655 
f 1769//3656 1940//3656 1768//3656 
f 1770//3657 1940//3657 1769//3657 
f 1771//3658 1940//3658 1770//3658 
f 1940//3659 1941//3659 1768//3659 
f 1767//3660 1941//3660 1766//3660 
f 1768//3661 1941//3661 1767//3661 
f 1941//3662 1942//3662 1766//3662 
f 1764//3663 1942//3663 1763//3663 
f 1765//3664 1942//3664 1764//3664 
f 1766//3665 1942//3665 1765//3665 
f 1762//3666 1943//3666 1761//3666 
f 1763//3667 1943//3667 1762//3667 
f 1942//3668 1943//3668 1763//3668 
f 1943//3669 1944//3669 1761//3669 
f 1761//3670 1944//3670 1760//3670 
f 1944//3671 1759//3671 1760//3671 
f 1945//3672 1758//3672 1944//3672 
f 1944//3673 1758//3673 1759//3673 
f 1945//3674 1757//3674 1758//3674 
f 1946//3675 1756//3675 1945//3675 
f 1945//3676 1756//3676 1757//3676 
f 1946//3677 1755//3677 1756//3677 
f 1946//3678 1754//3678 1755//3678 
f 1947//3679 1753//3679 1946//3679 
f 1946//3680 1753//3680 1754//3680 
f 1947//3681 1752//3681 1753//3681 
f 1948//3682 1751//3682 1947//3682 
f 1947//3683 1751//3683 1752//3683 
f 1948//3684 1750//3684 1751//3684 
f 1948//3685 1749//3685 1750//3685 
f 1949//3686 1748//3686 1948//3686 
f 1948//3687 1748//3687 1749//3687 
f 1949//3688 1747//3688 1748//3688 
f 1950//3689 1746//3689 1949//3689 
f 1949//3690 1746//3690 1747//3690 
f 1950//3691 1745//3691 1746//3691 
f 1950//3692 1744//3692 1745//3692 
f 1951//3693 1743//3693 1950//3693 
f 1950//3694 1743//3694 1744//3694 
f 1951//3695 1742//3695 1743//3695 
f 1952//3696 1741//3696 1951//3696 
f 1951//3697 1741//3697 1742//3697 
f 1952//3698 1740//3698 1741//3698 
f 1952//3699 1739//3699 1740//3699 
f 1953//3700 1738//3700 1952//3700 
f 1952//3701 1738//3701 1739//3701 
f 1953//3702 1737//3702 1738//3702 
f 1828//3703 1934//3703 1827//3703 
f 1829//3704 1954//3704 1828//3704 
f 1830//3705 1954//3705 1829//3705 
f 1831//3706 1954//3706 1830//3706 
f 1828//3707 1954//3707 1934//3707 
f 1831//3708 1955//3708 1954//3708 
f 1832//3709 1955//3709 1831//3709 
f 1833//3710 1955//3710 1832//3710 
f 1834//3711 1956//3711 1833//3711 
f 1835//3712 1956//3712 1834//3712 
f 1836//3713 1956//3713 1835//3713 
f 1833//3714 1956//3714 1955//3714 
f 1837//3715 1957//3715 1836//3715 
f 1838//3716 1957//3716 1837//3716 
f 1836//3717 1957//3717 1956//3717 
f 1839//3718 1958//3718 1838//3718 
f 1840//3719 1958//3719 1839//3719 
f 1841//3720 1958//3720 1840//3720 
f 1838//3721 1958//3721 1957//3721 
f 1842//3722 1959//3722 1841//3722 
f 1843//3723 1959//3723 1842//3723 
f 1841//3724 1959//3724 1958//3724 
f 1844//3725 1960//3725 1843//3725 
f 1845//3726 1960//3726 1844//3726 
f 1846//3727 1960//3727 1845//3727 
f 1843//3728 1960//3728 1959//3728 
f 1847//3729 1961//3729 1846//3729 
f 1848//3730 1961//3730 1847//3730 
f 1846//3731 1961//3731 1960//3731 
f 1849//3732 1962//3732 1848//3732 
f 1848//3733 1962//3733 1961//3733 
f 1849//3734 1850//3734 1962//3734 
f 1962//3735 1851//3735 1963//3735 
f 1850//3736 1851//3736 1962//3736 
f 1851//3737 1852//3737 1963//3737 
f 1963//3738 1853//3738 1964//3738 
f 1852//3739 1853//3739 1963//3739 
f 1853//3740 1854//3740 1964//3740 
f 1854//3741 1855//3741 1964//3741 
f 1964//3742 1856//3742 1965//3742 
f 1855//3743 1856//3743 1964//3743 
f 1856//3744 1857//3744 1965//3744 
f 1965//3745 1858//3745 1966//3745 
f 1857//3746 1858//3746 1965//3746 
f 1858//3747 1859//3747 1966//3747 
f 1859//3748 1860//3748 1966//3748 
f 1966//3749 1861//3749 1967//3749 
f 1860//3750 1861//3750 1966//3750 
f 1861//3751 1862//3751 1967//3751 
f 1967//3752 1863//3752 1968//3752 
f 1862//3753 1863//3753 1967//3753 
f 1863//3754 1864//3754 1968//3754 
f 1864//3755 1865//3755 1968//3755 
f 1968//3756 1866//3756 1969//3756 
f 1865//3757 1866//3757 1968//3757 
f 1866//3758 1867//3758 1969//3758 
f 1969//3759 1868//3759 1970//3759 
f 1867//3760 1868//3760 1969//3760 
f 1868//3761 1869//3761 1970//3761 
f 1869//3762 1870//3762 1970//3762 
f 1970//3763 1871//3763 1971//3763 
f 1870//3764 1871//3764 1970//3764 
f 1871//3765 1872//3765 1971//3765 
f 1971//3766 1873//3766 1972//3766 
f 1872//3767 1873//3767 1971//3767 
f 1973//3768 1916//3768 1953//3768 
f 1953//3769 1916//3769 1737//3769 
f 1873//3770 1874//3770 1972//3770 
f 1973//3771 1915//3771 1916//3771 
f 1874//3772 1875//3772 1972//3772 
f 1973//3773 1914//3773 1915//3773 
f 1972//3774 1876//3774 1974//3774 
f 1875//3775 1876//3775 1972//3775 
f 1975//3776 1913//3776 1973//3776 
f 1973//3777 1913//3777 1914//3777 
f 1876//3778 1877//3778 1974//3778 
f 1975//3779 1912//3779 1913//3779 
f 1974//3780 1878//3780 1976//3780 
f 1877//3781 1878//3781 1974//3781 
f 1977//3782 1911//3782 1975//3782 
f 1975//3783 1911//3783 1912//3783 
f 1878//3784 1879//3784 1976//3784 
f 1977//3785 1910//3785 1911//3785 
f 1879//3786 1880//3786 1976//3786 
f 1977//3787 1909//3787 1910//3787 
f 1976//3788 1881//3788 1978//3788 
f 1880//3789 1881//3789 1976//3789 
f 1977//3790 1908//3790 1909//3790 
f 1979//3791 1908//3791 1977//3791 
f 1881//3792 1882//3792 1978//3792 
f 1979//3793 1907//3793 1908//3793 
f 1978//3794 1883//3794 1980//3794 
f 1882//3795 1883//3795 1978//3795 
f 1981//3796 1906//3796 1979//3796 
f 1979//3797 1906//3797 1907//3797 
f 1883//3798 1884//3798 1980//3798 
f 1981//3799 1905//3799 1906//3799 
f 1884//3800 1885//3800 1980//3800 
f 1981//3801 1904//3801 1905//3801 
f 1980//3802 1886//3802 1982//3802 
f 1885//3803 1886//3803 1980//3803 
f 1983//3804 1903//3804 1981//3804 
f 1981//3805 1903//3805 1904//3805 
f 1886//3806 1887//3806 1982//3806 
f 1983//3807 1902//3807 1903//3807 
f 1982//3808 1888//3808 1984//3808 
f 1887//3809 1888//3809 1982//3809 
f 1985//3810 1901//3810 1983//3810 
f 1983//3811 1901//3811 1902//3811 
f 1888//3812 1889//3812 1984//3812 
f 1985//3813 1900//3813 1901//3813 
f 1889//3814 1890//3814 1984//3814 
f 1985//3815 1899//3815 1900//3815 
f 1984//3816 1891//3816 1986//3816 
f 1890//3817 1891//3817 1984//3817 
f 1987//3818 1898//3818 1985//3818 
f 1985//3819 1898//3819 1899//3819 
f 1891//3820 1892//3820 1986//3820 
f 1987//3821 1897//3821 1898//3821 
f 1986//3822 1893//3822 1988//3822 
f 1892//3823 1893//3823 1986//3823 
f 1988//3824 1896//3824 1987//3824 
f 1987//3825 1896//3825 1897//3825 
f 1893//3826 1894//3826 1988//3826 
f 1988//3827 1895//3827 1896//3827 
f 1894//3828 1895//3828 1988//3828 
f 1989//3829 1953//3829 1952//3829 
f 1990//3830 1952//3830 1951//3830 
f 1990//3831 1989//3831 1952//3831 
f 1991//3832 1990//3832 1951//3832 
f 1992//3833 1951//3833 1950//3833 
f 1992//3834 1991//3834 1951//3834 
f 1993//3835 1950//3835 1949//3835 
f 1993//3836 1992//3836 1950//3836 
f 1994//3837 1949//3837 1948//3837 
f 1994//3838 1993//3838 1949//3838 
f 1995//3839 1994//3839 1948//3839 
f 1995//3840 1948//3840 1947//3840 
f 1996//3841 1947//3841 1946//3841 
f 1996//3842 1995//3842 1947//3842 
f 1996//3843 1946//3843 1945//3843 
f 1997//3844 1996//3844 1945//3844 
f 1998//3845 1945//3845 1944//3845 
f 1998//3846 1997//3846 1945//3846 
f 1999//3847 1944//3847 1943//3847 
f 1999//3848 1943//3848 1942//3848 
f 1999//3849 1998//3849 1944//3849 
f 2000//3850 1999//3850 1942//3850 
f 2001//3851 1942//3851 1941//3851 
f 2001//3852 1941//3852 1940//3852 
f 2001//3853 2000//3853 1942//3853 
f 2002//3854 2001//3854 1940//3854 
f 2003//3855 1940//3855 1939//3855 
f 2003//3856 1939//3856 1938//3856 
f 2003//3857 2002//3857 1940//3857 
f 2004//3858 2003//3858 1938//3858 
f 2005//3859 1938//3859 1937//3859 
f 2005//3860 1937//3860 1936//3860 
f 2005//3861 2004//3861 1938//3861 
f 2006//3862 2005//3862 1936//3862 
f 2007//3863 1936//3863 1935//3863 
f 2007//3864 2006//3864 1936//3864 
f 2008//3865 1935//3865 1932//3865 
f 2008//3866 2007//3866 1935//3866 
f 2009//3867 1932//3867 1930//3867 
f 2009//3868 2008//3868 1932//3868 
f 2010//3869 1930//3869 1928//3869 
f 2010//3870 2009//3870 1930//3870 
f 2011//3871 1928//3871 1927//3871 
f 2011//3872 2010//3872 1928//3872 
f 2012//3873 1927//3873 1924//3873 
f 2012//3874 2011//3874 1927//3874 
f 2013//3875 1924//3875 1923//3875 
f 2013//3876 2012//3876 1924//3876 
f 2014//3877 1923//3877 1920//3877 
f 2014//3878 2013//3878 1923//3878 
f 2015//3879 1920//3879 1918//3879 
f 2015//3880 1918//3880 1917//3880 
f 2015//3881 2014//3881 1920//3881 
f 2016//3882 2015//3882 1917//3882 
f 2017//3883 1917//3883 1919//3883 
f 2017//3884 2016//3884 1917//3884 
f 2018//3885 1919//3885 1921//3885 
f 2018//3886 1921//3886 1922//3886 
f 2018//3887 2017//3887 1919//3887 
f 2019//3888 2018//3888 1922//3888 
f 2020//3889 2019//3889 1922//3889 
f 2020//3890 1922//3890 1925//3890 
f 2021//3891 2020//3891 1925//3891 
f 2021//3892 1925//3892 1926//3892 
f 2021//3893 1926//3893 1929//3893 
f 2022//3894 1929//3894 1931//3894 
f 2022//3895 2021//3895 1929//3895 
f 2023//3896 2022//3896 1931//3896 
f 2024//3897 2023//3897 1931//3897 
f 2024//3898 1931//3898 1933//3898 
f 2024//3899 1933//3899 1934//3899 
f 2025//3900 2024//3900 1934//3900 
f 2025//3901 1934//3901 1954//3901 
f 2026//3902 2025//3902 1954//3902 
f 2027//3903 1954//3903 1955//3903 
f 2027//3904 2026//3904 1954//3904 
f 2028//3905 1955//3905 1956//3905 
f 2028//3906 1956//3906 1957//3906 
f 2028//3907 2027//3907 1955//3907 
f 2029//3908 2028//3908 1957//3908 
f 2030//3909 1957//3909 1958//3909 
f 2030//3910 2029//3910 1957//3910 
f 2031//3911 2030//3911 1958//3911 
f 2031//3912 1958//3912 1959//3912 
f 2031//3913 1959//3913 1960//3913 
f 2032//3914 2031//3914 1960//3914 
f 2033//3915 2032//3915 1960//3915 
f 2033//3916 1960//3916 1961//3916 
f 2034//3917 1961//3917 1962//3917 
f 2034//3918 2033//3918 1961//3918 
f 2035//3919 1962//3919 1963//3919 
f 2035//3920 2034//3920 1962//3920 
f 2036//3921 1963//3921 1964//3921 
f 2036//3922 2035//3922 1963//3922 
f 2037//3923 1964//3923 1965//3923 
f 2037//3924 1965//3924 1966//3924 
f 2037//3925 2036//3925 1964//3925 
f 2038//3926 1966//3926 1967//3926 
f 2038//3927 2037//3927 1966//3927 
f 2039//3928 2038//3928 1967//3928 
f 2040//3929 1967//3929 1968//3929 
f 2040//3930 1968//3930 1969//3930 
f 2040//3931 2039//3931 1967//3931 
f 2041//3932 2040//3932 1969//3932 
f 2042//3933 1969//3933 1970//3933 
f 2042//3934 2041//3934 1969//3934 
f 2043//3935 1970//3935 1971//3935 
f 2043//3936 2042//3936 1970//3936 
f 2044//3937 1971//3937 1972//3937 
f 2044//3938 2043//3938 1971//3938 
f 2045//3939 1972//3939 1974//3939 
f 2045//3940 2044//3940 1972//3940 
f 2046//3941 1974//3941 1976//3941 
f 2046//3942 1976//3942 1978//3942 
f 2046//3943 2045//3943 1974//3943 
f 2047//3944 2046//3944 1978//3944 
f 2048//3945 1978//3945 1980//3945 
f 2048//3946 1980//3946 1982//3946 
f 2048//3947 2047//3947 1978//3947 
f 2049//3948 2048//3948 1982//3948 
f 2050//3949 1982//3949 1984//3949 
f 2050//3950 1984//3950 1986//3950 
f 2050//3951 2049//3951 1982//3951 
f 2051//3952 2050//3952 1986//3952 
f 2052//3953 1986//3953 1988//3953 
f 2052//3954 1988//3954 1987//3954 
f 2052//3955 2051//3955 1986//3955 
f 2053//3956 2052//3956 1987//3956 
f 2054//3957 1987//3957 1985//3957 
f 2054//3958 1985//3958 1983//3958 
f 2054//3959 2053//3959 1987//3959 
f 2055//3960 2054//3960 1983//3960 
f 2056//3961 2055//3961 1983//3961 
f 2056//3962 1983//3962 1981//3962 
f 2056//3963 1981//3963 1979//3963 
f 2057//3964 2056//3964 1979//3964 
f 2058//3965 2057//3965 1979//3965 
f 2058//3966 1979//3966 1977//3966 
f 2058//3967 1977//3967 1975//3967 
f 2059//3968 2058//3968 1975//3968 
f 2060//3969 2059//3969 1975//3969 
f 2060//3970 1975//3970 1973//3970 
f 1989//3971 2060//3971 1973//3971 
f 1989//3972 1973//3972 1953//3972 
f 2061//3973 2062//3973 2063//3973 
f 2061//3974 2064//3974 2062//3974 
f 2061//3975 2065//3975 2064//3975 
f 2066//3976 2061//3976 2063//3976 
f 2066//3977 2067//3977 2068//3977 
f 2066//3978 2069//3978 2067//3978 
f 2066//3979 2070//3979 2069//3979 
f 2066//3980 2063//3980 2070//3980 
f 2071//3981 2072//3981 2066//3981 
f 2073//3982 2074//3982 2075//3982 
f 2073//3983 2068//3983 2074//3983 
f 2076//3984 2066//3984 2068//3984 
f 2076//3985 2071//3985 2066//3985 
f 2076//3986 2068//3986 2073//3986 
f 2076//3987 2077//3987 2071//3987 
f 2078//3988 2079//3988 2080//3988 
f 2078//3989 2081//3989 2079//3989 
f 2078//3990 2073//3990 2081//3990 
f 2082//3991 2083//3991 2084//3991 
f 2085//3992 2073//3992 2078//3992 
f 2086//3993 2087//3993 2088//3993 
f 2089//3994 2090//3994 2091//3994 
f 2092//3995 2076//3995 2073//3995 
f 2092//3996 2082//3996 2084//3996 
f 2092//3997 2089//3997 2091//3997 
f 2092//3998 2084//3998 2076//3998 
f 2092//3999 2093//3999 2082//3999 
f 2092//4000 2091//4000 2093//4000 
f 2094//4001 2073//4001 2085//4001 
f 2094//4002 2087//4002 2086//4002 
f 2094//4003 2086//4003 2095//4003 
f 2094//4004 2092//4004 2073//4004 
f 2094//4005 2085//4005 2087//4005 
f 2096//4006 2097//4006 2092//4006 
f 2098//4007 2099//4007 2100//4007 
f 2101//4008 2102//4008 2103//4008 
f 2104//4009 2098//4009 2105//4009 
f 2106//4010 2092//4010 2094//4010 
f 2106//4011 2096//4011 2092//4011 
f 2106//4012 2101//4012 2103//4012 
f 2106//4013 2103//4013 2096//4013 
f 2107//4014 2099//4014 2098//4014 
f 2107//4015 2098//4015 2104//4015 
f 2108//4016 2094//4016 2099//4016 
f 2108//4017 2099//4017 2107//4017 
f 2109//4018 2094//4018 2108//4018 
f 2110//4019 2111//4019 2112//4019 
f 2110//4020 2109//4020 2111//4020 
f 2113//4021 2110//4021 2114//4021 
f 2115//4022 2110//4022 2113//4022 
f 2116//4023 2110//4023 2115//4023 
f 2116//4024 2109//4024 2110//4024 
f 2117//4025 2109//4025 2116//4025 
f 2118//4026 2109//4026 2117//4026 
f 2118//4027 2117//4027 2119//4027 
f 2118//4028 2094//4028 2109//4028 
f 2120//4029 2121//4029 2122//4029 
f 2120//4030 2118//4030 2121//4030 
f 2123//4031 2118//4031 2120//4031 
f 2124//4032 2118//4032 2123//4032 
f 2125//4033 2124//4033 2126//4033 
f 2127//4034 2124//4034 2125//4034 
f 2128//4035 2118//4035 2124//4035 
f 2128//4036 2124//4036 2127//4036 
f 2128//4037 2127//4037 2129//4037 
f 2130//4038 2128//4038 2131//4038 
f 2132//4039 2128//4039 2130//4039 
f 2133//4040 2132//4040 2134//4040 
f 2133//4041 2128//4041 2132//4041 
f 2135//4042 2128//4042 2133//4042 
f 2136//4043 2135//4043 2137//4043 
f 2138//4044 2135//4044 2136//4044 
f 2139//4045 2094//4045 2118//4045 
f 2139//4046 2140//4046 2141//4046 
f 2139//4047 2142//4047 2140//4047 
f 2139//4048 2138//4048 2142//4048 
f 2139//4049 2118//4049 2128//4049 
f 2139//4050 2128//4050 2135//4050 
f 2139//4051 2135//4051 2138//4051 
f 2143//4052 2144//4052 2145//4052 
f 2143//4053 2139//4053 2144//4053 
f 2146//4054 2147//4054 2148//4054 
f 2146//4055 2143//4055 2147//4055 
f 2146//4056 2139//4056 2143//4056 
f 2149//4057 2094//4057 2139//4057 
f 2149//4058 2139//4058 2146//4058 
f 2149//4059 2106//4059 2094//4059 
f 2150//4060 2149//4060 2151//4060 
f 2150//4061 2106//4061 2149//4061 
f 2152//4062 2153//4062 2106//4062 
f 2154//4063 2152//4063 2106//4063 
f 2155//4064 2156//4064 2154//4064 
f 2157//4065 2155//4065 2154//4065 
f 2157//4066 2158//4066 2155//4066 
f 2157//4067 2159//4067 2158//4067 
f 2160//4068 2161//4068 2157//4068 
f 2160//4069 2162//4069 2161//4069 
f 2163//4070 2160//4070 2157//4070 
f 2164//4071 2165//4071 2163//4071 
f 2166//4072 2164//4072 2163//4072 
f 2167//4073 2166//4073 2163//4073 
f 2168//4074 2169//4074 2170//4074 
f 2171//4075 2157//4075 2154//4075 
f 2171//4076 2163//4076 2157//4076 
f 2171//4077 2167//4077 2163//4077 
f 2171//4078 2170//4078 2167//4078 
f 2171//4079 2168//4079 2170//4079 
f 2172//4080 2173//4080 2171//4080 
f 2172//4081 2174//4081 2173//4081 
f 2175//4082 2172//4082 2171//4082 
f 2176//4083 2177//4083 2175//4083 
f 2176//4084 2175//4084 2171//4084 
f 2176//4085 2171//4085 2154//4085 
f 2178//4086 2176//4086 2154//4086 
f 2179//4087 2180//4087 2178//4087 
f 2179//4088 2181//4088 2180//4088 
f 2182//4089 2183//4089 2179//4089 
f 2182//4090 2184//4090 2183//4090 
f 2182//4091 2185//4091 2184//4091 
f 2182//4092 2179//4092 2178//4092 
f 2186//4093 2182//4093 2178//4093 
f 2187//4094 2188//4094 2186//4094 
f 2189//4095 2187//4095 2186//4095 
f 2190//4096 2191//4096 2189//4096 
f 2190//4097 2192//4097 2191//4097 
f 2190//4098 2189//4098 2186//4098 
f 2193//4099 2194//4099 2190//4099 
f 2193//4100 2195//4100 2194//4100 
f 2193//4101 2196//4101 2195//4101 
f 2197//4102 2106//4102 2150//4102 
f 2197//4103 2154//4103 2106//4103 
f 2197//4104 2178//4104 2154//4104 
f 2197//4105 2186//4105 2178//4105 
f 2198//4106 2199//4106 2193//4106 
f 2200//4107 2193//4107 2190//4107 
f 2200//4108 2198//4108 2193//4108 
f 2201//4109 2197//4109 2202//4109 
f 2203//4110 2204//4110 2200//4110 
f 2203//4111 2200//4111 2190//4111 
f 2205//4112 2197//4112 2201//4112 
f 2205//4113 2201//4113 2206//4113 
f 2207//4114 2208//4114 2203//4114 
f 2209//4115 2207//4115 2203//4115 
f 2210//4116 2211//4116 2212//4116 
f 2210//4117 2205//4117 2211//4117 
f 2213//4118 2209//4118 2203//4118 
f 2213//4119 2214//4119 2209//4119 
f 2215//4120 2205//4120 2210//4120 
f 2215//4121 2210//4121 2216//4121 
f 2217//4122 2205//4122 2215//4122 
f 2217//4123 2197//4123 2205//4123 
f 2218//4124 2213//4124 2203//4124 
f 2218//4125 2219//4125 2213//4125 
f 2218//4126 2203//4126 2190//4126 
f 2220//4127 2197//4127 2217//4127 
f 2221//4128 2222//4128 2218//4128 
f 2221//4129 2223//4129 2222//4129 
f 2224//4130 2225//4130 2226//4130 
f 2227//4131 2221//4131 2218//4131 
f 2227//4132 2228//4132 2221//4132 
f 2229//4133 2224//4133 2230//4133 
f 2231//4134 2197//4134 2220//4134 
f 2231//4135 2225//4135 2224//4135 
f 2231//4136 2224//4136 2229//4136 
f 2231//4137 2220//4137 2225//4137 
f 2232//4138 2227//4138 2218//4138 
f 2232//4139 2233//4139 2227//4139 
f 2234//4140 2232//4140 2218//4140 
f 2235//4141 2218//4141 2190//4141 
f 2235//4142 2190//4142 2186//4142 
f 2235//4143 2197//4143 2231//4143 
f 2235//4144 2186//4144 2197//4144 
f 2235//4145 2236//4145 2237//4145 
f 2235//4146 2231//4146 2236//4146 
f 2238//4147 2239//4147 2234//4147 
f 2240//4148 2234//4148 2218//4148 
f 2240//4149 2218//4149 2235//4149 
f 2240//4150 2238//4150 2234//4150 
f 2241//4151 2150//4151 2151//4151 
f 2242//4152 2151//4152 2149//4152 
f 2242//4153 2241//4153 2151//4153 
f 2243//4154 2242//4154 2149//4154 
f 2244//4155 2149//4155 2146//4155 
f 2244//4156 2146//4156 2148//4156 
f 2244//4157 2243//4157 2149//4157 
f 2245//4158 2244//4158 2148//4158 
f 2245//4159 2148//4159 2147//4159 
f 2246//4160 2245//4160 2147//4160 
f 2247//4161 2147//4161 2143//4161 
f 2247//4162 2246//4162 2147//4162 
f 2248//4163 2143//4163 2145//4163 
f 2248//4164 2247//4164 2143//4164 
f 2249//4165 2145//4165 2144//4165 
f 2249//4166 2248//4166 2145//4166 
f 2250//4167 2144//4167 2139//4167 
f 2250//4168 2249//4168 2144//4168 
f 2251//4169 2139//4169 2141//4169 
f 2251//4170 2250//4170 2139//4170 
f 2252//4171 2141//4171 2140//4171 
f 2252//4172 2140//4172 2142//4172 
f 2252//4173 2251//4173 2141//4173 
f 2253//4174 2252//4174 2142//4174 
f 2254//4175 2142//4175 2138//4175 
f 2254//4176 2253//4176 2142//4176 
f 2255//4177 2138//4177 2136//4177 
f 2255//4178 2254//4178 2138//4178 
f 2256//4179 2136//4179 2137//4179 
f 2256//4180 2255//4180 2136//4180 
f 2257//4181 2137//4181 2135//4181 
f 2257//4182 2256//4182 2137//4182 
f 2258//4183 2135//4183 2133//4183 
f 2258//4184 2257//4184 2135//4184 
f 2259//4185 2133//4185 2134//4185 
f 2259//4186 2134//4186 2132//4186 
f 2259//4187 2258//4187 2133//4187 
f 2260//4188 2259//4188 2132//4188 
f 2261//4189 2132//4189 2130//4189 
f 2261//4190 2260//4190 2132//4190 
f 2262//4191 2130//4191 2131//4191 
f 2262//4192 2131//4192 2128//4192 
f 2262//4193 2261//4193 2130//4193 
f 2263//4194 2262//4194 2128//4194 
f 2264//4195 2128//4195 2129//4195 
f 2264//4196 2263//4196 2128//4196 
f 2265//4197 2129//4197 2127//4197 
f 2265//4198 2264//4198 2129//4198 
f 2266//4199 2127//4199 2125//4199 
f 2266//4200 2265//4200 2127//4200 
f 2267//4201 2125//4201 2126//4201 
f 2267//4202 2126//4202 2124//4202 
f 2267//4203 2266//4203 2125//4203 
f 2268//4204 2267//4204 2124//4204 
f 2269//4205 2124//4205 2123//4205 
f 2269//4206 2268//4206 2124//4206 
f 2270//4207 2123//4207 2120//4207 
f 2270//4208 2269//4208 2123//4208 
f 2271//4209 2270//4209 2120//4209 
f 2271//4210 2120//4210 2122//4210 
f 2272//4211 2271//4211 2122//4211 
f 2272//4212 2122//4212 2121//4212 
f 2272//4213 2121//4213 2118//4213 
f 2273//4214 2272//4214 2118//4214 
f 2274//4215 2273//4215 2118//4215 
f 2274//4216 2118//4216 2119//4216 
f 2275//4217 2274//4217 2119//4217 
f 2275//4218 2119//4218 2117//4218 
f 2276//4219 2275//4219 2117//4219 
f 2276//4220 2117//4220 2116//4220 
f 2277//4221 2276//4221 2116//4221 
f 2277//4222 2116//4222 2115//4222 
f 2278//4223 2277//4223 2115//4223 
f 2278//4224 2115//4224 2113//4224 
f 2278//4225 2113//4225 2114//4225 
f 2279//4226 2278//4226 2114//4226 
f 2280//4227 2279//4227 2114//4227 
f 2280//4228 2114//4228 2110//4228 
f 2281//4229 2110//4229 2112//4229 
f 2281//4230 2280//4230 2110//4230 
f 2282//4231 2112//4231 2111//4231 
f 2282//4232 2281//4232 2112//4232 
f 2283//4233 2111//4233 2109//4233 
f 2283//4234 2282//4234 2111//4234 
f 2284//4235 2109//4235 2108//4235 
f 2284//4236 2283//4236 2109//4236 
f 2285//4237 2108//4237 2107//4237 
f 2285//4238 2284//4238 2108//4238 
f 2286//4239 2107//4239 2104//4239 
f 2286//4240 2285//4240 2107//4240 
f 2287//4241 2104//4241 2105//4241 
f 2287//4242 2286//4242 2104//4242 
f 2288//4243 2105//4243 2098//4243 
f 2288//4244 2287//4244 2105//4244 
f 2289//4245 2098//4245 2100//4245 
f 2289//4246 2288//4246 2098//4246 
f 2290//4247 2100//4247 2099//4247 
f 2290//4248 2289//4248 2100//4248 
f 2291//4249 2099//4249 2094//4249 
f 2291//4250 2094//4250 2095//4250 
f 2291//4251 2290//4251 2099//4251 
f 2292//4252 2291//4252 2095//4252 
f 2293//4253 2095//4253 2086//4253 
f 2293//4254 2292//4254 2095//4254 
f 2294//4255 2086//4255 2088//4255 
f 2294//4256 2293//4256 2086//4256 
f 2295//4257 2088//4257 2087//4257 
f 2295//4258 2294//4258 2088//4258 
f 2296//4259 2295//4259 2087//4259 
f 2296//4260 2087//4260 2085//4260 
f 2297//4261 2296//4261 2085//4261 
f 2297//4262 2085//4262 2078//4262 
f 2298//4263 2297//4263 2078//4263 
f 2298//4264 2078//4264 2080//4264 
f 2298//4265 2080//4265 2079//4265 
f 2299//4266 2298//4266 2079//4266 
f 2300//4267 2299//4267 2079//4267 
f 2300//4268 2079//4268 2081//4268 
f 2301//4269 2300//4269 2081//4269 
f 2301//4270 2081//4270 2073//4270 
f 2302//4271 2301//4271 2073//4271 
f 2302//4272 2073//4272 2075//4272 
f 2303//4273 2302//4273 2075//4273 
f 2303//4274 2075//4274 2074//4274 
f 2304//4275 2303//4275 2074//4275 
f 2304//4276 2074//4276 2068//4276 
f 2304//4277 2068//4277 2067//4277 
f 2305//4278 2304//4278 2067//4278 
f 2306//4279 2305//4279 2067//4279 
f 2306//4280 2067//4280 2069//4280 
f 2307//4281 2306//4281 2069//4281 
f 2307//4282 2069//4282 2070//4282 
f 2308//4283 2307//4283 2070//4283 
f 2308//4284 2070//4284 2063//4284 
f 2309//4285 2308//4285 2063//4285 
f 2309//4286 2063//4286 2062//4286 
f 2310//4287 2309//4287 2062//4287 
f 2310//4288 2062//4288 2064//4288 
f 2311//4289 2310//4289 2064//4289 
f 2311//4290 2064//4290 2065//4290 
f 2312//4291 2311//4291 2065//4291 
f 2312//4292 2065//4292 2061//4292 
f 2313//4293 2061//4293 2066//4293 
f 2313//4294 2312//4294 2061//4294 
f 2314//4295 2313//4295 2066//4295 
f 2314//4296 2066//4296 2072//4296 
f 2315//4297 2072//4297 2071//4297 
f 2315//4298 2314//4298 2072//4298 
f 2316//4299 2071//4299 2077//4299 
f 2316//4300 2315//4300 2071//4300 
f 2317//4301 2077//4301 2076//4301 
f 2317//4302 2316//4302 2077//4302 
f 2318//4303 2076//4303 2084//4303 
f 2318//4304 2317//4304 2076//4304 
f 2319//4305 2084//4305 2083//4305 
f 2319//4306 2083//4306 2082//4306 
f 2319//4307 2318//4307 2084//4307 
f 2320//4308 2319//4308 2082//4308 
f 2321//4309 2320//4309 2082//4309 
f 2321//4310 2082//4310 2093//4310 
f 2322//4311 2321//4311 2093//4311 
f 2322//4312 2093//4312 2091//4312 
f 2323//4313 2322//4313 2091//4313 
f 2323//4314 2091//4314 2090//4314 
f 2323//4315 2090//4315 2089//4315 
f 2324//4316 2323//4316 2089//4316 
f 2325//4317 2324//4317 2089//4317 
f 2325//4318 2089//4318 2092//4318 
f 2325//4319 2092//4319 2097//4319 
f 2326//4320 2325//4320 2097//4320 
f 2327//4321 2326//4321 2097//4321 
f 2327//4322 2097//4322 2096//4322 
f 2327//4323 2096//4323 2103//4323 
f 2328//4324 2327//4324 2103//4324 
f 2328//4325 2103//4325 2102//4325 
f 2329//4326 2328//4326 2102//4326 
f 2330//4327 2329//4327 2102//4327 
f 2330//4328 2102//4328 2101//4328 
f 2330//4329 2101//4329 2106//4329 
f 2331//4330 2330//4330 2106//4330 
f 2332//4331 2106//4331 2153//4331 
f 2332//4332 2153//4332 2152//4332 
f 2332//4333 2331//4333 2106//4333 
f 2333//4334 2152//4334 2154//4334 
f 2333//4335 2332//4335 2152//4335 
f 2334//4336 2333//4336 2154//4336 
f 2335//4337 2334//4337 2154//4337 
f 2335//4338 2154//4338 2156//4338 
f 2335//4339 2156//4339 2155//4339 
f 2336//4340 2155//4340 2158//4340 
f 2336//4341 2335//4341 2155//4341 
f 2337//4342 2336//4342 2158//4342 
f 2338//4343 2158//4343 2159//4343 
f 2338//4344 2337//4344 2158//4344 
f 2339//4345 2159//4345 2157//4345 
f 2339//4346 2338//4346 2159//4346 
f 2340//4347 2157//4347 2161//4347 
f 2340//4348 2339//4348 2157//4348 
f 2341//4349 2161//4349 2162//4349 
f 2341//4350 2340//4350 2161//4350 
f 2342//4351 2162//4351 2160//4351 
f 2342//4352 2341//4352 2162//4352 
f 2343//4353 2160//4353 2163//4353 
f 2343//4354 2342//4354 2160//4354 
f 2344//4355 2163//4355 2165//4355 
f 2344//4356 2343//4356 2163//4356 
f 2345//4357 2165//4357 2164//4357 
f 2345//4358 2164//4358 2166//4358 
f 2345//4359 2344//4359 2165//4359 
f 2346//4360 2345//4360 2166//4360 
f 2347//4361 2166//4361 2167//4361 
f 2347//4362 2346//4362 2166//4362 
f 2348//4363 2167//4363 2170//4363 
f 2348//4364 2347//4364 2167//4364 
f 2349//4365 2170//4365 2169//4365 
f 2349//4366 2348//4366 2170//4366 
f 2350//4367 2169//4367 2168//4367 
f 2350//4368 2349//4368 2169//4368 
f 2351//4369 2168//4369 2171//4369 
f 2351//4370 2350//4370 2168//4370 
f 2352//4371 2171//4371 2173//4371 
f 2352//4372 2351//4372 2171//4372 
f 2353//4373 2173//4373 2174//4373 
f 2353//4374 2352//4374 2173//4374 
f 2354//4375 2174//4375 2172//4375 
f 2354//4376 2353//4376 2174//4376 
f 2355//4377 2172//4377 2175//4377 
f 2355//4378 2354//4378 2172//4378 
f 2356//4379 2175//4379 2177//4379 
f 2356//4380 2355//4380 2175//4380 
f 2357//4381 2177//4381 2176//4381 
f 2357//4382 2356//4382 2177//4382 
f 2358//4383 2176//4383 2178//4383 
f 2358//4384 2357//4384 2176//4384 
f 2359//4385 2178//4385 2180//4385 
f 2359//4386 2358//4386 2178//4386 
f 2360//4387 2180//4387 2181//4387 
f 2360//4388 2181//4388 2179//4388 
f 2360//4389 2359//4389 2180//4389 
f 2361//4390 2360//4390 2179//4390 
f 2362//4391 2361//4391 2179//4391 
f 2362//4392 2179//4392 2183//4392 
f 2363//4393 2362//4393 2183//4393 
f 2363//4394 2183//4394 2184//4394 
f 2364//4395 2363//4395 2184//4395 
f 2364//4396 2184//4396 2185//4396 
f 2364//4397 2185//4397 2182//4397 
f 2365//4398 2364//4398 2182//4398 
f 2365//4399 2182//4399 2186//4399 
f 2366//4400 2365//4400 2186//4400 
f 2366//4401 2186//4401 2188//4401 
f 2367//4402 2366//4402 2188//4402 
f 2368//4403 2367//4403 2188//4403 
f 2368//4404 2188//4404 2187//4404 
f 2369//4405 2368//4405 2187//4405 
f 2369//4406 2187//4406 2189//4406 
f 2369//4407 2189//4407 2191//4407 
f 2370//4408 2369//4408 2191//4408 
f 2370//4409 2191//4409 2192//4409 
f 2371//4410 2192//4410 2190//4410 
f 2371//4411 2370//4411 2192//4411 
f 2372//4412 2371//4412 2190//4412 
f 2373//4413 2190//4413 2194//4413 
f 2373//4414 2372//4414 2190//4414 
f 2374//4415 2194//4415 2195//4415 
f 2374//4416 2373//4416 2194//4416 
f 2375//4417 2195//4417 2196//4417 
f 2375//4418 2374//4418 2195//4418 
f 2376//4419 2196//4419 2193//4419 
f 2376//4420 2375//4420 2196//4420 
f 2377//4421 2193//4421 2199//4421 
f 2377//4422 2376//4422 2193//4422 
f 2378//4423 2199//4423 2198//4423 
f 2378//4424 2377//4424 2199//4424 
f 2379//4425 2198//4425 2200//4425 
f 2379//4426 2378//4426 2198//4426 
f 2380//4427 2200//4427 2204//4427 
f 2380//4428 2379//4428 2200//4428 
f 2381//4429 2204//4429 2203//4429 
f 2381//4430 2380//4430 2204//4430 
f 2382//4431 2203//4431 2208//4431 
f 2382//4432 2208//4432 2207//4432 
f 2382//4433 2381//4433 2203//4433 
f 2383//4434 2382//4434 2207//4434 
f 2384//4435 2207//4435 2209//4435 
f 2384//4436 2383//4436 2207//4436 
f 2385//4437 2209//4437 2214//4437 
f 2385//4438 2384//4438 2209//4438 
f 2386//4439 2385//4439 2214//4439 
f 2386//4440 2214//4440 2213//4440 
f 2387//4441 2386//4441 2213//4441 
f 2387//4442 2213//4442 2219//4442 
f 2388//4443 2387//4443 2219//4443 
f 2388//4444 2219//4444 2218//4444 
f 2389//4445 2388//4445 2218//4445 
f 2389//4446 2218//4446 2222//4446 
f 2390//4447 2389//4447 2222//4447 
f 2390//4448 2222//4448 2223//4448 
f 2391//4449 2390//4449 2223//4449 
f 2391//4450 2223//4450 2221//4450 
f 2392//4451 2391//4451 2221//4451 
f 2392//4452 2221//4452 2228//4452 
f 2393//4453 2392//4453 2228//4453 
f 2393//4454 2228//4454 2227//4454 
f 2394//4455 2393//4455 2227//4455 
f 2394//4456 2227//4456 2233//4456 
f 2395//4457 2394//4457 2233//4457 
f 2395//4458 2233//4458 2232//4458 
f 2396//4459 2395//4459 2232//4459 
f 2396//4460 2232//4460 2234//4460 
f 2396//4461 2234//4461 2239//4461 
f 2397//4462 2239//4462 2238//4462 
f 2397//4463 2396//4463 2239//4463 
f 2398//4464 2397//4464 2238//4464 
f 2399//4465 2398//4465 2238//4465 
f 2399//4466 2238//4466 2240//4466 
f 2400//4467 2399//4467 2240//4467 
f 2400//4468 2240//4468 2235//4468 
f 2401//4469 2400//4469 2235//4469 
f 2401//4470 2235//4470 2237//4470 
f 2402//4471 2401//4471 2237//4471 
f 2402//4472 2237//4472 2236//4472 
f 2403//4473 2236//4473 2231//4473 
f 2403//4474 2402//4474 2236//4474 
f 2404//4475 2403//4475 2231//4475 
f 2404//4476 2231//4476 2229//4476 
f 2405//4477 2229//4477 2230//4477 
f 2405//4478 2404//4478 2229//4478 
f 2406//4479 2230//4479 2224//4479 
f 2406//4480 2405//4480 2230//4480 
f 2407//4481 2224//4481 2226//4481 
f 2407//4482 2226//4482 2225//4482 
f 2407//4483 2406//4483 2224//4483 
f 2408//4484 2407//4484 2225//4484 
f 2409//4485 2225//4485 2220//4485 
f 2409//4486 2408//4486 2225//4486 
f 2410//4487 2220//4487 2217//4487 
f 2410//4488 2217//4488 2215//4488 
f 2410//4489 2409//4489 2220//4489 
f 2411//4490 2410//4490 2215//4490 
f 2412//4491 2411//4491 2215//4491 
f 2412//4492 2215//4492 2216//4492 
f 2413//4493 2412//4493 2216//4493 
f 2413//4494 2216//4494 2210//4494 
f 2413//4495 2210//4495 2212//4495 
f 2414//4496 2413//4496 2212//4496 
f 2415//4497 2414//4497 2212//4497 
f 2415//4498 2212//4498 2211//4498 
f 2416//4499 2415//4499 2211//4499 
f 2416//4500 2211//4500 2205//4500 
f 2417//4501 2416//4501 2205//4501 
f 2417//4502 2205//4502 2206//4502 
f 2418//4503 2417//4503 2206//4503 
f 2418//4504 2206//4504 2201//4504 
f 2418//4505 2201//4505 2202//4505 
f 2419//4506 2418//4506 2202//4506 
f 2420//4507 2419//4507 2202//4507 
f 2420//4508 2202//4508 2197//4508 
f 2241//4509 2420//4509 2197//4509 
f 2241//4510 2197//4510 2150//4510 
f 2308//4511 2421//4511 2307//4511 
f 2309//4512 2421//4512 2308//4512 
f 2310//4513 2421//4513 2309//4513 
f 2306//4514 2422//4514 2305//4514 
f 2307//4515 2422//4515 2306//4515 
f 2421//4516 2422//4516 2307//4516 
f 2311//4517 2423//4517 2310//4517 
f 2312//4518 2423//4518 2311//4518 
f 2310//4519 2423//4519 2421//4519 
f 2422//4520 2424//4520 2305//4520 
f 2304//4521 2424//4521 2303//4521 
f 2305//4522 2424//4522 2304//4522 
f 2303//4523 2424//4523 2302//4523 
f 2312//4524 2425//4524 2423//4524 
f 2313//4525 2425//4525 2312//4525 
f 2314//4526 2425//4526 2313//4526 
f 2315//4527 2425//4527 2314//4527 
f 2316//4528 2426//4528 2315//4528 
f 2317//4529 2426//4529 2316//4529 
f 2315//4530 2426//4530 2425//4530 
f 2424//4531 2427//4531 2302//4531 
f 2301//4532 2427//4532 2300//4532 
f 2302//4533 2427//4533 2301//4533 
f 2318//4534 2428//4534 2317//4534 
f 2319//4535 2428//4535 2318//4535 
f 2320//4536 2428//4536 2319//4536 
f 2317//4537 2428//4537 2426//4537 
f 2427//4538 2429//4538 2300//4538 
f 2298//4539 2429//4539 2297//4539 
f 2299//4540 2429//4540 2298//4540 
f 2300//4541 2429//4541 2299//4541 
f 2321//4542 2430//4542 2320//4542 
f 2322//4543 2430//4543 2321//4543 
f 2320//4544 2430//4544 2428//4544 
f 2429//4545 2431//4545 2297//4545 
f 2296//4546 2431//4546 2295//4546 
f 2297//4547 2431//4547 2296//4547 
f 2322//4548 2432//4548 2430//4548 
f 2323//4549 2432//4549 2322//4549 
f 2324//4550 2432//4550 2323//4550 
f 2325//4551 2432//4551 2324//4551 
f 2431//4552 2433//4552 2295//4552 
f 2293//4553 2433//4553 2292//4553 
f 2294//4554 2433//4554 2293//4554 
f 2295//4555 2433//4555 2294//4555 
f 2325//4556 2434//4556 2432//4556 
f 2326//4557 2434//4557 2325//4557 
f 2327//4558 2434//4558 2326//4558 
f 2433//4559 2435//4559 2292//4559 
f 2291//4560 2435//4560 2290//4560 
f 2292//4561 2435//4561 2291//4561 
f 2328//4562 2436//4562 2327//4562 
f 2329//4563 2436//4563 2328//4563 
f 2330//4564 2436//4564 2329//4564 
f 2327//4565 2436//4565 2434//4565 
f 2288//4566 2437//4566 2287//4566 
f 2289//4567 2437//4567 2288//4567 
f 2290//4568 2437//4568 2289//4568 
f 2435//4569 2437//4569 2290//4569 
f 2331//4570 2438//4570 2330//4570 
f 2330//4571 2438//4571 2436//4571 
f 2437//4572 2439//4572 2287//4572 
f 2286//4573 2439//4573 2285//4573 
f 2287//4574 2439//4574 2286//4574 
f 2283//4575 2440//4575 2282//4575 
f 2284//4576 2440//4576 2283//4576 
f 2285//4577 2440//4577 2284//4577 
f 2439//4578 2440//4578 2285//4578 
f 2440//4579 2441//4579 2282//4579 
f 2281//4580 2441//4580 2280//4580 
f 2282//4581 2441//4581 2281//4581 
f 2441//4582 2442//4582 2280//4582 
f 2278//4583 2442//4583 2277//4583 
f 2279//4584 2442//4584 2278//4584 
f 2280//4585 2442//4585 2279//4585 
f 2276//4586 2443//4586 2275//4586 
f 2277//4587 2443//4587 2276//4587 
f 2442//4588 2443//4588 2277//4588 
f 2443//4589 2444//4589 2275//4589 
f 2273//4590 2444//4590 2272//4590 
f 2274//4591 2444//4591 2273//4591 
f 2275//4592 2444//4592 2274//4592 
f 2444//4593 2445//4593 2272//4593 
f 2271//4594 2445//4594 2270//4594 
f 2272//4595 2445//4595 2271//4595 
f 2445//4596 2446//4596 2270//4596 
f 2268//4597 2446//4597 2267//4597 
f 2269//4598 2446//4598 2268//4598 
f 2270//4599 2446//4599 2269//4599 
f 2266//4600 2447//4600 2265//4600 
f 2267//4601 2447//4601 2266//4601 
f 2446//4602 2447//4602 2267//4602 
f 2447//4603 2448//4603 2265//4603 
f 2265//4604 2448//4604 2264//4604 
f 2448//4605 2263//4605 2264//4605 
f 2448//4606 2262//4606 2263//4606 
f 2449//4607 2262//4607 2448//4607 
f 2449//4608 2261//4608 2262//4608 
f 2450//4609 2260//4609 2449//4609 
f 2449//4610 2260//4610 2261//4610 
f 2450//4611 2259//4611 2260//4611 
f 2450//4612 2258//4612 2259//4612 
f 2451//4613 2257//4613 2450//4613 
f 2450//4614 2257//4614 2258//4614 
f 2451//4615 2256//4615 2257//4615 
f 2452//4616 2255//4616 2451//4616 
f 2451//4617 2255//4617 2256//4617 
f 2452//4618 2254//4618 2255//4618 
f 2452//4619 2253//4619 2254//4619 
f 2453//4620 2252//4620 2452//4620 
f 2452//4621 2252//4621 2253//4621 
f 2453//4622 2251//4622 2252//4622 
f 2454//4623 2250//4623 2453//4623 
f 2453//4624 2250//4624 2251//4624 
f 2454//4625 2249//4625 2250//4625 
f 2454//4626 2248//4626 2249//4626 
f 2455//4627 2247//4627 2454//4627 
f 2454//4628 2247//4628 2248//4628 
f 2455//4629 2246//4629 2247//4629 
f 2456//4630 2245//4630 2455//4630 
f 2455//4631 2245//4631 2246//4631 
f 2456//4632 2244//4632 2245//4632 
f 2456//4633 2243//4633 2244//4633 
f 2457//4634 2242//4634 2456//4634 
f 2456//4635 2242//4635 2243//4635 
f 2457//4636 2241//4636 2242//4636 
f 2332//4637 2438//4637 2331//4637 
f 2333//4638 2458//4638 2332//4638 
f 2334//4639 2458//4639 2333//4639 
f 2335//4640 2458//4640 2334//4640 
f 2332//4641 2458//4641 2438//4641 
f 2335//4642 2459//4642 2458//4642 
f 2336//4643 2459//4643 2335//4643 
f 2337//4644 2459//4644 2336//4644 
f 2338//4645 2460//4645 2337//4645 
f 2339//4646 2460//4646 2338//4646 
f 2340//4647 2460//4647 2339//4647 
f 2337//4648 2460//4648 2459//4648 
f 2340//4649 2461//4649 2460//4649 
f 2341//4650 2461//4650 2340//4650 
f 2342//4651 2461//4651 2341//4651 
f 2343//4652 2462//4652 2342//4652 
f 2342//4653 2462//4653 2461//4653 
f 2344//4654 2462//4654 2343//4654 
f 2345//4655 2462//4655 2344//4655 
f 2346//4656 2463//4656 2345//4656 
f 2347//4657 2463//4657 2346//4657 
f 2345//4658 2463//4658 2462//4658 
f 2348//4659 2464//4659 2347//4659 
f 2349//4660 2464//4660 2348//4660 
f 2350//4661 2464//4661 2349//4661 
f 2347//4662 2464//4662 2463//4662 
f 2350//4663 2465//4663 2464//4663 
f 2351//4664 2465//4664 2350//4664 
f 2352//4665 2465//4665 2351//4665 
f 2353//4666 2466//4666 2352//4666 
f 2352//4667 2466//4667 2465//4667 
f 2353//4668 2354//4668 2466//4668 
f 2466//4669 2355//4669 2467//4669 
f 2354//4670 2355//4670 2466//4670 
f 2355//4671 2356//4671 2467//4671 
f 2467//4672 2357//4672 2468//4672 
f 2356//4673 2357//4673 2467//4673 
f 2357//4674 2358//4674 2468//4674 
f 2358//4675 2359//4675 2468//4675 
f 2468//4676 2360//4676 2469//4676 
f 2359//4677 2360//4677 2468//4677 
f 2360//4678 2361//4678 2469//4678 
f 2469//4679 2362//4679 2470//4679 
f 2361//4680 2362//4680 2469//4680 
f 2362//4681 2363//4681 2470//4681 
f 2363//4682 2364//4682 2470//4682 
f 2470//4683 2365//4683 2471//4683 
f 2364//4684 2365//4684 2470//4684 
f 2365//4685 2366//4685 2471//4685 
f 2471//4686 2367//4686 2472//4686 
f 2366//4687 2367//4687 2471//4687 
f 2367//4688 2368//4688 2472//4688 
f 2368//4689 2369//4689 2472//4689 
f 2472//4690 2370//4690 2473//4690 
f 2369//4691 2370//4691 2472//4691 
f 2370//4692 2371//4692 2473//4692 
f 2473//4693 2372//4693 2474//4693 
f 2371//4694 2372//4694 2473//4694 
f 2372//4695 2373//4695 2474//4695 
f 2373//4696 2374//4696 2474//4696 
f 2474//4697 2375//4697 2475//4697 
f 2374//4698 2375//4698 2474//4698 
f 2375//4699 2376//4699 2475//4699 
f 2475//4700 2377//4700 2476//4700 
f 2376//4701 2377//4701 2475//4701 
f 2477//4702 2420//4702 2457//4702 
f 2457//4703 2420//4703 2241//4703 
f 2377//4704 2378//4704 2476//4704 
f 2477//4705 2419//4705 2420//4705 
f 2378//4706 2379//4706 2476//4706 
f 2477//4707 2418//4707 2419//4707 
f 2379//4708 2380//4708 2476//4708 
f 2476//4709 2380//4709 2478//4709 
f 2479//4710 2417//4710 2477//4710 
f 2477//4711 2417//4711 2418//4711 
f 2380//4712 2381//4712 2478//4712 
f 2479//4713 2416//4713 2417//4713 
f 2381//4714 2382//4714 2478//4714 
f 2478//4715 2382//4715 2480//4715 
f 2481//4716 2415//4716 2479//4716 
f 2479//4717 2415//4717 2416//4717 
f 2382//4718 2383//4718 2480//4718 
f 2481//4719 2414//4719 2415//4719 
f 2383//4720 2384//4720 2480//4720 
f 2481//4721 2413//4721 2414//4721 
f 2384//4722 2385//4722 2480//4722 
f 2480//4723 2385//4723 2482//4723 
f 2481//4724 2412//4724 2413//4724 
f 2483//4725 2412//4725 2481//4725 
f 2385//4726 2386//4726 2482//4726 
f 2483//4727 2411//4727 2412//4727 
f 2482//4728 2387//4728 2484//4728 
f 2386//4729 2387//4729 2482//4729 
f 2485//4730 2410//4730 2483//4730 
f 2483//4731 2410//4731 2411//4731 
f 2387//4732 2388//4732 2484//4732 
f 2485//4733 2409//4733 2410//4733 
f 2388//4734 2389//4734 2484//4734 
f 2485//4735 2408//4735 2409//4735 
f 2484//4736 2390//4736 2486//4736 
f 2389//4737 2390//4737 2484//4737 
f 2487//4738 2407//4738 2485//4738 
f 2485//4739 2407//4739 2408//4739 
f 2390//4740 2391//4740 2486//4740 
f 2487//4741 2406//4741 2407//4741 
f 2486//4742 2392//4742 2488//4742 
f 2391//4743 2392//4743 2486//4743 
f 2489//4744 2405//4744 2487//4744 
f 2487//4745 2405//4745 2406//4745 
f 2392//4746 2393//4746 2488//4746 
f 2489//4747 2404//4747 2405//4747 
f 2393//4748 2394//4748 2488//4748 
f 2489//4749 2403//4749 2404//4749 
f 2488//4750 2395//4750 2490//4750 
f 2394//4751 2395//4751 2488//4751 
f 2491//4752 2402//4752 2489//4752 
f 2489//4753 2402//4753 2403//4753 
f 2395//4754 2396//4754 2490//4754 
f 2491//4755 2401//4755 2402//4755 
f 2490//4756 2397//4756 2492//4756 
f 2396//4757 2397//4757 2490//4757 
f 2492//4758 2400//4758 2491//4758 
f 2491//4759 2400//4759 2401//4759 
f 2397//4760 2398//4760 2492//4760 
f 2492//4761 2399//4761 2400//4761 
f 2398//4762 2399//4762 2492//4762 
f 2493//4763 2457//4763 2456//4763 
f 2494//4764 2493//4764 2456//4764 
f 2495//4765 2456//4765 2455//4765 
f 2495//4766 2494//4766 2456//4766 
f 2496//4767 2455//4767 2454//4767 
f 2496//4768 2454//4768 2453//4768 
f 2496//4769 2495//4769 2455//4769 
f 2497//4770 2496//4770 2453//4770 
f 2498//4771 2453//4771 2452//4771 
f 2498//4772 2452//4772 2451//4772 
f 2498//4773 2497//4773 2453//4773 
f 2499//4774 2498//4774 2451//4774 
f 2500//4775 2499//4775 2451//4775 
f 2500//4776 2451//4776 2450//4776 
f 2500//4777 2450//4777 2449//4777 
f 2501//4778 2500//4778 2449//4778 
f 2502//4779 2501//4779 2449//4779 
f 2502//4780 2449//4780 2448//4780 
f 2503//4781 2448//4781 2447//4781 
f 2503//4782 2502//4782 2448//4782 
f 2504//4783 2447//4783 2446//4783 
f 2504//4784 2446//4784 2445//4784 
f 2504//4785 2503//4785 2447//4785 
f 2505//4786 2445//4786 2444//4786 
f 2505//4787 2504//4787 2445//4787 
f 2506//4788 2505//4788 2444//4788 
f 2507//4789 2444//4789 2443//4789 
f 2507//4790 2443//4790 2442//4790 
f 2507//4791 2506//4791 2444//4791 
f 2508//4792 2442//4792 2441//4792 
f 2508//4793 2507//4793 2442//4793 
f 2509//4794 2508//4794 2441//4794 
f 2510//4795 2441//4795 2440//4795 
f 2510//4796 2509//4796 2441//4796 
f 2511//4797 2440//4797 2439//4797 
f 2511//4798 2439//4798 2437//4798 
f 2511//4799 2510//4799 2440//4799 
f 2512//4800 2511//4800 2437//4800 
f 2513//4801 2437//4801 2435//4801 
f 2513//4802 2435//4802 2433//4802 
f 2513//4803 2512//4803 2437//4803 
f 2514//4804 2433//4804 2431//4804 
f 2514//4805 2513//4805 2433//4805 
f 2515//4806 2514//4806 2431//4806 
f 2516//4807 2431//4807 2429//4807 
f 2516//4808 2515//4808 2431//4808 
f 2517//4809 2429//4809 2427//4809 
f 2517//4810 2516//4810 2429//4810 
f 2518//4811 2427//4811 2424//4811 
f 2518//4812 2517//4812 2427//4812 
f 2519//4813 2424//4813 2422//4813 
f 2519//4814 2422//4814 2421//4814 
f 2519//4815 2518//4815 2424//4815 
f 2520//4816 2519//4816 2421//4816 
f 2521//4817 2421//4817 2423//4817 
f 2521//4818 2423//4818 2425//4818 
f 2521//4819 2520//4819 2421//4819 
f 2522//4820 2425//4820 2426//4820 
f 2522//4821 2521//4821 2425//4821 
f 2523//4822 2522//4822 2426//4822 
f 2524//4823 2523//4823 2426//4823 
f 2524//4824 2426//4824 2428//4824 
f 2525//4825 2524//4825 2428//4825 
f 2525//4826 2428//4826 2430//4826 
f 2526//4827 2525//4827 2430//4827 
f 2526//4828 2430//4828 2432//4828 
f 2526//4829 2432//4829 2434//4829 
f 2527//4830 2434//4830 2436//4830 
f 2527//4831 2526//4831 2434//4831 
f 2528//4832 2527//4832 2436//4832 
f 2529//4833 2528//4833 2436//4833 
f 2529//4834 2436//4834 2438//4834 
f 2529//4835 2438//4835 2458//4835 
f 2530//4836 2529//4836 2458//4836 
f 2531//4837 2458//4837 2459//4837 
f 2531//4838 2530//4838 2458//4838 
f 2532//4839 2459//4839 2460//4839 
f 2532//4840 2460//4840 2461//4840 
f 2532//4841 2531//4841 2459//4841 
f 2533//4842 2461//4842 2462//4842 
f 2533//4843 2532//4843 2461//4843 
f 2534//4844 2533//4844 2462//4844 
f 2535//4845 2534//4845 2462//4845 
f 2535//4846 2462//4846 2463//4846 
f 2536//4847 2535//4847 2463//4847 
f 2536//4848 2463//4848 2464//4848 
f 2537//4849 2464//4849 2465//4849 
f 2537//4850 2465//4850 2466//4850 
f 2537//4851 2536//4851 2464//4851 
f 2538//4852 2537//4852 2466//4852 
f 2539//4853 2466//4853 2467//4853 
f 2539//4854 2467//4854 2468//4854 
f 2539//4855 2538//4855 2466//4855 
f 2540//4856 2539//4856 2468//4856 
f 2541//4857 2468//4857 2469//4857 
f 2541//4858 2469//4858 2470//4858 
f 2541//4859 2540//4859 2468//4859 
f 2542//4860 2470//4860 2471//4860 
f 2542//4861 2541//4861 2470//4861 
f 2543//4862 2542//4862 2471//4862 
f 2544//4863 2471//4863 2472//4863 
f 2544//4864 2543//4864 2471//4864 
f 2545//4865 2472//4865 2473//4865 
f 2545//4866 2544//4866 2472//4866 
f 2546//4867 2473//4867 2474//4867 
f 2546//4868 2474//4868 2475//4868 
f 2546//4869 2545//4869 2473//4869 
f 2547//4870 2546//4870 2475//4870 
f 2548//4871 2475//4871 2476//4871 
f 2548//4872 2476//4872 2478//4872 
f 2548//4873 2547//4873 2475//4873 
f 2549//4874 2548//4874 2478//4874 
f 2550//4875 2478//4875 2480//4875 
f 2550//4876 2480//4876 2482//4876 
f 2550//4877 2549//4877 2478//4877 
f 2551//4878 2482//4878 2484//4878 
f 2551//4879 2550//4879 2482//4879 
f 2552//4880 2551//4880 2484//4880 
f 2553//4881 2484//4881 2486//4881 
f 2553//4882 2486//4882 2488//4882 
f 2553//4883 2552//4883 2484//4883 
f 2554//4884 2488//4884 2490//4884 
f 2554//4885 2553//4885 2488//4885 
f 2555//4886 2490//4886 2492//4886 
f 2555//4887 2554//4887 2490//4887 
f 2556//4888 2492//4888 2491//4888 
f 2556//4889 2555//4889 2492//4889 
f 2557//4890 2491//4890 2489//4890 
f 2557//4891 2556//4891 2491//4891 
f 2558//4892 2557//4892 2489//4892 
f 2559//4893 2489//4893 2487//4893 
f 2559//4894 2558//4894 2489//4894 
f 2560//4895 2487//4895 2485//4895 
f 2560//4896 2485//4896 2483//4896 
f 2560//4897 2559//4897 2487//4897 
f 2561//4898 2560//4898 2483//4898 
f 2562//4899 2561//4899 2483//4899 
f 2562//4900 2483//4900 2481//4900 
f 2563//4901 2562//4901 2481//4901 
f 2563//4902 2481//4902 2479//4902 
f 2564//4903 2563//4903 2479//4903 
f 2564//4904 2479//4904 2477//4904 
f 2564//4905 2477//4905 2457//4905 
f 2493//4906 2564//4906 2457//4906 
f 2520//4907 2565//4907 2566//4907 
f 2520//4908 2567//4908 2565//4908 
f 2520//4909 2568//4909 2567//4909 
f 2519//4910 2569//4910 2570//4910 
f 2519//4911 2566//4911 2569//4911 
f 2519//4912 2520//4912 2566//4912 
f 2521//4913 2571//4913 2568//4913 
f 2521//4914 2572//4914 2571//4914 
f 2521//4915 2568//4915 2520//4915 
f 2518//4916 2570//4916 2573//4916 
f 2518//4917 2519//4917 2570//4917 
f 2518//4918 2574//4918 2575//4918 
f 2518//4919 2573//4919 2574//4919 
f 2522//4920 2576//4920 2572//4920 
f 2522//4921 2577//4921 2576//4921 
f 2522//4922 2578//4922 2577//4922 
f 2522//4923 2572//4923 2521//4923 
f 2517//4924 2518//4924 2575//4924 
f 2517//4925 2579//4925 2580//4925 
f 2517//4926 2575//4926 2579//4926 
f 2523//4927 2581//4927 2578//4927 
f 2523//4928 2582//4928 2581//4928 
f 2523//4929 2578//4929 2522//4929 
f 2516//4930 2517//4930 2580//4930 
f 2516//4931 2583//4931 2584//4931 
f 2516//4932 2585//4932 2583//4932 
f 2516//4933 2580//4933 2585//4933 
f 2524//4934 2586//4934 2582//4934 
f 2524//4935 2587//4935 2586//4935 
f 2524//4936 2588//4936 2587//4936 
f 2524//4937 2582//4937 2523//4937 
f 2525//4938 2589//4938 2588//4938 
f 2525//4939 2590//4939 2589//4939 
f 2525//4940 2588//4940 2524//4940 
f 2515//4941 2516//4941 2584//4941 
f 2515//4942 2591//4942 2592//4942 
f 2515//4943 2584//4943 2591//4943 
f 2526//4944 2593//4944 2590//4944 
f 2526//4945 2594//4945 2593//4945 
f 2526//4946 2595//4946 2594//4946 
f 2526//4947 2590//4947 2525//4947 
f 2514//4948 2596//4948 2597//4948 
f 2514//4949 2598//4949 2596//4949 
f 2514//4950 2592//4950 2598//4950 
f 2514//4951 2515//4951 2592//4951 
f 2527//4952 2599//4952 2595//4952 
f 2527//4953 2600//4953 2599//4953 
f 2527//4954 2595//4954 2526//4954 
f 2513//4955 2514//4955 2597//4955 
f 2513//4956 2601//4956 2602//4956 
f 2513//4957 2597//4957 2601//4957 
f 2528//4958 2600//4958 2527//4958 
f 2528//4959 2603//4959 2600//4959 
f 2528//4960 2604//4960 2603//4960 
f 2528//4961 2605//4961 2604//4961 
f 2512//4962 2606//4962 2607//4962 
f 2512//4963 2608//4963 2606//4963 
f 2512//4964 2602//4964 2608//4964 
f 2512//4965 2513//4965 2602//4965 
f 2529//4966 2605//4966 2528//4966 
f 2529//4967 2609//4967 2605//4967 
f 2511//4968 2512//4968 2607//4968 
f 2511//4969 2610//4969 2611//4969 
f 2511//4970 2607//4970 2610//4970 
f 2510//4971 2612//4971 2613//4971 
f 2510//4972 2614//4972 2612//4972 
f 2510//4973 2611//4973 2614//4973 
f 2510//4974 2511//4974 2611//4974 
f 2509//4975 2510//4975 2613//4975 
f 2509//4976 2615//4976 2616//4976 
f 2509//4977 2613//4977 2615//4977 
f 2508//4978 2617//4978 2618//4978 
f 2508//4979 2619//4979 2617//4979 
f 2508//4980 2616//4980 2619//4980 
f 2508//4981 2509//4981 2616//4981 
f 2507//4982 2620//4982 2621//4982 
f 2507//4983 2618//4983 2620//4983 
f 2507//4984 2508//4984 2618//4984 
f 2506//4985 2507//4985 2621//4985 
f 2506//4986 2622//4986 2623//4986 
f 2506//4987 2624//4987 2622//4987 
f 2506//4988 2621//4988 2624//4988 
f 2505//4989 2506//4989 2623//4989 
f 2505//4990 2625//4990 2626//4990 
f 2505//4991 2623//4991 2625//4991 
f 2504//4992 2505//4992 2626//4992 
f 2504//4993 2627//4993 2628//4993 
f 2504//4994 2629//4994 2627//4994 
f 2504//4995 2626//4995 2629//4995 
f 2503//4996 2504//4996 2628//4996 
f 2503//4997 2630//4997 2631//4997 
f 2503//4998 2628//4998 2630//4998 
f 2502//4999 2503//4999 2631//4999 
f 2502//5000 2631//5000 2632//5000 
f 2633//5001 2502//5001 2632//5001 
f 2634//5002 2501//5002 2502//5002 
f 2634//5003 2502//5003 2633//5003 
f 2635//5004 2501//5004 2634//5004 
f 2636//5005 2500//5005 2501//5005 
f 2636//5006 2501//5006 2635//5006 
f 2637//5007 2500//5007 2636//5007 
f 2638//5008 2500//5008 2637//5008 
f 2639//5009 2499//5009 2500//5009 
f 2639//5010 2500//5010 2638//5010 
f 2640//5011 2499//5011 2639//5011 
f 2641//5012 2498//5012 2499//5012 
f 2641//5013 2499//5013 2640//5013 
f 2642//5014 2498//5014 2641//5014 
f 2643//5015 2498//5015 2642//5015 
f 2644//5016 2497//5016 2498//5016 
f 2644//5017 2498//5017 2643//5017 
f 2645//5018 2497//5018 2644//5018 
f 2646//5019 2496//5019 2497//5019 
f 2646//5020 2497//5020 2645//5020 
f 2647//5021 2496//5021 2646//5021 
f 2648//5022 2496//5022 2647//5022 
f 2649//5023 2495//5023 2496//5023 
f 2649//5024 2496//5024 2648//5024 
f 2650//5025 2495//5025 2649//5025 
f 2651//5026 2494//5026 2495//5026 
f 2651//5027 2495//5027 2650//5027 
f 2652//5028 2494//5028 2651//5028 
f 2653//5029 2494//5029 2652//5029 
f 2654//5030 2493//5030 2494//5030 
f 2654//5031 2494//5031 2653//5031 
f 2655//5032 2493//5032 2654//5032 
f 2529//5033 2656//5033 2609//5033 
f 2530//5034 2657//5034 2656//5034 
f 2530//5035 2658//5035 2657//5035 
f 2530//5036 2659//5036 2658//5036 
f 2530//5037 2656//5037 2529//5037 
f 2531//5038 2660//5038 2659//5038 
f 2531//5039 2659//5039 2530//5039 
f 2531//5040 2661//5040 2660//5040 
f 2532//5041 2662//5041 2661//5041 
f 2532//5042 2663//5042 2662//5042 
f 2532//5043 2664//5043 2663//5043 
f 2532//5044 2661//5044 2531//5044 
f 2533//5045 2665//5045 2664//5045 
f 2533//5046 2666//5046 2665//5046 
f 2533//5047 2664//5047 2532//5047 
f 2534//5048 2667//5048 2666//5048 
f 2534//5049 2668//5049 2667//5049 
f 2534//5050 2669//5050 2668//5050 
f 2534//5051 2666//5051 2533//5051 
f 2535//5052 2670//5052 2669//5052 
f 2535//5053 2671//5053 2670//5053 
f 2535//5054 2669//5054 2534//5054 
f 2536//5055 2671//5055 2535//5055 
f 2536//5056 2672//5056 2671//5056 
f 2536//5057 2673//5057 2672//5057 
f 2536//5058 2674//5058 2673//5058 
f 2537//5059 2675//5059 2674//5059 
f 2537//5060 2676//5060 2675//5060 
f 2537//5061 2674//5061 2536//5061 
f 2538//5062 2677//5062 2676//5062 
f 2538//5063 2676//5063 2537//5063 
f 2678//5064 2677//5064 2538//5064 
f 2679//5065 2538//5065 2539//5065 
f 2679//5066 2678//5066 2538//5066 
f 2680//5067 2679//5067 2539//5067 
f 2681//5068 2680//5068 2539//5068 
f 2681//5069 2539//5069 2540//5069 
f 2682//5070 2681//5070 2540//5070 
f 2683//5071 2682//5071 2540//5071 
f 2684//5072 2540//5072 2541//5072 
f 2684//5073 2683//5073 2540//5073 
f 2685//5074 2684//5074 2541//5074 
f 2686//5075 2541//5075 2542//5075 
f 2686//5076 2685//5076 2541//5076 
f 2687//5077 2686//5077 2542//5077 
f 2688//5078 2687//5078 2542//5078 
f 2689//5079 2542//5079 2543//5079 
f 2689//5080 2688//5080 2542//5080 
f 2690//5081 2689//5081 2543//5081 
f 2691//5082 2543//5082 2544//5082 
f 2691//5083 2690//5083 2543//5083 
f 2692//5084 2691//5084 2544//5084 
f 2693//5085 2692//5085 2544//5085 
f 2694//5086 2544//5086 2545//5086 
f 2694//5087 2693//5087 2544//5087 
f 2695//5088 2694//5088 2545//5088 
f 2696//5089 2545//5089 2546//5089 
f 2696//5090 2695//5090 2545//5090 
f 2697//5091 2696//5091 2546//5091 
f 2698//5092 2697//5092 2546//5092 
f 2699//5093 2546//5093 2547//5093 
f 2699//5094 2698//5094 2546//5094 
f 2700//5095 2699//5095 2547//5095 
f 2701//5096 2547//5096 2548//5096 
f 2701//5097 2700//5097 2547//5097 
f 2702//5098 2564//5098 2493//5098 
f 2702//5099 2493//5099 2655//5099 
f 2703//5100 2701//5100 2548//5100 
f 2704//5101 2564//5101 2702//5101 
f 2705//5102 2703//5102 2548//5102 
f 2706//5103 2564//5103 2704//5103 
f 2707//5104 2705//5104 2548//5104 
f 2707//5105 2548//5105 2549//5105 
f 2708//5106 2563//5106 2564//5106 
f 2708//5107 2564//5107 2706//5107 
f 2709//5108 2707//5108 2549//5108 
f 2710//5109 2563//5109 2708//5109 
f 2711//5110 2709//5110 2549//5110 
f 2711//5111 2549//5111 2550//5111 
f 2712//5112 2563//5112 2710//5112 
f 2712//5113 2562//5113 2563//5113 
f 2713//5114 2711//5114 2550//5114 
f 2714//5115 2562//5115 2712//5115 
f 2715//5116 2713//5116 2550//5116 
f 2716//5117 2562//5117 2714//5117 
f 2717//5118 2715//5118 2550//5118 
f 2717//5119 2550//5119 2551//5119 
f 2718//5120 2562//5120 2716//5120 
f 2718//5121 2561//5121 2562//5121 
f 2719//5122 2717//5122 2551//5122 
f 2720//5123 2561//5123 2718//5123 
f 2721//5124 2719//5124 2551//5124 
f 2721//5125 2551//5125 2552//5125 
f 2722//5126 2560//5126 2561//5126 
f 2722//5127 2561//5127 2720//5127 
f 2723//5128 2721//5128 2552//5128 
f 2724//5129 2560//5129 2722//5129 
f 2725//5130 2723//5130 2552//5130 
f 2726//5131 2560//5131 2724//5131 
f 2727//5132 2552//5132 2553//5132 
f 2727//5133 2725//5133 2552//5133 
f 2728//5134 2559//5134 2560//5134 
f 2728//5135 2560//5135 2726//5135 
f 2729//5136 2727//5136 2553//5136 
f 2730//5137 2559//5137 2728//5137 
f 2731//5138 2553//5138 2554//5138 
f 2731//5139 2729//5139 2553//5139 
f 2732//5140 2558//5140 2559//5140 
f 2732//5141 2559//5141 2730//5141 
f 2733//5142 2731//5142 2554//5142 
f 2734//5143 2558//5143 2732//5143 
f 2735//5144 2733//5144 2554//5144 
f 2736//5145 2558//5145 2734//5145 
f 2737//5146 2554//5146 2555//5146 
f 2737//5147 2735//5147 2554//5147 
f 2738//5148 2557//5148 2558//5148 
f 2738//5149 2558//5149 2736//5149 
f 2739//5150 2737//5150 2555//5150 
f 2740//5151 2557//5151 2738//5151 
f 2741//5152 2555//5152 2556//5152 
f 2741//5153 2739//5153 2555//5153 
f 2742//5154 2556//5154 2557//5154 
f 2742//5155 2557//5155 2740//5155 
f 2743//5156 2741//5156 2556//5156 
f 2744//5157 2556//5157 2742//5157 
f 2744//5158 2743//5158 2556//5158 
f 2745//5159 2655//5159 2654//5159 
f 2746//5160 2654//5160 2653//5160 
f 2746//5161 2745//5161 2654//5161 
f 2747//5162 2746//5162 2653//5162 
f 2748//5163 2653//5163 2652//5163 
f 2748//5164 2652//5164 2651//5164 
f 2748//5165 2747//5165 2653//5165 
f 2749//5166 2748//5166 2651//5166 
f 2750//5167 2651//5167 2650//5167 
f 2750//5168 2749//5168 2651//5168 
f 2751//5169 2650//5169 2649//5169 
f 2751//5170 2649//5170 2648//5170 
f 2751//5171 2750//5171 2650//5171 
f 2752//5172 2648//5172 2647//5172 
f 2752//5173 2751//5173 2648//5173 
f 2753//5174 2752//5174 2647//5174 
f 2754//5175 2753//5175 2647//5175 
f 2754//5176 2647//5176 2646//5176 
f 2755//5177 2646//5177 2645//5177 
f 2755//5178 2754//5178 2646//5178 
f 2756//5179 2645//5179 2644//5179 
f 2756//5180 2755//5180 2645//5180 
f 2757//5181 2644//5181 2643//5181 
f 2757//5182 2756//5182 2644//5182 
f 2758//5183 2643//5183 2642//5183 
f 2758//5184 2757//5184 2643//5184 
f 2759//5185 2642//5185 2641//5185 
f 2759//5186 2758//5186 2642//5186 
f 2760//5187 2641//5187 2640//5187 
f 2760//5188 2759//5188 2641//5188 
f 2761//5189 2640//5189 2639//5189 
f 2761//5190 2760//5190 2640//5190 
f 2762//5191 2639//5191 2638//5191 
f 2762//5192 2638//5192 2637//5192 
f 2762//5193 2761//5193 2639//5193 
f 2763//5194 2762//5194 2637//5194 
f 2764//5195 2637//5195 2636//5195 
f 2764//5196 2763//5196 2637//5196 
f 2765//5197 2636//5197 2635//5197 
f 2765//5198 2764//5198 2636//5198 
f 2766//5199 2635//5199 2634//5199 
f 2766//5200 2634//5200 2633//5200 
f 2766//5201 2765//5201 2635//5201 
f 2767//5202 2766//5202 2633//5202 
f 2768//5203 2633//5203 2632//5203 
f 2768//5204 2767//5204 2633//5204 
f 2769//5205 2632//5205 2631//5205 
f 2769//5206 2631//5206 2630//5206 
f 2769//5207 2768//5207 2632//5207 
f 2770//5208 2769//5208 2630//5208 
f 2771//5209 2630//5209 2628//5209 
f 2771//5210 2770//5210 2630//5210 
f 2772//5211 2628//5211 2627//5211 
f 2772//5212 2771//5212 2628//5212 
f 2773//5213 2627//5213 2629//5213 
f 2773//5214 2772//5214 2627//5214 
f 2774//5215 2629//5215 2626//5215 
f 2774//5216 2773//5216 2629//5216 
f 2775//5217 2774//5217 2626//5217 
f 2775//5218 2626//5218 2625//5218 
f 2776//5219 2775//5219 2625//5219 
f 2776//5220 2625//5220 2623//5220 
f 2776//5221 2623//5221 2622//5221 
f 2777//5222 2776//5222 2622//5222 
f 2778//5223 2777//5223 2622//5223 
f 2778//5224 2622//5224 2624//5224 
f 2779//5225 2778//5225 2624//5225 
f 2779//5226 2624//5226 2621//5226 
f 2779//5227 2621//5227 2620//5227 
f 2780//5228 2779//5228 2620//5228 
f 2781//5229 2780//5229 2620//5229 
f 2781//5230 2620//5230 2618//5230 
f 2782//5231 2781//5231 2618//5231 
f 2782//5232 2618//5232 2617//5232 
f 2782//5233 2617//5233 2619//5233 
f 2783//5234 2782//5234 2619//5234 
f 2784//5235 2619//5235 2616//5235 
f 2784//5236 2783//5236 2619//5236 
f 2784//5237 2616//5237 2615//5237 
f 2785//5238 2784//5238 2615//5238 
f 2786//5239 2785//5239 2615//5239 
f 2786//5240 2615//5240 2613//5240 
f 2786//5241 2613//5241 2612//5241 
f 2787//5242 2786//5242 2612//5242 
f 2788//5243 2612//5243 2614//5243 
f 2788//5244 2614//5244 2611//5244 
f 2788//5245 2787//5245 2612//5245 
f 2789//5246 2788//5246 2611//5246 
f 2790//5247 2611//5247 2610//5247 
f 2790//5248 2789//5248 2611//5248 
f 2791//5249 2610//5249 2607//5249 
f 2791//5250 2790//5250 2610//5250 
f 2792//5251 2607//5251 2606//5251 
f 2792//5252 2791//5252 2607//5252 
f 2793//5253 2606//5253 2608//5253 
f 2793//5254 2792//5254 2606//5254 
f 2794//5255 2608//5255 2602//5255 
f 2794//5256 2793//5256 2608//5256 
f 2795//5257 2602//5257 2601//5257 
f 2795//5258 2794//5258 2602//5258 
f 2796//5259 2601//5259 2597//5259 
f 2796//5260 2795//5260 2601//5260 
f 2797//5261 2597//5261 2596//5261 
f 2797//5262 2796//5262 2597//5262 
f 2798//5263 2596//5263 2598//5263 
f 2798//5264 2797//5264 2596//5264 
f 2799//5265 2598//5265 2592//5265 
f 2799//5266 2798//5266 2598//5266 
f 2800//5267 2799//5267 2592//5267 
f 2800//5268 2592//5268 2591//5268 
f 2801//5269 2800//5269 2591//5269 
f 2801//5270 2591//5270 2584//5270 
f 2802//5271 2801//5271 2584//5271 
f 2802//5272 2584//5272 2583//5272 
f 2803//5273 2802//5273 2583//5273 
f 2803//5274 2583//5274 2585//5274 
f 2804//5275 2803//5275 2585//5275 
f 2804//5276 2585//5276 2580//5276 
f 2805//5277 2804//5277 2580//5277 
f 2805//5278 2580//5278 2579//5278 
f 2806//5279 2805//5279 2579//5279 
f 2806//5280 2579//5280 2575//5280 
f 2807//5281 2806//5281 2575//5281 
f 2807//5282 2575//5282 2574//5282 
f 2808//5283 2807//5283 2574//5283 
f 2808//5284 2574//5284 2573//5284 
f 2809//5285 2808//5285 2573//5285 
f 2809//5286 2573//5286 2570//5286 
f 2809//5287 2570//5287 2569//5287 
f 2810//5288 2809//5288 2569//5288 
f 2810//5289 2569//5289 2566//5289 
f 2811//5290 2810//5290 2566//5290 
f 2812//5291 2811//5291 2566//5291 
f 2812//5292 2566//5292 2565//5292 
f 2812//5293 2565//5293 2567//5293 
f 2813//5294 2812//5294 2567//5294 
f 2814//5295 2813//5295 2567//5295 
f 2814//5296 2567//5296 2568//5296 
f 2815//5297 2814//5297 2568//5297 
f 2815//5298 2568//5298 2571//5298 
f 2816//5299 2815//5299 2571//5299 
f 2816//5300 2571//5300 2572//5300 
f 2817//5301 2572//5301 2576//5301 
f 2817//5302 2816//5302 2572//5302 
f 2818//5303 2817//5303 2576//5303 
f 2818//5304 2576//5304 2577//5304 
f 2819//5305 2577//5305 2578//5305 
f 2819//5306 2578//5306 2581//5306 
f 2819//5307 2818//5307 2577//5307 
f 2820//5308 2819//5308 2581//5308 
f 2821//5309 2581//5309 2582//5309 
f 2821//5310 2820//5310 2581//5310 
f 2822//5311 2582//5311 2586//5311 
f 2822//5312 2586//5312 2587//5312 
f 2822//5313 2821//5313 2582//5313 
f 2823//5314 2822//5314 2587//5314 
f 2824//5315 2587//5315 2588//5315 
f 2824//5316 2823//5316 2587//5316 
f 2825//5317 2824//5317 2588//5317 
f 2825//5318 2588//5318 2589//5318 
f 2825//5319 2589//5319 2590//5319 
f 2826//5320 2825//5320 2590//5320 
f 2827//5321 2826//5321 2590//5321 
f 2827//5322 2590//5322 2593//5322 
f 2827//5323 2593//5323 2594//5323 
f 2828//5324 2827//5324 2594//5324 
f 2829//5325 2828//5325 2594//5325 
f 2829//5326 2594//5326 2595//5326 
f 2829//5327 2595//5327 2599//5327 
f 2830//5328 2829//5328 2599//5328 
f 2831//5329 2830//5329 2599//5329 
f 2831//5330 2599//5330 2600//5330 
f 2832//5331 2831//5331 2600//5331 
f 2832//5332 2600//5332 2603//5332 
f 2832//5333 2603//5333 2604//5333 
f 2833//5334 2832//5334 2604//5334 
f 2833//5335 2604//5335 2605//5335 
f 2834//5336 2833//5336 2605//5336 
f 2835//5337 2834//5337 2605//5337 
f 2835//5338 2605//5338 2609//5338 
f 2836//5339 2609//5339 2656//5339 
f 2836//5340 2835//5340 2609//5340 
f 2837//5341 2656//5341 2657//5341 
f 2837//5342 2657//5342 2658//5342 
f 2837//5343 2836//5343 2656//5343 
f 2838//5344 2837//5344 2658//5344 
f 2839//5345 2838//5345 2658//5345 
f 2839//5346 2658//5346 2659//5346 
f 2839//5347 2659//5347 2660//5347 
f 2840//5348 2839//5348 2660//5348 
f 2841//5349 2660//5349 2661//5349 
f 2841//5350 2840//5350 2660//5350 
f 2842//5351 2661//5351 2662//5351 
f 2842//5352 2841//5352 2661//5352 
f 2843//5353 2662//5353 2663//5353 
f 2843//5354 2842//5354 2662//5354 
f 2844//5355 2663//5355 2664//5355 
f 2844//5356 2664//5356 2665//5356 
f 2844//5357 2843//5357 2663//5357 
f 2845//5358 2844//5358 2665//5358 
f 2846//5359 2665//5359 2666//5359 
f 2846//5360 2845//5360 2665//5360 
f 2847//5361 2666//5361 2667//5361 
f 2847//5362 2667//5362 2668//5362 
f 2847//5363 2846//5363 2666//5363 
f 2848//5364 2847//5364 2668//5364 
f 2849//5365 2668//5365 2669//5365 
f 2849//5366 2848//5366 2668//5366 
f 2850//5367 2669//5367 2670//5367 
f 2850//5368 2849//5368 2669//5368 
f 2851//5369 2670//5369 2671//5369 
f 2851//5370 2850//5370 2670//5370 
f 2852//5371 2671//5371 2672//5371 
f 2852//5372 2851//5372 2671//5372 
f 2853//5373 2672//5373 2673//5373 
f 2853//5374 2673//5374 2674//5374 
f 2853//5375 2852//5375 2672//5375 
f 2854//5376 2853//5376 2674//5376 
f 2855//5377 2674//5377 2675//5377 
f 2855//5378 2854//5378 2674//5378 
f 2856//5379 2675//5379 2676//5379 
f 2856//5380 2855//5380 2675//5380 
f 2857//5381 2676//5381 2677//5381 
f 2857//5382 2856//5382 2676//5382 
f 2858//5383 2677//5383 2678//5383 
f 2858//5384 2857//5384 2677//5384 
f 2859//5385 2678//5385 2679//5385 
f 2859//5386 2858//5386 2678//5386 
f 2860//5387 2679//5387 2680//5387 
f 2860//5388 2859//5388 2679//5388 
f 2861//5389 2680//5389 2681//5389 
f 2861//5390 2860//5390 2680//5390 
f 2862//5391 2681//5391 2682//5391 
f 2862//5392 2682//5392 2683//5392 
f 2862//5393 2861//5393 2681//5393 
f 2863//5394 2862//5394 2683//5394 
f 2864//5395 2683//5395 2684//5395 
f 2864//5396 2863//5396 2683//5396 
f 2865//5397 2864//5397 2684//5397 
f 2865//5398 2684//5398 2685//5398 
f 2866//5399 2865//5399 2685//5399 
f 2866//5400 2685//5400 2686//5400 
f 2867//5401 2866//5401 2686//5401 
f 2867//5402 2686//5402 2687//5402 
f 2867//5403 2687//5403 2688//5403 
f 2868//5404 2867//5404 2688//5404 
f 2869//5405 2868//5405 2688//5405 
f 2869//5406 2688//5406 2689//5406 
f 2870//5407 2869//5407 2689//5407 
f 2870//5408 2689//5408 2690//5408 
f 2871//5409 2870//5409 2690//5409 
f 2871//5410 2690//5410 2691//5410 
f 2871//5411 2691//5411 2692//5411 
f 2872//5412 2871//5412 2692//5412 
f 2873//5413 2872//5413 2692//5413 
f 2873//5414 2692//5414 2693//5414 
f 2874//5415 2693//5415 2694//5415 
f 2874//5416 2694//5416 2695//5416 
f 2874//5417 2873//5417 2693//5417 
f 2875//5418 2874//5418 2695//5418 
f 2876//5419 2695//5419 2696//5419 
f 2876//5420 2696//5420 2697//5420 
f 2876//5421 2875//5421 2695//5421 
f 2877//5422 2876//5422 2697//5422 
f 2878//5423 2697//5423 2698//5423 
f 2878//5424 2877//5424 2697//5424 
f 2879//5425 2698//5425 2699//5425 
f 2879//5426 2699//5426 2700//5426 
f 2879//5427 2878//5427 2698//5427 
f 2880//5428 2879//5428 2700//5428 
f 2881//5429 2700//5429 2701//5429 
f 2881//5430 2880//5430 2700//5430 
f 2882//5431 2701//5431 2703//5431 
f 2882//5432 2881//5432 2701//5432 
f 2883//5433 2703//5433 2705//5433 
f 2883//5434 2882//5434 2703//5434 
f 2884//5435 2705//5435 2707//5435 
f 2884//5436 2883//5436 2705//5436 
f 2885//5437 2707//5437 2709//5437 
f 2885//5438 2709//5438 2711//5438 
f 2885//5439 2884//5439 2707//5439 
f 2886//5440 2885//5440 2711//5440 
f 2887//5441 2711//5441 2713//5441 
f 2887//5442 2886//5442 2711//5442 
f 2888//5443 2713//5443 2715//5443 
f 2888//5444 2887//5444 2713//5444 
f 2889//5445 2715//5445 2717//5445 
f 2889//5446 2717//5446 2719//5446 
f 2889//5447 2888//5447 2715//5447 
f 2890//5448 2889//5448 2719//5448 
f 2891//5449 2890//5449 2719//5449 
f 2891//5450 2719//5450 2721//5450 
f 2892//5451 2891//5451 2721//5451 
f 2892//5452 2721//5452 2723//5452 
f 2893//5453 2892//5453 2723//5453 
f 2893//5454 2723//5454 2725//5454 
f 2894//5455 2893//5455 2725//5455 
f 2894//5456 2725//5456 2727//5456 
f 2895//5457 2894//5457 2727//5457 
f 2895//5458 2727//5458 2729//5458 
f 2896//5459 2895//5459 2729//5459 
f 2896//5460 2729//5460 2731//5460 
f 2897//5461 2896//5461 2731//5461 
f 2897//5462 2731//5462 2733//5462 
f 2897//5463 2733//5463 2735//5463 
f 2898//5464 2897//5464 2735//5464 
f 2899//5465 2898//5465 2735//5465 
f 2899//5466 2735//5466 2737//5466 
f 2900//5467 2899//5467 2737//5467 
f 2900//5468 2737//5468 2739//5468 
f 2900//5469 2739//5469 2741//5469 
f 2901//5470 2900//5470 2741//5470 
f 2902//5471 2901//5471 2741//5471 
f 2902//5472 2741//5472 2743//5472 
f 2903//5473 2902//5473 2743//5473 
f 2903//5474 2743//5474 2744//5474 
f 2904//5475 2903//5475 2744//5475 
f 2904//5476 2744//5476 2742//5476 
f 2905//5477 2904//5477 2742//5477 
f 2905//5478 2742//5478 2740//5478 
f 2905//5479 2740//5479 2738//5479 
f 2906//5480 2905//5480 2738//5480 
f 2907//5481 2906//5481 2738//5481 
f 2907//5482 2738//5482 2736//5482 
f 2907//5483 2736//5483 2734//5483 
f 2908//5484 2907//5484 2734//5484 
f 2909//5485 2734//5485 2732//5485 
f 2909//5486 2732//5486 2730//5486 
f 2909//5487 2908//5487 2734//5487 
f 2910//5488 2909//5488 2730//5488 
f 2911//5489 2730//5489 2728//5489 
f 2911//5490 2728//5490 2726//5490 
f 2911//5491 2910//5491 2730//5491 
f 2912//5492 2911//5492 2726//5492 
f 2913//5493 2726//5493 2724//5493 
f 2913//5494 2724//5494 2722//5494 
f 2913//5495 2912//5495 2726//5495 
f 2914//5496 2913//5496 2722//5496 
f 2915//5497 2914//5497 2722//5497 
f 2915//5498 2722//5498 2720//5498 
f 2915//5499 2720//5499 2718//5499 
f 2916//5500 2915//5500 2718//5500 
f 2917//5501 2916//5501 2718//5501 
f 2917//5502 2718//5502 2716//5502 
f 2918//5503 2917//5503 2716//5503 
f 2918//5504 2716//5504 2714//5504 
f 2919//5505 2918//5505 2714//5505 
f 2919//5506 2714//5506 2712//5506 
f 2920//5507 2919//5507 2712//5507 
f 2920//5508 2712//5508 2710//5508 
f 2921//5509 2920//5509 2710//5509 
f 2921//5510 2710//5510 2708//5510 
f 2922//5511 2921//5511 2708//5511 
f 2922//5512 2708//5512 2706//5512 
f 2923//5513 2922//5513 2706//5513 
f 2923//5514 2706//5514 2704//5514 
f 2924//5515 2923//5515 2704//5515 
f 2924//5516 2704//5516 2702//5516 
f 2745//5517 2924//5517 2702//5517 
f 2745//5518 2702//5518 2655//5518 
f 2812//5519 2925//5519 2811//5519 
f 2813//5520 2925//5520 2812//5520 
f 2814//5521 2925//5521 2813//5521 
f 2810//5522 2926//5522 2809//5522 
f 2811//5523 2926//5523 2810//5523 
f 2925//5524 2926//5524 2811//5524 
f 2815//5525 2927//5525 2814//5525 
f 2816//5526 2927//5526 2815//5526 
f 2814//5527 2927//5527 2925//5527 
f 2926//5528 2928//5528 2809//5528 
f 2808//5529 2928//5529 2807//5529 
f 2809//5530 2928//5530 2808//5530 
f 2807//5531 2928//5531 2806//5531 
f 2816//5532 2929//5532 2927//5532 
f 2817//5533 2929//5533 2816//5533 
f 2818//5534 2929//5534 2817//5534 
f 2819//5535 2929//5535 2818//5535 
f 2820//5536 2930//5536 2819//5536 
f 2821//5537 2930//5537 2820//5537 
f 2819//5538 2930//5538 2929//5538 
f 2928//5539 2931//5539 2806//5539 
f 2805//5540 2931//5540 2804//5540 
f 2806//5541 2931//5541 2805//5541 
f 2822//5542 2932//5542 2821//5542 
f 2823//5543 2932//5543 2822//5543 
f 2824//5544 2932//5544 2823//5544 
f 2821//5545 2932//5545 2930//5545 
f 2931//5546 2933//5546 2804//5546 
f 2802//5547 2933//5547 2801//5547 
f 2803//5548 2933//5548 2802//5548 
f 2804//5549 2933//5549 2803//5549 
f 2825//5550 2934//5550 2824//5550 
f 2826//5551 2934//5551 2825//5551 
f 2824//5552 2934//5552 2932//5552 
f 2933//5553 2935//5553 2801//5553 
f 2800//5554 2935//5554 2799//5554 
f 2801//5555 2935//5555 2800//5555 
f 2826//5556 2936//5556 2934//5556 
f 2827//5557 2936//5557 2826//5557 
f 2828//5558 2936//5558 2827//5558 
f 2829//5559 2936//5559 2828//5559 
f 2935//5560 2937//5560 2799//5560 
f 2797//5561 2937//5561 2796//5561 
f 2798//5562 2937//5562 2797//5562 
f 2799//5563 2937//5563 2798//5563 
f 2829//5564 2938//5564 2936//5564 
f 2830//5565 2938//5565 2829//5565 
f 2831//5566 2938//5566 2830//5566 
f 2937//5567 2939//5567 2796//5567 
f 2795//5568 2939//5568 2794//5568 
f 2796//5569 2939//5569 2795//5569 
f 2832//5570 2940//5570 2831//5570 
f 2833//5571 2940//5571 2832//5571 
f 2834//5572 2940//5572 2833//5572 
f 2831//5573 2940//5573 2938//5573 
f 2792//5574 2941//5574 2791//5574 
f 2793//5575 2941//5575 2792//5575 
f 2794//5576 2941//5576 2793//5576 
f 2939//5577 2941//5577 2794//5577 
f 2835//5578 2942//5578 2834//5578 
f 2834//5579 2942//5579 2940//5579 
f 2941//5580 2943//5580 2791//5580 
f 2790//5581 2943//5581 2789//5581 
f 2791//5582 2943//5582 2790//5582 
f 2787//5583 2944//5583 2786//5583 
f 2788//5584 2944//5584 2787//5584 
f 2789//5585 2944//5585 2788//5585 
f 2943//5586 2944//5586 2789//5586 
f 2944//5587 2945//5587 2786//5587 
f 2785//5588 2945//5588 2784//5588 
f 2786//5589 2945//5589 2785//5589 
f 2945//5590 2946//5590 2784//5590 
f 2782//5591 2946//5591 2781//5591 
f 2783//5592 2946//5592 2782//5592 
f 2784//5593 2946//5593 2783//5593 
f 2780//5594 2947//5594 2779//5594 
f 2781//5595 2947//5595 2780//5595 
f 2946//5596 2947//5596 2781//5596 
f 2947//5597 2948//5597 2779//5597 
f 2777//5598 2948//5598 2776//5598 
f 2778//5599 2948//5599 2777//5599 
f 2779//5600 2948//5600 2778//5600 
f 2948//5601 2949//5601 2776//5601 
f 2775//5602 2949//5602 2774//5602 
f 2776//5603 2949//5603 2775//5603 
f 2949//5604 2950//5604 2774//5604 
f 2772//5605 2950//5605 2771//5605 
f 2773//5606 2950//5606 2772//5606 
f 2774//5607 2950//5607 2773//5607 
f 2770//5608 2951//5608 2769//5608 
f 2771//5609 2951//5609 2770//5609 
f 2950//5610 2951//5610 2771//5610 
f 2951//5611 2952//5611 2769//5611 
f 2769//5612 2952//5612 2768//5612 
f 2952//5613 2767//5613 2768//5613 
f 2952//5614 2766//5614 2767//5614 
f 2953//5615 2766//5615 2952//5615 
f 2953//5616 2765//5616 2766//5616 
f 2954//5617 2764//5617 2953//5617 
f 2953//5618 2764//5618 2765//5618 
f 2954//5619 2763//5619 2764//5619 
f 2954//5620 2762//5620 2763//5620 
f 2955//5621 2761//5621 2954//5621 
f 2954//5622 2761//5622 2762//5622 
f 2955//5623 2760//5623 2761//5623 
f 2956//5624 2759//5624 2955//5624 
f 2955//5625 2759//5625 2760//5625 
f 2956//5626 2758//5626 2759//5626 
f 2956//5627 2757//5627 2758//5627 
f 2957//5628 2756//5628 2956//5628 
f 2956//5629 2756//5629 2757//5629 
f 2957//5630 2755//5630 2756//5630 
f 2958//5631 2754//5631 2957//5631 
f 2957//5632 2754//5632 2755//5632 
f 2958//5633 2753//5633 2754//5633 
f 2958//5634 2752//5634 2753//5634 
f 2959//5635 2751//5635 2958//5635 
f 2958//5636 2751//5636 2752//5636 
f 2959//5637 2750//5637 2751//5637 
f 2960//5638 2749//5638 2959//5638 
f 2959//5639 2749//5639 2750//5639 
f 2960//5640 2748//5640 2749//5640 
f 2960//5641 2747//5641 2748//5641 
f 2961//5642 2746//5642 2960//5642 
f 2960//5643 2746//5643 2747//5643 
f 2961//5644 2745//5644 2746//5644 
f 2836//5645 2942//5645 2835//5645 
f 2837//5646 2962//5646 2836//5646 
f 2838//5647 2962//5647 2837//5647 
f 2839//5648 2962//5648 2838//5648 
f 2836//5649 2962//5649 2942//5649 
f 2839//5650 2963//5650 2962//5650 
f 2840//5651 2963//5651 2839//5651 
f 2841//5652 2963//5652 2840//5652 
f 2842//5653 2964//5653 2841//5653 
f 2843//5654 2964//5654 2842//5654 
f 2844//5655 2964//5655 2843//5655 
f 2841//5656 2964//5656 2963//5656 
f 2844//5657 2965//5657 2964//5657 
f 2845//5658 2965//5658 2844//5658 
f 2846//5659 2965//5659 2845//5659 
f 2847//5660 2966//5660 2846//5660 
f 2846//5661 2966//5661 2965//5661 
f 2848//5662 2966//5662 2847//5662 
f 2849//5663 2966//5663 2848//5663 
f 2850//5664 2967//5664 2849//5664 
f 2851//5665 2967//5665 2850//5665 
f 2849//5666 2967//5666 2966//5666 
f 2852//5667 2968//5667 2851//5667 
f 2853//5668 2968//5668 2852//5668 
f 2854//5669 2968//5669 2853//5669 
f 2851//5670 2968//5670 2967//5670 
f 2854//5671 2969//5671 2968//5671 
f 2855//5672 2969//5672 2854//5672 
f 2856//5673 2969//5673 2855//5673 
f 2857//5674 2970//5674 2856//5674 
f 2856//5675 2970//5675 2969//5675 
f 2857//5676 2858//5676 2970//5676 
f 2970//5677 2859//5677 2971//5677 
f 2858//5678 2859//5678 2970//5678 
f 2859//5679 2860//5679 2971//5679 
f 2971//5680 2861//5680 2972//5680 
f 2860//5681 2861//5681 2971//5681 
f 2861//5682 2862//5682 2972//5682 
f 2862//5683 2863//5683 2972//5683 
f 2972//5684 2864//5684 2973//5684 
f 2863//5685 2864//5685 2972//5685 
f 2864//5686 2865//5686 2973//5686 
f 2973//5687 2866//5687 2974//5687 
f 2865//5688 2866//5688 2973//5688 
f 2866//5689 2867//5689 2974//5689 
f 2867//5690 2868//5690 2974//5690 
f 2974//5691 2869//5691 2975//5691 
f 2868//5692 2869//5692 2974//5692 
f 2869//5693 2870//5693 2975//5693 
f 2975//5694 2871//5694 2976//5694 
f 2870//5695 2871//5695 2975//5695 
f 2871//5696 2872//5696 2976//5696 
f 2872//5697 2873//5697 2976//5697 
f 2976//5698 2874//5698 2977//5698 
f 2873//5699 2874//5699 2976//5699 
f 2874//5700 2875//5700 2977//5700 
f 2977//5701 2876//5701 2978//5701 
f 2875//5702 2876//5702 2977//5702 
f 2876//5703 2877//5703 2978//5703 
f 2877//5704 2878//5704 2978//5704 
f 2978//5705 2879//5705 2979//5705 
f 2878//5706 2879//5706 2978//5706 
f 2879//5707 2880//5707 2979//5707 
f 2979//5708 2881//5708 2980//5708 
f 2880//5709 2881//5709 2979//5709 
f 2981//5710 2924//5710 2961//5710 
f 2961//5711 2924//5711 2745//5711 
f 2881//5712 2882//5712 2980//5712 
f 2981//5713 2923//5713 2924//5713 
f 2882//5714 2883//5714 2980//5714 
f 2981//5715 2922//5715 2923//5715 
f 2883//5716 2884//5716 2980//5716 
f 2980//5717 2884//5717 2982//5717 
f 2983//5718 2921//5718 2981//5718 
f 2981//5719 2921//5719 2922//5719 
f 2884//5720 2885//5720 2982//5720 
f 2983//5721 2920//5721 2921//5721 
f 2885//5722 2886//5722 2982//5722 
f 2982//5723 2886//5723 2984//5723 
f 2985//5724 2919//5724 2983//5724 
f 2983//5725 2919//5725 2920//5725 
f 2886//5726 2887//5726 2984//5726 
f 2985//5727 2918//5727 2919//5727 
f 2887//5728 2888//5728 2984//5728 
f 2985//5729 2917//5729 2918//5729 
f 2888//5730 2889//5730 2984//5730 
f 2984//5731 2889//5731 2986//5731 
f 2985//5732 2916//5732 2917//5732 
f 2987//5733 2916//5733 2985//5733 
f 2889//5734 2890//5734 2986//5734 
f 2987//5735 2915//5735 2916//5735 
f 2986//5736 2891//5736 2988//5736 
f 2890//5737 2891//5737 2986//5737 
f 2989//5738 2914//5738 2987//5738 
f 2987//5739 2914//5739 2915//5739 
f 2891//5740 2892//5740 2988//5740 
f 2989//5741 2913//5741 2914//5741 
f 2892//5742 2893//5742 2988//5742 
f 2989//5743 2912//5743 2913//5743 
f 2988//5744 2894//5744 2990//5744 
f 2893//5745 2894//5745 2988//5745 
f 2991//5746 2911//5746 2989//5746 
f 2989//5747 2911//5747 2912//5747 
f 2894//5748 2895//5748 2990//5748 
f 2991//5749 2910//5749 2911//5749 
f 2990//5750 2896//5750 2992//5750 
f 2895//5751 2896//5751 2990//5751 
f 2993//5752 2909//5752 2991//5752 
f 2991//5753 2909//5753 2910//5753 
f 2896//5754 2897//5754 2992//5754 
f 2993//5755 2908//5755 2909//5755 
f 2897//5756 2898//5756 2992//5756 
f 2993//5757 2907//5757 2908//5757 
f 2992//5758 2899//5758 2994//5758 
f 2898//5759 2899//5759 2992//5759 
f 2995//5760 2906//5760 2993//5760 
f 2993//5761 2906//5761 2907//5761 
f 2899//5762 2900//5762 2994//5762 
f 2995//5763 2905//5763 2906//5763 
f 2994//5764 2901//5764 2996//5764 
f 2900//5765 2901//5765 2994//5765 
f 2996//5766 2904//5766 2995//5766 
f 2995//5767 2904//5767 2905//5767 
f 2901//5768 2902//5768 2996//5768 
f 2996//5769 2903//5769 2904//5769 
f 2902//5770 2903//5770 2996//5770 
f 1611//5771 2961//5771 2960//5771 
f 1607//5772 2960//5772 2959//5772 
f 1607//5773 1611//5773 2960//5773 
f 1604//5774 2959//5774 2958//5774 
f 1604//5775 1607//5775 2959//5775 
f 1600//5776 2958//5776 2957//5776 
f 1600//5777 1604//5777 2958//5777 
f 1597//5778 2957//5778 2956//5778 
f 1597//5779 1600//5779 2957//5779 
f 1593//5780 2956//5780 2955//5780 
f 1593//5781 1597//5781 2956//5781 
f 1590//5782 1593//5782 2955//5782 
f 1590//5783 2955//5783 2954//5783 
f 1586//5784 1590//5784 2954//5784 
f 1586//5785 2954//5785 2953//5785 
f 1583//5786 1586//5786 2953//5786 
f 1583//5787 2953//5787 2952//5787 
f 1579//5788 2952//5788 2951//5788 
f 1579//5789 1583//5789 2952//5789 
f 1576//5790 2951//5790 2950//5790 
f 1576//5791 1579//5791 2951//5791 
f 1572//5792 2950//5792 2949//5792 
f 1572//5793 1576//5793 2950//5793 
f 1569//5794 2949//5794 2948//5794 
f 1569//5795 1572//5795 2949//5795 
f 1565//5796 2948//5796 2947//5796 
f 1565//5797 1569//5797 2948//5797 
f 1562//5798 2947//5798 2946//5798 
f 1562//5799 1565//5799 2947//5799 
f 1558//5800 2946//5800 2945//5800 
f 1558//5801 1562//5801 2946//5801 
f 1555//5802 2945//5802 2944//5802 
f 1555//5803 1558//5803 2945//5803 
f 1551//5804 2944//5804 2943//5804 
f 1551//5805 1555//5805 2944//5805 
f 1548//5806 2943//5806 2941//5806 
f 1548//5807 1551//5807 2943//5807 
f 1538//5808 1548//5808 2941//5808 
f 1532//5809 2941//5809 2939//5809 
f 1532//5810 2939//5810 2937//5810 
f 1532//5811 1538//5811 2941//5811 
f 1524//5812 1532//5812 2937//5812 
f 1518//5813 2937//5813 2935//5813 
f 1518//5814 1524//5814 2937//5814 
f 1510//5815 2935//5815 2933//5815 
f 1510//5816 2933//5816 2931//5816 
f 1510//5817 1518//5817 2935//5817 
f 1504//5818 2931//5818 2928//5818 
f 1504//5819 1510//5819 2931//5819 
f 1500//5820 2928//5820 2926//5820 
f 1500//5821 1504//5821 2928//5821 
f 1490//5822 2926//5822 2925//5822 
f 1490//5823 1500//5823 2926//5823 
f 1485//5824 1490//5824 2925//5824 
f 1493//5825 2925//5825 2927//5825 
f 1493//5826 2927//5826 2929//5826 
f 1493//5827 1485//5827 2925//5827 
f 1496//5828 2929//5828 2930//5828 
f 1496//5829 1493//5829 2929//5829 
f 1507//5830 2930//5830 2932//5830 
f 1507//5831 1496//5831 2930//5831 
f 1514//5832 1507//5832 2932//5832 
f 1521//5833 1514//5833 2932//5833 
f 1521//5834 2932//5834 2934//5834 
f 1521//5835 2934//5835 2936//5835 
f 1528//5836 1521//5836 2936//5836 
f 1528//5837 2936//5837 2938//5837 
f 1535//5838 1528//5838 2938//5838 
f 1542//5839 1535//5839 2938//5839 
f 1542//5840 2938//5840 2940//5840 
f 1546//5841 1542//5841 2940//5841 
f 1546//5842 2940//5842 2942//5842 
f 1546//5843 2942//5843 2962//5843 
f 1614//5844 2962//5844 2963//5844 
f 1614//5845 1546//5845 2962//5845 
f 1618//5846 2963//5846 2964//5846 
f 1618//5847 1614//5847 2963//5847 
f 1621//5848 2964//5848 2965//5848 
f 1621//5849 1618//5849 2964//5849 
f 1625//5850 2965//5850 2966//5850 
f 1625//5851 1621//5851 2965//5851 
f 1628//5852 2966//5852 2967//5852 
f 1628//5853 1625//5853 2966//5853 
f 1632//5854 1628//5854 2967//5854 
f 1632//5855 2967//5855 2968//5855 
f 1635//5856 1632//5856 2968//5856 
f 1635//5857 2968//5857 2969//5857 
f 1639//5858 1635//5858 2969//5858 
f 1639//5859 2969//5859 2970//5859 
f 1642//5860 2970//5860 2971//5860 
f 1642//5861 1639//5861 2970//5861 
f 1646//5862 2971//5862 2972//5862 
f 1646//5863 1642//5863 2971//5863 
f 1649//5864 2972//5864 2973//5864 
f 1649//5865 1646//5865 2972//5865 
f 1653//5866 2973//5866 2974//5866 
f 1653//5867 1649//5867 2973//5867 
f 1656//5868 2974//5868 2975//5868 
f 1656//5869 1653//5869 2974//5869 
f 1660//5870 2975//5870 2976//5870 
f 1660//5871 1656//5871 2975//5871 
f 1663//5872 2976//5872 2977//5872 
f 1663//5873 1660//5873 2976//5873 
f 1667//5874 2977//5874 2978//5874 
f 1667//5875 1663//5875 2977//5875 
f 1670//5876 2978//5876 2979//5876 
f 1670//5877 1667//5877 2978//5877 
f 1674//5878 1670//5878 2979//5878 
f 1677//5879 2979//5879 2980//5879 
f 1677//5880 2980//5880 2982//5880 
f 1677//5881 1674//5881 2979//5881 
f 1685//5882 2982//5882 2984//5882 
f 1685//5883 1677//5883 2982//5883 
f 1691//5884 2984//5884 2986//5884 
f 1691//5885 1685//5885 2984//5885 
f 1699//5886 1691//5886 2986//5886 
f 1705//5887 2986//5887 2988//5887 
f 1705//5888 2988//5888 2990//5888 
f 1705//5889 1699//5889 2986//5889 
f 1713//5890 2990//5890 2992//5890 
f 1713//5891 1705//5891 2990//5891 
f 1719//5892 2992//5892 2994//5892 
f 1719//5893 1713//5893 2992//5893 
f 1727//5894 2994//5894 2996//5894 
f 1727//5895 1719//5895 2994//5895 
f 1733//5896 1727//5896 2996//5896 
f 1729//5897 2996//5897 2995//5897 
f 1729//5898 2995//5898 2993//5898 
f 1729//5899 1733//5899 2996//5899 
f 1721//5900 2993//5900 2991//5900 
f 1721//5901 1729//5901 2993//5901 
f 1715//5902 2991//5902 2989//5902 
f 1715//5903 1721//5903 2991//5903 
f 1707//5904 2989//5904 2987//5904 
f 1707//5905 1715//5905 2989//5905 
f 1701//5906 1707//5906 2987//5906 
f 1701//5907 2987//5907 2985//5907 
f 1693//5908 1701//5908 2985//5908 
f 1693//5909 2985//5909 2983//5909 
f 1687//5910 1693//5910 2983//5910 
f 1679//5911 1687//5911 2983//5911 
f 1679//5912 2983//5912 2981//5912 
f 1611//5913 1679//5913 2981//5913 
f 1611//5914 2981//5914 2961//5914 
f 2016//5915 2997//5915 2998//5915 
f 2016//5916 2999//5916 2997//5916 
f 2016//5917 3000//5917 2999//5917 
f 2015//5918 3001//5918 3002//5918 
f 2015//5919 2998//5919 3001//5919 
f 2015//5920 2016//5920 2998//5920 
f 2017//5921 3003//5921 3000//5921 
f 2017//5922 3004//5922 3003//5922 
f 2017//5923 3000//5923 2016//5923 
f 2014//5924 3002//5924 3005//5924 
f 2014//5925 2015//5925 3002//5925 
f 2014//5926 3006//5926 3007//5926 
f 2014//5927 3005//5927 3006//5927 
f 2018//5928 3008//5928 3004//5928 
f 2018//5929 3009//5929 3008//5929 
f 2018//5930 3010//5930 3009//5930 
f 2018//5931 3004//5931 2017//5931 
f 2019//5932 3011//5932 3010//5932 
f 2019//5933 3012//5933 3011//5933 
f 2019//5934 3010//5934 2018//5934 
f 2013//5935 2014//5935 3007//5935 
f 2013//5936 3013//5936 3014//5936 
f 2013//5937 3007//5937 3013//5937 
f 2020//5938 3012//5938 2019//5938 
f 2020//5939 3015//5939 3012//5939 
f 2020//5940 3016//5940 3015//5940 
f 2020//5941 3017//5941 3016//5941 
f 2012//5942 2013//5942 3014//5942 
f 2012//5943 3018//5943 3019//5943 
f 2012//5944 3020//5944 3018//5944 
f 2012//5945 3014//5945 3020//5945 
f 2021//5946 3021//5946 3017//5946 
f 2021//5947 3022//5947 3021//5947 
f 2021//5948 3017//5948 2020//5948 
f 2011//5949 2012//5949 3019//5949 
f 2011//5950 3023//5950 3024//5950 
f 2011//5951 3019//5951 3023//5951 
f 2022//5952 3025//5952 3022//5952 
f 2022//5953 3026//5953 3025//5953 
f 2022//5954 3027//5954 3026//5954 
f 2022//5955 3022//5955 2021//5955 
f 2010//5956 2011//5956 3024//5956 
f 2010//5957 3028//5957 3029//5957 
f 2010//5958 3030//5958 3028//5958 
f 2010//5959 3024//5959 3030//5959 
f 2023//5960 3031//5960 3027//5960 
f 2023//5961 3032//5961 3031//5961 
f 2023//5962 3027//5962 2022//5962 
f 2009//5963 2010//5963 3029//5963 
f 2009//5964 3033//5964 3034//5964 
f 2009//5965 3029//5965 3033//5965 
f 2024//5966 3035//5966 3032//5966 
f 2024//5967 3036//5967 3035//5967 
f 2024//5968 3037//5968 3036//5968 
f 2024//5969 3032//5969 2023//5969 
f 2008//5970 3038//5970 3039//5970 
f 2008//5971 3040//5971 3038//5971 
f 2008//5972 3034//5972 3040//5972 
f 2008//5973 2009//5973 3034//5973 
f 2025//5974 3041//5974 3037//5974 
f 2025//5975 3037//5975 2024//5975 
f 2007//5976 2008//5976 3039//5976 
f 2007//5977 3042//5977 3043//5977 
f 2007//5978 3039//5978 3042//5978 
f 2006//5979 3044//5979 3045//5979 
f 2006//5980 3046//5980 3044//5980 
f 2006//5981 3043//5981 3046//5981 
f 2006//5982 2007//5982 3043//5982 
f 2005//5983 2006//5983 3045//5983 
f 2005//5984 3047//5984 3048//5984 
f 2005//5985 3045//5985 3047//5985 
f 2004//5986 2005//5986 3048//5986 
f 2004//5987 3049//5987 3050//5987 
f 2004//5988 3051//5988 3049//5988 
f 2004//5989 3048//5989 3051//5989 
f 2003//5990 2004//5990 3050//5990 
f 2003//5991 3052//5991 3053//5991 
f 2003//5992 3050//5992 3052//5992 
f 2002//5993 2003//5993 3053//5993 
f 2002//5994 3054//5994 3055//5994 
f 2002//5995 3056//5995 3054//5995 
f 2002//5996 3053//5996 3056//5996 
f 2001//5997 2002//5997 3055//5997 
f 2001//5998 3057//5998 3058//5998 
f 2001//5999 3055//5999 3057//5999 
f 2000//6000 2001//6000 3058//6000 
f 2000//6001 3059//6001 3060//6001 
f 2000//6002 3061//6002 3059//6002 
f 2000//6003 3058//6003 3061//6003 
f 1999//6004 2000//6004 3060//6004 
f 1999//6005 3062//6005 3063//6005 
f 1999//6006 3060//6006 3062//6006 
f 1998//6007 1999//6007 3063//6007 
f 1998//6008 3063//6008 3064//6008 
f 3065//6009 1998//6009 3064//6009 
f 3066//6010 1997//6010 1998//6010 
f 3066//6011 1998//6011 3065//6011 
f 3067//6012 1997//6012 3066//6012 
f 3068//6013 1996//6013 1997//6013 
f 3068//6014 1997//6014 3067//6014 
f 3069//6015 1996//6015 3068//6015 
f 3070//6016 1996//6016 3069//6016 
f 3071//6017 1995//6017 1996//6017 
f 3071//6018 1996//6018 3070//6018 
f 3072//6019 1995//6019 3071//6019 
f 3073//6020 1994//6020 1995//6020 
f 3073//6021 1995//6021 3072//6021 
f 3074//6022 1994//6022 3073//6022 
f 3075//6023 1994//6023 3074//6023 
f 3076//6024 1993//6024 1994//6024 
f 3076//6025 1994//6025 3075//6025 
f 3077//6026 1993//6026 3076//6026 
f 3078//6027 1992//6027 1993//6027 
f 3078//6028 1993//6028 3077//6028 
f 3079//6029 1992//6029 3078//6029 
f 3080//6030 1992//6030 3079//6030 
f 3081//6031 1991//6031 1992//6031 
f 3081//6032 1992//6032 3080//6032 
f 3082//6033 1991//6033 3081//6033 
f 3083//6034 1990//6034 1991//6034 
f 3083//6035 1991//6035 3082//6035 
f 3084//6036 1990//6036 3083//6036 
f 3085//6037 1990//6037 3084//6037 
f 3086//6038 1989//6038 1990//6038 
f 3086//6039 1990//6039 3085//6039 
f 3087//6040 1989//6040 3086//6040 
f 2025//6041 3088//6041 3041//6041 
f 2026//6042 3089//6042 3088//6042 
f 2026//6043 3090//6043 3089//6043 
f 2026//6044 3091//6044 3090//6044 
f 2026//6045 3088//6045 2025//6045 
f 2027//6046 3092//6046 3091//6046 
f 2027//6047 3091//6047 2026//6047 
f 2027//6048 3093//6048 3092//6048 
f 2028//6049 3094//6049 3093//6049 
f 2028//6050 3095//6050 3094//6050 
f 2028//6051 3096//6051 3095//6051 
f 2028//6052 3093//6052 2027//6052 
f 2029//6053 3096//6053 2028//6053 
f 2029//6054 3097//6054 3096//6054 
f 2029//6055 3098//6055 3097//6055 
f 2030//6056 3099//6056 3098//6056 
f 2030//6057 3100//6057 3099//6057 
f 2030//6058 3101//6058 3100//6058 
f 2030//6059 3098//6059 2029//6059 
f 2031//6060 3102//6060 3101//6060 
f 2031//6061 3103//6061 3102//6061 
f 2031//6062 3101//6062 2030//6062 
f 2032//6063 3104//6063 3103//6063 
f 2032//6064 3105//6064 3104//6064 
f 2032//6065 3106//6065 3105//6065 
f 2032//6066 3103//6066 2031//6066 
f 2033//6067 3107//6067 3106//6067 
f 2033//6068 3108//6068 3107//6068 
f 2033//6069 3106//6069 2032//6069 
f 2034//6070 3109//6070 3108//6070 
f 2034//6071 3108//6071 2033//6071 
f 3110//6072 3109//6072 2034//6072 
f 3111//6073 2034//6073 2035//6073 
f 3111//6074 3110//6074 2034//6074 
f 3112//6075 3111//6075 2035//6075 
f 3113//6076 2035//6076 2036//6076 
f 3113//6077 3112//6077 2035//6077 
f 3114//6078 3113//6078 2036//6078 
f 3115//6079 3114//6079 2036//6079 
f 3116//6080 2036//6080 2037//6080 
f 3116//6081 3115//6081 2036//6081 
f 3117//6082 3116//6082 2037//6082 
f 3118//6083 2037//6083 2038//6083 
f 3118//6084 3117//6084 2037//6084 
f 3119//6085 3118//6085 2038//6085 
f 3120//6086 3119//6086 2038//6086 
f 3121//6087 2038//6087 2039//6087 
f 3121//6088 3120//6088 2038//6088 
f 3122//6089 3121//6089 2039//6089 
f 3123//6090 2039//6090 2040//6090 
f 3123//6091 3122//6091 2039//6091 
f 3124//6092 3123//6092 2040//6092 
f 3125//6093 3124//6093 2040//6093 
f 3126//6094 2040//6094 2041//6094 
f 3126//6095 3125//6095 2040//6095 
f 3127//6096 3126//6096 2041//6096 
f 3128//6097 2041//6097 2042//6097 
f 3128//6098 3127//6098 2041//6098 
f 3129//6099 3128//6099 2042//6099 
f 3130//6100 3129//6100 2042//6100 
f 3131//6101 2042//6101 2043//6101 
f 3131//6102 3130//6102 2042//6102 
f 3132//6103 3131//6103 2043//6103 
f 3133//6104 2043//6104 2044//6104 
f 3133//6105 3132//6105 2043//6105 
f 3134//6106 2060//6106 1989//6106 
f 3134//6107 1989//6107 3087//6107 
f 3135//6108 3133//6108 2044//6108 
f 3136//6109 2060//6109 3134//6109 
f 3137//6110 3135//6110 2044//6110 
f 3138//6111 2060//6111 3136//6111 
f 3139//6112 3137//6112 2044//6112 
f 3139//6113 2044//6113 2045//6113 
f 3140//6114 2059//6114 2060//6114 
f 3140//6115 2060//6115 3138//6115 
f 3141//6116 3139//6116 2045//6116 
f 3142//6117 2059//6117 3140//6117 
f 3143//6118 3141//6118 2045//6118 
f 3143//6119 2045//6119 2046//6119 
f 3144//6120 2059//6120 3142//6120 
f 3144//6121 2058//6121 2059//6121 
f 3145//6122 3143//6122 2046//6122 
f 3146//6123 2058//6123 3144//6123 
f 3147//6124 3145//6124 2046//6124 
f 3148//6125 2058//6125 3146//6125 
f 3149//6126 3147//6126 2046//6126 
f 3149//6127 2046//6127 2047//6127 
f 3150//6128 2058//6128 3148//6128 
f 3150//6129 2057//6129 2058//6129 
f 3151//6130 3149//6130 2047//6130 
f 3152//6131 2057//6131 3150//6131 
f 3153//6132 3151//6132 2047//6132 
f 3153//6133 2047//6133 2048//6133 
f 3154//6134 2056//6134 2057//6134 
f 3154//6135 2057//6135 3152//6135 
f 3155//6136 3153//6136 2048//6136 
f 3156//6137 2056//6137 3154//6137 
f 3157//6138 3155//6138 2048//6138 
f 3158//6139 2056//6139 3156//6139 
f 3159//6140 2048//6140 2049//6140 
f 3159//6141 3157//6141 2048//6141 
f 3160//6142 2055//6142 2056//6142 
f 3160//6143 2056//6143 3158//6143 
f 3161//6144 3159//6144 2049//6144 
f 3162//6145 2055//6145 3160//6145 
f 3163//6146 2049//6146 2050//6146 
f 3163//6147 3161//6147 2049//6147 
f 3164//6148 2054//6148 2055//6148 
f 3164//6149 2055//6149 3162//6149 
f 3165//6150 3163//6150 2050//6150 
f 3166//6151 2054//6151 3164//6151 
f 3167//6152 3165//6152 2050//6152 
f 3168//6153 2054//6153 3166//6153 
f 3169//6154 2050//6154 2051//6154 
f 3169//6155 3167//6155 2050//6155 
f 3170//6156 2053//6156 2054//6156 
f 3170//6157 2054//6157 3168//6157 
f 3171//6158 3169//6158 2051//6158 
f 3172//6159 2053//6159 3170//6159 
f 3173//6160 2051//6160 2052//6160 
f 3173//6161 3171//6161 2051//6161 
f 3174//6162 2052//6162 2053//6162 
f 3174//6163 2053//6163 3172//6163 
f 3175//6164 3173//6164 2052//6164 
f 3176//6165 2052//6165 3174//6165 
f 3176//6166 3175//6166 2052//6166 
f 3177//6167 3087//6167 3086//6167 
f 3178//6168 3177//6168 3086//6168 
f 3179//6169 3086//6169 3085//6169 
f 3179//6170 3178//6170 3086//6170 
f 3180//6171 3085//6171 3084//6171 
f 3180//6172 3179//6172 3085//6172 
f 3181//6173 3084//6173 3083//6173 
f 3181//6174 3180//6174 3084//6174 
f 3182//6175 3083//6175 3082//6175 
f 3182//6176 3181//6176 3083//6176 
f 3182//6177 3082//6177 3081//6177 
f 3183//6178 3182//6178 3081//6178 
f 3184//6179 3081//6179 3080//6179 
f 3184//6180 3183//6180 3081//6180 
f 3184//6181 3080//6181 3079//6181 
f 3185//6182 3079//6182 3078//6182 
f 3185//6183 3184//6183 3079//6183 
f 3186//6184 3185//6184 3078//6184 
f 3187//6185 3078//6185 3077//6185 
f 3187//6186 3186//6186 3078//6186 
f 3188//6187 3077//6187 3076//6187 
f 3188//6188 3187//6188 3077//6188 
f 3189//6189 3076//6189 3075//6189 
f 3189//6190 3188//6190 3076//6190 
f 3190//6191 3075//6191 3074//6191 
f 3190//6192 3189//6192 3075//6192 
f 3191//6193 3074//6193 3073//6193 
f 3191//6194 3190//6194 3074//6194 
f 3192//6195 3073//6195 3072//6195 
f 3192//6196 3191//6196 3073//6196 
f 3193//6197 3072//6197 3071//6197 
f 3193//6198 3192//6198 3072//6198 
f 3194//6199 3071//6199 3070//6199 
f 3194//6200 3193//6200 3071//6200 
f 3195//6201 3070//6201 3069//6201 
f 3195//6202 3194//6202 3070//6202 
f 3196//6203 3069//6203 3068//6203 
f 3196//6204 3068//6204 3067//6204 
f 3196//6205 3195//6205 3069//6205 
f 3197//6206 3196//6206 3067//6206 
f 3198//6207 3067//6207 3066//6207 
f 3198//6208 3066//6208 3065//6208 
f 3198//6209 3197//6209 3067//6209 
f 3199//6210 3198//6210 3065//6210 
f 3200//6211 3065//6211 3064//6211 
f 3200//6212 3064//6212 3063//6212 
f 3200//6213 3199//6213 3065//6213 
f 3201//6214 3200//6214 3063//6214 
f 3202//6215 3063//6215 3062//6215 
f 3202//6216 3062//6216 3060//6216 
f 3202//6217 3201//6217 3063//6217 
f 3203//6218 3060//6218 3059//6218 
f 3203//6219 3202//6219 3060//6219 
f 3204//6220 3203//6220 3059//6220 
f 3205//6221 3059//6221 3061//6221 
f 3205//6222 3204//6222 3059//6222 
f 3206//6223 3061//6223 3058//6223 
f 3206//6224 3205//6224 3061//6224 
f 3207//6225 3206//6225 3058//6225 
f 3207//6226 3058//6226 3057//6226 
f 3208//6227 3207//6227 3057//6227 
f 3208//6228 3057//6228 3055//6228 
f 3209//6229 3208//6229 3055//6229 
f 3209//6230 3055//6230 3054//6230 
f 3210//6231 3209//6231 3054//6231 
f 3210//6232 3054//6232 3056//6232 
f 3211//6233 3210//6233 3056//6233 
f 3211//6234 3056//6234 3053//6234 
f 3211//6235 3053//6235 3052//6235 
f 3212//6236 3211//6236 3052//6236 
f 3213//6237 3212//6237 3052//6237 
f 3213//6238 3052//6238 3050//6238 
f 3214//6239 3213//6239 3050//6239 
f 3214//6240 3050//6240 3049//6240 
f 3215//6241 3214//6241 3049//6241 
f 3215//6242 3049//6242 3051//6242 
f 3216//6243 3051//6243 3048//6243 
f 3216//6244 3215//6244 3051//6244 
f 3217//6245 3048//6245 3047//6245 
f 3217//6246 3047//6246 3045//6246 
f 3217//6247 3216//6247 3048//6247 
f 3218//6248 3217//6248 3045//6248 
f 3219//6249 3045//6249 3044//6249 
f 3219//6250 3218//6250 3045//6250 
f 3220//6251 3044//6251 3046//6251 
f 3220//6252 3219//6252 3044//6252 
f 3221//6253 3046//6253 3043//6253 
f 3221//6254 3043//6254 3042//6254 
f 3221//6255 3220//6255 3046//6255 
f 3222//6256 3221//6256 3042//6256 
f 3223//6257 3042//6257 3039//6257 
f 3223//6258 3222//6258 3042//6258 
f 3224//6259 3039//6259 3038//6259 
f 3224//6260 3223//6260 3039//6260 
f 3225//6261 3038//6261 3040//6261 
f 3225//6262 3224//6262 3038//6262 
f 3226//6263 3040//6263 3034//6263 
f 3226//6264 3225//6264 3040//6264 
f 3227//6265 3034//6265 3033//6265 
f 3227//6266 3226//6266 3034//6266 
f 3228//6267 3033//6267 3029//6267 
f 3228//6268 3227//6268 3033//6268 
f 3229//6269 3029//6269 3028//6269 
f 3229//6270 3228//6270 3029//6270 
f 3230//6271 3028//6271 3030//6271 
f 3230//6272 3229//6272 3028//6272 
f 3231//6273 3030//6273 3024//6273 
f 3231//6274 3230//6274 3030//6274 
f 3232//6275 3231//6275 3024//6275 
f 3232//6276 3024//6276 3023//6276 
f 3233//6277 3232//6277 3023//6277 
f 3233//6278 3023//6278 3019//6278 
f 3234//6279 3233//6279 3019//6279 
f 3234//6280 3019//6280 3018//6280 
f 3235//6281 3234//6281 3018//6281 
f 3235//6282 3018//6282 3020//6282 
f 3236//6283 3235//6283 3020//6283 
f 3236//6284 3020//6284 3014//6284 
f 3236//6285 3014//6285 3013//6285 
f 3237//6286 3236//6286 3013//6286 
f 3238//6287 3237//6287 3013//6287 
f 3238//6288 3013//6288 3007//6288 
f 3239//6289 3238//6289 3007//6289 
f 3239//6290 3007//6290 3006//6290 
f 3240//6291 3239//6291 3006//6291 
f 3240//6292 3006//6292 3005//6292 
f 3241//6293 3240//6293 3005//6293 
f 3241//6294 3005//6294 3002//6294 
f 3242//6295 3241//6295 3002//6295 
f 3242//6296 3002//6296 3001//6296 
f 3243//6297 3242//6297 3001//6297 
f 3243//6298 3001//6298 2998//6298 
f 3244//6299 3243//6299 2998//6299 
f 3244//6300 2998//6300 2997//6300 
f 3244//6301 2997//6301 2999//6301 
f 3245//6302 3244//6302 2999//6302 
f 3246//6303 3245//6303 2999//6303 
f 3246//6304 2999//6304 3000//6304 
f 3247//6305 3246//6305 3000//6305 
f 3247//6306 3000//6306 3003//6306 
f 3248//6307 3247//6307 3003//6307 
f 3248//6308 3003//6308 3004//6308 
f 3249//6309 3004//6309 3008//6309 
f 3249//6310 3248//6310 3004//6310 
f 3249//6311 3008//6311 3009//6311 
f 3250//6312 3249//6312 3009//6312 
f 3251//6313 3009//6313 3010//6313 
f 3251//6314 3250//6314 3009//6314 
f 3252//6315 3010//6315 3011//6315 
f 3252//6316 3251//6316 3010//6316 
f 3253//6317 3011//6317 3012//6317 
f 3253//6318 3252//6318 3011//6318 
f 3254//6319 3012//6319 3015//6319 
f 3254//6320 3253//6320 3012//6320 
f 3255//6321 3015//6321 3016//6321 
f 3255//6322 3254//6322 3015//6322 
f 3256//6323 3016//6323 3017//6323 
f 3256//6324 3255//6324 3016//6324 
f 3257//6325 3256//6325 3017//6325 
f 3257//6326 3017//6326 3021//6326 
f 3258//6327 3257//6327 3021//6327 
f 3258//6328 3021//6328 3022//6328 
f 3259//6329 3258//6329 3022//6329 
f 3259//6330 3022//6330 3025//6330 
f 3260//6331 3259//6331 3025//6331 
f 3260//6332 3025//6332 3026//6332 
f 3260//6333 3026//6333 3027//6333 
f 3261//6334 3260//6334 3027//6334 
f 3261//6335 3027//6335 3031//6335 
f 3262//6336 3261//6336 3031//6336 
f 3263//6337 3262//6337 3031//6337 
f 3263//6338 3031//6338 3032//6338 
f 3263//6339 3032//6339 3035//6339 
f 3264//6340 3263//6340 3035//6340 
f 3265//6341 3264//6341 3035//6341 
f 3265//6342 3035//6342 3036//6342 
f 3265//6343 3036//6343 3037//6343 
f 3266//6344 3265//6344 3037//6344 
f 3267//6345 3266//6345 3037//6345 
f 3267//6346 3037//6346 3041//6346 
f 3267//6347 3041//6347 3088//6347 
f 3268//6348 3267//6348 3088//6348 
f 3269//6349 3088//6349 3089//6349 
f 3269//6350 3268//6350 3088//6350 
f 3270//6351 3089//6351 3090//6351 
f 3270//6352 3269//6352 3089//6352 
f 3271//6353 3090//6353 3091//6353 
f 3271//6354 3091//6354 3092//6354 
f 3271//6355 3270//6355 3090//6355 
f 3272//6356 3271//6356 3092//6356 
f 3273//6357 3272//6357 3092//6357 
f 3273//6358 3092//6358 3093//6358 
f 3274//6359 3093//6359 3094//6359 
f 3274//6360 3273//6360 3093//6360 
f 3275//6361 3094//6361 3095//6361 
f 3275//6362 3095//6362 3096//6362 
f 3275//6363 3274//6363 3094//6363 
f 3276//6364 3096//6364 3097//6364 
f 3276//6365 3275//6365 3096//6365 
f 3277//6366 3276//6366 3097//6366 
f 3278//6367 3097//6367 3098//6367 
f 3278//6368 3277//6368 3097//6368 
f 3279//6369 3098//6369 3099//6369 
f 3279//6370 3278//6370 3098//6370 
f 3280//6371 3099//6371 3100//6371 
f 3280//6372 3279//6372 3099//6372 
f 3281//6373 3100//6373 3101//6373 
f 3281//6374 3101//6374 3102//6374 
f 3281//6375 3280//6375 3100//6375 
f 3282//6376 3281//6376 3102//6376 
f 3283//6377 3102//6377 3103//6377 
f 3283//6378 3103//6378 3104//6378 
f 3283//6379 3282//6379 3102//6379 
f 3284//6380 3283//6380 3104//6380 
f 3285//6381 3104//6381 3105//6381 
f 3285//6382 3284//6382 3104//6382 
f 3286//6383 3105//6383 3106//6383 
f 3286//6384 3106//6384 3107//6384 
f 3286//6385 3285//6385 3105//6385 
f 3287//6386 3286//6386 3107//6386 
f 3288//6387 3107//6387 3108//6387 
f 3288//6388 3287//6388 3107//6388 
f 3289//6389 3108//6389 3109//6389 
f 3289//6390 3288//6390 3108//6390 
f 3290//6391 3109//6391 3110//6391 
f 3290//6392 3110//6392 3111//6392 
f 3290//6393 3289//6393 3109//6393 
f 3291//6394 3111//6394 3112//6394 
f 3291//6395 3290//6395 3111//6395 
f 3292//6396 3291//6396 3112//6396 
f 3293//6397 3112//6397 3113//6397 
f 3293//6398 3113//6398 3114//6398 
f 3293//6399 3292//6399 3112//6399 
f 3294//6400 3114//6400 3115//6400 
f 3294//6401 3293//6401 3114//6401 
f 3295//6402 3294//6402 3115//6402 
f 3296//6403 3115//6403 3116//6403 
f 3296//6404 3116//6404 3117//6404 
f 3296//6405 3295//6405 3115//6405 
f 3297//6406 3296//6406 3117//6406 
f 3298//6407 3297//6407 3117//6407 
f 3298//6408 3117//6408 3118//6408 
f 3298//6409 3118//6409 3119//6409 
f 3299//6410 3298//6410 3119//6410 
f 3300//6411 3299//6411 3119//6411 
f 3300//6412 3119//6412 3120//6412 
f 3300//6413 3120//6413 3121//6413 
f 3301//6414 3300//6414 3121//6414 
f 3302//6415 3301//6415 3121//6415 
f 3302//6416 3121//6416 3122//6416 
f 3303//6417 3302//6417 3122//6417 
f 3303//6418 3122//6418 3123//6418 
f 3303//6419 3123//6419 3124//6419 
f 3304//6420 3303//6420 3124//6420 
f 3305//6421 3304//6421 3124//6421 
f 3305//6422 3124//6422 3125//6422 
f 3305//6423 3125//6423 3126//6423 
f 3306//6424 3305//6424 3126//6424 
f 3307//6425 3306//6425 3126//6425 
f 3307//6426 3126//6426 3127//6426 
f 3308//6427 3127//6427 3128//6427 
f 3308//6428 3128//6428 3129//6428 
f 3308//6429 3307//6429 3127//6429 
f 3309//6430 3308//6430 3129//6430 
f 3310//6431 3129//6431 3130//6431 
f 3310//6432 3309//6432 3129//6432 
f 3311//6433 3130//6433 3131//6433 
f 3311//6434 3310//6434 3130//6434 
f 3312//6435 3131//6435 3132//6435 
f 3312//6436 3311//6436 3131//6436 
f 3313//6437 3132//6437 3133//6437 
f 3313//6438 3312//6438 3132//6438 
f 3314//6439 3133//6439 3135//6439 
f 3314//6440 3313//6440 3133//6440 
f 3315//6441 3135//6441 3137//6441 
f 3315//6442 3314//6442 3135//6442 
f 3316//6443 3137//6443 3139//6443 
f 3316//6444 3315//6444 3137//6444 
f 3317//6445 3139//6445 3141//6445 
f 3317//6446 3316//6446 3139//6446 
f 3318//6447 3141//6447 3143//6447 
f 3318//6448 3317//6448 3141//6448 
f 3319//6449 3143//6449 3145//6449 
f 3319//6450 3318//6450 3143//6450 
f 3320//6451 3145//6451 3147//6451 
f 3320//6452 3319//6452 3145//6452 
f 3321//6453 3147//6453 3149//6453 
f 3321//6454 3320//6454 3147//6454 
f 3322//6455 3321//6455 3149//6455 
f 3322//6456 3149//6456 3151//6456 
f 3323//6457 3322//6457 3151//6457 
f 3323//6458 3151//6458 3153//6458 
f 3323//6459 3153//6459 3155//6459 
f 3324//6460 3323//6460 3155//6460 
f 3325//6461 3324//6461 3155//6461 
f 3325//6462 3155//6462 3157//6462 
f 3326//6463 3325//6463 3157//6463 
f 3326//6464 3157//6464 3159//6464 
f 3327//6465 3326//6465 3159//6465 
f 3327//6466 3159//6466 3161//6466 
f 3327//6467 3161//6467 3163//6467 
f 3328//6468 3327//6468 3163//6468 
f 3329//6469 3328//6469 3163//6469 
f 3329//6470 3163//6470 3165//6470 
f 3329//6471 3165//6471 3167//6471 
f 3330//6472 3329//6472 3167//6472 
f 3331//6473 3330//6473 3167//6473 
f 3331//6474 3167//6474 3169//6474 
f 3332//6475 3331//6475 3169//6475 
f 3332//6476 3169//6476 3171//6476 
f 3332//6477 3171//6477 3173//6477 
f 3333//6478 3332//6478 3173//6478 
f 3334//6479 3333//6479 3173//6479 
f 3334//6480 3173//6480 3175//6480 
f 3335//6481 3334//6481 3175//6481 
f 3335//6482 3175//6482 3176//6482 
f 3336//6483 3335//6483 3176//6483 
f 3336//6484 3176//6484 3174//6484 
f 3337//6485 3336//6485 3174//6485 
f 3337//6486 3174//6486 3172//6486 
f 3338//6487 3337//6487 3172//6487 
f 3338//6488 3172//6488 3170//6488 
f 3339//6489 3170//6489 3168//6489 
f 3339//6490 3338//6490 3170//6490 
f 3340//6491 3339//6491 3168//6491 
f 3340//6492 3168//6492 3166//6492 
f 3341//6493 3166//6493 3164//6493 
f 3341//6494 3340//6494 3166//6494 
f 3342//6495 3164//6495 3162//6495 
f 3342//6496 3341//6496 3164//6496 
f 3343//6497 3162//6497 3160//6497 
f 3343//6498 3342//6498 3162//6498 
f 3344//6499 3160//6499 3158//6499 
f 3344//6500 3343//6500 3160//6500 
f 3345//6501 3158//6501 3156//6501 
f 3345//6502 3344//6502 3158//6502 
f 3346//6503 3156//6503 3154//6503 
f 3346//6504 3345//6504 3156//6504 
f 3347//6505 3346//6505 3154//6505 
f 3347//6506 3154//6506 3152//6506 
f 3347//6507 3152//6507 3150//6507 
f 3348//6508 3347//6508 3150//6508 
f 3349//6509 3348//6509 3150//6509 
f 3349//6510 3150//6510 3148//6510 
f 3350//6511 3349//6511 3148//6511 
f 3350//6512 3148//6512 3146//6512 
f 3351//6513 3350//6513 3146//6513 
f 3351//6514 3146//6514 3144//6514 
f 3352//6515 3351//6515 3144//6515 
f 3352//6516 3144//6516 3142//6516 
f 3353//6517 3352//6517 3142//6517 
f 3353//6518 3142//6518 3140//6518 
f 3353//6519 3140//6519 3138//6519 
f 3354//6520 3353//6520 3138//6520 
f 3355//6521 3354//6521 3138//6521 
f 3355//6522 3138//6522 3136//6522 
f 3356//6523 3355//6523 3136//6523 
f 3356//6524 3136//6524 3134//6524 
f 3177//6525 3356//6525 3134//6525 
f 3177//6526 3134//6526 3087//6526 
f 3245//6527 3248//6527 3244//6527 
f 3246//6528 3248//6528 3245//6528 
f 3247//6529 3248//6529 3246//6529 
f 3248//6530 3249//6530 3244//6530 
f 3241//6531 3249//6531 3240//6531 
f 3242//6532 3249//6532 3241//6532 
f 3243//6533 3249//6533 3242//6533 
f 3244//6534 3249//6534 3243//6534 
f 3250//6535 3251//6535 3249//6535 
f 3239//6536 3237//6536 3238//6536 
f 3240//6537 3237//6537 3239//6537 
f 3249//6538 3253//6538 3240//6538 
f 3251//6539 3253//6539 3249//6539 
f 3240//6540 3253//6540 3237//6540 
f 3252//6541 3253//6541 3251//6541 
f 3235//6542 3233//6542 3234//6542 
f 3236//6543 3233//6543 3235//6543 
f 3237//6544 3233//6544 3236//6544 
f 3255//6545 3256//6545 3254//6545 
f 3237//6546 3232//6546 3233//6546 
f 3231//6547 3229//6547 3230//6547 
f 3259//6548 3260//6548 3258//6548 
f 3253//6549 3261//6549 3237//6549 
f 3256//6550 3261//6550 3254//6550 
f 3260//6551 3261//6551 3258//6551 
f 3254//6552 3261//6552 3253//6552 
f 3257//6553 3261//6553 3256//6553 
f 3258//6554 3261//6554 3257//6554 
f 3237//6555 3227//6555 3232//6555 
f 3231//6556 3227//6556 3229//6556 
f 3229//6557 3227//6557 3228//6557 
f 3261//6558 3227//6558 3237//6558 
f 3232//6559 3227//6559 3231//6559 
f 3262//6560 3263//6560 3261//6560 
f 3226//6561 3224//6561 3225//6561 
f 3265//6562 3266//6562 3264//6562 
f 3224//6563 3222//6563 3223//6563 
f 3261//6564 3267//6564 3227//6564 
f 3263//6565 3267//6565 3261//6565 
f 3266//6566 3267//6566 3264//6566 
f 3264//6567 3267//6567 3263//6567 
f 3226//6568 3221//6568 3224//6568 
f 3224//6569 3221//6569 3222//6569 
f 3227//6570 3220//6570 3226//6570 
f 3226//6571 3220//6571 3221//6571 
f 3227//6572 3219//6572 3220//6572 
f 3218//6573 3216//6573 3217//6573 
f 3219//6574 3216//6574 3218//6574 
f 3216//6575 3214//6575 3215//6575 
f 3216//6576 3213//6576 3214//6576 
f 3216//6577 3212//6577 3213//6577 
f 3219//6578 3212//6578 3216//6578 
f 3219//6579 3211//6579 3212//6579 
f 3219//6580 3209//6580 3211//6580 
f 3211//6581 3209//6581 3210//6581 
f 3227//6582 3209//6582 3219//6582 
f 3208//6583 3206//6583 3207//6583 
f 3209//6584 3206//6584 3208//6584 
f 3209//6585 3205//6585 3206//6585 
f 3209//6586 3204//6586 3205//6586 
f 3204//6587 3202//6587 3203//6587 
f 3204//6588 3201//6588 3202//6588 
f 3209//6589 3199//6589 3204//6589 
f 3204//6590 3199//6590 3201//6590 
f 3201//6591 3199//6591 3200//6591 
f 3199//6592 3197//6592 3198//6592 
f 3199//6593 3196//6593 3197//6593 
f 3196//6594 3194//6594 3195//6594 
f 3199//6595 3194//6595 3196//6595 
f 3199//6596 3193//6596 3194//6596 
f 3193//6597 3191//6597 3192//6597 
f 3193//6598 3190//6598 3191//6598 
f 3227//6599 3186//6599 3209//6599 
f 3188//6600 3186//6600 3187//6600 
f 3189//6601 3186//6601 3188//6601 
f 3190//6602 3186//6602 3189//6602 
f 3209//6603 3186//6603 3199//6603 
f 3199//6604 3186//6604 3193//6604 
f 3193//6605 3186//6605 3190//6605 
f 3185//6606 3183//6606 3184//6606 
f 3186//6607 3183//6607 3185//6607 
f 3182//6608 3180//6608 3181//6608 
f 3183//6609 3180//6609 3182//6609 
f 3186//6610 3180//6610 3183//6610 
f 3227//6611 3179//6611 3186//6611 
f 3186//6612 3179//6612 3180//6612 
f 3267//6613 3179//6613 3227//6613 
f 3179//6614 3177//6614 3178//6614 
f 3267//6615 3177//6615 3179//6615 
f 3268//6616 3269//6616 3267//6616 
f 3269//6617 3270//6617 3267//6617 
f 3271//6618 3272//6618 3270//6618 
f 3272//6619 3275//6619 3270//6619 
f 3273//6620 3275//6620 3272//6620 
f 3274//6621 3275//6621 3273//6621 
f 3276//6622 3278//6622 3275//6622 
f 3277//6623 3278//6623 3276//6623 
f 3278//6624 3279//6624 3275//6624 
f 3280//6625 3281//6625 3279//6625 
f 3281//6626 3282//6626 3279//6626 
f 3282//6627 3283//6627 3279//6627 
f 3285//6628 3286//6628 3284//6628 
f 3275//6629 3287//6629 3270//6629 
f 3279//6630 3287//6630 3275//6630 
f 3283//6631 3287//6631 3279//6631 
f 3284//6632 3287//6632 3283//6632 
f 3286//6633 3287//6633 3284//6633 
f 3288//6634 3290//6634 3287//6634 
f 3289//6635 3290//6635 3288//6635 
f 3290//6636 3291//6636 3287//6636 
f 3292//6637 3293//6637 3291//6637 
f 3291//6638 3293//6638 3287//6638 
f 3287//6639 3293//6639 3270//6639 
f 3293//6640 3294//6640 3270//6640 
f 3295//6641 3297//6641 3294//6641 
f 3296//6642 3297//6642 3295//6642 
f 3298//6643 3301//6643 3297//6643 
f 3299//6644 3301//6644 3298//6644 
f 3300//6645 3301//6645 3299//6645 
f 3297//6646 3301//6646 3294//6646 
f 3301//6647 3302//6647 3294//6647 
f 3303//6648 3304//6648 3302//6648 
f 3304//6649 3305//6649 3302//6649 
f 3306//6650 3308//6650 3305//6650 
f 3307//6651 3308//6651 3306//6651 
f 3305//6652 3308//6652 3302//6652 
f 3309//6653 3312//6653 3308//6653 
f 3310//6654 3312//6654 3309//6654 
f 3311//6655 3312//6655 3310//6655 
f 3267//6656 3356//6656 3177//6656 
f 3270//6657 3356//6657 3267//6657 
f 3294//6658 3356//6658 3270//6658 
f 3302//6659 3356//6659 3294//6659 
f 3313//6660 3314//6660 3312//6660 
f 3312//6661 3315//6661 3308//6661 
f 3314//6662 3315//6662 3312//6662 
f 3356//6663 3354//6663 3355//6663 
f 3316//6664 3317//6664 3315//6664 
f 3315//6665 3317//6665 3308//6665 
f 3356//6666 3352//6666 3354//6666 
f 3354//6667 3352//6667 3353//6667 
f 3318//6668 3319//6668 3317//6668 
f 3319//6669 3320//6669 3317//6669 
f 3351//6670 3349//6670 3350//6670 
f 3352//6671 3349//6671 3351//6671 
f 3320//6672 3322//6672 3317//6672 
f 3321//6673 3322//6673 3320//6673 
f 3352//6674 3347//6674 3349//6674 
f 3349//6675 3347//6675 3348//6675 
f 3352//6676 3346//6676 3347//6676 
f 3356//6677 3346//6677 3352//6677 
f 3322//6678 3324//6678 3317//6678 
f 3323//6679 3324//6679 3322//6679 
f 3317//6680 3324//6680 3308//6680 
f 3356//6681 3345//6681 3346//6681 
f 3325//6682 3327//6682 3324//6682 
f 3326//6683 3327//6683 3325//6683 
f 3344//6684 3342//6684 3343//6684 
f 3327//6685 3329//6685 3324//6685 
f 3328//6686 3329//6686 3327//6686 
f 3342//6687 3340//6687 3341//6687 
f 3356//6688 3339//6688 3345//6688 
f 3344//6689 3339//6689 3342//6689 
f 3342//6690 3339//6690 3340//6690 
f 3345//6691 3339//6691 3344//6691 
f 3329//6692 3331//6692 3324//6692 
f 3330//6693 3331//6693 3329//6693 
f 3331//6694 3332//6694 3324//6694 
f 3324//6695 3336//6695 3308//6695 
f 3308//6696 3336//6696 3302//6696 
f 3356//6697 3336//6697 3339//6697 
f 3302//6698 3336//6698 3356//6698 
f 3338//6699 3336//6699 3337//6699 
f 3339//6700 3336//6700 3338//6700 
f 3333//6701 3334//6701 3332//6701 
f 3332//6702 3335//6702 3324//6702 
f 3324//6703 3335//6703 3336//6703 
f 3334//6704 3335//6704 3332//6704 
f 3357//6705 3358//6705 3359//6705 
f 3360//6706 3361//6706 3362//6706 
f 3358//6707 3361//6707 3360//6707 
f 3363//6708 3358//6708 3360//6708 
f 3359//6709 3358//6709 3363//6709 
f 3364//6710 3363//6710 3365//6710 
f 3364//6711 3359//6711 3363//6711 
f 3366//6712 3358//6712 3357//6712 
f 3366//6713 3361//6713 3358//6713 
f 3367//6714 3357//6714 3359//6714 
f 3367//6715 3359//6715 3364//6715 
f 3367//6716 3366//6716 3357//6716 
f 3368//6717 3369//6717 3370//6717 
f 3371//6718 3368//6718 3370//6718 
f 3372//6719 3371//6719 3373//6719 
f 3374//6720 3373//6720 3371//6720 
f 3375//6721 3371//6721 3372//6721 
f 3376//6722 3374//6722 3371//6722 
f 3377//6723 3371//6723 3375//6723 
f 3378//6724 3371//6724 3377//6724 
f 3379//6725 3376//6725 3371//6725 
f 3380//6726 3371//6726 3378//6726 
f 3381//6727 3379//6727 3371//6727 
f 3382//6728 3371//6728 3380//6728 
f 3382//6729 3368//6729 3371//6729 
f 3383//6730 3381//6730 3371//6730 
f 3384//6731 3368//6731 3382//6731 
f 3385//6732 3368//6732 3384//6732 
f 3386//6733 3383//6733 3371//6733 
f 3387//6734 3386//6734 3371//6734 
f 3388//6735 3368//6735 3385//6735 
f 3389//6736 3368//6736 3388//6736 
f 3390//6737 3368//6737 3389//6737 
f 3391//6738 3368//6738 3390//6738 
f 3392//6739 3368//6739 3391//6739 
f 3393//6740 3368//6740 3392//6740 
f 3394//6741 3368//6741 3393//6741 
f 3395//6742 3370//6742 3369//6742 
f 3396//6743 3368//6743 3394//6743 
f 3397//6744 3395//6744 3369//6744 
f 3398//6745 3368//6745 3396//6745 
f 3399//6746 3368//6746 3398//6746 
f 3400//6747 3368//6747 3399//6747 
f 3401//6748 3368//6748 3400//6748 
f 3402//6749 3368//6749 3401//6749 
f 3403//6750 3368//6750 3402//6750 
f 3404//6751 3405//6751 3406//6751 
f 3404//6752 3406//6752 3407//6752 
f 3404//6753 3407//6753 3408//6753 
f 3409//6754 3405//6754 3404//6754 
f 3410//6755 3404//6755 3408//6755 
f 3411//6756 3408//6756 3412//6756 
f 3411//6757 3412//6757 3413//6757 
f 3411//6758 3410//6758 3408//6758 
f 3414//6759 3405//6759 3409//6759 
f 3415//6760 3405//6760 3414//6760 
f 3416//6761 3411//6761 3413//6761 
f 3416//6762 3413//6762 3417//6762 
f 3416//6763 3417//6763 3418//6763 
f 3419//6764 3405//6764 3415//6764 
f 3420//6765 3416//6765 3418//6765 
f 3420//6766 3418//6766 3421//6766 
f 3422//6767 3405//6767 3419//6767 
f 3423//6768 3421//6768 3424//6768 
f 3423//6769 3424//6769 3425//6769 
f 3423//6770 3420//6770 3421//6770 
f 3426//6771 3405//6771 3422//6771 
f 3427//6772 3405//6772 3426//6772 
f 3428//6773 3423//6773 3425//6773 
f 3428//6774 3397//6774 3369//6774 
f 3428//6775 3425//6775 3397//6775 
f 3429//6776 3430//6776 3431//6776 
f 3429//6777 3431//6777 3432//6777 
f 3429//6778 3432//6778 3433//6778 
f 3429//6779 3433//6779 3434//6779 
f 3429//6780 3434//6780 3435//6780 
f 3429//6781 3435//6781 3436//6781 
f 3429//6782 3436//6782 3437//6782 
f 3429//6783 3437//6783 3438//6783 
f 3429//6784 3438//6784 3439//6784 
f 3429//6785 3439//6785 3440//6785 
f 3429//6786 3440//6786 3441//6786 
f 3442//6787 3368//6787 3403//6787 
f 3443//6788 3442//6788 3429//6788 
f 3444//6789 3442//6789 3443//6789 
f 3445//6790 3442//6790 3444//6790 
f 3446//6791 3442//6791 3445//6791 
f 3447//6792 3442//6792 3446//6792 
f 3448//6793 3442//6793 3447//6793 
f 3449//6794 3442//6794 3448//6794 
f 3450//6795 3442//6795 3449//6795 
f 3451//6796 3442//6796 3450//6796 
f 3452//6797 3442//6797 3451//6797 
f 3453//6798 3442//6798 3452//6798 
f 3454//6799 3368//6799 3442//6799 
f 3454//6800 3442//6800 3453//6800 
f 3455//6801 3456//6801 3457//6801 
f 3458//6802 3428//6802 3369//6802 
f 3459//6803 3456//6803 3455//6803 
f 3460//6804 3459//6804 3455//6804 
f 3461//6805 3460//6805 3455//6805 
f 3462//6806 3463//6806 3458//6806 
f 3462//6807 3458//6807 3369//6807 
f 3464//6808 3462//6808 3369//6808 
f 3465//6809 3466//6809 3467//6809 
f 3468//6810 3469//6810 3464//6810 
f 3470//6811 3464//6811 3469//6811 
f 3471//6812 3468//6812 3464//6812 
f 3472//6813 3464//6813 3470//6813 
f 3473//6814 3464//6814 3369//6814 
f 3473//6815 3471//6815 3464//6815 
f 3474//6816 3464//6816 3472//6816 
f 3475//6817 3464//6817 3474//6817 
f 3476//6818 3464//6818 3475//6818 
f 3477//6819 3464//6819 3476//6819 
f 3478//6820 3477//6820 3479//6820 
f 3478//6821 3464//6821 3477//6821 
f 3480//6822 3478//6822 3479//6822 
f 3481//6823 3478//6823 3480//6823 
f 3482//6824 3478//6824 3481//6824 
f 3483//6825 3478//6825 3482//6825 
f 3484//6826 3483//6826 3485//6826 
f 3484//6827 3485//6827 3486//6827 
f 3484//6828 3486//6828 3487//6828 
f 3484//6829 3487//6829 3488//6829 
f 3484//6830 3478//6830 3483//6830 
f 3489//6831 3473//6831 3369//6831 
f 3490//6832 3478//6832 3484//6832 
f 3491//6833 3492//6833 3489//6833 
f 3493//6834 3489//6834 3492//6834 
f 3493//6835 3494//6835 3489//6835 
f 3495//6836 3494//6836 3493//6836 
f 3496//6837 3491//6837 3489//6837 
f 3496//6838 3497//6838 3491//6838 
f 3498//6839 3494//6839 3495//6839 
f 3499//6840 3496//6840 3489//6840 
f 3500//6841 3494//6841 3498//6841 
f 3501//6842 3499//6842 3489//6842 
f 3502//6843 3494//6843 3500//6843 
f 3503//6844 3501//6844 3489//6844 
f 3504//6845 3494//6845 3502//6845 
f 3505//6846 3494//6846 3504//6846 
f 3506//6847 3489//6847 3369//6847 
f 3506//6848 3503//6848 3489//6848 
f 3507//6849 3508//6849 3494//6849 
f 3509//6850 3507//6850 3494//6850 
f 3510//6851 3494//6851 3505//6851 
f 3510//6852 3509//6852 3494//6852 
f 3511//6853 3510//6853 3505//6853 
f 3512//6854 3511//6854 3505//6854 
f 3513//6855 3512//6855 3505//6855 
f 3514//6856 3513//6856 3505//6856 
f 3515//6857 3514//6857 3505//6857 
f 3516//6858 3515//6858 3505//6858 
f 3517//6859 3506//6859 3369//6859 
f 3518//6860 3519//6860 3520//6860 
f 3518//6861 3520//6861 3521//6861 
f 3518//6862 3521//6862 3522//6862 
f 3518//6863 3522//6863 3523//6863 
f 3518//6864 3523//6864 3524//6864 
f 3518//6865 3524//6865 3525//6865 
f 3526//6866 3519//6866 3518//6866 
f 3526//6867 3527//6867 3519//6867 
f 3528//6868 3527//6868 3526//6868 
f 3528//6869 3529//6869 3527//6869 
f 3530//6870 3529//6870 3528//6870 
f 3530//6871 3531//6871 3529//6871 
f 3532//6872 3531//6872 3530//6872 
f 3532//6873 3533//6873 3531//6873 
f 3534//6874 3533//6874 3532//6874 
f 3535//6875 3533//6875 3534//6875 
f 3535//6876 3536//6876 3533//6876 
f 3537//6877 3538//6877 3536//6877 
f 3537//6878 3536//6878 3535//6878 
f 3539//6879 3540//6879 3538//6879 
f 3539//6880 3538//6880 3537//6880 
f 3541//6881 3542//6881 3540//6881 
f 3541//6882 3540//6882 3539//6882 
f 3543//6883 3542//6883 3541//6883 
f 3544//6884 3542//6884 3543//6884 
f 3545//6885 3546//6885 3547//6885 
f 3548//6886 3547//6886 3549//6886 
f 3548//6887 3549//6887 3550//6887 
f 3548//6888 3545//6888 3547//6888 
f 3551//6889 3552//6889 3546//6889 
f 3551//6890 3546//6890 3545//6890 
f 3553//6891 3552//6891 3551//6891 
f 3554//6892 3548//6892 3550//6892 
f 3554//6893 3550//6893 3555//6893 
f 3554//6894 3556//6894 3548//6894 
f 3557//6895 3552//6895 3553//6895 
f 3558//6896 3555//6896 3559//6896 
f 3558//6897 3554//6897 3555//6897 
f 3560//6898 3552//6898 3557//6898 
f 3561//6899 3559//6899 3562//6899 
f 3561//6900 3562//6900 3563//6900 
f 3561//6901 3558//6901 3559//6901 
f 3564//6902 3552//6902 3560//6902 
f 3565//6903 3561//6903 3563//6903 
f 3565//6904 3563//6904 3517//6904 
f 3566//6905 3552//6905 3564//6905 
f 3567//6906 3552//6906 3566//6906 
f 3568//6907 3565//6907 3517//6907 
f 3568//6908 3517//6908 3369//6908 
f 3569//6909 3568//6909 3369//6909 
f 3570//6910 3571//6910 3572//6910 
f 3570//6911 3572//6911 3573//6911 
f 3570//6912 3573//6912 3574//6912 
f 3570//6913 3574//6913 3575//6913 
f 3570//6914 3575//6914 3576//6914 
f 3577//6915 3578//6915 3571//6915 
f 3577//6916 3571//6916 3570//6916 
f 3579//6917 3578//6917 3577//6917 
f 3579//6918 3580//6918 3578//6918 
f 3581//6919 3580//6919 3579//6919 
f 3582//6920 3580//6920 3581//6920 
f 3582//6921 3583//6921 3580//6921 
f 3584//6922 3585//6922 3583//6922 
f 3584//6923 3583//6923 3582//6923 
f 3586//6924 3585//6924 3584//6924 
f 3586//6925 3587//6925 3585//6925 
f 3588//6926 3589//6926 3587//6926 
f 3588//6927 3587//6927 3586//6927 
f 3590//6928 3589//6928 3588//6928 
f 3591//6929 3592//6929 3589//6929 
f 3591//6930 3589//6930 3590//6930 
f 3593//6931 3592//6931 3591//6931 
f 3594//6932 3592//6932 3593//6932 
f 3595//6933 3596//6933 3597//6933 
f 3598//6934 3597//6934 3599//6934 
f 3598//6935 3599//6935 3600//6935 
f 3598//6936 3595//6936 3597//6936 
f 3601//6937 3602//6937 3596//6937 
f 3601//6938 3596//6938 3595//6938 
f 3603//6939 3602//6939 3601//6939 
f 3604//6940 3600//6940 3605//6940 
f 3604//6941 3606//6941 3598//6941 
f 3604//6942 3598//6942 3600//6942 
f 3607//6943 3602//6943 3603//6943 
f 3608//6944 3605//6944 3609//6944 
f 3608//6945 3604//6945 3605//6945 
f 3610//6946 3602//6946 3607//6946 
f 3611//6947 3609//6947 3612//6947 
f 3611//6948 3612//6948 3613//6948 
f 3611//6949 3608//6949 3609//6949 
f 3614//6950 3602//6950 3610//6950 
f 3615//6951 3613//6951 3569//6951 
f 3615//6952 3611//6952 3613//6952 
f 3616//6953 3602//6953 3614//6953 
f 3617//6954 3602//6954 3616//6954 
f 3618//6955 3569//6955 3369//6955 
f 3618//6956 3615//6956 3569//6956 
f 3619//6957 3620//6957 3621//6957 
f 3619//6958 3621//6958 3622//6958 
f 3619//6959 3622//6959 3623//6959 
f 3619//6960 3623//6960 3624//6960 
f 3619//6961 3624//6961 3625//6961 
f 3626//6962 3627//6962 3620//6962 
f 3626//6963 3620//6963 3619//6963 
f 3628//6964 3627//6964 3626//6964 
f 3629//6965 3630//6965 3627//6965 
f 3629//6966 3627//6966 3628//6966 
f 3631//6967 3632//6967 3630//6967 
f 3631//6968 3630//6968 3629//6968 
f 3633//6969 3634//6969 3632//6969 
f 3633//6970 3632//6970 3631//6970 
f 3635//6971 3634//6971 3633//6971 
f 3635//6972 3636//6972 3634//6972 
f 3637//6973 3636//6973 3635//6973 
f 3637//6974 3638//6974 3636//6974 
f 3639//6975 3638//6975 3637//6975 
f 3640//6976 3638//6976 3639//6976 
f 3640//6977 3641//6977 3638//6977 
f 3642//6978 3641//6978 3640//6978 
f 3643//6979 3641//6979 3642//6979 
f 3644//6980 3645//6980 3646//6980 
f 3644//6981 3646//6981 3647//6981 
f 3644//6982 3647//6982 3648//6982 
f 3644//6983 3648//6983 3649//6983 
f 3644//6984 3649//6984 3650//6984 
f 3644//6985 3650//6985 3651//6985 
f 3644//6986 3651//6986 3652//6986 
f 3644//6987 3652//6987 3653//6987 
f 3644//6988 3653//6988 3654//6988 
f 3644//6989 3655//6989 3645//6989 
f 3656//6990 3655//6990 3657//6990 
f 3658//6991 3656//6991 3657//6991 
f 3659//6992 3658//6992 3657//6992 
f 3660//6993 3659//6993 3657//6993 
f 3661//6994 3660//6994 3657//6994 
f 3662//6995 3655//6995 3644//6995 
f 3663//6996 3662//6996 3644//6996 
f 3664//6997 3661//6997 3657//6997 
f 3664//6998 3662//6998 3663//6998 
f 3664//6999 3665//6999 3666//6999 
f 3664//7000 3666//7000 3661//7000 
f 3667//7001 3664//7001 3663//7001 
f 3668//7002 3667//7002 3663//7002 
f 3669//7003 3664//7003 3667//7003 
f 3669//7004 3667//7004 3670//7004 
f 3671//7005 3672//7005 3673//7005 
f 3674//7006 3665//7006 3664//7006 
f 3674//7007 3664//7007 3669//7007 
f 3674//7008 3675//7008 3676//7008 
f 3674//7009 3676//7009 3677//7009 
f 3674//7010 3677//7010 3678//7010 
f 3674//7011 3678//7011 3679//7011 
f 3674//7012 3679//7012 3680//7012 
f 3674//7013 3680//7013 3665//7013 
f 3681//7014 3682//7014 3683//7014 
f 3684//7015 3681//7015 3683//7015 
f 3685//7016 3684//7016 3686//7016 
f 3685//7017 3681//7017 3684//7017 
f 3687//7018 3686//7018 3688//7018 
f 3687//7019 3688//7019 3689//7019 
f 3687//7020 3685//7020 3686//7020 
f 3690//7021 3689//7021 3691//7021 
f 3690//7022 3691//7022 3692//7022 
f 3690//7023 3687//7023 3689//7023 
f 3693//7024 3692//7024 3694//7024 
f 3693//7025 3690//7025 3692//7025 
f 3695//7026 3694//7026 3696//7026 
f 3695//7027 3693//7027 3694//7027 
f 3697//7028 3696//7028 3698//7028 
f 3697//7029 3695//7029 3696//7029 
f 3699//7030 3697//7030 3698//7030 
f 3700//7031 3699//7031 3698//7031 
f 3700//7032 3698//7032 3701//7032 
f 3702//7033 3703//7033 3704//7033 
f 3702//7034 3704//7034 3705//7034 
f 3702//7035 3705//7035 3700//7035 
f 3702//7036 3618//7036 3369//7036 
f 3702//7037 3671//7037 3673//7037 
f 3702//7038 3644//7038 3654//7038 
f 3702//7039 3654//7039 3618//7039 
f 3702//7040 3701//7040 3706//7040 
f 3702//7041 3706//7041 3707//7041 
f 3702//7042 3707//7042 3708//7042 
f 3702//7043 3708//7043 3709//7043 
f 3702//7044 3709//7044 3671//7044 
f 3702//7045 3673//7045 3710//7045 
f 3702//7046 3710//7046 3711//7046 
f 3702//7047 3711//7047 3712//7047 
f 3702//7048 3712//7048 3644//7048 
f 3702//7049 3700//7049 3701//7049 
f 3713//7050 3714//7050 3715//7050 
f 3713//7051 3715//7051 3716//7051 
f 3713//7052 3716//7052 3717//7052 
f 3713//7053 3717//7053 3718//7053 
f 3713//7054 3718//7054 3703//7054 
f 3713//7055 3703//7055 3702//7055 
f 3713//7056 3719//7056 3720//7056 
f 3713//7057 3720//7057 3721//7057 
f 3713//7058 3721//7058 3722//7058 
f 3713//7059 3722//7059 3723//7059 
f 3713//7060 3723//7060 3724//7060 
f 3713//7061 3724//7061 3714//7061 
f 3725//7062 3726//7062 3727//7062 
f 3725//7063 3728//7063 3726//7063 
f 3729//7064 3730//7064 3731//7064 
f 3732//7065 3729//7065 3731//7065 
f 3733//7066 3732//7066 3731//7066 
f 3734//7067 3733//7067 3731//7067 
f 3735//7068 3734//7068 3731//7068 
f 3736//7069 3731//7069 3730//7069 
f 3737//7070 3738//7070 3739//7070 
f 3737//7071 3739//7071 3740//7071 
f 3741//7072 3735//7072 3731//7072 
f 3742//7073 3727//7073 3726//7073 
f 3742//7074 3731//7074 3727//7074 
f 3742//7075 3741//7075 3731//7075 
f 3743//7076 3702//7076 3369//7076 
f 3743//7077 3726//7077 3702//7077 
f 3743//7078 3742//7078 3726//7078 
f 3744//7079 3743//7079 3369//7079 
f 3745//7080 3736//7080 3746//7080 
f 3747//7081 3746//7081 3736//7081 
f 3748//7082 3736//7082 3745//7082 
f 3749//7083 3747//7083 3736//7083 
f 3750//7084 3736//7084 3748//7084 
f 3751//7085 3749//7085 3736//7085 
f 3752//7086 3751//7086 3736//7086 
f 3752//7087 3736//7087 3753//7087 
f 3754//7088 3752//7088 3753//7088 
f 3754//7089 3753//7089 3755//7089 
f 3756//7090 3754//7090 3755//7090 
f 3757//7091 3755//7091 3758//7091 
f 3757//7092 3756//7092 3755//7092 
f 3759//7093 3757//7093 3758//7093 
f 3759//7094 3758//7094 3760//7094 
f 3761//7095 3762//7095 3763//7095 
f 3761//7096 3763//7096 3764//7096 
f 3761//7097 3764//7097 3765//7097 
f 3766//7098 3759//7098 3760//7098 
f 3766//7099 3760//7099 3767//7099 
f 3768//7100 3761//7100 3765//7100 
f 3769//7101 3761//7101 3768//7101 
f 3770//7102 3766//7102 3767//7102 
f 3770//7103 3767//7103 3771//7103 
f 3772//7104 3761//7104 3769//7104 
f 3773//7105 3761//7105 3772//7105 
f 3774//7106 3770//7106 3771//7106 
f 3774//7107 3771//7107 3775//7107 
f 3774//7108 3775//7108 3776//7108 
f 3777//7109 3761//7109 3773//7109 
f 3778//7110 3761//7110 3777//7110 
f 3779//7111 3761//7111 3778//7111 
f 3780//7112 3774//7112 3776//7112 
f 3780//7113 3776//7113 3781//7113 
f 3782//7114 3761//7114 3779//7114 
f 3783//7115 3780//7115 3781//7115 
f 3783//7116 3781//7116 3784//7116 
f 3785//7117 3784//7117 3786//7117 
f 3785//7118 3786//7118 3787//7118 
f 3785//7119 3783//7119 3784//7119 
f 3788//7120 3761//7120 3782//7120 
f 3789//7121 3790//7121 3791//7121 
f 3792//7122 3787//7122 3793//7122 
f 3792//7123 3785//7123 3787//7123 
f 3794//7124 3789//7124 3795//7124 
f 3796//7125 3793//7125 3797//7125 
f 3796//7126 3797//7126 3798//7126 
f 3796//7127 3792//7127 3793//7127 
f 3799//7128 3761//7128 3788//7128 
f 3800//7129 3794//7129 3801//7129 
f 3800//7130 3801//7130 3802//7130 
f 3800//7131 3789//7131 3794//7131 
f 3803//7132 3798//7132 3790//7132 
f 3803//7133 3796//7133 3798//7133 
f 3803//7134 3790//7134 3789//7134 
f 3804//7135 3800//7135 3805//7135 
f 3804//7136 3806//7136 3803//7136 
f 3804//7137 3789//7137 3800//7137 
f 3804//7138 3803//7138 3789//7138 
f 3807//7139 3761//7139 3799//7139 
f 3808//7140 3761//7140 3807//7140 
f 3809//7141 3810//7141 3811//7141 
f 3812//7142 3813//7142 3814//7142 
f 3812//7143 3814//7143 3810//7143 
f 3815//7144 3761//7144 3808//7144 
f 3816//7145 3761//7145 3815//7145 
f 3817//7146 3812//7146 3810//7146 
f 3817//7147 3810//7147 3809//7147 
f 3817//7148 3818//7148 3819//7148 
f 3817//7149 3819//7149 3820//7149 
f 3817//7150 3820//7150 3812//7150 
f 3821//7151 3761//7151 3816//7151 
f 3822//7152 3817//7152 3809//7152 
f 3822//7153 3823//7153 3817//7153 
f 3824//7154 3809//7154 3825//7154 
f 3824//7155 3822//7155 3809//7155 
f 3826//7156 3825//7156 3827//7156 
f 3826//7157 3824//7157 3825//7157 
f 3828//7158 3761//7158 3821//7158 
f 3829//7159 3827//7159 3830//7159 
f 3829//7160 3826//7160 3827//7160 
f 3831//7161 3830//7161 3832//7161 
f 3831//7162 3829//7162 3830//7162 
f 3833//7163 3761//7163 3828//7163 
f 3834//7164 3831//7164 3832//7164 
f 3835//7165 3834//7165 3832//7165 
f 3836//7166 3761//7166 3833//7166 
f 3837//7167 3832//7167 3838//7167 
f 3837//7168 3835//7168 3832//7168 
f 3839//7169 3837//7169 3838//7169 
f 3840//7170 3761//7170 3836//7170 
f 3841//7171 3839//7171 3838//7171 
f 3841//7172 3838//7172 3842//7172 
f 3843//7173 3737//7173 3761//7173 
f 3843//7174 3761//7174 3840//7174 
f 3844//7175 3842//7175 3845//7175 
f 3844//7176 3841//7176 3842//7176 
f 3846//7177 3845//7177 3847//7177 
f 3846//7178 3844//7178 3845//7178 
f 3848//7179 3849//7179 3850//7179 
f 3848//7180 3850//7180 3851//7180 
f 3848//7181 3851//7181 3852//7181 
f 3853//7182 3852//7182 3854//7182 
f 3853//7183 3854//7183 3855//7183 
f 3853//7184 3848//7184 3852//7184 
f 3856//7185 3857//7185 3858//7185 
f 3856//7186 3858//7186 3849//7186 
f 3856//7187 3849//7187 3848//7187 
f 3859//7188 3847//7188 3860//7188 
f 3859//7189 3846//7189 3847//7189 
f 3861//7190 3853//7190 3855//7190 
f 3861//7191 3855//7191 3862//7191 
f 3861//7192 3862//7192 3863//7192 
f 3864//7193 3857//7193 3856//7193 
f 3864//7194 3865//7194 3866//7194 
f 3864//7195 3866//7195 3867//7195 
f 3864//7196 3867//7196 3857//7196 
f 3868//7197 3865//7197 3864//7197 
f 3868//7198 3869//7198 3865//7198 
f 3870//7199 3863//7199 3871//7199 
f 3870//7200 3871//7200 3872//7200 
f 3870//7201 3861//7201 3863//7201 
f 3873//7202 3859//7202 3860//7202 
f 3873//7203 3860//7203 3874//7203 
f 3875//7204 3869//7204 3868//7204 
f 3875//7205 3876//7205 3877//7205 
f 3875//7206 3877//7206 3869//7206 
f 3878//7207 3872//7207 3879//7207 
f 3878//7208 3879//7208 3880//7208 
f 3878//7209 3870//7209 3872//7209 
f 3881//7210 3874//7210 3882//7210 
f 3881//7211 3882//7211 3883//7211 
f 3881//7212 3873//7212 3874//7212 
f 3884//7213 3885//7213 3886//7213 
f 3884//7214 3886//7214 3887//7214 
f 3884//7215 3887//7215 3876//7215 
f 3884//7216 3876//7216 3875//7216 
f 3888//7217 3880//7217 3889//7217 
f 3888//7218 3878//7218 3880//7218 
f 3888//7219 3889//7219 3890//7219 
f 3891//7220 3881//7220 3883//7220 
f 3891//7221 3883//7221 3892//7221 
f 3891//7222 3892//7222 3893//7222 
f 3894//7223 3893//7223 3895//7223 
f 3894//7224 3895//7224 3885//7224 
f 3894//7225 3885//7225 3884//7225 
f 3894//7226 3891//7226 3893//7226 
f 3896//7227 3890//7227 3897//7227 
f 3896//7228 3888//7228 3890//7228 
f 3898//7229 3891//7229 3894//7229 
f 3899//7230 3896//7230 3897//7230 
f 3899//7231 3897//7231 3900//7231 
f 3899//7232 3900//7232 3901//7232 
f 3902//7233 3891//7233 3898//7233 
f 3903//7234 3899//7234 3901//7234 
f 3903//7235 3901//7235 3904//7235 
f 3903//7236 3904//7236 3905//7236 
f 3906//7237 3907//7237 3891//7237 
f 3906//7238 3891//7238 3902//7238 
f 3908//7239 3903//7239 3905//7239 
f 3908//7240 3905//7240 3744//7240 
f 3909//7241 3907//7241 3906//7241 
f 3910//7242 3911//7242 3912//7242 
f 3913//7243 3912//7243 3914//7243 
f 3913//7244 3910//7244 3912//7244 
f 3915//7245 3907//7245 3909//7245 
f 3916//7246 3913//7246 3914//7246 
f 3917//7247 3914//7247 3918//7247 
f 3917//7248 3916//7248 3914//7248 
f 3919//7249 3918//7249 3920//7249 
f 3919//7250 3917//7250 3918//7250 
f 3921//7251 3919//7251 3920//7251 
f 3921//7252 3920//7252 3922//7252 
f 3923//7253 3907//7253 3915//7253 
f 3924//7254 3922//7254 3925//7254 
f 3924//7255 3921//7255 3922//7255 
f 3926//7256 3925//7256 3927//7256 
f 3926//7257 3924//7257 3925//7257 
f 3928//7258 3927//7258 3929//7258 
f 3928//7259 3926//7259 3927//7259 
f 3930//7260 3907//7260 3923//7260 
f 3931//7261 3928//7261 3929//7261 
f 3931//7262 3929//7262 3932//7262 
f 3933//7263 3931//7263 3932//7263 
f 3933//7264 3932//7264 3934//7264 
f 3935//7265 3933//7265 3934//7265 
f 3935//7266 3934//7266 3936//7266 
f 3937//7267 3907//7267 3930//7267 
f 3937//7268 3938//7268 3907//7268 
f 3939//7269 3935//7269 3936//7269 
f 3939//7270 3936//7270 3940//7270 
f 3941//7271 3939//7271 3940//7271 
f 3941//7272 3940//7272 3942//7272 
f 3943//7273 3941//7273 3942//7273 
f 3943//7274 3942//7274 3944//7274 
f 3945//7275 3938//7275 3937//7275 
f 3945//7276 3946//7276 3947//7276 
f 3945//7277 3947//7277 3938//7277 
f 3948//7278 3944//7278 3949//7278 
f 3948//7279 3943//7279 3944//7279 
f 3950//7280 3948//7280 3949//7280 
f 3950//7281 3949//7281 3951//7281 
f 3952//7282 3950//7282 3951//7282 
f 3953//7283 3952//7283 3951//7283 
f 3953//7284 3951//7284 3954//7284 
f 3953//7285 3954//7285 3955//7285 
f 3956//7286 3946//7286 3945//7286 
f 3956//7287 3957//7287 3958//7287 
f 3956//7288 3958//7288 3959//7288 
f 3956//7289 3959//7289 3946//7289 
f 3960//7290 3953//7290 3955//7290 
f 3960//7291 3955//7291 3961//7291 
f 3962//7292 3960//7292 3961//7292 
f 3962//7293 3961//7293 3963//7293 
f 3964//7294 3962//7294 3963//7294 
f 3965//7295 3957//7295 3956//7295 
f 3965//7296 3966//7296 3967//7296 
f 3965//7297 3967//7297 3968//7297 
f 3965//7298 3968//7298 3957//7298 
f 3969//7299 3963//7299 3970//7299 
f 3969//7300 3964//7300 3963//7300 
f 3971//7301 3969//7301 3970//7301 
f 3972//7302 3971//7302 3970//7302 
f 3972//7303 3970//7303 3973//7303 
f 3974//7304 3966//7304 3965//7304 
f 3975//7305 3972//7305 3973//7305 
f 3975//7306 3973//7306 3976//7306 
f 3977//7307 3975//7307 3976//7307 
f 3977//7308 3976//7308 3978//7308 
f 3979//7309 3977//7309 3978//7309 
f 3980//7310 3981//7310 3982//7310 
f 3983//7311 3982//7311 3981//7311 
f 3984//7312 3981//7312 3980//7312 
f 3985//7313 3983//7313 3981//7313 
f 3986//7314 3981//7314 3984//7314 
f 3987//7315 3985//7315 3981//7315 
f 3988//7316 3981//7316 3986//7316 
f 3989//7317 3981//7317 3988//7317 
f 3990//7318 3987//7318 3981//7318 
f 3991//7319 3978//7319 3981//7319 
f 3991//7320 3981//7320 3989//7320 
f 3992//7321 3990//7321 3981//7321 
f 3993//7322 3978//7322 3991//7322 
f 3994//7323 3992//7323 3981//7323 
f 3995//7324 3978//7324 3993//7324 
f 3996//7325 3994//7325 3981//7325 
f 3997//7326 3978//7326 3995//7326 
f 3998//7327 3996//7327 3981//7327 
f 3999//7328 3978//7328 3997//7328 
f 4000//7329 3998//7329 3981//7329 
f 4000//7330 3981//7330 4001//7330 
f 4002//7331 3978//7331 3999//7331 
f 4003//7332 3979//7332 3978//7332 
f 4003//7333 3978//7333 4002//7333 
f 4004//7334 4000//7334 4001//7334 
f 4005//7335 3979//7335 4003//7335 
f 4006//7336 4004//7336 4001//7336 
f 4006//7337 4001//7337 4007//7337 
f 4008//7338 3979//7338 4005//7338 
f 4009//7339 4006//7339 4007//7339 
f 4010//7340 3979//7340 4008//7340 
f 4011//7341 4009//7341 4007//7341 
f 4011//7342 4007//7342 4012//7342 
f 4013//7343 4014//7343 3979//7343 
f 4013//7344 3979//7344 4010//7344 
f 4015//7345 4011//7345 4012//7345 
f 4016//7346 4014//7346 4013//7346 
f 4017//7347 4015//7347 4012//7347 
f 4017//7348 4012//7348 3908//7348 
f 4018//7349 4014//7349 4016//7349 
f 4019//7350 4020//7350 4021//7350 
f 4019//7351 4021//7351 4022//7351 
f 4023//7352 4017//7352 3908//7352 
f 4024//7353 4014//7353 4018//7353 
f 4025//7354 4022//7354 4026//7354 
f 4025//7355 4019//7355 4022//7355 
f 4027//7356 4026//7356 4028//7356 
f 4027//7357 4025//7357 4026//7357 
f 4029//7358 4014//7358 4024//7358 
f 4030//7359 4028//7359 4031//7359 
f 4030//7360 4027//7360 4028//7360 
f 4032//7361 4014//7361 4029//7361 
f 4033//7362 4030//7362 4031//7362 
f 4034//7363 4031//7363 4035//7363 
f 4034//7364 4033//7364 4031//7364 
f 4036//7365 4014//7365 4032//7365 
f 4037//7366 4035//7366 4038//7366 
f 4037//7367 4034//7367 4035//7367 
f 4039//7368 4014//7368 4036//7368 
f 4040//7369 4038//7369 4041//7369 
f 4040//7370 4037//7370 4038//7370 
f 4042//7371 4041//7371 4043//7371 
f 4042//7372 4040//7372 4041//7372 
f 4044//7373 4014//7373 4039//7373 
f 4045//7374 4043//7374 4046//7374 
f 4045//7375 4042//7375 4043//7375 
f 4047//7376 4014//7376 4044//7376 
f 4048//7377 4046//7377 4049//7377 
f 4048//7378 4045//7378 4046//7378 
f 4050//7379 4014//7379 4047//7379 
f 4051//7380 4049//7380 4052//7380 
f 4051//7381 4048//7381 4049//7381 
f 4053//7382 4052//7382 4054//7382 
f 4053//7383 4051//7383 4052//7383 
f 4055//7384 4014//7384 4050//7384 
f 4056//7385 4054//7385 4057//7385 
f 4056//7386 4053//7386 4054//7386 
f 4058//7387 4014//7387 4055//7387 
f 4059//7388 4056//7388 4057//7388 
f 4060//7389 4014//7389 4058//7389 
f 4061//7390 4057//7390 4062//7390 
f 4061//7391 4059//7391 4057//7391 
f 4063//7392 4062//7392 4064//7392 
f 4063//7393 4061//7393 4062//7393 
f 4065//7394 4066//7394 4014//7394 
f 4065//7395 4014//7395 4060//7395 
f 4067//7396 4064//7396 4068//7396 
f 4067//7397 4063//7397 4064//7397 
f 4069//7398 4070//7398 4066//7398 
f 4069//7399 4066//7399 4065//7399 
f 4071//7400 4068//7400 4072//7400 
f 4071//7401 4067//7401 4068//7401 
f 4073//7402 4074//7402 4070//7402 
f 4073//7403 4070//7403 4069//7403 
f 4075//7404 4072//7404 4076//7404 
f 4075//7405 4071//7405 4072//7405 
f 4077//7406 4078//7406 4079//7406 
f 4077//7407 4079//7407 4080//7407 
f 4077//7408 4080//7408 4081//7408 
f 4077//7409 4081//7409 4082//7409 
f 4077//7410 4082//7410 4083//7410 
f 4077//7411 4083//7411 4084//7411 
f 4077//7412 4084//7412 4085//7412 
f 4077//7413 4085//7413 4086//7413 
f 4077//7414 4087//7414 4078//7414 
f 4088//7415 4076//7415 4089//7415 
f 4088//7416 4075//7416 4076//7416 
f 4090//7417 4091//7417 4092//7417 
f 4090//7418 4092//7418 4074//7418 
f 4090//7419 4074//7419 4073//7419 
f 4093//7420 4089//7420 4094//7420 
f 4093//7421 4088//7421 4089//7421 
f 4095//7422 4096//7422 4091//7422 
f 4095//7423 4091//7423 4090//7423 
f 4097//7424 4093//7424 4094//7424 
f 4097//7425 4094//7425 4098//7425 
f 4097//7426 4098//7426 4099//7426 
f 4100//7427 4101//7427 4096//7427 
f 4100//7428 4096//7428 4095//7428 
f 4102//7429 4097//7429 4099//7429 
f 4102//7430 4099//7430 4103//7430 
f 4104//7431 4077//7431 4086//7431 
f 4105//7432 4106//7432 4101//7432 
f 4105//7433 4101//7433 4100//7433 
f 4107//7434 4102//7434 4103//7434 
f 4107//7435 4103//7435 4108//7435 
f 4109//7436 4108//7436 4110//7436 
f 4109//7437 4107//7437 4108//7437 
f 4111//7438 4109//7438 4110//7438 
f 4111//7439 4110//7439 4112//7439 
f 4113//7440 4111//7440 4112//7440 
f 4113//7441 4112//7441 4114//7441 
f 4115//7442 4113//7442 4114//7442 
f 4115//7443 4114//7443 4116//7443 
f 4117//7444 4115//7444 4116//7444 
f 4117//7445 4116//7445 4118//7445 
f 4119//7446 4118//7446 4120//7446 
f 4119//7447 4117//7447 4118//7447 
f 4121//7448 4120//7448 4087//7448 
f 4121//7449 4119//7449 4120//7449 
f 4122//7450 4121//7450 4087//7450 
f 4123//7451 4086//7451 4124//7451 
f 4123//7452 4104//7452 4086//7452 
f 4125//7453 4126//7453 4127//7453 
f 4125//7454 4127//7454 4128//7454 
f 4125//7455 4128//7455 4129//7455 
f 4125//7456 4129//7456 4130//7456 
f 4125//7457 4130//7457 4131//7457 
f 4125//7458 4131//7458 4132//7458 
f 4125//7459 4132//7459 4133//7459 
f 4125//7460 4133//7460 4134//7460 
f 4125//7461 4134//7461 4122//7461 
f 4135//7462 4104//7462 4123//7462 
f 4135//7463 4136//7463 4104//7463 
f 4137//7464 4123//7464 4124//7464 
f 3361//7465 4137//7465 4124//7465 
f 4138//7466 4139//7466 4137//7466 
f 4140//7467 4138//7467 4137//7467 
f 4141//7468 4140//7468 4137//7468 
f 4142//7469 4141//7469 4137//7469 
f 4143//7470 4126//7470 4125//7470 
f 4143//7471 4144//7471 4126//7471 
f 4145//7472 4137//7472 3361//7472 
f 4145//7473 4142//7473 4137//7473 
f 3362//7474 3361//7474 4124//7474 
f 4146//7475 4145//7475 3361//7475 
f 4147//7476 4146//7476 3361//7476 
f 4148//7477 4147//7477 3361//7477 
f 3365//7478 3362//7478 4124//7478 
f 3363//7479 3362//7479 3365//7479 
f 3363//7480 3360//7480 3362//7480 
f 3364//7481 3365//7481 4124//7481 
f 3366//7482 4143//7482 4149//7482 
f 3366//7483 4149//7483 4150//7483 
f 3366//7484 4150//7484 4151//7484 
f 3366//7485 4151//7485 4152//7485 
f 3366//7486 4152//7486 4153//7486 
f 3366//7487 4153//7487 4154//7487 
f 3366//7488 4154//7488 4155//7488 
f 3366//7489 4155//7489 4156//7489 
f 3366//7490 4156//7490 4157//7490 
f 3366//7491 4157//7491 4158//7491 
f 3366//7492 4158//7492 4159//7492 
f 3366//7493 4159//7493 4160//7493 
f 3366//7494 4160//7494 4161//7494 
f 3366//7495 4161//7495 4162//7495 
f 3366//7496 4162//7496 4163//7496 
f 3366//7497 4163//7497 4164//7497 
f 3366//7498 4164//7498 4165//7498 
f 3366//7499 4165//7499 4166//7499 
f 3366//7500 4166//7500 4167//7500 
f 3366//7501 4167//7501 4168//7501 
f 3366//7502 4168//7502 4169//7502 
f 4170//7503 4171//7503 4172//7503 
f 4170//7504 4172//7504 4173//7504 
f 4174//7505 4173//7505 4175//7505 
f 4176//7506 4174//7506 4175//7506 
f 4177//7507 4176//7507 4175//7507 
f 4178//7508 4177//7508 4175//7508 
f 4179//7509 4180//7509 4181//7509 
f 4182//7510 4178//7510 4175//7510 
f 4183//7511 4173//7511 4174//7511 
f 4183//7512 4170//7512 4173//7512 
f 4184//7513 4182//7513 4175//7513 
f 4185//7514 4184//7514 4175//7514 
f 4186//7515 4185//7515 4175//7515 
f 4187//7516 4175//7516 4188//7516 
f 4187//7517 4186//7517 4175//7517 
f 4189//7518 4190//7518 4191//7518 
f 4189//7519 4187//7519 4188//7519 
f 4189//7520 3364//7520 4124//7520 
f 4189//7521 4191//7521 3364//7521 
f 4189//7522 4192//7522 4190//7522 
f 4189//7523 4188//7523 4193//7523 
f 4189//7524 4193//7524 4192//7524 
f 4194//7525 4180//7525 4179//7525 
f 4195//7526 4170//7526 4183//7526 
f 4195//7527 4183//7527 4196//7527 
f 4197//7528 4196//7528 4183//7528 
f 4198//7529 4170//7529 4195//7529 
f 4199//7530 4197//7530 4183//7530 
f 4200//7531 4179//7531 4170//7531 
f 4200//7532 4170//7532 4198//7532 
f 4201//7533 4199//7533 4183//7533 
f 4202//7534 4179//7534 4200//7534 
f 4203//7535 4201//7535 4183//7535 
f 4204//7536 4179//7536 4202//7536 
f 4205//7537 4183//7537 4206//7537 
f 4205//7538 4206//7538 4207//7538 
f 4205//7539 4203//7539 4183//7539 
f 4208//7540 4179//7540 4204//7540 
f 4209//7541 4194//7541 4179//7541 
f 4209//7542 4179//7542 4208//7542 
f 4210//7543 4205//7543 4207//7543 
f 4210//7544 4207//7544 4211//7544 
f 4212//7545 4194//7545 4209//7545 
f 4213//7546 4194//7546 4212//7546 
f 4214//7547 4211//7547 4215//7547 
f 4214//7548 4210//7548 4211//7548 
f 4216//7549 4194//7549 4213//7549 
f 4217//7550 4194//7550 4216//7550 
f 4218//7551 4194//7551 4217//7551 
f 4219//7552 4214//7552 4215//7552 
f 4219//7553 4215//7553 4220//7553 
f 4219//7554 4220//7554 4221//7554 
f 4219//7555 4221//7555 4222//7555 
f 4223//7556 4194//7556 4218//7556 
f 4224//7557 4225//7557 4194//7557 
f 4224//7558 4194//7558 4223//7558 
f 4226//7559 4222//7559 4227//7559 
f 4226//7560 4219//7560 4222//7560 
f 4228//7561 4225//7561 4224//7561 
f 4229//7562 4230//7562 4231//7562 
f 4232//7563 4226//7563 4227//7563 
f 4232//7564 4227//7564 4233//7564 
f 4234//7565 4225//7565 4228//7565 
f 4235//7566 4229//7566 4231//7566 
f 4236//7567 4231//7567 4237//7567 
f 4236//7568 4237//7568 4238//7568 
f 4239//7569 4235//7569 4231//7569 
f 4240//7570 4225//7570 4234//7570 
f 4241//7571 4239//7571 4231//7571 
f 4241//7572 4242//7572 4239//7572 
f 4243//7573 4232//7573 4233//7573 
f 4243//7574 4233//7574 4244//7574 
f 4243//7575 4244//7575 4245//7575 
f 4246//7576 4225//7576 4240//7576 
f 4247//7577 4248//7577 4241//7577 
f 4249//7578 4225//7578 4246//7578 
f 4250//7579 4251//7579 4252//7579 
f 4253//7580 4225//7580 4249//7580 
f 4254//7581 4245//7581 4255//7581 
f 4254//7582 4255//7582 4256//7582 
f 4254//7583 4243//7583 4245//7583 
f 4257//7584 4225//7584 4253//7584 
f 4258//7585 4259//7585 4260//7585 
f 4261//7586 4225//7586 4257//7586 
f 4262//7587 4247//7587 4241//7587 
f 4262//7588 4241//7588 4231//7588 
f 4262//7589 4263//7589 4264//7589 
f 4262//7590 4264//7590 4265//7590 
f 4262//7591 4265//7591 4266//7591 
f 4262//7592 4266//7592 4247//7592 
f 4267//7593 4256//7593 4268//7593 
f 4267//7594 4254//7594 4256//7594 
f 4269//7595 4259//7595 4258//7595 
f 4269//7596 4250//7596 4259//7596 
f 4270//7597 4225//7597 4261//7597 
f 4271//7598 4268//7598 4272//7598 
f 4271//7599 4267//7599 4268//7599 
f 4273//7600 4269//7600 4274//7600 
f 4275//7601 4271//7601 4272//7601 
f 4275//7602 4272//7602 4276//7602 
f 4277//7603 4262//7603 4231//7603 
f 4277//7604 4231//7604 4236//7604 
f 4277//7605 4278//7605 4279//7605 
f 4277//7606 4279//7606 4262//7606 
f 4277//7607 4236//7607 4280//7607 
f 4281//7608 4275//7608 4276//7608 
f 4281//7609 4276//7609 4251//7609 
f 4282//7610 4273//7610 4283//7610 
f 4282//7611 4283//7611 4284//7611 
f 4285//7612 4225//7612 4270//7612 
f 4286//7613 4287//7613 4281//7613 
f 4288//7614 4250//7614 4269//7614 
f 4288//7615 4269//7615 4273//7615 
f 4288//7616 4273//7616 4282//7616 
f 4288//7617 4281//7617 4251//7617 
f 4288//7618 4286//7618 4281//7618 
f 4288//7619 4282//7619 4289//7619 
f 4288//7620 4289//7620 4290//7620 
f 4288//7621 4251//7621 4250//7621 
f 4291//7622 4288//7622 4290//7622 
f 4292//7623 4277//7623 4280//7623 
f 4292//7624 4280//7624 4293//7624 
f 4294//7625 4292//7625 4293//7625 
f 4294//7626 4293//7626 4295//7626 
f 4296//7627 4225//7627 4285//7627 
f 4297//7628 4295//7628 4298//7628 
f 4297//7629 4294//7629 4295//7629 
f 4299//7630 4225//7630 4296//7630 
f 4300//7631 4297//7631 4298//7631 
f 4301//7632 4225//7632 4299//7632 
f 4302//7633 4300//7633 4298//7633 
f 4303//7634 4225//7634 4301//7634 
f 4304//7635 4302//7635 4298//7635 
f 4304//7636 4298//7636 4305//7636 
f 4306//7637 4304//7637 4305//7637 
f 4307//7638 4306//7638 4305//7638 
f 4308//7639 4305//7639 4309//7639 
f 4308//7640 4307//7640 4305//7640 
f 4310//7641 4309//7641 4311//7641 
f 4310//7642 4308//7642 4309//7642 
f 4312//7643 4311//7643 4313//7643 
f 4312//7644 4310//7644 4311//7644 
f 4314//7645 4313//7645 4315//7645 
f 4314//7646 4312//7646 4313//7646 
f 4316//7647 4315//7647 4317//7647 
f 4316//7648 4314//7648 4315//7648 
f 4318//7649 4317//7649 4319//7649 
f 4318//7650 4319//7650 4320//7650 
f 4318//7651 4320//7651 4321//7651 
f 4318//7652 4321//7652 4322//7652 
f 4318//7653 4322//7653 4323//7653 
f 4318//7654 4323//7654 4324//7654 
f 4318//7655 4324//7655 4325//7655 
f 4318//7656 4325//7656 4326//7656 
f 4318//7657 4326//7657 4327//7657 
f 4318//7658 4327//7658 4328//7658 
f 4318//7659 4316//7659 4317//7659 
f 4329//7660 4328//7660 4330//7660 
f 4329//7661 4330//7661 4331//7661 
f 4329//7662 4318//7662 4328//7662 
f 6407//7663 4124//7663 4023//7663 
f 6407//7664 4332//7664 4333//7664 
f 6407//7665 4333//7665 4334//7665 
f 6407//7666 4334//7666 4335//7666 
f 6407//7667 4335//7667 4336//7667 
f 6407//7668 4336//7668 4337//7668 
f 6407//7669 4337//7669 4338//7669 
f 6407//7670 4338//7670 4339//7670 
f 6407//7671 4339//7671 4340//7671 
f 6407//7672 4340//7672 4341//7672 
f 6407//7673 4341//7673 4342//7673 
f 6407//7674 4342//7674 4343//7674 
f 6407//7675 4343//7675 4344//7675 
f 6407//7676 4344//7676 4345//7676 
f 6407//7677 4345//7677 4346//7677 
f 6407//7678 4346//7678 4347//7678 
f 6407//7679 4347//7679 4348//7679 
f 6407//7680 4348//7680 4189//7680 
f 6407//7681 3744//7681 3369//7681 
f 6407//7682 4023//7682 3908//7682 
f 6407//7683 4189//7683 4124//7683 
f 6407//7684 3908//7684 3744//7684 
f 4349//7685 4350//7685 6407//7685 
f 4351//7686 6407//7686 4350//7686 
f 4352//7687 4349//7687 6407//7687 
f 4353//7688 6407//7688 4351//7688 
f 4353//7689 4332//7689 6407//7689 
f 4354//7690 4352//7690 6407//7690 
f 4355//7691 4356//7691 4332//7691 
f 4355//7692 4332//7692 4353//7692 
f 4357//7693 4354//7693 6407//7693 
f 4358//7694 4359//7694 4356//7694 
f 4358//7695 4356//7695 4355//7695 
f 4360//7696 4357//7696 6407//7696 
f 4361//7697 4362//7697 4359//7697 
f 4361//7698 4359//7698 4358//7698 
f 4363//7699 4360//7699 6407//7699 
f 4364//7700 4362//7700 4361//7700 
f 4365//7701 4363//7701 6407//7701 
f 4366//7702 4362//7702 4364//7702 
f 4366//7703 4367//7703 4362//7703 
f 4368//7704 4365//7704 6407//7704 
f 4369//7705 4370//7705 4367//7705 
f 4369//7706 4367//7706 4366//7706 
f 4371//7707 4368//7707 6407//7707 
f 4372//7708 4373//7708 4370//7708 
f 4372//7709 4370//7709 4369//7709 
f 4374//7710 4371//7710 6407//7710 
f 4375//7711 4373//7711 4372//7711 
f 4376//7712 4374//7712 6407//7712 
f 4377//7713 4373//7713 4375//7713 
f 4377//7714 4378//7714 4373//7714 
f 4379//7715 6407//7715 4380//7715 
f 4379//7716 4376//7716 6407//7716 
f 4381//7717 4331//7717 4378//7717 
f 4381//7718 4329//7718 4331//7718 
f 4381//7719 4378//7719 4377//7719 
f 4382//7720 4380//7720 4383//7720 
f 4382//7721 4383//7721 4384//7721 
f 4382//7722 4379//7722 4380//7722 
f 4385//7723 4329//7723 4381//7723 
f 4386//7724 4384//7724 4387//7724 
f 4386//7725 4382//7725 4384//7725 
f 4388//7726 4329//7726 4385//7726 
f 4389//7727 4387//7727 4390//7727 
f 4389//7728 4386//7728 4387//7728 
f 4391//7729 4329//7729 4388//7729 
f 4392//7730 4390//7730 4393//7730 
f 4392//7731 4393//7731 4394//7731 
f 4392//7732 4389//7732 4390//7732 
f 4395//7733 4329//7733 4391//7733 
f 4396//7734 4394//7734 4397//7734 
f 4396//7735 4392//7735 4394//7735 
f 4398//7736 4329//7736 4395//7736 
f 4399//7737 4397//7737 4400//7737 
f 4399//7738 4396//7738 4397//7738 
f 4401//7739 4329//7739 4398//7739 
f 4402//7740 4400//7740 4403//7740 
f 4402//7741 4403//7741 4404//7741 
f 4402//7742 4399//7742 4400//7742 
f 4405//7743 4329//7743 4401//7743 
f 4406//7744 4404//7744 4407//7744 
f 4406//7745 4402//7745 4404//7745 
f 4408//7746 4329//7746 4405//7746 
f 4409//7747 4407//7747 4410//7747 
f 4409//7748 4406//7748 4407//7748 
f 4411//7749 4410//7749 4412//7749 
f 4411//7750 4409//7750 4410//7750 
f 4413//7751 4411//7751 4412//7751 
f 4414//7752 4411//7752 4413//7752 
f 4415//7753 4414//7753 4413//7753 
f 4415//7754 4416//7754 4414//7754 
f 4417//7755 4416//7755 4415//7755 
f 4418//7756 4416//7756 4417//7756 
f 4418//7757 4419//7757 4416//7757 
f 4420//7758 4419//7758 4418//7758 
f 4420//7759 4421//7759 4419//7759 
f 4422//7760 4421//7760 4420//7760 
f 4423//7761 4421//7761 4422//7761 
f 4423//7762 4424//7762 4421//7762 
f 4425//7763 4426//7763 4424//7763 
f 4425//7764 4424//7764 4423//7764 
f 4427//7765 4426//7765 4425//7765 
f 4427//7766 4428//7766 4426//7766 
f 4429//7767 4428//7767 4427//7767 
f 4430//7768 4431//7768 4428//7768 
f 4430//7769 4428//7769 4429//7769 
f 4432//7770 4431//7770 4430//7770 
f 4432//7771 4433//7771 4431//7771 
f 4434//7772 4433//7772 4432//7772 
f 4435//7773 4436//7773 4433//7773 
f 4435//7774 4433//7774 4434//7774 
f 4437//7775 4436//7775 4435//7775 
f 4437//7776 4438//7776 4436//7776 
f 4439//7777 4408//7777 4440//7777 
f 4439//7778 4440//7778 4441//7778 
f 4439//7779 4441//7779 4442//7779 
f 4439//7780 4442//7780 4443//7780 
f 4439//7781 4443//7781 4444//7781 
f 4439//7782 4444//7782 4445//7782 
f 4439//7783 4445//7783 4446//7783 
f 4439//7784 4446//7784 4447//7784 
f 4439//7785 4447//7785 4448//7785 
f 4439//7786 4448//7786 4449//7786 
f 4439//7787 4449//7787 4450//7787 
f 4439//7788 4450//7788 4451//7788 
f 4439//7789 4451//7789 4452//7789 
f 4439//7790 4453//7790 4454//7790 
f 4439//7791 4454//7791 4455//7791 
f 4439//7792 4455//7792 4456//7792 
f 4439//7793 4456//7793 4457//7793 
f 4439//7794 4457//7794 4329//7794 
f 4439//7795 4329//7795 4408//7795 
f 4458//7796 4438//7796 4437//7796 
f 4458//7797 4459//7797 4438//7797 
f 4460//7798 4439//7798 4452//7798 
f 4460//7799 4452//7799 4461//7799 
f 4462//7800 4459//7800 4458//7800 
f 4463//7801 4460//7801 4461//7801 
f 4463//7802 4461//7802 4464//7802 
f 4465//7803 4459//7803 4462//7803 
f 4465//7804 4466//7804 4459//7804 
f 4467//7805 4463//7805 4464//7805 
f 4468//7806 4466//7806 4465//7806 
f 4468//7807 4469//7807 4466//7807 
f 4470//7808 4464//7808 4471//7808 
f 4470//7809 4467//7809 4464//7809 
f 4472//7810 4469//7810 4468//7810 
f 4472//7811 4473//7811 4469//7811 
f 4474//7812 4471//7812 4475//7812 
f 4474//7813 4470//7813 4471//7813 
f 4476//7814 4473//7814 4472//7814 
f 4477//7815 4475//7815 4478//7815 
f 4477//7816 4474//7816 4475//7816 
f 4479//7817 4480//7817 4473//7817 
f 4479//7818 4473//7818 4476//7818 
f 4481//7819 4477//7819 4478//7819 
f 4482//7820 4483//7820 4480//7820 
f 4482//7821 4480//7821 4479//7821 
f 4484//7822 4481//7822 4478//7822 
f 4484//7823 4478//7823 4485//7823 
f 4486//7824 4483//7824 4482//7824 
f 4487//7825 4485//7825 4488//7825 
f 4487//7826 4484//7826 4485//7826 
f 4489//7827 4490//7827 4483//7827 
f 4489//7828 4483//7828 4486//7828 
f 4491//7829 4488//7829 4492//7829 
f 4491//7830 4487//7830 4488//7830 
f 4493//7831 4490//7831 4489//7831 
f 4493//7832 4494//7832 4490//7832 
f 4495//7833 4491//7833 4492//7833 
f 4496//7834 4494//7834 4493//7834 
f 4496//7835 4497//7835 4494//7835 
f 4498//7836 4492//7836 4499//7836 
f 4498//7837 4495//7837 4492//7837 
f 4500//7838 4497//7838 4496//7838 
f 4501//7839 4499//7839 4502//7839 
f 4501//7840 4498//7840 4499//7840 
f 4503//7841 4504//7841 4497//7841 
f 4503//7842 4497//7842 4500//7842 
f 4505//7843 4501//7843 4502//7843 
f 4506//7844 4504//7844 4503//7844 
f 4506//7845 4507//7845 4504//7845 
f 4508//7846 4502//7846 4507//7846 
f 4508//7847 4507//7847 4506//7847 
f 4508//7848 4505//7848 4502//7848 
f 4439//7849 3368//7849 3974//7849 
f 3974//7850 3368//7850 3966//7850 
f 3966//7851 3368//7851 4509//7851 
f 4509//7852 3368//7852 3843//7852 
f 3843//7853 3368//7853 3737//7853 
f 3737//7854 3368//7854 3738//7854 
f 3738//7855 3368//7855 3713//7855 
f 3713//7856 3368//7856 3719//7856 
f 3719//7857 3368//7857 3674//7857 
f 3674//7858 3368//7858 3675//7858 
f 3675//7859 3368//7859 3643//7859 
f 3643//7860 3368//7860 3641//7860 
f 3641//7861 3368//7861 3594//7861 
f 3594//7862 3368//7862 3592//7862 
f 3592//7863 3368//7863 3544//7863 
f 3544//7864 3368//7864 3542//7864 
f 3542//7865 3368//7865 3490//7865 
f 3490//7866 3368//7866 3478//7866 
f 3478//7867 3368//7867 3465//7867 
f 3465//7868 3368//7868 3466//7868 
f 3466//7869 3368//7869 3461//7869 
f 3461//7870 3368//7870 3460//7870 
f 3460//7871 3368//7871 3454//7871 
f 4439//7872 3974//7872 4106//7872 
f 4439//7873 4106//7873 4510//7873 
f 4510//7874 4106//7874 4105//7874 
f 4439//7875 4510//7875 4511//7875 
f 4439//7876 4511//7876 4144//7876 
f 4439//7877 4144//7877 4143//7877 
f 4439//7878 4143//7878 3366//7878 
f 4439//7879 3366//7879 3367//7879 
f 4439//7880 3367//7880 4512//7880 
f 4439//7881 4512//7881 4513//7881 
f 4439//7882 4513//7882 4514//7882 
f 4439//7883 4514//7883 4515//7883 
f 4439//7884 4515//7884 4516//7884 
f 4439//7885 4516//7885 4517//7885 
f 4517//7886 4516//7886 4303//7886 
f 4303//7887 4516//7887 4225//7887 
f 4439//7888 4517//7888 4518//7888 
f 4439//7889 4518//7889 4519//7889 
f 4439//7890 4519//7890 4520//7890 
f 4439//7891 4520//7891 4521//7891 
f 4439//7892 4521//7892 4453//7892 
f 4522//7893 3405//7893 3427//7893 
f 3371//7894 4523//7894 3387//7894 
f 4524//7895 3387//7895 4523//7895 
f 3429//7896 4525//7896 3430//7896 
f 4526//7897 3430//7897 4525//7897 
f 3455//7898 4527//7898 3461//7898 
f 3478//7899 4528//7899 3464//7899 
f 3427//7900 3443//7900 4522//7900 
f 4522//7901 3443//7901 4529//7901 
f 4529//7902 3443//7902 3441//7902 
f 3441//7903 3443//7903 3429//7903 
f 3508//7904 4530//7904 3494//7904 
f 4531//7905 3494//7905 4530//7905 
f 3488//7906 4532//7906 3484//7906 
f 4533//7907 3484//7907 4532//7907 
f 3576//7908 3552//7908 3567//7908 
f 3505//7909 3518//7909 3516//7909 
f 3516//7910 3518//7910 3525//7910 
f 3567//7911 3570//7911 3576//7911 
f 3625//7912 3602//7912 3617//7912 
f 3617//7913 3619//7913 3625//7913 
f 3656//7914 3645//7914 3655//7914 
f 4534//7915 3667//7915 3668//7915 
f 4535//7916 3669//7916 3670//7916 
f 4535//7917 3670//7917 4536//7917 
f 3761//7918 3731//7918 3762//7918 
f 3762//7919 3731//7919 4537//7919 
f 4537//7920 3731//7920 4538//7920 
f 4538//7921 3731//7921 4539//7921 
f 4539//7922 3731//7922 3750//7922 
f 3750//7923 3731//7923 3736//7923 
f 3367//7924 3364//7924 4512//7924 
f 3361//7925 3366//7925 4540//7925 
f 4540//7926 3366//7926 4541//7926 
f 4541//7927 3366//7927 4542//7927 
f 4542//7928 3366//7928 4543//7928 
f 4543//7929 3366//7929 4544//7929 
f 4544//7930 3366//7930 4545//7930 
f 4545//7931 3366//7931 4169//7931 
f 3361//7932 4540//7932 4148//7932 
f 4546//7933 4137//7933 4547//7933 
f 4547//7934 4137//7934 4139//7934 
f 4077//7935 4125//7935 4122//7935 
f 4077//7936 4122//7936 4087//7936 
f 4513//7937 4548//7937 4514//7937 
f 4515//7938 4193//7938 4188//7938 
f 4515//7939 4188//7939 4516//7939 
f 4192//7940 4549//7940 4190//7940 
f 4191//7941 4512//7941 3364//7941 
f 3382//7942 3373//7942 3374//7942 
f 3382//7943 3372//7943 3373//7943 
f 3382//7944 3375//7944 3372//7944 
f 3382//7945 3377//7945 3375//7945 
f 3382//7946 3378//7946 3377//7946 
f 3382//7947 3380//7947 3378//7947 
f 3384//7948 3374//7948 3376//7948 
f 3384//7949 3382//7949 3374//7949 
f 3385//7950 3381//7950 3383//7950 
f 3385//7951 3379//7951 3381//7951 
f 3385//7952 3376//7952 3379//7952 
f 3385//7953 3384//7953 3376//7953 
f 3386//7954 3385//7954 3383//7954 
f 3387//7955 3385//7955 3386//7955 
f 3388//7956 3385//7956 3387//7956 
f 3392//7957 3390//7957 3389//7957 
f 3392//7958 3391//7958 3390//7958 
f 3393//7959 3392//7959 3389//7959 
f 3393//7960 3389//7960 3388//7960 
f 3394//7961 3393//7961 3388//7961 
f 4526//7962 3388//7962 3387//7962 
f 4526//7963 3394//7963 3388//7963 
f 3395//7964 4523//7964 3370//7964 
f 3396//7965 3394//7965 4526//7965 
f 3398//7966 3396//7966 4526//7966 
f 3399//7967 3398//7967 4526//7967 
f 3400//7968 3399//7968 4526//7968 
f 3401//7969 3400//7969 4526//7969 
f 3402//7970 3401//7970 4526//7970 
f 4524//7971 4523//7971 3395//7971 
f 4524//7972 3418//7972 3417//7972 
f 4524//7973 3421//7973 3418//7973 
f 4524//7974 3424//7974 3421//7974 
f 4524//7975 3425//7975 3424//7975 
f 4524//7976 3397//7976 3425//7976 
f 4524//7977 3395//7977 3397//7977 
f 3413//7978 4524//7978 3417//7978 
f 3403//7979 3402//7979 4526//7979 
f 3412//7980 4524//7980 3413//7980 
f 3408//7981 4524//7981 3412//7981 
f 4525//7982 3403//7982 4526//7982 
f 3407//7983 4524//7983 3408//7983 
f 3406//7984 4524//7984 3407//7984 
f 3405//7985 4524//7985 3406//7985 
f 3430//7986 4524//7986 3405//7986 
f 4522//7987 3431//7987 3430//7987 
f 4522//7988 3430//7988 3405//7988 
f 3432//7989 3431//7989 4522//7989 
f 3433//7990 3432//7990 4522//7990 
f 3441//7991 4522//7991 4529//7991 
f 3434//7992 3433//7992 4522//7992 
f 3439//7993 3441//7993 3440//7993 
f 3438//7994 3441//7994 3439//7994 
f 3435//7995 4522//7995 3441//7995 
f 3435//7996 3434//7996 4522//7996 
f 3436//7997 3438//7997 3437//7997 
f 3436//7998 3435//7998 3441//7998 
f 3436//7999 3441//7999 3438//7999 
f 3442//8000 3403//8000 4525//8000 
f 3430//8001 4526//8001 4524//8001 
f 4525//8002 3429//8002 3442//8002 
f 3387//8003 4524//8003 4526//8003 
f 4523//8004 3371//8004 3370//8004 
f 3410//8005 3409//8005 3404//8005 
f 3414//8006 3409//8006 3410//8006 
f 3415//8007 3414//8007 3410//8007 
f 3419//8008 3415//8008 3410//8008 
f 3422//8009 3419//8009 3410//8009 
f 3426//8010 3422//8010 3410//8010 
f 3427//8011 3420//8011 3423//8011 
f 3427//8012 3416//8012 3420//8012 
f 3427//8013 3411//8013 3416//8013 
f 3427//8014 3410//8014 3411//8014 
f 3427//8015 3426//8015 3410//8015 
f 3428//8016 3427//8016 3423//8016 
f 3443//8017 3427//8017 3428//8017 
f 3443//8018 3428//8018 3457//8018 
f 3447//8019 3445//8019 3444//8019 
f 3447//8020 3446//8020 3445//8020 
f 3448//8021 3444//8021 3443//8021 
f 3448//8022 3447//8022 3444//8022 
f 3449//8023 3443//8023 3457//8023 
f 3449//8024 3448//8024 3443//8024 
f 3450//8025 3449//8025 3457//8025 
f 3451//8026 3450//8026 3457//8026 
f 3452//8027 3451//8027 3457//8027 
f 3456//8028 3453//8028 3452//8028 
f 3456//8029 3454//8029 3453//8029 
f 3456//8030 3452//8030 3457//8030 
f 3458//8031 3455//8031 3457//8031 
f 3458//8032 3457//8032 3428//8032 
f 3459//8033 3454//8033 3456//8033 
f 3460//8034 3454//8034 3459//8034 
f 3463//8035 4527//8035 3458//8035 
f 3466//8036 3461//8036 4527//8036 
f 3467//8037 4527//8037 3463//8037 
f 3467//8038 3466//8038 4527//8038 
f 4528//8039 3467//8039 3463//8039 
f 4528//8040 3463//8040 3462//8040 
f 3464//8041 4528//8041 3462//8041 
f 3465//8042 3467//8042 4528//8042 
f 4528//8043 3478//8043 3465//8043 
f 4527//8044 3455//8044 3458//8044 
f 3471//8045 3469//8045 3468//8045 
f 3475//8046 3471//8046 3473//8046 
f 3475//8047 3470//8047 3469//8047 
f 3475//8048 3472//8048 3470//8048 
f 3475//8049 3474//8049 3472//8049 
f 3475//8050 3469//8050 3471//8050 
f 3477//8051 3476//8051 3475//8051 
f 3477//8052 3475//8052 3473//8052 
f 3479//8053 3477//8053 3473//8053 
f 4531//8054 3480//8054 3479//8054 
f 4531//8055 3481//8055 3480//8055 
f 4531//8056 3482//8056 3481//8056 
f 4531//8057 3483//8057 3482//8057 
f 4531//8058 3479//8058 3473//8058 
f 3485//8059 3483//8059 4531//8059 
f 3486//8060 3485//8060 4531//8060 
f 3487//8061 3486//8061 4531//8061 
f 3488//8062 3487//8062 4531//8062 
f 4530//8063 3488//8063 4531//8063 
f 3489//8064 4531//8064 3473//8064 
f 4533//8065 4532//8065 3508//8065 
f 4533//8066 3511//8066 3512//8066 
f 4533//8067 3510//8067 3511//8067 
f 4533//8068 3509//8068 3510//8068 
f 4533//8069 3507//8069 3509//8069 
f 4533//8070 3508//8070 3507//8070 
f 3513//8071 4533//8071 3512//8071 
f 3514//8072 4533//8072 3513//8072 
f 3515//8073 4533//8073 3514//8073 
f 3516//8074 4533//8074 3515//8074 
f 3542//8075 3490//8075 4533//8075 
f 3542//8076 4533//8076 3516//8076 
f 3525//8077 3542//8077 3516//8077 
f 3540//8078 3542//8078 3525//8078 
f 3523//8079 3525//8079 3524//8079 
f 3538//8080 3540//8080 3525//8080 
f 3521//8081 3523//8081 3522//8081 
f 3536//8082 3538//8082 3525//8082 
f 3533//8083 3536//8083 3525//8083 
f 3531//8084 3533//8084 3525//8084 
f 3519//8085 3521//8085 3520//8085 
f 3519//8086 3523//8086 3521//8086 
f 3529//8087 3525//8087 3523//8087 
f 3529//8088 3523//8088 3519//8088 
f 3529//8089 3531//8089 3525//8089 
f 3527//8090 3529//8090 3519//8090 
f 3484//8091 4533//8091 3490//8091 
f 4532//8092 3488//8092 4530//8092 
f 3494//8093 4531//8093 3489//8093 
f 4530//8094 3508//8094 4532//8094 
f 3497//8095 3492//8095 3491//8095 
f 3495//8096 3493//8096 3492//8096 
f 3502//8097 3498//8097 3495//8097 
f 3502//8098 3500//8098 3498//8098 
f 3502//8099 3492//8099 3497//8099 
f 3502//8100 3495//8100 3492//8100 
f 3505//8101 3504//8101 3502//8101 
f 3505//8102 3501//8102 3503//8102 
f 3505//8103 3499//8103 3501//8103 
f 3505//8104 3496//8104 3499//8104 
f 3505//8105 3497//8105 3496//8105 
f 3505//8106 3502//8106 3497//8106 
f 3506//8107 3505//8107 3503//8107 
f 4550//8108 3505//8108 3506//8108 
f 3517//8109 4551//8109 4550//8109 
f 3517//8110 4550//8110 3506//8110 
f 3563//8111 4551//8111 3517//8111 
f 3562//8112 4551//8112 3563//8112 
f 3559//8113 4551//8113 3562//8113 
f 3555//8114 4551//8114 3559//8114 
f 3518//8115 3505//8115 4550//8115 
f 3550//8116 4551//8116 3555//8116 
f 3549//8117 4551//8117 3550//8117 
f 3547//8118 4551//8118 3549//8118 
f 3532//8119 3528//8119 3526//8119 
f 3532//8120 3530//8120 3528//8120 
f 3534//8121 3532//8121 3526//8121 
f 3534//8122 3526//8122 3518//8122 
f 3535//8123 3534//8123 3518//8123 
f 4552//8124 3537//8124 3535//8124 
f 4552//8125 3539//8125 3537//8125 
f 4552//8126 3541//8126 3539//8126 
f 4552//8127 3543//8127 3541//8127 
f 4552//8128 3544//8128 3543//8128 
f 4553//8129 3544//8129 4552//8129 
f 3592//8130 3544//8130 4553//8130 
f 3576//8131 4553//8131 3552//8131 
f 3576//8132 3592//8132 4553//8132 
f 3589//8133 3592//8133 3576//8133 
f 3574//8134 3576//8134 3575//8134 
f 3587//8135 3589//8135 3576//8135 
f 3585//8136 3587//8136 3576//8136 
f 3572//8137 3574//8137 3573//8137 
f 3583//8138 3576//8138 3574//8138 
f 3583//8139 3585//8139 3576//8139 
f 3571//8140 3574//8140 3572//8140 
f 3580//8141 3583//8141 3574//8141 
f 3580//8142 3574//8142 3571//8142 
f 3578//8143 3580//8143 3571//8143 
f 4550//8144 4552//8144 3535//8144 
f 4550//8145 3535//8145 3518//8145 
f 4553//8146 4551//8146 3547//8146 
f 4553//8147 3547//8147 3546//8147 
f 4553//8148 3546//8148 3552//8148 
f 3556//8149 3545//8149 3548//8149 
f 3553//8150 3551//8150 3545//8150 
f 3564//8151 3557//8151 3553//8151 
f 3564//8152 3560//8152 3557//8152 
f 3564//8153 3545//8153 3556//8153 
f 3564//8154 3553//8154 3545//8154 
f 3567//8155 3566//8155 3564//8155 
f 3567//8156 3561//8156 3565//8156 
f 3567//8157 3558//8157 3561//8157 
f 3567//8158 3554//8158 3558//8158 
f 3567//8159 3556//8159 3554//8159 
f 3567//8160 3564//8160 3556//8160 
f 3568//8161 3567//8161 3565//8161 
f 4554//8162 3567//8162 3568//8162 
f 3569//8163 4555//8163 4554//8163 
f 3569//8164 4554//8164 3568//8164 
f 3613//8165 4555//8165 3569//8165 
f 3612//8166 4555//8166 3613//8166 
f 3609//8167 4555//8167 3612//8167 
f 3605//8168 4555//8168 3609//8168 
f 3570//8169 3567//8169 4554//8169 
f 3600//8170 4555//8170 3605//8170 
f 3599//8171 4555//8171 3600//8171 
f 3597//8172 4555//8172 3599//8172 
f 3582//8173 3579//8173 3577//8173 
f 3582//8174 3581//8174 3579//8174 
f 3584//8175 3582//8175 3577//8175 
f 3584//8176 3577//8176 3570//8176 
f 3586//8177 3584//8177 3570//8177 
f 4556//8178 3588//8178 3586//8178 
f 4556//8179 3590//8179 3588//8179 
f 4556//8180 3591//8180 3590//8180 
f 4556//8181 3593//8181 3591//8181 
f 4556//8182 3594//8182 3593//8182 
f 4557//8183 3594//8183 4556//8183 
f 3641//8184 3594//8184 4557//8184 
f 3625//8185 4557//8185 3602//8185 
f 3625//8186 3641//8186 4557//8186 
f 3638//8187 3641//8187 3625//8187 
f 3623//8188 3625//8188 3624//8188 
f 3636//8189 3638//8189 3625//8189 
f 3634//8190 3636//8190 3625//8190 
f 3621//8191 3623//8191 3622//8191 
f 3632//8192 3625//8192 3623//8192 
f 3632//8193 3634//8193 3625//8193 
f 3620//8194 3623//8194 3621//8194 
f 3630//8195 3632//8195 3623//8195 
f 3630//8196 3623//8196 3620//8196 
f 3627//8197 3630//8197 3620//8197 
f 4557//8198 4555//8198 3597//8198 
f 4557//8199 3597//8199 3596//8199 
f 4557//8200 3596//8200 3602//8200 
f 4554//8201 4556//8201 3586//8201 
f 4554//8202 3586//8202 3570//8202 
f 3606//8203 3595//8203 3598//8203 
f 3603//8204 3601//8204 3595//8204 
f 3614//8205 3607//8205 3603//8205 
f 3614//8206 3610//8206 3607//8206 
f 3614//8207 3595//8207 3606//8207 
f 3614//8208 3603//8208 3595//8208 
f 3617//8209 3616//8209 3614//8209 
f 3617//8210 3611//8210 3615//8210 
f 3617//8211 3608//8211 3611//8211 
f 3617//8212 3604//8212 3608//8212 
f 3617//8213 3606//8213 3604//8213 
f 3617//8214 3614//8214 3606//8214 
f 3618//8215 3617//8215 3615//8215 
f 4558//8216 3617//8216 3618//8216 
f 3654//8217 4559//8217 4558//8217 
f 3654//8218 4558//8218 3618//8218 
f 3653//8219 4559//8219 3654//8219 
f 3652//8220 4559//8220 3653//8220 
f 3651//8221 4559//8221 3652//8221 
f 3650//8222 4559//8222 3651//8222 
f 3619//8223 3617//8223 4558//8223 
f 3649//8224 4559//8224 3650//8224 
f 3648//8225 4559//8225 3649//8225 
f 3647//8226 4559//8226 3648//8226 
f 3631//8227 3628//8227 3626//8227 
f 3631//8228 3629//8228 3628//8228 
f 3633//8229 3631//8229 3626//8229 
f 3633//8230 3626//8230 3619//8230 
f 3635//8231 3633//8231 3619//8231 
f 4560//8232 3637//8232 3635//8232 
f 4560//8233 3639//8233 3637//8233 
f 4560//8234 3640//8234 3639//8234 
f 4560//8235 3642//8235 3640//8235 
f 4560//8236 3643//8236 3642//8236 
f 4561//8237 3643//8237 4560//8237 
f 3675//8238 3643//8238 4561//8238 
f 3656//8239 4561//8239 3645//8239 
f 3656//8240 3675//8240 4561//8240 
f 3676//8241 3675//8241 3656//8241 
f 3659//8242 3656//8242 3658//8242 
f 3677//8243 3676//8243 3656//8243 
f 3678//8244 3677//8244 3656//8244 
f 3661//8245 3659//8245 3660//8245 
f 3679//8246 3656//8246 3659//8246 
f 3679//8247 3678//8247 3656//8247 
f 3666//8248 3659//8248 3661//8248 
f 3680//8249 3679//8249 3659//8249 
f 3680//8250 3659//8250 3666//8250 
f 3665//8251 3680//8251 3666//8251 
f 4558//8252 4560//8252 3635//8252 
f 4558//8253 3635//8253 3619//8253 
f 4561//8254 4559//8254 3647//8254 
f 4561//8255 3647//8255 3646//8255 
f 4561//8256 3646//8256 3645//8256 
f 3662//8257 3657//8257 3655//8257 
f 3664//8258 3657//8258 3662//8258 
f 3668//8259 3663//8259 3644//8259 
f 3712//8260 3668//8260 3644//8260 
f 4534//8261 3673//8261 3672//8261 
f 4534//8262 3710//8262 3673//8262 
f 4534//8263 3711//8263 3710//8263 
f 4534//8264 3712//8264 3711//8264 
f 4534//8265 3709//8265 3708//8265 
f 4534//8266 3671//8266 3709//8266 
f 4534//8267 3672//8267 3671//8267 
f 4534//8268 3668//8268 3712//8268 
f 3707//8269 4534//8269 3708//8269 
f 3706//8270 4534//8270 3707//8270 
f 4536//8271 4534//8271 3706//8271 
f 3682//8272 4536//8272 3706//8272 
f 3701//8273 3682//8273 3706//8273 
f 3683//8274 3682//8274 3701//8274 
f 4535//8275 4536//8275 3682//8275 
f 3681//8276 4535//8276 3682//8276 
f 3684//8277 3683//8277 3701//8277 
f 3692//8278 3696//8278 3694//8278 
f 3686//8279 3698//8279 3696//8279 
f 3686//8280 3701//8280 3698//8280 
f 3686//8281 3684//8281 3701//8281 
f 3691//8282 3696//8282 3692//8282 
f 3688//8283 3686//8283 3696//8283 
f 3688//8284 3696//8284 3691//8284 
f 3689//8285 3688//8285 3691//8285 
f 3685//8286 4535//8286 3681//8286 
f 3687//8287 4535//8287 3685//8287 
f 3690//8288 4535//8288 3687//8288 
f 3693//8289 4535//8289 3690//8289 
f 3695//8290 4535//8290 3693//8290 
f 3697//8291 4535//8291 3695//8291 
f 3699//8292 4535//8292 3697//8292 
f 3700//8293 4535//8293 3699//8293 
f 3705//8294 4535//8294 3700//8294 
f 3719//8295 3674//8295 4535//8295 
f 3719//8296 4535//8296 3705//8296 
f 3704//8297 3720//8297 3719//8297 
f 3704//8298 3719//8298 3705//8298 
f 3721//8299 3720//8299 3704//8299 
f 3718//8300 3704//8300 3703//8300 
f 3722//8301 3721//8301 3704//8301 
f 3723//8302 3722//8302 3704//8302 
f 3716//8303 3718//8303 3717//8303 
f 3724//8304 3704//8304 3718//8304 
f 3724//8305 3723//8305 3704//8305 
f 3714//8306 3716//8306 3715//8306 
f 3714//8307 3718//8307 3716//8307 
f 3714//8308 3724//8308 3718//8308 
f 3669//8309 4535//8309 3674//8309 
f 4536//8310 3670//8310 4534//8310 
f 3667//8311 4534//8311 3670//8311 
f 3728//8312 3702//8312 3726//8312 
f 3713//8313 3702//8313 3728//8313 
f 3739//8314 3713//8314 3728//8314 
f 3725//8315 3739//8315 3728//8315 
f 3731//8316 3725//8316 3727//8316 
f 3738//8317 3713//8317 3739//8317 
f 3740//8318 3739//8318 3725//8318 
f 3761//8319 3737//8319 3740//8319 
f 3761//8320 3725//8320 3731//8320 
f 3761//8321 3740//8321 3725//8321 
f 3753//8322 3736//8322 3730//8322 
f 3753//8323 3730//8323 3729//8323 
f 3755//8324 3732//8324 3733//8324 
f 3755//8325 3729//8325 3732//8325 
f 3755//8326 3753//8326 3729//8326 
f 3758//8327 3733//8327 3734//8327 
f 3758//8328 3755//8328 3733//8328 
f 3760//8329 3734//8329 3735//8329 
f 3760//8330 3758//8330 3734//8330 
f 3767//8331 3735//8331 3741//8331 
f 3767//8332 3760//8332 3735//8332 
f 3771//8333 3741//8333 3742//8333 
f 3771//8334 3767//8334 3741//8334 
f 3750//8335 3748//8335 3745//8335 
f 4539//8336 3750//8336 3745//8336 
f 3775//8337 3771//8337 3742//8337 
f 3775//8338 3742//8338 3743//8338 
f 4537//8339 4538//8339 4539//8339 
f 3762//8340 4537//8340 4539//8340 
f 3763//8341 3762//8341 4539//8341 
f 3776//8342 3743//8342 3744//8342 
f 3776//8343 3775//8343 3743//8343 
f 3764//8344 3763//8344 4539//8344 
f 3781//8345 3776//8345 3744//8345 
f 3781//8346 3744//8346 3905//8346 
f 3768//8347 3765//8347 3764//8347 
f 3784//8348 3781//8348 3905//8348 
f 3772//8349 3764//8349 4539//8349 
f 3772//8350 3768//8350 3764//8350 
f 3772//8351 3769//8351 3768//8351 
f 3786//8352 3905//8352 3904//8352 
f 3786//8353 3784//8353 3905//8353 
f 3787//8354 3786//8354 3904//8354 
f 3787//8355 3904//8355 3901//8355 
f 3793//8356 3787//8356 3901//8356 
f 3779//8357 4539//8357 3745//8357 
f 3779//8358 3772//8358 4539//8358 
f 3779//8359 3773//8359 3772//8359 
f 3779//8360 3777//8360 3773//8360 
f 3779//8361 3778//8361 3777//8361 
f 3779//8362 3745//8362 3746//8362 
f 3797//8363 3901//8363 3900//8363 
f 3797//8364 3793//8364 3901//8364 
f 3798//8365 3797//8365 3900//8365 
f 3782//8366 3779//8366 3746//8366 
f 3782//8367 3747//8367 3749//8367 
f 3782//8368 3746//8368 3747//8368 
f 3790//8369 3900//8369 3897//8369 
f 3790//8370 3798//8370 3900//8370 
f 3791//8371 3790//8371 3897//8371 
f 3788//8372 3782//8372 3749//8372 
f 3788//8373 3749//8373 3751//8373 
f 3789//8374 3791//8374 3897//8374 
f 3789//8375 3897//8375 3890//8375 
f 3795//8376 3789//8376 3890//8376 
f 3794//8377 3795//8377 3890//8377 
f 3794//8378 3890//8378 3889//8378 
f 3801//8379 3794//8379 3889//8379 
f 3880//8380 3801//8380 3889//8380 
f 3880//8381 3802//8381 3801//8381 
f 3810//8382 3766//8382 3770//8382 
f 3814//8383 3766//8383 3810//8383 
f 3814//8384 3759//8384 3766//8384 
f 3811//8385 3810//8385 3770//8385 
f 3809//8386 3811//8386 3770//8386 
f 3809//8387 3770//8387 3774//8387 
f 3813//8388 3759//8388 3814//8388 
f 3813//8389 3757//8389 3759//8389 
f 3812//8390 3757//8390 3813//8390 
f 3812//8391 3756//8391 3757//8391 
f 3812//8392 3754//8392 3756//8392 
f 3820//8393 3754//8393 3812//8393 
f 3820//8394 3799//8394 3788//8394 
f 3820//8395 3807//8395 3799//8395 
f 3820//8396 3788//8396 3751//8396 
f 3820//8397 3752//8397 3754//8397 
f 3820//8398 3751//8398 3752//8398 
f 3825//8399 3809//8399 3774//8399 
f 3819//8400 3808//8400 3807//8400 
f 3819//8401 3815//8401 3808//8401 
f 3819//8402 3807//8402 3820//8402 
f 3827//8403 3825//8403 3774//8403 
f 3818//8404 3815//8404 3819//8404 
f 3816//8405 3815//8405 3818//8405 
f 3830//8406 3827//8406 3774//8406 
f 3830//8407 3774//8407 3780//8407 
f 3832//8408 3830//8408 3780//8408 
f 3832//8409 3783//8409 3785//8409 
f 3832//8410 3780//8410 3783//8410 
f 3821//8411 3818//8411 3817//8411 
f 3821//8412 3816//8412 3818//8412 
f 3871//8413 3879//8413 3872//8413 
f 3863//8414 3879//8414 3871//8414 
f 3862//8415 3879//8415 3863//8415 
f 3828//8416 3817//8416 3823//8416 
f 3828//8417 3821//8417 3817//8417 
f 3838//8418 3832//8418 3785//8418 
f 3838//8419 3792//8419 3796//8419 
f 3838//8420 3785//8420 3792//8420 
f 3854//8421 3862//8421 3855//8421 
f 3833//8422 3823//8422 3822//8422 
f 3833//8423 3822//8423 3824//8423 
f 3833//8424 3828//8424 3823//8424 
f 3852//8425 3862//8425 3854//8425 
f 3842//8426 3838//8426 3796//8426 
f 3842//8427 3796//8427 3803//8427 
f 3850//8428 3852//8428 3851//8428 
f 3850//8429 3862//8429 3852//8429 
f 3845//8430 3803//8430 3806//8430 
f 3845//8431 3842//8431 3803//8431 
f 3845//8432 3806//8432 3804//8432 
f 3836//8433 3833//8433 3824//8433 
f 3836//8434 3826//8434 3829//8434 
f 3836//8435 3824//8435 3826//8435 
f 3847//8436 3845//8436 3804//8436 
f 3847//8437 3804//8437 3805//8437 
f 3857//8438 3862//8438 3850//8438 
f 3857//8439 3849//8439 3858//8439 
f 3857//8440 3850//8440 3849//8440 
f 3840//8441 3831//8441 3834//8441 
f 3840//8442 3829//8442 3831//8442 
f 3840//8443 3836//8443 3829//8443 
f 3860//8444 3847//8444 3805//8444 
f 3860//8445 3805//8445 3800//8445 
f 3866//8446 3857//8446 3867//8446 
f 3874//8447 3860//8447 3800//8447 
f 3874//8448 3800//8448 3802//8448 
f 3865//8449 3857//8449 3866//8449 
f 3882//8450 3874//8450 3802//8450 
f 3883//8451 3802//8451 3880//8451 
f 3883//8452 3880//8452 3879//8452 
f 3883//8453 3882//8453 3802//8453 
f 3877//8454 3865//8454 3869//8454 
f 3843//8455 3840//8455 3834//8455 
f 3843//8456 3834//8456 3835//8456 
f 3892//8457 3879//8457 3862//8457 
f 3892//8458 3883//8458 3879//8458 
f 3886//8459 3862//8459 3857//8459 
f 3886//8460 3857//8460 3865//8460 
f 3886//8461 3876//8461 3887//8461 
f 3886//8462 3877//8462 3876//8462 
f 3886//8463 3865//8463 3877//8463 
f 3886//8464 3892//8464 3862//8464 
f 3895//8465 3893//8465 3892//8465 
f 3885//8466 3892//8466 3886//8466 
f 3885//8467 3895//8467 3892//8467 
f 4509//8468 3837//8468 3839//8468 
f 4509//8469 3835//8469 3837//8469 
f 4509//8470 3843//8470 3835//8470 
f 3966//8471 4509//8471 3839//8471 
f 3966//8472 3839//8472 3841//8472 
f 3967//8473 3966//8473 3841//8473 
f 3968//8474 3841//8474 3844//8474 
f 3968//8475 3967//8475 3841//8475 
f 3957//8476 3844//8476 3846//8476 
f 3957//8477 3968//8477 3844//8477 
f 3958//8478 3846//8478 3859//8478 
f 3958//8479 3957//8479 3846//8479 
f 3959//8480 3859//8480 3873//8480 
f 3959//8481 3958//8481 3859//8481 
f 3946//8482 3959//8482 3873//8482 
f 3947//8483 3873//8483 3881//8483 
f 3947//8484 3946//8484 3873//8484 
f 3938//8485 3881//8485 3891//8485 
f 3938//8486 3947//8486 3881//8486 
f 3907//8487 3938//8487 3891//8487 
f 3927//8488 3870//8488 3878//8488 
f 3929//8489 3927//8489 3878//8489 
f 3925//8490 3870//8490 3927//8490 
f 3932//8491 3878//8491 3888//8491 
f 3932//8492 3929//8492 3878//8492 
f 3922//8493 3870//8493 3925//8493 
f 3922//8494 3861//8494 3870//8494 
f 3934//8495 3932//8495 3888//8495 
f 3920//8496 3853//8496 3861//8496 
f 3920//8497 3861//8497 3922//8497 
f 3936//8498 3934//8498 3888//8498 
f 3918//8499 3848//8499 3853//8499 
f 3918//8500 3853//8500 3920//8500 
f 3940//8501 3888//8501 3896//8501 
f 3940//8502 3936//8502 3888//8502 
f 3914//8503 3848//8503 3918//8503 
f 3914//8504 3856//8504 3848//8504 
f 3942//8505 3896//8505 3899//8505 
f 3942//8506 3940//8506 3896//8506 
f 3912//8507 3856//8507 3914//8507 
f 3912//8508 3864//8508 3856//8508 
f 3911//8509 3884//8509 3875//8509 
f 3911//8510 3875//8510 3868//8510 
f 3911//8511 3868//8511 3864//8511 
f 3911//8512 3864//8512 3912//8512 
f 3944//8513 3942//8513 3899//8513 
f 3910//8514 3902//8514 3898//8514 
f 3910//8515 3898//8515 3894//8515 
f 3910//8516 3894//8516 3884//8516 
f 3910//8517 3884//8517 3911//8517 
f 3949//8518 3899//8518 3903//8518 
f 3949//8519 3944//8519 3899//8519 
f 3913//8520 3902//8520 3910//8520 
f 3913//8521 3906//8521 3902//8521 
f 3951//8522 3949//8522 3903//8522 
f 3916//8523 3909//8523 3906//8523 
f 3916//8524 3906//8524 3913//8524 
f 3954//8525 3951//8525 3903//8525 
f 3917//8526 3915//8526 3909//8526 
f 3917//8527 3909//8527 3916//8527 
f 3955//8528 3903//8528 3908//8528 
f 3955//8529 3954//8529 3903//8529 
f 3919//8530 3915//8530 3917//8530 
f 3961//8531 3955//8531 3908//8531 
f 3923//8532 3919//8532 3921//8532 
f 3923//8533 3915//8533 3919//8533 
f 3924//8534 3923//8534 3921//8534 
f 3963//8535 3908//8535 4012//8535 
f 3963//8536 3961//8536 3908//8536 
f 3930//8537 3926//8537 3928//8537 
f 3930//8538 3924//8538 3926//8538 
f 3930//8539 3923//8539 3924//8539 
f 3970//8540 4012//8540 4007//8540 
f 3970//8541 3963//8541 4012//8541 
f 3937//8542 3930//8542 3928//8542 
f 3937//8543 3931//8543 3933//8543 
f 3937//8544 3928//8544 3931//8544 
f 3973//8545 3970//8545 4007//8545 
f 3973//8546 4007//8546 4001//8546 
f 3976//8547 3973//8547 4001//8547 
f 3976//8548 4001//8548 3981//8548 
f 3945//8549 3937//8549 3933//8549 
f 3945//8550 3939//8550 3941//8550 
f 3945//8551 3935//8551 3939//8551 
f 3945//8552 3933//8552 3935//8552 
f 3978//8553 3976//8553 3981//8553 
f 3956//8554 3945//8554 3941//8554 
f 3956//8555 3948//8555 3950//8555 
f 3956//8556 3943//8556 3948//8556 
f 3956//8557 3941//8557 3943//8557 
f 3965//8558 3956//8558 3950//8558 
f 3965//8559 3952//8559 3953//8559 
f 3965//8560 3950//8560 3952//8560 
f 3974//8561 3960//8561 3962//8561 
f 3974//8562 3953//8562 3960//8562 
f 3974//8563 3965//8563 3953//8563 
f 4106//8564 3962//8564 3964//8564 
f 4106//8565 3974//8565 3962//8565 
f 4101//8566 3964//8566 3969//8566 
f 4101//8567 4106//8567 3964//8567 
f 4096//8568 3969//8568 3971//8568 
f 4096//8569 4101//8569 3969//8569 
f 4091//8570 4096//8570 3971//8570 
f 4091//8571 3971//8571 3972//8571 
f 4092//8572 4091//8572 3972//8572 
f 4074//8573 4092//8573 3972//8573 
f 4074//8574 3972//8574 3975//8574 
f 4070//8575 4074//8575 3975//8575 
f 4070//8576 3975//8576 3977//8576 
f 4066//8577 4070//8577 3977//8577 
f 4014//8578 3977//8578 3979//8578 
f 4014//8579 4066//8579 3977//8579 
f 4043//8580 3985//8580 3987//8580 
f 4046//8581 4043//8581 3987//8581 
f 4046//8582 3987//8582 3990//8582 
f 4041//8583 3983//8583 3985//8583 
f 4041//8584 3985//8584 4043//8584 
f 4049//8585 4046//8585 3990//8585 
f 4049//8586 3990//8586 3992//8586 
f 4038//8587 3982//8587 3983//8587 
f 4038//8588 3980//8588 3982//8588 
f 4038//8589 3983//8589 4041//8589 
f 4052//8590 4049//8590 3992//8590 
f 4052//8591 3992//8591 3994//8591 
f 4035//8592 3980//8592 4038//8592 
f 4035//8593 3984//8593 3980//8593 
f 4054//8594 4052//8594 3994//8594 
f 4054//8595 3996//8595 3998//8595 
f 4054//8596 3994//8596 3996//8596 
f 4031//8597 3984//8597 4035//8597 
f 4031//8598 3986//8598 3984//8598 
f 4057//8599 4054//8599 3998//8599 
f 4057//8600 3998//8600 4000//8600 
f 4028//8601 3986//8601 4031//8601 
f 4028//8602 3988//8602 3986//8602 
f 4028//8603 3989//8603 3988//8603 
f 4062//8604 4057//8604 4000//8604 
f 4062//8605 4000//8605 4004//8605 
f 4026//8606 3989//8606 4028//8606 
f 4026//8607 3991//8607 3989//8607 
f 4026//8608 3993//8608 3991//8608 
f 4064//8609 4062//8609 4004//8609 
f 4064//8610 4004//8610 4006//8610 
f 4022//8611 3997//8611 3995//8611 
f 4022//8612 3993//8612 4026//8612 
f 4022//8613 3995//8613 3993//8613 
f 4068//8614 4064//8614 4006//8614 
f 4068//8615 4006//8615 4009//8615 
f 4021//8616 3999//8616 3997//8616 
f 4021//8617 4002//8617 3999//8617 
f 4021//8618 3997//8618 4022//8618 
f 4020//8619 4003//8619 4002//8619 
f 4020//8620 4005//8620 4003//8620 
f 4020//8621 4002//8621 4021//8621 
f 4072//8622 4068//8622 4009//8622 
f 4072//8623 4009//8623 4011//8623 
f 4019//8624 4008//8624 4005//8624 
f 4019//8625 4010//8625 4008//8625 
f 4019//8626 4005//8626 4020//8626 
f 4076//8627 4072//8627 4011//8627 
f 4025//8628 4013//8628 4010//8628 
f 4025//8629 4010//8629 4019//8629 
f 4089//8630 4076//8630 4011//8630 
f 4089//8631 4011//8631 4015//8631 
f 4027//8632 4016//8632 4013//8632 
f 4027//8633 4018//8633 4016//8633 
f 4027//8634 4013//8634 4025//8634 
f 4094//8635 4089//8635 4015//8635 
f 4094//8636 4015//8636 4017//8636 
f 4030//8637 4024//8637 4018//8637 
f 4030//8638 4018//8638 4027//8638 
f 4098//8639 4094//8639 4017//8639 
f 4098//8640 4017//8640 4023//8640 
f 4033//8641 4029//8641 4024//8641 
f 4033//8642 4024//8642 4030//8642 
f 4034//8643 4032//8643 4029//8643 
f 4034//8644 4029//8644 4033//8644 
f 4099//8645 4023//8645 4124//8645 
f 4099//8646 4098//8646 4023//8646 
f 4037//8647 4036//8647 4032//8647 
f 4037//8648 4032//8648 4034//8648 
f 4103//8649 4124//8649 4086//8649 
f 4103//8650 4099//8650 4124//8650 
f 4040//8651 4039//8651 4036//8651 
f 4040//8652 4036//8652 4037//8652 
f 4108//8653 4086//8653 4085//8653 
f 4108//8654 4103//8654 4086//8654 
f 4044//8655 4040//8655 4042//8655 
f 4044//8656 4039//8656 4040//8656 
f 4110//8657 4085//8657 4084//8657 
f 4110//8658 4108//8658 4085//8658 
f 4047//8659 4044//8659 4042//8659 
f 4047//8660 4042//8660 4045//8660 
f 4048//8661 4047//8661 4045//8661 
f 4112//8662 4110//8662 4084//8662 
f 4112//8663 4084//8663 4083//8663 
f 4050//8664 4047//8664 4048//8664 
f 4051//8665 4050//8665 4048//8665 
f 4114//8666 4112//8666 4083//8666 
f 4114//8667 4082//8667 4081//8667 
f 4114//8668 4083//8668 4082//8668 
f 4055//8669 4050//8669 4051//8669 
f 4055//8670 4051//8670 4053//8670 
f 4116//8671 4114//8671 4081//8671 
f 4116//8672 4081//8672 4080//8672 
f 4058//8673 4053//8673 4056//8673 
f 4058//8674 4055//8674 4053//8674 
f 4118//8675 4080//8675 4079//8675 
f 4118//8676 4116//8676 4080//8676 
f 4060//8677 4056//8677 4059//8677 
f 4060//8678 4058//8678 4056//8678 
f 4120//8679 4079//8679 4078//8679 
f 4120//8680 4118//8680 4079//8680 
f 4065//8681 4059//8681 4061//8681 
f 4065//8682 4060//8682 4059//8682 
f 4087//8683 4120//8683 4078//8683 
f 4069//8684 4061//8684 4063//8684 
f 4069//8685 4065//8685 4061//8685 
f 4073//8686 4063//8686 4067//8686 
f 4073//8687 4069//8687 4063//8687 
f 4090//8688 4071//8688 4075//8688 
f 4090//8689 4067//8689 4071//8689 
f 4090//8690 4073//8690 4067//8690 
f 4095//8691 4075//8691 4088//8691 
f 4095//8692 4090//8692 4075//8692 
f 4100//8693 4088//8693 4093//8693 
f 4100//8694 4095//8694 4088//8694 
f 4105//8695 4093//8695 4097//8695 
f 4105//8696 4100//8696 4093//8696 
f 4510//8697 4105//8697 4097//8697 
f 4511//8698 4097//8698 4102//8698 
f 4511//8699 4510//8699 4097//8699 
f 4144//8700 4102//8700 4107//8700 
f 4144//8701 4511//8701 4102//8701 
f 4126//8702 4107//8702 4109//8702 
f 4126//8703 4144//8703 4107//8703 
f 4127//8704 4109//8704 4111//8704 
f 4127//8705 4126//8705 4109//8705 
f 4128//8706 4127//8706 4111//8706 
f 4129//8707 4128//8707 4111//8707 
f 4129//8708 4111//8708 4113//8708 
f 4130//8709 4129//8709 4113//8709 
f 4130//8710 4113//8710 4115//8710 
f 4131//8711 4130//8711 4115//8711 
f 4131//8712 4115//8712 4117//8712 
f 4132//8713 4131//8713 4117//8713 
f 4132//8714 4117//8714 4119//8714 
f 4133//8715 4132//8715 4119//8715 
f 4133//8716 4119//8716 4121//8716 
f 4134//8717 4133//8717 4121//8717 
f 4134//8718 4121//8718 4122//8718 
f 4136//8719 4077//8719 4104//8719 
f 4562//8720 4077//8720 4136//8720 
f 4125//8721 4077//8721 4562//8721 
f 4563//8722 4125//8722 4562//8722 
f 4564//8723 4136//8723 4135//8723 
f 4564//8724 4562//8724 4136//8724 
f 4565//8725 4564//8725 4135//8725 
f 4566//8726 4565//8726 4135//8726 
f 4567//8727 4566//8727 4135//8727 
f 4546//8728 4135//8728 4123//8728 
f 4568//8729 4567//8729 4135//8729 
f 4568//8730 4135//8730 4546//8730 
f 4569//8731 4568//8731 4546//8731 
f 4570//8732 4569//8732 4546//8732 
f 4570//8733 4546//8733 4547//8733 
f 4571//8734 4570//8734 4547//8734 
f 4572//8735 4547//8735 4139//8735 
f 4572//8736 4571//8736 4547//8736 
f 4573//8737 4572//8737 4139//8737 
f 4574//8738 4139//8738 4138//8738 
f 4574//8739 4573//8739 4139//8739 
f 4575//8740 4574//8740 4138//8740 
f 4575//8741 4138//8741 4140//8741 
f 4576//8742 4141//8742 4142//8742 
f 4576//8743 4140//8743 4141//8743 
f 4576//8744 4575//8744 4140//8744 
f 4143//8745 4125//8745 4563//8745 
f 4143//8746 4563//8746 4577//8746 
f 4143//8747 4577//8747 4578//8747 
f 4145//8748 4576//8748 4142//8748 
f 4579//8749 4576//8749 4145//8749 
f 4146//8750 4579//8750 4145//8750 
f 4147//8751 4579//8751 4146//8751 
f 4147//8752 4580//8752 4579//8752 
f 4148//8753 4580//8753 4147//8753 
f 4540//8754 4581//8754 4580//8754 
f 4540//8755 4580//8755 4148//8755 
f 4149//8756 4578//8756 4582//8756 
f 4149//8757 4143//8757 4578//8757 
f 4149//8758 4582//8758 4583//8758 
f 4541//8759 4581//8759 4540//8759 
f 4542//8760 4581//8760 4541//8760 
f 4150//8761 4583//8761 4584//8761 
f 4150//8762 4149//8762 4583//8762 
f 4543//8763 4581//8763 4542//8763 
f 4543//8764 4585//8764 4581//8764 
f 4151//8765 4150//8765 4584//8765 
f 4151//8766 4584//8766 4586//8766 
f 4544//8767 4585//8767 4543//8767 
f 4545//8768 4585//8768 4544//8768 
f 4545//8769 4587//8769 4585//8769 
f 4152//8770 4151//8770 4586//8770 
f 4152//8771 4586//8771 4588//8771 
f 4169//8772 4587//8772 4545//8772 
f 4153//8773 4152//8773 4588//8773 
f 4153//8774 4588//8774 4589//8774 
f 4153//8775 4589//8775 4590//8775 
f 4168//8776 4587//8776 4169//8776 
f 4167//8777 4587//8777 4168//8777 
f 4167//8778 4591//8778 4587//8778 
f 4154//8779 4153//8779 4590//8779 
f 4154//8780 4590//8780 4592//8780 
f 4166//8781 4591//8781 4167//8781 
f 4165//8782 4591//8782 4166//8782 
f 4165//8783 4593//8783 4591//8783 
f 4155//8784 4154//8784 4592//8784 
f 4155//8785 4592//8785 4594//8785 
f 4164//8786 4593//8786 4165//8786 
f 4156//8787 4155//8787 4594//8787 
f 4156//8788 4594//8788 4595//8788 
f 4163//8789 4593//8789 4164//8789 
f 4157//8790 4156//8790 4595//8790 
f 4162//8791 4593//8791 4163//8791 
f 4162//8792 4596//8792 4593//8792 
f 4158//8793 4157//8793 4595//8793 
f 4158//8794 4595//8794 4597//8794 
f 4161//8795 4596//8795 4162//8795 
f 4159//8796 4158//8796 4597//8796 
f 4160//8797 4159//8797 4597//8797 
f 4160//8798 4596//8798 4161//8798 
f 4160//8799 4597//8799 4596//8799 
f 4137//8800 4546//8800 4123//8800 
f 4549//8801 4191//8801 4190//8801 
f 4512//8802 4191//8802 4549//8802 
f 4513//8803 4512//8803 4549//8803 
f 4548//8804 4192//8804 4193//8804 
f 4515//8805 4514//8805 4548//8805 
f 4515//8806 4548//8806 4193//8806 
f 4549//8807 4192//8807 4513//8807 
f 4513//8808 4192//8808 4548//8808 
f 4171//8809 4188//8809 4172//8809 
f 4181//8810 4188//8810 4171//8810 
f 4516//8811 4188//8811 4181//8811 
f 4180//8812 4516//8812 4181//8812 
f 4175//8813 4172//8813 4188//8813 
f 4173//8814 4172//8814 4175//8814 
f 4170//8815 4181//8815 4171//8815 
f 4179//8816 4181//8816 4170//8816 
f 4225//8817 4180//8817 4194//8817 
f 4225//8818 4516//8818 4180//8818 
f 4206//8819 4183//8819 4174//8819 
f 4206//8820 4174//8820 4176//8820 
f 4207//8821 4176//8821 4177//8821 
f 4207//8822 4206//8822 4176//8822 
f 4211//8823 4177//8823 4178//8823 
f 4211//8824 4207//8824 4177//8824 
f 4215//8825 4211//8825 4178//8825 
f 4215//8826 4182//8826 4184//8826 
f 4215//8827 4178//8827 4182//8827 
f 4220//8828 4215//8828 4184//8828 
f 4221//8829 4220//8829 4184//8829 
f 4221//8830 4184//8830 4185//8830 
f 4222//8831 4221//8831 4185//8831 
f 4222//8832 4186//8832 4187//8832 
f 4222//8833 4185//8833 4186//8833 
f 4227//8834 4222//8834 4187//8834 
f 4227//8835 4187//8835 4189//8835 
f 4233//8836 4227//8836 4189//8836 
f 4233//8837 4189//8837 4348//8837 
f 4244//8838 4233//8838 4348//8838 
f 4245//8839 4244//8839 4348//8839 
f 4245//8840 4348//8840 4347//8840 
f 4255//8841 4245//8841 4347//8841 
f 4255//8842 4347//8842 4346//8842 
f 4256//8843 4346//8843 4345//8843 
f 4256//8844 4255//8844 4346//8844 
f 4268//8845 4345//8845 4344//8845 
f 4268//8846 4256//8846 4345//8846 
f 4272//8847 4344//8847 4343//8847 
f 4272//8848 4268//8848 4344//8848 
f 4230//8849 4203//8849 4205//8849 
f 4230//8850 4201//8850 4203//8850 
f 4230//8851 4205//8851 4231//8851 
f 4237//8852 4231//8852 4205//8852 
f 4237//8853 4205//8853 4210//8853 
f 4229//8854 4201//8854 4230//8854 
f 4229//8855 4199//8855 4201//8855 
f 4229//8856 4197//8856 4199//8856 
f 4229//8857 4196//8857 4197//8857 
f 4238//8858 4237//8858 4210//8858 
f 4235//8859 4195//8859 4196//8859 
f 4235//8860 4198//8860 4195//8860 
f 4235//8861 4200//8861 4198//8861 
f 4235//8862 4196//8862 4229//8862 
f 4236//8863 4238//8863 4210//8863 
f 4236//8864 4210//8864 4214//8864 
f 4239//8865 4200//8865 4235//8865 
f 4239//8866 4202//8866 4200//8866 
f 4239//8867 4204//8867 4202//8867 
f 4276//8868 4343//8868 4342//8868 
f 4276//8869 4272//8869 4343//8869 
f 4242//8870 4208//8870 4204//8870 
f 4242//8871 4209//8871 4208//8871 
f 4242//8872 4212//8872 4209//8872 
f 4242//8873 4204//8873 4239//8873 
f 4280//8874 4236//8874 4214//8874 
f 4241//8875 4213//8875 4212//8875 
f 4241//8876 4216//8876 4213//8876 
f 4241//8877 4217//8877 4216//8877 
f 4241//8878 4212//8878 4242//8878 
f 4293//8879 4280//8879 4214//8879 
f 4293//8880 4214//8880 4219//8880 
f 4248//8881 4218//8881 4217//8881 
f 4248//8882 4223//8882 4218//8882 
f 4248//8883 4224//8883 4223//8883 
f 4248//8884 4217//8884 4241//8884 
f 4251//8885 4276//8885 4342//8885 
f 4251//8886 4342//8886 4341//8886 
f 4247//8887 4228//8887 4224//8887 
f 4247//8888 4234//8888 4228//8888 
f 4247//8889 4224//8889 4248//8889 
f 4295//8890 4293//8890 4219//8890 
f 4295//8891 4219//8891 4226//8891 
f 4252//8892 4251//8892 4341//8892 
f 4266//8893 4234//8893 4247//8893 
f 4266//8894 4240//8894 4234//8894 
f 4266//8895 4246//8895 4240//8895 
f 4266//8896 4249//8896 4246//8896 
f 4250//8897 4252//8897 4341//8897 
f 4250//8898 4341//8898 4340//8898 
f 4265//8899 4249//8899 4266//8899 
f 4298//8900 4295//8900 4226//8900 
f 4298//8901 4232//8901 4243//8901 
f 4298//8902 4226//8902 4232//8902 
f 4253//8903 4249//8903 4265//8903 
f 4259//8904 4340//8904 4339//8904 
f 4259//8905 4250//8905 4340//8905 
f 4257//8906 4265//8906 4264//8906 
f 4257//8907 4253//8907 4265//8907 
f 4260//8908 4259//8908 4339//8908 
f 4338//8909 4260//8909 4339//8909 
f 4258//8910 4260//8910 4338//8910 
f 4261//8911 4257//8911 4264//8911 
f 4337//8912 4258//8912 4338//8912 
f 4269//8913 4258//8913 4337//8913 
f 4270//8914 4264//8914 4263//8914 
f 4270//8915 4261//8915 4264//8915 
f 4336//8916 4269//8916 4337//8916 
f 4335//8917 4269//8917 4336//8917 
f 4334//8918 4269//8918 4335//8918 
f 4334//8919 4274//8919 4269//8919 
f 4285//8920 4263//8920 4262//8920 
f 4285//8921 4270//8921 4263//8921 
f 4285//8922 4279//8922 4278//8922 
f 4285//8923 4262//8923 4279//8923 
f 4333//8924 4274//8924 4334//8924 
f 4305//8925 4243//8925 4254//8925 
f 4305//8926 4298//8926 4243//8926 
f 4332//8927 4274//8927 4333//8927 
f 4296//8928 4285//8928 4278//8928 
f 4296//8929 4277//8929 4292//8929 
f 4296//8930 4278//8930 4277//8930 
f 4356//8931 4273//8931 4274//8931 
f 4356//8932 4274//8932 4332//8932 
f 4309//8933 4254//8933 4267//8933 
f 4309//8934 4305//8934 4254//8934 
f 4359//8935 4273//8935 4356//8935 
f 4311//8936 4267//8936 4271//8936 
f 4311//8937 4309//8937 4267//8937 
f 4362//8938 4273//8938 4359//8938 
f 4299//8939 4292//8939 4294//8939 
f 4299//8940 4296//8940 4292//8940 
f 4367//8941 4273//8941 4362//8941 
f 4313//8942 4271//8942 4275//8942 
f 4313//8943 4311//8943 4271//8943 
f 4370//8944 4283//8944 4273//8944 
f 4370//8945 4273//8945 4367//8945 
f 4315//8946 4275//8946 4281//8946 
f 4315//8947 4281//8947 4287//8947 
f 4315//8948 4313//8948 4275//8948 
f 4373//8949 4283//8949 4370//8949 
f 4301//8950 4294//8950 4297//8950 
f 4301//8951 4299//8951 4294//8951 
f 4378//8952 4283//8952 4373//8952 
f 4317//8953 4286//8953 4288//8953 
f 4317//8954 4287//8954 4286//8954 
f 4317//8955 4315//8955 4287//8955 
f 4331//8956 4284//8956 4283//8956 
f 4331//8957 4283//8957 4378//8957 
f 4319//8958 4291//8958 4290//8958 
f 4319//8959 4288//8959 4291//8959 
f 4319//8960 4317//8960 4288//8960 
f 4330//8961 4284//8961 4331//8961 
f 4328//8962 4284//8962 4330//8962 
f 4320//8963 4290//8963 4289//8963 
f 4320//8964 4319//8964 4290//8964 
f 4327//8965 4284//8965 4328//8965 
f 4303//8966 4297//8966 4300//8966 
f 4303//8967 4301//8967 4297//8967 
f 4321//8968 4320//8968 4289//8968 
f 4326//8969 4282//8969 4284//8969 
f 4326//8970 4284//8970 4327//8970 
f 4325//8971 4282//8971 4326//8971 
f 4322//8972 4321//8972 4289//8972 
f 4324//8973 4282//8973 4325//8973 
f 4323//8974 4322//8974 4289//8974 
f 4323//8975 4282//8975 4324//8975 
f 4323//8976 4289//8976 4282//8976 
f 4517//8977 4300//8977 4302//8977 
f 4517//8978 4303//8978 4300//8978 
f 4518//8979 4302//8979 4304//8979 
f 4518//8980 4517//8980 4302//8980 
f 4519//8981 4518//8981 4304//8981 
f 4519//8982 4304//8982 4306//8982 
f 4520//8983 4519//8983 4306//8983 
f 4520//8984 4306//8984 4307//8984 
f 4521//8985 4520//8985 4307//8985 
f 4521//8986 4307//8986 4308//8986 
f 4453//8987 4308//8987 4310//8987 
f 4453//8988 4521//8988 4308//8988 
f 4454//8989 4310//8989 4312//8989 
f 4454//8990 4453//8990 4310//8990 
f 4455//8991 4454//8991 4312//8991 
f 4456//8992 4312//8992 4314//8992 
f 4456//8993 4455//8993 4312//8993 
f 4457//8994 4314//8994 4316//8994 
f 4457//8995 4456//8995 4314//8995 
f 4329//8996 4316//8996 4318//8996 
f 4329//8997 4457//8997 4316//8997 
f 4552//8998 4550//8998 4551//8998 
f 4553//8999 4552//8999 4551//8999 
f 4556//9000 4554//9000 4555//9000 
f 4557//9001 4556//9001 4555//9001 
f 4560//9002 4558//9002 4559//9002 
f 4561//9003 4560//9003 4559//9003 
f 4577//9004 4563//9004 4562//9004 
f 4577//9005 4562//9005 4564//9005 
f 4573//9006 4571//9006 4572//9006 
f 4574//9007 4571//9007 4573//9007 
f 4578//9008 4565//9008 4566//9008 
f 4578//9009 4564//9009 4565//9009 
f 4578//9010 4577//9010 4564//9010 
f 4575//9011 4571//9011 4574//9011 
f 4582//9012 4566//9012 4567//9012 
f 4582//9013 4578//9013 4566//9013 
f 4579//9014 4575//9014 4576//9014 
f 4583//9015 4567//9015 4568//9015 
f 4583//9016 4582//9016 4567//9016 
f 4580//9017 4575//9017 4579//9017 
f 4584//9018 4568//9018 4569//9018 
f 4584//9019 4583//9019 4568//9019 
f 4585//9020 4580//9020 4581//9020 
f 4585//9021 4575//9021 4580//9021 
f 4586//9022 4569//9022 4570//9022 
f 4586//9023 4584//9023 4569//9023 
f 4588//9024 4570//9024 4571//9024 
f 4588//9025 4586//9025 4570//9025 
f 4591//9026 4585//9026 4587//9026 
f 4591//9027 4575//9027 4585//9027 
f 4589//9028 4588//9028 4571//9028 
f 4596//9029 4591//9029 4593//9029 
f 4592//9030 4590//9030 4589//9030 
f 4592//9031 4571//9031 4575//9031 
f 4592//9032 4589//9032 4571//9032 
f 4594//9033 4592//9033 4575//9033 
f 4594//9034 4597//9034 4595//9034 
f 4594//9035 4596//9035 4597//9035 
f 4594//9036 4591//9036 4596//9036 
f 4594//9037 4575//9037 4591//9037 
f 4598//9038 4599//9038 4600//9038 
f 4601//9039 4600//9039 4602//9039 
f 4601//9040 4603//9040 4598//9040 
f 4601//9041 4598//9041 4600//9041 
f 4604//9042 4605//9042 4601//9042 
f 4604//9043 4606//9043 4607//9043 
f 4604//9044 4608//9044 4606//9044 
f 4604//9045 4602//9045 4608//9045 
f 4604//9046 4601//9046 4602//9046 
f 4609//9047 4604//9047 4607//9047 
f 4610//9048 4604//9048 4609//9048 
f 4611//9049 4604//9049 4610//9049 
f 4612//9050 4613//9050 4614//9050 
f 4615//9051 4614//9051 4616//9051 
f 4615//9052 4617//9052 4612//9052 
f 4615//9053 4618//9053 4617//9053 
f 4615//9054 4612//9054 4614//9054 
f 4619//9055 4620//9055 4621//9055 
f 4619//9056 4622//9056 4620//9056 
f 4619//9057 4623//9057 4622//9057 
f 4619//9058 4624//9058 4623//9058 
f 4619//9059 4625//9059 4611//9059 
f 4619//9060 4626//9060 4625//9060 
f 4619//9061 4627//9061 4626//9061 
f 4619//9062 4628//9062 4627//9062 
f 4619//9063 4621//9063 4628//9063 
f 4619//9064 4611//9064 4610//9064 
f 4629//9065 4615//9065 4616//9065 
f 4630//9066 4631//9066 4632//9066 
f 4630//9067 4616//9067 4631//9067 
f 4630//9068 4629//9068 4616//9068 
f 4633//9069 4624//9069 4619//9069 
f 4633//9070 4630//9070 4632//9070 
f 4634//9071 4633//9071 4619//9071 
f 4635//9072 4619//9072 4610//9072 
f 4636//9073 4633//9073 4634//9073 
f 4636//9074 4630//9074 4633//9074 
f 4637//9075 4636//9075 4634//9075 
f 4637//9076 4638//9076 4636//9076 
f 4639//9077 4638//9077 4637//9077 
f 4640//9078 4639//9078 4637//9078 
f 4641//9079 4640//9079 4637//9079 
f 4642//9080 4641//9080 4637//9080 
f 4643//9081 4642//9081 4637//9081 
f 4644//9082 4643//9082 4637//9082 
f 4645//9083 4644//9083 4637//9083 
f 4646//9084 4645//9084 4637//9084 
f 4647//9085 4646//9085 4637//9085 
f 4648//9086 4647//9086 4649//9086 
f 4648//9087 4646//9087 4647//9087 
f 4650//9088 4619//9088 4635//9088 
f 4634//9089 4651//9089 4637//9089 
f 4652//9090 4637//9090 4651//9090 
f 4602//9091 4600//9091 4653//9091 
f 4599//9092 4653//9092 4600//9092 
f 4598//9093 4653//9093 4599//9093 
f 4608//9094 4602//9094 4653//9094 
f 4603//9095 4653//9095 4598//9095 
f 4606//9096 4608//9096 4653//9096 
f 4601//9097 4653//9097 4603//9097 
f 4607//9098 4606//9098 4653//9098 
f 4605//9099 4653//9099 4601//9099 
f 4609//9100 4607//9100 4653//9100 
f 4610//9101 4609//9101 4653//9101 
f 4654//9102 4653//9102 4605//9102 
f 4654//9103 4605//9103 4604//9103 
f 4611//9104 4654//9104 4604//9104 
f 4625//9105 4654//9105 4611//9105 
f 4613//9106 4620//9106 4622//9106 
f 4614//9107 4613//9107 4622//9107 
f 4612//9108 4620//9108 4613//9108 
f 4616//9109 4614//9109 4622//9109 
f 4616//9110 4622//9110 4623//9110 
f 4617//9111 4620//9111 4612//9111 
f 4617//9112 4621//9112 4620//9112 
f 4618//9113 4621//9113 4617//9113 
f 4618//9114 4628//9114 4621//9114 
f 4631//9115 4616//9115 4623//9115 
f 4615//9116 4628//9116 4618//9116 
f 4615//9117 4627//9117 4628//9117 
f 4624//9118 4631//9118 4623//9118 
f 4629//9119 4654//9119 4625//9119 
f 4629//9120 4627//9120 4615//9120 
f 4629//9121 4625//9121 4626//9121 
f 4629//9122 4626//9122 4627//9122 
f 4632//9123 4631//9123 4624//9123 
f 4630//9124 4654//9124 4629//9124 
f 4633//9125 4632//9125 4624//9125 
f 4635//9126 4610//9126 4653//9126 
f 4636//9127 4654//9127 4630//9127 
f 4638//9128 4654//9128 4636//9128 
f 4639//9129 4654//9129 4638//9129 
f 4640//9130 4654//9130 4639//9130 
f 4641//9131 4654//9131 4640//9131 
f 4643//9132 4641//9132 4642//9132 
f 4643//9133 4654//9133 4641//9133 
f 4644//9134 4654//9134 4643//9134 
f 4645//9135 4654//9135 4644//9135 
f 4646//9136 4654//9136 4645//9136 
f 4652//9137 4651//9137 4650//9137 
f 4655//9138 4650//9138 4635//9138 
f 4655//9139 4652//9139 4650//9139 
f 4649//9140 4647//9140 4652//9140 
f 4649//9141 4652//9141 4655//9141 
f 4656//9142 4649//9142 4655//9142 
f 4657//9143 4655//9143 4635//9143 
f 4658//9144 4657//9144 4635//9144 
f 4659//9145 4655//9145 4657//9145 
f 4660//9146 4658//9146 4635//9146 
f 4661//9147 4655//9147 4659//9147 
f 4662//9148 4660//9148 4635//9148 
f 4663//9149 4662//9149 4635//9149 
f 4664//9150 4663//9150 4635//9150 
f 4665//9151 4664//9151 4635//9151 
f 4665//9152 4635//9152 4653//9152 
f 4666//9153 4661//9153 4667//9153 
f 4666//9154 4667//9154 4668//9154 
f 4666//9155 4668//9155 4669//9155 
f 4666//9156 4669//9156 4670//9156 
f 4666//9157 4655//9157 4661//9157 
f 4648//9158 4649//9158 4656//9158 
f 4648//9159 4654//9159 4646//9159 
f 4671//9160 4648//9160 4656//9160 
f 4671//9161 4666//9161 4670//9161 
f 4672//9162 4665//9162 4653//9162 
f 4673//9163 4648//9163 4671//9163 
f 4674//9164 4648//9164 4673//9164 
f 4675//9165 4648//9165 4674//9165 
f 4676//9166 4648//9166 4675//9166 
f 4677//9167 4648//9167 4676//9167 
f 4678//9168 4648//9168 4677//9168 
f 4679//9169 4648//9169 4678//9169 
f 4680//9170 4648//9170 4679//9170 
f 4681//9171 4648//9171 4680//9171 
f 4682//9172 4654//9172 4648//9172 
f 4682//9173 4648//9173 4681//9173 
f 4683//9174 4684//9174 4685//9174 
f 4683//9175 4685//9175 4686//9175 
f 4687//9176 4686//9176 4688//9176 
f 4687//9177 4683//9177 4686//9177 
f 4689//9178 4690//9178 4684//9178 
f 4689//9179 4684//9179 4683//9179 
f 4691//9180 4688//9180 4692//9180 
f 4691//9181 4687//9181 4688//9181 
f 4693//9182 4690//9182 4689//9182 
f 4694//9183 4692//9183 4695//9183 
f 4694//9184 4691//9184 4692//9184 
f 4696//9185 4690//9185 4693//9185 
f 4697//9186 4695//9186 4698//9186 
f 4697//9187 4694//9187 4695//9187 
f 4699//9188 4690//9188 4696//9188 
f 4700//9189 4698//9189 4701//9189 
f 4700//9190 4701//9190 4702//9190 
f 4700//9191 4697//9191 4698//9191 
f 4703//9192 4690//9192 4699//9192 
f 4704//9193 4690//9193 4703//9193 
f 4705//9194 4702//9194 4706//9194 
f 4705//9195 4706//9195 4672//9195 
f 4705//9196 4672//9196 4653//9196 
f 4705//9197 4700//9197 4702//9197 
f 4707//9198 4708//9198 4709//9198 
f 4710//9199 4705//9199 4653//9199 
f 4711//9200 4712//9200 4713//9200 
f 4711//9201 4713//9201 4714//9201 
f 4711//9202 4714//9202 4715//9202 
f 4711//9203 4715//9203 4716//9203 
f 4711//9204 4716//9204 4717//9204 
f 4711//9205 4717//9205 4718//9205 
f 4719//9206 4712//9206 4711//9206 
f 4719//9207 4720//9207 4712//9207 
f 4721//9208 4720//9208 4719//9208 
f 4721//9209 4707//9209 4720//9209 
f 4722//9210 4707//9210 4721//9210 
f 4723//9211 4708//9211 4707//9211 
f 4723//9212 4707//9212 4722//9212 
f 4724//9213 4708//9213 4723//9213 
f 4724//9214 4725//9214 4708//9214 
f 4726//9215 4725//9215 4724//9215 
f 4726//9216 4727//9216 4725//9216 
f 4728//9217 4727//9217 4726//9217 
f 4729//9218 4727//9218 4728//9218 
f 4729//9219 4730//9219 4727//9219 
f 4731//9220 4730//9220 4729//9220 
f 4731//9221 4732//9221 4730//9221 
f 4733//9222 4734//9222 4735//9222 
f 4736//9223 4733//9223 4735//9223 
f 4736//9224 4735//9224 4737//9224 
f 4736//9225 4737//9225 4738//9225 
f 4739//9226 4734//9226 4733//9226 
f 4739//9227 4740//9227 4734//9227 
f 4741//9228 4736//9228 4738//9228 
f 4741//9229 4738//9229 4742//9229 
f 4743//9230 4740//9230 4739//9230 
f 4744//9231 4741//9231 4742//9231 
f 4744//9232 4742//9232 4745//9232 
f 4746//9233 4740//9233 4743//9233 
f 4747//9234 4744//9234 4745//9234 
f 4747//9235 4745//9235 4748//9235 
f 4749//9236 4740//9236 4746//9236 
f 4750//9237 4747//9237 4748//9237 
f 4750//9238 4748//9238 4751//9238 
f 4750//9239 4751//9239 4752//9239 
f 4753//9240 4740//9240 4749//9240 
f 4754//9241 4740//9241 4753//9241 
f 4755//9242 4710//9242 4653//9242 
f 4755//9243 4750//9243 4752//9243 
f 4755//9244 4752//9244 4756//9244 
f 4755//9245 4756//9245 4710//9245 
f 4757//9246 4758//9246 4759//9246 
f 4760//9247 4755//9247 4653//9247 
f 4761//9248 4762//9248 4763//9248 
f 4761//9249 4763//9249 4764//9249 
f 4761//9250 4764//9250 4765//9250 
f 4761//9251 4765//9251 4766//9251 
f 4761//9252 4766//9252 4767//9252 
f 4761//9253 4767//9253 4768//9253 
f 4769//9254 4762//9254 4761//9254 
f 4769//9255 4770//9255 4762//9255 
f 4771//9256 4757//9256 4770//9256 
f 4771//9257 4770//9257 4769//9257 
f 4772//9258 4757//9258 4771//9258 
f 4773//9259 4758//9259 4757//9259 
f 4773//9260 4757//9260 4772//9260 
f 4774//9261 4758//9261 4773//9261 
f 4774//9262 4775//9262 4758//9262 
f 4776//9263 4775//9263 4774//9263 
f 4776//9264 4777//9264 4775//9264 
f 4778//9265 4777//9265 4776//9265 
f 4779//9266 4780//9266 4777//9266 
f 4779//9267 4777//9267 4778//9267 
f 4781//9268 4782//9268 4780//9268 
f 4781//9269 4780//9269 4779//9269 
f 4783//9270 4784//9270 4785//9270 
f 4786//9271 4785//9271 4787//9271 
f 4786//9272 4787//9272 4788//9272 
f 4786//9273 4783//9273 4785//9273 
f 4789//9274 4790//9274 4784//9274 
f 4789//9275 4784//9275 4783//9275 
f 4791//9276 4790//9276 4789//9276 
f 4792//9277 4786//9277 4788//9277 
f 4792//9278 4788//9278 4793//9278 
f 4792//9279 4793//9279 4794//9279 
f 4795//9280 4790//9280 4791//9280 
f 4796//9281 4794//9281 4797//9281 
f 4796//9282 4792//9282 4794//9282 
f 4798//9283 4790//9283 4795//9283 
f 4799//9284 4790//9284 4798//9284 
f 4800//9285 4797//9285 4801//9285 
f 4800//9286 4801//9286 4802//9286 
f 4800//9287 4796//9287 4797//9287 
f 4803//9288 4790//9288 4799//9288 
f 4804//9289 4790//9289 4803//9289 
f 4805//9290 4802//9290 4806//9290 
f 4805//9291 4806//9291 4760//9291 
f 4805//9292 4800//9292 4802//9292 
f 4807//9293 4760//9293 4653//9293 
f 4807//9294 4805//9294 4760//9294 
f 4808//9295 4809//9295 4810//9295 
f 4808//9296 4810//9296 4811//9296 
f 4808//9297 4811//9297 4812//9297 
f 4808//9298 4812//9298 4813//9298 
f 4808//9299 4813//9299 4814//9299 
f 4808//9300 4814//9300 4815//9300 
f 4816//9301 4817//9301 4818//9301 
f 4819//9302 4820//9302 4821//9302 
f 4819//9303 4821//9303 4822//9303 
f 4819//9304 4822//9304 4823//9304 
f 4819//9305 4823//9305 4824//9305 
f 4819//9306 4824//9306 4825//9306 
f 4819//9307 4825//9307 4808//9307 
f 4819//9308 4808//9308 4815//9308 
f 4819//9309 4815//9309 4826//9309 
f 4819//9310 4826//9310 4827//9310 
f 4819//9311 4827//9311 4828//9311 
f 4829//9312 4807//9312 4653//9312 
f 4830//9313 4831//9313 4832//9313 
f 4830//9314 4832//9314 4833//9314 
f 4830//9315 4833//9315 4834//9315 
f 4830//9316 4834//9316 4817//9316 
f 4830//9317 4816//9317 4835//9317 
f 4830//9318 4835//9318 4820//9318 
f 4830//9319 4817//9319 4816//9319 
f 4830//9320 4820//9320 4819//9320 
f 4836//9321 4837//9321 4838//9321 
f 4839//9322 4836//9322 4838//9322 
f 4840//9323 4839//9323 4838//9323 
f 4841//9324 4840//9324 4838//9324 
f 4842//9325 4829//9325 4653//9325 
f 4842//9326 4843//9326 4844//9326 
f 4842//9327 4844//9327 4845//9327 
f 4842//9328 4845//9328 4841//9328 
f 4842//9329 4841//9329 4838//9329 
f 4842//9330 4838//9330 4829//9330 
f 4846//9331 4843//9331 4842//9331 
f 4847//9332 4846//9332 4842//9332 
f 4848//9333 4842//9333 4653//9333 
f 4849//9334 4847//9334 4842//9334 
f 4849//9335 4850//9335 4851//9335 
f 4849//9336 4851//9336 4852//9336 
f 4849//9337 4852//9337 4853//9337 
f 4849//9338 4853//9338 4854//9338 
f 4849//9339 4854//9339 4855//9339 
f 4849//9340 4855//9340 4856//9340 
f 4849//9341 4856//9341 4857//9341 
f 4849//9342 4857//9342 4858//9342 
f 4849//9343 4858//9343 4847//9343 
f 4859//9344 4860//9344 4848//9344 
f 4859//9345 4848//9345 4653//9345 
f 4861//9346 4859//9346 4653//9346 
f 4862//9347 4863//9347 4864//9347 
f 4865//9348 4861//9348 4866//9348 
f 4865//9349 4866//9349 4867//9349 
f 4868//9350 4865//9350 4867//9350 
f 4869//9351 4870//9351 4871//9351 
f 4869//9352 4871//9352 4872//9352 
f 4869//9353 4872//9353 4873//9353 
f 4869//9354 4873//9354 4874//9354 
f 4869//9355 4874//9355 4875//9355 
f 4869//9356 4875//9356 4876//9356 
f 4869//9357 4876//9357 4877//9357 
f 4869//9358 4877//9358 4878//9358 
f 4869//9359 4878//9359 4879//9359 
f 4869//9360 4879//9360 4880//9360 
f 4869//9361 4880//9361 4881//9361 
f 4882//9362 4870//9362 4869//9362 
f 4883//9363 4865//9363 4868//9363 
f 4884//9364 4882//9364 4885//9364 
f 4886//9365 4885//9365 4882//9365 
f 4887//9366 4882//9366 4884//9366 
f 4888//9367 4882//9367 4887//9367 
f 4889//9368 4886//9368 4882//9368 
f 4890//9369 4882//9369 4888//9369 
f 4891//9370 4882//9370 4890//9370 
f 4892//9371 4889//9371 4882//9371 
f 4893//9372 4892//9372 4882//9372 
f 4894//9373 4893//9373 4882//9373 
f 4895//9374 4894//9374 4882//9374 
f 4896//9375 4895//9375 4882//9375 
f 4897//9376 4898//9376 4899//9376 
f 4897//9377 4899//9377 4900//9377 
f 4897//9378 4900//9378 4901//9378 
f 4897//9379 4901//9379 4902//9379 
f 4897//9380 4902//9380 4903//9380 
f 4897//9381 4903//9381 4904//9381 
f 4897//9382 4904//9382 4905//9382 
f 4906//9383 4898//9383 4897//9383 
f 4907//9384 4898//9384 4906//9384 
f 4908//9385 4909//9385 4910//9385 
f 4908//9386 4910//9386 4898//9386 
f 4908//9387 4898//9387 4907//9387 
f 4911//9388 4909//9388 4908//9388 
f 4912//9389 4913//9389 4909//9389 
f 4912//9390 4909//9390 4911//9390 
f 4914//9391 4913//9391 4912//9391 
f 4915//9392 4916//9392 4913//9392 
f 4915//9393 4913//9393 4914//9393 
f 4917//9394 4918//9394 4916//9394 
f 4917//9395 4916//9395 4915//9395 
f 4919//9396 4918//9396 4917//9396 
f 4920//9397 4921//9397 4918//9397 
f 4920//9398 4918//9398 4919//9398 
f 4922//9399 4921//9399 4920//9399 
f 4923//9400 4921//9400 4922//9400 
f 4924//9401 4925//9401 4926//9401 
f 4924//9402 4926//9402 4927//9402 
f 4924//9403 4927//9403 4928//9403 
f 4924//9404 4928//9404 4929//9404 
f 4924//9405 4929//9405 4930//9405 
f 4924//9406 4930//9406 4931//9406 
f 4924//9407 4931//9407 4932//9407 
f 4924//9408 4932//9408 4933//9408 
f 4924//9409 4933//9409 4934//9409 
f 4924//9410 4934//9410 4935//9410 
f 4924//9411 4935//9411 4936//9411 
f 4924//9412 4936//9412 4937//9412 
f 4924//9413 4937//9413 4938//9413 
f 4939//9414 4924//9414 4938//9414 
f 4939//9415 4938//9415 4940//9415 
f 4939//9416 4940//9416 4941//9416 
f 4939//9417 4941//9417 4942//9417 
f 4939//9418 4942//9418 4943//9418 
f 4939//9419 4943//9419 4944//9419 
f 4939//9420 4944//9420 4945//9420 
f 4939//9421 4945//9421 4946//9421 
f 4939//9422 4946//9422 4947//9422 
f 4939//9423 4947//9423 4948//9423 
f 4949//9424 4939//9424 4948//9424 
f 4949//9425 4948//9425 4950//9425 
f 4951//9426 4949//9426 4950//9426 
f 4951//9427 4950//9427 4952//9427 
f 4953//9428 4951//9428 4952//9428 
f 4953//9429 4952//9429 4954//9429 
f 4955//9430 4953//9430 4954//9430 
f 4955//9431 4954//9431 4956//9431 
f 4957//9432 4958//9432 4924//9432 
f 4957//9433 4924//9433 4939//9433 
f 4959//9434 4955//9434 4956//9434 
f 4959//9435 4956//9435 4960//9435 
f 4961//9436 4959//9436 4960//9436 
f 4961//9437 4960//9437 4962//9437 
f 4963//9438 4961//9438 4962//9438 
f 4964//9439 4869//9439 4881//9439 
f 4964//9440 4963//9440 4962//9440 
f 4964//9441 4962//9441 4869//9441 
f 4965//9442 4866//9442 4861//9442 
f 4965//9443 4861//9443 4653//9443 
f 4965//9444 4964//9444 4881//9444 
f 4965//9445 4881//9445 4866//9445 
f 4966//9446 4957//9446 4967//9446 
f 4968//9447 4967//9447 4957//9447 
f 4969//9448 4957//9448 4966//9448 
f 4970//9449 4957//9449 4969//9449 
f 4971//9450 4968//9450 4957//9450 
f 4972//9451 4958//9451 4957//9451 
f 4972//9452 4957//9452 4970//9452 
f 4973//9453 4971//9453 4957//9453 
f 4974//9454 4958//9454 4972//9454 
f 4975//9455 4958//9455 4974//9455 
f 4976//9456 4973//9456 4957//9456 
f 4977//9457 4958//9457 4975//9457 
f 4978//9458 4976//9458 4957//9458 
f 4978//9459 4957//9459 4979//9459 
f 4980//9460 4958//9460 4977//9460 
f 4981//9461 4958//9461 4980//9461 
f 4982//9462 4979//9462 4983//9462 
f 4982//9463 4978//9463 4979//9463 
f 4984//9464 4958//9464 4981//9464 
f 4985//9465 4982//9465 4983//9465 
f 4985//9466 4983//9466 4986//9466 
f 4987//9467 4958//9467 4984//9467 
f 4988//9468 4958//9468 4987//9468 
f 4989//9469 4986//9469 4990//9469 
f 4989//9470 4985//9470 4986//9470 
f 4991//9471 4958//9471 4988//9471 
f 4992//9472 4989//9472 4990//9472 
f 4992//9473 4990//9473 4993//9473 
f 4994//9474 4958//9474 4991//9474 
f 4995//9475 4958//9475 4994//9475 
f 4996//9476 4992//9476 4993//9476 
f 4996//9477 4993//9477 4997//9477 
f 4996//9478 4997//9478 4998//9478 
f 4996//9479 4998//9479 4999//9479 
f 5000//9480 4958//9480 4995//9480 
f 5001//9481 5002//9481 5003//9481 
f 5004//9482 5001//9482 5003//9482 
f 5005//9483 5004//9483 5003//9483 
f 5006//9484 5003//9484 5007//9484 
f 5006//9485 5007//9485 5008//9485 
f 5009//9486 4958//9486 5000//9486 
f 5010//9487 5011//9487 5005//9487 
f 5012//9488 4958//9488 5009//9488 
f 5013//9489 5005//9489 5003//9489 
f 5013//9490 5010//9490 5005//9490 
f 5014//9491 4958//9491 5012//9491 
f 5015//9492 5016//9492 5017//9492 
f 5018//9493 5013//9493 5003//9493 
f 5018//9494 5019//9494 5013//9494 
f 5020//9495 4958//9495 5014//9495 
f 5021//9496 5016//9496 5015//9496 
f 5022//9497 4958//9497 5020//9497 
f 5023//9498 5021//9498 5024//9498 
f 5025//9499 5026//9499 5027//9499 
f 5025//9500 5027//9500 5018//9500 
f 5028//9501 4996//9501 4999//9501 
f 5028//9502 4999//9502 5029//9502 
f 5028//9503 5029//9503 5030//9503 
f 5028//9504 5030//9504 5031//9504 
f 5032//9505 5021//9505 5023//9505 
f 5033//9506 4958//9506 5022//9506 
f 5034//9507 5025//9507 5018//9507 
f 5034//9508 5018//9508 5003//9508 
f 5035//9509 5021//9509 5032//9509 
f 5036//9510 5028//9510 5031//9510 
f 5036//9511 5031//9511 5037//9511 
f 5038//9512 5021//9512 5035//9512 
f 5039//9513 5034//9513 5003//9513 
f 5039//9514 5003//9514 5006//9514 
f 5039//9515 5040//9515 5034//9515 
f 5041//9516 4958//9516 5033//9516 
f 5042//9517 5036//9517 5037//9517 
f 5042//9518 5037//9518 5043//9518 
f 5044//9519 5021//9519 5038//9519 
f 5044//9520 5038//9520 5045//9520 
f 5046//9521 5042//9521 5043//9521 
f 5046//9522 5043//9522 5016//9522 
f 5047//9523 5006//9523 5048//9523 
f 5047//9524 5039//9524 5006//9524 
f 5049//9525 4958//9525 5041//9525 
f 5050//9526 5044//9526 5051//9526 
f 5052//9527 5046//9527 5016//9527 
f 5053//9528 5054//9528 5052//9528 
f 5055//9529 5021//9529 5044//9529 
f 5055//9530 5044//9530 5050//9530 
f 5055//9531 5016//9531 5021//9531 
f 5055//9532 5052//9532 5016//9532 
f 5055//9533 5053//9533 5052//9533 
f 5055//9534 5050//9534 5056//9534 
f 5055//9535 5056//9535 5057//9535 
f 5055//9536 5057//9536 5058//9536 
f 5059//9537 5048//9537 5060//9537 
f 5059//9538 5047//9538 5048//9538 
f 5061//9539 4958//9539 5049//9539 
f 5062//9540 5060//9540 5063//9540 
f 5062//9541 5059//9541 5060//9541 
f 5064//9542 4958//9542 5061//9542 
f 5065//9543 5063//9543 5066//9543 
f 5065//9544 5062//9544 5063//9544 
f 5067//9545 4958//9545 5064//9545 
f 5068//9546 5065//9546 5066//9546 
f 5069//9547 4958//9547 5067//9547 
f 5070//9548 5071//9548 5072//9548 
f 5070//9549 5072//9549 5073//9549 
f 5070//9550 5073//9550 5074//9550 
f 5070//9551 5074//9551 5075//9551 
f 5070//9552 5075//9552 5076//9552 
f 5070//9553 5076//9553 5077//9553 
f 5070//9554 5077//9554 5078//9554 
f 5070//9555 5078//9555 5079//9555 
f 5070//9556 5079//9556 5080//9556 
f 5070//9557 5080//9557 5081//9557 
f 5070//9558 5081//9558 5082//9558 
f 5070//9559 5082//9559 5083//9559 
f 5070//9560 5083//9560 5084//9560 
f 5070//9561 5084//9561 5085//9561 
f 5086//9562 5066//9562 5087//9562 
f 5086//9563 5068//9563 5066//9563 
f 5088//9564 4958//9564 5069//9564 
f 5089//9565 5086//9565 5087//9565 
f 5090//9566 5089//9566 5087//9566 
f 5090//9567 5087//9567 5091//9567 
f 5092//9568 5091//9568 5093//9568 
f 5092//9569 5090//9569 5091//9569 
f 5094//9570 5095//9570 5096//9570 
f 5094//9571 5096//9571 5097//9571 
f 5094//9572 5097//9572 5098//9572 
f 5094//9573 5098//9573 5099//9573 
f 5094//9574 5099//9574 5100//9574 
f 5094//9575 5100//9575 5101//9575 
f 5094//9576 5101//9576 5071//9576 
f 5094//9577 5071//9577 5070//9577 
f 5102//9578 5093//9578 5103//9578 
f 5102//9579 5092//9579 5093//9579 
f 5104//9580 5102//9580 5103//9580 
f 5105//9581 5104//9581 5103//9581 
f 5106//9582 5103//9582 5107//9582 
f 5106//9583 5105//9583 5103//9583 
f 5108//9584 5107//9584 5109//9584 
f 5108//9585 5106//9585 5107//9585 
f 5110//9586 5109//9586 5111//9586 
f 5110//9587 5108//9587 5109//9587 
f 5112//9588 5110//9588 5111//9588 
f 5113//9589 5111//9589 5114//9589 
f 5113//9590 5114//9590 5115//9590 
f 5113//9591 5115//9591 5116//9591 
f 5113//9592 5116//9592 5117//9592 
f 5113//9593 5117//9593 5118//9593 
f 5113//9594 5118//9594 5119//9594 
f 5113//9595 5112//9595 5111//9595 
f 5120//9596 5095//9596 5094//9596 
f 5120//9597 5121//9597 5122//9597 
f 5120//9598 5122//9598 5123//9598 
f 5120//9599 5123//9599 5124//9599 
f 5120//9600 5124//9600 5095//9600 
f 5125//9601 5119//9601 5126//9601 
f 5125//9602 5126//9602 5121//9602 
f 5125//9603 5113//9603 5119//9603 
f 5125//9604 5121//9604 5120//9604 
f 5127//9605 5113//9605 5125//9605 
f 5127//9606 5128//9606 5113//9606 
f 5129//9607 5130//9607 5131//9607 
f 5129//9608 5131//9608 5132//9608 
f 5129//9609 5132//9609 5133//9609 
f 5129//9610 5133//9610 5134//9610 
f 5129//9611 5134//9611 5135//9611 
f 5129//9612 5135//9612 5136//9612 
f 5129//9613 5136//9613 5137//9613 
f 5129//9614 5137//9614 5128//9614 
f 5129//9615 5128//9615 5127//9615 
f 5138//9616 5120//9616 5094//9616 
f 5139//9617 5070//9617 5085//9617 
f 5139//9618 5085//9618 5140//9618 
f 5141//9619 5120//9619 5138//9619 
f 5142//9620 5139//9620 5140//9620 
f 5143//9621 5142//9621 5140//9621 
f 5144//9622 5127//9622 5125//9622 
f 5144//9623 5125//9623 5145//9623 
f 5146//9624 5143//9624 5140//9624 
f 5147//9625 5146//9625 5140//9625 
f 5148//9626 5149//9626 5150//9626 
f 5151//9627 5150//9627 5149//9627 
f 5152//9628 5148//9628 5150//9628 
f 5153//9629 5150//9629 5151//9629 
f 5154//9630 5152//9630 5150//9630 
f 5155//9631 5150//9631 5153//9631 
f 5156//9632 5154//9632 5150//9632 
f 5157//9633 5150//9633 5155//9633 
f 5158//9634 5156//9634 5150//9634 
f 5159//9635 5150//9635 5157//9635 
f 5160//9636 5150//9636 5159//9636 
f 5161//9637 5158//9637 5150//9637 
f 5162//9638 5150//9638 5160//9638 
f 5163//9639 5150//9639 5162//9639 
f 5164//9640 5161//9640 5150//9640 
f 5165//9641 5150//9641 5163//9641 
f 5166//9642 5164//9642 5150//9642 
f 5167//9643 5166//9643 5150//9643 
f 5168//9644 5167//9644 5150//9644 
f 5169//9645 5168//9645 5150//9645 
f 5170//9646 5171//9646 5172//9646 
f 5170//9647 5172//9647 5173//9647 
f 5174//9648 5169//9648 5150//9648 
f 5175//9649 5176//9649 5177//9649 
f 5175//9650 5177//9650 5178//9650 
f 5175//9651 5178//9651 5179//9651 
f 5180//9652 5175//9652 5179//9652 
f 5180//9653 5179//9653 5181//9653 
f 5180//9654 5181//9654 5182//9654 
f 5180//9655 5182//9655 5183//9655 
f 5180//9656 5183//9656 5184//9656 
f 5180//9657 5184//9657 5185//9657 
f 5186//9658 5187//9658 5188//9658 
f 5189//9659 5186//9659 5188//9659 
f 5190//9660 5189//9660 5188//9660 
f 5191//9661 5190//9661 5188//9661 
f 5192//9662 5191//9662 5188//9662 
f 5193//9663 5188//9663 5187//9663 
f 5194//9664 5192//9664 5188//9664 
f 5195//9665 5194//9665 5188//9665 
f 5196//9666 5195//9666 5188//9666 
f 5196//9667 5188//9667 5174//9667 
f 5197//9668 5150//9668 5198//9668 
f 5197//9669 5147//9669 5140//9669 
f 5197//9670 5198//9670 5147//9670 
f 5197//9671 5174//9671 5150//9671 
f 5197//9672 5196//9672 5174//9672 
f 5199//9673 5140//9673 4965//9673 
f 5199//9674 5197//9674 5140//9674 
f 5200//9675 5201//9675 5202//9675 
f 5200//9676 5202//9676 5203//9676 
f 5204//9677 5193//9677 5205//9677 
f 5206//9678 5204//9678 5205//9678 
f 5206//9679 5205//9679 5207//9679 
f 5208//9680 5209//9680 5204//9680 
f 5210//9681 5206//9681 5207//9681 
f 5210//9682 5207//9682 5211//9682 
f 5212//9683 5209//9683 5208//9683 
f 5213//9684 5210//9684 5211//9684 
f 5213//9685 5211//9685 5214//9685 
f 5215//9686 5209//9686 5212//9686 
f 5216//9687 5213//9687 5214//9687 
f 5216//9688 5214//9688 5217//9688 
f 5218//9689 5209//9689 5215//9689 
f 5219//9690 5217//9690 5220//9690 
f 5219//9691 5216//9691 5217//9691 
f 5221//9692 5209//9692 5218//9692 
f 5222//9693 5219//9693 5220//9693 
f 5222//9694 5220//9694 5223//9694 
f 5224//9695 5209//9695 5221//9695 
f 5225//9696 5223//9696 5226//9696 
f 5225//9697 5222//9697 5223//9697 
f 5227//9698 5209//9698 5224//9698 
f 5228//9699 5226//9699 5229//9699 
f 5228//9700 5225//9700 5226//9700 
f 5230//9701 5228//9701 5229//9701 
f 5230//9702 5229//9702 5231//9702 
f 5232//9703 5209//9703 5227//9703 
f 5233//9704 5230//9704 5231//9704 
f 5234//9705 5209//9705 5232//9705 
f 5234//9706 5200//9706 5209//9706 
f 5235//9707 5231//9707 5236//9707 
f 5235//9708 5233//9708 5231//9708 
f 5237//9709 5236//9709 5238//9709 
f 5237//9710 5235//9710 5236//9710 
f 5239//9711 5238//9711 5240//9711 
f 5239//9712 5237//9712 5238//9712 
f 5241//9713 5239//9713 5240//9713 
f 5241//9714 5240//9714 5242//9714 
f 5243//9715 5244//9715 5245//9715 
f 5246//9716 5242//9716 5247//9716 
f 5246//9717 5241//9717 5242//9717 
f 5248//9718 5244//9718 5243//9718 
f 5248//9719 5249//9719 5244//9719 
f 5250//9720 5247//9720 5251//9720 
f 5250//9721 5246//9721 5247//9721 
f 5252//9722 5249//9722 5248//9722 
f 5252//9723 5253//9723 5249//9723 
f 5254//9724 5250//9724 5251//9724 
f 5254//9725 5251//9725 5255//9725 
f 5256//9726 5253//9726 5252//9726 
f 5256//9727 5257//9727 5253//9727 
f 5258//9728 5254//9728 5255//9728 
f 5258//9729 5255//9729 5259//9729 
f 5258//9730 5259//9730 5260//9730 
f 5261//9731 5257//9731 5256//9731 
f 5261//9732 5262//9732 5263//9732 
f 5261//9733 5263//9733 5257//9733 
f 5264//9734 5258//9734 5260//9734 
f 5264//9735 5260//9735 5265//9735 
f 5266//9736 5262//9736 5261//9736 
f 5266//9737 5267//9737 5262//9737 
f 5268//9738 5264//9738 5265//9738 
f 5268//9739 5265//9739 5269//9739 
f 5270//9740 5271//9740 5267//9740 
f 5270//9741 5267//9741 5266//9741 
f 5272//9742 5269//9742 5273//9742 
f 5272//9743 5268//9743 5269//9743 
f 5274//9744 5275//9744 5271//9744 
f 5274//9745 5271//9745 5270//9745 
f 5276//9746 5273//9746 5277//9746 
f 5276//9747 5272//9747 5273//9747 
f 5278//9748 5276//9748 5277//9748 
f 5278//9749 5277//9749 5275//9749 
f 5278//9750 5275//9750 5274//9750 
f 5279//9751 5280//9751 5281//9751 
f 5279//9752 5281//9752 5282//9752 
f 5279//9753 5282//9753 5283//9753 
f 5279//9754 5283//9754 5284//9754 
f 5279//9755 5284//9755 5285//9755 
f 5279//9756 5285//9756 5286//9756 
f 5279//9757 5286//9757 5287//9757 
f 5279//9758 5287//9758 5288//9758 
f 5279//9759 5288//9759 5289//9759 
f 5279//9760 5289//9760 5290//9760 
f 5279//9761 5290//9761 5291//9761 
f 5279//9762 5291//9762 5292//9762 
f 5279//9763 5292//9763 5293//9763 
f 5279//9764 5293//9764 5294//9764 
f 5295//9765 5279//9765 5294//9765 
f 5295//9766 5294//9766 5296//9766 
f 5297//9767 5295//9767 5296//9767 
f 5297//9768 5296//9768 5298//9768 
f 5299//9769 5297//9769 5298//9769 
f 5299//9770 5298//9770 5300//9770 
f 5301//9771 5299//9771 5300//9771 
f 5302//9772 5301//9772 5300//9772 
f 5302//9773 5300//9773 5303//9773 
f 5304//9774 5305//9774 5306//9774 
f 5304//9775 5306//9775 5307//9775 
f 5304//9776 5307//9776 5308//9776 
f 5304//9777 5308//9777 5280//9777 
f 5304//9778 5280//9778 5279//9778 
f 5309//9779 5302//9779 5303//9779 
f 5309//9780 5303//9780 5310//9780 
f 5311//9781 5310//9781 5312//9781 
f 5311//9782 5309//9782 5310//9782 
f 5313//9783 5312//9783 5314//9783 
f 5313//9784 5314//9784 5199//9784 
f 5313//9785 5311//9785 5312//9785 
f 5315//9786 5313//9786 5199//9786 
f 5316//9787 5317//9787 5318//9787 
f 5316//9788 5318//9788 5319//9788 
f 5316//9789 5319//9789 5320//9789 
f 5316//9790 5320//9790 5321//9790 
f 5316//9791 5321//9791 5322//9791 
f 5316//9792 5322//9792 5305//9792 
f 5316//9793 5304//9793 5323//9793 
f 5316//9794 5305//9794 5304//9794 
f 5324//9795 5316//9795 5323//9795 
f 5324//9796 5323//9796 5325//9796 
f 5326//9797 5327//9797 5328//9797 
f 5326//9798 5328//9798 5329//9798 
f 5326//9799 5329//9799 5330//9799 
f 5326//9800 5330//9800 5331//9800 
f 5326//9801 5331//9801 5332//9801 
f 5326//9802 5332//9802 5333//9802 
f 5326//9803 5333//9803 5334//9803 
f 5326//9804 5334//9804 5335//9804 
f 5326//9805 5335//9805 5336//9805 
f 5326//9806 5336//9806 5337//9806 
f 5326//9807 5337//9807 5338//9807 
f 5326//9808 5338//9808 5339//9808 
f 5326//9809 5339//9809 5340//9809 
f 5326//9810 5340//9810 5341//9810 
f 5326//9811 5341//9811 5317//9811 
f 5326//9812 5317//9812 5316//9812 
f 5342//9813 5325//9813 5343//9813 
f 5342//9814 5324//9814 5325//9814 
f 5344//9815 5345//9815 5346//9815 
f 5344//9816 5346//9816 5327//9816 
f 5344//9817 5327//9817 5326//9817 
f 5347//9818 5343//9818 5348//9818 
f 5347//9819 5348//9819 5349//9819 
f 5347//9820 5342//9820 5343//9820 
f 5350//9821 5351//9821 5352//9821 
f 5350//9822 5352//9822 5345//9822 
f 5350//9823 5345//9823 5344//9823 
f 5353//9824 5347//9824 5349//9824 
f 5353//9825 5349//9825 5354//9825 
f 5353//9826 5354//9826 5355//9826 
f 5356//9827 5353//9827 5355//9827 
f 5356//9828 5355//9828 5357//9828 
f 5358//9829 5356//9829 5357//9829 
f 5358//9830 5357//9830 5359//9830 
f 5360//9831 5358//9831 5359//9831 
f 5361//9832 5362//9832 5363//9832 
f 5361//9833 5363//9833 5351//9833 
f 5361//9834 5351//9834 5350//9834 
f 5364//9835 5360//9835 5359//9835 
f 5364//9836 5359//9836 5365//9836 
f 5364//9837 5365//9837 5366//9837 
f 5367//9838 5366//9838 5368//9838 
f 5367//9839 5364//9839 5366//9839 
f 5369//9840 5367//9840 5368//9840 
f 5369//9841 5368//9841 5370//9841 
f 5371//9842 5372//9842 5373//9842 
f 5371//9843 5373//9843 5374//9843 
f 5375//9844 5370//9844 5376//9844 
f 5375//9845 5369//9845 5370//9845 
f 5377//9846 5372//9846 5371//9846 
f 5377//9847 5378//9847 5379//9847 
f 5377//9848 5379//9848 5372//9848 
f 5380//9849 5376//9849 5381//9849 
f 5380//9850 5375//9850 5376//9850 
f 5382//9851 5378//9851 5377//9851 
f 5382//9852 5383//9852 5378//9852 
f 5384//9853 5380//9853 5381//9853 
f 5384//9854 5381//9854 5385//9854 
f 5386//9855 5387//9855 5383//9855 
f 5386//9856 5383//9856 5382//9856 
f 5388//9857 5385//9857 5389//9857 
f 5388//9858 5384//9858 5385//9858 
f 5390//9859 5391//9859 5387//9859 
f 5390//9860 5387//9860 5386//9860 
f 5392//9861 5389//9861 5393//9861 
f 5392//9862 5388//9862 5389//9862 
f 5394//9863 5362//9863 5361//9863 
f 5395//9864 5396//9864 5391//9864 
f 5395//9865 5391//9865 5390//9865 
f 5397//9866 5393//9866 5398//9866 
f 5397//9867 5392//9867 5393//9867 
f 5399//9868 5398//9868 5396//9868 
f 5399//9869 5396//9869 5395//9869 
f 5399//9870 5397//9870 5398//9870 
f 5400//9871 5401//9871 5402//9871 
f 5400//9872 5402//9872 5403//9872 
f 5400//9873 5403//9873 5404//9873 
f 5400//9874 5404//9874 5405//9874 
f 5400//9875 5405//9875 5406//9875 
f 5407//9876 5400//9876 5406//9876 
f 5407//9877 5406//9877 5408//9877 
f 5409//9878 5407//9878 5408//9878 
f 5410//9879 5408//9879 5411//9879 
f 5410//9880 5409//9880 5408//9880 
f 5412//9881 5410//9881 5411//9881 
f 5413//9882 5412//9882 5411//9882 
f 5414//9883 5401//9883 5400//9883 
f 5414//9884 5415//9884 5416//9884 
f 5414//9885 5416//9885 5417//9885 
f 5414//9886 5417//9886 5401//9886 
f 5418//9887 5413//9887 5411//9887 
f 5418//9888 5411//9888 5419//9888 
f 5420//9889 5418//9889 5419//9889 
f 5421//9890 5420//9890 5419//9890 
f 5422//9891 5419//9891 5315//9891 
f 5422//9892 5421//9892 5419//9892 
f 5423//9893 5422//9893 5315//9893 
f 5424//9894 5425//9894 5415//9894 
f 5426//9895 5424//9895 5415//9895 
f 5427//9896 5425//9896 5424//9896 
f 5428//9897 5415//9897 5414//9897 
f 5428//9898 5426//9898 5415//9898 
f 5429//9899 5425//9899 5427//9899 
f 5430//9900 5428//9900 5414//9900 
f 5431//9901 5432//9901 5425//9901 
f 5431//9902 5425//9902 5429//9902 
f 5433//9903 5432//9903 5431//9903 
f 5434//9904 5414//9904 5435//9904 
f 5434//9905 5430//9905 5414//9905 
f 5436//9906 5437//9906 5432//9906 
f 5436//9907 5432//9907 5433//9907 
f 5438//9908 5434//9908 5435//9908 
f 5439//9909 5440//9909 5437//9909 
f 5439//9910 5437//9910 5436//9910 
f 5441//9911 5435//9911 5442//9911 
f 5441//9912 5438//9912 5435//9912 
f 5443//9913 5440//9913 5439//9913 
f 5444//9914 5442//9914 5445//9914 
f 5444//9915 5441//9915 5442//9915 
f 5446//9916 5440//9916 5443//9916 
f 5447//9917 5448//9917 5440//9917 
f 5447//9918 5440//9918 5446//9918 
f 5449//9919 5445//9919 5450//9919 
f 5449//9920 5444//9920 5445//9920 
f 5451//9921 5448//9921 5447//9921 
f 5452//9922 5453//9922 5448//9922 
f 5452//9923 5448//9923 5451//9923 
f 5454//9924 5450//9924 5455//9924 
f 5454//9925 5449//9925 5450//9925 
f 5456//9926 5453//9926 5452//9926 
f 5457//9927 5453//9927 5456//9927 
f 5458//9928 5455//9928 5459//9928 
f 5458//9929 5454//9929 5455//9929 
f 5460//9930 5461//9930 5453//9930 
f 5460//9931 5453//9931 5457//9931 
f 5462//9932 5461//9932 5460//9932 
f 5463//9933 5461//9933 5462//9933 
f 5463//9934 5464//9934 5461//9934 
f 5465//9935 5459//9935 5466//9935 
f 5465//9936 5466//9936 5467//9936 
f 5465//9937 5458//9937 5459//9937 
f 5468//9938 5464//9938 5463//9938 
f 5469//9939 5470//9939 5464//9939 
f 5469//9940 5464//9940 5468//9940 
f 5471//9941 5470//9941 5469//9941 
f 5472//9942 5465//9942 5467//9942 
f 5472//9943 5467//9943 5473//9943 
f 5472//9944 5473//9944 5474//9944 
f 5472//9945 5474//9945 5475//9945 
f 5476//9946 5477//9946 5470//9946 
f 5476//9947 5470//9947 5471//9947 
f 5478//9948 5479//9948 5480//9948 
f 5481//9949 5475//9949 5482//9949 
f 5481//9950 5472//9950 5475//9950 
f 5483//9951 5477//9951 5476//9951 
f 5484//9952 5482//9952 5485//9952 
f 5484//9953 5481//9953 5482//9953 
f 5486//9954 5478//9954 5487//9954 
f 5488//9955 5485//9955 5489//9955 
f 5488//9956 5484//9956 5485//9956 
f 5490//9957 5478//9957 5486//9957 
f 5491//9958 5478//9958 5490//9958 
f 5492//9959 5489//9959 5479//9959 
f 5492//9960 5479//9960 5478//9960 
f 5492//9961 5488//9961 5489//9961 
f 5493//9962 5491//9962 5494//9962 
f 5495//9963 5496//9963 5492//9963 
f 5495//9964 5478//9964 5491//9964 
f 5495//9965 5491//9965 5493//9965 
f 5495//9966 5492//9966 5478//9966 
f 5497//9967 5498//9967 5477//9967 
f 5497//9968 5477//9968 5483//9968 
f 5499//9969 5500//9969 5501//9969 
f 5502//9970 5503//9970 5500//9970 
f 5504//9971 5505//9971 5502//9971 
f 5506//9972 5504//9972 5502//9972 
f 5507//9973 5498//9973 5497//9973 
f 5508//9974 5506//9974 5502//9974 
f 5508//9975 5509//9975 5506//9975 
f 5508//9976 5500//9976 5499//9976 
f 5508//9977 5502//9977 5500//9977 
f 5510//9978 5508//9978 5499//9978 
f 5510//9979 5511//9979 5508//9979 
f 5512//9980 5510//9980 5499//9980 
f 5512//9981 5499//9981 5513//9981 
f 5514//9982 5515//9982 5498//9982 
f 5514//9983 5498//9983 5507//9983 
f 5516//9984 5512//9984 5513//9984 
f 5517//9985 5516//9985 5513//9985 
f 5517//9986 5513//9986 5518//9986 
f 5519//9987 5520//9987 5515//9987 
f 5519//9988 5515//9988 5514//9988 
f 5521//9989 5517//9989 5518//9989 
f 5521//9990 5518//9990 5522//9990 
f 5523//9991 5521//9991 5522//9991 
f 5524//9992 5520//9992 5519//9992 
f 5525//9993 5523//9993 5522//9993 
f 5525//9994 5522//9994 5526//9994 
f 5527//9995 5526//9995 5528//9995 
f 5527//9996 5525//9996 5526//9996 
f 5529//9997 5530//9997 5531//9997 
f 5529//9998 5531//9998 5532//9998 
f 5529//9999 5532//9999 5533//9999 
f 5529//10000 5533//10000 5534//10000 
f 5529//10001 5534//10001 5535//10001 
f 5529//10002 5535//10002 5536//10002 
f 5529//10003 5536//10003 5537//10003 
f 5529//10004 5537//10004 5538//10004 
f 5529//10005 5538//10005 5539//10005 
f 5529//10006 5539//10006 5540//10006 
f 5529//10007 5540//10007 5541//10007 
f 5529//10008 5541//10008 5542//10008 
f 5529//10009 5542//10009 5543//10009 
f 5529//10010 5543//10010 5544//10010 
f 5529//10011 5544//10011 5545//10011 
f 5529//10012 5545//10012 5546//10012 
f 5529//10013 5546//10013 5547//10013 
f 5529//10014 5547//10014 5548//10014 
f 5529//10015 5548//10015 5549//10015 
f 5550//10016 5530//10016 5529//10016 
f 5551//10017 5552//10017 5520//10017 
f 5551//10018 5520//10018 5524//10018 
f 5553//10019 5550//10019 5529//10019 
f 5554//10020 5528//10020 5555//10020 
f 5554//10021 5527//10021 5528//10021 
f 5556//10022 5553//10022 5529//10022 
f 5557//10023 5556//10023 5529//10023 
f 5558//10024 5554//10024 5555//10024 
f 5559//10025 5552//10025 5551//10025 
f 5560//10026 5555//10026 5561//10026 
f 5560//10027 5558//10027 5555//10027 
f 5562//10028 5552//10028 5559//10028 
f 5563//10029 5560//10029 5561//10029 
f 5563//10030 5561//10030 5564//10030 
f 5565//10031 5563//10031 5564//10031 
f 5565//10032 5564//10032 5566//10032 
f 5567//10033 5565//10033 5566//10033 
f 5567//10034 5566//10034 5568//10034 
f 5569//10035 5568//10035 5570//10035 
f 5569//10036 5570//10036 5571//10036 
f 5569//10037 5567//10037 5568//10037 
f 5572//10038 5569//10038 5571//10038 
f 5572//10039 5571//10039 5573//10039 
f 5574//10040 5529//10040 5549//10040 
f 5575//10041 5572//10041 5573//10041 
f 5575//10042 5573//10042 5576//10042 
f 5575//10043 5576//10043 5577//10043 
f 5575//10044 5577//10044 5578//10044 
f 5575//10045 5578//10045 5579//10045 
f 5575//10046 5579//10046 5580//10046 
f 5575//10047 5580//10047 5581//10047 
f 5575//10048 5581//10048 5582//10048 
f 5583//10049 5574//10049 5549//10049 
f 5584//10050 5585//10050 5586//10050 
f 5584//10051 5586//10051 5587//10051 
f 5584//10052 5587//10052 5588//10052 
f 5584//10053 5588//10053 5589//10053 
f 5584//10054 5589//10054 5590//10054 
f 5584//10055 5590//10055 5591//10055 
f 5584//10056 5591//10056 5592//10056 
f 5584//10057 5592//10057 5575//10057 
f 5593//10058 5574//10058 5583//10058 
f 5593//10059 5594//10059 5574//10059 
f 5595//10060 5583//10060 5549//10060 
f 5595//10061 5549//10061 5423//10061 
f 5596//10062 5585//10062 5584//10062 
f 5597//10063 5596//10063 5598//10063 
f 5597//10064 5598//10064 5599//10064 
f 5600//10065 4965//10065 4653//10065 
f 5600//10066 5423//10066 5315//10066 
f 5600//10067 5315//10067 5199//10067 
f 5600//10068 5595//10068 5423//10068 
f 5600//10069 5199//10069 4965//10069 
f 5601//10070 5602//10070 5600//10070 
f 5603//10071 5600//10071 5602//10071 
f 5604//10072 5601//10072 5600//10072 
f 5605//10073 5595//10073 5600//10073 
f 5605//10074 5600//10074 5603//10074 
f 5606//10075 5604//10075 5600//10075 
f 5607//10076 5595//10076 5605//10076 
f 5608//10077 5606//10077 5600//10077 
f 5609//10078 5595//10078 5607//10078 
f 5610//10079 5608//10079 5600//10079 
f 5611//10080 5595//10080 5609//10080 
f 5612//10081 5610//10081 5600//10081 
f 5613//10082 5595//10082 5611//10082 
f 5614//10083 5612//10083 5600//10083 
f 5615//10084 5595//10084 5613//10084 
f 5616//10085 5614//10085 5600//10085 
f 5617//10086 5595//10086 5615//10086 
f 5618//10087 5616//10087 5600//10087 
f 5619//10088 5595//10088 5617//10088 
f 5620//10089 5618//10089 5600//10089 
f 5621//10090 5595//10090 5619//10090 
f 5622//10091 5620//10091 5600//10091 
f 5623//10092 5624//10092 5595//10092 
f 5623//10093 5595//10093 5621//10093 
f 5625//10094 5600//10094 5626//10094 
f 5625//10095 5622//10095 5600//10095 
f 5627//10096 5624//10096 5623//10096 
f 5628//10097 5626//10097 5629//10097 
f 5628//10098 5629//10098 5630//10098 
f 5628//10099 5625//10099 5626//10099 
f 5631//10100 5624//10100 5627//10100 
f 5632//10101 5628//10101 5630//10101 
f 5632//10102 5630//10102 5633//10102 
f 5634//10103 5624//10103 5631//10103 
f 5635//10104 5633//10104 5636//10104 
f 5635//10105 5632//10105 5633//10105 
f 5637//10106 5624//10106 5634//10106 
f 5638//10107 5636//10107 5639//10107 
f 5638//10108 5639//10108 5640//10108 
f 5638//10109 5635//10109 5636//10109 
f 5641//10110 5624//10110 5637//10110 
f 5642//10111 5640//10111 5643//10111 
f 5642//10112 5638//10112 5640//10112 
f 5644//10113 5624//10113 5641//10113 
f 5645//10114 5643//10114 5646//10114 
f 5645//10115 5642//10115 5643//10115 
f 5647//10116 5624//10116 5644//10116 
f 5648//10117 5646//10117 5649//10117 
f 5648//10118 5649//10118 5650//10118 
f 5648//10119 5645//10119 5646//10119 
f 5651//10120 5624//10120 5647//10120 
f 5652//10121 5650//10121 5653//10121 
f 5652//10122 5648//10122 5650//10122 
f 5654//10123 5624//10123 5651//10123 
f 5655//10124 5653//10124 5656//10124 
f 5655//10125 5652//10125 5653//10125 
f 5657//10126 5656//10126 5658//10126 
f 5657//10127 5655//10127 5656//10127 
f 5659//10128 5657//10128 5658//10128 
f 5660//10129 5657//10129 5659//10129 
f 5661//10130 5662//10130 5660//10130 
f 5661//10131 5660//10131 5659//10131 
f 5663//10132 5662//10132 5661//10132 
f 5664//10133 5662//10133 5663//10133 
f 5664//10134 5665//10134 5662//10134 
f 5666//10135 5665//10135 5664//10135 
f 5666//10136 5667//10136 5665//10136 
f 5668//10137 5667//10137 5666//10137 
f 5669//10138 5667//10138 5668//10138 
f 5669//10139 5670//10139 5667//10139 
f 5671//10140 5672//10140 5670//10140 
f 5671//10141 5670//10141 5669//10141 
f 5673//10142 5674//10142 5672//10142 
f 5673//10143 5672//10143 5671//10143 
f 5675//10144 5674//10144 5673//10144 
f 5676//10145 5674//10145 5675//10145 
f 5676//10146 5677//10146 5674//10146 
f 5678//10147 5679//10147 5677//10147 
f 5678//10148 5677//10148 5676//10148 
f 5680//10149 5679//10149 5678//10149 
f 5681//10150 5682//10150 5679//10150 
f 5681//10151 5679//10151 5680//10151 
f 5683//10152 5682//10152 5681//10152 
f 5683//10153 5684//10153 5682//10153 
f 5685//10154 5654//10154 5686//10154 
f 5685//10155 5686//10155 5687//10155 
f 5685//10156 5687//10156 5688//10156 
f 5685//10157 5688//10157 5689//10157 
f 5685//10158 5689//10158 5690//10158 
f 5685//10159 5690//10159 5691//10159 
f 5685//10160 5691//10160 5692//10160 
f 5685//10161 5692//10161 5693//10161 
f 5685//10162 5693//10162 5694//10162 
f 5685//10163 5694//10163 5695//10163 
f 5685//10164 5695//10164 5696//10164 
f 5685//10165 5696//10165 5697//10165 
f 5685//10166 5697//10166 5698//10166 
f 5685//10167 5624//10167 5654//10167 
f 5699//10168 5684//10168 5683//10168 
f 5699//10169 5700//10169 5684//10169 
f 5701//10170 5698//10170 5702//10170 
f 5701//10171 5685//10171 5698//10171 
f 5703//10172 5700//10172 5699//10172 
f 5704//10173 5701//10173 5702//10173 
f 5704//10174 5702//10174 5705//10174 
f 5706//10175 5700//10175 5703//10175 
f 5706//10176 5707//10176 5700//10176 
f 5708//10177 5704//10177 5705//10177 
f 5709//10178 5707//10178 5706//10178 
f 5709//10179 5710//10179 5707//10179 
f 5711//10180 5708//10180 5705//10180 
f 5711//10181 5705//10181 5712//10181 
f 5713//10182 5710//10182 5709//10182 
f 5713//10183 5714//10183 5710//10183 
f 5715//10184 5711//10184 5712//10184 
f 5715//10185 5712//10185 5716//10185 
f 5717//10186 5714//10186 5713//10186 
f 5718//10187 5716//10187 5719//10187 
f 5718//10188 5715//10188 5716//10188 
f 5720//10189 5721//10189 5714//10189 
f 5720//10190 5714//10190 5717//10190 
f 5722//10191 5718//10191 5719//10191 
f 5723//10192 5724//10192 5721//10192 
f 5723//10193 5721//10193 5720//10193 
f 5725//10194 5719//10194 5726//10194 
f 5725//10195 5722//10195 5719//10195 
f 5727//10196 5724//10196 5723//10196 
f 5728//10197 5726//10197 5729//10197 
f 5728//10198 5725//10198 5726//10198 
f 5730//10199 5731//10199 5724//10199 
f 5730//10200 5724//10200 5727//10200 
f 5732//10201 5729//10201 5733//10201 
f 5732//10202 5728//10202 5729//10202 
f 5734//10203 5731//10203 5730//10203 
f 5734//10204 5735//10204 5731//10204 
f 5736//10205 5732//10205 5733//10205 
f 5737//10206 5735//10206 5734//10206 
f 5737//10207 5738//10207 5735//10207 
f 5739//10208 5733//10208 5740//10208 
f 5739//10209 5736//10209 5733//10209 
f 5741//10210 5738//10210 5737//10210 
f 5742//10211 5739//10211 5740//10211 
f 5742//10212 5740//10212 5743//10212 
f 5744//10213 5738//10213 5741//10213 
f 5744//10214 5745//10214 5738//10214 
f 5746//10215 5742//10215 5743//10215 
f 5747//10216 5748//10216 5745//10216 
f 5747//10217 5745//10217 5744//10217 
f 5749//10218 5743//10218 5748//10218 
f 5749//10219 5746//10219 5743//10219 
f 5749//10220 5748//10220 5747//10220 
f 5685//10221 4654//10221 5750//10221 
f 5750//10222 4654//10222 5751//10222 
f 5751//10223 4654//10223 5234//10223 
f 5234//10224 4654//10224 5200//10224 
f 5200//10225 4654//10225 5201//10225 
f 5201//10226 4654//10226 5180//10226 
f 5180//10227 4654//10227 5175//10227 
f 5175//10228 4654//10228 5170//10228 
f 5170//10229 4654//10229 5171//10229 
f 5171//10230 4654//10230 5752//10230 
f 5752//10231 4654//10231 5753//10231 
f 5753//10232 4654//10232 5754//10232 
f 5754//10233 4654//10233 5755//10233 
f 5755//10234 4654//10234 5756//10234 
f 5756//10235 4654//10235 5757//10235 
f 5757//10236 4654//10236 5758//10236 
f 5758//10237 4654//10237 5088//10237 
f 5088//10238 4654//10238 4958//10238 
f 4958//10239 4654//10239 4923//10239 
f 4923//10240 4654//10240 4921//10240 
f 4921//10241 4654//10241 4862//10241 
f 4862//10242 4654//10242 4863//10242 
f 4863//10243 4654//10243 4849//10243 
f 4849//10244 4654//10244 4850//10244 
f 4850//10245 4654//10245 4830//10245 
f 4830//10246 4654//10246 4831//10246 
f 4831//10247 4654//10247 4781//10247 
f 4781//10248 4654//10248 4782//10248 
f 4782//10249 4654//10249 4731//10249 
f 4731//10250 4654//10250 4732//10250 
f 4732//10251 4654//10251 4682//10251 
f 5685//10252 5750//10252 5362//10252 
f 5685//10253 5362//10253 5394//10253 
f 5685//10254 5394//10254 5552//10254 
f 5685//10255 5552//10255 5759//10255 
f 5759//10256 5552//10256 5562//10256 
f 5755//10257 5756//10257 5130//10257 
f 5755//10258 5130//10258 5760//10258 
f 5760//10259 5130//10259 5761//10259 
f 5761//10260 5130//10260 5129//10260 
f 5685//10261 5759//10261 5762//10261 
f 5685//10262 5762//10262 5585//10262 
f 5685//10263 5585//10263 5596//10263 
f 5685//10264 5596//10264 5597//10264 
f 5685//10265 5597//10265 5624//10265 
f 5529//10266 5584//10266 5557//10266 
f 5557//10267 5584//10267 5763//10267 
f 5763//10268 5584//10268 5764//10268 
f 5764//10269 5584//10269 5765//10269 
f 5765//10270 5584//10270 5582//10270 
f 5582//10271 5584//10271 5575//10271 
f 5766//10272 5180//10272 5767//10272 
f 5767//10273 5180//10273 5185//10273 
f 5209//10274 5188//10274 5193//10274 
f 5209//10275 5193//10275 5204//10275 
f 5198//10276 5752//10276 5147//10276 
f 5175//10277 5150//10277 5768//10277 
f 5768//10278 5150//10278 5769//10278 
f 5769//10279 5150//10279 5770//10279 
f 5770//10280 5150//10280 5771//10280 
f 5771//10281 5150//10281 5772//10281 
f 5772//10282 5150//10282 5773//10282 
f 5773//10283 5150//10283 5165//10283 
f 5175//10284 5768//10284 5176//10284 
f 5146//10285 5774//10285 5143//10285 
f 5142//10286 5760//10286 5761//10286 
f 5142//10287 5761//10287 5139//10287 
f 5755//10288 5775//10288 5754//10288 
f 5753//10289 5147//10289 5752//10289 
f 5776//10290 4897//10290 4905//10290 
f 4924//10291 5777//10291 4925//10291 
f 5778//10292 4925//10292 5777//10292 
f 4882//10293 5779//10293 4896//10293 
f 5780//10294 4896//10294 5779//10294 
f 4865//10295 5781//10295 4861//10295 
f 4842//10296 5782//10296 4849//10296 
f 4905//10297 4870//10297 4882//10297 
f 4905//10298 4882//10298 5783//10298 
f 5783//10299 4882//10299 4891//10299 
f 4905//10300 5783//10300 5784//10300 
f 4905//10301 5784//10301 5776//10301 
f 4828//10302 5785//10302 4819//10302 
f 5786//10303 4819//10303 5785//10303 
f 4837//10304 5787//10304 4838//10304 
f 5788//10305 4838//10305 5787//10305 
f 4754//10306 4761//10306 4768//10306 
f 4808//10307 4790//10307 4809//10307 
f 4809//10308 4790//10308 4804//10308 
f 4768//10309 4740//10309 4754//10309 
f 4704//10310 4711//10310 4718//10310 
f 4718//10311 4690//10311 4704//10311 
f 4670//10312 4673//10312 4671//10312 
f 4637//10313 4652//10313 4647//10313 
f 4619//10314 4650//10314 4651//10314 
f 4619//10315 4651//10315 4634//10315 
f 5594//10316 5529//10316 5574//10316 
f 5598//10317 5584//10317 5529//10317 
f 5598//10318 5529//10318 5594//10318 
f 5595//10319 5593//10319 5583//10319 
f 5596//10320 5584//10320 5598//10320 
f 5599//10321 5594//10321 5593//10321 
f 5599//10322 5598//10322 5594//10322 
f 5599//10323 5593//10323 5595//10323 
f 5624//10324 5597//10324 5599//10324 
f 5624//10325 5599//10325 5595//10325 
f 5414//10326 5400//10326 5407//10326 
f 5435//10327 5407//10327 5409//10327 
f 5435//10328 5414//10328 5407//10328 
f 5442//10329 5410//10329 5412//10329 
f 5442//10330 5409//10330 5410//10330 
f 5442//10331 5435//10331 5409//10331 
f 5445//10332 5412//10332 5413//10332 
f 5445//10333 5442//10333 5412//10333 
f 5450//10334 5413//10334 5418//10334 
f 5450//10335 5445//10335 5413//10335 
f 5455//10336 5418//10336 5420//10336 
f 5455//10337 5450//10337 5418//10337 
f 5430//10338 5426//10338 5428//10338 
f 5430//10339 5424//10339 5426//10339 
f 5430//10340 5427//10340 5424//10340 
f 5431//10341 5429//10341 5427//10341 
f 5433//10342 5431//10342 5427//10342 
f 5459//10343 5455//10343 5420//10343 
f 5459//10344 5421//10344 5422//10344 
f 5459//10345 5420//10345 5421//10345 
f 5439//10346 5433//10346 5427//10346 
f 5439//10347 5436//10347 5433//10347 
f 5447//10348 5443//10348 5439//10348 
f 5447//10349 5446//10349 5443//10349 
f 5447//10350 5439//10350 5427//10350 
f 5466//10351 5459//10351 5422//10351 
f 5466//10352 5422//10352 5423//10352 
f 5452//10353 5451//10353 5447//10353 
f 5467//10354 5466//10354 5423//10354 
f 5456//10355 5452//10355 5447//10355 
f 5473//10356 5467//10356 5423//10356 
f 5473//10357 5423//10357 5549//10357 
f 5460//10358 5457//10358 5456//10358 
f 5474//10359 5549//10359 5548//10359 
f 5474//10360 5473//10360 5549//10360 
f 5475//10361 5474//10361 5548//10361 
f 5482//10362 5548//10362 5547//10362 
f 5482//10363 5475//10363 5548//10363 
f 5468//10364 5427//10364 5430//10364 
f 5468//10365 5447//10365 5427//10365 
f 5468//10366 5460//10366 5456//10366 
f 5468//10367 5456//10367 5447//10367 
f 5468//10368 5462//10368 5460//10368 
f 5468//10369 5463//10369 5462//10369 
f 5485//10370 5482//10370 5547//10370 
f 5489//10371 5547//10371 5546//10371 
f 5489//10372 5485//10372 5547//10372 
f 5479//10373 5489//10373 5546//10373 
f 5480//10374 5546//10374 5545//10374 
f 5480//10375 5479//10375 5546//10375 
f 5478//10376 5545//10376 5544//10376 
f 5478//10377 5480//10377 5545//10377 
f 5487//10378 5478//10378 5544//10378 
f 5487//10379 5544//10379 5543//10379 
f 5483//10380 5469//10380 5468//10380 
f 5483//10381 5471//10381 5469//10381 
f 5483//10382 5476//10382 5471//10382 
f 5483//10383 5430//10383 5434//10383 
f 5483//10384 5468//10384 5430//10384 
f 5542//10385 5486//10385 5487//10385 
f 5542//10386 5487//10386 5543//10386 
f 5541//10387 5486//10387 5542//10387 
f 5497//10388 5483//10388 5434//10388 
f 5540//10389 5490//10389 5486//10389 
f 5540//10390 5486//10390 5541//10390 
f 5500//10391 5449//10391 5454//10391 
f 5501//10392 5500//10392 5454//10392 
f 5503//10393 5449//10393 5500//10393 
f 5503//10394 5444//10394 5449//10394 
f 5499//10395 5501//10395 5454//10395 
f 5499//10396 5454//10396 5458//10396 
f 5502//10397 5444//10397 5503//10397 
f 5502//10398 5441//10398 5444//10398 
f 5505//10399 5438//10399 5441//10399 
f 5505//10400 5434//10400 5438//10400 
f 5505//10401 5497//10401 5434//10401 
f 5505//10402 5441//10402 5502//10402 
f 5504//10403 5497//10403 5505//10403 
f 5539//10404 5490//10404 5540//10404 
f 5513//10405 5499//10405 5458//10405 
f 5513//10406 5458//10406 5465//10406 
f 5507//10407 5497//10407 5504//10407 
f 5507//10408 5504//10408 5506//10408 
f 5518//10409 5513//10409 5465//10409 
f 5538//10410 5490//10410 5539//10410 
f 5522//10411 5465//10411 5472//10411 
f 5522//10412 5518//10412 5465//10412 
f 5526//10413 5522//10413 5472//10413 
f 5514//10414 5507//10414 5506//10414 
f 5514//10415 5509//10415 5508//10415 
f 5514//10416 5506//10416 5509//10416 
f 5528//10417 5472//10417 5481//10417 
f 5528//10418 5526//10418 5472//10418 
f 5519//10419 5514//10419 5508//10419 
f 5519//10420 5511//10420 5510//10420 
f 5519//10421 5508//10421 5511//10421 
f 5534//10422 5536//10422 5535//10422 
f 5555//10423 5488//10423 5492//10423 
f 5555//10424 5484//10424 5488//10424 
f 5555//10425 5481//10425 5484//10425 
f 5555//10426 5528//10426 5481//10426 
f 5533//10427 5536//10427 5534//10427 
f 5532//10428 5536//10428 5533//10428 
f 5561//10429 5496//10429 5495//10429 
f 5561//10430 5492//10430 5496//10430 
f 5561//10431 5555//10431 5492//10431 
f 5524//10432 5512//10432 5516//10432 
f 5524//10433 5510//10433 5512//10433 
f 5524//10434 5519//10434 5510//10434 
f 5530//10435 5532//10435 5531//10435 
f 5564//10436 5561//10436 5495//10436 
f 5564//10437 5495//10437 5493//10437 
f 5551//10438 5517//10438 5521//10438 
f 5551//10439 5516//10439 5517//10439 
f 5551//10440 5524//10440 5516//10440 
f 5566//10441 5493//10441 5494//10441 
f 5566//10442 5564//10442 5493//10442 
f 5553//10443 5532//10443 5530//10443 
f 5553//10444 5530//10444 5550//10444 
f 5568//10445 5566//10445 5494//10445 
f 5568//10446 5494//10446 5491//10446 
f 5570//10447 5568//10447 5491//10447 
f 5559//10448 5521//10448 5523//10448 
f 5559//10449 5551//10449 5521//10449 
f 5571//10450 5491//10450 5490//10450 
f 5571//10451 5570//10451 5491//10451 
f 5573//10452 5571//10452 5490//10452 
f 5765//10453 5536//10453 5532//10453 
f 5765//10454 5532//10454 5553//10454 
f 5765//10455 5763//10455 5764//10455 
f 5765//10456 5557//10456 5763//10456 
f 5765//10457 5556//10457 5557//10457 
f 5765//10458 5553//10458 5556//10458 
f 5576//10459 5573//10459 5490//10459 
f 5576//10460 5490//10460 5538//10460 
f 5577//10461 5576//10461 5538//10461 
f 5577//10462 5538//10462 5537//10462 
f 5578//10463 5577//10463 5537//10463 
f 5580//10464 5536//10464 5765//10464 
f 5580//10465 5582//10465 5581//10465 
f 5580//10466 5765//10466 5582//10466 
f 5579//10467 5537//10467 5536//10467 
f 5579//10468 5578//10468 5537//10468 
f 5579//10469 5536//10469 5580//10469 
f 5562//10470 5525//10470 5527//10470 
f 5562//10471 5523//10471 5525//10471 
f 5562//10472 5559//10472 5523//10472 
f 5759//10473 5527//10473 5554//10473 
f 5759//10474 5562//10474 5527//10474 
f 5762//10475 5554//10475 5558//10475 
f 5762//10476 5759//10476 5554//10476 
f 5585//10477 5558//10477 5560//10477 
f 5585//10478 5762//10478 5558//10478 
f 5586//10479 5560//10479 5563//10479 
f 5586//10480 5585//10480 5560//10480 
f 5587//10481 5563//10481 5565//10481 
f 5587//10482 5586//10482 5563//10482 
f 5588//10483 5565//10483 5567//10483 
f 5588//10484 5587//10484 5565//10484 
f 5589//10485 5567//10485 5569//10485 
f 5589//10486 5588//10486 5567//10486 
f 5590//10487 5589//10487 5569//10487 
f 5591//10488 5569//10488 5572//10488 
f 5591//10489 5590//10489 5569//10489 
f 5592//10490 5572//10490 5575//10490 
f 5592//10491 5591//10491 5572//10491 
f 5323//10492 5295//10492 5297//10492 
f 5323//10493 5279//10493 5295//10493 
f 5323//10494 5304//10494 5279//10494 
f 5325//10495 5297//10495 5299//10495 
f 5325//10496 5323//10496 5297//10496 
f 5343//10497 5325//10497 5299//10497 
f 5343//10498 5301//10498 5302//10498 
f 5343//10499 5299//10499 5301//10499 
f 5348//10500 5343//10500 5302//10500 
f 5348//10501 5302//10501 5309//10501 
f 5349//10502 5309//10502 5311//10502 
f 5349//10503 5348//10503 5309//10503 
f 5354//10504 5311//10504 5313//10504 
f 5354//10505 5349//10505 5311//10505 
f 5355//10506 5313//10506 5315//10506 
f 5355//10507 5354//10507 5313//10507 
f 5357//10508 5355//10508 5315//10508 
f 5359//10509 5315//10509 5419//10509 
f 5359//10510 5357//10510 5315//10510 
f 5365//10511 5359//10511 5419//10511 
f 5366//10512 5419//10512 5411//10512 
f 5366//10513 5365//10513 5419//10513 
f 5368//10514 5366//10514 5411//10514 
f 5370//10515 5368//10515 5411//10515 
f 5326//10516 5316//10516 5324//10516 
f 5376//10517 5411//10517 5408//10517 
f 5376//10518 5370//10518 5411//10518 
f 5381//10519 5376//10519 5408//10519 
f 5385//10520 5381//10520 5408//10520 
f 5344//10521 5324//10521 5342//10521 
f 5344//10522 5326//10522 5324//10522 
f 5389//10523 5408//10523 5406//10523 
f 5389//10524 5385//10524 5408//10524 
f 5393//10525 5389//10525 5406//10525 
f 5398//10526 5406//10526 5405//10526 
f 5398//10527 5393//10527 5406//10527 
f 5396//10528 5398//10528 5405//10528 
f 5350//10529 5342//10529 5347//10529 
f 5350//10530 5344//10530 5342//10530 
f 5391//10531 5396//10531 5405//10531 
f 5404//10532 5391//10532 5405//10532 
f 5387//10533 5391//10533 5404//10533 
f 5383//10534 5387//10534 5404//10534 
f 5361//10535 5347//10535 5353//10535 
f 5361//10536 5350//10536 5347//10536 
f 5403//10537 5378//10537 5383//10537 
f 5403//10538 5383//10538 5404//10538 
f 5402//10539 5379//10539 5378//10539 
f 5402//10540 5378//10540 5403//10540 
f 5394//10541 5361//10541 5353//10541 
f 5394//10542 5356//10542 5358//10542 
f 5394//10543 5353//10543 5356//10543 
f 5401//10544 5379//10544 5402//10544 
f 5401//10545 5372//10545 5379//10545 
f 5552//10546 5394//10546 5358//10546 
f 5552//10547 5364//10547 5367//10547 
f 5552//10548 5360//10548 5364//10548 
f 5552//10549 5358//10549 5360//10549 
f 5417//10550 5372//10550 5401//10550 
f 5417//10551 5373//10551 5372//10551 
f 5520//10552 5552//10552 5367//10552 
f 5520//10553 5369//10553 5375//10553 
f 5520//10554 5367//10554 5369//10554 
f 5416//10555 5373//10555 5417//10555 
f 5515//10556 5520//10556 5375//10556 
f 5515//10557 5375//10557 5380//10557 
f 5415//10558 5373//10558 5416//10558 
f 5498//10559 5515//10559 5380//10559 
f 5498//10560 5388//10560 5392//10560 
f 5498//10561 5384//10561 5388//10561 
f 5498//10562 5380//10562 5384//10562 
f 5425//10563 5373//10563 5415//10563 
f 5425//10564 5374//10564 5373//10564 
f 5477//10565 5498//10565 5392//10565 
f 5477//10566 5397//10566 5399//10566 
f 5477//10567 5392//10567 5397//10567 
f 5432//10568 5374//10568 5425//10568 
f 5470//10569 5477//10569 5399//10569 
f 5470//10570 5395//10570 5390//10570 
f 5470//10571 5399//10571 5395//10571 
f 5437//10572 5374//10572 5432//10572 
f 5440//10573 5374//10573 5437//10573 
f 5440//10574 5371//10574 5374//10574 
f 5464//10575 5470//10575 5390//10575 
f 5464//10576 5390//10576 5386//10576 
f 5448//10577 5371//10577 5440//10577 
f 5448//10578 5377//10578 5371//10578 
f 5461//10579 5386//10579 5382//10579 
f 5461//10580 5464//10580 5386//10580 
f 5453//10581 5461//10581 5382//10581 
f 5453//10582 5382//10582 5377//10582 
f 5453//10583 5377//10583 5448//10583 
f 5205//10584 5187//10584 5186//10584 
f 5205//10585 5193//10585 5187//10585 
f 5207//10586 5186//10586 5189//10586 
f 5207//10587 5205//10587 5186//10587 
f 5211//10588 5189//10588 5190//10588 
f 5211//10589 5207//10589 5189//10589 
f 5214//10590 5190//10590 5191//10590 
f 5214//10591 5211//10591 5190//10591 
f 5217//10592 5191//10592 5192//10592 
f 5217//10593 5214//10593 5191//10593 
f 5220//10594 5194//10594 5195//10594 
f 5220//10595 5192//10595 5194//10595 
f 5220//10596 5217//10596 5192//10596 
f 5223//10597 5195//10597 5196//10597 
f 5223//10598 5220//10598 5195//10598 
f 5226//10599 5196//10599 5197//10599 
f 5226//10600 5223//10600 5196//10600 
f 5229//10601 5197//10601 5199//10601 
f 5229//10602 5226//10602 5197//10602 
f 5231//10603 5314//10603 5312//10603 
f 5231//10604 5199//10604 5314//10604 
f 5231//10605 5229//10605 5199//10605 
f 5236//10606 5312//10606 5310//10606 
f 5236//10607 5231//10607 5312//10607 
f 5238//10608 5310//10608 5303//10608 
f 5238//10609 5236//10609 5310//10609 
f 5240//10610 5303//10610 5300//10610 
f 5240//10611 5238//10611 5303//10611 
f 5242//10612 5240//10612 5300//10612 
f 5247//10613 5300//10613 5298//10613 
f 5247//10614 5242//10614 5300//10614 
f 5251//10615 5298//10615 5296//10615 
f 5251//10616 5247//10616 5298//10616 
f 5255//10617 5251//10617 5296//10617 
f 5255//10618 5296//10618 5294//10618 
f 5208//10619 5204//10619 5206//10619 
f 5259//10620 5255//10620 5294//10620 
f 5259//10621 5294//10621 5293//10621 
f 5212//10622 5206//10622 5210//10622 
f 5212//10623 5208//10623 5206//10623 
f 5260//10624 5259//10624 5293//10624 
f 5260//10625 5293//10625 5292//10625 
f 5215//10626 5212//10626 5210//10626 
f 5215//10627 5210//10627 5213//10627 
f 5265//10628 5260//10628 5292//10628 
f 5265//10629 5292//10629 5291//10629 
f 5269//10630 5265//10630 5291//10630 
f 5290//10631 5269//10631 5291//10631 
f 5218//10632 5215//10632 5213//10632 
f 5218//10633 5213//10633 5216//10633 
f 5273//10634 5269//10634 5290//10634 
f 5289//10635 5273//10635 5290//10635 
f 5221//10636 5218//10636 5216//10636 
f 5277//10637 5273//10637 5289//10637 
f 5224//10638 5221//10638 5216//10638 
f 5224//10639 5216//10639 5219//10639 
f 5275//10640 5289//10640 5288//10640 
f 5275//10641 5277//10641 5289//10641 
f 5271//10642 5275//10642 5288//10642 
f 5287//10643 5271//10643 5288//10643 
f 5227//10644 5224//10644 5219//10644 
f 5227//10645 5219//10645 5222//10645 
f 5286//10646 5267//10646 5271//10646 
f 5286//10647 5271//10647 5287//10647 
f 5232//10648 5227//10648 5222//10648 
f 5232//10649 5222//10649 5225//10649 
f 5285//10650 5262//10650 5267//10650 
f 5285//10651 5267//10651 5286//10651 
f 5234//10652 5225//10652 5228//10652 
f 5234//10653 5232//10653 5225//10653 
f 5284//10654 5263//10654 5262//10654 
f 5284//10655 5262//10655 5285//10655 
f 5751//10656 5228//10656 5230//10656 
f 5751//10657 5234//10657 5228//10657 
f 5283//10658 5257//10658 5263//10658 
f 5283//10659 5263//10659 5284//10659 
f 5750//10660 5751//10660 5230//10660 
f 5750//10661 5230//10661 5233//10661 
f 5282//10662 5253//10662 5257//10662 
f 5282//10663 5257//10663 5283//10663 
f 5362//10664 5750//10664 5233//10664 
f 5362//10665 5233//10665 5235//10665 
f 5281//10666 5253//10666 5282//10666 
f 5363//10667 5362//10667 5235//10667 
f 5363//10668 5235//10668 5237//10668 
f 5280//10669 5249//10669 5253//10669 
f 5280//10670 5253//10670 5281//10670 
f 5351//10671 5239//10671 5241//10671 
f 5351//10672 5237//10672 5239//10672 
f 5351//10673 5363//10673 5237//10673 
f 5308//10674 5244//10674 5249//10674 
f 5308//10675 5249//10675 5280//10675 
f 5352//10676 5241//10676 5246//10676 
f 5352//10677 5351//10677 5241//10677 
f 5307//10678 5244//10678 5308//10678 
f 5345//10679 5246//10679 5250//10679 
f 5345//10680 5352//10680 5246//10680 
f 5306//10681 5245//10681 5244//10681 
f 5306//10682 5244//10682 5307//10682 
f 5346//10683 5250//10683 5254//10683 
f 5346//10684 5345//10684 5250//10684 
f 5305//10685 5245//10685 5306//10685 
f 5322//10686 5243//10686 5245//10686 
f 5322//10687 5245//10687 5305//10687 
f 5327//10688 5346//10688 5254//10688 
f 5327//10689 5254//10689 5258//10689 
f 5321//10690 5243//10690 5322//10690 
f 5328//10691 5258//10691 5264//10691 
f 5328//10692 5327//10692 5258//10692 
f 5320//10693 5248//10693 5243//10693 
f 5320//10694 5243//10694 5321//10694 
f 5329//10695 5328//10695 5264//10695 
f 5319//10696 5248//10696 5320//10696 
f 5330//10697 5264//10697 5268//10697 
f 5330//10698 5329//10698 5264//10698 
f 5318//10699 5252//10699 5248//10699 
f 5318//10700 5248//10700 5319//10700 
f 5331//10701 5268//10701 5272//10701 
f 5331//10702 5330//10702 5268//10702 
f 5317//10703 5252//10703 5318//10703 
f 5332//10704 5272//10704 5276//10704 
f 5332//10705 5331//10705 5272//10705 
f 5341//10706 5256//10706 5252//10706 
f 5341//10707 5252//10707 5317//10707 
f 5340//10708 5256//10708 5341//10708 
f 5333//10709 5332//10709 5276//10709 
f 5333//10710 5276//10710 5278//10710 
f 5339//10711 5256//10711 5340//10711 
f 5339//10712 5261//10712 5256//10712 
f 5334//10713 5333//10713 5278//10713 
f 5334//10714 5278//10714 5274//10714 
f 5338//10715 5266//10715 5261//10715 
f 5338//10716 5261//10716 5339//10716 
f 5335//10717 5274//10717 5270//10717 
f 5335//10718 5334//10718 5274//10718 
f 5337//10719 5266//10719 5338//10719 
f 5337//10720 5270//10720 5266//10720 
f 5336//10721 5335//10721 5270//10721 
f 5336//10722 5270//10722 5337//10722 
f 5789//10723 5156//10723 5158//10723 
f 5790//10724 5156//10724 5789//10724 
f 5790//10725 5154//10725 5156//10725 
f 5790//10726 5152//10726 5154//10726 
f 5791//10727 5158//10727 5161//10727 
f 5791//10728 5789//10728 5158//10728 
f 5792//10729 5148//10729 5152//10729 
f 5792//10730 5149//10730 5148//10730 
f 5792//10731 5152//10731 5790//10731 
f 5793//10732 5161//10732 5164//10732 
f 5793//10733 5791//10733 5161//10733 
f 5794//10734 5151//10734 5149//10734 
f 5794//10735 5153//10735 5151//10735 
f 5794//10736 5149//10736 5792//10736 
f 5795//10737 5793//10737 5164//10737 
f 5796//10738 5155//10738 5153//10738 
f 5796//10739 5157//10739 5155//10739 
f 5796//10740 5159//10740 5157//10740 
f 5796//10741 5153//10741 5794//10741 
f 5797//10742 5159//10742 5796//10742 
f 5797//10743 5160//10743 5159//10743 
f 5797//10744 5162//10744 5160//10744 
f 5798//10745 5164//10745 5166//10745 
f 5798//10746 5795//10746 5164//10746 
f 5799//10747 5163//10747 5162//10747 
f 5799//10748 5165//10748 5163//10748 
f 5799//10749 5773//10749 5165//10749 
f 5799//10750 5162//10750 5797//10750 
f 5800//10751 5166//10751 5167//10751 
f 5800//10752 5798//10752 5166//10752 
f 5801//10753 5772//10753 5773//10753 
f 5801//10754 5771//10754 5772//10754 
f 5801//10755 5773//10755 5799//10755 
f 5802//10756 5770//10756 5771//10756 
f 5802//10757 5769//10757 5770//10757 
f 5802//10758 5768//10758 5769//10758 
f 5802//10759 5771//10759 5801//10759 
f 5803//10760 5167//10760 5168//10760 
f 5803//10761 5800//10761 5167//10761 
f 5804//10762 5768//10762 5802//10762 
f 5804//10763 5176//10763 5768//10763 
f 5804//10764 5177//10764 5176//10764 
f 5805//10765 5168//10765 5169//10765 
f 5805//10766 5803//10766 5168//10766 
f 5806//10767 5178//10767 5177//10767 
f 5806//10768 5177//10768 5804//10768 
f 5179//10769 5178//10769 5806//10769 
f 5807//10770 5179//10770 5806//10770 
f 5808//10771 5805//10771 5169//10771 
f 5181//10772 5179//10772 5807//10772 
f 5809//10773 5169//10773 5174//10773 
f 5809//10774 5808//10774 5169//10774 
f 5182//10775 5181//10775 5807//10775 
f 5183//10776 5807//10776 5810//10776 
f 5183//10777 5182//10777 5807//10777 
f 5184//10778 5810//10778 5811//10778 
f 5184//10779 5183//10779 5810//10779 
f 5812//10780 5809//10780 5174//10780 
f 5185//10781 5184//10781 5811//10781 
f 5185//10782 5811//10782 5813//10782 
f 5185//10783 5813//10783 5814//10783 
f 5767//10784 5185//10784 5814//10784 
f 5767//10785 5814//10785 5815//10785 
f 5767//10786 5815//10786 5816//10786 
f 5766//10787 5767//10787 5816//10787 
f 5766//10788 5816//10788 5817//10788 
f 5766//10789 5817//10789 5818//10789 
f 5202//10790 5818//10790 5819//10790 
f 5202//10791 5819//10791 5820//10791 
f 5202//10792 5820//10792 5821//10792 
f 5202//10793 5821//10793 5822//10793 
f 5202//10794 5766//10794 5818//10794 
f 5823//10795 5812//10795 5174//10795 
f 5188//10796 5823//10796 5174//10796 
f 5201//10797 5766//10797 5202//10797 
f 5824//10798 5823//10798 5188//10798 
f 5203//10799 5202//10799 5822//10799 
f 5203//10800 5822//10800 5824//10800 
f 5209//10801 5203//10801 5824//10801 
f 5209//10802 5200//10802 5203//10802 
f 5209//10803 5824//10803 5188//10803 
f 5180//10804 5766//10804 5201//10804 
f 5825//10805 5198//10805 5150//10805 
f 5826//10806 5752//10806 5198//10806 
f 5826//10807 5198//10807 5825//10807 
f 5172//10808 5752//10808 5826//10808 
f 5171//10809 5752//10809 5172//10809 
f 5827//10810 5825//10810 5150//10810 
f 5827//10811 5172//10811 5826//10811 
f 5173//10812 5172//10812 5827//10812 
f 5175//10813 5170//10813 5173//10813 
f 5175//10814 5827//10814 5150//10814 
f 5175//10815 5173//10815 5827//10815 
f 5774//10816 5142//10816 5143//10816 
f 5760//10817 5142//10817 5774//10817 
f 5755//10818 5760//10818 5774//10818 
f 5775//10819 5146//10819 5147//10819 
f 5753//10820 5754//10820 5775//10820 
f 5753//10821 5775//10821 5147//10821 
f 5775//10822 5755//10822 5146//10822 
f 5146//10823 5755//10823 5774//10823 
f 5138//10824 5094//10824 5070//10824 
f 5139//10825 5138//10825 5070//10825 
f 5141//10826 5138//10826 5139//10826 
f 5145//10827 5125//10827 5120//10827 
f 5145//10828 5120//10828 5141//10828 
f 5144//10829 5129//10829 5127//10829 
f 5761//10830 5144//10830 5145//10830 
f 5761//10831 5141//10831 5139//10831 
f 5761//10832 5145//10832 5141//10832 
f 5761//10833 5129//10833 5144//10833 
f 4979//10834 4957//10834 4939//10834 
f 4979//10835 4939//10835 4949//10835 
f 4983//10836 4949//10836 4951//10836 
f 4983//10837 4979//10837 4949//10837 
f 4986//10838 4953//10838 4955//10838 
f 4986//10839 4951//10839 4953//10839 
f 4986//10840 4983//10840 4951//10840 
f 4990//10841 4955//10841 4959//10841 
f 4990//10842 4986//10842 4955//10842 
f 4993//10843 4990//10843 4959//10843 
f 4993//10844 4959//10844 4961//10844 
f 4997//10845 4993//10845 4961//10845 
f 4997//10846 4961//10846 4963//10846 
f 4998//10847 4997//10847 4963//10847 
f 4998//10848 4963//10848 4964//10848 
f 4999//10849 4998//10849 4964//10849 
f 4999//10850 4964//10850 4965//10850 
f 5029//10851 4999//10851 4965//10851 
f 5029//10852 4965//10852 5140//10852 
f 5030//10853 5029//10853 5140//10853 
f 5030//10854 5140//10854 5085//10854 
f 5031//10855 5030//10855 5085//10855 
f 5031//10856 5085//10856 5084//10856 
f 5037//10857 5084//10857 5083//10857 
f 5037//10858 5031//10858 5084//10858 
f 5043//10859 5083//10859 5082//10859 
f 5043//10860 5037//10860 5083//10860 
f 5003//10861 4976//10861 4978//10861 
f 5003//10862 5002//10862 4976//10862 
f 5001//10863 4973//10863 4976//10863 
f 5001//10864 4976//10864 5002//10864 
f 5007//10865 5003//10865 4978//10865 
f 5004//10866 4971//10866 4973//10866 
f 5004//10867 4968//10867 4971//10867 
f 5004//10868 4967//10868 4968//10868 
f 5004//10869 4973//10869 5001//10869 
f 5008//10870 5007//10870 4978//10870 
f 5008//10871 4978//10871 4982//10871 
f 5005//10872 4966//10872 4967//10872 
f 5005//10873 4969//10873 4966//10873 
f 5005//10874 4970//10874 4969//10874 
f 5005//10875 4967//10875 5004//10875 
f 5006//10876 5008//10876 4982//10876 
f 5011//10877 4972//10877 4970//10877 
f 5011//10878 4974//10878 4972//10878 
f 5011//10879 4975//10879 4974//10879 
f 5011//10880 4977//10880 4975//10880 
f 5011//10881 4970//10881 5005//10881 
f 5010//10882 4980//10882 4977//10882 
f 5010//10883 4981//10883 4980//10883 
f 5010//10884 4984//10884 4981//10884 
f 5010//10885 4977//10885 5011//10885 
f 5016//10886 5043//10886 5082//10886 
f 5048//10887 4982//10887 4985//10887 
f 5048//10888 5006//10888 4982//10888 
f 5013//10889 4987//10889 4984//10889 
f 5013//10890 4988//10890 4987//10890 
f 5013//10891 4991//10891 4988//10891 
f 5013//10892 4994//10892 4991//10892 
f 5013//10893 4984//10893 5010//10893 
f 5017//10894 5016//10894 5082//10894 
f 5017//10895 5082//10895 5081//10895 
f 5060//10896 5048//10896 4985//10896 
f 5060//10897 4985//10897 4989//10897 
f 5019//10898 4995//10898 4994//10898 
f 5019//10899 5000//10899 4995//10899 
f 5019//10900 5009//10900 5000//10900 
f 5019//10901 4994//10901 5013//10901 
f 5015//10902 5017//10902 5081//10902 
f 5018//10903 5009//10903 5019//10903 
f 5018//10904 5012//10904 5009//10904 
f 5018//10905 5014//10905 5012//10905 
f 5020//10906 5014//10906 5018//10906 
f 5063//10907 4989//10907 4992//10907 
f 5063//10908 5060//10908 4989//10908 
f 5021//10909 5015//10909 5081//10909 
f 5027//10910 5020//10910 5018//10910 
f 5022//10911 5020//10911 5027//10911 
f 5024//10912 5021//10912 5081//10912 
f 5024//10913 5081//10913 5080//10913 
f 5026//10914 5022//10914 5027//10914 
f 5066//10915 4992//10915 4996//10915 
f 5066//10916 5063//10916 4992//10916 
f 5023//10917 5079//10917 5078//10917 
f 5023//10918 5080//10918 5079//10918 
f 5023//10919 5024//10919 5080//10919 
f 5032//10920 5078//10920 5077//10920 
f 5032//10921 5023//10921 5078//10921 
f 5033//10922 5026//10922 5025//10922 
f 5033//10923 5022//10923 5026//10923 
f 5076//10924 5035//10924 5032//10924 
f 5076//10925 5032//10925 5077//10925 
f 5041//10926 5025//10926 5034//10926 
f 5041//10927 5033//10927 5025//10927 
f 5075//10928 5035//10928 5076//10928 
f 5087//10929 5066//10929 4996//10929 
f 5087//10930 4996//10930 5028//10930 
f 5074//10931 5035//10931 5075//10931 
f 5049//10932 5040//10932 5039//10932 
f 5049//10933 5034//10933 5040//10933 
f 5049//10934 5041//10934 5034//10934 
f 5073//10935 5038//10935 5035//10935 
f 5073//10936 5035//10936 5074//10936 
f 5091//10937 5087//10937 5028//10937 
f 5072//10938 5038//10938 5073//10938 
f 5061//10939 5049//10939 5039//10939 
f 5061//10940 5039//10940 5047//10940 
f 5093//10941 5091//10941 5028//10941 
f 5093//10942 5028//10942 5036//10942 
f 5071//10943 5038//10943 5072//10943 
f 5071//10944 5045//10944 5038//10944 
f 5101//10945 5045//10945 5071//10945 
f 5064//10946 5061//10946 5047//10946 
f 5064//10947 5047//10947 5059//10947 
f 5103//10948 5036//10948 5042//10948 
f 5103//10949 5093//10949 5036//10949 
f 5100//10950 5045//10950 5101//10950 
f 5067//10951 5064//10951 5059//10951 
f 5067//10952 5059//10952 5062//10952 
f 5099//10953 5045//10953 5100//10953 
f 5099//10954 5044//10954 5045//10954 
f 5098//10955 5044//10955 5099//10955 
f 5107//10956 5103//10956 5042//10956 
f 5107//10957 5046//10957 5052//10957 
f 5107//10958 5042//10958 5046//10958 
f 5069//10959 5062//10959 5065//10959 
f 5069//10960 5067//10960 5062//10960 
f 5097//10961 5044//10961 5098//10961 
f 5096//10962 5044//10962 5097//10962 
f 5096//10963 5051//10963 5044//10963 
f 5109//10964 5054//10964 5053//10964 
f 5109//10965 5052//10965 5054//10965 
f 5109//10966 5107//10966 5052//10966 
f 5095//10967 5051//10967 5096//10967 
f 5088//10968 5065//10968 5068//10968 
f 5088//10969 5069//10969 5065//10969 
f 5124//10970 5051//10970 5095//10970 
f 5111//10971 5109//10971 5053//10971 
f 5111//10972 5055//10972 5058//10972 
f 5111//10973 5053//10973 5055//10973 
f 5123//10974 5050//10974 5051//10974 
f 5123//10975 5051//10975 5124//10975 
f 5114//10976 5111//10976 5058//10976 
f 5122//10977 5050//10977 5123//10977 
f 5115//10978 5058//10978 5057//10978 
f 5115//10979 5114//10979 5058//10979 
f 5121//10980 5050//10980 5122//10980 
f 5121//10981 5056//10981 5050//10981 
f 5116//10982 5115//10982 5057//10982 
f 5126//10983 5056//10983 5121//10983 
f 5117//10984 5116//10984 5057//10984 
f 5119//10985 5056//10985 5126//10985 
f 5118//10986 5057//10986 5056//10986 
f 5118//10987 5117//10987 5057//10987 
f 5118//10988 5056//10988 5119//10988 
f 5758//10989 5068//10989 5086//10989 
f 5758//10990 5088//10990 5068//10990 
f 5757//10991 5758//10991 5086//10991 
f 5757//10992 5089//10992 5090//10992 
f 5757//10993 5086//10993 5089//10993 
f 5756//10994 5757//10994 5090//10994 
f 5756//10995 5090//10995 5092//10995 
f 5130//10996 5756//10996 5092//10996 
f 5130//10997 5092//10997 5102//10997 
f 5131//10998 5130//10998 5102//10998 
f 5132//10999 5131//10999 5102//10999 
f 5132//11000 5102//11000 5104//11000 
f 5133//11001 5132//11001 5104//11001 
f 5133//11002 5105//11002 5106//11002 
f 5133//11003 5104//11003 5105//11003 
f 5134//11004 5133//11004 5106//11004 
f 5135//11005 5134//11005 5106//11005 
f 5135//11006 5106//11006 5108//11006 
f 5136//11007 5135//11007 5108//11007 
f 5136//11008 5108//11008 5110//11008 
f 5137//11009 5136//11009 5110//11009 
f 5137//11010 5110//11010 5112//11010 
f 5128//11011 5137//11011 5112//11011 
f 5128//11012 5112//11012 5113//11012 
f 4886//11013 4884//11013 4885//11013 
f 4888//11014 4887//11014 4884//11014 
f 5783//11015 4890//11015 4888//11015 
f 5783//11016 4891//11016 4890//11016 
f 5783//11017 4884//11017 4886//11017 
f 5783//11018 4888//11018 4884//11018 
f 5776//11019 4892//11019 4893//11019 
f 5776//11020 4889//11020 4892//11020 
f 5776//11021 4886//11021 4889//11021 
f 5776//11022 5784//11022 5783//11022 
f 5776//11023 5783//11023 4886//11023 
f 4894//11024 5776//11024 4893//11024 
f 4895//11025 5776//11025 4894//11025 
f 4896//11026 5776//11026 4895//11026 
f 4897//11027 5776//11027 4896//11027 
f 5778//11028 4897//11028 4896//11028 
f 5778//11029 4906//11029 4897//11029 
f 5778//11030 4907//11030 4906//11030 
f 5778//11031 4908//11031 4907//11031 
f 5778//11032 4911//11032 4908//11032 
f 5778//11033 4912//11033 4911//11033 
f 4914//11034 4912//11034 5778//11034 
f 4962//11035 5779//11035 4869//11035 
f 4915//11036 4914//11036 5778//11036 
f 4917//11037 4915//11037 5778//11037 
f 4919//11038 4917//11038 5778//11038 
f 4920//11039 4919//11039 5778//11039 
f 4922//11040 4920//11040 5778//11040 
f 4923//11041 4922//11041 5778//11041 
f 5780//11042 4952//11042 4950//11042 
f 5780//11043 4954//11043 4952//11043 
f 5780//11044 5779//11044 4962//11044 
f 5780//11045 4956//11045 4954//11045 
f 5780//11046 4960//11046 4956//11046 
f 5780//11047 4962//11047 4960//11047 
f 4948//11048 5780//11048 4950//11048 
f 5777//11049 4923//11049 5778//11049 
f 4944//11050 4946//11050 4945//11050 
f 4943//11051 4947//11051 4946//11051 
f 4943//11052 4946//11052 4944//11052 
f 4942//11053 4948//11053 4947//11053 
f 4942//11054 5780//11054 4948//11054 
f 4942//11055 4947//11055 4943//11055 
f 4925//11056 5780//11056 4942//11056 
f 4941//11057 4926//11057 4925//11057 
f 4941//11058 4925//11058 4942//11058 
f 4927//11059 4926//11059 4941//11059 
f 4928//11060 4927//11060 4941//11060 
f 4929//11061 4928//11061 4941//11061 
f 4936//11062 4938//11062 4937//11062 
f 4935//11063 4938//11063 4936//11063 
f 4930//11064 4941//11064 4940//11064 
f 4930//11065 4929//11065 4941//11065 
f 4934//11066 4938//11066 4935//11066 
f 4931//11067 4940//11067 4938//11067 
f 4931//11068 4930//11068 4940//11068 
f 4933//11069 4938//11069 4934//11069 
f 4932//11070 4931//11070 4938//11070 
f 4932//11071 4938//11071 4933//11071 
f 4958//11072 4923//11072 5777//11072 
f 4896//11073 5780//11073 5778//11073 
f 5779//11074 4882//11074 4869//11074 
f 4925//11075 5778//11075 5780//11075 
f 5777//11076 4924//11076 4958//11076 
f 4860//11077 5782//11077 4848//11077 
f 4863//11078 4849//11078 5782//11078 
f 4864//11079 4863//11079 5782//11079 
f 4864//11080 5782//11080 4860//11080 
f 5781//11081 4860//11081 4859//11081 
f 5781//11082 4864//11082 4860//11082 
f 4861//11083 5781//11083 4859//11083 
f 4862//11084 4864//11084 5781//11084 
f 4881//11085 4868//11085 4867//11085 
f 4881//11086 4867//11086 4866//11086 
f 4880//11087 4868//11087 4881//11087 
f 4879//11088 4868//11088 4880//11088 
f 4872//11089 4874//11089 4873//11089 
f 4871//11090 4875//11090 4874//11090 
f 4871//11091 4874//11091 4872//11091 
f 4870//11092 4876//11092 4875//11092 
f 4870//11093 4875//11093 4871//11093 
f 4883//11094 4877//11094 4876//11094 
f 4883//11095 4878//11095 4877//11095 
f 4883//11096 4879//11096 4878//11096 
f 4883//11097 4862//11097 4865//11097 
f 4883//11098 4868//11098 4879//11098 
f 4883//11099 4876//11099 4870//11099 
f 4921//11100 4883//11100 4870//11100 
f 4905//11101 4921//11101 4870//11101 
f 4918//11102 4921//11102 4905//11102 
f 4916//11103 4918//11103 4905//11103 
f 4913//11104 4916//11104 4905//11104 
f 4909//11105 4913//11105 4905//11105 
f 4910//11106 4901//11106 4900//11106 
f 4910//11107 4902//11107 4901//11107 
f 4910//11108 4903//11108 4902//11108 
f 4910//11109 4904//11109 4903//11109 
f 4910//11110 4905//11110 4904//11110 
f 4910//11111 4909//11111 4905//11111 
f 4899//11112 4910//11112 4900//11112 
f 4898//11113 4910//11113 4899//11113 
f 4921//11114 4862//11114 4883//11114 
f 5782//11115 4842//11115 4848//11115 
f 5781//11116 4865//11116 4862//11116 
f 4789//11117 4783//11117 4786//11117 
f 4795//11118 4791//11118 4789//11118 
f 4799//11119 4798//11119 4795//11119 
f 4799//11120 4789//11120 4786//11120 
f 4799//11121 4795//11121 4789//11121 
f 4804//11122 4803//11122 4799//11122 
f 4804//11123 4796//11123 4800//11123 
f 4804//11124 4792//11124 4796//11124 
f 4804//11125 4786//11125 4792//11125 
f 4804//11126 4799//11126 4786//11126 
f 4805//11127 4804//11127 4800//11127 
f 4807//11128 4804//11128 4805//11128 
f 4809//11129 4804//11129 4807//11129 
f 5788//11130 4810//11130 4809//11130 
f 5788//11131 4811//11131 4810//11131 
f 5788//11132 4812//11132 4811//11132 
f 5788//11133 4809//11133 4807//11133 
f 4813//11134 4812//11134 5788//11134 
f 4814//11135 4813//11135 5788//11135 
f 4815//11136 4814//11136 5788//11136 
f 4826//11137 4815//11137 5788//11137 
f 4827//11138 4826//11138 5788//11138 
f 4828//11139 4827//11139 5788//11139 
f 5787//11140 4828//11140 5788//11140 
f 4829//11141 5788//11141 4807//11141 
f 5786//11142 4839//11142 4840//11142 
f 5786//11143 4836//11143 4839//11143 
f 5786//11144 4837//11144 4836//11144 
f 5786//11145 5785//11145 4837//11145 
f 4841//11146 5786//11146 4840//11146 
f 4845//11147 5786//11147 4841//11147 
f 4844//11148 5786//11148 4845//11148 
f 4843//11149 5786//11149 4844//11149 
f 4846//11150 5786//11150 4843//11150 
f 4857//11151 4847//11151 4858//11151 
f 4850//11152 4846//11152 4847//11152 
f 4850//11153 4847//11153 4857//11153 
f 4850//11154 5786//11154 4846//11154 
f 4855//11155 4857//11155 4856//11155 
f 4851//11156 4850//11156 4857//11156 
f 4854//11157 4857//11157 4855//11157 
f 4853//11158 4852//11158 4851//11158 
f 4853//11159 4851//11159 4857//11159 
f 4853//11160 4857//11160 4854//11160 
f 4838//11161 5788//11161 4829//11161 
f 5787//11162 4837//11162 5785//11162 
f 4850//11163 4830//11163 5786//11163 
f 4819//11164 5786//11164 4830//11164 
f 5785//11165 4828//11165 5787//11165 
f 4739//11166 4733//11166 4736//11166 
f 4749//11167 4736//11167 4741//11167 
f 4749//11168 4743//11168 4739//11168 
f 4749//11169 4746//11169 4743//11169 
f 4749//11170 4739//11170 4736//11170 
f 4754//11171 4753//11171 4749//11171 
f 4754//11172 4747//11172 4750//11172 
f 4754//11173 4744//11173 4747//11173 
f 4754//11174 4741//11174 4744//11174 
f 4754//11175 4749//11175 4741//11175 
f 4755//11176 4754//11176 4750//11176 
f 5828//11177 4754//11177 4755//11177 
f 4760//11178 5829//11178 5828//11178 
f 4760//11179 5828//11179 4755//11179 
f 4806//11180 5829//11180 4760//11180 
f 4802//11181 5829//11181 4806//11181 
f 4801//11182 5829//11182 4802//11182 
f 4797//11183 5829//11183 4801//11183 
f 4794//11184 5829//11184 4797//11184 
f 4761//11185 4754//11185 5828//11185 
f 4785//11186 4788//11186 4787//11186 
f 4784//11187 4793//11187 4788//11187 
f 4784//11188 4788//11188 4785//11188 
f 4790//11189 4794//11189 4793//11189 
f 4790//11190 4793//11190 4784//11190 
f 5830//11191 4772//11191 4771//11191 
f 5830//11192 4773//11192 4772//11192 
f 5830//11193 4774//11193 4773//11193 
f 5830//11194 4776//11194 4774//11194 
f 5830//11195 4778//11195 4776//11195 
f 5830//11196 4779//11196 4778//11196 
f 5830//11197 4781//11197 4779//11197 
f 5831//11198 4781//11198 5830//11198 
f 4831//11199 4781//11199 5831//11199 
f 4808//11200 5831//11200 4790//11200 
f 4808//11201 4831//11201 5831//11201 
f 4832//11202 4831//11202 4808//11202 
f 4824//11203 4808//11203 4825//11203 
f 4833//11204 4832//11204 4808//11204 
f 4834//11205 4833//11205 4808//11205 
f 4822//11206 4824//11206 4823//11206 
f 4817//11207 4834//11207 4808//11207 
f 4821//11208 4824//11208 4822//11208 
f 4818//11209 4808//11209 4824//11209 
f 4818//11210 4817//11210 4808//11210 
f 4835//11211 4816//11211 4818//11211 
f 4835//11212 4821//11212 4820//11212 
f 4835//11213 4824//11213 4821//11213 
f 4835//11214 4818//11214 4824//11214 
f 5831//11215 5829//11215 4794//11215 
f 5831//11216 4794//11216 4790//11216 
f 5828//11217 5830//11217 4771//11217 
f 5828//11218 4771//11218 4769//11218 
f 5828//11219 4769//11219 4761//11219 
f 4689//11220 4683//11220 4687//11220 
f 4699//11221 4687//11221 4691//11221 
f 4699//11222 4693//11222 4689//11222 
f 4699//11223 4696//11223 4693//11223 
f 4699//11224 4689//11224 4687//11224 
f 4704//11225 4703//11225 4699//11225 
f 4704//11226 4697//11226 4700//11226 
f 4704//11227 4694//11227 4697//11227 
f 4704//11228 4691//11228 4694//11228 
f 4704//11229 4699//11229 4691//11229 
f 4705//11230 4704//11230 4700//11230 
f 5832//11231 4704//11231 4705//11231 
f 4710//11232 5833//11232 5832//11232 
f 4710//11233 5832//11233 4705//11233 
f 4756//11234 5833//11234 4710//11234 
f 4752//11235 5833//11235 4756//11235 
f 4751//11236 5833//11236 4752//11236 
f 4748//11237 5833//11237 4751//11237 
f 4745//11238 5833//11238 4748//11238 
f 4711//11239 4704//11239 5832//11239 
f 4735//11240 4738//11240 4737//11240 
f 4734//11241 4738//11241 4735//11241 
f 4734//11242 4742//11242 4738//11242 
f 4740//11243 4742//11243 4734//11243 
f 4740//11244 4745//11244 4742//11244 
f 5834//11245 4722//11245 4721//11245 
f 5834//11246 4723//11246 4722//11246 
f 5834//11247 4724//11247 4723//11247 
f 5834//11248 4726//11248 4724//11248 
f 5834//11249 4728//11249 4726//11249 
f 5834//11250 4729//11250 4728//11250 
f 5834//11251 4731//11251 4729//11251 
f 5835//11252 4731//11252 5834//11252 
f 4782//11253 4731//11253 5835//11253 
f 4768//11254 5835//11254 4740//11254 
f 4768//11255 4782//11255 5835//11255 
f 4780//11256 4782//11256 4768//11256 
f 4766//11257 4768//11257 4767//11257 
f 4777//11258 4780//11258 4768//11258 
f 4775//11259 4777//11259 4768//11259 
f 4764//11260 4766//11260 4765//11260 
f 4758//11261 4775//11261 4768//11261 
f 4763//11262 4766//11262 4764//11262 
f 4759//11263 4768//11263 4766//11263 
f 4759//11264 4758//11264 4768//11264 
f 4770//11265 4757//11265 4759//11265 
f 4770//11266 4763//11266 4762//11266 
f 4770//11267 4766//11267 4763//11267 
f 4770//11268 4759//11268 4766//11268 
f 5832//11269 5834//11269 4721//11269 
f 5832//11270 4721//11270 4719//11270 
f 5832//11271 4719//11271 4711//11271 
f 5835//11272 5833//11272 4745//11272 
f 5835//11273 4745//11273 4740//11273 
f 4659//11274 4657//11274 4658//11274 
f 4668//11275 4658//11275 4660//11275 
f 4668//11276 4661//11276 4659//11276 
f 4668//11277 4667//11277 4661//11277 
f 4668//11278 4659//11278 4658//11278 
f 4670//11279 4669//11279 4668//11279 
f 4670//11280 4663//11280 4664//11280 
f 4670//11281 4662//11281 4663//11281 
f 4670//11282 4660//11282 4662//11282 
f 4670//11283 4668//11283 4660//11283 
f 4665//11284 4670//11284 4664//11284 
f 5836//11285 4670//11285 4665//11285 
f 4672//11286 5837//11286 5836//11286 
f 4672//11287 5836//11287 4665//11287 
f 4706//11288 5837//11288 4672//11288 
f 4702//11289 5837//11289 4706//11289 
f 4701//11290 5837//11290 4702//11290 
f 4698//11291 5837//11291 4701//11291 
f 4695//11292 5837//11292 4698//11292 
f 4673//11293 4670//11293 5836//11293 
f 4685//11294 4688//11294 4686//11294 
f 4684//11295 4688//11295 4685//11295 
f 4684//11296 4692//11296 4688//11296 
f 4690//11297 4692//11297 4684//11297 
f 4690//11298 4695//11298 4692//11298 
f 5838//11299 4676//11299 4675//11299 
f 5838//11300 4677//11300 4676//11300 
f 5838//11301 4678//11301 4677//11301 
f 5838//11302 4679//11302 4678//11302 
f 5838//11303 4680//11303 4679//11303 
f 5838//11304 4681//11304 4680//11304 
f 5838//11305 4682//11305 4681//11305 
f 5839//11306 4682//11306 5838//11306 
f 4732//11307 4682//11307 5839//11307 
f 4718//11308 5839//11308 4690//11308 
f 4718//11309 4732//11309 5839//11309 
f 4730//11310 4732//11310 4718//11310 
f 4716//11311 4718//11311 4717//11311 
f 4727//11312 4730//11312 4718//11312 
f 4725//11313 4727//11313 4718//11313 
f 4714//11314 4716//11314 4715//11314 
f 4708//11315 4725//11315 4718//11315 
f 4713//11316 4716//11316 4714//11316 
f 4709//11317 4718//11317 4716//11317 
f 4709//11318 4708//11318 4718//11318 
f 4720//11319 4707//11319 4709//11319 
f 4720//11320 4713//11320 4712//11320 
f 4720//11321 4716//11321 4713//11321 
f 4720//11322 4709//11322 4716//11322 
f 5839//11323 5837//11323 4695//11323 
f 5839//11324 4695//11324 4690//11324 
f 5836//11325 5838//11325 4675//11325 
f 5836//11326 4675//11326 4674//11326 
f 5836//11327 4674//11327 4673//11327 
f 4666//11328 4656//11328 4655//11328 
f 4671//11329 4656//11329 4666//11329 
f 5792//11330 5790//11330 5789//11330 
f 5794//11331 5792//11331 5789//11331 
f 5795//11332 5791//11332 5793//11332 
f 5797//11333 5796//11333 5794//11333 
f 5797//11334 5794//11334 5789//11334 
f 5801//11335 5799//11335 5797//11335 
f 5804//11336 5802//11336 5801//11336 
f 5810//11337 5789//11337 5791//11337 
f 5810//11338 5806//11338 5804//11338 
f 5810//11339 5807//11339 5806//11339 
f 5810//11340 5797//11340 5789//11340 
f 5810//11341 5801//11341 5797//11341 
f 5810//11342 5804//11342 5801//11342 
f 5815//11343 5811//11343 5810//11343 
f 5815//11344 5813//11344 5811//11344 
f 5815//11345 5814//11345 5813//11345 
f 5815//11346 5795//11346 5798//11346 
f 5815//11347 5791//11347 5795//11347 
f 5815//11348 5810//11348 5791//11348 
f 5816//11349 5798//11349 5800//11349 
f 5816//11350 5815//11350 5798//11350 
f 5817//11351 5800//11351 5803//11351 
f 5817//11352 5816//11352 5800//11352 
f 5818//11353 5803//11353 5805//11353 
f 5818//11354 5817//11354 5803//11354 
f 5819//11355 5805//11355 5808//11355 
f 5819//11356 5818//11356 5805//11356 
f 5820//11357 5808//11357 5809//11357 
f 5820//11358 5819//11358 5808//11358 
f 5821//11359 5809//11359 5812//11359 
f 5821//11360 5820//11360 5809//11360 
f 5822//11361 5821//11361 5812//11361 
f 5824//11362 5812//11362 5823//11362 
f 5824//11363 5822//11363 5812//11363 
f 5827//11364 5826//11364 5825//11364 
f 5830//11365 5828//11365 5829//11365 
f 5831//11366 5830//11366 5829//11366 
f 5834//11367 5832//11367 5833//11367 
f 5835//11368 5834//11368 5833//11368 
f 5838//11369 5836//11369 5837//11369 
f 5839//11370 5838//11370 5837//11370 
f 5840//11371 5841//11371 5623//11371 
f 5623//11372 5841//11372 5842//11372 
f 5841//11373 5843//11373 5842//11373 
f 5842//11374 5843//11374 5844//11374 
f 5844//11375 5843//11375 5845//11375 
f 5845//11376 5846//11376 5847//11376 
f 5847//11377 5846//11377 5848//11377 
f 5843//11378 5846//11378 5845//11378 
f 5848//11379 5849//11379 5850//11379 
f 5846//11380 5849//11380 5848//11380 
f 5850//11381 5851//11381 5852//11381 
f 5849//11382 5851//11382 5850//11382 
f 5852//11383 5853//11383 5854//11383 
f 5851//11384 5853//11384 5852//11384 
f 5854//11385 5855//11385 5856//11385 
f 5853//11386 5855//11386 5854//11386 
f 5856//11387 5857//11387 5858//11387 
f 5858//11388 5857//11388 5859//11388 
f 5855//11389 5857//11389 5856//11389 
f 5859//11390 5860//11390 5861//11390 
f 5857//11391 5860//11391 5859//11391 
f 5861//11392 5862//11392 5863//11392 
f 5860//11393 5862//11393 5861//11393 
f 5863//11394 5864//11394 5865//11394 
f 5862//11395 5864//11395 5863//11395 
f 5865//11396 5866//11396 5867//11396 
f 5864//11397 5866//11397 5865//11397 
f 5867//11398 5868//11398 5869//11398 
f 5869//11399 5868//11399 5870//11399 
f 5866//11400 5868//11400 5867//11400 
f 5870//11401 5871//11401 5872//11401 
f 5868//11402 5871//11402 5870//11402 
f 5872//11403 5873//11403 5874//11403 
f 5871//11404 5873//11404 5872//11404 
f 5874//11405 5875//11405 5876//11405 
f 5873//11406 5875//11406 5874//11406 
f 5876//11407 5877//11407 5878//11407 
f 5875//11408 5877//11408 5876//11408 
f 5878//11409 5879//11409 5880//11409 
f 5880//11410 5879//11410 5881//11410 
f 5877//11411 5879//11411 5878//11411 
f 5881//11412 5882//11412 5883//11412 
f 5879//11413 5882//11413 5881//11413 
f 5883//11414 5884//11414 5885//11414 
f 5882//11415 5884//11415 5883//11415 
f 5885//11416 5886//11416 5887//11416 
f 5884//11417 5886//11417 5885//11417 
f 5887//11418 5888//11418 5889//11418 
f 5886//11419 5888//11419 5887//11419 
f 5888//11420 5890//11420 5889//11420 
f 5889//11421 5890//11421 5891//11421 
f 5891//11422 5890//11422 5892//11422 
f 5890//11423 5893//11423 5892//11423 
f 5892//11424 5893//11424 5894//11424 
f 5894//11425 5893//11425 5895//11425 
f 5893//11426 5896//11426 5895//11426 
f 5895//11427 5896//11427 5897//11427 
f 5896//11428 5898//11428 5897//11428 
f 5897//11429 5898//11429 5899//11429 
f 5898//11430 5900//11430 5899//11430 
f 5899//11431 5900//11431 5901//11431 
f 5900//11432 5902//11432 5901//11432 
f 5901//11433 5902//11433 5903//11433 
f 5902//11434 5904//11434 5903//11434 
f 5903//11435 5904//11435 5905//11435 
f 5905//11436 5904//11436 5906//11436 
f 5904//11437 5907//11437 5906//11437 
f 5906//11438 5907//11438 5908//11438 
f 5907//11439 5909//11439 5908//11439 
f 5908//11440 5909//11440 5910//11440 
f 5910//11441 5911//11441 5912//11441 
f 5909//11442 5911//11442 5910//11442 
f 5912//11443 5913//11443 5914//11443 
f 5911//11444 5913//11444 5912//11444 
f 5914//11445 5915//11445 5916//11445 
f 5916//11446 5915//11446 5917//11446 
f 5913//11447 5915//11447 5914//11447 
f 5917//11448 5918//11448 5919//11448 
f 5915//11449 5918//11449 5917//11449 
f 5919//11450 5920//11450 5921//11450 
f 5918//11451 5920//11451 5919//11451 
f 5921//11452 5922//11452 5923//11452 
f 5920//11453 5922//11453 5921//11453 
f 5923//11454 5924//11454 5925//11454 
f 5922//11455 5924//11455 5923//11455 
f 5925//11456 5926//11456 5927//11456 
f 5927//11457 5926//11457 5928//11457 
f 5924//11458 5926//11458 5925//11458 
f 5928//11459 5929//11459 5930//11459 
f 5926//11460 5929//11460 5928//11460 
f 5930//11461 5931//11461 5932//11461 
f 5929//11462 5931//11462 5930//11462 
f 5932//11463 5933//11463 5684//11463 
f 5931//11464 5933//11464 5932//11464 
f 5934//11465 5935//11465 5936//11465 
f 5934//11466 5937//11466 5935//11466 
f 5936//11467 5938//11467 5934//11467 
f 5939//11468 5940//11468 5934//11468 
f 5934//11469 5940//11469 5937//11469 
f 5938//11470 5941//11470 5934//11470 
f 5939//11471 5942//11471 5940//11471 
f 5941//11472 5943//11472 5934//11472 
f 5939//11473 5944//11473 5942//11473 
f 5943//11474 5945//11474 5934//11474 
f 5945//11475 5946//11475 5934//11475 
f 5939//11476 5947//11476 5944//11476 
f 5939//11477 5948//11477 5947//11477 
f 5946//11478 5949//11478 5934//11478 
f 5939//11479 5950//11479 5948//11479 
f 5949//11480 5951//11480 5934//11480 
f 5951//11481 5952//11481 5934//11481 
f 5939//11482 5953//11482 5950//11482 
f 5939//11483 5954//11483 5953//11483 
f 5952//11484 5955//11484 5934//11484 
f 5939//11485 5840//11485 5954//11485 
f 5956//11486 5840//11486 5939//11486 
f 5955//11487 5957//11487 5934//11487 
f 5956//11488 5841//11488 5840//11488 
f 5958//11489 5959//11489 5960//11489 
f 5934//11490 5959//11490 5958//11490 
f 5957//11491 5959//11491 5934//11491 
f 5959//11492 5961//11492 5960//11492 
f 5960//11493 5961//11493 5962//11493 
f 5956//11494 5843//11494 5841//11494 
f 5956//11495 5846//11495 5843//11495 
f 5961//11496 5963//11496 5962//11496 
f 5962//11497 5963//11497 5964//11497 
f 5956//11498 5849//11498 5846//11498 
f 5963//11499 5965//11499 5964//11499 
f 5966//11500 5965//11500 5967//11500 
f 5964//11501 5965//11501 5966//11501 
f 5965//11502 5968//11502 5967//11502 
f 5967//11503 5968//11503 5969//11503 
f 5956//11504 5851//11504 5849//11504 
f 5956//11505 5853//11505 5851//11505 
f 5968//11506 5970//11506 5969//11506 
f 5971//11507 5970//11507 5972//11507 
f 5969//11508 5970//11508 5971//11508 
f 5970//11509 5973//11509 5972//11509 
f 5972//11510 5973//11510 5974//11510 
f 5956//11511 5855//11511 5853//11511 
f 5956//11512 5857//11512 5855//11512 
f 5973//11513 5975//11513 5974//11513 
f 5974//11514 5975//11514 5976//11514 
f 5975//11515 5977//11515 5976//11515 
f 5976//11516 5977//11516 5978//11516 
f 5977//11517 5979//11517 5978//11517 
f 5977//11518 5980//11518 5979//11518 
f 5980//11519 5981//11519 5979//11519 
f 5980//11520 5982//11520 5981//11520 
f 5982//11521 5983//11521 5981//11521 
f 5982//11522 5984//11522 5983//11522 
f 5984//11523 5985//11523 5983//11523 
f 5986//11524 5987//11524 5984//11524 
f 5984//11525 5987//11525 5985//11525 
f 5988//11526 5989//11526 5986//11526 
f 5986//11527 5989//11527 5987//11527 
f 5988//11528 5990//11528 5989//11528 
f 5991//11529 5992//11529 5988//11529 
f 5988//11530 5992//11530 5990//11530 
f 5993//11531 5994//11531 5991//11531 
f 5991//11532 5994//11532 5992//11532 
f 5993//11533 5995//11533 5994//11533 
f 5996//11534 5995//11534 5993//11534 
f 5996//11535 5997//11535 5995//11535 
f 5996//11536 5998//11536 5997//11536 
f 5999//11537 5998//11537 5996//11537 
f 5999//11538 6000//11538 5998//11538 
f 6001//11539 6000//11539 5999//11539 
f 6002//11540 6003//11540 6001//11540 
f 6001//11541 6003//11541 6000//11541 
f 6002//11542 6004//11542 6003//11542 
f 5933//11543 6005//11543 6002//11543 
f 6002//11544 6005//11544 6004//11544 
f 5956//11545 6006//11545 5857//11545 
f 5886//11546 6006//11546 5888//11546 
f 5884//11547 6006//11547 5886//11547 
f 5882//11548 6006//11548 5884//11548 
f 5879//11549 6006//11549 5882//11549 
f 5877//11550 6006//11550 5879//11550 
f 5875//11551 6006//11551 5877//11551 
f 5873//11552 6006//11552 5875//11552 
f 5871//11553 6006//11553 5873//11553 
f 5868//11554 6006//11554 5871//11554 
f 5866//11555 6006//11555 5868//11555 
f 5864//11556 6006//11556 5866//11556 
f 5862//11557 6006//11557 5864//11557 
f 5860//11558 6006//11558 5862//11558 
f 5857//11559 6006//11559 5860//11559 
f 5931//11560 6007//11560 5933//11560 
f 5933//11561 6007//11561 6005//11561 
f 6006//11562 6008//11562 5888//11562 
f 5931//11563 6009//11563 6007//11563 
f 6008//11564 6010//11564 5888//11564 
f 5888//11565 6010//11565 5890//11565 
f 5929//11566 6011//11566 5931//11566 
f 5931//11567 6011//11567 6009//11567 
f 5890//11568 6012//11568 5893//11568 
f 6010//11569 6012//11569 5890//11569 
f 5926//11570 6013//11570 5929//11570 
f 5929//11571 6013//11571 6011//11571 
f 6012//11572 6014//11572 5893//11572 
f 5893//11573 6014//11573 5896//11573 
f 5924//11574 6015//11574 5926//11574 
f 5926//11575 6015//11575 6013//11575 
f 6014//11576 6016//11576 5896//11576 
f 5924//11577 6017//11577 6015//11577 
f 5896//11578 6018//11578 5898//11578 
f 6016//11579 6018//11579 5896//11579 
f 5922//11580 6019//11580 5924//11580 
f 5924//11581 6019//11581 6017//11581 
f 5898//11582 6020//11582 5900//11582 
f 6018//11583 6020//11583 5898//11583 
f 5920//11584 6021//11584 5922//11584 
f 5922//11585 6021//11585 6019//11585 
f 6020//11586 6022//11586 5900//11586 
f 5920//11587 6023//11587 6021//11587 
f 5918//11588 6023//11588 5920//11588 
f 6022//11589 6024//11589 5900//11589 
f 5900//11590 6024//11590 5902//11590 
f 5918//11591 6025//11591 6023//11591 
f 6024//11592 6026//11592 5902//11592 
f 5902//11593 6026//11593 5904//11593 
f 5918//11594 6027//11594 6025//11594 
f 5915//11595 6027//11595 5918//11595 
f 6026//11596 6028//11596 5904//11596 
f 5904//11597 6028//11597 5907//11597 
f 5915//11598 6029//11598 6027//11598 
f 5913//11599 6029//11599 5915//11599 
f 6028//11600 6030//11600 5907//11600 
f 5913//11601 6031//11601 6029//11601 
f 6030//11602 6032//11602 5907//11602 
f 5907//11603 6032//11603 5909//11603 
f 5913//11604 6033//11604 6031//11604 
f 5911//11605 6033//11605 5913//11605 
f 6032//11606 6034//11606 5909//11606 
f 5911//11607 6034//11607 6033//11607 
f 5909//11608 6034//11608 5911//11608 
f 5933//11609 6002//11609 5684//11609 
f 5684//11610 6002//11610 6035//11610 
f 6002//11611 6001//11611 6035//11611 
f 6035//11612 6001//11612 6036//11612 
f 6036//11613 6001//11613 6037//11613 
f 6037//11614 5999//11614 6038//11614 
f 6038//11615 5999//11615 6039//11615 
f 6001//11616 5999//11616 6037//11616 
f 6039//11617 5996//11617 6040//11617 
f 5999//11618 5996//11618 6039//11618 
f 6040//11619 5993//11619 6041//11619 
f 5996//11620 5993//11620 6040//11620 
f 6041//11621 5991//11621 6042//11621 
f 5993//11622 5991//11622 6041//11622 
f 6042//11623 5988//11623 6043//11623 
f 5991//11624 5988//11624 6042//11624 
f 6043//11625 5986//11625 6044//11625 
f 6044//11626 5986//11626 6045//11626 
f 5988//11627 5986//11627 6043//11627 
f 6045//11628 5984//11628 6046//11628 
f 5986//11629 5984//11629 6045//11629 
f 6046//11630 5982//11630 6047//11630 
f 5984//11631 5982//11631 6046//11631 
f 6047//11632 5980//11632 6048//11632 
f 5982//11633 5980//11633 6047//11633 
f 6048//11634 5977//11634 6049//11634 
f 5980//11635 5977//11635 6048//11635 
f 6049//11636 5975//11636 6050//11636 
f 6050//11637 5975//11637 6051//11637 
f 5977//11638 5975//11638 6049//11638 
f 6051//11639 5973//11639 6052//11639 
f 5975//11640 5973//11640 6051//11640 
f 6052//11641 5970//11641 6053//11641 
f 5973//11642 5970//11642 6052//11642 
f 6053//11643 5968//11643 6054//11643 
f 5970//11644 5968//11644 6053//11644 
f 6054//11645 5965//11645 6055//11645 
f 5968//11646 5965//11646 6054//11646 
f 6055//11647 5963//11647 6056//11647 
f 6056//11648 5963//11648 6057//11648 
f 5965//11649 5963//11649 6055//11649 
f 6057//11650 5961//11650 6058//11650 
f 5963//11651 5961//11651 6057//11651 
f 6058//11652 5959//11652 6059//11652 
f 5961//11653 5959//11653 6058//11653 
f 6059//11654 5957//11654 6060//11654 
f 5959//11655 5957//11655 6059//11655 
f 6060//11656 5955//11656 6061//11656 
f 5957//11657 5955//11657 6060//11657 
f 5955//11658 5952//11658 6061//11658 
f 6061//11659 5952//11659 6062//11659 
f 6062//11660 5952//11660 6063//11660 
f 5952//11661 5951//11661 6063//11661 
f 6063//11662 5951//11662 6064//11662 
f 6064//11663 5951//11663 6065//11663 
f 5951//11664 5949//11664 6065//11664 
f 6065//11665 5949//11665 6066//11665 
f 5949//11666 5946//11666 6066//11666 
f 6066//11667 5946//11667 6067//11667 
f 5946//11668 5945//11668 6067//11668 
f 6067//11669 5945//11669 6068//11669 
f 5945//11670 5943//11670 6068//11670 
f 6068//11671 5943//11671 6069//11671 
f 5943//11672 5941//11672 6069//11672 
f 6069//11673 5941//11673 6070//11673 
f 6070//11674 5941//11674 6071//11674 
f 5941//11675 5938//11675 6071//11675 
f 6071//11676 5938//11676 6072//11676 
f 5938//11677 5936//11677 6072//11677 
f 6072//11678 5936//11678 6073//11678 
f 6073//11679 5935//11679 6074//11679 
f 5936//11680 5935//11680 6073//11680 
f 6074//11681 5937//11681 6075//11681 
f 5935//11682 5937//11682 6074//11682 
f 6075//11683 5940//11683 6076//11683 
f 6076//11684 5940//11684 6077//11684 
f 5937//11685 5940//11685 6075//11685 
f 6077//11686 5942//11686 6078//11686 
f 5940//11687 5942//11687 6077//11687 
f 6078//11688 5944//11688 6079//11688 
f 5942//11689 5944//11689 6078//11689 
f 6079//11690 5947//11690 6080//11690 
f 5944//11691 5947//11691 6079//11691 
f 6080//11692 5948//11692 6081//11692 
f 5947//11693 5948//11693 6080//11693 
f 6081//11694 5950//11694 6082//11694 
f 6082//11695 5950//11695 6083//11695 
f 5948//11696 5950//11696 6081//11696 
f 6083//11697 5953//11697 6084//11697 
f 5950//11698 5953//11698 6083//11698 
f 6084//11699 5954//11699 6085//11699 
f 5953//11700 5954//11700 6084//11700 
f 6085//11701 5840//11701 5623//11701 
f 5954//11702 5840//11702 6085//11702 
f 4654//11703 5956//11703 5939//11703 
f 4654//11704 5939//11704 4653//11704 
f 5685//11705 6006//11705 5956//11705 
f 5685//11706 5956//11706 4654//11706 
f 5600//11707 5934//11707 5958//11707 
f 6086//11708 5600//11708 5958//11708 
f 6086//11709 5958//11709 5960//11709 
f 6087//11710 6086//11710 5960//11710 
f 6088//11711 6087//11711 5960//11711 
f 6088//11712 5960//11712 5962//11712 
f 6089//11713 6088//11713 5962//11713 
f 6090//11714 5962//11714 5964//11714 
f 6090//11715 6089//11715 5962//11715 
f 6091//11716 6090//11716 5964//11716 
f 6092//11717 5964//11717 5966//11717 
f 6092//11718 6091//11718 5964//11718 
f 6093//11719 5966//11719 5967//11719 
f 6093//11720 6092//11720 5966//11720 
f 6094//11721 5967//11721 5969//11721 
f 6094//11722 6093//11722 5967//11722 
f 6095//11723 5969//11723 5971//11723 
f 6095//11724 6094//11724 5969//11724 
f 6096//11725 5971//11725 5972//11725 
f 6096//11726 6095//11726 5971//11726 
f 6097//11727 6096//11727 5972//11727 
f 6098//11728 5972//11728 5974//11728 
f 6098//11729 6097//11729 5972//11729 
f 6099//11730 6098//11730 5974//11730 
f 6100//11731 5974//11731 5976//11731 
f 6100//11732 6099//11732 5974//11732 
f 6101//11733 5976//11733 5978//11733 
f 6101//11734 6100//11734 5976//11734 
f 6102//11735 5978//11735 5979//11735 
f 6102//11736 6101//11736 5978//11736 
f 6103//11737 6102//11737 5979//11737 
f 6103//11738 5979//11738 5981//11738 
f 6104//11739 6103//11739 5981//11739 
f 6104//11740 5981//11740 5983//11740 
f 6105//11741 6104//11741 5983//11741 
f 6105//11742 5983//11742 5985//11742 
f 6106//11743 6105//11743 5985//11743 
f 6106//11744 5985//11744 5987//11744 
f 6107//11745 6106//11745 5987//11745 
f 6108//11746 6107//11746 5987//11746 
f 6108//11747 5987//11747 5989//11747 
f 6109//11748 6108//11748 5989//11748 
f 6110//11749 6109//11749 5989//11749 
f 6110//11750 5989//11750 5990//11750 
f 6111//11751 6110//11751 5990//11751 
f 6111//11752 5990//11752 5992//11752 
f 6112//11753 6111//11753 5992//11753 
f 6112//11754 5992//11754 5994//11754 
f 6113//11755 6112//11755 5994//11755 
f 6114//11756 6113//11756 5994//11756 
f 6114//11757 5994//11757 5995//11757 
f 6115//11758 5995//11758 5997//11758 
f 6115//11759 6114//11759 5995//11759 
f 6116//11760 5997//11760 5998//11760 
f 6116//11761 6115//11761 5997//11761 
f 6117//11762 6116//11762 5998//11762 
f 6118//11763 5998//11763 6000//11763 
f 6118//11764 6117//11764 5998//11764 
f 6119//11765 6118//11765 6000//11765 
f 6120//11766 6000//11766 6003//11766 
f 6120//11767 6119//11767 6000//11767 
f 6121//11768 6003//11768 6004//11768 
f 6121//11769 6120//11769 6003//11769 
f 6122//11770 6004//11770 6005//11770 
f 6122//11771 6121//11771 6004//11771 
f 6123//11772 6005//11772 6007//11772 
f 6123//11773 6122//11773 6005//11773 
f 6124//11774 6007//11774 6009//11774 
f 6124//11775 6123//11775 6007//11775 
f 6125//11776 6009//11776 6011//11776 
f 6125//11777 6124//11777 6009//11777 
f 6126//11778 6125//11778 6011//11778 
f 6127//11779 6011//11779 6013//11779 
f 6127//11780 6126//11780 6011//11780 
f 6128//11781 6127//11781 6013//11781 
f 6129//11782 6013//11782 6015//11782 
f 6129//11783 6128//11783 6013//11783 
f 6130//11784 6015//11784 6017//11784 
f 6130//11785 6129//11785 6015//11785 
f 6131//11786 6017//11786 6019//11786 
f 6131//11787 6130//11787 6017//11787 
f 6132//11788 6019//11788 6021//11788 
f 6132//11789 6131//11789 6019//11789 
f 6133//11790 6132//11790 6021//11790 
f 6133//11791 6021//11791 6023//11791 
f 6134//11792 6133//11792 6023//11792 
f 6135//11793 6134//11793 6023//11793 
f 6135//11794 6023//11794 6025//11794 
f 6136//11795 6135//11795 6025//11795 
f 6137//11796 6025//11796 6027//11796 
f 6137//11797 6136//11797 6025//11797 
f 6138//11798 6027//11798 6029//11798 
f 6138//11799 6137//11799 6027//11799 
f 6139//11800 6138//11800 6029//11800 
f 6139//11801 6029//11801 6031//11801 
f 6140//11802 6031//11802 6033//11802 
f 6140//11803 6139//11803 6031//11803 
f 6141//11804 6140//11804 6033//11804 
f 6142//11805 6033//11805 6034//11805 
f 6142//11806 6141//11806 6033//11806 
f 6143//11807 6034//11807 6032//11807 
f 6143//11808 6142//11808 6034//11808 
f 6144//11809 6032//11809 6030//11809 
f 6144//11810 6143//11810 6032//11810 
f 6145//11811 6030//11811 6028//11811 
f 6145//11812 6144//11812 6030//11812 
f 6146//11813 6145//11813 6028//11813 
f 6147//11814 6028//11814 6026//11814 
f 6147//11815 6146//11815 6028//11815 
f 6148//11816 6147//11816 6026//11816 
f 6149//11817 6026//11817 6024//11817 
f 6149//11818 6148//11818 6026//11818 
f 6150//11819 6024//11819 6022//11819 
f 6150//11820 6149//11820 6024//11820 
f 6151//11821 6022//11821 6020//11821 
f 6151//11822 6150//11822 6022//11822 
f 6152//11823 6020//11823 6018//11823 
f 6152//11824 6151//11824 6020//11824 
f 6153//11825 6018//11825 6016//11825 
f 6153//11826 6152//11826 6018//11826 
f 6154//11827 6153//11827 6016//11827 
f 6155//11828 6016//11828 6014//11828 
f 6155//11829 6154//11829 6016//11829 
f 6156//11830 6155//11830 6014//11830 
f 6157//11831 6014//11831 6012//11831 
f 6157//11832 6156//11832 6014//11832 
f 6158//11833 6012//11833 6010//11833 
f 6158//11834 6157//11834 6012//11834 
f 6159//11835 6010//11835 6008//11835 
f 6159//11836 6158//11836 6010//11836 
f 6160//11837 6008//11837 6006//11837 
f 6160//11838 6159//11838 6008//11838 
f 5685//11839 6160//11839 6006//11839 
f 4653//11840 5939//11840 5934//11840 
f 4653//11841 5934//11841 5600//11841 
f 6161//11842 6162//11842 4377//11842 
f 4377//11843 6162//11843 6163//11843 
f 6163//11844 6164//11844 6165//11844 
f 6162//11845 6164//11845 6163//11845 
f 6165//11846 6164//11846 6166//11846 
f 6166//11847 6167//11847 6168//11847 
f 6168//11848 6167//11848 6169//11848 
f 6164//11849 6167//11849 6166//11849 
f 6169//11850 6170//11850 6171//11850 
f 6167//11851 6170//11851 6169//11851 
f 6171//11852 6172//11852 6173//11852 
f 6170//11853 6172//11853 6171//11853 
f 6173//11854 6174//11854 6175//11854 
f 6172//11855 6174//11855 6173//11855 
f 6175//11856 6176//11856 6177//11856 
f 6174//11857 6176//11857 6175//11857 
f 6177//11858 6178//11858 6179//11858 
f 6179//11859 6178//11859 6180//11859 
f 6176//11860 6178//11860 6177//11860 
f 6180//11861 6181//11861 6182//11861 
f 6178//11862 6181//11862 6180//11862 
f 6182//11863 6183//11863 6184//11863 
f 6181//11864 6183//11864 6182//11864 
f 6184//11865 6185//11865 6186//11865 
f 6183//11866 6185//11866 6184//11866 
f 6186//11867 6187//11867 6188//11867 
f 6185//11868 6187//11868 6186//11868 
f 6188//11869 6189//11869 6190//11869 
f 6190//11870 6189//11870 6191//11870 
f 6187//11871 6189//11871 6188//11871 
f 6191//11872 6192//11872 6193//11872 
f 6189//11873 6192//11873 6191//11873 
f 6193//11874 6194//11874 6195//11874 
f 6192//11875 6194//11875 6193//11875 
f 6195//11876 6196//11876 6197//11876 
f 6194//11877 6196//11877 6195//11877 
f 6197//11878 6198//11878 6199//11878 
f 6196//11879 6198//11879 6197//11879 
f 6199//11880 6200//11880 6201//11880 
f 6201//11881 6200//11881 6202//11881 
f 6198//11882 6200//11882 6199//11882 
f 6202//11883 6203//11883 6204//11883 
f 6200//11884 6203//11884 6202//11884 
f 6204//11885 6205//11885 6206//11885 
f 6203//11886 6205//11886 6204//11886 
f 6206//11887 6207//11887 6208//11887 
f 6205//11888 6207//11888 6206//11888 
f 6208//11889 6209//11889 6210//11889 
f 6207//11890 6209//11890 6208//11890 
f 6209//11891 6211//11891 6210//11891 
f 6210//11892 6211//11892 6212//11892 
f 6212//11893 6211//11893 6213//11893 
f 6211//11894 6214//11894 6213//11894 
f 6213//11895 6214//11895 6215//11895 
f 6215//11896 6214//11896 6216//11896 
f 6214//11897 6217//11897 6216//11897 
f 6216//11898 6217//11898 6218//11898 
f 6217//11899 6219//11899 6218//11899 
f 6218//11900 6219//11900 6220//11900 
f 6219//11901 6221//11901 6220//11901 
f 6220//11902 6221//11902 6222//11902 
f 6221//11903 6223//11903 6222//11903 
f 6222//11904 6223//11904 6224//11904 
f 6223//11905 6225//11905 6224//11905 
f 6224//11906 6225//11906 6226//11906 
f 6226//11907 6225//11907 6227//11907 
f 6225//11908 6228//11908 6227//11908 
f 6227//11909 6228//11909 6229//11909 
f 6228//11910 6230//11910 6229//11910 
f 6229//11911 6230//11911 6231//11911 
f 6231//11912 6232//11912 6233//11912 
f 6230//11913 6232//11913 6231//11913 
f 6233//11914 6234//11914 6235//11914 
f 6232//11915 6234//11915 6233//11915 
f 6235//11916 6236//11916 6237//11916 
f 6237//11917 6236//11917 6238//11917 
f 6234//11918 6236//11918 6235//11918 
f 6238//11919 6239//11919 6240//11919 
f 6236//11920 6239//11920 6238//11920 
f 6240//11921 6241//11921 6242//11921 
f 6239//11922 6241//11922 6240//11922 
f 6242//11923 6243//11923 6244//11923 
f 6241//11924 6243//11924 6242//11924 
f 6244//11925 6245//11925 6246//11925 
f 6243//11926 6245//11926 6244//11926 
f 6246//11927 6247//11927 6248//11927 
f 6248//11928 6247//11928 6249//11928 
f 6245//11929 6247//11929 6246//11929 
f 6249//11930 6250//11930 6251//11930 
f 6247//11931 6250//11931 6249//11931 
f 6251//11932 6252//11932 6253//11932 
f 6250//11933 6252//11933 6251//11933 
f 6253//11934 6254//11934 4438//11934 
f 6252//11935 6254//11935 6253//11935 
f 6255//11936 6256//11936 6257//11936 
f 6257//11937 6258//11937 6255//11937 
f 6255//11938 6259//11938 6256//11938 
f 6260//11939 6261//11939 6255//11939 
f 6255//11940 6261//11940 6259//11940 
f 6258//11941 6262//11941 6255//11941 
f 6262//11942 6263//11942 6255//11942 
f 6260//11943 6264//11943 6261//11943 
f 6260//11944 6265//11944 6264//11944 
f 6263//11945 6266//11945 6255//11945 
f 6266//11946 6267//11946 6255//11946 
f 6260//11947 6268//11947 6265//11947 
f 6267//11948 6269//11948 6255//11948 
f 6260//11949 6270//11949 6268//11949 
f 6260//11950 6271//11950 6270//11950 
f 6269//11951 6272//11951 6255//11951 
f 6272//11952 6273//11952 6255//11952 
f 6260//11953 6274//11953 6271//11953 
f 6260//11954 6275//11954 6274//11954 
f 6273//11955 6276//11955 6255//11955 
f 6277//11956 6161//11956 6260//11956 
f 6260//11957 6161//11957 6275//11957 
f 6276//11958 6278//11958 6255//11958 
f 6279//11959 6280//11959 6281//11959 
f 6255//11960 6280//11960 6279//11960 
f 6278//11961 6280//11961 6255//11961 
f 6277//11962 6162//11962 6161//11962 
f 6280//11963 6282//11963 6281//11963 
f 6281//11964 6282//11964 6283//11964 
f 6277//11965 6164//11965 6162//11965 
f 6282//11966 6284//11966 6283//11966 
f 6283//11967 6284//11967 6285//11967 
f 6277//11968 6167//11968 6164//11968 
f 6277//11969 6170//11969 6167//11969 
f 6284//11970 6286//11970 6285//11970 
f 6287//11971 6286//11971 6288//11971 
f 6285//11972 6286//11972 6287//11972 
f 6286//11973 6289//11973 6288//11973 
f 6288//11974 6289//11974 6290//11974 
f 6277//11975 6172//11975 6170//11975 
f 6277//11976 6174//11976 6172//11976 
f 6289//11977 6291//11977 6290//11977 
f 6292//11978 6291//11978 6293//11978 
f 6290//11979 6291//11979 6292//11979 
f 6291//11980 6294//11980 6293//11980 
f 6293//11981 6294//11981 6295//11981 
f 6277//11982 6176//11982 6174//11982 
f 6277//11983 6178//11983 6176//11983 
f 6294//11984 6296//11984 6295//11984 
f 6295//11985 6296//11985 6297//11985 
f 6297//11986 6298//11986 6299//11986 
f 6296//11987 6298//11987 6297//11987 
f 6298//11988 6300//11988 6299//11988 
f 6298//11989 6301//11989 6300//11989 
f 6301//11990 6302//11990 6300//11990 
f 6301//11991 6303//11991 6302//11991 
f 6303//11992 6304//11992 6302//11992 
f 6303//11993 6305//11993 6304//11993 
f 6305//11994 6306//11994 6304//11994 
f 6307//11995 6308//11995 6305//11995 
f 6305//11996 6308//11996 6306//11996 
f 6309//11997 6310//11997 6307//11997 
f 6307//11998 6310//11998 6308//11998 
f 6309//11999 6311//11999 6310//11999 
f 6312//12000 6313//12000 6309//12000 
f 6309//12001 6313//12001 6311//12001 
f 6314//12002 6315//12002 6312//12002 
f 6312//12003 6315//12003 6313//12003 
f 6314//12004 6316//12004 6315//12004 
f 6317//12005 6316//12005 6314//12005 
f 6317//12006 6318//12006 6316//12006 
f 6317//12007 6319//12007 6318//12007 
f 6320//12008 6319//12008 6317//12008 
f 6321//12009 6322//12009 6320//12009 
f 6320//12010 6322//12010 6319//12010 
f 6323//12011 6324//12011 6321//12011 
f 6321//12012 6324//12012 6322//12012 
f 6323//12013 6325//12013 6324//12013 
f 6254//12014 6326//12014 6323//12014 
f 6323//12015 6326//12015 6325//12015 
f 6277//12016 6327//12016 6178//12016 
f 6207//12017 6327//12017 6209//12017 
f 6205//12018 6327//12018 6207//12018 
f 6203//12019 6327//12019 6205//12019 
f 6200//12020 6327//12020 6203//12020 
f 6198//12021 6327//12021 6200//12021 
f 6196//12022 6327//12022 6198//12022 
f 6194//12023 6327//12023 6196//12023 
f 6192//12024 6327//12024 6194//12024 
f 6189//12025 6327//12025 6192//12025 
f 6187//12026 6327//12026 6189//12026 
f 6185//12027 6327//12027 6187//12027 
f 6183//12028 6327//12028 6185//12028 
f 6181//12029 6327//12029 6183//12029 
f 6178//12030 6327//12030 6181//12030 
f 6252//12031 6328//12031 6254//12031 
f 6254//12032 6328//12032 6326//12032 
f 6327//12033 6329//12033 6209//12033 
f 6252//12034 6330//12034 6328//12034 
f 6329//12035 6331//12035 6209//12035 
f 6209//12036 6331//12036 6211//12036 
f 6252//12037 6332//12037 6330//12037 
f 6250//12038 6332//12038 6252//12038 
f 6211//12039 6333//12039 6214//12039 
f 6331//12040 6333//12040 6211//12040 
f 6250//12041 6334//12041 6332//12041 
f 6247//12042 6334//12042 6250//12042 
f 6333//12043 6335//12043 6214//12043 
f 6214//12044 6335//12044 6217//12044 
f 6245//12045 6336//12045 6247//12045 
f 6247//12046 6336//12046 6334//12046 
f 6335//12047 6337//12047 6217//12047 
f 6245//12048 6338//12048 6336//12048 
f 6217//12049 6339//12049 6219//12049 
f 6337//12050 6339//12050 6217//12050 
f 6243//12051 6340//12051 6245//12051 
f 6245//12052 6340//12052 6338//12052 
f 6219//12053 6341//12053 6221//12053 
f 6339//12054 6341//12054 6219//12054 
f 6241//12055 6342//12055 6243//12055 
f 6243//12056 6342//12056 6340//12056 
f 6341//12057 6343//12057 6221//12057 
f 6241//12058 6344//12058 6342//12058 
f 6239//12059 6344//12059 6241//12059 
f 6343//12060 6345//12060 6221//12060 
f 6221//12061 6345//12061 6223//12061 
f 6239//12062 6346//12062 6344//12062 
f 6345//12063 6347//12063 6223//12063 
f 6223//12064 6347//12064 6225//12064 
f 6239//12065 6348//12065 6346//12065 
f 6236//12066 6348//12066 6239//12066 
f 6347//12067 6349//12067 6225//12067 
f 6225//12068 6349//12068 6228//12068 
f 6236//12069 6350//12069 6348//12069 
f 6234//12070 6350//12070 6236//12070 
f 6349//12071 6351//12071 6228//12071 
f 6234//12072 6352//12072 6350//12072 
f 6351//12073 6353//12073 6228//12073 
f 6228//12074 6353//12074 6230//12074 
f 6234//12075 6354//12075 6352//12075 
f 6232//12076 6354//12076 6234//12076 
f 6353//12077 6355//12077 6230//12077 
f 6232//12078 6355//12078 6354//12078 
f 6230//12079 6355//12079 6232//12079 
f 6254//12080 6323//12080 4438//12080 
f 4438//12081 6323//12081 6356//12081 
f 6323//12082 6321//12082 6356//12082 
f 6356//12083 6321//12083 6357//12083 
f 6357//12084 6321//12084 6358//12084 
f 6358//12085 6320//12085 6359//12085 
f 6359//12086 6320//12086 6360//12086 
f 6321//12087 6320//12087 6358//12087 
f 6360//12088 6317//12088 6361//12088 
f 6320//12089 6317//12089 6360//12089 
f 6361//12090 6314//12090 6362//12090 
f 6317//12091 6314//12091 6361//12091 
f 6362//12092 6312//12092 6363//12092 
f 6314//12093 6312//12093 6362//12093 
f 6363//12094 6309//12094 6364//12094 
f 6312//12095 6309//12095 6363//12095 
f 6364//12096 6307//12096 6365//12096 
f 6365//12097 6307//12097 6366//12097 
f 6309//12098 6307//12098 6364//12098 
f 6366//12099 6305//12099 6367//12099 
f 6307//12100 6305//12100 6366//12100 
f 6367//12101 6303//12101 6368//12101 
f 6305//12102 6303//12102 6367//12102 
f 6368//12103 6301//12103 6369//12103 
f 6303//12104 6301//12104 6368//12104 
f 6369//12105 6298//12105 6370//12105 
f 6301//12106 6298//12106 6369//12106 
f 6370//12107 6296//12107 6371//12107 
f 6371//12108 6296//12108 6372//12108 
f 6298//12109 6296//12109 6370//12109 
f 6372//12110 6294//12110 6373//12110 
f 6296//12111 6294//12111 6372//12111 
f 6373//12112 6291//12112 6374//12112 
f 6294//12113 6291//12113 6373//12113 
f 6374//12114 6289//12114 6375//12114 
f 6291//12115 6289//12115 6374//12115 
f 6375//12116 6286//12116 6376//12116 
f 6289//12117 6286//12117 6375//12117 
f 6376//12118 6284//12118 6377//12118 
f 6377//12119 6284//12119 6378//12119 
f 6286//12120 6284//12120 6376//12120 
f 6378//12121 6282//12121 6379//12121 
f 6284//12122 6282//12122 6378//12122 
f 6379//12123 6280//12123 6380//12123 
f 6282//12124 6280//12124 6379//12124 
f 6380//12125 6278//12125 6381//12125 
f 6280//12126 6278//12126 6380//12126 
f 6381//12127 6276//12127 6382//12127 
f 6278//12128 6276//12128 6381//12128 
f 6276//12129 6273//12129 6382//12129 
f 6382//12130 6273//12130 6383//12130 
f 6383//12131 6273//12131 6384//12131 
f 6273//12132 6272//12132 6384//12132 
f 6384//12133 6272//12133 6385//12133 
f 6385//12134 6272//12134 6386//12134 
f 6272//12135 6269//12135 6386//12135 
f 6386//12136 6269//12136 6387//12136 
f 6269//12137 6267//12137 6387//12137 
f 6387//12138 6267//12138 6388//12138 
f 6267//12139 6266//12139 6388//12139 
f 6388//12140 6266//12140 6389//12140 
f 6266//12141 6263//12141 6389//12141 
f 6389//12142 6263//12142 6390//12142 
f 6263//12143 6262//12143 6390//12143 
f 6390//12144 6262//12144 6391//12144 
f 6391//12145 6262//12145 6392//12145 
f 6262//12146 6258//12146 6392//12146 
f 6392//12147 6258//12147 6393//12147 
f 6258//12148 6257//12148 6393//12148 
f 6393//12149 6257//12149 6394//12149 
f 6394//12150 6256//12150 6395//12150 
f 6257//12151 6256//12151 6394//12151 
f 6395//12152 6259//12152 6396//12152 
f 6256//12153 6259//12153 6395//12153 
f 6396//12154 6261//12154 6397//12154 
f 6397//12155 6261//12155 6398//12155 
f 6259//12156 6261//12156 6396//12156 
f 6398//12157 6264//12157 6399//12157 
f 6261//12158 6264//12158 6398//12158 
f 6399//12159 6265//12159 6400//12159 
f 6264//12160 6265//12160 6399//12160 
f 6400//12161 6268//12161 6401//12161 
f 6265//12162 6268//12162 6400//12162 
f 6401//12163 6270//12163 6402//12163 
f 6268//12164 6270//12164 6401//12164 
f 6402//12165 6271//12165 6403//12165 
f 6403//12166 6271//12166 6404//12166 
f 6270//12167 6271//12167 6402//12167 
f 6404//12168 6274//12168 6405//12168 
f 6271//12169 6274//12169 6404//12169 
f 6405//12170 6275//12170 6406//12170 
f 6274//12171 6275//12171 6405//12171 
f 6406//12172 6161//12172 4377//12172 
f 6275//12173 6161//12173 6406//12173 
f 4439//12174 6327//12174 6277//12174 
f 4439//12175 6277//12175 3368//12175 
f 6407//12176 6255//12176 6279//12176 
f 6408//12177 6407//12177 6279//12177 
f 6408//12178 6279//12178 6281//12178 
f 6409//12179 6408//12179 6281//12179 
f 6410//12180 6409//12180 6281//12180 
f 6410//12181 6281//12181 6283//12181 
f 6411//12182 6410//12182 6283//12182 
f 6412//12183 6283//12183 6285//12183 
f 6412//12184 6411//12184 6283//12184 
f 6413//12185 6412//12185 6285//12185 
f 6414//12186 6285//12186 6287//12186 
f 6414//12187 6413//12187 6285//12187 
f 6415//12188 6287//12188 6288//12188 
f 6415//12189 6414//12189 6287//12189 
f 6416//12190 6288//12190 6290//12190 
f 6416//12191 6415//12191 6288//12191 
f 6417//12192 6290//12192 6292//12192 
f 6417//12193 6416//12193 6290//12193 
f 6418//12194 6292//12194 6293//12194 
f 6418//12195 6417//12195 6292//12195 
f 6419//12196 6418//12196 6293//12196 
f 6420//12197 6293//12197 6295//12197 
f 6420//12198 6419//12198 6293//12198 
f 6421//12199 6420//12199 6295//12199 
f 6422//12200 6295//12200 6297//12200 
f 6422//12201 6421//12201 6295//12201 
f 6423//12202 6297//12202 6299//12202 
f 6423//12203 6422//12203 6297//12203 
f 6424//12204 6299//12204 6300//12204 
f 6424//12205 6423//12205 6299//12205 
f 6425//12206 6424//12206 6300//12206 
f 6425//12207 6300//12207 6302//12207 
f 6426//12208 6425//12208 6302//12208 
f 6426//12209 6302//12209 6304//12209 
f 6427//12210 6426//12210 6304//12210 
f 6427//12211 6304//12211 6306//12211 
f 6428//12212 6427//12212 6306//12212 
f 6428//12213 6306//12213 6308//12213 
f 6429//12214 6428//12214 6308//12214 
f 6430//12215 6429//12215 6308//12215 
f 6430//12216 6308//12216 6310//12216 
f 6431//12217 6430//12217 6310//12217 
f 6432//12218 6431//12218 6310//12218 
f 6432//12219 6310//12219 6311//12219 
f 6433//12220 6432//12220 6311//12220 
f 6433//12221 6311//12221 6313//12221 
f 6434//12222 6433//12222 6313//12222 
f 6434//12223 6313//12223 6315//12223 
f 6435//12224 6434//12224 6315//12224 
f 6436//12225 6435//12225 6315//12225 
f 6436//12226 6315//12226 6316//12226 
f 6437//12227 6316//12227 6318//12227 
f 6437//12228 6436//12228 6316//12228 
f 6438//12229 6318//12229 6319//12229 
f 6438//12230 6437//12230 6318//12230 
f 6439//12231 6438//12231 6319//12231 
f 6440//12232 6319//12232 6322//12232 
f 6440//12233 6439//12233 6319//12233 
f 6441//12234 6440//12234 6322//12234 
f 6442//12235 6322//12235 6324//12235 
f 6442//12236 6441//12236 6322//12236 
f 6443//12237 6324//12237 6325//12237 
f 6443//12238 6442//12238 6324//12238 
f 6444//12239 6325//12239 6326//12239 
f 6444//12240 6443//12240 6325//12240 
f 6445//12241 6326//12241 6328//12241 
f 6445//12242 6444//12242 6326//12242 
f 6446//12243 6328//12243 6330//12243 
f 6446//12244 6445//12244 6328//12244 
f 6447//12245 6330//12245 6332//12245 
f 6447//12246 6446//12246 6330//12246 
f 6448//12247 6447//12247 6332//12247 
f 6449//12248 6332//12248 6334//12248 
f 6449//12249 6448//12249 6332//12249 
f 6450//12250 6449//12250 6334//12250 
f 6451//12251 6334//12251 6336//12251 
f 6451//12252 6450//12252 6334//12252 
f 6452//12253 6336//12253 6338//12253 
f 6452//12254 6451//12254 6336//12254 
f 6453//12255 6338//12255 6340//12255 
f 6453//12256 6452//12256 6338//12256 
f 6454//12257 6340//12257 6342//12257 
f 6454//12258 6453//12258 6340//12258 
f 6455//12259 6454//12259 6342//12259 
f 6455//12260 6342//12260 6344//12260 
f 6456//12261 6455//12261 6344//12261 
f 6457//12262 6456//12262 6344//12262 
f 6457//12263 6344//12263 6346//12263 
f 6458//12264 6457//12264 6346//12264 
f 6459//12265 6346//12265 6348//12265 
f 6459//12266 6458//12266 6346//12266 
f 6460//12267 6348//12267 6350//12267 
f 6460//12268 6459//12268 6348//12268 
f 6461//12269 6460//12269 6350//12269 
f 6461//12270 6350//12270 6352//12270 
f 6462//12271 6352//12271 6354//12271 
f 6462//12272 6461//12272 6352//12272 
f 6463//12273 6462//12273 6354//12273 
f 6464//12274 6354//12274 6355//12274 
f 6464//12275 6463//12275 6354//12275 
f 6465//12276 6355//12276 6353//12276 
f 6465//12277 6464//12277 6355//12277 
f 6466//12278 6353//12278 6351//12278 
f 6466//12279 6465//12279 6353//12279 
f 6467//12280 6351//12280 6349//12280 
f 6467//12281 6466//12281 6351//12281 
f 6468//12282 6467//12282 6349//12282 
f 6469//12283 6349//12283 6347//12283 
f 6469//12284 6468//12284 6349//12284 
f 6470//12285 6469//12285 6347//12285 
f 6471//12286 6347//12286 6345//12286 
f 6471//12287 6470//12287 6347//12287 
f 6472//12288 6345//12288 6343//12288 
f 6472//12289 6471//12289 6345//12289 
f 6473//12290 6343//12290 6341//12290 
f 6473//12291 6472//12291 6343//12291 
f 6474//12292 6341//12292 6339//12292 
f 6474//12293 6473//12293 6341//12293 
f 6475//12294 6339//12294 6337//12294 
f 6475//12295 6474//12295 6339//12295 
f 6476//12296 6475//12296 6337//12296 
f 6477//12297 6337//12297 6335//12297 
f 6477//12298 6476//12298 6337//12298 
f 6478//12299 6477//12299 6335//12299 
f 6479//12300 6335//12300 6333//12300 
f 6479//12301 6478//12301 6335//12301 
f 6480//12302 6333//12302 6331//12302 
f 6480//12303 6479//12303 6333//12303 
f 6481//12304 6331//12304 6329//12304 
f 6481//12305 6480//12305 6331//12305 
f 6482//12306 6329//12306 6327//12306 
f 6482//12307 6481//12307 6329//12307 
f 4439//12308 6482//12308 6327//12308 
f 6260//12309 6255//12309 6407//12309 
f 3369//12310 6260//12310 6407//12310 
f 6277//12311 6260//12311 3369//12311 
f 3368//12312 6277//12312 3369//12312 
