-2.319613311264919542e+00,-1.495354886089421242e+00,3.496583581831481102e-01
-3.266598206629856005e+00,1.491800069808959961e+00,1.997917267701608546e-01
1.511151790618896484e+00,1.004882007837295532e+00,7.333316206932067871e-01
1.827520012855529785e+00,-1.692999988794326782e+00,6.780000030994415283e-02
-2.017280817031860352e+00,8.059999942779541016e-01,4.016000032424926758e-01
-2.987550973892211914e+00,8.045386075973510742e-01,4.566000103950500488e-01
-2.127066750232487369e+00,1.492297918420948388e+00,3.976538779392634337e-01
1.874283432960510254e+00,-4.750000238418579102e-01,1.509999997085995083e-01
1.678717255592346191e+00,-1.444000005722045898e+00,7.000000029802322388e-02
-2.120338903533087738e+00,-1.495472249057557823e+00,5.527994202242957344e-01
-2.548200130462646484e+00,-5.055999904870986938e-01,7.000000029802322388e-02
-2.621874854678199362e+00,-1.495476217496962690e+00,6.512062918572198988e-01
2.332439899444580078e+00,-1.849000006914138794e+00,6.780000030994415283e-02
1.718442767858505249e+00,-4.750000238418579102e-01,1.989250015467405319e-01
1.420500040054321289e+00,2.052776098251342773e+00,6.949999928474426270e-02
1.932953298091888428e+00,-1.342000007629394531e+00,7.000000029802322388e-02
1.519999861717224121e+00,1.457510054111480713e+00,5.501323512622288137e-01
-2.170925021171569824e+00,1.606407940387725830e+00,6.949999928474426270e-02
-2.533469676971435547e+00,-4.366138428449630737e-01,5.099999904632568359e-02
2.343641996383666992e+00,-5.464000105857849121e-01,7.000000029802322388e-02
-1.015180170536041260e+00,1.491800069808959961e+00,6.889803707599639893e-01
2.434499979019165039e+00,1.956263959407806396e+00,7.289599776268004816e-02
-1.067165399288258820e+00,1.492286964342361522e+00,3.982312457590568289e-01
2.700558768378363617e+00,-1.199200034141540527e+00,1.023999998966852870e-01
1.932775557041168213e+00,-4.749999940395355225e-01,3.966249823570251465e-01
-3.259999990463256836e+00,1.519739329814910889e-01,5.501999855041503906e-01
2.083499908447265625e+00,1.956263959407806396e+00,6.949999928474426270e-02
-2.468000173568725586e+00,-7.912000119686126709e-01,7.000000029802322388e-02
-1.184800148010253906e+00,-1.393000006675720215e+00,7.000000029802322388e-02
-8.252199888229370117e-01,-1.992999970912933350e+00,1.261000037193298340e-01
-2.118526265025138855e+00,-1.495468776673078537e+00,6.015792973339557648e-01
2.681999921798706055e+00,-1.548999994993209839e+00,1.009740011677855570e-01
2.427199999491373550e+00,1.155758023262023926e+00,3.400000035762786865e-01
-2.628400087356567383e+00,-1.046199957529703850e+00,7.000000029802322388e-02
1.804998368024826050e-01,2.095000028610229492e+00,1.002482764942701499e-01
-1.809003535658121109e+00,-1.495499321689399475e+00,7.007631066685112708e-01
-2.410449981689453125e+00,1.702919989824295044e+00,1.261000037193298340e-01
-3.259999990463256836e+00,4.961084015667438507e-02,2.537999997536341534e-01
2.177080154418945312e+00,-1.548999994993209839e+00,6.780000030994415283e-02
1.929041981697082520e+00,-8.381200432777404785e-01,7.000000029802322388e-02
1.221500039100646973e-01,-2.095000028610229492e+00,1.009590672545654794e-01
-2.624285936355590820e+00,7.149709165096282959e-01,5.099999904632568359e-02
1.280814528465270996e+00,-2.446830421686172485e-01,6.659999489784240723e-02
-1.113550066947937012e+00,-1.644999861717224121e+00,6.949999928474426270e-02
-1.746200203895568848e+00,-9.952000379562377930e-01,7.000000029802322388e-02
1.131132245063781738e+00,-1.046199997266133552e+00,7.000000029802322388e-02
-3.173804998397827148e+00,8.050257364908853797e-01,3.998333364725112915e-01
1.179612219333648682e+00,-9.952000379562377930e-01,3.400000035762786865e-01
-2.811036944389343262e+00,8.049039542675018311e-01,2.050999999046325684e-01
-3.078367471694946289e+00,-4.749999940395355225e-01,4.020000025629997253e-01
-2.821000099182128906e+00,-1.740999877452850342e+00,6.949999928474426270e-02
-1.419356848064221799e+00,1.492278890233290856e+00,4.399939275101611424e-01
-2.624285936355590820e+00,2.543370202183723450e-01,5.099999904632568359e-02
-3.259999990463256836e+00,7.149709165096282959e-01,5.970000028610229492e-01
2.278500080108642578e+00,2.054786761601766099e+00,6.949999928474426270e-02
1.280814528465270996e+00,6.126078367233276367e-01,2.537999997536341534e-01
1.278150916099548340e+00,-4.749999940395355225e-01,6.450200080871582031e-01
-2.227400064468383789e+00,-4.749999940395355225e-01,1.475000008940696716e-01
1.182599107424418206e+00,8.052693009376525879e-01,2.060000027219454355e-01
1.731983900070190430e+00,-4.749999940395355225e-01,7.477000057697296143e-01
-2.528500080108642578e+00,-1.945000022649765015e+00,6.949999928474426270e-02
-2.154868284861246597e+00,-4.953999916712443219e-01,6.886666516462962295e-02
-2.624285936355590820e+00,-1.570705790072679520e-03,5.099999904632568359e-02
-2.307600021362304688e+00,-8.422000010808309289e-01,7.000000029802322388e-02
1.186499953269958496e+00,1.751175940036773682e+00,6.949999928474426270e-02
1.874283432960510254e+00,-1.097200036048889160e+00,7.000000029802322388e-02
2.425800085067749023e+00,1.155758023262023926e+00,7.540000230073928833e-02
-1.080409049987792969e+00,-2.446830421686172485e-01,5.099999904632568359e-02
1.227607539442719053e+00,1.492273731309859519e+00,4.474562678913601155e-01
-2.078799962997436523e+00,1.956263959407806396e+00,6.949999928474426270e-02
1.991623163223266602e+00,-1.199200034141540527e+00,7.000000029802322388e-02
1.930643539218341642e+00,-5.913795311661327325e-01,3.840279509039485895e-01
-1.558872222900390625e+00,8.059999942779541016e-01,2.055999934673309326e-01
-2.576274991035461426e+00,1.654663950204849243e+00,6.949999928474426270e-02
-3.074500083923339844e+00,-2.095000028610229492e+00,1.006299975243481748e-01
-2.625314474105834961e+00,-4.749999940395355225e-01,5.035499930381774902e-01
2.235339999198913574e+00,-1.849000006914138794e+00,6.780000030994415283e-02
2.681999921798706055e+00,-1.597666669774938430e+00,7.232667091819974803e-02
1.326698422431945801e+00,-1.444000005722045898e+00,7.000000029802322388e-02
-1.216658552487691169e+00,-1.495000004768371582e+00,5.592404007911682129e-01
-4.655001461505889893e-01,1.908008009195327759e+00,6.949999928474426270e-02
-3.270000219345092773e+00,-1.199200034141540527e+00,2.560000121593475342e-01
-2.261020660400390625e+00,3.055185675621032715e-01,5.099999904632568359e-02
-2.548200130462646484e+00,-8.422000010808309289e-01,7.000000029802322388e-02
2.617434501647949219e+00,-9.442000190416971472e-01,7.000000029802322388e-02
1.672160029411315918e+00,-1.849000006914138794e+00,6.780000030994415283e-02
2.425800085067749023e+00,9.088700264692306519e-01,7.540000230073928833e-02
2.069849491119384766e+00,-1.291000008583068848e+00,7.000000029802322388e-02
-2.121503504839810539e+00,1.492254582318392586e+00,5.528714304620568898e-01
1.167240023612976074e+00,-1.992999970912933350e+00,6.780000030994415283e-02
1.516800045967102051e+00,-2.095000028610229492e+00,1.009314158340779699e-01
-1.104600071907043457e+00,-4.749999940395355225e-01,5.505000054836273193e-01
-3.259999990463256836e+00,6.637893915176391602e-01,6.659999489784240723e-02
1.634999990463256836e+00,1.751175940036773682e+00,6.949999928474426270e-02
2.375999927520751953e+00,2.095000028610229492e+00,1.006299975243481748e-01
-2.700500011444091797e+00,1.457510054111480713e+00,7.000000029802322388e-02
-1.913370110949532021e+00,-1.495498859491504628e+00,4.392011380586468006e-01
-1.072360038757324219e+00,-1.692999869585037231e+00,6.949999928474426270e-02
-3.259999990463256836e+00,-1.039337962865829468e-01,3.473999897638956891e-01
-3.170839269052852405e+00,1.492254582318392586e+00,6.517232787428479668e-01
-2.533469676971435547e+00,-4.749999940395355225e-01,6.659999489784240723e-02
2.375999927520751953e+00,1.908008009195327759e+00,6.949999928474426270e-02
1.874283432960510254e+00,-5.974000295003255578e-01,7.000000029802322388e-02
-2.715102195739746094e+00,7.149709165096282959e-01,5.099999904632568359e-02
-2.668400049209594727e+00,1.805463981628417924e+00,1.261000037193298340e-01
-1.080409049987792969e+00,-4.749999940395355225e-01,5.970000028610229492e-01
-1.154739975929260254e+00,-1.550999879837036133e+00,6.949999928474426270e-02
-2.520999908447265625e+00,2.092989365259806167e+00,7.232999801635742188e-02
-1.319499969482421875e+00,-2.041051881801154710e+00,1.004652540261188887e-01
-2.614492893218994141e+00,8.052693009376525879e-01,7.099999859929084778e-02
-2.810144901275634766e+00,1.491800069808959961e+00,2.024000003933906500e-01
-1.820850133895874023e+00,1.606407940387725830e+00,6.949999928474426270e-02
1.131132245063781738e+00,-4.750000238418579102e-01,2.508999988436698692e-01
-3.270000219345092773e+00,-1.148199995358784919e+00,4.574999958276748657e-01
1.179612219333648682e+00,-7.503999918699264526e-01,3.400000035762786865e-01
-2.926350116729736328e+00,1.908008009195327759e+00,1.261000037193298340e-01
1.771499991416931152e+00,2.095000028610229492e+00,1.009064162539881349e-01
-1.184800148010253906e+00,-9.340000152587890625e-01,7.000000029802322388e-02
-1.573000013828277588e+00,-1.692999869585037231e+00,6.949999928474426270e-02
1.538324642181396529e+00,1.491800069808959961e+00,3.011999994516372792e-01
-3.267672858552304493e+00,-1.498049087153223491e+00,1.000881211278205341e-01
2.729431717019332293e+00,-1.440260526381040851e+00,3.999355764765488708e-01
-2.924453668105296611e+00,-1.495461564797621490e+00,6.015682281591953062e-01
-1.080409049987792969e+00,-1.570705790072679520e-03,5.099999904632568359e-02
-3.259999990463256836e+00,2.031554803252220154e-01,5.970000028610229492e-01
-1.625306725502014160e+00,-4.749999940395355225e-01,5.033999880154927942e-01
1.185432698991563560e+00,8.055128653844197961e-01,2.536666641632716046e-01
-2.177500009536743164e+00,-1.992999970912933350e+00,6.949999928474426270e-02
-2.805918455123901367e+00,6.509940028190612793e-01,5.099999904632568359e-02
-3.270000219345092773e+00,-1.291000008583068848e+00,5.040000081062316895e-01
1.283660507202148526e+00,-1.495481615066528214e+00,3.981117287278175265e-01
-2.805918455123901367e+00,-4.366138428449630737e-01,5.099999904632568359e-02
2.279902337671636303e+00,-5.927813288929698610e-01,3.839500094508076500e-01
1.228915333747863770e+00,-7.504000067710876465e-01,7.000000029802322388e-02
-2.074432945251464933e+00,-4.749999940395355225e-01,2.080000013113021962e-01
1.519999861717224121e+00,1.402646034955978394e+00,6.026654498917716207e-01
-3.221149921417236328e+00,2.052776098251342773e+00,6.949999928474426270e-02
-2.387800216674804688e+00,-1.444000005722045898e+00,7.000000029802322388e-02
-1.352857947349548340e+00,3.055185675621032715e-01,5.099999904632568359e-02
-2.442653417587280273e+00,-4.749999940395355225e-01,5.970000028610229492e-01
1.092019081115722656e+00,-1.280799984931945801e+00,7.000000029802322388e-02
-2.307600021362304688e+00,-4.749999940395355225e-01,2.094999998807907104e-01
1.826513197004180578e+00,-1.495482694242418420e+00,3.982586120207285418e-01
1.089560031890869141e+00,-1.849000006914138794e+00,6.780000030994415283e-02
-2.873458590618399811e+00,-1.495465142782344437e+00,6.510642877844876608e-01
2.695250868797302246e+00,-6.961999932924906043e-01,5.937843620777130127e-01
2.444200012418958678e+00,1.354640046755472893e+00,1.996000011761983328e-01
-3.169183492660522461e+00,4.078816473484039307e-01,5.099999904632568359e-02
-2.263050079345703125e+00,1.558151930570602417e+00,1.261000037193298340e-01
-1.771286036412624387e+00,-1.495499926506593802e+00,3.975810140898797251e-01
-3.265901265493253547e+00,-1.495155222822980079e+00,6.895526513820741110e-01
2.461914779618382454e+00,-1.327329923398792744e+00,3.835449302569031715e-01
-2.822406053543090820e+00,-1.495450025796890348e+00,6.020655304193496260e-01
-2.227400064468383789e+00,-4.749999940395355225e-01,3.955000042915344238e-01
-1.322720567385355706e+00,-1.495000004768371582e+00,6.610003709793090820e-01
1.186499953269958496e+00,1.956263959407806396e+00,6.949999928474426270e-02
-3.270000219345092773e+00,-1.342000007629394531e+00,3.024999946355819702e-01
-2.261020660400390625e+00,-3.342507481575012207e-01,5.099999904632568359e-02
-3.265000104904174805e+00,-4.749999940395355225e-01,6.049999967217445374e-02
1.684582412242889404e+00,-4.749999940395355225e-01,5.966999977827072144e-01
-2.318325042724609375e+00,1.751175940036773682e+00,1.261000037193298340e-01
5.752400159835815430e-01,-2.039000034332275391e+00,6.949999928474426270e-02
-2.070459842681884766e+00,-1.495000004768371582e+00,3.002502590417862049e-01
-2.216500043869018555e+00,-2.095000028610229492e+00,1.006431603847548067e-01
-2.723500013351440430e+00,-1.945000022649765015e+00,6.949999928474426270e-02
-3.113500118255615234e+00,-1.596999883651733398e+00,6.949999928474426270e-02
-1.475499987602233887e+00,-1.692999869585037231e+00,6.949999928474426270e-02
-2.216500043869018555e+00,-1.548999875783920288e+00,6.949999928474426270e-02
-3.259999990463256836e+00,1.007923856377601624e-01,4.566000103950500488e-01
-3.269999980926513672e+00,1.155758023262023926e+00,2.094999998807907104e-01
1.580934226512908936e+00,-1.393000006675720215e+00,7.000000029802322388e-02
2.578321456909179688e+00,-6.994000275929769250e-01,7.000000029802322388e-02
-1.320500075817108154e+00,1.654663950204849243e+00,6.949999928474426270e-02
-1.111500144004821777e+00,1.612439950307210212e+00,6.949999928474426270e-02
-1.968250155448913574e+00,1.859751969575881958e+00,6.949999928474426270e-02
2.177080154418945312e+00,-2.041000008583068848e+00,6.780000030994415283e-02
-2.023524999618530273e+00,1.956263959407806396e+00,6.949999928474426270e-02
9.329999983310699463e-01,1.956263959407806396e+00,6.949999928474426270e-02
-1.976876959204673767e+00,8.054519742727279663e-01,1.013500001281499863e-01
1.030500054359436035e+00,2.004519969224929810e+00,6.949999928474426270e-02
-1.746200203895568848e+00,-4.749999940395355225e-01,5.970000028610229492e-01
-2.333499908447265625e+00,-1.896999984979629517e+00,6.949999928474426270e-02
-1.421776689466882848e+00,1.492300129327617686e+00,7.004750679384489365e-01
-2.664999961853027344e+00,-1.740999877452850342e+00,6.949999928474426270e-02
1.932953298091888428e+00,-5.974000295003255578e-01,7.000000029802322388e-02
-3.269999980926513672e+00,1.203764001528422112e+00,6.435000002384185791e-01
1.225499987602233887e+00,1.500847950577735901e+00,7.162249833345413208e-02
-2.631550073623657227e+00,1.908008009195327759e+00,6.949999928474426270e-02
1.444037914276123047e+00,-1.444000005722045898e+00,7.000000029802322388e-02
-3.259999990463256836e+00,7.149709165096282959e-01,2.537999997536341534e-01
1.835170269012451172e+00,-1.046199997266133552e+00,7.000000029802322388e-02
-1.670500040054321289e+00,-1.692999869585037231e+00,1.261000037193298340e-01
-2.972210645675659180e+00,-4.749999940395355225e-01,2.080000013113021962e-01
-1.968250155448913574e+00,1.648631930351257324e+00,1.261000037193298340e-01
2.078819155693054199e+00,-1.199200034141540527e+00,3.400000035762786865e-01
1.827520012855529785e+00,-1.645000010728836060e+00,6.780000030994415283e-02
-2.713476657867431641e+00,-4.749999940395355225e-01,5.035499930381774902e-01
2.187189102172851562e+00,-1.199200034141540527e+00,7.000000029802322388e-02
-3.175484267148104500e+00,-1.495454571463844973e+00,5.524777919054031372e-01
-1.184800148010253906e+00,-6.483999788761138916e-01,7.000000029802322388e-02
-2.708600044250488281e+00,-1.393000006675720215e+00,7.000000029802322388e-02
-3.259999990463256836e+00,1.007923856377601624e-01,9.780000150203704834e-02
2.695250868797302246e+00,-1.194199999173482185e+00,5.937843620777130127e-01
2.180685733632279355e+00,-1.495497049378954779e+00,4.541692492390467240e-01
-2.023524999618530273e+00,1.606407940387725830e+00,6.949999928474426270e-02
-3.009144306182861328e+00,8.059999942779541016e-01,3.955000042915344238e-01
-1.114827752113342285e+00,-1.495000004768371582e+00,3.002502590417862049e-01
1.283957315746106609e+00,1.491799961893182092e+00,1.006173872633984168e-01
9.329999983310699463e-01,1.908008009195327759e+00,1.261000037193298340e-01
2.235339999198913574e+00,-1.692999988794326782e+00,1.260000020265579224e-01
1.478999972343444824e+00,2.052776098251342773e+00,6.949999928474426270e-02
-1.986800193786621094e+00,-7.503999769687652588e-01,7.000000029802322388e-02
-2.261020660400390625e+00,5.614262819290161133e-01,5.099999904632568359e-02
-2.533469676971435547e+00,-4.749999940395355225e-01,4.566000103950500488e-01
1.966500043869018555e+00,1.751175940036773682e+00,1.261000037193298340e-01
-1.016500145196914673e+00,1.908008009195327759e+00,6.949999928474426270e-02
1.280814528465270996e+00,-4.366138428449630737e-01,6.659999489784240723e-02
-3.220060231288274011e+00,1.492250037193298295e+00,6.019755030671755103e-01
-3.259999990463256836e+00,-1.039337962865829468e-01,6.659999489784240723e-02
-1.520901560783386230e+00,8.052693009376525879e-01,3.431999981403350830e-01
-2.928300142288208008e+00,9.088700264692306519e-01,7.000000029802322388e-02
1.385368108749389648e+00,-4.750000238418579102e-01,1.996000011761983328e-01
-2.896734952926635742e+00,2.031554803252220154e-01,5.099999904632568359e-02
-2.896734952926635742e+00,-1.570705790072679520e-03,5.099999904632568359e-02
-3.073750019073486328e+00,1.606407940387725830e+00,6.949999928474426270e-02
-1.899966776371002197e+00,-4.749999940395355225e-01,9.860000200569629669e-02
-1.906600236892700195e+00,-9.952000379562377930e-01,7.000000029802322388e-02
1.627699971199035645e+00,1.203764001528422112e+00,7.000000029802322388e-02
-3.269999980926513672e+00,1.203764001528422112e+00,5.970000028610229492e-01
1.023673807873445307e+00,-5.914778998669456556e-01,3.840279509039485895e-01
1.439120054244995117e+00,-1.692999988794326782e+00,1.260000020265579224e-01
2.074157079060872544e+00,-4.749999940395355225e-01,7.376333276430765418e-01
2.187189102172851562e+00,-4.954000314076741351e-01,7.180000096559524536e-02
1.519999861717224121e+00,8.540060222148895264e-01,5.013516197601953772e-01
1.131132245063781738e+00,-1.342000007629394531e+00,7.000000029802322388e-02
1.484582453966140747e+00,-4.749999940395355225e-01,5.966999977827072144e-01
1.031300008296966553e+00,-1.548999994993209839e+00,6.780000030994415283e-02
2.639559551161162698e+00,-1.495000004768371582e+00,1.011606539998735760e-01
-1.520043414935731141e+00,1.492273719687210898e+00,6.492475888185333943e-01
-2.465725064277648926e+00,1.558151930570602417e+00,6.949999928474426270e-02
-2.668004751205444336e+00,1.492288129670279462e+00,7.504420308839707676e-01
-1.202216446399688721e+00,8.059999942779541016e-01,3.040000051259994507e-01
-3.259999990463256836e+00,-1.039337962865829468e-01,7.061999837557474402e-01
-2.468000173568725586e+00,-6.994000077247619629e-01,7.000000029802322388e-02
-2.472699880599975586e+00,1.004882007837295532e+00,7.000000029802322388e-02
-1.876125097274780273e+00,2.095000028610229492e+00,1.003667416787424743e-01
1.519999861717224121e+00,9.088700264692306519e-01,4.000378123351505666e-01
1.092019081115722656e+00,-1.393000006675720215e+00,7.000000029802322388e-02
-2.668400049209594727e+00,1.654663950204849243e+00,6.949999928474426270e-02
-2.567500114440917969e+00,-1.740999877452850342e+00,6.949999928474426270e-02
1.732629617055257087e+00,-4.749999940395355225e-01,6.520666778087615967e-01
-2.576274991035461426e+00,2.052776098251342773e+00,6.949999928474426270e-02
2.431289871533711899e+00,-4.750000238418579102e-01,3.021999994913737164e-01
-1.358500003814697266e+00,-2.041000008583068848e+00,6.949999928474426270e-02
2.283821807188146202e+00,-4.750000238418579102e-01,1.011294117745231147e-01
-1.352857947349548340e+00,4.961084015667438507e-02,5.099999904632568359e-02
1.880722240968184078e+00,-9.460545561530373515e-01,3.400000035762786865e-01
2.434499979019165039e+00,1.654663950204849243e+00,1.009985555916331490e-01
-2.896734952926635742e+00,3.567001223564147949e-01,5.099999904632568359e-02
-2.805918455123901367e+00,-1.570705790072679520e-03,5.099999904632568359e-02
-2.928431160988346438e+00,-1.495479524135589600e+00,4.400962838722813353e-01
-1.865499973297119141e+00,-2.095000028610229492e+00,1.004062300158101440e-01
1.444037914276123047e+00,-4.954000314076741351e-01,7.180000096559524536e-02
-2.307600021362304688e+00,-1.393000006675720215e+00,7.000000029802322388e-02
-2.170204639434814453e+00,8.045386075973510742e-01,5.501999855041503906e-01
2.124799887339273941e+00,1.306634038686752319e+00,3.400000035762786865e-01
-2.664999961853027344e+00,-1.849000006914138794e+00,1.261000037193298340e-01
1.579783839337965956e+00,-4.750000238418579102e-01,1.983294127618565328e-01
1.966500043869018555e+00,1.751175940036773682e+00,6.949999928474426270e-02
1.982879996299743652e+00,-1.740999996662139893e+00,6.780000030994415283e-02
-1.831551909446716309e+00,-1.495000004768371582e+00,2.022001478407118025e-01
-1.154739975929260254e+00,-1.849000006914138794e+00,6.949999928474426270e-02
-1.865499973297119141e+00,-1.494999885559082031e+00,1.004062300158101440e-01
2.676512598991394043e+00,-1.393000006675720215e+00,7.270000129938125610e-02
-2.227400064468383789e+00,-4.749999940395355225e-01,5.505000054836273193e-01
-2.871075034141540527e+00,1.654663950204849243e+00,6.949999928474426270e-02
-2.871075034141540527e+00,1.702919989824295044e+00,6.949999928474426270e-02
1.225499987602233887e+00,2.052776098251342773e+00,6.949999928474426270e-02
2.184998393058776855e-01,2.095000028610229492e+00,1.002219509939814707e-01
2.332700093587239731e+00,8.540060222148895264e-01,3.400000035762786865e-01
-3.156100034713745117e+00,1.203764001528422112e+00,7.000000029802322388e-02
-2.275000095367431641e+00,-1.896999984979629517e+00,6.949999928474426270e-02
-3.259999990463256836e+00,3.055185675621032715e-01,4.566000103950500488e-01
-1.216525018215179443e+00,-1.849000006914138794e+00,6.949999928474426270e-02
-2.821000099182128906e+00,-1.548999875783920288e+00,6.949999928474426270e-02
-1.924000024795532227e+00,-1.740999877452850342e+00,1.261000037193298340e-01
8.176800012588500977e-01,-1.945000022649765015e+00,6.780000030994415283e-02
1.784599939982096428e+00,1.100894063711166382e+00,3.400000035762786865e-01
2.244839626591593085e+00,-1.495499098437328866e+00,5.134098437476212196e-01
1.511151790618896484e+00,8.540060222148895264e-01,7.333316206932067871e-01
1.732499957084655762e+00,1.700909336407979255e+00,1.261000037193298340e-01
-2.923631921410560608e+00,-1.495485966022197966e+00,7.085361732886388264e-01
-2.926350116729736328e+00,2.010551969210306655e+00,1.261000037193298340e-01
2.538413763046264648e+00,-9.442000091075897217e-01,3.400000035762786865e-01
1.982879996299743652e+00,-1.945000022649765015e+00,1.260000020265579224e-01
-2.668400049209594727e+00,1.956263959407806396e+00,1.261000037193298340e-01
-1.924000024795532227e+00,-2.095000028610229492e+00,1.004457184395124714e-01
-1.876125097274780273e+00,1.558151930570602417e+00,6.949999928474426270e-02
2.230422045288491084e+00,-1.495498036008432008e+00,7.002364118419003303e-01
1.286000013351440430e+00,9.568760395050048828e-01,7.000000029802322388e-02
-1.806939363479614258e+00,-2.062968835234642029e-01,5.099999904632568359e-02
-3.221149921417236328e+00,1.491799950599670410e+00,1.000639976457107921e-01
-1.781739562749862671e+00,1.494062040001153946e+00,7.226187468040734529e-02
1.332775533199310303e+00,-4.749999940395355225e-01,3.966249823570251465e-01
-4.655001461505889893e-01,1.956263959407806396e+00,6.949999928474426270e-02
-3.259999990463256836e+00,1.519739329814910889e-01,9.780000150203704834e-02
1.383867168426513583e+00,1.491800069808959961e+00,7.505938053131103738e-01
8.355000019073486328e-01,1.956263959407806396e+00,1.261000037193298340e-01
-1.073500156402587891e+00,2.092989365259806167e+00,7.232999801635742188e-02
-1.770554582603642180e+00,1.492287739378507005e+00,7.501155203971706653e-01
1.877140462398529053e+00,-1.495000004768371582e+00,2.016250025480985641e-01
1.634999990463256836e+00,1.606407940387725830e+00,1.261000037193298340e-01
1.730146075288454766e+00,-1.495498208146469166e+00,4.499326425732350643e-01
1.516800045967102051e+00,-1.896999984979629517e+00,6.780000030994415283e-02
1.678759884834289506e+00,1.351896834373474077e+00,3.400000035762786865e-01
1.522264361381530762e+00,-1.291000008583068848e+00,7.000000029802322388e-02
1.927500009536743164e+00,1.491799950599670410e+00,1.010117184284121533e-01
-1.523437223757904579e+00,1.492120271177730162e+00,3.491948030448847051e-01
-2.788800239562988281e+00,-4.749999940395355225e-01,5.970000028610229492e-01
2.421868562698364258e+00,-6.484000086784362793e-01,7.000000029802322388e-02
-2.261020660400390625e+00,6.637893915176391602e-01,5.099999904632568359e-02
1.327306151390075684e+00,-1.495000004768371582e+00,7.485768397649129602e-01
-1.320500075817108154e+00,1.702919989824295044e+00,6.949999928474426270e-02
-2.021500110626220703e+00,-2.095000028610229492e+00,1.005115323635034780e-01
-3.259999990463256836e+00,3.055185675621032715e-01,7.061999837557474402e-01
-3.259999990463256836e+00,4.961084015667438507e-02,7.061999837557474402e-01
1.170245528221130371e+00,-1.046199997266133552e+00,7.000000029802322388e-02
1.969400048255920410e+00,1.251770019531250000e+00,7.000000029802322388e-02
1.678717255592346191e+00,-9.442000190416971472e-01,7.000000029802322388e-02
2.421868562698364258e+00,-8.932000100612640381e-01,7.000000029802322388e-02
1.788680076599121094e+00,-1.896999984979629517e+00,6.780000030994415283e-02
2.457199990749359131e-01,-1.943000038464864021e+00,6.949999928474426270e-02
-3.269999980926513672e+00,1.155758023262023926e+00,4.574999958276748657e-01
-2.567500114440917969e+00,-1.902999997138977051e+00,1.261000037193298340e-01
-3.042199850082397461e+00,9.568760395050048828e-01,7.000000029802322388e-02
-1.620807290077209473e+00,2.055361236844743811e+00,6.949999928474426270e-02
2.380333820978800308e+00,-1.495000004768371582e+00,2.028400013844172123e-01
2.584900021553039551e+00,-1.849000006914138794e+00,6.780000030994415283e-02
1.420500040054321289e+00,1.751175940036773682e+00,6.949999928474426270e-02
-3.169183492660522461e+00,7.149709165096282959e-01,5.099999904632568359e-02
-2.528500080108642578e+00,-1.500142744609287870e+00,7.192571248326982969e-02
1.532775551080703735e+00,-4.749999940395355225e-01,3.966249823570251465e-01
1.060711435973644257e+00,-1.495000004768371582e+00,6.113828690722584724e-01
2.578321456909179688e+00,-1.199200034141540527e+00,7.000000029802322388e-02
-1.505600094795227051e+00,-1.046199977397918701e+00,7.000000029802322388e-02
2.079979896545410156e+00,-1.945000022649765015e+00,6.780000030994415283e-02
1.131132245063781738e+00,-4.954000314076741351e-01,7.180000096559524536e-02
-1.911523853029523545e+00,8.053736857005527883e-01,9.965714386531285274e-02
-1.351695954799652100e+00,8.049039542675018311e-01,7.463500052690505981e-01
-1.716123104095458984e+00,5.102447718381881714e-01,5.099999904632568359e-02
2.675322320726182923e+00,-4.750000238418579102e-01,1.996000011761983328e-01
-2.442653417587280273e+00,-2.830691933631896973e-01,5.099999904632568359e-02
-1.166537189483642489e+00,8.051231622695922407e-01,4.591600060462951438e-01
-2.915617832384611585e+00,1.492289626598358065e+00,4.399939275101611424e-01
-1.982499957084655762e+00,-1.740999877452850342e+00,6.949999928474426270e-02
1.225499987602233887e+00,1.558151930570602417e+00,6.949999928474426270e-02
1.381500005722045898e+00,2.052776098251342773e+00,6.949999928474426270e-02
-1.673450112342834473e+00,1.751175940036773682e+00,6.949999928474426270e-02
-1.893501957257588630e+00,1.491800069808959961e+00,3.194000025590260639e-01
-3.259999990463256836e+00,-4.366138428449630737e-01,6.516000032424926758e-01
1.495700001716613770e+00,8.059999942779541016e-01,7.540000230073928833e-02
-2.606499910354614258e+00,-1.945000022649765015e+00,6.949999928474426270e-02
-3.018474936485290527e+00,2.004519969224929810e+00,6.949999928474426270e-02
1.932953298091888428e+00,-1.393000006675720215e+00,7.000000029802322388e-02
-3.016000032424926758e+00,-2.089857169560023653e+00,7.192571248326982969e-02
-3.270000219345092773e+00,-7.503999769687652588e-01,6.435000002384185791e-01
-2.788800239562988281e+00,-9.441999991734822961e-01,7.000000029802322388e-02
2.179599947399563309e+00,8.059999942779541016e-01,1.996000011761983328e-01
-2.987550973892211914e+00,-2.446830421686172485e-01,5.099999904632568359e-02
-1.526050209999084473e+00,1.509895980358123779e+00,1.261000037193298340e-01
-1.666000127792358398e+00,-1.444000005722045898e+00,7.000000029802322388e-02
-1.562900185585021973e+00,2.054786761601766099e+00,6.949999928474426270e-02
2.479635636011759292e+00,-4.749999940395355225e-01,7.476999958356221887e-01
-3.259999990463256836e+00,-3.854323029518127441e-01,5.970000028610229492e-01
2.723006486892700195e+00,-1.393000006675720215e+00,2.508999988436698692e-01
1.173918738961219788e+00,-1.495000004768371582e+00,3.048999980092048645e-01
2.239500045776367188e+00,1.702919989824295044e+00,6.949999928474426270e-02
2.239500045776367188e+00,1.606407940387725830e+00,6.949999928474426270e-02
-2.903099298477172852e+00,8.049039542675018311e-01,5.970000028610229492e-01
1.280814528465270996e+00,6.637893915176391602e-01,5.970000028610229492e-01
1.835170269012451172e+00,-1.444000005722045898e+00,7.000000029802322388e-02
-1.016500145196914673e+00,1.908008009195327759e+00,1.261000037193298340e-01
-1.751915931701660156e+00,-1.495000004768371582e+00,2.512252051383256912e-01
2.284356413743434899e+00,-1.495481165555807346e+00,3.992700819403697254e-01
-1.225500106811523438e+00,1.654663950204849243e+00,6.949999928474426270e-02
-1.425400137901306152e+00,-6.994000077247619629e-01,7.000000029802322388e-02
-1.526050209999084473e+00,1.558151930570602417e+00,6.949999928474426270e-02
-2.548200130462646484e+00,-1.342000007629394531e+00,7.000000029802322388e-02
5.235000252723693848e-01,2.052776098251342773e+00,6.949999928474426270e-02
-2.138096094131469727e+00,8.059999942779541016e-01,1.860000044107437134e-01
-3.269999980926513672e+00,1.251770019531250000e+00,2.094999998807907104e-01
1.280814528465270996e+00,-1.039337962865829468e-01,3.473999897638956891e-01
-3.165338078165441882e+00,-1.495480820415465706e+00,4.397321854665027230e-01
1.180319738388061479e+00,-1.495000004768371582e+00,5.442884325981139915e-01
2.083499908447265625e+00,1.702919989824295044e+00,6.949999928474426270e-02
-2.261020660400390625e+00,-2.830691933631896973e-01,5.099999904632568359e-02
2.715251843134562026e+00,-1.199200034141540527e+00,1.996000011761983328e-01
2.079550027847290039e+00,8.059999942779541016e-01,1.051000021398067474e-01
-1.806939363479614258e+00,2.543370202183723450e-01,5.099999904632568359e-02
1.788680076599121094e+00,-1.800999999046325684e+00,1.260000020265579224e-01
2.529618531465530396e+00,-4.749999940395355225e-01,7.023999840021133423e-01
-1.320500075817108154e+00,1.859751969575881958e+00,6.949999928474426270e-02
-1.154739975929260254e+00,-1.644999861717224121e+00,6.949999928474426270e-02
-2.815259225906864504e+00,-1.495480813326374170e+00,4.394330581830394045e-01
-1.625306725502014160e+00,-4.749999940395355225e-01,4.020000025629997253e-01
-1.827374417048234223e+00,-1.494999906191459171e+00,1.005737724212499712e-01
1.726986408233642578e+00,-1.495000004768371582e+00,5.442884365717569617e-01
1.439120054244995117e+00,-1.992999970912933350e+00,6.780000030994415283e-02
1.629847131669521332e+00,-1.495000004768371582e+00,2.998374998569488525e-01
-2.116266270152857842e+00,-1.495496566178368791e+00,4.393647442587086394e-01
1.280814528465270996e+00,-1.570705790072679520e-03,4.566000103950500488e-01
-3.009144306182861328e+00,8.059999942779541016e-01,5.040000081062316895e-01
2.030299981435140122e+00,9.088700264692306519e-01,3.400000035762786865e-01
1.519999861717224121e+00,1.004882007837295532e+00,6.927221298217773882e-01
-3.230499982833862305e+00,-1.849000006914138794e+00,6.949999928474426270e-02
1.128399968147277832e+00,-1.740999996662139893e+00,6.780000030994415283e-02
1.342499971389770508e+00,1.799432009458541870e+00,1.261000037193298340e-01
1.780293941497802734e+00,-4.749999940395355225e-01,4.003999829292297363e-01
-2.442653417587280273e+00,-5.275225080549716949e-02,5.099999904632568359e-02
-2.078799962997436523e+00,1.805463981628417924e+00,6.949999928474426270e-02
-1.352857947349548340e+00,6.126078367233276367e-01,5.099999904632568359e-02
1.924620032310485840e+00,-1.845000008742014641e+00,6.780000030994415283e-02
-2.774204254150390625e+00,1.492287234713633781e+00,4.403210789896547794e-01
-1.806939363479614258e+00,4.961084015667438507e-02,5.099999904632568359e-02
-3.269999980926513672e+00,9.088700264692306519e-01,1.010000035166740417e-01
7.400000095367431641e-01,-2.077000021934509277e+00,1.005203052478678138e-01
1.639604091644287109e+00,-4.954000314076741351e-01,7.180000096559524536e-02
1.189998269081115723e+00,3.567001223564147949e-01,5.099999904632568359e-02
-2.263050079345703125e+00,2.092989365259806167e+00,7.232999801635742188e-02
1.480559563636779874e+00,-1.495000004768371582e+00,6.975047588348388672e-01
-2.309367895126342773e+00,-1.495000004768371582e+00,2.022001478407118025e-01
-3.074500083923339844e+00,-1.740999877452850342e+00,6.949999928474426270e-02
-6.604599952697753906e-01,-1.945000022649765015e+00,6.949999928474426270e-02
-1.225500106811523438e+00,2.004519969224929810e+00,6.949999928474426270e-02
2.235339999198913574e+00,-2.091000027126736160e+00,7.142133679654863454e-02
2.128519296646118164e+00,-1.240000009536743164e+00,7.000000029802322388e-02
-1.826500058174133301e+00,-1.740999877452850342e+00,6.949999928474426270e-02
1.373266617457072014e+00,8.059999942779541016e-01,1.005999992291132655e-01
1.804998368024826050e-01,2.092989365259806167e+00,7.232999801635742188e-02
-1.710300087928771973e+00,2.052776098251342773e+00,6.949999928474426270e-02
-2.708600044250488281e+00,-1.199200034141540527e+00,7.000000029802322388e-02
-1.968098627030849368e+00,-1.495487527549266726e+00,7.494896035641431808e-01
-3.259999990463256836e+00,4.590632021427154541e-01,2.537999997536341534e-01
2.282137453556060791e+00,8.059999942779541016e-01,1.111749978736042976e-01
3.280999958515167236e-01,-1.945000022649765015e+00,1.261000037193298340e-01
1.879099925359090095e+00,8.540060222148895264e-01,3.400000035762786865e-01
-5.780799984931945801e-01,-2.041000008583068848e+00,6.949999928474426270e-02
-3.018474936485290527e+00,1.702919989824295044e+00,6.949999928474426270e-02
2.715251843134562026e+00,-6.484000086784362793e-01,1.996000011761983328e-01
1.717830538749694824e+00,-4.954000314076741351e-01,7.180000096559524536e-02
1.167240023612976074e+00,-1.692999988794326782e+00,1.260000020265579224e-01
2.729216126834645095e+00,-6.451117630098380795e-01,4.011581914097654966e-01
-2.871075034141540527e+00,1.500847950577735901e+00,7.162249833345413208e-02
-1.073500156402587891e+00,2.004519969224929810e+00,6.949999928474426270e-02
2.178767502307891846e+00,-4.749999940395355225e-01,6.004749983549118042e-01
2.030397415161132812e+00,-4.749999940395355225e-01,5.929249823093414307e-01
-3.270000219345092773e+00,-8.422000010808309289e-01,1.475000008940696716e-01
-1.826400160789489746e+00,-1.291000008583068848e+00,7.000000029802322388e-02
2.681999921798706055e+00,-1.896999984979629517e+00,7.245600436414990908e-02
-2.957499980926513672e+00,-1.945000022649765015e+00,6.949999928474426270e-02
-7.315001487731933594e-01,2.092989365259806167e+00,7.232999801635742188e-02
-1.897755622863769531e+00,-5.275225080549716949e-02,5.099999904632568359e-02
-2.177500009536743164e+00,-2.041000008583068848e+00,6.949999928474426270e-02
2.025000095367431641e+00,2.092989365259806167e+00,7.232999801635742188e-02
2.695250868797302246e+00,-1.293799996376037598e+00,5.937843620777130127e-01
1.131132245063781738e+00,-4.750000238418579102e-01,1.509999997085995083e-01
-1.651777148246765137e+00,8.059999942779541016e-01,4.743999838829040527e-01
1.529774373987826008e+00,-1.495496975576005250e+00,4.487421525324263305e-01
2.278500080108642578e+00,1.751175940036773682e+00,6.949999928474426270e-02
1.634999990463256836e+00,1.908008009195327759e+00,6.949999928474426270e-02
-1.986800193786621094e+00,-8.422000010808309289e-01,7.000000029802322388e-02
-1.425400137901306152e+00,-1.444000005722045898e+00,7.000000029802322388e-02
-2.949200153350830078e+00,-1.382799983024597168e+00,7.000000029802322388e-02
-1.262041568756103516e+00,-1.570705790072679520e-03,5.099999904632568359e-02
2.584460064321520978e+00,-1.199261081633032910e+00,3.511313288038563907e-01
1.280814528465270996e+00,-1.570705790072679520e-03,5.033999880154927942e-01
-2.533469676971435547e+00,-3.854323029518127441e-01,5.099999904632568359e-02
-3.189800262451171875e+00,-1.240000009536743164e+00,7.000000029802322388e-02
-2.567500114440917969e+00,-2.095000028610229492e+00,1.008800905804301401e-01
-1.031170010566711426e+00,-1.644999861717224121e+00,6.949999928474426270e-02
2.180686267217000207e+00,-4.750000238418579102e-01,2.028400013844172123e-01
1.099182009696960449e+00,8.045386075973510742e-01,3.473999897638956891e-01
2.426765748432704317e+00,-2.043571438108171545e+00,6.780000030994415283e-02
2.429540038108825684e+00,-1.692999988794326782e+00,1.260000020265579224e-01
1.519999861717224121e+00,1.004882007837295532e+00,6.020400573809941980e-01
-3.269999980926513672e+00,9.088700264692306519e-01,4.574999958276748657e-01
-2.814821192851433285e+00,1.491799971232047550e+00,1.004654594625418035e-01
-3.270000219345092773e+00,-9.441999991734822961e-01,4.574999958276748657e-01
1.576699892679850334e+00,1.052888035774230957e+00,3.400000035762786865e-01
-1.418499992443964963e+00,-2.091307713435246463e+00,7.211230580623333164e-02
-1.899262905120849609e+00,8.049039542675018311e-01,3.494999855756759644e-01
2.729505496025085520e+00,-8.941559994220733554e-01,3.995171499252319069e-01
-3.042199850082397461e+00,1.251770019531250000e+00,7.000000029802322388e-02
-1.308393478393554688e+00,8.059999942779541016e-01,6.112000048160552979e-01
-1.709499955177307129e+00,-1.945000022649765015e+00,6.949999928474426270e-02
1.480639487504959106e+00,-1.495000004768371582e+00,7.485768347978591919e-01
-1.826400160789489746e+00,-1.158399939537048340e+00,7.000000029802322388e-02
2.429540038108825684e+00,-1.548999994993209839e+00,6.780000030994415283e-02
-3.269999980926513672e+00,1.100894063711166382e+00,7.055000066757202148e-01
1.099182009696960449e+00,1.007923856377601624e-01,5.099999904632568359e-02
-2.814399957656860352e+00,1.354640046755472893e+00,7.000000029802322388e-02
-3.270000219345092773e+00,-7.503999769687652588e-01,5.505000054836273193e-01
-1.824619674936253988e+00,1.492286004918686793e+00,4.401023681176469693e-01
1.827520012855529785e+00,-1.945000022649765015e+00,1.260000020265579224e-01
-6.175001263618469238e-01,2.095000028610229492e+00,1.008011139062948008e-01
-3.259999990463256836e+00,7.175299882888793723e-01,7.498800039291382280e-01
-2.120847034148680699e+00,1.492290433782797576e+00,7.081309837790635831e-01
-3.259999990463256836e+00,3.567001223564147949e-01,5.970000028610229492e-01
-1.020239351225681101e+00,1.492275445187678073e+00,6.012155389199491662e-01
-2.871075034141540527e+00,1.805463981628417924e+00,6.949999928474426270e-02
1.058200001716613770e+00,1.251770019531250000e+00,7.000000029802322388e-02
-1.820389647637644215e+00,1.492251649979622119e+00,5.011959700815139529e-01
1.399900078773498535e+00,1.457510054111480713e+00,7.000000029802322388e-02
1.519999861717224121e+00,9.568760395050048828e-01,6.927221298217773882e-01
2.180529069900512873e+00,-4.749999940395355225e-01,4.487200081348419189e-01
1.767292845249176070e+00,1.491800069808959961e+00,3.011999994516372792e-01
1.280814528465270996e+00,1.519739329814910889e-01,2.070000022649765015e-01
-3.074500083923339844e+00,-1.896999984979629517e+00,6.949999928474426270e-02
2.584900021553039551e+00,-1.645000010728836060e+00,6.780000030994415283e-02
-1.470775127410888672e+00,1.956263959407806396e+00,1.261000037193298340e-01
-1.820850133895874023e+00,2.092989365259806167e+00,7.232999801635742188e-02
1.280814528465270996e+00,7.149709165096282959e-01,6.659999489784240723e-02
-2.127862691879272461e+00,1.491800069808959961e+00,2.517999973562028426e-01
1.478999972343444824e+00,1.956263959407806396e+00,1.261000037193298340e-01
-2.968904018402099609e+00,1.492276225771222764e+00,6.507986698831830230e-01
-2.355290174484252930e+00,1.491800069808959961e+00,2.024000003933906500e-01
1.982879996299743652e+00,-1.795000004768371626e+00,6.780000030994415283e-02
1.326698422431945801e+00,-8.932000100612640381e-01,7.000000029802322388e-02
-3.171035437198070905e+00,1.492291542676302596e+00,7.507697340253588481e-01
2.584242165088653564e+00,-1.497580003738403276e+00,7.154920324683189392e-02
-3.221149921417236328e+00,1.751175940036773682e+00,6.949999928474426270e-02
-2.661336660385131836e+00,8.059999942779541016e-01,3.955000042915344238e-01
-2.263050079345703125e+00,1.558151930570602417e+00,6.949999928474426270e-02
-3.259999990463256836e+00,5.588672041893005815e-01,7.093199849128722922e-01
-2.977963268756866455e+00,-4.749999940395355225e-01,2.543500028550624847e-01
-2.987550973892211914e+00,-4.366138428449630737e-01,5.099999904632568359e-02
-1.666000127792358398e+00,-4.749999940395355225e-01,1.010000035166740417e-01
2.704640150070190430e+00,-9.442000190416971472e-01,1.293999999761581421e-01
-1.823953910046313132e+00,1.492281962590045197e+00,6.507991315370582619e-01
-2.533469676971435547e+00,4.961084015667438507e-02,5.099999904632568359e-02
2.677090406417846680e+00,-1.194199999173482185e+00,6.967776417732238770e-01
1.172458963345755167e+00,-1.495489659648256309e+00,3.979596819369320970e-01
2.849983237683773041e-02,2.095000028610229492e+00,1.003535788419634839e-01
4.257725423032587275e-01,2.093903303146362305e+00,7.258727062832225074e-02
1.277647824651266140e+00,1.492261010480214312e+00,4.921979525960593072e-01
1.184033870697021484e+00,8.051231622695922407e-01,4.981199979782104381e-01
-2.708600044250488281e+00,-1.331800103187561035e+00,7.000000029802322388e-02
2.715251843134562026e+00,-1.474599957466125488e+00,1.996000011761983328e-01
-2.715102195739746094e+00,-2.062968835234642029e-01,5.099999904632568359e-02
4.928599894046783447e-01,-1.945000022649765015e+00,6.949999928474426270e-02
1.835170269012451172e+00,-9.952000379562377930e-01,7.000000029802322388e-02
-1.768000006675720215e+00,-2.095000028610229492e+00,1.003404160918191373e-01
-2.131000041961669922e+00,1.052888035774230957e+00,7.000000029802322388e-02
-2.004008769989013672e+00,8.059999942779541016e-01,3.631999939680099487e-01
1.310703754425048828e+00,8.059999942779541016e-01,3.804000020027160645e-01
1.678717255592346191e+00,-4.750000238418579102e-01,1.509999997085995083e-01
-2.821000099182128906e+00,-1.596999883651733398e+00,1.261000037193298340e-01
1.888575136661529541e+00,-1.495000004768371582e+00,3.043599992990493885e-01
-1.263500094413757324e+00,1.654663950204849243e+00,1.261000037193298340e-01
1.280814528465270996e+00,-1.570705790072679520e-03,6.659999489784240723e-02
1.033349156379699707e+00,-1.240000009536743164e+00,7.000000029802322388e-02
-3.119779635659035488e+00,1.492289924008004753e+00,7.501659709412384913e-01
-3.109600305557250977e+00,-1.291000008583068848e+00,7.000000029802322388e-02
-3.135001659393310547e-01,2.004519969224929810e+00,6.949999928474426270e-02
-3.259999990463256836e+00,-1.039337962865829468e-01,1.523999981582164764e-01
-1.675400018692016602e+00,1.052888035774230957e+00,7.000000029802322388e-02
1.519999861717224121e+00,1.251770019531250000e+00,4.000378123351505666e-01
1.280399656295776456e+00,-1.495000004768371582e+00,5.953605175018310547e-01
-2.434218931198119940e+00,8.048308849334716575e-01,4.038000047206878884e-01
2.579811623755921879e+00,-1.495468111748391005e+00,4.509650754167678355e-01
2.617434501647949219e+00,-1.342000007629394531e+00,7.000000029802322388e-02
2.436999983257717606e+00,8.540060222148895264e-01,1.509999997085995083e-01
-2.387800216674804688e+00,-7.503999769687652588e-01,7.000000029802322388e-02
2.455168167750040542e+00,1.491800069808959961e+00,2.749999960263569965e-01
2.382755279541015625e+00,-1.291000008583068848e+00,7.000000029802322388e-02
1.835170269012451172e+00,-8.422000408172607422e-01,7.000000029802322388e-02
-1.573000013828277588e+00,-1.548999875783920288e+00,6.949999928474426270e-02
-1.225500106811523438e+00,1.956263959407806396e+00,1.261000037193298340e-01
-2.170925021171569824e+00,1.908008009195327759e+00,6.949999928474426270e-02
-3.257999897003173828e+00,1.751175940036773682e+00,1.006036719610524793e-01
1.478150892257690474e+00,-4.749999940395355225e-01,6.450200080871582031e-01
1.932953298091888428e+00,-9.442000190416971472e-01,7.000000029802322388e-02
1.099356144666671753e+00,8.049039542675018311e-01,7.065999805927276611e-01
-1.716123104095458984e+00,6.637893915176391602e-01,5.099999904632568359e-02
-2.930302544515960061e+00,-1.495487056216415089e+00,3.976390515359080613e-01
-3.029400110244750977e+00,-6.483999788761138916e-01,7.000000029802322388e-02
-1.901293468475341752e+00,-4.749999940395355225e-01,7.059199929237365279e-01
-2.421208173800737384e+00,-1.495475394603533514e+00,4.426204806719070683e-01
1.379161132152542768e+00,-1.436652578328498908e+00,3.839775761270704524e-01
-1.860154706923688117e+00,-1.495483633924703071e+00,5.101329452190243030e-01
-1.425400137901306152e+00,-6.483999788761138916e-01,7.000000029802322388e-02
-1.820850133895874023e+00,1.702919989824295044e+00,1.261000037193298340e-01
-3.259999990463256836e+00,7.149709165096282959e-01,5.033999880154927942e-01
2.179366731643676669e+00,-1.370700960159301651e+00,3.814960026741027743e-01
-3.269999980926513672e+00,9.568760395050048828e-01,5.970000028610229492e-01
-3.705001473426818848e-01,2.052776098251342773e+00,6.949999928474426270e-02
3.324998021125793457e-01,2.004519969224929810e+00,6.949999928474426270e-02
1.280814528465270996e+00,4.590632021427154541e-01,3.006000022093455182e-01
-2.428595940272013198e+00,8.050257364908853797e-01,6.489000022411346436e-01
-2.369915192777460433e+00,-1.495454571463844973e+00,6.516214731064710053e-01
2.710816979408264160e+00,-1.194199999173482185e+00,5.055044591426849365e-01
-3.018474936485290527e+00,1.751175940036773682e+00,6.949999928474426270e-02
1.526986400286356682e+00,-1.495000004768371582e+00,5.442884365717569617e-01
-1.263293206691741943e+00,8.049039542675018311e-01,2.075000032782554626e-01
2.715608969330787659e+00,-8.932000100612640381e-01,2.019625017419457436e-01
-2.115650177001953125e+00,1.696887969970703125e+00,1.261000037193298340e-01
-2.165210545063018799e+00,8.052693009376525879e-01,2.557999938726425171e-01
2.028846979141235352e+00,-4.749999940395355225e-01,6.510599970817565474e-01
-3.230499982833862305e+00,-1.596999883651733398e+00,6.949999928474426270e-02
-2.472699880599975586e+00,1.354640046755472893e+00,7.000000029802322388e-02
-1.171225309371948242e+00,3.055185675621032715e-01,5.099999904632568359e-02
-2.926350116729736328e+00,1.805463981628417924e+00,6.949999928474426270e-02
-2.275000095367431641e+00,-1.849000006914138794e+00,1.261000037193298340e-01
2.083300113677978516e+00,1.100894063711166382e+00,7.000000029802322388e-02
1.227701960214927945e+00,-1.495494869217943723e+00,4.429457098690431360e-01
-1.897755622863769531e+00,1.007923856377601624e-01,5.099999904632568359e-02
2.729097734798084485e+00,-1.044979997114701797e+00,4.018296967853199342e-01
-1.319587647087044235e+00,-1.495489610979954476e+00,3.963338212213582401e-01
-1.585800170898437500e+00,-8.422000010808309289e-01,7.000000029802322388e-02
1.226960539817810059e+00,-4.749999940395355225e-01,4.003999829292297363e-01
1.829999983310699463e+00,1.606407940387725830e+00,6.949999928474426270e-02
2.635392851299709793e+00,-1.495000004768371582e+00,1.996000011761983328e-01
2.425800085067749023e+00,9.568760395050048828e-01,7.540000230073928833e-02
1.733892917633056641e+00,-1.495000004768371582e+00,6.975047588348388672e-01
-3.119674047114143978e+00,1.492257783110712666e+00,5.007737205481864740e-01
-1.520691704750060991e+00,8.051231622695922407e-01,5.983600020408630371e-01
1.280814528465270996e+00,4.590632021427154541e-01,2.070000022649765015e-01
-2.368299741413737003e+00,1.492067257708561634e+00,3.476551082496015521e-01
-2.631550073623657227e+00,1.654663950204849243e+00,6.949999928474426270e-02
-2.778949975967407227e+00,1.908008009195327759e+00,6.949999928474426270e-02
-1.105900049209594727e+00,9.088700264692306519e-01,7.000000029802322388e-02
2.480538249015808105e+00,-1.291000008583068848e+00,7.000000029802322388e-02
1.280814528465270996e+00,-1.570705790072679520e-03,7.061999837557474402e-01
2.429799980587429520e+00,1.155758023262023926e+00,1.023999998966852870e-01
1.444037914276123047e+00,-1.097200036048889160e+00,7.000000029802322388e-02
-2.869000196456909180e+00,-5.055999904870986938e-01,7.000000029802322388e-02
1.727306167284647698e+00,-1.495000004768371582e+00,7.485768397649129602e-01
-2.576274991035461426e+00,2.095000028610229492e+00,1.008669278302858074e-01
-3.705001473426818848e-01,1.908008009195327759e+00,6.949999928474426270e-02
1.228915333747863770e+00,-9.952000379562377930e-01,7.000000029802322388e-02
-1.903199911117553711e+00,1.306634038686752319e+00,7.000000029802322388e-02
1.832566595077514737e+00,8.059999942779541016e-01,2.640399992465972678e-01
2.343641996383666992e+00,-7.504000067710876465e-01,7.000000029802322388e-02
-2.570654988288879395e+00,1.492283640429377556e+00,4.403210789896547794e-01
-1.534490466117858887e+00,-2.062968835234642029e-01,5.099999904632568359e-02
9.915000200271606445e-01,1.956263959407806396e+00,6.949999928474426270e-02
-2.528500080108642578e+00,-1.746999859809875488e+00,6.949999928474426270e-02
2.487800121307373047e+00,-1.548999994993209839e+00,6.780000030994415283e-02
-1.216525018215179443e+00,-2.095000028610229492e+00,1.001034859827784618e-01
-3.009144306182861328e+00,8.059999942779541016e-01,3.024999946355819702e-01
-1.897755622863769531e+00,8.045386075973510742e-01,3.084000051021575928e-01
-1.320500075817108154e+00,1.751175940036773682e+00,6.949999928474426270e-02
-2.520999908447265625e+00,1.908008009195327759e+00,6.949999928474426270e-02
-2.177500009536743164e+00,-1.945000022649765015e+00,6.949999928474426270e-02
-2.079388141632080078e+00,-2.062968835234642029e-01,5.099999904632568359e-02
-3.259999990463256836e+00,6.126078367233276367e-01,2.070000022649765015e-01
-1.982499957084655762e+00,-1.644999861717224121e+00,6.949999928474426270e-02
-2.147200107574462891e+00,-1.393000006675720215e+00,7.000000029802322388e-02
2.461428118915092611e+00,1.491800069808959961e+00,3.304853661031257883e-01
1.284582406282424927e+00,-4.749999940395355225e-01,5.966999977827072144e-01
1.069499969482421875e+00,2.092989365259806167e+00,7.232999801635742188e-02
1.008365750312805176e+00,5.102447718381881714e-01,5.099999904632568359e-02
-1.031170010566711426e+00,-1.945000022649765015e+00,6.949999928474426270e-02
-3.269999980926513672e+00,1.155758023262023926e+00,5.505000054836273193e-01
-3.174337685108184814e+00,-4.749999940395355225e-01,5.035499930381774902e-01
-3.173804998397827148e+00,8.050257364908853797e-01,6.489000022411346436e-01
1.280814528465270996e+00,2.543370202183723450e-01,5.501999855041503906e-01
-3.270000219345092773e+00,-1.342000007629394531e+00,2.094999998807907104e-01
-3.113500118255615234e+00,-1.992999970912933350e+00,6.949999928474426270e-02
1.634415699034622138e+00,-1.495483931806898648e+00,3.984070650695525351e-01
1.511151790618896484e+00,1.306634038686752319e+00,7.333316206932067871e-01
1.092019081115722656e+00,-9.952000379562377930e-01,7.000000029802322388e-02
1.280814528465270996e+00,1.007923856377601624e-01,7.061999837557474402e-01
-2.473305225372314453e+00,1.492276225771222764e+00,6.507986698831830230e-01
1.399900078773498535e+00,1.052888035774230957e+00,7.000000029802322388e-02
9.915000200271606445e-01,2.095000028610229492e+00,1.003799045155214648e-01
1.513800024986267090e+00,9.568760395050048828e-01,7.000000029802322388e-02
-3.259999990463256836e+00,-1.039337962865829468e-01,5.970000028610229492e-01
-1.988128960132598877e+00,-4.749999940395355225e-01,5.970000028610229492e-01
1.479703744252522712e+00,1.491800069808959961e+00,6.028654461815243781e-01
1.065751206874847368e+00,1.491800069808959961e+00,2.024000003933906500e-01
-1.519270670591014394e+00,-1.495352635584255241e+00,3.497499200967278954e-01
1.280814528465270996e+00,3.055185675621032715e-01,3.434999883174896240e-01
1.044895730391451449e+00,-1.495000004768371582e+00,7.471008217383804384e-01
2.723006486892700195e+00,-5.974000295003255578e-01,2.508999988436698692e-01
-2.225505590438842773e+00,1.492250037193298295e+00,6.025145262479781882e-01
-2.060499906539916992e+00,-1.548999875783920288e+00,6.949999928474426270e-02
1.280814528465270996e+00,2.031554803252220154e-01,2.537999997536341534e-01
1.128399968147277832e+00,-1.591000000635782952e+00,6.780000030994415283e-02
-1.470262452960014343e+00,1.492253161966800690e+00,5.533048948273062706e-01
-2.372499942779541016e+00,-1.692999869585037231e+00,6.949999928474426270e-02
-1.333699941635131836e+00,8.540060222148895264e-01,7.000000029802322388e-02
1.730859830975532532e+00,-1.370726515849431282e+00,3.813291688760121478e-01
1.301652744412422180e+00,1.491800069808959961e+00,2.491999976336956024e-01
-1.505600094795227051e+00,-6.994000077247619629e-01,7.000000029802322388e-02
-2.125417150476927475e+00,1.492291337059390210e+00,4.399894858880709636e-01
2.122000455856323242e+00,-7.469999988873800012e-01,7.000000029802322388e-02
-2.367105245590209961e+00,1.492280047386884689e+00,4.403210789896547794e-01
2.034362018108367920e+00,-4.749999940395355225e-01,5.514000058174133301e-01
-3.016000032424926758e+00,-1.794999957084655762e+00,6.949999928474426270e-02
-3.156100034713745117e+00,1.457510054111480713e+00,7.000000029802322388e-02
2.479442588353561128e+00,-1.495389853493642063e+00,7.014034531884274504e-01
-2.778949975967407227e+00,1.751175940036773682e+00,6.949999928474426270e-02
1.283759951591491699e+00,-1.992999970912933350e+00,6.780000030994415283e-02
1.280814528465270996e+00,4.961084015667438507e-02,5.970000028610229492e-01
-2.528500080108642578e+00,-1.494999885559082031e+00,1.008537650801414609e-01
2.682167828083038330e+00,-1.505950003862380981e+00,7.240575319156050682e-02
-2.748288631439208984e+00,8.059999942779541016e-01,5.970000028610229492e-01
-1.080409049987792969e+00,7.149709165096282959e-01,5.099999904632568359e-02
2.378554821014404297e+00,-1.199200034141540527e+00,3.400000035762786865e-01
-3.270000219345092773e+00,-1.291000008583068848e+00,4.574999958276748657e-01
1.927306135495503669e+00,-1.495000004768371582e+00,7.485768397649129602e-01
-1.358500003814697266e+00,-1.548999875783920288e+00,1.261000037193298340e-01
2.021719932556152344e+00,-1.740999996662139893e+00,6.780000030994415283e-02
-3.259999990463256836e+00,2.543370202183723450e-01,1.523999981582164764e-01
-2.949200153350830078e+00,-7.912000119686126709e-01,7.000000029802322388e-02
1.733732978502909416e+00,-1.495000004768371582e+00,5.953605175018310547e-01
-2.021500110626220703e+00,-2.089857169560023653e+00,7.192571248326982969e-02
-3.265092534291982318e+00,1.497448883991276070e+00,1.002527253867926543e-01
-2.263050079345703125e+00,1.956263959407806396e+00,6.949999928474426270e-02
2.669307351112365723e+00,-1.239850014448165894e+00,7.409175932407379150e-01
1.478999972343444824e+00,1.654663950204849243e+00,6.949999928474426270e-02
-2.788800239562988281e+00,-4.749999940395355225e-01,3.024999946355819702e-01
1.886302911002060378e+00,1.491800069808959961e+00,3.376775861814104163e-01
-2.624285936355590820e+00,5.614262819290161133e-01,5.099999904632568359e-02
-1.171225309371948242e+00,8.045386075973510742e-01,3.006000022093455182e-01
1.874283432960510254e+00,-6.484000086784362793e-01,7.000000029802322388e-02
-1.443674206733703613e+00,7.149709165096282959e-01,5.099999904632568359e-02
2.375999927520751953e+00,1.491799950599670410e+00,1.006299975243481748e-01
-2.079388141632080078e+00,6.637893915176391602e-01,5.099999904632568359e-02
-2.017099857330322266e+00,1.306634038686752319e+00,7.000000029802322388e-02
-2.314277681937584319e+00,1.492261574818537717e+00,5.006214114335867382e-01
3.976999968290328979e-02,-2.041000008583068848e+00,6.949999928474426270e-02
2.078977988316462522e+00,-1.495000004768371582e+00,1.009615395259071124e-01
-3.265088876510576110e+00,-1.495478293332772601e+00,7.507893936982884542e-01
1.031300008296966553e+00,-1.896999984979629517e+00,6.780000030994415283e-02
-3.259999990463256836e+00,2.543370202183723450e-01,3.473999897638956891e-01
2.429425186581081864e+00,-4.749999940395355225e-01,5.966999928156534461e-01
-3.171999931335449219e+00,-1.849000006914138794e+00,6.949999928474426270e-02
2.676391455260190178e+00,-1.445159093900160396e+00,7.007418003949251739e-01
-2.528500080108642578e+00,-1.849000006914138794e+00,6.949999928474426270e-02
-2.974767367045084487e+00,-4.749999940395355225e-01,9.886666884024937485e-02
-1.023145151138305620e+00,1.491800069808959961e+00,7.424883127212524858e-01
-1.415500164031982422e+00,1.956263959407806396e+00,7.289599776268004816e-02
-2.810144901275634766e+00,1.491800069808959961e+00,2.517999973562028426e-01
2.578321456909179688e+00,-1.444000005722045898e+00,7.000000029802322388e-02
2.429558940050078775e+00,-5.925964436879972430e-01,3.838908625085179493e-01
2.184141576290130615e+00,-4.749999940395355225e-01,5.060999989509582520e-01
1.430982759504607182e+00,8.059999942779541016e-01,7.506024530439665554e-01
1.537500023841857910e+00,1.654663950204849243e+00,6.949999928474426270e-02
-1.987981319427490234e+00,-4.749999940395355225e-01,2.493333369493484497e-01
1.128000020980834961e+00,1.558151930570602417e+00,6.949999928474426270e-02
-2.017013207077980042e+00,1.494062040001153946e+00,7.225874962750822306e-02
-3.171999931335449219e+00,-1.992999970912933350e+00,6.949999928474426270e-02
1.128742469584240737e+00,-1.436604232472531884e+00,3.840279509039485895e-01
-2.369112044572830200e+00,-1.495437525212764740e+00,6.003942843526601791e-01
-1.339361786842346191e+00,8.059999942779541016e-01,7.008000016212463379e-01
1.030500054359436035e+00,1.908008009195327759e+00,6.949999928474426270e-02
-1.746200203895568848e+00,-4.749999940395355225e-01,5.505000054836273193e-01
-2.261020660400390625e+00,-4.749999940395355225e-01,5.970000028610229492e-01
1.031300008296966553e+00,-2.041000008583068848e+00,6.780000030994415283e-02
1.933732986450195312e+00,-1.495000004768371582e+00,5.953605175018310547e-01
-1.016500145196914673e+00,1.702919989824295044e+00,6.949999928474426270e-02
1.280814528465270996e+00,4.078816473484039307e-01,7.061999837557474402e-01
1.678717255592346191e+00,-4.954000314076741351e-01,7.180000096559524536e-02
1.439120054244995117e+00,-2.091000027126736160e+00,7.142133679654863454e-02
-1.111500144004821777e+00,1.805463981628417924e+00,6.949999928474426270e-02
-3.113500118255615234e+00,-1.896999984979629517e+00,6.949999928474426270e-02
-1.903199911117553711e+00,1.457510054111480713e+00,7.000000029802322388e-02
1.845883311057577414e+00,1.494754479855907148e+00,7.275224431436888572e-02
-1.806939363479614258e+00,1.007923856377601624e-01,5.099999904632568359e-02
2.425800085067749023e+00,1.052888035774230957e+00,7.540000230073928833e-02
-1.670500040054321289e+00,-1.945000022649765015e+00,1.261000037193298340e-01
2.688736120596626922e+00,-9.958763450186773891e-01,3.840084533817720858e-01
-3.269999980926513672e+00,1.155758023262023926e+00,5.970000028610229492e-01
8.355000019073486328e-01,2.052776098251342773e+00,6.949999928474426270e-02
-1.319070351620515114e+00,1.492292221635580063e+00,7.487965255665282038e-01
-2.440710902214050293e+00,8.052693009376525879e-01,2.115000039339065552e-01
-2.351837158203125000e+00,7.661525011062622070e-01,5.099999904632568359e-02
-1.625306725502014160e+00,8.045386075973510742e-01,2.537999997536341534e-01
1.225499987602233887e+00,-2.041000008583068848e+00,6.780000030994415283e-02
2.676263935036129471e+00,-5.431333316697014579e-01,7.014649874634213411e-01
1.835170269012451172e+00,-5.974000295003255578e-01,7.000000029802322388e-02
-2.869000196456909180e+00,-4.749999940395355225e-01,2.094999998807907104e-01
8.549983054399490356e-02,1.952242612838745117e+00,6.949999928474426270e-02
1.679171651601791382e+00,-1.097200036048889160e+00,3.400000035762786865e-01
-1.661799997091293335e-01,-2.089857169560023653e+00,7.192571248326982969e-02
-3.270000219345092773e+00,-1.342000007629394531e+00,5.970000028610229492e-01
-3.029400110244750977e+00,-1.291000008583068848e+00,7.000000029802322388e-02
2.421868562698364258e+00,-7.504000067710876465e-01,7.000000029802322388e-02
2.434499979019165039e+00,1.702919989824295044e+00,1.008932533738918086e-01
1.228915333747863770e+00,-1.393000006675720215e+00,7.000000029802322388e-02
-3.105728387832641602e+00,-1.495000004768371582e+00,2.022001478407118025e-01
-3.230499982833862305e+00,-1.740999877452850342e+00,6.949999928474426270e-02
-2.723500013351440430e+00,-1.992999970912933350e+00,6.949999928474426270e-02
1.287585139274597168e+00,-1.046199997266133552e+00,7.000000029802322388e-02
-2.115650177001953125e+00,1.654663950204849243e+00,6.949999928474426270e-02
-2.533469676971435547e+00,-4.749999940395355225e-01,3.473999897638956891e-01
1.513800024986267090e+00,8.540060222148895264e-01,7.000000029802322388e-02
1.741599917411804199e+00,1.354640046755472893e+00,7.000000029802322388e-02
-1.443674206733703613e+00,1.007923856377601624e-01,5.099999904632568359e-02
-2.707548141479492188e+00,-1.495000004768371582e+00,2.022001478407118025e-01
-1.569000005722045898e+00,8.059999942779541016e-01,1.402000039815902710e-01
2.226302385330200195e+00,-7.504000067710876465e-01,7.000000029802322388e-02
-3.109600305557250977e+00,-7.912000119686126709e-01,7.000000029802322388e-02
1.966500043869018555e+00,2.004519969224929810e+00,6.949999928474426270e-02
-1.263500094413757324e+00,1.805463981628417924e+00,6.949999928474426270e-02
-1.901293468475341752e+00,-4.749999940395355225e-01,4.569600045680999867e-01
2.683077025413513006e+00,-4.750000238418579102e-01,2.508999988436698692e-01
-2.619640398025512518e+00,8.051231622695922407e-01,1.483599960803985707e-01
-1.897755622863769531e+00,3.567001223564147949e-01,5.099999904632568359e-02
-3.270000219345092773e+00,-5.055999904870986938e-01,5.970000028610229492e-01
2.441833884088616458e+00,1.491800069808959961e+00,2.008526316755696317e-01
1.033349156379699707e+00,-6.484000086784362793e-01,7.000000029802322388e-02
-2.526405096054077148e+00,1.492244482040405273e+00,6.037938561704423446e-01
-2.723500013351440430e+00,-1.548999875783920288e+00,6.949999928474426270e-02
-1.505600094795227051e+00,-1.393000006675720215e+00,7.000000029802322388e-02
-1.924000024795532227e+00,-2.041000008583068848e+00,6.949999928474426270e-02
-2.721104383468627930e+00,1.492250037193298295e+00,5.547785192728043047e-01
-2.244899988174438477e+00,1.155758023262023926e+00,7.000000029802322388e-02
2.684873461723327637e+00,-1.243999997774760002e+00,6.526376605033874512e-01
1.933892885843912834e+00,-1.495000004768371582e+00,6.975047588348388672e-01
-3.270000219345092773e+00,-9.441999991734822961e-01,3.955000042915344238e-01
-2.071129480997721206e+00,-4.953999916712443219e-01,6.886666516462962295e-02
-1.987981319427490234e+00,-4.749999940395355225e-01,3.998333364725112915e-01
-1.080409049987792969e+00,-4.749999940395355225e-01,6.516000032424926758e-01
-2.410449981689453125e+00,1.745143930117289299e+00,6.949999928474426270e-02
2.225229239463806241e+00,1.491800069808959961e+00,3.011999994516372792e-01
1.283759951591491699e+00,-2.041000008583068848e+00,6.780000030994415283e-02
1.633319973945617676e+00,-2.041000008583068848e+00,6.780000030994415283e-02
2.578321456909179688e+00,-6.484000086784362793e-01,7.000000029802322388e-02
2.434499979019165039e+00,2.052776098251342773e+00,1.001298115697017987e-01
1.191112375259399503e+00,8.051231622695922407e-01,4.495600044727325328e-01
9.730399847030639648e-01,-2.095000028610229492e+00,1.005339524367960535e-01
-5.225001573562622070e-01,1.908008009195327759e+00,6.949999928474426270e-02
2.278500080108642578e+00,1.908008009195327759e+00,6.949999928474426270e-02
1.131132245063781738e+00,-4.750000238418579102e-01,1.996000011761983328e-01
-2.468640089035034180e+00,-1.495000004768371582e+00,2.022001478407118025e-01
-1.931400179862976074e+00,1.558151930570602417e+00,6.949999928474426270e-02
-1.419556437000151661e+00,1.492251649979622119e+00,5.527598771356767582e-01
-3.081327676773071289e+00,8.050257364908853797e-01,1.058666681249936375e-01
-3.270000219345092773e+00,-1.148199995358784919e+00,6.435000002384185791e-01
1.537500023841857910e+00,1.745143930117289299e+00,1.261000037193298340e-01
1.227226257324218750e+00,-1.495000004768371582e+00,6.975047588348388672e-01
1.287585139274597168e+00,-1.291000008583068848e+00,7.000000029802322388e-02
2.869099974632263184e-01,-2.089857169560023653e+00,7.192571248326982969e-02
-3.171183501816775774e+00,1.492289460583092309e+00,3.977624347356900625e-01
-1.104600071907043457e+00,-4.749999940395355225e-01,2.094999998807907104e-01
-3.270000219345092773e+00,-1.148199995358784919e+00,5.040000081062316895e-01
-1.562900185585021973e+00,2.092989365259806167e+00,7.232999801635742188e-02
-2.121558531125386615e+00,1.492250037193298295e+00,6.025145262479781882e-01
1.519999861717224121e+00,1.004882007837295532e+00,4.525708896773202317e-01
1.295902609825134277e+00,8.059999942779541016e-01,7.057999968528747559e-01
-1.534490466117858887e+00,-1.039337962865829468e-01,5.099999904632568359e-02
-1.585800170898437500e+00,-4.749999940395355225e-01,2.560000121593475342e-01
-2.817647218704223633e+00,8.051231622695922407e-01,5.503199934959411843e-01
-1.786721587181091309e+00,1.491800069808959961e+00,2.024000003933906500e-01
-2.815799951553344727e+00,1.702919989824295044e+00,6.949999928474426270e-02
-1.918045616918994556e+00,-1.495495995686900281e+00,7.445152678316638850e-01
-3.269500017166137695e+00,-2.079000022676256165e+00,7.289599792824850988e-02
-2.468000173568725586e+00,-6.483999788761138916e-01,7.000000029802322388e-02
-2.661336660385131836e+00,8.059999942779541016e-01,4.574999958276748657e-01
1.627699971199035645e+00,1.004882007837295532e+00,7.000000029802322388e-02
2.131818638907538421e+00,-1.495000004768371582e+00,3.021999994913737164e-01
1.280814528465270996e+00,6.637893915176391602e-01,4.566000103950500488e-01
1.639604091644287109e+00,-6.994000275929769250e-01,7.000000029802322388e-02
-2.333499908447265625e+00,-1.740999877452850342e+00,6.949999928474426270e-02
-3.189800262451171875e+00,-5.055999904870986938e-01,7.000000029802322388e-02
8.744999766349792480e-01,2.004519969224929810e+00,6.949999928474426270e-02
1.522264361381530762e+00,-6.994000275929769250e-01,7.000000029802322388e-02
-3.259999990463256836e+00,7.661525011062622070e-01,2.070000022649765015e-01
-3.074500083923339844e+00,-1.546999891599019294e+00,6.949999928474426270e-02
-1.352857947349548340e+00,7.149709165096282959e-01,5.099999904632568359e-02
-2.139625310897827148e+00,8.059999942779541016e-01,5.970000028610229492e-01
-3.156100034713745117e+00,1.052888035774230957e+00,7.000000029802322388e-02
-7.315001487731933594e-01,2.095000028610229492e+00,1.008800905804301401e-01
-3.177430200576782049e+00,-4.749999940395355225e-01,3.013599991798400768e-01
-4.133200049400329590e-01,-1.945000022649765015e+00,1.261000037193298340e-01
1.741599917411804199e+00,1.100894063711166382e+00,7.000000029802322388e-02
-1.114827752113342285e+00,-1.495000004768371582e+00,2.028626482933759689e-01
1.280814528465270996e+00,-1.039337962865829468e-01,2.070000022649765015e-01
-2.172144821711949003e+00,8.053736857005527883e-01,9.888571394341331977e-02
-3.270000219345092773e+00,-8.422000010808309289e-01,2.560000121593475342e-01
1.027533721923828081e+00,1.492274958888689662e+00,4.472038697451353184e-01
-2.928300142288208008e+00,1.402646034955978394e+00,7.000000029802322388e-02
-2.896734952926635742e+00,-4.749999940395355225e-01,7.061999837557474402e-01
-2.317893034617106274e+00,-1.495486694176991760e+00,7.504915336767832290e-01
-5.780799984931945801e-01,-1.902999997138977051e+00,1.261000037193298340e-01
-3.105728387832641602e+00,-1.495000004768371582e+00,3.002502590417862049e-01
2.539208173751831055e+00,-6.484000086784362793e-01,7.000000029802322388e-02
-2.373600006103515625e+00,1.908008009195327759e+00,6.949999928474426270e-02
-1.416999995708465576e+00,-1.692999869585037231e+00,6.949999928474426270e-02
-2.533469676971435547e+00,2.031554803252220154e-01,5.099999904632568359e-02
2.429540038108825684e+00,-1.945000022649765015e+00,1.260000020265579224e-01
-1.673300921916961670e+00,1.493092624204499286e+00,7.235499977001122462e-02
-3.257999897003173828e+00,1.805463981628417924e+00,7.289599776268004816e-02
-3.259999990463256836e+00,5.216991752386093001e-02,3.442799866199493519e-01
-2.805918455123901367e+00,5.102447718381881714e-01,5.099999904632568359e-02
2.378554821014404297e+00,-9.442000091075897217e-01,3.400000035762786865e-01
-1.173455093947934458e+00,1.492298534008818622e+00,5.502246515431874485e-01
-2.533469676971435547e+00,-4.749999940395355225e-01,2.070000022649765015e-01
2.083499908447265625e+00,1.751175940036773682e+00,6.949999928474426270e-02
-3.042199850082397461e+00,1.203764001528422112e+00,7.000000029802322388e-02
-1.425400137901306152e+00,-1.342000007629394531e+00,7.000000029802322388e-02
-2.473375743128864102e+00,1.492290074131878308e+00,7.504331139454328836e-01
-1.585800170898437500e+00,-4.749999940395355225e-01,5.970000028610229492e-01
2.284972190856933594e+00,-9.952000379562377930e-01,7.000000029802322388e-02
-1.746200203895568848e+00,-1.046199957529703850e+00,7.000000029802322388e-02
-1.778545379638671875e+00,8.059999942779541016e-01,5.586000084877014160e-01
-1.080409049987792969e+00,-4.749999940395355225e-01,4.566000103950500488e-01
-1.574861020790903288e+00,-1.494999896852593713e+00,1.003311163500735653e-01
2.451399988598293778e+00,8.540060222148895264e-01,2.481999976767433891e-01
1.380859971046447754e+00,-1.740999996662139893e+00,6.780000030994415283e-02
-1.333699941635131836e+00,1.402646034955978394e+00,7.000000029802322388e-02
-3.029400110244750977e+00,-4.749999940395355225e-01,3.490000069141387939e-01
1.927500009536743164e+00,1.500847950577735901e+00,7.162249833345413208e-02
-3.230499982833862305e+00,-1.992999970912933350e+00,6.949999928474426270e-02
1.280814528465270996e+00,7.661525011062622070e-01,3.006000022093455182e-01
1.128000020980834961e+00,1.908008009195327759e+00,6.949999928474426270e-02
-2.879499912261962891e+00,-1.945000022649765015e+00,6.949999928474426270e-02
2.343641996383666992e+00,-1.342000007629394531e+00,7.000000029802322388e-02
1.033349156379699707e+00,-8.422000408172607422e-01,7.000000029802322388e-02
-3.269999980926513672e+00,1.203764001528422112e+00,4.574999958276748657e-01
2.278500080108642578e+00,1.502140522003173828e+00,7.127885520458221436e-02
2.379950046539306641e+00,1.203764001528422112e+00,3.400000035762786865e-01
-1.534490466117858887e+00,-3.854323029518127441e-01,5.099999904632568359e-02
-3.169183492660522461e+00,7.533571124076843262e-01,5.099999904632568359e-02
1.080388271808624179e+00,1.491800069808959961e+00,3.011999994516372792e-01
-1.174619019031524658e+00,-4.749999940395355225e-01,3.477999940514564514e-01
-2.372499942779541016e+00,-1.644999861717224121e+00,6.949999928474426270e-02
-2.170204639434814453e+00,8.045386075973510742e-01,4.020000025629997253e-01
-1.171225309371948242e+00,6.126078367233276367e-01,5.099999904632568359e-02
1.280814528465270996e+00,1.519739329814910889e-01,4.605000093579292297e-01
2.293600082397460938e+00,-1.945000022649765015e+00,1.260000020265579224e-01
-1.709499955177307129e+00,-1.500142744609287870e+00,7.192571248326982969e-02
2.122499942779541016e+00,1.558151930570602417e+00,6.949999928474426270e-02
1.380859971046447754e+00,-1.896999984979629517e+00,6.780000030994415283e-02
2.226302385330200195e+00,-7.912000119686126709e-01,7.000000029802322388e-02
1.283759951591491699e+00,-1.951000014940897698e+00,1.260000020265579224e-01
1.172099947929382324e+00,1.052888035774230957e+00,7.000000029802322388e-02
-1.982499957084655762e+00,-1.898999969164530510e+00,6.949999928474426270e-02
-2.896734952926635742e+00,4.961084015667438507e-02,5.099999904632568359e-02
-2.805918455123901367e+00,-2.830691933631896973e-01,5.099999904632568359e-02
2.666615822258785684e+00,-4.754566509254585238e-01,5.499372089931950924e-01
-1.333408832550048828e+00,8.059999942779541016e-01,4.010000079870223999e-01
1.094151782989501998e+00,8.051231622695922407e-01,7.502800107002258745e-01
2.332439899444580078e+00,-1.692999988794326782e+00,6.780000030994415283e-02
1.867786176204681459e+00,-1.495000004768371582e+00,1.012190409004688207e-01
2.444200012418958678e+00,8.540060222148895264e-01,1.996000011761983328e-01
-2.774204254150390625e+00,1.492276225771222764e+00,6.507986698831830230e-01
-3.270000219345092773e+00,-5.055999904870986938e-01,6.435000002384185791e-01
-2.170204639434814453e+00,8.045386075973510742e-01,5.970000028610229492e-01
-1.520893041638360588e+00,-1.495491027184154609e+00,4.005309163552263629e-01
2.187189102172851562e+00,-6.484000086784362793e-01,7.000000029802322388e-02
-1.443674206733703613e+00,7.661525011062622070e-01,5.099999904632568359e-02
1.081077456474304199e+00,1.491800069808959961e+00,6.001777946949005127e-01
-2.351837158203125000e+00,-4.366138428449630737e-01,5.099999904632568359e-02
-4.275001585483551025e-01,2.004519969224929810e+00,6.949999928474426270e-02
2.722825090090433608e+00,-1.199200034141540527e+00,2.496999982330534162e-01
1.079585075378417969e+00,1.491800069808959961e+00,7.490588823954263953e-01
-2.261020660400390625e+00,-4.749999940395355225e-01,6.516000032424926758e-01
-2.520999908447265625e+00,1.654663950204849243e+00,6.949999928474426270e-02
-1.826500058174133301e+00,-1.849000006914138794e+00,6.949999928474426270e-02
-1.673409745726786912e+00,-1.495478900385574628e+00,6.483637455483557410e-01
2.025000095367431641e+00,1.805463981628417924e+00,6.949999928474426270e-02
-2.244899988174438477e+00,1.457510054111480713e+00,7.000000029802322388e-02
-2.712934811909993638e+00,-4.749999940395355225e-01,6.489000022411346436e-01
-1.262781202793121338e+00,-4.749999940395355225e-01,9.860000200569629669e-02
-3.176055749257405747e+00,-4.749999940395355225e-01,3.998333364725112915e-01
-3.309400081634521484e-01,-2.089857169560023653e+00,7.192571248326982969e-02
1.419400751590728760e+00,-8.932000100612640381e-01,3.400000035762786865e-01
-2.628400087356567383e+00,-7.912000119686126709e-01,7.000000029802322388e-02
-2.723500013351440430e+00,-1.951000014940897698e+00,1.261000037193298340e-01
-2.533469676971435547e+00,-1.551153436303138733e-01,5.099999904632568359e-02
1.522264361381530762e+00,-1.046199997266133552e+00,7.000000029802322388e-02
-1.345200061798095703e+00,-9.850000143051147461e-01,7.000000029802322388e-02
-1.353735804557800293e+00,-1.495000004768371582e+00,2.008751463145017624e-01
-1.412527675898569868e+00,1.492271733733842920e+00,6.095264008585011828e-01
-1.709499955177307129e+00,-1.998999953269958496e+00,6.949999928474426270e-02
-3.259999990463256836e+00,3.567001223564147949e-01,2.070000022649765015e-01
-3.029400110244750977e+00,-1.148199995358784919e+00,7.000000029802322388e-02
2.382755279541015625e+00,-1.199200034141540527e+00,7.000000029802322388e-02
-2.425784444808960050e+00,8.051231622695922407e-01,5.503199934959411843e-01
-1.876125097274780273e+00,1.500847950577735901e+00,7.162249833345413208e-02
1.951300024986267090e+00,8.059999942779541016e-01,7.540000230073928833e-02
2.662305737329908606e+00,-4.770479285191570051e-01,5.891884077679027110e-01
-2.467719952265421401e+00,1.491800069808959961e+00,3.014888862768809186e-01
1.385368108749389648e+00,-1.097200036048889160e+00,7.000000029802322388e-02
1.932953298091888428e+00,-7.504000067710876465e-01,7.000000029802322388e-02
-1.619076422850290964e+00,1.492287534475326582e+00,7.506141019364197531e-01
-1.505600094795227051e+00,-9.952000379562377930e-01,7.000000029802322388e-02
-2.387800216674804688e+00,-9.441999991734822961e-01,7.000000029802322388e-02
2.487800121307373047e+00,-1.896999984979629517e+00,6.780000030994415283e-02
-9.500167332589626312e-03,2.095000028610229492e+00,1.003799045155214648e-01
-3.270000219345092773e+00,-1.199200034141540527e+00,2.094999998807907104e-01
-1.350943475961685181e+00,-4.749999940395355225e-01,5.970000028610229492e-01
1.230808258056640625e+00,-4.749999940395355225e-01,5.060999989509582520e-01
1.519999861717224121e+00,9.088700264692306519e-01,6.026654498917716207e-01
-3.257999897003173828e+00,2.052776098251342773e+00,1.006299975243481748e-01
1.131132245063781738e+00,-6.994000275929769250e-01,7.000000029802322388e-02
-1.320500075817108154e+00,1.908008009195327759e+00,6.949999928474426270e-02
-3.257999897003173828e+00,1.606407940387725830e+00,1.002877649179724773e-01
2.122499942779541016e+00,2.052776098251342773e+00,6.949999928474426270e-02
-1.104600071907043457e+00,-7.503999769687652588e-01,7.000000029802322388e-02
-2.896734952926635742e+00,2.543370202183723450e-01,5.099999904632568359e-02
1.580293893814086914e+00,-4.749999940395355225e-01,4.003999829292297363e-01
-1.419004837671915764e+00,1.492286084840695137e+00,3.977775362630684985e-01
-2.805918455123901367e+00,-4.749999940395355225e-01,4.566000103950500488e-01
2.083300113677978516e+00,1.354640046755472893e+00,7.000000029802322388e-02
-2.631550073623657227e+00,1.500847950577735901e+00,7.162249833345413208e-02
-2.226199865341186523e+00,1.799432009458541870e+00,6.949999928474426270e-02
-1.523939100064729324e+00,1.492280785660994757e+00,4.403223484754562600e-01
-5.162950158119201660e-01,-2.041000008583068848e+00,6.949999928474426270e-02
2.371395614412096009e+00,-1.495000004768371582e+00,3.021999994913737164e-01
1.444037914276123047e+00,-1.240000009536743164e+00,7.000000029802322388e-02
2.729380814534313249e+00,-7.946132084108749050e-01,4.002242695610478407e-01
-2.115650177001953125e+00,1.805463981628417924e+00,6.949999928474426270e-02
2.014834208921952641e+00,1.491800069808959961e+00,3.392681818116795034e-01
-2.023524999618530273e+00,2.052776098251342773e+00,6.949999928474426270e-02
-1.415500164031982422e+00,1.908008009195327759e+00,1.006958114503081481e-01
2.180999994277954102e+00,1.606407940387725830e+00,6.949999928474426270e-02
-1.319941098727877238e+00,-1.495476217496962690e+00,4.509281210956119224e-01
1.280814528465270996e+00,-1.551153436303138733e-01,5.970000028610229492e-01
1.381500005722045898e+00,2.095000028610229492e+00,1.006431603847548067e-01
-2.370977216296725754e+00,-1.495444469981723312e+00,5.002216125528017310e-01
-2.375408503317063769e+00,-1.495485651877618505e+00,4.401330604187904116e-01
-1.345200061798095703e+00,-9.441999991734822961e-01,7.000000029802322388e-02
2.226302385330200195e+00,-9.952000379562377930e-01,7.000000029802322388e-02
-2.358799934387207031e+00,1.100894063711166382e+00,7.000000029802322388e-02
1.516800045967102051e+00,-1.849000006914138794e+00,6.780000030994415283e-02
1.522264361381530762e+00,-1.148199995358784919e+00,7.000000029802322388e-02
1.170245528221130371e+00,-5.464000105857849121e-01,7.000000029802322388e-02
-1.514500021934509277e+00,-1.945000022649765015e+00,6.949999928474426270e-02
3.704998195171356201e-01,1.956263959407806396e+00,1.261000037193298340e-01
2.138766288757324219e+00,-9.442000091075897217e-01,3.400000035762786865e-01
-3.029400110244750977e+00,-7.912000119686126709e-01,7.000000029802322388e-02
-2.700500011444091797e+00,1.155758023262023926e+00,7.000000029802322388e-02
-1.806939363479614258e+00,8.045386075973510742e-01,7.061999837557474402e-01
1.926986376444498772e+00,-1.495000004768371582e+00,5.442884365717569617e-01
1.828910968520424563e+00,-1.496418183500116461e+00,7.165382125160911497e-02
-3.259999990463256836e+00,-2.446830421686172485e-01,9.780000150203704834e-02
-3.270000219345092773e+00,-5.055999904870986938e-01,3.490000069141387939e-01
2.274799982706705581e+00,1.491800069808959961e+00,3.398999869823455811e-01
-3.259999990463256836e+00,2.543370202183723450e-01,5.501999855041503906e-01
-3.270000219345092773e+00,-1.097200036048889160e+00,5.970000028610229492e-01
-3.042199850082397461e+00,1.306634038686752319e+00,7.000000029802322388e-02
1.693500041961669922e+00,1.908008009195327759e+00,6.949999928474426270e-02
1.679023370146751404e+00,-1.495000004768371582e+00,1.982500012964010239e-01
1.280814528465270996e+00,1.007923856377601624e-01,6.659999489784240723e-02
-2.879499912261962891e+00,-2.041000008583068848e+00,6.949999928474426270e-02
2.695250868797302246e+00,-9.451999862988790246e-01,5.937843620777130127e-01
-1.274099826812744141e+00,-1.495000004768371582e+00,2.499002036121156511e-01
-3.270000219345092773e+00,-1.393000006675720215e+00,3.955000042915344238e-01
-2.442653417587280273e+00,-2.062968835234642029e-01,5.099999904632568359e-02
-2.926350116729736328e+00,2.092989365259806167e+00,7.232999801635742188e-02
-3.230499982833862305e+00,-2.089000026384989273e+00,7.214133193095524643e-02
2.617434501647949219e+00,-1.444000005722045898e+00,7.000000029802322388e-02
2.715251843134562026e+00,-1.393000006675720215e+00,1.996000011761983328e-01
-2.387800216674804688e+00,-1.199200034141540527e+00,7.000000029802322388e-02
-2.576274991035461426e+00,1.908008009195327759e+00,6.949999928474426270e-02
-1.138913750648498535e+00,8.059999942779541016e-01,6.859999895095825195e-01
-1.377500176429748535e+00,2.052776098251342773e+00,6.949999928474426270e-02
2.180999994277954102e+00,2.052776098251342773e+00,6.949999928474426270e-02
-1.666000127792358398e+00,-7.503999769687652588e-01,7.000000029802322388e-02
-1.263224983215331942e+00,-4.749999940395355225e-01,2.080000013113021962e-01
2.706170996030171860e+00,-1.479983329772949219e+00,5.318539341290792200e-01
2.451149985194206238e+00,1.004882007837295532e+00,2.465124977752566338e-01
1.776500403881072998e+00,-5.974000295003255578e-01,7.000000029802322388e-02
-1.073500156402587891e+00,1.956263959407806396e+00,1.261000037193298340e-01
-1.475499987602233887e+00,-1.849000006914138794e+00,6.949999928474426270e-02
1.129625648987002462e+00,-4.749999940395355225e-01,7.479247218225060223e-01
-2.150095939636230469e+00,-1.495000004768371582e+00,2.022001478407118025e-01
-1.072360038757324219e+00,-2.089857169560023653e+00,7.192571248326982969e-02
1.129956543445587158e+00,-4.749999940395355225e-01,5.023249983787536621e-01
-2.715102195739746094e+00,1.007923856377601624e-01,5.099999904632568359e-02
1.280814528465270996e+00,7.661525011062622070e-01,5.970000028610229492e-01
-1.219799995422363281e+00,8.540060222148895264e-01,7.000000029802322388e-02
-2.715102195739746094e+00,3.567001223564147949e-01,5.099999904632568359e-02
-2.358799934387207031e+00,1.203764001528422112e+00,7.000000029802322388e-02
1.131132245063781738e+00,-1.444000005722045898e+00,7.000000029802322388e-02
-2.170204639434814453e+00,5.614262819290161133e-01,5.099999904632568359e-02
-3.266663710887615313e+00,-1.494843081327585033e+00,1.999520574624721880e-01
1.236523230870564705e+00,1.491800069808959961e+00,7.035584449768066406e-01
2.723006486892700195e+00,-1.474599957466125488e+00,2.508999988436698692e-01
-1.789300084114074707e+00,9.088700264692306519e-01,7.000000029802322388e-02
-2.442653417587280273e+00,8.045386075973510742e-01,3.006000022093455182e-01
1.128435741670383408e+00,-1.495495362311416443e+00,4.456365350980936446e-01
-1.024400115013122559e+00,-4.749999940395355225e-01,2.560000121593475342e-01
-1.534490466117858887e+00,5.102447718381881714e-01,5.099999904632568359e-02
2.293600082397460938e+00,-1.548999994993209839e+00,6.780000030994415283e-02
-2.977963268756866455e+00,-4.749999940395355225e-01,5.970000028610229492e-01
-1.171363187336202927e+00,1.492296636495177742e+00,4.429056771773342005e-01
-2.023524999618530273e+00,1.956263959407806396e+00,1.261000037193298340e-01
1.693500041961669922e+00,2.092989365259806167e+00,7.232999801635742188e-02
-2.715102195739746094e+00,5.614262819290161133e-01,5.099999904632568359e-02
2.183172941207885742e+00,-4.749999940395355225e-01,6.495500057935714722e-01
1.519999861717224121e+00,1.402646034955978394e+00,5.501323512622288137e-01
-6.745001077651977539e-01,2.095000028610229492e+00,1.008406022433624705e-01
2.539208173751831055e+00,-7.912000119686126709e-01,7.000000029802322388e-02
2.083499908447265625e+00,1.606407940387725830e+00,6.949999928474426270e-02
-2.078799962997436523e+00,1.500847950577735901e+00,7.162249833345413208e-02
-2.021500110626220703e+00,-1.494999885559082031e+00,1.005115323635034780e-01
-6.175001263618469238e-01,2.052776098251342773e+00,6.949999928474426270e-02
-2.227400064468383789e+00,-4.749999940395355225e-01,2.560000121593475342e-01
-2.625931596755981534e+00,-4.749999940395355225e-01,3.013599991798400768e-01
-3.029400110244750977e+00,-9.441999991734822961e-01,7.000000029802322388e-02
-3.269999980926513672e+00,1.251770019531250000e+00,3.490000069141387939e-01
1.874283432960510254e+00,-8.830000162124633789e-01,7.000000029802322388e-02
-1.716123104095458984e+00,6.126078367233276367e-01,5.099999904632568359e-02
2.434499979019165039e+00,1.606407940387725830e+00,7.289599776268004816e-02
2.188150048255920410e+00,8.128579854965209961e-01,7.270000129938125610e-02
-5.795001387596130371e-01,2.095000028610229492e+00,1.007747882327368061e-01
7.400000095367431641e-01,-1.945000022649765015e+00,1.008848564122759167e-01
-2.304680824279785156e+00,8.059999942779541016e-01,3.853999972343444824e-01
1.633319973945617676e+00,-1.849000006914138794e+00,6.780000030994415283e-02
1.419400751590728760e+00,-9.952000379562377930e-01,3.400000035762786865e-01
-1.903652032216389900e+00,-4.953999916712443219e-01,6.886666516462962295e-02
-2.118999958038330078e+00,-1.692999869585037231e+00,6.949999928474426270e-02
-1.438261866569519043e+00,1.491800069808959961e+00,3.011999994516372792e-01
-3.257999897003173828e+00,2.082936048507690430e+00,1.006299975243481748e-01
-3.269500017166137695e+00,-1.692999869585037231e+00,1.004720440264358083e-01
2.239500045776367188e+00,1.702919989824295044e+00,1.261000037193298340e-01
-2.468000173568725586e+00,-8.932000100612640381e-01,7.000000029802322388e-02
2.529589021907133084e+00,-4.750000238418579102e-01,1.522705879281548991e-01
1.717830538749694824e+00,-1.240000009536743164e+00,7.000000029802322388e-02
1.828799903392791748e+00,8.059999942779541016e-01,1.968999989330768585e-01
-2.520999908447265625e+00,1.702919989824295044e+00,6.949999928474426270e-02
-2.067000150680541992e+00,-9.441999991734822961e-01,7.000000029802322388e-02
-6.604599952697753906e-01,-2.041000008583068848e+00,6.949999928474426270e-02
-3.270000219345092773e+00,-1.342000007629394531e+00,7.055000066757202148e-01
-2.170925021171569824e+00,1.500847950577735901e+00,7.162249833345413208e-02
1.927500009536743164e+00,1.805463981628417924e+00,6.949999928474426270e-02
-1.216525018215179443e+00,-1.896999984979629517e+00,6.949999928474426270e-02
-1.534490466117858887e+00,4.078816473484039307e-01,5.099999904632568359e-02
1.486206108873540765e+00,-4.750000238418579102e-01,3.056363625959916397e-01
-3.259999990463256836e+00,1.519739329814910889e-01,6.659999489784240723e-02
-2.918499946594238281e+00,-1.740999877452850342e+00,6.949999928474426270e-02
6.794999837875366211e-01,2.052776098251342773e+00,6.949999928474426270e-02
-1.526050209999084473e+00,2.004519969224929810e+00,6.949999928474426270e-02
-3.270000219345092773e+00,-8.422000010808309289e-01,2.094999998807907104e-01
2.669307351112365723e+00,-9.451999862988790246e-01,7.409175932407379150e-01
1.804998368024826050e-01,1.908008009195327759e+00,6.949999928474426270e-02
-3.171999931335449219e+00,-1.945000022649765015e+00,6.949999928474426270e-02
-2.788800239562988281e+00,-7.912000119686126709e-01,7.000000029802322388e-02
-1.826500058174133301e+00,-1.692999869585037231e+00,1.261000037193298340e-01
-1.592643976211547852e+00,-1.495000004768371582e+00,2.022001478407118025e-01
-2.804400861263275146e+00,8.049039542675018311e-01,1.040000002831220627e-01
-3.266524195671081543e+00,1.491800069808959961e+00,2.496854836742083139e-01
-2.774204254150390625e+00,1.492288001540566844e+00,3.977290245951438652e-01
-3.270000219345092773e+00,-1.342000007629394531e+00,1.475000008940696716e-01
-2.131000041961669922e+00,9.637340307235717773e-01,7.000000029802322388e-02
-2.871075034141540527e+00,1.751175940036773682e+00,6.949999928474426270e-02
-2.606499910354614258e+00,-1.690999865531921387e+00,6.949999928474426270e-02
-1.249900013208389282e-01,-2.041000008583068848e+00,6.949999928474426270e-02
-1.978594183921813965e+00,8.052693009376525879e-01,2.534000016748905182e-01
-3.259999990463256836e+00,-1.039337962865829468e-01,2.070000022649765015e-01
2.069849491119384766e+00,-1.444000005722045898e+00,7.000000029802322388e-02
2.667763544165569822e+00,-1.446328256441199223e+00,7.496731073960013481e-01
2.128519296646118164e+00,-4.750000238418579102e-01,1.023999998966852870e-01
1.888499975204467773e+00,2.095000028610229492e+00,1.009853927548541586e-01
-2.227400064468383789e+00,-1.342000007629394531e+00,7.000000029802322388e-02
-3.109600305557250977e+00,-5.974000096321105957e-01,7.000000029802322388e-02
1.776500403881072998e+00,-1.291000008583068848e+00,7.000000029802322388e-02
2.676512598991394043e+00,-1.199200034141540527e+00,7.270000129938125610e-02
1.823274999856948853e+00,8.059999942779541016e-01,1.050999984145164490e-01
1.634462540799921149e+00,-1.496418183500116461e+00,7.165382125160911497e-02
-2.957499980926513672e+00,-1.598999897638956780e+00,6.949999928474426270e-02
-1.534490466117858887e+00,5.614262819290161133e-01,5.099999904632568359e-02
-2.073699980974197388e-01,-2.095000028610229492e+00,1.007484627324481408e-01
-1.072360038757324219e+00,-2.047000010808309067e+00,1.261000037193298340e-01
1.225499987602233887e+00,1.606407940387725830e+00,6.949999928474426270e-02
1.280814528465270996e+00,3.567001223564147949e-01,5.970000028610229492e-01
-2.713476657867431641e+00,-4.749999940395355225e-01,9.860000200569629669e-02
-2.070483207702636719e+00,8.050257364908853797e-01,6.489000022411346436e-01
-2.949973421437399601e+00,-1.495278560689517366e+00,7.242107125265258294e-02
-1.359235215187072798e+00,8.051231622695922407e-01,5.033999979496002197e-01
2.682232320308685303e+00,-4.749999940395355225e-01,4.022874832153320312e-01
1.424998342990875244e-01,2.010551969210306655e+00,6.949999928474426270e-02
-2.127862691879272461e+00,1.491800069808959961e+00,2.024000003933906500e-01
2.434499979019165039e+00,1.805463981628417924e+00,7.289599776268004816e-02
1.981623983383178800e+00,1.491800069808959961e+00,2.024000003933906500e-01
1.516800045967102051e+00,-1.992999970912933350e+00,6.780000030994415283e-02
-1.534490466117858887e+00,2.927231788635253906e-01,5.099999904632568359e-02
-1.806939363479614258e+00,-5.275225080549716949e-02,5.099999904632568359e-02
-1.016500145196914673e+00,1.805463981628417924e+00,6.949999928474426270e-02
1.280814528465270996e+00,6.126078367233276367e-01,2.070000022649765015e-01
-2.115620620627152171e+00,-1.495497805193850782e+00,3.976966934768776940e-01
2.178354814648628235e+00,-4.750000238418579102e-01,2.468499988317489624e-01
2.669307351112365723e+00,-1.144400040308634514e+00,7.409175932407379150e-01
1.079893425107002258e+00,-1.495000004768371582e+00,7.014083452522754669e-01
2.678290486335754395e+00,-1.393000006675720215e+00,3.400000035762786865e-01
-2.418255410696330987e+00,-1.495486869623786630e+00,7.504655997219839003e-01
-2.582717418670654297e+00,1.491800069808959961e+00,2.024000003933906500e-01
-2.465660513137758247e+00,-1.495378778247759666e+00,3.500932715114019045e-01
4.928599894046783447e-01,-1.945000022649765015e+00,1.261000037193298340e-01
2.710222995498339671e+00,-1.495046989564159379e+00,4.412471327643133767e-01
1.280814528465270996e+00,1.007923856377601624e-01,5.501999855041503906e-01
2.478833353670337747e+00,-1.495497496369518897e+00,3.944801527865325341e-01
1.478326618671417236e+00,-4.749999940395355225e-01,5.098749995231628418e-01
-3.321536540985107422e+00,2.200110197067260742e+00,1.449799984693527222e-01
-3.321536540985107422e+00,2.200110197067260742e+00,6.506599783897399902e-01
-3.321536540985107422e+00,2.200110197067260742e+00,1.355000019073486328e+00
-3.352300882339477539e+00,2.200110197067260742e+00,1.752319991588592529e+00
-3.602260487420218205e+00,2.200110197067260742e+00,2.894600033760070801e-01
-3.452284653981526841e+00,2.200110197067260742e+00,9.396200180053710938e-01
-3.448439073562622248e+00,2.200110197067260742e+00,1.047979950904846191e+00
-3.652252356211344253e+00,2.200110197067260742e+00,1.752319991588592529e+00
-3.351800918579101562e+00,-1.949889779090881348e+00,3.436399996280670166e-01
-3.351800918579101562e+00,-1.949889779090881348e+00,7.048400342464447021e-01
-3.351800918579101562e+00,-1.949889779090881348e+00,1.300819993019104004e+00
-3.351800918579101562e+00,-1.949889779090881348e+00,1.752319991588592529e+00
-3.701883792877197266e+00,-1.949889779090881348e+00,4.519999921321868896e-01
-3.451078116893768311e+00,-1.949889779090881348e+00,7.951400279998779297e-01
-3.657470285892486572e+00,-1.949889779090881348e+00,1.156340003013610840e+00
-3.654857730865478604e+00,-1.949889779090881348e+00,1.752319991588592529e+00
-3.857244890183210373e+00,-1.900355910882353783e+00,5.467999726533889771e-02
-3.857233329919668385e+00,-1.900379633903503507e+00,6.506599783897399902e-01
-3.857286480756906499e+00,-1.900271338682908207e+00,9.938000142574310303e-01
-3.857309515162031577e+00,-1.900224252264629099e+00,1.752179991367251333e+00
-3.451230129338629382e+00,2.187652718636297511e+00,5.000000237487256527e-04
-3.551556027135369664e+00,2.000410609072146961e+00,5.000000237487256527e-04
-3.505495548248291016e+00,1.701245546340942383e+00,5.000000237487256527e-04
-3.446846961975097656e+00,1.246388276418050056e+00,5.000000237487256527e-04
-3.564144611358642578e+00,9.664362072944641113e-01,5.000000237487256527e-04
-3.554369688034057617e+00,6.531544327735900879e-01,5.000000237487256527e-04
-3.544594764709472656e+00,3.398726880550384521e-01,5.000000237487256527e-04
-3.564144611358642578e+00,-2.956374920904636383e-02,5.000000237487256527e-04
-3.564144611358642578e+00,-6.105636954307556152e-01,5.000000237487256527e-04
-3.593468785285949707e+00,-7.497184276580810547e-01,5.000000237487256527e-04
-3.564144611358642578e+00,-1.108563661575317383e+00,5.000000237487256527e-04
-3.437072157859802246e+00,-1.446226775646209717e+00,5.000000237487256527e-04
-3.364071170488993179e+00,-1.815905779600143433e+00,5.000000237487256527e-04
-3.651007042642225198e+00,2.187449053714149994e+00,5.000000237487256527e-04
-3.650977521994863917e+00,2.050311596740579390e+00,5.000000237487256527e-04
-3.801412795813342793e+00,1.551237320185600677e+00,5.000000237487256527e-04
-3.901681301525100398e+00,1.349972479627946864e+00,5.000000237487256527e-04
-3.955135822296142578e+00,7.987070679664611816e-01,5.000000237487256527e-04
-3.945361018180847168e+00,6.514253318309783936e-01,5.000000237487256527e-04
-3.955135703086853027e+00,2.592071145772933960e-01,5.000000237487256527e-04
-3.896486997604370117e+00,-1.983495196327567101e-03,5.000000237487256527e-04
-3.896486997604370117e+00,-4.999834895133972168e-01,5.000000237487256527e-04
-3.700991392135620117e+00,-7.896189093589782715e-01,5.000000237487256527e-04
-3.603243589401245117e+00,-1.100436687469482422e+00,5.000000237487256527e-04
-3.603922501118225430e+00,-1.449940677930617428e+00,5.000000237487256527e-04
-3.750905140791789272e+00,-1.800116695980034320e+00,5.000000237487256527e-04
-4.001334310685148665e+00,1.450255774123011765e+00,5.000000237487256527e-04
-4.050301001622126584e+00,1.349755833778891745e+00,5.000000237487256527e-04
-4.150527626398659464e+00,9.501064068986555533e-01,5.000000237487256527e-04
-4.202933594915601923e+00,5.500429739554723030e-01,5.000000237487256527e-04
-4.209280490875244141e+00,3.120332062244415283e-01,5.000000237487256527e-04
-4.052883625030517578e+00,-5.247513949871063232e-02,5.000000237487256527e-04
-4.051212363323922538e+00,-4.000534043978836718e-01,5.000000237487256527e-04
-3.995162628464779431e+00,-7.998043416583605625e-01,5.000000237487256527e-04
-4.001768419219226658e+00,-1.100579203047403531e+00,5.000000237487256527e-04
-4.001413622181931196e+00,-1.449931430292653589e+00,5.000000237487256527e-04
-3.717849229511461573e+00,2.160427209578062335e+00,5.467999726533889771e-02
-3.717789587221647540e+00,2.160530724023517646e+00,2.533400058746337891e-01
-3.717713688549242335e+00,2.160662462836817621e+00,5.061799883842468262e-01
-3.717804810939691063e+00,2.160505429292336466e+00,9.396200180053710938e-01
-3.717804810939691063e+00,2.160505429292336466e+00,9.938000142574310303e-01
-3.718019830553155103e+00,2.160136956917612316e+00,1.300819993019104004e+00
-3.717975735664367676e+00,2.160211826625623388e+00,1.445300102233886719e+00
-3.717898569608989678e+00,2.160342831360666516e+00,1.698140025138854980e+00
-3.835611872375011444e+00,1.943671163171529770e+00,5.467999726533889771e-02
-3.835569451252619277e+00,1.943755693733692169e+00,2.533400058746337891e-01
-3.835515459378560532e+00,1.943863275150458092e+00,5.061799883842468262e-01
-3.835461467504501343e+00,1.943970859050750732e+00,7.590200304985046387e-01
-3.835776711503664504e+00,1.943349875509738922e+00,1.102159976959228516e+00
-3.835745272537072648e+00,1.943411049743493324e+00,1.246639966964721680e+00
-3.835702041784922134e+00,1.943495169281959534e+00,1.445300102233886719e+00
-3.835647021730741013e+00,1.943602226674556732e+00,1.698140025138854980e+00
-3.949696071686283450e+00,1.699888183224585791e+00,5.467999726533889771e-02
-3.949638678181556006e+00,1.700022905103621973e+00,2.533400058746337891e-01
-3.949738619819520125e+00,1.699789626257760089e+00,5.061799883842468262e-01
-3.949702266662840078e+00,1.699873823968190978e+00,7.590200304985046387e-01
-3.949668513403998382e+00,1.699952009178343326e+00,9.938000142574310303e-01
-3.949632164031740000e+00,1.700036208780985048e+00,1.246639966964721680e+00
-3.949603602999732566e+00,1.700102365206158428e+00,1.445300102233886719e+00
-3.949727729443580859e+00,1.699814847400111573e+00,1.752319991588592529e+00
-4.048085110528128361e+00,1.450059640029120134e+00,5.467999726533889771e-02
-4.048061060527014199e+00,1.450127563779316286e+00,2.533400058746337891e-01
-4.048030444553920582e+00,1.450214015112982757e+00,5.061799883842468262e-01
-4.048121521549839841e+00,1.449964269515006787e+00,9.035000205039978027e-01
-4.048098998685037309e+00,1.450026909189839452e+00,9.938000142574310303e-01
-4.048141085912311254e+00,1.449905734213571717e+00,1.409180045127868652e+00
-4.048136590019105086e+00,1.449918041153559711e+00,1.445300102233886719e+00
-4.048105149042038775e+00,1.450004193517896889e+00,1.698140025138854980e+00
-4.123936106176937066e+00,1.217868240440592942e+00,5.467999726533889771e-02
-4.123928520414564147e+00,1.217896938323974609e+00,4.519999921321868896e-01
-4.123928520414564147e+00,1.217896938323974609e+00,5.422999858856201172e-01
-4.123928520414564147e+00,1.217896938323974609e+00,9.035000205039978027e-01
-4.123928520414564147e+00,1.217896938323974609e+00,1.156340003013610840e+00
-4.123928520414564147e+00,1.217896938323974609e+00,1.355000019073486328e+00
-4.124054403866038498e+00,1.217472854782553293e+00,1.553660035133361816e+00
-4.123998417573816688e+00,1.217658828286563688e+00,1.698140025138854980e+00
-4.182613041808163068e+00,1.000167682724772966e+00,1.603810893312703489e-01
-4.182417611152895454e+00,9.986346194821019706e-01,4.052609276386999193e-01
-4.182488744909113265e+00,9.983402571894905986e-01,5.036139166974401560e-01
-4.182327518337650929e+00,9.990136717495164964e-01,7.962641629733537840e-01
-4.182423588231945821e+00,9.986020144841349921e-01,1.148661362363937011e+00
-4.182378761352054219e+00,9.987809601284208805e-01,1.404328614946395604e+00
-4.182297804883417847e+00,9.991074777741468793e-01,1.501576038717313599e+00
-4.182044881289122884e+00,1.000149743967368998e+00,1.694498230199344757e+00
-4.235347716242070959e+00,7.452852190354509743e-01,1.447584970011679129e-01
-4.234760159399451496e+00,7.462020954344330548e-01,3.459704889029991404e-01
-4.234204990568136040e+00,7.493064854893646265e-01,6.492625509528812122e-01
-4.234642136853267402e+00,7.468452113272560089e-01,7.433781929966906121e-01
-4.234549306760168719e+00,7.473294932371491450e-01,1.004337238658006060e+00
-4.234510789185891078e+00,7.475424726288040222e-01,1.297115276386211491e+00
-4.234573149386747559e+00,7.471745952411934510e-01,1.543879480273635307e+00
-4.234185355050223087e+00,7.493162643640560727e-01,1.698157909221218897e+00
-4.271666357124491498e+00,5.000760174692160387e-01,1.100640088178702208e-01
-4.272047894983295180e+00,4.971622336177549117e-01,2.419605525484620212e-01
-4.271005269319023689e+00,4.985513535053288092e-01,4.951306061831982630e-01
-4.271246709321674828e+00,4.964578306465818325e-01,7.468706133072836595e-01
-4.271101110665372680e+00,4.976967801881391207e-01,1.142066178857818137e+00
-4.271218641669348948e+00,4.966898676568428095e-01,1.250459443151423322e+00
-4.271098131718843227e+00,4.976627408810284092e-01,1.450876729643863161e+00
-4.270882232865290895e+00,4.993650001376422343e-01,1.698117222358931366e+00
-4.294046459399003979e+00,2.419412311438943752e-01,2.360775832475081881e-01
-4.292591797730707981e+00,2.523656836252042845e-01,3.510506539849615470e-01
-4.292828225695397570e+00,2.483530662769128372e-01,6.985665556813074328e-01
-4.292971599570527985e+00,2.460020632202448154e-01,9.482213250934817816e-01
-4.293015078728243061e+00,2.452049826890785600e-01,1.047500544823474655e+00
-4.292996665922667709e+00,2.454666740350643361e-01,1.297917455310103385e+00
-4.292978443637970543e+00,2.456202154198000587e-01,1.548038000445212115e+00
-4.292989730834960938e+00,2.459329366683959961e-01,1.806499958038330078e+00
-4.300488738583553960e+00,1.149651000049329783e-02,1.032224829738864064e-01
-4.300377779253690136e+00,3.400873329649659743e-02,2.503893530777790422e-01
-4.299983645138675037e+00,3.127781447016774450e-04,6.006199717521667480e-01
-4.299983467374529411e+00,2.059654787964453732e-04,7.552199959754943848e-01
-4.299746751785278320e+00,4.426597221213024458e-02,1.147043264189431921e+00
-4.299978417674387821e+00,1.574882583905334033e-05,1.296198229151448000e+00
-4.299973538664520589e+00,2.925279042130092088e-04,1.543679952621459961e+00
-4.299970016641132098e+00,7.943738689961827844e-05,1.698279976844787598e+00
-4.300696389094455618e+00,-1.214874871908146496e-03,1.531386509579213961e-01
-4.300618691841121333e+00,-2.748808772404181134e-03,2.475058275174067401e-01
-4.299691753387451243e+00,-5.046355731785297227e-02,6.004857079188028468e-01
-4.299982920625155636e+00,-5.583439015300202231e-05,9.560837333363697566e-01
-4.299982468287150361e+00,-8.913616671413888103e-05,1.002580046653747559e+00
-4.299980700485349416e+00,-2.354367735945091711e-04,1.203438262301167239e+00
-4.299975996094990371e+00,-1.317562012009443773e-04,1.450794294597656853e+00
-4.299682048188538275e+00,-4.988167960854137523e-02,1.698150060757869451e+00
-4.293487158969596429e+00,-2.402186342549544884e-01,1.070916771164370923e-01
-4.292730823276549756e+00,-2.495835098459964763e-01,4.504215973099385817e-01
-4.292775842878553405e+00,-2.488569964965184622e-01,6.009621604894980207e-01
-4.292764423049498568e+00,-2.491127746963055223e-01,7.512325655634157773e-01
-4.292878416349303450e+00,-2.471024170517921448e-01,1.000457566301777623e+00
-4.292940204342206023e+00,-2.459381753578782082e-01,1.398680981248617172e+00
-4.292956474215485763e+00,-2.455202668558719437e-01,1.655083916908086650e+00
-4.292959728906320827e+00,-2.454311187530672789e-01,1.752643367578816891e+00
-4.271164220776195286e+00,-4.969572236957212619e-01,5.002202598705624004e-02
-4.272428895183414177e+00,-4.918175742184968668e-01,2.416576086025896131e-01
-4.271024475495020845e+00,-4.982624838335646400e-01,7.027105035053359261e-01
-4.271309872304112076e+00,-4.958448417423185206e-01,9.501345753669738770e-01
-4.270980312113175970e+00,-4.987003055580875310e-01,1.100692126834601714e+00
-4.271323076316288159e+00,-4.957100663866315648e-01,1.200340046414307249e+00
-4.271331374564867112e+00,-4.955228279145915682e-01,1.547321789720085272e+00
-4.270813792205053971e+00,-4.999009067854605637e-01,1.696241754145661584e+00
-4.234706845147674592e+00,-7.499024688010108575e-01,1.106904304718653864e-01
-4.234712421542308647e+00,-7.498853076481428737e-01,2.472217642549050243e-01
-4.234113064679232430e+00,-7.497653229670091513e-01,6.006199717521667480e-01
-4.234166182577610016e+00,-7.494751587510108948e-01,8.479799628257751465e-01
-4.234162671779229115e+00,-7.494892560369600387e-01,1.141594365360291130e+00
-4.234176279083500027e+00,-7.494059621803159654e-01,1.203434303524048454e+00
-4.234081012446705650e+00,-7.499105877023402034e-01,1.450794294597656853e+00
-4.234089546516293545e+00,-7.498108099718563402e-01,1.776086815067979163e+00
-4.183713996407674607e+00,-9.951699460365371896e-01,1.977006563137296280e-01
-4.182875606082454567e+00,-9.993533169084873879e-01,2.511471427168258108e-01
-4.182524190740546821e+00,-9.982247470844130000e-01,6.965035347320772674e-01
-4.182709973005321658e+00,-9.974258794886241564e-01,9.584022281576671798e-01
-4.182763990887466754e+00,-9.971916213143682262e-01,1.050839296516303145e+00
-4.182646675892939037e+00,-9.976749694592093043e-01,1.204985404294257378e+00
-4.182407262802123604e+00,-9.986600539684296063e-01,1.451524329185485795e+00
-4.182102511910831488e+00,-9.999072212798922887e-01,1.697871493358238171e+00
-4.124164470036824959e+00,-1.217082917690277100e+00,5.467999726533889771e-02
-4.124042600393295288e+00,-1.217498756945133209e+00,4.519999921321868896e-01
-4.124042600393295288e+00,-1.217498756945133209e+00,6.506599783897399902e-01
-4.124042600393295288e+00,-1.217498756945133209e+00,7.590200304985046387e-01
-4.124042600393295288e+00,-1.217498756945133209e+00,1.102159976959228516e+00
-4.124042600393295288e+00,-1.217498756945133209e+00,1.246639966964721680e+00
-4.124071375528971295e+00,-1.217399676640828377e+00,1.643959999084472656e+00
-4.124117533365885713e+00,-1.217241179943084672e+00,1.752319991588592529e+00
-4.048219185026865397e+00,-1.449690217063540398e+00,1.991600096225738525e-01
-4.048225940219939645e+00,-1.449671760437980517e+00,2.533400058746337891e-01
-4.048193250933000975e+00,-1.449767123306951122e+00,7.048400342464447021e-01
-4.048215819943335347e+00,-1.449704500936692675e+00,7.951400279998779297e-01
-4.048119930993943072e+00,-1.449967785487099370e+00,1.192459940910339355e+00
-4.048146225157237765e+00,-1.449893703536381695e+00,1.409180045127868652e+00
-4.048174710500807905e+00,-1.449813451085771865e+00,1.643959999084472656e+00
-4.048187857582455251e+00,-1.449776410110413138e+00,1.752319991588592529e+00
-3.949540797621011734e+00,-1.700240907259285450e+00,1.991600096225738525e-01
-3.949576638638973236e+00,-1.700158049352467060e+00,4.519999921321868896e-01
-3.949612483382225037e+00,-1.700075193308293819e+00,7.048400342464447021e-01
-3.949645761400461197e+00,-1.699998252093791962e+00,9.396200180053710938e-01
-3.949676483869552612e+00,-1.699927231296896935e+00,1.156340003013610840e+00
-3.949576131881229468e+00,-1.700161950928824384e+00,1.409180045127868652e+00
-3.949642996939401574e+00,-1.700005308976249019e+00,1.643959999084472656e+00
-3.949658431704082151e+00,-1.699969159232245453e+00,1.698140025138854980e+00
-3.838814511443629396e+00,-1.937353249752160167e+00,1.991600096225738525e-01
-3.838814511443629396e+00,-1.937353249752160167e+00,3.978199958801269531e-01
-3.838814511443629396e+00,-1.937353249752160167e+00,5.061799883842468262e-01
-3.838733412325382233e+00,-1.937514565885066986e+00,9.396200180053710938e-01
-3.838814511895179749e+00,-1.937353249639272690e+00,1.192459940910339355e+00
-3.838884025812149048e+00,-1.937214978039264679e+00,1.409180045127868652e+00
-3.838959340006113052e+00,-1.937065185979008675e+00,1.643959999084472656e+00
-3.838994093239307404e+00,-1.936996050179004669e+00,1.752319991588592529e+00
-3.309999942779541016e+00,2.117110013961791992e+00,7.273999601602554321e-02
-3.309999942779541016e+00,2.117110013961791992e+00,3.436399996280670166e-01
-3.309999942779541016e+00,2.117110013961791992e+00,9.938000142574310303e-01
-3.309999942779541016e+00,2.117110013961791992e+00,1.643959999084472656e+00
-3.309999942779541016e+00,2.034110069274902344e+00,3.436399996280670166e-01
-3.309999942779541016e+00,2.034110069274902344e+00,9.938000142574310303e-01
-3.309999942779541016e+00,2.034110069274902344e+00,1.643959999084472656e+00
-3.309999942779541016e+00,1.951110124588012695e+00,5.467999726533889771e-02
-3.309999942779541016e+00,1.951110124588012695e+00,3.436399996280670166e-01
-3.309999942779541016e+00,1.951110124588012695e+00,9.938000142574310303e-01
-3.309999942779541016e+00,1.951110124588012695e+00,1.643959999084472656e+00
-3.309999942779541016e+00,1.868110060691833496e+00,5.467999726533889771e-02
-3.309999942779541016e+00,1.868110060691833496e+00,3.436399996280670166e-01
-3.309999942779541016e+00,1.868110060691833496e+00,9.938000142574310303e-01
-3.309999942779541016e+00,1.868110060691833496e+00,1.643959999084472656e+00
-3.309999942779541016e+00,1.785110116004943848e+00,5.467999726533889771e-02
-3.309999942779541016e+00,1.785110116004943848e+00,3.436399996280670166e-01
-3.309999942779541016e+00,1.785110116004943848e+00,9.938000142574310303e-01
-3.309999942779541016e+00,1.785110116004943848e+00,1.643959999084472656e+00
-3.309999942779541016e+00,1.702110052108764648e+00,5.467999726533889771e-02
-3.309999942779541016e+00,1.702110052108764648e+00,3.436399996280670166e-01
-3.309999942779541016e+00,1.702110052108764648e+00,9.938000142574310303e-01
-3.309999942779541016e+00,1.702110052108764648e+00,1.643959999084472656e+00
-3.309999942779541016e+00,1.619110107421875000e+00,5.467999726533889771e-02
-3.309999942779541016e+00,1.619110107421875000e+00,3.436399996280670166e-01
-3.309999942779541016e+00,1.619110107421875000e+00,9.938000142574310303e-01
-3.309999942779541016e+00,1.619110107421875000e+00,1.643959999084472656e+00
-3.309999942779541016e+00,1.536110162734985352e+00,5.467999726533889771e-02
-3.309999942779541016e+00,1.536110162734985352e+00,3.436399996280670166e-01
-3.309999942779541016e+00,1.536110162734985352e+00,9.938000142574310303e-01
-3.309999942779541016e+00,1.536110162734985352e+00,1.643959999084472656e+00
-3.309999942779541016e+00,-1.534889817237854004e+00,5.467999726533889771e-02
-3.309999942779541016e+00,-1.534889817237854004e+00,3.436399996280670166e-01
-3.309999942779541016e+00,-1.534889817237854004e+00,9.938000142574310303e-01
-3.309999942779541016e+00,-1.534889817237854004e+00,1.589779973030090332e+00
-3.309999942779541016e+00,-1.617889761924743652e+00,5.467999726533889771e-02
-3.309999942779541016e+00,-1.617889761924743652e+00,3.436399996280670166e-01
-3.309999942779541016e+00,-1.617889761924743652e+00,9.938000142574310303e-01
-3.309999942779541016e+00,-1.617889761924743652e+00,1.625900030136108398e+00
-3.309999942779541016e+00,-1.700889825820922852e+00,5.467999726533889771e-02
-3.309999942779541016e+00,-1.700889825820922852e+00,3.436399996280670166e-01
-3.309999942779541016e+00,-1.700889825820922852e+00,9.938000142574310303e-01
-3.309999942779541016e+00,-1.700889825820922852e+00,1.643959999084472656e+00
-3.309999942779541016e+00,-1.783889770507812500e+00,5.467999726533889771e-02
-3.309999942779541016e+00,-1.783889770507812500e+00,3.436399996280670166e-01
-3.309999942779541016e+00,-1.783889770507812500e+00,9.938000142574310303e-01
-3.309999942779541016e+00,-1.783889770507812500e+00,1.643959999084472656e+00
-3.309999942779541016e+00,-1.866889715194702148e+00,5.467999726533889771e-02
-3.309999942779541016e+00,-1.866889715194702148e+00,3.436399996280670166e-01
-3.309999942779541016e+00,-1.866889715194702148e+00,9.938000142574310303e-01
-3.309999942779541016e+00,-1.866889715194702148e+00,1.643959999084472656e+00
-3.321536540985107422e+00,2.200110197067260742e+00,5.467999726533889771e-02
-3.321536540985107422e+00,2.200110197067260742e+00,3.436399996280670166e-01
-3.321536540985107422e+00,2.200110197067260742e+00,9.938000142574310303e-01
-3.321536540985107422e+00,2.200110197067260742e+00,1.643959999084472656e+00
-3.320450305938720703e+00,-1.949889779090881348e+00,7.273999601602554321e-02
-3.320450305938720703e+00,-1.949889779090881348e+00,3.436399996280670166e-01
-3.320450305938720703e+00,-1.949889779090881348e+00,9.938000142574310303e-01
-3.320450305938720703e+00,-1.949889779090881348e+00,1.643959999084472656e+00
-3.352300882339477539e+00,2.200110197067260742e+00,5.467999726533889771e-02
-3.352300882339477539e+00,2.200110197067260742e+00,3.436399996280670166e-01
-3.352300882339477539e+00,2.200110197067260742e+00,9.938000142574310303e-01
-3.353839111328125178e+00,2.200110197067260742e+00,1.643959999084472656e+00
-3.354123195012410630e+00,-1.949889779090881348e+00,5.267333073748482752e-02
-3.351800918579101562e+00,-1.949889779090881348e+00,3.436399996280670166e-01
-3.351800918579101562e+00,-1.949889779090881348e+00,9.938000142574310303e-01
-3.351800918579101562e+00,-1.949889779090881348e+00,1.643959999084472656e+00
-3.402292762483869470e+00,2.200110197067260742e+00,5.467999726533889771e-02
-3.402292762483869470e+00,2.200110197067260742e+00,3.436399996280670166e-01
-3.402292762483869470e+00,2.200110197067260742e+00,9.938000142574310303e-01
-3.402292762483869470e+00,2.200110197067260742e+00,1.643959999084472656e+00
-3.404052114486694425e+00,-1.949889779090881348e+00,5.467999726533889771e-02
-3.402745842933654785e+00,-1.949889779090881348e+00,3.436399996280670166e-01
-3.404052114486694425e+00,-1.949889779090881348e+00,9.938000142574310303e-01
-3.404052114486694425e+00,-1.949889779090881348e+00,1.643959999084472656e+00
-3.452284653981526841e+00,2.200110197067260742e+00,5.467999726533889771e-02
-3.452284653981526841e+00,2.200110197067260742e+00,3.436399996280670166e-01
-3.452284653981526841e+00,2.200110197067260742e+00,9.938000142574310303e-01
-3.452284653981526841e+00,2.200110197067260742e+00,1.643959999084472656e+00
-3.451078116893768311e+00,-1.949889779090881348e+00,5.467999726533889771e-02
-3.451078116893768311e+00,-1.949889779090881348e+00,3.436399996280670166e-01
-3.451078116893768311e+00,-1.949889779090881348e+00,9.938000142574310303e-01
-3.451078116893768311e+00,-1.949889779090881348e+00,1.643959999084472656e+00
-3.498104238510131747e+00,-1.949889779090881348e+00,5.467999726533889771e-02
-3.498104238510131747e+00,-1.949889779090881348e+00,3.436399996280670166e-01
-3.498104238510131747e+00,-1.949889779090881348e+00,9.938000142574310303e-01
-3.498104238510131747e+00,-1.949889779090881348e+00,1.643959999084472656e+00
-3.502276659011840820e+00,2.200110197067260742e+00,5.467999726533889771e-02
-3.502276659011840820e+00,2.200110197067260742e+00,3.436399996280670166e-01
-3.505481263001759995e+00,2.200110197067260742e+00,9.938000142574310303e-01
-3.502276659011840820e+00,2.200110197067260742e+00,1.643959999084472656e+00
-3.552268465360005845e+00,2.200110197067260742e+00,5.467999726533889771e-02
-3.552268465360005845e+00,2.200110197067260742e+00,3.436399996280670166e-01
-3.552268465360005845e+00,2.200110197067260742e+00,9.938000142574310303e-01
-3.552268465360005845e+00,2.200110197067260742e+00,1.643959999084472656e+00
-3.550355434417724609e+00,-1.949889779090881348e+00,5.467999726533889771e-02
-3.550355434417724609e+00,-1.949889779090881348e+00,3.436399996280670166e-01
-3.550355434417724609e+00,-1.949889779090881348e+00,9.938000142574310303e-01
-3.550355434417724609e+00,-1.949889779090881348e+00,1.643959999084472656e+00
-3.599055866400400649e+00,2.200110197067260742e+00,3.436399996280670166e-01
-3.602260487420218205e+00,2.200110197067260742e+00,5.467999726533889771e-02
-3.602260487420218205e+00,2.200110197067260742e+00,9.938000142574310303e-01
-3.602260487420218205e+00,2.200110197067260742e+00,1.643959999084472656e+00
-3.602606534957885742e+00,-1.949889779090881348e+00,5.467999726533889771e-02
-3.602606534957885742e+00,-1.949889779090881348e+00,3.436399996280670166e-01
-3.603912830352783203e+00,-1.949889779090881348e+00,9.938000142574310303e-01
-3.602606534957885742e+00,-1.949889779090881348e+00,1.643959999084472656e+00
-3.652252356211344253e+00,2.200110197067260742e+00,5.467999726533889771e-02
-3.652252356211344253e+00,2.200110197067260742e+00,3.436399996280670166e-01
-3.652252356211344253e+00,2.200110197067260742e+00,9.938000142574310303e-01
-3.652252356211344253e+00,2.200110197067260742e+00,1.643959999084472656e+00
-3.654857730865478604e+00,-1.949889779090881348e+00,5.467999726533889771e-02
-3.654857730865478604e+00,-1.949889779090881348e+00,3.436399996280670166e-01
-3.654857730865478604e+00,-1.949889779090881348e+00,9.938000142574310303e-01
-3.654857730865478604e+00,-1.949889779090881348e+00,1.643959999084472656e+00
-3.701746051652091030e+00,2.187339166232517673e+00,5.467999726533889771e-02
-3.701132698191536896e+00,2.187851958804660324e+00,3.436399996280670166e-01
-3.700923247469796173e+00,2.188207556804021348e+00,9.938000142574310303e-01
-3.701062434428446846e+00,2.188000659684877114e+00,1.643959999084472656e+00
-3.701883792877197266e+00,-1.949889779090881348e+00,5.467999726533889771e-02
-3.701883792877197266e+00,-1.949889779090881348e+00,3.436399996280670166e-01
-3.701883792877197266e+00,-1.949889779090881348e+00,9.938000142574310303e-01
-3.701883792877197266e+00,-1.949889779090881348e+00,1.643959999084472656e+00
-3.717849229511461573e+00,2.160427209578062335e+00,5.467999726533889771e-02
-3.717762482793707690e+00,2.160577774047851562e+00,3.436399996280670166e-01
-3.717804810939691063e+00,2.160505429292336466e+00,9.938000142574310303e-01
-3.717915102055198151e+00,2.160314757572977307e+00,1.643959999084472656e+00
-3.731882427419935144e+00,2.136107449020658411e+00,5.467999726533889771e-02
-3.732048889686321314e+00,2.135817979944163447e+00,3.436399996280670166e-01
-3.732235257114683069e+00,2.135494227920259558e+00,9.938000142574310303e-01
-3.731970357043402409e+00,2.135953984090260160e+00,1.643959999084472656e+00
-3.748909854888915927e+00,-1.949889779090881348e+00,5.467999726533889771e-02
-3.748909854888915927e+00,-1.949889779090881348e+00,3.436399996280670166e-01
-3.748909854888915927e+00,-1.949889779090881348e+00,9.938000142574310303e-01
-3.748909854888915927e+00,-1.949889779090881348e+00,1.643959999084472656e+00
-3.752148418284174003e+00,2.100241041895169136e+00,5.467999726533889771e-02
-3.752184547595123654e+00,2.100176558565737484e+00,1.643959999084472656e+00
-3.752284949476068832e+00,2.099999593965935052e+00,3.436399996280670166e-01
-3.752293403468915045e+00,2.099983368346940438e+00,9.938000142574310303e-01
-3.771096591949462784e+00,2.066087112426757688e+00,5.467999726533889771e-02
-3.771096591949462784e+00,2.066087112426757688e+00,3.436399996280670166e-01
-3.771254236499468337e+00,2.065800944964090835e+00,9.938000142574310303e-01
-3.770955542723337661e+00,2.066343158483505249e+00,1.643959999084472656e+00
-3.785073598225911606e+00,2.040345543906802117e+00,5.467999726533889771e-02
-3.784999064036778105e+00,2.040483971436818589e+00,3.436399996280670166e-01
-3.784831364949544419e+00,2.040795434088933824e+00,9.938000142574310303e-01
-3.784882606461990928e+00,2.040700263755266253e+00,1.643959999084472656e+00
-3.806440336629748344e+00,2.000178629532456398e+00,5.467999726533889771e-02
-3.806345136836171150e+00,2.000361703336238861e+00,3.436399996280670166e-01
-3.806427845588097103e+00,2.000202325674203863e+00,9.938000142574310303e-01
-3.806512722745537758e+00,2.000041842460632324e+00,1.643959999084472656e+00
-3.801161050796508789e+00,-1.949889779090881348e+00,5.467999726533889771e-02
-3.801161050796508789e+00,-1.949889779090881348e+00,3.436399996280670166e-01
-3.801161050796508789e+00,-1.949889779090881348e+00,9.938000142574310303e-01
-3.805079907178878784e+00,-1.949889779090881348e+00,1.643959999084472656e+00
-3.822789020008511063e+00,1.968778385056389801e+00,5.467999726533889771e-02
-3.822789020008511063e+00,1.968778385056389801e+00,3.436399996280670166e-01
-3.822633659138399143e+00,1.969080672544591515e+00,9.938000142574310303e-01
-3.822789020008511063e+00,1.968778385056389801e+00,1.643959999084472656e+00
-3.835611872375011444e+00,1.943671163171529770e+00,5.467999726533889771e-02
-3.835550166666507721e+00,1.943794116377830505e+00,3.436399996280670166e-01
-3.835411335031191360e+00,1.944070756435394287e+00,9.938000142574310303e-01
-3.835658811032772064e+00,1.943579286336898804e+00,1.643959999084472656e+00
-3.838814511443629396e+00,-1.937353249752160167e+00,5.467999726533889771e-02
-3.838814511443629396e+00,-1.937353249752160167e+00,3.436399996280670166e-01
-3.838750787079334259e+00,-1.937479998916387558e+00,9.938000142574310303e-01
-3.838959340006113052e+00,-1.937065185979008675e+00,1.643959999084472656e+00
-3.857405749234286141e+00,1.900021974787567514e+00,3.436399996280670166e-01
-3.857306715213891124e+00,1.900224127552726072e+00,9.938000142574310303e-01
-3.857306817861703596e+00,1.900224284942333419e+00,1.643959999084472656e+00
-3.857449762748949240e+00,1.899932128010374033e+00,5.467999726533889771e-02
-3.857244890183210373e+00,-1.900355910882353783e+00,5.467999726533889771e-02
-3.857336688786745071e+00,-1.900171111337840557e+00,3.436399996280670166e-01
-3.857286480756906499e+00,-1.900271338682908207e+00,9.938000142574310303e-01
-3.857387185096740723e+00,-1.900066148317777204e+00,1.643959999084472656e+00
-3.873154409229755402e+00,1.867798499763011932e+00,5.467999726533889771e-02
-3.872976414859294891e+00,1.868170842528343201e+00,3.436399996280670166e-01
-3.873034729677088173e+00,1.868049046572517025e+00,9.938000142574310303e-01
-3.873034729677088173e+00,1.868049046572517025e+00,1.643959999084472656e+00
-3.872975707054138184e+00,-1.868152909808688644e+00,5.467999726533889771e-02
-3.872975707054138184e+00,-1.868152909808688644e+00,3.436399996280670166e-01
-3.872975707054138184e+00,-1.868152909808688644e+00,9.938000142574310303e-01
-3.873101542977725575e+00,-1.867890172144945904e+00,1.643959999084472656e+00
-3.884646976247746686e+00,1.843720797528611843e+00,5.467999726533889771e-02
-3.884587602412446827e+00,1.843848128268059217e+00,3.436399996280670166e-01
-3.884828529459364965e+00,1.843340428585701796e+00,9.938000142574310303e-01
-3.884692194614004723e+00,1.843625625397296686e+00,1.643959999084472656e+00
-3.884813724680149960e+00,-1.843368693869164687e+00,5.467999726533889771e-02
-3.884874407281266873e+00,-1.843241983271659779e+00,3.436399996280670166e-01
-3.885010952645159943e+00,-1.842956884110227511e+00,9.938000142574310303e-01
-3.884768894378175297e+00,-1.843464049887149958e+00,1.643959999084472656e+00
-3.905044977481548774e+00,1.800071837351872261e+00,5.467999726533889771e-02
-3.905002931448129377e+00,1.800164313499744040e+00,3.436399996280670166e-01
-3.905016606673598289e+00,1.800138062797486782e+00,9.938000142574310303e-01
-3.905077011768634421e+00,1.800002707884861941e+00,1.643959999084472656e+00
-3.905185660949120230e+00,-1.799766590962043278e+00,5.467999726533889771e-02
-3.905228658822866628e+00,-1.799674550386575644e+00,3.436399996280670166e-01
-3.905217589810490608e+00,-1.799702000804245472e+00,9.938000142574310303e-01
-3.905153909096350962e+00,-1.799835847891294138e+00,1.643959999084472656e+00
-3.921221045347360601e+00,1.764648061532240630e+00,5.467999726533889771e-02
-3.921215025883800553e+00,1.764664071910786225e+00,3.439807543214761787e-01
-3.921302115475689742e+00,1.764469870814570740e+00,9.938000142574310303e-01
-3.921299462135021674e+00,1.764474481344223022e+00,1.643959999084472656e+00
-3.921445988691770079e+00,-1.764150908360114567e+00,5.467999726533889771e-02
-3.921551268834334358e+00,-1.763919791349997990e+00,3.436399996280670166e-01
-3.921434005101521958e+00,-1.764179684497692024e+00,9.938000142574310303e-01
-3.921368273404928217e+00,-1.764324807203732970e+00,1.643959999084472656e+00
-3.932438975886294763e+00,1.739462156044809360e+00,5.467999726533889771e-02
-3.932521464029947733e+00,1.739276016553243043e+00,3.433991996447245398e-01
-3.932448016630636811e+00,1.739441760488458666e+00,9.938000142574310303e-01
-3.932285331390999339e+00,1.739808875161248380e+00,1.643959999084472656e+00
-3.932209733459684387e+00,-1.739985777272118561e+00,5.467999726533889771e-02
-3.932284169726901535e+00,-1.739818137553003075e+00,3.436399996280670166e-01
-3.932451642221874710e+00,-1.739440951082441567e+00,9.938000142574310303e-01
-3.932363007519696030e+00,-1.739640590306874790e+00,1.643959999084472656e+00
-3.949612586728988184e+00,1.700084144069302416e+00,3.436399996280670166e-01
-3.949575043859935963e+00,1.700168523523542641e+00,1.643959999084472656e+00
-3.949696071686283450e+00,1.699888183224585791e+00,5.467999726533889771e-02
-3.949668513403998382e+00,1.699952009178343326e+00,9.938000142574310303e-01
-3.949653441086411476e+00,-1.699980496428906918e+00,9.938000142574310303e-01
-3.949520315974950790e+00,-1.700288255698978901e+00,5.467999726533889771e-02
-3.949561277404427528e+00,-1.700193560682237148e+00,3.436399996280670166e-01
-3.949642996939401574e+00,-1.700005308976249019e+00,1.643959999084472656e+00
-3.967955257030243654e+00,1.656841775204273004e+00,5.467999726533889771e-02
-3.967902054177953719e+00,1.656971808443678196e+00,3.436399996280670166e-01
-3.968118353092924266e+00,1.656453136433946316e+00,9.938000142574310303e-01
-3.967995856670623045e+00,1.656744544810437203e+00,1.643959999084472656e+00
-3.968105237534705676e+00,-1.656482120777698297e+00,5.467999726533889771e-02
-3.968159777052858939e+00,-1.656352644271039010e+00,3.436399996280670166e-01
-3.968282486530060549e+00,-1.656061324667423396e+00,9.938000142574310303e-01
-3.968065033567712785e+00,-1.656579518571813070e+00,1.643959999084472656e+00
-3.978542426053215397e+00,1.631260444136226839e+00,5.467999726533889771e-02
-3.978542426053215397e+00,1.631260444136226839e+00,3.436399996280670166e-01
-3.978415451943874359e+00,1.631570789963006973e+00,9.938000142574310303e-01
-3.978542426053215397e+00,1.631260444136226839e+00,1.643959999084472656e+00
-3.978615844950956326e+00,-1.631078124046325684e+00,5.467999726533889771e-02
-3.978615844950956326e+00,-1.631078124046325684e+00,3.436399996280670166e-01
-3.978664763271808624e+00,-1.630958795547485352e+00,9.938000142574310303e-01
-3.978615844950956326e+00,-1.631078124046325684e+00,1.643959999084472656e+00
-3.991353087955050949e+00,1.599619756615351163e+00,5.467999726533889771e-02
-3.991314331690470230e+00,1.599717141143859322e+00,3.436399996280670166e-01
-3.991227134825691358e+00,1.599936255386897432e+00,9.938000142574310303e-01
-3.991382680242023806e+00,1.599546930146595880e+00,1.643959999084472656e+00
-3.991404869079589801e+00,-1.599497463226318361e+00,5.453551727533340748e-02
-3.991403910421555956e+00,-1.599502245264668554e+00,3.436399996280670166e-01
-3.991365313529968262e+00,-1.599596503235044986e+00,9.938000142574310303e-01
-3.991452669340466830e+00,-1.599377451434967901e+00,1.643959999084472656e+00
-4.010924354928438795e+00,1.549911130647190216e+00,5.467999726533889771e-02
-4.010926998727690318e+00,1.549905545343228441e+00,3.437868288862026556e-01
-4.010916694518058101e+00,1.549930748439604322e+00,9.938000142574310303e-01
-4.010983306853497687e+00,1.549759840378995834e+00,1.643959999084472656e+00
-4.011020164179607939e+00,-1.549658979826826322e+00,5.482682652347456442e-02
-4.010981282880229593e+00,-1.549759351438091626e+00,3.436399996280670166e-01
-4.011067909579122848e+00,-1.549535925349881493e+00,9.938000142574310303e-01
-4.011042993576800164e+00,-1.549601282252639933e+00,1.643959999084472656e+00
-4.023274823238975451e+00,1.517591997196799936e+00,5.467999726533889771e-02
-4.023345457540975723e+00,1.517404063327892461e+00,3.431518915537241088e-01
-4.023137688636779785e+00,1.517956846290164474e+00,9.938000142574310303e-01
-4.023274823238975451e+00,1.517591997196799936e+00,1.643959999084472656e+00
-4.023341931794819359e+00,-1.517407241620515546e+00,5.467999726533889771e-02
-4.023341931794819359e+00,-1.517407241620515546e+00,3.436399996280670166e-01
-4.023350026872423157e+00,-1.517385787434048172e+00,9.938000142574310303e-01
-4.023341931794819359e+00,-1.517407241620515546e+00,1.643959999084472656e+00
-4.032524192055990220e+00,1.492841720581054688e+00,5.467999726533889771e-02
-4.032471540362336349e+00,1.492985973524492804e+00,3.436399996280670166e-01
-4.032528237863020060e+00,1.492833449081941044e+00,9.938000142574310303e-01
-4.032564457072767894e+00,1.492733818154002412e+00,1.643959999084472656e+00
-4.032665662987287902e+00,-1.492459401141765563e+00,5.467999726533889771e-02
-4.032719800638598251e+00,-1.492315697115521145e+00,3.436399996280670166e-01
-4.032507136810657755e+00,-1.492891954821209621e+00,9.938000142574310303e-01
-4.032625835995341745e+00,-1.492567468521206919e+00,1.643959999084472656e+00
-4.048085110528128361e+00,1.450059640029120134e+00,5.467999726533889771e-02
-4.048050123547750623e+00,1.450158439931415355e+00,3.436399996280670166e-01
-4.048098998685037309e+00,1.450026909189839452e+00,9.938000142574310303e-01
-4.048111889097425475e+00,1.449985732161809482e+00,1.643959999084472656e+00
-4.048201186316354061e+00,-1.449739434416331907e+00,5.467999726533889771e-02
-4.048174710500807905e+00,-1.449813451085771865e+00,1.643959999084472656e+00
-4.048102986428045114e+00,-1.450017608942524072e+00,3.436399996280670166e-01
-4.048095828010922048e+00,-1.450035693153502558e+00,9.938000142574310303e-01
-4.065597164630889715e+00,1.400236933430035968e+00,5.467999726533889771e-02
-4.065620629513849948e+00,1.400168452106538286e+00,9.938000142574310303e-01
-4.065651154518127086e+00,1.400080934166908264e+00,1.643959999084472656e+00
-4.065699725854591939e+00,1.399938093834236064e+00,3.436399996280670166e-01
-4.065760366121927483e+00,-1.399765313665072064e+00,5.467999726533889771e-02
-4.065680941597360487e+00,-1.399995796016005212e+00,3.436399996280670166e-01
-4.065760206003657729e+00,-1.399765495394097004e+00,9.938000142574310303e-01
-4.065707019964853508e+00,-1.399921532471974706e+00,1.643959999084472656e+00
-4.075170244489397575e+00,1.372238091060093534e+00,5.467999726533889771e-02
-4.075110105367807378e+00,1.372418825442974333e+00,3.450292303011967543e-01
-4.075170244489397575e+00,1.372238091060093534e+00,9.938000142574310303e-01
-4.075170244489397575e+00,1.372238091060093534e+00,1.643959999084472656e+00
-4.075222696576799919e+00,-1.372048514229910809e+00,5.467999726533889771e-02
-4.075222696576799919e+00,-1.372048514229910809e+00,3.436399996280670166e-01
-4.075222696576799919e+00,-1.372048514229910809e+00,9.938000142574310303e-01
-4.075222696576799919e+00,-1.372048514229910809e+00,1.643959999084472656e+00
-4.083368687196211155e+00,1.347533002766695853e+00,5.467999726533889771e-02
-4.083397200348180434e+00,1.347450417116147658e+00,3.434743115661341162e-01
-4.083482174439863499e+00,1.347191179882396339e+00,9.938000142574310303e-01
-4.083396902951327512e+00,1.347447495027021880e+00,1.643959999084472656e+00
-4.083480978012085316e+00,-1.347189316966316941e+00,5.467999726533889771e-02
-4.083518960259177710e+00,-1.347075426578521640e+00,3.436399996280670166e-01
-4.083604418147693593e+00,-1.346819169954820206e+00,9.938000142574310303e-01
-4.083453109047630036e+00,-1.347274937412955564e+00,1.643959999084472656e+00
-4.098703095170318278e+00,1.300119902266830607e+00,5.467999726533889771e-02
-4.098670900845136522e+00,1.300223253789495326e+00,3.436399996280670166e-01
-4.098681898911793908e+00,1.300193857153256749e+00,9.938000142574310303e-01
-4.098727796898513631e+00,1.300042566705922553e+00,1.643959999084472656e+00
-4.098807714024528259e+00,-1.299790751738626460e+00,5.467999726533889771e-02
-4.098840971462061944e+00,-1.299687739278449383e+00,3.436399996280670166e-01
-4.098833020528157789e+00,-1.299718101819356209e+00,9.938000142574310303e-01
-4.098783332793439094e+00,-1.299868187943442832e+00,1.643959999084472656e+00
-4.114229886258234714e+00,1.250124588364460498e+00,5.467999726533889771e-02
-4.114198684692382812e+00,1.250228242795975442e+00,3.436399996280670166e-01
-4.114128484100591621e+00,1.250461466976853675e+00,9.938000142574310303e-01
-4.114253845371183438e+00,1.250047019270599913e+00,1.643959999084472656e+00
-4.114453742581028806e+00,-1.249393584266785595e+00,5.467999726533889771e-02
-4.114390056641375359e+00,-1.249607234704689818e+00,3.436399996280670166e-01
-4.114361251554181642e+00,-1.249699411853667286e+00,9.938000142574310303e-01
-4.114430477542262210e+00,-1.249469999344118287e+00,1.643959999084472656e+00
-4.123936106176937066e+00,1.217868240440592942e+00,5.467999726533889771e-02
-4.123827723895802322e+00,1.218241235789130794e+00,3.436399996280670166e-01
-4.123928520414564147e+00,1.217896938323974609e+00,9.938000142574310303e-01
-4.124019398408777626e+00,1.217589083839865305e+00,1.643959999084472656e+00
-4.124164470036824959e+00,-1.217082917690277100e+00,5.467999726533889771e-02
-4.124042600393295288e+00,-1.217498756945133209e+00,3.436399996280670166e-01
-4.124042600393295288e+00,-1.217498756945133209e+00,9.938000142574310303e-01
-4.124071375528971295e+00,-1.217399676640828377e+00,1.643959999084472656e+00
-4.131101502928623326e+00,1.193241259386373043e+00,5.467999726533889771e-02
-4.131196997382423852e+00,1.192911928350275153e+00,3.436399996280670166e-01
-4.131229777668798064e+00,1.192798791929732927e+00,9.938000142574310303e-01
-4.131133373393568675e+00,1.193130586036416085e+00,1.643959999084472656e+00
-4.131097051230343986e+00,-1.193254702470519346e+00,5.467999726533889771e-02
-4.131139018318870093e+00,-1.193110621788284975e+00,3.436399996280670166e-01
-4.131233470006422159e+00,-1.192786436189304800e+00,9.938000142574310303e-01
-4.131066344001076196e+00,-1.193362986499612921e+00,1.643959999084472656e+00
-4.142886612393440693e+00,1.151614603646304635e+00,3.449297243848853389e-01
-4.142813065730103439e+00,1.151877104689221776e+00,9.950897360066754960e-01
-4.142399459209256563e+00,1.153371191719203326e+00,1.645267772443086196e+00
-4.144195006953345306e+00,1.146873700949880837e+00,1.595897229181395538e+00
-4.143291179339090746e+00,-1.150147802631060312e+00,5.467999726533889771e-02
-4.143320949872334680e+00,-1.150041851401329085e+00,3.436399996280670166e-01
-4.143332180856656777e+00,-1.150006273213554753e+00,9.936482495620471145e-01
-4.143269431591034113e+00,-1.150227423508962010e+00,1.643959999084472656e+00
-4.156846500578380343e+00,1.100160015007806136e+00,1.605520069599151611e+00
-4.158264299617617787e+00,1.094875945638291936e+00,5.169733493730951923e-02
-4.157296395033933223e+00,1.098478336012765233e+00,3.517687699098265841e-01
-4.157032450584516425e+00,1.099476417450055754e+00,1.002129629866717719e+00
-4.157642607492943121e+00,-1.097344577611853556e+00,5.460489962045868978e-02
-4.157761102580742829e+00,-1.096852724882705354e+00,3.474700693535593965e-01
-4.156665236719192968e+00,-1.100991294268638843e+00,9.970677439724245916e-01
-4.155825502976127517e+00,-1.104060522369716413e+00,1.647827441796012593e+00
-4.169708601133090831e+00,1.050381058783043109e+00,1.605398337672075959e+00
-4.169875679016112890e+00,1.049791402816772523e+00,3.531384101510047779e-01
-4.169837496967138790e+00,-1.049958480770004865e+00,3.504133444083364357e-01
-4.167923270161248972e+00,-1.057497067581336658e+00,5.335164533017150434e-02
-4.169025913037751607e+00,-1.053170468305286711e+00,1.002281866575542191e+00
-4.169093933450170653e+00,-1.052861579929489588e+00,1.604907915534743434e+00
-4.170057183705552006e+00,1.049036838780814662e+00,5.196163791211444449e-02
-4.170077500519929536e+00,1.048958354526095871e+00,1.002580046653747559e+00
-4.176063913287538121e+00,-1.025042963750434577e+00,5.137341328416809849e-02
-4.176071763038635254e+00,-1.025007694959640503e+00,3.414470925927162170e-01
-4.176075458526611328e+00,-1.024994701147079468e+00,9.582492411136627197e-01
-4.176074147224426270e+00,-1.024997442960739136e+00,1.605870425701141357e+00
-4.181506227939687292e+00,1.002435891552174274e+00,1.001751193974880438e+00
-4.181990578770637512e+00,1.000378835014998913e+00,1.646959934383630753e+00
-4.182344826256356285e+00,9.989405245315737814e-01,3.470175589730100096e-01
-4.182469337396649500e+00,-9.984172414539033147e-01,5.204968614093495594e-02
-4.182233501787054664e+00,-9.994711446231359098e-01,3.419784786154145828e-01
-4.182709973005321658e+00,-9.974258794886241564e-01,9.584022281576671798e-01
-4.182212039044029162e+00,-9.994623780250548872e-01,1.605584904394651735e+00
-4.193115580081939520e+00,9.527171755830446953e-01,3.517857370277245876e-01
-4.192929529881739725e+00,9.535027578636839918e-01,1.001724645986661777e+00
-4.193706803851657838e+00,9.500490393903520125e-01,1.605520069599151611e+00
-4.194207760296036369e+00,9.478911031312295954e-01,5.098575797140773858e-02
-4.196319833538885824e+00,-9.385783613104173861e-01,3.513829566608844268e-01
-4.193828413403734245e+00,-9.496076054438499225e-01,5.354824360729501520e-02
-4.195720896080358919e+00,-9.412834356080240772e-01,1.000222086372660080e+00
-4.194628438514297564e+00,-9.460763095325454008e-01,1.604324693501737675e+00
-4.204711876316872932e+00,9.001738003236736674e-01,5.158116206160946043e-02
-4.204603996473489147e+00,9.006962954383535003e-01,3.532506648412684913e-01
-4.204733624870394593e+00,9.000765180882112082e-01,1.002580046653747559e+00
-4.204722223355788380e+00,9.000490349392558098e-01,1.605400224988774660e+00
-4.204528871741111118e+00,-9.010135637499783190e-01,5.271423634155927157e-02
-4.203262965039963994e+00,-9.070575713178182786e-01,1.002389260525806014e+00
-4.204294362561456389e+00,-9.021801792342086790e-01,1.650181268823557978e+00
-4.202048597270494845e+00,-9.126666174971893586e-01,3.507745307466210716e-01
-4.214605947335560820e+00,8.526453816642364236e-01,1.648941962669293160e+00
-4.215833084803527697e+00,8.465371487539022910e-01,5.274658303017690925e-02
-4.218109687613375236e+00,8.352856770074567061e-01,3.483526627403064624e-01
-4.217265891108865183e+00,8.394461313755693377e-01,9.999686728719729967e-01
-4.215256690979003906e+00,-8.493857759695786491e-01,3.529069286126356730e-01
-4.215193454424539965e+00,-8.496578752994536909e-01,1.605520069599151611e+00
-4.215095555690853146e+00,-8.501813599977956493e-01,5.071355473212039999e-02
-4.215095004727763772e+00,-8.501907067914162841e-01,1.002580046653747559e+00
-4.222299564558503526e+00,8.138141971882258963e-01,5.209728180582941237e-02
-4.222282537203630781e+00,8.139335464375185847e-01,3.529399080516126275e-01
-4.221883016988771331e+00,8.159633831146659855e-01,1.650087415625195897e+00
-4.227969160111639368e+00,7.838643796717209566e-01,5.319206993500903008e-02
-4.227598033412810707e+00,7.858831486394328714e-01,3.512868936984769874e-01
-4.228000824568701965e+00,7.836964482166728363e-01,1.001183191283804508e+00
-4.228368734576038790e+00,7.816802785568630618e-01,1.604349423929588125e+00
-4.227899754670834120e+00,-7.841746203495092438e-01,5.086767010792216104e-02
-4.227845481463840649e+00,-7.844065747090748220e-01,3.532600104808807373e-01
-4.227926437671367665e+00,-7.840315699577331543e-01,1.002580046653747559e+00
-4.227783340877956597e+00,-7.847990287674797560e-01,1.605176515049404617e+00
-4.223139369809949528e+00,-8.093211280333029167e-01,1.605520069599151611e+00
-4.223009390413221098e+00,-8.100362316839404553e-01,5.082024143369116148e-02
-4.222951772736339926e+00,-8.103207262550912171e-01,3.532600104808807373e-01
-4.222964668273926137e+00,-8.102739334106445757e-01,1.002580046653747559e+00
-4.234401033609174192e+00,7.481767204881180078e-01,5.343838828139269026e-02
-4.234760159399451496e+00,7.462020954344330548e-01,3.459704889029991404e-01
-4.234450491848370746e+00,7.478496005993016116e-01,1.605649749964278339e+00
-4.234120410646537103e+00,-7.497255713907715613e-01,5.080248857655187550e-02
-4.234130012455270986e+00,-7.496523616918876476e-01,3.532600104808807373e-01
-4.234131813049316406e+00,-7.496721590718915529e-01,1.002580046653747559e+00
-4.234034782598826929e+00,-7.501491864850698965e-01,1.605647837820131985e+00
-4.242147196422923372e+00,7.030061845752325622e-01,3.443195534531365842e-01
-4.242829843999222028e+00,6.988602874551440580e-01,5.324500292134841384e-02
-4.242825009334037389e+00,6.989013278334709200e-01,9.579320325512267198e-01
-4.242669235576283171e+00,6.997104120421242524e-01,1.605889986445020234e+00
-4.249983497412808120e+00,6.539527921073408079e-01,1.001523070306663099e+00
-4.243080609884017917e+00,-6.971989144117404225e-01,3.520984680224687469e-01
-4.242642130733521810e+00,-6.998120378856816926e-01,1.605392301378171238e+00
-4.242556867896350781e+00,-7.003946230105388970e-01,5.047561584859506373e-02
-4.242518078896306832e+00,-7.006368665925918338e-01,1.002580046653747559e+00
-4.250126007777541126e+00,6.530245362377878893e-01,3.510403216107567670e-01
-4.250012232027842174e+00,6.537601012110370036e-01,9.548287872235659002e-01
-4.250309019732329219e+00,6.517274240774610927e-01,1.604731529036913962e+00
-4.250612607755159367e+00,6.498960329121664659e-01,5.538368571059484186e-02
-4.256911077664720544e+00,6.071221271561153543e-01,5.386738184340215257e-02
-4.257767873470410080e+00,6.011929626144073557e-01,9.515647040764387832e-01
-4.257810119659669823e+00,6.007479477313256711e-01,1.647027056063375072e+00
-4.258570825830228834e+00,5.955736370570006155e-01,3.505226318586420753e-01
-4.258814259977093286e+00,5.936903105860827923e-01,9.981534369397232487e-01
-4.256811141967773438e+00,-6.078611149167884031e-01,5.160418779315403132e-02
-4.257133607264165676e+00,-6.055555535363150721e-01,3.519206605591140291e-01
-4.257083333056906227e+00,-6.059057940607485149e-01,1.002078668449235987e+00
-4.257427562986101144e+00,-6.034475164754050658e-01,1.604700514248439180e+00
-4.251655143703186646e+00,-6.428729502454306743e-01,5.210005561252490508e-02
-4.251109898844851465e+00,-6.465288630769222555e-01,3.508886113951477648e-01
-4.250658071958101303e+00,-6.493673024014530171e-01,1.604845019487234348e+00
-4.250415065071799781e+00,-6.510398956862363251e-01,1.000547290932048528e+00
-4.264455380382705663e+00,5.516295069711334431e-01,5.321585507101616458e-02
-4.264101703794025866e+00,5.544996933092044555e-01,3.503484348288400385e-01
-4.263796432030633632e+00,5.567268235078129957e-01,1.002332629935111408e+00
-4.264390659332275568e+00,5.520683604478836548e-01,1.650420273542404281e+00
-4.264861567989810531e+00,-5.484139054686159032e-01,3.515715432036053967e-01
-4.264373642457220726e+00,-5.522056314200308735e-01,5.053028565385432602e-02
-4.264548708995183013e+00,-5.508731858183940622e-01,1.002827811365326172e+00
-4.264566001245531091e+00,-5.506869281752634349e-01,1.644257284827151500e+00
-4.271094608786957458e+00,4.977474745944334700e-01,5.427770797692404309e-02
-4.271039768171458917e+00,4.982091211641317408e-01,3.494811951185683996e-01
-4.270931076693844197e+00,4.991414692107732920e-01,1.003186201120351839e+00
-4.270961976518817593e+00,4.987494820862813927e-01,1.605358856176239302e+00
-4.275247065728088103e+00,4.608684472544886113e-01,5.452391183987943812e-02
-4.274925372861175354e+00,4.638892605237149858e-01,3.419907988324338843e-01
-4.275244810079273705e+00,4.608822817865170784e-01,9.584871648173582948e-01
-4.274951676190910099e+00,4.633934028067831501e-01,1.605802731998896116e+00
-4.277026193831667378e+00,4.440285157912955971e-01,5.280720619039274560e-02
-4.277238562810334876e+00,4.420275190751329353e-01,3.427642686761540602e-01
-4.276924271475184725e+00,4.450283174149014531e-01,9.583724638955160025e-01
-4.277078901679770340e+00,4.433846230645781539e-01,1.605602108159111641e+00
-4.277456152929018707e+00,-4.396171026850400065e-01,1.605308289397252786e+00
-4.277058078004075448e+00,-4.436568760567599079e-01,5.217507483113232453e-02
-4.277280807495117188e+00,-4.415442645549774170e-01,3.519641916419184446e-01
-4.277194257216019757e+00,-4.423209743066267574e-01,1.002424404837868321e+00
-4.274947881698608398e+00,-4.636820193794038425e-01,3.532600104808807373e-01
-4.275198983364417948e+00,-4.613276290111854583e-01,1.002580046653747559e+00
-4.275115694318499138e+00,-4.619719322238649561e-01,1.605078356606619794e+00
-4.271164220776195286e+00,-4.969572236957212619e-01,5.002202598705624004e-02
-4.270827100390479636e+00,-4.998216510765136067e-01,1.602015464078812457e+00
-4.270822484442528655e+00,-5.000331323620275104e-01,3.513301528514699568e-01
-4.270538239967166305e+00,-5.024330545598127973e-01,9.994795402203957568e-01
-4.270785216362245507e+00,-5.001614088973691530e-01,1.649160708150555932e+00
-4.281110548172804897e+00,4.025436542100749304e-01,5.399388375357011549e-02
-4.281011829714802985e+00,4.036253010027507360e-01,1.001848847555691036e+00
-4.281105491518974127e+00,4.025058005005121009e-01,1.604885483533144086e+00
-4.281418453231168542e+00,3.993238296316958258e-01,3.512891121065936373e-01
-4.285310650525027576e+00,3.548440324933561651e-01,3.461453816662096172e-01
-4.285327774661404021e+00,3.546392865531094452e-01,9.960737015817549000e-01
-4.285654076214494346e+00,3.506683134313287598e-01,1.645095086303250520e+00
-4.289598282735059165e+00,-2.989785105559476519e-01,3.530559255059357859e-01
-4.289731129732999193e+00,-2.970215732401067510e-01,1.002570348436182091e+00
-4.289584245000567009e+00,-2.988442095262663911e-01,1.605299213102885592e+00
-4.285746043728243748e+00,-3.495963040378786135e-01,3.501282726084032348e-01
-4.285794893900553681e+00,-3.490173245469729291e-01,1.002354071165124649e+00
-4.285725497398056305e+00,-3.498387667311339544e-01,1.599168275584693655e+00
-4.285421352357641211e+00,-3.535906899993562225e-01,5.029562738803598776e-02
-4.285624905238075932e+00,-3.510372510978153615e-01,1.648139904415796719e+00
-4.281454548524512127e+00,-3.988689939618067504e-01,5.278824786449054507e-02
-4.281259098919955264e+00,-4.008304241028698978e-01,3.511639451438730575e-01
-4.281275197079307482e+00,-4.006130297978718890e-01,1.002056203913270327e+00
-4.281031866868336699e+00,-4.031595335238509770e-01,1.602537809146775238e+00
-4.290003899733225268e+00,2.929503135383129120e-01,1.645518479744593199e+00
-4.290575661785446471e+00,2.847615141760219126e-01,5.402105234993466454e-02
-4.290744067071064372e+00,2.822628639144031393e-01,3.495701622560498656e-01
-4.290641514052692784e+00,2.837225355144240013e-01,9.977588452844537992e-01
-4.292591797730707981e+00,2.523656836252042845e-01,3.510506539849615470e-01
-4.292977169940345838e+00,2.458868008821021300e-01,5.405124677121252164e-02
-4.292780940179471649e+00,2.493101455340230865e-01,1.002812523118875587e+00
-4.292779634287069435e+00,2.489226758480072021e-01,1.649610355660155570e+00
-4.295262054890998549e+00,2.019754452636378650e-01,5.378538480446221071e-02
-4.295222767106779749e+00,2.028049840540676330e-01,1.001841266731639424e+00
-4.295269288514790063e+00,2.014207507086079041e-01,1.604890942573547363e+00
-4.295413450888025508e+00,1.985544069120061261e-01,3.495730294993049103e-01
-4.297190667516816553e+00,1.553552559841939185e-01,5.403701739249432839e-02
-4.297268504297867331e+00,1.533452022382794655e-01,3.428322511114744175e-01
-4.297296314282752050e+00,1.522643173497820746e-01,9.582806410702988664e-01
-4.297249337398644897e+00,1.533929374181862981e-01,1.605431053132721830e+00
-4.298805873158257462e+00,1.009645367185340453e-01,5.335231083508829020e-02
-4.298777728500761341e+00,1.021754909596294947e-01,1.000785720471891072e+00
-4.298735450586506524e+00,1.034434324255879001e-01,1.604737977289782958e+00
-4.298857959501582116e+00,9.915436251214676533e-02,3.523492011373028365e-01
-4.299661138478447775e+00,5.130227277164950417e-02,3.522788018864743687e-01
-4.299675258539490841e+00,5.043711003421221667e-02,1.604526986510066644e+00
-4.299780348854503664e+00,4.216810720148442965e-02,5.182429761208336844e-02
-4.299697691394436916e+00,4.859459433223931729e-02,9.996413242432379276e-01
-4.299999019911443732e+00,3.328731271695300510e-03,5.264874526753235418e-02
-4.299983241890050323e+00,1.201809793224416814e-04,3.532600104808807373e-01
-4.299971970644864250e+00,8.853199576775251168e-05,1.605392301378171238e+00
-4.299982468287150361e+00,-8.913616671413888103e-05,1.002580046653747559e+00
-4.299702053277765224e+00,-4.923783905952898443e-02,5.055409844816001474e-02
-4.299684985478719135e+00,-4.992497861385345598e-02,1.605520069599151611e+00
-4.299686498279813307e+00,-5.089123000072527658e-02,3.530199588099612318e-01
-4.299693388097426627e+00,-5.018635165384587038e-02,1.002551190993365093e+00
-4.298822632650050046e+00,-9.979826884298789724e-02,1.604573092809537638e+00
-4.298699310728323120e+00,-1.051747289434005750e-01,5.195775822949569300e-02
-4.298771821934243675e+00,-1.029353161760862279e-01,3.497455221587333352e-01
-4.298810557315223768e+00,-1.008567750802514124e-01,1.000083464628074514e+00
-4.297429125626339719e+00,-1.484743545283229715e-01,5.270526847728995018e-02
-4.297528614480811804e+00,-1.462090026512442853e-01,3.515772633045073925e-01
-4.297324526562909419e+00,-1.517532133101437974e-01,1.001300280710999635e+00
-4.297301393194296715e+00,-1.518309256157924225e-01,1.649759251432320495e+00
-4.295365072213686020e+00,-1.992976489261938933e-01,3.503621303691313860e-01
-4.295346804424724496e+00,-1.996105160333414008e-01,1.001250706942735436e+00
-4.295334378878275849e+00,-1.996943389376004407e-01,1.604073599974314313e+00
-4.295264578869104177e+00,-2.017927481231910902e-01,5.248501580492397067e-02
-4.292840650289354798e+00,-2.476873678042508242e-01,5.011052212196078631e-02
-4.292728354291218018e+00,-2.496492164890940502e-01,3.503668426982755602e-01
-4.292878416349303450e+00,-2.471024170517921448e-01,1.000457566301777623e+00
-4.292492900231872355e+00,-2.535877799746966144e-01,1.604457486759532481e+00
-3.603243589401245117e+00,6.840633451938629150e-01,5.000000237487256527e-04
-3.896486997604370117e+00,9.525164961814880371e-01,5.000000237487256527e-04
-3.452684748172759832e+00,2.050680908362070731e+00,5.000000237487256527e-04
-3.505495548248291016e+00,-9.547543525695800781e-01,5.000000237487256527e-04
-3.700991392135620117e+00,9.533810615539550781e-01,5.000000237487256527e-04
-3.554369688034057617e+00,-3.013455122709274292e-01,5.000000237487256527e-04
-4.189730644226074219e+00,4.324696660041809082e-01,5.000000237487256527e-04
-4.205700352205244741e+00,-4.999370047167026598e-01,5.000000237487256527e-04
-4.167862327010543488e+00,5.632998788798296852e-01,5.000000237487256527e-04
-4.052883625030517578e+00,2.380248457193374634e-01,5.000000237487256527e-04
-3.551207858293794928e+00,2.050357675189294238e+00,5.000000237487256527e-04
-3.700991392135620117e+00,6.628810465335845947e-01,5.000000237487256527e-04
-3.900606969915011657e+00,-1.449762157429053122e+00,5.000000237487256527e-04
-4.113070525375067454e+00,-1.033680389324824062e-01,5.000000237487256527e-04
-3.642342805862426758e+00,-7.603095769882202148e-01,5.000000237487256527e-04
-3.642342805862426758e+00,1.480690479278564453e+00,5.000000237487256527e-04
-4.092625609415019738e+00,-1.248026495208283349e+00,5.000000237487256527e-04
-4.004009604454040527e+00,2.486159950494766235e-01,5.000000237487256527e-04
-3.446846961975097656e+00,-5.104449987411499023e-01,5.000000237487256527e-04
-4.205208439297146050e+00,9.575966886348194484e-02,5.000000237487256527e-04
-4.001993838334694686e+00,-9.983540923167497638e-01,5.000000237487256527e-04
-3.551163435858838646e+00,-1.799711373798987379e+00,5.000000237487256527e-04
-3.505495548248291016e+00,9.542455971240997314e-01,5.000000237487256527e-04
-3.955135703086853027e+00,3.422071188688278198e-01,5.000000237487256527e-04
-3.798739194869995117e+00,3.511987626552581787e-01,5.000000237487256527e-04
-3.701643260776019684e+00,1.649882997645706340e+00,5.000000237487256527e-04
-3.857388019561767578e+00,1.558894068002700806e-01,5.000000237487256527e-04
-3.847613215446472168e+00,1.004607647657394409e+00,5.000000237487256527e-04
-3.801182984086253658e+00,1.850363859740059791e+00,5.000000237487256527e-04
-3.603243589401245117e+00,-3.534366488456726074e-01,5.000000237487256527e-04
-3.651068929582834244e+00,1.950237280689179897e+00,5.000000237487256527e-04
-3.701791265324350544e+00,1.800396471213127958e+00,5.000000237487256527e-04
-3.701029391184340600e+00,-1.650290884240700473e+00,5.000000237487256527e-04
-3.751199997992181956e+00,-1.499951009397153534e+00,5.000000237487256527e-04
-3.753810550037183447e+00,-1.149982089536231822e+00,5.000000237487256527e-04
-4.101063356525572523e+00,-8.995297611547461436e-01,5.000000237487256527e-04
-4.111097097396850586e+00,6.705628583828607825e-01,5.000000237487256527e-04
-3.662295274364137931e+00,1.556368639168230095e+00,5.000000237487256527e-04
-3.740090608596801758e+00,5.465081334114074707e-01,5.000000237487256527e-04
-3.651181429624557495e+00,-1.849788190110733588e+00,5.000000237487256527e-04
-4.052096362806793195e+00,-4.498073234517350194e-01,5.000000237487256527e-04
-3.994234800338745117e+00,3.088342249393463135e-01,5.000000237487256527e-04
-3.554369688034057617e+00,-5.503454804420471191e-01,5.000000237487256527e-04
-4.001480771877147902e+00,1.301151966165613239e+00,5.000000237487256527e-04
-3.952255229443167650e+00,1.152158465362401296e+00,5.000000237487256527e-04
-4.001768419219226658e+00,-1.100579203047403531e+00,5.000000237487256527e-04
-3.642342805862426758e+00,1.148690462112426758e+00,5.000000237487256527e-04
-3.804669959204537655e+00,-9.500003562654767419e-01,5.000000237487256527e-04
-3.505495548248291016e+00,-4.175438173115253448e-02,5.000000237487256527e-04
-3.646747176518697398e+00,-1.300593264802487381e+00,5.000000237487256527e-04
-3.495720744132995605e+00,3.504638373851776123e-01,5.000000237487256527e-04
-3.642342805862426758e+00,7.336904406547546387e-01,5.000000237487256527e-04
-3.847613215446472168e+00,-1.988923475146293640e-01,5.000000237487256527e-04
-3.903690579247339976e+00,-7.997856729448178381e-01,5.000000237487256527e-04
-3.407747745513916016e+00,-6.430720686912536621e-01,5.000000237487256527e-04
-3.956707528560837073e+00,-8.506346138226503761e-01,5.000000237487256527e-04
-4.150631427764892578e+00,2.583425641059875488e-01,5.000000237487256527e-04
-3.702669119097522721e+00,-1.398242946138086973e+00,5.000000237487256527e-04
-3.729161349209872078e+00,2.128647890957918953e+00,5.000000237487256527e-04
-3.847613215446472168e+00,2.991076409816741943e-01,5.000000237487256527e-04
-3.901204231152167523e+00,1.399533839867665108e+00,5.000000237487256527e-04
-3.759640216827392578e+00,-7.359282970428466797e-01,5.000000237487256527e-04
-3.551995297639572335e+00,1.900932272861804551e+00,5.000000237487256527e-04
-4.091982841491699219e+00,-4.434804990887641907e-02,5.000000237487256527e-04
-3.982657741277645602e+00,1.592347455330384021e+00,5.000000237487256527e-04
-4.004009604454040527e+00,7.051160037517547607e-01,5.000000237487256527e-04
-3.505495548248291016e+00,-7.472543120384216309e-01,5.000000237487256527e-04
-3.702019626161326737e+00,1.600631743410359187e+00,5.000000237487256527e-04
-3.661892414093017578e+00,-7.977460622787475586e-01,5.000000237487256527e-04
-3.601018235744290585e+00,2.150323142031782542e+00,5.000000237487256527e-04
-3.700991392135620117e+00,1.243881046772003174e+00,5.000000237487256527e-04
-4.250510672218779540e+00,-1.000303457944821117e-01,5.000000237487256527e-04
-3.601036207073700091e+00,-1.800498240959273133e+00,5.000000237487256527e-04
-3.700975303476900180e+00,2.100137079654096794e+00,5.000000237487256527e-04
-3.955135703086853027e+00,1.020713779143989086e-02,5.000000237487256527e-04
-3.603243589401245117e+00,7.532299558321634558e-01,5.000000237487256527e-04
-3.447764005536347653e+00,-1.700096626686893986e+00,5.000000237487256527e-04
-3.603243589401245117e+00,-5.609366297721862793e-01,5.000000237487256527e-04
-3.850903181726717417e+00,-1.699572128595715714e+00,5.000000237487256527e-04
-4.099698932082564973e+00,8.012274188339394421e-01,5.000000237487256527e-04
-3.837838411331176758e+00,6.913258433341979980e-01,5.000000237487256527e-04
-3.606200714672313179e+00,-1.400038578931023014e+00,5.000000237487256527e-04
-3.700991392135620117e+00,-4.576189219951629639e-01,5.000000237487256527e-04
-3.554369688034057617e+00,9.021544456481933594e-01,5.000000237487256527e-04
-3.650757721707790893e+00,-1.900175260969355184e+00,5.000000237487256527e-04
-3.901286711259321915e+00,-1.550292323719371534e+00,5.000000237487256527e-04
-3.446846961975097656e+00,9.420549273490905762e-01,5.000000237487256527e-04
-3.407747745513916016e+00,-1.141072034835815430e+00,5.000000237487256527e-04
-4.050377137860537324e+00,9.988766953283469974e-01,5.000000237487256527e-04
-3.450941700513670884e+00,-1.937658422658232515e+00,5.000000237487256527e-04
-3.495720744132995605e+00,-3.965361416339874268e-01,5.000000237487256527e-04
-3.901600269170907964e+00,1.449950416604955716e+00,5.000000237487256527e-04
-3.603243589401245117e+00,3.105633258819580078e-01,5.000000237487256527e-04
-3.505495548248291016e+00,1.535245537757873535e+00,5.000000237487256527e-04
-3.603243589401245117e+00,3.520633280277252197e-01,5.000000237487256527e-04
-3.759640216827392578e+00,9.407169371843338013e-02,5.000000237487256527e-04
-3.840454882225104338e+00,1.896380614390415387e+00,5.000000237487256527e-04
-3.453002089884743775e+00,-1.801638992864694089e+00,5.000000237487256527e-04
-3.700991392135620117e+00,9.948810338973999023e-01,5.000000237487256527e-04
-3.955135703086853027e+00,-2.387928515672683716e-01,5.000000237487256527e-04
-4.091982841491699219e+00,5.366519093513488770e-01,5.000000237487256527e-04
-3.515270352363586426e+00,-5.999726057052612305e-01,5.000000237487256527e-04
-3.508121457526354181e+00,1.852057601378215956e+00,5.000000237487256527e-04
-3.522506126543370808e+00,1.805754917423899597e+00,5.000000237487256527e-04
-3.401856963852962323e+00,-1.900254235799569091e+00,5.000000237487256527e-04
-3.900863343893095525e+00,-6.505391698244006315e-01,5.000000237487256527e-04
-3.603243589401245117e+00,-8.929366469383239746e-01,5.000000237487256527e-04
-3.446846961975097656e+00,-1.340444982051849365e+00,5.000000237487256527e-04
-3.788964390754699707e+00,9.509169459342956543e-01,5.000000237487256527e-04
-3.446846961975097656e+00,1.855054974555969238e+00,5.000000237487256527e-04
-3.407747745513916016e+00,-8.920720815658569336e-01,5.000000237487256527e-04
-4.052883625030517578e+00,-1.097513944841921329e-02,5.000000237487256527e-04
-3.798739194869995117e+00,1.139698803424835205e+00,5.000000237487256527e-04
-3.946657772417421661e+00,1.648266349175963708e+00,5.000000237487256527e-04
-3.700991392135620117e+00,2.063810527324676514e-01,5.000000237487256527e-04
-3.505495548248291016e+00,4.124561510980129242e-02,5.000000237487256527e-04
-3.408400254171402910e+00,-1.754588678234913379e+00,5.000000237487256527e-04
-3.505495548248291016e+00,4.562456011772155762e-01,5.000000237487256527e-04
-3.800856835701886371e+00,-1.800139156821506381e+00,5.000000237487256527e-04
-3.952009503401857415e+00,-1.049633760692020967e+00,5.000000237487256527e-04
-3.407747745513916016e+00,5.189278721809387207e-01,5.000000237487256527e-04
-4.148908767379632323e+00,-4.963068521636374020e-02,5.000000237487256527e-04
-3.642342805862426758e+00,6.506904363632202148e-01,5.000000237487256527e-04
-4.201494577083181525e+00,7.010466941493622706e-01,5.000000237487256527e-04
-3.501379096853560302e+00,-1.850160839333050422e+00,5.000000237487256527e-04
-4.051517527873121693e+00,-1.250231176849425418e+00,5.000000237487256527e-04
-3.349099159240722656e+00,1.751737236976623535e+00,5.000000237487256527e-04
1.179999828338623047e+00,8.245801883084433737e-01,-5.453796684741973877e-01
1.179999828338623047e+00,-4.232241681643894582e-01,-7.953738655362810883e-01
1.179999828338623047e+00,-5.214020609855651855e-01,-9.283551375071207312e-01
1.179999828338623047e+00,-1.277331723015883824e+00,-8.455080751715035037e-01
1.179999828338623047e+00,1.470419963200886970e+00,-5.962000012397765669e-01
1.179999828338623047e+00,-2.985273558727425183e-02,-2.941461432239283469e-01
1.151999890804290771e+00,1.700000047683715820e+00,-6.948999961217244836e-01
1.100892344749720975e+00,-2.214207166280501848e+00,-9.296852939807281890e-01
1.179999828338623047e+00,-1.329140027364094978e+00,-6.432000041007995828e-01
1.179999828338623047e+00,2.663090306632923676e-01,-5.229073363655017959e-01
1.151999890804290771e+00,1.276159962018330818e+00,-4.740000069141387939e-01
1.179999828338623047e+00,7.230669101079304495e-01,-5.969440738360086707e-01
1.151999890804290771e+00,9.759399890899658203e-01,-4.740000069141387939e-01
1.179999828338623047e+00,1.565952482976411542e+00,-8.576172511828573652e-01
1.181761145960424475e+00,-1.494011459891328997e+00,-7.953752304475332213e-01
1.179999828338623047e+00,-1.227483909754526037e+00,-8.342510575339907586e-01
1.179999828338623047e+00,1.325931310653686523e+00,-9.283551275730133057e-01
1.179999828338623047e+00,4.237870174375447108e-01,-3.948581963777542114e-01
1.179999828338623047e+00,-6.274662745587108459e-01,-4.501645670034887248e-01
1.179999828338623047e+00,4.212734571525028615e-01,-2.951690036626088975e-01
1.181745068176643043e+00,-1.493989422604754314e+00,-6.947637196187372854e-01
1.181608604454916778e+00,-1.492900322989549666e+00,-8.427091021320801678e-01
1.103402127807884492e+00,2.131472130989752856e+00,-9.367525838746156852e-01
1.179999828338623047e+00,1.019931316375732422e+00,-9.283551573753356934e-01
1.179999828338623047e+00,1.737549592873766646e-01,-3.451740165589540776e-01
1.179999828338623047e+00,1.073877930641174316e+00,-7.441132903099060281e-01
1.133318029840857832e+00,-1.569980102756698193e+00,-4.774386176925227154e-01
1.108251452445983887e+00,1.817337942123413042e+00,-7.444070059061050904e-01
1.179999828338623047e+00,1.576380014419555664e+00,-7.466000080108642356e-01
1.179999828338623047e+00,-1.773613738219592950e-01,-5.007348382502221362e-01
1.179999828338623047e+00,-1.329140027364094978e+00,-5.445000032583872107e-01
1.151999890804290771e+00,1.700000047683715820e+00,-5.445000032583872107e-01
1.179999828338623047e+00,1.673509955406188965e+00,-5.962000012397765669e-01
1.179999828338623047e+00,-2.202223622199971642e-01,-3.378541160877457372e-01
1.179999828338623047e+00,-2.693011327527272333e-02,-3.448777198791503906e-01
1.179999828338623047e+00,-6.951159735520680283e-02,-5.998131632804870605e-01
1.099490463232793758e+00,-1.776156711979072655e+00,-8.980145882658597811e-01
1.179999828338623047e+00,-4.278685717427798130e-01,-6.484496204529778263e-01
1.179999828338623047e+00,7.279387315114339840e-02,-2.433812393082512848e-01
1.179999828338623047e+00,5.212646126747131348e-01,-9.283551375071207312e-01
1.103419201987956288e+00,-2.132219360575356326e+00,-9.365571436077654299e-01
1.179999828338623047e+00,1.470419963200886970e+00,-7.466000080108642356e-01
1.179999828338623047e+00,-5.340262775990500810e-01,-3.370997469816635062e-01
1.179999828338623047e+00,-6.808932026227315637e-01,-7.406168778737386438e-01
1.179999828338623047e+00,-3.234294205904006958e-01,-8.462196389834085730e-01
1.179999828338623047e+00,4.755877355734507428e-01,-8.501308560371398926e-01
1.105038089621557029e+00,-1.813057660403317062e+00,-6.347725737584780648e-01
1.179999828338623047e+00,-1.426269948482513428e+00,-5.962000012397765669e-01
1.179999828338623047e+00,-3.260813057422637939e-01,-7.953738655362810883e-01
1.179999828338623047e+00,-4.302355847569311331e-01,-4.593372075636011354e-01
1.184025562600289794e+00,-1.614725352005009551e+00,-7.434767262732728810e-01
1.179999828338623047e+00,1.752000053723653250e-01,-2.071170212951957690e-01
1.179999828338623047e+00,2.715877393881480084e-01,-8.501308560371398926e-01
1.179999828338623047e+00,1.567735144635662436e-02,-6.428365310033162805e-01
1.181762514114379936e+00,-1.494138723642398192e+00,-6.460443509542025398e-01
1.179999828338623047e+00,1.207758390477725458e-01,-7.953738655362810883e-01
1.179999828338623047e+00,1.364124679251720984e+00,-8.614532312280253068e-01
1.179999828338623047e+00,1.576380014419555664e+00,-6.948999961217244836e-01
1.153230662529285189e+00,1.700000047683715820e+00,-8.962769256188318767e-01
1.179999828338623047e+00,1.700000047683715820e+00,-4.740000069141387939e-01
1.179999828338623047e+00,-1.225023090839385986e+00,-7.432941012084484100e-01
1.095219480991363570e+00,1.918146346296582871e+00,-7.039323934486934053e-01
1.184030325432133823e+00,-1.614713332964674786e+00,-7.953331778018156717e-01
1.179999828338623047e+00,1.423491056148822542e+00,-8.444395432105431532e-01
1.179999828338623047e+00,1.673509955406188965e+00,-7.466000080108642356e-01
1.151999890804290771e+00,-1.276159962018330818e+00,-4.740000069141387939e-01
1.179999828338623047e+00,4.215505143006642585e-01,-5.445973793665568330e-01
1.179999828338623047e+00,6.235999112664643018e-01,-4.503263532063044861e-01
1.103444577729115750e+00,2.072715953725283278e+00,-9.352947390470348621e-01
1.179999828338623047e+00,1.221697486937046051e+00,-7.457361333072185516e-01
1.179999828338623047e+00,2.232554599989292343e-01,-6.015955715048388885e-01
1.179999828338623047e+00,7.211098047212148865e-01,-4.752267448183817855e-01
1.102051024226283538e+00,-1.777000306011157882e+00,-4.913095092256897778e-01
1.179999828338623047e+00,-7.746025195685766196e-01,-7.287424478052337840e-01
1.179999828338623047e+00,-1.313369106409584819e-01,-3.562854942655689916e-01
1.179999828338623047e+00,-7.826527555783590051e-01,-7.953738768895467492e-01
1.179999828338623047e+00,-6.930547207593917847e-02,-6.467477480570474890e-01
1.179999828338623047e+00,5.226634790500005456e-01,-5.948613733053207397e-01
1.179999828338623047e+00,-3.277916674800123165e-01,-6.257391388830669809e-01
1.179999828338623047e+00,-8.772703068596976461e-01,-5.931470862456730275e-01
1.179999828338623047e+00,8.157938718795776367e-01,-8.970654209454854700e-01
1.179999828338623047e+00,1.229144764794576627e-01,-3.943897843977000606e-01
1.179999828338623047e+00,-3.764230144578357140e-01,-3.945898469104323070e-01
1.151999890804290771e+00,1.700000047683715820e+00,-8.452999989191690711e-01
1.179999828338623047e+00,-9.216573643271395999e-02,-3.634457331471675490e-01
1.179999828338623047e+00,4.230516400279068501e-01,-3.447459827109081165e-01
1.179999828338623047e+00,-9.694294532140096399e-01,-8.462196389834085730e-01
1.179999828338623047e+00,4.751067856947581158e-01,-7.406168778737386438e-01
1.182653148998361825e+00,-1.612282444402421522e+00,-5.511806766162771209e-01
1.179999828338623047e+00,1.269264658292134529e+00,-9.283551375071207312e-01
1.179999828338623047e+00,-3.232233027617136822e-01,-8.931542138258615759e-01
1.179999828338623047e+00,-9.692233204841613770e-01,-8.931542138258615759e-01
1.179999828338623047e+00,-7.752200620515006246e-01,-5.462983378342219920e-01
1.179999828338623047e+00,1.576380014419555664e+00,-4.975000023841857910e-01
1.179999828338623047e+00,1.023033859043181781e+00,-5.884363622982290432e-01
1.179999828338623047e+00,-4.261742603211176039e-01,-3.943133439336504176e-01
1.179999828338623047e+00,-2.920000037799279011e-02,-2.072659574501903301e-01
1.179999828338623047e+00,-1.329140027364094978e+00,-4.975000023841857910e-01
1.108251452445983887e+00,-1.720947882244209248e+00,-6.946853652913519417e-01
1.179999828338623047e+00,9.728432761071479362e-01,-7.757244834752932139e-01
1.181085207760806277e+00,-1.494998070215083130e+00,-5.528146956121864353e-01
1.101143782857193498e+00,2.212433144601529289e+00,-9.296550788303623580e-01
1.179999828338623047e+00,8.153472542762756348e-01,-7.953738570213317871e-01
1.179999828338623047e+00,1.470419963200886970e+00,-4.975000023841857910e-01
1.105813664895994197e+00,1.809840402893117872e+00,-6.376126349509299018e-01
1.179999828338623047e+00,6.793128699064254761e-02,-9.283551573753356934e-01
1.179999828338623047e+00,6.345979372660318640e-01,-9.283551375071207312e-01
1.179999828338623047e+00,-9.186527331670125696e-01,-7.953738768895467492e-01
1.179999828338623047e+00,-6.841225177049636841e-02,-8.501308560371398926e-01
1.108251452445983887e+00,-1.978828328554747440e+00,-7.944800560591650518e-01
1.179999828338623047e+00,4.345550114909808165e-02,-4.222513761123021236e-01
1.108251452445983887e+00,-2.078144426345825302e+00,-9.030822682380675870e-01
1.108251452445983887e+00,-1.822101859413847613e+00,-7.950722435299231172e-01
1.108251452445983887e+00,1.973294589254591225e+00,-8.443708249500819774e-01
1.179999828338623047e+00,-2.724122603734334125e-01,-8.501308560371398926e-01
1.108251452445983887e+00,-1.875827416541084425e+00,-8.441738874193221998e-01
1.179999828338623047e+00,1.832922722678631544e-02,-6.936823129653930664e-01
1.179999828338623047e+00,3.733472625414530621e-01,-7.953738768895467492e-01
1.179999828338623047e+00,-1.192251430468612927e+00,-8.276160982217681816e-01
1.179999828338623047e+00,1.470419963200886970e+00,-6.432000041007995828e-01
1.179999828338623047e+00,5.025138088635036082e-01,-2.661180623940059276e-01
1.179999828338623047e+00,3.711234271526336892e-01,-5.946419040362039832e-01
1.179999828338623047e+00,-1.026821863047684191e+00,-5.904866726715353176e-01
1.184061335130659254e+00,-1.614648386864009133e+00,-6.460616945325768912e-01
1.108251452445983887e+00,1.872487523158391287e+00,-7.942211081584295007e-01
1.179999828338623047e+00,1.473264654477437263e+00,-9.283551375071207312e-01
1.179999828338623047e+00,1.122555788358052586e+00,-7.452450434366861831e-01
1.179999828338623047e+00,1.373290002346038818e+00,-4.975000023841857910e-01
1.179999828338623047e+00,6.758774816989898682e-02,-8.501308560371398926e-01
1.179999828338623047e+00,-3.876068295369919925e-01,-2.051256109863321409e-01
1.179999828338623047e+00,8.293439124492888448e-01,-4.879220733617214423e-01
1.108251452445983887e+00,-1.725082832142117439e+00,-7.465978419752813400e-01
1.179999828338623047e+00,-1.020412246386210198e+00,-8.501308560371398926e-01
1.179999828338623047e+00,-9.267882585525513139e-01,-6.950724482536315696e-01
1.179999828338623047e+00,5.724227577447891235e-01,-3.416472381274950898e-01
1.179999828338623047e+00,-1.223180015881856209e+00,-6.432000041007995828e-01
1.179999828338623047e+00,-1.065402030944824219e+00,-9.283551375071207312e-01
1.179999828338623047e+00,-5.784465869267781946e-01,-8.423084219296773645e-01
1.179999828338623047e+00,-5.786527593930562707e-01,-7.953738768895467492e-01
1.179999828338623047e+00,1.074284154129779179e+00,-7.984149660181811825e-01
1.100148239502539926e+00,1.876021032149975065e+00,-9.403706316764538498e-01
1.179999828338623047e+00,4.102334136977517365e-01,-2.013027760941070443e-01
1.179999828338623047e+00,-1.276159962018330818e+00,-4.975000023841857910e-01
1.179999828338623047e+00,1.221778073442091550e+00,-6.924589330996941960e-01
1.179999828338623047e+00,-7.250196951246837829e-01,-4.751375836411906306e-01
1.106514552064039592e+00,1.779953489244800124e+00,-5.928100165626676299e-01
1.179999828338623047e+00,-1.024889580408732126e+00,-7.871168653170267371e-01
1.179999828338623047e+00,-6.800687313079833984e-01,-9.283551573753356934e-01
1.179999828338623047e+00,1.019793907801310295e+00,-8.970654209454854700e-01
1.179999828338623047e+00,4.235457245792661474e-01,-5.951313078403472900e-01
1.122958489791342052e+00,-1.592430827629683021e+00,-8.760330233936463040e-01
1.179999828338623047e+00,1.361688774729531870e+00,-7.622273791403997301e-01
1.179999828338623047e+00,1.422551126281420331e+00,-7.979712526003519546e-01
1.179999828338623047e+00,5.233631500204239950e-01,-4.540472018787855002e-01
1.179999828338623047e+00,9.177595376968383789e-01,-8.892430067062377930e-01
1.179999828338623047e+00,9.745979309082031250e-01,-9.283551375071207312e-01
1.179999828338623047e+00,1.673509955406188965e+00,-6.432000041007995828e-01
1.179999828338623047e+00,5.775533715883890418e-01,-8.423084219296773645e-01
1.179999828338623047e+00,6.217812427452632518e-01,-5.945914558001926808e-01
1.179999828338623047e+00,2.706945339838663922e-01,-6.467477480570474890e-01
1.104202808595800001e+00,2.212528834081390894e+00,-8.962336301156059726e-01
1.179999828338623047e+00,-4.285279171807425125e-01,-6.936823129653930664e-01
1.179999828338623047e+00,-4.264734759926795959e-01,-5.461206994950771332e-01
1.179999828338623047e+00,-1.089946368336677462e+00,-6.271123667558033965e-01
1.106362760930821532e+00,-1.927799943564594720e+00,-7.422525381696396529e-01
1.179999828338623047e+00,1.373290002346038818e+00,-6.432000041007995828e-01
1.179999828338623047e+00,1.117219964663187737e+00,-4.975000023841857910e-01
1.151999890804290771e+00,-1.126049935817718506e+00,-4.740000069141387939e-01
1.179999828338623047e+00,-1.198760382831096649e-01,-7.445280750592550012e-01
1.098748973260323281e+00,2.021769473950068008e+00,-7.920790382971366617e-01
1.179999828338623047e+00,-1.192233090599377904e-01,-8.931542138258615759e-01
1.179999828338623047e+00,-1.028920014699300056e+00,-4.975000023841857910e-01
1.151999890804290771e+00,-7.263221862139525031e-01,-4.514917181282447345e-01
1.179999828338623047e+00,-1.071223338445027595e+00,-8.931542138258615759e-01
1.179999828338623047e+00,-6.802061200141906738e-01,-8.970654209454854700e-01
1.179999828338623047e+00,-4.263015400229363538e-01,-4.917483409845082032e-01
1.179999828338623047e+00,7.715893983840942383e-01,-6.430925488471984641e-01
1.179999828338623047e+00,2.711067895094553815e-01,-7.406168778737386438e-01
1.108251452445983887e+00,1.922353156277390784e+00,-8.943484386459725766e-01
1.179999828338623047e+00,-4.134979201236944624e-01,-2.014780241547454720e-01
1.194674901414276125e+00,-1.577087467534175280e+00,-8.442208182384183246e-01
1.096888040177157686e+00,1.804364086190859418e+00,-6.081105206752084325e-01
1.179999828338623047e+00,-1.025078730923788983e+00,-6.426517622811454000e-01
1.179999828338623047e+00,-6.889321655035018921e-02,-7.406168778737386438e-01
1.179999828338623047e+00,-3.262765982816385746e-01,-3.442919462226157745e-01
1.179999828338623047e+00,6.648840258518855240e-02,-5.998131632804870605e-01
1.179999828338623047e+00,2.083908397020125813e-01,-3.810820834977285965e-01
1.179999828338623047e+00,1.237485322518704495e-01,-5.040589740035751332e-01
1.179999828338623047e+00,2.080065593168989660e-02,-3.448777198791503906e-01
1.179999828338623047e+00,-1.126049935817718506e+00,-4.975000023841857910e-01
1.179999828338623047e+00,1.373290002346038818e+00,-5.445000032583872107e-01
1.179999828338623047e+00,1.263875667419698479e+00,-7.114664883249335325e-01
1.179999828338623047e+00,2.235071717999702334e-01,-4.445671141147613525e-01
1.108251452445983887e+00,2.074258245187362348e+00,-9.031646424138606299e-01
1.179999828338623047e+00,-7.779537779944283304e-01,-5.926332814352852640e-01
1.179999828338623047e+00,3.731719062374392881e-01,-4.634714748760211944e-01
1.179999828338623047e+00,1.070869198867252958e+00,-6.943236121109553904e-01
1.179999828338623047e+00,3.714975910131321224e-01,-4.944307140255159161e-01
1.179999828338623047e+00,-1.754061275058322600e-01,-2.433812393082512848e-01
1.179999828338623047e+00,1.272599816322326660e+00,-7.947872877120971680e-01
1.179999828338623047e+00,1.176773533225059509e-01,-6.428365310033162805e-01
1.179999828338623047e+00,1.470419963200886970e+00,-6.948999961217244836e-01
1.179999828338623047e+00,-1.428068757057189941e+00,-9.283551573753356934e-01
1.179999828338623047e+00,1.673509955406188965e+00,-5.445000032583872107e-01
1.181770485853537611e+00,-1.494154316462003251e+00,-5.942031935545114552e-01
1.179999828338623047e+00,2.719312906265258789e-01,-9.283551573753356934e-01
1.179999828338623047e+00,-5.769320772244379558e-01,-6.461179898335382976e-01
1.179999828338623047e+00,1.697595268487930298e-01,-8.892430067062377930e-01
1.179999828338623047e+00,-1.122240463892618889e+00,-8.892430067062377930e-01
1.179999828338623047e+00,5.246318426243093969e-01,-6.734491234601930332e-01
1.179999828338623047e+00,-8.771825707875765543e-01,-6.957065967413095242e-01
1.179999828338623047e+00,-7.820686995983123779e-01,-9.283551275730133057e-01
1.179999828338623047e+00,-1.634732450757707900e+00,-9.280705962862286773e-01
1.179999828338623047e+00,-8.283808742250714507e-01,-5.425887746470314799e-01
1.179999828338623047e+00,-8.252146722272385437e-01,-7.407398022884545963e-01
1.179999828338623047e+00,1.576380014419555664e+00,-5.445000032583872107e-01
1.179999828338623047e+00,3.737594981988270892e-01,-8.892430067062377930e-01
1.179999828338623047e+00,9.738153457641601785e-01,-7.436205347379049035e-01
1.194819125339556143e+00,-1.577217746494335993e+00,-7.953274274350672357e-01
1.179999828338623047e+00,9.739519834518433061e-01,-6.446042895317077859e-01
1.179999828338623047e+00,4.305979609489440918e-01,-9.283551375071207312e-01
1.179999828338623047e+00,-1.918083974624782417e-01,-3.129245282814740459e-01
1.179999828338623047e+00,2.700999900698661804e-01,-2.070478723245732233e-01
1.179999828338623047e+00,-1.426269948482513428e+00,-4.975000023841857910e-01
1.179999828338623047e+00,-8.312241435050964355e-01,-7.953738655362810883e-01
1.179999828338623047e+00,3.739313036203384399e-01,-9.283551275730133057e-01
1.179999828338623047e+00,-8.909179427005626817e-01,-5.234761321986163285e-01
1.179999828338623047e+00,6.285705665747324256e-01,-8.462196389834085730e-01
1.179999828338623047e+00,-3.174020349979400635e-01,-9.283551375071207312e-01
1.108251452445983887e+00,2.023765980251251762e+00,-8.445722564818367584e-01
1.179999828338623047e+00,-9.772153417269389131e-01,-6.450279315312703599e-01
1.108251452445983887e+00,1.623470067977905273e+00,-5.941719934344291687e-01
1.179999828338623047e+00,9.175534049669901160e-01,-8.423084219296773645e-01
1.179999828338623047e+00,5.771411259969075891e-01,-7.484392722447713586e-01
1.179999828338623047e+00,3.719518559923382095e-01,-6.351213047148837054e-01
1.179999828338623047e+00,1.021278040749686200e+00,-6.454426561083111968e-01
1.179999828338623047e+00,1.673509955406188965e+00,-8.452999989191690711e-01
1.179999828338623047e+00,-2.730993429819743024e-01,-6.936823129653930664e-01
1.179999828338623047e+00,-4.563193640775150411e-02,-4.237369079060024912e-01
1.179999828338623047e+00,-1.596191678728376084e+00,-9.221425013882773580e-01
1.179999828338623047e+00,7.327758329255240621e-01,-7.953738655362810883e-01
1.179999828338623047e+00,-1.752000053723653250e-01,-2.073723403274590205e-01
1.179999828338623047e+00,-9.770787080128987556e-01,-7.440441727638245073e-01
1.179999828338623047e+00,-1.227042494563881370e+00,-6.953107536932744415e-01
1.179999828338623047e+00,2.709006567796071185e-01,-6.936823129653930664e-01
1.179999828338623047e+00,-1.673509955406188965e+00,-8.970000028610229936e-01
1.179999828338623047e+00,8.665705720583597449e-01,-8.462196389834085730e-01
1.179999828338623047e+00,-6.277385739319224500e-01,-6.950316830279709146e-01
1.179999828338623047e+00,8.966681037974708057e-02,-3.637355075162999607e-01
1.179999828338623047e+00,1.185705674191315923e-01,-8.462196389834085730e-01
1.179999828338623047e+00,-7.822404503822326660e-01,-8.892430067062377930e-01
1.179999828338623047e+00,7.707679913594172039e-01,-6.925029021043044297e-01
1.179999828338623047e+00,-3.216707706451416016e-01,-6.936823129653930664e-01
1.179999828338623047e+00,8.241813766858707702e-02,-4.952228352409063228e-01
1.194826014687702331e+00,-1.577192967551327207e+00,-6.460740300418976734e-01
1.179999828338623047e+00,-1.326240460077921623e+00,-8.892430067062377930e-01
1.179999828338623047e+00,-1.276159962018330818e+00,-5.962000012397765669e-01
1.108251452445983887e+00,-1.975301488753288037e+00,-8.440765517373238769e-01
1.179999828338623047e+00,-3.758590788795397875e-01,-6.355930071992751396e-01
1.179999828338623047e+00,1.474677690645543437e+00,-8.293163013167497155e-01
1.179999828338623047e+00,1.223180015881856209e+00,-4.975000023841857910e-01
1.151999890804290771e+00,1.373290002346038818e+00,-4.740000069141387939e-01
1.179999828338623047e+00,-6.264682702720165697e-01,-3.886763092130422481e-01
1.184037110309587248e+00,-1.614726078774436635e+00,-6.947393966539149313e-01
-1.179999828338623047e+00,3.225705772638320923e-01,-8.462196389834085730e-01
-1.179999828338623047e+00,1.274643584811403774e-01,-3.564767810649718260e-01
-1.179999828338623047e+00,-4.389156863751436655e-02,-5.515484388716920261e-01
-1.179999828338623047e+00,-1.756035324298974298e-01,-5.889928731051358168e-01
-1.179999828338623047e+00,-1.020412246386210198e+00,-8.501308560371398926e-01
-1.147999882698059082e+00,1.700000047683715820e+00,-5.962000012397765669e-01
-1.179999828338623047e+00,-7.254020770390828821e-01,-9.283551375071207312e-01
-1.179999828338623047e+00,1.673509955406188965e+00,-5.445000032583872107e-01
-1.179999828338623047e+00,4.237870174375447108e-01,-3.948581963777542114e-01
-1.195367364785943298e+00,1.573233919289896088e+00,-7.434489694324019071e-01
-1.179999828338623047e+00,-1.576380014419555664e+00,-5.962000012397765669e-01
-1.179999828338623047e+00,-8.738879455219615844e-01,-7.511524763974276597e-01
-1.179999828338623047e+00,-1.326240460077921623e+00,-8.892430067062377930e-01
-1.179999828338623047e+00,-6.761296899637319058e-01,-4.777589030048814411e-01
-1.179999828338623047e+00,-9.267882585525513139e-01,-6.950724482536315696e-01
-1.179999828338623047e+00,-1.227483909754526037e+00,-8.342510575339907586e-01
-1.179999828338623047e+00,1.686601738135019846e-01,-6.389253139495849609e-01
-1.147999882698059082e+00,-7.263474825558479120e-01,-4.515046279716924404e-01
-1.179999828338623047e+00,4.235457245792661474e-01,-5.951313078403472900e-01
-1.179999828338623047e+00,1.323218371186937636e+00,-7.960530860083443461e-01
-1.147999882698059082e+00,1.417439977327982659e+00,-4.740000069141387939e-01
-1.108251452445983887e+00,1.817241507572132209e+00,-6.945861388038803153e-01
-1.179999828338623047e+00,1.329140027364094978e+00,-6.948999961217244836e-01
-1.179999828338623047e+00,-4.770993391672770367e-01,-6.936823129653930664e-01
-1.179999828338623047e+00,1.417439977327982659e+00,-6.948999961217244836e-01
-1.179999828338623047e+00,-6.804122527440389367e-01,-8.501308560371398926e-01
-1.149333218733469719e+00,-1.700000047683715820e+00,-8.970000028610229936e-01
-1.179999828338623047e+00,7.211098047212148865e-01,-4.752267448183817855e-01
-1.179999828338623047e+00,1.700000047683715820e+00,-4.740000069141387939e-01
-1.179999828338623047e+00,-1.596191678728376084e+00,-9.221425013882773580e-01
-1.179999828338623047e+00,-3.746527334054310931e-01,-7.953738768895467492e-01
-1.179999828338623047e+00,1.691411435604095459e-01,-7.484392722447713586e-01
-1.179999828338623047e+00,8.728808094473445855e-01,-6.435506273718440973e-01
-1.179999828338623047e+00,-3.174020349979400635e-01,-9.283551375071207312e-01
-1.179999828338623047e+00,2.235071717999702334e-01,-4.445671141147613525e-01
-1.179999828338623047e+00,2.663090306632923676e-01,-5.229073363655017959e-01
-1.179999828338623047e+00,-1.629359960556030273e+00,-6.432000041007995828e-01
-1.102939188480377197e+00,-2.077216723100925755e+00,-9.353641312781387773e-01
-1.179999828338623047e+00,-1.177433068935687777e+00,-7.452952128190261094e-01
-1.179999828338623047e+00,-8.283808742250714507e-01,-5.425887746470314799e-01
-1.179999828338623047e+00,-2.252285056249082040e-01,-5.248536941472907724e-01
-1.179999828338623047e+00,-3.748588661352793561e-01,-7.484392722447713586e-01
-1.179999828338623047e+00,1.886637523566206953e-01,-3.131806207846288825e-01
-1.179999828338623047e+00,-1.020206133524576897e+00,-8.970654209454854700e-01
-1.179999828338623047e+00,-6.951159735520680283e-02,-5.998131632804870605e-01
-1.179999828338623047e+00,-1.478160978688134009e+00,-8.305614292621612549e-01
-1.179999828338623047e+00,-1.329140027364094978e+00,-6.948999961217244836e-01
-1.179999828338623047e+00,-8.772703068596976461e-01,-5.931470862456730275e-01
-1.179999828338623047e+00,4.755877355734507428e-01,-8.501308560371398926e-01
-1.179999828338623047e+00,-4.796911432192875746e-01,-5.450711938051077121e-01
-1.179999828338623047e+00,2.223292248589651965e-01,-6.936823129653930664e-01
-1.195365870700163091e+00,1.573219403771468849e+00,-5.941690973220573602e-01
-1.147999882698059082e+00,1.700000047683715820e+00,-7.935999989509582297e-01
-1.179999828338623047e+00,1.673509955406188965e+00,-8.970000028610229936e-01
-1.179999828338623047e+00,-2.724122603734334125e-01,-8.501308560371398926e-01
-1.098140441960301805e+00,1.875448549204859150e+00,-9.407957389436919504e-01
-1.179999828338623047e+00,-1.287574363309283543e+00,-7.310037834699764092e-01
-1.179999828338623047e+00,-1.629359960556030273e+00,-6.948999961217244836e-01
-1.103220803364711511e+00,-2.214242919909279905e+00,-8.957914915598477190e-01
-1.102415733039379120e+00,2.131642564631706982e+00,-9.368195590984554899e-01
-1.179999828338623047e+00,-6.820612649122874405e-02,-8.970654209454854700e-01
-1.179999828338623047e+00,-7.300000016887982224e-02,-2.071914893726930496e-01
-1.182504951287500550e+00,1.617148117199694424e+00,-6.460708510801659310e-01
-1.178200921514032551e+00,1.487979786165064322e+00,-5.941951971850624181e-01
-1.179999828338623047e+00,-4.261742603211176039e-01,-3.943133439336504176e-01
-1.102909757838985705e+00,2.072554749201952706e+00,-9.353694159810136410e-01
-1.179999828338623047e+00,-2.904020597442386054e-01,-2.620863536689750917e-01
-1.179999828338623047e+00,-8.268432106290545258e-01,-6.431916015488761129e-01
-1.179999828338623047e+00,-5.279790216410010784e-01,-4.539987563837522000e-01
-1.104804467936800982e+00,-1.783570102009936154e+00,-5.940604048638927770e-01
-1.179999828338623047e+00,-7.826527555783590051e-01,-7.953738768895467492e-01
-1.179999828338623047e+00,5.233631500204239950e-01,-4.540472018787855002e-01
-1.179999828338623047e+00,1.223180015881856209e+00,-6.432000041007995828e-01
-1.179999828338623047e+00,4.503799577554066791e-01,-2.188423623641332083e-01
-1.179999828338623047e+00,-7.657535794453743105e-02,-2.433761106087611314e-01
-1.179999828338623047e+00,-2.693011327527272333e-02,-3.448777198791503906e-01
-1.179999828338623047e+00,6.720941629219840951e-01,-4.503279311971349896e-01
-1.179999828338623047e+00,8.155877391497293738e-01,-8.501308560371398926e-01
-1.179999828338623047e+00,2.874892092995591231e-01,-2.626955635927535893e-01
-1.179999828338623047e+00,-3.766685800496922254e-01,-3.440800198288850864e-01
-1.147999882698059082e+00,1.700000047683715820e+00,-7.466000080108642356e-01
-1.179999828338623047e+00,1.237485322518704495e-01,-5.040589740035751332e-01
-1.179999828338623047e+00,-1.470419963200886970e+00,-6.948999961217244836e-01
-1.147999882698059082e+00,1.028920014699300056e+00,-4.740000069141387939e-01
-1.179999828338623047e+00,4.749006529649098529e-01,-6.936823129653930664e-01
-1.179999828338623047e+00,6.758774816989898682e-02,-8.501308560371398926e-01
-1.179999828338623047e+00,1.227001412627623189e+00,-8.342825456992867261e-01
-1.179999828338623047e+00,1.121553381284077888e+00,-8.423084219296773645e-01
-1.179999828338623047e+00,1.087825032113825197e+00,-6.268461450789738487e-01
-1.179999828338623047e+00,-8.842061161994934082e-01,-8.970654209454854700e-01
-1.179999828338623047e+00,1.429568681452009438e+00,-8.816908620021961518e-01
-1.179999828338623047e+00,4.102334136977517365e-01,-2.013027760941070443e-01
-1.179999828338623047e+00,-4.788722438471658127e-01,-3.449155241250991821e-01
-1.179999828338623047e+00,8.241813766858707702e-02,-4.952228352409063228e-01
-1.179999828338623047e+00,3.719518559923382095e-01,-6.351213047148837054e-01
-1.179999828338623047e+00,1.024204415383098699e+00,-7.871762707079057453e-01
-1.179999828338623047e+00,2.232554599989292343e-01,-6.015955715048388885e-01
-1.179999828338623047e+00,9.238442365939800727e-01,-6.451732745537390734e-01
-1.099724416745828215e+00,2.212612861342359238e+00,-9.299329012061861022e-01
-1.179999828338623047e+00,8.214522752496931091e-01,-7.399112237824334581e-01
-1.179999828338623047e+00,1.325759490331013923e+00,-8.892430067062377930e-01
-1.179999828338623047e+00,1.700000047683715820e+00,-9.440000057220458984e-01
-1.179999828338623047e+00,2.169387317316368718e-02,-2.433710934027381589e-01
-1.179999828338623047e+00,6.797938942909240723e-01,-8.970654209454854700e-01
-1.179999828338623047e+00,5.779312551021575928e-01,-9.283551275730133057e-01
-1.179936091476511795e+00,-3.775635988355797168e-01,-2.346040493695535356e-01
-1.179999828338623047e+00,-9.182404875755310059e-01,-8.892430067062377930e-01
-1.179999828338623047e+00,-1.134020437796910558e-01,-9.283551375071207312e-01
-1.179999828338623047e+00,-2.273111837317368933e-01,-6.017131745549184618e-01
-1.179999828338623047e+00,3.244998327323368459e-01,-3.447196824210030930e-01
-1.108251452445983887e+00,1.973294589254591225e+00,-8.443708249500819774e-01
-1.179999828338623047e+00,-1.673509955406188965e+00,-7.935999989509582297e-01
-1.179999828338623047e+00,6.793472766876220703e-01,-7.953738570213317871e-01
-1.147999882698059082e+00,-1.700000047683715820e+00,-7.935999989509582297e-01
-1.179999828338623047e+00,-9.180687367916107178e-01,-9.283551275730133057e-01
-1.179999828338623047e+00,7.305705646673837927e-01,-8.462196389834085730e-01
-1.179999828338623047e+00,1.417439977327982659e+00,-4.975000023841857910e-01
-1.179999828338623047e+00,4.759313166141510010e-01,-9.283551573753356934e-01
-1.179999828338623047e+00,-7.638329923452444881e-01,-4.743729548238629912e-01
-1.179999828338623047e+00,-8.844122489293416711e-01,-8.501308560371398926e-01
-1.179999828338623047e+00,7.300000016887982224e-02,-2.072978722499617399e-01
-1.108251452445983887e+00,1.873435516206044982e+00,-7.444906745638165679e-01
-1.179999828338623047e+00,1.422551126281420331e+00,-7.979712526003519546e-01
-1.179999828338623047e+00,1.117219964663187737e+00,-5.962000012397765669e-01
-1.179999828338623047e+00,1.223793864250183105e+00,-8.970654209454854700e-01
-1.179999828338623047e+00,6.734726391732692719e-02,-7.953738570213317871e-01
-1.195372578882480497e+00,1.573190867718074371e+00,-6.460740300418976734e-01
-1.147999882698059082e+00,-1.081900000572204590e+00,-4.740000069141387939e-01
-1.179999828338623047e+00,7.252646287282308313e-01,-9.283551375071207312e-01
-1.179999828338623047e+00,1.240999959409236908e-01,-2.073351063943923711e-01
-1.179999828338623047e+00,-9.184466203053792688e-01,-8.423084219296773645e-01
-1.179999828338623047e+00,-1.530466146328870014e+00,-8.988377784981447238e-01
-1.179999828338623047e+00,5.538993697417410322e-01,-3.144428275133434036e-01
-1.179999828338623047e+00,-1.276159962018330818e+00,-6.432000041007995828e-01
-1.179999828338623047e+00,-1.277331723015883824e+00,-8.455080751715035037e-01
-1.179999828338623047e+00,-1.126287709886782729e+00,-8.083033634123401034e-01
-1.179999828338623047e+00,-5.788588921229044226e-01,-7.484392722447713586e-01
-1.179999828338623047e+00,1.021278040749686200e+00,-6.454426561083111968e-01
-1.108251452445983887e+00,1.818187460692032520e+00,-8.944059672562972851e-01
-1.179999828338623047e+00,-1.708588600158691406e-01,-7.484392722447713586e-01
-1.179999828338623047e+00,-1.276159962018330818e+00,-4.975000023841857910e-01
-1.179999828338623047e+00,1.276159962018330818e+00,-5.445000032583872107e-01
-1.108251452445983887e+00,-1.822117615020138137e+00,-6.945995702140632666e-01
-1.145999878644943237e+00,1.700000047683715820e+00,-4.975000023841857910e-01
-1.179999828338623047e+00,-6.272241473197937012e-01,-7.953738655362810883e-01
-1.179999828338623047e+00,-6.800687313079833984e-01,-9.283551573753356934e-01
-1.179999828338623047e+00,1.073877930641174316e+00,-7.441132903099060281e-01
-1.179999828338623047e+00,2.179186940193176270e-01,-7.953738655362810883e-01
-1.179999828338623047e+00,-1.277180769864250554e+00,-7.956940601853763617e-01
-1.179999828338623047e+00,1.373290002346038818e+00,-5.962000012397765669e-01
-1.179999828338623047e+00,1.417439977327982659e+00,-5.962000012397765669e-01
-1.179999828338623047e+00,-6.298760175704956055e-01,-7.445280750592550012e-01
-1.179999828338623047e+00,9.226875124555645735e-01,-7.620363408868963129e-01
-1.179999828338623047e+00,9.173472921053568152e-01,-7.953738768895467492e-01
-1.182494012930423999e+00,1.617175857869358468e+00,-5.942007845098321583e-01
-1.179999828338623047e+00,5.773472587267557410e-01,-7.953738768895467492e-01
-1.147999882698059082e+00,-1.276159962018330818e+00,-4.740000069141387939e-01
-1.179999828338623047e+00,5.246318426243093969e-01,-6.734491234601930332e-01
-1.103422015874359285e+00,2.212614095645323076e+00,-8.957615390984985382e-01
-1.179999828338623047e+00,-2.722061375776926861e-01,-8.970654209454854700e-01
-1.179999828338623047e+00,-5.786527593930562707e-01,-7.953738768895467492e-01
-1.179999828338623047e+00,-1.089946368336677462e+00,-6.271123667558033965e-01
-1.105924315111977752e+00,-1.928063513551439456e+00,-7.419856360980442433e-01
-1.179999828338623047e+00,1.329140027364094978e+00,-4.975000023841857910e-01
-1.179999828338623047e+00,1.019793907801310295e+00,-8.970654209454854700e-01
-1.179999828338623047e+00,-1.576380014419555664e+00,-6.432000041007995828e-01
-1.179999828338623047e+00,-1.429816935924773436e+00,-8.817311119525990115e-01
-1.097180604934692383e+00,2.021981982351506613e+00,-7.916613869296694750e-01
-1.179999828338623047e+00,-1.194294306139151302e-01,-8.462196389834085730e-01
-1.179999828338623047e+00,-1.081900000572204590e+00,-4.975000023841857910e-01
-1.179999828338623047e+00,2.083908397020125813e-01,-3.810820834977285965e-01
-1.108251452445983887e+00,-1.878219559544422657e+00,-8.945017720832199037e-01
-1.179999828338623047e+00,-6.802061200141906738e-01,-8.970654209454854700e-01
-1.179999828338623047e+00,-1.470419963200886970e+00,-5.445000032583872107e-01
-1.179999828338623047e+00,7.246306300163268821e-01,-5.450363318125407419e-01
-1.179999828338623047e+00,4.677363945747995411e-01,-2.509616207955452372e-01
-1.108251452445983887e+00,1.975262174606323251e+00,-8.987624343236287894e-01
-1.179999828338623047e+00,4.219621678009869981e-01,-4.599236871780479352e-01
-1.147999882698059082e+00,-1.691170016924540276e+00,-4.896666705608367920e-01
-1.147999882698059082e+00,1.700000047683715820e+00,-8.970000028610229936e-01
-1.179999828338623047e+00,-1.025078730923788983e+00,-6.426517622811454000e-01
-1.179999828338623047e+00,-3.509934432804584503e-02,-6.936823129653930664e-01
-1.179999828338623047e+00,3.719247688607471569e-01,-2.942857291640305073e-01
-1.179999828338623047e+00,-1.426269948482513428e+00,-7.466000080108642356e-01
-1.179999828338623047e+00,2.612425893269203492e-01,-3.310319320471198368e-01
-1.099524320250859555e+00,-2.214169453937296250e+00,-9.299221615302464272e-01
-1.179999828338623047e+00,-1.382120013236999512e+00,-6.432000041007995828e-01
-1.179999828338623047e+00,-4.817351503549395231e-01,-2.854275109397398369e-01
-1.179999828338623047e+00,1.223931312561035156e+00,-9.283551573753356934e-01
-1.179999828338623047e+00,1.223180015881856209e+00,-5.962000012397765669e-01
-1.179999828338623047e+00,-1.470419963200886970e+00,-4.975000023841857910e-01
-1.108251452445983887e+00,2.074258245187362348e+00,-9.031646424138606299e-01
-1.179999828338623047e+00,-7.779537779944283304e-01,-5.926332814352852640e-01
-1.179999828338623047e+00,-3.779879801157044472e-01,-2.947596587785860645e-01
-1.179999828338623047e+00,1.023033859043181781e+00,-5.884363622982290432e-01
-1.179999828338623047e+00,3.731719062374392881e-01,-4.634714748760211944e-01
-1.179999828338623047e+00,8.966681037974708057e-02,-3.637355075162999607e-01
-1.179999828338623047e+00,1.221778073442091550e+00,-6.924589330996941960e-01
-1.179999828338623047e+00,-3.779540019375937088e-01,-5.442431696823665233e-01
-1.179999828338623047e+00,1.417439977327982659e+00,-5.445000032583872107e-01
-1.179999828338623047e+00,-1.428068757057189941e+00,-9.283551573753356934e-01
-1.144666542609532600e+00,1.673509955406188965e+00,-4.740000069141387939e-01
-1.147999882698059082e+00,-1.700000047683715820e+00,-6.432000041007995828e-01
-1.108251452445983887e+00,-1.978828328554747440e+00,-7.944800560591650518e-01
-1.179999828338623047e+00,-5.247100041462824382e-01,-5.933585854677053684e-01
-1.179999828338623047e+00,1.695533841848373413e-01,-8.423084219296773645e-01
-1.179999828338623047e+00,-1.122240463892618889e+00,-8.892430067062377930e-01
-1.179999828338623047e+00,5.239555723965167999e-01,-5.455121099948883057e-01
-1.179999828338623047e+00,-1.673509955406188965e+00,-7.466000080108642356e-01
-1.179999828338623047e+00,-1.329140027364094978e+00,-5.445000032583872107e-01
-1.147999882698059082e+00,-1.523400068283081055e+00,-4.740000069141387939e-01
-1.098606080601089774e+00,-1.879529301273195285e+00,-9.406233026008856690e-01
-1.179999828338623047e+00,6.690065562725067139e-02,-6.936823129653930664e-01
-1.179999828338623047e+00,1.427931308746337891e+00,-9.283551573753356934e-01
-1.179999828338623047e+00,3.731411298116047992e-01,-7.484392722447713586e-01
-1.179999828338623047e+00,9.233079026727115668e-01,-5.935061118182014539e-01
-1.179999828338623047e+00,-1.523400068283081055e+00,-7.935999989509582297e-01
-1.179999828338623047e+00,9.229600032170613977e-01,-4.975000023841857910e-01
-1.179999828338623047e+00,4.219186987195696070e-01,-7.953738655362810883e-01
-1.179999828338623047e+00,-1.243061264571936192e-01,-2.433710934027381589e-01
-1.179999828338623047e+00,4.049961955057621715e-02,-5.534850976347638341e-01
-1.179999828338623047e+00,-1.170200030008951897e+00,-4.975000023841857910e-01
-1.179999828338623047e+00,-1.576380014419555664e+00,-6.948999961217244836e-01
-1.179999828338623047e+00,3.733472625414530621e-01,-7.953738768895467492e-01
-1.179999828338623047e+00,-1.329140027364094978e+00,-4.975000023841857910e-01
-1.179999828338623047e+00,6.716041052467608408e-01,-7.046234345940686206e-01
-1.179999828338623047e+00,-3.232233027617136822e-01,-8.931542138258615759e-01
-1.108251452445983887e+00,2.023765980251251762e+00,-8.445722564818367584e-01
-1.179999828338623047e+00,-9.772153417269389131e-01,-6.450279315312703599e-01
-1.108251452445983887e+00,-1.875817679223560130e+00,-7.446142009326389699e-01
-1.179999828338623047e+00,9.250385016202926636e-01,-6.959505863487720490e-01
-1.179999828338623047e+00,5.226634790500005456e-01,-5.948613733053207397e-01
-1.179999828338623047e+00,3.744575445141111181e-01,-5.437892675399780273e-01
-1.179999828338623047e+00,1.028920014699300056e+00,-5.445000032583872107e-01
-1.182487121674831831e+00,1.617183521766346610e+00,-7.434524547979698417e-01
-1.179999828338623047e+00,-5.769320772244379558e-01,-6.461179898335382976e-01
-1.179999828338623047e+00,-7.820760279008195925e-02,-3.957534117358071368e-01
-1.179999828338623047e+00,-4.707545606272943717e-01,-2.521697552351469529e-01
-1.179999828338623047e+00,7.257491350173950195e-01,-6.442155241966247559e-01
-1.179999828338623047e+00,-2.720687091350555420e-01,-9.283551573753356934e-01
-1.179999828338623047e+00,-9.770787080128987556e-01,-7.440441727638245073e-01
-1.179999828338623047e+00,-1.313369106409584819e-01,-3.562854942655689916e-01
-1.179999828338623047e+00,2.206688823995830440e-01,-5.253452861623512105e-01
-1.179999828338623047e+00,-1.634732450757707900e+00,-9.280705962862286773e-01
-1.179999828338623047e+00,8.224537232342887805e-01,-6.935951534439536159e-01
-1.179999828338623047e+00,-1.074896996424078432e+00,-7.982937655492460260e-01
-1.179999828338623047e+00,2.080065593168989660e-02,-3.448777198791503906e-01
-1.179999828338623047e+00,1.689006611704826355e-01,-6.936823129653930664e-01
-1.179999828338623047e+00,-7.312233150005340576e-01,-8.931542138258615759e-01
-1.179999828338623047e+00,7.761762142181396484e-01,-5.941709876060485840e-01
-1.179999828338623047e+00,-3.758590788795397875e-01,-6.355930071992751396e-01
-1.179999828338623047e+00,7.814096932432340603e-02,-4.419120801625063821e-01
-1.179999828338623047e+00,-1.225023090839385986e+00,-7.432941012084484100e-01
-1.179999828338623047e+00,-5.266203381765035552e-01,-4.861027208743272099e-01
-1.179999828338623047e+00,-3.768196947677659447e-01,-4.947080511856797314e-01
-1.108251452445983887e+00,-1.975301488753288037e+00,-8.440765517373238769e-01
-1.179999828338623047e+00,-3.776501516501108990e-01,-5.954891880353291311e-01
-1.179999828338623047e+00,1.417439977327982659e+00,-6.432000041007995828e-01
-1.179999828338623047e+00,1.172776699066162109e+00,-8.931542138258615759e-01
-1.179999828338623047e+00,1.276902723170462162e+00,-8.455822091727029921e-01
-1.179999828338623047e+00,-1.673509955406188965e+00,-8.452999989191690711e-01
-1.179999828338623047e+00,-1.426994681358337402e+00,-8.423006256421406990e-01
-1.147999882698059082e+00,9.759399890899658203e-01,-4.740000069141387939e-01
-1.179999828338623047e+00,-1.470419963200886970e+00,-5.962000012397765669e-01
2.398543847225061310e+00,5.149789039136433155e-01,-9.686189889907836914e-01
2.402714574820528526e+00,6.055008037930795783e-01,-8.692569897123497702e-01
2.398550268889202641e+00,5.149986490105998849e-01,-5.670310258865356445e-01
2.397785741363001044e+00,6.002154971838723485e-01,-9.228933607458601474e-01
2.410307729641488983e+00,5.148863544275333881e-01,-6.887489922790790420e-01
2.402599496382956445e+00,6.056056084153995656e-01,-7.689270968404789963e-01
2.390843304350921183e+00,4.797300152878983814e-01,-1.745700091123580933e-01
2.399145660022923288e+00,4.738312092939236386e-01,-1.017319444863409306e+00
2.356417335083022646e+00,6.114879827008131707e-01,-1.022380608902743848e+00
2.402770044445484920e+00,6.054663413973100372e-01,-7.190153890477213317e-01
2.390840310692380122e+00,4.797238008764416750e-01,-4.209990054368972778e-01
2.398547098055770377e+00,5.150207100050651077e-01,-1.198080008228619847e-01
2.438828309402465866e+00,4.792434068918228207e-01,-7.066197544717788270e-01
2.403707651690635494e+00,4.685782275554090659e-01,-8.690593431298965221e-01
2.442570132294586749e+00,5.135224021549970042e-01,-9.160357029175673071e-01
2.403104781608174534e+00,6.051661146205135067e-01,-8.186456549766316648e-01
2.442731134622067479e+00,5.150312534375055540e-01,-7.094523678255394428e-01
2.390838535165623835e+00,4.797201183061957641e-01,-5.670310258865356445e-01
2.390842751838241576e+00,4.797288643215296688e-01,-2.202050015330314636e-01
2.402232868701435820e+00,5.164750738604668712e-01,-1.012967651300669569e+00
2.403625197403997493e+00,4.640139536084830207e-01,-6.893745836220394052e-01
2.398548133754827560e+00,5.150135065012143576e-01,-2.658399989207585468e-01
2.398549557096732343e+00,5.150036017251914400e-01,-4.666339953740437640e-01
2.397460663788098856e+00,5.132148562628322530e-01,-8.330000191926956177e-02
1.561896420229336391e+00,4.004683924626700753e-01,-6.655980675532344737e-01
2.355215653980768042e+00,4.136825139035554821e-01,-8.190217665676506886e-01
2.264397719810748999e+00,3.950000405311584473e-01,-7.212585149140193774e-01
1.810097801220881486e+00,4.131417626684362188e-01,-5.586940591985528615e-01
1.165617112586131432e+00,3.185242215887858497e-01,-6.699239163444592471e-01
1.359906455509332535e+00,4.128217882547519646e-01,-9.165452620691415531e-01
1.259550664140217435e+00,3.011765232726709152e-01,-5.694459726561361679e-01
2.263870080312093247e+00,3.950000405311584473e-01,-8.168920397758483443e-01
2.355092306971789728e+00,4.138014396697017316e-01,-7.189333234308916687e-01
1.806491143563214496e+00,3.950000405311584473e-01,-6.686877573237699490e-01
2.354882612695510691e+00,4.137669846378370653e-01,-7.689092183396305513e-01
1.805919441911909340e+00,3.950000405311584473e-01,-7.695433696111043664e-01
1.561614390036359934e+00,4.014477987787616886e-01,-7.166210338843995720e-01
2.064950227737426758e+00,3.950000405311584473e-01,-8.676399409770965132e-01
2.263870080312093247e+00,3.950000405311584473e-01,-7.686815328068203890e-01
1.171010193484911310e+00,3.161353824155504477e-01,-5.797241082064344964e-01
1.658441222631014345e+00,4.115864554276832954e-01,-5.229111462831497192e-01
1.204224208465703549e+00,3.276454907879544076e-01,-6.202078824746261043e-01
2.058632155259450425e+00,3.950000405311584473e-01,-6.694793452819188806e-01
1.562504458586906564e+00,3.988528814802201894e-01,-5.719334337623621645e-01
1.768806521097818996e+00,4.077827341026730168e-01,-5.556786497433979788e-01
1.220410896738770123e+00,3.127508729366469398e-01,-8.414290819009784261e-01
1.606503731674618241e+00,3.950000405311584473e-01,-8.695956269900003699e-01
1.858379751443862915e+00,3.950000405311584473e-01,-8.676399409770965132e-01
1.562253665080112652e+00,3.997787994093599528e-01,-6.188813337182577090e-01
2.355010670475070178e+00,4.138460763263528963e-01,-8.690375235377791885e-01
1.912362126743092361e+00,3.950000405311584473e-01,-7.183642422451692600e-01
1.307744827967711077e+00,4.165037537368097009e-01,-6.698007625637104612e-01
1.165549230529445701e+00,3.184417798625200913e-01,-7.195041353744049406e-01
1.610312195385203538e+00,3.950000405311584473e-01,-6.694111964281868055e-01
1.608693844742245194e+00,3.950000405311584473e-01,-7.190756102403005334e-01
1.809698782771466785e+00,4.116318215088671795e-01,-9.221480539046138514e-01
1.760262787342071533e+00,3.950000405311584473e-01,-7.677277359697554093e-01
2.157627175836001943e+00,3.950000405311584473e-01,-6.684432240093455269e-01
2.210157609504201925e+00,4.119224279471065953e-01,-9.213664998178896504e-01
2.215417644870814939e+00,4.111366454345076749e-01,-6.551513778629587392e-01
1.610140131579504974e+00,3.950000405311584473e-01,-6.196755932437049141e-01
2.263870080312093247e+00,3.950000405311584473e-01,-8.676399409770965132e-01
1.553905535106016922e+00,4.100966594579831259e-01,-5.149412906356420905e-01
1.712908920488859454e+00,3.950000405311584473e-01,-7.173123234196713272e-01
1.804263167083263397e+00,3.950000405311584473e-01,-8.179630450904369354e-01
1.712946450009065424e+00,3.950000405311584473e-01,-8.184165007927838298e-01
1.709543176319288094e+00,3.950000405311584473e-01,-5.678458680277285175e-01
1.660859724749689459e+00,3.950000405311584473e-01,-8.195574516835419931e-01
1.461399093972958196e+00,4.084820430695526028e-01,-5.166278816335569957e-01
1.463064812656627467e+00,4.107105083193354211e-01,-9.156380330903018949e-01
1.211905397789982741e+00,3.213762232102453931e-01,-7.880589611971607900e-01
1.307151526428964594e+00,3.658393429394903307e-01,-8.336328063025011392e-01
2.010422975786270605e+00,4.118954702731101869e-01,-9.214163223902384070e-01
1.360172342238168186e+00,6.162481977302270986e-01,-8.750913154742127054e-01
2.005253242121802337e+00,6.349999904632568359e-01,-6.694725255171457556e-01
1.760226084126366608e+00,6.349999904632568359e-01,-7.677194045649634591e-01
1.610049871461731952e+00,6.183255112596920400e-01,-5.133121641618865194e-01
1.163371808092359183e+00,5.937623047912624630e-01,-6.700934769821839110e-01
1.395864692841555454e+00,6.060601451989511279e-01,-8.734889269709725790e-01
1.762374871306949142e+00,6.349999904632568359e-01,-6.200393802589840853e-01
1.170345171077831425e+00,5.958999851466836306e-01,-7.810855790771342733e-01
2.009243254201957818e+00,6.160937741578343951e-01,-6.046879980937543975e-01
1.281574975819052442e+00,5.930328766152560549e-01,-5.100079100434617985e-01
1.859478701715884030e+00,6.349999904632568359e-01,-8.203689222750456533e-01
2.403620876083928604e+00,5.659787217439603557e-01,-6.893745511770248413e-01
2.267506253867877408e+00,5.609548813735956152e-01,-2.202050015330314636e-01
1.548352687038592412e+00,6.210862958609167928e-01,-8.750212882881733822e-01
1.359818300508235822e+00,6.173320596253822901e-01,-9.164905800507645584e-01
2.354593910434381598e+00,5.654187334262258391e-01,-4.678854064324360906e-01
1.760054188616135606e+00,6.349999904632568359e-01,-7.179838313775903647e-01
2.159479111013278274e+00,6.130723852506825278e-01,-6.349118217616014359e-01
1.770927834866651951e+00,6.131594883861826162e-01,-5.529790716384773708e-01
1.163324976960818047e+00,5.937200511495271948e-01,-7.195441772540410730e-01
1.808758501168135746e+00,6.130744677323561875e-01,-5.578776683126177582e-01
1.404522379898782036e+00,6.011079827293731581e-01,-5.339464147712118525e-01
1.656523618433210610e+00,6.349999904632568359e-01,-5.703673793209923515e-01
2.357976393013759164e+00,6.091774784625775263e-01,-6.803412425770769545e-01
1.494535814712543376e+00,5.810326330437518561e-01,-8.715000152587890625e-01
1.806446152574875841e+00,6.349999904632568359e-01,-6.686775333741131755e-01
1.310479993531198151e+00,5.960000753402709961e-01,-6.701989733811580807e-01
1.408187957548188818e+00,6.008245945588590597e-01,-5.691995028541659840e-01
2.311625393485340574e+00,6.154648018995122483e-01,-1.020389577844167617e+00
1.912469300958845375e+00,6.349999904632568359e-01,-7.680851121743520471e-01
1.406100974879576748e+00,5.604165107201921625e-01,-6.201719598526779231e-01
2.351262865765777033e+00,5.597384220825066814e-01,-9.694050506231219888e-01
1.561371478167447258e+00,6.271454485979947036e-01,-7.676015965866319624e-01
2.011311680078506470e+00,6.349999904632568359e-01,-8.168782651424407737e-01
2.309304870598351656e+00,5.867847409266144787e-01,-2.202050015330314636e-01
1.172709426164318725e+00,6.060037418602355341e-01,-8.243182427207680352e-01
1.266474265640026964e+00,5.993996935887871969e-01,-7.879364403469539813e-01
2.110065391693991987e+00,6.174364350307947058e-01,-9.223246882701742200e-01
1.406268619312719403e+00,5.606449751749749133e-01,-6.702161992308995897e-01
2.111125160666073253e+00,6.349999904632568359e-01,-7.180230827892527534e-01
1.309700630273029409e+00,5.960000753402709961e-01,-6.200311677471087579e-01
2.413310105186139864e+00,5.652049689673893651e-01,-9.236000629355527458e-01
1.548532756332300808e+00,6.206005376565758569e-01,-9.157188594573655305e-01
2.156649271647135269e+00,6.349999904632568359e-01,-7.686616778373718262e-01
1.910135318835576301e+00,6.135199425948990593e-01,-5.786651372909545898e-01
2.267492162117819454e+00,5.609326123325656388e-01,-2.658494667640859954e-01
1.375401896537959745e+00,6.032390976947622496e-01,-5.754654204382360083e-01
2.210194826126098633e+00,6.349999904632568359e-01,-8.168782651424407737e-01
1.208886480009233599e+00,5.960000753402709961e-01,-7.190965740261850980e-01
2.111848288112216476e+00,6.349999904632568359e-01,-6.680245233906639823e-01
2.268003450755415429e+00,5.604995087549604627e-01,-8.330000191926956177e-02
1.910314148248628108e+00,6.171364236709683260e-01,-9.222819520983585040e-01
1.173441081071637360e+00,6.010897378946088443e-01,-5.784652655886620698e-01
1.360013398234417137e+00,6.199725195407969069e-01,-5.174320862552704847e-01
1.361501922019713318e+00,5.684200505151685290e-01,-5.321478441093115963e-01
1.462954271449875998e+00,6.193679660447081181e-01,-9.155749217996584921e-01
1.269870619649006382e+00,5.637778734162237626e-01,-9.116967408043279431e-01
1.658428295092149174e+00,6.349999904632568359e-01,-8.677545325322584269e-01
1.914618068271213058e+00,6.349999904632568359e-01,-6.204050944911109200e-01
2.267481851849672214e+00,5.609163661396151523e-01,-6.126659909884134558e-01
2.211660049855709076e+00,6.349999904632568359e-01,-7.235491313040256500e-01
1.957766254742940193e+00,6.349999904632568359e-01,-8.676325559616089311e-01
2.210194826126098633e+00,6.349999904632568359e-01,-7.686616778373718262e-01
1.662963144071809563e+00,6.196437360166193731e-01,-9.222631441367851179e-01
1.176719873984229725e+00,6.016742613651323568e-01,-5.351371189277227547e-01
1.711959841095398449e+00,6.150537562147478932e-01,-9.230116622470249110e-01
1.275742885414989924e+00,6.092713108371163866e-01,-8.198922851597471029e-01
1.912593695250424553e+00,6.349999904632568359e-01,-8.218629360198974609e-01
1.209399993603046175e+00,5.960000753402709961e-01,-6.201762109994888306e-01
1.859814075024231572e+00,6.180552140526149874e-01,-9.213659115459608140e-01
2.210194826126098633e+00,6.349999904632568359e-01,-8.676325559616089311e-01
2.264813397715835563e+00,5.617099487557247750e-01,-1.014354562928891257e+00
1.554090562399884412e+00,6.199188098568834127e-01,-5.147744626264425527e-01
2.394337889101865624e+00,-4.892780946062909031e-01,-6.126659909884134558e-01
2.394331459083077540e+00,-4.892722179099944224e-01,-9.686189889907836914e-01
2.394336152761586067e+00,-4.892844762419027993e-01,-2.202050015330314636e-01
2.400888475761947749e+00,-4.897489434879715442e-01,-1.014618342619303837e+00
2.394339083626483067e+00,-4.892919448626248391e-01,-3.206019898255665912e-01
2.410746301265505931e+00,-4.334213330857939472e-01,-8.695251859434238728e-01
2.391891006582308687e+00,-6.145025112077481255e-01,-7.689122494639970551e-01
2.408323432414892995e+00,-5.371396274973861962e-01,-6.886909298238790278e-01
2.395824813600724301e+00,-4.437217068399874620e-01,-1.027916729208176561e+00
2.411541248655451497e+00,-4.342850873337656958e-01,-8.189003846738326375e-01
2.394843982198490373e+00,-5.363428192395998106e-01,-8.330000191926956177e-02
2.411653388717054813e+00,-5.845331681780988609e-01,-8.188155514201387319e-01
2.395380647008011898e+00,-5.359268824937867270e-01,-3.753729198909387388e-01
2.395384175503230573e+00,-5.359050505168256873e-01,-5.213960011800130578e-01
2.394336529129700519e+00,-4.892743583366596649e-01,-5.670310258865356445e-01
2.440659847612513644e+00,-4.905038076874674302e-01,-9.170952643166792040e-01
2.394337401704159873e+00,-4.892836273608807129e-01,-3.753530849596697361e-01
2.395379269629236862e+00,-5.359350598661302145e-01,-2.202050015330314636e-01
2.391741211764210284e+00,-6.146031162291539784e-01,-8.185451595667811997e-01
2.406507227876407473e+00,-4.821176918716686965e-01,-6.889845359368682587e-01
2.395378758699036492e+00,-5.359379595055586698e-01,-3.206019898255665912e-01
2.395366343790597430e+00,-5.359507147848171504e-01,-9.686189889907836914e-01
2.394333221468648798e+00,-4.892770078173659387e-01,-1.198080008228619847e-01
2.411659242051921836e+00,-5.840329027995617706e-01,-7.687849634033765422e-01
1.358185640124363713e+00,-6.263779969562834893e-01,-8.772871855037447375e-01
2.005343278249104966e+00,-6.349956393241882324e-01,-6.694911056094698942e-01
1.714572946230570549e+00,-6.349956393241882324e-01,-7.687520947721269149e-01
1.610256591150837524e+00,-6.266079295066094845e-01,-5.160654821703510864e-01
1.162868830024218925e+00,-5.878924862608883029e-01,-6.698602189620336267e-01
1.308712510058334111e+00,-5.862842793241257455e-01,-8.737295293726974332e-01
1.709153577685356140e+00,-6.349956393241882324e-01,-6.179294710357984277e-01
1.171969673850319582e+00,-6.100000739097595215e-01,-7.929090749133717031e-01
2.008817004707624143e+00,-6.252040851790949816e-01,-6.069212353454446207e-01
1.270972215771302816e+00,-5.757035315571398248e-01,-5.145241333974032161e-01
1.804271310567855835e+00,-6.349956393241882324e-01,-8.179630450904369354e-01
2.400884520366243446e+00,-5.815480439294913317e-01,-6.895030594279886182e-01
2.274446451561498606e+00,-5.698124622888756097e-01,-2.202050015330314636e-01
1.556428896564326925e+00,-5.845648517347361572e-01,-8.779991791672903112e-01
1.357863499823113163e+00,-6.270293979916871097e-01,-9.137417332978124973e-01
2.309367419355139450e+00,-5.867868886323218680e-01,-5.213960011800130578e-01
1.712917007898029587e+00,-6.349956393241882324e-01,-7.173123234196713272e-01
2.410696331189096764e+00,-5.846493567630135502e-01,-8.694698221021122109e-01
2.193577142862173091e+00,-6.224812223361089192e-01,-6.424092237765972602e-01
1.767733778272356338e+00,-6.280527387346540591e-01,-5.582012653350829634e-01
1.162868830024218925e+00,-5.878295352061589929e-01,-7.195441772540410730e-01
1.811415255069732666e+00,-5.876134419441223500e-01,-5.556608331203460871e-01
1.404604909690657877e+00,-5.810055250547638828e-01,-5.333747107608427518e-01
1.610891991191440109e+00,-6.349956393241882324e-01,-5.685555868678622282e-01
2.329057980370873526e+00,-6.348674134727564367e-01,-7.192783775690013703e-01
1.464510362649583008e+00,-5.730594823241913494e-01,-8.715000152587890625e-01
1.806499277844148432e+00,-6.349956393241882324e-01,-6.686877573237699490e-01
1.369588320115298963e+00,-5.710593807877916150e-01,-6.702207893358939073e-01
1.405136783936317579e+00,-5.812214396673857086e-01,-5.781464940051317392e-01
2.312507111868428389e+00,-6.161946750606578371e-01,-1.028499960899353027e+00
1.912542382876078362e+00,-6.349956393241882324e-01,-7.680998477670881730e-01
1.404106868719501300e+00,-5.720051408096378243e-01,-6.201750385710437241e-01
2.358880431011804113e+00,-5.804201521624955395e-01,-1.012571425516995971e+00
1.561613119240348180e+00,-6.319318160097650017e-01,-7.674691338911123761e-01
2.011403083801269531e+00,-6.349956393241882324e-01,-8.168920397758483443e-01
2.309348194222701434e+00,-5.867815703419966278e-01,-2.658399989182922973e-01
1.173138689842952997e+00,-6.100000739097595215e-01,-8.171486201559662321e-01
1.276237289647798256e+00,-6.100464374632448283e-01,-7.929729561547975702e-01
2.159124551148249971e+00,-6.259771739614421460e-01,-9.204877327228414563e-01
1.404296705986044058e+00,-5.721189607996759463e-01,-6.699703971476410613e-01
2.157693850994109930e+00,-6.349956393241882324e-01,-7.215745359659194724e-01
1.369668301917370323e+00,-5.707652039350347151e-01,-6.201726292872901114e-01
2.407773475619125136e+00,-5.813665031608685752e-01,-9.238699992454859622e-01
1.546697387017838876e+00,-6.243522060373442040e-01,-9.166769526043876404e-01
2.111451488274794563e+00,-6.349956393241882324e-01,-7.694622690861041558e-01
1.909845897129603731e+00,-6.228847872643243910e-01,-5.790216071265084086e-01
2.274453351288351577e+00,-5.698178668741051833e-01,-2.658574168662761195e-01
1.310500004074790281e+00,-6.100000739097595215e-01,-5.641428143272311235e-01
2.263878424962361802e+00,-6.349956393241882324e-01,-8.168920397758483443e-01
1.210001841325026195e+00,-5.876800274848937855e-01,-7.194741100531357736e-01
2.111958132849799163e+00,-6.349956393241882324e-01,-6.680475936995612374e-01
2.274742965711625597e+00,-5.695838986774757196e-01,-8.330000191926956177e-02
1.959346360173718660e+00,-6.257641377120182202e-01,-9.204877327228414563e-01
1.172835829839184552e+00,-6.100000739097595215e-01,-5.643881799569770985e-01
1.356699469002709213e+00,-6.294775796617959607e-01,-5.128579005610293118e-01
1.366284042377741592e+00,-5.800039039230946436e-01,-5.305604686227557432e-01
1.410085286628488532e+00,-6.307016063555670460e-01,-9.121708952927891634e-01
1.274351254885295548e+00,-5.765011575846661351e-01,-9.103723574694830845e-01
1.606511818038092620e+00,-6.349956393241882324e-01,-8.695956269900003699e-01
1.914691163433922760e+00,-6.349956393241882324e-01,-6.204198267724778670e-01
2.274452562332153427e+00,-5.698149179844629320e-01,-6.126659909884134558e-01
2.264406064461017554e+00,-6.349956393241882324e-01,-7.212585149140193774e-01
1.957847793896992927e+00,-6.349956393241882324e-01,-8.676399409770965132e-01
2.263878424962361802e+00,-6.349956393241882324e-01,-7.686815328068203890e-01
1.661811451522671401e+00,-6.288741972981667372e-01,-9.190610087647730353e-01
1.172585373971520406e+00,-6.100000739097595215e-01,-5.396714675717237952e-01
1.711904980101675466e+00,-6.268360108699438937e-01,-9.199677075979844076e-01
2.401172447309099844e+00,-5.334630485634253017e-01,-1.013258434617573478e+00
1.276260749105015746e+00,-6.100459200295780260e-01,-8.176291786408627082e-01
1.958981240237200661e+00,-6.349956393241882324e-01,-8.192414817986665154e-01
1.259507116149453543e+00,-5.877275819379847999e-01,-6.201057100074579553e-01
1.859719651360665527e+00,-6.267915137352482180e-01,-9.191244840621948242e-01
2.263878424962361802e+00,-6.349956393241882324e-01,-8.676399409770965132e-01
2.261380905714648559e+00,-4.854957962070989286e-01,-1.014266970087038811e+00
1.552245645589863443e+00,-6.258152158120953157e-01,-5.168843589514384718e-01
1.760062245761647048e+00,-3.949956893920898438e-01,-7.179838313775903647e-01
2.351011597323013902e+00,-4.053232626886300038e-01,-9.225566468236099382e-01
2.210202932357788086e+00,-3.949956893920898438e-01,-8.676325559616089311e-01
1.806626121203104729e+00,-3.949956893920898438e-01,-7.184131112363603133e-01
1.161654546856880188e+00,-3.092929944396018982e-01,-6.698602189620336267e-01
1.510069582169338842e+00,-3.967210928893695199e-01,-9.106885654441381206e-01
1.407222773453489451e+00,-3.870851366748264133e-01,-5.710150718095883260e-01
2.324954839110343396e+00,-4.033909972931343790e-01,-6.732642109225243088e-01
2.329309215869501681e+00,-3.951525673863480193e-01,-8.174351397945395226e-01
1.805920472851505920e+00,-3.949956893920898438e-01,-8.699822911509761392e-01
2.329331752240233033e+00,-3.951550853436463506e-01,-8.679504759096476896e-01
1.910227440870725157e+00,-4.019657648526705485e-01,-5.797344721280611735e-01
1.547925742772909397e+00,-4.025072908401489125e-01,-8.746496805777916883e-01
2.111856328116522796e+00,-3.949956893920898438e-01,-6.680245233906639823e-01
2.210342251736185037e+00,-3.989800655323526013e-01,-9.167318240455959444e-01
1.170165660734079349e+00,-2.991769360948581813e-01,-5.683628068286545876e-01
1.206730381092604443e+00,-3.303397059002343150e-01,-6.201762109994888306e-01
1.561974596254753322e+00,-3.960429625077681037e-01,-7.164816032756459174e-01
2.064865191777547349e+00,-3.949956893920898438e-01,-8.168782651424407737e-01
1.709524476009866456e+00,-3.949956893920898438e-01,-5.678397987199865771e-01
1.410203586763410399e+00,-3.970215362844182749e-01,-8.799801015142184601e-01
1.561513242514237065e+00,-3.968739509582519531e-01,-8.178350193345028663e-01
1.709603209495544451e+00,-4.023269414901733398e-01,-5.335759043693542036e-01
1.914798049365773025e+00,-3.949956893920898438e-01,-6.701406591078814534e-01
1.561762297800344923e+00,-3.963352247726085742e-01,-7.673843743265137407e-01
2.317847203136489842e+00,-4.064046925759518536e-01,-1.015875490777261136e+00
1.910285788774490401e+00,-3.994747549295425415e-01,-9.180061981081962807e-01
1.356729876433274029e+00,-3.995125385375296601e-01,-8.793256377744929075e-01
1.161654546856880188e+00,-3.092929944396018982e-01,-7.195441772540410730e-01
1.661247134208679199e+00,-3.949956893920898438e-01,-7.694696908195813867e-01
1.809080260140555341e+00,-4.004676512309482961e-01,-5.624577930995395825e-01
1.912305439219755376e+00,-3.949956893920898438e-01,-7.183495409348431560e-01
1.713943826524834790e+00,-3.949956893920898438e-01,-8.701887350333364912e-01
2.110761245091756333e+00,-3.949956893920898438e-01,-8.168782651424407737e-01
2.329450852848125919e+00,-3.951554306956569507e-01,-7.676951195777318437e-01
2.263748407363891602e+00,-3.949956893920898438e-01,-8.168782651424407737e-01
1.654210981200723074e+00,-3.949956893920898438e-01,-6.683118308291715604e-01
2.329337008533276521e+00,-3.951555389871631019e-01,-7.188479724970121554e-01
1.562244071296198467e+00,-3.958553912034675215e-01,-6.655009928627393379e-01
1.357334868248180948e+00,-3.960302542340552456e-01,-5.155641136552447934e-01
1.914626114898257736e+00,-3.949956893920898438e-01,-6.204050944911109200e-01
1.711402696371078447e+00,-3.994747549295425415e-01,-9.180061981081962807e-01
1.762554827858419992e+00,-3.949956893920898438e-01,-6.697749495506286621e-01
1.607247127426995270e+00,-3.949956893920898438e-01,-8.184736967086791992e-01
1.661778325258299382e+00,-3.991143703460693359e-01,-9.180917712145073573e-01
1.410204807917277092e+00,-3.966713899079664096e-01,-9.106111170823681933e-01
1.170826555123378743e+00,-2.876226596766277011e-01,-7.847380887678337968e-01
1.208591692297308340e+00,-2.946748492148545395e-01,-7.920144099373001012e-01
1.407849807462256964e+00,-3.939256013429016656e-01,-5.208237251800125200e-01
2.111133210799273296e+00,-3.949956893920898438e-01,-7.180230827892527534e-01
-2.356415056645403183e+00,5.149907892175972224e-01,-9.700449854135513306e-01
-2.341785805411814803e+00,6.121527830619802879e-01,-8.684192997878119602e-01
-2.356414336876520466e+00,5.150047152767605052e-01,-5.673549920320510864e-01
-2.344067080858873275e+00,6.134291713949162617e-01,-9.239171047373995194e-01
-2.344450662033586319e+00,5.666241373790662506e-01,-6.728249836169639675e-01
-2.341838927576692875e+00,6.126128776071159132e-01,-7.688204251712354997e-01
-2.345885288645649602e+00,4.446166436429376811e-01,-1.745700091123580933e-01
-2.342877384612187530e+00,4.152725446740565540e-01,-1.020775509533524472e+00
-2.343353068903516245e+00,6.049416048111697641e-01,-1.028499960899353027e+00
-2.341547843257963724e+00,6.127428796174224646e-01,-7.190304026191099984e-01
-2.384577646508680981e+00,4.712559026426973441e-01,-4.209990054368972778e-01
-2.345857349055552543e+00,5.853935162052076313e-01,-1.198080008228619847e-01
-2.342013452534794204e+00,4.181005479127037905e-01,-7.189486795893641480e-01
-2.341890017595035900e+00,4.180697543901876201e-01,-8.684697275779652559e-01
-2.346005960103779486e+00,5.676887715438005966e-01,-9.198403079452341924e-01
-2.341937082813442483e+00,6.125846218381105768e-01,-8.185527429649446240e-01
-2.346247976807158686e+00,5.689086587439606824e-01,-7.215146207888647467e-01
-2.384585206276547797e+00,4.712658831503538925e-01,-5.670310258865356445e-01
-2.345888358110572725e+00,4.446175779646251436e-01,-2.202050015330314636e-01
-2.394100123931717672e+00,5.136981439311034681e-01,-1.014639051161188243e+00
-2.344067607345216242e+00,4.190262811738389437e-01,-6.775197766946836619e-01
-2.345888327132672480e+00,5.853885787472369318e-01,-2.658399989207585468e-01
-2.340028778076577609e+00,5.637982103156962133e-01,-4.684964802679345564e-01
-2.343642866338876640e+00,5.795471137441017273e-01,-8.057753875156394019e-02
-2.095454533894856919e+00,3.950000405311584473e-01,-8.168782651424407737e-01
-1.897211909294128418e+00,3.950000405311584473e-01,-7.703205413288540804e-01
-1.164339172109733367e+00,2.673140759997607585e-01,-8.178063460851915378e-01
-1.163030931409799740e+00,3.163210430164944409e-01,-5.771081423703229296e-01
-1.161250613984607494e+00,3.171449041082745612e-01,-7.195441772540410730e-01
-1.699320554733276367e+00,3.950000405311584473e-01,-7.681411206722259521e-01
-1.165589668248829147e+00,2.701809445494099404e-01,-7.924736738204956055e-01
-1.208743699019569240e+00,3.053966803827147802e-01,-8.420000076293945312e-01
-1.693881933887799507e+00,3.950000405311584473e-01,-6.187388077378273010e-01
-1.843955730398495918e+00,3.950000405311584473e-01,-7.682045424977937964e-01
-1.162526834984214830e+00,3.132898421311864912e-01,-5.383841298064406811e-01
-1.595659401681688072e+00,3.950000405311584473e-01,-5.679490831163194198e-01
-1.844647775996815176e+00,3.950000405311584473e-01,-8.180719776587053182e-01
-2.142280393176608566e+00,3.950000405311584473e-01,-6.692336599032083777e-01
-1.645138915034307869e+00,4.112861575423807370e-01,-5.197772565095321040e-01
-1.343888173949334019e+00,3.630859123602990235e-01,-8.235403245495211966e-01
-1.743643454142979277e+00,3.950000405311584473e-01,-8.721553058851332363e-01
-1.759095255921526713e+00,4.128177682074105070e-01,-5.556703515169096885e-01
-1.592725521988338944e+00,3.950000405311584473e-01,-7.695891227987077254e-01
-2.194896101951599121e+00,3.950000405311584473e-01,-8.676325559616089311e-01
-1.194463300917829818e+00,3.651933441204683883e-01,-8.420000076293945312e-01
-1.445140107041928967e+00,4.063098371539068387e-01,-9.146012975043814608e-01
-2.144842373181695905e+00,4.163550954975493990e-01,-6.316998698940016199e-01
-1.643597856811855218e+00,3.950000405311584473e-01,-8.672996163368225098e-01
-1.943084478378295898e+00,3.950000405311584473e-01,-8.206993150711059393e-01
-2.248441616694132339e+00,3.950000405311584473e-01,-7.686616778373718262e-01
-1.846389874168064216e+00,3.950000405311584473e-01,-6.691526485526043677e-01
-1.294568546982698631e+00,3.086214758629022836e-01,-5.366132592045983474e-01
-1.544055357643541404e+00,4.116942925320206670e-01,-5.175438046419049698e-01
-1.226795750359694237e+00,2.875229837372899055e-01,-8.176562506705522537e-01
-1.161250613984607494e+00,3.172080067020875416e-01,-6.698602189620336267e-01
-1.844515392313832880e+00,4.119448124066643069e-01,-9.213659115459608140e-01
-1.161209617773691916e+00,3.171956127484639731e-01,-6.202755788962046601e-01
-1.997634795579043221e+00,3.950000405311584473e-01,-7.673176770860498097e-01
-1.896571397781372070e+00,3.950000405311584473e-01,-8.676325559616089311e-01
-1.646612315074257316e+00,4.108213626820108044e-01,-9.228179979583491788e-01
-2.248441616694132339e+00,3.950000405311584473e-01,-8.168782651424407737e-01
-1.793168548208016633e+00,4.168349928580797892e-01,-9.229254602239682637e-01
-1.700043678283691406e+00,3.950000405311584473e-01,-7.184411111999960964e-01
-1.944582393471623760e+00,4.171306742748743801e-01,-5.860111864519791380e-01
-1.942467570304870605e+00,3.950000405311584473e-01,-8.676325559616089311e-01
-2.194896101951599121e+00,3.950000405311584473e-01,-7.686616778373718262e-01
-2.050366806983947576e+00,3.950000405311584473e-01,-7.720239669084548728e-01
-1.345771307776054693e+00,4.125193135915550813e-01,-8.762291754523815479e-01
-1.746435656267053993e+00,3.950000405311584473e-01,-6.691348167026743843e-01
-2.047270262241363437e+00,6.349999904632568359e-01,-7.177617102861404419e-01
-2.303675698290625906e+00,5.590327849950477157e-01,-9.695115191258972809e-01
-2.293527308073672444e+00,5.811008514338360520e-01,-2.658399989207585468e-01
-2.249119443552834774e+00,6.349999904632568359e-01,-7.217979409864970775e-01
-1.995395125254340707e+00,6.179432953181474009e-01,-9.213664998178896504e-01
-2.293493842160357232e+00,5.810904188448001717e-01,-2.202050015330314636e-01
-2.261283844178566316e+00,5.535390007738545393e-01,-4.209990054368972778e-01
-1.543738339968278694e+00,6.181180927105927037e-01,-5.177854142634906731e-01
-2.095135414323141543e+00,6.174237741980441729e-01,-9.222824240839758714e-01
-1.844405635543491462e+00,6.349999904632568359e-01,-7.181327939033508301e-01
-1.639875405364566330e+00,6.349999904632568359e-01,-6.691660185654958459e-01
-1.844007934133211846e+00,6.349999904632568359e-01,-7.682164013385772705e-01
-2.345885496595651709e+00,5.853891453549825430e-01,-3.206019898255665912e-01
-1.644989941431128422e+00,6.349999904632568359e-01,-8.181850547375886240e-01
-1.897274004088507660e+00,6.349999904632568359e-01,-7.703346378273434603e-01
-1.593474957678053139e+00,6.349999904632568359e-01,-7.184703979227278214e-01
-2.293101499603856563e+00,5.725266657013824423e-01,-6.707600624909836329e-01
-2.293523847620129175e+00,5.810989833576775121e-01,-3.206019898255665912e-01
-1.162967530780014025e+00,6.004898992669223112e-01,-5.719480075963763177e-01
-1.844549497832422613e+00,6.180552140526149874e-01,-9.213664998178896504e-01
-1.943155117034912172e+00,6.349999904632568359e-01,-8.207125711441040083e-01
-2.195013284683227539e+00,6.349999904632568359e-01,-8.168920397758483443e-01
-2.096170177459717010e+00,6.349999904632568359e-01,-7.699646663665771218e-01
-1.647026585495990236e+00,6.349999904632568359e-01,-7.692168095837468300e-01
-1.191425269610276283e+00,5.962625665577380163e-01,-7.879594891786029232e-01
-2.344287487965504901e+00,5.151898521570288381e-01,-6.748373815707588153e-02
-1.289730754690041614e+00,5.668675760128425445e-01,-5.213019008051599235e-01
-2.343335695718133049e+00,6.114763392489224181e-01,-6.773835016407103726e-01
-1.646761685609817505e+00,6.349999904632568359e-01,-7.191686381896337243e-01
-1.243888267977484308e+00,5.960000753402709961e-01,-6.697031719931241245e-01
-2.043423602978388320e+00,6.349999904632568359e-01,-6.681641315420469018e-01
-1.445216466905183683e+00,6.225748805086503967e-01,-8.766632724781425745e-01
-1.164017962084876068e+00,6.034775790241029281e-01,-5.376131426956918258e-01
-1.293116215399270574e+00,5.668914551197162810e-01,-9.186407503964056920e-01
-2.195013284683227539e+00,6.349999904632568359e-01,-7.686815328068203890e-01
-1.426551968619100830e+00,5.943587166222904505e-01,-5.660075037742808846e-01
-1.746469525729908767e+00,6.349999904632568359e-01,-6.691425057018504097e-01
-1.393776762586225626e+00,6.087278806416567267e-01,-7.920293927184364202e-01
-2.100483771693499868e+00,5.060521491690178619e-01,-6.212794274263988559e-01
-2.303664946752320475e+00,5.590459690448433827e-01,-5.672336713767346383e-01
-1.194200011400076145e+00,5.960000753402709961e-01,-7.195441772540410730e-01
-1.745297583373817130e+00,6.200569119002368179e-01,-9.216795740900812772e-01
-1.745002581013573639e+00,6.349999904632568359e-01,-7.699625194072723389e-01
-1.747192674212985519e+00,6.349999904632568359e-01,-6.194424993462033235e-01
-1.164102499917049505e+00,6.064151369485278886e-01,-8.183657724985340387e-01
-2.426783592567015369e+00,5.771545318807108638e-01,-8.698268842697143288e-01
-1.644345643473606566e+00,6.183184724228054652e-01,-5.202530552359188043e-01
-2.261281872321428743e+00,5.535357739583630643e-01,-4.666339953740437640e-01
-2.432856418958287748e+00,5.562197814645842842e-01,-9.201671405443441198e-01
-1.592731138070424324e+00,6.349999904632568359e-01,-7.695904009872012175e-01
-2.196087082227071274e+00,6.349999904632568359e-01,-7.238837460676829094e-01
-1.442078058640974492e+00,6.069298923494755860e-01,-8.222953346751185055e-01
-1.944590330123901367e+00,6.349999904632568359e-01,-7.196458683294408853e-01
-1.595665037631988525e+00,6.349999904632568359e-01,-5.679503778616586951e-01
-2.427072737833583904e+00,5.765826124399774377e-01,-8.193462157108849508e-01
-2.434028599480025701e+00,5.571064530707492413e-01,-7.052934353013620150e-01
-2.095553159713745117e+00,6.349999904632568359e-01,-8.168920397758483443e-01
-2.302062071846923796e+00,5.625221062987474374e-01,-6.161691153896536877e-01
-1.792318891076480680e+00,6.349999904632568359e-01,-7.192737460136413574e-01
-1.942097418448504254e+00,6.349999904632568359e-01,-7.678546730209799831e-01
-1.846177354454994202e+00,6.349999904632568359e-01,-6.191163733601570129e-01
-1.431349911438067224e+00,5.550671230548915869e-01,-7.195441772540410730e-01
-1.436055519836245908e+00,6.019087467013557458e-01,-7.920787577219301490e-01
-2.261285816237924351e+00,5.535422274376802232e-01,-3.753640154997507916e-01
-2.420385507724744922e+00,5.627085573202825763e-01,-6.938951634238118560e-01
-2.203177387515703689e+00,6.223865424593290063e-01,-6.574124917387962341e-01
-1.194156686826185698e+00,5.150792964480139791e-01,-8.420000076293945312e-01
-2.384560194257010490e+00,5.587611491183088752e-01,-3.753640154997507916e-01
-1.754662550728896653e+00,6.262660828129998913e-01,-5.595816743784937097e-01
-2.345854850656572399e+00,5.853940983671426235e-01,-1.745700091123580933e-01
-2.293500758813423523e+00,5.810938763377974103e-01,-1.198080008228619847e-01
-2.345901863965374812e+00,-5.853783070866824811e-01,-4.209990054368972778e-01
-2.347117149806627001e+00,-3.978639238715520610e-01,-7.686954168403125065e-01
-2.343883266715637514e+00,-4.897768219118083799e-01,-8.141650110483169556e-01
-2.347176462069667124e+00,-3.978813242016586149e-01,-8.186970262960737710e-01
-2.346520662195064943e+00,-3.977656339159647558e-01,-7.189061334655956204e-01
-2.347916411845186957e+00,-6.320085379988094054e-01,-8.188954149443100627e-01
-2.341399849653916565e+00,-4.921029093677855570e-01,-1.047625860763106376e+00
-2.343982557107933573e+00,-5.348656059850750433e-01,-6.753421711870381816e-02
-2.345857349055552543e+00,-4.446064794388895347e-01,-1.198080008228619847e-01
-2.347388610014668142e+00,-3.978986678208601413e-01,-8.686814534344150518e-01
-2.346042544409997710e+00,-4.417650759708959818e-01,-1.013021387249590344e+00
-2.347198699592333515e+00,-5.819315510564535554e-01,-8.182378382900384883e-02
-2.342929062559253595e+00,-6.215488627791003751e-01,-6.770709935278711455e-01
-2.343860873390757771e+00,-4.897637872478712850e-01,-4.244650006294250488e-01
-2.343862424924890941e+00,-4.897653750690912355e-01,-5.153950005769729614e-01
-2.345885288645649602e+00,-5.853833519866359358e-01,-1.745700091123580933e-01
-2.343866746787251376e+00,-4.897697983503446761e-01,-7.687000036239624023e-01
-2.343863311701666063e+00,-4.897662824138052651e-01,-5.673549920320510864e-01
-2.345888358110572725e+00,-5.853824175850689260e-01,-2.202050015330314636e-01
-2.344018348980015709e+00,-5.344775378876645000e-01,-1.029357472587867139e+00
-2.346233406964484125e+00,-5.366035064463056115e-01,-9.191075233076052564e-01
-2.343884062483009512e+00,-4.897777436635180059e-01,-8.661249876022338867e-01
-2.347752011392978844e+00,-6.320490495955690680e-01,-8.688268164370922531e-01
-2.344399911607642384e+00,-6.216198400421747428e-01,-9.246024817584127531e-01
-2.345895110631314395e+00,-5.853803622850433097e-01,-3.206019898255665912e-01
-2.345943230816105007e+00,-5.894762443744071545e-01,-7.196453610743757112e-01
-2.345885496595651709e+00,-4.446108502373571914e-01,-3.206019898255665912e-01
-2.346134241442050516e+00,-5.830752892723876091e-01,-1.014323664766531241e+00
-2.141350587209065903e+00,-6.349999904632568359e-01,-8.168782651424407737e-01
-1.370804879723525715e+00,-6.100000739097595215e-01,-5.647900380739351300e-01
-2.248992426054818417e+00,-6.349999904632568359e-01,-7.217721981661660013e-01
-2.293510467960284238e+00,-5.810916155249208348e-01,-5.670310258865356445e-01
-1.996012955904006958e+00,-6.349999904632568359e-01,-8.168782651424407737e-01
-2.298784361230603590e+00,-5.339763360400641146e-01,-6.891562313225135794e-02
-2.141350587209065903e+00,-6.349999904632568359e-01,-8.676325559616089311e-01
-2.293504657653661738e+00,-5.810903075795906814e-01,-2.202050015330314636e-01
-1.597440761678359022e+00,-6.267325124319862439e-01,-5.136285827440374430e-01
-2.293503892618221407e+00,-5.810901352883258708e-01,-1.745700091123580933e-01
-1.794027238521935796e+00,-6.246644483422333360e-01,-5.573606963427562011e-01
-1.639861272441016204e+00,-6.349999904632568359e-01,-6.691628197828928259e-01
-1.698576728502909416e+00,-6.349999904632568359e-01,-8.192611204253302803e-01
-1.843955730398495918e+00,-6.349999904632568359e-01,-7.682045424977937964e-01
-1.593469295236799477e+00,-6.349999904632568359e-01,-7.184691131114959717e-01
-2.345891428040249860e+00,-5.853814836192084980e-01,-2.658399989207585468e-01
-2.293502975732852445e+00,-5.810899287462234497e-01,-1.198080008228619847e-01
-2.298003925420797788e+00,-5.931301484584473593e-01,-6.698413384448118624e-01
-1.194400007074529535e+00,-6.100000739097595215e-01,-5.639615917539263501e-01
-2.426699381558302449e+00,-5.781768159619693481e-01,-8.193520220459697967e-01
-2.345911686183416389e+00,-5.853753175738959369e-01,-5.670310258865356445e-01
-2.141564144028557770e+00,-6.349999904632568359e-01,-7.212800217999352226e-01
-2.348047635239217001e+00,-6.320003261130442418e-01,-7.687611296983912768e-01
-1.699320554733276367e+00,-6.349999904632568359e-01,-7.681411206722259521e-01
-1.165386319160461426e+00,-6.100000739097595215e-01,-7.927499860525131226e-01
-1.289788256510126185e+00,-5.879500593021916854e-01,-5.141720536541782849e-01
-2.293511232941142008e+00,-5.810917877070196358e-01,-6.126659909884134558e-01
-1.646746173501014709e+00,-6.349999904632568359e-01,-7.191651140650113794e-01
-1.295753663586032056e+00,-5.875542789610250782e-01,-6.700726992223968725e-01
-2.293481444886166898e+00,-5.810811594641028810e-01,-9.686189889907836914e-01
-1.445327860895520455e+00,-6.299044386477745672e-01,-8.781680988040164726e-01
-1.194400007074529535e+00,-6.100000739097595215e-01,-5.395483374595642090e-01
-1.293087554251080462e+00,-5.859718713003748691e-01,-9.151874565476323387e-01
-2.293508785111563419e+00,-5.810912368825940089e-01,-4.666339953740437640e-01
-1.438083086242577968e+00,-5.780814015817976603e-01,-5.715534319591197843e-01
-1.746435656267053993e+00,-6.349999904632568359e-01,-6.691348167026743843e-01
-1.393097182737834450e+00,-6.199570932545986901e-01,-7.920656632454788904e-01
-2.294055005750129883e+00,-5.791836343226606232e-01,-8.237277088383211654e-02
-1.594915582074059479e+00,-6.349999904632568359e-01,-6.190690994262695312e-01
-1.944122873601459300e+00,-6.219575192247118745e-01,-5.859900102728888838e-01
-1.345679794905441984e+00,-6.265461978208700655e-01,-9.123131960996035961e-01
-1.160415353683325046e+00,-5.880461815649118407e-01,-7.195441772540410730e-01
-1.793583010805064326e+00,-6.259105020555956189e-01,-9.204870328820985437e-01
-1.790658202436235191e+00,-6.349999904632568359e-01,-7.689285510116152800e-01
-1.747158812152014740e+00,-6.349999904632568359e-01,-6.194348037242889404e-01
-1.195909045991443431e+00,-6.100000739097595215e-01,-8.177234044915636657e-01
-1.897211909294128418e+00,-6.349999904632568359e-01,-7.703205413288540804e-01
-1.645460661852134798e+00,-6.242469020609585639e-01,-5.204112844647101888e-01
-2.293506338919475418e+00,-5.810906860308769906e-01,-3.206019898255665912e-01
-2.428492775956522465e+00,-5.680248241666027154e-01,-9.208230909616917925e-01
-1.592725521988338944e+00,-6.349999904632568359e-01,-7.695891227987077254e-01
-2.293505422579936504e+00,-5.810904796798150862e-01,-2.658399989207585468e-01
-1.431525203226239107e+00,-6.167153582900203324e-01,-8.194297006386758175e-01
-1.945091492599911209e+00,-6.349999904632568359e-01,-6.187742319371964950e-01
-2.347910370110672496e+00,-6.320286408566123670e-01,-7.188098190171726687e-01
-1.595659401681688072e+00,-6.349999904632568359e-01,-5.679490831163194198e-01
-1.897379732131958097e+00,-6.349999904632568359e-01,-8.227782607078552024e-01
-2.430531923407599937e+00,-5.688368450687044664e-01,-7.062434017147336540e-01
-2.096071434020996271e+00,-6.349999904632568359e-01,-7.699450159072875888e-01
-2.345903025784764395e+00,-5.853794454540176551e-01,-6.126570909387132335e-01
-1.745712525314754959e+00,-6.349999904632568359e-01,-7.188348240322537386e-01
-2.145266142758456063e+00,-6.227843774990602377e-01,-6.320276016538793895e-01
-1.800107944579351527e+00,-5.347490154561542752e-01,-5.530959722541627377e-01
-1.424358135157916871e+00,-5.643561495969176001e-01,-7.195326821302175935e-01
-1.898678863749784673e+00,-6.349999904632568359e-01,-6.695005192476159994e-01
-1.428382206470408367e+00,-6.147454268966160429e-01,-7.921941421450452436e-01
-2.048613535730462232e+00,-6.349999904632568359e-01,-7.183815491826910371e-01
-2.426469567171762876e+00,-5.785529184045258289e-01,-8.699173468809860976e-01
-2.420382797233457506e+00,-5.730886255822530417e-01,-6.938945546867402170e-01
-2.050366806983947576e+00,-6.349999904632568359e-01,-7.720239669084548728e-01
-1.193872047795189850e+00,-5.353276663356356657e-01,-8.420000076293945312e-01
-2.345898793570944108e+00,-5.853792414156316903e-01,-3.753640154997507916e-01
-1.752161622047424316e+00,-6.315677588184674951e-01,-5.625142976641654968e-01
-1.743677326611110079e+00,-3.950000405311584473e-01,-8.721616041092645766e-01
-1.163767520601630245e+00,-2.717673342032437267e-01,-8.182148919366194484e-01
-1.205490499027704887e+00,-3.255012263685970186e-01,-8.420000076293945312e-01
-2.248568534851074219e+00,-3.950000405311584473e-01,-7.686815328068203890e-01
-1.698602126704321869e+00,-3.950000405311584473e-01,-8.192668921417660677e-01
-1.244105779587685534e+00,-2.957939592567649933e-01,-5.662763432339504854e-01
-2.050457179546356201e+00,-3.950000405311584473e-01,-7.720430225133896318e-01
-1.192929169799708200e+00,-2.964401121704315356e-01,-5.673644189162021512e-01
-1.161654546856880188e+00,-3.092929944396018982e-01,-7.195441772540410730e-01
-1.996093362569808960e+00,-3.950000405311584473e-01,-8.168920397758483443e-01
-1.162908586902894781e+00,-2.979448487361271991e-01,-7.766109320564545948e-01
-1.639875405364566330e+00,-3.950000405311584473e-01,-6.691660185654958459e-01
-1.844274606969621422e+00,-4.004916035466724034e-01,-5.690577510330412370e-01
-1.332310598829518300e+00,-3.523031509676469719e-01,-8.191739136993649861e-01
-1.191473924247912208e+00,-2.994491512881977124e-01,-5.373090202581949359e-01
-1.596246367409115852e+00,-3.987898812407538740e-01,-5.174040624073573680e-01
-1.844405635543491462e+00,-3.950000405311584473e-01,-7.181327939033508301e-01
-1.495311546916804124e+00,-3.966826612422288956e-01,-9.106756257863084514e-01
-1.745746393998463875e+00,-3.950000405311584473e-01,-7.188425130314297640e-01
-1.745002581013573639e+00,-3.950000405311584473e-01,-7.699625194072723389e-01
-1.743831122793802368e+00,-3.996712180172524720e-01,-9.182021588813967794e-01
-1.746469525729908767e+00,-3.950000405311584473e-01,-6.691425057018504097e-01
-1.593474957678053139e+00,-3.950000405311584473e-01,-7.184703979227278214e-01
-1.996093362569808960e+00,-3.950000405311584473e-01,-8.676399409770965132e-01
-1.194350026688485666e+00,-3.848935902680991061e-01,-8.420000076293945312e-01
-1.593718602543785501e+00,-3.990840713183085309e-01,-9.185596676099867519e-01
-2.096689727571275697e+00,-3.950000405311584473e-01,-6.702823804484473458e-01
-2.339658400296217966e+00,-4.040687469118752206e-01,-9.233723240849659453e-01
-1.693905929724375481e+00,-3.950000405311584473e-01,-6.187442615628242493e-01
-1.592731138070424324e+00,-3.950000405311584473e-01,-7.695904009872012175e-01
-2.248568534851074219e+00,-3.950000405311584473e-01,-8.676399409770965132e-01
-1.244355859900965866e+00,-2.976706916635686873e-01,-5.380797310308976789e-01
-1.161654546856880188e+00,-3.092929944396018982e-01,-6.698602189620336267e-01
-1.236892596718103920e+00,-2.989940263857185365e-01,-8.251003741553282200e-01
-1.594921251138051277e+00,-3.950000405311584473e-01,-6.190703809261322021e-01
-2.248568534851074219e+00,-3.950000405311584473e-01,-8.168920397758483443e-01
-1.161591181095610326e+00,-3.092848268595147498e-01,-6.206166712527579898e-01
-2.333297707495235240e+00,-4.083084233459972068e-01,-1.028499960899353027e+00
-1.996228438356648427e+00,-3.989844082490257571e-01,-9.167330005894536171e-01
-1.594198086682487858e+00,-3.950000405311584473e-01,-6.687703868922065809e-01
-1.693641045819158197e+00,-3.950000405311584473e-01,-5.686960842298425245e-01
-1.898740943740395926e+00,-3.950000405311584473e-01,-6.695146280176499376e-01
-1.793493095371458290e+00,-4.003199926680988674e-01,-5.599051465590795251e-01
-1.747192674212985519e+00,-3.950000405311584473e-01,-6.194424993462033235e-01
-1.944284343719482333e+00,-4.029078912734985196e-01,-5.861650681495667037e-01
-2.245894172612358464e+00,-4.005117933539783515e-01,-6.608235432821161215e-01
-2.198829857508341590e+00,-3.972653100887934552e-01,-6.641189575195312056e-01
-2.096170177459717010e+00,-3.950000405311584473e-01,-7.699646663665771218e-01
-1.377823558511331203e+00,-3.995920503369774224e-01,-8.774101587425773285e-01
-1.750350004150754035e+00,-3.962748660927727373e-01,-5.650033297992888004e-01
1.981810020075903900e+00,1.684000015258789062e+00,-1.319010847144656662e+00
-2.552632411321004380e+00,1.602999925613403320e+00,-6.691786100467046472e-01
5.498193204402923584e-02,1.822040021419525146e+00,-1.368012547492980957e+00
-7.597620487213134766e-01,1.817950010299682617e+00,-7.709512829780578169e-01
-2.347940866763775336e+00,1.602999925613403320e+00,-6.657817592987647082e-01
3.191407348856579507e+00,1.822040021419525146e+00,-8.679424591737086025e-01
1.347216447194417244e+00,1.815000176429748535e+00,-9.176650072137514380e-01
-2.150442707923150731e+00,1.822475371822234180e+00,-5.103685317500945562e-01
-1.790731587035711447e+00,1.822040021419525146e+00,-2.573143855430359284e-01
-1.189028859138488770e+00,1.817950010299682617e+00,-8.670894503593444824e-01
2.900315836856239837e+00,1.822040021419525146e+00,-4.727854953000419913e-01
-6.002757549285888672e-01,1.822040021419525146e+00,-1.228024005889892578e+00
-1.980619311332702637e+00,1.822040021419525146e+00,-1.228024005889892578e+00
-2.174589395523071289e+00,1.822040021419525146e+00,-1.227669715881347656e+00
-2.873944354057312189e+00,1.823122688134511282e+00,-1.292404842376708940e+00
-4.813832789659500122e-02,1.822040021419525146e+00,-1.228024005889892578e+00
1.796300649642944336e+00,1.822040021419525146e+00,-4.007384628057479858e-01
1.599123378594716316e+00,1.815000176429748535e+00,-6.198795901404486886e-01
2.550460305932449767e+00,1.684000015258789062e+00,-1.317765226102855181e+00
1.892467260360717773e+00,1.822040021419525146e+00,-1.368002891540527344e+00
-2.802734673023223877e-01,1.716480016708374023e+00,-3.950240910053253174e-01
-1.400765374854758827e+00,1.779999852180480957e+00,-7.654807766278585168e-01
6.058429309300014109e-01,1.821971314293997724e+00,-1.127934813499450684e+00
9.150169044733047485e-02,1.779999852180480957e+00,-5.703132152557373047e-01
3.036160668957898157e+00,1.822067734731342092e+00,-8.177786126342920792e-01
-1.199228861975291327e+00,1.710000038146972656e+00,-1.066337362168327196e+00
1.852673113346099854e+00,1.822040021419525146e+00,-2.679280340671539307e-01
7.620574831962585449e-01,1.819361123773786781e+00,-5.193897121482424772e-01
-2.401572162454778336e+00,1.602999925613403320e+00,-9.190409237688238475e-01
2.099960618548923019e+00,1.822612706820170070e+00,-1.127934813499450684e+00
2.486088063035692408e-01,1.779999852180480957e+00,-6.161178520747593312e-01
2.852221132796487701e+00,1.823202964700298523e+00,-1.085300326347351074e+00
2.400721708933512222e+00,1.771000027656555176e+00,-8.179350972175598589e-01
-1.048160210251808167e+00,1.684000015258789062e+00,-1.355420559644699097e+00
2.102774477005004972e+00,1.771000027656555176e+00,-9.181950062513350996e-01
-3.010070311700975498e+00,1.822040021419525146e+00,-1.172790440514281052e+00
7.779180672433640975e-01,1.684000015258789062e+00,-3.684286574522654401e-01
2.928773110563104853e-01,1.821996298703280281e+00,-4.178591885349967061e-01
2.980615262087289441e+00,1.822040021419525146e+00,-1.100331122224981195e+00
-1.477366387844085693e-01,1.821996298703280281e+00,-4.178591885349967061e-01
2.100811733919031532e+00,1.771000027656555176e+00,-8.160084380823022787e-01
2.400212383270263761e+00,1.771000027656555176e+00,-7.187406619389852258e-01
-7.597620487213134766e-01,1.817950010299682617e+00,-5.209920167922973411e-01
9.497331863357907356e-01,1.822605303355625761e+00,-4.309078156948089600e-01
1.349910577138264900e+00,1.815000176429748535e+00,-7.654807766278585168e-01
1.040042638778686523e+00,1.822657235815555277e+00,-5.180757704037654010e-01
1.189237713813781738e+00,1.817950010299682617e+00,-6.651992917060851607e-01
3.546968102455139160e-01,1.716480016708374023e+00,-3.950240910053253174e-01
-6.800122261047363281e-01,1.822040021419525146e+00,-1.368016481399536133e+00
2.152596840044347370e+00,1.773782731071720242e+00,-1.118700584745019322e+00
3.162217022243298814e+00,1.822040021419525146e+00,-1.068190706560486314e+00
2.279303669929504395e-01,1.822040021419525146e+00,-1.228024005889892578e+00
3.125520944595336914e+00,1.822040021419525146e+00,-1.143633981545766121e+00
-1.047509312629699707e+00,1.822040021419525146e+00,-1.368018269538879395e+00
-2.951569174017225072e-01,1.821971314293997724e+00,-1.127934813499450684e+00
1.396897753079732185e+00,1.815000176429748535e+00,-8.124655661759553338e-01
3.306047320365905762e-01,1.822040021419525146e+00,-1.368011116981506348e+00
-7.718864679336547852e-01,1.822040021419525146e+00,-1.368016958236694336e+00
-1.685896984736124704e+00,1.702772982915242483e+00,-5.199114739894866721e-01
-7.597620487213134766e-01,1.817950010299682617e+00,-8.682911768555641174e-01
2.977201955185996063e+00,1.822040021419525146e+00,-1.294453233480453491e+00
-2.202578929754404058e+00,1.602999925613403320e+00,-5.690359152280367594e-01
-5.588372520038059621e-01,1.821779966354370117e+00,-4.104028301579611404e-01
9.711930884255303154e-01,1.684000015258789062e+00,-1.319016151958041672e+00
-9.562859609723091125e-01,1.684000015258789062e+00,-1.355420053005218506e+00
-5.444981753826141357e-01,1.779999852180480957e+00,-7.654807766278585168e-01
2.998494716584682251e+00,1.822040021419525146e+00,-5.261971715837716612e-01
-5.444981753826141357e-01,1.779999852180480957e+00,-6.191051155328750610e-01
2.933305391484060998e+00,1.822131772836049324e+00,-1.149739567169361765e+00
2.846401560056896152e+00,1.822040021419525146e+00,-1.201995891582279263e+00
-1.999621367454528897e+00,1.602999925613403320e+00,-9.182761510213216516e-01
-2.397204344089214789e+00,1.602999925613403320e+00,-8.154096924341641683e-01
-2.350024509429931463e+00,1.822040021419525146e+00,-1.361174178123474077e+00
1.009110313289019567e+00,1.809018974401512825e+00,-1.127934813499450684e+00
3.169910417607993303e+00,1.822040021419525146e+00,-7.590633797005188477e-01
2.348638875143868709e+00,1.771000027656555176e+00,-9.201278686523437500e-01
-4.384981989860534668e-01,1.779999852180480957e+00,-7.654807766278585168e-01
-2.094013094902038574e+00,1.819250870834697276e+00,-1.127934813499450684e+00
-1.952770630518595452e+00,1.602999925613403320e+00,-1.068968325853347778e+00
-1.469982638955116272e-01,1.779999852180480957e+00,-9.188267191251119348e-01
1.952625155448913574e+00,1.771000027656555176e+00,-9.693959802389144897e-01
1.700715964490717047e+00,1.815000176429748535e+00,-5.191962488672949849e-01
2.100984958501962652e+00,1.771000027656555176e+00,-7.193736617381756293e-01
4.987704207499821796e-01,1.820379932721455818e+00,-4.189465741316477643e-01
-3.099542422189238255e+00,1.822040021419525146e+00,-9.180579361665314186e-01
2.600916317531040800e+00,1.818560021264212567e+00,-4.078463912010192871e-01
1.151720098827196281e+00,1.818778271260468760e+00,-4.633091092109680176e-01
2.855153931847101312e+00,1.771000027656555176e+00,-7.730496110795419540e-01
1.701032765706380179e+00,1.815000176429748535e+00,-1.016410509745280022e+00
-1.782503366470336914e+00,1.822040021419525146e+00,-1.368022203445434570e+00
2.351032018661499023e+00,1.771000027656555176e+00,-6.169729278637812175e-01
4.495299905538558960e-01,1.819549888372421265e+00,-1.127934813499450684e+00
2.197125315666198730e+00,1.822040021419525146e+00,-3.323391973972320557e-01
-2.599656069720233109e+00,1.602999925613403320e+00,-1.067934972268563820e+00
-2.105488300323486328e+00,1.822040021419525146e+00,-4.716261128584544049e-01
-9.157780408859252930e-01,1.822040021419525146e+00,-2.550481855869293213e-01
3.035016506910324097e-01,1.779999852180480957e+00,-7.654807766278585168e-01
-9.153361145187827175e-01,1.684000015258789062e+00,-3.688403508242438789e-01
2.106971554134203117e+00,1.822748692139335214e+00,-4.955677714036858528e-01
-1.268545627593994141e+00,1.822040021419525146e+00,-2.550481855869293213e-01
-1.450090139519934596e+00,1.785682215410120399e+00,-1.119734476594363981e+00
1.445016786456108093e-01,1.779999852180480957e+00,-6.678969661394754675e-01
3.035016506910324097e-01,1.779999852180480957e+00,-9.188267191251119348e-01
1.341221690177917480e+00,1.822040021419525146e+00,-1.368005871772766113e+00
-1.448224764121206265e+00,1.779999852180480957e+00,-9.683523131044287080e-01
1.150376051664352417e+00,1.710149777304265983e+00,-9.611194620734637706e-01
-2.797831311458494508e+00,1.602999925613403320e+00,-9.170983244733112993e-01
1.884342551231384277e+00,1.822040021419525146e+00,-1.228024005889892578e+00
2.402602984355046267e+00,1.771000027656555176e+00,-9.689818437282855523e-01
-1.685855891023363418e+00,1.702793146882738418e+00,-8.161540925502777100e-01
2.602050261064009273e+00,1.775936365127563477e+00,-5.608961979548136023e-01
9.737246036529541016e-01,1.822040021419525146e+00,-1.368007659912109375e+00
3.015799148057503487e+00,1.822040021419525146e+00,-7.630893941278811266e-01
-1.469982638955116272e-01,1.779999852180480957e+00,-5.215213149785995483e-01
-2.598624902112143253e+00,1.602999925613403320e+00,-9.678646730525153341e-01
-1.551834489096705516e+00,1.822406807029212539e+00,-4.304893466022202131e-01
1.548835191461775063e+00,1.815000176429748535e+00,-9.683930741416083565e-01
-2.451940093189477921e+00,1.823124893009662628e+00,-1.174258317798376083e+00
3.173198952623035751e+00,1.822040021419525146e+00,-1.036781594157218933e+00
-1.049579425652821918e+00,1.822132313251495273e+00,-1.127934813499450684e+00
1.344428658485412598e+00,1.815000176429748535e+00,-9.658760304252306250e-01
-8.999271866199524128e-01,1.710124309270551812e+00,-9.610075620359355142e-01
-2.212918326258659363e-01,1.684000015258789062e+00,-1.355416193604469299e+00
1.200392231413530686e+00,1.803119129475650340e+00,-1.127934813499450684e+00
9.010865956544875655e-01,1.821318387985229492e+00,-1.127934813499450684e+00
-3.589982241392135620e-01,1.779999852180480957e+00,-6.191051155328750610e-01
7.620574831962585449e-01,1.817950010299682617e+00,-6.651992917060851607e-01
5.420016050338745117e-01,1.779999852180480957e+00,-1.016410509745280022e+00
-2.799279092929210400e+00,1.822073254708866497e+00,-4.843676875346679678e-01
1.976365447044372559e+00,1.822040021419525146e+00,-1.228024005889892578e+00
8.501768081440966851e-01,1.710134991602091592e+00,-9.609528204431506682e-01
1.550650391313764809e+00,1.815000176429748535e+00,-1.065976858139038086e+00
1.758160521586735969e+00,1.815000176429748535e+00,-9.152867272496223450e-01
-2.894467013681720324e+00,1.822040021419525146e+00,-5.302383756923104707e-01
2.849992770305528555e+00,1.684000015258789062e+00,-5.182928764923356857e-01
-2.402849960327148260e+00,1.822040021419525146e+00,-1.219519305229187056e+00
9.895748198032379150e-01,1.684000015258789062e+00,-3.684286574522654401e-01
1.189237713813781738e+00,1.817950010299682617e+00,-9.151585459709167258e-01
6.036960184574127197e-01,1.684000015258789062e+00,-1.319018085797627693e+00
-9.858894628636977187e-01,1.684000015258789062e+00,-3.686756737091961833e-01
-1.687225659688313728e+00,1.702119827270507812e+00,-9.182761510213216516e-01
-3.513497114181518555e-01,1.822040021419525146e+00,-2.550481855869293213e-01
2.198176322614445510e+00,1.773336972383891874e+00,-1.117376501945888334e+00
-2.450007180372873794e+00,1.602999925613403320e+00,-8.682336707909902307e-01
-1.999621367454528897e+00,1.602999925613403320e+00,-7.675840109586715698e-01
-4.076225608587265015e-01,1.820379932721455818e+00,-4.189465741316477643e-01
-1.401033186912536532e+00,1.779999852180480957e+00,-9.188267191251119348e-01
2.449751598494393612e+00,1.771000027656555176e+00,-7.672946367944989410e-01
1.189237713813781738e+00,1.817950010299682617e+00,-8.190203785896301714e-01
4.095016270875930786e-01,1.779999852180480957e+00,-8.700348138809204102e-01
1.553595662117004395e+00,1.822040021419525146e+00,-2.550481855869293213e-01
9.150169044733047485e-02,1.779999852180480957e+00,-1.016410509745280022e+00
2.850380135943060278e+00,1.822040021419525146e+00,-4.562172050304386661e-01
-9.399827197194099426e-02,1.779999852180480957e+00,-9.676185995340347290e-01
-3.987482190132141113e-01,1.779999852180480957e+00,-8.700348138809204102e-01
1.050317739372822690e+00,1.710000038146972656e+00,-1.067318690356923616e+00
-1.099619250021119043e+00,1.710136556279832076e+00,-9.609704131665437465e-01
-2.849817673365274917e+00,1.602999925613403320e+00,-8.188887495133612138e-01
2.401230923334757517e+00,1.771000027656555176e+00,-9.171295166015625000e-01
-1.687225659688313728e+00,1.702119827270507812e+00,-1.068968325853347778e+00
1.608273983001708984e+00,1.822040021419525146e+00,-1.228024005889892578e+00
2.146470705668131362e+00,1.822040021419525146e+00,-3.228669663270314349e-01
-5.491801798343658447e-01,1.822774887084960938e+00,-1.127934813499450684e+00
-1.350976971692817052e+00,1.779999852180480957e+00,-5.210350169691928546e-01
2.910726006470579108e+00,1.822056601167391099e+00,-6.632614951559950844e-01
-7.503381332793792602e-01,1.710000038146972656e+00,-1.066674302150676823e+00
9.150169044733047485e-02,1.779999852180480957e+00,-5.215213149785995483e-01
-1.401033186912536532e+00,1.779999852180480957e+00,-8.700348138809204102e-01
-2.400449446269444120e+00,1.822428464889526367e+00,-5.463240288552784207e-01
-1.189028859138488770e+00,1.817950010299682617e+00,-7.180752754211425781e-01
1.412980556488037109e+00,1.765199939409891838e+00,-3.950240910053253174e-01
-2.600710704922676086e+00,1.822040021419525146e+00,-1.352223023772239685e+00
-1.685412615537643433e+00,1.703011045853296990e+00,-7.686961690584818152e-01
6.369058489799499512e-01,1.716480016708374023e+00,-3.950240910053253174e-01
1.553430003779275037e-01,1.821971314293997724e+00,-1.127934813499450684e+00
-5.630103349685668945e-01,1.822040021419525146e+00,-2.550481855869293213e-01
2.342636950810750296e+00,1.771000027656555176e+00,-1.022182055314381888e+00
3.030361509232810224e+00,1.822040021419525146e+00,-1.007790001504349053e+00
-1.506880640983581543e+00,1.822040021419525146e+00,-1.368020772933959961e+00
1.399874418973922729e+00,1.815000176429748535e+00,-5.703132152557373047e-01
-2.984803760854097376e+00,1.822040021419525146e+00,-1.203606126686701305e+00
-4.919302165508270264e-01,1.716480016708374023e+00,-3.950240910053253174e-01
-1.469982638955116272e-01,1.779999852180480957e+00,-7.654807766278585168e-01
-7.597620487213134766e-01,1.817950010299682617e+00,-5.690611124038695845e-01
7.069532871246337891e-01,1.822040021419525146e+00,-2.550481855869293213e-01
2.851447361393978586e+00,1.821099996566772461e+00,-9.851502180099487305e-01
-1.400430415685360197e+00,1.785572939194165709e+00,-1.119892175381000277e+00
-2.800138012568155865e+00,1.602999925613403320e+00,-1.018838825225830025e+00
-1.974464098612467522e+00,2.496000051498413086e+00,-1.289623141288757324e+00
-5.467072725296020508e-01,2.345000028610229492e+00,-6.171301960945129172e-01
-3.511072765378391303e-01,2.496000051498413086e+00,-3.168022580006543132e-01
-2.699999162893809146e+00,2.496000051498413086e+00,-1.317780434335777073e+00
1.899169232164110488e+00,2.390000104904174805e+00,-6.158029266766139598e-01
-1.849813283757960614e+00,2.496000051498413086e+00,-3.698307694272792157e-01
-2.899787797716112170e+00,2.496000051498413086e+00,-1.167847223004117918e+00
3.149665060307010211e+00,2.496000051498413086e+00,-8.680709844496206085e-01
1.046536207199096680e+00,2.345000028610229492e+00,-1.067236363887786865e+00
-2.899879730150001222e+00,2.496000051498413086e+00,-1.217793550872916741e+00
2.601490449905395685e+00,2.390000104904174805e+00,-7.208898742993672393e-01
2.001804916226133990e+00,2.492022898732399572e+00,-3.161768755134271025e-01
-2.302312247893389507e+00,2.415755384108599468e+00,-1.362877831739537804e+00
-9.607676035828061067e-01,2.496000051498413086e+00,-1.319017847379048591e+00
2.098340673446655202e+00,2.383059055328369258e+00,-1.120892991065979061e+00
-1.950660265982151031e+00,2.493970046440760147e+00,-3.172978131721417294e-01
1.199435570301153664e+00,2.333276913716242795e+00,-7.190766731897989539e-01
2.897201415161910987e+00,2.485510733580116316e+00,-4.795496594297987136e-01
2.504490986466407776e+00,2.390000104904174805e+00,-9.213086180388927460e-01
-2.411318540573120117e+00,2.414800087610880386e+00,-3.947964310646057129e-01
3.099686745665296339e+00,2.496000051498413086e+00,-8.682546713973766650e-01
2.148657321929931641e+00,2.390000104904174805e+00,-9.663297116756439653e-01
9.190225733651055107e-01,2.496000051498413086e+00,-3.684286574522654401e-01
-2.890690642403745070e+00,2.480711695827924057e+00,-5.328726941448529431e-01
-8.467044730981191369e-01,2.345000028610229492e+00,-1.067236363887786865e+00
-2.991770785301923752e-01,2.332531258463859558e+00,-1.120347499847412109e+00
5.143532752990722656e-01,2.414800087610880386e+00,-1.368010163307189941e+00
2.699774557455426827e+00,2.381291195147299256e+00,-1.071927665975052513e+00
-1.453328758478164673e+00,2.345000028610229492e+00,-6.682370007038116455e-01
-2.450001764297485174e+00,2.496000051498413086e+00,-4.695435661077499434e-01
-2.999653916006770338e+00,2.496000051498413086e+00,-7.680890855378310622e-01
-2.048347605599297516e+00,2.345000028610229492e+00,-9.194507466422187081e-01
2.075922489166259766e+00,2.479760011037190903e+00,-1.365201950073242188e+00
2.146736065546671401e+00,2.390000104904174805e+00,-9.155669344796074638e-01
3.049803035396220885e+00,2.496000051498413086e+00,-1.067873620437651105e+00
-1.474868139395346944e-01,2.328576913246741764e+00,-1.122841220635634185e+00
1.007188737173290854e-01,2.345000028610229492e+00,-4.563716724514961243e-01
1.902178840203718746e+00,2.390000104904174805e+00,-5.216039906848560781e-01
1.412888328234354729e+00,2.496000051498413086e+00,-3.684286574522654401e-01
-1.201330372265406954e+00,2.331000004495893396e+00,-1.121102946145194013e+00
1.130504555172390457e+00,2.496000051498413086e+00,-3.180373393827014561e-01
1.402485737094172791e+00,2.345000028610229492e+00,-1.053679673760025581e+00
7.544483840465545654e-01,2.325949966907501221e+00,-8.190203785896301714e-01
-9.504853735367456702e-01,2.330708344777425278e+00,-1.120883981386820549e+00
3.147126512109426066e+00,2.489402173335264923e+00,-1.066260552372324089e+00
1.130679315990871903e+00,2.496000051498413086e+00,-3.684286574522654401e-01
3.125520944595336914e+00,2.463519970575968276e+00,-1.143633981545766121e+00
2.446388602256774902e-01,2.345000028610229492e+00,-7.709512829780578169e-01
-2.601953897211286559e+00,2.496000051498413086e+00,-8.183299236827425993e-01
-7.773123569786548615e-01,2.496000051498413086e+00,-1.316216886043548584e+00
1.978463027212354897e+00,2.496000051498413086e+00,-1.268617086940341476e+00
-4.097435325384140015e-01,2.345000028610229492e+00,-6.651992917060851607e-01
-6.800122261047363281e-01,2.414800087610880386e+00,-1.368016481399536133e+00
2.898286743625920536e+00,2.489910036325454712e+00,-1.316582258849243736e+00
-6.333164870738983154e-01,2.496000051498413086e+00,-3.180373393827014561e-01
-8.752595037221908569e-01,2.496000051498413086e+00,-1.249020457267761230e+00
-1.298868572711944669e+00,2.345000028610229492e+00,-8.668423950672149436e-01
-1.550318984424366775e+00,2.496000051498413086e+00,-3.673582532826591973e-01
4.680231958627700806e-02,2.345000028610229492e+00,-8.670894503593444824e-01
-2.749995122981976792e+00,2.496000051498413086e+00,-1.067634734926344420e+00
-1.848456263542175293e+00,2.345000028610229492e+00,-9.659156680107117143e-01
-2.550331236918767175e+00,2.496000051498413086e+00,-6.605718218617968596e-01
1.399810992181301117e+00,2.345000028610229492e+00,-9.190704710781574249e-01
-2.535831164568662643e-01,2.345000028610229492e+00,-1.014355063438415527e+00
2.899918659520785091e+00,2.496000051498413086e+00,-5.181761085987091064e-01
-9.016189773877462121e-01,2.336978949998554267e+00,-9.576821714116815487e-01
3.049797832302758582e+00,2.496000051498413086e+00,-1.167966706127996579e+00
2.849989556795353263e+00,2.496000051498413086e+00,-1.267816099495933546e+00
1.412713547547658210e+00,2.496000051498413086e+00,-3.180373393827014561e-01
1.347996143733753982e+00,2.345000028610229492e+00,-9.686115489286535318e-01
7.011846899986267090e-01,2.345000028610229492e+00,-8.190203785896301714e-01
3.150380289944842538e+00,2.492328739077902089e+00,-7.681383131793283470e-01
2.245311003464919075e+00,2.390000104904174805e+00,-1.016895142885354764e+00
2.446388602256774902e-01,2.345000028610229492e+00,-6.651992917060851607e-01
-6.870894465181562327e-02,2.496000051498413086e+00,-3.684286574522654401e-01
-2.154794886548032196e+00,2.414800087610880386e+00,-1.367922986707379662e+00
-8.449770973788367501e-01,2.496000051498413086e+00,-3.180373393827014561e-01
2.150578578313191880e+00,2.390000104904174805e+00,-1.070210635662078857e+00
1.500443175435066223e+00,2.345000028610229492e+00,-7.681076861917972565e-01
2.095630836486816584e+00,2.390000104904174805e+00,-7.723869760831196807e-01
1.695097313986884124e+00,2.496000051498413086e+00,-3.684286574522654401e-01
-1.977103710174560547e+00,2.496000051498413086e+00,-1.264423116048177143e+00
2.599706722630394928e+00,2.496000051498413086e+00,-5.188771072361204606e-01
-2.199603612606341851e+00,2.345000028610229492e+00,-7.157196448399469890e-01
2.805535663877214869e+00,2.390000104904174805e+00,-7.658730523926871037e-01
1.900816023349761963e+00,2.390000104904174805e+00,-1.064339786767959595e+00
9.690470064387601834e-01,2.496000051498413086e+00,-1.318762204226325618e+00
2.247534806911761773e+00,2.390000104904174805e+00,-7.186771126893850559e-01
-1.299433290958404541e+00,2.345000028610229492e+00,-6.660647531350453177e-01
2.399409397228343899e+00,2.496000051498413086e+00,-4.699692798627389534e-01
5.990312844514846802e-01,2.345000028610229492e+00,-9.669918616612752649e-01
-1.047509312629699707e+00,2.414800087610880386e+00,-1.368018269538879395e+00
9.188477926784091032e-01,2.496000051498413086e+00,-3.180373393827014561e-01
-2.597708134003627656e+00,2.496000051498413086e+00,-7.597948239173417662e-01
-1.001321668808276888e+00,2.345000028610229492e+00,-1.017573915995084288e+00
2.097432961830726139e+00,2.390000104904174805e+00,-5.681128456042363606e-01
-1.268103634609895503e+00,2.496000051498413086e+00,-3.680169634959277181e-01
-1.603528809547424272e+00,2.345000028610229492e+00,-5.164874732494354470e-01
4.598211414284176374e-02,2.496000051498413086e+00,-1.268617086940341476e+00
-2.300395104620191589e+00,2.496000051498413086e+00,-1.268183125389946930e+00
-1.495853038061232709e+00,2.345000028610229492e+00,-1.061017587071373391e+00
-2.748904452604405968e+00,2.496000051498413086e+00,-9.189359142499811117e-01
1.704998175303141350e+00,2.496000051498413086e+00,-1.319008409976959229e+00
2.600512226890115297e+00,2.381120095533483028e+00,-1.072422183962429276e+00
-1.999675159758709908e+00,2.496000051498413086e+00,-4.179868070369071043e-01
2.450981835524240982e+00,2.390000104904174805e+00,-7.176170647144317627e-01
2.446388602256774902e-01,2.345000028610229492e+00,-6.147267371416091919e-01
3.099805757031524944e+00,2.496000051498413086e+00,-7.679983116436933654e-01
-2.549108405044113290e+00,2.496000051498413086e+00,-9.202135360759237104e-01
-2.799659782526444207e+00,2.496000051498413086e+00,-7.079919996310253261e-01
-2.899679208725271184e+00,2.496000051498413086e+00,-6.181213182217918378e-01
1.500706732273101807e+00,2.332970023155212402e+00,-1.121313142776489302e+00
-2.482822140500803521e+00,2.494772499913622710e+00,-1.133629194775204851e+00
3.149713535242984808e+00,2.496000051498413086e+00,-9.679996955716527740e-01
-4.097435325384140015e-01,2.345000028610229492e+00,-6.171301960945129172e-01
1.248394525051117032e+00,2.333640003204345614e+00,-1.121313142776489302e+00
-5.923618674278259277e-01,2.345000028610229492e+00,-8.190203785896301714e-01
7.071952504270216933e-01,2.496000051498413086e+00,-3.192724199856029066e-01
1.428900403134963026e+00,2.496000051498413086e+00,-1.317938089370727539e+00
-2.649889415502548307e+00,2.496000051498413086e+00,-5.186719015240669473e-01
-2.500428256168160335e+00,2.496000051498413086e+00,-1.268966856823172673e+00
7.481553480029106140e-01,2.345000028610229492e+00,-1.019873097538948059e+00
4.140737156073252545e-01,2.496000051498413086e+00,-1.268617086940341476e+00
1.483440591229332917e+00,2.496000051498413086e+00,-3.684286574522654401e-01
2.073089758555094253e+00,2.496000051498413086e+00,-1.319008409976959229e+00
-2.152253031730651855e+00,2.345000028610229492e+00,-1.070062541961669833e+00
1.610371404223971847e+00,2.496000051498413086e+00,-1.268617086940341476e+00
1.900816023349761963e+00,2.390000104904174805e+00,-1.017861406008402581e+00
-9.858894628636977187e-01,2.496000051498413086e+00,-3.686756737091961833e-01
2.748729296219654561e+00,2.496000051498413086e+00,-5.197335527493402996e-01
6.997893353303273889e-01,2.333041687806447495e+00,-1.120883981386820549e+00
7.899760603904724121e-01,2.414800087610880386e+00,-1.368008613586425781e+00
1.103790345646086246e+00,2.345000028610229492e+00,-1.005661947386605304e+00
-6.889160678667180515e-02,2.496000051498413086e+00,-3.174609682139228339e-01
-1.199427782086765149e+00,2.343281787984511588e+00,-4.573628737645990538e-01
-2.850529962115817550e+00,2.496000051498413086e+00,-8.162079619036780587e-01
2.387376247748140390e+00,2.330642245637871035e+00,-1.127934813499450684e+00
7.544483840465545654e-01,2.325949966907501221e+00,-5.209920167922973411e-01
-1.999486317237218147e+00,2.345000028610229492e+00,-7.678048710028330115e-01
-1.323816418647766113e+00,2.485173357857598297e+00,-1.361486501163906571e+00
-4.002610146999359131e-01,2.345000028610229492e+00,-4.542647625718798099e-01
2.599901995658874476e+00,2.390000104904174805e+00,-8.670858013629912930e-01
1.001545605377710091e+00,2.372032683927816077e+00,-9.224898934140203233e-01
5.498193204402923584e-02,2.414800087610880386e+00,-1.368012547492980957e+00
1.648377001285552979e+00,2.345000028610229492e+00,-4.697075101890061943e-01
4.249622615484091037e-01,2.496000051498413086e+00,-3.127613251025860297e-01
2.751351257165273179e+00,2.496000051498413086e+00,-4.656031442185242786e-01
1.147735514678061008e-03,2.345000028610229492e+00,-5.209920167922973411e-01
-7.521529495716094971e-01,2.325949966907501221e+00,-7.180752754211425781e-01
9.662111169762082064e-01,2.496000051498413086e+00,-1.268617086940341476e+00
-7.521529495716094971e-01,2.325949966907501221e+00,-8.670894503593444824e-01
-9.657761594828437879e-01,2.496000051498413086e+00,-1.268865662462571153e+00
2.598449709869566249e+00,2.390000104904174805e+00,-1.017257132700511324e+00
1.520897269248962402e+00,2.496000051498413086e+00,-1.317773356157190712e+00
2.150964942845431160e+00,2.496000051498413086e+00,-4.158434833992611379e-01
-1.596815073490142733e+00,2.345000028610229492e+00,-5.664219021797179954e-01
2.135000593132442837e-01,2.496000051498413086e+00,-3.684286574522654401e-01
3.049723294116271965e+00,2.496000051498413086e+00,-7.179876889361135328e-01
-2.849352223532540584e+00,2.496000051498413086e+00,-9.676383869988577358e-01
9.991589188575744629e-02,2.345000028610229492e+00,-1.067236304283142090e+00
-2.500944728436677256e+00,2.496000051498413086e+00,-5.167234280835026894e-01
3.045717179775238037e-01,2.345000028610229492e+00,-1.019150512559073407e+00
1.301339346915483475e+00,2.345000028610229492e+00,-5.194878708571195602e-01
-2.999753210388246050e+00,2.496000051498413086e+00,-1.017914400569030153e+00
-1.750305855274200351e+00,2.345000028610229492e+00,-8.176617503166199175e-01
3.306047320365905762e-01,2.414800087610880386e+00,-1.368011116981506348e+00
2.507325913156232544e-01,2.345000028610229492e+00,-4.561078005260036927e-01
-5.980158588465522840e-01,2.496000051498413086e+00,-1.268205979291130436e+00
2.200531065464019775e+00,2.390000104904174805e+00,-1.068728916347026825e+00
3.099839995468574472e+00,2.496000051498413086e+00,-9.680198943239638476e-01
5.051055281526512647e-02,2.345000028610229492e+00,-1.020435134569803948e+00
1.252274549669689652e+00,2.345000028610229492e+00,-7.665142168601354333e-01
-2.398456605041728196e+00,2.496000051498413086e+00,-8.694304718690759604e-01
-9.556350111961364746e-01,2.414800087610880386e+00,-1.368017911911010742e+00
-6.545745188539678905e-01,2.345000028610229492e+00,-9.667410389943555948e-01
-6.990979494793074789e-01,2.345000028610229492e+00,-4.542947587157998846e-01
-7.521529495716094971e-01,2.325949966907501221e+00,-5.690611124038695845e-01
2.698354596441442155e+00,2.390000104904174805e+00,-9.680569639260118153e-01
-1.053796298801898956e-01,2.345000028610229492e+00,-7.709512829780578169e-01
-1.052949758676382297e+00,2.328576913246741764e+00,-1.122841220635634185e+00
-2.202110694004939084e+00,2.345000028610229492e+00,-5.689685803193312852e-01
1.853879173434510585e+00,2.370249885442305526e+00,-1.123682675069692216e+00
3.132418833948132697e+00,2.477721010388440614e+00,-6.798532703778592534e-01
1.157473087310791016e+00,2.414800087610880386e+00,-1.368006706237792969e+00
3.968208134174346924e-01,2.345000028610229492e+00,-8.190203785896301714e-01
-1.701040969954596527e+00,2.496000051498413086e+00,-1.268621650007035973e+00
3.048278018060674555e+00,2.490855998073132405e+00,-1.216296763952613436e+00
3.049266149350828847e+00,2.492449923967281933e+00,-1.017962041017662411e+00
3.047293177148177268e+00,2.414800087610880386e+00,-9.180988551692751409e-01
3.045733603732979411e+00,2.414800087610880386e+00,-8.680278094386757459e-01
3.049249107248140245e+00,2.494826730176936014e+00,-7.684917006296324571e-01
3.044042836648948480e+00,2.484927296638488770e+00,-5.747172213582829592e-01
3.059886621104346283e+00,2.366080125172933091e+00,-1.227572308901028864e+00
3.108505535276391729e+00,2.268639882405599106e+00,-1.169034442630424220e+00
3.139559442996978866e+00,2.366080125172933091e+00,-1.118259084224700883e+00
3.173142001248788091e+00,2.366080125172933091e+00,-1.036970117817754389e+00
3.047292711233829277e+00,2.219919919967651367e+00,-9.181116998289809983e-01
3.045731497629198259e+00,2.171225293006242563e+00,-8.679888117331981956e-01
3.169915489160298083e+00,2.219919919967651367e+00,-7.590830316309069570e-01
3.119069529988091727e+00,2.171199957529703628e+00,-6.521647746049905603e-01
3.049881961279445441e+00,2.268639882405599106e+00,-5.688894806636703994e-01
3.059836354960210780e+00,1.927565211402272327e+00,-1.227625559177847991e+00
3.108496881131106004e+00,1.927599986394246345e+00,-1.169041440734323478e+00
3.047688356366158757e+00,2.130554650297268982e+00,-1.068188579968924801e+00
3.043977562903301681e+00,2.027852699210081600e+00,-9.678530596683455611e-01
3.047293874452698947e+00,1.927599986394246345e+00,-9.179971634217027887e-01
3.045725665741683130e+00,2.073759953180948745e+00,-8.679159890877808925e-01
3.063815273247142645e+00,2.072429947097702563e+00,-7.683593145455464013e-01
3.119025324970357893e+00,1.976319948832194084e+00,-6.520955353849547942e-01
3.049999315871132932e+00,1.927599986394246345e+00,-5.690029274258349146e-01
3.059814071043943873e+00,1.878880023956298828e+00,-1.227646780319702868e+00
3.108505519681006746e+00,1.878880023956298828e+00,-1.169028814483738632e+00
3.139593985478083216e+00,1.878880023956298828e+00,-1.118185602029164727e+00
3.173193002092665527e+00,1.878880023956298828e+00,-1.036801290684852050e+00
3.047293125083611276e+00,1.765199939409891838e+00,-9.179971229355290419e-01
3.045711568954206250e+00,1.765199939409891838e+00,-8.678171044198151884e-01
3.119073381026586045e+00,1.765199939409891838e+00,-6.521729757388432525e-01
3.049958297279145913e+00,1.765199939409891838e+00,-5.689643780390422068e-01
-2.984761859220979918e+00,2.414800087610880386e+00,-1.203654860987246611e+00
-3.028044052613087178e+00,2.414800087610880386e+00,-1.147555633487864490e+00
-3.076483871823265659e+00,2.414800087610880386e+00,-1.047622008550734840e+00
-3.095247305956753792e+00,2.414770560264587473e+00,-9.679880066351457257e-01
-3.099544666529141068e+00,2.414800087610880386e+00,-9.179790115488167812e-01
-3.098185828753880156e+00,2.414800087610880386e+00,-8.679904427938845979e-01
-3.080558704679124737e+00,2.414840385280826673e+00,-7.754915362552141644e-01
-3.058403461774190202e+00,2.414800087610880386e+00,-7.179269444942474321e-01
-2.995257467432407061e+00,2.414800087610880386e+00,-6.188418604155113689e-01
-2.984777570928184520e+00,2.366080125172933091e+00,-1.203637880029030161e+00
-3.028055517082540504e+00,2.366080125172933091e+00,-1.147538794411553376e+00
-3.076520635968162942e+00,2.171199957529703628e+00,-1.047514631634666848e+00
-3.095236664664918091e+00,2.317360083262125503e+00,-9.680524413352427082e-01
-3.099546322725974079e+00,2.317360083262125503e+00,-9.179439552361574606e-01
-3.098184575964679777e+00,2.366080125172933091e+00,-8.679730361634558911e-01
-3.080567575212735054e+00,2.366080125172933091e+00,-7.755186009169811046e-01
-3.058396856784820539e+00,2.366080125172933091e+00,-7.179125022888183105e-01
-2.995311331536088861e+00,2.268639882405599106e+00,-6.189096900856211336e-01
-2.984781647339845190e+00,1.927599986394246345e+00,-1.203630755727107760e+00
-3.027970153042393697e+00,1.927599986394246345e+00,-1.147669563945542093e+00
-3.076557402383713669e+00,1.927599986394246345e+00,-1.047407254718598857e+00
-3.095238179239853338e+00,1.927599986394246345e+00,-9.680565356773973562e-01
-3.099541806039356029e+00,2.122479995091756333e+00,-9.180245059968787924e-01
-3.098187175110308722e+00,1.927629621359553624e+00,-8.680134554849053830e-01
-3.080541722810090643e+00,2.122479995091756333e+00,-7.754335350065089116e-01
-3.058363831043243497e+00,2.122479995091756333e+00,-7.178402922550837228e-01
-2.995345902193465637e+00,1.976319948832194084e+00,-6.189457571025386295e-01
-2.984815668601256355e+00,1.765199939409891838e+00,-1.203592865512921328e+00
-3.028006679991371630e+00,1.765199939409891838e+00,-1.147612321071135755e+00
-3.076516959402296081e+00,1.878880023956298828e+00,-1.047525369458728317e+00
-3.095246048355797530e+00,1.765199939409891838e+00,-9.679992203286871266e-01
-3.099542778060800696e+00,1.765199939409891838e+00,-9.180374670204317633e-01
-3.098194998262566280e+00,1.878880023956298828e+00,-8.680888984229538918e-01
-3.080542862268141668e+00,1.765199939409891838e+00,-7.754434230886859680e-01
-3.058407896946189197e+00,1.765172827621931173e+00,-7.179331720770898428e-01
-2.995322655847432625e+00,1.878880023956298828e+00,-6.189188013696884649e-01
3.023184065725289305e+00,2.414800087610880386e+00,-5.446936453089994412e-01
3.023110810448141450e+00,2.317360083262125503e+00,-5.446324535444670989e-01
3.023074187484442010e+00,2.268639882405599106e+00,-5.446018564934823614e-01
3.023154947492811218e+00,2.122479995091756333e+00,-5.446692208449045447e-01
3.023154947492811218e+00,1.927599986394246345e+00,-5.446692208449045447e-01
3.023154947492811218e+00,1.878880023956298828e+00,-5.446692208449045447e-01
3.023154947492811218e+00,1.765199939409891838e+00,-5.446692208449045447e-01
2.900244250632169063e+00,2.414800087610880386e+00,-4.727576548593085959e-01
2.900212664353220227e+00,2.317360083262125503e+00,-4.727446971755278615e-01
2.900165285562214201e+00,2.171199957529703628e+00,-4.727252605191448187e-01
2.900133698864987064e+00,2.073759953180948745e+00,-4.727123027830792967e-01
2.900293312706313742e+00,2.025068461894989014e+00,-4.727773691390778077e-01
2.900297198797527010e+00,1.765199939409891838e+00,-4.727784780033847944e-01
2.819566279918223728e+00,2.414800087610880386e+00,-4.488088206664935798e-01
2.819523293692786314e+00,2.317360083262125503e+00,-4.488001312758471695e-01
2.819458819724418142e+00,2.171199957529703628e+00,-4.487870979953456629e-01
2.819415839942725821e+00,2.073759953180948745e+00,-4.487784086046991971e-01
2.819351361678527290e+00,1.927599986394246345e+00,-4.487653753241976906e-01
2.819435862313329544e+00,1.878736307135725481e+00,-4.487823102853994439e-01
2.819483976615102527e+00,1.765199939409891838e+00,-4.487919650579753617e-01
2.653018236160278320e+00,2.414800087610880386e+00,-4.175892571608225690e-01
2.653018236160278320e+00,2.317360083262125503e+00,-4.175892571608225690e-01
2.653018236160278320e+00,2.171199957529703628e+00,-4.175892571608225690e-01
2.653018236160278320e+00,2.073759953180948745e+00,-4.175892571608225690e-01
2.653018236160278320e+00,1.927599986394246345e+00,-4.175892571608225690e-01
2.653018236160278320e+00,1.878880023956298828e+00,-4.175892571608225690e-01
2.653018236160278320e+00,1.765199939409891838e+00,-4.175892571608225690e-01
2.551708698272705078e+00,2.414800087610880386e+00,-3.986447950204213275e-01
2.551708698272705078e+00,2.317360083262125503e+00,-3.986447950204213275e-01
2.551708698272705078e+00,2.268639882405599106e+00,-3.986447950204213275e-01
2.551708698272705078e+00,2.073759953180948745e+00,-3.986447950204213275e-01
2.551708698272705078e+00,1.976319948832194084e+00,-3.986447950204213275e-01
2.548814126423426973e+00,1.876560023852757109e+00,-3.981035224028995900e-01
2.551708698272705078e+00,1.765199939409891838e+00,-3.986447950204213275e-01
2.450399239857991684e+00,2.414800087610880386e+00,-3.797003428141276227e-01
2.450399239857991684e+00,2.317360083262125503e+00,-3.797003428141276227e-01
2.450399239857991684e+00,2.171199957529703628e+00,-3.797003428141276227e-01
2.450399239857991684e+00,2.073759953180948745e+00,-3.797003428141276227e-01
2.450399239857991684e+00,2.025040070215860855e+00,-3.797003428141276227e-01
2.450399239857991684e+00,1.878880023956298828e+00,-3.797003428141276227e-01
2.450399239857991684e+00,1.765199939409891838e+00,-3.797003428141276227e-01
2.298434853553771973e+00,2.414800087610880386e+00,-3.512836694717407227e-01
2.298434853553771973e+00,2.366080125172933091e+00,-3.512836694717407227e-01
2.298434853553771973e+00,2.171199957529703628e+00,-3.512836694717407227e-01
2.296408653259277344e+00,2.070511960983276278e+00,-3.509047806262969860e-01
2.298434853553771973e+00,2.025040070215860855e+00,-3.512836694717407227e-01
2.298434853553771973e+00,1.878880023956298828e+00,-3.512836694717407227e-01
2.298434853553771973e+00,1.765199939409891838e+00,-3.512836694717407227e-01
2.197125315666198730e+00,2.414800087610880386e+00,-3.323391973972320557e-01
2.197125315666198730e+00,2.317360083262125503e+00,-3.323391973972320557e-01
2.197125315666198730e+00,2.219919919967651367e+00,-3.323391973972320557e-01
2.197125315666198730e+00,2.073759953180948745e+00,-3.323391973972320557e-01
2.197125315666198730e+00,2.025040070215860855e+00,-3.323391973972320557e-01
2.197125315666198730e+00,1.765199939409891838e+00,-3.323391973972320557e-01
2.055292129516601562e+00,2.414800087610880386e+00,-3.058169484138488770e-01
2.055292129516601562e+00,2.366080125172933091e+00,-3.058169484138488770e-01
2.053265953063964755e+00,2.265391874313354315e+00,-3.054380595684051403e-01
2.055292129516601562e+00,2.073759953180948745e+00,-3.058169484138488770e-01
2.055292129516601562e+00,1.976319948832194084e+00,-3.058169484138488770e-01
2.055292129516601562e+00,1.878880023956298828e+00,-3.058169484138488770e-01
2.055292129516601562e+00,1.765199939409891838e+00,-3.058169484138488770e-01
1.953982591629028320e+00,2.414800087610880386e+00,-2.868725061416625977e-01
1.953982591629028320e+00,2.317360083262125503e+00,-2.868725061416625977e-01
1.953982591629028320e+00,2.268639882405599106e+00,-2.868725061416625977e-01
1.953982591629028320e+00,2.073759953180948745e+00,-2.868725061416625977e-01
1.953982591629028320e+00,1.976319948832194084e+00,-2.868725061416625977e-01
1.953982591629028320e+00,1.822040021419525146e+00,-2.868725061416625977e-01
1.953982591629028320e+00,1.765199939409891838e+00,-2.868725061416625977e-01
1.852673113346099854e+00,2.414800087610880386e+00,-2.679280340671539307e-01
1.852673113346099854e+00,2.366080125172933091e+00,-2.679280340671539307e-01
1.852673113346099854e+00,2.268639882405599106e+00,-2.679280340671539307e-01
1.852673113346099854e+00,2.073759953180948745e+00,-2.679280340671539307e-01
1.852673113346099854e+00,1.976319948832194084e+00,-2.679280340671539307e-01
1.852673113346099854e+00,1.765199939409891838e+00,-2.679280340671539307e-01
1.694702744483947754e+00,2.414800087610880386e+00,-2.550481855869293213e-01
1.694702744483947754e+00,2.317360083262125503e+00,-2.550481855869293213e-01
1.694702744483947754e+00,2.171199957529703628e+00,-2.550481855869293213e-01
1.694702744483947754e+00,2.073759953180948745e+00,-2.550481855869293213e-01
1.694702744483947754e+00,2.025040070215860855e+00,-2.550481855869293213e-01
1.694702744483947754e+00,1.822040021419525146e+00,-2.550481855869293213e-01
1.694702744483947754e+00,1.724600017070770264e+00,-2.550481855869293213e-01
1.624149322509765625e+00,2.414800087610880386e+00,-2.550481855869293213e-01
1.624149322509765625e+00,2.317360083262125503e+00,-2.550481855869293213e-01
1.624149322509765625e+00,2.171199957529703628e+00,-2.550481855869293213e-01
1.624149322509765625e+00,2.073759953180948745e+00,-2.550481855869293213e-01
1.624149322509765625e+00,1.927599986394246345e+00,-2.550481855869293213e-01
1.624149322509765625e+00,1.878880023956298828e+00,-2.550481855869293213e-01
1.624149322509765625e+00,1.765199939409891838e+00,-2.550481855869293213e-01
1.553595662117004395e+00,2.414800087610880386e+00,-2.550481855869293213e-01
1.553595662117004395e+00,2.317360083262125503e+00,-2.550481855869293213e-01
1.553595662117004395e+00,2.171199957529703628e+00,-2.550481855869293213e-01
1.553595662117004395e+00,2.122479995091756333e+00,-2.550481855869293213e-01
1.483042240142822266e+00,1.976319948832194084e+00,-2.550481855869293213e-01
1.553595662117004395e+00,1.765199939409891838e+00,-2.550481855869293213e-01
1.412488698959350586e+00,2.414800087610880386e+00,-2.550481855869293213e-01
1.341935157775878906e+00,2.317360083262125503e+00,-2.550481855869293213e-01
1.341935157775878906e+00,2.171199957529703628e+00,-2.550481855869293213e-01
1.412488698959350586e+00,2.122479995091756333e+00,-2.550481855869293213e-01
1.412488698959350586e+00,1.976319948832194084e+00,-2.550481855869293213e-01
1.341935157775878906e+00,1.878880023956298828e+00,-2.550481855869293213e-01
1.412488698959350586e+00,1.765199959278106689e+00,-2.550481855869293213e-01
1.271381616592407227e+00,2.414800087610880386e+00,-2.550481855869293213e-01
1.271381616592407227e+00,2.317360083262125503e+00,-2.550481855869293213e-01
1.271381616592407227e+00,2.171199957529703628e+00,-2.550481855869293213e-01
1.200828075408935547e+00,2.073759953180948745e+00,-2.550481855869293213e-01
1.271381616592407227e+00,1.927599986394246345e+00,-2.550481855869293213e-01
1.271381616592407227e+00,1.830160021781921387e+00,-2.550481855869293213e-01
1.271381616592407227e+00,1.765199939409891838e+00,-2.550481855869293213e-01
1.130274534225463867e+00,2.414800087610880386e+00,-2.550481855869293213e-01
1.130274534225463867e+00,2.366080125172933091e+00,-2.550481855869293213e-01
1.130274534225463867e+00,2.268639882405599106e+00,-2.550481855869293213e-01
1.130274534225463867e+00,2.073759953180948745e+00,-2.550481855869293213e-01
1.130274534225463867e+00,1.927599986394246345e+00,-2.550481855869293213e-01
1.130274534225463867e+00,1.878880023956298828e+00,-2.550481855869293213e-01
1.130274534225463867e+00,1.765199939409891838e+00,-2.550481855869293213e-01
1.059720993041992188e+00,2.414800087610880386e+00,-2.550481855869293213e-01
1.059720993041992188e+00,2.317360083262125503e+00,-2.550481855869293213e-01
1.059720993041992188e+00,2.171199957529703628e+00,-2.550481855869293213e-01
1.059720993041992188e+00,2.122479995091756333e+00,-2.550481855869293213e-01
1.059720993041992188e+00,1.927599986394246345e+00,-2.550481855869293213e-01
1.059720993041992188e+00,1.878880023956298828e+00,-2.550481855869293213e-01
9.891674518585205078e-01,1.765199939409891838e+00,-2.550481855869293213e-01
9.186139702796936035e-01,2.414800087610880386e+00,-2.550481855869293213e-01
9.186139702796936035e-01,2.317360083262125503e+00,-2.550481855869293213e-01
9.186139702796936035e-01,2.171199957529703628e+00,-2.550481855869293213e-01
8.480603694915771484e-01,2.073759953180948745e+00,-2.550481855869293213e-01
9.186139702796936035e-01,1.927599986394246345e+00,-2.550481855869293213e-01
9.186139702796936035e-01,1.822040021419525146e+00,-2.550481855869293213e-01
8.480603694915771484e-01,1.765199939409891838e+00,-2.550481855869293213e-01
7.775068283081054688e-01,2.414800087610880386e+00,-2.550481855869293213e-01
7.775068283081054688e-01,2.317360083262125503e+00,-2.550481855869293213e-01
7.775068283081054688e-01,2.171199957529703628e+00,-2.550481855869293213e-01
7.775068283081054688e-01,2.073759953180948745e+00,-2.550481855869293213e-01
7.775068283081054688e-01,1.935719966888427734e+00,-2.550481855869293213e-01
7.775068283081054688e-01,1.878880023956298828e+00,-2.550481855869293213e-01
7.775068283081054688e-01,1.765199939409891838e+00,-2.550481855869293213e-01
7.069532871246337891e-01,2.414800087610880386e+00,-2.550481855869293213e-01
7.069532871246337891e-01,2.317360083262125503e+00,-2.550481855869293213e-01
7.069532871246337891e-01,2.171199957529703628e+00,-2.550481855869293213e-01
7.069532871246337891e-01,2.073759953180948745e+00,-2.550481855869293213e-01
7.069532871246337891e-01,1.976319948832194084e+00,-2.550481855869293213e-01
6.363998055458068848e-01,1.765199939409891838e+00,-2.550481855869293213e-01
5.658462643623352051e-01,2.414800087610880386e+00,-2.550481855869293213e-01
4.952927231788635254e-01,2.317360083262125503e+00,-2.550481855869293213e-01
5.658462643623352051e-01,2.171199957529703628e+00,-2.550481855869293213e-01
4.952927231788635254e-01,2.073759953180948745e+00,-2.550481855869293213e-01
5.658462643623352051e-01,1.984439969062805176e+00,-2.550481855869293213e-01
4.952927231788635254e-01,1.822040021419525146e+00,-2.550481855869293213e-01
4.952927231788635254e-01,1.765199939409891838e+00,-2.550481855869293213e-01
4.247391521930694580e-01,2.414800087610880386e+00,-2.550481855869293213e-01
4.247391521930694580e-01,2.317360083262125503e+00,-2.550481855869293213e-01
4.247391521930694580e-01,2.171199957529703628e+00,-2.550481855869293213e-01
4.247391521930694580e-01,2.122479995091756333e+00,-2.550481855869293213e-01
4.247391521930694580e-01,2.025040070215860855e+00,-2.550481855869293213e-01
4.247391521930694580e-01,1.822040021419525146e+00,-2.550481855869293213e-01
4.247391521930694580e-01,1.765199939409891838e+00,-2.550481855869293213e-01
3.541856408119201660e-01,2.414800087610880386e+00,-2.550481855869293213e-01
3.541856408119201660e-01,2.317360083262125503e+00,-2.550481855869293213e-01
3.541856408119201660e-01,2.219919919967651367e+00,-2.550481855869293213e-01
3.541856408119201660e-01,2.073759953180948745e+00,-2.550481855869293213e-01
3.541856408119201660e-01,2.033160090446472168e+00,-2.550481855869293213e-01
3.541856408119201660e-01,1.822040021419525146e+00,-2.550481855869293213e-01
2.836320996284484863e-01,1.765199939409891838e+00,-2.550481855869293213e-01
2.130785733461380005e-01,2.414800087610880386e+00,-2.550481855869293213e-01
2.130785733461380005e-01,2.317360083262125503e+00,-2.550481855869293213e-01
1.425250470638275146e-01,2.171199957529703628e+00,-2.550481855869293213e-01
2.130785733461380005e-01,2.073759953180948745e+00,-2.550481855869293213e-01
1.425250470638275146e-01,1.927599986394246345e+00,-2.550481855869293213e-01
1.425250470638275146e-01,1.822040021419525146e+00,-2.550481855869293213e-01
1.425250470638275146e-01,1.765199939409891838e+00,-2.550481855869293213e-01
7.197150588035583496e-02,2.414800087610880386e+00,-2.550481855869293213e-01
7.197150588035583496e-02,2.317360083262125503e+00,-2.550481855869293213e-01
7.197150588035583496e-02,2.268639882405599106e+00,-2.550481855869293213e-01
1.417969004251062870e-03,2.122479995091756333e+00,-2.550481855869293213e-01
1.417969004251062870e-03,1.927599986394246345e+00,-2.550481855869293213e-01
1.417969004251062870e-03,1.822040021419525146e+00,-2.550481855869293213e-01
1.417969004251062870e-03,1.765199939409891838e+00,-2.550481855869293213e-01
-6.913556903600692749e-02,2.414800087610880386e+00,-2.550481855869293213e-01
-6.913556903600692749e-02,2.317360083262125503e+00,-2.550481855869293213e-01
-6.913556903600692749e-02,2.171199957529703628e+00,-2.550481855869293213e-01
-6.913556903600692749e-02,2.073759953180948745e+00,-2.550481855869293213e-01
-6.913556903600692749e-02,2.025040070215860855e+00,-2.550481855869293213e-01
-6.913556903600692749e-02,1.822040021419525146e+00,-2.550481855869293213e-01
-6.913556903600692749e-02,1.765199939409891838e+00,-2.550481855869293213e-01
-2.102426290512084961e-01,2.414800087610880386e+00,-2.550481855869293213e-01
-1.396891027688980103e-01,2.366080125172933091e+00,-2.550481855869293213e-01
-1.396891027688980103e-01,2.171199957529703628e+00,-2.550481855869293213e-01
-1.396891027688980103e-01,2.122480034828186035e+00,-2.550481855869293213e-01
-1.396891027688980103e-01,1.927599986394246345e+00,-2.550481855869293213e-01
-2.102426290512084961e-01,1.822040021419525146e+00,-2.550481855869293213e-01
-2.102426290512084961e-01,1.765199939409891838e+00,-2.550481855869293213e-01
-2.807961702346801758e-01,2.414800087610880386e+00,-2.550481855869293213e-01
-3.513497114181518555e-01,2.317360083262125503e+00,-2.550481855869293213e-01
-2.807961702346801758e-01,2.179319977760314941e+00,-2.550481855869293213e-01
-3.513497114181518555e-01,2.073759953180948745e+00,-2.550481855869293213e-01
-3.513497114181518555e-01,1.927599986394246345e+00,-2.550481855869293213e-01
-2.807961702346801758e-01,1.765199939409891838e+00,-2.550481855869293213e-01
-4.219032227993011475e-01,2.414800087610880386e+00,-2.550481855869293213e-01
-4.219032227993011475e-01,2.317360083262125503e+00,-2.550481855869293213e-01
-4.219032227993011475e-01,2.268639882405599106e+00,-2.550481855869293213e-01
-4.219032227993011475e-01,2.073759953180948745e+00,-2.550481855869293213e-01
-4.219032227993011475e-01,1.976319948832194084e+00,-2.550481855869293213e-01
-4.219032227993011475e-01,1.878880023956298828e+00,-2.550481855869293213e-01
-4.219032227993011475e-01,1.765199939409891838e+00,-2.550481855869293213e-01
-5.630103349685668945e-01,2.414800087610880386e+00,-2.550481855869293213e-01
-4.924567937850952148e-01,2.366080125172933091e+00,-2.550481855869293213e-01
-4.924567937850952148e-01,2.268639882405599106e+00,-2.550481855869293213e-01
-5.630103349685668945e-01,2.122479995091756333e+00,-2.550481855869293213e-01
-5.630103349685668945e-01,1.927599986394246345e+00,-2.550481855869293213e-01
-5.630103349685668945e-01,1.765199939409891838e+00,-2.550481855869293213e-01
-7.041173577308654785e-01,2.414800087610880386e+00,-2.550481855869293213e-01
-6.335638165473937988e-01,2.317360083262125503e+00,-2.550481855869293213e-01
-6.335638165473937988e-01,2.268639882405599106e+00,-2.550481855869293213e-01
-7.041173577308654785e-01,2.122479995091756333e+00,-2.550481855869293213e-01
-7.041173577308654785e-01,1.976319948832194084e+00,-2.550481855869293213e-01
-7.041173577308654785e-01,1.822040021419525146e+00,-2.550481855869293213e-01
-6.335638165473937988e-01,1.765199939409891838e+00,-2.550481855869293213e-01
-7.746708989143371582e-01,2.414800087610880386e+00,-2.550481855869293213e-01
-7.746708989143371582e-01,2.317360083262125503e+00,-2.550481855869293213e-01
-7.746708989143371582e-01,2.219919919967651367e+00,-2.550481855869293213e-01
-7.746708989143371582e-01,2.122479995091756333e+00,-2.550481855869293213e-01
-7.746708989143371582e-01,1.927599986394246345e+00,-2.550481855869293213e-01
-7.746708989143371582e-01,1.878880023956298828e+00,-2.550481855869293213e-01
-7.746708989143371582e-01,1.765199939409891838e+00,-2.550481855869293213e-01
-8.452244400978088379e-01,2.414800087610880386e+00,-2.550481855869293213e-01
-8.452244400978088379e-01,2.317360083262125503e+00,-2.550481855869293213e-01
-8.452244400978088379e-01,2.171199957529703628e+00,-2.550481855869293213e-01
-9.157780408859252930e-01,2.073759953180948745e+00,-2.550481855869293213e-01
-8.452244400978088379e-01,1.927599986394246345e+00,-2.550481855869293213e-01
-8.452244400978088379e-01,1.765199939409891838e+00,-2.550481855869293213e-01
-9.863315224647521973e-01,2.414800087610880386e+00,-2.550481855869293213e-01
-1.056885004043579102e+00,2.366080125172933091e+00,-2.550481855869293213e-01
-1.056885004043579102e+00,2.171199957529703628e+00,-2.550481855869293213e-01
-9.863315224647521973e-01,2.122479995091756333e+00,-2.550481855869293213e-01
-1.056885004043579102e+00,1.927599986394246345e+00,-2.550481855869293213e-01
-1.056885004043579102e+00,1.822040021419525146e+00,-2.550481855869293213e-01
-1.056885004043579102e+00,1.765199939409891838e+00,-2.550481855869293213e-01
-1.197992205619812012e+00,2.414800087610880386e+00,-2.550481855869293213e-01
-1.197992205619812012e+00,2.317360083262125503e+00,-2.550481855869293213e-01
-1.197992205619812012e+00,2.219919919967651367e+00,-2.550481855869293213e-01
-1.127438545227050781e+00,2.122479995091756333e+00,-2.550481855869293213e-01
-1.197992205619812012e+00,1.927599986394246345e+00,-2.550481855869293213e-01
-1.127438545227050781e+00,1.822040021419525146e+00,-2.550481855869293213e-01
-1.127438545227050781e+00,1.765199939409891838e+00,-2.550481855869293213e-01
-1.268545627593994141e+00,2.414800087610880386e+00,-2.550481855869293213e-01
-1.268545627593994141e+00,2.357960104942321777e+00,-2.550481855869293213e-01
-1.268545627593994141e+00,2.171199957529703628e+00,-2.550481855869293213e-01
-1.268545627593994141e+00,2.073759953180948745e+00,-2.550481855869293213e-01
-1.268545627593994141e+00,1.927599986394246345e+00,-2.550481855869293213e-01
-1.268545627593994141e+00,1.765199939409891838e+00,-2.550481855869293213e-01
-1.409652709960937500e+00,2.414800047874450684e+00,-2.550481855869293213e-01
-1.409652709960937500e+00,2.317360083262125503e+00,-2.550481855869293213e-01
-1.409652709960937500e+00,2.219919919967651367e+00,-2.550481855869293213e-01
-1.339099287986755371e+00,2.122479995091756333e+00,-2.550481855869293213e-01
-1.409652709960937500e+00,1.927599986394246345e+00,-2.550481855869293213e-01
-1.409652709960937500e+00,1.822040021419525146e+00,-2.550481855869293213e-01
-1.409652709960937500e+00,1.765199939409891838e+00,-2.550481855869293213e-01
-1.480206251144409180e+00,2.406680107116699219e+00,-2.550481855869293213e-01
-1.480206251144409180e+00,2.317360083262125503e+00,-2.550481855869293213e-01
-1.550759792327880859e+00,2.171199957529703628e+00,-2.550481855869293213e-01
-1.480206251144409180e+00,2.073759953180948745e+00,-2.550481855869293213e-01
-1.550759792327880859e+00,1.927599986394246345e+00,-2.550481855869293213e-01
-1.550759792327880859e+00,1.878880023956298828e+00,-2.550481855869293213e-01
-1.550759792327880859e+00,1.765199939409891838e+00,-2.550481855869293213e-01
-1.621313333511352539e+00,2.414800087610880386e+00,-2.550481855869293213e-01
-1.621313333511352539e+00,2.317360083262125503e+00,-2.550481855869293213e-01
-1.621313333511352539e+00,2.171199957529703628e+00,-2.550481855869293213e-01
-1.621313333511352539e+00,2.073759953180948745e+00,-2.550481855869293213e-01
-1.621313333511352539e+00,1.927599986394246345e+00,-2.550481855869293213e-01
-1.621313333511352539e+00,1.878880023956298828e+00,-2.550481855869293213e-01
-1.621313333511352539e+00,1.765199939409891838e+00,-2.550481855869293213e-01
-1.691866874694824219e+00,2.414800087610880386e+00,-2.550481855869293213e-01
-1.691866874694824219e+00,2.317360083262125503e+00,-2.550481855869293213e-01
-1.691866874694824219e+00,2.171199957529703628e+00,-2.550481855869293213e-01
-1.691866874694824219e+00,2.122479995091756333e+00,-2.550481855869293213e-01
-1.691866874694824219e+00,1.927599986394246345e+00,-2.550481855869293213e-01
-1.691866874694824219e+00,1.878880023956298828e+00,-2.550481855869293213e-01
-1.691866874694824219e+00,1.765199939409891838e+00,-2.550481855869293213e-01
-1.853233218193054199e+00,2.414800087610880386e+00,-2.703834772109985352e-01
-1.853233218193054199e+00,2.317360083262125503e+00,-2.703834772109985352e-01
-1.853233218193054199e+00,2.171199957529703628e+00,-2.703834772109985352e-01
-1.853233218193054199e+00,2.073759953180948745e+00,-2.703834772109985352e-01
-1.853233218193054199e+00,1.927599986394246345e+00,-2.703834772109985352e-01
-1.853233218193054199e+00,1.878880023956298828e+00,-2.703834772109985352e-01
-1.853233218193054199e+00,1.765199939409891838e+00,-2.703834772109985352e-01
-1.938364863395690918e+00,2.414800087610880386e+00,-2.893617153167724609e-01
-1.938364863395690918e+00,2.317360083262125503e+00,-2.893617153167724609e-01
-1.938364863395690918e+00,2.219919919967651367e+00,-2.893617153167724609e-01
-1.938364863395690918e+00,2.122479995091756333e+00,-2.893617153167724609e-01
-1.938364863395690918e+00,1.927599986394246345e+00,-2.893617153167724609e-01
-1.938364863395690918e+00,1.822040021419525146e+00,-2.893617153167724609e-01
-1.938364863395690918e+00,1.765199939409891838e+00,-2.893617153167724609e-01
-2.051873763402303208e+00,2.414800087610880386e+00,-3.146660327911376953e-01
-2.051873763402303208e+00,2.366080125172933091e+00,-3.146660327911376953e-01
-2.049171175275529944e+00,2.266319887978689884e+00,-3.140635490417480469e-01
-2.051873763402303208e+00,2.122479995091756333e+00,-3.146660327911376953e-01
-2.051873763402303208e+00,1.927599986394246345e+00,-3.146660327911376953e-01
-2.051873763402303208e+00,1.878880023956298828e+00,-3.146660327911376953e-01
-2.051873763402303208e+00,1.765199939409891838e+00,-3.146660327911376953e-01
-2.203219016393025864e+00,2.414800087610880386e+00,-3.484051426251729144e-01
-2.203219016393025864e+00,2.317360083262125503e+00,-3.484051426251729144e-01
-2.203219016393025864e+00,2.219919919967651367e+00,-3.484051426251729144e-01
-2.200854241847991943e+00,2.120449990034103394e+00,-3.478779681026935577e-01
-2.203219016393025864e+00,1.927599986394246345e+00,-3.484051426251729144e-01
-2.203219016393025864e+00,1.822040021419525146e+00,-3.484051426251729144e-01
-2.203219016393025864e+00,1.765199939409891838e+00,-3.484051426251729144e-01
-2.297809680302937974e+00,2.414800087610880386e+00,-3.694920738538106098e-01
-2.297809680302937974e+00,2.317360083262125503e+00,-3.694920738538106098e-01
-2.297809680302937974e+00,2.171199957529703628e+00,-3.694920738538106098e-01
-2.297809680302937974e+00,2.122479995091756333e+00,-3.694920738538106098e-01
-2.297809680302937974e+00,1.927599986394246345e+00,-3.694920738538106098e-01
-2.297809680302937974e+00,1.878880023956298828e+00,-3.694920738538106098e-01
-2.297809680302937974e+00,1.765199939409891838e+00,-3.694920738538106098e-01
-2.411318540573120117e+00,2.317360083262125503e+00,-3.947964310646057129e-01
-2.411318540573120117e+00,2.171199957529703628e+00,-3.947964310646057129e-01
-2.411318540573120117e+00,2.073759953180948745e+00,-3.947964310646057129e-01
-2.411318540573120117e+00,2.025040070215860855e+00,-3.947964310646057129e-01
-2.411318540573120117e+00,1.822040021419525146e+00,-3.947964310646057129e-01
-2.411318540573120117e+00,1.765199939409891838e+00,-3.947964310646057129e-01
-2.553204655647277832e+00,2.414800087610880386e+00,-4.264267981052398682e-01
-2.553204655647277832e+00,2.317360083262125503e+00,-4.264267981052398682e-01
-2.553204655647277832e+00,2.171199957529703628e+00,-4.264267981052398682e-01
-2.553204655647277832e+00,2.073759953180948745e+00,-4.264267981052398682e-01
-2.553204655647277832e+00,1.927599986394246345e+00,-4.264267981052398682e-01
-2.551853350230625761e+00,1.818560021264212567e+00,-4.261255562305450439e-01
-2.553204655647277832e+00,1.765199939409891838e+00,-4.264267981052398682e-01
-2.647795438766479492e+00,2.414800087610880386e+00,-4.475137442350387573e-01
-2.647795438766479492e+00,2.366080125172933091e+00,-4.475137442350387573e-01
-2.647795438766479492e+00,2.171199957529703628e+00,-4.475137442350387573e-01
-2.647795438766479492e+00,2.073759953180948745e+00,-4.475137442350387573e-01
-2.647795438766479492e+00,1.976319948832194084e+00,-4.475137442350387573e-01
-2.647795438766479492e+00,1.822040021419525146e+00,-4.475137442350387573e-01
-2.647795438766479492e+00,1.761139959096908569e+00,-4.475137442350387573e-01
-2.763277271480271136e+00,2.414800087610880386e+00,-4.735154359403884738e-01
-2.763242278135184193e+00,2.317360083262125503e+00,-4.735065339641137405e-01
-2.763189786311351703e+00,2.171199957529703628e+00,-4.734931810561454624e-01
-2.763154792966264761e+00,2.073759953180948745e+00,-4.734842791927583172e-01
-2.763102302045532976e+00,1.927599986394246345e+00,-4.734709265105652154e-01
-2.763084804469889022e+00,1.878880023956298828e+00,-4.734664754659840824e-01
-2.763192127706406431e+00,1.765199939409891838e+00,-4.734946951437531970e-01
-2.894523513364983369e+00,2.414800087610880386e+00,-5.302719342181960727e-01
-2.894491432182281443e+00,2.317360083262125503e+00,-5.302510774997343246e-01
-2.894443308014467586e+00,2.171199957529703628e+00,-5.302197920031337386e-01
-2.894465925220496949e+00,2.122447450079755438e+00,-5.302350615451713045e-01
-2.894493181072547383e+00,1.927599986394246345e+00,-5.302548374006610388e-01
-2.894452926403510151e+00,1.765199939409891838e+00,-5.302295113751988032e-01
3.185756192315040813e+00,2.484128481879942729e+00,-8.688875421279917965e-01
3.191414871465847458e+00,2.414800087610880386e+00,-8.680140841543004804e-01
3.191413565074906256e+00,2.366080125172933091e+00,-8.679959102069840782e-01
3.191412259130442131e+00,2.317360083262125503e+00,-8.679777355899525038e-01
3.191410955864838250e+00,2.268639882405599106e+00,-8.679595616426361016e-01
3.191409649920374125e+00,2.219919919967651367e+00,-8.679413868023662104e-01
3.191408344422386634e+00,2.171199957529703628e+00,-8.679232125201922221e-01
3.191407039370876220e+00,2.122479995091756333e+00,-8.679050377915414893e-01
3.191405732979935017e+00,2.073759953180948745e+00,-8.678868633977482316e-01
3.191404428821377870e+00,2.025040070215860855e+00,-8.678686892271935127e-01
3.191403123769867456e+00,1.976319948832194084e+00,-8.678505150566386828e-01
3.191404532049304077e+00,1.927569631326978561e+00,-8.678795063607046556e-01
3.191408716322545303e+00,1.878880023956298828e+00,-8.679582589831431605e-01
3.191407348856579507e+00,1.822040021419525146e+00,-8.679424591737086025e-01
3.191405980946631527e+00,1.765199939409891838e+00,-8.679266604187324541e-01
3.191404809720911562e+00,1.716480016708374023e+00,-8.679131175108684149e-01
3.182495748083697062e+00,1.684000015258789062e+00,-8.693802294350493343e-01
3.149665060307010211e+00,2.496000051498413086e+00,-8.680709844496206085e-01
3.149665060307010211e+00,1.684000015258789062e+00,-8.680709844496206085e-01
3.057171780506435788e+00,2.488032068329819602e+00,-8.675662433322167688e-01
3.060889983961853744e+00,1.684000015258789062e+00,-8.674161963221392879e-01
3.045733603732979411e+00,2.414800087610880386e+00,-8.680278094386757459e-01
3.045733825068607459e+00,2.366080125172933091e+00,-8.680277825144592230e-01
3.045734046775603776e+00,2.317360083262125503e+00,-8.680277552188742085e-01
3.045723406119754895e+00,1.822011463387769981e+00,-8.679030352432590689e-01
3.045711568954206250e+00,1.765199939409891838e+00,-8.678171044198151884e-01
3.045711345761735966e+00,1.716480016708374023e+00,-8.678171236381352349e-01
2.901250004768371582e+00,2.371717733495375846e+00,-9.858571571462294569e-01
2.901529855158791804e+00,2.322185063006272809e+00,-9.851502180099487305e-01
2.901250004768371582e+00,1.821099996566772461e+00,-9.851502180099487305e-01
2.901250004768371582e+00,1.780351996421813965e+00,-9.863520145416260210e-01
2.851611438285873490e+00,2.372026110988065373e+00,-9.858741918242120983e-01
2.850884139537811279e+00,2.321649256275921225e+00,-9.851502180099487305e-01
2.851447361393978586e+00,1.821099996566772461e+00,-9.851502180099487305e-01
2.851369339018011928e+00,1.780281504194940245e+00,-9.863580537201771525e-01
2.853157254090509021e+00,1.708819182973758011e+00,-8.570142027112447325e-01
2.805712656210396894e+00,2.372985737014362773e+00,-8.680189438448607797e-01
2.809999942779541016e+00,2.321486817142827785e+00,-8.671304913071112841e-01
2.809999942779541016e+00,1.820989190684675574e+00,-8.676250339684328239e-01
2.801411263147989938e+00,1.761031125430707611e+00,-8.679912026281709769e-01
2.800679941733779099e+00,1.707793575520161422e+00,-8.550129214049291271e-01
2.800588066098546935e+00,1.688078061103357008e+00,-8.583707897986918578e-01
2.750988590717315496e+00,2.390000104904174805e+00,-8.716614410281181557e-01
2.751112973583595966e+00,1.756214307887213666e+00,-8.692183449332203660e-01
2.751080017922081566e+00,1.707793530023008710e+00,-8.550130660186492371e-01
2.751100980683230723e+00,1.687907764104922936e+00,-8.584538799671580511e-01
2.748450789121117843e+00,2.390000104904174805e+00,-9.181342502631762992e-01
2.700457537598289548e+00,1.753728225061544688e+00,-8.682478698110391857e-01
2.699729145789632856e+00,2.390000104904174805e+00,-8.679884270745881203e-01
2.650181803048825557e+00,1.771000027656555176e+00,-8.687994503507426858e-01
2.665459819619868664e+00,1.707782600438513931e+00,-8.550785837802838962e-01
2.665456943855005534e+00,1.695439492362031952e+00,-8.550652839853022380e-01
2.600271983146667409e+00,2.390000104904174805e+00,-9.171746945381165084e-01
2.600271983146667409e+00,1.771000027656555176e+00,-9.171746945381165084e-01
2.599901995658874476e+00,2.390000104904174805e+00,-8.670858013629912930e-01
2.599901995658874476e+00,1.771000027656555176e+00,-8.670858013629912930e-01
2.500701464139498231e+00,2.390000104904174805e+00,-8.666162720093359972e-01
2.501605657430795659e+00,1.771000027656555176e+00,-8.667270174393286730e-01
2.451548301256619933e+00,2.390000104904174805e+00,-9.673523306846618652e-01
2.451849699020385742e+00,1.771000027656555176e+00,-8.682572007179260032e-01
2.449823045730590731e+00,2.390000104904174805e+00,-8.680089433987935310e-01
2.403466025988260757e+00,1.771000027656555176e+00,-8.678372999032338830e-01
2.398944616317749023e+00,2.390000104904174805e+00,-8.694016153995807183e-01
2.353422578175862423e+00,1.771000027656555176e+00,-8.672140479087829812e-01
2.349126036961873165e+00,2.390000104904174805e+00,-8.666877230008442901e-01
2.300857598964984430e+00,1.771000027656555176e+00,-8.684001198181738879e-01
2.298542062441507827e+00,2.390000104904174805e+00,-8.687519381443659094e-01
2.250798208372933651e+00,1.771000027656555176e+00,-8.678631654807499318e-01
2.201683823267619022e+00,2.390000104904174805e+00,-9.212407708168030007e-01
2.244091398575726704e+00,1.771000027656555176e+00,-9.233144977513481066e-01
2.150691593394559842e+00,2.390000104904174805e+00,-8.697072933701908148e-01
2.152824223041534424e+00,1.771000027656555176e+00,-8.680533170700073242e-01
2.146736065546671401e+00,2.390000104904174805e+00,-9.155669344796074638e-01
2.102774477005004972e+00,1.771000027656555176e+00,-8.652754724025726318e-01
2.095630836486816584e+00,2.390000104904174805e+00,-8.653437376022339311e-01
2.052724659442901611e+00,1.771000027656555176e+00,-8.691125810146331787e-01
2.000240765511989594e+00,2.390000104904174805e+00,-9.192101247608661652e-01
2.004528562227884780e+00,1.771000027656555176e+00,-8.706025812360975724e-01
1.998799824714660556e+00,2.390000104904174805e+00,-8.711783915758133379e-01
1.951512940724690726e+00,1.771000027656555176e+00,-8.649651646614074929e-01
1.900816023349761963e+00,2.390000104904174805e+00,-8.651467189192771912e-01
1.902575373649597168e+00,1.771000027656555176e+00,-8.673940151929855347e-01
1.855243128278981191e+00,1.784092921796052389e+00,-8.701246463734170211e-01
1.814142267812382192e+00,2.357375006784092175e+00,-8.682086996056816997e-01
1.803673043137504983e+00,1.814748747008187335e+00,-8.663840634482247172e-01
1.791848557335989911e+00,2.345385721751621855e+00,-8.655765077897480397e-01
1.752757741558936377e+00,1.815000176429748535e+00,-8.684912516224768675e-01
1.749377068877220109e+00,2.345000028610229492e+00,-8.684118285775184187e-01
1.701007655688694609e+00,1.815000176429748535e+00,-9.188267205442700591e-01
1.650723512967427586e+00,2.345000028610229492e+00,-8.667694687843322532e-01
1.698788053111026208e+00,1.815000176429748535e+00,-8.711353822758323151e-01
1.600213110446929932e+00,2.345000028610229492e+00,-8.679701652791764754e-01
1.649110959635840423e+00,1.815000176429748535e+00,-8.692603376176621932e-01
1.599049186706543058e+00,2.345000028610229492e+00,-9.176269729932149399e-01
1.551045292302181799e+00,1.815000176429748535e+00,-8.689342454860085052e-01
1.549710191786289215e+00,2.345000028610229492e+00,-8.664416410028934479e-01
1.500115858881096997e+00,1.815000176429748535e+00,-8.704016679211666885e-01
1.498981542057461258e+00,2.345000028610229492e+00,-9.187741478284200403e-01
1.450355642371707443e+00,1.815000176429748535e+00,-8.708092901441786271e-01
1.449278149339887856e+00,2.345000028610229492e+00,-8.688099616103701628e-01
1.401887499369107726e+00,1.815000176429748535e+00,-9.198990693459143664e-01
1.351004687945047911e+00,2.345000028610229492e+00,-8.682554403940836441e-01
1.398666375875472934e+00,1.815000176429748535e+00,-8.679437339305877686e-01
1.300308557117686448e+00,2.345000028610229492e+00,-8.676452321164748183e-01
1.349910577138264900e+00,1.815000176429748535e+00,-8.700348138809204102e-01
1.252957038581371307e+00,2.345000028610229492e+00,-9.182483553886413574e-01
1.259993576149388117e+00,1.807055766762393212e+00,-8.700348138809204102e-01
1.244052228174711505e+00,2.345000028610229492e+00,-8.640054840790597490e-01
1.239094601903887982e+00,1.781076045002011110e+00,-8.700348138809204102e-01
1.205056959906449787e+00,1.710061333500421998e+00,-8.680464588105678558e-01
1.205418080459406349e+00,1.672518525594546501e+00,-8.667656602682890510e-01
1.198607580415133711e+00,2.331862055022141167e+00,-9.135319138395374683e-01
1.189237713813781738e+00,1.817950010299682617e+00,-8.682911768555641174e-01
1.189237713813781738e+00,1.766147324913426520e+00,-8.660774701520016494e-01
1.150376051664352417e+00,1.710149777304265983e+00,-9.611194620734637706e-01
1.151687514274678303e+00,1.670914901063797364e+00,-9.593191571692203379e-01
1.100224453084012399e+00,2.340136183069107201e+00,-9.646241867795903868e-01
1.108251452445983887e+00,1.816936631118301726e+00,-8.685384049879766311e-01
1.107220442234715385e+00,1.770992104011245960e+00,-8.691166793998283957e-01
1.100205739026307361e+00,1.710123656928695723e+00,-9.609686497628219248e-01
1.100762699779711307e+00,1.672078954546075025e+00,-9.591579029434605941e-01
1.071083467907194997e+00,2.339770954781786649e+00,-8.812138434099707762e-01
1.097870594730564253e+00,1.817129620150023772e+00,-9.236874054459964789e-01
1.093200944688009102e+00,1.775425729544266362e+00,-9.061005452404851113e-01
1.095833268410489669e+00,1.719090396904153106e+00,-8.676452928439367662e-01
1.086802378069118502e+00,1.676848519198020915e+00,-8.695242850064541784e-01
1.000853690418921582e+00,2.370409494469044365e+00,-8.813172605304787632e-01
1.000327490730050117e+00,2.339355565883495025e+00,-9.610310079138956185e-01
1.001461501632417983e+00,1.815161355904170382e+00,-9.322781051908221039e-01
1.001105824932781330e+00,1.774128812889865348e+00,-9.073166636400348262e-01
1.001442982988842489e+00,1.717034941002473891e+00,-8.704938560219134258e-01
1.000052033239984706e+00,1.672218205599949270e+00,-8.699799776077270508e-01
9.708249724945309245e-01,2.352635599642173503e+00,-8.840241801834147761e-01
9.976146729621837572e-01,2.329189098082841358e+00,-8.794800043106079102e-01
9.504628727833429602e-01,1.832744101683298821e+00,-9.442529194056987762e-01
9.970065951347351074e-01,1.767149955034255981e+00,-9.440000057220458984e-01
9.998118777007343194e-01,1.710125970649209348e+00,-9.609812286129609804e-01
9.500471570275046407e-01,1.671500007311503166e+00,-9.614545540376142618e-01
9.020068136128511771e-01,2.336687274412675208e+00,-9.536315007643265673e-01
9.272515177726745605e-01,1.816936631118301726e+00,-8.685384049879766311e-01
9.292849743807757301e-01,1.770464864777929970e+00,-8.696920360312049292e-01
9.467333611235561053e-01,1.718992458481386487e+00,-8.678201293370809699e-01
9.163997737424713907e-01,1.699103864708117140e+00,-8.572325514895575704e-01
8.512533730930752496e-01,2.334839995702107540e+00,-9.529923703935411217e-01
8.535960941087632481e-01,1.817042867342631096e+00,-9.440000057220458984e-01
8.517653246720632287e-01,1.767149955034255981e+00,-9.440000057220458984e-01
8.999963064988454331e-01,1.710130868024296147e+00,-9.608782498372925307e-01
8.997629772533070058e-01,1.671500007311503166e+00,-9.585454626516862753e-01
8.738871665175901304e-01,1.648233763668515373e+00,-8.545002007703168534e-01
8.007446650801033350e-01,2.329234460304523413e+00,-9.504694404273197339e-01
8.005037218332290427e-01,1.767149955034255981e+00,-9.440000057220458984e-01
8.002632979084464138e-01,1.710063857891980232e+00,-9.610666501171448717e-01
8.497581352892610296e-01,1.671896914845889315e+00,-9.581855750575507535e-01
7.544483840465545654e-01,2.325949966907501221e+00,-8.670894503593444824e-01
7.620574831962585449e-01,1.817950010299682617e+00,-8.670894503593444824e-01
7.620574831962585449e-01,1.767149955034255981e+00,-8.670894503593444824e-01
7.991204306166223015e-01,1.671500006888775092e+00,-9.576170292306454002e-01
7.011846899986267090e-01,2.345000028610229492e+00,-8.670894503593444824e-01
7.454611745242979426e-01,1.710062535370097336e+00,-8.680890807334114001e-01
7.441529175814460828e-01,1.671823536648469721e+00,-8.670323350850273059e-01
6.555301547050476074e-01,2.345000028610229492e+00,-8.670894503593444824e-01
6.680561067522877705e-01,1.779346147049082560e+00,-8.700348138809204102e-01
5.946573615074157715e-01,2.345000028610229492e+00,-8.670894503593444824e-01
5.950015783309936523e-01,1.779999852180480957e+00,-8.700348138809204102e-01
5.033481717109680176e-01,2.345000028610229492e+00,-8.670894503593444824e-01
5.420016050338745117e-01,1.779999852180480957e+00,-8.700348138809204102e-01
4.981185679252331244e-01,2.345000028610229492e+00,-9.638083623005793132e-01
4.890016168355941772e-01,1.779999852180480957e+00,-8.700348138809204102e-01
4.424754083156585693e-01,2.345000028610229492e+00,-8.670894503593444824e-01
4.095016270875930786e-01,1.779999852180480957e+00,-8.700348138809204102e-01
3.511662185192108154e-01,2.345000028610229492e+00,-8.670894503593444824e-01
3.565016537904739380e-01,1.779999852180480957e+00,-8.700348138809204102e-01
3.013168573379516602e-01,2.345000028610229492e+00,-9.660721898078918901e-01
3.035016506910324097e-01,1.779999852180480957e+00,-8.700348138809204102e-01
2.902934402227401733e-01,2.345000028610229492e+00,-8.670894503593444824e-01
2.505016624927520752e-01,1.779999852180480957e+00,-8.700348138809204102e-01
2.446388602256774902e-01,2.345000028610229492e+00,-8.670894503593444824e-01
1.533296853303909302e-01,2.345000028610229492e+00,-8.670894503593444824e-01
1.975016742944717407e-01,1.779999852180480957e+00,-8.700348138809204102e-01
1.076751016080379486e-01,2.345000028610229492e+00,-8.670894503593444824e-01
1.445016786456108093e-01,1.779999852180480957e+00,-8.700348138809204102e-01
9.150169044733047485e-02,1.779999852180480957e+00,-8.700348138809204102e-01
4.680231958627700806e-02,2.345000028610229492e+00,-8.670894503593444824e-01
3.850170131772756577e-02,1.779999852180480957e+00,-8.700348138809204102e-01
-4.450684878975152969e-02,2.345000028610229492e+00,-8.670894503593444824e-01
-4.099828284233808517e-02,1.779999852180480957e+00,-8.700348138809204102e-01
-9.399827197194099426e-02,1.779999852180480957e+00,-8.700348138809204102e-01
-1.053796298801898956e-01,2.345000028610229492e+00,-8.670894503593444824e-01
-1.469982638955116272e-01,1.779999852180480957e+00,-8.746816515922546387e-01
-1.966888085007667542e-01,2.345000028610229492e+00,-8.670894503593444824e-01
-1.999982520937919617e-01,1.779999852180480957e+00,-8.653879761695861816e-01
-2.013391542893189778e-01,2.345000028610229492e+00,-9.697508811950683594e-01
-2.575615867972373962e-01,2.345000028610229492e+00,-8.670894503593444824e-01
-2.529982328414916992e-01,1.779999852180480957e+00,-8.700348138809204102e-01
-3.488707542419433594e-01,2.345000028610229492e+00,-8.670894503593444824e-01
-3.059982359409332275e-01,1.779999852180480957e+00,-8.700348138809204102e-01
-3.991756897706251750e-01,2.345000028610229492e+00,-9.697508811950683594e-01
-3.987482190132141113e-01,1.779999852180480957e+00,-8.700348138809204102e-01
-4.097435325384140015e-01,2.345000028610229492e+00,-8.670894503593444824e-01
-4.384981989860534668e-01,1.779999852180480957e+00,-8.700348138809204102e-01
-4.553981423377990723e-01,2.345000028610229492e+00,-8.718963563442230225e-01
-4.914982169866561890e-01,1.779999852180480957e+00,-8.700348138809204102e-01
-5.467072725296020508e-01,2.345000028610229492e+00,-8.646859973669052124e-01
-5.444981753826141357e-01,1.779999852180480957e+00,-8.700348138809204102e-01
-5.940527783499823800e-01,2.345000028610229492e+00,-8.649530476993985140e-01
-5.974981784820556641e-01,1.779999852180480957e+00,-8.700348138809204102e-01
-6.532346606254577637e-01,2.345000028610229492e+00,-8.670894503593444824e-01
-6.955525053827862347e-01,1.765875786428297456e+00,-8.700294535119116324e-01
-7.439388600679543995e-01,1.710065419857318636e+00,-8.673014922019762762e-01
-7.446334230345349470e-01,1.672139542047367478e+00,-8.667844852735829830e-01
-7.521529495716094971e-01,2.325949966907501221e+00,-8.670894503593444824e-01
-7.597620487213134766e-01,1.817950010299682617e+00,-8.682911768555641174e-01
-7.597620487213134766e-01,1.766147324913426520e+00,-8.660774701520016494e-01
-7.995943206270741399e-01,1.710122055649139661e+00,-9.610104812550420705e-01
-7.977814999493685333e-01,1.671500007311503166e+00,-9.585454626516862753e-01
-8.019841943468366541e-01,2.333751419612339451e+00,-9.556667276791164234e-01
-8.499080439408620569e-01,1.817950010299682617e+00,-9.440000057220458984e-01
-8.499080439408620569e-01,1.767149955034255981e+00,-9.440000057220458984e-01
-8.497074425692293653e-01,1.710124309270551812e+00,-9.609687087718289389e-01
-8.482865257696672323e-01,1.671500007311503166e+00,-9.585454626516862753e-01
-8.999271866199524128e-01,1.710124309270551812e+00,-9.610075620359355142e-01
-8.987915515899658203e-01,1.671500007311503166e+00,-9.585454626516862753e-01
-9.016189773877462121e-01,2.336978949998554267e+00,-9.576821714116815487e-01
-9.272515177726745605e-01,1.816936631118301726e+00,-8.685384049879766311e-01
-9.292849743807757301e-01,1.770464864777929970e+00,-8.696920360312049292e-01
-9.464572558959507553e-01,1.718528093407847068e+00,-8.682125008897323415e-01
-9.696028310533164607e-01,2.352060585188939346e+00,-8.837716882800957796e-01
-9.627377750693409952e-01,2.339239000486194708e+00,-8.815196540609944176e-01
-9.997715008192957775e-01,1.815257397145856100e+00,-9.323365306327355828e-01
-9.995475773606004033e-01,1.773324502712231521e+00,-9.068273747936960172e-01
-9.997197121558104582e-01,1.717050295609694244e+00,-8.705033361911773682e-01
-9.577035354002244594e-01,1.669925695432953106e+00,-8.697408723221436988e-01
-1.002913222439696828e+00,2.372124116580339503e+00,-8.816580020737876389e-01
-1.000489709072543310e+00,2.328713570860095672e+00,-8.794800043106079102e-01
-1.048521484647478408e+00,1.815161355904170382e+00,-9.322781051908221039e-01
-1.048871056204701668e+00,1.774052726864303153e+00,-9.072703780534441265e-01
-1.048543636458260764e+00,1.716860992567879718e+00,-8.703641436781202056e-01
-1.002120643854141235e+00,1.671500007311503166e+00,-9.600000083446502686e-01
-1.067647349919355726e+00,2.339696859766194237e+00,-8.830477003410582837e-01
-1.097544435604077551e+00,1.817328959563528468e+00,-9.242222502198017553e-01
-1.093200944688009102e+00,1.775425729544266362e+00,-9.061005452404851113e-01
-1.099619250021119043e+00,1.710136556279832076e+00,-9.609704131665437465e-01
-1.053589553137620261e+00,1.668651898205280260e+00,-8.699799776077270508e-01
-1.100153069198131606e+00,2.339285010099410922e+00,-9.608760267496109231e-01
-1.108251452445983887e+00,1.816936631118301726e+00,-8.685384049879766311e-01
-1.107220442234715385e+00,1.770992104011245960e+00,-8.691166793998283957e-01
-1.105308478813457729e+00,1.711308371953624174e+00,-8.631510789354119861e-01
-1.138351010349459624e+00,1.662095740432535607e+00,-8.650862528238051352e-01
-1.197474707727846921e+00,2.331747811773548840e+00,-9.101288992425670132e-01
-1.189028859138488770e+00,1.817950010299682617e+00,-8.670894503593444824e-01
-1.189028859138488770e+00,1.767149955034255981e+00,-8.670894503593444824e-01
-1.151348321625355942e+00,1.670882029479809017e+00,-9.583820305513531812e-01
-1.241644732157389353e+00,2.345000028610229492e+00,-8.617258310317993386e-01
-1.204796843668993755e+00,1.710062535370097336e+00,-8.680890807334114001e-01
-1.205209225784113380e+00,1.672518525594546501e+00,-8.667656602682890510e-01
-1.298868572711944669e+00,2.345000028610229492e+00,-8.668423950672149436e-01
-1.255280899357492652e+00,1.765449177094940314e+00,-8.700348138809204102e-01
-1.349664974212646529e+00,2.345000028610229492e+00,-9.180545270442962424e-01
-1.350876000192430260e+00,2.345000028610229492e+00,-8.686386081907484513e-01
-1.350416432727467031e+00,1.779999852180480957e+00,-8.700348138809204102e-01
-1.449149754312303306e+00,2.345000028610229492e+00,-9.156232277552286414e-01
-1.401033186912536532e+00,1.779999852180480957e+00,-8.700348138809204102e-01
-1.450317108631133944e+00,2.345000028610229492e+00,-8.683908998966216597e-01
-1.450310889217588661e+00,1.779999852180480957e+00,-8.700348138809204102e-01
-1.501890420913696289e+00,2.345000028610229492e+00,-8.675388097763061523e-01
-1.544888078430552536e+00,1.772082490685545464e+00,-8.691330986258424263e-01
-1.552645874023437456e+00,2.345000028610229492e+00,-8.677129089832306130e-01
-1.586143916303461188e+00,1.751804124225269765e+00,-8.688205697319724141e-01
-1.601765668392181485e+00,2.345000028610229492e+00,-8.699393808841705544e-01
-1.649000979238940845e+00,1.720908295723699855e+00,-8.677753690750368287e-01
-1.652404387791951423e+00,2.345000028610229492e+00,-8.663572801484001884e-01
-1.687880396842956543e+00,1.701798005537553227e+00,-8.742002140391956777e-01
-1.749275419447157143e+00,2.345000028610229492e+00,-8.654319047927856445e-01
-1.712432861328125000e+00,1.689729839563369751e+00,-8.724133521318435669e-01
-1.799035191535949707e+00,2.345000028610229492e+00,-8.665328350934115020e-01
-1.788054545720418220e+00,1.652559916178385491e+00,-8.724133521318435669e-01
-1.848917921384175544e+00,2.345000028610229492e+00,-9.177948302692837679e-01
-1.813261777162551880e+00,1.640169918537139893e+00,-8.724133521318435669e-01
-1.853291440010070845e+00,2.345000028610229492e+00,-8.704420208930969682e-01
-1.852873155048915255e+00,1.620699916567121202e+00,-8.724133521318435669e-01
-1.900723920928107269e+00,2.345000028610229492e+00,-8.669803937276204797e-01
-1.904479646682739169e+00,1.603707933425903231e+00,-8.724133521318435669e-01
-1.951319015026092618e+00,2.345000028610229492e+00,-8.655818760395049827e-01
-1.952770630518595452e+00,1.602999925613403320e+00,-8.724133521318435669e-01
-2.000438824295997620e+00,2.345000028610229492e+00,-8.678083568811416626e-01
-2.046471913655599106e+00,1.602999925613403320e+00,-8.724133521318435669e-01
-2.054923391342163175e+00,2.345000028610229492e+00,-8.658787071704864280e-01
-2.097581664721170913e+00,1.602999925613403320e+00,-8.724133521318435669e-01
-2.145287513732910156e+00,1.602999925613403320e+00,-8.731612761815389367e-01
-2.150543451309204102e+00,2.345000028610229492e+00,-8.681378785301657741e-01
-2.194021970033645630e+00,1.602999925613403320e+00,-9.669132828712463379e-01
-2.200400511423746597e+00,2.345000028610229492e+00,-8.679714401563008996e-01
-2.249905954707752453e+00,1.602999925613403320e+00,-8.669921972534873067e-01
-2.250257548163919097e+00,2.345000028610229492e+00,-8.678050286629620524e-01
-2.298118412494659424e+00,1.602999925613403320e+00,-9.176607976357141760e-01
-2.314971361520155479e+00,2.335485412264770133e+00,-8.687375525258621556e-01
-2.301105847725501530e+00,1.602999925613403320e+00,-8.682917814988356797e-01
-2.359592476067853273e+00,2.490908848085129357e+00,-8.679809550587059830e-01
-2.359120676958613494e+00,2.418909966945648193e+00,-8.678913934377846529e-01
-2.359129572336652547e+00,2.371469974517822266e+00,-8.677975507040994740e-01
-2.359127145952883087e+00,2.324029922485351562e+00,-8.678163448266223989e-01
-2.399129331111907959e+00,1.602999925613403320e+00,-8.658659209807714197e-01
-2.444482397060005141e+00,2.496000051498413086e+00,-8.760705724054452803e-01
-2.448776245117187500e+00,1.602999925613403320e+00,-9.155709743499755859e-01
-2.497868520872933651e+00,2.496000051498413086e+00,-8.711651691368648143e-01
-2.497284392515818130e+00,1.602999925613403320e+00,-8.671139429012933997e-01
-2.548012186499203136e+00,2.496000051498413086e+00,-8.686868653577917154e-01
-2.505795985460281372e+00,1.602999925613403320e+00,-9.232869371771812439e-01
-2.598241349628993557e+00,2.496000051498413086e+00,-8.686459353991917709e-01
-2.564682043923272037e+00,1.600074132283528572e+00,-8.692541744973923956e-01
-2.599532196745450108e+00,1.555682547251522330e+00,-8.550085845608162982e-01
-2.599449407985362281e+00,1.537082143666127498e+00,-8.573244834429430972e-01
-2.648905474799020165e+00,2.496000051498413086e+00,-8.678740790912082836e-01
-2.649731008211771766e+00,1.602999925613403320e+00,-9.680644869804382324e-01
-2.649999992052713971e+00,1.555680723896444961e+00,-8.550085338768113052e-01
-2.649999989978801374e+00,1.537110995512765976e+00,-8.573147396401669118e-01
-2.650727564947945591e+00,2.496000051498413086e+00,-9.174885800906590338e-01
-2.650055824861227816e+00,1.598660920759891191e+00,-9.120694257934548466e-01
-2.700225419468349930e+00,2.496000051498413086e+00,-8.678192843993505212e-01
-2.745599583117631415e+00,1.602038898607240025e+00,-8.672826725201014941e-01
-2.700467806663175985e+00,1.555682916598859045e+00,-8.550084831246638206e-01
-2.700552027028864099e+00,1.537079715630389476e+00,-8.573313023096110763e-01
-2.750500500202178955e+00,2.496000051498413086e+00,-8.684146553277969360e-01
-2.797329255512782442e+00,1.602999925613403320e+00,-8.678471825935027972e-01
-2.800977784234124357e+00,2.496000051498413086e+00,-8.683267219646556567e-01
-2.849502228401802562e+00,1.602999925613403320e+00,-9.680311752332223518e-01
-2.851550267802344329e+00,2.496000051498413086e+00,-8.668983976046243933e-01
-2.899849215069332686e+00,1.602999925613403320e+00,-8.673794317889857997e-01
-2.909105521683790219e+00,2.496000051498413086e+00,-8.662762616057785303e-01
-2.945454301468480640e+00,2.417188094446834246e+00,-8.679902755795195768e-01
-2.945457957284834727e+00,2.369195485663840639e+00,-8.679890914646255506e-01
-2.945455892616525517e+00,2.321215284449974714e+00,-8.679719386274552528e-01
-2.947334795213136349e+00,1.822036732171402607e+00,-9.683660296875922224e-01
-2.947151710723609597e+00,1.766094002601592772e+00,-9.685566510472979340e-01
-2.947037470403802484e+00,1.717158891063518711e+00,-9.684317369782735607e-01
-2.945173392977033178e+00,1.614999898842402803e+00,-9.185599310057503963e-01
-2.999796340250045379e+00,2.496000051498413086e+00,-8.682955020640467092e-01
-2.953214313089847387e+00,1.822036677350600486e+00,-8.680463063220182907e-01
-2.953482859199111576e+00,1.766151283238385217e+00,-8.680427119538590697e-01
-2.953610980351765836e+00,1.717262401580810449e+00,-8.680355473359425700e-01
-2.964261898483239399e+00,1.683418542525755290e+00,-8.671796578916183273e-01
-2.954325439393982400e+00,1.615883618362190077e+00,-8.686389239259468820e-01
-3.049661825727490339e+00,2.496000051498413086e+00,-8.680724481898314249e-01
-3.049661825727490339e+00,1.684000015258789062e+00,-8.680724481898314249e-01
-3.089271152511085639e+00,2.486858750372817894e+00,-8.686155993606626824e-01
-3.098185828753880156e+00,2.414800087610880386e+00,-8.679904427938845979e-01
-3.098184575964679777e+00,2.366080125172933091e+00,-8.679730361634558911e-01
-3.098183323175479398e+00,2.317360083262125503e+00,-8.679556301880232416e-01
-3.098182071259607095e+00,2.268639882405599106e+00,-8.679382237759265539e-01
-3.098180819343734793e+00,2.219919919967651367e+00,-8.679208173638298662e-01
-3.098179566117869932e+00,2.171199957529703628e+00,-8.679034110608991881e-01
-3.098178314201997630e+00,2.122479995091756333e+00,-8.678860047579685100e-01
-3.098182972765316734e+00,2.073730318215641688e+00,-8.679614756664220110e-01
-3.098184765796626827e+00,2.025040070215860855e+00,-8.679939658263993163e-01
-3.098183637976863469e+00,1.976319948832194084e+00,-8.679809941620123537e-01
-3.098187175110308722e+00,1.927629621359553624e+00,-8.680134554849053830e-01
-3.098194998262566280e+00,1.878880023956298828e+00,-8.680888984229538918e-01
-3.098192932514043818e+00,1.822040021419525146e+00,-8.680686438149147754e-01
-3.098190866547189781e+00,1.765199939409891838e+00,-8.680483885518797127e-01
-3.098189097184401497e+00,1.716480016708374023e+00,-8.680310276620116783e-01
-3.085778973879054643e+00,1.684000015258789062e+00,-8.688536423179648027e-01
-2.199533864430018859e+00,-1.748959978421529060e+00,-1.366479481969560927e+00
-2.915187358856201172e+00,-1.647999867796897888e+00,-1.066036772727966264e+00
1.984341502189636230e+00,-1.740840017795562744e+00,-1.368002414703369141e+00
1.953737370173136423e+00,-1.771000027656555176e+00,-1.020907243092854744e+00
3.149665060307010211e+00,-1.684000015258789062e+00,-8.680709844496206085e-01
-2.699999162893809146e+00,-1.684000015258789062e+00,-1.317780434335777073e+00
3.099686745665296339e+00,-1.684000015258789062e+00,-8.682546713973766650e-01
-9.155306319395700720e-01,-1.684000015258789062e+00,-3.180373393827014561e-01
9.737246036529541016e-01,-1.748959978421529060e+00,-1.368007659912109375e+00
-8.748779892921447754e-01,-1.684000015258789062e+00,-1.242024064064025879e+00
1.899249512216319102e+00,-1.684000015258789062e+00,-3.684451294981915259e-01
-9.978306995726179407e-01,-1.714165407350693560e+00,-1.123304728803963481e+00
-1.838469028472900391e+00,-1.627779920895894294e+00,-6.168918609619140625e-01
1.551261519130907596e+00,-1.815000176429748535e+00,-7.155883186741879287e-01
-2.899787797716112170e+00,-1.684000015258789062e+00,-1.167847223004117918e+00
-9.598804268317678856e-01,-1.625565284337085803e+00,-7.677385116029337153e-01
-9.513978312412897376e-01,-1.643999881214565750e+00,-9.600000083446502686e-01
4.955361064742593302e-01,-1.684000015258789062e+00,-3.187783886404598199e-01
-1.663000518625432855e+00,-1.714027090506120121e+00,-9.194673950021917674e-01
-1.838469028472900391e+00,-1.627779920895894294e+00,-6.627546995878219604e-01
1.086573714143580505e+00,-1.625391703765036056e+00,-4.747555631303146395e-01
-1.139383554458618164e+00,-1.748959978421529060e+00,-1.368018746376037598e+00
1.952625155448913574e+00,-1.771000027656555176e+00,-9.164764434099197388e-01
1.900721682442559235e+00,-1.771000027656555176e+00,-5.654537876447042200e-01
-2.499362064444500486e+00,-1.647608565247577150e+00,-5.605494457742442593e-01
-1.874486207962036133e+00,-1.696180015802383423e+00,-1.365923047065734863e+00
-9.889175094302048441e-01,-1.625602171701543419e+00,-6.187065333509079723e-01
1.201396610055651015e+00,-1.712806143322769481e+00,-1.118700532280668902e+00
-1.268298308054606194e+00,-1.684000015258789062e+00,-3.180373393827014561e-01
1.979206191168890960e+00,-1.684000015258789062e+00,-1.268619490994347565e+00
2.402956803639729966e+00,-1.771000027656555176e+00,-7.686428974072138098e-01
3.146030097653012891e+00,-1.687538547526805877e+00,-1.066122104633109746e+00
-2.899679208725271184e+00,-1.684000015258789062e+00,-6.181213182217918378e-01
3.125520944595336914e+00,-1.708360016345977783e+00,-1.143633981545766121e+00
-2.948589655069204341e+00,-1.647999867796897888e+00,-8.185007572174072266e-01
-1.838469028472900391e+00,-1.627779920895894294e+00,-1.068968325853347778e+00
2.505016624927520752e-01,-1.779999852180480957e+00,-1.065202385187149048e+00
-9.599992053124212221e-01,-1.625494394794587238e+00,-6.691336989095134635e-01
1.054893048978719827e+00,-1.625499881947576553e+00,-7.679058646036237556e-01
7.139951251447200775e-01,-1.713754989951848939e+00,-4.657569101080298313e-01
1.901756695338657988e+00,-1.771000027656555176e+00,-5.187544205359050364e-01
2.001253285306565211e+00,-1.686073206840677408e+00,-3.169401820669782710e-01
1.086900280805734420e+00,-1.625856977682847315e+00,-5.205000042915344238e-01
-1.999982520937919617e-01,-1.779999852180480957e+00,-7.166888862848281860e-01
2.004528564214706599e+00,-1.771000027656555176e+00,-1.121218780676523918e+00
2.899918659520785091e+00,-1.684000015258789062e+00,-5.181761085987091064e-01
7.130806203683217603e-01,-1.714031985600789287e+00,-1.065643940766652475e+00
1.203444865014817955e+00,-1.643999881214565750e+00,-9.155502385563321077e-01
-1.469982638955116272e-01,-1.779999852180480957e+00,-5.215213149785995483e-01
-1.661073822241563080e+00,-1.714974210812495237e+00,-4.671796606137202379e-01
-9.598674832015741121e-01,-1.625556842225496901e+00,-6.187942563249765326e-01
-6.984285235293139493e-01,-1.782978471291669198e+00,-1.120598358240181280e+00
-1.235946089437563122e+00,-1.714093042563085589e+00,-1.065656038179789489e+00
-2.027432680130004883e+00,-1.632999897003173828e+00,-4.926774203777313232e-01
2.900249514245150539e+00,-1.748959978421529060e+00,-4.727598144819861736e-01
1.203815966844558716e+00,-1.643999881214565750e+00,-9.638236165046691895e-01
3.049803035396220885e+00,-1.684000015258789062e+00,-1.067873620437651105e+00
4.095016270875930786e-01,-1.779999852180480957e+00,-8.700348138809204102e-01
-1.201815295219421431e+00,-1.643999881214565750e+00,-7.187678337097167525e-01
-2.549391211247911571e+00,-1.684000015258789062e+00,-1.319277730642580471e+00
2.799972662738725138e+00,-1.771000027656555176e+00,-1.063031629020092517e+00
2.999929987762010253e+00,-1.684000015258789062e+00,-1.167799237589328465e+00
3.149614702599345506e+00,-1.685907537808620349e+00,-7.684905350743882479e-01
2.197312891483306885e+00,-1.771000027656555176e+00,-1.016786199063062668e+00
-1.248290995135903358e-03,-1.779999852180480957e+00,-9.676185995340347290e-01
-1.661601960659027100e+00,-1.714714626471201653e+00,-5.162602961063385010e-01
8.744369983673095925e-01,-1.684000015258789062e+00,-1.250424051284789950e+00
-1.051005622919868099e+00,-1.684000015258789062e+00,-1.318118060336393560e+00
2.002674865722656072e+00,-1.771000027656555176e+00,-1.071397942304611162e+00
-1.205011904239654541e+00,-1.643999881214565750e+00,-5.195572912693023904e-01
1.952625155448913574e+00,-1.771000027656555176e+00,-7.709477245807647705e-01
-1.598754882812500000e+00,-1.748959978421529060e+00,-1.368021249771118164e+00
2.599706722630394928e+00,-1.684000015258789062e+00,-5.188771072361204606e-01
9.999597868759283470e-01,-1.705937583383610567e+00,-9.611486328019798187e-01
2.649943780899048029e+00,-1.771000027656555176e+00,-7.689360678195953369e-01
-5.960230098830329171e-01,-1.684000015258789062e+00,-1.268624067306518555e+00
-9.556350111961364746e-01,-1.748959978421529060e+00,-1.368017911911010742e+00
7.457307145513337732e-01,-1.643430915372124934e+00,-5.192308384796668896e-01
2.300369113683700562e+00,-1.684000015258789062e+00,-4.152935147285461426e-01
8.496423950835839678e-01,-1.710000038146972656e+00,-1.067483407347949553e+00
-2.399849489677784220e+00,-1.684000015258789062e+00,-1.319934835267621454e+00
-2.063110192616780747e+00,-1.684000015258789062e+00,-1.319024105866750007e+00
1.054871010681769139e+00,-1.625495392665474714e+00,-6.189287945005288449e-01
-1.425988852977752686e+00,-1.684000015258789062e+00,-1.251824061075846428e+00
2.050324641741239073e+00,-1.771000027656555176e+00,-6.174151851580693684e-01
-9.604147928080728480e-01,-1.625325348749665277e+00,-7.164096188134666532e-01
-2.350487969138405742e+00,-1.647181684320623285e+00,-5.391386503523046825e-01
-4.214702000220616473e-01,-1.684000015258789062e+00,-3.684286574522654401e-01
-9.153361145187827175e-01,-1.684000015258789062e+00,-3.688403508242438789e-01
-2.047539220136754601e+00,-1.646812263657065012e+00,-1.127934813499450684e+00
-2.928960204124450684e+00,-1.647999867796897888e+00,-1.010483741760253906e+00
1.798061490058898926e+00,-1.684000015258789062e+00,-1.319011807441711426e+00
2.549916039572821536e+00,-1.771000027656555176e+00,-1.064853386084238629e+00
-1.608274936676025391e+00,-1.684000015258789062e+00,-1.268624067306518555e+00
2.400212383270263761e+00,-1.771000027656555176e+00,-7.187406619389852258e-01
-1.838469028472900391e+00,-1.627779920895894294e+00,-9.182761510213216516e-01
3.099805757031524944e+00,-1.684000015258789062e+00,-7.679983116436933654e-01
1.445016786456108093e-01,-1.779999852180480957e+00,-1.065202385187149048e+00
-9.858894628636977187e-01,-1.684000015258789062e+00,-3.686756737091961833e-01
7.480025283702007588e-01,-1.644142737636318463e+00,-5.682797013939201447e-01
-7.503381332793792602e-01,-1.709999918937683105e+00,-1.066674302150676823e+00
3.149713535242984808e+00,-1.684000015258789062e+00,-9.679996955716527740e-01
-4.384981989860534668e-01,-1.779999852180480957e+00,-4.657591581344604492e-01
-1.999982520937919617e-01,-1.779999852180480957e+00,-4.657591581344604492e-01
8.517653246720632287e-01,-1.642968629797299629e+00,-4.633091092109680176e-01
1.205493129297500188e+00,-1.706765368646462111e+00,-8.678968886184271758e-01
7.449576171596398177e-01,-1.644247072466303861e+00,-7.696803627389200431e-01
1.975016742944717407e-01,-1.779999852180480957e+00,-7.654807766278585168e-01
-3.943699933588504791e-01,-1.796949893236160278e+00,-1.122707098722457886e+00
1.553818060292138092e+00,-1.684000015258789062e+00,-3.180373393827014561e-01
1.981810020075903900e+00,-1.684000015258789062e+00,-1.319010847144656662e+00
1.611703465966617399e+00,-1.684000015258789062e+00,-1.269526993527131831e+00
-2.649478206829148696e+00,-1.685988586776110632e+00,-4.702023498866023110e-01
-7.762560322880744934e-01,-1.684000015258789062e+00,-1.305024102330207825e+00
1.199727513851263527e+00,-1.710000038146972656e+00,-1.066263241645617255e+00
3.850170131772756577e-02,-1.779999852180480957e+00,-6.191051155328750610e-01
-5.627629558245340613e-01,-1.684000015258789062e+00,-3.180373393827014561e-01
-7.158678178904486211e-01,-1.713481863014033602e+00,-7.664918489143496272e-01
2.898137235658134525e+00,-1.687233267236830203e+00,-1.315466369859746631e+00
-1.838783866829342362e+00,-1.627625114387936112e+00,-5.150344123442968103e-01
2.350068288379245196e+00,-1.797560744815402511e+00,-1.127934813499450684e+00
2.799774721894103813e+00,-1.684000015258789062e+00,-1.267809977684853928e+00
3.035016506910324097e-01,-1.779999852180480957e+00,-4.657591581344604492e-01
2.649553002251519018e+00,-1.684000015258789062e+00,-5.191351453463236565e-01
1.908136451244354159e+00,-1.771000027656555176e+00,-1.115880686044693038e+00
-1.792320708433787102e+00,-1.684000015258789062e+00,-1.268624067306518555e+00
1.904538105515872770e+00,-1.771000027656555176e+00,-9.695805872187894803e-01
3.850170131772756577e-02,-1.779999852180480957e+00,-7.166888862848281860e-01
-7.158611192703246973e-01,-1.713628694534301777e+00,-1.016997687816619811e+00
2.403466025988260757e+00,-1.771000027656555176e+00,-8.678372999032338830e-01
1.086602055064292083e+00,-1.625817554774301898e+00,-9.351822742687657675e-01
4.249622615484091037e-01,-1.684000015258789062e+00,-3.127613251025860297e-01
1.553992827733357673e+00,-1.684000015258789062e+00,-3.684286574522654401e-01
7.137528207057561858e-01,-1.713810245196024651e+00,-5.195998297287867107e-01
2.651145562147482870e+00,-1.684000015258789062e+00,-4.671548841855464596e-01
4.492516219615936279e-01,-1.779999852180480957e+00,-9.188267191251119348e-01
1.149671700265672447e+00,-1.712787046476646813e+00,-1.121326782085277474e+00
-4.384981989860534668e-01,-1.779999852180480957e+00,-6.191051155328750610e-01
2.362712796996621623e-01,-1.684000015258789062e+00,-1.320419774335973351e+00
2.402602984355046267e+00,-1.771000027656555176e+00,-9.689818437282855523e-01
1.522438691722022064e+00,-1.684000015258789062e+00,-1.319013244575924393e+00
2.150964942845431160e+00,-1.684000015258789062e+00,-4.158434833992611379e-01
2.133228568469776876e-01,-1.684000015258789062e+00,-3.181196784271913547e-01
3.049929828249335007e+00,-1.684000015258789062e+00,-6.682227038735311098e-01
-1.691619522041744705e+00,-1.684000015258789062e+00,-3.180373393827014561e-01
-1.204622073871333354e+00,-1.642725489488462198e+00,-8.673885486474851580e-01
-2.450062471722799451e+00,-1.647857011310637887e+00,-1.173624057618398497e+00
6.001273533877204969e-01,-1.684000015258789062e+00,-1.267718020607443430e+00
1.204152807593345642e+00,-1.643999881214565750e+00,-4.733970463275909424e-01
-1.950519353785413301e+00,-1.685036611049733235e+00,-3.178024666106447071e-01
-2.247393625123160099e+00,-1.644469205822263413e+00,-1.127934813499450684e+00
-9.928839348136834220e-01,-1.626739018289427241e+00,-9.354620874144708997e-01
-1.999982520937919617e-01,-1.779999852180480957e+00,-7.654807766278585168e-01
2.197312891483306885e+00,-1.771000027656555176e+00,-1.069705747067928314e+00
3.099839995468574472e+00,-1.684000015258789062e+00,-9.680198943239638476e-01
-9.600220659344467222e-01,-1.625503685486685335e+00,-8.180877113004321188e-01
1.204669325028435711e+00,-1.706737242765345774e+00,-7.179949572783405065e-01
-1.248290995135903358e-03,-1.779999852180480957e+00,-9.188267191251119348e-01
3.233261182904243469e-01,-1.684000015258789062e+00,-1.260224064191182380e+00
4.095016270875930786e-01,-1.779999852180480957e+00,-7.166888862848281860e-01
-3.152089872780968194e-01,-1.684000015258789062e+00,-1.319434018696055588e+00
2.749858773838389947e+00,-1.771000027656555176e+00,-1.018846928531473406e+00
-1.203236010339524986e+00,-1.643999881214565750e+00,-9.155502385563321077e-01
-1.761870741844177246e+00,-1.684000015258789062e+00,-3.950240910053253174e-01
4.492516219615936279e-01,-1.779999852180480957e+00,-9.676185995340347290e-01
1.869208812713623047e+00,-1.771000027656555176e+00,-1.127934813499450684e+00
3.132054917595603172e+00,-1.695249906669963558e+00,-6.804828898473219700e-01
9.711930884255303154e-01,-1.684000015258789062e+00,-1.319016151958041672e+00
-2.889553546905517578e+00,-1.647519867420196515e+00,-7.204607605934143510e-01
3.035016506910324097e-01,-1.779999852180480957e+00,-5.215213149785995483e-01
-9.546690542797212631e-01,-1.626835128257105190e+00,-4.749654378910184716e-01
-4.991056848974788629e-01,-1.684000015258789062e+00,-1.319105190389296522e+00
7.138656507576665033e-01,-1.713493541363746875e+00,-6.681016717226274659e-01
-1.002120643854141235e+00,-1.643999881214565750e+00,-9.600000083446502686e-01
3.099645887296095026e+00,-1.684000015258789062e+00,-9.183683332409269262e-01
-4.920175952069899550e-01,-1.684000015258789062e+00,-3.698284170206855292e-01
1.983316525816917419e+00,-2.493970036506652832e+00,-1.357152760028839111e+00
-2.496446165053740618e+00,-2.300309956073760986e+00,-6.558389460263045478e-01
4.247391521930694580e-01,-2.301120042800903320e+00,-2.550481855869293213e-01
-7.597620487213134766e-01,-2.300549983978271484e+00,-8.190203785896301714e-01
-2.313799869723436320e+00,-2.339790885041399537e+00,-6.712249735506569115e-01
3.184835072358449093e+00,-2.301120042800903320e+00,-8.178645406608228141e-01
1.200990479925404530e+00,-2.345000028610229492e+00,-1.009016951789026617e+00
-2.150686063018499627e+00,-2.296140647401996748e+00,-5.104035174145418186e-01
-1.691318511962890625e+00,-2.398560126622518052e+00,-3.950240910053253174e-01
-1.049026814342915337e+00,-2.296697408303447041e+00,-9.344799518585205078e-01
2.900334475333230522e+00,-2.301120042800903320e+00,-4.727925127535535510e-01
-4.974368380175696602e-01,-2.494195593727959626e+00,-1.356815457344055176e+00
-2.155755205731310742e+00,-2.494096672602547304e+00,-1.357110445801386955e+00
-2.204362487792968839e+00,-2.301120042800903320e+00,-1.226606559753417924e+00
-2.873990148305892944e+00,-2.301120042800903320e+00,-1.292378216981887817e+00
-1.299397663937674752e-01,-2.494195593727959626e+00,-1.356813510258992439e+00
1.797938672395852810e+00,-2.296689702914311404e+00,-4.577097147703170776e-01
1.649836818377176995e+00,-2.345000028610229492e+00,-7.166919072469075669e-01
2.501821227562733174e+00,-2.494126191506019108e+00,-1.356714965441288001e+00
1.708718776702880859e+00,-2.301120042800903320e+00,-1.368003964424133301e+00
-4.579412539800007953e-01,-2.296033382415771484e+00,-4.309078156948089600e-01
-1.205384993553161532e+00,-2.342460012435913175e+00,-8.177243161201477317e-01
5.960219502449035645e-01,-2.301120042800903320e+00,-1.228024005889892578e+00
1.533296853303909302e-01,-2.345000028610229492e+00,-7.180752754211425781e-01
3.045728902115321990e+00,-2.301120042800903320e+00,-8.679562754847447437e-01
-1.199954672293229496e+00,-2.296636364676735820e+00,-1.127934813499450684e+00
1.903327822685241699e+00,-2.301120042800903320e+00,-2.774002651373545514e-01
7.620574831962585449e-01,-2.300549983978271484e+00,-6.171301960945129172e-01
-2.452234161433888726e+00,-2.496000051498413086e+00,-9.212798709744838277e-01
1.960022459075781764e+00,-2.307537072469172834e+00,-1.127934813499450684e+00
4.424754083156585693e-01,-2.345000028610229492e+00,-7.180752754211425781e-01
2.852135123704609310e+00,-2.343013919027228109e+00,-1.085300326347351074e+00
2.600457921028137331e+00,-2.390000104904174805e+00,-8.172431731224060192e-01
-1.047509312629699707e+00,-2.301120042800903320e+00,-1.368018269538879395e+00
2.146736065546671401e+00,-2.390000104904174805e+00,-9.155669344796074638e-01
-3.027981112145969878e+00,-2.301120042800903320e+00,-1.147652390675667045e+00
7.493532697359720496e-01,-2.296033382415771484e+00,-4.309078156948089600e-01
4.424754083156585693e-01,-2.345000028610229492e+00,-5.209920167922973411e-01
3.001800895698608862e+00,-2.301120042800903320e+00,-1.068534652552296960e+00
-4.450684878975152969e-02,-2.345000028610229492e+00,-5.209920167922973411e-01
2.150691593394559842e+00,-2.390000104904174805e+00,-8.697072933701908148e-01
2.400341016905648495e+00,-2.390000104904174805e+00,-7.171829087393624125e-01
-7.597620487213134766e-01,-2.300549983978271484e+00,-5.690611124038695845e-01
7.620574831962585449e-01,-2.300549983978271484e+00,-5.209920167922973411e-01
1.204834437370300382e+00,-2.342460012435913175e+00,-8.177243161201477317e-01
1.189237713813781738e+00,-2.300549983978271484e+00,-5.690611124038695845e-01
1.189237713813781738e+00,-2.300549983978271484e+00,-7.709512829780578169e-01
3.539232313632965088e-01,-2.296693364779154312e+00,-4.129659533500671387e-01
-3.513497114181518555e-01,-2.301120042800903320e+00,-2.550481855869293213e-01
2.097821380083377374e+00,-2.388049611678490169e+00,-1.119471084613066436e+00
3.162226072528905974e+00,-2.301120042800903320e+00,-1.068165208373153430e+00
2.375573052300347099e-01,-2.494195593727959626e+00,-1.356811616155836342e+00
3.125520944595336914e+00,-2.301120042800903320e+00,-1.143633981545766121e+00
-7.746708989143371582e-01,-2.301120042800903320e+00,-2.550481855869293213e-01
-4.162299335002899170e-01,-2.301120042800903320e+00,-1.228024005889892578e+00
1.203539089152687369e+00,-2.341657902065076513e+00,-9.126757916651273561e-01
4.952927231788635254e-01,-2.301120042800903320e+00,-2.550481855869293213e-01
-7.041173577308654785e-01,-2.301120042800903320e+00,-2.550481855869293213e-01
-1.699800705909729093e+00,-2.345000028610229492e+00,-6.192021965980529785e-01
-7.597620487213134766e-01,-2.300549983978271484e+00,-9.163602739572525024e-01
2.977202870629050313e+00,-2.300824767893010936e+00,-1.294452901320023885e+00
-2.315999984741210938e+00,-2.296055704355239868e+00,-5.638867467641830444e-01
-5.467072725296020508e-01,-2.345000028610229492e+00,-5.209920167922973411e-01
1.065598845481872559e+00,-2.301120042800903320e+00,-1.368007183074951172e+00
-8.637607693672180176e-01,-2.301120042800903320e+00,-1.368017435073852539e+00
-5.467072725296020508e-01,-2.345000028610229492e+00,-8.646859973669052124e-01
2.998435457679520244e+00,-2.301093065857491293e+00,-5.261571019194847265e-01
-5.010526925325393677e-01,-2.345000028610229492e+00,-7.180752754211425781e-01
2.933202458678113356e+00,-2.301120042800903320e+00,-1.149824776899502021e+00
2.846265678405761612e+00,-2.301091799114061587e+00,-1.202048868096392997e+00
-2.048347605599297516e+00,-2.345000028610229492e+00,-9.194507466422187081e-01
-2.315999984741210938e+00,-2.296055704355239868e+00,-8.669094204902648704e-01
-2.299690695369944748e+00,-2.300164741628310416e+00,-1.362971439081079872e+00
1.148159384727478027e+00,-2.301120042800903320e+00,-1.228024005889892578e+00
3.169917797582537222e+00,-2.301120042800903320e+00,-7.590856494653980269e-01
2.346711984047523014e+00,-2.390000104904174805e+00,-9.180762217595026531e-01
-2.575615867972373962e-01,-2.345000028610229492e+00,-8.670894503593444824e-01
-2.072642087936401367e+00,-2.301120042800903320e+00,-1.228024005889892578e+00
-1.997853030761082893e+00,-2.339750031630198013e+00,-1.113220026095708137e+00
-4.960648864507675310e-02,-2.345000028610229492e+00,-9.688679933547973411e-01
2.148657321929931641e+00,-2.390000104904174805e+00,-1.019447857141494662e+00
1.698920813473788094e+00,-2.345000028610229492e+00,-5.192638208920304921e-01
2.149000666358254374e+00,-2.390000104904174805e+00,-7.180059877308931915e-01
6.572210656272040596e-01,-2.345000028610229492e+00,-5.231284234258863908e-01
-2.947566114950977756e+00,-2.300650880603716697e+00,-9.180980363100805786e-01
2.602363586425781250e+00,-2.301120042800903320e+00,-4.081170260906219482e-01
1.189237713813781738e+00,-2.301961090829637513e+00,-5.225943194495307198e-01
2.855153931847101312e+00,-2.390000104904174805e+00,-7.730496110795419540e-01
1.752654029263390534e+00,-2.345000028610229492e+00,-1.017024414406882293e+00
-1.621313333511352539e+00,-2.301120042800903320e+00,-2.550481855869293213e-01
2.247564574082692612e+00,-2.390000104904174805e+00,-6.201841980218887329e-01
4.119761586189270020e-01,-2.301120042800903320e+00,-1.228024005889892578e+00
2.268042087554931641e+00,-2.301120042800903320e+00,-3.456003069877624512e-01
-2.406367600847173716e+00,-2.300309956073760986e+00,-1.068621020074243866e+00
-1.950383171439170837e+00,-2.299090027809143066e+00,-4.370488077402114868e-01
-7.741392254829406738e-01,-2.398560126622518052e+00,-3.950240910053253174e-01
3.968208134174346924e-01,-2.345000028610229492e+00,-8.670894503593444824e-01
-8.494181434313455847e-01,-2.296693364779154312e+00,-4.129659533500671387e-01
2.000726883735047146e+00,-2.296511979910312640e+00,-4.825522830042074385e-01
-1.268005013465881348e+00,-2.398560126622518052e+00,-3.950240910053253174e-01
-1.601310054461161370e+00,-2.296777778201632980e+00,-1.127934813499450684e+00
4.680231958627700806e-02,-2.345000028610229492e+00,-7.709512829780578169e-01
3.484130842345101731e-01,-2.345000028610229492e+00,-1.014420730727059405e+00
1.483042240142822266e+00,-2.301120042800903320e+00,-2.550481855869293213e-01
-1.500569899876912361e+00,-2.338777807023790345e+00,-1.116898735364278084e+00
1.051189276907179115e+00,-2.338777807023790345e+00,-1.116898735364278084e+00
-2.642632477319062811e+00,-2.496000051498413086e+00,-9.080425331841653902e-01
1.792319655418395996e+00,-2.301120042800903320e+00,-1.228024005889892578e+00
2.400669831496018425e+00,-2.390000104904174805e+00,-9.687450115497295844e-01
-1.697469313939412361e+00,-2.345000028610229492e+00,-9.162463545799255371e-01
2.504789793491363437e+00,-2.385600042343139826e+00,-5.608245342969894187e-01
1.412488698959350586e+00,-2.301120042800903320e+00,-2.550481855869293213e-01
3.015830214061434145e+00,-2.301120042800903320e+00,-7.631483298760873835e-01
-4.450684878975152969e-02,-2.345000028610229492e+00,-6.171301960945129172e-01
-2.447603531247359854e+00,-2.496000051498413086e+00,-1.017066211120124519e+00
-1.647635668516159058e+00,-2.345000028610229492e+00,-5.202145315706729889e-01
1.605848550796508789e+00,-2.341385739190237736e+00,-1.115847672734941787e+00
-2.549766983054265079e+00,-2.300309956073760986e+00,-1.181093038004987328e+00
3.179868369286762864e+00,-2.301120042800903320e+00,-1.011764623836618693e+00
-1.152413129806518555e+00,-2.301120042800903320e+00,-1.228024005889892578e+00
1.298133704397413490e+00,-2.338777807023790345e+00,-1.116898735364278084e+00
-8.506242632865905762e-01,-2.338700032234191983e+00,-1.117266595363616943e+00
-2.206408679485321045e-01,-2.301120042800903320e+00,-1.368014097213745117e+00
1.332205176353454590e+00,-2.301120042800903320e+00,-1.228024005889892578e+00
7.800677418708801270e-01,-2.301120042800903320e+00,-1.228024005889892578e+00
-2.575615867972373962e-01,-2.345000028610229492e+00,-7.180752754211425781e-01
7.620574831962585449e-01,-2.300549983978271484e+00,-7.709512829780578169e-01
5.514011979103088379e-01,-2.338000032636854186e+00,-1.116898735364278084e+00
-2.850091726079632348e+00,-2.301120042800903320e+00,-5.054429537392292060e-01
1.976365447044372559e+00,-2.301120042800903320e+00,-1.228024005889892578e+00
8.013034760951995850e-01,-2.338437527418136597e+00,-1.115519225597381592e+00
1.496124804019927979e+00,-2.305175006389617920e+00,-1.127934813499450684e+00
1.756122055980894325e+00,-2.345000028610229492e+00,-9.150999801026450386e-01
-2.894481104053185039e+00,-2.301120042800903320e+00,-5.302472397714793617e-01
2.654788897587702756e+00,-2.493501571508554449e+00,-5.531120804639962918e-01
-2.502093601226806463e+00,-2.301120042800903320e+00,-1.215975594520568803e+00
1.056164522965749031e+00,-2.296693364779154312e+00,-4.129659533500671387e-01
1.000905037790104979e+00,-2.343895673751831055e+00,-9.639929213385650675e-01
6.981018185615539551e-01,-2.301120042800903320e+00,-1.368009209632873535e+00
-1.050559322039286370e+00,-2.296693364779154312e+00,-4.129659533500671387e-01
-1.698904624691715881e+00,-2.345000028610229492e+00,-1.028244197368621826e+00
-4.213779568672180176e-01,-2.398560126622518052e+00,-3.950240910053253174e-01
2.200767776701185507e+00,-2.388597677372120032e+00,-1.116552978091769788e+00
-2.443688688837752032e+00,-2.496000051498413086e+00,-8.134995156100818248e-01
-1.999486317237218147e+00,-2.345000028610229492e+00,-7.678048710028330115e-01
-2.575615867972373962e-01,-2.345000028610229492e+00,-5.209920167922973411e-01
-1.400424638619789608e+00,-2.345000028610229492e+00,-1.011843640070695161e+00
2.446450982775007166e+00,-2.390000104904174805e+00,-7.668902959142412934e-01
1.050498470942840212e+00,-2.296315067275398025e+00,-9.344799518585205078e-01
3.968208134174346924e-01,-2.345000028610229492e+00,-9.151585459709167258e-01
1.483532786369323730e+00,-2.398560126622518052e+00,-3.950240910053253174e-01
9.894466307014226913e-02,-2.339750021696090698e+00,-1.119657725095748901e+00
2.850354020030761326e+00,-2.301090675495416793e+00,-4.562106952744841015e-01
-1.012181060181723685e-01,-2.338777807023790345e+00,-1.116898735364278084e+00
-3.488707542419433594e-01,-2.345000028610229492e+00,-9.151585459709167258e-01
1.190923362970352173e+00,-2.297025024890899658e+00,-1.127934813499450684e+00
-1.152802959084510803e+00,-2.338875025510787964e+00,-1.117818385362625122e+00
-2.702444516950183395e+00,-2.496000051498413086e+00,-8.214910883042547685e-01
2.600271983146667409e+00,-2.390000104904174805e+00,-9.171746945381165084e-01
-1.798909056186676070e+00,-2.296350002288818359e+00,-1.127934813499450684e+00
1.608273983001708984e+00,-2.301120042800903320e+00,-1.228024005889892578e+00
2.146470705668131362e+00,-2.301120042800903320e+00,-3.228669663270314349e-01
-6.002757549285888672e-01,-2.301120042800903320e+00,-1.228024005889892578e+00
-1.205384993553161532e+00,-2.342460012435913175e+00,-5.677650547027588424e-01
2.942514653097499711e+00,-2.296749800443649292e+00,-7.136557313528928415e-01
-7.491002281506856653e-01,-2.296388891008165345e+00,-1.127934813499450684e+00
1.533296853303909302e-01,-2.345000028610229492e+00,-6.171301960945129172e-01
-1.201169766485691071e+00,-2.341031253337860107e+00,-9.097310192883014679e-01
-2.496830582618713379e+00,-2.301120042800903320e+00,-5.588673055171966553e-01
-1.189028859138488770e+00,-2.300549983978271484e+00,-7.709512829780578169e-01
1.259496280125209200e+00,-2.297137192317417753e+00,-4.155290765421731369e-01
-2.452527324358622085e+00,-2.301120042800903320e+00,-1.357514162858327156e+00
-1.701754291852315193e+00,-2.345000028610229492e+00,-8.718429936303032646e-01
5.577237776347568898e-01,-2.297137192317417753e+00,-4.155290765421731369e-01
1.359074711799621582e-01,-2.301120042800903320e+00,-1.228024005889892578e+00
-6.330347061157226562e-01,-2.398560126622518052e+00,-3.950240910053253174e-01
2.293500471115112127e+00,-2.390000104904174805e+00,-9.722164750099182573e-01
3.030367733252168794e+00,-2.301120042800903320e+00,-1.007773072430581784e+00
-1.268545627593994141e+00,-2.301120042800903320e+00,-2.550481855869293213e-01
1.203967950962207878e+00,-2.342177788416544448e+00,-7.195217388647573431e-01
-2.900362807311778202e+00,-2.301120042800903320e+00,-1.275807862617189370e+00
-7.036512408937726226e-01,-2.297137192317417753e+00,-4.155290765421731369e-01
-4.450684878975152969e-02,-2.345000028610229492e+00,-8.670894503593444824e-01
-7.597620487213134766e-01,-2.300549983978271484e+00,-6.651992917060851607e-01
7.074580788612365723e-01,-2.398560126622518052e+00,-3.950240910053253174e-01
2.812974970340728742e+00,-2.345274429321289045e+00,-9.705144212643305179e-01
-1.296836773554484123e+00,-2.298333326975504409e+00,-1.127934813499450684e+00
-2.699907420594015228e+00,-2.496000051498413086e+00,-1.021157942436359489e+00
3.059871851888477323e+00,-1.748959978421529060e+00,-1.227586948209338669e+00
3.108501843366577866e+00,-1.895120024681091309e+00,-1.169039673338192475e+00
3.139533808628717892e+00,-1.797679980595906502e+00,-1.118303605516751675e+00
3.173135199408600116e+00,-1.748959978421529060e+00,-1.036992628505264413e+00
3.047294707848185791e+00,-1.895120024681091309e+00,-9.180816829110397537e-01
3.045730456756282845e+00,-1.748959978421529060e+00,-8.679834049995814871e-01
3.169920819053233085e+00,-1.895120024681091309e+00,-7.590999429017468714e-01
3.119095315410115088e+00,-1.895120024681091309e+00,-6.522051639194730299e-01
3.049885948830180826e+00,-1.895120024681091309e+00,-5.688934536443815970e-01
3.059855311916720666e+00,-2.089999993642171372e+00,-1.227608729434269685e+00
3.108512919096020344e+00,-1.943839947382609123e+00,-1.169023980649914973e+00
3.045614520885411292e+00,-2.043063989870107733e+00,-1.072975551375774383e+00
3.049206331524672464e+00,-2.141798205867139870e+00,-9.683519867721455121e-01
3.047293553420152623e+00,-1.992559989293416267e+00,-9.181009730644889011e-01
3.045725555673638230e+00,-2.089999993642171372e+00,-8.679149338337177610e-01
3.042743883153762319e+00,-2.043364965577231018e+00,-7.217987832789338754e-01
3.119040060646926182e+00,-2.138719956080118667e+00,-6.521186149573023894e-01
3.049941703346040534e+00,-1.943839947382609123e+00,-5.689464523560471276e-01
3.059814071043943873e+00,-2.301120042800903320e+00,-1.227646780319702868e+00
3.108496881131106004e+00,-2.252399841944376480e+00,-1.169041440734323478e+00
3.139595342576503967e+00,-2.195559978485107422e+00,-1.118186330497264791e+00
3.173181952341743273e+00,-2.195559978485107422e+00,-1.036837870012158991e+00
3.047290300798116025e+00,-2.398560126622518052e+00,-9.180376831465547616e-01
3.045714422921153908e+00,-2.398560126622518052e+00,-8.678572813855525148e-01
3.169911471280184578e+00,-2.349840084711710464e+00,-7.590665610368586558e-01
3.119027167181425586e+00,-2.195559978485107422e+00,-6.520984203000611545e-01
3.049962398740980518e+00,-2.398560126622518052e+00,-5.689682328866587646e-01
3.046909617421485361e+00,-2.495041497313881695e+00,-1.214963774269744778e+00
3.049797832302758582e+00,-2.496000051498413086e+00,-1.167966706127996579e+00
3.049803035396220885e+00,-2.496000051498413086e+00,-1.067873620437651105e+00
3.050753592947970994e+00,-2.495361856847833071e+00,-1.018756934932102398e+00
3.047289617781369309e+00,-2.447280009587605942e+00,-9.180440745263729330e-01
3.045714639800360057e+00,-2.447280009587605942e+00,-8.678636455275930972e-01
3.049800711622197014e+00,-2.495799671252454388e+00,-7.680030348995323664e-01
3.049723294116271965e+00,-2.496000051498413086e+00,-7.179876889361135328e-01
3.049862134192880880e+00,-2.495964625870635611e+00,-6.181488974735572794e-01
-2.984788043599298391e+00,-1.846400022506713867e+00,-1.203626559390219342e+00
-3.028051696271977899e+00,-1.797679980595906502e+00,-1.147544407436990266e+00
-3.076503478913080070e+00,-1.895120024681091309e+00,-1.047564740408034600e+00
-3.095253813245040231e+00,-1.748959978421529060e+00,-9.679477401552738502e-01
-3.099546874645226158e+00,-1.895120024681091309e+00,-9.179322696522455027e-01
-3.098186245768061564e+00,-1.748959978421529060e+00,-8.679962447493068112e-01
-3.080569298706244297e+00,-1.797679980595906502e+00,-7.755242719579098498e-01
-3.058405663569768063e+00,-1.748959978421529060e+00,-7.179317583640416611e-01
-2.995285744105650405e+00,-1.895144227364734757e+00,-6.188776427338624764e-01
-2.984757833755933287e+00,-2.138719956080118667e+00,-1.203657279029870741e+00
-3.027987736463546575e+00,-1.943839947382609123e+00,-1.147642526030540511e+00
-3.076540245328630796e+00,-2.138719956080118667e+00,-1.047457363491966609e+00
-3.095232668687302624e+00,-2.138719956080118667e+00,-9.680966567689169855e-01
-3.099541664996863233e+00,-2.041280031204223633e+00,-9.180288677250508789e-01
-3.098185141012751220e+00,-2.138719956080118667e+00,-8.679982894973893304e-01
-3.080553788450819841e+00,-1.943839947382609123e+00,-7.754732324412806355e-01
-3.058379242817560684e+00,-1.943839947382609123e+00,-7.178739903370539022e-01
-2.995305264989534866e+00,-1.943839947382609123e+00,-6.189024407593977095e-01
-2.984812265787369245e+00,-2.398560126622518052e+00,-1.203596654610756156e+00
-3.028003028315356726e+00,-2.398560126622518052e+00,-1.147618045154799704e+00
-3.076557402383713669e+00,-2.252399841944376480e+00,-1.047407254718598857e+00
-3.095245261009925031e+00,-2.398560126622518052e+00,-9.680049519286998416e-01
-3.099542676195035984e+00,-2.398560126622518052e+00,-9.180433154106140137e-01
-3.098194998262566280e+00,-2.301120042800903320e+00,-8.680888984229538918e-01
-3.080531451961781908e+00,-2.398600324545756557e+00,-7.754037716601154262e-01
-3.058392061038958332e+00,-2.398587283880814436e+00,-7.178966317288453247e-01
-2.995347839299873360e+00,-2.195559978485107422e+00,-6.189480033690619720e-01
-2.984822474229030131e+00,-2.447280009587605942e+00,-1.203585287317251451e+00
-3.028013985381166950e+00,-2.447280009587605942e+00,-1.147600872903807634e+00
-3.076516959402296081e+00,-2.479759931564331055e+00,-1.047525369458728317e+00
-3.095247623481820032e+00,-2.447280009587605942e+00,-9.679877573458006701e-01
-3.099542982231406896e+00,-2.447280009587605942e+00,-9.180257705693745107e-01
-3.098189686680888233e+00,-2.447280009587605942e+00,-8.680368145525236834e-01
-3.080540469252032842e+00,-2.447280009587605942e+00,-7.754359508738105644e-01
-3.058421501318613789e+00,-2.447280009587605942e+00,-7.179652534921964202e-01
-2.995287787219333975e+00,-2.447280009587605942e+00,-6.188783678595082272e-01
3.023159653532738744e+00,-1.797679980595906502e+00,-5.446732464958640163e-01
3.023086398255591334e+00,-1.895120024681091309e+00,-5.446120547313316740e-01
3.023090169979975705e+00,-1.944152254324692963e+00,-5.446151735690923923e-01
3.023154947492811218e+00,-2.041280031204223633e+00,-5.446692208449045447e-01
3.023154947492811218e+00,-2.195559978485107422e+00,-5.446692208449045447e-01
3.023154947492811218e+00,-2.398560126622518052e+00,-5.446692208449045447e-01
3.023191883878888042e+00,-2.446973593729846908e+00,-5.446997217412264947e-01
2.900233721733093351e+00,-1.797679980595906502e+00,-4.727533356139534404e-01
2.900202135454144514e+00,-1.895120024681091309e+00,-4.727403779301727060e-01
2.900170550011751835e+00,-1.992559989293416267e+00,-4.727274201418223964e-01
2.900138963314524698e+00,-2.089999993642171372e+00,-4.727144624057568745e-01
2.900350451887699688e+00,-2.252399841944376480e+00,-4.727985276464830577e-01
2.900302524733961551e+00,-2.398560126622518052e+00,-4.727804828631250733e-01
2.900286548179492829e+00,-2.447280009587605942e+00,-4.727744680224803542e-01
2.819551951176411553e+00,-1.797679980595906502e+00,-4.488059244714341922e-01
2.819508964950974139e+00,-1.895120024681091309e+00,-4.487972353492771238e-01
2.819465983021366640e+00,-1.992559989293416267e+00,-4.487885462271200554e-01
2.819401506905083288e+00,-2.138719956080118667e+00,-4.487755126781291515e-01
2.819351361678527290e+00,-2.252399841944376480e+00,-4.487653753241976906e-01
2.819435862313329544e+00,-2.301263760676426351e+00,-4.487823102853994439e-01
2.819483976615102527e+00,-2.447280009587605942e+00,-4.487919650579753617e-01
2.650123664311000216e+00,-1.795359969139099121e+00,-4.170479859624590113e-01
2.653018236160278320e+00,-1.895120024681091309e+00,-4.175892571608225690e-01
2.653018236160278320e+00,-1.992559989293416267e+00,-4.175892571608225690e-01
2.653018236160278320e+00,-2.138719956080118667e+00,-4.175892571608225690e-01
2.653018236160278320e+00,-2.252399841944376480e+00,-4.175892571608225690e-01
2.653018236160278320e+00,-2.349840084711710464e+00,-4.175892571608225690e-01
2.653018236160278320e+00,-2.447280009587605942e+00,-4.175892571608225690e-01
2.551708698272705078e+00,-1.748959978421529060e+00,-3.986447950204213275e-01
2.551708698272705078e+00,-1.895120024681091309e+00,-3.986447950204213275e-01
2.551708698272705078e+00,-1.992559989293416267e+00,-3.986447950204213275e-01
2.551708698272705078e+00,-2.041280031204223633e+00,-3.986447950204213275e-01
2.551708698272705078e+00,-2.252399841944376480e+00,-3.986447950204213275e-01
2.551708698272705078e+00,-2.398560126622518052e+00,-3.986447950204213275e-01
2.551708698272705078e+00,-2.447280009587605942e+00,-3.986447950204213275e-01
2.450399239857991684e+00,-1.797679980595906502e+00,-3.797003428141276227e-01
2.450399239857991684e+00,-1.846400022506713867e+00,-3.797003428141276227e-01
2.447866499423980713e+00,-1.941809952259063721e+00,-3.792267329990863800e-01
2.401770687103271573e+00,-2.044528007507324219e+00,-3.706070005893707386e-01
2.450399239857991684e+00,-2.252399841944376480e+00,-3.797003428141276227e-01
2.450399239857991684e+00,-2.301120042800903320e+00,-3.797003428141276227e-01
2.450399239857991684e+00,-2.447280009587605942e+00,-3.797003428141276227e-01
2.298434853553771973e+00,-1.797679980595906502e+00,-3.512836694717407227e-01
2.298434853553771973e+00,-1.895120024681091309e+00,-3.512836694717407227e-01
2.298434853553771973e+00,-1.943839947382609123e+00,-3.512836694717407227e-01
2.298434853553771973e+00,-2.041280031204223633e+00,-3.512836694717407227e-01
2.298434853553771973e+00,-2.252399841944376480e+00,-3.512836694717407227e-01
2.298434853553771973e+00,-2.349840084711710464e+00,-3.512836694717407227e-01
2.298434853553771973e+00,-2.447280009587605942e+00,-3.512836694717407227e-01
2.197125315666198730e+00,-1.748959978421529060e+00,-3.323391973972320557e-01
2.197125315666198730e+00,-1.895120024681091309e+00,-3.323391973972320557e-01
2.197125315666198730e+00,-1.943839947382609123e+00,-3.323391973972320557e-01
2.197125315666198730e+00,-2.138719956080118667e+00,-3.323391973972320557e-01
2.197125315666198730e+00,-2.252399841944376480e+00,-3.323391973972320557e-01
2.197125315666198730e+00,-2.398560126622518052e+00,-3.323391973972320557e-01
2.197125315666198730e+00,-2.447280009587605942e+00,-3.323391973972320557e-01
2.055292129516601562e+00,-1.748959978421529060e+00,-3.058169484138488770e-01
2.055292129516601562e+00,-1.895120024681091309e+00,-3.058169484138488770e-01
2.055292129516601562e+00,-1.992559989293416267e+00,-3.058169484138488770e-01
2.055292129516601562e+00,-2.041280031204223633e+00,-3.058169484138488770e-01
2.055292129516601562e+00,-2.195559978485107422e+00,-3.058169484138488770e-01
2.055292129516601562e+00,-2.398560126622518052e+00,-3.058169484138488770e-01
2.055292129516601562e+00,-2.447280009587605942e+00,-3.058169484138488770e-01
1.953982591629028320e+00,-1.748959978421529060e+00,-2.868725061416625977e-01
1.953982591629028320e+00,-1.846400022506713867e+00,-2.868725061416625977e-01
1.953982591629028320e+00,-1.992559989293416267e+00,-2.868725061416625977e-01
1.953982591629028320e+00,-2.138719956080118667e+00,-2.868725061416625977e-01
1.953982591629028320e+00,-2.252399841944376480e+00,-2.868725061416625977e-01
1.951956415176391513e+00,-2.346592092514037997e+00,-2.864936172962188610e-01
1.953982591629028320e+00,-2.447280009587605942e+00,-2.868725061416625977e-01
1.852673113346099854e+00,-1.797679980595906502e+00,-2.679280340671539307e-01
1.852673113346099854e+00,-1.846400022506713867e+00,-2.679280340671539307e-01
1.852673113346099854e+00,-1.943839947382609123e+00,-2.679280340671539307e-01
1.852673113346099854e+00,-2.089999993642171372e+00,-2.679280340671539307e-01
1.852673113346099854e+00,-2.195559978485107422e+00,-2.679280340671539307e-01
1.852673113346099854e+00,-2.398560126622518052e+00,-2.679280340671539307e-01
1.852673113346099854e+00,-2.443220019340515137e+00,-2.679280340671539307e-01
1.694702744483947754e+00,-1.797679980595906502e+00,-2.550481855869293213e-01
1.694702744483947754e+00,-1.846400022506713867e+00,-2.550481855869293213e-01
1.694702744483947754e+00,-1.943839947382609123e+00,-2.550481855869293213e-01
1.694702744483947754e+00,-2.041280031204223633e+00,-2.550481855869293213e-01
1.694702744483947754e+00,-2.195559978485107422e+00,-2.550481855869293213e-01
1.694702744483947754e+00,-2.349840084711710464e+00,-2.550481855869293213e-01
1.694702744483947754e+00,-2.447280009587605942e+00,-2.550481855869293213e-01
1.624149322509765625e+00,-1.748959978421529060e+00,-2.550481855869293213e-01
1.624149322509765625e+00,-1.846400022506713867e+00,-2.550481855869293213e-01
1.624149322509765625e+00,-1.943839947382609123e+00,-2.550481855869293213e-01
1.624149322509765625e+00,-2.041280031204223633e+00,-2.550481855869293213e-01
1.624149322509765625e+00,-2.195559978485107422e+00,-2.550481855869293213e-01
1.624149322509765625e+00,-2.398560126622518052e+00,-2.550481855869293213e-01
1.624149322509765625e+00,-2.447280009587605942e+00,-2.550481855869293213e-01
1.553595662117004395e+00,-1.797679980595906502e+00,-2.550481855869293213e-01
1.553595662117004395e+00,-1.895120024681091309e+00,-2.550481855869293213e-01
1.483042240142822266e+00,-1.992559989293416267e+00,-2.550481855869293213e-01
1.483042240142822266e+00,-2.138719956080118667e+00,-2.550481855869293213e-01
1.553595662117004395e+00,-2.195559978485107422e+00,-2.550481855869293213e-01
1.553595662117004395e+00,-2.349840084711710464e+00,-2.550481855869293213e-01
1.553595662117004395e+00,-2.447280009587605942e+00,-2.550481855869293213e-01
1.412488698959350586e+00,-1.797679980595906502e+00,-2.550481855869293213e-01
1.412488698959350586e+00,-1.895120024681091309e+00,-2.550481855869293213e-01
1.341935157775878906e+00,-1.943839947382609123e+00,-2.550481855869293213e-01
1.341935157775878906e+00,-2.089999993642171372e+00,-2.550481855869293213e-01
1.341935157775878906e+00,-2.252399841944376480e+00,-2.550481855869293213e-01
1.341935157775878906e+00,-2.447280009587605942e+00,-2.550481855869293213e-01
1.200828075408935547e+00,-1.748959978421529060e+00,-2.550481855869293213e-01
1.271381616592407227e+00,-1.846400022506713867e+00,-2.550481855869293213e-01
1.271381616592407227e+00,-1.943839947382609123e+00,-2.550481855869293213e-01
1.200828075408935547e+00,-2.041280031204223633e+00,-2.550481855869293213e-01
1.271381616592407227e+00,-2.195559978485107422e+00,-2.550481855869293213e-01
1.200828075408935547e+00,-2.301120042800903320e+00,-2.550481855869293213e-01
1.271381616592407227e+00,-2.447280009587605942e+00,-2.550481855869293213e-01
1.130274534225463867e+00,-1.797679980595906502e+00,-2.550481855869293213e-01
1.130274534225463867e+00,-1.895120024681091309e+00,-2.550481855869293213e-01
1.130274534225463867e+00,-1.943839947382609123e+00,-2.550481855869293213e-01
1.130274534225463867e+00,-2.138719956080118667e+00,-2.550481855869293213e-01
1.130274534225463867e+00,-2.195559978485107422e+00,-2.550481855869293213e-01
1.130274534225463867e+00,-2.398560126622518052e+00,-2.550481855869293213e-01
1.130274534225463867e+00,-2.447280009587605942e+00,-2.550481855869293213e-01
9.891674518585205078e-01,-1.748959978421529060e+00,-2.550481855869293213e-01
9.891674518585205078e-01,-1.838280022144317627e+00,-2.550481855869293213e-01
9.891674518585205078e-01,-1.943839947382609123e+00,-2.550481855869293213e-01
1.059720993041992188e+00,-2.138719956080118667e+00,-2.550481855869293213e-01
1.059720993041992188e+00,-2.195559978485107422e+00,-2.550481855869293213e-01
1.059720993041992188e+00,-2.301120042800903320e+00,-2.550481855869293213e-01
1.059720993041992188e+00,-2.447280009587605942e+00,-2.550481855869293213e-01
8.480603694915771484e-01,-1.797679980595906502e+00,-2.550481855869293213e-01
9.186139702796936035e-01,-1.846400022506713867e+00,-2.550481855869293213e-01
8.480603694915771484e-01,-1.992559989293416267e+00,-2.550481855869293213e-01
9.186139702796936035e-01,-2.041280031204223633e+00,-2.550481855869293213e-01
8.480603694915771484e-01,-2.252399841944376480e+00,-2.550481855869293213e-01
9.186139702796936035e-01,-2.349840084711710464e+00,-2.550481855869293213e-01
8.480603694915771484e-01,-2.447280009587605942e+00,-2.550481855869293213e-01
7.775068283081054688e-01,-1.797679980595906502e+00,-2.550481855869293213e-01
7.775068283081054688e-01,-1.887000024318695068e+00,-2.550481855869293213e-01
7.775068283081054688e-01,-1.992559989293416267e+00,-2.550481855869293213e-01
7.775068283081054688e-01,-2.041280031204223633e+00,-2.550481855869293213e-01
7.775068283081054688e-01,-2.195559978485107422e+00,-2.550481855869293213e-01
7.775068283081054688e-01,-2.301120042800903320e+00,-2.550481855869293213e-01
7.775068283081054688e-01,-2.447280009587605942e+00,-2.550481855869293213e-01
7.069532871246337891e-01,-1.748959978421529060e+00,-2.550481855869293213e-01
6.363998055458068848e-01,-1.846400022506713867e+00,-2.550481855869293213e-01
6.363998055458068848e-01,-1.992559989293416267e+00,-2.550481855869293213e-01
7.069532871246337891e-01,-2.138719956080118667e+00,-2.550481855869293213e-01
6.363998055458068848e-01,-2.195559978485107422e+00,-2.550481855869293213e-01
7.069532871246337891e-01,-2.349840084711710464e+00,-2.550481855869293213e-01
6.363998055458068848e-01,-2.447280009587605942e+00,-2.550481855869293213e-01
5.658462643623352051e-01,-1.748959978421529060e+00,-2.550481855869293213e-01
4.952927231788635254e-01,-1.895120024681091309e+00,-2.550481855869293213e-01
5.658462643623352051e-01,-1.992559989293416267e+00,-2.550481855869293213e-01
5.658462643623352051e-01,-2.089999993642171372e+00,-2.550481855869293213e-01
5.658462643623352051e-01,-2.195559978485107422e+00,-2.550481855869293213e-01
4.952927231788635254e-01,-2.349840084711710464e+00,-2.550481855869293213e-01
5.658462643623352051e-01,-2.447280009587605942e+00,-2.550481855869293213e-01
4.247391521930694580e-01,-1.797679980595906502e+00,-2.550481855869293213e-01
4.247391521930694580e-01,-1.895120024681091309e+00,-2.550481855869293213e-01
4.247391521930694580e-01,-1.992559969425201416e+00,-2.550481855869293213e-01
4.247391521930694580e-01,-2.041280031204223633e+00,-2.550481855869293213e-01
4.247391521930694580e-01,-2.195559978485107422e+00,-2.550481855869293213e-01
4.247391521930694580e-01,-2.447280009587605942e+00,-2.550481855869293213e-01
2.836320996284484863e-01,-1.797679980595906502e+00,-2.550481855869293213e-01
3.541856408119201660e-01,-1.846400022506713867e+00,-2.550481855869293213e-01
3.541856408119201660e-01,-1.984439969062805176e+00,-2.550481855869293213e-01
2.836320996284484863e-01,-2.138719956080118667e+00,-2.550481855869293213e-01
2.836320996284484863e-01,-2.252399841944376480e+00,-2.550481855869293213e-01
3.541856408119201660e-01,-2.349840084711710464e+00,-2.550481855869293213e-01
3.541856408119201660e-01,-2.447280009587605942e+00,-2.550481855869293213e-01
1.425250470638275146e-01,-1.748959978421529060e+00,-2.550481855869293213e-01
1.425250470638275146e-01,-1.846400022506713867e+00,-2.550481855869293213e-01
2.130785733461380005e-01,-1.992559989293416267e+00,-2.550481855869293213e-01
2.130785733461380005e-01,-2.138719956080118667e+00,-2.550481855869293213e-01
1.425250470638275146e-01,-2.195559978485107422e+00,-2.550481855869293213e-01
2.130785733461380005e-01,-2.349840084711710464e+00,-2.550481855869293213e-01
1.425250470638275146e-01,-2.447280009587605942e+00,-2.550481855869293213e-01
1.417969004251062870e-03,-1.748959978421529060e+00,-2.550481855869293213e-01
1.417969004251062870e-03,-1.846400022506713867e+00,-2.550481855869293213e-01
1.417969004251062870e-03,-1.943839947382609123e+00,-2.550481855869293213e-01
7.197150588035583496e-02,-2.138719956080118667e+00,-2.550481855869293213e-01
1.417969004251062870e-03,-2.252399841944376480e+00,-2.550481855869293213e-01
1.417969004251062870e-03,-2.349840084711710464e+00,-2.550481855869293213e-01
1.417969004251062870e-03,-2.447280009587605942e+00,-2.550481855869293213e-01
-6.913556903600692749e-02,-1.748959978421529060e+00,-2.550481855869293213e-01
-6.913556903600692749e-02,-1.846400022506713867e+00,-2.550481855869293213e-01
-6.913556903600692749e-02,-1.992559989293416267e+00,-2.550481855869293213e-01
-6.913556903600692749e-02,-2.041280031204223633e+00,-2.550481855869293213e-01
-6.913556903600692749e-02,-2.252399841944376480e+00,-2.550481855869293213e-01
-6.913556903600692749e-02,-2.301120042800903320e+00,-2.550481855869293213e-01
-6.913556903600692749e-02,-2.447280009587605942e+00,-2.550481855869293213e-01
-2.102426290512084961e-01,-1.797679980595906502e+00,-2.550481855869293213e-01
-2.102426290512084961e-01,-1.895120024681091309e+00,-2.550481855869293213e-01
-2.102426290512084961e-01,-1.992559989293416267e+00,-2.550481855869293213e-01
-2.102426290512084961e-01,-2.089999993642171372e+00,-2.550481855869293213e-01
-1.396891027688980103e-01,-2.252399841944376480e+00,-2.550481855869293213e-01
-1.396891027688980103e-01,-2.398560126622518052e+00,-2.550481855869293213e-01
-2.102426290512084961e-01,-2.447280009587605942e+00,-2.550481855869293213e-01
-3.513497114181518555e-01,-1.797679980595906502e+00,-2.550481855869293213e-01
-3.513497114181518555e-01,-1.895120024681091309e+00,-2.550481855869293213e-01
-2.807961702346801758e-01,-1.992559989293416267e+00,-2.550481855869293213e-01
-2.807961702346801758e-01,-2.130599975585937500e+00,-2.550481855869293213e-01
-3.513497114181518555e-01,-2.203679958979288589e+00,-2.550481855869293213e-01
-3.513497114181518555e-01,-2.447280009587605942e+00,-2.550481855869293213e-01
-4.219032227993011475e-01,-1.797679980595906502e+00,-2.550481855869293213e-01
-4.219032227993011475e-01,-1.895120024681091309e+00,-2.550481855869293213e-01
-4.219032227993011475e-01,-1.992559989293416267e+00,-2.550481855869293213e-01
-4.219032227993011475e-01,-2.138719956080118667e+00,-2.550481855869293213e-01
-4.219032227993011475e-01,-2.198266665140787612e+00,-2.550481855869293213e-01
-4.219032227993011475e-01,-2.301120042800903320e+00,-2.550481855869293213e-01
-4.219032227993011475e-01,-2.447280009587605942e+00,-2.550481855869293213e-01
-5.630103349685668945e-01,-1.797679980595906502e+00,-2.550481855869293213e-01
-5.630103349685668945e-01,-1.846400022506713867e+00,-2.550481855869293213e-01
-5.630103349685668945e-01,-1.992559989293416267e+00,-2.550481855869293213e-01
-4.924567937850952148e-01,-2.089999993642171372e+00,-2.550481855869293213e-01
-4.924567937850952148e-01,-2.192853291829427231e+00,-2.550481855869293213e-01
-4.924567937850952148e-01,-2.398560126622518052e+00,-2.550481855869293213e-01
-4.924567937850952148e-01,-2.447280009587605942e+00,-2.550481855869293213e-01
-6.335638165473937988e-01,-1.797679980595906502e+00,-2.550481855869293213e-01
-7.041173577308654785e-01,-1.846400022506713867e+00,-2.550481855869293213e-01
-7.041173577308654785e-01,-1.992559989293416267e+00,-2.550481855869293213e-01
-6.335638165473937988e-01,-2.089999993642171372e+00,-2.550481855869293213e-01
-7.041173577308654785e-01,-2.195559978485107422e+00,-2.550481855869293213e-01
-7.041173577308654785e-01,-2.398560126622518052e+00,-2.550481855869293213e-01
-6.335638165473937988e-01,-2.447280009587605942e+00,-2.550481855869293213e-01
-7.746708989143371582e-01,-1.797679980595906502e+00,-2.550481855869293213e-01
-7.746708989143371582e-01,-1.846400022506713867e+00,-2.550481855869293213e-01
-7.746708989143371582e-01,-1.943839947382609123e+00,-2.550481855869293213e-01
-7.746708989143371582e-01,-2.138719956080118667e+00,-2.550481855869293213e-01
-7.746708989143371582e-01,-2.195559978485107422e+00,-2.550481855869293213e-01
-7.746708989143371582e-01,-2.349840084711710464e+00,-2.550481855869293213e-01
-7.746708989143371582e-01,-2.447280009587605942e+00,-2.550481855869293213e-01
-9.157780408859252930e-01,-1.748959978421529060e+00,-2.550481855869293213e-01
-9.157780408859252930e-01,-1.895120024681091309e+00,-2.550481855869293213e-01
-9.157780408859252930e-01,-1.943839947382609123e+00,-2.550481855869293213e-01
-9.157780408859252930e-01,-2.138719956080118667e+00,-2.550481855869293213e-01
-9.157780408859252930e-01,-2.195559978485107422e+00,-2.550481855869293213e-01
-9.157780408859252930e-01,-2.349840084711710464e+00,-2.550481855869293213e-01
-9.157780408859252930e-01,-2.447280009587605942e+00,-2.550481855869293213e-01
-1.056885004043579102e+00,-1.748959978421529060e+00,-2.550481855869293213e-01
-1.056885004043579102e+00,-1.846400022506713867e+00,-2.550481855869293213e-01
-9.863315224647521973e-01,-1.992559989293416267e+00,-2.550481855869293213e-01
-9.863315224647521973e-01,-2.041280031204223633e+00,-2.550481855869293213e-01
-1.056885004043579102e+00,-2.252399841944376480e+00,-2.550481855869293213e-01
-1.056885004043579102e+00,-2.398560126622518052e+00,-2.550481855869293213e-01
-1.056885004043579102e+00,-2.447280009587605942e+00,-2.550481855869293213e-01
-1.127438545227050781e+00,-1.748959978421529060e+00,-2.550481855869293213e-01
-1.127438545227050781e+00,-1.846400022506713867e+00,-2.550481855869293213e-01
-1.127438545227050781e+00,-1.943839947382609123e+00,-2.550481855869293213e-01
-1.127438545227050781e+00,-2.089999993642171372e+00,-2.550481855869293213e-01
-1.127438545227050781e+00,-2.252399841944376480e+00,-2.550481855869293213e-01
-1.127438545227050781e+00,-2.301120042800903320e+00,-2.550481855869293213e-01
-1.197992205619812012e+00,-2.447280009587605942e+00,-2.550481855869293213e-01
-1.268545627593994141e+00,-1.797679980595906502e+00,-2.550481855869293213e-01
-1.268545627593994141e+00,-1.846400022506713867e+00,-2.550481855869293213e-01
-1.268545627593994141e+00,-1.992559989293416267e+00,-2.550481855869293213e-01
-1.268545627593994141e+00,-2.089999993642171372e+00,-2.550481855869293213e-01
-1.268545627593994141e+00,-2.252399841944376480e+00,-2.550481855869293213e-01
-1.268545627593994141e+00,-2.349840084711710464e+00,-2.550481855869293213e-01
-1.268545627593994141e+00,-2.406680107116699219e+00,-2.550481855869293213e-01
-1.409652709960937500e+00,-1.748959978421529060e+00,-2.550481855869293213e-01
-1.409652709960937500e+00,-1.846400022506713867e+00,-2.550481855869293213e-01
-1.409652709960937500e+00,-1.992559989293416267e+00,-2.550481855869293213e-01
-1.409652709960937500e+00,-2.138719956080118667e+00,-2.550481855869293213e-01
-1.339099287986755371e+00,-2.195559978485107422e+00,-2.550481855869293213e-01
-1.409652709960937500e+00,-2.349840084711710464e+00,-2.550481855869293213e-01
-1.409652709960937500e+00,-2.447280009587605942e+00,-2.550481855869293213e-01
-1.480206251144409180e+00,-1.797679980595906502e+00,-2.550481855869293213e-01
-1.550759792327880859e+00,-1.895120024681091309e+00,-2.550481855869293213e-01
-1.550759792327880859e+00,-1.992559989293416267e+00,-2.550481855869293213e-01
-1.550759792327880859e+00,-2.089999993642171372e+00,-2.550481855869293213e-01
-1.550759792327880859e+00,-2.252399841944376480e+00,-2.550481855869293213e-01
-1.550759792327880859e+00,-2.349840084711710464e+00,-2.550481855869293213e-01
-1.550759792327880859e+00,-2.447280049324035645e+00,-2.550481855869293213e-01
-1.621313333511352539e+00,-1.797679980595906502e+00,-2.550481855869293213e-01
-1.621313333511352539e+00,-1.895120024681091309e+00,-2.550481855869293213e-01
-1.621313333511352539e+00,-1.992559989293416267e+00,-2.550481855869293213e-01
-1.621313333511352539e+00,-2.138719956080118667e+00,-2.550481855869293213e-01
-1.621313333511352539e+00,-2.252399841944376480e+00,-2.550481855869293213e-01
-1.621313333511352539e+00,-2.398560126622518052e+00,-2.550481855869293213e-01
-1.621313333511352539e+00,-2.439159989356994629e+00,-2.550481855869293213e-01
-1.691866874694824219e+00,-1.797679980595906502e+00,-2.550481855869293213e-01
-1.691866874694824219e+00,-1.846400022506713867e+00,-2.550481855869293213e-01
-1.691866874694824219e+00,-1.992559989293416267e+00,-2.550481855869293213e-01
-1.691866874694824219e+00,-2.041280031204223633e+00,-2.550481855869293213e-01
-1.691866874694824219e+00,-2.252399841944376480e+00,-2.550481855869293213e-01
-1.691866874694824219e+00,-2.301120042800903320e+00,-2.550481855869293213e-01
-1.691866874694824219e+00,-2.447280009587605942e+00,-2.550481855869293213e-01
-1.853233218193054199e+00,-1.748959978421529060e+00,-2.703834772109985352e-01
-1.853233218193054199e+00,-1.846400022506713867e+00,-2.703834772109985352e-01
-1.853233218193054199e+00,-1.943839947382609123e+00,-2.703834772109985352e-01
-1.853233218193054199e+00,-2.041280031204223633e+00,-2.703834772109985352e-01
-1.853233218193054199e+00,-2.195559978485107422e+00,-2.703834772109985352e-01
-1.853233218193054199e+00,-2.349840084711710464e+00,-2.703834772109985352e-01
-1.853233218193054199e+00,-2.443220019340515137e+00,-2.703834772109985352e-01
-1.938364863395690918e+00,-1.748959978421529060e+00,-2.893617153167724609e-01
-1.938364863395690918e+00,-1.895120024681091309e+00,-2.893617153167724609e-01
-1.938364863395690918e+00,-1.943839947382609123e+00,-2.893617153167724609e-01
-1.938364863395690918e+00,-2.138719956080118667e+00,-2.893617153167724609e-01
-1.938364863395690918e+00,-2.195559978485107422e+00,-2.893617153167724609e-01
-1.938364863395690918e+00,-2.301120042800903320e+00,-2.893617153167724609e-01
-1.938364863395690918e+00,-2.447280009587605942e+00,-2.893617153167724609e-01
-2.051873763402303208e+00,-1.797679980595906502e+00,-3.146660327911376953e-01
-2.051873763402303208e+00,-1.846400022506713867e+00,-3.146660327911376953e-01
-2.051873763402303208e+00,-1.943839947382609123e+00,-3.146660327911376953e-01
-2.051873763402303208e+00,-2.138719956080118667e+00,-3.146660327911376953e-01
-2.049508988857269287e+00,-2.250369846820831299e+00,-3.141388595104217529e-01
-2.051873763402303208e+00,-2.398560126622518052e+00,-3.146660327911376953e-01
-2.051873763402303208e+00,-2.447280009587605942e+00,-3.146660327911376953e-01
-2.203219016393025864e+00,-1.748959978421529060e+00,-3.484051426251729144e-01
-2.203219016393025864e+00,-1.895120024681091309e+00,-3.484051426251729144e-01
-2.203219016393025864e+00,-1.992559989293416267e+00,-3.484051426251729144e-01
-2.200516428266252600e+00,-2.136399950299944006e+00,-3.478026560374668508e-01
-2.203219016393025864e+00,-2.252399841944376480e+00,-3.484051426251729144e-01
-2.203219016393025864e+00,-2.349840084711710464e+00,-3.484051426251729144e-01
-2.203219016393025864e+00,-2.447280009587605942e+00,-3.484051426251729144e-01
-2.297809680302937974e+00,-1.748959978421529060e+00,-3.694920738538106098e-01
-2.297809680302937974e+00,-1.846400022506713867e+00,-3.694920738538106098e-01
-2.295444905757904053e+00,-2.039250046014785767e+00,-3.689648993313312531e-01
-2.297809680302937974e+00,-2.138719956080118667e+00,-3.694920738538106098e-01
-2.297809680302937974e+00,-2.252399841944376480e+00,-3.694920738538106098e-01
-2.297809680302937974e+00,-2.398560126622518052e+00,-3.694920738538106098e-01
-2.297809680302937974e+00,-2.447280009587605942e+00,-3.694920738538106098e-01
-2.411318540573120117e+00,-1.797679980595906502e+00,-3.947964310646057129e-01
-2.411318540573120117e+00,-1.846400022506713867e+00,-3.947964310646057129e-01
-2.411318540573120117e+00,-1.943839947382609123e+00,-3.947964310646057129e-01
-2.411318540573120117e+00,-2.138719956080118667e+00,-3.947964310646057129e-01
-2.411318540573120117e+00,-2.195559978485107422e+00,-3.947964310646057129e-01
-2.411318540573120117e+00,-2.349840084711710464e+00,-3.947964310646057129e-01
-2.411318540573120117e+00,-2.447280009587605942e+00,-3.947964310646057129e-01
-2.553204655647277832e+00,-1.748959978421529060e+00,-4.264267981052398682e-01
-2.553204655647277832e+00,-1.895120024681091309e+00,-4.264267981052398682e-01
-2.553204655647277832e+00,-1.943839947382609123e+00,-4.264267981052398682e-01
-2.553204655647277832e+00,-2.041280031204223633e+00,-4.264267981052398682e-01
-2.553204655647277832e+00,-2.195559978485107422e+00,-4.264267981052398682e-01
-2.553204655647277832e+00,-2.301120042800903320e+00,-4.264267981052398682e-01
-2.553204655647277832e+00,-2.447280009587605942e+00,-4.264267981052398682e-01
-2.645903635025024236e+00,-1.745711994171142534e+00,-4.470920085906982533e-01
-2.647795438766479492e+00,-1.846400022506713867e+00,-4.475137442350387573e-01
-2.647795438766479492e+00,-1.992559989293416267e+00,-4.475137442350387573e-01
-2.647795438766479492e+00,-2.138719956080118667e+00,-4.475137442350387573e-01
-2.647795438766479492e+00,-2.252399841944376480e+00,-4.475137442350387573e-01
-2.647795438766479492e+00,-2.349840084711710464e+00,-4.475137442350387573e-01
-2.647795438766479492e+00,-2.447280009587605942e+00,-4.475137442350387573e-01
-2.763265607031908822e+00,-1.797679980595906502e+00,-4.735124685773343667e-01
-2.763230612783721174e+00,-1.895120024681091309e+00,-4.735035667139472215e-01
-2.763195618535533082e+00,-1.992559989293416267e+00,-4.734946646247849555e-01
-2.763143129421003152e+00,-2.138719956080118667e+00,-4.734813120554793864e-01
-2.763102302045532976e+00,-2.252399841944376480e+00,-4.734709265105652154e-01
-2.763084804469889022e+00,-2.301120042800903320e+00,-4.734664754659840824e-01
-2.763186337796043279e+00,-2.447280009587605942e+00,-4.734933139679583514e-01
-2.894512820914088458e+00,-1.797679980595906502e+00,-5.302649818989167985e-01
-2.894480737337625786e+00,-1.895120024681091309e+00,-5.302441249410789759e-01
-2.894448654239914820e+00,-1.992559989293416267e+00,-5.302232681029293015e-01
-2.894432614127316228e+00,-2.041280031204223633e+00,-5.302128392051023154e-01
-2.894493181072547383e+00,-2.252399841944376480e+00,-5.302548374006610388e-01
-2.894456951442117010e+00,-2.398560126622518052e+00,-5.302320440372306765e-01
-2.894444874422754665e+00,-2.447280009587605942e+00,-5.302244462890777221e-01
3.185351990576040571e+00,-1.690285321661751716e+00,-9.172604387251350744e-01
3.192501529686419648e+00,-1.748959978421529060e+00,-9.179456607770111187e-01
3.192502358987955535e+00,-1.797679980595906502e+00,-9.179273556405765921e-01
3.192503183799499489e+00,-1.846400022506713867e+00,-9.179090500551428944e-01
3.192504011305038691e+00,-1.895120024681091309e+00,-9.178907444697090856e-01
3.192504837014580765e+00,-1.943839947382609123e+00,-9.178724391087749179e-01
3.192505664071120908e+00,-1.992559989293416267e+00,-9.178541332988415791e-01
3.192499112547113604e+00,-2.041280031204223633e+00,-9.179789406083496139e-01
3.192499528663435449e+00,-2.089999993642171372e+00,-9.179652774155363515e-01
3.192499945672710115e+00,-2.138719956080118667e+00,-9.179516145575805641e-01
3.192500432220737761e+00,-2.195559978485107422e+00,-9.179356746124417432e-01
3.192500259370786075e+00,-2.252369372974417416e+00,-9.179663640249513534e-01
3.192499553191908923e+00,-2.349840084711710464e+00,-9.180250337343880407e-01
3.192499844592394442e+00,-2.398560126622518052e+00,-9.180067118727329722e-01
3.192500137788876646e+00,-2.447280009587605942e+00,-9.179883901233277799e-01
3.184293047653581343e+00,-2.493594611139975825e+00,-9.171589463325724445e-01
3.149535579097514137e+00,-1.684000015258789062e+00,-9.181948697361129730e-01
3.149535579097514137e+00,-2.496000051498413086e+00,-9.181948697361129730e-01
3.099645887296095026e+00,-1.684000015258789062e+00,-9.183683332409269262e-01
3.099645887296095026e+00,-2.496000051498413086e+00,-9.183683332409269262e-01
3.047296436665370756e+00,-1.748959978421529060e+00,-9.180527471629741365e-01
3.047295859263029705e+00,-1.797679980595906502e+00,-9.180623925692662501e-01
3.047290300798116025e+00,-2.398560126622518052e+00,-9.180376831465547616e-01
3.047289617781369309e+00,-2.447280009587605942e+00,-9.180440745263729330e-01
2.901250004768371582e+00,-1.796049986566816026e+00,-9.851502180099487305e-01
2.900889835788705184e+00,-2.383227223056858080e+00,-9.865081801926348648e-01
2.851691168897292350e+00,-1.795755280729602443e+00,-9.851502180099487305e-01
2.851249992847442627e+00,-2.383093436559041489e+00,-9.864855474895901644e-01
2.809999942779541016e+00,-1.796049986566816026e+00,-9.176802294594901266e-01
2.809999942779541016e+00,-1.844037946532754324e+00,-9.180872878607582166e-01
2.802197956703078585e+00,-2.383871652710605638e+00,-9.179570779833995386e-01
2.750972374519353725e+00,-1.746107809874211991e+00,-9.187296031156358955e-01
2.748450789121117843e+00,-2.390000104904174805e+00,-9.181342502631762992e-01
2.652297981714798247e+00,-1.771000027656555176e+00,-9.210102911722861663e-01
2.699384586310681122e+00,-2.390000104904174805e+00,-9.190694064269830932e-01
2.600271983146667409e+00,-1.771000027656555176e+00,-9.171746945381165084e-01
2.600271983146667409e+00,-2.390000104904174805e+00,-9.171746945381165084e-01
2.550121326072543493e+00,-1.771000027656555176e+00,-9.182046301224652263e-01
2.550121326072543493e+00,-2.390000104904174805e+00,-9.182046301224652263e-01
2.504769623279571533e+00,-1.771000027656555176e+00,-9.213427640497684479e-01
2.504490986466407776e+00,-2.390000104904174805e+00,-9.213086180388927460e-01
2.450412805263812555e+00,-1.771000027656555176e+00,-9.197654219774099582e-01
2.401230923334757517e+00,-1.771000027656555176e+00,-9.171295166015625000e-01
2.448978515771718989e+00,-2.390000104904174805e+00,-9.195897074846121066e-01
2.354014873504638672e+00,-1.771000027656555176e+00,-9.681504368782043457e-01
2.399797729083469999e+00,-2.390000104904174805e+00,-9.185274711677006154e-01
2.301513910293579102e+00,-1.771000027656555176e+00,-9.144041813336886149e-01
2.346711984047523014e+00,-2.390000104904174805e+00,-9.180762217595026531e-01
2.293500471115112127e+00,-2.390000104904174805e+00,-9.722164750099182573e-01
2.244091398575726704e+00,-1.771000027656555176e+00,-9.233144977513481066e-01
2.201683823267619022e+00,-2.390000104904174805e+00,-9.212407708168030007e-01
2.152824223041534424e+00,-1.771000027656555176e+00,-9.143578931689262390e-01
2.102774477005004972e+00,-1.771000027656555176e+00,-9.181950062513350996e-01
2.146736065546671401e+00,-2.390000104904174805e+00,-9.155669344796074638e-01
2.053836870193481268e+00,-1.771000027656555176e+00,-9.206238627433777078e-01
2.096783578395843506e+00,-2.390000104904174805e+00,-9.170486740767955780e-01
2.000712128246531663e+00,-1.771000027656555176e+00,-9.162918399362003363e-01
2.000240765511989594e+00,-2.390000104904174805e+00,-9.192101247608661652e-01
1.952625155448913574e+00,-1.771000027656555176e+00,-9.164764434099197388e-01
1.902575373649597168e+00,-1.771000027656555176e+00,-9.203135490417480025e-01
1.946926027536392212e+00,-2.390000104904174805e+00,-9.148540981113910675e-01
1.846895114883132516e+00,-1.791919171810150146e+00,-9.226591353831083975e-01
1.802639961242675781e+00,-1.814760175618258309e+00,-9.186838052489540996e-01
1.808893442153930664e+00,-2.354605177353168433e+00,-9.210483678456010681e-01
1.758160521586735969e+00,-1.815000176429748535e+00,-9.152867272496223450e-01
1.756122055980894325e+00,-2.345000028610229492e+00,-9.150999801026450386e-01
1.701007655688694609e+00,-1.815000176429748535e+00,-9.188267205442700591e-01
1.700266420841217041e+00,-2.345000028610229492e+00,-9.180161096155643463e-01
1.649095344543457076e+00,-1.815000176429748535e+00,-9.188267191251119348e-01
1.649916509787241692e+00,-2.345000028610229492e+00,-9.179343514972262419e-01
1.598973072492159364e+00,-1.815000176429748535e+00,-9.188267175967876899e-01
1.599049186706543058e+00,-2.345000028610229492e+00,-9.176269729932149399e-01
1.500427101339612657e+00,-1.815000176429748535e+00,-9.178309653486523834e-01
1.549866557121276855e+00,-2.345000028610229492e+00,-9.169156774878501892e-01
1.450488030910491943e+00,-1.815000176429748535e+00,-9.198224714824131398e-01
1.498981542057461258e+00,-2.345000028610229492e+00,-9.187741478284200403e-01
1.401887499369107726e+00,-1.815000176429748535e+00,-9.198990693459143664e-01
1.449225544929504395e+00,-2.345000028610229492e+00,-9.196413954099019739e-01
1.399810992181301117e+00,-2.345000028610229492e+00,-9.190704710781574249e-01
1.347216447194417244e+00,-1.815000176429748535e+00,-9.176650072137514380e-01
1.349193274974822998e+00,-2.345000028610229492e+00,-9.164568744599819183e-01
1.250759560779100221e+00,-1.796669588321465394e+00,-9.188267191251119348e-01
1.280866329796648273e+00,-1.814648342209353782e+00,-9.188267191251119348e-01
1.252957038581371307e+00,-2.345000028610229492e+00,-9.182483553886413574e-01
1.235350391803643699e+00,-1.761878574760551208e+00,-9.188267191251119348e-01
1.203539089152687369e+00,-2.341657902065076513e+00,-9.126757916651273561e-01
1.189237713813781738e+00,-1.741750001907348633e+00,-9.139568172395229340e-01
1.099529822667439705e+00,-1.741750001907348633e+00,-9.440000057220458984e-01
1.091232089853998444e+00,-1.760711691272792478e+00,-8.987812586684724714e-01
1.075519693747140293e+00,-2.333073809027611745e+00,-9.184240875610382160e-01
1.061181596229301860e+00,-2.353971618189356185e+00,-9.213326179347397504e-01
1.048268218835194832e+00,-1.741750001907348633e+00,-9.440000057220458984e-01
1.001043809639228677e+00,-1.760336467197963106e+00,-8.989263176918029785e-01
1.033491778000778405e+00,-2.374163536397669638e+00,-9.221863412580936226e-01
9.515245682314822373e-01,-1.760601098913895379e+00,-8.988240129069278161e-01
9.667781077671530054e-01,-2.346351648527955636e+00,-9.169597030791611925e-01
9.862600148823851276e-01,-2.363548088530914359e+00,-9.247867380003089721e-01
9.030269483725229529e-01,-1.741750001907348633e+00,-9.440000057220458984e-01
9.030269483725229529e-01,-2.300549983978271484e+00,-9.440000057220458984e-01
8.517653246720632287e-01,-1.741750001907348633e+00,-9.440000057220458984e-01
8.517653246720632287e-01,-2.300549983978271484e+00,-9.440000057220458984e-01
8.005037208398183557e-01,-1.741750001907348633e+00,-9.440000057220458984e-01
8.022124409675598367e-01,-2.300549983978271484e+00,-9.440000057220458984e-01
7.620574831962585449e-01,-1.741750001907348633e+00,-9.151585459709167258e-01
7.620574831962585449e-01,-2.300549983978271484e+00,-9.163602739572525024e-01
7.040405595831299435e-01,-1.751661984935371841e+00,-9.188267191251119348e-01
7.451483739746941337e-01,-2.339355548222859849e+00,-9.130221406618753699e-01
6.680735871014513716e-01,-1.779343554138267169e+00,-9.188267191251119348e-01
6.555301547050476074e-01,-2.345000028610229492e+00,-9.151585459709167258e-01
5.950015783309936523e-01,-1.779999852180480957e+00,-9.188267191251119348e-01
5.946573615074157715e-01,-2.345000028610229492e+00,-9.151585459709167258e-01
5.420016050338745117e-01,-1.779999852180480957e+00,-9.188267191251119348e-01
5.490027666091918945e-01,-2.345000028610229492e+00,-9.151585459709167258e-01
4.890016168355941772e-01,-1.779999852180480957e+00,-9.188267191251119348e-01
4.981185679252331244e-01,-2.345000028610229492e+00,-9.638083623005793132e-01
4.492516219615936279e-01,-1.779999852180480957e+00,-9.188267191251119348e-01
4.424754083156585693e-01,-2.345000028610229492e+00,-9.151585459709167258e-01
3.565016537904739380e-01,-1.779999852180480957e+00,-9.188267191251119348e-01
3.968208134174346924e-01,-2.345000028610229492e+00,-9.151585459709167258e-01
3.035016506910324097e-01,-1.779999852180480957e+00,-9.188267191251119348e-01
2.505016624927520752e-01,-1.779999852180480957e+00,-9.188267191251119348e-01
2.902934402227401733e-01,-2.345000028610229492e+00,-9.151585459709167258e-01
2.446388602256774902e-01,-2.345000028610229492e+00,-9.151585459709167258e-01
1.975016742944717407e-01,-1.779999852180480957e+00,-9.188267191251119348e-01
1.533296853303909302e-01,-2.345000028610229492e+00,-9.151585459709167258e-01
1.445016786456108093e-01,-1.779999852180480957e+00,-9.188267191251119348e-01
1.076751016080379486e-01,-2.345000028610229492e+00,-9.151585459709167258e-01
9.150169044733047485e-02,-1.779999852180480957e+00,-9.188267191251119348e-01
3.850170131772756577e-02,-1.779999852180480957e+00,-9.188267191251119348e-01
4.680231958627700806e-02,-2.345000028610229492e+00,-9.151585459709167258e-01
-1.248290995135903358e-03,-1.779999852180480957e+00,-9.188267191251119348e-01
-4.450684878975152969e-02,-2.345000028610229492e+00,-9.151585459709167258e-01
-9.399827197194099426e-02,-1.779999852180480957e+00,-9.188267191251119348e-01
-1.469982638955116272e-01,-1.779999852180480957e+00,-9.188267191251119348e-01
-1.053796298801898956e-01,-2.345000028610229492e+00,-9.151585459709167258e-01
-1.999982520937919617e-01,-1.779999852180480957e+00,-9.188267191251119348e-01
-1.510342061519622803e-01,-2.345000028610229492e+00,-9.151585459709167258e-01
-2.013391542893189778e-01,-2.345000028610229492e+00,-9.697508811950683594e-01
-2.529982328414916992e-01,-1.779999852180480957e+00,-9.223118573427200317e-01
-2.575615867972373962e-01,-2.345000028610229492e+00,-9.151585459709167258e-01
-3.086482346057891624e-01,-1.779999852180480957e+00,-9.160386085510253684e-01
-3.488707542419433594e-01,-2.345000028610229492e+00,-9.151585459709167258e-01
-3.987482190132141113e-01,-1.779999852180480957e+00,-9.188267191251119348e-01
-4.384981989860534668e-01,-1.779999852180480957e+00,-9.188267191251119348e-01
-4.097435325384140015e-01,-2.345000028610229492e+00,-9.151585459709167258e-01
-4.914982169866561890e-01,-1.779999852180480957e+00,-9.188267191251119348e-01
-4.553981423377990723e-01,-2.345000028610229492e+00,-9.151585459709167258e-01
-5.444981753826141357e-01,-1.779999852180480957e+00,-9.188267191251119348e-01
-5.010526925325393677e-01,-2.345000028610229492e+00,-9.151585459709167258e-01
-5.974981784820556641e-01,-1.779999852180480957e+00,-9.188267191251119348e-01
-5.906709565056694755e-01,-2.345000028610229492e+00,-9.172949526045057755e-01
-6.046686047001889053e-01,-2.345000028610229492e+00,-1.012346299071060995e+00
-6.838918080729384785e-01,-1.775419084464802566e+00,-9.188267191251119348e-01
-6.988891959190368652e-01,-2.345000028610229492e+00,-9.127551019191741943e-01
-7.065373559999367226e-01,-1.751659953833782923e+00,-9.188267191251119348e-01
-7.445438504219055176e-01,-2.338649988174438477e+00,-9.103516340255737305e-01
-7.597620487213134766e-01,-1.741749882698059082e+00,-9.151585459709167258e-01
-8.499080439408620569e-01,-1.741749882698059082e+00,-9.440000057220458984e-01
-8.499080439408620569e-01,-2.300549983978271484e+00,-9.440000057220458984e-01
-9.014200766881307336e-01,-1.741749882698059082e+00,-9.440000057220458984e-01
-9.014200766881307336e-01,-2.300549983978271484e+00,-9.440000057220458984e-01
-9.515245682314822373e-01,-1.760601098913895379e+00,-8.988240129069278161e-01
-9.654713797900645877e-01,-2.344743440126656253e+00,-9.208712542117591937e-01
-9.859381195160706879e-01,-2.364764460883652220e+00,-9.218877585253427709e-01
-1.000151419639587314e+00,-1.741749882698059082e+00,-9.440000057220458984e-01
-1.049397292957511052e+00,-1.760480251363528703e+00,-8.990137865466456546e-01
-1.033405036697311985e+00,-2.374177154826300207e+00,-9.225632574410509434e-01
-1.091232089853998444e+00,-1.760711691272792478e+00,-8.987812586684724714e-01
-1.075558679281775731e+00,-2.332966142910629870e+00,-9.136811153568438204e-01
-1.057795371835893228e+00,-2.356536216856096821e+00,-9.213910318338844885e-01
-1.148555142538888019e+00,-1.740842739741007561e+00,-9.440000057220458984e-01
-1.100377245860941322e+00,-2.343879433239207444e+00,-9.638541481074165418e-01
-1.189028859138488770e+00,-1.741749882698059082e+00,-9.139568172395229340e-01
-1.189028859138488770e+00,-2.300549983978271484e+00,-9.151585459709167258e-01
-1.244944834990048710e+00,-1.751627600531733275e+00,-9.188267191251119348e-01
-1.201169766485691071e+00,-2.341031253337860107e+00,-9.097310192883014679e-01
-1.266825631941488561e+00,-1.775119273609276238e+00,-9.188267191251119348e-01
-1.252657091617584317e+00,-2.345000028610229492e+00,-9.184420645236969216e-01
-1.349664974212646529e+00,-2.345000028610229492e+00,-9.180545270442962424e-01
-1.350416432727467031e+00,-1.779999852180480957e+00,-9.188267191251119348e-01
-1.399602615833282382e+00,-2.345000028610229492e+00,-9.192548215389251265e-01
-1.448436193996005539e+00,-1.779999852180480957e+00,-9.188267191251119348e-01
-1.449149754312303306e+00,-2.345000028610229492e+00,-9.156232277552286414e-01
-1.499856417829340094e+00,-1.779999852180480957e+00,-9.188267191251119348e-01
-1.499218093024359710e+00,-2.345000028610229492e+00,-9.663298130035400391e-01
-1.538461841069735048e+00,-1.775241154890794038e+00,-9.188267191251119348e-01
-1.548693627119064331e+00,-2.345000028610229492e+00,-9.157788902521133423e-01
-1.598948764078544915e+00,-1.745510267488884271e+00,-9.182221022519198028e-01
-1.561528101563453674e+00,-1.763903461396694183e+00,-9.170676283538341522e-01
-1.598121356964111284e+00,-2.345000028610229492e+00,-9.192154943943023904e-01
-1.634397625923156738e+00,-1.728086221218109175e+00,-9.153757393360137939e-01
-1.602685557471381195e+00,-2.345000028610229492e+00,-9.677708877457512626e-01
-1.663000518625432855e+00,-1.714027090506120121e+00,-9.194673950021917674e-01
-1.697469313939412361e+00,-2.345000028610229492e+00,-9.162463545799255371e-01
-1.737640102704365974e+00,-1.677339831988016838e+00,-9.182761510213216516e-01
-1.748470263047651851e+00,-2.345000028610229492e+00,-9.183701385151256114e-01
-1.762847334146499634e+00,-1.664949834346771240e+00,-9.182761510213216516e-01
-1.751246440410614058e+00,-2.345000028610229492e+00,-9.697496235370636208e-01
-1.838469028472900391e+00,-1.627779920895894294e+00,-9.182761510213216516e-01
-1.848917921384175544e+00,-2.345000028610229492e+00,-9.177948302692837679e-01
-1.863676249980926514e+00,-1.615389913320541382e+00,-9.182761510213216516e-01
-1.896898998154534333e+00,-2.345000028610229492e+00,-9.179022709528604773e-01
-1.904479646682739169e+00,-1.603707933425903231e+00,-9.182761510213216516e-01
-1.948290543122725094e+00,-2.345000028610229492e+00,-9.172782139344648478e-01
-1.999621367454528897e+00,-1.602999925613403320e+00,-9.182761510213216516e-01
-1.953563796149359710e+00,-2.345000028610229492e+00,-9.709752599398294715e-01
-2.046471913655599106e+00,-1.602999925613403320e+00,-9.182761510213216516e-01
-2.002115404605865567e+00,-2.345000028610229492e+00,-9.167940199375153032e-01
-2.097581664721170913e+00,-1.602999925613403320e+00,-9.182761510213216516e-01
-2.099261373281478882e+00,-2.345000028610229492e+00,-9.140832722187042236e-01
-2.147438848719877225e+00,-1.602999925613403320e+00,-9.190469559501198704e-01
-2.151286461774040593e+00,-2.345000028610229492e+00,-9.185540045008939725e-01
-2.201969992030750500e+00,-1.602999925613403320e+00,-9.152829213575883749e-01
-2.200304349263509263e+00,-2.345000028610229492e+00,-9.154719412326812744e-01
-2.298118412494659424e+00,-1.602999925613403320e+00,-9.176607976357141760e-01
-2.251000572653377940e+00,-2.345000028610229492e+00,-9.182211616460014270e-01
-2.314627396055014774e+00,-2.342426837208759327e+00,-9.204796610108341159e-01
-2.350304713616004459e+00,-1.602999925613403320e+00,-9.155718959294832926e-01
-2.356930495905024792e+00,-2.300309956073760986e+00,-9.179682835404362473e-01
-2.356931181624531746e+00,-2.395190000534057617e+00,-9.179912129017923084e-01
-2.356931523552962648e+00,-2.442629933357238770e+00,-9.180026777487780842e-01
-2.397230954224619293e+00,-2.496000051498413086e+00,-9.161338171578178313e-01
-2.448776245117187500e+00,-1.602999925613403320e+00,-9.155709743499755859e-01
-2.445976949229682784e+00,-2.496000051498413086e+00,-9.677609358866190448e-01
-2.493589418275015568e+00,-2.496000051498413086e+00,-9.119460641273430257e-01
-2.505795985460281372e+00,-1.602999925613403320e+00,-9.232869371771812439e-01
-2.545756183686803453e+00,-2.496000051498413086e+00,-9.605461615519444996e-01
-2.572999954223632812e+00,-1.566124686546493061e+00,-8.970164203504372713e-01
-2.599079401596732897e+00,-2.496000051498413086e+00,-9.195299690616303145e-01
-2.649999983170453266e+00,-1.557252868666978207e+00,-9.028379270792616929e-01
-2.642632477319062811e+00,-2.496000051498413086e+00,-9.080425331841653902e-01
-2.699818358421325559e+00,-2.496000051498413086e+00,-9.179412841796874556e-01
-2.726999998092651367e+00,-1.566124686546493061e+00,-8.970164203504372713e-01
-2.749726819057090488e+00,-2.496000051498413086e+00,-9.184952565267974212e-01
-2.797831311458494508e+00,-1.602999925613403320e+00,-9.170983244733112993e-01
-2.799663567543029696e+00,-2.496000051498413086e+00,-9.180007898807525102e-01
-2.849710216522217010e+00,-2.496000051498413086e+00,-9.181031024456024481e-01
-2.850171170736614190e+00,-1.602999925613403320e+00,-9.170428632121336854e-01
-2.942643775939941531e+00,-1.606599915027618453e+00,-9.181523871421813920e-01
-2.947589160547053666e+00,-2.444597158137245874e+00,-9.181638324713599086e-01
-2.902235061472112410e+00,-2.496000051498413086e+00,-9.150598298419605481e-01
-2.951326695355501961e+00,-1.647415452189259666e+00,-9.202674642785803050e-01
-2.999704945651896271e+00,-1.684000015258789062e+00,-9.179013897964086732e-01
-2.954014918571175929e+00,-1.748723822744336243e+00,-9.182820788508597731e-01
-2.999704945651896271e+00,-2.496000051498413086e+00,-9.179013897964086732e-01
-3.049814505272723242e+00,-1.684000015258789062e+00,-9.678813172147628929e-01
-3.089040354671685584e+00,-1.688792580690072986e+00,-9.180044237686240116e-01
-3.099544390349976641e+00,-1.748959978421529060e+00,-9.179848542310037329e-01
-3.099545218009316372e+00,-1.797679980595906502e+00,-9.179673259649048234e-01
-3.099546046546809652e+00,-1.846400022506713867e+00,-9.179497976988060248e-01
-3.099546874645226158e+00,-1.895120024681091309e+00,-9.179322696522455027e-01
-3.099540820051899015e+00,-1.943839947382609123e+00,-9.180550378757518226e-01
-3.099541242742712921e+00,-1.992559989293416267e+00,-9.180419530187334809e-01
-3.099541664996863233e+00,-2.041280031204223633e+00,-9.180288677250508789e-01
-3.099541626501520764e+00,-2.089970195402792719e+00,-9.180613445579458576e-01
-3.099541045025567154e+00,-2.138719956080118667e+00,-9.181368889949159673e-01
-3.099541400677591430e+00,-2.195559978485107422e+00,-9.181164199311430130e-01
-3.099541757646845141e+00,-2.252399841944376480e+00,-9.180959508124855173e-01
-3.099542371036817734e+00,-2.349840084711710464e+00,-9.180608602518535166e-01
-3.099542676195035984e+00,-2.398560126622518052e+00,-9.180433154106140137e-01
-3.099542982231406896e+00,-2.447280009587605942e+00,-9.180257705693745107e-01
-3.087894363529787078e+00,-2.494228224067389199e+00,-9.180065595363550157e-01
